# address	flags	name   (generated by lifted_oracle_plan.py)
0x00401000	ok	??0StringStruct@@QAE@H@Z
0x00401060	indirect	?close@StringStruct@@QAEXXZ
0x00401100	extcall,iat,indirect,undef=4	?add@StringStruct@@QAEHH@Z
0x00401520	extcall,iat,indirect,undef=4	sub_401520
0x00401560	undef=4	?seek_id@StringStruct@@QAEHH@Z
0x004015b0	extcall,undef=4	?seek_pos@StringStruct@@QAEHH@Z
0x00401640	undef=4	?current_id@StringStruct@@QAEHXZ
0x00401660	ok	??0ServiceStruct@@QAE@H@Z
0x004016c0	indirect	?close@ServiceStruct@@QAEXXZ
0x00401760	extcall,iat,indirect,undef=4	?add@ServiceStruct@@QAEHH@Z
0x00401b80	ok	sub_401b80
0x00401be0	indirect	sub_401be0
0x00401c80	ok	SessionStruct::SessionStruct
0x00401ce0	indirect	SessionStruct::close
0x00401d80	extcall,fs,iat,indirect,undef=4	sub_401d80
0x00402310	ok	sub_402310
0x00402320	extcall,iat,indirect,undef=4	sub_402320
0x00402350	extcall,fs,iat,indirect,undef=4	sub_402350
0x004023a0	extcall,fs,indirect,undef=4	sub_4023a0
0x00402500	undef=4	?next_entry@StringStruct@@QAEHXZ
0x00402530	undef=4	?current_entry@StringStruct@@QAEHXZ
0x00402550	extcall,iat,indirect,undef=4	SpriteStruct::add
0x00402970	indirect,undef=4	StringStruct::remove_all
0x004029f0	extcall,iat,indirect,undef=4	??1StringStruct@@QAE@H@Z
0x00402a60	extcall,iat,indirect,undef=4	ServiceStruct::dt
0x00402ad0	extcall,iat,indirect,undef=4	sub_402ad0
0x00402b40	extcall,iat,indirect,undef=4	SessionStruct::dt
0x00402bb0	extcall,iat,indirect,undef=4	sub_402bb0
0x00402c20	extcall,iat,indirect,undef=4	sub_402c20
0x00402c70	extcall,iat,indirect,undef=4	sub_402c70
0x00402cc0	extcall,fs,iat,indirect,undef=4	sub_402cc0
0x00402d10	ok	sub_402d10
0x00402d80	extcall,iat,indirect,undef=4	sub_402d80
0x00402dd0	extcall,fs,indirect	sub_402dd0
0x00402ee0	indirect	sub_402ee0
0x00402f10	extcall,fs,indirect	??__Eg_ALPHAMENU_WAVE@@YAXXZ
0x00402f30	extcall,fs,iat,indirect	??__Fg_ALPHAMENU_WAVE@@YAXXZ
0x00402f40	extcall,fs,iat,indirect,undef=4,x87	?init@AlphaMenu@@QAEHPAUWin@@@Z
0x004031a0	extcall,iat,indirect,undef=4	?compute@AlphaMenu@@QAEXXZ
0x004032a0	indirect	?adjust@AlphaMenu@@QAEXXZ
0x00403340	extcall,fs,iat,indirect,x87	?on_redraw@AlphaMenu@@QAEXXZ
0x00403550	extcall,fs,iat,indirect,x87	?on_mouse_move@AlphaMenu@@QAEXHH@Z
0x00403610	undef=4	?requested_height@AlphaMenu@@QAEHXZ
0x00403620	ok	?on_adjust_pulldown_pos@AlphaMenu@@QAEXPAHPAH@Z
0x00403680	extcall,fs,iat,indirect,undef=4,x87	?show@AlphaMenu@@QAEXXZ
0x00403830	extcall,fs,iat,indirect,undef=4,x87	?hide@AlphaMenu@@QAEXXZ
0x00403af0	extcall,fs,iat,indirect,x87	?fill_func@AlphaMenu@@QAAHPAUGraphicWin@@HPAURECT@@@Z
0x00403b70	extcall,fs,iat,indirect,x87	?backfill_func@AlphaMenu@@QAAHPAUGraphicWin@@@Z
0x00403ba0	extcall,fs,iat,indirect,undef=4,x87	?amovie_project@@YAXH@Z
0x00403be0	extcall,fs,iat,indirect,x87	?amovie_project@@YAXPAD@Z
0x00404010	extcall,fs,iat,indirect,x87	??0AlphaMovie@@QAE@XZ
0x00404070	extcall,fs,iat,indirect,undef=4,x87	?exec@AlphaMovie@@QAEHPAD@Z
0x004041c0	ok	?on_modal@AlphaMovie@@QAE_NXZ
0x004041e0	extcall,fs,iat,indirect,x87	?close@AlphaMovie@@QAEXXZ
0x00404200	ok	?UNK1@AlphaMovie@@QAEXXZ
0x00404210	indirect	?on_key_click@AlphaMovie@@QAEHHH@Z
0x00404220	undef=4	?UNK2@AlphaMovie@@QAEHHHH@Z
0x00404230	ok	?UNK3@AlphaMovie@@QAEHH@Z
0x00404240	undef=4	?UNK4@AlphaMovie@@QAEHHHHH@Z
0x00404250	undef=4	?UNK5@AlphaMovie@@QAEHH@Z
0x00404260	ok	?UNK6@AlphaMovie@@QAEXHH@Z
0x00404270	ok	?UNK6@AlphaMovie@@QAEXH@Z
0x00404280	ok	?UNK7@AlphaMovie@@QAEXXZ
0x00404290	extcall,fs,iat,indirect,x87	?update@AlphaMovie@@QAEXXZ
0x004042a0	ok	?UNK8@AlphaMovie@@QAEHHH@Z
0x004042b0	ok	sub_4042b0
0x004042c0	extcall,fs,iat,indirect	??1MCIVideo@@QAE@XZ
0x00404310	extcall,fs,iat,indirect,x87	??1AlphaMovie@@QAE@XZ
0x004043a0	extcall,fs,iat,indirect,undef=4,x87	??_GAlphaMovie@@UAEPAXI@Z
0x004043d0	extcall,fs,iat,indirect,x87	??1UV2Player@@QAE@XZ
0x00404420	ok	sub_404420
0x00404430	extcall,fs,iat,indirect,x87	??3AlphaMovie@@SAXPAXI@Z
0x00404440	extcall	??__Eg_UNUSED_SPRITE_VAR02@@YAXXZ
0x00404460	extcall,iat,indirect	??__Fg_UNUSED_SPRITE_VAR02@@YAXXZ
0x00404470	extcall	??__Eg_UNUSED_SPRITE_VAR11@@YAXXZ
0x00404490	extcall,iat,indirect	??__Fg_UNUSED_SPRITE_VAR11@@YAXXZ
0x004044a0	extcall	??__Eg_UNUSED_SPRITE_VAR06@@YAXXZ
0x004044c0	extcall,iat,indirect	??__Fg_UNUSED_SPRITE_VAR06@@YAXXZ
0x004044d0	extcall	??__Eg_UNUSED_SPRITE_VAR09@@YAXXZ
0x004044f0	extcall,iat,indirect	??__Fg_UNUSED_SPRITE_VAR09@@YAXXZ
0x00404500	extcall	??__Eg_UNUSED_SPRITE_VAR21@@YAXXZ
0x00404520	extcall,iat,indirect	??__Fg_UNUSED_SPRITE_VAR21@@YAXXZ
0x00404530	extcall	??__Eg_UNUSED_SPRITE_VAR05@@YAXXZ
0x00404550	extcall,iat,indirect	??__Fg_UNUSED_SPRITE_VAR05@@YAXXZ
0x00404560	extcall	??__Eg_UNUSED_SPRITE_VAR08@@YAXXZ
0x00404580	extcall,iat,indirect	??__Fg_UNUSED_SPRITE_VAR08@@YAXXZ
0x00404590	extcall	??__Eg_UNUSED_SPRITE_VAR04@@YAXXZ
0x004045b0	extcall,iat,indirect	??__Fg_UNUSED_SPRITE_VAR04@@YAXXZ
0x004045c0	extcall	??__Eg_UNUSED_SPRITE_VAR01@@YAXXZ
0x004045e0	extcall,iat,indirect	??__Fg_UNUSED_SPRITE_VAR01@@YAXXZ
0x004045f0	extcall	??__Eg_UNUSED_SPRITE_VAR18@@YAXXZ
0x00404610	extcall,iat,indirect	??__Fg_UNUSED_SPRITE_VAR18@@YAXXZ
0x00404620	extcall	??__Eg_UNUSED_SPRITE_VAR03@@YAXXZ
0x00404640	extcall,iat,indirect	??__Fg_UNUSED_SPRITE_VAR03@@YAXXZ
0x00404650	extcall	??__Eg_UNUSED_SPRITE_VAR20@@YAXXZ
0x00404670	extcall,iat,indirect	??__Fg_UNUSED_SPRITE_VAR20@@YAXXZ
0x00404680	extcall	??__Eg_UNUSED_SPRITE_VAR16@@YAXXZ
0x004046a0	extcall,iat,indirect	??__Fg_UNUSED_SPRITE_VAR16@@YAXXZ
0x004046b0	extcall	??__Eg_UNUSED_SPRITE_VAR14@@YAXXZ
0x004046d0	extcall,iat,indirect	??__Fg_UNUSED_SPRITE_VAR14@@YAXXZ
0x004046e0	extcall	??__Eg_UNUSED_SPRITE_VAR22@@YAXXZ
0x00404700	extcall,iat,indirect	??__Fg_UNUSED_SPRITE_VAR22@@YAXXZ
0x00404710	extcall	??__Eg_UNUSED_SPRITE_VAR10@@YAXXZ
0x00404730	extcall,iat,indirect	??__Fg_UNUSED_SPRITE_VAR10@@YAXXZ
0x00404740	extcall	??__Eg_UNUSED_SPRITE_VAR15@@YAXXZ
0x00404760	extcall,iat,indirect	??__Fg_UNUSED_SPRITE_VAR15@@YAXXZ
0x00404770	extcall	??__Eg_UNUSED_SPRITE_VAR13@@YAXXZ
0x00404790	extcall,iat,indirect	??__Fg_UNUSED_SPRITE_VAR13@@YAXXZ
0x004047a0	extcall	??__Eg_UNUSED_SPRITE_VAR17@@YAXXZ
0x004047c0	extcall,iat,indirect	??__Fg_UNUSED_SPRITE_VAR17@@YAXXZ
0x004047d0	extcall	??__Eg_UNUSED_SPRITE_VAR19@@YAXXZ
0x004047f0	extcall,iat,indirect	??__Fg_UNUSED_SPRITE_VAR19@@YAXXZ
0x00404800	extcall	??__Eg_UNUSED_SPRITE_VAR12@@YAXXZ
0x00404820	extcall,iat,indirect	??__Fg_UNUSED_SPRITE_VAR12@@YAXXZ
0x00404830	extcall	??__Eg_UNUSED_SPRITE_VAR07@@YAXXZ
0x00404850	extcall,iat,indirect	??__Fg_UNUSED_SPRITE_VAR07@@YAXXZ
0x00404860	extcall,fs,iat,indirect,x87	?sprite_draw_func@@YAXPAUSprite@@PAUGraphicWin@@HHH@Z
0x004048a0	extcall,fs,iat,indirect,x87	??0Popup@@QAE@XZ
0x00404900	extcall,fs,iat,indirect,x87	?close@Popup@@QAEXXZ
0x00404920	extcall,fs,iat,indirect,undef=4,x87	?show@Popup@@QAEXH@Z
0x00404a80	extcall,fs,iat,indirect,undef=4,x87	?hide@Popup@@QAEXXZ
0x00404b00	extcall,fs,iat,indirect,x87	?on_redraw@Popup@@QAEXXZ
0x00404b10	extcall,iat,indirect,undef=4	?calculate_dimensions@Popup@@QAEHXZ
0x00404ef0	indirect,undef=4	?on_post_window_init@Popup@@QAEXXZ
0x00404f80	ok	?on_redraw_nc@Popup@@QAEXPAURECT@@H@Z
0x00404f90	ok	?on_nc_hittest@Popup@@QAEHHH@Z
0x00404fb0	extcall,fs,iat,indirect,x87	?alloc@Popup@@QAAHXZ
0x00405020	ok	?on_adjust_button_width@Popup@@QAEXXZ
0x00405050	undef=4	?on_adjust_button_placement@Popup@@QAEXPAH00@Z
0x004050a0	extcall,iat,indirect,undef=4	?on_link_clicked@Popup@@QAEHHPAD@Z
0x00405140	extcall,fs,iat,indirect,undef=4,x87	?POP2@@YAHPBDPBDH@Z
0x004055a0	extcall,fs,iat,indirect,undef=4,x87	?POP3@@YAXPBDPBDHHH@Z
0x00405910	extcall,fs,iat,indirect,undef=4,x87	?on_exec@Popup@@QAEHXZ
0x00405b10	undef=4	?on_dialog_back_draw@Popup@@QAEHPAUGraphicWin@@@Z
0x00405b20	extcall,fs,iat,indirect,undef=4,x87	?on_dialog_item_back_draw@Popup@@QAEHPAUGraphicWin@@HHPAURECT@@@Z
0x00405c80	extcall,fs,iat,indirect,undef=4,x87	?on_draw_background@Popup@@QAEHXZ
0x00406260	extcall,fs,iat,indirect,undef=4,x87	?on_listbox_scroll_create@Popup@@QAEHXZ
0x00406330	extcall,fs,iat,indirect,undef=4,x87	?on_listbox_scroll_delete@Popup@@QAEHPAUScroll@@@Z
0x00406380	extcall,fs,iat,indirect,undef=4,x87	?start@Popup@@QAEXPADPBDHPADHPAUGraphicWin@@@Z
0x004064d0	extcall,fs,iat,indirect,x87	??1BasePop@@QAE@XZ
0x00406670	extcall,fs,iat,indirect,undef=4	sub_406670
0x004066c0	extcall,fs,indirect,undef=4	sub_4066c0
0x00406820	extcall,fs,indirect	sub_406820
0x00406840	ok	sub_406840
0x00406850	extcall,iat,indirect	??1Sprite@@QAE@XZ
0x00406860	extcall,fs,iat,indirect,undef=4,x87	?hide@BaseButton@@QAEXXZ
0x00406880	extcall,fs,iat,indirect,x87	??1FlatButton@@QAE@XZ
0x004068e0	extcall,fs,iat,indirect,undef=4,x87	??_GFlatButton@@UAEPAXI@Z
0x00406910	extcall,fs,iat,indirect,x87	??1Dialogs@@QAE@XZ
0x00406a80	undef=4	sub_406a80
0x00406a90	extcall,fs,iat,indirect,x87	sub_406a90
0x00406af0	extcall,fs,iat,indirect,x87	sub_406af0
0x00406b20	ok	nullsub_27
0x00406b30	undef=4	sub_406b30
0x00406b40	extcall,fs,iat,indirect,undef=4,x87	??_GBasePop@@UAEPAXI@Z
0x00406b70	indirect	sub_406b70
0x00406ba0	indirect	sub_406ba0
0x00406bd0	extcall,fs,iat,indirect,undef=4,x87	??_GPopup@@UAEPAXI@Z
0x00406c00	extcall,fs,iat,indirect,x87	??1Popup@@QAE@XZ
0x00406e60	extcall,fs,iat,indirect,x87	??1Scroll@@QAE@XZ
0x00406f20	extcall,fs,iat,indirect,undef=4,x87	??_GScroll@@UAEPAXI@Z
0x00406f50	extcall,fs,iat,indirect,x87	??1thunk1_RadioButton@@QAE@H@Z
0x00406f60	extcall,fs,iat,indirect,undef=4,x87	??1RadioButton@@QAE@H@Z
0x00406ff0	extcall,fs,iat,indirect,x87	?on_redraw@thunk1_RadioButton@@QAEXXZ
0x00407000	extcall,indirect	?on_mouse_move@thunk1_RadioButton@@QAEXHH@Z
0x00407010	indirect	?on_mouse_leave@thunk1_RadioButton@@QAEXHH@Z
0x00407020	extcall,fs,iat,indirect,x87	?on_left_down@thunk1_RadioButton@@QAEXHH@Z
0x00407030	extcall,fs,iat,indirect,x87	?on_key_down@thunk1_RadioButton@@QAEHH@Z
0x00407040	extcall,indirect	?on_left_double_click@thunk1_RadioButton@@QAEXHH@Z
0x00407050	indirect	?on_dialog_focus@thunk1_RadioButton@@QAEXH@Z
0x00407060	extcall,fs,iat,indirect,x87	??1thunk2_RadioButton@@QAE@H@Z
0x00407080	extcall,fs,iat,indirect,x87	??1thunk3_RadioButton@@QAE@H@Z
0x00407090	extcall,fs,iat,indirect,x87	?attach@thunk1_RadioButton@@QAEHPAUGraphicWin@@HHH@Z
0x004070a0	extcall,fs,iat,indirect,x87	?on_redraw@thunk3_RadioButton@@QAEXXZ
0x004070b0	extcall,fs,iat,indirect,x87	??3BasePop@@SAXPAXI@Z
0x004070c0	extcall,fs,iat,indirect,x87	??3Scroll@@SAXPAXI@Z
0x004070d0	extcall,fs,iat,indirect,x87	??3Popup@@SAXPAXI@Z
0x004070e0	extcall,fs,iat,indirect,x87	??3FlatButton@@SAXPAXI@Z
0x004070f0	extcall,fs,iat,indirect,x87	??_Gthunk1_Dialogs@@UAEPAXI@Z
0x00407100	extcall,fs,iat,indirect,undef=4,x87	??_GDialogs@@UAEPAXI@Z
0x00407150	indirect	?on_scroll_create@thunk1_Dialogs@@QAEXXZ
0x00407160	indirect	?on_scroll_delete@thunk1_Dialogs@@QAEHPAUScroll@@@Z
0x00407170	extcall,fs,iat,indirect,x87	?on_redraw@thunk1_Dialogs@@QAEXXZ
0x00407180	indirect	?on_mousewheel@thunk1_Dialogs@@QAEXH@Z
0x00407190	extcall,iat,indirect	?on_mouse_move@thunk1_Dialogs@@QAEXHH@Z
0x004071a0	indirect	?on_mouse_leave@thunk1_Dialogs@@QAEXHH@Z
0x004071b0	extcall,fs,iat,indirect,x87	?on_left_click@thunk1_Dialogs@@QAEXHH@Z
0x004071c0	extcall,fs,iat,indirect,x87	?on_left_down@thunk1_Dialogs@@QAEXHH@Z
0x004071d0	iat,indirect	?on_left_up@thunk1_Dialogs@@QAEXHH@Z
0x004071e0	iat,indirect	?on_right_click@thunk1_Dialogs@@QAEXHH@Z
0x004071f0	iat,indirect	?on_right_down@thunk1_Dialogs@@QAEXHH@Z
0x00407200	iat,indirect	?on_right_up@thunk1_Dialogs@@QAEXHH@Z
0x00407210	extcall,fs,iat,indirect,x87	?on_key_down@thunk1_Dialogs@@QAEHH@Z
0x00407220	extcall,iat,indirect	?on_left_double_click@thunk1_Dialogs@@QAEXHH@Z
0x00407230	iat,indirect	?on_right_double_click@thunk1_Dialogs@@QAEXHH@Z
0x00407240	extcall,iat,indirect	?on_scrolled@thunk1_Dialogs@@QAEXHH@Z
0x00407250	extcall,iat,indirect	?on_scrolling@thunk1_Dialogs@@QAEXHH@Z
0x00407260	indirect	?on_dialog_focus@thunk1_Dialogs@@QAEXH@Z
0x00407270	indirect	?pass_dialog_focus@thunk1_Dialogs@@QAEXXZ
0x00407280	extcall,fs,iat,indirect,x87	??_Gthunk2_Dialogs@@UAEPAXI@Z
0x004072a0	extcall,fs,iat,indirect,x87	??_Gthunk3_Dialogs@@UAEPAXI@Z
0x004072b0	extcall,fs,iat,indirect,x87	?attach@thunk1_Dialogs@@QAEHPAUGraphicWin@@HHH@Z
0x004072c0	extcall,fs,iat,indirect,x87	?on_redraw@thunk3_Dialogs@@QAEXXZ
0x004072d0	extcall,fs,iat,indirect,undef=4,x87	?filebox_draw@AlphaSave@@QAAXPAUGraphicWin@@HHHHH@Z
0x00407350	extcall,fs,iat,indirect,x87	??0AlphaSave@@QAE@XZ
0x00407410	extcall,fs,iat,indirect,x87	?init@AlphaSave@@QAEXXZ
0x00407910	extcall,fs,iat,indirect,x87	?close@AlphaSave@@QAEXXZ
0x00407920	extcall,fs,iat,indirect,x87	?save@AlphaSave@@QAEXXZ
0x00407a80	extcall,fs,iat,indirect,x87	?load@AlphaSave@@QAEXXZ
0x00407be0	extcall,fs,iat,indirect,undef=4,x87	?show@AlphaSave@@QAEXH@Z
0x00407c60	extcall,fs,iat,indirect,undef=4,x87	?hide@AlphaSave@@QAEXXZ
0x00407cd0	extcall,fs,iat,indirect,x87	?on_button_clicked@AlphaSave@@QAEXH@Z
0x00407cf0	extcall,fs,iat,indirect,x87	?on_double_clicked@AlphaSave@@QAEXH@Z
0x00407d10	iat,indirect	?on_key_click@AlphaSave@@QAEXHH@Z
0x00407d90	extcall,indirect	?on_selected@AlphaSave@@QAEXH@Z
0x00407e80	extcall,fs,iat,indirect,undef=4,x87	?on_listbox_scroll_create@AlphaSave@@QAEHXZ
0x00407ed0	extcall,fs,iat,indirect,undef=4,x87	?on_listbox_scroll_delete@AlphaSave@@QAEHPAUScroll@@@Z
0x00407f00	extcall,fs,iat,indirect,x87	??1FileWin@@QAE@XZ
0x00408010	extcall,fs,iat,indirect,x87	??1EditBox@@QAE@XZ
0x00408080	extcall,fs,iat,indirect,undef=4,x87	??_GEditBox@@UAEPAXI@Z
0x004080b0	extcall,fs,iat,indirect,x87	sub_4080b0
0x004080e0	indirect	?on_scrolling@AlphaSave@@QAEXHH@Z
0x00408110	indirect	?on_scrolled@AlphaSave@@QAEXHH@Z
0x00408140	extcall,fs,iat,indirect,undef=4,x87	??_GAlphaSave@@UAEPAXI@Z
0x00408170	extcall,fs,iat,indirect,x87	??1AlphaSave@@QAE@XZ
0x00408390	extcall,fs,iat,indirect,x87	??3AlphaSave@@SAXPAXI@Z
0x004083a0	extcall,fs,iat,indirect,x87	??3EditBox@@SAXPAXI@Z
0x004083b0	extcall,fs,iat,indirect,x87	??__Eg_BASEWIN@@YAXXZ
0x004083d0	extcall,fs,iat,indirect,x87	??__Fg_BASEWIN@@YAXXZ
0x004083e0	extcall,fs,indirect	??__Eg_BASEWIN_WAVE@@YAXXZ
0x00408400	extcall,fs,iat,indirect	??__Fg_BASEWIN_WAVE@@YAXXZ
0x00408410	extcall,iat,indirect,undef=4	?load_inverts@@YAXXZ
0x00408470	undef=4	sub_408470
0x00408490	extcall,fs,iat,indirect,x87	??0BaseWin@@QAE@XZ
0x00408710	ok	?close@BaseWin@@QAEXXZ
0x00408720	extcall,fs,iat,indirect,x87	?psych_row@BaseWin@@QAEXHHHHHHH@Z
0x00408b20	extcall,fs,iat,indirect,x87	?draw_psych@BaseWin@@QAEXXZ
0x00408eb0	extcall,fs,iat,indirect,x87	?draw_support@BaseWin@@QAEXXZ
0x004090c0	undef=4	?UNK1@BaseWin@@QAEHH@Z
0x00409100	indirect,undef=4	?farm_get@BaseWin@@QAEHHH@Z
0x00409200	extcall,fs,iat,indirect,x87	?queue_click@BaseWin@@QAEXHHHH@Z
0x0040a1d0	extcall,fs,iat,indirect,undef=4,x87	?farm_click@BaseWin@@QAEXHHH@Z
0x0040a880	extcall,fs,iat,indirect,x87	?pop_click@BaseWin@@QAEXHHHH@Z
0x0040b120	extcall,fs,iat,indirect,x87	?UNK2@BaseWin@@QAEXHHHH@Z
0x0040b140	extcall,fs,iat,indirect,undef=4,x87	?garrison_click@BaseWin@@QAEXHHHH@Z
0x0040c070	extcall,fs,iat,indirect,undef=4,x87	?facilities_click@BaseWin@@QAEHHHHH@Z
0x0040c850	extcall,fs,iat,indirect,x87	?draw_supported@BaseWin@@QAEXH@Z
0x0040d250	extcall,fs,iat,indirect,x87	?draw_flash@BaseWin@@QAEXH@Z
0x0040e360	extcall,fs,iat,indirect,x87	?draw_production@BaseWin@@QAEXH@Z
0x0040f0f0	extcall,fs,iat,indirect,x87	?draw_farm@BaseWin@@QAEXH@Z
0x0040fcc0	extcall,fs,iat,indirect,x87	?draw_facilities@BaseWin@@QAEXH@Z
0x004103b0	extcall,fs,iat,indirect,x87	?draw_garrison@BaseWin@@QAEXH@Z
0x00410870	extcall,fs,iat,indirect,x87	?draw_commerce@BaseWin@@QAEXH@Z
0x00411240	extcall,fs,iat,indirect,x87	?draw_nutrients@BaseWin@@QAEXH@Z
0x00411980	extcall,fs,iat,indirect,x87	?draw_energy_alloc@BaseWin@@QAEXH@Z
0x00412aa0	extcall,fs,iat,indirect,x87	?draw_expenses@BaseWin@@QAEXH@Z
0x00414b40	extcall,fs,iat,indirect,x87	?draw_pop@BaseWin@@QAEXH@Z
0x00415080	extcall,fs,iat,indirect,x87	?draw_queue@BaseWin@@QAEXH@Z
0x00415730	extcall,fs,iat,indirect,x87	?draw_misc@BaseWin@@QAEXH@Z
0x00415b20	extcall,fs,iat,indirect,x87	?draw_info@BaseWin@@QAEXH@Z
0x00415dd0	extcall,fs,iat,indirect,undef=4,x87	?focus@BaseWin@@QAEXXZ
0x00415e60	extcall,fs,iat,indirect,undef=4,x87	?UNK3@BaseWin@@QAEXH@Z
0x00415f00	extcall,fs,iat,indirect,undef=4,x87	?gov_activate@BaseWin@@QAEXXZ
0x00415f70	extcall,fs,iat,indirect,undef=4,x87	?gov_on@BaseWin@@QAEXH@Z
0x004160f0	extcall,fs,iat,indirect,undef=4,x87	?iface_click@BaseWin@@QAEXHHHH@Z
0x00416540	extcall,fs,iat,indirect,x87	?bubble_me_elmo2@BaseWin@@QAEXPADHH@Z
0x00416580	extcall,fs,iat,indirect,x87	?bubble_me_elmo2@BaseWin@@QAGXPADHH@Z
0x004165d0	extcall,fs,iat,indirect,undef=4,x87	?click@BaseWin@@QAEXHHHH@Z
0x00416d90	extcall,fs,iat,indirect,undef=4,x87	?recompute@BaseWin@@QAEXH@Z
0x00416dd0	ok	?UNK4@BaseWin@@QAEXXZ
0x00416de0	extcall,fs,iat,indirect,undef=4,x87	?add_queue@BaseWin@@QAEXHH@Z
0x00416fb0	extcall,fs,iat,indirect,x87	?delete_queue@BaseWin@@QAEXH@Z
0x00417040	extcall,fs,iat,indirect,x87	?production@BaseWin@@QAEXHH@Z
0x00418df0	extcall,fs,iat,indirect,x87	?hurry@BaseWin@@QAEXXZ
0x00419a90	extcall,fs,iat,indirect,undef=4,x87	?governor@BaseWin@@QAEHH@Z
0x0041a010	extcall,fs,iat,indirect,undef=4,x87	?prev@BaseWin@@QAEXXZ
0x0041a160	extcall,fs,iat,indirect,undef=4,x87	?next@BaseWin@@QAEXXZ
0x0041a2b0	extcall,fs,iat,indirect,undef=4,x87	?rename@BaseWin@@QAEXXZ
0x0041a4c0	extcall,fs,iat,indirect,undef=4,x87	?exit@BaseWin@@QAEXXZ
0x0041a610	ok	?UNK5@BaseWin@@QAEXH@Z
0x0041a620	extcall,fs,iat,indirect,undef=4,x87	?base_killed@BaseWin@@QAEXH@Z
0x0041a7a0	extcall,fs,iat,indirect,undef=4,x87	?check_base@BaseWin@@QAEXH@Z
0x0041a7e0	extcall,fs,iat,indirect,undef=4,x87	?check_loc@BaseWin@@QAEXHHH@Z
0x0041a8b0	extcall,iat,indirect,undef=4	?check_veh@BaseWin@@QAEXH@Z
0x0041a920	extcall,fs,iat,indirect,undef=4,x87	?zoom@BaseWin@@QAEXHH@Z
0x0041ae40	extcall,fs,iat,indirect,undef=4,x87	?soft_zoom@BaseWin@@QAEXH@Z
0x0041af20	ok	?UNK6@BaseWin@@QAEXXZ
0x0041af30	ok	?UNK7@BaseWin@@QAEXXZ
0x0041af40	ok	?timer_callback@BaseWin@@QAAXHH@Z
0x0041af50	extcall,fs,iat,indirect,x87	?on_key_click@BaseWin@@QAEXHH@Z
0x0041af70	extcall,fs,iat,indirect,x87	?on_left_click@BaseWin@@QAEXHH@Z
0x0041af90	extcall,fs,iat,indirect,x87	?on_right_click@BaseWin@@QAEXHH@Z
0x0041afb0	extcall,fs,iat,indirect,x87	?on_left_double_click@BaseWin@@QAEXHH@Z
0x0041afd0	extcall,fs,iat,indirect,x87	?on_left_up@BaseWin@@QAEXHH@Z
0x0041b110	extcall,fs,iat,indirect,undef=4,x87	?on_left_down@BaseWin@@QAEXHH@Z
0x0041b1e0	extcall,fs,iat,indirect,x87	?on_mouse_leave@BaseWin@@QAEXHH@Z
0x0041b1f0	extcall,fs,iat,indirect,undef=4,x87	?on_mouse_move@BaseWin@@QAEXHH@Z
0x0041b4a0	extcall,fs,iat,indirect,x87	?on_scrolled@BaseWin@@QAEXHH@Z
0x0041b4c0	indirect	?on_scrolling@BaseWin@@QAEXHH@Z
0x0041b4e0	ok	?on_button_toggled@BaseWin@@QAEXHH@Z
0x0041b4f0	extcall,fs,iat,indirect,undef=4,x87	?staple_the_bastards@BaseWin@@QAEXXZ
0x0041b790	extcall,fs,iat,indirect,x87	?base_editor_fac@BaseWin@@QAEXXZ
0x0041bbc0	extcall,fs,iat,indirect,x87	?base_editor_proj@BaseWin@@QAEXXZ
0x0041c240	extcall,fs,iat,indirect,x87	?base_editor_copy@BaseWin@@QAEXH@Z
0x0041c7a0	extcall,fs,iat,indirect,x87	?base_editor@BaseWin@@QAEXXZ
0x0041d500	extcall,fs,iat,indirect,x87	?on_button_clicked@BaseWin@@QAEXH@Z
0x0041dad0	extcall,fs,iat,indirect,undef=4,x87	?on_status@BaseWin@@QAEXH@Z
0x0041dc80	extcall,fs,iat,indirect,x87	?on_iface_scrolled@BaseWin@@QAEXHH@Z
0x0041dcb0	indirect	?on_iface_scrolling@BaseWin@@QAEXHH@Z
0x0041dcd0	extcall,fs,iat,indirect,x87	?on_iface_left_click@BaseWin@@QAEXHH@Z
0x0041dcf0	extcall,fs,iat,indirect,x87	?on_iface_right_click@BaseWin@@QAEXHH@Z
0x0041dd10	extcall,fs,iat,indirect,x87	?on_iface_left_up@BaseWin@@QAEXHH@Z
0x0041de60	extcall,fs,iat,indirect,undef=4,x87	?on_iface_left_down@BaseWin@@QAEXHH@Z
0x0041df40	ok	?on_iface_right_down@BaseWin@@QAEXHH@Z
0x0041df50	extcall,fs,iat,indirect,undef=4,x87	?on_iface_mouse_move@BaseWin@@QAEXHH@Z
0x0041e3e0	extcall,fs,iat,indirect,undef=4,x87	?on_iface_mouse_leave@BaseWin@@QAEXHH@Z
0x0041e4c0	ok	?on_iface_selected@BaseWin@@QAEXHH@Z
0x0041e4d0	extcall,fs,iat,indirect,x87	?on_iface_left_double_click@BaseWin@@QAEXHH@Z
0x0041e4f0	extcall,fs,iat,indirect,x87	?on_iface_right_double_click@BaseWin@@QAEXHH@Z
0x0041e510	indirect	?on_iface_button_clicked@BaseWin@@QAEXH@Z
0x0041e530	indirect	?on_iface_button_toggled@BaseWin@@QAEXHH@Z
0x0041e560	indirect,undef=4	?update_gov_buttons@BaseWin@@QAEXXZ
0x0041e790	extcall,fs,iat,indirect,x87	?on_redraw@BaseWin@@QAEXXZ
0x0041e890	iat,indirect,undef=4	?show@BaseWin@@QAEXH@Z
0x0041e8b0	iat,indirect,undef=4	?hide@BaseWin@@QAEXXZ
0x0041e8d0	extcall,fs,iat,indirect,x87	?init@BaseWin@@QAEXXZ
0x00420a40	ok	?on_nc_hittest@BaseWin@@QAEHHH@Z
0x00420a70	extcall,fs,iat,indirect,x87	??1BaseWin@@QAE@XZ
0x00420f90	extcall,fs,iat,indirect	??1MapWin@@QAE@XZ
0x004210f0	extcall,iat,indirect	??1Caviar@@QAE@XZ
0x00421100	extcall,fs,iat,indirect,x87	??1ProdPicker@@QAE@XZ
0x004213a0	extcall,fs,iat,indirect,undef=4,x87	??_GProdPicker@@UAEPAXI@Z
0x004213d0	extcall,fs,iat,indirect,undef=4,x87	??_GBaseWin@@UAEPAXI@Z
0x00421400	extcall,fs,iat,indirect,x87	??1PopMenu@@QAE@XZ
0x00421640	extcall,fs,iat,indirect,undef=4,x87	??_GPopMenu@@UAEPAXI@Z
0x00421670	undef=4	?has_fac@@YA_NHHH@Z
0x004216f0	undef=4	sub_4216f0
0x00421810	extcall,fs,iat,indirect,x87	??3BaseWin@@SAXPAXI@Z
0x00421820	extcall,fs,iat,indirect,x87	??_Gthunk1_MapWin@@UAEPAXI@Z
0x00421830	extcall,fs,iat,indirect,undef=4,x87	??_GMapWin@@UAEPAXI@Z
0x00421870	extcall,fs,iat,indirect,x87	?on_lose_mouse_capture@thunk1_MapWin@@QAEXXZ
0x00421880	extcall,fs,iat,indirect,x87	?on_redraw@thunk1_MapWin@@QAEXXZ
0x00421890	ok	?on_resize@thunk1_MapWin@@QAEXHH@Z
0x004218a0	extcall,fs,iat,indirect,x87	?on_sys_close@thunk1_MapWin@@QAEXXZ
0x004218b0	extcall,fs,iat,indirect,x87	?on_mouse_move@thunk1_MapWin@@QAEXHH@Z
0x004218c0	extcall,fs,iat,indirect,x87	?on_left_click@thunk1_MapWin@@QAEXHH@Z
0x004218d0	extcall,fs,iat,indirect,x87	?on_left_down@thunk1_MapWin@@QAEXHH@Z
0x004218e0	ok	?on_left_up@thunk1_MapWin@@QAEXHH@Z
0x004218f0	extcall,fs,iat,indirect,x87	?on_right_click@thunk1_MapWin@@QAEXHH@Z
0x00421900	extcall,fs,iat,indirect,x87	?on_right_down@thunk1_MapWin@@QAEXHH@Z
0x00421910	ok	?on_left_double_click@thunk1_MapWin@@QAEXHH@Z
0x00421920	indirect	?on_nc_left_down@thunk1_MapWin@@QAEXHH@Z
0x00421930	extcall,fs,iat,indirect,x87	?on_button_clicked@thunk1_MapWin@@QAEXH@Z
0x00421940	ok	?on_nc_hittest@thunk1_MapWin@@QAEXHH@Z
0x00421950	extcall,fs,iat,indirect,x87	??_Gthunk2_MapWin@@UAEPAXI@Z
0x00421970	extcall,fs,iat,indirect,x87	??3ProdPicker@@SAXPAXI@Z
0x00421980	extcall,fs,iat,indirect,x87	PopMenu::delete1
0x00421990	extcall,fs,iat,indirect,x87	PopMenu::delete2
0x004219a0	extcall,fs,iat,indirect,x87	PopMenu::delete3
0x004219b0	extcall	??__Eg_BattleWin@@YAXXZ
0x004219d0	iat,indirect	??__Fg_BattleWin@@YAXXZ
0x004219e0	extcall,fs,iat,indirect	?init@BattleWin@@QAEXXZ
0x00421b20	iat,indirect	?pulse_timer@BattleWin@@QAEXXZ
0x00421b40	iat,indirect	?stop_timer@BattleWin@@QAEXXZ
0x00421b50	extcall,fs,iat,indirect,undef=4,x87	?battle_report@BattleWin@@QAEXHHHHH@Z
0x00422c50	extcall,fs,iat,indirect,x87	?clear@BattleWin@@QAEXXZ
0x00422cc0	extcall,fs,iat,indirect,x87	?on_status@BattleWin@@QAEXH@Z
0x00422dc0	extcall,fs,iat,indirect,x87	?on_iface_button_clicked@BattleWin@@QAEXH@Z
0x00422de0	extcall,fs,iat,indirect,x87	?on_iface_group_clicked@BattleWin@@QAEXHHH@Z
0x00422e10	ok	?on_iface_left_click@BattleWin@@QAEXHH@Z
0x00422e20	ok	?on_iface_right_click@BattleWin@@QAEXHH@Z
0x00422e30	extcall,fs,iat,indirect,x87	?on_iface_left_down@BattleWin@@QAEXHH@Z
0x00422e70	ok	?on_iface_right_down@BattleWin@@QAEXHH@Z
0x00422e80	ok	?on_iface_mouse_move@BattleWin@@QAEXHH@Z
0x00422e90	ok	?on_iface_mouse_leave@BattleWin@@QAEXHH@Z
0x00422ea0	ok	?on_iface_selected@BattleWin@@QAEXHH@Z
0x00422eb0	iat,indirect	?timer_callback_daemon@BattleWin@@QAAXHH@Z
0x00422ec0	iat,indirect	?timer_callback_daemon@BattleWin@@QAAXH@Z
0x00422ed0	iat,indirect	??1BattleWin@@QAE@XZ
0x00422ee0	ok	??0BattleWin@@QAE@XZ
0x00422f00	ok	?range@@YAHHHH@Z
0x00422f20	extcall,fs,iat,indirect,undef=4	?compare_palettes@@YAHXZ
0x00423000	extcall,fs,iat,indirect,x87	?colortables_init_faction@@YAXH@Z
0x00423570	extcall,fs,iat,indirect,x87	?colortables_init@@YAXXZ
0x004243a0	extcall,fs,iat,indirect,x87	??__Eg_COUNCWIN@@YAXXZ
0x004243c0	extcall,fs,iat,indirect,x87	??__Fg_COUNCWIN@@YAXXZ
0x004243d0	undef=4	?clear_council_notify@@YAXH@Z
0x004243f0	undef=4	?clear_council_notify@@YAXXZ
0x00424410	extcall,fs,iat,indirect,undef=4,x87	?make_resolution@CouncWin@@QAEHH@Z
0x00424720	extcall,fs,iat,indirect,undef=4,x87	?set_vote@CouncWin@@QAEXHH@Z
0x00424870	extcall,fs,iat,indirect,x87	?on_button_clicked@CouncWin@@QAEXH@Z
0x00425050	extcall,fs,iat,indirect,x87	?on_left_click@CouncWin@@QAEXHH@Z
0x00425ba0	extcall,fs,iat,indirect,undef=4,x87	?on_key_click@CouncWin@@QAEHHH@Z
0x00425d90	extcall,fs,iat,indirect,x87	?draw_all_leaders@CouncWin@@QAEXXZ
0x00425db0	extcall,fs,iat,indirect,undef=4,x87	?draw_leader@CouncWin@@QAEXH@Z
0x00426470	extcall,fs,iat,indirect,x87	?draw_info@CouncWin@@QAEXXZ
0x00426aa0	extcall,fs,iat,indirect,x87	?on_redraw@CouncWin@@QAEXXZ
0x00426eb0	ok	?on_group_clicked@CouncWin@@QAEXHH@Z
0x00426ec0	extcall,fs,iat,indirect,x87	?on_mouse_leave@CouncWin@@QAEXHH@Z
0x00426ee0	extcall,fs,iat,indirect,undef=4,x87	?on_mouse_move@CouncWin@@QAEXHH@Z
0x00426f80	ok	?on_button_passover@CouncWin@@QAEXHH@Z
0x00426f90	undef=4	?on_button_text_draw@CouncWin@@QAEHPAUGraphicWin@@PADH@Z
0x00426fa0	extcall,fs,iat,indirect,x87	?on_status@CouncWin@@QAEXH@Z
0x00427060	ok	?on_iface_left_click@CouncWin@@QAEXHH@Z
0x00427070	ok	?on_iface_right_click@CouncWin@@QAEXHH@Z
0x00427080	ok	?on_iface_left_down@CouncWin@@QAEXHH@Z
0x00427090	ok	?on_iface_right_down@CouncWin@@QAEXHH@Z
0x004270a0	ok	?on_iface_mouse_move@CouncWin@@QAEXHH@Z
0x004270b0	ok	?on_iface_mouse_leave@CouncWin@@QAEXHH@Z
0x004270c0	ok	?on_iface_selected@CouncWin@@QAEXHH@Z
0x004270d0	ok	?on_iface_left_double_click@CouncWin@@QAEXHH@Z
0x004270e0	ok	?on_iface_right_double_click@CouncWin@@QAEXHH@Z
0x004270f0	indirect	?on_iface_button_clicked@CouncWin@@QAEXH@Z
0x00427110	ok	?on_iface_button_toggled@CouncWin@@QAEXHH@Z
0x00427120	ok	?on_iface_group_clicked@CouncWin@@QAEXHHH@Z
0x00427130	iat,indirect,undef=4	?show@CouncWin@@QAEHH@Z
0x00427150	ok	?hide@CouncWin@@QAEHXZ
0x00427160	extcall,iat,indirect	?close@CouncWin@@QAEXXZ
0x004271c0	extcall,fs,iat,indirect,undef=4,x87	?arrived@CouncWin@@QAEXH@Z
0x00427230	extcall,fs,iat,indirect,x87	?init@CouncWin@@QAEXHH@Z
0x00428350	extcall,fs,iat,indirect,undef=4,x87	?council@@YAXHHH@Z
0x00428550	extcall,fs,iat,indirect,x87	??1CouncWin@@QAE@XZ
0x00428620	extcall,fs,iat,indirect,x87	??0CouncWin@@QAE@XZ
0x00428710	extcall,fs,iat,indirect,undef=4,x87	??_GCouncWin@@UAEPAXI@Z
0x00428740	extcall,fs,iat,indirect,x87	??3CouncWin@@SAXPAXI@Z
0x00428750	extcall,fs,indirect	??__Eg_CREDITS_WAVE@@YAXXZ
0x00428770	extcall,fs,iat,indirect	??__Fg_CREDITS_WAVE@@YAXXZ
0x00428780	extcall,fs,iat,indirect,undef=4,x87	??0Credits@@QAE@XZ
0x00428830	extcall,iat,indirect	?unload@Credits@@QAEXXZ
0x00428880	extcall,iat,indirect,undef=4	?load@Credits@@QAEXXZ
0x004289c0	extcall,fs,iat,indirect,x87	?close@Credits@@QAEXXZ
0x004289f0	extcall,fs,iat,indirect,x87	?exec@Credits@@QAEXXZ
0x00428c00	extcall,iat,indirect	?draw_credits@Credits@@QAEXXZ
0x00428d60	indirect	?on_key_click@Credits@@QAEXHH@Z
0x00428d70	indirect	?on_left_click@Credits@@QAEXHH@Z
0x00428d80	ok	?on_left_down@Credits@@QAEXHH@Z
0x00428d90	ok	?on_right_down@Credits@@QAEXHH@Z
0x00428da0	ok	?on_mouse_move@Credits@@QAEXHH@Z
0x00428db0	ok	?on_button_clicked@Credits@@QAEXH@Z
0x00428dc0	extcall,iat,indirect	?timer_callback_daemon@Credits@@QAEXXZ
0x00428dd0	extcall,iat,indirect,undef=4	?timer_callback_daemon@Credits@@QAAXH@Z
0x00428df0	extcall,fs,iat,indirect,undef=4,x87	?show_credits@@YAXXZ
0x00428e60	extcall,fs,iat,indirect,undef=4,x87	??_GCredits@@UAEPAXI@Z
0x00428e90	extcall,fs,iat,indirect,x87	??1Credits@@QAE@XZ
0x00428f80	extcall,fs,iat,indirect,x87	??3Credits@@SAXPAXI@Z
0x00428f90	extcall,fs,iat,indirect,x87	??__Eg_DATALINK@@YAXXZ
0x00428fb0	extcall,fs,iat,indirect,x87	??__Fg_DATALINK@@YAXXZ
0x00428fc0	extcall,fs,iat,indirect,x87	??0Datalink@@QAE@XZ
0x00429180	extcall,fs,iat,indirect,x87	?exec@Datalink@@QAEXIH@Z
0x00429300	extcall,fs,iat,indirect,x87	?init@Datalink@@QAEXXZ
0x0042a020	ok	?UNK1@Datalink@@QAEHHH@Z
0x0042a040	ok	?parse_id@Datalink@@QAEXHPAUDatalinkID@@PAH@Z
0x0042a080	extcall	?construct_id@Datalink@@QAEXPADIH@Z
0x0042a0b0	extcall	?UNK2@Datalink@@QAEXPADPAHPAH@Z
0x0042a100	iat,indirect	?on_dialog_back_draw@Datalink@@QAEHPAUGraphicWin@@@Z
0x0042a150	iat,indirect	?on_dialog_item_back_draw@Datalink@@QAEHPAUGraphicWin@@HHPAURECT@@@Z
0x0042a260	extcall,fs,iat,indirect,x87	?UNK3@Datalink@@QAEXIH@Z
0x0042a2c0	extcall,fs,iat,indirect,undef=4,x87	?set_cat@Datalink@@QAEXIH@Z
0x0042a4f0	extcall,fs,iat,indirect,x87	?set_cat_all@Datalink@@QAEXXZ
0x0042a630	extcall,fs,iat,indirect,x87	?set_cat_unit@Datalink@@QAEXXZ
0x0042a790	extcall,fs,iat,indirect,x87	?set_cat_chassis@Datalink@@QAEXXZ
0x0042a900	extcall,fs,iat,indirect,x87	?set_cat_reactor@Datalink@@QAEXXZ
0x0042aa60	extcall,fs,iat,indirect,x87	?set_cat_weapon@Datalink@@QAEXXZ
0x0042abc0	extcall,fs,iat,indirect,x87	?set_cat_defense@Datalink@@QAEXXZ
0x0042ad20	extcall,fs,iat,indirect,x87	?set_cat_ability@Datalink@@QAEXXZ
0x0042ae80	extcall,fs,iat,indirect,x87	?set_cat_facility@Datalink@@QAEXXZ
0x0042afe0	extcall,fs,iat,indirect,x87	?set_cat_project@Datalink@@QAEXXZ
0x0042b190	extcall,fs,iat,indirect,x87	?set_cat_tech@Datalink@@QAEXXZ
0x0042b300	extcall,fs,iat,indirect,undef=4,x87	?set_cat_concept@Datalink@@QAEXXZ
0x0042b490	extcall,fs,iat,indirect,undef=4,x87	?set_cat_adv_concept@Datalink@@QAEXXZ
0x0042b630	extcall,fs,iat,indirect,x87	?set_cat_social@Datalink@@QAEXXZ
0x0042b7e0	extcall,fs,iat,indirect,x87	?set_cat_effect@Datalink@@QAEXXZ
0x0042b940	extcall,fs,iat,indirect,x87	?set_cat_faction@Datalink@@QAEXXZ
0x0042bab0	extcall,fs,iat,indirect,x87	?set_cat_terraform@Datalink@@QAEXXZ
0x0042bcc0	extcall,indirect	?set_index@Datalink@@QAEXHH@Z
0x0042bd20	undef=4	?close@Datalink@@QAEXXZ
0x0042bd40	iat,indirect,undef=4	?show@Datalink@@QAEXH@Z
0x0042bd60	iat,indirect,undef=4	?hide@Datalink@@QAEXXZ
0x0042bd80	undef=4	?UNK4@Datalink@@QAEXHH@Z
0x0042be00	extcall,fs,iat,indirect,x87	?UNK5@Datalink@@QAEXXZ
0x0042bea0	ok	?UNK6@Datalink@@QAEXXZ
0x0042beb0	extcall,fs,iat,indirect,undef=4	?UNK7@Datalink@@QAEXPADPAD@Z
0x0042bf00	ok	?UNK8@Datalink@@QAEXXZ
0x0042bf10	extcall,fs,iat,indirect,x87	?draw_entry@Datalink@@QAEXXZ
0x0042c2e0	extcall,fs,iat,indirect,x87	?draw_concept@Datalink@@QAEXXZ
0x0042c650	extcall,fs,iat,indirect,x87	?draw_adv_concept@Datalink@@QAEXXZ
0x0042c9c0	extcall,fs,iat,indirect,x87	?draw_unit@Datalink@@QAEXXZ
0x0042d610	extcall,fs,iat,indirect,x87	?draw_chassis@Datalink@@QAEXXZ
0x0042def0	extcall,fs,iat,indirect,x87	?draw_reactor@Datalink@@QAEXXZ
0x0042e2e0	extcall,fs,iat,indirect,x87	?draw_weapon@Datalink@@QAEXXZ
0x0042e8e0	extcall,fs,iat,indirect,x87	?draw_defense@Datalink@@QAEXXZ
0x0042ee30	extcall,fs,iat,indirect	?draw_ability@Datalink@@QAEXXZ
0x0042f490	extcall,fs,iat,indirect,x87	?draw_facility@Datalink@@QAEXXZ
0x0042fad0	extcall,fs,iat,indirect,x87	?draw_project@Datalink@@QAEXXZ
0x00430090	extcall,fs,iat,indirect,x87	?draw_social@Datalink@@QAEXXZ
0x00430770	extcall,fs,iat,indirect,x87	?draw_effect@Datalink@@QAEXXZ
0x00430b30	extcall,fs,iat,indirect,undef=4,x87	?draw_tech@Datalink@@QAEXXZ
0x00430c80	extcall,fs,iat,indirect,x87	?draw_faction@Datalink@@QAEXXZ
0x00431180	extcall,fs,iat,indirect,x87	?draw_terraform@Datalink@@QAEXXZ
0x00431db0	ok	?UNK9@Datalink@@QAEXXZ
0x00431dc0	extcall,fs,iat,indirect,undef=4,x87	?on_link_clicked@Datalink@@QAEHHPAD@Z
0x00431e70	extcall,fs,iat,indirect,x87	?on_redraw@Datalink@@QAEXXZ
0x00431eb0	ok	?on_left_click@Datalink@@QAEXHH@Z
0x00431ec0	extcall,fs,iat,indirect,x87	?on_button_clicked@Datalink@@QAEXH@Z
0x00431fb0	ok	?on_group_clicked@Datalink@@QAEXHH@Z
0x00431fc0	indirect	?on_key_click@Datalink@@QAEHHH@Z
0x00432000	ok	?on_mouse_move@Datalink@@QAEXHH@Z
0x00432010	extcall,fs,iat,indirect,x87	?on_button_passover@Datalink@@QAEXHH@Z
0x00432040	extcall,fs,iat,indirect,undef=4,x87	?on_selected@Datalink@@QAEXH@Z
0x00432060	extcall,fs,iat,indirect,x87	?on_status@Datalink@@QAEXH@Z
0x00432160	ok	?on_iface_left_click@Datalink@@QAEXHH@Z
0x00432170	ok	?on_iface_right_click@Datalink@@QAEXHH@Z
0x00432180	ok	?on_iface_left_down@Datalink@@QAEXHH@Z
0x00432190	ok	?on_iface_right_down@Datalink@@QAEXHH@Z
0x004321a0	ok	?on_iface_mouse_move@Datalink@@QAEXHH@Z
0x004321b0	ok	?on_iface_mouse_leave@Datalink@@QAEXHH@Z
0x004321c0	ok	?on_iface_selected@Datalink@@QAEXHH@Z
0x004321d0	ok	?on_iface_left_double_click@Datalink@@QAEXHH@Z
0x004321e0	ok	?on_iface_right_double_click@Datalink@@QAEXHH@Z
0x004321f0	ok	?on_iface_button_clicked@Datalink@@QAEXH@Z
0x00432200	ok	?on_iface_button_toggled@Datalink@@QAEXHH@Z
0x00432210	extcall,fs,iat,indirect,undef=4,x87	?on_iface_group_clicked@Datalink@@QAEXHHH@Z
0x00432290	extcall,fs,iat,indirect,x87	??1Datalink@@QAE@XZ
0x004325b0	ok	??1ButtonGroup@@QAE@XZ
0x004325c0	extcall,fs,iat,indirect,x87	??1StringBox@@QAE@XZ
0x00432720	indirect,undef=4	?on_link_clicked@StringBox@@QAEXHPAD@Z
0x00432770	extcall,fs,iat,indirect,undef=4,x87	??_GStringBox@@UAEPAXI@Z
0x004327a0	extcall,fs,iat,indirect	??1Flic@@QAE@XZ
0x00432800	extcall,fs,iat,indirect,undef=4,x87	??_GDatalink@@UAEPAXI@Z
0x00432830	extcall,fs,iat,indirect,x87	??3StringBox@@SAXPAXI@Z
0x00432840	extcall,fs,iat,indirect,x87	??3Datalink@@SAXPAXI@Z
0x00432850	extcall,fs,iat,indirect,x87	??__Eg_DESIGNWIN@@YAXXZ
0x00432870	extcall,fs,iat,indirect,x87	??__Fg_DESIGNWIN@@YAXXZ
0x00432880	extcall,fs,indirect	??__Eg_DESIGNWIN_WAVE@@YAXXZ
0x004328a0	extcall,fs,iat,indirect	??__Fg_DESIGNWIN_WAVE@@YAXXZ
0x004328b0	extcall,fs,iat,indirect,x87	??0SelectPartWin@@QAE@XZ
0x00432970	extcall,fs,iat,indirect,x87	?close@SelectPartWin@@QAEXXZ
0x004329b0	extcall,fs,iat,indirect,undef=4,x87	?draw_chassis@SelectPartWin@@QAEHHPAURECT@@H@Z
0x00432cc0	extcall,fs,iat,indirect,undef=4,x87	?draw_weapon@SelectPartWin@@QAEHHPAURECT@@H@Z
0x00433170	extcall,fs,iat,indirect,undef=4,x87	?draw_armor@SelectPartWin@@QAEHHPAURECT@@H@Z
0x00433520	extcall,fs,iat,indirect,undef=4,x87	?draw_reactor@SelectPartWin@@QAEHHPAURECT@@H@Z
0x00433820	extcall,fs,iat,indirect,undef=4,x87	?on_mouse_move@SelectPartWin@@QAEXHH@Z
0x00433940	indirect	?on_left_up@SelectPartWin@@QAEXHH@Z
0x004339c0	extcall,fs,iat,indirect,x87	?on_redraw@SelectPartWin@@QAEXXZ
0x00433a10	extcall,fs,iat,indirect,undef=4,x87	?on_key_click@SelectPartWin@@QAEHHH@Z
0x00433d60	extcall,fs,iat,indirect,x87	?draw_part@SelectPartWin@@QAEHHH@Z
0x00433f30	indirect	?on_scrolled@SelectPartWin@@QAEXHH@Z
0x00433f50	indirect	?on_scrolling@SelectPartWin@@QAEXHH@Z
0x00433f70	extcall,fs,iat,indirect,x87	?exec@SelectPartWin@@QAEHHHHHHHHHHHPAE@Z
0x00434480	extcall,fs,iat,indirect,x87	??0DesignWin@@QAE@XZ
0x004345c0	ok	?UNK1@DesignWin@@QAEXXZ
0x004345d0	undef=4	?UNK2@DesignWin@@QAEHH@Z
0x00434650	ok	?UNK3@DesignWin@@QAEXXZ
0x004346a0	extcall,fs,iat,indirect,x87	?draw_info@DesignWin@@QAEXXZ
0x00434bc0	extcall,fs,iat,indirect,undef=4,x87	?draw_chassis@DesignWin@@QAEXH@Z
0x00434f40	extcall,fs,iat,indirect,undef=4,x87	?draw_weapon@DesignWin@@QAEXH@Z
0x00435400	extcall,fs,iat,indirect,undef=4,x87	?draw_armor@DesignWin@@QAEXH@Z
0x00435800	extcall,fs,iat,indirect,undef=4,x87	?draw_reactor@DesignWin@@QAEXH@Z
0x00435b30	extcall,iat,indirect,undef=4	?draw_special_1@DesignWin@@QAEXH@Z
0x00435de0	extcall,iat,indirect,undef=4	?draw_special_2@DesignWin@@QAEXH@Z
0x00436090	extcall,fs,iat,indirect,undef=4,x87	?draw_vehicle@DesignWin@@QAEXH@Z
0x004379a0	extcall,fs,iat,indirect,x87	?on_redraw@DesignWin@@QAEXXZ
0x00437ba0	extcall,fs,iat,indirect,x87	?on_mouse_move@DesignWin@@QAEXHH@Z
0x00437be0	extcall,fs,iat,indirect,x87	?on_mouse_leave@DesignWin@@QAEXHH@Z
0x00437bf0	extcall,fs,iat,indirect,undef=4,x87	?design_it@DesignWin@@QAEHXZ
0x00438460	extcall,fs,iat,indirect,undef=4,x87	?on_button_clicked@DesignWin@@QAEXH@Z
0x00439670	extcall,fs,iat,indirect,x87	?bubble_me_elmo2@DesignWin@@QAEXPADHH@Z
0x004396b0	extcall,fs,iat,indirect,x87	?bubble_me_elmo2@DesignWin@@QAGXPADHH@Z
0x00439700	extcall,fs,iat,indirect,x87	?on_right_click@DesignWin@@QAEXHH@Z
0x00439960	extcall,fs,iat,indirect,x87	?on_left_click@DesignWin@@QAEXHH@Z
0x00439a20	extcall,fs,iat,indirect,undef=4,x87	?on_key_click@DesignWin@@QAEHHH@Z
0x00439c00	undef=4	?check_abil@DesignWin@@QAEXXZ
0x00439d30	undef=4	?suggest_abil@DesignWin@@QAEXH@Z
0x00439eb0	undef=4	?delete_abil@DesignWin@@QAEXH@Z
0x00439f20	extcall,fs,iat,indirect,x87	?select_chassis@DesignWin@@QAEXXZ
0x0043a300	extcall,fs,iat,indirect,x87	?select_weapon@DesignWin@@QAEXXZ
0x0043a760	extcall,fs,iat,indirect,x87	?select_armor@DesignWin@@QAEXXZ
0x0043aa00	extcall,fs,iat,indirect,x87	?select_reactor@DesignWin@@QAEXXZ
0x0043ac70	extcall,fs,iat,indirect,x87	?select_special@DesignWin@@QAEXH@Z
0x0043be10	extcall,fs,iat,indirect,x87	?select_special_1@DesignWin@@QAEXXZ
0x0043be20	extcall,fs,iat,indirect,x87	?select_special_2@DesignWin@@QAEXXZ
0x0043be30	extcall,fs,iat,indirect,undef=4,x87	?select_name@DesignWin@@QAEXXZ
0x0043bf50	x87	?construct_vehicle@DesignWin@@QAEXXZ
0x0043c070	x87	?construct_chassis@DesignWin@@QAEXXZ
0x0043c0a0	x87	?construct_weapon@DesignWin@@QAEXXZ
0x0043c0f0	x87	?construct_armor@DesignWin@@QAEXH@Z
0x0043c130	x87	?construct_reactor@DesignWin@@QAEXXZ
0x0043c170	extcall,fs,iat,indirect,x87	?timer_function@DesignWin@@QAAXH@Z
0x0043c1a0	extcall,iat,indirect	?close@DesignWin@@QAEXXZ
0x0043c270	extcall,fs,iat,indirect,x87	?init@DesignWin@@QAEXXZ
0x0043d0c0	iat,indirect,undef=4	?show@DesignWin@@QAEXH@Z
0x0043d0f0	iat,indirect,undef=4	?hide@DesignWin@@QAEXXZ
0x0043d120	extcall,fs,iat,indirect,x87	?on_status@DesignWin@@QAEXH@Z
0x0043d220	extcall,fs,iat,indirect,undef=4,x87	?on_iface_left_click@DesignWin@@QAEXHH@Z
0x0043d290	extcall,fs,iat,indirect,undef=4,x87	?on_iface_right_click@DesignWin@@QAEXHH@Z
0x0043d330	ok	?on_iface_left_down@DesignWin@@QAEXHH@Z
0x0043d340	ok	?on_iface_right_down@DesignWin@@QAEXHH@Z
0x0043d350	extcall,fs,iat,indirect,x87	?on_iface_mouse_move@DesignWin@@QAEXHH@Z
0x0043d3c0	extcall,fs,iat,indirect,x87	?on_iface_mouse_leave@DesignWin@@QAEXHH@Z
0x0043d400	ok	?on_iface_selected@DesignWin@@QAEXHH@Z
0x0043d410	ok	?on_iface_left_double_click@DesignWin@@QAEXHH@Z
0x0043d420	ok	?on_iface_right_double_click@DesignWin@@QAEXHH@Z
0x0043d430	indirect	?on_iface_button_clicked@DesignWin@@QAEXH@Z
0x0043d450	indirect,undef=4	?on_iface_button_pressed@DesignWin@@QAEXH@Z
0x0043d470	ok	?on_iface_button_toggled@DesignWin@@QAEXHH@Z
0x0043d480	ok	?on_iface_group_clicked@DesignWin@@QAEXHHH@Z
0x0043d490	extcall,fs,iat,indirect,undef=4,x87	?center_stack@DesignWin@@QAEXHH@Z
0x0043d510	extcall,fs,iat,indirect,x87	?draw_stack@DesignWin@@QAEXXZ
0x0043dd50	extcall,fs,iat,indirect,x87	?draw_flash@DesignWin@@QAEXXZ
0x0043e490	extcall,fs,iat,indirect,undef=4,x87	?setup_veh@DesignWin@@QAEXHH@Z
0x0043e960	extcall,fs,iat,indirect,x87	?shut_that_badboy_down@DesignWin@@QAEXXZ
0x0043e9a0	extcall,fs,iat,indirect,x87	?exec@DesignWin@@QAEHHH@Z
0x0043ecb0	extcall,fs,iat,indirect,x87	??1DesignWin@@QAE@XZ
0x0043edb0	extcall,fs,iat,indirect,undef=4,x87	??_GDesignWin@@UAEPAXI@Z
0x0043ede0	extcall,fs,iat,indirect,undef=4,x87	??_GSelectPartWin@@UAEPAXI@Z
0x0043ee10	extcall,fs,iat,indirect,x87	??1SelectPartWin@@QAE@XZ
0x0043ef70	extcall,fs,iat,indirect,x87	?start@Popup@@QAEXPADPBDHPADH@Z
0x0043efa0	extcall,fs,iat,indirect,x87	??3DesignWin@@SAXPAXI@Z
0x0043efb0	extcall,fs,iat,indirect,x87	??3SelectPartWin@@SAXPAXI@Z
0x0043efc0	extcall,fs,iat,indirect,x87	??__Eg_DIPLOPOP@@YAXXZ
0x0043efe0	extcall,fs,iat,indirect,x87	??__Fg_DIPLOPOP@@YAXXZ
0x0043eff0	extcall,fs,iat,indirect,x87	??0DiploPop@@QAE@XZ
0x0043f0f0	extcall,fs,iat,indirect,x87	?close@DiploPop@@QAEXXZ
0x0043f140	iat,indirect,undef=4	?show@DiploPop@@QAEXH@Z
0x0043f170	extcall,fs,iat,indirect,undef=4,x87	?hide@DiploPop@@QAEXXZ
0x0043f190	extcall,iat,indirect	?portrait_anim@DiploPop@@QAEXXZ
0x0043f1c0	extcall,iat,indirect	?bioscan_anim@DiploPop@@QAEXXZ
0x0043f200	extcall,iat,indirect,undef=4	?timer_callback_daemon@DiploPop@@QAAXHH@Z
0x0043f250	extcall,iat,indirect,undef=4	?timer_callback_daemon2@DiploPop@@QAAXHH@Z
0x0043f290	indirect,undef=4	?on_button_clicked@DiploPop@@QAEXH@Z
0x0043f2b0	extcall,fs,iat,indirect,undef=4,x87	?start@DiploPop@@QAEXH@Z
0x0043f5c0	extcall,iat,indirect	?stop@DiploPop@@QAEXXZ
0x0043f5f0	extcall,fs,iat,indirect,x87	?draw_bioscan@DiploPop@@QAEXXZ
0x0043f790	extcall,fs,iat,indirect,undef=4,x87	?draw_portrait@DiploPop@@QAEXXZ
0x0043fa90	extcall,fs,iat,indirect,x87	?draw_info@DiploPop@@QAEXXZ
0x00440080	extcall,fs,iat,indirect,x87	?draw_hq@DiploPop@@QAEXXZ
0x004402a0	extcall,fs,iat,indirect,x87	?on_redraw@DiploPop@@QAEXXZ
0x00440380	extcall,fs,iat,indirect,x87	?on_status@DiploPop@@QAEXH@Z
0x004404c0	ok	?on_iface_left_click@DiploPop@@QAEXHH@Z
0x004404d0	ok	?on_iface_right_click@DiploPop@@QAEXHH@Z
0x004404e0	ok	?on_iface_left_down@DiploPop@@QAEXHH@Z
0x004404f0	ok	?on_iface_right_down@DiploPop@@QAEXHH@Z
0x00440500	ok	?on_iface_mouse_move@DiploPop@@QAEXHH@Z
0x00440510	ok	?on_iface_mouse_leave@DiploPop@@QAEXHH@Z
0x00440520	ok	?on_iface_selected@DiploPop@@QAEXHH@Z
0x00440530	ok	?on_iface_left_double_click@DiploPop@@QAEXHH@Z
0x00440540	ok	?on_iface_right_double_click@DiploPop@@QAEXHH@Z
0x00440550	extcall,fs,iat,indirect,x87	?on_iface_button_clicked@DiploPop@@QAEXH@Z
0x00440610	ok	?on_iface_button_toggled@DiploPop@@QAEXHH@Z
0x00440620	extcall,fs,iat,indirect,x87	?on_iface_group_clicked@DiploPop@@QAEXHHH@Z
0x004406d0	extcall,fs,iat,indirect,x87	?set_modal@DiploPop@@QAEHHP6AHXZPAUWin@@@Z
0x004406f0	ok	?release_modal@DiploPop@@QAEXXZ
0x00440700	extcall,fs,iat,indirect,x87	?init@DiploPop@@QAEXXZ
0x00440d50	extcall,fs,iat,indirect,x87	??1DiploPop@@QAE@XZ
0x00440ec0	extcall,fs,iat,indirect,undef=4,x87	??_GDiploPop@@UAEPAXI@Z
0x00440ef0	extcall,fs,iat,indirect,x87	??3DiploPop@@SAXPAXI@Z
0x00440f00	extcall,fs,iat,indirect,x87	??__Eg_DIPLOWIN@@YAXXZ
0x00440f20	extcall,fs,iat,indirect,x87	??__Fg_DIPLOWIN@@YAXXZ
0x00440f30	extcall	sub_440f30
0x00440f60	extcall,fs,indirect	sub_440f60
0x00440f80	indirect	?clear_hotseat_chat@@YAXXZ
0x00441040	extcall,iat,indirect	sub_441040
0x00441100	extcall,iat,indirect	sub_441100
0x004411f0	undef=4	sub_4411f0
0x00441250	ok	?clear_all_offers@@YAXXZ
0x004412a0	ok	?string_callback@DiploWin@@QAAXHH@Z
0x004412d0	extcall,indirect	?UNK1@DiploWin@@QAEXXZ
0x004412f0	extcall,iat,indirect	?new_chat@DiploWin@@QAEXPADH@Z
0x004413b0	undef=4	?UNK2@DiploWin@@QAEXXZ
0x004413c0	undef=4	?UNK3@DiploWin@@QAEXH@Z
0x004413f0	extcall,fs,iat,indirect,x87	?kill_offer@DiploWin@@QAEXHH@Z
0x00441490	extcall,fs,iat,indirect,x87	?add_offer@DiploWin@@QAEXHHH@Z
0x004415c0	extcall,fs,iat,indirect,x87	?on_button_clicked@DiploWin@@QAEXH@Z
0x00442510	extcall,fs,iat,indirect,undef=4,x87	?on_left_click@DiploWin@@QAEXHH@Z
0x00442560	indirect,undef=4	?on_key_down@DiploWin@@QAEHH@Z
0x00442590	extcall,fs,iat,indirect,x87	?on_key_click@DiploWin@@QAEHHH@Z
0x004426f0	extcall,fs,iat,indirect,undef=4,x87	?check_done@DiploWin@@QAEXXZ
0x00442740	extcall,fs,iat,indirect,undef=4,x87	?do_it@DiploWin@@QAEXXZ
0x004429c0	undef=4	?done_deal@DiploWin@@QAEXXZ
0x004429f0	ok	?UNK4@DiploWin@@QAEXH@Z
0x00442a00	ok	?UNK5@DiploWin@@QAEXXZ
0x00442a10	extcall,fs,iat,indirect,undef=4,x87	?draw_who@DiploWin@@QAEXXZ
0x00442dc0	extcall,fs,iat,indirect,undef=4,x87	?draw_whom@DiploWin@@QAEXXZ
0x00443170	extcall,iat,indirect	?draw_offers@DiploWin@@QAEXXZ
0x004436c0	extcall,fs,iat,indirect,x87	?on_redraw@DiploWin@@QAEXXZ
0x00443c30	iat,indirect,undef=4	?show@DiploWin@@QAEXH@Z
0x00443c50	indirect,undef=4	?hide@DiploWin@@QAEXXZ
0x00443c70	extcall,fs,iat,indirect,x87	?on_status@DiploWin@@QAEXH@Z
0x00443d80	ok	?on_iface_left_click@DiploWin@@QAEXHH@Z
0x00443d90	ok	?on_iface_left_up@DiploWin@@QAEXHH@Z
0x00443da0	ok	?on_iface_right_click@DiploWin@@QAEXHH@Z
0x00443db0	ok	?on_iface_left_down@DiploWin@@QAEXHH@Z
0x00443dc0	ok	?on_iface_right_down@DiploWin@@QAEXHH@Z
0x00443dd0	ok	?on_iface_mouse_move@DiploWin@@QAEXHH@Z
0x00443de0	ok	?on_iface_mouse_leave@DiploWin@@QAEXHH@Z
0x00443df0	ok	?on_iface_selected@DiploWin@@QAEXHH@Z
0x00443e00	ok	?on_iface_left_double_click@DiploWin@@QAEXHH@Z
0x00443e10	ok	?on_iface_right_double_click@DiploWin@@QAEXHH@Z
0x00443e20	ok	?on_iface_button_clicked@DiploWin@@QAEXH@Z
0x00443e30	ok	?on_iface_button_toggled@DiploWin@@QAEXHH@Z
0x00443e40	undef=4	?on_iface_dialog_back_draw@DiploWin@@QAEHH@Z
0x00443e50	extcall,fs,iat,indirect,undef=4,x87	?on_iface_dialog_item_back_draw@DiploWin@@QAEHPAUGraphicWin@@HHPAURECT@@@Z
0x00443f10	extcall,fs,iat,indirect,x87	?exec@DiploWin@@QAEXHH@Z
0x00444d90	extcall,fs,iat,indirect,x87	?diplo@@YAXHH@Z
0x00444db0	extcall,fs,iat,indirect,x87	??1DiploWin@@QAE@XZ
0x00444fc0	extcall,fs,iat,indirect,x87	??0DiploWin@@QAE@XZ
0x00445080	extcall,fs,iat,indirect,undef=4,x87	??_GDiploWin@@UAEPAXI@Z
0x004450b0	ok	sub_4450b0
0x00445120	extcall,fs,iat,indirect,x87	??3DiploWin@@SAXPAXI@Z
0x00445130	extcall,iat,indirect	?energy_compute@@YAXHH@Z
0x00445440	ok	?energy_limit@@YAHH@Z
0x00445450	extcall,fs,indirect	??__Eg_CPU_WAVES@@YAXXZ
0x00445480	extcall,fs,indirect	??__Fg_CPU_WAVES@@YAXXZ
0x004454a0	extcall,fs,indirect	??__Eg_MENU_UP_WAVE@@YAXXZ
0x004454c0	extcall,fs,iat,indirect	??__Fg_MENU_UP_WAVE@@YAXXZ
0x004454d0	extcall,fs,indirect	??__Eg_MENU_DOWN_WAVE@@YAXXZ
0x004454f0	extcall,fs,iat,indirect	??__Fg_MENU_DOWN_WAVE@@YAXXZ
0x00445500	extcall,fs,indirect	??__Eg_SCOOT_WAVE@@YAXXZ
0x00445520	extcall,fs,iat,indirect	??__Fg_SCOOT_WAVE@@YAXXZ
0x00445530	extcall,fs,indirect	??__Eg_OK_WAVE@@YAXXZ
0x00445550	extcall,fs,iat,indirect	??__Fg_OK_WAVE@@YAXXZ
0x00445560	extcall,fs,indirect	??__Eg_PASSOVER_WAVE@@YAXXZ
0x00445580	extcall,fs,iat,indirect	??__Fg_PASSOVER_WAVE@@YAXXZ
0x00445590	extcall,fs,indirect	??__Eg_FX@@YAXXZ
0x004455b0	extcall,fs,indirect	??__Fg_FX@@YAXXZ
0x004455c0	extcall,fs,indirect	??__Eg_AMBIENCE@@YAXXZ
0x004455e0	extcall,fs,iat,indirect	??__Fg_AMBIENCE@@YAXXZ
0x004455f0	extcall,iat,indirect,undef=4	?wave_it@@YAXH@Z
0x00445650	extcall,iat,indirect	?ok_callback@@YAXXZ
0x004456a0	extcall,iat,indirect	?passover_callback@@YAXXZ
0x004456b0	extcall,iat,indirect,undef=4	?popup_wave_callback@@YAXPAUPopupWave@@H@Z
0x004457c0	undef=4	?input_callback@@YAXXZ
0x004457e0	extcall,fs,iat,indirect,undef=4	?load_music@@YAXH@Z
0x00445bb0	extcall,iat,indirect,undef=4	?init@Effect@@QAEXPADJ@Z
0x00445cd0	extcall,iat,indirect,x87	?init@FX@@QAEXXZ
0x004468f0	undef=4	sub_4468f0
0x00446960	indirect,undef=4	?play@FX@@QAEXHHH@Z
0x00446a00	indirect,undef=4	?play@FX@@QAEXH@Z
0x00446a90	indirect	?stop@FX@@QAEXH@Z
0x00446ab0	indirect	?release@FX@@QAEXH@Z
0x00446ad0	indirect	?fade@FX@@QAEXH@Z
0x00446af0	indirect	?set_pitch@FX@@QAEXHH@Z
0x00446b10	indirect,undef=4	?engine_pitch@FX@@QAEXH@Z
0x00446b40	indirect,undef=4	?ambience@@YAHH@Z
0x00446d10	indirect,undef=4	?ambience_veh@@YAXH@Z
0x004471f0	extcall,fs,indirect,undef=4	??0FactionAmbience@@QAE@XZ
0x00447220	ok	?begin@FactionAmbience@@QAEXXZ
0x00447230	ok	?tech@FactionAmbience@@QAEXXZ
0x00447240	ok	?terraform@FactionAmbience@@QAEXXZ
0x00447250	ok	?production@FactionAmbience@@QAEXXZ
0x00447260	ok	?general@FactionAmbience@@QAEXXZ
0x00447270	ok	?basewin_show@FactionAmbience@@QAEXXZ
0x00447280	ok	?basewin_hide@FactionAmbience@@QAEXXZ
0x00447290	ok	?design_window_show@FactionAmbience@@QAEXXZ
0x004472a0	ok	?design_window_hide@FactionAmbience@@QAEXXZ
0x004472b0	ok	?new_base@FactionAmbience@@QAEXXZ
0x004472c0	ok	?popup1@FactionAmbience@@QAEXXZ
0x004472d0	ok	?eot@FactionAmbience@@QAEXXZ
0x004472e0	ok	?hostility@FactionAmbience@@QAEXXZ
0x004472f0	ok	?energy_resources@FactionAmbience@@QAEXXZ
0x00447300	ok	?base_liberated@FactionAmbience@@QAEXXZ
0x00447310	extcall,fs,indirect,undef=4	??0MAmbience@@QAE@XZ
0x00447340	indirect	?begin@MAmbience@@QAEXXZ
0x00447360	iat,indirect,undef=4	?general@MAmbience@@QAEXXZ
0x00447470	indirect,undef=4	?tech@MAmbience@@QAEXXZ
0x00447490	indirect,undef=4	?energy_resources@MAmbience@@QAEXXZ
0x004474b0	indirect,undef=4	?production@MAmbience@@QAEXXZ
0x004474e0	indirect	?new_base@MAmbience@@QAEXXZ
0x00447510	indirect	?begin@UAmbience@@QAEXXZ
0x00447530	indirect,undef=4	?basewin_show@UAmbience@@QAEXXZ
0x00447550	indirect	?basewin_hide@UAmbience@@QAEXXZ
0x00447570	indirect	?general@UAmbience@@QAEXXZ
0x00447690	ok	?tech@UAmbience@@QAEXXZ
0x004476a0	ok	?popup1@UAmbience@@QAEXXZ
0x004476b0	ok	?eot@UAmbience@@QAEXXZ
0x004476c0	indirect	?begin@SAmbience@@QAEXXZ
0x004476e0	ok	?tech@SAmbience@@QAEXXZ
0x004476f0	indirect	?general@SAmbience@@QAEXXZ
0x004477b0	indirect,undef=4	?hostility@SAmbience@@QAEXXZ
0x00447840	indirect	?production@SAmbience@@QAEXXZ
0x00447850	extcall,fs,indirect,undef=4	??0SAmbience@@QAE@XZ
0x00447880	indirect,undef=4	?base_liberated@SAmbience@@QAEXXZ
0x004478d0	extcall,fs,indirect,undef=4	??0BAmbience@@QAE@XZ
0x00447920	indirect	?begin@BAmbience@@QAEXXZ
0x00447940	indirect,undef=4	?general@BAmbience@@QAEXXZ
0x00447ab0	ok	?design_window_show@BAmbience@@QAEXXZ
0x00447ac0	indirect	?design_window_hide@BAmbience@@QAEXXZ
0x00447af0	indirect,undef=4	?hostility@BAmbience@@QAEXXZ
0x00447b30	indirect	?new_base@BAmbience@@QAEXXZ
0x00447b60	indirect,undef=4	?base_liberated@BAmbience@@QAEXXZ
0x00447b90	extcall,fs,indirect,undef=4	??0GAmbience@@QAE@XZ
0x00447bc0	indirect	?begin@GAmbience@@QAEXXZ
0x00447be0	undef=4	?basewin_show@GAmbience@@QAEXXZ
0x00447bf0	ok	?basewin_hide@GAmbience@@QAEXXZ
0x00447c00	indirect	?general@GAmbience@@QAEXXZ
0x00447c60	ok	?tech@GAmbience@@QAEXXZ
0x00447c70	indirect	?terraform@GAmbience@@QAEXXZ
0x00447ca0	ok	?production@GAmbience@@QAEXXZ
0x00447cb0	ok	?popup1@GAmbience@@QAEXXZ
0x00447cc0	ok	?eot@GAmbience@@QAEXXZ
0x00447cd0	indirect	?new_base@GAmbience@@QAEXXZ
0x00447d20	indirect,undef=4	sub_447d20
0x00447db0	indirect	?begin@AAmbience@@QAEXXZ
0x00447dd0	iat,indirect	?general@AAmbience@@QAEXXZ
0x00448280	ok	?tech@AAmbience@@QAEXXZ
0x00448290	extcall,fs,indirect	??1FX@@QAE@XZ
0x004482a0	extcall,fs,indirect	??0FX@@QAE@XZ
0x004482c0	extcall,fs,iat,indirect	??1Effect@@QAE@XZ
0x004482d0	extcall,fs,indirect	??0Effect@@QAE@XZ
0x004482f0	undef=4	sub_4482f0
0x00448310	ok	sub_448310
0x00448320	ok	sub_448320
0x00448330	ok	sub_448330
0x00448340	undef=4	sub_448340
0x00448350	extcall,fs,iat,indirect,undef=4	??_GEffect@@UAEPAXI@Z
0x00448380	undef=4	sub_448380
0x00448390	extcall,fs,iat,indirect,undef=4	sub_448390
0x004483c0	extcall,fs,iat,indirect	j_??1Ambience@@QAE@XZ
0x004483d0	extcall,fs,iat,indirect,x87	??__Eg_FAMEWIN@@YAXXZ
0x004483f0	extcall,fs,iat,indirect,x87	??__Fg_FAMEWIN@@YAXXZ
0x00448400	extcall,fs,iat,indirect,undef=4,x87	?init@FameWin@@QAEHXZ
0x00448d60	extcall,fs,iat,indirect,x87	?close@FameWin@@QAEXXZ
0x00448d90	extcall,fs,iat,indirect,x87	?on_redraw@FameWin@@QAEXXZ
0x0044a4b0	extcall,fs,iat,indirect,x87	?on_key_click@FameWin@@QAEHHH@Z
0x0044a500	indirect,undef=4	?on_left_click@FameWin@@QAEXHH@Z
0x0044a570	extcall,fs,iat,indirect,x87	?on_button_clicked@FameWin@@QAEXH@Z
0x0044a640	indirect	?on_group_clicked@FameWin@@QAEXHHH@Z
0x0044a660	extcall,fs,iat,indirect,undef=4,x87	?try_to_add_me@FameWin@@QAEXXZ
0x0044ac10	extcall,fs,iat,indirect	?demote@FameWin@@QAEXH@Z
0x0044ae50	extcall,fs,iat,indirect,undef=4,x87	?hall_of_fame@@YAXH@Z
0x0044af70	ok	sub_44af70
0x0044af90	extcall,undef=4	sub_44af90
0x0044b000	extcall,undef=4	?hof_save@@YAHXZ
0x0044b070	extcall,undef=4	?hof_load@@YAHXZ
0x0044b100	extcall,fs,iat,indirect,x87	??1FameWin@@QAE@XZ
0x0044b200	extcall,fs,iat,indirect,x87	??0FameWin@@QAE@XZ
0x0044b300	extcall,fs,iat,indirect,undef=4,x87	??_GFameWin@@UAEPAXI@Z
0x0044b330	extcall,fs,iat,indirect,x87	??3FameWin@@SAXPAXI@Z
0x0044b340	indirect	sub_44b340
0x0044b380	extcall,iat,indirect,undef=4	?tech_heck@@YAXP6AXPAD@ZH@Z
0x0044b9e0	extcall,iat,indirect	?help_tech_info@@YAXP6AXPAD@ZHHH@Z
0x0044c7d0	extcall,iat,indirect	?help_info_pop@@YAXPAD@Z
0x0044c7f0	extcall,iat,indirect	?help_tech_info@@YAXPAUPopup@@HH@Z
0x0044c820	ok	nullsub_3
0x0044c830	extcall,iat,indirect	sub_44c830
0x0044c850	ok	nullsub_191
0x0044c860	ok	sub_44c860
0x0044c870	undef=4	sub_44c870
0x0044c880	extcall,fs,iat,indirect,x87	?help_tech@@YAXH@Z
0x0044c8a0	ok	nullsub_226
0x0044c8b0	ok	nullsub_227
0x0044c8c0	undef=4	sub_44c8c0
0x0044c8d0	ok	nullsub_229
0x0044c8e0	ok	nullsub_230
0x0044c8f0	ok	nullsub_231
0x0044c900	ok	nullsub_232
0x0044c910	extcall,fs,iat,indirect,x87	?help_weapon@@YAXH@Z
0x0044c930	ok	nullsub_233
0x0044c940	extcall,fs,iat,indirect,x87	?help_armor@@YAXH@Z
0x0044c960	ok	nullsub_234
0x0044c970	undef=4	sub_44c970
0x0044c980	extcall,fs,iat,indirect,x87	?help_chassis@@YAXH@Z
0x0044c9a0	ok	nullsub_235
0x0044c9b0	extcall,fs,iat,indirect,x87	?help_facility@@YAXH@Z
0x0044c9d0	ok	nullsub_236
0x0044c9e0	extcall,fs,iat,indirect,x87	?help_project@@YAXH@Z
0x0044ca00	ok	nullsub_237
0x0044ca10	extcall,fs,iat,indirect,x87	?help_abil@@YAXH@Z
0x0044ca30	ok	nullsub_238
0x0044ca40	extcall,fs,iat,indirect,x87	?help_social@@YAXH@Z
0x0044ca60	ok	nullsub_239
0x0044ca70	extcall,fs,iat,indirect,x87	?help_faction@@YAXH@Z
0x0044ca90	extcall,fs,iat,indirect,x87	sub_44ca90
0x0044cac0	ok	nullsub_240
0x0044cad0	extcall,fs,iat,indirect,x87	?help_veh@@YAXH@Z
0x0044caf0	ok	nullsub_241
0x0044cb00	ok	nullsub_242
0x0044cb10	ok	nullsub_243
0x0044cb20	ok	nullsub_244
0x0044cb30	extcall,fs,iat,indirect,x87	?help_any@@YAXXZ
0x0044cb40	undef=4	sub_44cb40
0x0044cb60	extcall,fs,iat,indirect,x87	?help_topic@@YAXIH@Z
0x0044cb80	extcall	?help_create_link@@YAXPAD00@Z
0x0044cbd0	extcall,fs,iat,indirect,undef=4,x87	sub_44cbd0
0x0044cc20	extcall,fs,iat,indirect	??__Eg_PCX_PARSE_TEMP_BUFFER1@@YAXXZ
0x0044cc40	extcall,fs,iat,indirect	??__Fg_PCX_PARSE_TEMP_BUFFER1@@YAXXZ
0x0044cc50	extcall,fs,indirect	??__EFactionArt@@YAXXZ
0x0044cc80	extcall,fs,indirect	??__FFactionArt@@YAXXZ
0x0044cca0	extcall,fs,indirect	??__Eg_IFACE_CLOSE_X_SPRITES@@YAXXZ
0x0044ccd0	extcall,fs,indirect	??__Fg_IFACE_CLOSE_X_SPRITES@@YAXXZ
0x0044ccf0	extcall,fs,indirect	??__Eg_IFACE_BOX_SPRITES1@@YAXXZ
0x0044cd20	extcall,fs,indirect	??__Fg_IFACE_BOX_SPRITES1@@YAXXZ
0x0044cd40	extcall,fs,indirect	??__Eg_IFACE_BOX_SPRITES2@@YAXXZ
0x0044cd70	extcall,fs,indirect	??__Fg_IFACE_BOX_SPRITES2@@YAXXZ
0x0044cd90	extcall,fs,indirect	??__Eg_IFACE_BOX_SPRITES3@@YAXXZ
0x0044cdc0	extcall,fs,indirect	??__Fg_IFACE_BOX_SPRITES3@@YAXXZ
0x0044cde0	extcall,fs,indirect	??__Eg_IFACE_BOX_SPRITES4@@YAXXZ
0x0044ce10	extcall,fs,indirect	??__Fg_IFACE_BOX_SPRITES4@@YAXXZ
0x0044ce30	extcall,fs,indirect	??__Eg_IFACE_BOX_SPRITES5@@YAXXZ
0x0044ce60	extcall,fs,indirect	??__Fg_IFACE_BOX_SPRITES5@@YAXXZ
0x0044ce80	extcall,fs,indirect	??__Eg_IFACE_BOX_SPRITES6@@YAXXZ
0x0044ceb0	extcall,fs,indirect	??__Fg_IFACE_BOX_SPRITES6@@YAXXZ
0x0044ced0	extcall,fs,indirect	??__Eg_IFACE_BOX_SPRITES7@@YAXXZ
0x0044cf00	extcall,fs,indirect	??__Fg_IFACE_BOX_SPRITES7@@YAXXZ
0x0044cf20	extcall,fs,indirect	??__Eg_IFACE_BOX_SPRITES8@@YAXXZ
0x0044cf50	extcall,fs,indirect	??__Fg_IFACE_BOX_SPRITES8@@YAXXZ
0x0044cf70	extcall,fs,indirect	??__Eg_IFACE_BOX_SPRITE_BUFFERS@@YAXXZ
0x0044cfa0	extcall,fs,indirect	??__Fg_IFACE_BOX_SPRITE_BUFFERS@@YAXXZ
0x0044cfc0	extcall	??__Eg_IFACE_STD_POPUPS_TOP_LEFT_SPRITE@@YAXXZ
0x0044cfe0	extcall,iat,indirect	??__Fg_IFACE_STD_POPUPS_TOP_LEFT_SPRITE@@YAXXZ
0x0044cff0	extcall	??__Eg_IFACE_STD_POPUPS_TOP_RIGHT_SPRITE@@YAXXZ
0x0044d010	extcall,iat,indirect	??__Fg_IFACE_STD_POPUPS_TOP_RIGHT_SPRITE@@YAXXZ
0x0044d020	extcall	??__Eg_IFACE_STD_POPUPS_BOT_LEFT_SPRITE@@YAXXZ
0x0044d040	extcall,iat,indirect	??__Fg_IFACE_STD_POPUPS_BOT_LEFT_SPRITE@@YAXXZ
0x0044d050	extcall	??__Eg_IFACE_STD_POPUPS_BOT_RIGHT_SPRITE@@YAXXZ
0x0044d070	extcall,iat,indirect	??__Fg_IFACE_STD_POPUPS_BOT_RIGHT_SPRITE@@YAXXZ
0x0044d080	extcall	??__Eg_IFACE_STD_POPUPS_TOP_MID_SPRITE@@YAXXZ
0x0044d0a0	extcall,iat,indirect	??__Fg_IFACE_STD_POPUPS_TOP_MID_SPRITE@@YAXXZ
0x0044d0b0	extcall	??__Eg_IFACE_STD_POPUPS_BOT_MID_SPRITE@@YAXXZ
0x0044d0d0	extcall,iat,indirect	??__Fg_IFACE_STD_POPUPS_BOT_MID_SPRITE@@YAXXZ
0x0044d0e0	extcall	??__Eg_IFACE_STD_POPUPS_MID_LEFT_SPRITE@@YAXXZ
0x0044d100	extcall,iat,indirect	??__Fg_IFACE_STD_POPUPS_MID_LEFT_SPRITE@@YAXXZ
0x0044d110	extcall	??__Eg_IFACE_STD_POPUPS_MID_RIGHT_SPRITE@@YAXXZ
0x0044d130	extcall,iat,indirect	??__Fg_IFACE_STD_POPUPS_MID_RIGHT_SPRITE@@YAXXZ
0x0044d140	extcall,fs,iat,indirect	??__Eg_IFACE_STD_POPUPS_MIDDLE_BUFFER@@YAXXZ
0x0044d160	extcall,fs,iat,indirect	??__Fg_IFACE_STD_POPUPS_MIDDLE_BUFFER@@YAXXZ
0x0044d170	extcall	??__Eg_UNUSED_CAVIARDATA_VAR1@@YAXXZ
0x0044d190	indirect	??__Fg_UNUSED_CAVIARDATA_VAR1@@YAXXZ
0x0044d1a0	extcall	??__Eg_SSF_CAVIARDATA@@YAXXZ
0x0044d1c0	indirect	??__Fg_SSF_CAVIARDATA@@YAXXZ
0x0044d1d0	extcall	??__Eg_SDP_CAVIARDATA@@YAXXZ
0x0044d1f0	indirect	??__Fg_SDP_CAVIARDATA@@YAXXZ
0x0044d200	extcall	??__Eg_SAS_CAVIARDATA@@YAXXZ
0x0044d220	indirect	??__Fg_SAS_CAVIARDATA@@YAXXZ
0x0044d230	extcall	??__Eg_SCD_CAVIARDATA@@YAXXZ
0x0044d250	indirect	??__Fg_SCD_CAVIARDATA@@YAXXZ
0x0044d260	extcall	??__Eg_SCJ_CAVIARDATA@@YAXXZ
0x0044d280	indirect	??__Fg_SCJ_CAVIARDATA@@YAXXZ
0x0044d290	extcall	??__Eg_SAGS_CAVIARDATA@@YAXXZ
0x0044d2b0	indirect	??__Fg_SAGS_CAVIARDATA@@YAXXZ
0x0044d2c0	extcall	??__Eg_SFT_CAVIARDATA@@YAXXZ
0x0044d2e0	indirect	??__Fg_SFT_CAVIARDATA@@YAXXZ
0x0044d2f0	extcall	??__Eg_VHR_CAVIARDATA1@@YAXXZ
0x0044d310	indirect	??__Fg_VHR_CAVIARDATA1@@YAXXZ
0x0044d320	extcall	??__Eg_SHT_CAVIARDATA@@YAXXZ
0x0044d340	indirect	??__Fg_SHT_CAVIARDATA@@YAXXZ
0x0044d350	extcall	??__Eg_SRB_CAVIARDATA@@YAXXZ
0x0044d370	indirect	??__Fg_SRB_CAVIARDATA@@YAXXZ
0x0044d380	extcall	??__Eg_ASAS_CAVIARDATA@@YAXXZ
0x0044d3a0	indirect	??__Fg_ASAS_CAVIARDATA@@YAXXZ
0x0044d3b0	extcall	??__Eg_RESLASER_CAVIARDATA@@YAXXZ
0x0044d3d0	indirect	??__Fg_RESLASER_CAVIARDATA@@YAXXZ
0x0044d3e0	extcall	??__Eg_RESBOLT_CAVIARDATA@@YAXXZ
0x0044d400	indirect	??__Fg_RESBOLT_CAVIARDATA@@YAXXZ
0x0044d410	extcall	??__Eg_FUNLOAD_CAVIARDATA@@YAXXZ
0x0044d430	indirect	??__Fg_FUNLOAD_CAVIARDATA@@YAXXZ
0x0044d440	extcall	??__Eg_TECLOAD_CAVIARDATA@@YAXXZ
0x0044d460	indirect	??__Fg_TECLOAD_CAVIARDATA@@YAXXZ
0x0044d470	extcall	??__Eg_SP_DISSWAVE_CAVIARDATA@@YAXXZ
0x0044d490	indirect	??__Fg_SP_DISSWAVE_CAVIARDATA@@YAXXZ
0x0044d4a0	extcall	??__Eg_SP_MARINED_CAVIARDATA@@YAXXZ
0x0044d4c0	indirect	??__Fg_SP_MARINED_CAVIARDATA@@YAXXZ
0x0044d4d0	extcall	??__Eg_SP_NANOO_CAVIARDATA@@YAXXZ
0x0044d4f0	indirect	??__Fg_SP_NANOO_CAVIARDATA@@YAXXZ
0x0044d500	extcall	??__Eg_SP_SOPORIFIC_CAVIARDATA@@YAXXZ
0x0044d520	indirect	??__Fg_SP_SOPORIFIC_CAVIARDATA@@YAXXZ
0x0044d530	extcall	??__Eg_AA01_CAVIARDATA@@YAXXZ
0x0044d550	indirect	??__Fg_AA01_CAVIARDATA@@YAXXZ
0x0044d560	extcall	??__Eg_AA_ROVER_CAVIARDATA@@YAXXZ
0x0044d580	indirect	??__Fg_AA_ROVER_CAVIARDATA@@YAXXZ
0x0044d590	extcall,fs,indirect	??__Eg_AA_WING_CAVIARDATA@@YAXXZ
0x0044d5c0	extcall,fs,indirect	??__Fg_AA_WING_CAVIARDATA@@YAXXZ
0x0044d5e0	extcall,fs,indirect	??__Eg_ACP_CAVIARDATA@@YAXXZ
0x0044d610	extcall,fs,indirect	??__Fg_ACP_CAVIARDATA@@YAXXZ
0x0044d630	extcall	??__Eg_AX_CAVIARDATA@@YAXXZ
0x0044d650	indirect	??__Fg_AX_CAVIARDATA@@YAXXZ
0x0044d660	extcall	??__Eg_AA_CAVIARDATA@@YAXXZ
0x0044d680	indirect	??__Fg_AA_CAVIARDATA@@YAXXZ
0x0044d690	extcall	??__Eg_ACOLPOD_CAVIARDATA@@YAXXZ
0x0044d6b0	indirect	??__Fg_ACOLPOD_CAVIARDATA@@YAXXZ
0x0044d6c0	extcall	??__Eg_AT_CAVIARDATA@@YAXXZ
0x0044d6e0	indirect	??__Fg_AT_CAVIARDATA@@YAXXZ
0x0044d6f0	extcall	??__Eg_VTA_CAVIARDATA@@YAXXZ
0x0044d710	indirect	??__Fg_VTA_CAVIARDATA@@YAXXZ
0x0044d720	extcall	??__Eg_ATP_CAVIARDATA@@YAXXZ
0x0044d740	indirect	??__Fg_ATP_CAVIARDATA@@YAXXZ
0x0044d750	extcall	??__Eg_SSFA_CAVIARDATA@@YAXXZ
0x0044d770	indirect	??__Fg_SSFA_CAVIARDATA@@YAXXZ
0x0044d780	extcall	??__Eg_SFTA_CAVIARDATA@@YAXXZ
0x0044d7a0	indirect	??__Fg_SFTA_CAVIARDATA@@YAXXZ
0x0044d7b0	extcall	??__Eg_VW00_CAVIARDATA@@YAXXZ
0x0044d7d0	indirect	??__Fg_VW00_CAVIARDATA@@YAXXZ
0x0044d7e0	extcall	??__Eg_VIPTAWL_CAVIARDATA@@YAXXZ
0x0044d800	indirect	??__Fg_VIPTAWL_CAVIARDATA@@YAXXZ
0x0044d810	extcall	??__Eg_VIPTASGN_CAVIARDATA@@YAXXZ
0x0044d830	indirect	??__Fg_VIPTASGN_CAVIARDATA@@YAXXZ
0x0044d840	extcall	??__Eg_VIPTAPSI_CAVIARDATA@@YAXXZ
0x0044d860	indirect	??__Fg_VIPTAPSI_CAVIARDATA@@YAXXZ
0x0044d870	extcall,fs,indirect	??__Eg_VIPTR_CAVIARDATA@@YAXXZ
0x0044d8a0	extcall,fs,indirect	??__Fg_VIPTR_CAVIARDATA@@YAXXZ
0x0044d8c0	extcall,fs,indirect	??__Eg_VIPTA_CAVIARDATA@@YAXXZ
0x0044d8f0	extcall,fs,indirect	??__Fg_VIPTA_CAVIARDATA@@YAXXZ
0x0044d910	extcall	??__Eg_PTMOD_CAVIARDATA@@YAXXZ
0x0044d930	indirect	??__Fg_PTMOD_CAVIARDATA@@YAXXZ
0x0044d940	extcall	??__Eg_VB_CAVIARDATA@@YAXXZ
0x0044d960	indirect	??__Fg_VB_CAVIARDATA@@YAXXZ
0x0044d970	extcall	??__Eg_VBP_CAVIARDATA@@YAXXZ
0x0044d990	indirect	??__Fg_VBP_CAVIARDATA@@YAXXZ
0x0044d9a0	extcall	??__Eg_VGMC_CAVIARDATA@@YAXXZ
0x0044d9c0	indirect	??__Fg_VGMC_CAVIARDATA@@YAXXZ
0x0044d9d0	extcall	??__Eg_VGMCP_CAVIARDATA@@YAXXZ
0x0044d9f0	indirect	??__Fg_VGMCP_CAVIARDATA@@YAXXZ
0x0044da00	extcall	??__Eg_VLIGHTS_CAVIARDATA@@YAXXZ
0x0044da20	indirect	??__Fg_VLIGHTS_CAVIARDATA@@YAXXZ
0x0044da30	extcall	??__Eg_VPT_CAVIARDATA@@YAXXZ
0x0044da50	indirect	??__Fg_VPT_CAVIARDATA@@YAXXZ
0x0044da60	extcall	??__Eg_A_CAVIARDATA@@YAXXZ
0x0044da80	indirect	??__Fg_A_CAVIARDATA@@YAXXZ
0x0044da90	extcall	??__Eg_APWALL_CAVIARDATA@@YAXXZ
0x0044dab0	indirect	??__Fg_APWALL_CAVIARDATA@@YAXXZ
0x0044dac0	extcall	??__Eg_ASGEN_CAVIARDATA@@YAXXZ
0x0044dae0	indirect	??__Fg_ASGEN_CAVIARDATA@@YAXXZ
0x0044daf0	extcall	??__Eg_APSID_CAVIARDATA@@YAXXZ
0x0044db10	indirect	??__Fg_APSID_CAVIARDATA@@YAXXZ
0x0044db20	extcall	??__Eg_VA01_CAVIARDATA@@YAXXZ
0x0044db40	indirect	??__Fg_VA01_CAVIARDATA@@YAXXZ
0x0044db50	extcall,fs,indirect	??__Eg_VR_CAVIARDATA@@YAXXZ
0x0044db80	extcall,fs,indirect	??__Fg_VR_CAVIARDATA@@YAXXZ
0x0044dba0	extcall	??__Eg_VHR_CAVIARDATA2@@YAXXZ
0x0044dbc0	indirect	??__Fg_VHR_CAVIARDATA2@@YAXXZ
0x0044dbd0	extcall,fs,indirect	??__Eg_VRC_CAVIARDATA@@YAXXZ
0x0044dc00	extcall,fs,indirect	??__Fg_VRC_CAVIARDATA@@YAXXZ
0x0044dc20	extcall	??__Eg_VI_CAVIARDATA@@YAXXZ
0x0044dc40	indirect	??__Fg_VI_CAVIARDATA@@YAXXZ
0x0044dc50	extcall	??__Eg_VGMT_CAVIARDATA@@YAXXZ
0x0044dc70	indirect	??__Fg_VGMT_CAVIARDATA@@YAXXZ
0x0044dc80	extcall	??__Eg_VGMTP_CAVIARDATA@@YAXXZ
0x0044dca0	indirect	??__Fg_VGMTP_CAVIARDATA@@YAXXZ
0x0044dcb0	extcall	??__Eg_UNUSED_CAVIARDATA_VAR2@@YAXXZ
0x0044dcd0	indirect	??__Fg_UNUSED_CAVIARDATA_VAR2@@YAXXZ
0x0044dce0	extcall	??__Eg_VWNTU_CAVIARDATA@@YAXXZ
0x0044dd00	indirect	??__Fg_VWNTU_CAVIARDATA@@YAXXZ
0x0044dd10	extcall	??__Eg_VT_CAVIARDATA@@YAXXZ
0x0044dd30	indirect	??__Fg_VT_CAVIARDATA@@YAXXZ
0x0044dd40	extcall	??__Eg_DROP_CAVIARDATA@@YAXXZ
0x0044dd60	indirect	??__Fg_DROP_CAVIARDATA@@YAXXZ
0x0044dd70	extcall	??__Eg_DROPLET_CAVIARDATA@@YAXXZ
0x0044dd90	indirect	??__Fg_DROPLET_CAVIARDATA@@YAXXZ
0x0044dda0	extcall	??__Eg_VCL_CAVIARDATA@@YAXXZ
0x0044ddc0	indirect	??__Fg_VCL_CAVIARDATA@@YAXXZ
0x0044ddd0	extcall,fs,indirect	??__Eg_UNUSED_CAVIARDATA_VAR3@@YAXXZ
0x0044de00	extcall,fs,indirect	??__Fg_UNUSED_CAVIARDATA_VAR3@@YAXXZ
0x0044de20	extcall	??__Eg_VCLT00_CAVIARDATA@@YAXXZ
0x0044de40	indirect	??__Fg_VCLT00_CAVIARDATA@@YAXXZ
0x0044de50	extcall	??__Eg_VHT_VBP_CAVIARDATA@@YAXXZ
0x0044de70	indirect	??__Fg_VHT_VBP_CAVIARDATA@@YAXXZ
0x0044de80	extcall	??__Eg_VHTP_CAVIARDATA@@YAXXZ
0x0044dea0	indirect	??__Fg_VHTP_CAVIARDATA@@YAXXZ
0x0044deb0	extcall,fs,indirect	??__Eg_VHTA0_CAVIARDATA@@YAXXZ
0x0044dee0	extcall,fs,indirect	??__Fg_VHTA0_CAVIARDATA@@YAXXZ
0x0044df00	extcall	??__Eg_VHTTP_CAVIARDATA@@YAXXZ
0x0044df20	indirect	??__Fg_VHTTP_CAVIARDATA@@YAXXZ
0x0044df30	extcall,fs,indirect	??__Eg_VHTTPA0_CAVIARDATA@@YAXXZ
0x0044df60	extcall,fs,indirect	??__Fg_VHTTPA0_CAVIARDATA@@YAXXZ
0x0044df80	extcall	??__Eg_VSP_CAVIARDATA@@YAXXZ
0x0044dfa0	indirect	??__Fg_VSP_CAVIARDATA@@YAXXZ
0x0044dfb0	extcall,fs,indirect	??__Eg_VSPA0_CAVIARDATA@@YAXXZ
0x0044dfe0	extcall,fs,indirect	??__Fg_VSPA0_CAVIARDATA@@YAXXZ
0x0044e000	extcall	??__Eg_VSPTF_CAVIARDATA@@YAXXZ
0x0044e020	indirect	??__Fg_VSPTF_CAVIARDATA@@YAXXZ
0x0044e030	extcall	??__Eg_VSPTB_CAVIARDATA@@YAXXZ
0x0044e050	indirect	??__Fg_VSPTB_CAVIARDATA@@YAXXZ
0x0044e060	extcall	??__Eg_VFL_CAVIARDATA@@YAXXZ
0x0044e080	indirect	??__Fg_VFL_CAVIARDATA@@YAXXZ
0x0044e090	extcall	??__Eg_VGS_CAVIARDATA@@YAXXZ
0x0044e0b0	indirect	??__Fg_VGS_CAVIARDATA@@YAXXZ
0x0044e0c0	extcall	??__Eg_VGSP_CAVIARDATA@@YAXXZ
0x0044e0e0	indirect	??__Fg_VGSP_CAVIARDATA@@YAXXZ
0x0044e0f0	extcall	??__Eg_VJTP_CAVIARDATA@@YAXXZ
0x0044e110	indirect	??__Fg_VJTP_CAVIARDATA@@YAXXZ
0x0044e120	extcall,fs,indirect	??__Eg_VJT0_CAVIARDATA@@YAXXZ
0x0044e150	extcall,fs,indirect	??__Fg_VJT0_CAVIARDATA@@YAXXZ
0x0044e170	extcall	??__Eg_VCU_CAVIARDATA@@YAXXZ
0x0044e190	indirect	??__Fg_VCU_CAVIARDATA@@YAXXZ
0x0044e1a0	extcall	??__Eg_VCUP_CAVIARDATA@@YAXXZ
0x0044e1c0	indirect	??__Fg_VCUP_CAVIARDATA@@YAXXZ
0x0044e1d0	extcall,fs,indirect	??__Eg_VCUA0_CAVIARDATA@@YAXXZ
0x0044e200	extcall,fs,indirect	??__Fg_VCUA0_CAVIARDATA@@YAXXZ
0x0044e220	extcall	??__Eg_VCUW_CAVIARDATA@@YAXXZ
0x0044e240	indirect	??__Fg_VCUW_CAVIARDATA@@YAXXZ
0x0044e250	extcall	??__Eg_VCT_CAVIARDATA@@YAXXZ
0x0044e270	indirect	??__Fg_VCT_CAVIARDATA@@YAXXZ
0x0044e280	extcall	??__Eg_VCTP_CAVIARDATA@@YAXXZ
0x0044e2a0	indirect	??__Fg_VCTP_CAVIARDATA@@YAXXZ
0x0044e2b0	extcall	??__Eg_VCTB_CAVIARDATA@@YAXXZ
0x0044e2d0	indirect	??__Fg_VCTB_CAVIARDATA@@YAXXZ
0x0044e2e0	extcall,fs,indirect	??__Eg_VCT0_CAVIARDATA@@YAXXZ
0x0044e310	extcall,fs,indirect	??__Fg_VCT0_CAVIARDATA@@YAXXZ
0x0044e330	extcall	??__Eg_VWNTT_CAVIARDATA@@YAXXZ
0x0044e350	indirect	??__Fg_VWNTT_CAVIARDATA@@YAXXZ
0x0044e360	extcall	??__Eg_VWNST_CAVIARDATA@@YAXXZ
0x0044e380	indirect	??__Fg_VWNST_CAVIARDATA@@YAXXZ
0x0044e390	extcall	??__Eg_VWNAA_CAVIARDATA@@YAXXZ
0x0044e3b0	indirect	??__Fg_VWNAA_CAVIARDATA@@YAXXZ
0x0044e3c0	extcall,fs,indirect	??__Eg_VW_CAVIARDATA@@YAXXZ
0x0044e3f0	extcall,fs,indirect	??__Fg_VW_CAVIARDATA@@YAXXZ
0x0044e410	extcall	??__Eg_VM_CAVIARDATA@@YAXXZ
0x0044e430	indirect	??__Fg_VM_CAVIARDATA@@YAXXZ
0x0044e440	extcall	??__Eg_VM13_CAVIARDATA@@YAXXZ
0x0044e460	indirect	??__Fg_VM13_CAVIARDATA@@YAXXZ
0x0044e470	extcall,fs,indirect	??__Eg_VPBR0_CAVIARDATA@@YAXXZ
0x0044e4a0	extcall,fs,indirect	??__Fg_VPBR0_CAVIARDATA@@YAXXZ
0x0044e4c0	extcall,fs,indirect	??__Eg_UNUSED_CAVIARDATA_VAR4@@YAXXZ
0x0044e4f0	extcall,fs,indirect	??__Fg_UNUSED_CAVIARDATA_VAR4@@YAXXZ
0x0044e510	extcall	??__Eg_NW_CAVIARDATA@@YAXXZ
0x0044e530	indirect	??__Fg_NW_CAVIARDATA@@YAXXZ
0x0044e540	extcall	??__Eg_NI_CAVIARDATA@@YAXXZ
0x0044e560	indirect	??__Fg_NI_CAVIARDATA@@YAXXZ
0x0044e570	extcall	??__Eg_NLC_CAVIARDATA@@YAXXZ
0x0044e590	indirect	??__Fg_NLC_CAVIARDATA@@YAXXZ
0x0044e5a0	extcall,fs,indirect	??__Eg_UNUSED_CAVIARDATA_VAR5@@YAXXZ
0x0044e5d0	extcall,fs,indirect	??__Fg_UNUSED_CAVIARDATA_VAR5@@YAXXZ
0x0044e5f0	extcall	??__Eg_RADIUS1_TEXTURE@@YAXXZ
0x0044e610	extcall,iat,indirect	??__Fg_RADIUS1_TEXTURE@@YAXXZ
0x0044e620	extcall	??__Eg_RADIUS2_TEXTURE@@YAXXZ
0x0044e640	extcall,iat,indirect	??__Fg_RADIUS2_TEXTURE@@YAXXZ
0x0044e650	extcall,fs,indirect	??__Eg_ROCKY_TEXTURES@@YAXXZ
0x0044e680	extcall,fs,indirect	??__Fg_ROCKY_TEXTURES@@YAXXZ
0x0044e6a0	extcall,fs,indirect	??__Eg_OCEAN_TEXTURES@@YAXXZ
0x0044e6d0	extcall,fs,indirect	??__Fg_OCEAN_TEXTURES@@YAXXZ
0x0044e6f0	extcall	??__Eg_FLAT_ARID_LAND_TEXTURE@@YAXXZ
0x0044e710	extcall,iat,indirect	??__Fg_FLAT_ARID_LAND_TEXTURE@@YAXXZ
0x0044e720	extcall,fs,indirect	??__Eg_MOIST_LAND_TEXTURES@@YAXXZ
0x0044e750	extcall,fs,indirect	??__Fg_MOIST_LAND_TEXTURES@@YAXXZ
0x0044e770	extcall,fs,indirect	??__Eg_RAINY_LAND_TEXTURES@@YAXXZ
0x0044e7a0	extcall,fs,indirect	??__Fg_RAINY_LAND_TEXTURES@@YAXXZ
0x0044e7c0	extcall,fs,indirect	??__Eg_JUNGLE_LAND_TEXTURES@@YAXXZ
0x0044e7f0	extcall,fs,indirect	??__Fg_JUNGLE_LAND_TEXTURES@@YAXXZ
0x0044e810	extcall	??__Eg_DUNE_LAND_TEXTURE@@YAXXZ
0x0044e830	extcall,iat,indirect	??__Fg_DUNE_LAND_TEXTURE@@YAXXZ
0x0044e840	extcall,fs,indirect	??__Eg_SUNNY_MESA_TEXTURES@@YAXXZ
0x0044e870	extcall,fs,indirect	??__Fg_SUNNY_MESA_TEXTURES@@YAXXZ
0x0044e890	extcall,fs,indirect	??__Eg_RAINFALL_SINGLE_TILE_TEXTURES@@YAXXZ
0x0044e8c0	extcall,fs,indirect	??__Fg_RAINFALL_SINGLE_TILE_TEXTURES@@YAXXZ
0x0044e8e0	extcall,fs,indirect	??__Eg_ROAD_TEXTURES@@YAXXZ
0x0044e910	extcall,fs,indirect	??__Fg_ROAD_TEXTURES@@YAXXZ
0x0044e930	extcall,fs,indirect	??__Eg_MAGTUBE_TEXTURES@@YAXXZ
0x0044e960	extcall,fs,indirect	??__Fg_MAGTUBE_TEXTURES@@YAXXZ
0x0044e980	extcall,fs,indirect	??__Eg_RIVER_TEXTURES@@YAXXZ
0x0044e9b0	extcall,fs,indirect	??__Fg_RIVER_TEXTURES@@YAXXZ
0x0044e9d0	extcall,fs,indirect	??__Eg_MOUNT_PLANET_TEXTURES@@YAXXZ
0x0044ea00	extcall,fs,indirect	??__Fg_MOUNT_PLANET_TEXTURES@@YAXXZ
0x0044ea20	extcall,fs,indirect	??__Eg_GARLAND_CRATER_TEXTURES@@YAXXZ
0x0044ea50	extcall,fs,indirect	??__Fg_GARLAND_CRATER_TEXTURES@@YAXXZ
0x0044ea70	extcall,fs,indirect	??__Eg_FUNGUS_TEXTURES@@YAXXZ
0x0044eaa0	extcall,fs,indirect	??__Fg_FUNGUS_TEXTURES@@YAXXZ
0x0044eac0	extcall,fs,indirect	??__Eg_FARM_TEXTURES@@YAXXZ
0x0044eaf0	extcall,fs,indirect	??__Fg_FARM_TEXTURES@@YAXXZ
0x0044eb10	extcall,fs,indirect	??__Eg_FOREST_TEXTURES@@YAXXZ
0x0044eb40	extcall,fs,indirect	??__Fg_FOREST_TEXTURES@@YAXXZ
0x0044eb60	extcall	??__Eg_RAINFALL_SINGLE_TILE_TEXTURE@@YAXXZ
0x0044eb80	extcall,iat,indirect	??__Fg_RAINFALL_SINGLE_TILE_TEXTURE@@YAXXZ
0x0044eb90	extcall,fs,indirect	??__Eg_TER1_WHITE_ORG_YEL_TILE_SPRITES@@YAXXZ
0x0044ebc0	extcall,fs,indirect	??__Fg_TER1_WHITE_ORG_YEL_TILE_SPRITES@@YAXXZ
0x0044ebe0	extcall,fs,indirect	??__Eg_TER1_BOTTOM_LEFT_TILE_SPRITES@@YAXXZ
0x0044ec10	extcall,fs,indirect	??__Fg_TER1_BOTTOM_LEFT_TILE_SPRITES@@YAXXZ
0x0044ec30	extcall,fs,indirect	??__Eg_TER1_UNUSED_SPRITES2@@YAXXZ
0x0044ec60	extcall,fs,indirect	??__Fg_TER1_UNUSED_SPRITES2@@YAXXZ
0x0044ec80	extcall	??__Eg_TER1_MINE_SPRITE@@YAXXZ
0x0044eca0	extcall,iat,indirect	??__Fg_TER1_MINE_SPRITE@@YAXXZ
0x0044ecb0	extcall	??__Eg_TER1_SOLAR_COLLECTOR_SPRITE@@YAXXZ
0x0044ecd0	extcall,iat,indirect	??__Fg_TER1_SOLAR_COLLECTOR_SPRITE@@YAXXZ
0x0044ece0	extcall	??__Eg_TER1_TIDAL_HARNESS_SPRITE@@YAXXZ
0x0044ed00	extcall,iat,indirect	??__Fg_TER1_TIDAL_HARNESS_SPRITE@@YAXXZ
0x0044ed10	extcall	??__Eg_TER1_MINING_PLATFORM_SPRITE@@YAXXZ
0x0044ed30	extcall,iat,indirect	??__Fg_TER1_MINING_PLATFORM_SPRITE@@YAXXZ
0x0044ed40	extcall	??__Eg_TER1_TUT_BLANK_SPRITE@@YAXXZ
0x0044ed60	extcall,iat,indirect	??__Fg_TER1_TUT_BLANK_SPRITE@@YAXXZ
0x0044ed70	extcall	??__Eg_TER1_KELP_FARM_SPRITE@@YAXXZ
0x0044ed90	extcall,iat,indirect	??__Fg_TER1_KELP_FARM_SPRITE@@YAXXZ
0x0044eda0	extcall	??__Eg_TER1_CONDENSER_SPRITE@@YAXXZ
0x0044edc0	extcall,iat,indirect	??__Fg_TER1_CONDENSER_SPRITE@@YAXXZ
0x0044edd0	extcall	??__Eg_TER1_ECHELON_MIRROR_SPRITE@@YAXXZ
0x0044edf0	extcall,iat,indirect	??__Fg_TER1_ECHELON_MIRROR_SPRITE@@YAXXZ
0x0044ee00	extcall	??__Eg_TER1_BOREHOLE_SPRITE@@YAXXZ
0x0044ee20	extcall,iat,indirect	??__Fg_TER1_BOREHOLE_SPRITE@@YAXXZ
0x0044ee30	extcall	??__Eg_TER1_BOREHOLE_CLUSTER_SPRITE@@YAXXZ
0x0044ee50	extcall,iat,indirect	??__Fg_TER1_BOREHOLE_CLUSTER_SPRITE@@YAXXZ
0x0044ee60	extcall,fs,indirect	??__Eg_TER1_MANIFOLD_NEXUS_SPRITES@@YAXXZ
0x0044ee90	extcall,fs,indirect	??__Fg_TER1_MANIFOLD_NEXUS_SPRITES@@YAXXZ
0x0044eeb0	extcall,fs,indirect	??__Eg_TER1WRECK_UNITY_WRECKAGE_SPRITES@@YAXXZ
0x0044eee0	extcall,fs,indirect	??__Fg_TER1WRECK_UNITY_WRECKAGE_SPRITES@@YAXXZ
0x0044ef00	extcall,fs,indirect	??__Eg_TER1WRECK_UNITY_WRECKAGE_ALT_SPRITES@@YAXXZ
0x0044ef30	extcall,fs,indirect	??__Fg_TER1WRECK_UNITY_WRECKAGE_ALT_SPRITES@@YAXXZ
0x0044ef50	extcall,fs,indirect	??__Eg_FOSSIL_FIELD_RIDGE_SPRITES@@YAXXZ
0x0044ef80	extcall,fs,indirect	??__Fg_FOSSIL_FIELD_RIDGE_SPRITES@@YAXXZ
0x0044efa0	extcall,fs,indirect	??__Eg_TER1_UNUSED_SPRITES1@@YAXXZ
0x0044efd0	extcall,fs,indirect	??__Fg_TER1_UNUSED_SPRITES1@@YAXXZ
0x0044eff0	extcall,fs,indirect	??__Eg_TER1_FARM_SPRITES@@YAXXZ
0x0044f020	extcall,fs,indirect	??__Fg_TER1_FARM_SPRITES@@YAXXZ
0x0044f040	extcall,fs,indirect	??__Eg_TER1_SOIL_ENRICHER_SPRITES@@YAXXZ
0x0044f070	extcall,fs,indirect	??__Fg_TER1_SOIL_ENRICHER_SPRITES@@YAXXZ
0x0044f090	extcall,fs,indirect	??__Eg_TER1_SEA_LAND_RESOURCE_SPRITES@@YAXXZ
0x0044f0c0	extcall,fs,indirect	??__Fg_TER1_SEA_LAND_RESOURCE_SPRITES@@YAXXZ
0x0044f0e0	extcall,fs,indirect	??__Eg_TER1_LANDMARK_RESOURCE_SPRITES@@YAXXZ
0x0044f110	extcall,fs,indirect	??__Fg_TER1_LANDMARK_RESOURCE_SPRITES@@YAXXZ
0x0044f130	extcall,fs,indirect	??__Eg_GLOW_SPRITES@@YAXXZ
0x0044f160	extcall,fs,indirect	??__Fg_GLOW_SPRITES@@YAXXZ
0x0044f180	extcall,fs,indirect	??__Eg_TER1_UNITY_POD_SPRITES@@YAXXZ
0x0044f1b0	extcall,fs,indirect	??__Fg_TER1_UNITY_POD_SPRITES@@YAXXZ
0x0044f1d0	extcall	??__Eg_TER1_MONOLITH_SPRITE@@YAXXZ
0x0044f1f0	extcall,iat,indirect	??__Fg_TER1_MONOLITH_SPRITE@@YAXXZ
0x0044f200	extcall	??__Eg_TER1_BUNKER_SPRITE@@YAXXZ
0x0044f220	extcall,iat,indirect	??__Fg_TER1_BUNKER_SPRITE@@YAXXZ
0x0044f230	extcall	??__Eg_TER1_AIRBASE_SPRITE@@YAXXZ
0x0044f250	extcall,iat,indirect	??__Fg_TER1_AIRBASE_SPRITE@@YAXXZ
0x0044f260	extcall	??__Eg_TER1_SENSOR_ARRAY_SPRITE@@YAXXZ
0x0044f280	extcall,iat,indirect	??__Fg_TER1_SENSOR_ARRAY_SPRITE@@YAXXZ
0x0044f290	extcall,fs,indirect	??__Eg_RAINFALL_DOUBLE_TILE_SPRITES@@YAXXZ
0x0044f2c0	extcall,fs,indirect	??__Fg_RAINFALL_DOUBLE_TILE_SPRITES@@YAXXZ
0x0044f2e0	extcall,fs,indirect	??__Eg_VEH_SPRITES@@YAXXZ
0x0044f310	extcall,fs,indirect	??__Fg_VEH_SPRITES@@YAXXZ
0x0044f330	extcall,fs,indirect	??__Eg_FLAGS_VEH_SPRITES@@YAXXZ
0x0044f360	extcall,fs,indirect	??__Fg_FLAGS_VEH_SPRITES@@YAXXZ
0x0044f380	extcall,fs,indirect	??__Eg_ICONS_GENERAL_SPRITES@@YAXXZ
0x0044f3b0	extcall,fs,indirect	??__Fg_ICONS_GENERAL_SPRITES@@YAXXZ
0x0044f3d0	extcall,fs,indirect	??__Eg_RESOURCE_ICON_SPRITES@@YAXXZ
0x0044f400	extcall,fs,indirect	??__Fg_RESOURCE_ICON_SPRITES@@YAXXZ
0x0044f420	extcall,fs,indirect	??__Eg_CITIZEN_LG_CURSOR_SPRITES@@YAXXZ
0x0044f450	extcall,fs,indirect	??__Fg_CITIZEN_LG_CURSOR_SPRITES@@YAXXZ
0x0044f470	extcall,fs,indirect	??__Eg_SPECIALIST_LG_CURSOR_SPRITES@@YAXXZ
0x0044f4a0	extcall,fs,indirect	??__Fg_SPECIALIST_LG_CURSOR_SPRITES@@YAXXZ
0x0044f4c0	extcall,fs,indirect	??__Eg_CITIZEN_SM_CURSOR_SPRITES@@YAXXZ
0x0044f4f0	extcall,fs,indirect	??__Fg_CITIZEN_SM_CURSOR_SPRITES@@YAXXZ
0x0044f510	extcall,fs,indirect	??__Eg_SPECIALIST_SM_CURSOR_SPRITES@@YAXXZ
0x0044f540	extcall,fs,indirect	??__Fg_SPECIALIST_SM_CURSOR_SPRITES@@YAXXZ
0x0044f560	extcall,fs,indirect	??__Eg_AL_CITIZEN_LG_CURSOR_SPRITES@@YAXXZ
0x0044f590	extcall,fs,indirect	??__Fg_AL_CITIZEN_LG_CURSOR_SPRITES@@YAXXZ
0x0044f5b0	extcall,fs,indirect	??__Eg_AL_SPECIALIST_LG_CURSOR_SPRITES@@YAXXZ
0x0044f5e0	extcall,fs,indirect	??__Fg_AL_SPECIALIST_LG_CURSOR_SPRITES@@YAXXZ
0x0044f600	extcall,fs,indirect	??__Eg_AL_CITIZEN_SM_CURSOR_SPRITES@@YAXXZ
0x0044f630	extcall,fs,indirect	??__Fg_AL_CITIZEN_SM_CURSOR_SPRITES@@YAXXZ
0x0044f650	extcall,fs,indirect	??__Eg_AL_SPECIALIST_SM_CURSOR_SPRITES@@YAXXZ
0x0044f680	extcall,fs,indirect	??__Fg_AL_SPECIALIST_SM_CURSOR_SPRITES@@YAXXZ
0x0044f6a0	extcall	??__Eg_RED_ALIEN_HEAD_ICON_SPRITE@@YAXXZ
0x0044f6c0	extcall,iat,indirect	??__Fg_RED_ALIEN_HEAD_ICON_SPRITE@@YAXXZ
0x0044f6d0	extcall,fs,indirect	??__Eg_SILVER_MENU_ICON_SPRITES@@YAXXZ
0x0044f700	extcall,fs,indirect	??__Fg_SILVER_MENU_ICON_SPRITES@@YAXXZ
0x0044f720	extcall,fs,indirect	??__Eg_SILVER_CHECKBOX_ICON_SPRITES@@YAXXZ
0x0044f750	extcall,fs,indirect	??__Fg_SILVER_CHECKBOX_ICON_SPRITES@@YAXXZ
0x0044f770	extcall	??__Eg_RED_MALE_HEAD_ICON_SPRITE@@YAXXZ
0x0044f790	extcall,iat,indirect	??__Fg_RED_MALE_HEAD_ICON_SPRITE@@YAXXZ
0x0044f7a0	extcall	??__Eg_NULL_RESOURCE_ICON_SPRITE@@YAXXZ
0x0044f7c0	extcall,iat,indirect	??__Fg_NULL_RESOURCE_ICON_SPRITE@@YAXXZ
0x0044f7d0	extcall,fs,indirect	??__Eg_PEACE_SIGN_SPRITES@@YAXXZ
0x0044f800	extcall,fs,indirect	??__Fg_PEACE_SIGN_SPRITES@@YAXXZ
0x0044f820	extcall	??__Eg_ICON_TILE_SQUARE_SPRITE@@YAXXZ
0x0044f840	extcall,iat,indirect	??__Fg_ICON_TILE_SQUARE_SPRITE@@YAXXZ
0x0044f850	extcall,fs,indirect	??__Eg_XI_BOOM_VEH_SPRITES@@YAXXZ
0x0044f880	extcall,fs,indirect	??__Fg_XI_BOOM_VEH_SPRITES@@YAXXZ
0x0044f8a0	extcall,fs,indirect	??__Eg_XF_BOOM_VEH_SPRITES@@YAXXZ
0x0044f8d0	extcall,fs,indirect	??__Fg_XF_BOOM_VEH_SPRITES@@YAXXZ
0x0044f8f0	extcall	??__Eg_BATTLE_MIND_WORM_SPRITE@@YAXXZ
0x0044f910	extcall,iat,indirect	??__Fg_BATTLE_MIND_WORM_SPRITE@@YAXXZ
0x0044f920	extcall	??__Eg_BATTLE_ISLE_DEEP_SPRITE@@YAXXZ
0x0044f940	extcall,iat,indirect	??__Fg_BATTLE_ISLE_DEEP_SPRITE@@YAXXZ
0x0044f950	extcall	??__Eg_BATTLE_LOCUSTS_CHIRON_SPRITE@@YAXXZ
0x0044f970	extcall,iat,indirect	??__Fg_BATTLE_LOCUSTS_CHIRON_SPRITE@@YAXXZ
0x0044f980	extcall	??__Eg_BATTLE_FUNGAL_TOWER_SPRITE@@YAXXZ
0x0044f9a0	extcall,iat,indirect	??__Fg_BATTLE_FUNGAL_TOWER_SPRITE@@YAXXZ
0x0044f9b0	extcall	??__Eg_BATTLE_SPORE_LAUNCHER_SPRITE@@YAXXZ
0x0044f9d0	extcall,iat,indirect	??__Fg_BATTLE_SPORE_LAUNCHER_SPRITE@@YAXXZ
0x0044f9e0	extcall	??__Eg_BATTLE_SEALURK_SPRITE@@YAXXZ
0x0044fa00	extcall,iat,indirect	??__Fg_BATTLE_SEALURK_SPRITE@@YAXXZ
0x0044fa10	extcall,fs,indirect	??__Eg_TECH_ICON_SPRITES@@YAXXZ
0x0044fa40	extcall,fs,indirect	??__Fg_TECH_ICON_SPRITES@@YAXXZ
0x0044fa60	extcall,fs,indirect	??__Eg_FACILITY_ICON_SPRITES@@YAXXZ
0x0044fa90	extcall,fs,indirect	??__Fg_FACILITY_ICON_SPRITES@@YAXXZ
0x0044fab0	extcall,fs,indirect	??__Eg_SECRET_PROJECT_ICON_SPRITES@@YAXXZ
0x0044fae0	extcall,fs,indirect	??__Fg_SECRET_PROJECT_ICON_SPRITES@@YAXXZ
0x0044fb00	extcall,fs,indirect	??__Eg_IFACE_MP_COMBO_ARROW_SPRITES@@YAXXZ
0x0044fb30	extcall,fs,indirect	??__Fg_IFACE_MP_COMBO_ARROW_SPRITES@@YAXXZ
0x0044fb50	extcall,fs,indirect	??__Eg_SCROLL_BAR_ARROW_ICON_SPRITES@@YAXXZ
0x0044fb80	extcall,fs,indirect	??__Fg_SCROLL_BAR_ARROW_ICON_SPRITES@@YAXXZ
0x0044fba0	extcall,fs,indirect	??__Eg_SCROLL_BAR_SMALL_ARROW_ICON_SPRITES@@YAXXZ
0x0044fbd0	extcall,fs,indirect	??__Fg_SCROLL_BAR_SMALL_ARROW_ICON_SPRITES@@YAXXZ
0x0044fbf0	extcall	??__Eg_SCROLL_BAR_FILLER_ICON_SPRITES@@YAXXZ
0x0044fc10	extcall,iat,indirect	??__Fg_SCROLL_BAR_FILLER_ICON_SPRITES@@YAXXZ
0x0044fc20	extcall	??__Eg_SCROLL_BAR_SMALL_FILLER_ICON_SPRITE@@YAXXZ
0x0044fc40	extcall,iat,indirect	??__Fg_SCROLL_BAR_SMALL_FILLER_ICON_SPRITE@@YAXXZ
0x0044fc50	extcall,fs,indirect	??__Eg_IFACE_LOCK_SPRITES@@YAXXZ
0x0044fc80	extcall,fs,indirect	??__Fg_IFACE_LOCK_SPRITES@@YAXXZ
0x0044fca0	extcall,fs,indirect	??__Eg_UNUSED_SPRITES_VAR01@@YAXXZ
0x0044fcd0	extcall,fs,indirect	??__Fg_UNUSED_SPRITES_VAR01@@YAXXZ
0x0044fcf0	extcall	??__Eg_IFACE_GENERAL_WINDOWS_TOP_LEFT_SPRITE@@YAXXZ
0x0044fd10	extcall,iat,indirect	??__Fg_IFACE_GENERAL_WINDOWS_TOP_LEFT_SPRITE@@YAXXZ
0x0044fd20	extcall	??__Eg_IFACE_GENERAL_WINDOWS_TOP_RIGHT_SPRITE@@YAXXZ
0x0044fd40	extcall,iat,indirect	??__Fg_IFACE_GENERAL_WINDOWS_TOP_RIGHT_SPRITE@@YAXXZ
0x0044fd50	extcall	??__Eg_IFACE_GENERAL_WINDOWS_BOT_LEFT_SPRITE@@YAXXZ
0x0044fd70	extcall,iat,indirect	??__Fg_IFACE_GENERAL_WINDOWS_BOT_LEFT_SPRITE@@YAXXZ
0x0044fd80	extcall	??__Eg_IFACE_GENERAL_WINDOWS_BOT_RIGHT_SPRITE@@YAXXZ
0x0044fda0	extcall,iat,indirect	??__Fg_IFACE_GENERAL_WINDOWS_BOT_RIGHT_SPRITE@@YAXXZ
0x0044fdb0	extcall	??__Eg_IFACE_GENERAL_WINDOWS_MID_LEFT_SPRITE@@YAXXZ
0x0044fdd0	extcall,iat,indirect	??__Fg_IFACE_GENERAL_WINDOWS_MID_LEFT_SPRITE@@YAXXZ
0x0044fde0	extcall	??__Eg_IFACE_GENERAL_WINDOWS_MID_RIGHT_SPRITE@@YAXXZ
0x0044fe00	extcall,iat,indirect	??__Fg_IFACE_GENERAL_WINDOWS_MID_RIGHT_SPRITE@@YAXXZ
0x0044fe10	extcall	??__Eg_IFACE_GENERAL_WINDOWS_TOP_MID_SPRITE@@YAXXZ
0x0044fe30	extcall,iat,indirect	??__Fg_IFACE_GENERAL_WINDOWS_TOP_MID_SPRITE@@YAXXZ
0x0044fe40	extcall	??__Eg_IFACE_GENERAL_WINDOWS_BOT_MID_SPRITE@@YAXXZ
0x0044fe60	extcall,iat,indirect	??__Fg_IFACE_GENERAL_WINDOWS_BOT_MID_SPRITE@@YAXXZ
0x0044fe70	extcall	??__Eg_IFACE_GENERAL_WINDOWS_NONCAP_MID_SPRITE@@YAXXZ
0x0044fe90	extcall,iat,indirect	??__Fg_IFACE_GENERAL_WINDOWS_NONCAP_MID_SPRITE@@YAXXZ
0x0044fea0	extcall	??__Eg_IFACE_GENERAL_WINDOWS_NONCAP_LEFT_SPRITE@@YAXXZ
0x0044fec0	extcall,iat,indirect	??__Fg_IFACE_GENERAL_WINDOWS_NONCAP_LEFT_SPRITE@@YAXXZ
0x0044fed0	extcall	??__Eg_IFACE_GENERAL_WINDOWS_NONCAP_RIGHT_SPRITE@@YAXXZ
0x0044fef0	extcall,iat,indirect	??__Fg_IFACE_GENERAL_WINDOWS_NONCAP_RIGHT_SPRITE@@YAXXZ
0x0044ff00	extcall	??__Eg_UNUSED_SPRITE_VAR23@@YAXXZ
0x0044ff20	extcall,iat,indirect	??__Fg_UNUSED_SPRITE_VAR23@@YAXXZ
0x0044ff30	extcall	??__Eg_UNUSED_SPRITE_VAR24@@YAXXZ
0x0044ff50	extcall,iat,indirect	??__Fg_UNUSED_SPRITE_VAR24@@YAXXZ
0x0044ff60	extcall	??__Eg_UNUSED_SPRITE_VAR25@@YAXXZ
0x0044ff80	extcall,iat,indirect	??__Fg_UNUSED_SPRITE_VAR25@@YAXXZ
0x0044ff90	extcall	??__Eg_UNUSED_SPRITE_VAR26@@YAXXZ
0x0044ffb0	extcall,iat,indirect	??__Fg_UNUSED_SPRITE_VAR26@@YAXXZ
0x0044ffc0	extcall	??__Eg_UNUSED_SPRITE_VAR27@@YAXXZ
0x0044ffe0	extcall,iat,indirect	??__Fg_UNUSED_SPRITE_VAR27@@YAXXZ
0x0044fff0	extcall	??__Eg_UNUSED_SPRITE_VAR28@@YAXXZ
0x00450010	extcall,iat,indirect	??__Fg_UNUSED_SPRITE_VAR28@@YAXXZ
0x00450020	extcall	??__Eg_UNUSED_SPRITE_VAR29@@YAXXZ
0x00450040	extcall,iat,indirect	??__Fg_UNUSED_SPRITE_VAR29@@YAXXZ
0x00450050	extcall	??__Eg_UNUSED_SPRITE_VAR30@@YAXXZ
0x00450070	extcall,iat,indirect	??__Fg_UNUSED_SPRITE_VAR30@@YAXXZ
0x00450080	extcall	??__Eg_UNUSED_SPRITE_VAR31@@YAXXZ
0x004500a0	extcall,iat,indirect	??__Fg_UNUSED_SPRITE_VAR31@@YAXXZ
0x004500b0	extcall	??__Eg_UNUSED_SPRITE_VAR32@@YAXXZ
0x004500d0	extcall,iat,indirect	??__Fg_UNUSED_SPRITE_VAR32@@YAXXZ
0x004500e0	extcall	??__Eg_UNUSED_SPRITE_VAR33@@YAXXZ
0x00450100	extcall,iat,indirect	??__Fg_UNUSED_SPRITE_VAR33@@YAXXZ
0x00450110	extcall	??__Eg_UNUSED_SPRITE_VAR34@@YAXXZ
0x00450130	extcall,iat,indirect	??__Fg_UNUSED_SPRITE_VAR34@@YAXXZ
0x00450140	extcall	??__Eg_UNUSED_SPRITE_VAR35@@YAXXZ
0x00450160	extcall,iat,indirect	??__Fg_UNUSED_SPRITE_VAR35@@YAXXZ
0x00450170	extcall	??__Eg_UNUSED_SPRITE_VAR36@@YAXXZ
0x00450190	extcall,iat,indirect	??__Fg_UNUSED_SPRITE_VAR36@@YAXXZ
0x004501a0	extcall	??__Eg_UNUSED_SPRITE_VAR37@@YAXXZ
0x004501c0	extcall,iat,indirect	??__Fg_UNUSED_SPRITE_VAR37@@YAXXZ
0x004501d0	extcall	??__Eg_UNUSED_SPRITE_VAR38@@YAXXZ
0x004501f0	extcall,iat,indirect	??__Fg_UNUSED_SPRITE_VAR38@@YAXXZ
0x00450200	extcall	??__Eg_UNUSED_SPRITE_VAR39@@YAXXZ
0x00450220	extcall,iat,indirect	??__Fg_UNUSED_SPRITE_VAR39@@YAXXZ
0x00450230	extcall	??__Eg_UNUSED_SPRITE_VAR40@@YAXXZ
0x00450250	extcall,iat,indirect	??__Fg_UNUSED_SPRITE_VAR40@@YAXXZ
0x00450260	extcall	??__Eg_UNUSED_SPRITE_VAR41@@YAXXZ
0x00450280	extcall,iat,indirect	??__Fg_UNUSED_SPRITE_VAR41@@YAXXZ
0x00450290	extcall	??__Eg_UNUSED_SPRITE_VAR42@@YAXXZ
0x004502b0	extcall,iat,indirect	??__Fg_UNUSED_SPRITE_VAR42@@YAXXZ
0x004502c0	extcall	??__Eg_UNUSED_SPRITE_VAR43@@YAXXZ
0x004502e0	extcall,iat,indirect	??__Fg_UNUSED_SPRITE_VAR43@@YAXXZ
0x004502f0	extcall	??__Eg_UNUSED_SPRITE_VAR44@@YAXXZ
0x00450310	extcall,iat,indirect	??__Fg_UNUSED_SPRITE_VAR44@@YAXXZ
0x00450320	extcall	??__Eg_UNUSED_SPRITE_VAR45@@YAXXZ
0x00450340	extcall,iat,indirect	??__Fg_UNUSED_SPRITE_VAR45@@YAXXZ
0x00450350	extcall	??__Eg_UNUSED_SPRITE_VAR46@@YAXXZ
0x00450370	extcall,iat,indirect	??__Fg_UNUSED_SPRITE_VAR46@@YAXXZ
0x00450380	extcall,fs,indirect	??__Eg_IFACE_TECH_TREE_ARROW_SPRITES@@YAXXZ
0x004503b0	extcall,fs,indirect	??__Fg_IFACE_TECH_TREE_ARROW_SPRITES@@YAXXZ
0x004503d0	extcall	??__Eg_UNUSED_SPRITE_VAR47@@YAXXZ
0x004503f0	extcall,iat,indirect	??__Fg_UNUSED_SPRITE_VAR47@@YAXXZ
0x00450400	extcall	??__Eg_UNUSED_SPRITE_VAR48@@YAXXZ
0x00450420	extcall,iat,indirect	??__Fg_UNUSED_SPRITE_VAR48@@YAXXZ
0x00450430	extcall	??__Eg_UNUSED_SPRITE_VAR49@@YAXXZ
0x00450450	extcall,iat,indirect	??__Fg_UNUSED_SPRITE_VAR49@@YAXXZ
0x00450460	extcall	??__Eg_UNUSED_SPRITE_VAR50@@YAXXZ
0x00450480	extcall,iat,indirect	??__Fg_UNUSED_SPRITE_VAR50@@YAXXZ
0x00450490	extcall	??__Eg_UNUSED_SPRITE_VAR51@@YAXXZ
0x004504b0	extcall,iat,indirect	??__Fg_UNUSED_SPRITE_VAR51@@YAXXZ
0x004504c0	extcall	??__Eg_UNUSED_SPRITE_VAR52@@YAXXZ
0x004504e0	extcall,iat,indirect	??__Fg_UNUSED_SPRITE_VAR52@@YAXXZ
0x004504f0	extcall	??__Eg_UNUSED_SPRITE_VAR53@@YAXXZ
0x00450510	extcall,iat,indirect	??__Fg_UNUSED_SPRITE_VAR53@@YAXXZ
0x00450520	extcall	??__Eg_UNUSED_SPRITE_VAR54@@YAXXZ
0x00450540	extcall,iat,indirect	??__Fg_UNUSED_SPRITE_VAR54@@YAXXZ
0x00450550	extcall	??__Eg_UNUSED_SPRITE_VAR55@@YAXXZ
0x00450570	extcall,iat,indirect	??__Fg_UNUSED_SPRITE_VAR55@@YAXXZ
0x00450580	extcall	??__Eg_UNUSED_SPRITE_VAR56@@YAXXZ
0x004505a0	extcall,iat,indirect	??__Fg_UNUSED_SPRITE_VAR56@@YAXXZ
0x004505b0	extcall	??__Eg_UNUSED_SPRITE_VAR57@@YAXXZ
0x004505d0	extcall,iat,indirect	??__Fg_UNUSED_SPRITE_VAR57@@YAXXZ
0x004505e0	extcall	??__Eg_UNUSED_SPRITE_VAR58@@YAXXZ
0x00450600	extcall,iat,indirect	??__Fg_UNUSED_SPRITE_VAR58@@YAXXZ
0x00450610	extcall	??__Eg_UNUSED_SPRITE_VAR59@@YAXXZ
0x00450630	extcall,iat,indirect	??__Fg_UNUSED_SPRITE_VAR59@@YAXXZ
0x00450640	extcall	??__Eg_UNUSED_SPRITE_VAR60@@YAXXZ
0x00450660	extcall,iat,indirect	??__Fg_UNUSED_SPRITE_VAR60@@YAXXZ
0x00450670	extcall	??__Eg_UNUSED_SPRITE_VAR61@@YAXXZ
0x00450690	extcall,iat,indirect	??__Fg_UNUSED_SPRITE_VAR61@@YAXXZ
0x004506a0	extcall	??__Eg_UNUSED_SPRITE_VAR62@@YAXXZ
0x004506c0	extcall,iat,indirect	??__Fg_UNUSED_SPRITE_VAR62@@YAXXZ
0x004506d0	extcall	??__Eg_UNUSED_SPRITE_VAR63@@YAXXZ
0x004506f0	extcall,iat,indirect	??__Fg_UNUSED_SPRITE_VAR63@@YAXXZ
0x00450700	extcall	??__Eg_UNUSED_SPRITE_VAR64@@YAXXZ
0x00450720	extcall,iat,indirect	??__Fg_UNUSED_SPRITE_VAR64@@YAXXZ
0x00450730	extcall	??__Eg_UNUSED_SPRITE_VAR65@@YAXXZ
0x00450750	extcall,iat,indirect	??__Fg_UNUSED_SPRITE_VAR65@@YAXXZ
0x00450760	extcall	??__Eg_UNUSED_SPRITE_VAR66@@YAXXZ
0x00450780	extcall,iat,indirect	??__Fg_UNUSED_SPRITE_VAR66@@YAXXZ
0x00450790	extcall	??__Eg_UNUSED_SPRITE_VAR67@@YAXXZ
0x004507b0	extcall,iat,indirect	??__Fg_UNUSED_SPRITE_VAR67@@YAXXZ
0x004507c0	extcall	??__Eg_UNUSED_SPRITE_VAR68@@YAXXZ
0x004507e0	extcall,iat,indirect	??__Fg_UNUSED_SPRITE_VAR68@@YAXXZ
0x004507f0	extcall	??__Eg_UNUSED_SPRITE_VAR69@@YAXXZ
0x00450810	extcall,iat,indirect	??__Fg_UNUSED_SPRITE_VAR69@@YAXXZ
0x00450820	extcall	??__Eg_UNUSED_SPRITE_VAR70@@YAXXZ
0x00450840	extcall,iat,indirect	??__Fg_UNUSED_SPRITE_VAR70@@YAXXZ
0x00450850	extcall	??__Eg_UNUSED_SPRITE_VAR71@@YAXXZ
0x00450870	extcall,iat,indirect	??__Fg_UNUSED_SPRITE_VAR71@@YAXXZ
0x00450880	extcall	??__Eg_UNUSED_SPRITE_VAR72@@YAXXZ
0x004508a0	extcall,iat,indirect	??__Fg_UNUSED_SPRITE_VAR72@@YAXXZ
0x004508b0	extcall	??__Eg_UNUSED_SPRITE_VAR73@@YAXXZ
0x004508d0	extcall,iat,indirect	??__Fg_UNUSED_SPRITE_VAR73@@YAXXZ
0x004508e0	extcall	??__Eg_UNUSED_SPRITE_VAR74@@YAXXZ
0x00450900	extcall,iat,indirect	??__Fg_UNUSED_SPRITE_VAR74@@YAXXZ
0x00450910	extcall,fs,indirect	??__Eg_UNUSED_SPRITES_VAR02@@YAXXZ
0x00450940	extcall,fs,indirect	??__Fg_UNUSED_SPRITES_VAR02@@YAXXZ
0x00450960	extcall,fs,indirect	??__Eg_UNUSED_SPRITES_VAR03@@YAXXZ
0x00450990	extcall,fs,indirect	??__Fg_UNUSED_SPRITES_VAR03@@YAXXZ
0x004509b0	extcall,fs,indirect	??__Eg_UNUSED_SPRITES_VAR04@@YAXXZ
0x004509e0	extcall,fs,indirect	??__Fg_UNUSED_SPRITES_VAR04@@YAXXZ
0x00450a00	extcall,fs,indirect	??__Eg_UNUSED_SPRITES_VAR05@@YAXXZ
0x00450a30	extcall,fs,indirect	??__Fg_UNUSED_SPRITES_VAR05@@YAXXZ
0x00450a50	extcall,fs,indirect	??__Eg_UNUSED_SPRITES_VAR06@@YAXXZ
0x00450a80	extcall,fs,indirect	??__Fg_UNUSED_SPRITES_VAR06@@YAXXZ
0x00450aa0	extcall,fs,indirect	??__Eg_UNUSED_SPRITES_VAR07@@YAXXZ
0x00450ad0	extcall,fs,indirect	??__Fg_UNUSED_SPRITES_VAR07@@YAXXZ
0x00450af0	extcall,fs,indirect	??__Eg_UNUSED_SPRITES_VAR08@@YAXXZ
0x00450b20	extcall,fs,indirect	??__Fg_UNUSED_SPRITES_VAR08@@YAXXZ
0x00450b40	extcall,fs,indirect	??__Eg_UNUSED_SPRITES_VAR09@@YAXXZ
0x00450b70	extcall,fs,indirect	??__Fg_UNUSED_SPRITES_VAR09@@YAXXZ
0x00450b90	extcall,fs,indirect	??__Eg_UNUSED_SPRITES_VAR10@@YAXXZ
0x00450bc0	extcall,fs,indirect	??__Fg_UNUSED_SPRITES_VAR10@@YAXXZ
0x00450be0	extcall	??__Eg_UNUSED_SPRITE_VAR75@@YAXXZ
0x00450c00	extcall,iat,indirect	??__Fg_UNUSED_SPRITE_VAR75@@YAXXZ
0x00450c10	extcall	??__Eg_UNUSED_SPRITE_VAR76@@YAXXZ
0x00450c30	extcall,iat,indirect	??__Fg_UNUSED_SPRITE_VAR76@@YAXXZ
0x00450c40	extcall	??__Eg_UNUSED_SPRITE_VAR77@@YAXXZ
0x00450c60	extcall,iat,indirect	??__Fg_UNUSED_SPRITE_VAR77@@YAXXZ
0x00450c70	extcall	??__Eg_UNUSED_SPRITE_VAR78@@YAXXZ
0x00450c90	extcall,iat,indirect	??__Fg_UNUSED_SPRITE_VAR78@@YAXXZ
0x00450ca0	extcall	??__Eg_UNUSED_SPRITE_VAR79@@YAXXZ
0x00450cc0	extcall,iat,indirect	??__Fg_UNUSED_SPRITE_VAR79@@YAXXZ
0x00450cd0	extcall	??__Eg_UNUSED_SPRITE_VAR80@@YAXXZ
0x00450cf0	extcall,iat,indirect	??__Fg_UNUSED_SPRITE_VAR80@@YAXXZ
0x00450d00	extcall	??__Eg_UNUSED_SPRITE_VAR81@@YAXXZ
0x00450d20	extcall,iat,indirect	??__Fg_UNUSED_SPRITE_VAR81@@YAXXZ
0x00450d30	extcall	??__Eg_UNUSED_SPRITE_VAR82@@YAXXZ
0x00450d50	extcall,iat,indirect	??__Fg_UNUSED_SPRITE_VAR82@@YAXXZ
0x00450d60	extcall	??__Eg_UNUSED_SPRITE_VAR83@@YAXXZ
0x00450d80	extcall,iat,indirect	??__Fg_UNUSED_SPRITE_VAR83@@YAXXZ
0x00450d90	extcall,fs,indirect	??__Eg_BASEWIN_SPRITES@@YAXXZ
0x00450dc0	extcall,fs,indirect	??__Fg_BASEWIN_SPRITES@@YAXXZ
0x00450de0	extcall,iat,indirect	sub_450de0
0x00450e30	extcall,iat,indirect	sub_450e30
0x00450e80	extcall,iat,indirect	sub_450e80
0x00450ed0	extcall,iat,indirect	sub_450ed0
0x00450f30	extcall,iat,indirect	sub_450f30
0x00450f90	extcall,iat,indirect	sub_450f90
0x00450fb0	extcall,iat,indirect	sub_450fb0
0x00451030	extcall,fs,iat,indirect,x87	?load_voxels@@YAXXZ
0x00451a10	extcall,fs,iat,indirect,x87	?load_palette@@YAXXZ
0x00451c50	extcall,fs,iat,indirect,x87	?load_terrain@@YAXXZ
0x00453710	extcall,fs,iat,indirect,x87	?load_faction_art@@YAXH@Z
0x00453a20	ok	?load_bases@@YAXXZ
0x00453a70	extcall,fs,iat,indirect	?load_box_sprites@@YAXXZ
0x00453f70	extcall,fs,iat,indirect	?load_flags@@YAXXZ
0x00454270	extcall,fs,iat,indirect	?load_vehicles@@YAXXZ
0x004547e0	extcall,fs,iat,indirect	?load_icons@@YAXXZ
0x00454d10	extcall,iat,indirect	?load_misc@@YAXXZ
0x00454fc0	extcall,fs,iat,indirect	?load_cursors@@YAXXZ
0x00455400	extcall,fs,iat,indirect,undef=4	?load_cycling@@YAXXZ
0x004554c0	extcall,iat,indirect,undef=4	?def_caption_draw@@YAHPAUGraphicWin@@PADPAUBuffer@@@Z
0x00455610	extcall,fs,iat,indirect	?load_interface@@YAXH@Z
0x00455e50	extcall,fs,iat,indirect	?load_deswin_sprites@@YAXXZ
0x00455e80	extcall,fs,iat,indirect,x87	?load_fixed_sprites@@YAXXZ
0x00455eb0	extcall,fs,iat,indirect,x87	?load_sprites@@YAXXZ
0x00455f10	extcall,fs,iat,indirect	??0FactionArt@@QAE@XZ
0x00456010	extcall,fs,iat,indirect	??1FactionArt@@QAE@XZ
0x00456100	indirect	??1CaviarData@@QAE@XZ
0x00456110	extcall,fs,iat,indirect,x87	??1Gamma@@QAE@XZ
0x00456280	extcall,fs,iat,indirect,undef=4,x87	??_GGamma@@UAEPAXI@Z
0x004562b0	extcall,fs,iat,indirect,x87	??3Gamma@@SAXPAXI@Z
0x004562c0	extcall,fs,iat,indirect,x87	??__Eg_INFOWIN@@YAXXZ
0x004562e0	extcall,fs,iat,indirect,x87	??__Fg_INFOWIN@@YAXXZ
0x004562f0	ok	?UNK1@InfoWin@@QAEXXZ
0x00456300	extcall,fs,iat,indirect,x87	?setup_text@InfoWin@@QAEXXZ
0x00458420	extcall,fs,iat,indirect,x87	?draw_text@InfoWin@@QAEXH@Z
0x004588b0	extcall,fs,iat,indirect,x87	?UNK2@InfoWin@@QAEXXZ
0x00458900	ok	?change@InfoWin@@QAEXH@Z
0x00458910	ok	?on_redraw@InfoWin@@QAEXXZ
0x00458920	ok	?UNK3@InfoWin@@QAEXHH@Z
0x00458930	extcall,fs,iat,indirect,x87	?on_left_click@InfoWin@@QAEXHH@Z
0x004589c0	extcall,fs,iat,indirect,x87	?right_menu@InfoWin@@QAEXHH@Z
0x00458d40	extcall,fs,iat,indirect,x87	?on_right_click@InfoWin@@QAEXHH@Z
0x00458d60	undef=4	?UNK4@InfoWin@@QAEXXZ
0x00458dc0	undef=4	?state_valid@InfoWin@@QAEHH@Z
0x00458f10	extcall,fs,iat,indirect,x87	?set_state@InfoWin@@QAEXHH@Z
0x00458ff0	extcall,fs,iat,indirect,x87	?timer_change@InfoWin@@QAEXH@Z
0x00459150	extcall,fs,iat,indirect,undef=4,x87	?timer_proc@InfoWin@@QAEXH@Z
0x00459260	extcall,fs,iat,indirect,undef=4,x87	?timer_daemon@InfoWin@@QAAXH@Z
0x00459280	extcall,fs,iat,indirect,undef=4,x87	?reset@InfoWin@@QAEXXZ
0x004592a0	extcall,iat,indirect	?init@InfoWin@@QAEXXZ
0x00459420	extcall,fs,iat,indirect	?UNK5@InfoWin@@QAEXHHHHH@Z
0x004594a0	extcall,fs,iat,indirect,x87	??1InfoWin@@QAE@XZ
0x00459500	extcall,fs,iat,indirect,x87	??0InfoWin@@QAE@XZ
0x00459560	extcall,fs,iat,indirect,x87	??__Eg_MAININTERFACE@@YAXXZ
0x00459580	extcall,fs,iat,indirect,x87	??__Fg_MAININTERFACE@@YAXXZ
0x00459590	extcall,fs,indirect	??__Eg_MAININTERFACE_WAVE@@YAXXZ
0x004595b0	extcall,fs,iat,indirect	??__Fg_MAININTERFACE_WAVE@@YAXXZ
0x004595c0	extcall,fs,iat,indirect,x87	?bung_momma@@YAXXZ
0x00459680	extcall,fs,iat,indirect,undef=4,x87	?init@MainInterface@@QAEHH@Z
0x0045b550	extcall,fs,iat,indirect,undef=4,x87	?draw_edit_pane@MainInterface@@QAEXXZ
0x0045bc50	extcall,fs,iat,indirect,undef=4,x87	?on_redraw@MainInterface@@QAEXXZ
0x0045be80	extcall,fs,iat,indirect,x87	?set_date@MainInterface@@QAEXPAD@Z
0x0045c0b0	extcall,fs,iat,indirect,x87	?chat@MainInterface@@QAEXPADH@Z
0x0045c0f0	extcall,fs,iat,indirect,x87	?set_message@MainInterface@@QAEXPADHHHH@Z
0x0045c170	ok	?clear_message@MainInterface@@QAEXXZ
0x0045c180	iat,indirect	?timer_callback_daemon@MainInterface@@QAEXH@Z
0x0045c200	iat,indirect,undef=4	?timer_callback_daemon@MainInterface@@QAAXHH@Z
0x0045c280	ok	?UNK1@MainInterface@@QAEXH@Z
0x0045c290	iat,indirect	?restore_back@MainInterface@@QAEXH@Z
0x0045c3a0	extcall,iat,indirect	?redraw_complete@MainInterface@@QAEXXZ
0x0045c5b0	ok	?UNK2@MainInterface@@QAEXXZ
0x0045c5c0	indirect,undef=4	?on_scrolling@MainInterface@@QAEXHH@Z
0x0045c600	indirect,undef=4	?on_scrolled@MainInterface@@QAEXHH@Z
0x0045c640	indirect,undef=4	?on_left_double_click@MainInterface@@QAEXHH@Z
0x0045c680	indirect,undef=4	?on_right_double_click@MainInterface@@QAEXHH@Z
0x0045c6c0	indirect,undef=4	?on_left_up@MainInterface@@QAEXHH@Z
0x0045c700	indirect,undef=4	?on_left_click@MainInterface@@QAEXHH@Z
0x0045c740	indirect,undef=4	?on_right_click@MainInterface@@QAEXHH@Z
0x0045c780	indirect,undef=4	?on_left_down@MainInterface@@QAEXHH@Z
0x0045c7c0	indirect,undef=4	?on_right_down@MainInterface@@QAEXHH@Z
0x0045c800	indirect,undef=4	?on_button_clicked@MainInterface@@QAEXH@Z
0x0045c830	indirect,undef=4	?on_button_pressed@MainInterface@@QAEHH@Z
0x0045c870	indirect,undef=4	?on_button_toggled@MainInterface@@QAEXHH@Z
0x0045c8b0	indirect,undef=4	?on_dialog_back_draw@MainInterface@@QAEHPAUGraphicWin@@@Z
0x0045c8f0	indirect,undef=4	?on_dialog_item_back_draw@MainInterface@@QAEHPAUGraphicWin@@HHPAURECT@@@Z
0x0045c940	indirect,undef=4	?on_group_clicked@MainInterface@@QAEXHHH@Z
0x0045c980	indirect,undef=4	?on_mouse_move@MainInterface@@QAEXHH@Z
0x0045c9c0	indirect,undef=4	?on_mouse_leave@MainInterface@@QAEXHH@Z
0x0045ca00	indirect,undef=4	?on_selected@MainInterface@@QAEXHH@Z
0x0045ca40	extcall,fs,iat,indirect,x87	?on_status@MainInterface@@QAEXH@Z
0x0045cc80	ok	?on_iface_scrolled@MainInterface@@QAEXHH@Z
0x0045cc90	ok	?on_iface_scrolling@MainInterface@@QAEXHH@Z
0x0045cca0	ok	?on_iface_button_toggled@MainInterface@@QAEXHH@Z
0x0045ccb0	extcall,fs,iat,indirect,undef=4,x87	?on_iface_group_clicked@MainInterface@@QAEXHHH@Z
0x0045cd80	extcall,fs,iat,indirect,undef=4,x87	?on_iface_left_double_click@MainInterface@@QAEXHH@Z
0x0045cdb0	ok	?on_iface_right_double_click@MainInterface@@QAEXHH@Z
0x0045cdc0	extcall,fs,iat,indirect,undef=4,x87	?on_iface_left_click@MainInterface@@QAEXHH@Z
0x0045ce80	extcall,fs,iat,indirect,undef=4,x87	?on_iface_right_click@MainInterface@@QAEXHH@Z
0x0045cf40	extcall,fs,iat,indirect,x87	?on_iface_left_down@MainInterface@@QAEXHH@Z
0x0045cf80	extcall,fs,iat,indirect,x87	?on_iface_right_down@MainInterface@@QAEXHH@Z
0x0045d000	extcall,fs,iat,indirect,undef=4,x87	?on_iface_mouse_move@MainInterface@@QAEXHH@Z
0x0045d110	extcall,fs,iat,indirect,x87	?on_iface_mouse_leave@MainInterface@@QAEXHH@Z
0x0045d140	extcall,fs,iat,indirect,x87	?on_iface_selected@MainInterface@@QAEXHH@Z
0x0045d160	undef=4	?on_iface_button_pressed@MainInterface@@QAEHH@Z
0x0045d170	extcall,fs,iat,indirect,x87	?on_iface_button_clicked@MainInterface@@QAEXH@Z
0x0045d2a0	iat,indirect,undef=4	?set_alert@MainInterface@@QAEXH@Z
0x0045d2e0	ok	?delete_iface_mode@SubInterface@@QAEXXZ
0x0045d310	iat,indirect,undef=4	?set_iface_mode@SubInterface@@QAEXXZ
0x0045d380	iat,indirect,undef=4	?release_iface_mode@SubInterface@@QAEXXZ
0x0045d440	extcall,fs,iat,indirect,x87	?slide_show@@YAXPAUGraphicWin@@H@Z
0x0045d970	extcall,fs,iat,indirect,x87	?slide_hide@@YAXPAUGraphicWin@@H@Z
0x0045dea0	extcall,fs,iat,indirect,x87	?scroll_show@@YAXPAUGraphicWin@@PAUScroll@@@Z
0x0045e540	extcall,fs,iat,indirect,x87	?scroll_hide@@YAXPAUGraphicWin@@PAUScroll@@@Z
0x0045eb60	ok	?UNK3@MainInterface@@QAEXXZ
0x0045eb70	ok	?UNK4@MainInterface@@QAEXXZ
0x0045eb80	extcall,fs,iat,indirect,x87	??1MainInterface@@QAE@XZ
0x0045ef10	extcall,fs,iat,indirect,x87	??0MainInterface@@QAE@XZ
0x0045f1c0	extcall,fs,iat,indirect,undef=4,x87	??_GMainInterface@@UAEPAXI@Z
0x0045f1f0	extcall,fs,iat,indirect,x87	??3MainInterface@@SAXPAXI@Z
0x0045f200	extcall,fs,iat,indirect,x87	??0Interlude@@QAE@XZ
0x0045f2e0	extcall,fs,iat,indirect,x87	?exec@Interlude@@QAEXPAD@Z
0x0045f5c0	extcall,iat,indirect	?on_redraw@Interlude@@QAEHXZ
0x0045f640	extcall,fs,iat,indirect,x87	?close@Interlude@@QAEXXZ
0x0045f6f0	indirect	?on_key_down@Interlude@@QAEXH@Z
0x0045f700	indirect	?on_left_down@Interlude@@QAEXHH@Z
0x0045f710	extcall,fs,iat,indirect,undef=4,x87	??_GInterlude@@UAEPAXI@Z
0x0045f740	extcall,fs,iat,indirect,x87	??1Interlude@@QAE@XZ
0x0045f910	extcall,fs,iat,indirect,x87	??3Interlude@@SAXPAXI@Z
0x0045f920	extcall	??__Eg_JACKAL_FONT@@YAXXZ
0x0045f940	extcall,iat,indirect	??__Fg_JACKAL_FONT@@YAXXZ
0x0045f950	extcall,fs,iat,indirect,undef=4,x87	_WinMain@16
0x0045fb20	extcall,fs,iat,indirect,undef=4,x87	?menu_init@MainMenu@@QAEHXZ
0x00460dd0	extcall,fs,iat,indirect,undef=4,x87	?check@MainMenu@@QAEXH@Z
0x00462080	extcall,fs,iat,indirect,x87	??__Eg_MAPWIN@@YAXXZ
0x004620a0	extcall,fs,iat,indirect,x87	??__Fg_MAPWIN@@YAXXZ
0x004620c0	undef=4	sub_4620c0
0x00462190	undef=4	?alt_get_ocean_detail@@YAHHHHH@Z
0x004626e0	extcall,fs,iat,indirect,x87	??0MapWin@@QAE@H@Z
0x00462870	extcall,iat,indirect,undef=4	?clear@MapWin@@QAEXH@Z
0x00462960	ok	?UNK1@MapWin@@QAEHXZ
0x00462970	undef=4	?UNK2@MapWin@@QAEHXZ
0x00462980	extcall,iat,indirect	?calculate_dimensions@MapWin@@QAEXXZ
0x00462f00	ok	?tile_to_pixel@MapWin@@QAEXHHPAHPAH@Z
0x00463040	undef=4	?pixel_to_tile@MapWin@@QAEHHHPAHPAH@Z
0x004632d0	extcall,fs,iat,indirect,undef=4,x87	?gen_terrain_poly@MapWin@@QAAHPAUBuffer@@PAUMapWin@@HHHHHHHH@Z
0x00466ca0	extcall,fs,iat,indirect,undef=4,x87	?draw_vehicles@MapWin@@QAEXHHHHH@Z
0x00467190	extcall,fs,iat,indirect,undef=4,x87	?draw_bases@MapWin@@QAEXHHHHH@Z
0x004672c0	extcall,fs,iat,indirect,x87	?direct_dest_line@MapWin@@QAEXHHHHHHHH@Z
0x00467430	extcall,fs,iat,indirect,undef=4,x87	?dest_line@MapWin@@QAEXHHHHHHHHHHH@Z
0x00467960	ok	?UNK3@MapWin@@QAEXXZ
0x00467970	extcall,fs,iat,indirect,undef=4,x87	?draw_base_dest@MapWin@@QAEXH@Z
0x00467de0	extcall,fs,iat,indirect,undef=4,x87	?draw_base_names@MapWin@@QAEXXZ
0x004688e0	extcall,iat,indirect,undef=4	?gen_overlays@MapWin@@QAEXHH@Z
0x00468c20	extcall,fs,iat,indirect,undef=4,x87	?gen_tile@MapWin@@QAEXHHHH@Z
0x00468cd0	iat,indirect,undef=4	?compute_clip@MapWin@@QAEHHHHPAURECT@@@Z
0x00468f90	extcall,fs,iat,indirect,x87	?draw_vehicles@MapWin@@QAEXHHHH@Z
0x00469190	extcall,fs,iat,indirect,undef=4,x87	?gen_radius@MapWin@@QAEXHHHHH@Z
0x00469720	extcall,fs,iat,indirect	?draw_legend@MapWin@@QAEXXZ
0x004698d0	extcall,iat,indirect	?draw_wars@MapWin@@QAEXXZ
0x00469b40	extcall,fs,iat,indirect,undef=4,x87	?gen_bases_only@MapWin@@QAEXXZ
0x00469ca0	extcall,fs,iat,indirect,undef=4,x87	?gen_map@MapWin@@QAEXHH@Z
0x0046a2a0	extcall,fs,iat,indirect,undef=4,x87	?draw_radius@MapWin@@QAEXHHHH@Z
0x0046a4a0	extcall,fs,iat,indirect,x87	?draw_tile@MapWin@@QAEXHHH@Z
0x0046a530	extcall,fs,iat,indirect,x87	?draw_radius@MapWin@@QAEXHHH@Z
0x0046a550	extcall,fs,iat,indirect,undef=4,x87	?draw_map@MapWin@@QAEXH@Z
0x0046ad60	extcall,fs,iat,indirect,x87	?draw_cursor@MapWin@@QAEXXZ
0x0046ae00	extcall,fs,iat,indirect,x87	?draw_cursor@@YAXXZ
0x0046aef0	extcall,fs,iat,indirect,x87	?draw_radius@@YAXHHHH@Z
0x0046af40	extcall,fs,iat,indirect,x87	?draw_tile@@YAXHHH@Z
0x0046af90	extcall,fs,iat,indirect,x87	?draw_tile_fixup@@YAXHHHH@Z
0x0046b040	extcall,fs,iat,indirect,x87	?draw_tile_fixup@@YAXHHHHHH@Z
0x0046b140	extcall,fs,iat,indirect,x87	?draw_tiles@@YAXHHH@Z
0x0046b190	extcall,fs,iat,indirect,x87	?draw_map@@YAXH@Z
0x0046b1d0	extcall,fs,iat,indirect,undef=4,x87	?on_redraw@MapWin@@QAEXXZ
0x0046b1f0	extcall,fs,iat,indirect,undef=4,x87	?set_center@MapWin@@QAEXHHH@Z
0x0046b310	extcall,fs,iat,indirect,undef=4,x87	?focus@MapWin@@QAEHHH@Z
0x0046b510	extcall,fs,iat,indirect,undef=4,x87	?editor@MapWin@@QAEXHHH@Z
0x0046c020	extcall,fs,iat,indirect,x87	?UNK4@MapWin@@QAEXHH@Z
0x0046c0d0	extcall,fs,iat,indirect,undef=4,x87	?right_menu@MapWin@@QAEXHHHH@Z
0x0046d5d0	extcall,fs,iat,indirect,x87	?click@MapWin@@QAEXHHH@Z
0x0046eb90	extcall,fs,iat,indirect,x87	?on_lose_mouse_capture@MapWin@@QAEXXZ
0x0046eba0	extcall,fs,iat,indirect,undef=4,x87	?on_left_click@MapWin@@QAEXHH@Z
0x0046ebd0	ok	?on_left_double_click@MapWin@@QAEXHH@Z
0x0046ebe0	extcall,fs,iat,indirect,undef=4,x87	?on_right_click@MapWin@@QAEXHH@Z
0x0046ec10	extcall,fs,iat,indirect,x87	?on_right_down@MapWin@@QAEXHH@Z
0x0046ed30	extcall,fs,iat,indirect,undef=4,x87	?on_left_down@MapWin@@QAEXHH@Z
0x0046eff0	ok	?on_left_up@MapWin@@QAEXHH@Z
0x0046f000	extcall,fs,iat,indirect,undef=4,x87	?on_mouse_move@MapWin@@QAEXHH@Z
0x0046f660	undef=4	?on_nc_hittest@MapWin@@QAEXHH@Z
0x0046f700	indirect,undef=4	?on_nc_left_down@MapWin@@QAEXHH@Z
0x0046f880	extcall,fs,iat,indirect,undef=4,x87	?on_sys_close@MapWin@@QAEXXZ
0x0046f8c0	extcall,fs,iat,indirect,x87	?on_button_clicked@MapWin@@QAEXH@Z
0x0046fa00	undef=4	?on_resize@MapWin@@QAEXHH@Z
0x0046fa20	undef=4	?UNK5@MapWin@@QAEXH@Z
0x0046fb10	extcall,fs,iat,indirect,x87	?main_caption@MapWin@@QAEXXZ
0x0046fb20	extcall,iat,indirect	?standard_caption@MapWin@@QAEXXZ
0x0046fb80	ok	?do_image_buttons@MapWin@@QAEXXZ
0x0046fb90	undef=4	?clear_alt@MapWin@@QAEXHHH@Z
0x0046fc30	ok	?clear_alt@MapWin@@QAEXXZ
0x0046fc80	undef=4	?UNK6@MapWin@@QAEXHHH@Z
0x0046fce0	undef=4	?UNK7@MapWin@@QAEXXZ
0x0046fd20	ok	?UNK8@MapWin@@QAEXHHH@Z
0x0046fd90	undef=4	?clear_terrain@MapWin@@QAEXXZ
0x0046fe00	undef=4	?get_relative_alt@MapWin@@QAEHHHH@Z
0x0046fe70	undef=4	?get_alt@MapWin@@QAEHHHH@Z
0x00470420	ok	?compute_lighting_table@MapWin@@QAEXXZ
0x00470550	undef=4	?get_brighting@MapWin@@QAEHHHH@Z
0x00470790	ok	?get_point_light@MapWin@@QAEHHHH@Z
0x00470920	extcall,fs,iat,indirect,undef=4,x87	?init@MapWin@@QAEXPAURECT@@PADH@Z
0x00470a90	extcall,fs,iat,indirect,undef=4,x87	?init@MapWin@@QAEXHH@Z
0x00470ed0	extcall,iat,indirect	?init_dummy@MapWin@@QAEXXZ
0x00470f70	extcall,fs,iat,indirect,x87	?close@MapWin@@QAEXXZ
0x00470fa0	extcall,fs,iat,indirect,undef=4,x87	sub_470fa0
0x00471030	extcall,fs,iat,indirect,x87	?mapwin_system_init@@YAXH@Z
0x004710e0	extcall,fs,iat,indirect,x87	?mapwin_system_shutdown@@YAXXZ
0x00471160	ok	mapwin_nullsub1
0x00471170	ok	mapwin_nullsub2
0x00471180	ok	mapwin_nullsub3
0x00471190	ok	mapwin_nullsub4
0x004711a0	extcall,iat,indirect	?terrain_fixup@@YAXPAUMapWin@@@Z
0x00471240	extcall,iat,indirect	?mapwin_terrain_fixup@@YAXXZ
0x004712a0	undef=4	?on_map@@YAHHH@Z
0x004712d0	extcall,fs,iat,indirect,x87	mapwin_unk1
0x00471320	extcall,fs,iat,indirect,x87	??__Eg_MESSAGEWIN@@YAXXZ
0x00471340	extcall,fs,iat,indirect,x87	??__Fg_MESSAGEWIN@@YAXXZ
0x00471350	extcall,fs,indirect	??__Eg_IFACE_GREEN_RIGHT_ARROW_SPRITE@@YAXXZ
0x00471380	extcall,fs,indirect	??__Fg_IFACE_GREEN_RIGHT_ARROW_SPRITE@@YAXXZ
0x004713a0	ok	?UNK1@MessageWin@@QAEXHHHHH@Z
0x004713b0	extcall,fs,iat,indirect,x87	?add_base@MessageWin@@QAEXHPADPAUSprite@@@Z
0x00471470	extcall,fs,iat,indirect,x87	?UNK2@MessageWin@@QAEHHPADH@Z
0x004714d0	extcall,fs,iat,indirect,x87	?UNK3@MessageWin@@QAEHHHPAD@Z
0x00471530	extcall,fs,iat,indirect,undef=4,x87	?add_message@MessageWin@@QAEXPADH@Z
0x004717a0	indirect	?clear@MessageWin@@QAEXXZ
0x00471870	extcall,fs,iat,indirect,x87	?listbox_draw@MessageWin@@QAAHPAUGraphicWin@@HHHHH@Z
0x004718c0	extcall,fs,iat,indirect,x87	?on_selected@MessageWin@@QAEXHH@Z
0x00471d40	ok	?UNK4@MessageWin@@QAEXH@Z
0x00471d50	extcall,fs,iat,indirect,undef=4,x87	?init@MessageWin@@QAEXXZ
0x00471f70	extcall,fs,iat,indirect,x87	?listbox_fill@MessageWin@@QAAHPAUGraphicWin@@HHPAURECT@@@Z
0x00471fd0	undef=4	?listbox_write@MessageWin@@QAAHPAUGraphicWin@@HHPAURECT@@PAD@Z
0x00472020	extcall,fs,iat,indirect,x87	??1MessageWin@@QAE@XZ
0x00472190	extcall,fs,iat,indirect,x87	??0MessageWin@@QAE@XZ
0x00472200	extcall,fs,iat,indirect,x87	??__Eg_MONUWIN@@YAXXZ
0x00472220	extcall,fs,iat,indirect,x87	??__Fg_MONUWIN@@YAXXZ
0x00472230	extcall,fs,iat,indirect,undef=4,x87	?init@MonuWin@@QAEHXZ
0x004736e0	extcall,fs,iat,indirect,x87	?on_redraw@MonuWin@@QAEXXZ
0x00476760	extcall,fs,iat,indirect,x87	?close@MonuWin@@QAEXXZ
0x00476780	indirect,undef=4	?on_left_click@MonuWin@@QAEXHH@Z
0x00476850	extcall,fs,iat,indirect,undef=4,x87	?on_mouse_move@MonuWin@@QAEXHH@Z
0x004769b0	extcall,fs,iat,indirect,x87	?on_button_clicked@MonuWin@@QAEXH@Z
0x00476a00	extcall,fs,iat,indirect,x87	?on_key_click@MonuWin@@QAEHHH@Z
0x00476a50	extcall,fs,iat,indirect,undef=4,x87	?monument@@YAXH@Z
0x00476b30	ok	?clear_monuments@@YAXXZ
0x00476b70	extcall,fs,iat,indirect,undef=4,x87	?mon_colony_founded@@YAXHPAD@Z
0x00476c90	extcall,fs,iat,indirect,undef=4,x87	?mon_tech_discovered@@YAXHH@Z
0x00476da0	extcall,fs,iat,indirect,undef=4,x87	?mon_secrets_of_tech@@YAXH@Z
0x00476ee0	extcall,fs,iat,indirect,undef=4,x87	?mon_prototype_built@@YAXH@Z
0x00476fe0	extcall,fs,iat,indirect,undef=4,x87	?mon_facility_built@@YAXHPAD@Z
0x00477100	extcall,fs,iat,indirect,undef=4,x87	?mon_secret_project@@YAXHH@Z
0x00477210	extcall,fs,iat,indirect,undef=4,x87	?mon_enemy_destroyed@@YAXHH@Z
0x00477320	extcall,fs,iat,indirect,undef=4,x87	?mon_conquer_base@@YAXHPAD@Z
0x00477440	extcall,fs,iat,indirect,undef=4,x87	?mon_naval_unit_built@@YAXH@Z
0x00477540	extcall,fs,iat,indirect,undef=4,x87	?mon_air_unit_built@@YAXH@Z
0x00477640	extcall,fs,iat,indirect,undef=4,x87	?mon_native_life_bred@@YAXH@Z
0x00477740	extcall,fs,iat,indirect,undef=4,x87	?mon_first_in_space@@YAXH@Z
0x00477840	extcall,fs,iat,indirect,undef=4,x87	?mon_built_preserve@@YAXH@Z
0x00477940	extcall,fs,iat,indirect,undef=4,x87	?mon_winning_unify@@YAXHH@Z
0x004779d0	extcall,fs,iat,indirect,undef=4,x87	?mon_winning_trans@@YAXHH@Z
0x00477a60	extcall,fs,iat,indirect,undef=4,x87	?mon_killed_faction@@YAXHH@Z
0x00477b10	extcall,fs,iat,indirect,x87	??1MonuWin@@QAE@XZ
0x00477c80	extcall,fs,iat,indirect,x87	??0MonuWin@@QAE@XZ
0x00477dd0	extcall,fs,iat,indirect,undef=4,x87	??_GMonuWin@@UAEPAXI@Z
0x00477e00	extcall,fs,iat,indirect,x87	??3MonuWin@@SAXPAXI@Z
0x00477e10	extcall,fs,iat,indirect,x87	??__Eg_MULTIWIN@@YAXXZ
0x00477e30	extcall,fs,iat,indirect,x87	??__Fg_MULTIWIN@@YAXXZ
0x00477e40	extcall,fs,indirect	??__Eg_MULTIWIN_WAVE@@YAXXZ
0x00477e60	extcall,fs,iat,indirect	??__Fg_MULTIWIN_WAVE@@YAXXZ
0x00477e70	extcall,fs,iat,indirect,x87	?on_mouse_move@MultiWin@@QAEXHH@Z
0x00477ee0	extcall,fs,iat,indirect,undef=4,x87	?on_mouse_leave@MultiWin@@QAEXHH@Z
0x00477f00	extcall,fs,iat,indirect,x87	?on_button_clicked@MultiWin@@QAEXH@Z
0x00477f30	extcall,fs,iat,indirect,undef=4,x87	?on_left_click@MultiWin@@QAEXHH@Z
0x00478150	extcall,fs,iat,indirect,x87	?on_right_click@MultiWin@@QAEXHH@Z
0x00478630	extcall,fs,iat,indirect,undef=4,x87	?draw_player@MultiWin@@QAEXHHPAURECT@@@Z
0x00478be0	extcall,fs,iat,indirect,undef=4,x87	?draw_time@MultiWin@@QAEXPAURECT@@H@Z
0x00479270	extcall,iat,indirect,undef=4	?UNK1@MultiWin@@QAEXPAURECT@@@Z
0x00479330	extcall,fs,iat,indirect,undef=4,x87	?draw@MultiWin@@QAEXH@Z
0x004798f0	extcall,fs,iat,indirect,x87	?on_redraw@MultiWin@@QAEXXZ
0x00479900	undef=4	?UNK2@MultiWin@@QAEXXZ
0x00479970	extcall,fs,iat,indirect,x87	?show@MultiWin@@QAEXXZ
0x00479c00	extcall,fs,iat,indirect,x87	?hide@MultiWin@@QAEXXZ
0x00479f90	extcall,fs,iat,indirect,x87	?init@MultiWin@@QAEXXZ
0x0047a430	extcall,fs,iat,indirect,x87	??1MultiWin@@QAE@XZ
0x0047a590	extcall,fs,iat,indirect,x87	??0MultiWin@@QAE@XZ
0x0047a6c0	extcall,fs,iat,indirect,undef=4,x87	??_GMultiWin@@UAEPAXI@Z
0x0047a6f0	ok	?UNK3@MultiWin@@QAEHHHPAURECT@@@Z
0x0047a720	extcall,iat,indirect,undef=4	?UNK4@MultiWin@@QAEHPADPAURECT@@@Z
0x0047a760	extcall,fs,iat,indirect,x87	??3MultiWin@@SAXPAXI@Z
0x0047a770	extcall,fs,iat,indirect,x87	??__Eg_NETMSG1@@YAXXZ
0x0047a790	extcall,fs,iat,indirect,x87	??__Fg_NETMSG1@@YAXXZ
0x0047a7a0	extcall,fs,iat,indirect,x87	??__Eg_NETMSG2@@YAXXZ
0x0047a7c0	extcall,fs,iat,indirect,x87	??__Fg_NETMSG2@@YAXXZ
0x0047a7d0	extcall,fs,iat,indirect,undef=4,x87	?close@NetMsg@@QAEXXZ
0x0047a800	extcall,fs,iat,indirect,undef=4,x87	?timer_daemon@NetMsg@@QAAXH@Z
0x0047a860	extcall,fs,iat,indirect,undef=4,x87	?on_button_clicked@NetMsg@@QAEXH@Z
0x0047a890	extcall,fs,iat,indirect,x87	?pop@NetMsg@@QAEXPBDHHPBD@Z
0x0047acf0	extcall,fs,iat,indirect,x87	??0NetMsg@@QAE@HHH@Z
0x0047ad70	extcall,fs,iat,indirect,undef=4,x87	??_GNetMsg@@UAEPAXI@Z
0x0047ada0	extcall,fs,iat,indirect,x87	??1NetMsg@@QAE@XZ
0x0047afe0	extcall,fs,iat,indirect,x87	??3NetMsg@@SAXPAXI@Z
0x0047aff0	extcall,fs,iat,indirect,x87	??__Eg_NETWIN@@YAXXZ
0x0047b010	extcall,fs,iat,indirect,x87	??__Fg_NETWIN@@YAXXZ
0x0047b020	extcall,fs,iat,indirect,x87	?send_faction_data@@YAXH@Z
0x0047b0f0	extcall,fs,iat,indirect,x87	?send_all_player_packets@@YAXH@Z
0x0047b1d0	extcall,fs,iat,indirect,x87	sub_47b1d0
0x0047b260	extcall,fs,iat,indirect,x87	?send_session_packet@@YAXHH@Z
0x0047b2e0	extcall,fs,iat,indirect,x87	?send_session2_packet@@YAXHH@Z
0x0047b380	undef=4	?get_player_color@NetWin@@QAEHH@Z
0x0047b450	extcall,fs,iat,indirect,undef=4,x87	?on_button_clicked@NetWin@@QAEXH@Z
0x0047b750	ok	?on_key_click@NetWin@@QAEHHH@Z
0x0047b760	extcall,fs,iat,indirect,x87	?on_left_click@NetWin@@QAEXHH@Z
0x0047bbf0	extcall,fs,iat,indirect,x87	?pick_player@NetWin@@QAEXXZ
0x0047c530	extcall,fs,iat,indirect,x87	?pick_faction@NetWin@@QAEXH@Z
0x0047c970	extcall,fs,iat,indirect,undef=4,x87	?pick_pass@NetWin@@QAEHH@Z
0x0047cf40	extcall,fs,iat,indirect,x87	?pick_diff@NetWin@@QAEXH@Z
0x0047d300	extcall,fs,iat,indirect,x87	?pick_map@NetWin@@QAEXXZ
0x0047e010	extcall,fs,iat,indirect,x87	?pick_num_players@NetWin@@QAEXXZ
0x0047e340	extcall,fs,iat,indirect,x87	?pick_global_diff@NetWin@@QAEXXZ
0x0047e640	extcall,fs,iat,indirect,x87	?pick_time@NetWin@@QAEXXZ
0x0047e930	extcall,fs,iat,indirect,x87	?pick_planet_size@NetWin@@QAEXXZ
0x0047ec60	extcall,fs,iat,indirect,x87	?pick_ocean@NetWin@@QAEXXZ
0x0047ef90	extcall,fs,iat,indirect,x87	?pick_erosion@NetWin@@QAEXXZ
0x0047f2c0	extcall,fs,iat,indirect,x87	?pick_native@NetWin@@QAEXXZ
0x0047f5f0	extcall,fs,iat,indirect,x87	?pick_clouds@NetWin@@QAEXXZ
0x0047f920	ok	?UNK1@NetWin@@QAEXXZ
0x0047f930	ok	?UNK2@NetWin@@QAEXXZ
0x0047f940	ok	?on_mouse_move@NetWin@@QAEXHH@Z
0x0047f950	ok	?on_mouse_leave@NetWin@@QAEXHH@Z
0x0047f960	extcall,fs,iat,indirect,undef=4,x87	?draw_custom_rules@NetWin@@QAEXXZ
0x0047fe80	extcall,fs,iat,indirect,x87	?UNK3@NetWin@@QAEXXZ
0x0047fed0	extcall,fs,iat,indirect,x87	?draw_factions@NetWin@@QAEXXZ
0x00480180	extcall,fs,iat,indirect,x87	?draw_diffs@NetWin@@QAEXXZ
0x00480370	extcall,fs,iat,indirect,undef=4,x87	?draw_player_names@NetWin@@QAEXXZ
0x00480900	extcall,fs,iat,indirect,x87	?draw_session_info@NetWin@@QAEXXZ
0x00481ad0	extcall,fs,iat,indirect,undef=4,x87	?on_redraw@NetWin@@QAEXXZ
0x00481c50	extcall,fs,iat,indirect,x87	??0NetWin@@QAE@XZ
0x00481d10	extcall,fs,iat,indirect,x87	?close@NetWin@@QAEXXZ
0x00481da0	extcall	?fill_player@NetWin@@QAEXPAUPlayerData@@H@Z
0x00481e90	extcall	?config_players@NetWin@@QAEXXZ
0x00481fd0	extcall,fs,iat,indirect,x87	?setup_faction_data@NetWin@@QAEXPAUMessageFactionData@@@Z
0x00482490	extcall,fs,iat,indirect,undef=4,x87	?exec@NetWin@@QAEHXZ
0x00482d90	extcall,fs,iat,indirect,x87	?prepare_game@NetWin@@QAEXXZ
0x00483190	extcall,fs,iat,indirect,undef=4,x87	?modal_callback@NetWin@@QAEHXZ
0x00483240	extcall,fs,iat,indirect,undef=4,x87	?modal_callback_daemon@NetWin@@QAAHXZ
0x004832d0	ok	?string_callback@NetWin@@QAAXHH@Z
0x00483310	extcall,fs,iat,indirect,x87	?on_key_down@NetWin@@QAEHH@Z
0x00483420	extcall,iat,indirect	?new_chat@NetWin@@QAEXPADH@Z
0x004834d0	ok	?alloc_slots@NetWin@@QAEXXZ
0x004834e0	extcall,fs,iat,indirect,x87	??1NetWin@@QAE@XZ
0x004837c0	extcall,fs,iat,indirect,undef=4,x87	??_GNetWin@@UAEPAXI@Z
0x004837f0	extcall,fs,iat,indirect,x87	?UNK4@NetWin@@QAEXXZ
0x00483820	undef=4	?UNK5@NetWin@@QAEXXZ
0x00483840	extcall,fs,iat,indirect,x87	??3NetWin@@SAXPAXI@Z
0x00483850	extcall,fs,iat,indirect,x87	??__Eg_NEWTECHWIN@@YAXXZ
0x00483870	extcall,fs,iat,indirect,x87	??__Fg_NEWTECHWIN@@YAXXZ
0x00483880	extcall,fs,indirect	??__Eg_NEWTECHWIN_SPRITES@@YAXXZ
0x004838b0	extcall,fs,indirect,undef=4	??__Fg_NEWTECHWIN_SPRITES@@YAXXZ
0x004838e0	extcall,indirect,undef=4	?on_link_clicked@NewTechWin@@QAEHHPAD@Z
0x00483920	extcall,iat,indirect	?info@NewTechWin@@QAAXPAD@Z
0x00483950	extcall,fs,iat,indirect,x87	?on_redraw@NewTechWin@@QAEXXZ
0x00483e80	indirect	?on_button_clicked@NewTechWin@@QAEXH@Z
0x00483e90	ok	?on_left_click@NewTechWin@@QAEXHH@Z
0x00483ea0	ok	?on_key_click@NewTechWin@@QAEHHH@Z
0x00483eb0	extcall,fs,iat,indirect	?on_group_clicked@NewTechWin@@QAEXHH@Z
0x00483f90	extcall,fs,iat,indirect,x87	?exec@NewTechWin@@QAEXHH@Z
0x00484810	extcall,fs,iat,indirect,x87	??1NewTechWin@@QAE@XZ
0x004849d0	extcall,fs,iat,indirect,x87	??0NewTechWin@@QAE@XZ
0x00484a80	extcall,fs,iat,indirect,undef=4,x87	??_GNewTechWin@@UAEPAXI@Z
0x00484ab0	extcall,fs,iat,indirect,x87	??3NewTechWin@@SAXPAXI@Z
0x00484ac0	extcall,fs,iat,indirect,x87	??0PickTech@@QAE@XZ
0x00484b60	extcall,fs,iat,indirect,undef=4,x87	?close@PickTech@@QAEXXZ
0x00484b80	extcall,iat,indirect	?UNK1@PickTech@@QAEXPAD@Z
0x00484c60	extcall,fs,iat,indirect,undef=4,x87	?draw_tech@PickTech@@QAEHHPAURECT@@H@Z
0x00485fc0	extcall,fs,iat,indirect,undef=4,x87	?on_mouse_move@PickTech@@QAEXHH@Z
0x004860b0	indirect,undef=4	?on_left_click@PickTech@@QAEXHH@Z
0x00486110	extcall,fs,iat,indirect,undef=4,x87	?on_right_click@PickTech@@QAEXHH@Z
0x00486170	extcall,fs,iat,indirect,undef=4,x87	?on_key_click@PickTech@@QAEHHH@Z
0x004863f0	extcall,fs,iat,indirect,undef=4,x87	?draw_item@PickTech@@QAEHHH@Z
0x00486510	extcall,fs,iat,indirect,undef=4,x87	?pick@PickTech@@QAEHHHHPAD@Z
0x00488660	extcall,fs,iat,indirect,undef=4,x87	??_GPickTech@@UAEPAXI@Z
0x00488690	extcall,fs,iat,indirect,x87	??1PickTech@@QAE@XZ
0x00488740	extcall,fs,iat,indirect,x87	??3PickTech@@SAXPAXI@Z
0x00488750	extcall,fs,iat,indirect,x87	??__Eg_PICKWIN@@YAXXZ
0x00488770	extcall,fs,iat,indirect,x87	??__Fg_PICKWIN@@YAXXZ
0x00488780	extcall,fs,iat,indirect,x87	?list_was_dblclicked@@YAXH@Z
0x004887a0	extcall,fs,iat,indirect,x87	?init@PickWin@@QAEXP6AXH@ZHH@Z
0x00489660	extcall,fs,iat,indirect,x87	?on_redraw@PickWin@@QAEXXZ
0x00489b00	extcall,fs,iat,indirect,x87	?close@PickWin@@QAEXXZ
0x00489b10	ok	?on_button_passover@PickWin@@QAEXHH@Z
0x00489b20	extcall,indirect,undef=4	?on_group_clicked@PickWin@@QAEXHHH@Z
0x00489ba0	extcall,fs,iat,indirect,undef=4,x87	?on_button_clicked@PickWin@@QAEXH@Z
0x0048a7c0	indirect	?on_key_click@PickWin@@QAEHHH@Z
0x0048a810	indirect	?go_girl@PickWin@@QAEHXZ
0x0048a840	extcall,fs,iat,indirect,undef=4,x87	?on_dialog_item_back_draw@PickWin@@QAEHPAUGraphicWin@@HHPAURECT@@@Z
0x0048a8e0	extcall,fs,iat,indirect,x87	??1PickWin@@QAE@XZ
0x0048ac10	extcall,fs,iat,indirect,x87	??0PickWin@@QAE@XZ
0x0048adc0	extcall,fs,iat,indirect,undef=4,x87	??_GPickWin@@UAEPAXI@Z
0x0048adf0	extcall,fs,iat,indirect,x87	??3PickWin@@SAXPAXI@Z
0x0048ae00	extcall,fs,iat,indirect,x87	??__Eg_PLANWIN@@YAXXZ
0x0048ae20	extcall,fs,iat,indirect,x87	??__Fg_PLANWIN@@YAXXZ
0x0048ae40	ok	?add_line@PlanWin@@QAEXHHHHH@Z
0x0048ae90	ok	?add_line@PlanWin@@QAEXHHH@Z
0x0048af20	ok	?clear_lines@PlanWin@@QAEXXZ
0x0048af30	extcall,fs,iat,indirect,undef=4,x87	?on_redraw@PlanWin@@QAEXXZ
0x0048b3c0	iat,indirect	?UNK1@PlanWin@@QAEXXZ
0x0048b3f0	extcall,fs,iat,indirect,x87	?back_redraw@PlanWin@@QAEXXZ
0x0048b450	extcall,undef=4	?find_view@PlanWin@@QAEXHHHHHHHH@Z
0x0048b630	extcall,fs,iat,indirect,x87	?opticenter@PlanWin@@QAEXHHHHH@Z
0x0048b8e0	extcall,fs,iat,indirect,x87	?monocenter@PlanWin@@QAEXHHH@Z
0x0048bab0	extcall,indirect	?draw_line_base@PlanWin@@QAEXHHH@Z
0x0048bb80	extcall,indirect	?draw_line@PlanWin@@QAEXHHHHH@Z
0x0048bc20	undef=4	?blink@PlanWin@@QAEXXZ
0x0048bc50	extcall,fs,iat,indirect,x87	?close@PlanWin@@QAEXXZ
0x0048bc60	extcall,fs,iat,indirect,x87	?init@PlanWin@@QAEXPAD@Z
0x0048bcd0	extcall,fs,iat,indirect,x87	??0PlanWin@@QAE@H@Z
0x0048bd80	extcall,fs,iat,indirect	??1PlanWin@@QAE@XZ
0x0048bee0	undef=4	?xrange@@YAHH@Z
0x0048bf10	extcall,fs,iat,indirect,x87	??3PlanWin@@SAXPAXI@Z
0x0048bf20	extcall,fs,iat,indirect,undef=4,x87	??_GPlanWin@@UAEPAXI@Z
0x0048bf60	extcall,fs,iat,indirect,x87	?on_lose_mouse_capture@thunk5_MapWin@@QAEXXZ
0x0048bf70	extcall,fs,iat,indirect,x87	?on_redraw@thunk1_PlanWin@@QAEXXZ
0x0048bf80	ok	?on_resize@thunk5_MapWin@@QAEXHH@Z
0x0048bf90	extcall,fs,iat,indirect,x87	?on_sys_close@thunk5_MapWin@@QAEXXZ
0x0048bfa0	extcall,fs,iat,indirect,x87	?on_mouse_move@thunk5_MapWin@@QAEXHH@Z
0x0048bfb0	extcall,fs,iat,indirect,x87	?on_left_click@thunk5_MapWin@@QAEXHH@Z
0x0048bfc0	extcall,fs,iat,indirect,x87	?on_left_down@thunk5_MapWin@@QAEXHH@Z
0x0048bfd0	ok	?on_left_up@thunk5_MapWin@@QAEXHH@Z
0x0048bfe0	extcall,fs,iat,indirect,x87	?on_right_click@thunk5_MapWin@@QAEXHH@Z
0x0048bff0	extcall,fs,iat,indirect,x87	?on_right_down@thunk5_MapWin@@QAEXHH@Z
0x0048c000	ok	?on_left_double_click@thunk5_MapWin@@QAEXHH@Z
0x0048c010	indirect	?on_nc_left_down@thunk5_MapWin@@QAEXHH@Z
0x0048c020	extcall,fs,iat,indirect,x87	?on_button_clicked@thunk5_MapWin@@QAEXH@Z
0x0048c030	ok	?on_nc_hittest@thunk5_MapWin@@QAEXHH@Z
0x0048c040	extcall,fs,iat,indirect,x87	??_Gthunk2_PlanWin@@UAEPAXI@Z
0x0048c060	extcall,iat,indirect,undef=4	?parse_it@@YAXPADPBD@Z
0x0048c0a0	extcall,fs,iat,indirect,x87	?popp@@YAHPADPBDHPBDP6AHXZ@Z
0x0048c320	extcall,fs,iat,indirect,x87	?popt@@YAHPADPBDHPADH@Z
0x0048c360	extcall,fs,iat,indirect,x87	?popv@@YAHPADPBDHH@Z
0x0048c650	extcall,fs,iat,indirect,undef=4,x87	?popb@@YAHPBDHHPBDPAUSprite@@@Z
0x0048ceb0	extcall,fs,iat,indirect,x87	?veh_sprite_draw@@YAHPAUSprite@@PAUGraphicWin@@HHH@Z
0x0048cf00	extcall,iat,indirect	sub_48cf00
0x0048cf50	extcall,fs,iat,indirect,undef=4,x87	?veh_sprite_click@@YAHH@Z
0x0048d010	extcall,fs,iat,indirect,undef=4,x87	?veh_sprite_double_click@@YAHH@Z
0x0048d0d0	extcall,fs,iat,indirect,undef=4,x87	?veh_pick@@YAHHPBDH@Z
0x0048d4f0	extcall,fs,iat,indirect,x87	??__Eg_PREFWIN@@YAXXZ
0x0048d510	extcall,fs,iat,indirect,x87	??__Fg_PREFWIN@@YAXXZ
0x0048d520	extcall	??__Eg_PREFWIN_BUTTONGROUP@@YAXXZ
0x0048d540	ok	??__Fg_PREFWIN_BUTTONGROUP@@YAXXZ
0x0048d550	ok	sub_48d550
0x0048d560	ok	sub_48d560
0x0048d570	ok	sub_48d570
0x0048d590	ok	sub_48d590
0x0048d5b0	ok	sub_48d5b0
0x0048d5d0	ok	sub_48d5d0
0x0048d5f0	ok	sub_48d5f0
0x0048d610	ok	sub_48d610
0x0048d630	ok	sub_48d630
0x0048d650	ok	sub_48d650
0x0048d670	ok	sub_48d670
0x0048d690	ok	sub_48d690
0x0048d6b0	ok	sub_48d6b0
0x0048d6d0	ok	sub_48d6d0
0x0048d6f0	ok	sub_48d6f0
0x0048d710	ok	sub_48d710
0x0048d730	ok	sub_48d730
0x0048d750	ok	sub_48d750
0x0048d760	ok	sub_48d760
0x0048d770	ok	sub_48d770
0x0048d790	ok	sub_48d790
0x0048d7b0	ok	sub_48d7b0
0x0048d7d0	ok	sub_48d7d0
0x0048d7f0	ok	sub_48d7f0
0x0048d810	ok	sub_48d810
0x0048d820	ok	sub_48d820
0x0048d840	extcall,fs,iat,indirect,undef=4,x87	?init@PrefWin@@QAEXXZ
0x0048fa00	extcall,fs,iat,indirect,undef=4,x87	?display@PrefWin@@QAEXH@Z
0x0048fcd0	extcall,fs,iat,indirect,undef=4,x87	?on_key_click@PrefWin@@QAEHHH@Z
0x0048fdd0	extcall,fs,iat,indirect,x87	?destroy@PrefWin@@QAEXXZ
0x0048ff60	indirect	?on_group_clicked@PrefWin@@QAEXHHH@Z
0x0048ffb0	indirect	?hide_option_buttons@PrefWin@@QAEXXZ
0x00490140	extcall,iat,indirect	?update_pref_buttons@PrefWin@@QAEXXZ
0x00490350	undef=4	?set_preferences@PrefWin@@QAEXXZ
0x00490b00	extcall,iat,indirect,undef=4	?get_preferences@PrefWin@@QAEXXZ
0x00491380	indirect	?on_scrolling@PrefWin@@QAEXHH@Z
0x00491400	extcall,fs,iat,indirect,undef=4,x87	?on_button_clicked@PrefWin@@QAEXH@Z
0x00491810	extcall,fs,iat,indirect,x87	?redraw_option@PrefWin@@QAEXXZ
0x00491860	extcall,fs,iat,indirect,x87	?redraw_volume@PrefWin@@QAEXXZ
0x004918c0	extcall,iat,indirect	?change_volume_button_text@PrefWin@@QAEXH@Z
0x004919f0	extcall,fs,iat,indirect	?change_volume_button_state@PrefWin@@QAEXH@Z
0x00491c00	extcall,fs,iat,indirect,x87	?on_redraw@PrefWin@@QAEXXZ
0x00491df0	extcall,fs,iat,indirect,x87	??1PrefWin@@QAE@XZ
0x004921e0	extcall,fs,iat,indirect,x87	??0PrefWin@@QAE@XZ
0x004923e0	extcall,fs,iat,indirect,undef=4,x87	??_GPrefWin@@UAEPAXI@Z
0x00492410	extcall,fs,iat,indirect,x87	??3PrefWin@@SAXPAXI@Z
0x00492420	extcall,fs,iat,indirect,x87	??0ProdPicker@@QAE@XZ
0x004926b0	extcall,fs,iat,indirect,x87	?close@ProdPicker@@QAEXXZ
0x004926c0	extcall,fs,iat,indirect,undef=4,x87	?show@ProdPicker@@QAEXH@Z
0x00492740	extcall,fs,iat,indirect,undef=4,x87	?hide@ProdPicker@@QAEXXZ
0x004927c0	extcall,fs,iat,indirect,undef=4,x87	?draw_item@ProdPicker@@QAEXHH@Z
0x00492fa0	extcall,iat,indirect,undef=4	?calculate@ProdPicker@@QAEXXZ
0x00493af0	undef=4	?edbc_unit@ProdPicker@@QAEHH@Z
0x00493b70	undef=4	?edbc_fac@ProdPicker@@QAEHH@Z
0x00493c10	ok	?UNK1@ProdPicker@@QAEHH@Z
0x00493c20	indirect,undef=4	?on_mousewheel@ProdPicker@@QAEXH@Z
0x00493c70	extcall,fs,iat,indirect,x87	?on_redraw@ProdPicker@@QAEXXZ
0x00493cb0	extcall,fs,iat,indirect,x87	?on_scrolled@ProdPicker@@QAEXHH@Z
0x00493e70	indirect	?on_scrolling@ProdPicker@@QAEXHH@Z
0x00493e90	ok	?on_mouse_move@ProdPicker@@QAEXHH@Z
0x00493ea0	extcall,fs,iat,indirect,x87	?on_right_click@ProdPicker@@QAEXHH@Z
0x004941c0	extcall,fs,iat,indirect,x87	?on_left_click@ProdPicker@@QAEXHH@Z
0x00494230	indirect	?on_left_double_click@ProdPicker@@QAEXHH@Z
0x00494280	extcall,fs,iat,indirect,undef=4,x87	?on_key_click@ProdPicker@@QAEHHH@Z
0x004945c0	ok	?on_redraw_nc@ProdPicker@@QAEXPAURECT@@H@Z
0x004945d0	indirect,undef=4	?on_button_clicked@ProdPicker@@QAEXH@Z
0x004946d0	extcall,fs,iat,indirect,undef=4,x87	?UNK2@ProdPicker@@QAAXHPAUProdPicker@@@Z
0x00494700	extcall,fs,iat,indirect,undef=4,x87	?exec@ProdPicker@@QAEHPAUBase@@HPAUGraphicWin@@H@Z
0x00495160	ok	?UNK3@ProdPicker@@QAEXH@Z
0x00495170	extcall,fs,iat,indirect,x87	??__Eg_QUAYLEWIN@@YAXXZ
0x00495190	extcall,fs,iat,indirect,x87	??__Fg_QUAYLEWIN@@YAXXZ
0x004951a0	extcall,fs,iat,indirect,undef=4,x87	?init@QuayleWin@@QAEHXZ
0x004956d0	extcall,fs,iat,indirect,x87	?on_redraw@QuayleWin@@QAEXXZ
0x004964a0	extcall,fs,iat,indirect,x87	?close@QuayleWin@@QAEXXZ
0x004964d0	indirect,undef=4	?on_left_click@QuayleWin@@QAEXHH@Z
0x00496540	indirect	?on_selected@QuayleWin@@QAEXHH@Z
0x00496560	extcall,fs,iat,indirect,x87	?on_button_clicked@QuayleWin@@QAEXH@Z
0x004965c0	extcall,fs,iat,indirect,x87	?on_key_click@QuayleWin@@QAEHHH@Z
0x00496610	extcall,fs,iat,indirect,undef=4,x87	sub_496610
0x00496670	extcall,fs,iat,indirect,undef=4,x87	?quayle@@YAXH@Z
0x00496710	extcall,fs,iat,indirect,x87	??1QuayleWin@@QAE@XZ
0x00496810	extcall,fs,iat,indirect,x87	??0QuayleWin@@QAE@XZ
0x004968c0	extcall,fs,iat,indirect,undef=4,x87	??_GQuayleWin@@UAEPAXI@Z
0x004968f0	extcall,fs,iat,indirect,x87	??3QuayleWin@@SAXPAXI@Z
0x00496900	extcall,fs,iat,indirect,x87	??__Eg_REPORTIF@@YAXXZ
0x00496920	extcall,fs,iat,indirect,x87	??__Fg_REPORTIF@@YAXXZ
0x00496930	extcall,fs,iat,indirect,x87	??__Eg_REPORTWIN@@YAXXZ
0x00496950	extcall,fs,iat,indirect,x87	??__Fg_REPORTWIN@@YAXXZ
0x00496960	extcall,fs,iat,indirect,undef=4,x87	?init@ReportWin@@QAEXXZ
0x00496bb0	extcall,fs,iat,indirect,x87	?reset@ReportWin@@QAEXXZ
0x00496d00	extcall,fs,iat,indirect,x87	?on_redraw@ReportWin@@QAEXXZ
0x00496e10	extcall,fs,iat,indirect,undef=4,x87	?on_left_click@ReportWin@@QAEXHH@Z
0x00497a60	extcall,fs,iat,indirect,undef=4,x87	?on_left_double_click@ReportWin@@QAEXHH@Z
0x00497ac0	extcall,fs,iat,indirect,undef=4,x87	?right_menu@ReportWin@@QAEXHHH@Z
0x00497f00	extcall,fs,iat,indirect,undef=4,x87	?on_right_click@ReportWin@@QAEXHH@Z
0x004980f0	ok	?on_mouse_move@ReportWin@@QAEXHH@Z
0x00498100	ok	?on_mouse_leave@ReportWin@@QAEXHH@Z
0x00498110	indirect	?UNK1@ReportWin@@QAEXHHHH@Z
0x00498180	extcall,fs,iat,indirect,x87	?on_scrolled@ReportWin@@QAEXHH@Z
0x00498200	extcall,fs,iat,indirect,x87	?on_scrolling@ReportWin@@QAEXHH@Z
0x00498280	extcall,fs,iat,indirect,undef=4,x87	?on_key_click@ReportWin@@QAEHHH@Z
0x004986d0	extcall,fs,iat,indirect,undef=4,x87	?on_button_clicked@ReportWin@@QAEXH@Z
0x004989f0	extcall,fs,iat,indirect,x87	?on_group_clicked@ReportWin@@QAEXHHH@Z
0x00498b30	extcall,fs,iat,indirect,x87	?draw_labs@ReportWin@@QAEXXZ
0x0049b220	extcall,fs,iat,indirect,x87	?on_button_passover@ReportWin@@QAEXHH@Z
0x0049b450	extcall,fs,iat,indirect,x87	?labs_line@ReportWin@@QAEXHHHHHHH@Z
0x0049bcd0	extcall,fs,iat,indirect,x87	?draw_energy@ReportWin@@QAEXXZ
0x0049d490	extcall,fs,iat,indirect,x87	?on_selected@ReportWin@@QAEXHH@Z
0x0049d540	extcall,fs,iat,indirect,x87	?draw_ops@ReportWin@@QAEXXZ
0x0049eb10	extcall,fs,iat,indirect,x87	?draw_projects@ReportWin@@QAEXXZ
0x0049f350	extcall,fs,iat,indirect,undef=4,x87	?draw_sat@ReportWin@@QAEXXZ
0x0049fe40	extcall,fs,iat,indirect,x87	?sat_anim@ReportWin@@QAEXXZ
0x0049ffc0	extcall,fs,iat,indirect,x87	?sat_anim_daemon@@YAXH@Z
0x0049ffd0	extcall,fs,iat,indirect,x87	?start_attack@ReportWin@@QAEXHHHH@Z
0x004a0100	extcall,fs,iat,indirect,x87	?exp_anim@ReportWin@@QAEXXZ
0x004a0250	extcall,fs,iat,indirect,x87	?sat_expl_daemon@@YAXH@Z
0x004a0260	extcall,fs,iat,indirect,x87	?sat_attack@@YAXHHH@Z
0x004a0810	extcall,fs,iat,indirect,undef=4,x87	?sat_edit@@YAXHHH@Z
0x004a08e0	extcall,fs,iat,indirect,undef=4,x87	?draw_security@ReportWin@@QAEXXZ
0x004a1140	extcall,fs,iat,indirect,undef=4,x87	?draw_score@ReportWin@@QAEXXZ
0x004a2210	extcall,fs,iat,indirect,x87	?draw_intel@ReportWin@@QAEXXZ
0x004a3460	extcall,fs,iat,indirect,x87	?init@ReportIf@@QAEXXZ
0x004a3930	iat,indirect	?done@ReportIf@@QAEXXZ
0x004a3950	extcall,fs,iat,indirect,undef=4,x87	?report@ReportIf@@QAEXHHH@Z
0x004a3d20	extcall,fs,iat,indirect,x87	?reset@ReportIf@@QAEXXZ
0x004a3fc0	extcall,fs,iat,indirect,x87	?on_redraw@ReportIf@@QAEXXZ
0x004a4050	extcall,fs,iat,indirect,x87	?bl_daemon@@YAXH@Z
0x004a4060	extcall,fs,iat,indirect,x87	?bl_anim@ReportIf@@QAEXXZ
0x004a41d0	extcall,fs,iat,indirect,x87	?on_status@ReportIf@@QAEXH@Z
0x004a5f00	iat,indirect,undef=4	?show@ReportWin@@QAEXH@Z
0x004a5f20	iat,indirect,undef=4	?hide@ReportWin@@QAEXXZ
0x004a5f40	extcall,fs,iat,indirect,x87	?on_iface_left_click@ReportIf@@QAEXHH@Z
0x004a5fe0	ok	?on_iface_right_click@ReportIf@@QAEXHH@Z
0x004a5ff0	ok	?on_iface_left_double_click@ReportIf@@QAEXHH@Z
0x004a6000	ok	?on_iface_right_double_click@ReportIf@@QAEXHH@Z
0x004a6010	ok	?on_iface_left_down@ReportIf@@QAEXHH@Z
0x004a6020	ok	?on_iface_right_down@ReportIf@@QAEXHH@Z
0x004a6030	ok	?on_iface_mouse_move@ReportIf@@QAEXHH@Z
0x004a6040	ok	?on_iface_mouse_leave@ReportIf@@QAEXHH@Z
0x004a6050	extcall,fs,iat,indirect,x87	?on_iface_selected@ReportIf@@QAEXHH@Z
0x004a6320	ok	?on_iface_dialog_item_back_draw@ReportIf@@QAEHPAUGraphicWin@@HHPAURECT@@@Z
0x004a6330	extcall,fs,iat,indirect,x87	?on_iface_button_clicked@ReportIf@@QAEXH@Z
0x004a6d60	ok	?on_iface_button_toggled@ReportIf@@QAEXHH@Z
0x004a6d70	extcall,fs,iat,indirect,undef=4,x87	?on_iface_group_clicked@ReportIf@@QAEXHHH@Z
0x004a7000	extcall,fs,iat,indirect,undef=4,x87	?draw_labs@ReportIf@@QAEXXZ
0x004a8440	undef=4	?labs_write@@YAXPAUGraphicWin@@HHPAURECT@@PAD@Z
0x004a8470	extcall,fs,iat,indirect,x87	?close_labs@ReportIf@@QAEXXZ
0x004a84a0	extcall,fs,iat,indirect,x87	?draw_energy@ReportIf@@QAEXXZ
0x004a9020	extcall,fs,iat,indirect,x87	?close_energy@ReportIf@@QAEXXZ
0x004a9050	extcall,fs,iat,indirect,x87	?draw_ops@ReportIf@@QAEXXZ
0x004a9f90	extcall,fs,iat,indirect,x87	?close_ops@ReportIf@@QAEXXZ
0x004aa0b0	extcall,fs,iat,indirect,x87	?draw_projects@ReportIf@@QAEXXZ
0x004aa930	extcall,fs,iat,indirect,x87	?close_projects@ReportIf@@QAEXXZ
0x004aa970	extcall,fs,iat,indirect,x87	?draw_sat@ReportIf@@QAEXXZ
0x004ab550	extcall,fs,iat,indirect,x87	?close_sat@ReportIf@@QAEXXZ
0x004ab600	extcall,fs,iat,indirect,x87	?draw_security@ReportIf@@QAEXXZ
0x004abe30	indirect	?close_security@ReportIf@@QAEXXZ
0x004abe70	extcall,fs,iat,indirect,x87	?draw_score@ReportIf@@QAEXXZ
0x004ac130	ok	?close_score@ReportIf@@QAEXXZ
0x004ac140	extcall,fs,iat,indirect,x87	?draw_intel@ReportIf@@QAEXXZ
0x004ac980	extcall,fs,iat,indirect,x87	?close_intel@ReportIf@@QAEXXZ
0x004ac9a0	extcall,fs,iat,indirect,x87	?report_labs@@YAXXZ
0x004ac9f0	extcall,fs,iat,indirect,x87	?report_energy@@YAXXZ
0x004aca40	extcall,fs,iat,indirect,x87	?report_ops@@YAXXZ
0x004aca90	extcall,fs,iat,indirect,x87	?report_projects@@YAXXZ
0x004acae0	extcall,fs,iat,indirect,x87	?report_sat@@YAXXZ
0x004acb30	extcall,fs,iat,indirect,x87	?report_security@@YAXXZ
0x004acb80	extcall,fs,iat,indirect,x87	?report_score@@YAXH@Z
0x004acbd0	extcall,fs,iat,indirect,x87	?report_intel@@YAXH@Z
0x004acc30	ok	?merge_sort@ReportIf@@QAEXHH@Z
0x004acda0	extcall,fs,iat,indirect,x87	??1ReportIf@@QAE@XZ
0x004ad170	extcall,fs,iat,indirect,x87	??0ReportIf@@QAE@XZ
0x004ad3b0	extcall,fs,iat,indirect,x87	??1ReportWin@@QAE@XZ
0x004ad6b0	extcall,fs,iat,indirect,x87	??0ReportWin@@QAE@XZ
0x004ad840	extcall,fs,iat,indirect,undef=4,x87	??_GReportWin@@UAEPAXI@Z
0x004ad870	extcall,fs,iat,indirect,x87	??3ReportWin@@SAXPAXI@Z
0x004ad880	extcall,fs,iat,indirect,x87	??0SetupWin@@QAE@XZ
0x004ad9c0	extcall,iat,indirect	?close@SetupWin@@QAEXXZ
0x004ada80	undef=4	?UNK1@SetupWin@@QAEHH@Z
0x004adaa0	ok	?UNK2@SetupWin@@QAEHH@Z
0x004adad0	undef=4	?UNK3@SetupWin@@QAEHH@Z
0x004adae0	undef=4	?UNK4@SetupWin@@QAEHH@Z
0x004adaf0	extcall,fs,iat,indirect,undef=4,x87	?do_menu@SetupWin@@QAEHPADHH@Z
0x004adb20	extcall,fs,iat,indirect,undef=4,x87	?do_menu@SetupWin@@QAEHPAUPopup@@HH@Z
0x004adb70	extcall,fs,iat,indirect,undef=4,x87	?do_menu_rightside@SetupWin@@QAEHPADH@Z
0x004ae340	indirect	?on_left_click@SetupWin@@QAEXHH@Z
0x004ae380	extcall,fs,iat,indirect,x87	?on_mouse_move@SetupWin@@QAEHHH@Z
0x004ae3e0	extcall,fs,iat,indirect,undef=4,x87	?on_key_click@SetupWin@@QAEHHH@Z
0x004ae4d0	extcall,fs,iat,indirect,x87	?draw_item@SetupWin@@QAEHHH@Z
0x004ae760	extcall,fs,iat,indirect,undef=4,x87	??_GSetupWin@@UAEPAXI@Z
0x004ae790	extcall,fs,iat,indirect,x87	??1SetupWin@@QAE@XZ
0x004ae9a0	extcall,fs,iat,indirect,x87	??3SetupWin@@SAXPAXI@Z
0x004ae9b0	extcall,fs,iat,indirect,x87	??__ESocialWinParent@@YAXXZ
0x004ae9d0	extcall,fs,iat,indirect,x87	??__FSocialWinParent@@YAXXZ
0x004ae9e0	extcall,fs,iat,indirect,x87	??0SocialWin@@QAE@XZ
0x004aebf0	extcall,fs,iat,indirect,x87	?UNK1@SocialWin@@QAEXHH@Z
0x004aece0	extcall,fs,iat,indirect,undef=4,x87	?reset@SocialWin@@QAEXXZ
0x004aef00	ok	?UNK2@SocialWin@@QAEXXZ
0x004aef10	extcall,fs,iat,indirect,undef=4,x87	?exit@SocialWin@@QAEXXZ
0x004af110	extcall,fs,iat,indirect,x87	?maximize_effect@SocialWin@@QAEXH@Z
0x004af1e0	extcall,fs,iat,indirect,x87	?draw_presets@SocialWin@@QAEXXZ
0x004af310	extcall,fs,iat,indirect,x87	?draw_social@SocialWin@@QAEXH@Z
0x004af8c0	extcall,fs,iat,indirect,x87	?draw_faction_basal@SocialWin@@QAEXXZ
0x004afb60	extcall,fs,iat,indirect,x87	?draw_info@SocialWin@@QAEXXZ
0x004b0410	extcall,fs,iat,indirect,x87	?draw_overview@SocialWin@@QAEXXZ
0x004b08a0	extcall,fs,iat,indirect,x87	?draw_economy_alloc@SocialWin@@QAEXXZ
0x004b0b00	extcall,fs,iat,indirect,x87	?draw_labs_alloc@SocialWin@@QAEXXZ
0x004b0d50	extcall,fs,iat,indirect,x87	?draw_psych_alloc@SocialWin@@QAEXXZ
0x004b0fa0	undef=4	?immune@SocialWin@@QAEHHHH@Z
0x004b1080	extcall,fs,iat,indirect,x87	?draw_mouseover@SocialWin@@QAEXXZ
0x004b1790	ok	?UNK3@SocialWin@@QAEXXZ
0x004b17a0	extcall,fs,iat,indirect,undef=4,x87	?on_button_text_draw@SocialWin@@QAEHPAUGraphicWin@@PADH@Z
0x004b19a0	extcall,fs,iat,indirect,x87	?on_redraw@SocialWin@@QAEXXZ
0x004b1b20	extcall,fs,iat,indirect,x87	?on_left_click@SocialWin@@QAEHHH@Z
0x004b1b30	extcall,fs,iat,indirect,x87	?bubble_me_elmo2@SocialWin@@QAEXPADHH@Z
0x004b1b70	extcall,fs,iat,indirect,x87	?bubble_me_elmo2@SocialWin@@QAGXPADHH@Z
0x004b1bc0	extcall,fs,iat,indirect,undef=4,x87	?on_right_click@SocialWin@@QAEXHH@Z
0x004b1ce0	extcall,fs,iat,indirect,undef=4,x87	?on_group_clicked@SocialWin@@QAEXHH@Z
0x004b1d70	extcall,fs,iat,indirect,x87	?on_button_passover@SocialWin@@QAEXHH@Z
0x004b1e00	extcall,fs,iat,indirect,undef=4,x87	?on_button_clicked@SocialWin@@QAEXH@Z
0x004b1e80	extcall,fs,iat,indirect,x87	?on_key_click@SocialWin@@QAEHHH@Z
0x004b1ec0	extcall,fs,iat,indirect,x87	?on_mouse_move@SocialWin@@QAEXHH@Z
0x004b1fc0	extcall,fs,iat,indirect,undef=4,x87	?on_mouse_leave@SocialWin@@QAEXHH@Z
0x004b1ff0	ok	?allocate_energy@SocialWin@@QAEXHH@Z
0x004b2120	extcall,fs,iat,indirect,x87	?on_status@SocialWin@@QAEXH@Z
0x004b2210	extcall,fs,iat,indirect,x87	?on_iface_left_click@SocialWin@@QAEHHH@Z
0x004b2220	extcall,fs,iat,indirect,undef=4,x87	?on_iface_right_click@SocialWin@@QAEXHH@Z
0x004b2400	ok	?on_iface_left_down@SocialWin@@QAEXHH@Z
0x004b2410	ok	?on_iface_right_down@SocialWin@@QAEXHH@Z
0x004b2420	extcall,fs,iat,indirect,x87	?on_iface_mouse_move@SocialWin@@QAEXHH@Z
0x004b2430	extcall,fs,iat,indirect,x87	?on_iface_mouse_leave@SocialWin@@QAEXHH@Z
0x004b2440	ok	?on_iface_selected@SocialWin@@QAEXHH@Z
0x004b2450	ok	?on_iface_left_double_click@SocialWin@@QAEXHH@Z
0x004b2460	ok	?on_iface_right_double_click@SocialWin@@QAEXHH@Z
0x004b2470	extcall,fs,iat,indirect,x87	?on_iface_button_clicked@SocialWin@@QAEXH@Z
0x004b2670	ok	?on_iface_button_toggled@SocialWin@@QAEXHH@Z
0x004b2680	ok	?on_iface_group_clicked@SocialWin@@QAEXHHH@Z
0x004b2690	iat,indirect,undef=4	?show@SocialWin@@QAEXH@Z
0x004b26b0	iat,indirect,undef=4	?hide@SocialWin@@QAEXXZ
0x004b26d0	indirect,undef=4	?close@SocialWin@@QAEXXZ
0x004b2740	extcall,fs,iat,indirect,x87	?init@SocialWin@@QAEXH@Z
0x004b3c80	extcall,fs,iat,indirect,x87	??1SocialWin@@QAE@XZ
0x004b3ec0	extcall,fs,iat,indirect,x87	??1CheckButton@@QAE@XZ
0x004b3f20	extcall,fs,iat,indirect,undef=4,x87	??_GCheckButton@@UAEPAXI@Z
0x004b3f50	extcall,fs,iat,indirect,undef=4,x87	??_GSocialWin@@UAEPAXI@Z
0x004b3f80	extcall,fs,iat,indirect,x87	??3CheckButton@@SAXPAXI@Z
0x004b3f90	extcall,fs,iat,indirect,x87	??3SocialWin@@SAXPAXI@Z
0x004b3fa0	extcall,fs,iat,indirect	??__Eg_STATUSWIN@@YAXXZ
0x004b3fc0	extcall,fs,iat,indirect	??__Fg_STATUSWIN@@YAXXZ
0x004b3fd0	extcall,fs,iat,indirect,undef=4,x87	?say_morale@@YAXPADHH@Z
0x004b43c0	extcall,fs,iat,indirect,x87	?say_morale@@YAXHH@Z
0x004b43e0	extcall,fs,iat,indirect,undef=4,x87	?say_orders@@YAXPADH@Z
0x004b4970	extcall,fs,iat,indirect,x87	?say_orders@@YAXH@Z
0x004b4990	extcall,iat,indirect	?UNK1@StatusWin@@QAEXXZ
0x004b4a20	extcall,fs,iat,indirect,undef=4,x87	?set_title@StatusWin@@QAEXH@Z
0x004b4bf0	extcall,fs,iat,indirect,undef=4,x87	?draw_my_dest@@YAXH@Z
0x004b4cd0	extcall,fs,iat,indirect,x87	?UNK2@StatusWin@@QAEXXZ
0x004b4cf0	extcall,fs,iat,indirect,undef=4,x87	?draw_active@StatusWin@@QAEXHHH@Z
0x004b6530	extcall,fs,iat,indirect,undef=4,x87	?reset_active@StatusWin@@QAEXXZ
0x004b6570	extcall,fs,iat,indirect,undef=4,x87	?draw_status@StatusWin@@QAEXHHHHH@Z
0x004b8830	extcall,fs,iat,indirect,x87	?draw@StatusWin@@QAEXHHHHH@Z
0x004b8890	extcall,fs,iat,indirect,x87	?on_redraw@StatusWin@@QAEXXZ
0x004b8970	iat,indirect,undef=4	?reset@StatusWin@@QAEXXZ
0x004b8990	extcall,fs,iat,indirect,x87	?on_left_double_click@StatusWin@@QAEXHH@Z
0x004b89c0	extcall,fs,iat,indirect,undef=4,x87	?arrow_left@StatusWin@@QAEXXZ
0x004b8bd0	extcall,fs,iat,indirect,undef=4,x87	?arrow_right@StatusWin@@QAEXXZ
0x004b8df0	extcall,fs,iat,indirect,undef=4,x87	?UNK3@StatusWin@@QAEXXZ
0x004b8e40	extcall,fs,iat,indirect,undef=4,x87	?on_left_click@StatusWin@@QAEXHH@Z
0x004b9010	extcall,fs,iat,indirect,undef=4,x87	?on_right_click@StatusWin@@QAEXHHH@Z
0x004b9e90	undef=4	?UNK4@StatusWin@@QAEXXZ
0x004b9ea0	extcall,fs,iat,indirect,x87	?redraw@StatusWin@@QAEXXZ
0x004b9f80	ok	?close@StatusWin@@QAEXXZ
0x004b9f90	undef=4	?set_loc@StatusWin@@QAEXHH@Z
0x004b9fc0	extcall,iat,indirect,x87	?init@StatusWin@@QAEXXZ
0x004ba120	extcall,fs,iat,indirect	??1StatusWin@@QAE@XZ
0x004ba1a0	extcall,fs,iat,indirect	??0StatusWin@@QAE@XZ
0x004ba220	extcall,fs,iat,indirect	?textcolor_init@@YAXXZ
0x004ba5c0	extcall,fs,iat,indirect,x87	??__Eg_TUTWIN@@YAXXZ
0x004ba5e0	extcall,fs,iat,indirect,x87	??__Fg_TUTWIN@@YAXXZ
0x004ba5f0	undef=4	?tut_check@@YAHH@Z
0x004ba650	undef=4	?tut_check2@@YAHH@Z
0x004ba6b0	extcall,fs,iat,indirect,undef=4,x87	??0TutWin@@QAE@XZ
0x004ba720	undef=4	?UNK1@TutWin@@QAEXXZ
0x004ba770	extcall,fs,iat,indirect,undef=4,x87	?on_key_click@TutWin@@QAEHHH@Z
0x004ba830	ok	?UNK2@TutWin@@QAEXPAURECT@@PAHPAH@Z
0x004ba870	extcall,fs,iat,indirect,x87	?do_base@TutWin@@QAEXPAURECT@@PBDH@Z
0x004ba8f0	extcall,fs,iat,indirect,x87	?do_iface@TutWin@@QAEXPAURECT@@PBDH@Z
0x004ba970	extcall,fs,iat,indirect,x87	?do_soc@TutWin@@QAEXPAURECT@@PBDH@Z
0x004ba9f0	extcall,fs,iat,indirect,x87	?do_des@TutWin@@QAEXPAURECT@@PBDH@Z
0x004baa70	extcall,fs,iat,indirect,undef=4,x87	?tour6@TutWin@@QAEXXZ
0x004baf20	extcall,fs,iat,indirect,undef=4,x87	?tour7@TutWin@@QAEXXZ
0x004bb380	extcall,fs,iat,indirect,undef=4,x87	?tour5@TutWin@@QAEXXZ
0x004bb7a0	extcall,fs,iat,indirect,undef=4,x87	?tour1@TutWin@@QAEXXZ
0x004bc5a0	ok	?iface_rect@TutWin@@QAEXPAURECT@@PAH1@Z
0x004bc5f0	ok	?base_rect@TutWin@@QAEXPAURECT@@PAH1@Z
0x004bc640	ok	?soc_rect@TutWin@@QAEXPAURECT@@PAH1@Z
0x004bc690	ok	?des_rect@TutWin@@QAEXPAURECT@@PAH1@Z
0x004bc6e0	extcall,fs,iat,indirect,undef=4,x87	?tour@TutWin@@QAEXXZ
0x004bdcc0	extcall,fs,iat,indirect,undef=4,x87	?on_button_clicked@TutWin@@QAEXH@Z
0x004bddb0	indirect,undef=4	?on_move@TutWin@@QAEXHH@Z
0x004bddd0	ok	?UNK3@TutWin@@QAEXH@Z
0x004bdde0	extcall,fs,iat,indirect,undef=4,x87	?reset@TutWin@@QAEHXZ
0x004bdea0	iat,indirect,undef=4	?draw_arrow@TutWin@@QAEXXZ
0x004bdf20	extcall,fs,iat,indirect,x87	?terrain_draw@TutWin@@QAAXPAUSprite@@PAUGraphicWin@@HHH@Z
0x004bdf70	extcall,fs,iat,indirect,x87	?veh_draw@TutWin@@QAAXPAUSprite@@PAUGraphicWin@@HHH@Z
0x004bdfa0	extcall,fs,iat,indirect,x87	?base_draw@TutWin@@QAAXPAUSprite@@PAUGraphicWin@@HHH@Z
0x004bdfe0	extcall,fs,iat,indirect,x87	?tut_win@TutWin@@QAEHPAUGraphicWin@@PBDHHPAUSprite@@HHH@Z
0x004be650	extcall,fs,iat,indirect,x87	?tut_map@TutWin@@QAEHPBDHHHPAUSprite@@HHH@Z
0x004be7d0	extcall,fs,iat,indirect,x87	??1TutWin@@QAE@XZ
0x004be9f0	extcall,fs,iat,indirect,undef=4,x87	??_GTutWin@@UAEPAXI@Z
0x004bea20	extcall,fs,iat,indirect,x87	??3TutWin@@SAXPAXI@Z
0x004bea30	extcall,fs,iat,indirect	??0UV2Player@@QAE@XZ
0x004bea50	extcall,fs,iat,indirect,undef=4,x87	?exec@UV2Player@@QAEHPADHHH@Z
0x004bedc0	extcall,iat,indirect	?UNK1@UV2Player@@QAEHHHHH@Z
0x004bee60	extcall,iat,indirect,undef=4	?UNK2@UV2Player@@QAAHHHHH@Z
0x004bef00	extcall,fs,iat,indirect	?UNK3@UV2Player@@QAEXXZ
0x004bf380	undef=4	?UNK4@UV2Player@@QAEHXZ
0x004bf390	iat,indirect,undef=4	?on_key@UV2Player@@QAAHXZ
0x004bf400	extcall,fs,iat,indirect,undef=4,x87	?close@UV2Player@@QAEXXZ
0x004bf4b0	extcall,fs,iat,indirect,undef=4,x87	?play@UV2Player@@QAEHHH@Z
0x004bf6e0	extcall	??__Eg_VEHDRAW_CAVIAR@@YAXXZ
0x004bf700	extcall,iat,indirect	??__Fg_VEHDRAW_CAVIAR@@YAXXZ
0x004bf710	extcall,fs,iat,indirect	??__Eg_VEHDRAW_BUFFER@@YAXXZ
0x004bf730	extcall,fs,iat,indirect	??__Fg_VEHDRAW_BUFFER@@YAXXZ
0x004bf740	extcall,x87	?compute_camera@@YAXPAUVOX_Vect@@PAUVOX_Matrix@@@Z
0x004bf8d0	extcall,x87	?vehdraw_turn_start@@YAHHHHH@Z
0x004bfc70	extcall,fs,iat,indirect,x87	?vehdraw_turn@@YAXPAUBuffer@@HHHH@Z
0x004bfe00	x87	?vehdraw_scoot_start@@YAXHHHH@Z
0x004c0f50	extcall,fs,iat,indirect,x87	?vehdraw_scoot@@YAXPAUBuffer@@HHHH@Z
0x004c12a0	extcall,fs,iat,indirect,undef=4,x87	?vehdraw_draw@@YAXPAUBuffer@@HHHHHH@Z
0x004c1740	extcall,fs,iat,indirect,undef=4,x87	vehdraw_unk1
0x004c1b10	x87	?vehdraw_compute_facet_normals@@YAXXZ
0x004c1d00	ok	vehdraw_nullsub1
0x004c1d10	x87	?vehdraw_setup@@YAXXZ
0x004c1d20	undef=4,x87	?vehdraw_construct_vehicle@@YAHHPAUCaviar@@@Z
0x004c2030	undef=4	?vehdraw_construct_abil@@YAHHPAUCaviar@@H@Z
0x004c2360	undef=4,x87	?vehdraw_construct_vehicle@@YAHHHHHHHPAUCaviar@@@Z
0x004c2470	undef=4,x87	?vehdraw_construct_chassis@@YAHHHHHHPAUCaviar@@@Z
0x004c2cf0	x87	?vehdraw_construct_weapon@@YAHHHHPAUCaviar@@@Z
0x004c3090	x87	?vehdraw_construct_armor@@YAHHHHHHPAUCaviar@@@Z
0x004c3800	undef=4,x87	?vehdraw_construct_reactor@@YAHHHHHHPAUCaviar@@@Z
0x004c38a0	ok	vehdraw_nullsub2
0x004c38b0	extcall,fs,iat,indirect,x87	??__Eg_WORLDWIN@@YAXXZ
0x004c38d0	extcall,fs,iat,indirect,x87	??__Fg_WORLDWIN@@YAXXZ
0x004c38e0	extcall,fs,iat,indirect,x87	sub_4c38e0
0x004c3910	iat,indirect	sub_4c3910
0x004c3950	extcall,fs,iat,indirect,x87	?set_detail_map@WorldWin@@QAEXXZ
0x004c3990	iat,indirect	?set_world_map@WorldWin@@QAEXXZ
0x004c39d0	extcall,fs,iat,indirect,x87	?show_all@WorldWin@@QAEXXZ
0x004c3a40	extcall,fs,iat,indirect,x87	?hide_all@WorldWin@@QAEXXZ
0x004c3a70	undef=4	?UNK1@WorldWin@@QAEXXZ
0x004c3ab0	extcall,fs,iat,indirect,undef=4,x87	?right_menu@WorldWin@@QAEXHH@Z
0x004c3d40	extcall,fs,iat,indirect,undef=4,x87	?click@WorldWin@@QAEXHHHH@Z
0x004c3e50	extcall,fs,iat,indirect,x87	?on_left_click@WorldWin@@QAEXHH@Z
0x004c3e70	extcall,fs,iat,indirect,x87	?on_right_click@WorldWin@@QAEXHH@Z
0x004c3e90	ok	?on_left_double_click@WorldWin@@QAEXHH@Z
0x004c3ea0	iat,indirect	?follow_center@WorldWin@@QAEXHH@Z
0x004c3ec0	extcall,fs,iat,indirect,x87	?on_redraw@WorldWin@@QAEXXZ
0x004c4230	extcall,fs,iat,indirect,undef=4,x87	?UNK2@WorldWin@@QAEXH@Z
0x004c43f0	undef=4	?pixel_to_tile@WorldWin@@QAEHHHPAH0@Z
0x004c44e0	undef=4	?tile_to_pixel@WorldWin@@QAEHHHPAH0@Z
0x004c45e0	ok	?clear_terrain@WorldWin@@QAEXXZ
0x004c45f0	iat,indirect	?set_center@WorldWin@@QAEXHH@Z
0x004c4610	iat,indirect	?focus@WorldWin@@QAEXHH@Z
0x004c4630	extcall,indirect,undef=4	?draw_box@WorldWin@@QAEXXZ
0x004c47f0	extcall,indirect,undef=4	?UNK3@WorldWin@@QAEXXZ
0x004c49a0	extcall,fs,iat,indirect,x87	?init@WorldWin@@QAEXH@Z
0x004c4a70	extcall,fs,iat,indirect,x87	??1WorldWin@@QAE@XZ
0x004c4bf0	extcall,fs,iat,indirect,x87	??0WorldWin@@QAE@XZ
0x004c4c70	extcall,fs,iat,indirect,undef=4,x87	??_GWorldWin@@UAEPAXI@Z
0x004c4ca0	extcall,fs,iat,indirect,x87	??3WorldWin@@SAXPAXI@Z
0x004c4cb0	undef=4	sub_4c4cb0
0x004c4d10	undef=4	sub_4c4d10
0x004c4d70	extcall	sub_4c4d70
0x004c4dd0	extcall,fs,indirect,undef=4	??0Wave_Device@@QAE@XZ
0x004c4e60	extcall,fs,indirect,undef=4	??1Wave_Device@@QAE@XZ
0x004c4ed0	indirect,undef=4	?create_device@Wave_Device@@QAEHK@Z
0x004c4f10	indirect,undef=4	?delete_device@Wave_Device@@QAEHXZ
0x004c4f40	indirect,undef=4	?init@Wave_Device@@QAEHPAXK@Z
0x004c4f80	indirect,undef=4	?release@Wave_Device@@QAEXXZ
0x004c4fc0	undef=4	?suspend@Wave_Device@@QAEXXZ
0x004c4fd0	undef=4	?restart@Wave_Device@@QAEXXZ
0x004c4fe0	undef=4	?update_sound@Wave_Device@@QAEXXZ
0x004c4ff0	undef=4	?get_ndevices@Wave_Device@@QAEHXZ
0x004c5000	indirect,undef=4	?set_hwnd@Wave_Device@@QAEHPAX@Z
0x004c5020	undef=4	?get_hw_mem_size@Wave_Device@@QAEHXZ
0x004c5030	indirect,undef=4	?select@Wave_Device@@QAEHK@Z
0x004c50f0	indirect,undef=4	?get_description@Wave_Device@@QAEXKPADK@Z
0x004c5120	indirect,undef=4	?set_rate@Wave_Device@@QAEXK@Z
0x004c5140	undef=4	?get_rate@Wave_Device@@QAEHXZ
0x004c5150	indirect,undef=4	?set_volume@Wave_Device@@QAEXK@Z
0x004c5170	undef=4	?get_volume@Wave_Device@@QAEHXZ
0x004c5180	ok	?set_pan@Wave_Device@@QAEXH@Z
0x004c5190	undef=4	?get_ds@Wave_Device@@QAEHXZ
0x004c51a0	undef=4	?fade@Wave_Device@@QAEHI@Z
0x004c51b0	undef=4	?stop@Wave_Device@@QAEHXZ
0x004c51c0	indirect,undef=4	?enable@Wave_Device@@QAEXXZ
0x004c51d0	indirect,undef=4	?disable@Wave_Device@@QAEXXZ
0x004c51e0	undef=4	?is_disabled@Wave_Device@@QAEHXZ
0x004c5200	indirect,undef=4	?start_raw_dump@Wave_Device@@QAEHPAD@Z
0x004c5220	undef=4	?stop_raw_dump@Wave_Device@@QAEHXZ
0x004c5240	extcall,undef=4	?add_to_group@Wave_Device@@QAEHIPAUWave@@@Z
0x004c5280	extcall,iat,indirect,undef=4	?pull_from_group@Wave_Device@@QAEHPAUWave@@@Z
0x004c5320	indirect,undef=4	?set_group_volume@Wave_Device@@QAEHII@Z
0x004c5380	undef=4	?get_group_volume@Wave_Device@@QAEHI@Z
0x004c53a0	indirect,undef=4	?enable_group@Wave_Device@@QAEHI@Z
0x004c5400	indirect,undef=4	?disable_group@Wave_Device@@QAEHI@Z
0x004c5460	undef=4	?is_group_disabled@Wave_Device@@QAEHI@Z
0x004c5490	undef=4	??0WaveControlGroup@@QAE@XZ
0x004c54b0	undef=4	?is_eax@Wave_Device@@QAEHXZ
0x004c54c0	indirect,undef=4	?set_eax@Wave_Device@@QAEHPAUEAX_REVERB_PROPERTIES@@@Z
0x004c54e0	indirect,undef=4	?set_eax@Wave_Device@@QAEHK@Z
0x004c5500	indirect,undef=4	?set_eax_mix@Wave_Device@@QAEHM@Z
0x004c5530	undef=4	?is_3d@Wave_Device@@QAEHXZ
0x004c5550	indirect,undef=4	?set_listener_position@Wave_Device@@QAEHMMM@Z
0x004c5580	indirect,undef=4	?get_listener_position@Wave_Device@@QAEHPAM00@Z
0x004c55b0	indirect,undef=4	?set_listener_xpos@Wave_Device@@QAEHM@Z
0x004c55e0	indirect,undef=4	?get_listener_xpos@Wave_Device@@QAEHPAM@Z
0x004c5610	indirect,undef=4	?set_listener_ypos@Wave_Device@@QAEHM@Z
0x004c5640	indirect,undef=4	?get_listener_ypos@Wave_Device@@QAEHPAM@Z
0x004c5670	indirect,undef=4	?set_listener_zpos@Wave_Device@@QAEHM@Z
0x004c56a0	indirect,undef=4	?get_listener_zpos@Wave_Device@@QAEHPAM@Z
0x004c56d0	indirect,undef=4	?create_device@Midi_Device@@QAEHK@Z
0x004c5710	indirect,undef=4	?delete_device@Midi_Device@@QAEHXZ
0x004c5740	extcall	??0Midi_Device@@QAE@XZ
0x004c5780	undef=4	??1Midi_Device@@QAE@XZ
0x004c57a0	indirect,undef=4	?init@Midi_Device@@QAEHPAXK@Z
0x004c57f0	indirect,undef=4	?release@Midi_Device@@QAEXXZ
0x004c5830	undef=4	?get_ndevices@Midi_Device@@QAEHXZ
0x004c5840	undef=4	?select@Midi_Device@@QAEHI@Z
0x004c5850	undef=4	?get_description@Midi_Device@@QAEHIPADI@Z
0x004c5860	ok	?set_volume@Midi_Device@@QAEXI@Z
0x004c5870	undef=4	?get_volume@Midi_Device@@QAEHXZ
0x004c5880	ok	?set_pan@Midi_Device@@QAEXH@Z
0x004c5890	undef=4	?fade@Midi_Device@@QAEHI@Z
0x004c58a0	undef=4	?stop@Midi_Device@@QAEHXZ
0x004c58b0	ok	?update_sound@Midi_Device@@QAEXXZ
0x004c58c0	ok	?set_rate@Midi_Device@@QAEXI@Z
0x004c58d0	undef=4	?get_rate@Midi_Device@@QAEHXZ
0x004c58e0	ok	?suspend@Midi_Device@@QAEXXZ
0x004c58f0	ok	?restart@Midi_Device@@QAEXXZ
0x004c5900	indirect,undef=4	?enable@Midi_Device@@QAEXXZ
0x004c5910	indirect,undef=4	?disable@Midi_Device@@QAEXXZ
0x004c5920	undef=4	?is_disabled@Midi_Device@@QAEHXZ
0x004c5940	extcall	??0Wave_In_Device@@QAE@XZ
0x004c5980	undef=4	??1Wave_In_Device@@QAE@XZ
0x004c59a0	indirect,undef=4	?create_device@Wave_In_Device@@QAEHK@Z
0x004c59e0	indirect,undef=4	?delete_device@Wave_In_Device@@QAEHXZ
0x004c5a10	indirect,undef=4	?init@Wave_In_Device@@QAEHPAXK@Z
0x004c5a50	indirect,undef=4	?release@Wave_In_Device@@QAEXXZ
0x004c5a80	indirect,undef=4	?set_codec@Wave_In_Device@@QAEHK@Z
0x004c5aa0	indirect,undef=4	?set_vxw_key@Wave_In_Device@@QAEHPAC@Z
0x004c5ac0	undef=4	?get_ndevices@Wave_In_Device@@QAEHXZ
0x004c5ad0	undef=4	?select@Wave_In_Device@@QAEHI@Z
0x004c5ae0	undef=4	?get_description@Wave_In_Device@@QAEHIPADI@Z
0x004c5af0	undef=4	?get_caps@Wave_In_Device@@QAEHI@Z
0x004c5b00	undef=4	?stop@Wave_In_Device@@QAEHXZ
0x004c5b10	ok	?update_sound@Wave_In_Device@@QAEXXZ
0x004c5b20	ok	?set_rate@Wave_In_Device@@QAEXI@Z
0x004c5b30	undef=4	?get_rate@Wave_In_Device@@QAEHXZ
0x004c5b40	ok	?suspend@Wave_In_Device@@QAEXXZ
0x004c5b50	ok	?restart@Wave_In_Device@@QAEXXZ
0x004c5b60	indirect,undef=4	?start_record@Wave_In_Device@@QAEHXZ
0x004c5b70	indirect,undef=4	?end_record@Wave_In_Device@@QAEHXZ
0x004c5b80	extcall,iat,indirect	??1WaveControlGroup@@QAE@XZ
0x004c5bf0	extcall	sub_4c5bf0
0x004c5c50	extcall,fs,indirect	??__Eg_WAVE_DEVICE@@YAXXZ
0x004c5c70	extcall,fs,indirect	??__Fg_WAVE_DEVICE@@YAXXZ
0x004c5c80	extcall	??__Eg_MIDI_DEVICE@@YAXXZ
0x004c5ca0	ok	??__Fg_MIDI_DEVICE@@YAXXZ
0x004c5cb0	extcall	??__Eg_WAVE_IN_DEVICE@@YAXXZ
0x004c5cd0	ok	??__Fg_WAVE_IN_DEVICE@@YAXXZ
0x004c5ce0	extcall,fs,iat,indirect,undef=4,x87	?init_sound@@YAHPAXK@Z
0x004c5d90	extcall,iat,indirect,undef=4	?release_sound@@YAHXZ
0x004c5e50	extcall,fs,iat,indirect,undef=4,x87	?load_sound_dll@@YAHXZ
0x004c5f70	iat,indirect,undef=4	?unload_sound_dll@@YAXXZ
0x004c5fb0	indirect,undef=4	?init_sound_timer@@YAHKK@Z
0x004c5fe0	undef=4	?get_sound_version@@YAHXZ
0x004c6000	indirect,undef=4	sub_4c6000
0x004c6030	indirect,undef=4	sub_4c6030
0x004c6060	undef=4	sub_4c6060
0x004c6080	extcall,fs,indirect	??0Sound@@QAE@XZ
0x004c6120	extcall,fs,iat,indirect,undef=4	??1Sound@@QAE@XZ
0x004c61e0	ok	?set_type@Sound@@QAEXI@Z
0x004c6280	extcall,iat,indirect,undef=4	?load@Sound@@QAEHPBD@Z
0x004c6370	undef=4	?attach@Sound@@QAEHXZ
0x004c63d0	undef=4	?detach@Sound@@QAEHXZ
0x004c6430	ok	?UNK1@Sound@@QAEHH@Z
0x004c6440	indirect,undef=4	?unload@Sound@@QAEHXZ
0x004c6480	undef=4	?play@Sound@@QAEHXZ
0x004c64a0	indirect,undef=4	?play@Sound@@QAEHI@Z
0x004c64c0	undef=4	?is_playing@Sound@@QAEHXZ
0x004c64d0	undef=4	?stop@Sound@@QAEHXZ
0x004c64f0	undef=4	?release@Sound@@QAEHXZ
0x004c6510	indirect,undef=4	?set_volume@Sound@@QAEXH@Z
0x004c6540	indirect,undef=4	?set_loop_state@Sound@@QAEXJ@Z
0x004c6560	indirect,undef=4	?set_delay@Sound@@QAEXI@Z
0x004c6580	indirect,undef=4	?set_fade@Sound@@QAEHK@Z
0x004c65b0	indirect,undef=4	?set_fade_in@Sound@@QAEHI@Z
0x004c65e0	undef=4	?fade@Sound@@QAEHXZ
0x004c6600	indirect,undef=4	?fade@Sound@@QAEXK@Z
0x004c6620	undef=4	?fade_in@Sound@@QAEHXZ
0x004c6640	indirect,undef=4	?ramp@Sound@@QAEXHHI@Z
0x004c6660	indirect,undef=4	?fade_in@Sound@@QAEXI@Z
0x004c6690	undef=4	?is_looping@Sound@@QAEHXZ
0x004c66a0	undef=4	?get_time@Sound@@QAEHXZ
0x004c66b0	indirect,undef=4	?set_pan@Sound@@QAEXH@Z
0x004c66e0	extcall,fs,indirect	??0Wave@@QAE@XZ
0x004c67c0	extcall,fs,iat,indirect,undef=4	??1Wave@@QAE@XZ
0x004c68f0	indirect,undef=4	?play@Wave@@QAEHH@Z
0x004c6920	extcall,iat,indirect,undef=4	?play@Wave@@QAEHXZ
0x004c69b0	extcall,iat,indirect,undef=4	?init@Wave@@QAEXPADK@Z
0x004c6ae0	undef=4	?is_hwbuffer@Wave@@QAEHXZ
0x004c6b00	ok	?get_ms_length@Wave@@QAEHXZ
0x004c6b10	iat,indirect,undef=4	?is_playing@Wave@@QAEHXZ
0x004c6b60	extcall,iat,indirect,undef=4	?set_fname@Wave@@QAEHPBD@Z
0x004c6bb0	indirect,undef=4	?dyna_load@Wave@@QAEHPAD@Z
0x004c6c20	extcall,iat,indirect,undef=4	?load@Wave@@QAEHPBD@Z
0x004c6ce0	extcall,iat,indirect,undef=4	?load@Wave@@QAEHXZ
0x004c6db0	indirect,undef=4	?load@Wave@@QAEHPADK@Z
0x004c6df0	indirect,undef=4	?reload@Wave@@QAEHXZ
0x004c6ea0	indirect,undef=4	?unload@Wave@@QAEXXZ
0x004c6ee0	indirect,undef=4	?set_pitch@Wave@@QAEXH@Z
0x004c6f20	indirect,undef=4	?set_attrib@Wave@@QAEXK@Z
0x004c6f80	indirect,undef=4	?get_attrib@Wave@@QAEHXZ
0x004c6fd0	indirect,undef=4	?get_time@Wave@@QAEHI@Z
0x004c6ff0	undef=4	?get_current_marker@Wave@@QAEHXZ
0x004c7010	undef=4	?get_game_hwnd@Wave@@QAEHXZ
0x004c7020	undef=4	?get_ndevices@Wave@@QAEHXZ
0x004c7040	indirect,undef=4	?get_device_description@Wave@@QAEHPADHH@Z
0x004c7080	undef=4	?UNK1@Wave@@QAEHH@Z
0x004c70a0	indirect,undef=4	?set_reverb_mix@Wave@@QAEHM@Z
0x004c70d0	ok	?set_bufflimit@Wave@@QAEHI@Z
0x004c70e0	ok	?set_asdr@Wave@@QAEHXZ
0x004c70f0	ok	?set_attack@Wave@@QAEHIII@Z
0x004c7100	ok	?set_sustain@Wave@@QAEHIII@Z
0x004c7110	ok	?set_decay@Wave@@QAEHIII@Z
0x004c7120	ok	?set_release@Wave@@QAEHIII@Z
0x004c7130	extcall,indirect,undef=4,x87	?set_volume@Wave@@QAEXH@Z
0x004c7190	indirect,undef=4	?set_position3d@Wave@@QAEHMMM@Z
0x004c71c0	indirect,undef=4	?set_xpos@Wave@@QAEHM@Z
0x004c71f0	indirect,undef=4	?set_ypos@Wave@@QAEHM@Z
0x004c7220	indirect,undef=4	?set_zpos@Wave@@QAEHM@Z
0x004c7250	undef=4	?is_3d@Wave@@QAEHXZ
0x004c7270	extcall	sub_4c7270
0x004c72a0	extcall	sub_4c72a0
0x004c7300	extcall,iat,indirect,undef=4	sub_4c7300
0x004c7380	extcall,iat,indirect,undef=4	sub_4c7380
0x004c73c0	extcall,iat,indirect	sub_4c73c0
0x004c74b0	extcall,iat,indirect	sub_4c74b0
0x004c74f0	extcall	sub_4c74f0
0x004c75a0	ok	sub_4c75a0
0x004c75b0	extcall,fs,indirect,undef=4	sub_4c75b0
0x004c7670	extcall,fs,iat,indirect,undef=4	??1Ambience@@QAE@XZ
0x004c7760	undef=4	?play@Midi@@QAEHXZ
0x004c7780	indirect,undef=4	?set_volume@Midi@@QAEXH@Z
0x004c77b0	indirect,undef=4	?switch_state@Midi@@QAEH_N@Z
0x004c77d0	indirect,undef=4	?set_switch_type@Midi@@QAEHK@Z
0x004c7800	indirect,undef=4	?add_switch_range@Midi@@QAEHKK@Z
0x004c7830	indirect,undef=4	?set_nswitch_threads@Midi@@QAEHK@Z
0x004c7860	indirect,undef=4	?map_patch@Midi@@QAEHPADKK@Z
0x004c7890	indirect,undef=4	?map_patch@Midi@@QAEHPADK@Z
0x004c78c0	indirect,undef=4	?set_base_path@Midi@@QAEHPBD@Z
0x004c78e0	indirect,undef=4	?clear_patch@Midi@@QAEHK@Z
0x004c7910	undef=4	?reset@Midi@@QAEHXZ
0x004c7930	indirect,undef=4	?set_track@Midi@@QAEHPAEK@Z
0x004c7960	indirect,undef=4	?mute_track@Midi@@QAEHK@Z
0x004c7990	indirect,undef=4	?unmute_track@Midi@@QAEHK@Z
0x004c79c0	indirect,undef=4	?set_active_tracks@Midi@@QAEHKK@Z
0x004c79f0	indirect,undef=4	?set_active_tracks@Midi@@QAEHI@Z
0x004c7a20	indirect,undef=4	?play_trackset@Midi@@QAEHI@Z
0x004c7a50	indirect,undef=4	?xpose_trackset@Midi@@QAEHIH@Z
0x004c7a80	indirect,undef=4	?stop_trackset@Midi@@QAEHI@Z
0x004c7ab0	indirect,undef=4	?is_trackset_playing@Midi@@QAEHI@Z
0x004c7ad0	indirect,undef=4	?add_active_trackset@Midi@@QAEHPAUTrackSet@@@Z
0x004c7b00	indirect,undef=4	?set_active_range_lo@Midi@@QAEHII@Z
0x004c7b30	indirect,undef=4	?set_active_range_hi@Midi@@QAEHII@Z
0x004c7b60	indirect,undef=4	?remove_active_trackset@Midi@@QAEHI@Z
0x004c7b90	indirect,undef=4	?get_trackset@Midi@@QAEHI@Z
0x004c7bb0	undef=4	?get_ntracks@Midi@@QAEHXZ
0x004c7bd0	indirect,undef=4	?load_patch@Midi@@QAEHI@Z
0x004c7c00	indirect,undef=4	?unload_patch@Midi@@QAEHI@Z
0x004c7c30	indirect,undef=4	?set_patch@Midi@@QAEHII@Z
0x004c7c60	extcall,iat,indirect	?init@Midi@@QAEHPADK@Z
0x004c7cc0	undef=4	sub_4c7cc0
0x004c7cf0	extcall,iat,indirect,undef=4	?set_fname@Midi@@QAEHPBD@Z
0x004c7d50	indirect,undef=4	?set_tempo@Midi@@QAEHK@Z
0x004c7d80	extcall,iat,indirect,undef=4	?load@Midi@@QAEHPBD@Z
0x004c7dd0	extcall,iat,indirect,undef=4	?load@Midi@@QAEHXZ
0x004c7e20	indirect,undef=4	?unload@Midi@@QAEHXZ
0x004c7e80	indirect,undef=4	?get_time@Midi@@QAEHK@Z
0x004c7ea0	undef=4	?get_control_track@Midi@@QAEHXZ
0x004c7ec0	indirect,undef=4	?get_total_track_ticks@Midi@@QAEHK@Z
0x004c7ee0	indirect,undef=4	?set_channel_ctrl@Midi@@QAEHPAUChannelCtrl@@@Z
0x004c7f10	indirect,undef=4	?set_program_ctrl@Midi@@QAEHPAUProgramCtrl@@@Z
0x004c7f40	indirect,undef=4	?set_track_ctrl@Midi@@QAEHPAUTrackCtrl@@@Z
0x004c7f70	indirect,undef=4	sub_4c7f70
0x004c7fa0	indirect,undef=4	sub_4c7fa0
0x004c7fc0	indirect,undef=4	sub_4c7fc0
0x004c7ff0	indirect,undef=4	sub_4c7ff0
0x004c8020	indirect,undef=4	sub_4c8020
0x004c8050	indirect,undef=4	?set_play_type@Midi@@QAEHI@Z
0x004c8070	undef=4	sub_4c8070
0x004c8090	undef=4	sub_4c8090
0x004c80c0	ok	sub_4c80c0
0x004c80e0	ok	sub_4c80e0
0x004c8100	undef=4	sub_4c8100
0x004c8110	extcall	sub_4c8110
0x004c8140	ok	nullsub_223
0x004c8150	extcall	sub_4c8150
0x004c8190	extcall,iat,indirect,undef=4	sub_4c8190
0x004c81c0	extcall,iat,indirect,undef=4	sub_4c81c0
0x004c8290	extcall,iat,indirect,undef=4	sub_4c8290
0x004c8350	iat,indirect,undef=4	sub_4c8350
0x004c83a0	extcall,iat,indirect,undef=4	sub_4c83a0
0x004c83f0	indirect,undef=4	sub_4c83f0
0x004c8410	extcall	??0Patch@@QAE@XZ
0x004c8460	extcall,fs,indirect	??0Ambience@@QAE@XZ
0x004c8530	extcall,iat,indirect,undef=4	?load@Ambience@@QAEHPBD@Z
0x004c85f0	indirect,undef=4	?unload@Ambience@@QAEXXZ
0x004c8620	extcall,fs,indirect	sub_4c8620
0x004c86d0	extcall,fs,iat,indirect	sub_4c86d0
0x004c87b0	indirect,undef=4	sub_4c87b0
0x004c8840	indirect,undef=4	sub_4c8840
0x004c8890	indirect,undef=4	sub_4c8890
0x004c88b0	indirect,undef=4	sub_4c88b0
0x004c88c0	indirect,undef=4	sub_4c88c0
0x004c88e0	indirect,undef=4	sub_4c88e0
0x004c8910	undef=4	sub_4c8910
0x004c8930	undef=4	sub_4c8930
0x004c8950	undef=4	sub_4c8950
0x004c8960	extcall,fs,iat,indirect	??0VoiceRx@@QAE@XZ
0x004c8a50	extcall,fs,iat,indirect	??1VoiceRx@@QAE@XZ
0x004c8b40	indirect,undef=4	?init@VoiceRx@@QAEHKPAXK@Z
0x004c8bd0	indirect,undef=4	?release@VoiceRx@@QAEHXZ
0x004c8c20	indirect,undef=4	?start@VoiceRx@@QAEHXZ
0x004c8c40	indirect,undef=4	?stop@VoiceRx@@QAEHXZ
0x004c8c50	undef=4	?unload@VoiceRx@@QAEHXZ
0x004c8c70	indirect,undef=4	?add_buffer@VoiceRx@@QAEHPAU_MMIOINFO@@@Z
0x004c8ca0	undef=4	?get_buffer_size@VoiceRx@@QAEHXZ
0x004c8cc0	extcall,fs,iat,indirect	??0VoiceTx@@QAE@XZ
0x004c8db0	extcall,fs,iat,indirect	??1VoiceTx@@QAE@XZ
0x004c8ea0	indirect,undef=4	?release@VoiceTx@@QAEXXZ
0x004c8eb0	indirect,undef=4	?start@VoiceTx@@QAEHXZ
0x004c8f00	indirect,undef=4	?stop@VoiceTx@@QAEHXZ
0x004c8f40	indirect,undef=4	?unload@VoiceTx@@QAEXXZ
0x004c8f70	indirect,undef=4	?init@VoiceTx@@QAEHKPAXK@Z
0x004c9010	undef=4	?get_nbuffers@VoiceTx@@QAEHXZ
0x004c9030	undef=4	?get_next_buffer@VoiceTx@@QAEHXZ
0x004c9050	indirect,undef=4	?return_buffer@VoiceTx@@QAEHPAU_MMIOINFO@@@Z
0x004c9080	extcall,fs,iat,indirect,x87	sub_4c9080
0x004c92d0	extcall,fs,iat,indirect,undef=4	??_GSound@@UAEPAXI@Z
0x004c9300	extcall,fs,iat,indirect,undef=4	??_GWave@@UAEPAXI@Z
0x004c9330	extcall,fs,iat,indirect,undef=4	??_GAmbience@@UAEPAXI@Z
0x004c9360	extcall,fs,iat,indirect,undef=4	??_GVideo@@UAEPAXI@Z
0x004c9390	undef=4	sub_4c9390
0x004c93b0	extcall,fs,iat,indirect,undef=4	??_GVoiceRx@@UAEPAXI@Z
0x004c93e0	ok	sub_4c93e0
0x004c93f0	extcall,fs,iat,indirect,undef=4	??_GVoiceTx@@UAEPAXI@Z
0x004c9420	extcall	?terraform_cost@@YAHHHH@Z
0x004c96e0	extcall,fs,iat,indirect,x87	?action_build@@YAHHPAD@Z
0x004c99d0	ok	sub_4c99d0
0x004c9a50	undef=4	?contribution@@YAHHH@Z
0x004c9b00	extcall,fs,iat,indirect,undef=3f,x87	?action_terraform@@YAHHHH@Z
0x004ca7f0	extcall,fs,iat,indirect,x87	?action_staple@@YAXH@Z
0x004caa50	extcall,fs,iat,indirect,x87	?action_destroy@@YAXHHHH@Z
0x004cb310	extcall,fs,iat,indirect,undef=4,x87	?action_go_to@@YAXH@Z
0x004cb580	extcall,fs,iat,indirect,undef=4,x87	?action_road_to@@YAXH@Z
0x004cbaa0	extcall,undef=4	?action_home@@YAHHH@Z
0x004cc360	extcall,fs,iat,indirect,undef=4,x87	?action_airdrop@@YAHHHHH@Z
0x004cd060	extcall,fs,iat,indirect,undef=4,x87	?action_feature@@YAXXZ
0x004cd090	extcall,fs,iat,indirect,undef=4,x87	?action_arty@@YAXHHH@Z
0x004cd2f0	extcall,fs,iat,indirect,x87	?action_destruct@@YAXH@Z
0x004cd4e0	extcall,fs,iat,indirect,undef=4,x87	?action_oblit@@YAXHH@Z
0x004cd6a0	extcall,fs,iat,indirect,undef=4,x87	?valid_patrol@@YAHHHH@Z
0x004cda30	extcall,fs,iat,indirect,undef=4,x87	?action_patrol@@YAXHHH@Z
0x004cdaf0	extcall,fs,iat,indirect,undef=4,x87	?shoot_it@@YAHHHHHH@Z
0x004ce210	extcall,fs,iat,indirect,undef=4,x87	?action_tectonic@@YAXHHH@Z
0x004ce6b0	extcall,fs,iat,indirect,undef=4,x87	sub_4ce6b0
0x004ce790	extcall,fs,iat,indirect,undef=4,x87	?action_fungal@@YAXHHH@Z
0x004cede0	extcall,fs,iat,indirect,undef=4,x87	?action_give@@YAXHH@Z
0x004cf380	extcall,fs,iat,indirect,x87	?action_gate@@YAXHH@Z
0x004cf480	extcall,fs,iat,indirect,x87	?action_sat_attack@@YAXHHHH@Z
0x004cf740	extcall,fs,iat,indirect,undef=4,x87	?action@@YAHH@Z
0x004cf7c0	extcall,fs,iat,indirect,undef=4,x87	?new_base@Console@@QAEXH@Z
0x004d0450	extcall,fs,iat,indirect,undef=4,x87	?skip@Console@@QAEXH@Z
0x004d04a0	extcall,fs,iat,indirect,x87	?wait@Console@@QAEXH@Z
0x004d04e0	extcall,fs,iat,indirect,undef=4,x87	?unload@Console@@QAEXH@Z
0x004d06c0	extcall,fs,iat,indirect,undef=4,x87	?upgrade@Console@@QAEHH@Z
0x004d2220	extcall,fs,iat,indirect,undef=4,x87	?sentry@Console@@QAEXHH@Z
0x004d24c0	extcall,fs,iat,indirect,undef=4,x87	?hold@Console@@QAEXHH@Z
0x004d26a0	extcall,fs,iat,indirect,undef=4,x87	?give_veh@Console@@QAEXH@Z
0x004d2ac0	extcall,fs,iat,indirect,undef=4,x87	?disband@Console@@QAEXH@Z
0x004d2de0	extcall,fs,iat,indirect,undef=4,x87	?disband@Console@@QAEXHH@Z
0x004d2f00	extcall,fs,iat,indirect,undef=4,x87	?activate@Console@@QAEXHHH@Z
0x004d3470	extcall,fs,iat,indirect,undef=4,x87	?terraform@Console@@QAEXHH@Z
0x004d52a0	extcall,fs,iat,indirect,x87	?destroy@Console@@QAEXH@Z
0x004d5d30	extcall,fs,iat,indirect,undef=4,x87	?oblit@Console@@QAEXH@Z
0x004d5f70	undef=4	sub_4d5f70
0x004d5ff0	extcall,undef=4	sub_4d5ff0
0x004d6070	extcall,fs,iat,indirect,x87	?goto_routine@Console@@QAAXH@Z
0x004d61a0	extcall,fs,iat,indirect,undef=4,x87	?go_to@Console@@QAEXHHH@Z
0x004d7be0	extcall,fs,iat,indirect,undef=4,x87	?road_to@Console@@QAEXHH@Z
0x004d7cf0	extcall,fs,iat,indirect,undef=4,x87	?designate@Console@@QAEXH@Z
0x004d7de0	extcall,fs,iat,indirect,undef=4,x87	?go_home@Console@@QAEXH@Z
0x004d7ee0	extcall,fs,iat,indirect,x87	?set_patrol@Console@@QAEXH@Z
0x004d7f60	extcall,fs,iat,indirect,x87	?use_ability@Console@@QAEXH@Z
0x004d8a70	extcall,fs,iat,indirect,undef=4,x87	?automate@Console@@QAEXHH@Z
0x004d8cd0	extcall,fs,iat,indirect,undef=4,x87	?set_bombing_run@Console@@QAEXHHH@Z
0x004d8dc0	extcall,fs,iat,indirect,undef=4,x87	?set_road_to@Console@@QAEXHHHH@Z
0x004d8f40	extcall,fs,iat,indirect,undef=4,x87	?explore@Console@@QAEXH@Z
0x004d8fa0	extcall,fs,iat,indirect,undef=4,x87	?convoy@Console@@QAEXH@Z
0x004d9170	extcall,fs,iat,indirect,undef=4,x87	?arty@Console@@QAEXH@Z
0x004d92d0	extcall,fs,iat,indirect,x87	?group@Console@@QAEXH@Z
0x004d95f0	extcall,fs,iat,indirect,undef=4,x87	?assemble@Console@@QAEXXZ
0x004d9970	extcall,fs,iat,indirect,undef=4,x87	?editor_on@Console@@QAEXXZ
0x004d9ad0	extcall,fs,iat,indirect,x87	?editor_who@Console@@QAEHHH@Z
0x004d9dc0	ok	?on_left_click@DipEdit@@QAEXHH@Z
0x004d9dd0	ok	?on_redraw@DipEdit@@QAEXXZ
0x004d9de0	extcall,fs,iat,indirect,x87	?on_button_clicked@DipEdit@@QAEXH@Z
0x004da740	extcall,fs,iat,indirect,x87	?on_selected@DipEdit@@QAEXH@Z
0x004da760	extcall,fs,iat,indirect,x87	?UNK1@DipEdit@@QAEXH@Z
0x004da7e0	ok	?UNK2@DipEdit@@QAEXH@Z
0x004da870	ok	?UNK3@DipEdit@@QAEXH@Z
0x004da900	ok	?UNK4@DipEdit@@QAEXH@Z
0x004da990	extcall,fs,iat,indirect,undef=4,x87	?read_check@DipEdit@@QAEXXZ
0x004dada0	indirect	?do_check@DipEdit@@QAEXXZ
0x004db080	extcall,fs,iat,indirect,x87	?init@DipEdit@@QAEXH@Z
0x004db870	extcall,fs,iat,indirect,x87	?editor_diplomacy@Console@@QAEXXZ
0x004dbb40	extcall,fs,iat,indirect,undef=4,x87	?editor_reset_faction@Console@@QAEXXZ
0x004dbc40	extcall,fs,iat,indirect,undef=4,x87	?editor_reset_tech@Console@@QAEXXZ
0x004dbd20	extcall,fs,iat,indirect,undef=4,x87	?editor_personality@Console@@QAEXXZ
0x004dbfb0	extcall,fs,iat,indirect,undef=4,x87	?editor_strategy@Console@@QAEXXZ
0x004dc230	extcall,fs,iat,indirect,undef=4,x87	?editor_rules@Console@@QAEXXZ
0x004dc520	extcall,fs,iat,indirect,x87	?editor_scen_rules@Console@@QAEXXZ
0x004dc860	extcall,fs,iat,indirect,x87	?editor_scen_victory@Console@@QAEXXZ
0x004dccc0	extcall,fs,iat,indirect,x87	?editor_scen_param@Console@@QAEXXZ
0x004dd1b0	extcall,fs,iat,indirect,x87	?custom_my_faction@Console@@QAEXXZ
0x004dd6f0	extcall,fs,iat,indirect,x87	?editor_diff@Console@@QAEXXZ
0x004dda50	extcall,fs,iat,indirect,x87	?editor_edit_veh@Console@@QAEXH@Z
0x004de960	extcall,fs,iat,indirect,x87	?editor_kill_veh@Console@@QAEXH@Z
0x004ded00	extcall,fs,iat,indirect,x87	?editor_veh@Console@@QAEXXZ
0x004df4f0	extcall,fs,iat,indirect,x87	?editor_view@Console@@QAEXXZ
0x004dfad0	extcall,fs,iat,indirect,x87	?editor_tech@Console@@QAEXXZ
0x004e0120	extcall,fs,iat,indirect,undef=4,x87	?editor_energy@Console@@QAEXXZ
0x004e0210	extcall,fs,iat,indirect,undef=4,x87	?editor_date@Console@@QAEXXZ
0x004e0290	extcall,fs,iat,indirect,x87	?editor_reload@Console@@QAEXXZ
0x004e05e0	extcall,fs,iat,indirect,x87	?editor_eliminate@Console@@QAEXXZ
0x004e09b0	extcall,fs,iat,indirect,x87	?editor_kill_vehicles@Console@@QAEXXZ
0x004e09e0	extcall,fs,iat,indirect,x87	?editor_save@Console@@QAEXXZ
0x004e0a00	extcall,fs,iat,indirect,undef=4,x87	?editor_load@Console@@QAEXXZ
0x004e0a50	extcall,fs,iat,indirect,x87	?editor_paints@Console@@QAEXH@Z
0x004e0ad0	extcall,fs,iat,indirect,undef=4,x87	?editor_minor@Console@@QAEXXZ
0x004e0b00	extcall,fs,iat,indirect,x87	?editor_terrain@Console@@QAEXXZ
0x004e0ea0	extcall,fs,iat,indirect,x87	?editor_set_brush@Console@@QAEXXZ
0x004e0f30	extcall,fs,iat,indirect,x87	?editor_flat@Console@@QAEXXZ
0x004e0f80	extcall,fs,iat,indirect,x87	?editor_polar@Console@@QAEXXZ
0x004e0fa0	extcall,fs,iat,indirect,undef=4,x87	?editor_climate@Console@@QAEXXZ
0x004e0fd0	extcall,fs,iat,indirect,x87	?editor_generate@Console@@QAEXXZ
0x004e10c0	extcall,fs,iat,indirect,x87	?editor_fast@Console@@QAEXXZ
0x004e1190	extcall,fs,iat,indirect,x87	?editor_randomize@Console@@QAEXXZ
0x004e1200	extcall,fs,iat,indirect,x87	?editor_clear_random@Console@@QAEXXZ
0x004e1290	extcall,fs,iat,indirect,x87	?editor_clear@Console@@QAEXXZ
0x004e1300	extcall,fs,iat,indirect,x87	?editor_clear_vehicles@Console@@QAEXXZ
0x004e1380	extcall,fs,iat,indirect,x87	?editor_clear_terrain@Console@@QAEXXZ
0x004e13e0	extcall,fs,iat,indirect,undef=4,x87	?editor_fungus@Console@@QAEXXZ
0x004e14a0	extcall,fs,iat,indirect,undef=4,x87	?editor_rockiness@Console@@QAEXXZ
0x004e14d0	extcall,fs,iat,indirect,x87	?editor_natural@Console@@QAEXH@Z
0x004e1f20	extcall,fs,iat,indirect,x87	?editor_undo@Console@@QAEXXZ
0x004e1f30	extcall,fs,iat,indirect,x87	?editor_redo@Console@@QAEXXZ
0x004e1f40	iat,indirect,undef=4	?edit_lock@Console@@QAEHXZ
0x004e1f70	extcall,fs,iat,indirect,x87	?editor_lock2@Console@@QAEXXZ
0x004e2000	extcall,fs,iat,indirect,undef=4,x87	?corner_the_market@Console@@QAEXXZ
0x004e2240	extcall,fs,iat,indirect,x87	??1DipEdit@@QAE@XZ
0x004e23c0	extcall,fs,iat,indirect,undef=4,x87	??_GDipEdit@@UAEPAXI@Z
0x004e23f0	extcall,fs,iat,indirect,x87	??3DipEdit@@SAXPAXI@Z
0x004e2400	undef=4	sub_4e2400
0x004e2450	undef=4	sub_4e2450
0x004e2460	ok	sub_4e2460
0x004e2490	extcall,fs,iat,indirect	??0AlphaNet@@QAE@XZ
0x004e25b0	extcall,iat,indirect	?close@AlphaNet@@QAEXXZ
0x004e25e0	undef=4	?pid_2_idx@AlphaNet@@QAEHK@Z
0x004e2610	undef=4	?pid_2_who@AlphaNet@@QAEHK@Z
0x004e2660	undef=4	?who_2_pid@AlphaNet@@QAEHH@Z
0x004e26b0	undef=4	?who_2_idx@AlphaNet@@QAEXH@Z
0x004e26e0	extcall,fs,iat,indirect,x87	?pick_service@AlphaNet@@QAEHPAH@Z
0x004e29e0	extcall,fs,iat,indirect,undef=4,x87	?do_join_or_create@AlphaNet@@QAEHXZ
0x004e2a30	extcall,fs,iat,indirect,undef=4,x87	?create@AlphaNet@@QAEHXZ
0x004e2e50	extcall,fs,iat,indirect,undef=4,x87	?join@AlphaNet@@QAEHXZ
0x004e31e0	extcall,fs,iat,indirect,undef=4,x87	?setup@AlphaNet@@QAEHH@Z
0x004e32c0	ok	nullsub_164
0x004e32d0	ok	nullsub_165
0x004e32e0	ok	nullsub_166
0x004e32f0	ok	nullsub_20
0x004e3300	extcall,fs,iat,indirect,undef=4	sub_4e3300
0x004e3350	extcall,fs,indirect,undef=4	sub_4e3350
0x004e34b0	extcall,fs,indirect	sub_4e34b0
0x004e34d0	extcall,fs,iat,indirect	??1Net@@QAE@XZ
0x004e3660	indirect,undef=4	sub_4e3660
0x004e3730	extcall,fs,indirect,undef=4	sub_4e3730
0x004e3890	extcall,fs,iat,indirect,undef=4	sub_4e3890
0x004e3900	extcall,iat,indirect,undef=4	sub_4e3900
0x004e39d0	ok	?set_base@@YAXH@Z
0x004e3a00	extcall	?say_base@@YAXPADH@Z
0x004e3a50	extcall,fs,iat,indirect,undef=4,x87	?base_at@@YAHHH@Z
0x004e3b80	extcall,undef=4	?base_find@@YAHHH@Z
0x004e3c60	extcall,undef=4	?base_find@@YAHHHH@Z
0x004e3d50	extcall,undef=4	?base_find@@YAHHHHHHH@Z
0x004e3ef0	extcall,undef=4	?whose_territory@@YAHHHHPAHH@Z
0x004e3fa0	extcall,undef=4	?base_territory@@YAHHHH@Z
0x004e4020	ok	?best_specialist@@YAHXZ
0x004e4090	extcall,iat,indirect,undef=4	?name_base@@YAXHPADHH@Z
0x004e4350	extcall	?base_mark@@YAXH@Z
0x004e4430	undef=4	?cost_factor@@YAHHHH@Z
0x004e4700	undef=4	?base_making@@YAHHH@Z
0x004e4810	undef=4	?base_lose_minerals@@YAHHH@Z
0x004e48b0	undef=4	?set_fac@@YAXHHH@Z
0x004e4900	ok	has_fac_announced
0x004e4960	undef=4	set_fac_announced
0x004e49d0	undef=4	?is_coast@@YAHHHH@Z
0x004e4aa0	ok	?base_first@@YAXH@Z
0x004e4b80	extcall,fs,iat,indirect,undef=4,x87	?base_init@@YAHHHH@Z
0x004e5250	extcall,fs,iat,indirect,undef=4,x87	?base_kill@@YAXH@Z
0x004e5a60	extcall,fs,iat,indirect,undef=4,x87	?base_change@@YAXHH@Z
0x004e5fe0	extcall,fs,iat,indirect,undef=4,x87	?base_reset@@YAXHH@Z
0x004e6300	extcall,fs,iat,indirect,undef=4,x87	?bases_reset@@YAXHHH@Z
0x004e6400	undef=4	?morale_mod@@YAHHHH@Z
0x004e65c0	undef=4	?breed_mod@@YAHHH@Z
0x004e6740	undef=4	?worm_mod@@YAHHH@Z
0x004e68b0	extcall,iat,indirect	?farm_compute@@YAXXZ
0x004e6e50	undef=4	?crop_yield@@YAHHHHHH@Z
0x004e7310	undef=4	?mine_yield@@YAHHHHHH@Z
0x004e7750	undef=4	?energy_yield@@YAHHHHHH@Z
0x004e7db0	undef=4	sub_4e7db0
0x004e7dc0	undef=4	?resource_yield@@YAHHHHHH@Z
0x004e7e50	undef=4	sub_4e7e50
0x004e7f80	undef=4	sub_4e7f80
0x004e80b0	extcall,iat,indirect	?base_yield@@YAXXZ
0x004e9550	extcall	?base_support@@YAXXZ
0x004e9b60	ok	nullsub_220
0x004e9b70	ok	?base_nutrient@@YAXXZ
0x004e9cb0	undef=4	?base_minerals@@YAXXZ
0x004ea1f0	extcall,undef=4	?black_market@@YAHH@Z
0x004ea4a0	undef=4	?psych_check@@YAXHPAHPAH@Z
0x004ea540	extcall,iat,indirect	?base_psych@@YAXXZ
0x004eb490	extcall,undef=4	?base_rank@@YAHHH@Z
0x004eb560	extcall,iat,indirect	?base_energy@@YAXXZ
0x004ec3b0	extcall,iat,indirect	?base_compute@@YAHH@Z
0x004ec3f0	extcall,fs,iat,indirect,undef=4,x87	?base_connect@@YAHH@Z
0x004ecb90	undef=4	?crappy@@YAHHH@Z
0x004ecbf0	extcall,fs,iat,indirect,undef=4,x87	?base_terraform@@YAXH@Z
0x004eef80	undef=4	?pop_goal_fac@@YAHH@Z
0x004ef090	undef=4	?pop_goal@@YAHH@Z
0x004ef1c0	extcall,fs,iat,indirect,undef=4,x87	?base_growth@@YAHXZ
0x004efb50	extcall,fs,iat,indirect,x87	?do_upgrade@@YAXHHH@Z
0x004efd50	undef=4	?upgrade_cost@@YAHHHH@Z
0x004efe80	extcall,fs,iat,indirect,undef=4,x87	?upgrade_prototype@@YAHHHHH@Z
0x004f0460	extcall,fs,iat,indirect,x87	?upgrade_prototypes@@YAXHH@Z
0x004f0650	extcall,fs,iat,indirect,undef=4,x87	?upgrade_any_prototypes@@YAXH@Z
0x004f06e0	extcall,fs,iat,indirect,undef=4,x87	?base_queue@@YAHH@Z
0x004f07e0	extcall,fs,iat,indirect,x87	?base_production@@YAXXZ
0x004f3fe0	extcall,fs,iat,indirect,undef=4,x87	?base_hurry@@YAXXZ
0x004f4830	extcall,fs,iat,indirect,undef=4,x87	?base_check_support@@YAXXZ
0x004f4dc0	undef=4	?base_energy_costs@@YAXXZ
0x004f4e80	extcall,fs,iat,indirect,undef=4,x87	?base_research@@YAXXZ
0x004f4fb0	extcall,fs,iat,indirect,undef=4,x87	?drone_riot@@YAXXZ
0x004f5ce0	extcall,fs,iat,indirect,undef=4,x87	?base_drones@@YAXXZ
0x004f5f30	extcall,fs,iat,indirect,undef=4,x87	?base_doctors@@YAXXZ
0x004f6510	undef=4	?fac_maint@@YAHHH@Z
0x004f65f0	extcall,fs,iat,indirect,x87	?base_maint@@YAXXZ
0x004f67f0	extcall,fs,iat,indirect,undef=4,x87	?base_ecology@@YAXXZ
0x004f79c0	extcall,fs,iat,indirect,undef=4,x87	?base_upkeep@@YAHH@Z
0x004f7fe0	extcall,undef=4	?make_base_unique@@YAXH@Z
0x004f8090	extcall	?vector_dist@@YAHHH@Z
0x004f80d0	undef=4	?has_project@@YAHHH@Z
0x004f8110	undef=4	?base_claimed@@YAHHHHHHH@Z
0x004f81a0	extcall,iat,indirect,undef=4	?base_build@@YAHHPAH00@Z
0x00500120	ok	?clear@@YAXXZ
0x00500130	extcall	?says@@YAXPBD@Z
0x00500150	undef=4	?alt_at@@YAHHH@Z
0x00500180	undef=4	?alt_detail_at@@YAHHH@Z
0x005001b0	ok	?bit_at@@YAHHH@Z
0x005001e0	ok	?is_ocean@@YAHHH@Z
0x00500220	undef=4	?region_at@@YAHHH@Z
0x00500250	undef=4	?veh_who@@YAHHH@Z
0x00500290	undef=4	?has_fac_built@@YA_NH@Z
0x005002e0	ok	?base_project@@YAHH@Z
0x005002f0	undef=4	?has_treaty@@YAHHHH@Z
0x00500320	undef=4	?drop_range@@YAHH@Z
0x00500380	extcall,undef=4	sub_500380
0x005004f0	undef=4	?planet_buster2@@YAHH@Z
0x00500520	undef=4	?planet_buster@@YAHH@Z
0x00500560	extcall,fs,iat,indirect,undef=4,x87	?shoot@@YAHHHHH@Z
0x00500b60	extcall,fs,iat,indirect,undef=4,x87	?planet_busting@@YAHHHH@Z
0x005010c0	undef=4	?defense_value@@YAHHHHHH@Z
0x00501350	undef=4	?morale_alien@@YAHHH@Z
0x00501500	undef=4	?psi_factor@@YAHHHHH@Z
0x005015b0	extcall,fs,iat,indirect,undef=4,x87	?get_basic_offense@@YAHHHHHH@Z
0x00501940	extcall,fs,iat,indirect,undef=1e,x87	?get_basic_defense@@YAHHHHH@Z
0x00501d30	undef=4	?battle_init@@YAXXZ
0x00501d50	extcall,undef=4	?add_bat@@YAXHHPAD@Z
0x00501da0	extcall,fs,iat,indirect,undef=4,x87	?battle_compute@@YAXHHPAHPAHH@Z
0x005044d0	extcall,fs,iat,indirect,undef=4,x87	?best_defender@@YAHHHH@Z
0x00504aa0	extcall,fs,iat,indirect,undef=4,x87	?boom@@YAHHHH@Z
0x00505d20	extcall,fs,iat,indirect	??__Eg_BOOM_BUFFER1@@YAXXZ
0x00505d30	extcall,fs,iat,indirect	??__Eg_BOOM_FLIC@@YAXXZ
0x00505d40	extcall,fs,indirect	??__Eg_BOOM_BUFFERS1@@YAXXZ
0x00505d60	extcall,fs,indirect	??__Eg_BOOM_BUFFERS2@@YAXXZ
0x00505d80	extcall,fs,iat,indirect,undef=4,x87	?battle_kill@@YAHHPAHPAHPAHHH@Z
0x00506130	extcall,fs,iat,indirect,undef=4,x87	?battle_kill_stack@@YAXHPAHPAHPAHHH@Z
0x005061b0	extcall,fs,iat,indirect,undef=4,x87	?battle_kill_chaff@@YAXHPAHPAHPAHHH@Z
0x005062b0	extcall,fs,iat,indirect,undef=4,x87	?promote@@YAXH@Z
0x00506490	extcall,undef=4	?invasions@@YAXH@Z
0x00506650	extcall,fs,iat,indirect,undef=4,x87	?interceptor@@YAHHHHH@Z
0x00506a60	extcall,fs,iat,indirect,x87	?battle_fight@@YAHHHHHPAH@Z
0x00506af0	extcall,fs,iat,indirect,undef=3f,x87	?battle_fight@@YAHHHHHHHPAH@Z
0x0050b8a0	extcall	?say_num@@YAXH@Z
0x0050b8d0	extcall,fs,iat,indirect,x87	?POP3@@YAXPBDHHH@Z
0x0050b8f0	undef=4	sub_50b8f0
0x0050b910	ok	?get_adjective@@YAHH@Z
0x0050b930	undef=4	?get_noun@@YAHH@Z
0x0050b970	extcall,fs,iat,indirect,x87	?popp@@YAHPBDPBDP6AHXZ@Z
0x0050b9a0	extcall	?say_stats_3@@YAXH@Z
0x0050b9c0	extcall,fs,iat,indirect,x87	sub_50b9c0
0x0050b9e0	extcall,fs,iat,indirect,x87	?pop@NetMsg@@QAAXPBDPBD@Z
0x0050ba00	undef=4	?bitmask@@YAXHPAHPAH@Z
0x0050ba30	ok	?bit_count@@YAHH@Z
0x0050ba50	extcall,fs,iat,indirect,x87	?intervention@@YAXHH@Z
0x0050bcc0	extcall,fs,iat,indirect,undef=4,x87	?double_cross@@YAXHHH@Z
0x0050c2e0	extcall,fs,iat,indirect,x87	?act_of_aggression@@YAHHH@Z
0x0050c340	extcall,fs,iat,indirect,undef=4,x87	?steal_tech@@YAHHHH@Z
0x0050c4b0	undef=3f	?steal_energy@@YAHH@Z
0x0050c510	extcall,fs,iat,indirect,undef=4,x87	?capture_base@@YAXHHH@Z
0x0050dd90	extcall,fs,iat,indirect,x87	?clock_wait@@YAXH@Z
0x0050ddc0	ok	?sea_coast@@YAHHH@Z
0x0050de00	ok	?sea_coasts@@YAHH@Z
0x0050de50	undef=4	?base_on_sea@@YAHHH@Z
0x0050df30	ok	?base_coast@@YAHH@Z
0x0050e030	undef=4	?port_to_coast@@YAHHH@Z
0x0050e160	undef=4	?port_to_port@@YAHHH@Z
0x0050e310	undef=4	?transport_base@@YAHH@Z
0x0050e3c0	undef=4	?naval_base@@YAHH@Z
0x0050e5c0	undef=4	?convoy@@YAHHH@Z
0x0050e820	ok	?mandate_color@@YAHH@Z
0x0050e850	extcall,fs,iat,indirect,x87	??__Eg_CONSOLE@@YAXXZ
0x0050e870	extcall,fs,iat,indirect,x87	??__Fg_CONSOLE@@YAXXZ
0x0050e890	extcall,fs,iat,indirect,x87	?auto_play_callback@@YAXH@Z
0x0050e980	extcall	??__Eg_CONSOLE_TIMER@@YAXXZ
0x0050e9a0	iat,indirect	??__Fg_CONSOLE_TIMER@@YAXXZ
0x0050e9b0	extcall	sub_50e9b0
0x0050e9f0	iat,indirect	sub_50e9f0
0x0050ea40	extcall,fs,iat,indirect,undef=4,x87	?blink_timer@@YAXH@Z
0x0050ee30	extcall,iat,indirect,undef=4	?blink2_timer@@YAXH@Z
0x0050ee80	extcall,fs,iat,indirect,undef=4,x87	?line_timer@@YAXH@Z
0x0050ef10	extcall,fs,iat,indirect,undef=4,x87	?turn_timer@@YAXH@Z
0x0050ef50	extcall,fs,iat,indirect,x87	?go_reset@@YAXXZ
0x0050f170	extcall,fs,iat,indirect,undef=4,x87	?go_timer@@YAXH@Z
0x0050f3d0	iat,indirect	?start_timers@@YAXXZ
0x0050f440	iat,indirect	?stop_timers@@YAXXZ
0x0050f460	extcall,fs,iat,indirect,x87	??0Console@@QAE@H@Z
0x0050f630	extcall,fs,iat,indirect,x87	sub_50f630
0x0050f640	ok	nullsub_185
0x0050f650	undef=4	?clear_group@Console@@QAEXXZ
0x0050f680	undef=4	?on_nc_hittest@Console@@QAEXHH@Z
0x0050f960	extcall,fs,iat,indirect,undef=4,x87	?on_post_redraw_nc_buffer@Console@@QAEXPAUBuffer@@H@Z
0x0050fb10	iat,indirect,undef=4	?on_nc_left_down@Console@@QAEXHH@Z
0x0050fe70	extcall,fs,iat,indirect,x87	?on_nc_left_up@Console@@QAEXHH@Z
0x00510110	extcall,fs,iat,indirect,x87	?on_nc_mouse_move@Console@@QAEXHH@Z
0x00510400	extcall,fs,iat,indirect,x87	?cursor_on@Console@@QAEXH@Z
0x00510490	extcall,fs,iat,indirect,x87	?cursor_on@Console@@QAEXHH@Z
0x00510520	extcall,fs,iat,indirect,x87	?cursor_off@Console@@QAEXXZ
0x005105c0	extcall,fs,iat,indirect,undef=4,x87	?selecting@Console@@QAEHHH@Z
0x005107e0	extcall,fs,iat,indirect,undef=4,x87	?selected@Console@@QAEXXZ
0x005108a0	extcall,fs,iat,indirect,undef=4,x87	?focus@Console@@QAEXHHH@Z
0x005109b0	extcall,fs,iat,indirect,undef=4,x87	?cursor_next@Console@@QAEXHH@Z
0x00510a60	extcall,fs,iat,indirect,x87	?prev_cursor@Console@@QAEXXZ
0x00510b70	extcall,fs,iat,indirect,x87	?next_cursor@Console@@QAEXXZ
0x00510c90	extcall,fs,iat,indirect,undef=4,x87	sub_510c90
0x00510ce0	extcall,undef=4	?ready_search@Console@@QAEHH@Z
0x00510f50	extcall,fs,iat,indirect,x87	?ready@Console@@QAEXXZ
0x00511480	extcall,fs,iat,indirect,undef=4,x87	?set_view@Console@@QAEXH@Z
0x00511520	extcall,fs,iat,indirect,undef=4,x87	?set_move@Console@@QAEXH@Z
0x00511800	extcall,fs,iat,indirect,undef=4,x87	?turn_hints@Console@@QAEXXZ
0x00511bb0	extcall,fs,iat,indirect,undef=4,x87	?give_hints@Console@@QAEXXZ
0x00513b90	extcall,fs,iat,indirect,x87	?veh_turn@Console@@QAEHXZ
0x00513fc0	extcall,fs,iat,indirect,undef=4,x87	?end_of_turn@Console@@QAEXXZ
0x00514050	extcall,fs,iat,indirect,x87	?human_turn@Console@@QAEXXZ
0x005147e0	extcall,fs,iat,indirect,undef=4,x87	?set_cursor@Console@@QAEXHH@Z
0x00514880	extcall,fs,iat,indirect,x87	?update_data@Console@@QAEXH@Z
0x005148b0	extcall,fs,iat,indirect,x87	?move_cursor@Console@@QAEXH@Z
0x00514990	extcall,fs,iat,indirect,undef=4,x87	?quit_game@Console@@QAEXXZ
0x00514b30	extcall,fs,iat,indirect,undef=4,x87	?retire_game@Console@@QAEXXZ
0x00514d30	extcall,fs,iat,indirect,x87	?new_game@Console@@QAEXXZ
0x00514ef0	extcall,fs,iat,indirect,x87	?set_preferences@Console@@QAEXXZ
0x00514f00	extcall,fs,iat,indirect,x87	?set_adv_preferences@Console@@QAEXXZ
0x00514f10	extcall,fs,iat,indirect,x87	?set_auto_preferences@Console@@QAEXXZ
0x00514f20	extcall,fs,iat,indirect,x87	?set_base_preferences@Console@@QAEXXZ
0x00514f30	extcall,fs,iat,indirect,x87	?set_audiovisual@Console@@QAEXXZ
0x00514f40	extcall,fs,iat,indirect,x87	?set_map_display@Console@@QAEXXZ
0x00514f50	extcall,fs,iat,indirect,undef=4,x87	?set_ai@Console@@QAEXH@Z
0x00515010	extcall,fs,iat,indirect,undef=4,x87	?set_tech@Console@@QAEXH@Z
0x005150d0	extcall,fs,iat,indirect,x87	?zoom@Console@@QAEXHH@Z
0x00515400	extcall,fs,iat,indirect,x87	?center@Console@@QAEXXZ
0x00515430	extcall,fs,iat,indirect,x87	sub_515430
0x00515450	extcall,fs,iat,indirect,x87	?survey@Console@@QAEXXZ
0x00515530	extcall,fs,iat,indirect,undef=4,x87	?survey2@Console@@QAEXXZ
0x00515600	extcall,fs,iat,indirect,x87	?base_names@Console@@QAEXXZ
0x00515640	extcall,fs,iat,indirect,x87	?toggle_flatten@Console@@QAEXXZ
0x005156a0	extcall,fs,iat,indirect,x87	?toggle_grid@Console@@QAEXXZ
0x005156f0	extcall,fs,iat,indirect,x87	?toggle_base_grid@Console@@QAEXXZ
0x00515740	extcall,fs,iat,indirect,x87	?toggle_dest@Console@@QAEXXZ
0x00515760	ok	nullsub_186
0x00515770	extcall,fs,iat,indirect,undef=4,x87	?chat@Console@@QAEXH@Z
0x00515900	extcall,fs,iat,indirect,x87	?time_controls@Console@@QAEXXZ
0x00515ef0	extcall,fs,iat,indirect,x87	?toggle_patrol@Console@@QAEXXZ
0x00515f70	extcall,fs,iat,indirect,x87	?show_movies@Console@@QAEXXZ
0x005162a0	extcall,fs,iat,indirect,undef=4,x87	?name_landmark@Console@@QAEXHH@Z
0x00516490	extcall,fs,iat,indirect,undef=4,x87	?erase_landmark@Console@@QAEXHH@Z
0x005165b0	extcall,fs,iat,indirect,undef=4,x87	?zoom_to_upkeep_base@Console@@QAEXXZ
0x005166d0	extcall,fs,iat,indirect,undef=4,x87	?cursor_key@Console@@QAEXHHH@Z
0x00516930	extcall,fs,iat,indirect,x87	?menu_detail@Console@@QAEXXZ
0x00516970	extcall,fs,iat,indirect,x87	?menu_simple@Console@@QAEXXZ
0x005169b0	extcall,fs,iat,indirect,undef=4,x87	?base_me@Console@@QAEXXZ
0x005169f0	extcall,fs,iat,indirect,undef=4,x87	?end_my_turn@Console@@QAEXXZ
0x00516c50	extcall,fs,iat,indirect,x87	?show_scen_objectives@Console@@QAEXXZ
0x00516da0	extcall,fs,iat,indirect,undef=4,x87	?governor_directives@Console@@QAEXXZ
0x00517060	extcall,fs,iat,indirect,undef=4,x87	?use_time_bonus@Console@@QAEXXZ
0x00517180	extcall,fs,iat,indirect,x87	?show_version@Console@@QAEXXZ
0x005171d0	extcall,fs,iat,indirect,undef=4,x87	?veh_key@Console@@QAEXHHH@Z
0x005178c0	extcall,fs,iat,indirect,undef=4,x87	?on_key_click@Console@@QAEHHH@Z
0x0051bba0	extcall,fs,iat,indirect,undef=4,x87	?load_proc@Console@@QAEXHH@Z
0x0051bc70	extcall,fs,iat,indirect,undef=4,x87	?menu_proc@Console@@QAEXH@Z
0x0051d720	extcall,fs,iat,indirect,x87	?menu_daemon@Console@@QAAXH@Z
0x0051d740	extcall,fs,iat,indirect,x87	?menu_update@Console@@QAEXXZ
0x0051d760	undef=4	sub_51d760
0x0051d7c0	ok	?on_sys_close@Console@@QAEXXZ
0x0051d7d0	extcall,fs,iat,indirect,x87	?close@Console@@QAEXXZ
0x0051d890	extcall,fs,iat,indirect,x87	?init@Console@@QAEXH@Z
0x0051d9d0	ok	nullsub_187
0x0051d9e0	ok	nullsub_188
0x0051d9f0	extcall,fs,iat,indirect,x87	??1Console@@QAE@XZ
0x0051dc10	extcall,fs,iat,indirect,x87	??1AlphaMenu@@QAE@XZ
0x0051dc90	extcall,fs,iat,indirect,undef=4,x87	??_GAlphaMenu@@UAEPAXI@Z
0x0051dcc0	undef=4	sub_51dcc0
0x0051dd00	extcall,iat,indirect	sub_51dd00
0x0051dde0	extcall,fs,iat,indirect,x87	??_Gthunk1_Console@@UAEPAXI@Z
0x0051ddf0	extcall,fs,iat,indirect,undef=4,x87	??_GConsole@@UAEPAXI@Z
0x0051de30	extcall,fs,iat,indirect,x87	?on_lose_mouse_capture@thunk4_MapWin@@QAEXXZ
0x0051de40	extcall,fs,iat,indirect,x87	?on_redraw@thunk4_MapWin@@QAEXXZ
0x0051de50	ok	?on_resize@thunk4_MapWin@@QAEXHH@Z
0x0051de60	ok	?on_sys_close@thunk1_Console@@QAEXXZ
0x0051de70	extcall,fs,iat,indirect,x87	?on_mouse_move@thunk4_MapWin@@QAEXHH@Z
0x0051de80	extcall,fs,iat,indirect,x87	?on_left_click@thunk4_MapWin@@QAEXHH@Z
0x0051de90	extcall,fs,iat,indirect,x87	?on_left_down@thunk4_MapWin@@QAEXHH@Z
0x0051dea0	ok	?on_left_up@thunk4_MapWin@@QAEXHH@Z
0x0051deb0	extcall,fs,iat,indirect,x87	?on_right_click@thunk4_MapWin@@QAEXHH@Z
0x0051dec0	extcall,fs,iat,indirect,x87	?on_right_down@thunk4_MapWin@@QAEXHH@Z
0x0051ded0	extcall,fs,iat,indirect,x87	?on_key_click@thunk1_Console@@QAEHHH@Z
0x0051dee0	ok	?on_left_double_click@thunk4_MapWin@@QAEXHH@Z
0x0051def0	extcall,fs,iat,indirect,x87	?on_nc_mouse_move@thunk1_Console@@QAEXHH@Z
0x0051df00	iat,indirect	?on_nc_left_down@thunk1_Console@@QAEXHH@Z
0x0051df10	extcall,fs,iat,indirect,x87	?on_nc_left_up@thunk1_Console@@QAEXHH@Z
0x0051df20	extcall,fs,iat,indirect,x87	?on_button_clicked@thunk4_MapWin@@QAEXH@Z
0x0051df30	extcall,fs,iat,indirect,x87	?on_post_redraw_nc_buffer@thunk1_Console@@QAEXPAUBuffer@@H@Z
0x0051df40	ok	?on_nc_hittest@thunk1_Console@@QAEXHH@Z
0x0051df50	extcall,fs,iat,indirect,x87	??_Gthunk2_Console@@UAEPAXI@Z
0x0051df70	extcall,fs,iat,indirect,x87	??3AlphaMenu@@SAXPAXI@Z
0x0051df80	extcall	sub_51df80
0x0051dfb0	extcall,fs,indirect	sub_51dfb0
0x0051dfd0	ok	sub_51dfd0
0x0051e000	iat,indirect,undef=4	?read_tamper@@YAXXZ
0x0051e090	iat,indirect,undef=4	?set_tamper@@YAXXZ
0x0051e110	extcall,fs,iat,indirect,undef=4,x87	?check_tamper@@YAXXZ
0x0051e390	undef=4	?clear_tamper@@YAXXZ
0x0051e3c0	indirect	?clear_all_player_messages@@YAXXZ
0x0051e480	indirect	sub_51e480
0x0051e530	extcall,fs,iat,indirect,undef=4,x87	sub_51e530
0x0051e6f0	extcall,iat,indirect	sub_51e6f0
0x0051e760	extcall,iat,indirect	?do_checksums@@YAXH@Z
0x0051f0c0	extcall,fs,iat,indirect,undef=4,x87	?help_spock@@YAXXZ
0x0051f1b0	extcall,fs,iat,indirect,undef=4,x87	?check_spock@@YAXXZ
0x0051f200	extcall,fs,iat,indirect,undef=4,x87	?wait_loop@@YAXXZ
0x0051f2c0	extcall,fs,iat,indirect,undef=4,x87	?wait_2@@YAXXZ
0x0051f2e0	extcall,fs,iat,indirect,undef=4,x87	?random_events@@YAXH@Z
0x00522180	extcall,fs,iat,indirect,undef=4,x87	?alien_fauna@@YAXXZ
0x00522f00	extcall,fs,iat,indirect,undef=4,x87	?do_fungal_towers@@YAXXZ
0x005230e0	extcall,fs,iat,indirect,x87	?interlude@@YAXHPADHH@Z
0x00523b50	extcall,fs,iat,indirect,undef=4,x87	?ascent@@YAXXZ
0x00523c60	undef=4	?set_time_controls@@YAXXZ
0x00523dd0	extcall,fs,iat,indirect,x87	?reset_territory@@YAXXZ
0x00524210	extcall,fs,iat,indirect,undef=4,x87	?climactic_changes@@YAXXZ
0x005242c0	extcall,fs,iat,indirect,x87	sub_5242c0
0x00524320	undef=4	sub_524320
0x00524340	indirect	Demo::timer_callback
0x00524370	indirect	sub_524370
0x005243a0	indirect	sub_5243a0
0x00524460	extcall,fs,iat,indirect,x87	Demo__init
0x005247b0	undef=4	?generators@@YAHHPAH@Z
0x00524870	extcall,fs,iat,indirect,undef=4,x87	?end_of_game@@YAHH@Z
0x005258c0	extcall,fs,iat,indirect,x87	?turn_upkeep@@YAXXZ
0x00526030	extcall,fs,iat,indirect,x87	?repair_phase@@YAXH@Z
0x005267b0	extcall,fs,iat,indirect,undef=4,x87	?allocate_energy@@YAXH@Z
0x00526e70	extcall,fs,iat,indirect,undef=4,x87	?production_phase@@YAXH@Z
0x00527290	extcall,fs,iat,indirect,undef=4,x87	?faction_upkeep@@YAXH@Z
0x005275b0	extcall,fs,iat,indirect,x87	?control_turn@@YAXXZ
0x00528ea0	extcall,fs,iat,indirect,undef=4,x87	?net_upkeep_phase@@YAHH@Z
0x005290a0	extcall,fs,iat,indirect,undef=4,x87	?net_upkeep@@YAXXZ
0x00529c00	extcall,fs,iat,indirect,undef=4,x87	?mash_planes@@YAXXZ
0x00529e70	extcall,fs,iat,indirect,x87	?net_not_my_turn@@YAXXZ
0x00529f30	extcall,fs,iat,indirect,undef=4,x87	?net_end_of_turn@@YAXXZ
0x0052a2e0	extcall,fs,iat,indirect,x87	?net_control_turn@@YAXXZ
0x0052a980	undef=4	sub_52a980
0x0052a9b0	extcall,iat,indirect,undef=4	sub_52a9b0
0x0052aa30	extcall,fs,iat,indirect,undef=4,x87	?control_game@@YAXXZ
0x0052ad30	undef=4	?council_votes@@YAHH@Z
0x0052ae20	undef=4	?eligible@@YAHH@Z
0x0052aeb0	ok	?wants_prop@@YAHHHH@Z
0x0052be60	undef=4	?council_get_vote@@YAHHHH@Z
0x0052bf60	extcall,fs,iat,indirect,x87	?council_action@@YAXHH@Z
0x0052c670	extcall,fs,iat,indirect,undef=4,x87	?can_call_council@@YAHHH@Z
0x0052c880	extcall,fs,iat,indirect,x87	?call_council@@YAXH@Z
0x0052dac0	extcall,fs,indirect	??__Eg_CURSOR_SPRITES@@YAXXZ
0x0052daf0	extcall,fs,indirect	??__Fg_CURSOR_SPRITES@@YAXXZ
0x0052db10	extcall,fs,iat,indirect	??__Eg_NETDAEMON@@YAXXZ
0x0052db30	extcall,fs,iat,indirect	??__Fg_NETDAEMON@@YAXXZ
0x0052db40	ok	sub_52db40
0x0052db70	undef=4	sub_52db70
0x0052dba0	undef=4	?current_server@@YAHXZ
0x0052dbf0	extcall,fs,iat,indirect,undef=4,x87	?next_player_turn@@YAHXZ
0x0052dc70	undef=4	?not_my_turn@@YAHXZ
0x0052dca0	ok	??0DeletionList@@QAE@XZ
0x0052dcd0	ok	?clear@DeletionList@@QAEXH@Z
0x0052dcf0	undef=4	?UNK1@DeletionList@@QAEHXZ
0x0052dd10	undef=4	?UNK2@DeletionList@@QAEHH@Z
0x0052dd50	undef=4	?ack@DeletionList@@QAEXHH@Z
0x0052ddc0	extcall,iat,indirect	?convert@DeletionList@@QAEHHH@Z
0x0052de70	extcall,iat,indirect	?add_deletion@DeletionList@@QAEHH@Z
0x0052df30	extcall,fs,iat,indirect,undef=4,x87	?init@NetDaemon@@QAEHH@Z
0x0052e050	extcall,fs,iat,indirect,undef=4,x87	?hang_up@NetDaemon@@QAEXXZ
0x0052e160	extcall,fs,iat,indirect,undef=4,x87	?on_player_added@NetDaemon@@QAEXPADK@Z
0x0052e370	extcall,fs,iat,indirect,x87	?on_player_deleted@NetDaemon@@QAEXPADK@Z
0x0052e900	extcall,fs,iat,indirect,undef=4,x87	?send_game@NetDaemon@@QAEXXZ
0x0052ed40	extcall,fs,iat,indirect,x87	?send_files@NetDaemon@@QAEHXZ
0x0052f520	extcall,fs,iat,indirect,undef=4,x87	?send_rules@NetDaemon@@QAEXXZ
0x0052f8e0	undef=4	?game_checksum@NetDaemon@@QAEXPAH@Z
0x00530320	extcall,fs,iat,indirect,undef=4,x87	?receive@NetDaemon@@QAEHXZ
0x00530360	extcall,fs,iat,indirect,x87	?net_tasks@NetDaemon@@QAEXXZ
0x005303b0	extcall,fs,iat,indirect,undef=4,x87	?wait@NetDaemon@@QAEHPADPAHHH@Z
0x005304a0	extcall,fs,iat,indirect,undef=4,x87	?open_channel@NetDaemon@@QAEHHH@Z
0x00530600	extcall,fs,iat,indirect,undef=4,x87	?close_channel@NetDaemon@@QAEXXZ
0x00530630	extcall,fs,iat,indirect,undef=4,x87	?lock@NetDaemon@@QAEHHHHHHH@Z
0x00530920	extcall,fs,iat,indirect,undef=4,x87	?add_lock@NetDaemon@@QAEHHHH@Z
0x00530aa0	extcall,fs,iat,indirect,undef=4,x87	?add_global@NetDaemon@@QAEHXZ
0x00530d00	extcall,fs,iat,indirect,x87	?unlock@NetDaemon@@QAEXXZ
0x00530d50	extcall,fs,iat,indirect,undef=4,x87	?lock_base@NetDaemon@@QAEHHHHH@Z
0x00530e50	extcall,fs,iat,indirect,undef=4,x87	?unlock_base@NetDaemon@@QAEXH@Z
0x00531020	extcall,fs,iat,indirect,undef=4,x87	?lock_veh@NetDaemon@@QAEHPAHHHHH@Z
0x005310f0	extcall,fs,iat,indirect,x87	?unlock_veh@NetDaemon@@QAEXXZ
0x00531150	extcall,fs,iat,indirect,undef=4,x87	?automated_lock@NetDaemon@@QAEHPAHH@Z
0x00531300	extcall,fs,iat,indirect,x87	?await_exec@NetDaemon@@QAEXH@Z
0x00531480	extcall,fs,iat,indirect,undef=4,x87	?await_synch@NetDaemon@@QAEXXZ
0x005315c0	extcall,fs,iat,indirect,undef=4,x87	?await_diplo@NetDaemon@@QAEXH@Z
0x00531700	extcall,fs,iat,indirect,undef=4,x87	?maybe_lock@NetDaemon@@QAEHPAHHHHHH@Z
0x00531780	extcall,fs,iat,indirect,undef=4,x87	?order_veh@NetDaemon@@QAEHHHH@Z
0x00532140	extcall,fs,iat,indirect,undef=4,x87	?veh_drop@NetDaemon@@QAEHHHH@Z
0x00532570	extcall,fs,iat,indirect,undef=4,x87	?action@NetDaemon@@QAEHHH@Z
0x005328c0	extcall,fs,iat,indirect,undef=4,x87	?end_of_event@NetDaemon@@QAEHHH@Z
0x00532940	extcall,fs,iat,indirect,undef=4,x87	?send_message@NetDaemon@@QAEXPADKH@Z
0x00532a50	ok	sub_532a50
0x00532a90	undef=4	?rebuild_vehicle_bits@@YAXXZ
0x00532b70	undef=4	?rebuild_base_bits@@YAXXZ
0x00532c30	extcall,fs,iat,indirect,undef=4,x87	?synch_display@@YAXHHHH@Z
0x00532e00	extcall,fs,iat,indirect,undef=4,x87	?synch@NetDaemon@@QAEXFHHHPADHF@Z
0x00534330	extcall,iat,indirect,undef=4	?fixup_message@NetDaemon@@QAEHPAD@Z
0x00534400	extcall,fs,iat,indirect,x87	?process_message@NetDaemon@@QAEXPADKH@Z
0x005389f0	extcall,fs,iat,indirect	??0NetDaemon@@QAE@XZ
0x00538b60	extcall,fs,iat,indirect	??1AlphaNet@@QAE@XZ
0x00538d10	extcall,fs,iat,indirect	??1NetDaemon@@QAE@XZ
0x00538ec0	indirect,undef=4	??1JackalVoiceRx@@QAE@XZ
0x00538f30	extcall,fs,iat,indirect,x87	?danger@@YAXPADPADHHH@Z
0x00538fb0	extcall,iat,indirect	?my_srand@@YAHH@Z
0x00538fe0	extcall,fs,iat,indirect,undef=4	?checksum_file@@YAEPAD@Z
0x00539090	undef=4	?checksum@@YAEPADHE@Z
0x005390c0	extcall,iat,indirect,undef=4	?checksum_password@@YAHPAD@Z
0x00539160	undef=4	?auto_contact@@YAHXZ
0x005391a0	extcall	sub_5391a0
0x005391c0	extcall,fs,iat,indirect,undef=4,x87	?net_treaty_on@@YAXHHHH@Z
0x00539230	extcall,fs,iat,indirect,undef=4,x87	?net_treaty_off@@YAXHHHH@Z
0x005392a0	extcall,fs,iat,indirect,undef=4,x87	?net_set_treaty@@YAXHHHHH@Z
0x00539310	extcall,fs,iat,indirect,undef=4,x87	?net_agenda_on@@YAXHHHH@Z
0x00539380	extcall,fs,iat,indirect,undef=4,x87	?net_agenda_off@@YAXHHHH@Z
0x005393f0	extcall,fs,iat,indirect,undef=4,x87	?net_set_agenda@@YAXHHHHH@Z
0x00539460	extcall,fs,iat,indirect,undef=4,x87	?net_energy@@YAXHHHHH@Z
0x00539510	extcall,fs,iat,indirect,undef=4,x87	?net_loan@@YAXHHHH@Z
0x00539580	extcall,fs,iat,indirect,undef=4,x87	?net_maps@@YAXHHH@Z
0x005395f0	extcall,fs,iat,indirect,undef=4,x87	?net_tech@@YAXHHHH@Z
0x00539660	extcall,fs,iat,indirect,undef=4,x87	?net_pact_ends@@YAXHHH@Z
0x005396d0	extcall,fs,iat,indirect,undef=4,x87	?net_withdrawal@@YAXHHH@Z
0x00539740	extcall,fs,iat,indirect,undef=4,x87	?net_cede_base@@YAXHHH@Z
0x005397b0	extcall,fs,iat,indirect,undef=4,x87	?net_double_cross@@YAXHHHH@Z
0x00539820	extcall,fs,iat,indirect,undef=4,x87	?diplo_lock@@YAHH@Z
0x005398c0	extcall,fs,iat,indirect,x87	?diplo_unlock@@YAXXZ
0x005398e0	extcall,fs,iat,indirect,undef=4,x87	?pop_wait@@YAHXZ
0x00539920	extcall,fs,iat,indirect,undef=4,x87	?pop_expire@@YAHXZ
0x00539970	extcall,fs,iat,indirect,undef=4,x87	sub_539970
0x005399a0	extcall,fs,iat,indirect,undef=4,x87	?diplomacy_caption@@YAXHH@Z
0x00539b70	undef=4	?great_beelzebub@@YAHHH@Z
0x00539c00	undef=4	?great_satan@@YAHHH@Z
0x00539d40	undef=4	?aah_ooga@@YAHHH@Z
0x00539e40	undef=4	?climactic_battle@@YAHXZ
0x00539ef0	undef=4	?at_climax@@YAHH@Z
0x0053a030	ok	?cause_friction@@YAXHHH@Z
0x0053a090	undef=4	?get_mood@@YAHH@Z
0x0053a100	undef=4	?reputation@@YAHHH@Z
0x0053a150	undef=4	?get_patience@@YAHHH@Z
0x0053a1c0	ok	?energy_value@@YAHH@Z
0x0053a230	extcall,fs,iat,indirect,undef=4,x87	?mention_prototypes@@YAXHH@Z
0x0053a4a0	ok	?scan_prototypes@@YAXHH@Z
0x0053a780	extcall,fs,iat,indirect,undef=4,x87	?contiguous@@YAHHHHH@Z
0x0053a980	extcall,fs,iat,indirect,undef=4,x87	?diplomacy_check@@YAXHHH@Z
0x0053c370	extcall,fs,iat,indirect,x87	?pact_withdraw@@YAHHH@Z
0x0053c650	extcall,fs,iat,indirect,x87	?pact_ends@@YAXHH@Z
0x0053caf0	extcall,fs,iat,indirect,undef=4,x87	?pact_of_brotherhood@@YAXHH@Z
0x0053ce10	extcall,fs,iat,indirect,undef=4,x87	?make_treaty@@YAXHH@Z
0x0053d160	extcall,fs,iat,indirect,undef=4,x87	?pledge_truce@@YAXHHH@Z
0x0053d360	extcall,fs,iat,indirect,x87	?introduce@@YAXHH@Z
0x0053dce0	extcall,fs,iat,indirect,undef=4,x87	?wants_to_speak@@YAHHH@Z
0x0053e470	extcall,fs,iat,indirect,undef=4,x87	?diplomacy_ends@@YAXHH@Z
0x0053e4c0	extcall,fs,iat,indirect,undef=4,x87	?demands_withdrawal@@YAXHH@Z
0x0053e5c0	extcall,fs,iat,indirect,undef=4,x87	?renounce_pact@@YAXHH@Z
0x0053e800	extcall,undef=4	?tech_analysis@@YAXHH@Z
0x0053eb50	extcall,fs,iat,indirect,x87	?buy_council_vote@@YAXHHHH@Z
0x005401a0	extcall,fs,iat,indirect,undef=4,x87	?buy_tech@@YAHHHHHH@Z
0x00540630	extcall,fs,iat,indirect,undef=4,x87	?energy_trade@@YAHHH@Z
0x00541100	extcall,fs,iat,indirect,undef=4,x87	?tech_trade@@YAHHHHHH@Z
0x00543a20	extcall,fs,iat,indirect,x87	?trade_maps@@YAXHH@Z
0x00543bc0	extcall,fs,iat,indirect,undef=4,x87	?propose_pact@@YAHHH@Z
0x00544e40	extcall,fs,iat,indirect,undef=4,x87	?propose_treaty@@YAHHH@Z
0x00545d60	extcall,fs,iat,indirect,x87	?propose_trade_maps@@YAXHH@Z
0x00545e80	extcall,fs,iat,indirect,undef=4,x87	?propose_attack@@YAHHH@Z
0x00547c10	extcall,fs,iat,indirect,x87	?make_gift@@YAXHH@Z
0x00548dd0	extcall,fs,iat,indirect,undef=4,x87	?dont_withdrawal@@YAHHH@Z
0x00548f80	extcall,fs,iat,indirect,undef=4,x87	?do_withdrawal@@YAHHH@Z
0x00549270	extcall,fs,iat,indirect,undef=4,x87	?demand_withdrawal@@YAHHH@Z
0x00549930	extcall,fs,iat,indirect,undef=4,x87	?threaten@@YAXHH@Z
0x0054acc0	extcall,undef=4	?suggest_plan@@YAHHH@Z
0x0054afa0	extcall	?attack_from@@YAHHH@Z
0x0054b140	extcall,fs,iat,indirect,x87	?battle_routine@@YAXH@Z
0x0054b1c0	extcall,fs,iat,indirect,x87	?battle_plans@@YAXHH@Z
0x0054bec0	extcall,fs,iat,indirect,x87	?call_off_vendetta@@YAXHH@Z
0x0054c560	extcall,fs,iat,indirect,undef=4,x87	?diplomacy_menu@@YAHHH@Z
0x0054cb50	extcall,fs,iat,indirect,undef=4,x87	?value_of_base@@YAHHHHHH@Z
0x0054cf40	extcall,fs,iat,indirect,x87	?give_a_base@@YAXHH@Z
0x0054d410	extcall,fs,iat,indirect,undef=4,x87	?base_swap@@YAXHH@Z
0x0054dc90	extcall,fs,iat,indirect,x87	sub_54dc90
0x0054dcf0	extcall,fs,iat,indirect,undef=4,x87	?proposal_menu@@YAHHH@Z
0x0054f420	extcall,fs,iat,indirect,x87	?make_a_proposal@@YAXHHH@Z
0x0054ffd0	extcall,fs,iat,indirect,undef=4,x87	?communicate@@YAXHHH@Z
0x005589e0	extcall,fs,iat,indirect,undef=4,x87	?commlink_attempter@@YAHHH@Z
0x00558c60	extcall,fs,iat,indirect,undef=4,x87	?commlink_attempt@@YAXH@Z
0x00558fc0	extcall,fs,iat,indirect,x87	?exec@BasePop@@QAEHP6AHXZ@Z
0x00558fe0	extcall,iat,indirect	?item@BasePop@@QAEHPADH@Z
0x00559000	extcall,iat,indirect	sub_559000
0x00559040	extcall,fs,iat,indirect,x87	?start@Popup@@QAEXPBDH@Z
0x00559060	undef=4	?get_name@@YAPADH@Z
0x005590a0	undef=4	?get_title@@YAPADH@Z
0x005590e0	ok	?get_adjective_leader@@YAPADH@Z
0x00559100	ok	?get_adjective_insult_leader@@YAPADH@Z
0x00559120	ok	?get_adjective_faction@@YAPADH@Z
0x00559140	ok	?get_adjective_insult_faction@@YAPADH@Z
0x00559160	undef=4	?get_insult_leader@@YAPADH@Z
0x005591a0	extcall	?say_tech@@YAXHH@Z
0x005591c0	undef=4	?bad_reg@@YAHH@Z
0x005591e0	undef=4	?has_agenda@@YAHHHH@Z
0x00559210	undef=1e	sub_559210
0x00559230	extcall,fs,indirect	??__Eg_FONTQUEUE_VAL2@@YAXXZ
0x00559250	extcall,fs,indirect	??__Fg_FONTQUEUE_VAL2@@YAXXZ
0x00559260	extcall,fs,indirect	??__Eg_FONTQUEUE_VAL1@@YAXXZ
0x00559280	extcall,fs,indirect	??__Fg_FONTQUEUE_VAL1@@YAXXZ
0x00559290	extcall,fs,indirect	??0FontQueue@@QAE@XZ
0x005592d0	extcall,iat,indirect,undef=4	?get_zoom@FontQueue@@QAEHHHHH@Z
0x005593e0	undef=4	?pick_top_veh@@YAHH@Z
0x005594f0	extcall,fs,iat,indirect,undef=4,x87	?veh_draw@@YAHPAUBuffer@@HHHHHH@Z
0x0055a150	extcall,fs,iat,indirect,x87	?veh_scoot@@YAXHHHHH@Z
0x0055af20	extcall,fs,iat,indirect,undef=4,x87	?base_draw@@YAXPAUBuffer@@HHHHH@Z
0x0055b740	extcall,fs,indirect	??1FontQueue@@QAE@XZ
0x0055b750	ok	??1Vector@@QAE@XZ
0x0055b760	undef=4	?treaty_off@@YAXHHH@Z
0x0055b820	undef=4	?agenda_off@@YAXHHH@Z
0x0055b870	extcall,fs,iat,indirect,undef=4,x87	?treaty_on@@YAXHHH@Z
0x0055ba80	undef=4	?agenda_on@@YAXHHH@Z
0x0055bb30	undef=4	?set_treaty@@YAXHHHH@Z
0x0055bba0	undef=4	?set_agenda@@YAXHHHH@Z
0x0055bc00	undef=4	?spying@@YAHH@Z
0x0055bc80	undef=4	?wants_to_attack@@YAHHHH@Z
0x0055c430	extcall,fs,iat,indirect,undef=4,x87	?comm_check@@YAXHH@Z
0x0055c730	extcall,fs,iat,indirect,x87	?pact_attacks@@YAXHH@Z
0x0055c840	extcall,fs,iat,indirect,undef=4,x87	?enemies_war@@YAXHH@Z
0x0055cca0	extcall,fs,iat,indirect,x87	?pact_unpact@@YAXHH@Z
0x0055ce20	extcall,fs,iat,indirect,undef=4,x87	?enemies_unpact@@YAXHH@Z
0x0055d040	extcall,fs,iat,indirect,x87	?pact_truce@@YAXHH@Z
0x0055d190	extcall,fs,iat,indirect,x87	?pact_treaty@@YAXHH@Z
0x0055d2a0	extcall,fs,iat,indirect,undef=4,x87	?enemies_team_up@@YAXHHH@Z
0x0055d430	extcall,fs,iat,indirect,undef=4,x87	?enemies_trade_tech@@YAXHH@Z
0x0055d760	extcall,fs,iat,indirect,undef=4,x87	?enemies_treaty@@YAXHHH@Z
0x0055e370	extcall,fs,iat,indirect,undef=4,x87	?encounter@@YAXHHHHHH@Z
0x0055eb80	extcall,undef=4	?territory@@YAHHHHPAHPAH@Z
0x0055eee0	extcall,fs,iat,indirect,undef=4,x87	?atrocity@@YAXHHHH@Z
0x0055f450	extcall,fs,iat,indirect,x87	?major_atrocity@@YAXHH@Z
0x0055f770	extcall,fs,iat,indirect,undef=4,x87	?break_treaty@@YAHHHH@Z
0x0055f930	extcall,fs,iat,indirect,undef=4,x87	?enemy_diplomacy@@YAXH@Z
0x00560ad0	ok	?go_to@@YAXHDHH@Z
0x00560b30	extcall,iat,indirect	?garrison_check@@YAHH@Z
0x00560d30	extcall,iat,indirect	?defensive_check@@YAHH@Z
0x00560d50	undef=3f	?guard_check@@YAHHH@Z
0x00560dd0	ok	?enemy_capabilities@@YAXH@Z
0x00561080	extcall,fs,iat,indirect,undef=4,x87	?enemy_strategy@@YAXH@Z
0x00564890	extcall,fs,iat,indirect,x87	?set_course@@YAXHDHH@Z
0x00564b90	extcall,fs,iat,indirect,x87	?assemble_passengers@@YAXHHH@Z
0x00564d90	extcall,iat,indirect,undef=4	?can_convoy@@YAHHH@Z
0x00564eb0	extcall,fs,iat,indirect,undef=4,x87	?good_sensor@@YAHHHH@Z
0x00565160	extcall,fs,iat,indirect,undef=4,x87	sub_565160
0x00565320	extcall,undef=4	?can_terraform@@YAHHHHHH@Z
0x00565f20	extcall,fs,iat,indirect,undef=4,x87	?compute_odds@@YAHHHHHH@Z
0x005665d0	extcall,iat,indirect,undef=4	?alien_base@@YAHHHH@Z
0x00566810	extcall,fs,iat,indirect,undef=4,x87	?alien_move@@YAHH@Z
0x005678c0	extcall,fs,iat,indirect,undef=4,x87	?air_power@@YAHHHHPAH0@Z
0x0056a8a0	extcall,fs,iat,indirect,undef=4,x87	?enemy_planet_buster@@YAHH@Z
0x0056b320	extcall,fs,iat,indirect,x87	?get_there@@YAHHHH@Z
0x0056b480	extcall,undef=4	?coast_or_border@@YAHHHHHH@Z
0x0056b5b0	extcall,fs,iat,indirect,undef=4,x87	?enemy_move@@YAHH@Z
0x00579240	extcall,fs,iat,indirect,undef=4,x87	?enemy_veh@@YAHH@Z
0x00579510	extcall,fs,iat,indirect,undef=4,x87	?enemy_turn@@YAHH@Z
0x00579770	extcall,undef=3f	?rnd@@YAHHPAD@Z
0x00579790	extcall,undef=4	?x_dist@@YAHHH@Z
0x005797d0	undef=4	?site_at@@YAHHHH@Z
0x00579840	undef=4	?is_known@@YAHHHH@Z
0x005798a0	undef=4	?base_who@@YAHHH@Z
0x005798e0	undef=4	?anything_at@@YAHHH@Z
0x00579920	undef=4	?veh_top@@YAHH@Z
0x00579960	undef=4	?veh_moves@@YAHH@Z
0x005799a0	undef=4	?proto_power@@YAHH@Z
0x00579a00	ok	?is_port@@YAHHH@Z
0x00579a30	undef=4	?add_goal@@YAXHHHHHH@Z
0x00579b70	extcall,fs,iat,indirect,undef=4,x87	?add_site@@YAXHHHHH@Z
0x00579cc0	undef=4	?at_goal@@YAHHHHH@Z
0x00579d20	undef=4	?at_site@@YAHHHHH@Z
0x00579d80	ok	?wipe_goals@@YAXH@Z
0x00579e00	ok	?init_goals@@YAXH@Z
0x00579e70	extcall	?del_site@@YAXHHHHH@Z
0x00579f80	undef=4	?want_monolith@@YAHH@Z
0x00579ff0	extcall,fs,iat,indirect,x87	sub_579ff0
0x0057a050	extcall,fs,iat,indirect,undef=4,x87	?monolith@@YAXH@Z
0x0057a660	extcall,fs,iat,indirect,undef=4,x87	?goody_box@@YAHHH@Z
0x0057ce50	undef=4	?valid_tech_leap@@YAHHH@Z
0x0057cfa0	extcall,fs,iat,indirect,undef=4,x87	?study_artifact@@YAHH@Z
0x0057d1f0	extcall	?header_check@@YAXPADPAUFILE@@@Z
0x0057d240	extcall	?header_write@@YAXPADPAUFILE@@@Z
0x0057d270	undef=4	?arm_strat@@YAHHH@Z
0x0057d2e0	undef=4	?weap_strat@@YAHHH@Z
0x0057d360	undef=4	?weap_val@@YAHHH@Z
0x0057d3f0	ok	?arm_val@@YAHHH@Z
0x0057d480	ok	?armor_val@@YAHHH@Z
0x0057d510	undef=4	?transport_val@@YAHHHH@Z
0x0057d560	extcall	?say_offense@@YAXPADH@Z
0x0057d6d0	extcall	?say_defense@@YAXPADH@Z
0x0057d7d0	extcall	?say_stats_3@@YAXPADH@Z
0x0057d8e0	extcall	?say_stats_2@@YAXPADH@Z
0x0057daa0	extcall	?say_stats@@YAXPADHPAD@Z
0x0057dee0	ok	sub_57dee0
0x0057df00	ok	?clear_bunglist@@YAXH@Z
0x0057df30	undef=4	sub_57df30
0x0057dfc0	undef=4	?is_bunged@@YA_NHHHHHH@Z
0x0057e040	extcall,undef=4	?name_proto@@YAXPADHHHHHHH@Z
0x0057efa0	undef=4	?best_reactor@@YAHH@Z
0x0057eff0	ok	?pick_chassis@@YAHHHH@Z
0x0057f0b0	ok	?weapon_budget@@YAHHHH@Z
0x0057f150	ok	?armor_budget@@YAHHH@Z
0x0057f1d0	extcall,fs,iat,indirect,undef=4,x87	?retire_proto@@YAXHH@Z
0x0057f4b0	extcall,fs,iat,indirect,undef=4,x87	?prune_protos@@YAXHHH@Z
0x00580860	extcall,fs,iat,indirect,undef=4,x87	?propose_proto@@YAHHHHHHHHPAD@Z
0x00581170	undef=4	?abil_index@@YAHH@Z
0x00581190	undef=4	?add_abil@@YAXPAHHH@Z
0x00581260	extcall,fs,iat,indirect,undef=4,x87	?consider_designs@@YAXH@Z
0x00583cb0	extcall,fs,iat,indirect,x87	?design_new_veh@@YAXHH@Z
0x00583cd0	extcall,fs,iat,indirect,undef=4,x87	?hq_list_draw@@YAXPAUGraphicWin@@HHHHH@Z
0x00583e30	extcall,fs,iat,indirect,undef=4,x87	?design_workshop@@YAHHH@Z
0x00584b50	undef=4	?abil_cond@@YAHHHHH@Z
0x00584d00	extcall,fs,indirect	??__Eg_TOP_MENU_WAVE@@YAXXZ
0x00584d20	extcall,fs,iat,indirect	??__Fg_TOP_MENU_WAVE@@YAXXZ
0x00584d30	extcall	sub_584d30
0x00584d60	extcall,fs,iat,indirect,undef=4,x87	?tech_name@@YAHPAD@Z
0x00584e40	extcall,fs,iat,indirect,undef=4,x87	?chas_name@@YAHPAD@Z
0x00584f40	extcall,fs,iat,indirect,undef=4,x87	?weap_name@@YAHPAD@Z
0x00585030	extcall,fs,iat,indirect,undef=4,x87	?arm_name@@YAHPAD@Z
0x00585120	extcall	?text_get_number@@YAHHH@Z
0x00585150	extcall,fs,iat,indirect,x87	?tech_item@@YAHXZ
0x00585170	extcall,fs,iat,indirect,undef=4,x87	?read_basic_rules@@YAHXZ
0x00585e30	extcall,fs,iat,indirect,undef=4,x87	?read_tech@@YAHXZ
0x00585fe0	undef=4	?clear_faction@@YAXPAUPlayer@@@Z
0x00586050	extcall,fs,iat,indirect,undef=4,x87	?read_faction@@YAXH@Z
0x00586090	extcall,fs,iat,indirect,x87	?read_faction@@YAXPAUPlayer@@H@Z
0x00586f30	extcall,fs,iat,indirect,undef=4,x87	?read_factions@@YAHXZ
0x005871d0	extcall	?noun_item@@YAXPAHPAH@Z
0x00587240	extcall,fs,iat,indirect,undef=4,x87	?read_units@@YAHXZ
0x005873c0	extcall,fs,iat,indirect,undef=4,x87	?read_rules@@YAHH@Z
0x005882a0	extcall,fs,indirect	??__Eg_FONTS@@YAXXZ
0x005882d0	extcall,fs,indirect	??__Fg_FONTS@@YAXXZ
0x005882f0	ok	?find_font@@YAHHH@Z
0x00588340	ok	?scroll_normal@@YAXXZ
0x005883d0	ok	?scroll_small@@YAXXZ
0x00588460	ok	?popups_normal@@YAXXZ
0x00588800	ok	sub_588800
0x005888e0	ok	?popups_tutorial@@YAXXZ
0x005889c0	ok	?popups_medium@@YAXXZ
0x00588a30	ok	sub_588a30
0x00588aa0	extcall,iat,indirect	?config_popups@@YAXXZ
0x00588f90	extcall,fs,iat,indirect,undef=4,x87	?alien_start@@YAXXZ
0x00589180	extcall,fs,iat,indirect,x87	?planetfall@@YAXH@Z
0x00589330	extcall,fs,iat,indirect,x87	?time_controls_dialog@@YAXPAUPopup@@@Z
0x00589550	extcall,fs,iat,indirect,x87	j_GraphicWin::close
0x00589560	extcall,fs,iat,indirect,x87	sub_589560
0x00589750	ok	sub_589750
0x00589760	extcall,fs,iat,indirect,x87	sub_589760
0x00589870	extcall,fs,iat,indirect,x87	sub_589870
0x00589890	extcall,fs,iat,indirect,x87	sub_589890
0x005898a0	extcall,fs,iat,indirect,x87	?thumb_routine@@YAXH@Z
0x00589a30	extcall,fs,iat,indirect,undef=4	?change_opening@@YAHPAD@Z
0x00589b20	indirect,undef=4	?close_opening@@YAXXZ
0x00589b60	extcall,fs,iat,indirect,undef=4,x87	?init_opening@@YAHPBD@Z
0x00589d30	extcall,fs,iat,indirect,undef=4,x87	?config_game@@YAHH@Z
0x0058c2a0	extcall,fs,iat,indirect,undef=4,x87	?custom_planet@@YAHHH@Z
0x0058ced0	extcall,fs,iat,indirect,undef=4,x87	?size_of_planet@@YAHH@Z
0x0058d6b0	extcall,fs,iat,indirect,undef=4,x87	?map_menu@@YAHH@Z
0x0058db30	extcall,fs,iat,indirect,x87	?multiplayer_init@@YAHH@Z
0x0058e360	extcall,fs,iat,indirect,x87	?top_menu@@YAHH@Z
0x0058ee50	ok	?desktop_update@@YAXXZ
0x0058ee60	extcall,fs,iat,indirect,undef=4,x87	?desktop_init@@YAHH@Z
0x0058eff0	extcall,fs,iat,indirect,x87	?desktop_close@@YAXXZ
0x0058f040	extcall,fs,iat,indirect,undef=4,x87	?system_init@@YAHXZ
0x0058f250	extcall,fs,iat,indirect,x87	?system_close@@YAXXZ
0x0058f2f0	extcall,fs,iat,indirect,undef=4,x87	?game_init@@YAHHH@Z
0x0058f430	extcall,iat,indirect	?game_close@@YAXH@Z
0x0058f450	extcall,fs,iat,indirect,undef=4,x87	?game_reload@@YAHHH@Z
0x0058f4f0	extcall	sub_58f4f0
0x0058f610	extcall	?say_special@@YAXPADPADH@Z
0x0058f700	extcall	?say_fac_special@@YAXPADPADH@Z
0x0058f810	extcall,fs,iat,indirect,undef=4,x87	?get_phrase@@YAPADHH@Z
0x0058f8b0	extcall,fs,iat,indirect,x87	?get_noun_phrase@@YAPADHH@Z
0x0058f9d0	ok	?get_pact@@YAPADH@Z
0x0058fa20	ok	?get_pacts@@YAPADH@Z
0x0058fa70	ok	?get_pacts@@YAPADHH@Z
0x0058fb00	ok	?get_pact_hood@@YAPADHH@Z
0x0058fb70	iat,indirect,undef=4	sub_58fb70
0x0058fbc0	extcall,iat,indirect,undef=4	?get_his_her@@YAPADHH@Z
0x0058fc50	extcall,iat,indirect,undef=4	?get_him_her@@YAPADHH@Z
0x0058fce0	extcall,iat,indirect,undef=4	?get_he_she@@YAPADHH@Z
0x0058fd70	ok	?clear@SquareLock@@QAEXXZ
0x0058fd90	undef=4	?unlock@SquareLock@@QAEXH@Z
0x0058fe80	undef=4	?lock@SquareLock@@QAEHHHHH@Z
0x0058ff70	ok	?clear@PlayerLock@@QAEXXZ
0x0058ffa0	undef=4	?active@PlayerLock@@QAEXXZ
0x0058ffc0	ok	?unlock@PlayerLock@@QAEXH@Z
0x00590000	undef=4	?lock@PlayerLock@@QAEHHHHHHHH@Z
0x005900a0	ok	?add_lock@PlayerLock@@QAEHHHHH@Z
0x005900d0	ok	?clear@Lock@@QAEXXZ
0x00590140	undef=4	?reset_map@Lock@@QAEXXZ
0x00590170	ok	?unlock@Lock@@QAEXH@Z
0x005901d0	extcall,fs,iat,indirect,undef=4,x87	?check_global@Lock@@QAEXXZ
0x00590240	undef=4	?check_global_2@Lock@@QAEHH@Z
0x005902c0	undef=4	?global_lock@Lock@@QAEHH@Z
0x00590300	extcall,fs,iat,indirect,undef=4,x87	?lock@Lock@@QAEHHHHHHHH@Z
0x00590470	ok	?add_lock@Lock@@QAEHHHHH@Z
0x005904a0	undef=4	?any_locks@Lock@@QAEHXZ
0x00590500	ok	sub_590500
0x00590510	extcall,undef=4	?say_reactor@@YAXPAXHH@Z
0x005905c0	extcall,undef=4	?say_weapon@@YAXPAXHH@Z
0x005906f0	extcall,undef=4	?say_armor@@YAXPAXHH@Z
0x00590800	extcall,undef=4	?say_chassis@@YAXPAXHH@Z
0x00590910	extcall,undef=4	?say_facility@@YAXPAXHH@Z
0x00590990	extcall,undef=4	?say_project@@YAXPAXHH@Z
0x00590a10	extcall,undef=4	?say_society@@YAXPAXHH@Z
0x00590aa0	extcall,undef=4	?say_ability@@YAXPAXHH@Z
0x00590b30	extcall,undef=4	?say_techs@@YAXPAXHH@Z
0x00590ba0	extcall,undef=4	?say_vehicles@@YAXPAXHH@Z
0x00590cb0	ok	sub_590cb0
0x00590cd0	indirect,undef=4	sub_590cd0
0x00590cf0	indirect,undef=4	sub_590cf0
0x00590d10	indirect,undef=4	sub_590d10
0x00590d40	indirect,undef=4	sub_590d40
0x00590d60	ok	sub_590d60
0x00590d70	ok	sub_590d70
0x00590dc0	extcall,fs,iat,indirect,undef=4,x87	sub_590dc0
0x00590e90	extcall,iat,indirect	?map_shutdown@@YAXXZ
0x00590ed0	extcall,iat,indirect,undef=4	?map_init@@YAXXZ
0x00591040	ok	?map_wipe@@YAXXZ
0x005910b0	extcall,undef=4	?map_write@@YAHPAUFILE@@@Z
0x00591130	extcall,iat,indirect,undef=4	?map_read@@YAHPAUFILE@@@Z
0x00591210	ok	?abstract_at@@YAHHH@Z
0x00591230	ok	?abstract_set@@YAXHHE@Z
0x00591260	ok	?alt_put_detail@@YAXHHH@Z
0x00591290	extcall,fs,iat,indirect,undef=4,x87	?alt_set@@YAXHHH@Z
0x005918a0	ok	?alt_natural@@YAHHH@Z
0x005918f0	extcall,fs,iat,indirect,x87	?alt_set_both@@YAXHHH@Z
0x005919c0	ok	?elev_at@@YAHHH@Z
0x00591a80	undef=4	?climate_set@@YAXHHH@Z
0x00591ad0	undef=4	?temp_set@@YAXHHH@Z
0x00591b10	undef=4	?owner_set@@YAXHHH@Z
0x00591b50	undef=4	?site_set@@YAXHHH@Z
0x00591b90	ok	?region_set@@YAXHHH@Z
0x00591bc0	undef=4	?rocky_set@@YAXHHH@Z
0x00591c10	undef=4	?using_set@@YAXHHH@Z
0x00591c50	undef=4	?lock_set@@YAHHHH@Z
0x00591c90	undef=4	?lock_map@@YAHHHH@Z
0x00591cf0	undef=4	?unlock_map@@YAXHHH@Z
0x00591d30	ok	?bit_put@@YAXHHH@Z
0x00591d60	undef=4	?bit_set@@YAXHHHH@Z
0x00591db0	undef=4	?bit2_set@@YAXHHHH@Z
0x00591e00	undef=4	?code_set@@YAXHHH@Z
0x00591e50	undef=4	?synch_bit@@YAXHHH@Z
0x00591e90	undef=4	sub_591e90
0x00591f00	undef=4	?minerals_at@@YAHHH@Z
0x00592030	undef=4	?bonus_at@@YAHHHH@Z
0x00592140	undef=4	?goody_at@@YAHHH@Z
0x00592250	extcall,fs,iat,indirect,undef=4,x87	?say_loc@@YAXPADHHHHH@Z
0x00592400	ok	?site_radius@@YAXHHH@Z
0x00592480	ok	sub_592480
0x00592550	undef=4	?find_landmark@@YAHHHH@Z
0x00592600	extcall,undef=4	?new_landmark@@YAHHHPAD@Z
0x00592650	extcall,undef=4	?valid_landmark@@YAHHHH@Z
0x005926f0	undef=4	?kill_landmark@@YAXHH@Z
0x005927d0	undef=4	?delete_landmark@@YAXHH@Z
0x00592940	ok	?fixup_landmarks@@YAXXZ
0x00592a80	undef=4	?set_dirty@@YAXXZ
0x00592af0	undef=4	?clear_dirty@@YAXXZ
0x00592b40	extcall,fs,iat,indirect,x87	sub_592b40
0x00592d70	undef=4	sub_592d70
0x00592d90	undef=4	sub_592d90
0x00592db0	undef=4	sub_592db0
0x00592de0	extcall,fs,iat,indirect,x87	sub_592de0
0x00592e10	extcall,fs,iat,indirect,x87	?message_veh@@YAXHHHH@Z
0x00592e70	extcall,fs,iat,indirect,x87	?message_base@@YAXHHPADH@Z
0x00592ee0	extcall,fs,iat,indirect,x87	?message_data@@YAXHHHHHH@Z
0x00592f50	extcall,fs,iat,indirect,x87	sub_592f50
0x00592ff0	extcall,fs,iat,indirect,x87	?message_big_data@@YAXHHPAHH@Z
0x00593090	extcall,fs,iat,indirect,x87	?message_lock@@YAXHHHHHHHH@Z
0x00593110	extcall,fs,iat,indirect,x87	?message_landmark@@YAXHHPADHHHH@Z
0x00593190	extcall,fs,iat,indirect,x87	?message_chat@@YAXHHPAD@Z
0x00593220	extcall,fs,iat,indirect,x87	?synch_veh@@YAXH@Z
0x00593250	extcall,fs,iat,indirect,x87	?synch_base@@YAXH@Z
0x00593280	extcall,fs,iat,indirect,x87	?synch_energy@@YAXH@Z
0x005932b0	extcall,fs,iat,indirect,x87	?synch_researching@@YAXH@Z
0x005932e0	extcall,fs,iat,indirect,x87	?synch_leader@@YAXH@Z
0x00593310	extcall,fs,iat,indirect,x87	?synch_ai@@YAXH@Z
0x00593340	extcall,fs,iat,indirect,x87	?synch_research@@YAXH@Z
0x00593370	extcall,fs,iat,indirect,x87	sub_593370
0x00593390	extcall,fs,iat,indirect,x87	?synch_alloc@@YAXH@Z
0x005933c0	extcall,fs,iat,indirect,x87	?synch_soc@@YAXH@Z
0x005933f0	extcall,fs,iat,indirect,x87	?synch_proto@@YAXH@Z
0x00593420	extcall,fs,iat,indirect,x87	?synch_obs@@YAXH@Z
0x00593450	extcall,fs,iat,indirect,x87	?synch_diplo@@YAXHH@Z
0x00593480	extcall,fs,iat,indirect,x87	sub_593480
0x005934b0	extcall,fs,iat,indirect,x87	?synch_template@@YAXH@Z
0x005934e0	extcall,fs,iat,indirect,x87	?synch_radius@@YAXH@Z
0x00593510	extcall,undef=4	?hex_cost@@YAHHHHHHHH@Z
0x00593830	extcall	?quick_zoc@@YAXHHHHHPAH0@Z
0x00593a00	extcall,fs,iat,indirect,undef=4,x87	?supply_options@@YAHHH@Z
0x005947c0	extcall,fs,iat,indirect,undef=4,x87	?order_veh@@YAHHHH@Z
0x0059a1b0	extcall	??__EPaths@@YAXXZ
0x0059a1c0	extcall,iat,indirect,undef=4	??__FPaths@@YAXXZ
0x0059a220	extcall,iat,indirect	?init@Path@@QAEXXZ
0x0059a2d0	extcall,iat,indirect,undef=4	?shutdown@Path@@QAEXXZ
0x0059a320	extcall,iat,indirect,undef=4	??1Path@@QAE@XZ
0x0059a370	extcall,iat,indirect,undef=4	?zoc_path@Path@@QAEHHHH@Z
0x0059a530	extcall,fs,iat,indirect,undef=4,x87	?find@Path@@QAEHHHHHHHHH@Z
0x0059bc10	extcall,fs,iat,indirect,undef=4,x87	?move@Path@@QAEHHH@Z
0x0059c200	ok	?make_abstract@Path@@QAEXXZ
0x0059c340	undef=4	?merge@Path@@QAEXHH@Z
0x0059c3c0	extcall,fs,iat,indirect,x87	?territory@Path@@QAEXHHHH@Z
0x0059c520	extcall,fs,iat,indirect,x87	?continent@Path@@QAEXHHH@Z
0x0059c790	extcall,fs,iat,indirect,x87	?continents@Path@@QAEXXZ
0x0059cca0	extcall,fs,iat,indirect,x87	?sensors@Path@@QAEHHPAHPAH@Z
0x0059d230	extcall,iat,indirect	sub_59d230
0x0059d250	extcall,fs,iat,indirect,x87	?exec@PopMenu@@QAEXHHP6AHXZ@Z
0x0059d3a0	extcall,fs,iat,indirect,x87	?init@PopMenu@@QAEHXZ
0x0059d3b0	extcall,fs,iat,indirect,x87	?popm@@YAHPADPADHHP6AHXZ@Z
0x0059d690	extcall,fs,iat,indirect,x87	?popm@@YAHPADHHP6AHXZ@Z
0x0059d980	extcall,iat,indirect	?prefs_get@@YAPADPADPADH@Z
0x0059da20	extcall,iat,indirect	?default_prefs@@YAHXZ
0x0059daa0	extcall,iat,indirect	?default_prefs2@@YAHXZ
0x0059db20	ok	?default_warn@@YAHXZ
0x0059db30	ok	?default_rules@@YAHXZ
0x0059db40	extcall,iat,indirect	?prefs_get@@YAHPADHH@Z
0x0059dbd0	extcall,iat,indirect	?prefs_fac_load@@YAXXZ
0x0059dcf0	extcall,iat,indirect	?prefs_load@@YAXH@Z
0x0059e510	iat,indirect	?prefs_put@@YAXPADPAD@Z
0x0059e530	extcall,iat,indirect	?prefs_put@@YAXPADHH@Z
0x0059e5d0	extcall,iat,indirect,undef=4	?prefs_save@@YAXH@Z
0x0059e950	ok	?prefs_use@@YAXXZ
0x0059e980	extcall,undef=4	?vulnerable@@YAHHHH@Z
0x0059ea80	extcall,iat,indirect,undef=4	?mind_control@@YAHHHH@Z
0x0059ee50	extcall,iat,indirect,undef=4	?corner_market@@YAHH@Z
0x0059eee0	extcall	?success_rates@@YAHHHHH@Z
0x0059f120	extcall,fs,iat,indirect,undef=4,x87	?probe@@YAHHHHH@Z
0x005a5880	extcall	?say_label@@YAXH@Z
0x005a58b0	extcall	?space@@YAXXZ
0x005a58d0	iat	timeGetTime
0x005a58e0	ok	?parse_set@@YAXHH@Z
0x005a5900	extcall,fs,iat,indirect,x87	?exec@BasePop@@QAEHXZ
0x005a5910	extcall	?vector_dist@@YAHHHHH@Z
0x005a5990	extcall,fs,iat,indirect,x87	?start@Popup@@QAEXPBD@Z
0x005a59b0	extcall,iat,indirect	?veh_put@@YAXHHH@Z
0x005a59e0	undef=4	?veh_health@@YAHH@Z
0x005a5a60	undef=4	?proto_cost@@YAHHHHHH@Z
0x005a5d00	ok	?base_cost@@YAHH@Z
0x005a5d40	undef=4	?make_proto@@YAXHHHHHH@Z
0x005a6270	ok	?proto_sort@@YAXH@Z
0x005a63d0	ok	?proto_sort_2@@YAXH@Z
0x005a6510	undef=4	sub_5a6510
0x005a65a0	undef=4	?radius_move@@YAHHHH@Z
0x005a65d0	undef=4	?radius_move@@YAHHHHHH@Z
0x005a6630	undef=4	?compass_move@@YAHHHHH@Z
0x005a66e0	extcall,iat,indirect,undef=4	?encrypt_write@@YAHPAXIIPAUFILE@@@Z
0x005a67b0	extcall,iat,indirect,undef=4	?encrypt_read@@YAHPAXIIPAUFILE@@@Z
0x005a6890	extcall,iat,indirect,undef=4	?game_io@@YAHHPAUFILE@@@Z
0x005a6ac0	extcall,iat,indirect,undef=4	?game_data@@YAHPAUFILE@@H@Z
0x005a9280	extcall,iat,indirect,undef=4	?map_data@@YAHPAUFILE@@HH@Z
0x005a94f0	extcall,iat,indirect,undef=4	?save_daemon@@YAHPAD@Z
0x005a96d0	ok	?see_map_check@@YAXXZ
0x005a9760	extcall,fs,iat,indirect,x87	?load_daemon@@YAHPADH@Z
0x005a9b20	extcall,iat,indirect,undef=4	?save_map_daemon@@YAHPAD@Z
0x005a9c10	extcall,fs,iat,indirect,x87	?load_map_daemon@@YAHPAD@Z
0x005a9db0	extcall,undef=4	?yearmotize@@YAXPAD@Z
0x005a9eb0	extcall,fs,iat,indirect,undef=4,x87	?save_game@@YAHH@Z
0x005aaab0	extcall,fs,iat,indirect,x87	?load_game@@YAHHH@Z
0x005ab600	extcall,fs,iat,indirect,x87	?load_map@@YAHXZ
0x005abb90	extcall,fs,iat,indirect,x87	?save_map@@YAXXZ
0x005abd10	extcall	?kill_auto_save@@YAXXZ
0x005abd20	extcall,iat,indirect,undef=4	?auto_save@@YAXXZ
0x005abe40	extcall,fs,iat,indirect,x87	?load_undo@@YAXH@Z
0x005abec0	extcall	?wipe_undo@@YAXXZ
0x005abf20	extcall,iat,indirect,undef=4	?auto_undo@@YAXXZ
0x005abff0	ok	?get_rating@@YAHHH@Z
0x005ac060	undef=4	?is_objective@@YAHH@Z
0x005ac110	extcall,fs,iat,indirect,undef=4,x87	?num_objectives@@YAHHH@Z
0x005ac5a0	extcall,fs,iat,indirect,undef=4,x87	?most_objectives@@YAHPAHPAH@Z
0x005ac630	undef=4	?transcending@@YAHH@Z
0x005ac680	ok	?ascending@@YAHH@Z
0x005ac690	extcall,fs,iat,indirect,undef=4,x87	?rankings@@YAXH@Z
0x005acbe0	extcall,fs,iat,indirect,undef=4,x87	?compute_score@@YAXHPAHPAHH@Z
0x005ad3b0	indirect	?on_left_click@ReplayWin@@QAEXHH@Z
0x005ad3c0	indirect	?on_right_click@ReplayWin@@QAEXHH@Z
0x005ad3d0	ok	?on_left_double_click@ReplayWin@@QAEXHH@Z
0x005ad3e0	ok	?on_right_double_click@ReplayWin@@QAEXHH@Z
0x005ad3f0	ok	?on_mouse_move@ReplayWin@@QAEXHH@Z
0x005ad400	ok	?on_right_down@ReplayWin@@QAEXHH@Z
0x005ad410	ok	?on_left_down@ReplayWin@@QAEXHH@Z
0x005ad420	ok	?on_left_up@ReplayWin@@QAEXHH@Z
0x005ad430	indirect	?on_button_clicked@ReplayWin@@QAEXH@Z
0x005ad440	indirect	?on_key_click@ReplayWin@@QAEHHH@Z
0x005ad450	ok	sub_5ad450
0x005ad470	ok	sub_5ad470
0x005ad4c0	ok	sub_5ad4c0
0x005ad500	undef=4	sub_5ad500
0x005ad560	extcall,fs,iat,indirect,x87	?make_bases@ReplayWin@@QAEXXZ
0x005ad610	extcall,fs,iat,indirect,x87	?on_redraw@ReplayWin@@QAEXXZ
0x005ad720	extcall,fs,iat,indirect,x87	?init@ReplayWin@@QAEXXZ
0x005ad9a0	extcall,fs,iat,indirect,undef=4,x87	?close@ReplayWin@@QAEXXZ
0x005ad9e0	extcall,fs,iat,indirect,x87	?timer_callback@ReplayWin@@QAEXXZ
0x005adbd0	extcall,fs,iat,indirect,undef=4,x87	?timer_callback_daemon@ReplayWin@@QAAXH@Z
0x005adbf0	extcall,fs,iat,indirect,x87	?show_replay@@YAXXZ
0x005ade80	extcall,iat,indirect	?replay_base@@YAXHHHH@Z
0x005adf10	extcall,fs,iat,indirect,x87	??1ReplayWin@@QAE@XZ
0x005ae0b0	extcall,fs,iat,indirect,undef=4,x87	??_GReplayWin@@UAEPAXI@Z
0x005ae0e0	extcall,fs,iat,indirect,x87	??3ReplayWin@@SAXPAXI@Z
0x005ae0f0	extcall,fs,indirect	??__Eg_CRASH_LANDING_WAVE@@YAXXZ
0x005ae110	extcall,fs,iat,indirect	??__Fg_CRASH_LANDING_WAVE@@YAXXZ
0x005ae120	extcall,fs,iat,indirect,x87	?crash_landing@@YAXH@Z
0x005aed50	undef=4	?get_plan@@YAHHH@Z
0x005aede0	extcall,fs,iat,indirect,x87	?time_warp@@YAXXZ
0x005b0420	extcall,fs,iat,indirect,x87	?balance@@YAXXZ
0x005b0a30	extcall,fs,iat,indirect,undef=4,x87	?scenario_setup@@YAXXZ
0x005b0d70	undef=4	?compute_faction_modifiers@@YAXH@Z
0x005b0e00	extcall,fs,iat,indirect,undef=4,x87	?setup_player@@YAHHHH@Z
0x005b3380	extcall,fs,iat,indirect,undef=4,x87	?eliminate_player@@YAHHH@Z
0x005b38d0	ok	?clear_scenario@@YAXXZ
0x005b3920	extcall,fs,iat,indirect,undef=4,x87	?setup_game@@YAXH@Z
0x005b4210	extcall,undef=4	?social_calc@@YAXPAHPAHHHH@Z
0x005b44d0	extcall	?social_upkeep@@YAXH@Z
0x005b4550	undef=4	?social_upheaval@@YAHHPAH@Z
0x005b4600	extcall,fs,iat,indirect,x87	?social_set@@YAXH@Z
0x005b4730	undef=4	?society_avail@@YAHHHH@Z
0x005b4790	extcall,fs,iat,indirect,undef=4,x87	?social_ai@@YAXHHHHHPAH@Z
0x005b5620	extcall,fs,iat,indirect,undef=4,x87	?social_select@@YAXH@Z
0x005b5690	undef=4	?sort@@YAXHPAHPAH@Z
0x005b5700	undef=4	sub_5b5700
0x005b57d0	undef=4	?spot_base@@YAXHH@Z
0x005b58e0	undef=4	?spot_stack@@YAXHH@Z
0x005b5a70	ok	?unspot_stack@@YAXH@Z
0x005b5ad0	extcall,fs,iat,indirect,undef=4,x87	?spot_loc@@YAXHHH@Z
0x005b5e10	ok	sub_5b5e10
0x005b5ea0	undef=4	?want_to_wake@@YAHHHH@Z
0x005b6060	undef=4	?wake_stack@@YAXH@Z
0x005b61a0	undef=4	sub_5b61a0
0x005b6260	extcall,fs,iat,indirect,undef=4,x87	?spot_all@@YAXHH@Z
0x005b8af0	extcall,iat,indirect,undef=4	?stack_put@@YAXHHH@Z
0x005b8b60	extcall,iat,indirect,undef=4	?stack_sort@@YAXH@Z
0x005b8c90	extcall,iat,indirect,undef=4	?stack_sort_2@@YAXH@Z
0x005b8e10	extcall,iat,indirect,undef=4	?stack_fix@@YAHH@Z
0x005b8ee0	extcall,iat,indirect,undef=4	?stack_veh@@YAHHH@Z
0x005b9510	extcall,fs,iat,indirect,undef=4,x87	?stack_kill@@YAXH@Z
0x005b9580	undef=4	?stack_check@@YAHHHHHH@Z
0x005b9c10	extcall,fs,indirect	??__Eg_WAVE_GENERAL@@YAXXZ
0x005b9c30	extcall,fs,iat,indirect	??__Fg_WAVE_GENERAL@@YAXXZ
0x005b9c40	extcall,undef=4	?say_tech@@YAXPADHH@Z
0x005b9ef0	extcall	?tech_name@@YAPADHH@Z
0x005b9f20	undef=4	?has_tech@@YA_NHH@Z
0x005b9f90	undef=4	?tech_recurse@@YAHHH@Z
0x005b9fe0	ok	?tech_category@@YAHH@Z
0x005ba030	undef=4	?redundant@@YAHHH@Z
0x005ba0e0	extcall,iat,indirect,undef=4	?facility_avail@@YAHHHHH@Z
0x005ba910	undef=4	?veh_avail@@YAHHHH@Z
0x005bab40	undef=4	?terrain_avail@@YAHHHH@Z
0x005bac20	undef=4	?tech_avail@@YAHHH@Z
0x005badc0	extcall,fs,iat,indirect,x87	?tech_secret@@YAXHH@Z
0x005bae60	ok	?tech_effects@@YAXH@Z
0x005bb000	extcall,fs,iat,indirect,x87	?tech_achieved@@YAXHHHH@Z
0x005bcb60	undef=4	?tech_is_preq@@YAHHHH@Z
0x005bcbe0	undef=1e	?tech_val@@YAHHHH@Z
0x005bdc10	extcall	?tech_ai@@YAHH@Z
0x005bdd70	undef=4	?tech_mil@@YAHH@Z
0x005bdd90	ok	?tech_tech@@YAHH@Z
0x005bddc0	ok	?tech_infra@@YAHH@Z
0x005bddf0	ok	?tech_colonize@@YAHH@Z
0x005bde20	extcall,fs,iat,indirect,undef=4,x87	tech_wizard_unk1
0x005be100	undef=4	?wants_prototype@@YAHHH@Z
0x005be2a0	extcall,fs,iat,indirect,x87	tech_wizard_unk2
0x005be380	extcall,fs,iat,indirect,undef=4,x87	?tech_selection@@YAHH@Z
0x005be530	extcall,fs,iat,indirect,undef=4,x87	?tech_advance@@YAHH@Z
0x005be6b0	undef=4	?tech_rate@@YAHH@Z
0x005be940	extcall,fs,iat,indirect,undef=4,x87	?tech_research@@YAXHH@Z
0x005beb70	extcall,fs,iat,indirect,x87	?tech_pick@@YAHHHHPAD@Z
0x005bec40	extcall,iat,indirect	??__Eg_PALETTE1@@YAXXZ
0x005bec60	extcall,iat,indirect	??__Fg_PALETTE1@@YAXXZ
0x005bec70	extcall,iat,indirect	??__Eg_PALETTE2@@YAXXZ
0x005bec90	extcall,iat,indirect	??__Fg_PALETTE2@@YAXXZ
0x005beca0	extcall,iat,indirect,undef=4	?X_text_open@@YAHPADPBD@Z
0x005bed20	extcall,fs,iat,indirect,undef=4,x87	?do_unity_crash@@YAHHHH@Z
0x005bf010	extcall,undef=4	?is_sensor@@YAHHH@Z
0x005bf130	extcall,undef=4	?has_temple@@YAHH@Z
0x005bf1f0	undef=4	?has_abil@@YAHHH@Z
0x005bf310	extcall,fs,iat,indirect,x87	?X_pop@@YAHPBDP6AHXZ@Z
0x005bf330	extcall,fs,iat,indirect,x87	?X_pop@@YAHPADPBDP6AHXZ@Z
0x005bf350	extcall,fs,iat,indirect,undef=4,x87	?X_pop@@YAHPADPBDPADHP6AHXZ@Z
0x005bf390	extcall,fs,iat,indirect,x87	?X_pop@@YAHPBDHHP6AHXZ@Z
0x005bf3c0	extcall,fs,iat,indirect,x87	?X_pop@@YAHPADPBDHHP6AHXZ@Z
0x005bf3f0	extcall,fs,iat,indirect,x87	?X_pop@@YAHPBDHP6AHXZ@Z
0x005bf420	extcall,fs,iat,indirect,x87	?X_pop@@YAHPADPBDHP6AHXZ@Z
0x005bf450	extcall,fs,iat,indirect,x87	?X_pop@@YAHPBDHPADHP6AHXZ@Z
0x005bf480	extcall,fs,iat,indirect,x87	?X_pop@@YAHPADPBDHPADHP6AHXZ@Z
0x005bf5d0	extcall,fs,iat,indirect,x87	?X_pops@@YAHPBDPAUSprite@@P6AHXZ@Z
0x005bf600	extcall,fs,iat,indirect,x87	?X_pops@@YAHPBDPAUSprite@@HHP6AHXZ@Z
0x005bf630	extcall,fs,iat,indirect,x87	?X_pops@@YAHPADPBDPAUSprite@@P6AHXZ@Z
0x005bf660	extcall,fs,iat,indirect,x87	?X_pops@@YAHPADPBDPAUSprite@@HHP6AHXZ@Z
0x005bf690	extcall,fs,iat,indirect,x87	?X_pops@@YAHPBDHHPAUSprite@@P6AHXZ@Z
0x005bf6c0	extcall,fs,iat,indirect,x87	?X_pops@@YAHPBDHHPAUSprite@@HHP6AHXZ@Z
0x005bf6f0	extcall,fs,iat,indirect,undef=4,x87	?X_pops@@YAHPADPBDPADHPAUSprite@@P6AHXZ@Z
0x005bf730	extcall,fs,iat,indirect,undef=4,x87	?X_pops@@YAHPADPBDPADHPAUSprite@@HHP6AHXZ@Z
0x005bf770	extcall,fs,iat,indirect,x87	?X_pops@@YAHPADPBDHHPAUSprite@@P6AHXZ@Z
0x005bf7a0	extcall,fs,iat,indirect,x87	?X_pops@@YAHPADPBDHHPAUSprite@@HHP6AHXZ@Z
0x005bf7d0	extcall,fs,iat,indirect,x87	?X_pops@@YAHPBDHPAUSprite@@P6AHXZ@Z
0x005bf800	extcall,fs,iat,indirect,x87	?X_pops@@YAHPBDHPAUSprite@@HHP6AHXZ@Z
0x005bf830	extcall,fs,iat,indirect,x87	?X_pops@@YAHPADPBDHPAUSprite@@P6AHXZ@Z
0x005bf860	extcall,fs,iat,indirect,x87	?X_pops@@YAHPADPBDHPAUSprite@@HHP6AHXZ@Z
0x005bf890	extcall,fs,iat,indirect,x87	?X_pops@@YAHPBDHPADHPAUSprite@@P6AHXZ@Z
0x005bf8c0	extcall,fs,iat,indirect,x87	?X_pops@@YAHPBDHPADHPAUSprite@@HHP6AHXZ@Z
0x005bf900	extcall,fs,iat,indirect,x87	?X_pops@@YAHPADPBDHPADHPAUSprite@@P6AHXZ@Z
0x005bf930	extcall,fs,iat,indirect,x87	?X_pops@@YAHPADPBDHPADHPAUSprite@@HHP6AHXZ@Z
0x005bfab0	extcall,fs,iat,indirect,x87	?X_pop_ask@@YAHPBDHPADP6AHXZH@Z
0x005bfae0	extcall,fs,iat,indirect,x87	?X_pop_ask@@YAHPADPBDHP6AHXZH@Z
0x005bfb10	extcall,fs,iat,indirect,x87	?X_pop_ask@@YAHPBDHP6AHXZH@Z
0x005bfb40	extcall,fs,iat,indirect,undef=4,x87	?X_pop_ask@@YAHPADPBDPADP6AHXZH@Z
0x005bfb80	extcall,fs,iat,indirect,undef=4,x87	?X_pop_ask@@YAHPBDPADP6AHXZH@Z
0x005bfbc0	extcall,fs,iat,indirect,x87	?X_pop_ask@@YAHPADPBDHPADP6AHXZH@Z
0x005bfd10	extcall,fs,iat,indirect,x87	?X_pop_ask_number@@YAHPBDHP6AHXZ@Z
0x005bfd30	extcall,fs,iat,indirect,x87	?X_pop_ask_number@@YAHPADPBDP6AHXZ@Z
0x005bfd50	extcall,fs,iat,indirect,x87	?X_pop_ask_number@@YAHPBDP6AHXZ@Z
0x005bfd70	extcall,fs,iat,indirect,x87	?X_pop_ask_number@@YAHPADPBDHP6AHXZ@Z
0x005bfe90	extcall,iat,indirect,undef=4	?veh_at@@YAHHH@Z
0x005bffa0	undef=4	?veh_lift@@YAXH@Z
0x005c0080	extcall,iat,indirect,undef=4	?veh_drop@@YAXHHH@Z
0x005c01a0	undef=4	?sleep@@YAXH@Z
0x005c01d0	undef=4	?veh_demote@@YAXH@Z
0x005c0260	extcall,iat,indirect	?veh_promote@@YAXH@Z
0x005c02d0	ok	?veh_clear@@YAXHHH@Z
0x005c03d0	extcall,fs,iat,indirect,undef=4,x87	?veh_init@@YAHHHHH@Z
0x005c08c0	extcall,fs,iat,indirect,undef=4,x87	?veh_kill@@YAXH@Z
0x005c0b00	extcall,fs,iat,indirect,undef=4,x87	?kill@@YAXH@Z
0x005c0cb0	extcall,undef=4	?veh_find@@YAHHHHH@Z
0x005c0db0	undef=4	?can_arty@@YAHHH@Z
0x005c0e40	undef=4	?morale_veh@@YAHHHH@Z
0x005c1150	undef=4	?offense_proto@@YAHHHH@Z
0x005c1290	undef=4	?armor_proto@@YAHHHH@Z
0x005c13b0	undef=1e	?speed_proto@@YAHH@Z
0x005c1540	undef=4	?speed@@YAHHH@Z
0x005c1760	undef=4	?veh_cargo@@YAHH@Z
0x005c17d0	undef=4	?prototype_factor@@YAHH@Z
0x005c1850	undef=4	?veh_cost@@YAHHHPAH@Z
0x005c1a20	undef=4	?veh_selectable@@YAHH@Z
0x005c1ab0	undef=4	?veh_unmoved@@YAHH@Z
0x005c1b70	undef=4	?veh_ready@@YAHH@Z
0x005c1c40	undef=4	?veh_jail@@YAHH@Z
0x005c1d20	ok	?veh_skip@@YAXH@Z
0x005c1d50	ok	?veh_fake@@YAHHH@Z
0x005c1d70	undef=4	?veh_wake@@YAHH@Z
0x005c1e20	extcall	?init@Fractal@@QAEXXZ
0x005c1f20	undef=4	?UNK1@Fractal@@QAEHHH@Z
0x005c1fc0	undef=4	?UNK2@Fractal@@QAEHHHH@Z
0x005c2020	extcall,fs,iat,indirect,undef=4,x87	?world_alt_set@@YAXHHHH@Z
0x005c2380	extcall,fs,iat,indirect,undef=4,x87	?world_raise_alt@@YAXHH@Z
0x005c23e0	extcall,fs,iat,indirect,undef=4,x87	?world_lower_alt@@YAXHH@Z
0x005c2440	extcall,fs,iat,indirect,undef=4,x87	?brush@@YAXHHH@Z
0x005c27f0	extcall,fs,iat,indirect,x87	?paint_land@@YAXHHHH@Z
0x005c28f0	extcall,fs,iat,indirect,x87	?build_continent@@YAXH@Z
0x005c2b40	extcall,fs,iat,indirect,x87	?build_hills@@YAXH@Z
0x005c2cb0	extcall,fs,iat,indirect,x87	?world_erosion@@YAXXZ
0x005c32a0	extcall,fs,iat,indirect,undef=4,x87	?world_rocky@@YAXXZ
0x005c3440	extcall,fs,iat,indirect,undef=4,x87	?world_fungus@@YAXXZ
0x005c3680	extcall	?world_riverbeds@@YAXXZ
0x005c38b0	extcall,fs,iat,indirect,undef=4,x87	?world_rivers@@YAXXZ
0x005c3f70	extcall,fs,iat,indirect,undef=4,x87	?world_shorelines@@YAXXZ
0x005c40f0	extcall,fs,iat,indirect,x87	?world_validate@@YAHXZ
0x005c4170	extcall,fs,iat,indirect,undef=4,x87	?world_temperature@@YAXXZ
0x005c4410	ok	?world_UNK1@@YAXHH@Z
0x005c4470	extcall,fs,iat,indirect,undef=4,x87	?world_rainfall@@YAXXZ
0x005c4fd0	undef=4	?world_site@@YAHHHH@Z
0x005c55c0	extcall,fs,iat,indirect,undef=4,x87	?world_analysis@@YAXXZ
0x005c58c0	ok	?world_alt_put_detail@@YAXHH@Z
0x005c58e0	extcall,undef=4	?world_polar_caps@@YAXXZ
0x005c5a30	extcall,fs,iat,indirect,x87	?world_climate@@YAXXZ
0x005c5ae0	extcall,fs,iat,indirect,undef=4,x87	?world_linearize_contours@@YAXXZ
0x005c5bd0	undef=4	?near_landmark@@YAHHH@Z
0x005c5c70	extcall,fs,iat,indirect,x87	?world_crater@@YAXHH@Z
0x005c5ef0	extcall,fs,iat,indirect,x87	?world_monsoon@@YAXHH@Z
0x005c6200	extcall,fs,iat,indirect,x87	?world_sargasso@@YAXHH@Z
0x005c64a0	extcall,fs,iat,indirect,x87	?world_ruin@@YAXHH@Z
0x005c6740	extcall,fs,iat,indirect,x87	?world_dune@@YAXHH@Z
0x005c69e0	extcall,fs,iat,indirect,x87	?world_diamond@@YAXHH@Z
0x005c6c40	extcall,undef=4	?world_fresh@@YAXHH@Z
0x005c6db0	extcall,fs,iat,indirect,undef=4,x87	?world_volcano@@YAXHHH@Z
0x005c7020	extcall,fs,iat,indirect,x87	?world_borehole@@YAXHH@Z
0x005c7540	extcall,fs,iat,indirect,x87	?world_temple@@YAXHH@Z
0x005c7750	extcall,fs,iat,indirect,undef=4,x87	?world_unity@@YAXHH@Z
0x005c7a80	extcall,fs,iat,indirect,x87	?world_fossil@@YAXHH@Z
0x005c7cb0	extcall,fs,iat,indirect,x87	?world_canyon@@YAXHH@Z
0x005c7f40	extcall,fs,iat,indirect,x87	?world_mesa@@YAXHH@Z
0x005c8150	extcall,fs,iat,indirect,x87	?world_ridge@@YAXHH@Z
0x005c83b0	extcall,fs,iat,indirect,x87	?world_geothermal@@YAXHH@Z
0x005c8630	extcall,fs,iat,indirect,x87	?world_landmarks@@YAXXZ
0x005c86e0	extcall,fs,iat,indirect,x87	?world_build@@YAXXZ
0x005c89a0	ok	?game_year@@YAHH@Z
0x005c89b0	extcall	?say_year@@YAXPAD@Z
0x005c89f0	undef=4	?zoc_any@@YAHHHH@Z
0x005c8ac0	ok	?zoc_veh@@YAHHHH@Z
0x005c8ba0	extcall,iat,indirect,undef=4	?zoc_sea@@YAHHHH@Z
0x005c8d40	extcall,iat,indirect,undef=4	?zoc_move@@YAHHHH@Z
0x005c8da0	extcall,fs,iat,indirect,x87	??0Gamma@@QAE@XZ
0x005c8e60	extcall,fs,iat,indirect,x87	?exec@Gamma@@QAEXPAUPalette@@MH@Z
0x005c9330	extcall,fs,iat,indirect,x87	?close@Gamma@@QAEXXZ
0x005c9390	extcall,iat,indirect,x87	?on_scrolled@Gamma@@QAEXHH@Z
0x005c93a0	indirect	?on_scrolling@Gamma@@QAEXHH@Z
0x005c93c0	indirect,x87	?on_button_clicked@Gamma@@QAEXH@Z
0x005c9410	ok	?on_key_click@Gamma@@QAEHHH@Z
0x005c9420	extcall,iat,indirect	?on_redraw@Gamma@@QAEXXZ
0x005c9520	extcall,iat,indirect,x87	?adjust_palette@Gamma@@QAEXXZ
0x005c95e0	extcall,iat,indirect,undef=4,x87	?adjust_pal@Gamma@@QAEXN@Z
0x005c97c0	extcall,fs,iat,indirect,x87	??__Eg_MULTIDEBUG@@YAXXZ
0x005c97e0	extcall,fs,iat,indirect,x87	??__Fg_MULTIDEBUG@@YAXXZ
0x005c97f0	extcall,fs,iat,indirect,x87	??0MultiDebug@@QAE@XZ
0x005c9860	extcall,fs,iat,indirect,undef=4,x87	?init@MultiDebug@@QAEHPAUNet@@PAUWin@@PAE@Z
0x005c98e0	ok	?close@MultiDebug@@QAEXXZ
0x005c98f0	ok	?timer_callback@MultiDebug@@QAEXXZ
0x005c9900	indirect,undef=4	?timer_callback_daemon@MultiDebug@@QAAXH@Z
0x005c9920	extcall,iat,indirect	?on_redraw@MultiDebug@@QAEXXZ
0x005c9e00	extcall,fs,iat,indirect,x87	??1MultiDebug@@QAE@XZ
0x005c9e80	extcall,fs,iat,indirect,undef=4,x87	??_GMultiDebug@@UAEPAXI@Z
0x005c9eb0	extcall,fs,iat,indirect,x87	??3MultiDebug@@SAXPAXI@Z
0x005c9ec0	extcall,iat,indirect	sub_5c9ec0
0x005ca230	iat,indirect,undef=4	sub_5ca230
0x005ca310	extcall,iat,indirect	sub_5ca310
0x005ca6c0	extcall,iat,indirect	sub_5ca6c0
0x005ca970	extcall,iat,indirect,undef=4	sub_5ca970
0x005caab0	extcall,iat,indirect,x87	sub_5caab0
0x005cae00	extcall,iat,indirect,undef=4	sub_5cae00
0x005cae80	extcall,iat,indirect,undef=4,x87	sub_5cae80
0x005cb050	extcall,iat,indirect,undef=4	sub_5cb050
0x005cb220	extcall,iat,indirect,x87	sub_5cb220
0x005cb610	undef=4	sub_5cb610
0x005cb660	iat,indirect,undef=4	sub_5cb660
0x005cb6c0	iat,indirect	sub_5cb6c0
0x005cbae0	indirect	sub_5cbae0
0x005cbbc0	undef=4	sub_5cbbc0
0x005cbc00	ok	sub_5cbc00
0x005cbe30	extcall,indirect,x87	sub_5cbe30
0x005cc150	ok	sub_5cc150
0x005cc2b0	ok	sub_5cc2b0
0x005cc430	ok	sub_5cc430
0x005cc450	extcall,x87	sub_5cc450
0x005cc710	extcall,iat,indirect	sub_5cc710
0x005cc860	indirect	sub_5cc860
0x005cc940	extcall,iat,indirect,undef=4,x87	sub_5cc940
0x005cd2d0	extcall,x87	sub_5cd2d0
0x005cd3b0	ok	sub_5cd3b0
0x005cd560	ok	sub_5cd560
0x005cd750	undef=4	sub_5cd750
0x005cd8d0	x87	sub_5cd8d0
0x005cd980	x87	sub_5cd980
0x005cda30	x87	sub_5cda30
0x005cdad0	indirect	sub_5cdad0
0x005cdb90	ok	sub_5cdb90
0x005cdd10	ok	sub_5cdd10
0x005cdfa0	extcall,iat,indirect	sub_5cdfa0
0x005ce2b0	extcall,iat,indirect,undef=4	sub_5ce2b0
0x005ce2f0	iat,indirect,undef=4	sub_5ce2f0
0x005ce340	iat,indirect	sub_5ce340
0x005ce450	indirect,undef=4	sub_5ce450
0x005ce4b0	indirect	sub_5ce4b0
0x005ce620	indirect,undef=4	sub_5ce620
0x005ce640	ok	sub_5ce640
0x005ce6e3	undef=4	sub_5ce6e3
0x005ce85c	ok	sub_5ce85c
0x005cea09	ok	sub_5cea09
0x005ceb12	undef=4	sub_5ceb12
0x005ced1d	undef=4,x87	sub_5ced1d
0x005cee80	x87	sub_5cee80
0x005cef8a	x87	sub_5cef8a
0x005cf120	ok	sub_5cf120
0x005cf150	undef=4	sub_5cf150
0x005cf2f0	ok	sub_5cf2f0
0x005cf5c7	ok	OutputPixelRow
0x005cf852	ok	OutputPixelRow16
0x005cfaed	x87	sub_5cfaed
0x005d02cc	x87	sub_5d02cc
0x005d0aab	x87	sub_5d0aab
0x005d0d82	x87	sub_5d0d82
0x005d1278	x87	sub_5d1278
0x005d1466	x87	sub_5d1466
0x005d1654	x87	sub_5d1654
0x005d1842	x87	sub_5d1842
0x005d1a30	x87	sub_5d1a30
0x005d1b88	undef=4	sub_5d1b88
0x005d2037	undef=4	sub_5d2037
0x005d2536	undef=4	sub_5d2536
0x005d271d	ok	sub_5d271d
0x005d2761	ok	sub_5d2761
0x005d2834	ok	sub_5d2834
0x005d2901	ok	sub_5d2901
0x005d29e1	undef=4,x87	sub_5d29e1
0x005d2b20	x87	sub_5d2b20
0x005d2c0a	undef=4,x87	sub_5d2c0a
0x005d2d20	ok	sub_5d2d20
0x005d2e00	ok	sub_5d2e00
0x005d2e70	x87	sub_5d2e70
0x005d35b0	extcall,undef=4,x87	sub_5d35b0
0x005d3980	extcall,iat,indirect,undef=4	sub_5d3980
0x005d3df0	extcall,iat,indirect	sub_5d3df0
0x005d3f50	ok	sub_5d3f50
0x005d4020	undef=4	sub_5d4020
0x005d4240	ok	sub_5d4240
0x005d427c	undef=4	sub_5d427c
0x005d439f	ok	sub_5d439f
0x005d4448	ok	sub_5d4448
0x005d44fc	iat	DirectDrawCreate
0x005d4510	extcall,iat,indirect,undef=4	?mem_get@@YAPAXH@Z
0x005d4540	undef=4	Heap::Heap2
0x005d4560	undef=4	??0Heap@@QAE@XZ
0x005d4580	extcall,iat,indirect	??1Heap@@QAE@XZ
0x005d45b0	extcall,iat,indirect	?shutdown@Heap@@QAEXXZ
0x005d45e0	extcall,undef=4	?squeeze@Heap@@QAEXH@Z
0x005d4620	extcall,iat,indirect,undef=4	?init@Heap@@QAE_NH@Z
0x005d4680	extcall,iat,indirect	?get@Heap@@QAEPAXH@Z
0x005d47d0	extcall,iat,indirect,undef=4	sub_5d47d0
0x005d4860	extcall,iat,indirect,undef=4	sub_5d4860
0x005d4890	extcall,iat,indirect,undef=4	sub_5d4890
0x005d4990	extcall,iat,indirect,undef=4	sub_5d4990
0x005d49d0	extcall	sub_5d49d0
0x005d4bb0	undef=4	sub_5d4bb0
0x005d4c50	extcall,iat,indirect,undef=4	sub_5d4c50
0x005d4cc0	extcall,iat,indirect,undef=4	sub_5d4cc0
0x005d4cf0	extcall,fs,iat,indirect,x87	??0GraphicWin@@QAE@XZ
0x005d4dd0	extcall,fs,iat,indirect,x87	??1GraphicWin@@QAE@XZ
0x005d4e40	extcall,fs,iat,indirect,x87	?close@GraphicWin@@QAEXXZ
0x005d4ef0	extcall,fs,iat,indirect,x87	?init@GraphicWin@@QAEXHHHHPADHPAUWin@@PAUMenu@@PAUBorderSizing@@@Z
0x005d50a0	extcall,fs,iat,indirect,undef=4,x87	?init@GraphicWin@@QAEHPAURECT@@PADHPAUWin@@PAUMenu@@PAUBorderSizing@@@Z
0x005d50f0	extcall,fs,iat,indirect,undef=4,x87	sub_5d50f0
0x005d5240	ok	nullsub_224
0x005d5250	iat,indirect	?fill@GraphicWin@@QAEXH@Z
0x005d5350	iat,indirect,undef=4	?fill@GraphicWin@@QAEHPAURECT@@H@Z
0x005d5440	iat,indirect	?fill@GraphicWin@@QAEHHHHHH@Z
0x005d5470	ok	sub_5d5470
0x005d54a0	extcall,fs,iat,indirect	sub_5d54a0
0x005d54d0	extcall,iat,indirect	sub_5d54d0
0x005d5500	extcall,fs,iat,indirect,undef=4	?load_pcx@GraphicWin@@QAEHPADPAUPalette@@HH@Z
0x005d5540	extcall,iat,indirect,undef=4	?resize@GraphicWin@@QAEXHHH@Z
0x005d5590	iat,indirect,undef=4	sub_5d5590
0x005d55d0	extcall,fs,iat,indirect,x87	?update@GraphicWin@@QAEXHHHHPAUGraphicWin@@@Z
0x005d5630	extcall,fs,iat,indirect,x87	?update@GraphicWin@@QAEXPAURECT@@PAUGraphicWin@@@Z
0x005d56b0	extcall,fs,iat,indirect,x87	?update@GraphicWin@@QAEXPAUGraphicWin@@@Z
0x005d5720	iat,indirect	?soft_update@GraphicWin@@QAEXHHHH@Z
0x005d5890	iat,indirect	?soft_update@GraphicWin@@QAEXXZ
0x005d5930	iat,indirect	?soft_update@GraphicWin@@QAEXPAURECT@@@Z
0x005d5a70	extcall,fs,iat,indirect,x87	?redraw@GraphicWin@@QAEXXZ
0x005d5b70	iat,indirect	sub_5d5b70
0x005d5b80	iat,indirect	sub_5d5b80
0x005d5c50	iat,indirect,undef=4	PrevWndFunc
0x005d5cf0	extcall,fs,iat,indirect,x87	?on_paint@GraphicWin@@QAEHPAURECT@@@Z
0x005d6210	extcall,iat,indirect,undef=4	?on_size@GraphicWin@@QAEXIHH@Z
0x005d6310	indirect	?on_mouse_move@GraphicWin@@QAEXHHIH@Z
0x005d6330	ok	?on_set_cursor@GraphicWin@@QAEHPAXII@Z
0x005d6350	iat,indirect,undef=4	sub_5d6350
0x005d6380	iat,indirect,undef=4	sub_5d6380
0x005d63b0	iat,indirect,undef=4	sub_5d63b0
0x005d63e0	extcall,iat,indirect	?set_rects@GraphicWin@@QAEXXZ
0x005d63f0	extcall,fs,iat,indirect,x87	?on_redraw_nc@GraphicWin@@QAEXPAURECT@@H@Z
0x005d68c0	undef=4	sub_5d68c0
0x005d6a50	undef=4	?set_def_nc_sprites@GraphicWin@@QAAXPAUNCSprites@@@Z
0x005d6ac0	extcall,fs,iat,indirect,x87	?overlay_nonclient@GraphicWin@@QAEXPAURECT@@@Z
0x005d6ec0	undef=4	sub_5d6ec0
0x005d6f50	indirect,undef=4	?load_all_nc_sprites_from_defs@GraphicWin@@QAEXXZ
0x005d7030	undef=4	?compute_min_size@GraphicWin@@QAEXXZ
0x005d7140	extcall,fs,iat,indirect,undef=4,x87	??_GGraphicWin@@UAEPAXI@Z
0x005d7160	extcall,fs,iat,indirect,x87	??3GraphicWin@@SAXPAXI@Z
0x005d7170	extcall,fs,indirect	sub_5d7170
0x005d71a0	extcall,fs,indirect,undef=4	sub_5d71a0
0x005d71d0	extcall	??__Eg_BUFFER_SPRITE@@YAXXZ
0x005d71f0	extcall,iat,indirect,undef=4	??__Fg_BUFFER_SPRITE@@YAXXZ
0x005d7210	extcall,fs,iat,indirect	??0Buffer@@QAE@XZ
0x005d7410	extcall,fs,iat,indirect	??1Buffer@@QAE@XZ
0x005d7470	extcall,iat,indirect,undef=4	?close@Buffer@@QAEXXZ
0x005d7670	extcall,iat,indirect	?init@Buffer@@QAEHHHHPAUExtDirectDraw@@@Z
0x005d79c0	extcall,iat,indirect	?resize@Buffer@@QAEXHH@Z
0x005d7a10	undef=4	sub_5d7a10
0x005d7a30	extcall,fs,iat,indirect	sub_5d7a30
0x005d7ae0	extcall,iat,indirect,undef=4	sub_5d7ae0
0x005d7b20	extcall,fs,iat,indirect	?load_tga@Buffer@@QAGHPBD@Z
0x005d7b40	extcall,fs,iat,indirect	?load_tga@Buffer@@QAGHPBDPAVPalette@@HH@Z
0x005d7c80	extcall,fs,iat,indirect	?load_bmp@Buffer@@QAGHPBD@Z
0x005d7ca0	extcall,fs,iat,indirect	?load_bmp@Buffer@@QAGHPBDPAVPalette@@HH@Z
0x005d7de0	extcall,fs,iat,indirect	?load_pcx@Buffer@@QAEHPBDPAVPalette@@HH@Z
0x005d7f20	extcall,fs,iat,indirect	sub_5d7f20
0x005d8000	iat,indirect	?set_clip@Buffer@@QAEHPAURECT@@@Z
0x005d8200	iat,indirect	?set_clip@Buffer@@QAEHHHHH@Z
0x005d8240	iat,indirect	?fill@Buffer@@QAEHHHHHH@Z
0x005d8290	indirect	?setup_buff_sprite@Buffer@@QAEXH@Z
0x005d8360	ok	sub_5d8360
0x005d8370	extcall,fs,iat,indirect,x87	?draw@Buffer@@QAEHPAVBuffer@@HHH@Z
0x005d84c0	extcall,fs,iat,indirect,x87	?draw@Buffer@@QAEHPAVBuffer@@HHHHH@Z
0x005d8650	indirect	sub_5d8650
0x005d8740	indirect	sub_5d8740
0x005d8840	extcall,fs,iat,indirect,x87	?draw_mono@Buffer@@QAEHPAVBuffer@@HHHH@Z
0x005d8930	extcall,fs,iat,indirect,x87	?draw_mono@Buffer@@QAEHPAVBuffer@@HHHHHH@Z
0x005d8a30	extcall,iat,indirect,x87	?draw_dest@Buffer@@QAEHPAVBuffer@@HHHH@Z
0x005d8b20	extcall,iat,indirect,x87	?draw_dest@Buffer@@QAEHPAVBuffer@@HHHHHPAE@Z
0x005d8c20	extcall,iat,indirect,x87	sub_5d8c20
0x005d8d00	extcall,iat,indirect,x87	sub_5d8d00
0x005d8df0	extcall,iat,indirect,x87	?draw_dest_source@Buffer@@QAEHPAVBuffer@@HHHPAE@Z
0x005d8ee0	extcall,iat,indirect,x87	?draw_dest_source@Buffer@@QAEHPAVBuffer@@HHHHHPAE@Z
0x005d8fe0	extcall,iat,indirect,x87	sub_5d8fe0
0x005d90d0	extcall,iat,indirect,x87	sub_5d90d0
0x005d91d0	extcall,iat,indirect,x87	sub_5d91d0
0x005d92c0	extcall,iat,indirect,x87	sub_5d92c0
0x005d93c0	extcall,iat,indirect,x87	?draw_multi_table_dest@Buffer@@QAEHPAVBuffer@@HHHH@Z
0x005d94b0	extcall,iat,indirect,x87	?draw_multi_table_dest@Buffer@@QAEHPAVBuffer@@HHHHHPAE@Z
0x005d95b0	iat,indirect	?copy@Buffer@@QAEHPAVBuffer@@HHHH@Z
0x005d95e0	iat,indirect	?copy@Buffer@@QAEHPAVBuffer@@PAURECT@@@Z
0x005d9610	iat,indirect,undef=4	?copy@Buffer@@QAEHPAVBuffer@@HHHHHHHH@Z
0x005d98f0	iat,indirect	sub_5d98f0
0x005d9be0	iat,indirect	?copy_to_window@Buffer@@QAEHPAVWin@@HHHHHH@Z
0x005d9fb0	iat,indirect	sub_5d9fb0
0x005da330	iat,indirect,undef=4	?map_colors@Buffer@@QAEHHHHHPAE@Z
0x005da4d0	iat,indirect,undef=4	?map_colors@Buffer@@QAEHPAURECT@@PAE@Z
0x005da680	indirect	?poly@Buffer@@QAEHPAUVert@@HH@Z
0x005da6a0	ok	sub_5da6a0
0x005da6b0	ok	sub_5da6b0
0x005da6c0	iat,indirect	?tile_mask@Buffer@@QAEHPAVBuffer@@HHHHHHH@Z
0x005da860	iat,indirect	?tile@Buffer@@QAEHPAVBuffer@@HHHHHH@Z
0x005da9f0	extcall,fs,iat,indirect,x87	?tile@Buffer@@QAEHPAVSprite@@HHHHHH@Z
0x005dab90	iat,indirect,undef=4	sub_5dab90
0x005dac70	undef=4	?set_font@Buffer@@QAEHPAVFont@@PAVFont@@PAVFont@@PAVFont@@@Z
0x005dacb0	ok	?set_text_color@Buffer@@QAEXHHHH@Z
0x005dace0	ok	?set_text_color2@Buffer@@QAEXHHHH@Z
0x005dad10	ok	?set_text_color3@Buffer@@QAEXHHHH@Z
0x005dad40	ok	?set_text_color_hyper@Buffer@@QAEXHHHH@Z
0x005dad70	extcall,iat,indirect,undef=4	?write_strings_height@Buffer@@QAEHPAUStringList@@HH@Z
0x005db040	extcall,iat,indirect	?write_strings@Buffer@@QAEHPAUStringList@@HHHH@Z
0x005db400	extcall,iat,indirect	sub_5db400
0x005db450	extcall,iat,indirect	sub_5db450
0x005db580	extcall,iat,indirect	?write_l@Buffer@@QAEHPAVFont@@PADHHH@Z
0x005db660	extcall,iat,indirect	?write_l@Buffer@@QAEHPAVFont@@PADPAURECT@@H@Z
0x005db6c0	extcall,iat,indirect	?write_cent_l@Buffer@@QAEHPAVFont@@PADHHHH@Z
0x005db720	extcall,iat,indirect	?write_cent_l@Buffer@@QAEHPAVFont@@PADPAURECT@@H@Z
0x005db780	extcall,iat,indirect	?write_cent_l@Buffer@@QAEHPAVFont@@PADHHHHH@Z
0x005db810	extcall,iat,indirect	?write_cent_l@Buffer@@QAEHPAVFont@@PADHHH@Z
0x005db870	extcall,iat,indirect	?write_right_l@Buffer@@QAEHPAVFont@@PADHHHH@Z
0x005db8d0	extcall,iat,indirect	?write_right_l@Buffer@@QAEHPAVFont@@PADHHH@Z
0x005db930	extcall,iat,indirect	?write_right_l@Buffer@@QAEHPAVFont@@PADPAURECT@@H@Z
0x005db990	extcall,iat,indirect	?wrap@Buffer@@QAEHPAVFont@@PADPAURECT@@@Z
0x005db9e0	extcall,iat,indirect	?wrap_cent@Buffer@@QAEHPAVFont@@PADHHH@Z
0x005dbb00	extcall,iat,indirect	?wrap_cent@Buffer@@QAEHPAVFont@@PADHHHH@Z
0x005dbc00	extcall,iat,indirect	?wrap_cent@Buffer@@QAEHPAVFont@@PADPAURECT@@@Z
0x005dbc50	extcall,iat,indirect	?wrap_right@Buffer@@QAEHPAVFont@@PADHHH@Z
0x005dbcb0	extcall,iat,indirect	?wrap_right@Buffer@@QAEHPAVFont@@PADH@Z
0x005dbd00	extcall,iat,indirect	?write_raw_l@Buffer@@QAEHPADHHH@Z
0x005dc2d0	undef=4	?get_special@@YAHPADPAH@Z
0x005dc310	undef=4	?get_special_link@@YAHPADPAH@Z
0x005dc360	extcall,iat,indirect,undef=4	?wrap_height@Buffer@@QAEHPADH@Z
0x005dc410	extcall,iat,indirect,undef=4	?find_line_break_l@Buffer@@QAEHPADPAHH@Z
0x005dc790	extcall,iat,indirect,undef=4	?text_width@Buffer@@QAEHPAD@Z
0x005dc7c0	extcall,iat,indirect,undef=4	?text_width@Buffer@@QAEHPADH@Z
0x005dca80	undef=4	?text_height@Buffer@@QAEHXZ
0x005dcab0	undef=4	?text_line_height@Buffer@@QAEHXZ
0x005dcae0	extcall,iat,indirect,undef=4	?write_multi_font_raw_l@Buffer@@QAEHPADHHH@Z
0x005dcea0	extcall,iat,indirect,undef=4	?write_l@Buffer@@QAEHPADHHH@Z
0x005dcf40	extcall,iat,indirect	?write_l@Buffer@@QAEHPADPAURECT@@H@Z
0x005dd020	extcall,iat,indirect,undef=4	?write_cent_l@Buffer@@QAEHPADHHHH@Z
0x005dd0e0	extcall,iat,indirect	?write_cent_l@Buffer@@QAEHPADHHHHH@Z
0x005dd130	extcall,iat,indirect	?write_cent_l@Buffer@@QAEHPADPAURECT@@H@Z
0x005dd250	extcall,iat,indirect,undef=4	?write_cent_l@Buffer@@QAEHPADHHH@Z
0x005dd300	extcall,iat,indirect,undef=4	?write_right_l@Buffer@@QAEHPADHHHH@Z
0x005dd3b0	extcall,iat,indirect,undef=4	?write_right_l@Buffer@@QAEHPADHHH@Z
0x005dd450	extcall,iat,indirect,undef=4	?write_right_l@Buffer@@QAEHPADPAURECT@@H@Z
0x005dd530	extcall,iat,indirect	?wrap@Buffer@@QAEHPADPAURECT@@@Z
0x005dd730	extcall,iat,indirect	?wrap@Buffer@@QAEHPADHHH@Z
0x005dd920	extcall,iat,indirect	?wrap_cent@Buffer@@QAEHPADHHH@Z
0x005dda00	extcall,iat,indirect	?wrap_cent@Buffer@@QAEHPADHHHH@Z
0x005ddab0	extcall,iat,indirect	?wrap_cent@Buffer@@QAEHPADPAURECT@@@Z
0x005ddbb0	extcall,iat,indirect	?wrap_right@Buffer@@QAEHPADHHH@Z
0x005ddc90	extcall,iat,indirect	?wrap_right@Buffer@@QAEHPADH@Z
0x005ddda0	extcall,iat,indirect	?wrap_height_flying@Buffer@@QAEHPADH@Z
0x005ddde0	extcall,iat,indirect,undef=4	?wrap_height_flying@Buffer@@QAEHPAD@Z
0x005ddef0	ok	?wrap_height_flying_flush@Buffer@@QAEHXZ
0x005ddf60	extcall,iat,indirect	?wrap_flying@Buffer@@QAEHPADHHH@Z
0x005ddfb0	extcall,iat,indirect,undef=4	?wrap_flying@Buffer@@QAEHPAD@Z
0x005de1d0	extcall,iat,indirect,undef=4	?wrap_flying_flush@Buffer@@QAEHXZ
0x005de2e0	extcall,iat,indirect	sub_5de2e0
0x005de320	extcall,iat,indirect,undef=4	sub_5de320
0x005de4d0	extcall,iat,indirect	sub_5de4d0
0x005de580	iat,indirect,undef=4	?change_color@Buffer@@QAEHHH@Z
0x005de730	iat,indirect,undef=4	?change_color@Buffer@@QAEHPAURECT@@HH@Z
0x005de8f0	iat,indirect,undef=4	?sync_to_palette@Buffer@@QAEHPAVPalette@@@Z
0x005dea20	undef=4	sub_5dea20
0x005deb20	indirect,undef=4,x87	sub_5deb20
0x005def90	extcall,iat,indirect	?clear_links@Buffer@@QAEXXZ
0x005defe0	extcall,iat,indirect,undef=4,x87	sub_5defe0
0x005df570	undef=4	?init_class@Buffer@@QAAHXZ
0x005df580	ok	?close_class@Buffer@@QAAXXZ
0x005df590	extcall,fs,iat,indirect	?write_pcx@Buffer@@QAEHPAD@Z
0x005df910	extcall,iat,indirect	?write_bmp@Buffer@@QAEHPAD@Z
0x005dfb50	iat,indirect,undef=4	?fill@Buffer@@QAEHH@Z
0x005dfcd0	iat,indirect,undef=4	?fill@Buffer@@QAEHPAURECT@@H@Z
0x005dff00	iat,indirect,undef=4	?copy@Buffer@@QAEHPAVBuffer@@HHHHHH@Z
0x005e07a0	indirect	sub_5e07a0
0x005e09d0	extcall,indirect,undef=4	?line@Buffer@@QAEXHHHHHHHHH@Z
0x005e10c0	indirect,undef=4	?hline@Buffer@@QAEXHHHHHHHH@Z
0x005e1350	indirect,undef=4	?vline@Buffer@@QAEXHHHHHHHH@Z
0x005e15f0	extcall,indirect,undef=4	?line@Buffer@@QAEXHHHHH@Z
0x005e1a80	extcall,indirect	?hline@Buffer@@QAEXHHHH@Z
0x005e1bf0	indirect,undef=4	?vline@Buffer@@QAEXHHHH@Z
0x005e1d70	indirect,undef=4	?dotted_hline@Buffer@@QAEXHHHH@Z
0x005e1ef0	indirect,undef=4	?dotted_vline@Buffer@@QAEXHHHH@Z
0x005e2070	iat,indirect,undef=4	?change_color@Buffer@@QAEHHHHHHH@Z
0x005e2210	indirect	?get_pixel@Buffer@@QAEHHH@Z
0x005e2330	indirect	?put_pixel@Buffer@@QAEHHHH@Z
0x005e2460	ok	sub_5e2460
0x005e2470	ok	sub_5e2470
0x005e2480	extcall,fs,iat,indirect	?get_pcx_dimensions@Buffer@@QAAHPBDPAHPAH@Z
0x005e2690	extcall,iat,indirect	?load_pcx@Buffer@@QAEHPAEKPAVPalette@@HH@Z
0x005e2b00	iat,indirect,undef=4	?copy_mask@Buffer@@QAEHPAVBuffer@@HHHHHHH@Z
0x005e2dd3	extcall,fs,iat,indirect,undef=4,x87	?box_sprite@Buffer@@QAEHPAURECT@@PAUBoxSpriteParams@@@Z
0x005e3193	extcall,indirect	?box@Buffer@@QAEHHHHHHH@Z
0x005e3203	extcall,indirect,undef=4	?box@Buffer@@QAEHPAURECT@@HH@Z
0x005e3283	indirect	?dotted_box@Buffer@@QAEHHHHHH@Z
0x005e32f3	indirect,undef=4	?dotted_box@Buffer@@QAEHPAURECT@@H@Z
0x005e3373	indirect	?get_data@Buffer@@QAEHXZ
0x005e33f3	indirect	?get_data@Buffer@@QAEHHH@Z
0x005e34a3	indirect	?free_data@Buffer@@QAEXH@Z
0x005e3503	indirect	?get_hdc@Buffer@@QAEHXZ
0x005e3563	indirect,undef=4	?release_hdc@Buffer@@QAEXH@Z
0x005e35d0	undef=4	sub_5e35d0
0x005e35f0	undef=4	sub_5e35f0
0x005e3610	extcall,fs,iat,indirect,undef=4	??_GBuffer@@UAEPAXI@Z
0x005e3630	undef=4	sub_5e3630
0x005e3650	undef=4	sub_5e3650
0x005e3660	undef=4	sub_5e3660
0x005e3690	extcall,iat,indirect,undef=4	sub_5e3690
0x005e3730	extcall,iat,indirect,undef=4	sub_5e3730
0x005e3770	extcall,iat,indirect,undef=4	sub_5e3770
0x005e37b0	extcall,fs,iat,indirect	??__Eg_BUFFER@@YAXXZ
0x005e37d0	extcall,fs,iat,indirect	??__Fg_BUFFER@@YAXXZ
0x005e37e0	ok	??0Sprite@@QAE@XZ
0x005e3820	extcall,iat,indirect	?close@Sprite@@QAEXXZ
0x005e3890	extcall,iat,indirect,undef=4	?init@Sprite@@QAEHPADHH@Z
0x005e3960	extcall,iat,indirect,undef=4	?extract@Sprite@@QAEHPAUBuffer@@HPAURECT@@PAUTexHeap@@@Z
0x005e39a0	extcall,iat,indirect	?extract@Sprite@@QAEHPAUBuffer@@HHHHHPAUTexHeap@@@Z
0x005e3e00	extcall,fs,iat,indirect,x87	?draw_mono@Sprite@@QAEHPAUBuffer@@HHHHHH@Z
0x005e3e50	extcall,fs,iat,indirect,undef=4,x87	?draw_mono@Sprite@@QAEHPAUBuffer@@HHHH@Z
0x005e4ada	undef=4	?UNK1@Sprite@@QAEHHHHHHHH@Z
0x005e4aea	undef=4	?UNK2@Sprite@@QAEHHHHHH@Z
0x005e4afa	extcall,iat,indirect,x87	?draw@Sprite@@QAEHPAUBuffer@@HHHHHH@Z
0x005e4b4a	extcall,fs,iat,indirect,x87	?draw@Sprite@@QAEHPAUBuffer@@HHHHH@Z
0x005e4b9a	extcall,fs,iat,indirect,undef=4,x87	?draw@Sprite@@QAEHPAUBuffer@@HHH@Z
0x005e5833	extcall,iat,indirect,undef=4,x87	?draw_dest@Sprite@@QAEHPAUBuffer@@HHHPAE@Z
0x005e6652	extcall,iat,indirect,x87	?draw_dest@Sprite@@QAEHPAUBuffer@@HHHHHPAE@Z
0x005e66a2	extcall,iat,indirect,undef=4,x87	?draw_dest_unk1@Sprite@@QAEHPAUBuffer@@HHPAE@Z
0x005e73cc	extcall,iat,indirect,x87	?draw_dest_unk1@Sprite@@QAEHPAUBuffer@@HHHHPAE@Z
0x005e741c	extcall,iat,indirect,undef=4,x87	?draw_dest_source@Sprite@@QAEHPAUBuffer@@HHHPAE@Z
0x005e811c	extcall,iat,indirect,x87	?draw_dest_source@Sprite@@QAEHPAUBuffer@@HHHHHPAE@Z
0x005e816c	extcall,iat,indirect,x87	?draw_dest_unk2@Sprite@@QAEHPAUBuffer@@HHHHHPAE@Z
0x005e81bc	extcall,iat,indirect,undef=4,x87	?draw_dest_unk2@Sprite@@QAEHPAUBuffer@@HHHPAE@Z
0x005e8fa5	extcall,iat,indirect,x87	?draw_multi_table_dest@Sprite@@QAEHPAUBuffer@@HHHHHPAE@Z
0x005e8ff5	extcall,iat,indirect,undef=4,x87	?draw_multi_table_dest@Sprite@@QAEHPAUBuffer@@HHHPAE@Z
0x005e9d44	extcall,iat,indirect,undef=4,x87	?draw@Sprite@@QAEHPAUBuffer@@HHHPAE@Z
0x005eaaff	ok	?UNK3@Sprite@@QAEXHH@Z
0x005eab0f	undef=4	?get_clipped_x_table_expand@Sprite@@QAEHPAURECT@@PAURECT@@PAHPAHPAHPAH@Z
0x005eabbf	undef=4	?get_clipped_y_table_expand@Sprite@@QAEHPAURECT@@PAURECT@@PAHPAHPAHPAH@Z
0x005eac6f	undef=4	?get_clipped_x_table_shrink@Sprite@@QAEHPAURECT@@PAURECT@@PAHPAHPAHPAH@Z
0x005eacff	undef=4	?get_clipped_y_table_shrink@Sprite@@QAEHPAURECT@@PAURECT@@PAHPAHPAHPAH@Z
0x005ead8f	ok	?UNK4@Sprite@@QAEXHH@Z
0x005ead9f	undef=4	?change_color@Sprite@@QAEHHH@Z
0x005eae4f	extcall,iat,indirect,undef=4	?copy@Sprite@@QAEHPAUSprite@@@Z
0x005eaf3f	extcall,iat,indirect	?create_blank@Sprite@@QAEHHHH@Z
0x005eaf8f	extcall,fs,iat,indirect	?save@Sprite@@QAEHH@Z
0x005eb0bf	extcall,fs,iat,indirect	?load@Sprite@@QAEHH@Z
0x005eb20f	ok	?fill_scaling_table@Sprite@@QAEXXZ
0x005eb29f	extcall,iat,indirect,undef=4	?fill_entry@SpriteList@@QAEHPAUSpriteStruct@@@Z
0x005eb32f	extcall,iat,indirect,undef=4	?kill_entry@SpriteList@@QAEHPAUSpriteStruct@@@Z
0x005eb350	extcall,fs,iat,indirect	??__Eg_WIN_BUFFER@@YAXXZ
0x005eb370	extcall,fs,iat,indirect,undef=4	??__Fg_WIN_BUFFER@@YAXXZ
0x005eb390	extcall,fs,iat,indirect	sub_5eb390
0x005eb3b0	extcall,fs,iat,indirect,undef=4	sub_5eb3b0
0x005eb3d0	undef=4	??0Win@@QAE@XZ
0x005eb640	extcall,fs,iat,indirect,x87	?close@Win@@QAEXXZ
0x005ebc90	extcall,fs,iat,indirect,x87	??1Win@@QAE@XZ
0x005ebd80	extcall,fs,iat,indirect,x87	?init@Win@@QAEHHHHHPADHPAVWin@@PAVMenu@@PAUBorderSizing@@@Z
0x005ec630	extcall,fs,iat,indirect,undef=4,x87	?init@Win@@QAEHPAURECT@@PADHPAVWin@@PAVMenu@@PAUBorderSizing@@@Z
0x005ec680	undef=4	?UNK1@Win@@QAEHHHHHHHHHH@Z
0x005ec690	iat,indirect,undef=4	?get_hdc@Win@@QAGPAUHDC__@@XZ
0x005ec6f0	iat,indirect	?release_hdc@Win@@QAGXXZ
0x005ec740	extcall,fs,iat,indirect,undef=4,x87	?set_cursor@Win@@QAEHPAVSprite@@HH@Z
0x005ec780	extcall,fs,iat,indirect,undef=4,x87	?set_cursor@Win@@QAEHPAUHCURSOR@@@Z
0x005ec7c0	extcall,fs,iat,indirect,undef=4,x87	?set_cursor@Win@@QAEHH@Z
0x005ec800	iat,indirect	?set_mouse_pos@Win@@QAEXHH@Z
0x005ec8a0	iat,indirect	?get_mouse_pos@Win@@QAEXPAHPAH@Z
0x005ec960	iat,indirect,undef=4	?get_lbutton_state@Win@@QAEHXZ
0x005ec980	iat,indirect,undef=4	?get_rbutton_state@Win@@QAEHXZ
0x005ec9a0	extcall,iat,indirect,undef=4	?set_parent_dialog@Win@@QAEXPAVWin@@@Z
0x005ecb60	extcall,iat,indirect,undef=4	?remove_parent_dialog@Win@@QAEXXZ
0x005ecc40	indirect,undef=4	?set_dialog_focus@Win@@QAEXPAVWin@@@Z
0x005ecd20	indirect,undef=4	?pass_dialog_focus@Win@@QAEXXZ
0x005ecdc0	undef=4	?UNK2@Win@@QAEHH@Z
0x005ece20	undef=4	?is_descendant@Win@@QAEHPAVWin@@@Z
0x005ece80	undef=4	?UNK3@Win@@QAEHH@Z
0x005ecec0	undef=4	?UNK4@Win@@QAEHXZ
0x005ecf20	undef=4	?screen_to_client@Win@@QAEXPAURECT@@@Z
0x005ecfe0	undef=4	?client_to_screen@Win@@QAEXPAURECT@@@Z
0x005ed0a0	undef=4	?nonscreen_to_client@Win@@QAEXPAURECT@@@Z
0x005ed170	undef=4	?nonclient_to_screen@Win@@QAEXPAURECT@@@Z
0x005ed240	undef=4	?client_to_screen@Win@@QAEXPAH0@Z
0x005ed2d0	undef=4	?screen_to_client@Win@@QAEXPAHPAH@Z
0x005ed360	undef=4	sub_5ed360
0x005ed3f0	ok	?nonclient_to_screen@Win@@QAEXPAH0@Z
0x005ed490	undef=4	sub_5ed490
0x005ed520	ok	?screen_to_nonclient@Win@@QAEXPAH0@Z
0x005ed5c0	ok	?center@Win@@QAEHXZ
0x005ed700	iat,indirect	sub_5ed700
0x005ed7c0	undef=4	?UNK5@Win@@QAEHXZ
0x005ed7d0	undef=4	?move@Win@@QAEHHH@Z
0x005ed880	iat,indirect,undef=4	?resize@Win@@QAEHHHH@Z
0x005ed9c0	undef=4	?on_redraw@Win@@QAEHXZ
0x005ed9d0	iat,indirect	?show@Win@@QAEXH@Z
0x005edcd0	extcall,fs,iat,indirect,undef=4,x87	?hide@Win@@QAEXXZ
0x005ede60	iat,indirect,undef=4	?maximize@Win@@QAEHXZ
0x005edeb0	iat,indirect,undef=4	?minimize@Win@@QAEHXZ
0x005edf00	iat,indirect,undef=4	?show_maximize@Win@@QAEHXZ
0x005edf50	extcall,iat,indirect,undef=4	?set_caption@Win@@QAEXPAD@Z
0x005edfe0	undef=4	?UNK6@Win@@QAEHH@Z
0x005edff0	iat,indirect	?UNK7@Win@@QAEXHHHH@Z
0x005ee020	ok	?reset_window_clip@Win@@QAEXXZ
0x005ee030	indirect,undef=4	?set_vert_pos@Win@@QAEXH@Z
0x005ee050	undef=4	?get_vert_pos@Win@@QAEHXZ
0x005ee070	indirect,undef=4	?set_horz_pos@Win@@QAEXH@Z
0x005ee090	undef=4	?get_horz_pos@Win@@QAEHXZ
0x005ee0b0	indirect,undef=4	?set_vert_range@Win@@QAEXHH@Z
0x005ee0d0	indirect,undef=4	?set_horz_range@Win@@QAEXHH@Z
0x005ee0f0	undef=4	?set_vert_paging@Win@@QAEXH@Z
0x005ee110	undef=4	?set_horz_paging@Win@@QAEXH@Z
0x005ee130	undef=4	?UNK8@Win@@QAEXH@Z
0x005ee160	undef=4	?UNK9@Win@@QAEXH@Z
0x005ee190	extcall,fs,iat,indirect,undef=4,x87	?set_modal@Win@@QAEHHP6AHXZPAVWin@@@Z
0x005ee280	undef=4	?release_modal@Win@@QAEXXZ
0x005ee330	iat,indirect	?resize_event@Win@@QAEHHH@Z
0x005ee460	indirect,undef=4	sub_5ee460
0x005ee4a0	indirect,undef=4	sub_5ee4a0
0x005ee4d0	indirect,undef=4	sub_5ee4d0
0x005ee570	indirect,undef=4	sub_5ee570
0x005ee610	indirect,undef=4	sub_5ee610
0x005ee6b0	indirect,undef=4	sub_5ee6b0
0x005ee750	indirect,undef=4	?left_down_event@Win@@QAEXHHH@Z
0x005ee810	indirect,undef=4	sub_5ee810
0x005ee8b0	indirect,undef=4	sub_5ee8b0
0x005ee950	indirect,undef=4	sub_5ee950
0x005ee9f0	indirect,undef=4	sub_5ee9f0
0x005eea90	indirect,undef=4	?key_click_event@Win@@QAEHHH@Z
0x005eeb90	iat,indirect,undef=4	?key_down_event@Win@@QAEHH@Z
0x005eedc0	indirect,undef=4	?key_up_event@Win@@QAEHH@Z
0x005eee70	indirect,undef=4	?client_to_nonclient@Win@@QAEXPAH0@Z
0x005eef60	indirect,undef=4	?nonclient_to_client@Win@@QAEXPAH0@Z
0x005ef050	indirect,undef=4	?client_to_nonclient@Win@@QAEXPAURECT@@@Z
0x005ef110	indirect,undef=4	?nonclient_to_client@Win@@QAEXPAURECT@@@Z
0x005ef1e0	iat,indirect,undef=4	sub_5ef1e0
0x005ef310	iat,indirect,undef=4	sub_5ef310
0x005ef640	iat,indirect	sub_5ef640
0x005ef950	iat,indirect	sub_5ef950
0x005efba0	iat,indirect	sub_5efba0
0x005efd00	iat,indirect	sub_5efd00
0x005efd20	extcall,fs,iat,indirect,x87	?flip@Win@@QAAXPAURECT@@@Z
0x005f01f0	extcall,fs,iat,indirect,x87	?init_class@Win@@QAAHPAD@Z
0x005f04e0	extcall,iat,indirect	?close_class@Win@@QAAXXZ
0x005f0540	iat,indirect,undef=4	?adjust_menus@Win@@QAGHPAX@Z
0x005f0580	indirect,undef=4	?set_caption_height@Win@@QAEXH@Z
0x005f05c0	ok	sub_5f05c0
0x005f05d0	indirect,undef=4	?set_border_thickness@Win@@QAEXH@Z
0x005f0610	indirect,undef=4	?set_bottom_border_thickness@Win@@QAEXH@Z
0x005f0650	extcall,fs,iat,indirect,undef=4,x87	?window_proc@Win@@QAGJPAXIIJ@Z
0x005f1060	ok	?on_query_new_palette@Win@@QAEHXZ
0x005f1070	iat,indirect,undef=4	?OnQueryNewPalette@Win@@QAAHPAX@Z
0x005f1150	iat,indirect,undef=4	?OnPaletteChanged@Win@@QAAHPAXPAX@Z
0x005f1230	iat,indirect	sub_5f1230
0x005f1280	iat,indirect,undef=4	sub_5f1280
0x005f12b0	iat,indirect,undef=4	sub_5f12b0
0x005f12e0	iat,indirect,undef=4	sub_5f12e0
0x005f1310	iat,indirect,undef=4	sub_5f1310
0x005f1340	extcall,fs,iat,indirect,x87	?OnPaint@Win@@QAA_NPAX@Z
0x005f13b0	iat,indirect	sub_5f13b0
0x005f1420	iat,indirect	?OnNCHitTest@Win@@QAAJPAXHH@Z
0x005f1480	iat,indirect	?OnActivate@Win@@QAAJPAXIPAXJ@Z
0x005f15c0	indirect,undef=4	?OnKey@Win@@QAAXPAXIJHI@Z
0x005f1660	indirect,undef=4	?OnChar@Win@@QAAXPAXDH@Z
0x005f16d0	indirect,undef=4	?OnSysKey@Win@@QAAXPAXIJHI@Z
0x005f1750	extcall,fs,iat,indirect,x87	sub_5f1750
0x005f1820	extcall,fs,iat,indirect,x87	?update_cursor@Win@@QAAHPAUWin@@H@Z
0x005f2250	indirect,undef=4	sub_5f2250
0x005f2290	extcall,fs,iat,indirect,undef=4,x87	?OnMouseMove@Win@@QAAXPAXHHI@Z
0x005f2330	indirect,undef=4	?OnLButtonDown@Win@@QAAXPAXJHHI@Z
0x005f2570	indirect,undef=4	?OnLButtonUp@Win@@QAAXPAXHHI@Z
0x005f25c0	indirect,undef=4	?OnRButtonDown@Win@@QAAXPAXJHHI@Z
0x005f2620	indirect,undef=4	?OnRButtonUp@Win@@QAAXPAXHHI@Z
0x005f2670	ok	?OnSetCursor@Win@@QAAHPAXPAXII@Z
0x005f2680	iat,indirect,undef=4	?OnSysCommand@Win@@QAAHPAXIHH@Z
0x005f2700	indirect,undef=4	?do_caption_buttons@Win@@QAEXXZ
0x005f2760	iat,indirect,undef=4	?redo_caption_buttons@Win@@QAEXXZ
0x005f2830	iat,indirect,undef=4	sub_5f2830
0x005f2940	extcall,iat,indirect,undef=4	?set_rects@Win@@QAEXXZ
0x005f2ac0	iat,indirect	?window_line_raw@Win@@QAEXHHHHHHI@Z
0x005f2c40	extcall,fs,iat,indirect,x87	?set_display_mode@Win@@QAAHHHHH@Z
0x005f2c60	ok	?sync_palette@Win@@QAEXXZ
0x005f2ca0	undef=4	?is_dialog_focus@Win@@QAEHXZ
0x005f2ce0	ok	?set_def_focus@Win@@QAAXPAUWin@@@Z
0x005f2cf0	extcall,iat,indirect	?on_redraw_nc@Win@@QAEXPAURECT@@H@Z
0x005f37c0	iat,indirect	sub_5f37c0
0x005f3b80	iat,indirect	sub_5f3b80
0x005f4ab0	undef=4	?bring_to_top@Win@@QAEXXZ
0x005f4c30	indirect,undef=4	?redraw_nc_buffer@Win@@QAEHH@Z
0x005f4ca0	indirect	?update_nc_buffer@Win@@QAEXH@Z
0x005f4cc0	indirect,undef=4	?redraw@Win@@QAAXXZ
0x005f4d00	indirect,undef=4	?update@Win@@QAAXXZ
0x005f4d50	iat,indirect,undef=4	sub_5f4d50
0x005f4d90	iat,indirect,undef=4	sub_5f4d90
0x005f4ec0	undef=4	?recurse_zorder@@YAXPAUWin@@@Z
0x005f5020	ok	?update_zorder@Win@@QAAXXZ
0x005f5080	undef=4	?add_parent@Win@@QAAXPAUWin@@@Z
0x005f50e0	indirect,undef=4	?remove_parent@Win@@QAAXPAUWin@@@Z
0x005f5140	undef=4	?bring_parent_to_top@Win@@QAAXPAVWin@@@Z
0x005f5200	undef=4	?add_child@Win@@QAEXPAUWin@@@Z
0x005f5270	indirect,undef=4	?remove_child@Win@@QAEXPAUWin@@@Z
0x005f52e0	undef=4	?bring_child_to_top@Win@@QAEXPAVWin@@@Z
0x005f53a0	iat,indirect	?on_window_pos_changing@Win@@QAEJPAUWINDOWPOS@@@Z
0x005f5480	iat,indirect	?on_window_pos_changed@Win@@QAEJPAUWINDOWPOS@@@Z
0x005f54b0	ok	?on_move@Win@@QAEXHH@Z
0x005f54c0	ok	?on_size@Win@@QAEXIHH@Z
0x005f54d0	ok	?on_size_nc@Win@@QAEXIHH@Z
0x005f54e0	extcall,iat,indirect	?on_paint@Win@@QAEXPAURECT@@@Z
0x005f5810	extcall,fs,iat,indirect,x87	?on_nc_paint@Win@@QAEXPAURECT@@H@Z
0x005f5ad0	undef=4	?on_nc_hittest@Win@@QAEHHH@Z
0x005f5c00	iat,indirect	?on_activate@Win@@QAEJIPAXJ@Z
0x005f5d10	extcall,fs,iat,indirect,x87	?on_key@Win@@QAEXIJHI@Z
0x005f5f60	undef=4	?on_char@Win@@QAAHDH@Z
0x005f5fb0	extcall,fs,iat,indirect,undef=4,x87	sub_5f5fb0
0x005f6230	iat,indirect	?on_sys_key@Win@@QAGHIJHI@Z
0x005f62d0	indirect,undef=4	sub_5f62d0
0x005f6320	indirect,undef=4	?on_mouse_move@Win@@QAEXHHIH@Z
0x005f63c0	indirect,undef=4	?on_l_button_down@Win@@QAEXJHHIH@Z
0x005f6550	indirect	?on_l_button_up@Win@@QAEXHHIH@Z
0x005f6710	indirect,undef=4	?on_r_button_down@Win@@QAEXJHHIH@Z
0x005f6880	indirect	?on_r_button_up@Win@@QAEXHHIH@Z
0x005f6a30	ok	?on_set_cursor@Win@@QAEHPAXII@Z
0x005f6a40	ok	?on_sys_command@Win@@QAEHIHH@Z
0x005f6a50	undef=4	?get_key_window@Win@@QAGHXZ
0x005f6ab0	indirect,undef=4	?get_mouse_window_recurse@@YAHPAUWin@@PAHPAH@Z
0x005f6f10	indirect,undef=4	?get_mouse_window@Win@@QAAHPAH0@Z
0x005f7320	iat,indirect	?update_screen@Win@@QAAHPAURECT@@PAVWin@@@Z
0x005f74a0	iat,indirect	?update_window@Win@@QAEHPAURECT@@@Z
0x005f7580	extcall,fs,iat,indirect,x87	?do_tracking@Win@@QAEXHH@Z
0x005f7e90	undef=4	?is_visible@Win@@QAEHXZ
0x005f7ec0	extcall,iat,indirect	?update_back_to_window@Win@@QAEXPAUBuffer@@@Z
0x005f8140	iat,indirect	?update_window_to_buffer@Win@@QAEXPAUBuffer@@@Z
0x005f83b0	extcall,fs,iat,indirect,undef=4,x87	sub_5f83b0
0x005f83d0	extcall,fs,iat,indirect,x87	?set_bubble_text@Win@@QAEXPADPAURECT@@@Z
0x005f8500	extcall,fs,iat,indirect,x87	?clear_bubble_text@Win@@QAGXXZ
0x005f8530	indirect,undef=4	?on_mousewheel_down_vert@Win@@QAEXH@Z
0x005f8550	indirect,undef=4	?on_mousewheel_down_horz@Win@@QAEXH@Z
0x005f8570	indirect,undef=4	?on_mousewheel_up_vert@Win@@QAEXH@Z
0x005f8590	indirect,undef=4	?on_mousewheel_up_horz@Win@@QAEXH@Z
0x005f85b0	indirect,undef=4	?on_mousewheel_down@Win@@QAEXH@Z
0x005f85e0	indirect,undef=4	?on_mousewheel_up@Win@@QAEXH@Z
0x005f8610	extcall,fs,iat,indirect,undef=4,x87	??_GWin@@UAEPAXI@Z
0x005f8640	extcall,iat,indirect,undef=4	??_GAutoSound@@UAEPAXI@Z
0x005f8670	ok	sub_5f8670
0x005f86a0	indirect,undef=4	sub_5f86a0
0x005f86c0	ok	sub_5f86c0
0x005f8770	extcall,iat,indirect,undef=4	sub_5f8770
0x005f8800	extcall,fs,iat,indirect,x87	??0PullDown@@QAE@XZ
0x005f88a0	extcall,fs,iat,indirect,x87	??1PullDown@@QAE@XZ
0x005f8920	extcall,fs,iat,indirect,x87	?init@PullDown@@QAEXPAUMenu@@@Z
0x005f8970	extcall,fs,iat,indirect,undef=4,x87	?UNK1@PullDown@@QAEXXZ
0x005f89d0	extcall,iat,indirect,undef=4	?add_item@PullDown@@QAEHHPAD@Z
0x005f8be0	undef=4	?add_separator@PullDown@@QAEHH@Z
0x005f8c90	ok	?UNK2@PullDown@@QAEHH@Z
0x005f8ca0	ok	?UNK3@PullDown@@QAEHHHH@Z
0x005f8cb0	undef=4	?hide_item@PullDown@@QAEHH@Z
0x005f8d20	undef=4	?show_item@PullDown@@QAEHH@Z
0x005f8d90	undef=4	?disable_item@PullDown@@QAEHH@Z
0x005f8df0	undef=4	?enable_item@PullDown@@QAEHH@Z
0x005f8e50	extcall,iat,indirect,undef=4	?rename_item@PullDown@@QAEHHPAD@Z
0x005f9040	undef=4	?check_item@PullDown@@QAEHH@Z
0x005f90a0	undef=4	?uncheck_item@PullDown@@QAEHH@Z
0x005f9100	extcall,iat,indirect	?UNK4@PullDown@@QAEXXZ
0x005f9170	extcall,fs,iat,indirect,undef=4,x87	?show@PullDown@@QAEHHHP6AHXZ@Z
0x005f93a0	extcall,fs,iat,indirect,x87	?hide@PullDown@@QAEXXZ
0x005f93c0	extcall,fs,iat,indirect,x87	?on_left_down@PullDown@@QAEXHH@Z
0x005f9460	indirect	?on_right_down@PullDown@@QAEXHH@Z
0x005f9480	iat,indirect	?on_left_up@PullDown@@QAEXHH@Z
0x005f9570	indirect	?on_right_up@PullDown@@QAEXHH@Z
0x005f9590	extcall,fs,iat,indirect,x87	?mouse_move@PullDown@@QAEXHH@Z
0x005f9640	extcall,fs,iat,indirect,undef=4,x87	?on_key_click@PullDown@@QAEHHH@Z
0x005f98b0	extcall,fs,iat,indirect,x87	?on_redraw@PullDown@@QAEXXZ
0x005f9d00	undef=4	?id_to_index@PullDown@@QAEHH@Z
0x005f9d30	extcall,iat,indirect	?compute_length@PullDown@@QAEHPAD@Z
0x005f9f40	undef=4	?get_selected@PullDown@@QAEHXZ
0x005f9f60	extcall,fs,iat,indirect,x87	?pulldown_update@PullDown@@QAEXHH@Z
0x005fa6b0	extcall,fs,iat,indirect,undef=4,x87	?on_mouse_move@PullDown@@QAEXHH@Z
0x005fa740	ok	?on_mouse_leave@PullDown@@QAEXHH@Z
0x005fa750	ok	?UNK5@PullDown@@QAEHXZ
0x005fa760	ok	?UNK6@PullDown@@QAEHXZ
0x005fa770	extcall,fs,iat,indirect,undef=4,x87	??_GPullDown@@UAEPAXI@Z
0x005fa790	extcall,fs,iat,indirect,x87	??3PullDown@@SAXPAXI@Z
0x005fa7a0	undef=4	?in_box@@YAHHHHHHH@Z
0x005fa7e0	undef=4	?in_box@@YAHHHPAURECT@@@Z
0x005fa820	undef=4	?clear@Spot@@QAEXXZ
0x005fa830	extcall,iat,indirect,undef=4	?shutdown@Spot@@QAEXXZ
0x005fa860	undef=4	??0Spot@@QAE@XZ
0x005fa870	extcall,iat,indirect,undef=4	??1Spot@@QAE@XZ
0x005fa8a0	extcall,iat,indirect,undef=4	?init@Spot@@QAEXH@Z
0x005fa900	undef=4	?replace@Spot@@QAEXHHHHHH@Z
0x005fa960	undef=4	?add@Spot@@QAEHHHHHHH@Z
0x005fa9c0	undef=4	?kill_pos@Spot@@QAEXH@Z
0x005faa10	undef=4	?kill_specific@Spot@@QAEXHH@Z
0x005faa90	undef=4	?kill_type@Spot@@QAEXH@Z
0x005fab00	undef=4	?check@Spot@@QAEHHHPAH0@Z
0x005fab70	undef=4	?check@Spot@@QAEHHHPAH0PAURECT@@@Z
0x005fac00	undef=4	?get_rect@Spot@@QAEHHHPAURECT@@@Z
0x005fac60	extcall,fs,iat,indirect,x87	??0Menu@@QAE@XZ
0x005fad00	extcall,fs,iat,indirect,x87	??1Menu@@QAE@XZ
0x005fadd0	extcall,fs,iat,indirect,undef=4,x87	?init@Menu@@QAEHPAUWin@@@Z
0x005fae70	extcall,iat,indirect	?UNK1@Menu@@QAEXXZ
0x005faee0	iat,indirect	?set_def_font@Menu@@QAAXPAUFont@@@Z
0x005faef0	extcall,fs,iat,indirect,x87	?add_menu@Menu@@QAEHHPADH@Z
0x005fb100	extcall,iat,indirect	?add_menu_item@Menu@@QAEHHHPAD@Z
0x005fb160	undef=4	?add_separator@Menu@@QAEHHH@Z
0x005fb1c0	undef=4	?UNK2@Menu@@QAEHH@Z
0x005fb1d0	ok	?UNK3@Menu@@QAEHHH@Z
0x005fb230	undef=4	?UNK4@Menu@@QAEHHHH@Z
0x005fb240	ok	?UNK5@Menu@@QAEHHHHH@Z
0x005fb2a0	indirect,undef=4	?UNK6@Menu@@QAEHH@Z
0x005fb300	ok	?hide_menu_item@Menu@@QAEHHH@Z
0x005fb360	indirect,undef=4	?UNK7@Menu@@QAEHH@Z
0x005fb3c0	ok	?show_menu_item@Menu@@QAEHHH@Z
0x005fb420	indirect,undef=4	?UNK8@Menu@@QAEHH@Z
0x005fb480	ok	?disable_menu_item@Menu@@QAEHHH@Z
0x005fb4e0	indirect,undef=4	?UNK9@Menu@@QAEHH@Z
0x005fb540	ok	?enable_menu_item@Menu@@QAEHHH@Z
0x005fb5a0	extcall,iat,indirect,undef=4	?UNK10@Menu@@QAEHHPAD@Z
0x005fb700	extcall,iat,indirect	?rename_menu_item@Menu@@QAEHHHPAD@Z
0x005fb760	ok	?check_menu_item@Menu@@QAEHHH@Z
0x005fb7c0	ok	?uncheck_menu_item@Menu@@QAEHHH@Z
0x005fb820	ok	?set_menu_proc@Menu@@QAEXP6AXH@Z@Z
0x005fb830	extcall,fs,iat,indirect,undef=4,x87	?menu_event@Menu@@QAEHH@Z
0x005fb8e0	undef=4	?UNK11@Menu@@QAEHHH@Z
0x005fb930	undef=4	?UNK12@Menu@@QAEHHH@Z
0x005fb990	undef=4	?id_to_index@Menu@@QAEHH@Z
0x005fb9c0	extcall,iat,indirect	?compute@Menu@@QAEXXZ
0x005fbac0	extcall,fs,iat,indirect,undef=4,x87	?on_left_up@Menu@@QAEXHH@Z
0x005fbc20	extcall,fs,iat,indirect,undef=4,x87	?on_left_down@Menu@@QAEXHH@Z
0x005fbdb0	extcall,fs,iat,indirect,x87	?mouse_move@Menu@@QAEXHH@Z
0x005fbf00	extcall,fs,iat,indirect,undef=4,x87	?on_key_click@Menu@@QAEHHH@Z
0x005fc290	extcall,iat,indirect	?on_redraw@Menu@@QAEXXZ
0x005fc5a0	indirect,undef=4	?adjust@Menu@@QAEXXZ
0x005fc620	extcall,fs,iat,indirect,x87	?hide_menus@Menu@@QAEXXZ
0x005fc680	extcall,fs,iat,indirect,x87	?on_mouse_move@Menu@@QAEXHH@Z
0x005fc6a0	undef=4	?requested_height@Menu@@QAEHXZ
0x005fc6c0	ok	?on_adjust_pulldown_pos@Menu@@QAEXPAH0@Z
0x005fc6d0	extcall,fs,iat,indirect,undef=4,x87	??_GMenu@@UAEPAXI@Z
0x005fc6f0	extcall,fs,iat,indirect,x87	??3Menu@@SAXPAXI@Z
0x005fc700	extcall,fs,iat,indirect,x87	?wait_task@@YAXXZ
0x005fc7f0	extcall,fs,iat,indirect,x87	?do_task@@YAHXZ
0x005fc8f0	extcall,fs,iat,indirect,x87	?do_all_tasks@@YAXXZ
0x005fc9e0	undef=4	sub_5fc9e0
0x005fc9f0	extcall,fs,iat,indirect,x87	?do_all_tasks@@YAXPAUWin@@@Z
0x005fca30	extcall,fs,iat,indirect,x87	?do_non_input@@YAXXZ
0x005fcb20	extcall,fs,iat,indirect,x87	?do_all_non_input@@YAXXZ
0x005fcb60	extcall,fs,iat,indirect,x87	?do_draw@@YAHXZ
0x005fcbb0	extcall,fs,iat,indirect,x87	?do_all_draws@@YAXXZ
0x005fcc20	extcall,fs,iat,indirect,x87	?do_keyboard@@YAXXZ
0x005fcc70	extcall,fs,iat,indirect,x87	?do_all_keyboard@@YAXXZ
0x005fccf0	extcall,fs,iat,indirect,x87	sub_5fccf0
0x005fcd40	extcall,fs,iat,indirect,x87	sub_5fcd40
0x005fcda0	iat,indirect	sub_5fcda0
0x005fcdf0	extcall,fs,iat,indirect,x87	sub_5fcdf0
0x005fcec0	extcall,fs,iat,indirect,x87	sub_5fcec0
0x005fcf90	extcall,fs,iat,indirect,x87	?do_char@@YAXXZ
0x005fcfe0	extcall,fs,iat,indirect,x87	?do_all_chars@@YAXXZ
0x005fd050	extcall,fs,iat,indirect,x87	?do_mouse@@YAXXZ
0x005fd0a0	extcall,fs,iat,indirect,x87	?do_all_mouse@@YAXXZ
0x005fd120	extcall,fs,iat,indirect,x87	?flush_input@@YAXXZ
0x005fd1c0	extcall,fs,iat,indirect,x87	?flush_keyboard@@YAXXZ
0x005fd220	extcall,fs,iat,indirect,x87	?flush_mouse@@YAXXZ
0x005fd280	ok	nullsub_192
0x005fd290	ok	nullsub_193
0x005fd2a0	ok	nullsub_194
0x005fd2b0	undef=4	?do_sound@@YAXXZ
0x005fd2c0	extcall,fs,iat,indirect,x87	sub_5fd2c0
0x005fd310	extcall,fs,iat,indirect,x87	sub_5fd310
0x005fd360	ok	?do_all_sounds@@YAXXZ
0x005fd370	iat,indirect	?flush_timer@@YAXXZ
0x005fd400	extcall,iat,indirect	??__ETxt@@YAXXZ
0x005fd460	extcall,iat,indirect,undef=4	??__FTxt@@YAXXZ
0x005fd4c0	ok	?text_set_get_ptr@@YAXXZ
0x005fd4d0	ok	?text_set_item_ptr@@YAXXZ
0x005fd4e0	extcall,fs,indirect	??__ETxtIndex@@YAXXZ
0x005fd510	extcall,fs,indirect	??__FTxtIndex@@YAXXZ
0x005fd530	extcall,undef=4	?text_close@@YAXXZ
0x005fd550	extcall,iat,indirect	?text_open@@YAHPADPAD@Z
0x005fd570	extcall,undef=4	?text_get@@YAPADXZ
0x005fd5e0	extcall,iat,indirect	?text_string@@YAPADXZ
0x005fd670	extcall	?text_item@@YAPADXZ
0x005fd6d0	extcall,iat,indirect	?text_item_string@@YAPADXZ
0x005fd740	extcall	?text_item_number@@YAHXZ
0x005fd7a0	extcall	?text_item_binary@@YAHXZ
0x005fd800	extcall	?text_item_hex@@YAHXZ
0x005fd860	undef=4	??0Text@@QAE@@Z
0x005fd880	extcall,iat,indirect	??0Text@@QAE@H@Z
0x005fd8d0	extcall,iat,indirect,undef=4	?init@Text@@QAEHH@Z
0x005fd970	extcall,iat,indirect,undef=4	?shutdown@Text@@QAEXXZ
0x005fd9d0	extcall,undef=4	?close@Text@@QAEXXZ
0x005fda00	extcall,iat,indirect	?open@Text@@QAEHPADPAD@Z
0x005fdc10	extcall,undef=4	?get@Text@@QAEHXZ
0x005fdc80	extcall,iat,indirect	?string@Text@@QAEXXZ
0x005fdd10	extcall	?item@Text@@QAEXXZ
0x005fdd80	extcall,iat,indirect	?item_string@Text@@QAEXXZ
0x005fddf0	extcall	?item_number@Text@@QAEXXZ
0x005fde60	extcall	?item_binary@Text@@QAEXXZ
0x005fded0	extcall	?item_hex@Text@@QAEXXZ
0x005fdf40	ok	??0TextIndex@@QAE@XZ
0x005fdf60	extcall,iat,indirect	??1TextIndex@@QAE@XZ
0x005fdf80	extcall,fs,iat,indirect	?make_index@TextIndex@@QAEXPAD@Z
0x005fe120	extcall	?search_index@TextIndex@@QAEHPAD0@Z
0x005fe1f0	extcall,fs,iat,indirect	?text_make_index@@YAXPAD@Z
0x005fe230	extcall,undef=4	?text_search_index@@YAHPAD0@Z
0x005fe270	extcall,iat,indirect	?text_clear_index@@YAXXZ
0x005fe2a0	extcall,iat,indirect	??0Palette@@QAE@XZ
0x005fe2e0	extcall,iat,indirect	??1Palette@@QAE@XZ
0x005fe2f0	extcall,undef=4	?__as@Palette@@QAEHQAUPalette@@@Z
0x005fe330	extcall,iat,indirect,undef=4	?init@Palette@@QAEXXZ
0x005fe460	iat,indirect,undef=4	?set@Palette@@QAEHXZ
0x005fe4f0	ok	?set_active_window@Palette@@QAAXPAVWin@@@Z
0x005fe500	extcall,iat,indirect	?close@Palette@@QAEXXZ
0x005fe560	undef=4	?get_rgbquad@Palette@@QAEHPAURGBQUAD@@HH@Z
0x005fe5c0	undef=4	?UNK1@Palette@@QAEHHHH@Z
0x005fe650	undef=4	?set_from_dib@Palette@@QAEHPAUDib@@@Z
0x005fe6d0	undef=4	?reseed@Palette@@QAEXXZ
0x005fe700	extcall,fs,iat,indirect	?init_cycle@Palette@@QAEHHHHK@Z
0x005fe8b0	iat,indirect,undef=4	?start_cycle@Palette@@QAEHH@Z
0x005fe900	iat,indirect	?UNK2@Palette@@QAEXH@Z
0x005fe950	extcall,iat,indirect	?UNK3@Palette@@QAEXH@Z
0x005fead0	iat,indirect,undef=4	?timer_callback@Palette@@QAAXHH@Z
0x005febb0	extcall,iat,indirect	?init_palette_class@Palette@@QAAXH@Z
0x005fecf0	iat,indirect,undef=4	?close_palette_class@Palette@@QAAXXZ
0x005fed10	ok	?get_pos@Palette@@QAEHH@Z
0x005fed40	extcall,x87	?create_table@Palette@@QAEHPAEHHH@Z
0x005fee80	extcall	?UNK4@Palette@@QAEHPAXHHHHH@Z
0x005feff0	ok	?create_table_from_color@Palette@@QAEHHPAEHHHH@Z
0x005ff1a0	undef=4	?UNK5@Palette@@QAEHHHHH@Z
0x005ff220	undef=4	?UNK6@Palette@@QAEHHHH@Z
0x005ff280	ok	?UNK7@Palette@@QAEHHHHHHH@Z
0x005ff470	ok	?get_nearest_palette_index@Palette@@QAEHEEEH@Z
0x005ff630	extcall,undef=4,x87	?get_nearest_palette_index@Palette@@QAEHPAUHSV@@0H@Z
0x005ff930	extcall,iat,indirect	?UNK8@Palette@@QAEHHHHHH@Z
0x005ffb10	extcall,iat,indirect	?UNK9@Palette@@QAEHHHHHH@Z
0x005ffd80	extcall,iat,indirect,undef=4	??0MCIVideo@@QAE@XZ
0x005ffdb0	iat,indirect	?close@MCIVideo@@QAEXXZ
0x005ffe40	iat,indirect,undef=4	sub_5ffe40
0x005ffe80	iat,indirect	sub_5ffe80
0x005ffec0	iat,indirect,undef=4	sub_5ffec0
0x005fff90	extcall,iat,indirect	?load@MCIVideo@@QAEHPADPAUWin@@HH@Z
0x006001e0	iat,indirect	?play@MCIVideo@@QAEXXZ
0x00600270	iat,indirect	?stop@MCIVideo@@QAEXXZ
0x006002f0	iat,indirect	?status@MCIVideo@@QAEHXZ
0x00600320	undef=4	?is_playing@MCIVideo@@QAEHXZ
0x00600330	iat,indirect,undef=4	sub_600330
0x006003a0	ok	?filefind_cd_drive_letter@@YAPADXZ
0x006003b0	extcall,undef=4	?filefind_set_alternate@@YAXPAD@Z
0x00600400	extcall,fs,iat,indirect,x87	?filefind_init@@YAHPADH@Z
0x006005d0	extcall,iat,indirect	?filefind_get@@YAHPAD@Z
0x00600760	ok	?purge_leading@@YAXPAD@Z
0x00600780	extcall,undef=4	?purge_trailing@@YAXPAD@Z
0x006007b0	extcall	?purge_spaces@@YAXPAD@Z
0x00600820	extcall,undef=4	?kill_lf@@YAXPAD@Z
0x00600840	extcall	?add_lf@@YAXPAD@Z
0x00600860	extcall,fs,iat,indirect,x87	??0BasePop@@QAE@XZ
0x00600f00	extcall,fs,iat,indirect,x87	?close@BasePop@@QAEXXZ
0x006015b0	extcall,fs,iat,indirect,undef=4,x87	?init@BasePop@@QAEHHJ@Z
0x006017a0	extcall,iat,indirect,undef=4	?set_ok_text@BasePop@@QAEHPAD@Z
0x00601820	extcall,iat,indirect,undef=4	?set_cancel_text@BasePop@@QAEHPAD@Z
0x006018a0	extcall,iat,indirect,undef=4	?set_def_ok_text@BasePop@@QAAHPAD@Z
0x00601910	extcall,iat,indirect,undef=4	?set_def_cancel_text@BasePop@@QAAHPAD@Z
0x00601980	extcall,iat,indirect,undef=4	?string@BasePop@@QAEHPAD@Z
0x006019f0	extcall,iat,indirect,undef=4	?button@BasePop@@QAEHPAD@Z
0x00601a40	extcall,iat,indirect,undef=4	?UNK1@BasePop@@QAEHPAD@Z
0x00601ac0	undef=4	?set_height@BasePop@@QAEXH@Z
0x00601b20	undef=4	?set_width@BasePop@@QAEXH@Z
0x00601b80	ok	?set_loc@BasePop@@QAEXHH@Z
0x00601bb0	indirect	?write_check@BasePop@@QAEXJ@Z
0x00601bd0	ok	?read_check@BasePop@@QAEXXZ
0x00601bf0	extcall,fs,iat,indirect,x87	?start@BasePop@@QAEHPADPBDH0HPAUGraphicWin@@@Z
0x00602600	extcall,fs,iat,indirect,x87	?exec@BasePop@@QAEHHP6AHXZ@Z
0x00603800	extcall,iat,indirect	?calculate_dimensions@BasePop@@QAEHXZ
0x00604300	extcall,indirect,undef=4	?on_button_clicked@BasePop@@QAEXH@Z
0x006043d0	extcall,undef=4	?set_def_file@BasePop@@QAAHPAD@Z
0x00604410	extcall,undef=4	?on_key_down@BasePop@@QAEHH@Z
0x00604490	undef=4	?on_key_click@BasePop@@QAEHHH@Z
0x006044b0	undef=4	?on_key_up@BasePop@@QAEHH@Z
0x006044d0	extcall,indirect,undef=4	?double_click@BasePop@@QAEXH@Z
0x00604590	extcall,iat,indirect,undef=4	?init_class@BasePop@@QAAHXZ
0x00604680	extcall,iat,indirect	?close_class@BasePop@@QAAXXZ
0x006046f0	undef=4	?set_string_font@BasePop@@QAEHPAUFont@@PAUFont@@PAUFont@@PAUFont@@@Z
0x00604730	ok	?set_string_color@BasePop@@QAEXHHHH@Z
0x00604760	ok	?set_string_color2@BasePop@@QAEXHHHH@Z
0x00604790	ok	?set_string_color3@BasePop@@QAEXHHHH@Z
0x006047c0	ok	?set_string_color_hyper@BasePop@@QAEXHHHH@Z
0x006047f0	undef=4	?set_button_font@BasePop@@QAEHPAUFont@@PAUFont@@PAUFont@@@Z
0x00604830	ok	?set_button_color@BasePop@@QAEXDHHH@Z
0x00604860	ok	?set_button_color2@BasePop@@QAEXDHHH@Z
0x00604890	ok	?set_button_color3@BasePop@@QAEXDHHH@Z
0x006048c0	undef=4	?set_def_string_font@BasePop@@QAAHPAUFont@@PAUFont@@PAUFont@@PAUFont@@@Z
0x00604900	ok	?set_def_string_color@BasePop@@QAAXHHHH@Z
0x00604930	ok	?set_def_string_color2@BasePop@@QAAXHHHH@Z
0x00604960	ok	?set_def_string_color3@BasePop@@QAAXHHHH@Z
0x00604990	ok	?set_def_string_color_hyper@BasePop@@QAAXHHHH@Z
0x006049c0	undef=4	?set_def_button_font@BasePop@@QAAHPAUFont@@PAUFont@@PAUFont@@@Z
0x006049f0	ok	?set_def_button_color@BasePop@@QAAXHHHH@Z
0x00604a20	ok	?set_def_button_color2@BasePop@@QAAXHHHH@Z
0x00604a50	ok	?set_def_button_color3@BasePop@@QAAXHHHH@Z
0x00604a80	undef=4	?on_modal@BasePop@@QAAHXZ
0x00604a90	undef=4	?fallout@BasePop@@QAAXXZ
0x00604ab0	extcall,fs,iat,indirect,x87	?on_redraw@BasePop@@QAEXXZ
0x00604e40	extcall,fs,iat,indirect,x87	?basepop_alloc@BasePop@@QAEHXZ
0x00604ea0	extcall,iat,indirect,undef=4	?UNK2@BasePop@@QAEHXZ
0x00605010	undef=4	?set_external_window@BasePop@@QAEXPAUGraphicWin@@HHHH@Z
0x006050f0	ok	?set_def_external_window@BasePop@@QAAXPAUGraphicWin@@HHHH@Z
0x00605130	indirect,undef=4	?on_left_down@BasePop@@QAEXHH@Z
0x00605180	undef=4	?UNK3@BasePop@@QAEXH@Z
0x006051a0	undef=4	?UNK4@BasePop@@QAEXH@Z
0x006051c0	iat,indirect	sub_6051c0
0x006051d0	extcall,fs,iat,indirect,x87	??0Scroll@@QAE@XZ
0x00605370	extcall,fs,iat,indirect,x87	?close@Scroll@@QAEXXZ
0x006054d0	extcall,fs,iat,indirect,undef=4,x87	?init@Scroll@@QAEHHHHHPAUWin@@HH@Z
0x00605840	extcall,fs,iat,indirect,undef=4,x87	?init@Scroll@@QAEHPAURECT@@PAUWin@@HH@Z
0x00605890	extcall,fs,iat,indirect,undef=4,x87	?init_vert@Scroll@@QAEHHHHPAUWin@@H@Z
0x006058d0	extcall,fs,iat,indirect,undef=4,x87	?init_horz@Scroll@@QAEHHHHPAUWin@@H@Z
0x00605910	extcall,fs,iat,indirect,undef=4,x87	?init_vert_nc@Scroll@@QAEHHHHPAUWin@@H@Z
0x00605960	extcall,fs,iat,indirect,undef=4,x87	?init_horz_nc@Scroll@@QAEHHHHPAUWin@@H@Z
0x006059b0	indirect	?set_range@Scroll@@QAEXHH@Z
0x00605a10	indirect	?set_button_color@Scroll@@QAEXH@Z
0x00605a50	indirect	?set_bevel_thickness@Scroll@@QAEXH@Z
0x00605a90	indirect	?set_bevel_upper@Scroll@@QAEXH@Z
0x00605ad0	indirect	?set_bevel_lower@Scroll@@QAEXH@Z
0x00605b10	ok	?set_border_color@Scroll@@QAEXH@Z
0x00605b80	ok	?set_bar_thickness@Scroll@@QAEXH@Z
0x00605be0	ok	?set_sprite_left@Scroll@@QAEXPAUSprite@@PAUSprite@@PAUSprite@@@Z
0x00605c30	ok	?set_sprite_right@Scroll@@QAEXPAUSprite@@PAUSprite@@PAUSprite@@@Z
0x00605c80	ok	?UNK1@Scroll@@QAEXPAUSprite@@PAUSprite@@PAUSprite@@@Z
0x00605cd0	ok	?UNK2@Scroll@@QAEXPAUSprite@@PAUSprite@@PAUSprite@@@Z
0x00605d20	indirect,undef=4	?set_pos@Scroll@@QAEXH@Z
0x00605d90	iat,indirect	?on_mouse_move@Scroll@@QAEXHH@Z
0x006061e0	indirect	?on_left_down@Scroll@@QAEXHH@Z
0x006062c0	indirect,undef=4	?on_left_up@Scroll@@QAEXHH@Z
0x00606310	ok	?on_left_click@Scroll@@QAEHHH@Z
0x00606320	indirect,undef=4	?on_mousewheel_down@Scroll@@QAEXH@Z
0x00606440	indirect,undef=4	?on_mousewheel_up@Scroll@@QAEXH@Z
0x00606560	indirect,undef=4	?on_key_click@Scroll@@QAEHHH@Z
0x006066f0	extcall,fs,iat,indirect,x87	?on_redraw@Scroll@@QAEXXZ
0x00606860	indirect	?on_resize@Scroll@@QAEXHH@Z
0x006069a0	iat,indirect,undef=4	?on_button_pressed@Scroll@@QAEXH@Z
0x00606b20	indirect,undef=4	?on_button_clicked@Scroll@@QAEXH@Z
0x00606c50	ok	?compute_thumb_rect@Scroll@@QAEXPAURECT@@@Z
0x00606ea0	ok	?set_thumb_rect@Scroll@@QAEXXZ
0x00606f00	ok	sub_606f00
0x00606f30	extcall,fs,iat,indirect,x87	??0BaseButton@@QAE@XZ
0x00607040	extcall,fs,iat,indirect,x87	??1BaseButton@@QAE@XZ
0x006070c0	extcall,fs,iat,indirect,x87	?close@BaseButton@@QAEXXZ
0x00607190	extcall,fs,iat,indirect,undef=4,x87	?UNK1@BaseButton@@QAEHPAUFont@@PADHHHHPAUWin@@H@Z
0x00607210	extcall,fs,iat,indirect,undef=4,x87	?init@BaseButton@@QAEHPADHHHHHPAUWin@@H@Z
0x00607360	iat,indirect,undef=4	?set_text_color@BaseButton@@QAEXHHHH@Z
0x006073a0	iat,indirect,undef=4	?set_text_color2@BaseButton@@QAEXHHHH@Z
0x006073e0	iat,indirect,undef=4	?set_text_color3@BaseButton@@QAEXHHHH@Z
0x00607420	ok	?set_def_text_color@BaseButton@@QAAXHHHH@Z
0x00607450	ok	?set_def_text_color2@BaseButton@@QAAXHHHH@Z
0x00607480	ok	?set_def_text_color3@BaseButton@@QAAXHHHH@Z
0x006074b0	undef=4	?set_def_font@BaseButton@@QAAHPAUFont@@PAUFont@@PAUFont@@@Z
0x006074e0	extcall,iat,indirect,undef=4	?set_name@BaseButton@@QAEHPAD@Z
0x00607550	extcall,iat,indirect,undef=4	?set_bubble_text@BaseButton@@QAEHPAD@Z
0x006075c0	extcall,fs,iat,indirect,undef=4,x87	?on_left_down@BaseButton@@QAEXHH@Z
0x00607720	iat,indirect,undef=4	?on_left_up@BaseButton@@QAEXHH@Z
0x006077f0	undef=4	?on_key_click@BaseButton@@QAEXHH@Z
0x00607800	undef=4	?on_key_down@BaseButton@@QAEXH@Z
0x00607810	undef=4	?on_key_up@BaseButton@@QAEXH@Z
0x00607820	indirect	?on_mouse_leave@BaseButton@@QAEXHH@Z
0x00607850	iat,indirect	?on_mouse_move@BaseButton@@QAEXHH@Z
0x00607a00	extcall,fs,iat,indirect,undef=4,x87	?on_right_click@BaseButton@@QAEXHH@Z
0x00607a20	indirect,undef=4	?on_left_click@BaseButton@@QAEXHH@Z
0x00607b00	indirect	?on_dialog_focus@BaseButton@@QAEXH@Z
0x00607b10	extcall,fs,iat,indirect,undef=4,x87	?timer_callback_daemon@BaseButton@@QAAXHH@Z
0x00607b30	extcall,fs,iat,indirect,x87	?timer_callback@BaseButton@@QAEXH@Z
0x00607c30	indirect,undef=4	?UNK2@BaseButton@@QAEXXZ
0x00607c80	indirect,undef=4	?set@BaseButton@@QAEXH@Z
0x00607cc0	extcall,fs,iat,indirect,undef=4,x87	??_GBaseButton@@UAEPAXI@Z
0x00607ce0	extcall,fs,iat,indirect,x87	??3BaseButton@@SAXPAXI@Z
0x00607cf0	extcall,fs,iat,indirect,x87	??0FlatButton@@QAE@XZ
0x00607da0	extcall,fs,iat,indirect,x87	?close@FlatButton@@QAEXXZ
0x00607e50	extcall,fs,iat,indirect,x87	?on_redraw@FlatButton@@QAEXXZ
0x00608500	extcall,fs,iat,indirect,x87	?on_mouse_move@FlatButton@@QAEXHH@Z
0x00608660	extcall,fs,iat,indirect,x87	?on_mouse_leave@FlatButton@@QAEXHH@Z
0x006086f0	extcall,iat,indirect,undef=4	?fill_entry@StringList@@QAEHPAUStringStruct@@@Z
0x00608770	extcall,iat,indirect,undef=4	?kill_entry@StringList@@QAEXPAUStringStruct@@@Z
0x006087a0	extcall	?sort@StringList@@QAEXH@Z
0x00608980	extcall,fs,iat,indirect	?load@StringList@@QAEHPADPADHP6AXPAD@Z@Z
0x00608ba0	extcall,iat,indirect	?add_special@StringList@@QAEXPAD@Z
0x00608c00	extcall,iat,indirect	??1Text@@QAE@XZ
0x00608c10	undef=4	??0Dialog@@QAE@XZ
0x00608e10	extcall,fs,iat,indirect	??1Dialog@@QAE@XZ
0x00608f50	extcall,iat,indirect,undef=4	?close@Dialog@@QAEXXZ
0x00609150	extcall,iat,indirect,undef=4	?init@Dialog@@QAEHXZ
0x00609300	extcall,iat,indirect,undef=4	?init@Dialog@@QAEHHHHHH@Z
0x00609470	extcall,iat,indirect,undef=4	?init@Dialog@@QAEHPAURECT@@H@Z
0x006095f0	extcall,iat,indirect,undef=4	?init@Dialog@@QAEHH@Z
0x00609730	extcall,iat,indirect,undef=4	?init@Dialog@@QAEHHHHHPAUHeap@@@Z
0x006097f0	extcall,iat,indirect,undef=4	?init@Dialog@@QAEHPAURECT@@PAUHeap@@@Z
0x006098d0	extcall,iat,indirect,undef=4	?init@Dialog@@QAEHPAUHeap@@@Z
0x00609970	indirect	?UNK1@Dialog@@QAEXHH@Z
0x00609990	extcall,iat,indirect,undef=4	?item@Dialog@@QAEHPADH@Z
0x006099d0	ok	?set_selected_id@Dialog@@QAEXH@Z
0x00609a50	extcall,undef=4	?get_selected_id@Dialog@@QAEHXZ
0x00609af0	ok	?id_to_pos@Dialog@@QAEHH@Z
0x00609b50	extcall,undef=4	?pos_to_id@Dialog@@QAEHH@Z
0x00609bf0	iat,indirect,undef=4	?UNK2@Dialog@@QAEXHHHH@Z
0x00609c60	undef=4	?set_dialog_font@Dialog@@QAEHPAUFont@@PAUFont@@PAUFont@@@Z
0x00609c90	ok	?set_dialog_text_color@Dialog@@QAEXHHHH@Z
0x00609cc0	ok	?set_dialog_text_color2@Dialog@@QAEXHHHH@Z
0x00609cf0	ok	?set_dialog_text_color3@Dialog@@QAEXHHHH@Z
0x00609d20	undef=4	?set_def_dialog_font@Dialog@@QAAHPAUFont@@PAUFont@@PAUFont@@@Z
0x00609d50	undef=4	?set_def_dialog_text_color@Dialog@@QAAXHHHHH@Z
0x00609d90	extcall,fs,iat,indirect,undef=4	??_GDialog@@UAEPAXI@Z
0x00609db0	extcall,fs,iat,indirect,x87	??0ListBox@@QAE@H@Z
0x00609ec0	extcall,fs,iat,indirect,x87	??1ListBox@@QAE@XZ
0x00609f20	extcall,fs,iat,indirect,undef=4,x87	?close@ListBox@@QAEXXZ
0x00609fa0	extcall,indirect	?set_selected_id@ListBox@@QAEXH@Z
0x0060a020	extcall,indirect,undef=4	?set_selected_pos@ListBox@@QAEXHH@Z
0x0060a1e0	extcall,iat,indirect,undef=4	?calculate_dimensions@ListBox@@QAEHXZ
0x0060a670	extcall,fs,iat,indirect,undef=4,x87	?attach@ListBox@@QAEHPAUGraphicWin@@HHH@Z
0x0060aa20	indirect	?on_right_down@ListBox@@QAEXHH@Z
0x0060aa60	extcall,iat,indirect,undef=4	?on_left_down@ListBox@@QAEXHH@Z
0x0060af90	extcall,iat,indirect,undef=4	?on_key_down@ListBox@@QAEXH@Z
0x0060b530	extcall,iat,indirect	?draw_item@ListBox@@QAEXH@Z
0x0060c1e0	iat,indirect	?UNK1@ListBox@@QAEXH@Z
0x0060c350	extcall,iat,indirect	?on_redraw@ListBox@@QAEXXZ
0x0060c5d0	extcall,iat,indirect	?on_scrolling@ListBox@@QAEXHH@Z
0x0060c6a0	indirect	?on_scrolled@ListBox@@QAEXHH@Z
0x0060c6d0	indirect	?on_right_double_click@ListBox@@QAEXHH@Z
0x0060c710	extcall,indirect,undef=4	?on_left_double_click@ListBox@@QAEXHH@Z
0x0060c7c0	ok	?on_dialog_focus@ListBox@@QAEXH@Z
0x0060c7d0	extcall,undef=4	?UNK2@ListBox@@QAEHPAD@Z
0x0060c920	extcall,iat,indirect,undef=4	?item@ListBox@@QAEHPADH@Z
0x0060c9b0	extcall,fs,iat,indirect,undef=4,x87	?update_changes@ListBox@@QAEHXZ
0x0060cb70	indirect,undef=4	?on_mousewheel@ListBox@@QAEXH@Z
0x0060cbc0	extcall,iat,indirect,undef=4	?on_mouse_move@ListBox@@QAEXHH@Z
0x0060ce10	indirect	?on_mouse_leave@ListBox@@QAEXHH@Z
0x0060ce40	extcall,fs,iat,indirect,undef=4,x87	sub_60ce40
0x0060ced0	undef=4	sub_60ced0
0x0060cf10	indirect,undef=4	sub_60cf10
0x0060cf50	extcall,iat,indirect	?on_redraw@thunk1_ListBox@@QAEXXZ
0x0060cf60	indirect	?on_mousewheel@thunk1_ListBox@@QAEXH@Z
0x0060cf70	extcall,iat,indirect	?on_mouse_move@thunk1_ListBox@@QAEXHH@Z
0x0060cf80	indirect	?on_mouse_leave@thunk1_ListBox@@QAEXHH@Z
0x0060cf90	extcall,iat,indirect	?on_left_down@thunk1_ListBox@@QAEXHH@Z
0x0060cfa0	indirect	?on_right_down@thunk1_ListBox@@QAEXHH@Z
0x0060cfb0	extcall,iat,indirect	?on_key_down@thunk1_ListBox@@QAEXH@Z
0x0060cfc0	extcall,indirect	?on_left_double_click@thunk1_ListBox@@QAEXHH@Z
0x0060cfd0	indirect	?on_right_double_click@thunk1_ListBox@@QAEXHH@Z
0x0060cfe0	indirect	?on_scrolled@thunk1_ListBox@@QAEXHH@Z
0x0060cff0	extcall,iat,indirect	?on_scrolling@thunk1_ListBox@@QAEXHH@Z
0x0060d000	ok	?on_dialog_focus@thunk1_ListBox@@QAEXH@Z
0x0060d010	extcall,fs,iat,indirect,undef=4,x87	sub_60d010
0x0060d030	extcall,fs,iat,indirect,undef=4,x87	sub_60d030
0x0060d040	extcall,fs,iat,indirect,x87	?attach@thunk1_ListBox@@QAEHPAUGraphicWin@@HHH@Z
0x0060d050	extcall,iat,indirect	?on_redraw@thunk3_ListBox@@QAEXXZ
0x0060d060	extcall	??__Eg_RADIOBUTTON_SPRITE_1@@YAXXZ
0x0060d080	extcall,iat,indirect,undef=4	??__Fg_RADIOBUTTON_SPRITE_1@@YAXXZ
0x0060d0a0	extcall	??__Eg_RADIOBUTTON_SPRITE_2@@YAXXZ
0x0060d0c0	extcall,iat,indirect,undef=4	??__Fg_RADIOBUTTON_SPRITE_2@@YAXXZ
0x0060d0e0	extcall,fs,iat,indirect,x87	??0RadioButton@@QAE@H@Z
0x0060d1b0	extcall,fs,iat,indirect,x87	?close@RadioButton@@QAEXXZ
0x0060d1f0	extcall,fs,iat,indirect,undef=4,x87	?attach@RadioButton@@QAEHPAUGraphicWin@@HHH@Z
0x0060d380	extcall,iat,indirect,undef=4	?calculate_dimensions@RadioButton@@QAEHXZ
0x0060d750	extcall,fs,iat,indirect,x87	?draw_item@RadioButton@@QAEXHH@Z
0x0060de10	extcall,fs,iat,indirect,undef=4,x87	?on_left_down@RadioButton@@QAEXHH@Z
0x0060e020	extcall,fs,iat,indirect,undef=4,x87	?on_key_down@RadioButton@@QAEHH@Z
0x0060e1e0	extcall,indirect,undef=4	?on_left_double_click@RadioButton@@QAEXHH@Z
0x0060e220	extcall,fs,iat,indirect,undef=4,x87	?on_redraw@RadioButton@@QAEXXZ
0x0060e300	indirect	?on_dialog_focus@RadioButton@@QAEXH@Z
0x0060e320	extcall,indirect	?on_mouse_move@RadioButton@@QAEXHH@Z
0x0060e4a0	indirect	?on_mouse_leave@RadioButton@@QAEXHH@Z
0x0060e4d0	extcall,fs,iat,indirect	?init_class@RadioButton@@QAAHXZ
0x0060e5d0	extcall,iat,indirect	?close_class@RadioButton@@QAAXXZ
0x0060e5f0	extcall	??__Eg_CHECKBOX_SPRITE_1@@YAXXZ
0x0060e610	extcall,iat,indirect,undef=4	??__Fg_CHECKBOX_SPRITE_1@@YAXXZ
0x0060e630	extcall	??__Eg_CHECKBOX_SPRITE_2@@YAXXZ
0x0060e650	extcall,iat,indirect,undef=4	??__Fg_CHECKBOX_SPRITE_2@@YAXXZ
0x0060e670	extcall,fs,iat,indirect,x87	??0CheckBox@@QAE@H@Z
0x0060e740	extcall,fs,iat,indirect,x87	??1CheckBox@@QAE@XZ
0x0060e7c0	extcall,fs,iat,indirect,x87	?close@CheckBox@@QAEXXZ
0x0060e800	extcall,fs,iat,indirect,undef=4,x87	?attach@CheckBox@@QAEHPAUGraphicWin@@HHH@Z
0x0060e980	extcall,iat,indirect,undef=4	?item@CheckBox@@QAEHPADHH@Z
0x0060ea10	undef=4	?flip_state_id@CheckBox@@QAEXH@Z
0x0060eb50	undef=4	?UNK1@CheckBox@@QAEXH@Z
0x0060eb80	undef=4	?set_state_id@CheckBox@@QAEXHH@Z
0x0060ec10	undef=4	?get_state_id@CheckBox@@QAEHH@Z
0x0060ec80	undef=4	?set_state_pos@CheckBox@@QAEXHH@Z
0x0060ecc0	undef=4	?UNK2@CheckBox@@QAEHH@Z
0x0060ece0	indirect	?set_state_flag@CheckBox@@QAEXJ@Z
0x0060ed10	extcall,iat,indirect,undef=4	?calculate_dimensions@CheckBox@@QAEHXZ
0x0060f030	extcall,fs,iat,indirect,x87	?draw_item@CheckBox@@QAEXHHH@Z
0x0060f700	extcall,fs,iat,indirect,x87	?on_left_down@CheckBox@@QAEXHH@Z
0x0060f8b0	extcall,fs,iat,indirect,undef=4,x87	?on_key_down@CheckBox@@QAEHH@Z
0x0060fa80	indirect,undef=4	?on_left_double_click@CheckBox@@QAEXHH@Z
0x0060fab0	extcall,fs,iat,indirect,undef=4,x87	?on_redraw@CheckBox@@QAEXXZ
0x0060fb90	indirect	?on_dialog_focus@CheckBox@@QAEXH@Z
0x0060fbb0	indirect	?on_mouse_move@CheckBox@@QAEXHH@Z
0x0060fc30	indirect	?on_mouse_leave@CheckBox@@QAEXHH@Z
0x0060fc60	extcall,fs,iat,indirect	?init_class@CheckBox@@QAAHXZ
0x0060fd60	extcall,iat,indirect	?close_class@CheckBox@@QAAXXZ
0x0060fd80	extcall,fs,iat,indirect,undef=4,x87	sub_60fd80
0x0060fe40	extcall,fs,iat,indirect,x87	?on_redraw@thunk1_CheckBox@@QAEXXZ
0x0060fe50	indirect	?on_mouse_move@thunk1_CheckBox@@QAEXHH@Z
0x0060fe60	indirect	?on_mouse_leave@thunk1_CheckBox@@QAEXHH@Z
0x0060fe70	extcall,fs,iat,indirect,x87	?on_left_down@thunk1_CheckBox@@QAEXHH@Z
0x0060fe80	extcall,fs,iat,indirect,x87	?on_key_down@thunk1_CheckBox@@QAEHH@Z
0x0060fe90	indirect	?on_left_double_click@thunk1_CheckBox@@QAEXHH@Z
0x0060fea0	indirect	?on_dialog_focus@thunk1_CheckBox@@QAEXH@Z
0x0060feb0	extcall,fs,iat,indirect,undef=4,x87	sub_60feb0
0x0060fed0	extcall,fs,iat,indirect,undef=4,x87	sub_60fed0
0x0060fee0	extcall,fs,iat,indirect,x87	?attach@thunk1_CheckBox@@QAEHPAUGraphicWin@@HHH@Z
0x0060fef0	extcall,fs,iat,indirect,x87	?on_redraw@thunk3_CheckBox@@QAEXXZ
0x0060ff00	extcall,fs,iat,indirect,x87	??0SpriteBox@@QAE@H@Z
0x00610120	extcall,fs,iat,indirect,x87	??1SpriteBox@@QAE@XZ
0x00610280	extcall,fs,iat,indirect,x87	?close@SpriteBox@@QAEXXZ
0x00610420	extcall,fs,iat,indirect,x87	?init@SpriteBox@@QAEHH@Z
0x00610440	extcall,fs,iat,indirect,x87	?init@SpriteBox@@QAEHHHHHH@Z
0x00610480	extcall,fs,iat,indirect,x87	?init@SpriteBox@@QAEHPAURECT@@H@Z
0x006104b0	extcall,fs,iat,indirect,x87	?init@SpriteBox@@QAEHPAUHeap@@@Z
0x006104d0	extcall,fs,iat,indirect,x87	?init@SpriteBox@@QAEHHHHHPAUHeap@@@Z
0x00610510	extcall,fs,iat,indirect,x87	?init@SpriteBox@@QAEHPAUHeap@@PAUHeap@@@Z
0x00610540	extcall,fs,iat,indirect,x87	?attach@SpriteBox@@QAEHPAUGraphicWin@@HHH@Z
0x006108e0	extcall,iat,indirect,undef=4	?sprite@SpriteBox@@QAEHPAUSprite@@PADH@Z
0x00610970	extcall,iat,indirect,undef=4	?calculate_dimensions@SpriteBox@@QAEHXZ
0x00610c50	extcall,fs,iat,indirect,x87	?draw_item@SpriteBox@@QAEXH@Z
0x00611040	ok	?on_mouse_move@SpriteBox@@QAEXHH@Z
0x00611050	ok	?on_mouse_leave@SpriteBox@@QAEXHH@Z
0x00611060	extcall,fs,iat,indirect,undef=4,x87	?on_left_click@SpriteBox@@QAEXHH@Z
0x00611150	iat,indirect,undef=4	?on_left_down@SpriteBox@@QAEXHH@Z
0x006111a0	iat,indirect,undef=4	?on_left_up@SpriteBox@@QAEXHH@Z
0x006111f0	iat,indirect,undef=4	?on_right_click@SpriteBox@@QAEXHH@Z
0x00611240	iat,indirect,undef=4	?on_right_down@SpriteBox@@QAEXHH@Z
0x00611290	iat,indirect,undef=4	?on_right_up@SpriteBox@@QAEXHH@Z
0x006112e0	iat,indirect,undef=4	?on_left_double_click@SpriteBox@@QAEXHH@Z
0x00611330	iat,indirect,undef=4	?on_right_double_click@SpriteBox@@QAEXHH@Z
0x00611380	extcall,fs,iat,indirect,undef=4,x87	?on_redraw@SpriteBox@@QAEXXZ
0x00611400	extcall,fs,iat,indirect,undef=4,x87	?on_key_down@SpriteBox@@QAEHH@Z
0x006115e0	indirect	?on_dialog_focus@SpriteBox@@QAEXH@Z
0x00611600	ok	?id_to_pos@SpriteBox@@QAEXH@Z
0x00611640	extcall,undef=4	?pos_to_id@SpriteBox@@QAEXH@Z
0x006116e0	extcall,iat,indirect,undef=4	sub_6116e0
0x00611730	indirect	sub_611730
0x006117d0	extcall,fs,iat,indirect,undef=4,x87	sub_6117d0
0x00611820	extcall,fs,iat,indirect,x87	?on_redraw@thunk1_SpriteBox@@QAEXXZ
0x00611830	ok	?on_mouse_move@thunk1_SpriteBox@@QAEXHH@Z
0x00611840	ok	?on_mouse_leave@thunk1_SpriteBox@@QAEXHH@Z
0x00611850	extcall,fs,iat,indirect,x87	?on_left_click@thunk1_SpriteBox@@QAEXHH@Z
0x00611860	iat,indirect	?on_left_down@thunk1_SpriteBox@@QAEXHH@Z
0x00611870	iat,indirect	?on_left_up@thunk1_SpriteBox@@QAEXHH@Z
0x00611880	iat,indirect	?on_right_click@thunk1_SpriteBox@@QAEXHH@Z
0x00611890	iat,indirect	?on_right_down@thunk1_SpriteBox@@QAEXHH@Z
0x006118a0	iat,indirect	?on_right_up@thunk1_SpriteBox@@QAEXHH@Z
0x006118b0	extcall,fs,iat,indirect,x87	?on_key_down@thunk1_SpriteBox@@QAEHH@Z
0x006118c0	iat,indirect	?on_left_double_click@thunk1_SpriteBox@@QAEXHH@Z
0x006118d0	iat,indirect	?on_right_double_click@thunk1_SpriteBox@@QAEXHH@Z
0x006118e0	indirect	?on_dialog_focus@thunk1_SpriteBox@@QAEXH@Z
0x006118f0	extcall,fs,iat,indirect,undef=4,x87	sub_6118f0
0x00611910	extcall,fs,iat,indirect,undef=4,x87	sub_611910
0x00611920	extcall,fs,iat,indirect,x87	?attach@thunk1_SpriteBox@@QAEHPAUGraphicWin@@HHH@Z
0x00611930	extcall,fs,iat,indirect,x87	?on_redraw@thunk3_SpriteBox@@QAEXXZ
0x00611940	extcall,fs,iat,indirect,x87	??0EditGroup@@QAE@H@Z
0x00611a20	extcall,iat,indirect	??1EditGroup@@QAE@XZ
0x00611a90	extcall,iat,indirect	?close@EditGroup@@QAEXXZ
0x00611af0	extcall,fs,iat,indirect,x87	?attach@EditGroup@@QAEHPAUGraphicWin@@HHH@Z
0x00611f80	extcall,iat,indirect,undef=4	?edit@EditGroup@@QAEHPADPADH@Z
0x00612040	extcall,indirect,undef=4	?set_text@EditGroup@@QAEXPADH@Z
0x00612060	undef=4	?get_text@EditGroup@@QAEPADH@Z
0x00612080	extcall,undef=4	?append_text@EditGroup@@QAEXPADH@Z
0x006120b0	ok	?set_text_limits@EditGroup@@QAEXH@Z
0x006120d0	extcall,iat,indirect,undef=4	?set_default@EditGroup@@QAEHPADH@Z
0x00612150	extcall,iat,indirect,undef=4	?calculate_dimensions@EditGroup@@QAEHXZ
0x00612450	extcall,iat,indirect	?on_redraw@EditGroup@@QAEXXZ
0x00612670	indirect,undef=4	?on_dialog_focus@EditGroup@@QAEXH@Z
0x006126c0	indirect,undef=4	?pass_dialog_focus@EditGroup@@QAEXXZ
0x00612700	extcall,fs,iat,indirect,x87	sub_612700
0x00612710	extcall,fs,iat,indirect,undef=4,x87	sub_612710
0x006127b0	extcall,iat,indirect	?on_redraw@thunk1_EditGroup@@QAEXXZ
0x006127c0	indirect	?on_dialog_focus@thunk1_EditGroup@@QAEXH@Z
0x006127d0	indirect	?pass_dialog_focus@thunk1_EditGroup@@QAEXXZ
0x006127e0	extcall,fs,iat,indirect,x87	sub_6127e0
0x00612800	extcall,fs,iat,indirect,x87	sub_612800
0x00612810	extcall,fs,iat,indirect,x87	?attach@thunk1_EditGroup@@QAEHPAUGraphicWin@@HHH@Z
0x00612820	extcall,iat,indirect	?on_redraw@thunk3_EditGroup@@QAEXXZ
0x00612830	extcall,fs,iat,indirect,x87	??0Dialogs@@QAE@H@Z
0x00612960	ok	?close@Dialogs@@QAEXXZ
0x00612970	extcall,fs,iat,indirect,undef=4,x87	?attach@Dialogs@@QAEHHPAUGraphicWin@@HHH@Z
0x00612a70	extcall,iat,indirect,undef=4	?item@Dialogs@@QAEHPADH@Z
0x00612ae0	indirect,undef=4	?on_mouse_leave@Dialogs@@QAEXHH@Z
0x00612b80	extcall,iat,indirect,undef=4	?on_mouse_move@Dialogs@@QAEXHH@Z
0x00612c20	extcall,fs,iat,indirect,undef=4,x87	?on_left_down@Dialogs@@QAEXHH@Z
0x00612cc0	extcall,fs,iat,indirect,undef=4,x87	?on_key_down@Dialogs@@QAEHH@Z
0x00612d60	extcall,iat,indirect,undef=4	?on_left_double_click@Dialogs@@QAEXHH@Z
0x00612e00	extcall,fs,iat,indirect,undef=4,x87	?on_redraw@Dialogs@@QAEXXZ
0x00612e80	extcall,fs,iat,indirect,undef=4,x87	?on_left_click@Dialogs@@QAEXHH@Z
0x00612ed0	iat,indirect	?on_right_down@Dialogs@@QAEXHH@Z
0x00612ef0	iat,indirect	?on_right_double_click@Dialogs@@QAEXHH@Z
0x00612f10	iat,indirect	?on_left_up@Dialogs@@QAEXHH@Z
0x00612f40	iat,indirect	?on_right_up@Dialogs@@QAEXHH@Z
0x00612f60	iat,indirect	?on_right_click@Dialogs@@QAEXHH@Z
0x00612f80	extcall,iat,indirect	?on_scrolled@Dialogs@@QAEXHH@Z
0x00612fa0	extcall,iat,indirect	?on_scrolling@Dialogs@@QAEXHH@Z
0x00612fc0	indirect	?on_mousewheel@Dialogs@@QAEXH@Z
0x00612fe0	extcall,fs,iat,indirect,undef=4,x87	?attach@Dialogs@@QAEHPAUGraphicWin@@HHH@Z
0x006130e0	indirect,undef=4	?on_dialog_focus@Dialogs@@QAEXH@Z
0x00613180	indirect,undef=4	?pass_dialog_focus@Dialogs@@QAEXXZ
0x00613220	indirect,undef=4	?on_scroll_create@Dialogs@@QAEXXZ
0x00613260	indirect,undef=4	?on_scroll_delete@Dialogs@@QAEHPAUScroll@@@Z
0x006132a0	extcall,iat,indirect,undef=4	?calculate_dimensions@Dialogs@@QAEHXZ
0x00613320	extcall,fs,iat,indirect,undef=4,x87	?init@Dialogs@@QAEHHHHHH@Z
0x00613400	extcall,fs,iat,indirect,undef=4,x87	?init@Dialogs@@QAEHPAURECT@@H@Z
0x006134a0	extcall,fs,iat,indirect,undef=4,x87	?init@Dialogs@@QAEHH@Z
0x00613530	extcall,fs,iat,indirect,undef=4,x87	?init@Dialogs@@QAEHHHHHPAUHeap@@@Z
0x00613610	extcall,fs,iat,indirect,undef=4,x87	?init@Dialogs@@QAEHPAURECT@@PAUHeap@@@Z
0x006136b0	extcall,fs,iat,indirect,undef=4,x87	?init@Dialogs@@QAEHPAUHeap@@@Z
0x00613740	undef=4	?get_num_items@Dialogs@@QAEHXZ
0x00613790	extcall	??__Eg_FILEWIN_SPRITE_1@@YAXXZ
0x006137b0	extcall,iat,indirect,undef=4	??__Fg_FILEWIN_SPRITE_1@@YAXXZ
0x006137d0	extcall	??__Eg_FILEWIN_SPRITE_2@@YAXXZ
0x006137f0	extcall,iat,indirect,undef=4	??__Fg_FILEWIN_SPRITE_2@@YAXXZ
0x00613810	extcall	??__Eg_FILEWIN_SPRITE_3@@YAXXZ
0x00613830	extcall,iat,indirect,undef=4	??__Fg_FILEWIN_SPRITE_3@@YAXXZ
0x00613850	extcall,fs,iat,indirect,x87	??0FileWin@@QAE@XZ
0x00613900	extcall,fs,iat,indirect,x87	?close@FileWin@@QAEXXZ
0x006139b0	extcall,fs,iat,indirect,undef=4,x87	?init@FileWin@@QAEHPADPAUGraphicWin@@PAUFileWinConstruct@@@Z
0x00613ba0	extcall,fs,iat,indirect	?prepare_sprites@FileWin@@QAEHXZ
0x00613d50	extcall,fs,iat,indirect,x87	?save@FileWin@@QAEXXZ
0x00613f60	extcall,fs,iat,indirect,x87	?load@FileWin@@QAEXXZ
0x00614140	extcall,undef=4	?add_def_ext@FileWin@@QAEHPAD@Z
0x006141c0	extcall	?set_def_name@FileWin@@QAEHPAD@Z
0x006142d0	extcall,undef=4	?set_directory@FileWin@@QAEHPAD@Z
0x00614320	undef=4	?UNK1@FileWin@@QAEXXZ
0x00614350	ok	?UNK2@FileWin@@QAEXH@Z
0x00614360	extcall,fs,iat,indirect,x87	?UNK3@FileWin@@QAEHPAD@Z
0x006146a0	extcall,fs,iat,indirect,x87	?UNK4@FileWin@@QAEXXZ
0x00614b60	ok	?UNK5@FileWin@@QAEXXZ
0x00614b80	ok	?UNK6@FileWin@@QAEXXZ
0x00614b90	extcall,fs,iat,indirect,x87	?on_button_clicked@FileWin@@QAEXH@Z
0x00614c40	extcall,fs,iat,indirect,x87	?on_double_clicked@FileWin@@QAEXH@Z
0x00614c50	extcall,fs,iat,indirect,undef=4,x87	?filebox_draw@FileWin@@QAAXPAUGraphicWin@@HHHHH@Z
0x00614d90	extcall,iat,indirect,undef=4	?init_class@FileWin@@QAAHXZ
0x00614e30	extcall,iat,indirect,undef=4	?close_class@FileWin@@QAAXXZ
0x00614e50	extcall,fs,iat,indirect,x87	??0EditBox@@QAE@XZ
0x00614f30	extcall,fs,iat,indirect,x87	?close@EditBox@@QAEXXZ
0x00614fe0	extcall,fs,iat,indirect,undef=4,x87	?init@EditBox@@QAEHHHHHPAUWin@@H@Z
0x00615180	extcall,fs,iat,indirect,undef=4,x87	?UNK1@EditBox@@QAEHPAUFont@@HHHPAUWin@@@Z
0x006151e0	extcall,indirect	?set_text@EditBox@@QAEXPAD@Z
0x00615270	extcall,iat,indirect	?on_redraw@EditBox@@QAEXXZ
0x00615630	extcall,iat,indirect,undef=4	?on_key_click@EditBox@@QAEHHH@Z
0x00615840	extcall,iat,indirect,undef=4	?on_key_down@EditBox@@QAEHH@Z
0x00615df0	iat,indirect	?on_dialog_focus@EditBox@@QAEXH@Z
0x00615e40	undef=4	?caret_callback@EditBox@@QAEXH@Z
0x00615e60	extcall,iat,indirect	?on_left_down@EditBox@@QAEXHH@Z
0x00615ec0	extcall,iat,indirect	?on_left_up@EditBox@@QAEXHH@Z
0x00615f10	extcall,iat,indirect,undef=4	?on_mouse_move@EditBox@@QAEXHH@Z
0x00615f50	extcall,iat,indirect	?text_fits@EditBox@@QAEHXZ
0x00616030	extcall,iat,indirect	?text_position@EditBox@@QAEXH@Z
0x00616140	indirect,undef=4	?pass_dialog_focus@EditBox@@QAEXXZ
0x006161a0	undef=4	?UNK2@EditBox@@QAEXXZ
0x006161d0	undef=4	??0Time@@QAE@XZ
0x00616200	iat,indirect	??1Time@@QAE@XZ
0x00616260	iat,indirect	?init@Time@@QAEXP6AXH@ZHHH@Z
0x006162d0	iat,indirect	?init@Time@@QAEXP6AXHH@ZHHHH@Z
0x00616350	iat,indirect	?start@Time@@QAEXP6AXH@ZHHH@Z
0x00616410	iat,indirect	?start@Time@@QAEXP6AXHH@ZHHHH@Z
0x006164d0	iat,indirect	?pulse@Time@@QAEXP6AXH@ZHHH@Z
0x00616590	iat,indirect	?pulse@Time@@QAEXP6AXHH@ZHHHH@Z
0x00616650	iat,indirect,undef=4	?start@Time@@QAEXXZ
0x006166c0	iat,indirect,undef=4	?pulse@Time@@QAEXXZ
0x00616730	iat,indirect,undef=4	?stop@Time@@QAEXXZ
0x00616780	iat,indirect	?close@Time@@QAEXXZ
0x006167e0	iat,indirect,undef=4	?TimerProc@Time@@QAEXPAXIIK@Z
0x00616820	iat,indirect,undef=4	?MultimediaProc@Time@@QAEXIIKKK@Z
0x00616860	ok	?set_modal@Time@@QAAXXZ
0x00616870	ok	?release_modal@Time@@QAAXXZ
0x00616880	undef=4	?init_class@Time@@QAAHXZ
0x00616890	ok	?close_class@Time@@QAAXXZ
0x006168a0	extcall	??__EStringTable@@YAXXZ
0x006168c0	extcall,iat,indirect	??__FStringTable@@YAXXZ
0x006168d0	ok	??0Strings@@QAE@XZ
0x006168f0	extcall,iat,indirect,undef=4	?init@Strings@@QAEHH@Z
0x00616950	extcall,iat,indirect,undef=4	?shutdown@Strings@@QAEHXZ
0x00616970	extcall,iat,indirect	?put@Strings@@QAEHPAD@Z
0x006169a0	undef=4	?get@Strings@@QAEHH@Z
0x006169c0	extcall,iat,indirect	??1Strings@@QAE@XZ
0x006169d0	extcall,iat,indirect,undef=4	?labels_shutdown@@YAXXZ
0x00616a00	extcall,iat,indirect,undef=4	?labels_init@@YAHXZ
0x00616aa0	extcall,fs,iat,indirect	??__Eg_CAVIAR_BUFFER_1@@YAXXZ
0x00616ac0	extcall,fs,iat,indirect,undef=4	??__Fg_CAVIAR_BUFFER_1@@YAXXZ
0x00616ae0	extcall,fs,iat,indirect	??__Eg_CAVIAR_BUFFER_2@@YAXXZ
0x00616b00	extcall,fs,iat,indirect,undef=4	??__Fg_CAVIAR_BUFFER_2@@YAXXZ
0x00616b20	undef=4	sub_616b20
0x00616b30	undef=4	sub_616b30
0x00616b40	extcall,iat,indirect	sub_616b40
0x00616bc0	undef=4	??0CaviarData@@QAE@XZ
0x00616bd0	extcall,indirect,undef=4,x87	?init@CaviarData@@QAEHPAD@Z
0x00616c60	indirect,undef=4	?close@CaviarData@@QAEXXZ
0x00616c80	ok	sub_616c80
0x00616d40	extcall,iat,indirect,undef=4	sub_616d40
0x00616d80	undef=4	sub_616d80
0x00616d90	ok	nullsub_195
0x00616da0	ok	??0Caviar@@QAE@XZ
0x00616de0	extcall,iat,indirect,x87	?init@Caviar@@QAEXXZ
0x00617020	extcall,iat,indirect	?close@Caviar@@QAEXXZ
0x00617080	extcall,iat,indirect,x87	?UNK1@Caviar@@QAEHHH@Z
0x006171a0	extcall,fs,iat,indirect,undef=4,x87	?render_multi_table_dest@Caviar@@QAEXPAUBuffer@@HHHPAEH@Z
0x00617230	extcall,fs,iat,indirect,x87	?render@Caviar@@QAEHPAUBuffer@@HHH@Z
0x00617620	extcall,fs,iat,indirect,undef=4,x87	?render_mono@Caviar@@QAEXPAUBuffer@@HHHH@Z
0x00617670	extcall,fs,iat,indirect,undef=4,x87	?UNK2@Caviar@@QAEHPAUBuffer@@HHHH@Z
0x006176c0	undef=4	?UNK3@Caviar@@QAEHHHH@Z
0x006176d0	undef=4	?UNK4@Caviar@@QAEHHHHH@Z
0x006176e0	undef=4,x87	?add_object@Caviar@@QAEHPAUCaviarData@@PAUCaviarData@@PAUVOX_Vect@@H@Z
0x00617800	undef=4,x87	?add_object@Caviar@@QAEHPAUCaviarData@@PAEPAUCaviarData@@PAUVOX_Vect@@@Z
0x00617920	x87	?add_object@Caviar@@QAEHPAUCaviarData@@PAUVOX_Vect@@H@Z
0x00617aa0	x87	?add_object@Caviar@@QAEHPAUCaviarData@@PAEPAUVOX_Vect@@H@Z
0x00617c30	undef=4	?add_object@Caviar@@QAEHPAUCaviarData@@PAUCaviarData@@H@Z
0x00617db0	undef=4	?add_object@Caviar@@QAEHPAUCaviarData@@PAEPAUCaviarData@@H@Z
0x00617f20	undef=4	?add_object@Caviar@@QAEHPAUCaviarData@@H@Z
0x00618080	undef=4	?add_object@Caviar@@QAEHPAUCaviarData@@PAEH@Z
0x006181d0	extcall,x87	?set_shadow_vector@Caviar@@QAEXMM@Z
0x00618250	ok	?UNK5@Caviar@@QAEXHH@Z
0x00618260	ok	?UNK6@Caviar@@QAEXHH@Z
0x00618270	ok	?UNK7@Caviar@@QAEXHH@Z
0x00618280	ok	?UNK8@Caviar@@QAEXH@Z
0x00618290	ok	?UNK9@Caviar@@QAEXHHH@Z
0x006182a0	undef=4	?set_camera_direct@Caviar@@QAEXPAUVOX_Vect@@PAUVOX_Matrix@@@Z
0x00618320	ok	?UNK10@Caviar@@QAEXHHH@Z
0x00618340	undef=4	?UNK11@Caviar@@QAEXHHH@Z
0x00618370	x87	?set_scene_rotation@Caviar@@QAEXMMM@Z
0x006183a0	ok	?UNK12@Caviar@@QAEXHHH@Z
0x006183b0	ok	?set_scaling@Caviar@@QAEXM@Z
0x006183c0	x87	?get_scaling@Caviar@@QAEMXZ
0x006183d0	undef=4	?set_buffer@Caviar@@QAEHPAUBuffer@@@Z
0x00618430	extcall,undef=4	?set_shadow_table@Caviar@@QAEHPAE@Z
0x00618470	iat,indirect	?clear_buffers@Caviar@@QAEXH@Z
0x00618520	undef=4	?UNK13@Caviar@@QAEXXZ
0x00618560	undef=4	?UNK14@Caviar@@QAEXH@Z
0x006185a0	extcall,fs,iat,indirect,x87	?init_class@Caviar@@QAAHXZ
0x00618d20	extcall,iat,indirect	?close_class@Caviar@@QAAXXZ
0x00618da0	extcall	?object_start@Caviar@@QAAXPAUVOX_ScnRenderHnd@@JPAUVOX_Vect@@PAUVOX_Matrix@@PAUVOX_Rect@@PAUVOX_Vect@@@Z
0x00618e10	extcall,iat,indirect	?vx_malloc@Caviar@@QAAXK@Z
0x00618e20	extcall,iat,indirect,undef=4	?vx_free@Caviar@@QAAXPAX@Z
0x00618e30	extcall	?vx_read@Caviar@@QAAXHPADJ@Z
0x00618e50	extcall	?vx_write@Caviar@@QAAXHPAXJ@Z
0x00618e70	extcall	?vx_seek@Caviar@@QAAXHJH@Z
0x00618e90	extcall	?vx_tell@Caviar@@QAAXH@Z
0x00618ea0	undef=4	??0Font@@QAE@XZ
0x00618ec0	extcall,iat,indirect	??0Font@@QAE@PADHH@Z
0x00618ee0	extcall,iat,indirect	??1Font@@QAE@XZ
0x00618f30	ok	?UNK1@Font@@QAEHHHHH@Z
0x00618f40	extcall,iat,indirect	?init@Font@@QAEHPADHH@Z
0x006190d0	extcall,iat,indirect	?init@Font@@QAEHPADPADHH@Z
0x00619230	extcall,iat,indirect	?close@Font@@QAEXXZ
0x00619280	extcall,iat,indirect	?width@Font@@QAEHPAD@Z
0x006192f0	extcall,iat,indirect	?width@Font@@QAEHPADH@Z
0x00619370	extcall,iat,indirect	?find_line_break_l@Font@@QAEHPADPAHH@Z
0x006195b0	extcall,iat,indirect,undef=4	?init_font_class@Font@@QAAHPAUFont@@@Z
0x00619610	iat,indirect,undef=4	?close_font_class@Font@@QAAXXZ
0x00619650	undef=4	??0Texture@@QAE@XZ
0x00619660	extcall,iat,indirect,undef=4	??1Texture@@QAE@XZ
0x00619690	extcall,iat,indirect,undef=4	?close@Texture@@QAEXXZ
0x006196d0	extcall,iat,indirect,undef=4	?extract@Texture@@QAEHPAUBuffer@@PAURECT@@@Z
0x00619710	extcall,iat,indirect,undef=4	?extract@Texture@@QAEHPAUBuffer@@HHHHPAUTexHeap@@@Z
0x006198e0	indirect,undef=4,x87	?draw_trans@Texture@@QAEXPAUBuffer@@PAUVert@@HPAUVert@@@Z
0x00619d80	indirect,undef=4,x87	Texture::draw_trans2
0x0061a240	indirect,undef=4,x87	?draw_trans@Texture@@QAEXPAUBuffer@@PAUVert@@H@Z
0x0061a760	indirect,undef=4,x87	?draw_upper_threshold_trans@Texture@@QAEXPAUBuffer@@PAUVert@@PAHHPAUVert@@H@Z
0x0061ac60	indirect,undef=4,x87	Texture::draw
0x0061b1f0	indirect,undef=4,x87	?draw@Texture@@QAEXPAUBuffer@@PAUVert@@PAHHPAUVert@@@Z
0x0061b780	indirect,undef=4,x87	sub_61b780
0x0061c090	indirect,undef=4,x87	?draw_trans@Texture@@QAEXPAUBuffer@@PAUVert@@PAHHPAUVert@@@Z
0x0061c630	indirect,undef=4,x87	sub_61c630
0x0061cb50	indirect,undef=4,x87	sub_61cb50
0x0061d090	indirect,undef=4,x87	sub_61d090
0x0061d990	indirect,undef=4,x87	sub_61d990
0x0061df60	indirect,undef=4,x87	sub_61df60
0x0061e540	indirect,undef=4,x87	?draw_mask_dest@Texture@@QAEXPAUBuffer@@PAUVert@@PAEPAEHPAUVert@@@Z
0x0061ead0	indirect,undef=4,x87	?draw_coast@Texture@@QAEXPAUBuffer@@PAUVert@@PAHPAUTexture@@PAEH1@Z
0x0061f0d0	indirect,undef=4	sub_61f0d0
0x0061f785	ok	nullsub_259
0x0061f790	undef=4	sub_61f790
0x0061f800	ok	sub_61f800
0x0061fc90	undef=4	?setup_edge_gouraud@Texture@@QAAHPAUEdgeScan@@H@Z
0x0061fdf0	undef=4	sub_61fdf0
0x0061fe70	ok	sub_61fe70
0x00620100	undef=4	sub_620100
0x00620260	undef=4	sub_620260
0x006202e0	ok	sub_6202e0
0x00620640	ok	sub_620640
0x00620a10	indirect,undef=4,x87	sub_620a10
0x006212b0	indirect,undef=4,x87	sub_6212b0
0x00621870	indirect,undef=4,x87	sub_621870
0x00622200	indirect,undef=4,x87	sub_622200
0x00622810	indirect,undef=4,x87	sub_622810
0x00622db0	indirect,undef=4,x87	Texture::draw_trans_3
0x006233c0	indirect,undef=4,x87	?draw@Texture@@QAEXPAUBuffer@@PAUVert@@PAHHPAUVert@@H@Z
0x006239b0	indirect,x87	?draw_trans@Texture@@QAEXPAUBuffer@@PAUVert@@HPAUVert@@H@Z
0x006239e0	indirect,undef=4,x87	Texture::draw_upper_threshold_trans2
0x00623f50	indirect,x87	sub_623f50
0x00623f80	indirect,undef=4,x87	?draw_coast@Texture@@QAEXPAUBuffer@@PAUVert@@PAHPAUTexture@@PAEHPAUVert@@H@Z
0x00624630	indirect,x87	sub_624630
0x00624670	indirect,undef=4,x87	Texture::draw2
0x00624c70	indirect,x87	sub_624c70
0x00624ca0	indirect,x87	sub_624ca0
0x00624cd0	indirect,x87	sub_624cd0
0x00624d00	indirect,x87	sub_624d00
0x00624d40	indirect,x87	sub_624d40
0x00624d80	undef=3f	?setup_edge@Texture@@QAAHPAUEdgeScan@@H@Z
0x00624eb0	undef=3f	sub_624eb0
0x00625080	undef=4	sub_625080
0x006252a0	ok	??0TextureStore@@QAE@XZ
0x006252b0	ok	??1TextureStore@@QAE@XZ
0x006252c0	ok	sub_6252c0
0x006252e0	extcall,fs,iat,indirect,x87	??0ImageButton@@QAE@XZ
0x00625310	extcall,fs,iat,indirect,x87	??1ImageButton@@QAE@XZ
0x00625330	extcall,fs,iat,indirect,x87	?close@ImageButton@@QAEXXZ
0x00625340	extcall,fs,iat,indirect,x87	?init@ImageButton@@QAEHHPADHHHHHPAUWin@@H@Z
0x00625380	extcall,fs,iat,indirect,undef=4,x87	sub_625380
0x006253d0	extcall,fs,iat,indirect,x87	?on_redraw@ImageButton@@QAEXXZ
0x006256d0	extcall,fs,iat,indirect,undef=4,x87	??_GImageButton@@UAEPAXI@Z
0x006256f0	extcall,fs,iat,indirect,x87	??3ImageButton@@SAXPAXI@Z
0x00625700	extcall	??__ERand@@YAXXZ
0x00625720	ok	??__FRand@@YAXXZ
0x00625730	ok	??0Random@@QAE@XZ
0x00625740	ok	??1Random@@QAE@XZ
0x00625750	undef=4	?reseed@Random@@QAEXK@Z
0x00625770	ok	?get@Random@@QAEIHH@Z
0x006257b0	undef=4,x87	?get@Random@@QAENXZ
0x006257e0	undef=4	?random_reseed@@YAXK@Z
0x00625800	ok	?random_get@@YAIXZ
0x00625810	ok	?random@@YAIHH@Z
0x00625850	undef=4,x87	?random@@YANXZ
0x00625880	extcall,undef=4	?parse_string@@YAHPADPAD@Z
0x00625e30	undef=4	?parse_num@@YAHHH@Z
0x00625e50	extcall,undef=4	?parse_say@@YAHHHHH@Z
0x00625ec0	extcall,undef=4	?parse_says@@YAHHPADHH@Z
0x00625f20	extcall,iat,indirect	??__ELogging@@YAXXZ
0x00625f90	extcall,iat,indirect,undef=4	??__FLogging@@YAXXZ
0x00625fb0	ok	??0Log@@QAE@XZ
0x00625fc0	extcall,iat,indirect,undef=4	??0Log@@QAE@PAD@Z
0x00626020	extcall,iat,indirect,undef=4	??1Log@@QAE@XZ
0x00626040	extcall,iat,indirect,undef=4	?init@Log@@QAEHPAD@Z
0x006260d0	extcall,iat,indirect,undef=4	?reset@Log@@QAEXXZ
0x006260f0	extcall,iat,indirect,undef=4	?say@Log@@QAEXPADPADHHH@Z
0x00626190	extcall,iat,indirect,undef=4	?say_hex@Log@@QAEXPADPADHHH@Z
0x00626230	extcall,iat,indirect,undef=4	?log_reset@@YAXXZ
0x00626250	extcall,iat,indirect,undef=4	?log_say@@YAXPADPADHHH@Z
0x006262f0	extcall,iat,indirect,undef=4	?log_say@@YAXPADHHH@Z
0x00626350	extcall,iat,indirect,undef=4	?log_say_hex@@YAXPADPADHHH@Z
0x006263f0	extcall,iat,indirect,undef=4	?log_say_hex@@YAXPADHHH@Z
0x00626450	undef=4	?log_set_state@@YAXH@Z
0x00626470	undef=3f	sub_626470
0x00626540	undef=4	sub_626540
0x006265a0	ok	?scan_out_line_poly@@YAIHH@Z
0x00626620	indirect,undef=4	?polygon@@YAHPAUBuffer@@PAUVert@@HH@Z
0x00626900	undef=4	sub_626900
0x00626a00	indirect,undef=4,x87	sub_626a00
0x00626d90	ok	?scan_out_line_poly_dest@@YAIHH@Z
0x00626e10	indirect,undef=4	?polygon_dest@@YAHPAUBuffer@@PAUVert@@HPAE@Z
0x00627100	ok	?set_language@@YAXH@Z
0x00627110	ok	sub_627110
0x00627130	extcall,fs,iat,indirect,x87	?pop@@YAHPADP6AHXZ@Z
0x00627160	extcall,fs,iat,indirect,x87	?pop@@YAHPADPADP6AHXZ@Z
0x00627190	extcall,fs,iat,indirect,undef=4,x87	?pop@@YAHPADPADPADHP6AHXZ@Z
0x006271d0	extcall,fs,iat,indirect,x87	?pop@@YAHPADHHP6AHXZ@Z
0x00627200	extcall,fs,iat,indirect,x87	?pop@@YAHPADPADHHP6AHXZ@Z
0x00627230	extcall,fs,iat,indirect,x87	?pop@@YAHPADHP6AHXZ@Z
0x00627260	extcall,fs,iat,indirect,x87	?pop@@YAHPADPADHP6AHXZ@Z
0x00627290	extcall,fs,iat,indirect,x87	?pop@@YAHPADHPADHP6AHXZ@Z
0x006272c0	extcall,fs,iat,indirect,x87	?pop@@YAHPADPADHPADHP6AHXZ@Z
0x006272f0	extcall,fs,iat,indirect,x87	?pop_close@@YAXXZ
0x00627310	extcall,fs,iat,indirect,x87	?pops@@YAHPADPAUSprite@@P6AHXZ@Z
0x00627340	extcall,fs,iat,indirect,x87	?pops@@YAHPADPAUSprite@@HHP6AHXZ@Z
0x00627370	extcall,fs,iat,indirect,x87	?pops@@YAHPADPADPAUSprite@@P6AHXZ@Z
0x006273a0	extcall,fs,iat,indirect,x87	?pops@@YAHPADPADPAUSprite@@HHP6AHXZ@Z
0x006273d0	extcall,fs,iat,indirect,x87	?pops@@YAHPADHHPAUSprite@@P6AHXZ@Z
0x00627400	extcall,fs,iat,indirect,x87	?pops@@YAHPADHHPAUSprite@@HHP6AHXZ@Z
0x00627440	extcall,fs,iat,indirect,undef=4,x87	?pops@@YAHPADPADPADHPAUSprite@@P6AHXZ@Z
0x00627480	extcall,fs,iat,indirect,undef=4,x87	?pops@@YAHPADPADPADHPAUSprite@@HHP6AHXZ@Z
0x006274d0	extcall,fs,iat,indirect,x87	?pops@@YAHPADPADHHPAUSprite@@P6AHXZ@Z
0x00627500	extcall,fs,iat,indirect,x87	?pops@@YAHPADPADHHPAUSprite@@HHP6AHXZ@Z
0x00627540	extcall,fs,iat,indirect,x87	?pops@@YAHPADHPAUSprite@@P6AHXZ@Z
0x00627570	extcall,fs,iat,indirect,x87	?pops@@YAHPADHPAUSprite@@HHP6AHXZ@Z
0x006275a0	extcall,fs,iat,indirect,x87	?pops@@YAHPADPADHPAUSprite@@P6AHXZ@Z
0x006275d0	extcall,fs,iat,indirect,x87	?pops@@YAHPADPADHPAUSprite@@HHP6AHXZ@Z
0x00627600	extcall,fs,iat,indirect,x87	?pops@@YAHPADHPADHPAUSprite@@P6AHXZ@Z
0x00627630	extcall,fs,iat,indirect,x87	?pops@@YAHPADHPADHPAUSprite@@HHP6AHXZ@Z
0x00627670	extcall,fs,iat,indirect,x87	?pops@@YAHPADPADHPADHPAUSprite@@P6AHXZ@Z
0x006276a0	extcall,fs,iat,indirect,undef=4,x87	?pops@@YAHPADPADHPADHPAUSprite@@HHP6AHXZ@Z
0x00627800	extcall,fs,iat,indirect,x87	?pop_ask@@YAHPADHPADP6AHXZH@Z
0x00627830	extcall,fs,iat,indirect,x87	?pop_ask@@YAHPADPADHP6AHXZH@Z
0x00627860	extcall,fs,iat,indirect,x87	?pop_ask@@YAHPADHP6AHXZH@Z
0x00627890	extcall,fs,iat,indirect,undef=4,x87	?pop_ask@@YAHPADPADPADP6AHXZH@Z
0x006278d0	extcall,fs,iat,indirect,undef=4,x87	?pop_ask@@YAHPADPADP6AHXZH@Z
0x00627910	extcall,fs,iat,indirect,undef=4,x87	?pop_ask@@YAHPADPADHPADP6AHXZH@Z
0x006279c0	extcall,fs,iat,indirect,x87	?pop_ask_number@@YAHPADHP6AHXZ@Z
0x00627a90	extcall,fs,iat,indirect,x87	?pop_ask_number@@YAHPADPADP6AHXZ@Z
0x00627b60	extcall,fs,iat,indirect,x87	?pop_ask_number@@YAHPADP6AHXZ@Z
0x00627c30	extcall,fs,iat,indirect,x87	?pop_ask_number@@YAHPADPADHP6AHXZ@Z
0x00627d00	x87	sub_627d00
0x00627e20	x87	sub_627e20
0x00627f50	x87	sub_627f50
0x006280e0	x87	sub_6280e0
0x00628150	x87	sub_628150
0x00628180	x87	sub_628180
0x006281b0	x87	sub_6281b0
0x006281e0	x87	sub_6281e0
0x00628220	x87	sub_628220
0x00628290	x87	sub_628290
0x006282e0	undef=4,x87	sub_6282e0
0x00628380	ok	??0Filemap@@QAE@XZ
0x006283a0	extcall,iat,indirect	?init@Filemap@@QAEHPADH@Z
0x006283c0	extcall,iat,indirect	?init@Filemap@@QAEHPAD@Z
0x006283e0	iat,indirect	??1Filemap@@QAE@XZ
0x00628430	extcall,iat,indirect,undef=4	?open_read@Filemap@@QAEHPADH@Z
0x00628540	extcall,iat,indirect,undef=4	?open@Filemap@@QAEHPADH@Z
0x00628650	extcall,iat,indirect,undef=4	?create@Filemap@@QAEHPADKH@Z
0x006287c0	iat,indirect	?close@Filemap@@QAEXXZ
0x00628810	iat,indirect	?close@Filemap@@QAEXPAE@Z
0x006288d0	ok	?btoi@@YAHPAD@Z
0x006288f0	extcall,undef=4	?htoi@@YAHPAD@Z
0x00628950	extcall,undef=4	?stoi@@YAHPAD@Z
0x00628a50	undef=4	?swap@@YAXPAHPAH@Z
0x00628a80	undef=4	?swap@@YAXPAEPAE@Z
0x00628ab0	undef=4	?bit_count_signed@@YAHH@Z
0x00628ad0	undef=3f	?fixed_div@@YAHJJ@Z
0x00628af0	undef=4	?memrchr@@YAHPBX0H@Z
0x00628b30	undef=4	?findnum@@YAHPAD@Z
0x00628b70	extcall,undef=4,x87	?HSV_to_RGB@@YAXPAUHSV@@PAUPALETTEENTRY@@@Z
0x00628db0	undef=4,x87	?RGB_to_HSV@@YAXPAUPALETTEENTRY@@PAUHSV@@@Z
0x00628f30	extcall,fs,iat,indirect,x87	sub_628f30
0x006290e0	ok	?quick_root@@YAHH@Z
0x00629110	extcall,fs,iat,indirect,x87	??0StringBox@@QAE@XZ
0x00629210	extcall,fs,iat,indirect,x87	?close@StringBox@@QAEXXZ
0x006292d0	extcall,fs,iat,indirect,undef=4,x87	?init@StringBox@@QAEXHHHHPAUWin@@PAUStringList@@H@Z
0x00629490	extcall,iat,indirect	?add_fixup@StringBox@@QAEXXZ
0x00629710	extcall,iat,indirect,undef=4	?add@StringBox@@QAEXPADHH@Z
0x00629750	extcall,iat,indirect,undef=4	?add_special@StringBox@@QAEXPAD@Z
0x00629780	indirect,undef=4	?clear@StringBox@@QAEXXZ
0x006298b0	extcall,iat,indirect	?UNK1@StringBox@@QAEXH@Z
0x00629980	extcall,iat,indirect	?UNK2@StringBox@@QAEXHH@Z
0x00629a70	extcall,iat,indirect	?clip_ids@StringBox@@QAEXK@Z
0x00629b70	extcall,iat,indirect	?on_redraw@StringBox@@QAEXXZ
0x00629d20	indirect	?on_scrolled@StringBox@@QAEXHH@Z
0x00629d40	indirect	?on_scrolling@StringBox@@QAEXHH@Z
0x00629d60	extcall,fs,iat,indirect	??0Flic@@QAE@XZ
0x00629df0	extcall	?close@Flic@@QAEXXZ
0x00629e50	extcall,iat,indirect,undef=4	?init@Flic@@QAEHPAUBuffer@@PADHHH@Z
0x0062a070	extcall,iat,indirect,undef=4	?decode_frame@Flic@@QAEHHH@Z
0x0062a120	extcall,iat,indirect,undef=4	?UNK1@Flic@@QAEHHH@Z
0x0062a210	extcall,undef=4	?UNK2@Flic@@QAEHXZ
0x0062a280	extcall,undef=4	?rewind@Flic@@QAEHXZ
0x0062a2c0	extcall,iat,indirect	?UNK3@Flic@@QAEHH@Z
0x0062a500	extcall,iat,indirect	?decode_byte_run@Flic@@QAEXXZ
0x0062a710	ok	?UNK4@Flic@@QAEXXZ
0x0062a720	extcall,iat,indirect	?decode_delta_flc@Flic@@QAEXXZ
0x0062aaf0	ok	?UNK5@Flic@@QAEXXZ
0x0062ab00	ok	?UNK6@Flic@@QAEXXZ
0x0062ab10	iat,indirect	?fill@Flic@@QAEXXZ
0x0062ab80	extcall,iat,indirect,undef=4	?decode_fli_copy@Flic@@QAEXXZ
0x0062acc0	ok	?UNK7@Flic@@QAEXXZ
0x0062acd0	extcall,iat,indirect,undef=4	?decode_chunk@Flic@@QAEXPAUDataChunk@@@Z
0x0062af40	extcall,iat,indirect	?decode_byte_run_trans@Flic@@QAEXXZ
0x0062b190	extcall,indirect	?decode_delta_flc_trans@Flic@@QAEXXZ
0x0062b5f0	ok	?UNK8@Flic@@QAEXXZ
0x0062b600	iat,indirect,undef=4	?decode_black_trans@Flic@@QAEXXZ
0x0062b670	extcall,indirect	?decode_fli_copy_trans@Flic@@QAEXXZ
0x0062b780	iat,indirect,undef=4	?UNK9@Flic@@QAEXXZ
0x0062b7c0	undef=4	??0ButtonGroup@@QAE@XZ
0x0062b7f0	undef=4	?close@ButtonGroup@@QAEXXZ
0x0062b810	undef=4	?init@ButtonGroup@@QAEXHH@Z
0x0062b850	ok	?add@ButtonGroup@@QAEXPAUBaseButton@@@Z
0x0062b870	indirect	?set@ButtonGroup@@QAEHHH@Z
0x0062b8a0	indirect	?button_click@ButtonGroup@@QAEHH@Z
0x0062ba80	ok	??0AutoSound@@QAE@XZ
0x0062bbf0	ok	?close@AutoSound@@QAEXXZ
0x0062bd40	undef=4	?init@AutoSound@@QAEXXZ
0x0062bdd0	ok	?close2@AutoSound@@QAEXXZ
0x0062bf20	extcall,fs,iat,indirect,x87	??0PushButton@@QAE@XZ
0x0062c010	extcall,fs,iat,indirect,x87	??1PushButton@@QAE@XZ
0x0062c030	extcall,fs,iat,indirect,x87	?close@PushButton@@QAEXXZ
0x0062c110	extcall,fs,iat,indirect,x87	?on_redraw@PushButton@@QAEXXZ
0x0062c830	extcall,fs,iat,indirect,undef=4,x87	??_GPushButton@@UAEPAXI@Z
0x0062c850	extcall,fs,iat,indirect,x87	??3PushButton@@SAXPAXI@Z
0x0062c860	extcall,iat,indirect,undef=4	Callback
0x0062c8e0	extcall,fs,iat,indirect,x87	sub_62c8e0
0x0062cd10	ok	sub_62cd10
0x0062cd50	extcall,fs,iat,indirect,x87	sub_62cd50
0x0062d0f0	extcall,fs,iat,indirect,undef=4,x87	sub_62d0f0
0x0062d100	indirect,undef=4	sub_62d100
0x0062d140	undef=4	sub_62d140
0x0062d150	ok	nullsub_253
0x0062d160	indirect,undef=4	sub_62d160
0x0062d1a0	indirect,undef=4	sub_62d1a0
0x0062d1e0	iat,indirect	sub_62d1e0
0x0062d2c0	iat,indirect	sub_62d2c0
0x0062d390	ok	sub_62d390
0x0062d3a0	extcall,fs,iat,indirect,undef=4,x87	?jackal_init_real@@YAHPAUPalette@@PAUFont@@PADHHHH@Z
0x0062d500	extcall,iat,indirect,undef=4	?jackal_close@@YAXXZ
0x0062d570	extcall,iat,indirect,undef=4	?jackal_version_check@@YAHPAD@Z
0x0062d5b0	extcall,fs,iat,indirect,undef=4,x87	?do_net@@YAXXZ
0x0062d5d0	extcall,fs,iat,indirect,undef=4,x87	?check_net@@YAXXZ
0x0062d5f0	extcall,fs,iat,indirect,x87	sub_62d5f0
0x0062d6a0	extcall,fs,iat,indirect	??0Net@@QAE@XZ
0x0062d8e0	extcall,iat,indirect,undef=4	?init@Net@@QAEHPAU_GUID@@HH@Z
0x0062d9e0	extcall,fs,iat,indirect,x87	?check_for_lobby@Net@@QAEHPADPAU_GUID@@HH@Z
0x0062df20	indirect,undef=4	?start_voice@Net@@QAEHK@Z
0x0062df70	indirect,undef=4	?start_voice@Net@@QAEHJ@Z
0x0062dfc0	extcall,fs,iat,indirect,undef=4,x87	?stop_voice@Net@@QAEXXZ
0x0062e010	extcall,iat,indirect	?close@Net@@QAEXXZ
0x0062e250	iat,undef=4	?poll_services@Net@@QAEHPAUServiceList@@@Z
0x0062e2a0	extcall,fs,iat,indirect,undef=4,x87	?join_service@Net@@QAEHPAUServiceStruct@@@Z
0x0062e420	extcall,indirect	?on_player_added@Net@@QAEHPADI@Z
0x0062e540	extcall,fs,iat,indirect,x87	?join_session@Net@@QAEHPAUSessionStruct@@PADPAD@Z
0x0062eaa0	extcall,iat,indirect	?create_session@Net@@QAEHPADHPAD@Z
0x0062ed30	ok	?poll_players@Net@@QAEHPAUSessionStruct@@@Z
0x0062ed40	extcall,indirect	?create_group@Net@@QAEHPAD@Z
0x0062edb0	indirect,undef=4	?delete_group@Net@@QAEXH@Z
0x0062edd0	indirect,undef=4	?add_to_group@Net@@QAEHJK@Z
0x0062ee00	indirect,undef=4	sub_62ee00
0x0062ee20	undef=4	sub_62ee20
0x0062ee80	ok	nullsub_261
0x0062ee90	ok	nullsub_262
0x0062eea0	extcall,fs,iat,indirect,x87	?send_group@Net@@QAEHPAXHJH@Z
0x0062f390	extcall,fs,iat,indirect,x87	sub_62f390
0x0062f8a0	extcall,fs,iat,indirect,x87	?send_packet_type@Net@@QAEHPAXHKHH@Z
0x00630080	extcall,fs,iat,indirect,x87	?send@Net@@QAEHPAXHKH@Z
0x00630980	extcall,iat,indirect,undef=4	sub_630980
0x006309c0	extcall,iat,indirect,undef=4	sub_6309c0
0x00630a00	extcall,iat,indirect,undef=4	?get@Net@@QAEHPAKPAK@Z
0x00630a40	extcall,iat,indirect,undef=4	sub_630a40
0x00630a80	extcall,iat,indirect,undef=4	sub_630a80
0x00630b00	extcall,iat,indirect,undef=4	sub_630b00
0x00630b80	indirect	sub_630b80
0x00630bf0	extcall,iat,indirect,undef=4	sub_630bf0
0x00630c30	extcall,fs,iat,indirect,undef=4	sub_630c30
0x00630c80	extcall,indirect	?enum_players@Net@@QAEHKKPBUDPNAME@@KPAX@Z
0x00630d70	extcall,fs,iat,indirect,x87	sub_630d70
0x00631050	extcall,fs,iat,indirect,x87	sub_631050
0x00631a10	ok	nullsub_256
0x00631a20	undef=4	?get_player_name@Net@@QAEPADK@Z
0x00631a60	extcall,fs,iat,indirect,undef=4,x87	?process_voice@Net@@QAEXXZ
0x00631b30	extcall,iat,indirect,undef=4	?close_game@Net@@QAEXXZ
0x00631ba0	extcall,fs,iat,indirect,undef=4,x87	sub_631ba0
0x00632070	extcall,iat,indirect,undef=4	?enable_join@Net@@QAEXXZ
0x006320e0	extcall,fs,iat,indirect,undef=4,x87	?check_polling@Net@@QAEXXZ
0x00632290	indirect	sub_632290
0x00632300	undef=4	?set_polling@Net@@QAEXH@Z
0x00632350	extcall,fs,iat,indirect,x87	?drop_player@Net@@QAEHKH@Z
0x00632740	extcall,iat,indirect	sub_632740
0x006327e0	extcall,iat,indirect	?internal_receive@Net@@QAAHPAUNetThreadInfo@@@Z
0x00632cc0	extcall,fs,iat,indirect,x87	sub_632cc0
0x00632db0	extcall,fs,iat,indirect,x87	?handle_sys_msg@Net@@QAEXXZ
0x00632fa0	iat,indirect,undef=4	?check_message@Net@@QAEHKK@Z
0x00633010	extcall,fs,iat,indirect,x87	sub_633010
0x00633160	extcall,fs,iat,indirect,undef=4,x87	sub_633160
0x00633180	extcall,fs,iat,indirect	sub_633180
0x006336d0	extcall,fs,iat,indirect,undef=4	sub_6336d0
0x00633720	extcall,fs,iat,indirect	j_VoiceRx__VoiceRx_dt
0x00633730	extcall,fs,iat,indirect	sub_633730
0x00633740	extcall,fs,iat,indirect,x87	sub_633740
0x00633750	extcall,fs,iat,indirect,undef=4,x87	??0CheckButton@@QAE@XZ
0x006337a0	extcall,fs,iat,indirect,undef=4,x87	?close@CheckButton@@QAEXXZ
0x006337e0	extcall,fs,iat,indirect,undef=4,x87	?init@CheckButton@@QAEHHHPAUGraphicWin@@H@Z
0x00633850	extcall,fs,iat,indirect,x87	?on_redraw@CheckButton@@QAEXXZ
0x00633920	indirect,undef=4	?on_left_click@CheckButton@@QAEXHH@Z
0x00633980	indirect,undef=4	?on_left_double_click@CheckButton@@QAEXHH@Z
0x006339a0	undef=4	?init_class@CheckButton@@QAAHXZ
0x006339b0	ok	?close_class@CheckButton@@QAAXXZ
0x006339c0	iat,indirect	??0NetFifo@@QAE@XZ
0x006339e0	extcall,iat,indirect	??1NetFifo@@QAE@XZ
0x00633a50	extcall,iat,indirect	?close@NetFifo@@QAEXXZ
0x00633ab0	extcall,iat,indirect,undef=4	?add@NetFifo@@QAEHPAXKKHK@Z
0x00633ba0	extcall,iat,indirect,undef=4	sub_633ba0
0x00633c90	extcall,iat,indirect,undef=4	sub_633c90
0x00633d90	extcall,iat,indirect,undef=4	?get@NetFifo@@QAEHPAXPAIPAH1@Z
0x00633e80	extcall,iat,indirect,undef=4	sub_633e80
0x00633f70	extcall,iat,indirect,undef=4	?get@NetFifo@@QAEHPAXPAIPAHPAI@Z
0x00634020	extcall,iat,indirect,undef=4	sub_634020
0x006340c0	extcall,iat,indirect,undef=4	sub_6340c0
0x00634160	extcall,iat,indirect,undef=4	sub_634160
0x00634200	extcall,iat,indirect,undef=4	sub_634200
0x00634280	indirect	sub_634280
0x00634330	indirect	sub_634330
0x006343c0	undef=4	??0Vector@@QAE@XZ
0x006343d0	undef=4	?close@Vector@@QAEXXZ
0x006343e0	x87	sub_6343e0
0x00634430	x87	?__mi@Vector@@QAEXAAVVector@@AAVVector@@@Z
0x00634480	x87	?__apl@Vector@@QAEXAAVVector@@@Z
0x006344b0	x87	?__ami@Vector@@QAEXAAVVector@@@Z
0x006344e0	undef=4,x87	sub_6344e0
0x00634520	extcall,x87	sub_634520
0x006345e0	x87	sub_6345e0
0x00634650	x87	sub_634650
0x00634670	x87	?scale@Vector@@QAEXAAVVector@@M@Z
0x006346c0	undef=4	sub_6346c0
0x006346f0	undef=4	sub_6346f0
0x00634720	x87	sub_634720
0x006347c0	x87	sub_6347c0
0x006347f0	x87	sub_6347f0
0x006348c0	x87	sub_6348c0
0x006348f0	x87	sub_6348f0
0x00634920	undef=4,x87	sub_634920
0x00634980	x87	sub_634980
0x00634a50	x87	sub_634a50
0x00634ad0	x87	sub_634ad0
0x00634b70	undef=4	sub_634b70
0x00634bb0	extcall,iat,indirect	?env_open@@YAHPADPAD@Z
0x00634be0	undef=4	??0FileBox@@QAE@XZ
0x00634c20	ok	??1FileBox@@QAE@XZ
0x00634c30	extcall,iat	?save@FileBox@@QAEXXZ
0x00634cf0	extcall,iat	?load@FileBox@@QAEXXZ
0x00634db0	extcall,undef=4	?add_filter@FileBox@@QAEHPADPAD@Z
0x00634e80	extcall,undef=4	?set_def_ext@FileBox@@QAEHPAD@Z
0x00634ed0	extcall,undef=4	?set_def_name@FileBox@@QAEHPAD@Z
0x00634f20	extcall,undef=4	?UNK1@FileBox@@QAEHPAD@Z
0x00634f70	undef=4	?UNK2@FileBox@@QAEXXZ
0x00634fb0	undef=4	??0TexHeap@@QAE@XZ
0x00634fc0	extcall,iat,indirect	?UNK1@TexHeap@@QAEHH@Z
0x00634fe0	extcall,iat,indirect	?shutdown@TexHeap@@QAEXXZ
0x00635050	extcall,iat,indirect,undef=4	?UNK2@TexHeap@@QAEHH@Z
0x00635370	extcall,iat,indirect,undef=4	?get_tex_mem@TexHeap@@QAEHH@Z
0x006353c0	extcall,iat,indirect,undef=4	?get_mem@TexHeap@@QAEHH@Z
0x00635410	extcall	sub_635410
0x00635450	iat,indirect	sub_635450
0x006354d0	undef=4	sub_6354d0
0x006354f0	extcall,fs,iat,indirect,x87	sub_6354f0
0x00635510	extcall,fs,iat,indirect,x87	sub_635510
0x00635750	iat,indirect	sub_635750
0x006357d0	extcall,indirect	sub_6357d0
0x00635840	indirect,undef=4	sub_635840
0x00635870	extcall,fs,iat,indirect,undef=4,x87	sub_635870
0x00636300	extcall,iat,indirect,undef=4	?do_video@@YAXXZ
0x006363f0	undef=4	sub_6363f0
0x00636400	extcall,fs,iat,indirect	??0Video@@QAE@XZ
0x00636530	extcall,fs,iat,indirect	??1Video@@QAE@XZ
0x006365b0	extcall,iat,indirect	Video_unk1
0x00636740	extcall,iat,indirect	Video_unk2
0x00636850	extcall,iat,indirect,undef=4	Video_unk3
0x006368d0	extcall,iat,indirect,undef=4	Video_unk4
0x00636960	extcall,iat,indirect	Video_unk5
0x00636fc0	extcall,iat,indirect,undef=4	?process@Video@@QAEXXZ
0x00637070	extcall,iat,indirect	Video_unk6
0x006370e0	extcall,iat,indirect,undef=4	?play@Video@@QAEHXZ
0x00637190	undef=4	Video_unk7
0x006371a0	indirect,undef=4	Video_unk8
0x006371d0	extcall,iat,indirect,undef=4	Video_unk10
0x00637300	extcall,iat,indirect	Video_unk11
0x00637310	extcall,iat,indirect,undef=4	Video_unk12
0x006373a0	extcall,iat,indirect,undef=4	?advance_frame@Video@@QAEHXZ
0x00637530	extcall,iat,indirect	Video_unk13
0x00637870	extcall,iat,indirect,undef=4	?decode_frame_process@Video@@QAEXXZ
0x006378b0	extcall,iat,indirect	?read_frame_process@Video@@QAEXXZ
0x00637910	extcall,iat,indirect	?decode_frame@Video@@QAEHH@Z
0x00637c30	extcall,iat,indirect,undef=4	?read_frame@Video@@QAEHXZ
0x00637d70	extcall,iat,indirect,undef=4	?play_frame@Video@@QAEHXZ
0x00638090	undef=4	Video_unk14
0x00638130	undef=4	Video_unk15
0x006381e0	extcall,iat,indirect	Video_unk16
0x006381f0	extcall,indirect,x87	sub_6381f0
0x00638430	indirect,undef=4	sub_638430
0x006385d0	undef=4,x87	sub_6385d0
0x00638620	indirect,undef=4	sub_638620
0x00638650	indirect,undef=4	sub_638650
0x006386b0	indirect	sub_6386b0
0x006386d0	indirect,undef=4	sub_6386d0
0x00638720	extcall,indirect,x87	sub_638720
0x006388c0	extcall,indirect	sub_6388c0
0x00638ad0	indirect	sub_638ad0
0x00638cc0	indirect	sub_638cc0
0x00638de0	indirect	sub_638de0
0x00638f30	indirect	sub_638f30
0x00639090	extcall,indirect	sub_639090
0x006391f0	extcall,indirect	sub_6391f0
0x006392e0	undef=4	sub_6392e0
0x00639380	ok	nullsub_16
0x00639390	undef=4	sub_639390
0x006393c0	indirect,undef=4	sub_6393c0
0x00639630	indirect,undef=4	sub_639630
0x006396a0	extcall,x87	sub_6396a0
0x00639e60	extcall,indirect,x87	sub_639e60
0x0063a280	extcall,x87	sub_63a280
0x0063a6f0	x87	sub_63a6f0
0x0063a9d0	x87	sub_63a9d0
0x0063ad60	undef=4	sub_63ad60
0x0063ae20	undef=4	sub_63ae20
0x0063aee0	selfmod	sub_63aee0
0x0063af00	selfmod	sub_63af00
0x0063af20	selfmod	sub_63af20
0x0063af40	selfmod	sub_63af40
0x0063af60	undef=4	sub_63af60
0x0063b072	undef=4	sub_63b072
0x0063b11c	undef=4	sub_63b11c
0x0063b1bf	undef=4	sub_63b1bf
0x0063b241	undef=4	sub_63b241
0x0063b2d0	undef=4	??0Cursor@@QAE@XZ
0x0063b2e0	extcall,fs,iat,indirect,x87	?init@Cursor@@QAEXPAUSprite@@HH@Z
0x0063b8d0	extcall,iat,indirect	??1Cursor@@QAE@XZ
0x0063b910	iat,indirect,undef=4	?init_cursor_class@Cursor@@QAAXXZ
0x0063b930	ok	?close_cursor_class@Cursor@@QAAXXZ
0x0063b940	extcall,x87	?trig_init@@YAHXZ
0x0063b9b0	undef=1e	?sin@@YAHHH@Z
0x0063bac0	ok	?cos@@YAHHH@Z
0x0063bae0	extcall	sub_63bae0
0x0063bb00	extcall,iat,indirect,undef=4	sub_63bb00
0x0063bb20	extcall,fs,iat,indirect,x87	sub_63bb20
0x0063bd10	extcall,fs,iat,indirect,undef=4,x87	sub_63bd10
0x0063beb0	ok	sub_63beb0
0x0063bee0	ok	sub_63bee0
0x0063bf10	extcall,fs,iat,indirect,x87	sub_63bf10
0x0063c340	extcall,fs,iat,indirect,undef=4,x87	sub_63c340
0x0063c390	extcall,fs,iat,indirect,x87	sub_63c390
0x0063c3a0	extcall,fs,iat,indirect,undef=4,x87	sub_63c3a0
0x0063c4e0	extcall,fs,iat,indirect,undef=4,x87	sub_63c4e0
0x0063c500	ok	nullsub_175
0x0063c510	extcall,fs,iat,indirect,x87	sub_63c510
0x0063c6d0	extcall,fs,iat,indirect,undef=4,x87	sub_63c6d0
0x0063c7c0	extcall,fs,iat,indirect,undef=4,x87	sub_63c7c0
0x0063c9c0	ok	nullsub_266
0x0063c9d0	extcall,iat,indirect,undef=4	sub_63c9d0
0x0063caa0	extcall,iat,indirect	sub_63caa0
0x0063cd50	extcall,iat,indirect,undef=4	sub_63cd50
0x0063cdc0	extcall,fs,iat,indirect,undef=4,x87	sub_63cdc0
0x0063ce20	extcall,fs,iat,indirect	sub_63ce20
0x0063cef0	extcall,iat,indirect	sub_63cef0
0x0063cf00	indirect	deflateInit_
0x0063cf30	indirect,undef=4	sub_63cf30
0x0063d120	undef=4	sub_63d120
0x0063d1a0	indirect,undef=4	sub_63d1a0
0x0063d420	ok	sub_63d420
0x0063d450	undef=4	sub_63d450
0x0063d4d0	indirect,undef=4	sub_63d4d0
0x0063d560	undef=4	sub_63d560
0x0063d600	undef=4	sub_63d600
0x0063d6f0	undef=4	sub_63d6f0
0x0063d820	undef=4	sub_63d820
0x0063d8a0	undef=4	sub_63d8a0
0x0063dad0	ok	sub_63dad0
0x0063dc40	undef=4	sub_63dc40
0x0063df40	indirect,undef=4	sub_63df40
0x0063df90	indirect,undef=4	sub_63df90
0x0063dfe0	indirect,undef=4	sub_63dfe0
0x0063e0f0	indirect	sub_63e0f0
0x0063e110	indirect,undef=4	inflate
0x0063e520	undef=4	sub_63e520
0x0063e540	extcall,iat,indirect	sub_63e540
0x0063e590	extcall,iat,indirect	sub_63e590
0x0063e5e0	extcall,iat,indirect,undef=4	sub_63e5e0
0x0063e6e0	extcall,iat,indirect,undef=4	sub_63e6e0
0x0063e7f0	undef=4	sub_63e7f0
0x0063e820	extcall,iat,indirect,undef=4	sub_63e820
0x0063e860	undef=4	sub_63e860
0x0063e950	extcall,indirect,x87	sub_63e950
0x0063f000	extcall,indirect,x87	sub_63f000
0x0063f5e0	extcall,x87	sub_63f5e0
0x0063f9b0	indirect,undef=4	sub_63f9b0
0x0063fa80	extcall,undef=4,x87	sub_63fa80
0x0063fca0	extcall,x87	sub_63fca0
0x0063fe00	extcall,x87	sub_63fe00
0x0063ffe0	extcall,x87	sub_63ffe0
0x006401b0	ok	sub_6401b0
0x006404f0	x87	sub_6404f0
0x00640a50	extcall	sub_640a50
0x00640a70	extcall,iat,indirect	sub_640a70
0x00640a80	undef=4	sub_640a80
0x00640bb0	ok	sub_640bb0
0x00640c30	ok	sub_640c30
0x00640e50	ok	sub_640e50
0x00640ec0	ok	sub_640ec0
0x00640f40	ok	sub_640f40
0x00641000	ok	__tr_align
0x00641280	undef=4	__tr_flush_block
0x006414b0	ok	_build_tree
0x006416f0	ok	sub_6416f0
0x006417d0	ok	_gen_bitlen
0x00641a00	ok	sub_641a00
0x00641a70	undef=4	sub_641a70
0x00641b60	ok	_send_all_trees
0x00641dd0	ok	_send_tree
0x00642350	ok	sub_642350
0x00642480	ok	_compress_block
0x006428c0	ok	sub_6428c0
0x00642940	undef=4	sub_642940
0x00642960	undef=4	sub_642960
0x006429f0	undef=4	sub_6429f0
0x00642a70	undef=4	sub_642a70
0x00642b10	indirect,undef=4	sub_642b10
0x00642bb0	indirect,undef=4	sub_642bb0
0x00642c20	indirect	_inflate_blocks
0x00643950	indirect,undef=4	sub_643950
0x00643990	indirect	sub_643990
0x006439f0	indirect	_huft_build
0x00643eb0	indirect,undef=4	sub_643eb0
0x00643fa0	indirect	sub_643fa0
0x006440e0	ok	sub_6440e0
0x00644100	indirect,undef=4	sub_644100
0x00644140	indirect,undef=4	sub_644140
0x00644180	indirect	_inflate_codes
0x00644910	indirect	sub_644910
0x00644930	indirect	sub_644930
0x00644a70	ok	_inflate_fast
0x00644dc0	iat	ICClose
0x00644dc6	iat	ICSendMessage
0x00644dcc	iat	ICOpen
0x00644ef2	extcall,iat,indirect,undef=4	_free
0x00645398	extcall	_atexit
0x0064557f	extcall,iat,indirect	??3@YAXPAX@Z
0x0064558a	extcall	??2@YAPAXI@Z
0x00645646	extcall	_fopen
0x006456e4	extcall,fs,indirect	??_M@YGXPAXIHP6EX0@Z@Z
0x006457c2	extcall,fs,indirect	??_L@YGXPAXIHP6EX0@Z1@Z
0x0064584d	extcall,x87	sub_64584d
0x00645864	ok	nullsub_18
0x00646010	extcall	_srand
0x0064603f	extcall	__fwrite
0x00646178	extcall	__fread
0x00646855	extcall	_fgetc
0x00646886	extcall	_fputc
0x006470a6	extcall	_malloc
0x0064955b	extcall	sub_64955b
0x0064cb7a	iat,indirect	sub_64cb7a
0x0064cb8b	iat,indirect	sub_64cb8b
0x0064d725	extcall	sub_64d725
0x0064d73b	extcall	sub_64d73b
0x0064d751	extcall	sub_64d751
0x0064d77e	extcall	sub_64d77e
0x0064f09c	undef=4	sub_64f09c
0x006501f0	iat	DirectSoundCreate
0x006501f6	iat	GetSaveFileNameA
0x006501fc	iat	GetOpenFileNameA
0x00650202	iat	DirectDrawEnumerateA
0x00650208	iat	DirectPlayLobbyCreateA
0x0065020e	iat	DirectPlayEnumerateA
0x00650214	iat	DirectPlayCreate
0x0065021a	iat	RtlUnwind
0x0065bfb1	extcall,fs,iat,indirect,x87	sub_65bfb1
0x0065bfbc	extcall,fs,iat,indirect,x87	sub_65bfbc
0x0065bfc7	extcall,fs,iat,indirect,x87	sub_65bfc7
0x0065bfd2	extcall,fs,iat,indirect,x87	sub_65bfd2
0x0065bfdd	extcall,fs,iat,indirect,x87	sub_65bfdd
0x0065bfe5	extcall,fs,iat,indirect,x87	sub_65bfe5
0x0065bff3	extcall,fs,iat,indirect,x87	sub_65bff3
0x0065c001	extcall,fs,iat,indirect,x87	sub_65c001
0x0065c009	extcall,fs,iat,indirect,x87	sub_65c009
0x0065c011	extcall,fs,iat,indirect,x87	sub_65c011
0x0065c01c	extcall,iat,indirect	sub_65c01c
0x0065c027	extcall,fs,iat,indirect,x87	sub_65c027
0x0065c032	extcall,fs,iat,indirect,x87	sub_65c032
0x0065c03d	extcall,iat,indirect	sub_65c03d
0x0065c048	extcall,fs,indirect	sub_65c048
0x0065c053	extcall,fs,indirect	sub_65c053
0x0065c05e	extcall,fs,iat,indirect,x87	sub_65c05e
0x0065c069	extcall,iat,indirect	sub_65c069
0x0065c074	extcall,fs,iat,indirect,x87	sub_65c074
0x0065c07f	extcall,fs,iat,indirect,x87	sub_65c07f
0x0065c08a	extcall,fs,iat,indirect,x87	sub_65c08a
0x0065c092	extcall,fs,iat,indirect,x87	sub_65c092
0x0065c0a0	extcall,fs,iat,indirect,x87	sub_65c0a0
0x0065c0ae	extcall,fs,iat,indirect,x87	sub_65c0ae
0x0065c0b6	extcall,fs,iat,indirect,x87	sub_65c0b6
0x00664000	selfmod,undef=4,x87	sub_664000
0x006646fb	selfmod	sub_6646fb
0x006647f0	selfmod,undef=4,x87	sub_6647f0
0x00664d51	selfmod	sub_664d51
0x00664e50	selfmod,undef=4,x87	sub_664e50
0x0066554b	selfmod	sub_66554b
0x00665640	selfmod,undef=4,x87	sub_665640
0x00665ba1	selfmod	sub_665ba1
0x00665ca0	selfmod,undef=4,x87	sub_665ca0
0x0066638f	selfmod	sub_66638f
0x00666440	selfmod,undef=4,x87	sub_666440
0x00666989	selfmod	sub_666989
0x00666a80	selfmod,undef=4,x87	sub_666a80
0x00666f68	selfmod	sub_666f68
0x00667380	selfmod,undef=4,x87	sub_667380
0x00667a6f	selfmod	sub_667a6f
0x00667b20	selfmod,undef=4,x87	sub_667b20
0x00668069	selfmod	sub_668069
