address	verdict	cases	compared	detail	name
0x00401000	PASS	16	15		??0StringStruct@@QAE@H@Z
0x00401060	INCONCLUSIVE-original-fault	16	0	INCONCLUSIVE-original-fault code 0xc0000005 at 0x00401077 after 0 steps	?close@StringStruct@@QAEXXZ
0x00401100	SKIP	0	0	reaches an import	?add@StringStruct@@QAEHH@Z
0x00401520	SKIP	0	0	reaches an import	sub_401520
0x00401560	PASS	16	4		?seek_id@StringStruct@@QAEHH@Z
0x004015b0	SKIP	0	0	calls a body the lift does not have	?seek_pos@StringStruct@@QAEHH@Z
0x00401640	PASS	16	5		?current_id@StringStruct@@QAEHXZ
0x00401660	PASS	16	13		??0ServiceStruct@@QAE@H@Z
0x004016c0	INCONCLUSIVE-original-fault	16	0	INCONCLUSIVE-original-fault code 0xc0000005 at 0x004016d4 after 0 steps	?close@ServiceStruct@@QAEXXZ
0x00401760	SKIP	0	0	reaches an import	?add@ServiceStruct@@QAEHH@Z
0x00401b80	PASS	16	14		sub_401b80
0x00401be0	PASS	16	1		sub_401be0
0x00401c80	PASS	16	14		SessionStruct::SessionStruct
0x00401ce0	INCONCLUSIVE-original-fault	16	0	INCONCLUSIVE-original-fault code 0xc0000005 at 0x00401d16 after 0 steps	SessionStruct::close
0x00401d80	SKIP	0	0	reaches an import	sub_401d80
0x00402310	PASS	16	15		sub_402310
0x00402320	SKIP	0	0	reaches an import	sub_402320
0x00402350	SKIP	0	0	reaches an import	sub_402350
0x004023a0	SKIP	0	0	uses fs: (SEH chain is not in the image)	sub_4023a0
0x00402500	PASS	16	2		?next_entry@StringStruct@@QAEHXZ
0x00402530	PASS	16	2	passed on the seeds that could be judged; 2 case(s) thrown out - the original read the unmodellable top 64 KiB	?current_entry@StringStruct@@QAEHXZ
0x00402550	SKIP	0	0	reaches an import	SpriteStruct::add
0x00402970	PASS	16	3		StringStruct::remove_all
0x004029f0	SKIP	0	0	reaches an import	??1StringStruct@@QAE@H@Z
0x00402a60	SKIP	0	0	reaches an import	ServiceStruct::dt
0x00402ad0	SKIP	0	0	reaches an import	sub_402ad0
0x00402b40	SKIP	0	0	reaches an import	SessionStruct::dt
0x00402bb0	SKIP	0	0	reaches an import	sub_402bb0
0x00402c20	SKIP	0	0	reaches an import	sub_402c20
0x00402c70	SKIP	0	0	reaches an import	sub_402c70
0x00402cc0	SKIP	0	0	reaches an import	sub_402cc0
0x00402d10	PASS	16	14		sub_402d10
0x00402d80	SKIP	0	0	reaches an import	sub_402d80
0x00402dd0	SKIP	0	0	uses fs: (SEH chain is not in the image)	sub_402dd0
0x00402ee0	PASS	16	3		sub_402ee0
0x00402f10	SKIP	0	0	uses fs: (SEH chain is not in the image)	??__Eg_ALPHAMENU_WAVE@@YAXXZ
0x00402f30	SKIP	0	0	reaches an import	??__Fg_ALPHAMENU_WAVE@@YAXXZ
0x00402f40	SKIP	0	0	reaches an import	?init@AlphaMenu@@QAEHPAUWin@@@Z
0x004031a0	SKIP	0	0	reaches an import	?compute@AlphaMenu@@QAEXXZ
0x004032a0	INCONCLUSIVE-original-fault	16	0	INCONCLUSIVE-original-fault code 0xc0000005 at 0x009d4dfc after 0 steps	?adjust@AlphaMenu@@QAEXXZ
0x00403340	SKIP	0	0	reaches an import	?on_redraw@AlphaMenu@@QAEXXZ
0x00403550	SKIP	0	0	reaches an import	?on_mouse_move@AlphaMenu@@QAEXHH@Z
0x00403610	PASS	16	16		?requested_height@AlphaMenu@@QAEHXZ
0x00403620	INCONCLUSIVE-original-fault	16	0	INCONCLUSIVE-original-fault code 0xc0000005 at 0x0040364c after 0 steps	?on_adjust_pulldown_pos@AlphaMenu@@QAEXPAHPAH@Z
0x00403680	SKIP	0	0	reaches an import	?show@AlphaMenu@@QAEXXZ
0x00403830	SKIP	0	0	reaches an import	?hide@AlphaMenu@@QAEXXZ
0x00403af0	SKIP	0	0	reaches an import	?fill_func@AlphaMenu@@QAAHPAUGraphicWin@@HPAURECT@@@Z
0x00403b70	SKIP	0	0	reaches an import	?backfill_func@AlphaMenu@@QAAHPAUGraphicWin@@@Z
0x00403ba0	SKIP	0	0	reaches an import	?amovie_project@@YAXH@Z
0x00403be0	SKIP	0	0	reaches an import	?amovie_project@@YAXPAD@Z
0x00404010	SKIP	0	0	reaches an import	??0AlphaMovie@@QAE@XZ
0x00404070	SKIP	0	0	reaches an import	?exec@AlphaMovie@@QAEHPAD@Z
0x004041c0	PASS	16	14		?on_modal@AlphaMovie@@QAE_NXZ
0x004041e0	SKIP	0	0	reaches an import	?close@AlphaMovie@@QAEXXZ
0x00404200	INCONCLUSIVE-original-fault	16	0	INCONCLUSIVE-original-fault code 0xc0000005 at 0x00000068 after 0 steps	?UNK1@AlphaMovie@@QAEXXZ
0x00404210	INCONCLUSIVE-original-fault	16	0	INCONCLUSIVE-original-fault code 0xc0000005 at 0x0000001c after 0 steps	?on_key_click@AlphaMovie@@QAEHHH@Z
0x00404220	PASS	16	16		?UNK2@AlphaMovie@@QAEHHHH@Z
0x00404230	PASS	16	16		?UNK3@AlphaMovie@@QAEHH@Z
0x00404240	PASS	16	16		?UNK4@AlphaMovie@@QAEHHHHH@Z
0x00404250	PASS	16	16		?UNK5@AlphaMovie@@QAEHH@Z
0x00404260	PASS	16	16		?UNK6@AlphaMovie@@QAEXHH@Z
0x00404270	PASS	16	16		?UNK6@AlphaMovie@@QAEXH@Z
0x00404280	PASS	16	16		?UNK7@AlphaMovie@@QAEXXZ
0x00404290	SKIP	0	0	reaches an import	?update@AlphaMovie@@QAEXXZ
0x004042a0	PASS	16	16		?UNK8@AlphaMovie@@QAEHHH@Z
0x004042b0	PASS	16	16		sub_4042b0
0x004042c0	SKIP	0	0	reaches an import	??1MCIVideo@@QAE@XZ
0x00404310	SKIP	0	0	reaches an import	??1AlphaMovie@@QAE@XZ
0x004043a0	SKIP	0	0	reaches an import	??_GAlphaMovie@@UAEPAXI@Z
0x004043d0	SKIP	0	0	reaches an import	??1UV2Player@@QAE@XZ
0x00404420	PASS	16	16		sub_404420
0x00404430	SKIP	0	0	reaches an import	??3AlphaMovie@@SAXPAXI@Z
0x00404440	SKIP	0	0	calls a body the lift does not have	??__Eg_UNUSED_SPRITE_VAR02@@YAXXZ
0x00404460	SKIP	0	0	reaches an import	??__Fg_UNUSED_SPRITE_VAR02@@YAXXZ
0x00404470	SKIP	0	0	calls a body the lift does not have	??__Eg_UNUSED_SPRITE_VAR11@@YAXXZ
0x00404490	SKIP	0	0	reaches an import	??__Fg_UNUSED_SPRITE_VAR11@@YAXXZ
0x004044a0	SKIP	0	0	calls a body the lift does not have	??__Eg_UNUSED_SPRITE_VAR06@@YAXXZ
0x004044c0	SKIP	0	0	reaches an import	??__Fg_UNUSED_SPRITE_VAR06@@YAXXZ
0x004044d0	SKIP	0	0	calls a body the lift does not have	??__Eg_UNUSED_SPRITE_VAR09@@YAXXZ
0x004044f0	SKIP	0	0	reaches an import	??__Fg_UNUSED_SPRITE_VAR09@@YAXXZ
0x00404500	SKIP	0	0	calls a body the lift does not have	??__Eg_UNUSED_SPRITE_VAR21@@YAXXZ
0x00404520	SKIP	0	0	reaches an import	??__Fg_UNUSED_SPRITE_VAR21@@YAXXZ
0x00404530	SKIP	0	0	calls a body the lift does not have	??__Eg_UNUSED_SPRITE_VAR05@@YAXXZ
0x00404550	SKIP	0	0	reaches an import	??__Fg_UNUSED_SPRITE_VAR05@@YAXXZ
0x00404560	SKIP	0	0	calls a body the lift does not have	??__Eg_UNUSED_SPRITE_VAR08@@YAXXZ
0x00404580	SKIP	0	0	reaches an import	??__Fg_UNUSED_SPRITE_VAR08@@YAXXZ
0x00404590	SKIP	0	0	calls a body the lift does not have	??__Eg_UNUSED_SPRITE_VAR04@@YAXXZ
0x004045b0	SKIP	0	0	reaches an import	??__Fg_UNUSED_SPRITE_VAR04@@YAXXZ
0x004045c0	SKIP	0	0	calls a body the lift does not have	??__Eg_UNUSED_SPRITE_VAR01@@YAXXZ
0x004045e0	SKIP	0	0	reaches an import	??__Fg_UNUSED_SPRITE_VAR01@@YAXXZ
0x004045f0	SKIP	0	0	calls a body the lift does not have	??__Eg_UNUSED_SPRITE_VAR18@@YAXXZ
0x00404610	SKIP	0	0	reaches an import	??__Fg_UNUSED_SPRITE_VAR18@@YAXXZ
0x00404620	SKIP	0	0	calls a body the lift does not have	??__Eg_UNUSED_SPRITE_VAR03@@YAXXZ
0x00404640	SKIP	0	0	reaches an import	??__Fg_UNUSED_SPRITE_VAR03@@YAXXZ
0x00404650	SKIP	0	0	calls a body the lift does not have	??__Eg_UNUSED_SPRITE_VAR20@@YAXXZ
0x00404670	SKIP	0	0	reaches an import	??__Fg_UNUSED_SPRITE_VAR20@@YAXXZ
0x00404680	SKIP	0	0	calls a body the lift does not have	??__Eg_UNUSED_SPRITE_VAR16@@YAXXZ
0x004046a0	SKIP	0	0	reaches an import	??__Fg_UNUSED_SPRITE_VAR16@@YAXXZ
0x004046b0	SKIP	0	0	calls a body the lift does not have	??__Eg_UNUSED_SPRITE_VAR14@@YAXXZ
0x004046d0	SKIP	0	0	reaches an import	??__Fg_UNUSED_SPRITE_VAR14@@YAXXZ
0x004046e0	SKIP	0	0	calls a body the lift does not have	??__Eg_UNUSED_SPRITE_VAR22@@YAXXZ
0x00404700	SKIP	0	0	reaches an import	??__Fg_UNUSED_SPRITE_VAR22@@YAXXZ
0x00404710	SKIP	0	0	calls a body the lift does not have	??__Eg_UNUSED_SPRITE_VAR10@@YAXXZ
0x00404730	SKIP	0	0	reaches an import	??__Fg_UNUSED_SPRITE_VAR10@@YAXXZ
0x00404740	SKIP	0	0	calls a body the lift does not have	??__Eg_UNUSED_SPRITE_VAR15@@YAXXZ
0x00404760	SKIP	0	0	reaches an import	??__Fg_UNUSED_SPRITE_VAR15@@YAXXZ
0x00404770	SKIP	0	0	calls a body the lift does not have	??__Eg_UNUSED_SPRITE_VAR13@@YAXXZ
0x00404790	SKIP	0	0	reaches an import	??__Fg_UNUSED_SPRITE_VAR13@@YAXXZ
0x004047a0	SKIP	0	0	calls a body the lift does not have	??__Eg_UNUSED_SPRITE_VAR17@@YAXXZ
0x004047c0	SKIP	0	0	reaches an import	??__Fg_UNUSED_SPRITE_VAR17@@YAXXZ
0x004047d0	SKIP	0	0	calls a body the lift does not have	??__Eg_UNUSED_SPRITE_VAR19@@YAXXZ
0x004047f0	SKIP	0	0	reaches an import	??__Fg_UNUSED_SPRITE_VAR19@@YAXXZ
0x00404800	SKIP	0	0	calls a body the lift does not have	??__Eg_UNUSED_SPRITE_VAR12@@YAXXZ
0x00404820	SKIP	0	0	reaches an import	??__Fg_UNUSED_SPRITE_VAR12@@YAXXZ
0x00404830	SKIP	0	0	calls a body the lift does not have	??__Eg_UNUSED_SPRITE_VAR07@@YAXXZ
0x00404850	SKIP	0	0	reaches an import	??__Fg_UNUSED_SPRITE_VAR07@@YAXXZ
0x00404860	SKIP	0	0	reaches an import	?sprite_draw_func@@YAXPAUSprite@@PAUGraphicWin@@HHH@Z
0x004048a0	SKIP	0	0	reaches an import	??0Popup@@QAE@XZ
0x00404900	SKIP	0	0	reaches an import	?close@Popup@@QAEXXZ
0x00404920	SKIP	0	0	reaches an import	?show@Popup@@QAEXH@Z
0x00404a80	SKIP	0	0	reaches an import	?hide@Popup@@QAEXXZ
0x00404b00	SKIP	0	0	reaches an import	?on_redraw@Popup@@QAEXXZ
0x00404b10	SKIP	0	0	reaches an import	?calculate_dimensions@Popup@@QAEHXZ
0x00404ef0	PASS	16	15		?on_post_window_init@Popup@@QAEXXZ
0x00404f80	PASS	16	16		?on_redraw_nc@Popup@@QAEXPAURECT@@H@Z
0x00404f90	PASS	16	13		?on_nc_hittest@Popup@@QAEHHH@Z
0x00404fb0	SKIP	0	0	reaches an import	?alloc@Popup@@QAAHXZ
0x00405020	PASS	16	14		?on_adjust_button_width@Popup@@QAEXXZ
0x00405050	PASS	16	8		?on_adjust_button_placement@Popup@@QAEXPAH00@Z
0x004050a0	SKIP	0	0	reaches an import	?on_link_clicked@Popup@@QAEHHPAD@Z
0x00405140	SKIP	0	0	reaches an import	?POP2@@YAHPBDPBDH@Z
0x004055a0	SKIP	0	0	reaches an import	?POP3@@YAXPBDPBDHHH@Z
0x00405910	SKIP	0	0	reaches an import	?on_exec@Popup@@QAEHXZ
0x00405b10	PASS	16	16		?on_dialog_back_draw@Popup@@QAEHPAUGraphicWin@@@Z
0x00405b20	SKIP	0	0	reaches an import	?on_dialog_item_back_draw@Popup@@QAEHPAUGraphicWin@@HHPAURECT@@@Z
0x00405c80	SKIP	0	0	reaches an import	?on_draw_background@Popup@@QAEHXZ
0x00406260	SKIP	0	0	reaches an import	?on_listbox_scroll_create@Popup@@QAEHXZ
0x00406330	SKIP	0	0	reaches an import	?on_listbox_scroll_delete@Popup@@QAEHPAUScroll@@@Z
0x00406380	SKIP	0	0	reaches an import	?start@Popup@@QAEXPADPBDHPADHPAUGraphicWin@@@Z
0x004064d0	SKIP	0	0	reaches an import	??1BasePop@@QAE@XZ
0x00406670	SKIP	0	0	reaches an import	sub_406670
0x004066c0	SKIP	0	0	uses fs: (SEH chain is not in the image)	sub_4066c0
0x00406820	SKIP	0	0	uses fs: (SEH chain is not in the image)	sub_406820
0x00406840	PASS	16	16		sub_406840
0x00406850	SKIP	0	0	reaches an import	??1Sprite@@QAE@XZ
0x00406860	SKIP	0	0	reaches an import	?hide@BaseButton@@QAEXXZ
0x00406880	SKIP	0	0	reaches an import	??1FlatButton@@QAE@XZ
0x004068e0	SKIP	0	0	reaches an import	??_GFlatButton@@UAEPAXI@Z
0x00406910	SKIP	0	0	reaches an import	??1Dialogs@@QAE@XZ
0x00406a80	PASS	16	16		sub_406a80
0x00406a90	SKIP	0	0	reaches an import	sub_406a90
0x00406af0	SKIP	0	0	reaches an import	sub_406af0
0x00406b20	PASS	16	16		nullsub_27
0x00406b30	PASS	16	16		sub_406b30
0x00406b40	SKIP	0	0	reaches an import	??_GBasePop@@UAEPAXI@Z
0x00406b70	INCONCLUSIVE-original-fault	16	0	INCONCLUSIVE-original-fault code 0xc0000005 at 0x00406b92 after 0 steps	sub_406b70
0x00406ba0	INCONCLUSIVE-original-fault	16	0	INCONCLUSIVE-original-fault code 0xc0000005 at 0x00000050 after 0 steps	sub_406ba0
0x00406bd0	SKIP	0	0	reaches an import	??_GPopup@@UAEPAXI@Z
0x00406c00	SKIP	0	0	reaches an import	??1Popup@@QAE@XZ
0x00406e60	SKIP	0	0	reaches an import	??1Scroll@@QAE@XZ
0x00406f20	SKIP	0	0	reaches an import	??_GScroll@@UAEPAXI@Z
0x00406f50	SKIP	0	0	reaches an import	??1thunk1_RadioButton@@QAE@H@Z
0x00406f60	SKIP	0	0	reaches an import	??1RadioButton@@QAE@H@Z
0x00406ff0	SKIP	0	0	reaches an import	?on_redraw@thunk1_RadioButton@@QAEXXZ
0x00407000	SKIP	0	0	calls a body the lift does not have	?on_mouse_move@thunk1_RadioButton@@QAEXHH@Z
0x00407010	INCONCLUSIVE-original-fault	16	0	INCONCLUSIVE-original-fault code 0xc0000005 at 0x0060e4a3 after 0 steps	?on_mouse_leave@thunk1_RadioButton@@QAEXHH@Z
0x00407020	SKIP	0	0	reaches an import	?on_left_down@thunk1_RadioButton@@QAEXHH@Z
0x00407030	SKIP	0	0	reaches an import	?on_key_down@thunk1_RadioButton@@QAEHH@Z
0x00407040	SKIP	0	0	calls a body the lift does not have	?on_left_double_click@thunk1_RadioButton@@QAEXHH@Z
0x00407050	INCONCLUSIVE-original-fault	16	0	INCONCLUSIVE-original-fault code 0xc0000005 at 0x0060e303 after 0 steps	?on_dialog_focus@thunk1_RadioButton@@QAEXH@Z
0x00407060	SKIP	0	0	reaches an import	??1thunk2_RadioButton@@QAE@H@Z
0x00407080	SKIP	0	0	reaches an import	??1thunk3_RadioButton@@QAE@H@Z
0x00407090	SKIP	0	0	reaches an import	?attach@thunk1_RadioButton@@QAEHPAUGraphicWin@@HHH@Z
0x004070a0	SKIP	0	0	reaches an import	?on_redraw@thunk3_RadioButton@@QAEXXZ
0x004070b0	SKIP	0	0	reaches an import	??3BasePop@@SAXPAXI@Z
0x004070c0	SKIP	0	0	reaches an import	??3Scroll@@SAXPAXI@Z
0x004070d0	SKIP	0	0	reaches an import	??3Popup@@SAXPAXI@Z
0x004070e0	SKIP	0	0	reaches an import	??3FlatButton@@SAXPAXI@Z
0x004070f0	SKIP	0	0	reaches an import	??_Gthunk1_Dialogs@@UAEPAXI@Z
0x00407100	SKIP	0	0	reaches an import	??_GDialogs@@UAEPAXI@Z
0x00407150	PASS	16	14		?on_scroll_create@thunk1_Dialogs@@QAEXXZ
0x00407160	PASS	16	13		?on_scroll_delete@thunk1_Dialogs@@QAEHPAUScroll@@@Z
0x00407170	SKIP	0	0	reaches an import	?on_redraw@thunk1_Dialogs@@QAEXXZ
0x00407180	PASS	16	16		?on_mousewheel@thunk1_Dialogs@@QAEXH@Z
0x00407190	SKIP	0	0	reaches an import	?on_mouse_move@thunk1_Dialogs@@QAEXHH@Z
0x004071a0	PASS	16	13		?on_mouse_leave@thunk1_Dialogs@@QAEXHH@Z
0x004071b0	SKIP	0	0	reaches an import	?on_left_click@thunk1_Dialogs@@QAEXHH@Z
0x004071c0	SKIP	0	0	reaches an import	?on_left_down@thunk1_Dialogs@@QAEXHH@Z
0x004071d0	SKIP	0	0	reaches an import	?on_left_up@thunk1_Dialogs@@QAEXHH@Z
0x004071e0	SKIP	0	0	reaches an import	?on_right_click@thunk1_Dialogs@@QAEXHH@Z
0x004071f0	SKIP	0	0	reaches an import	?on_right_down@thunk1_Dialogs@@QAEXHH@Z
0x00407200	SKIP	0	0	reaches an import	?on_right_up@thunk1_Dialogs@@QAEXHH@Z
0x00407210	SKIP	0	0	reaches an import	?on_key_down@thunk1_Dialogs@@QAEHH@Z
0x00407220	SKIP	0	0	reaches an import	?on_left_double_click@thunk1_Dialogs@@QAEXHH@Z
0x00407230	SKIP	0	0	reaches an import	?on_right_double_click@thunk1_Dialogs@@QAEXHH@Z
0x00407240	SKIP	0	0	reaches an import	?on_scrolled@thunk1_Dialogs@@QAEXHH@Z
0x00407250	SKIP	0	0	reaches an import	?on_scrolling@thunk1_Dialogs@@QAEXHH@Z
0x00407260	PASS	16	13	passed on the seeds that could be judged; 1 case(s) thrown out - the original read the unmodellable top 64 KiB	?on_dialog_focus@thunk1_Dialogs@@QAEXH@Z
0x00407270	PASS	16	13	passed on the seeds that could be judged; 1 case(s) thrown out - the original read the unmodellable top 64 KiB	?pass_dialog_focus@thunk1_Dialogs@@QAEXXZ
0x00407280	SKIP	0	0	reaches an import	??_Gthunk2_Dialogs@@UAEPAXI@Z
0x004072a0	SKIP	0	0	reaches an import	??_Gthunk3_Dialogs@@UAEPAXI@Z
0x004072b0	SKIP	0	0	reaches an import	?attach@thunk1_Dialogs@@QAEHPAUGraphicWin@@HHH@Z
0x004072c0	SKIP	0	0	reaches an import	?on_redraw@thunk3_Dialogs@@QAEXXZ
0x004072d0	SKIP	0	0	reaches an import	?filebox_draw@AlphaSave@@QAAXPAUGraphicWin@@HHHHH@Z
0x00407350	SKIP	0	0	reaches an import	??0AlphaSave@@QAE@XZ
0x00407410	SKIP	0	0	reaches an import	?init@AlphaSave@@QAEXXZ
0x00407910	SKIP	0	0	reaches an import	?close@AlphaSave@@QAEXXZ
0x00407920	SKIP	0	0	reaches an import	?save@AlphaSave@@QAEXXZ
0x00407a80	SKIP	0	0	reaches an import	?load@AlphaSave@@QAEXXZ
0x00407be0	SKIP	0	0	reaches an import	?show@AlphaSave@@QAEXH@Z
0x00407c60	SKIP	0	0	reaches an import	?hide@AlphaSave@@QAEXXZ
0x00407cd0	SKIP	0	0	reaches an import	?on_button_clicked@AlphaSave@@QAEXH@Z
0x00407cf0	SKIP	0	0	reaches an import	?on_double_clicked@AlphaSave@@QAEXH@Z
0x00407d10	SKIP	0	0	reaches an import	?on_key_click@AlphaSave@@QAEXHH@Z
0x00407d90	SKIP	0	0	calls a body the lift does not have	?on_selected@AlphaSave@@QAEXH@Z
0x00407e80	SKIP	0	0	reaches an import	?on_listbox_scroll_create@AlphaSave@@QAEHXZ
0x00407ed0	SKIP	0	0	reaches an import	?on_listbox_scroll_delete@AlphaSave@@QAEHPAUScroll@@@Z
0x00407f00	SKIP	0	0	reaches an import	??1FileWin@@QAE@XZ
0x00408010	SKIP	0	0	reaches an import	??1EditBox@@QAE@XZ
0x00408080	SKIP	0	0	reaches an import	??_GEditBox@@UAEPAXI@Z
0x004080b0	SKIP	0	0	reaches an import	sub_4080b0
0x004080e0	INCONCLUSIVE-original-fault	16	0	INCONCLUSIVE-original-fault code 0xc0000005 at 0x00408102 after 0 steps	?on_scrolling@AlphaSave@@QAEXHH@Z
0x00408110	INCONCLUSIVE-original-fault	16	0	INCONCLUSIVE-original-fault code 0xc0000005 at 0x0000006c after 0 steps	?on_scrolled@AlphaSave@@QAEXHH@Z
0x00408140	SKIP	0	0	reaches an import	??_GAlphaSave@@UAEPAXI@Z
0x00408170	SKIP	0	0	reaches an import	??1AlphaSave@@QAE@XZ
0x00408390	SKIP	0	0	reaches an import	??3AlphaSave@@SAXPAXI@Z
0x004083a0	SKIP	0	0	reaches an import	??3EditBox@@SAXPAXI@Z
0x004083b0	SKIP	0	0	reaches an import	??__Eg_BASEWIN@@YAXXZ
0x004083d0	SKIP	0	0	reaches an import	??__Fg_BASEWIN@@YAXXZ
0x004083e0	SKIP	0	0	uses fs: (SEH chain is not in the image)	??__Eg_BASEWIN_WAVE@@YAXXZ
0x00408400	SKIP	0	0	reaches an import	??__Fg_BASEWIN_WAVE@@YAXXZ
0x00408410	SKIP	0	0	reaches an import	?load_inverts@@YAXXZ
0x00408470	PASS	16	7		sub_408470
0x00408490	SKIP	0	0	reaches an import	??0BaseWin@@QAE@XZ
0x00408710	PASS	16	16		?close@BaseWin@@QAEXXZ
0x00408720	SKIP	0	0	reaches an import	?psych_row@BaseWin@@QAEXHHHHHHH@Z
0x00408b20	SKIP	0	0	reaches an import	?draw_psych@BaseWin@@QAEXXZ
0x00408eb0	SKIP	0	0	reaches an import	?draw_support@BaseWin@@QAEXXZ
0x004090c0	PASS	16	10		?UNK1@BaseWin@@QAEHH@Z
0x00409100	INCONCLUSIVE-original-fault	16	0	INCONCLUSIVE-original-fault code 0xc0000005 at 0x00409103 after 0 steps	?farm_get@BaseWin@@QAEHHH@Z
0x00409200	SKIP	0	0	reaches an import	?queue_click@BaseWin@@QAEXHHHH@Z
0x0040a1d0	SKIP	0	0	reaches an import	?farm_click@BaseWin@@QAEXHHH@Z
0x0040a880	SKIP	0	0	reaches an import	?pop_click@BaseWin@@QAEXHHHH@Z
0x0040b120	SKIP	0	0	reaches an import	?UNK2@BaseWin@@QAEXHHHH@Z
0x0040b140	SKIP	0	0	reaches an import	?garrison_click@BaseWin@@QAEXHHHH@Z
0x0040c070	SKIP	0	0	reaches an import	?facilities_click@BaseWin@@QAEHHHHH@Z
0x0040c850	SKIP	0	0	reaches an import	?draw_supported@BaseWin@@QAEXH@Z
0x0040d250	SKIP	0	0	reaches an import	?draw_flash@BaseWin@@QAEXH@Z
0x0040e360	SKIP	0	0	reaches an import	?draw_production@BaseWin@@QAEXH@Z
0x0040f0f0	SKIP	0	0	reaches an import	?draw_farm@BaseWin@@QAEXH@Z
0x0040fcc0	SKIP	0	0	reaches an import	?draw_facilities@BaseWin@@QAEXH@Z
0x004103b0	SKIP	0	0	reaches an import	?draw_garrison@BaseWin@@QAEXH@Z
0x00410870	SKIP	0	0	reaches an import	?draw_commerce@BaseWin@@QAEXH@Z
0x00411240	SKIP	0	0	reaches an import	?draw_nutrients@BaseWin@@QAEXH@Z
0x00411980	SKIP	0	0	reaches an import	?draw_energy_alloc@BaseWin@@QAEXH@Z
0x00412aa0	SKIP	0	0	reaches an import	?draw_expenses@BaseWin@@QAEXH@Z
0x00414b40	SKIP	0	0	reaches an import	?draw_pop@BaseWin@@QAEXH@Z
0x00415080	SKIP	0	0	reaches an import	?draw_queue@BaseWin@@QAEXH@Z
0x00415730	SKIP	0	0	reaches an import	?draw_misc@BaseWin@@QAEXH@Z
0x00415b20	SKIP	0	0	reaches an import	?draw_info@BaseWin@@QAEXH@Z
0x00415dd0	SKIP	0	0	reaches an import	?focus@BaseWin@@QAEXXZ
0x00415e60	SKIP	0	0	reaches an import	?UNK3@BaseWin@@QAEXH@Z
0x00415f00	SKIP	0	0	reaches an import	?gov_activate@BaseWin@@QAEXXZ
0x00415f70	SKIP	0	0	reaches an import	?gov_on@BaseWin@@QAEXH@Z
0x004160f0	SKIP	0	0	reaches an import	?iface_click@BaseWin@@QAEXHHHH@Z
0x00416540	SKIP	0	0	reaches an import	?bubble_me_elmo2@BaseWin@@QAEXPADHH@Z
0x00416580	SKIP	0	0	reaches an import	?bubble_me_elmo2@BaseWin@@QAGXPADHH@Z
0x004165d0	SKIP	0	0	reaches an import	?click@BaseWin@@QAEXHHHH@Z
0x00416d90	SKIP	0	0	reaches an import	?recompute@BaseWin@@QAEXH@Z
0x00416dd0	PASS	16	16		?UNK4@BaseWin@@QAEXXZ
0x00416de0	SKIP	0	0	reaches an import	?add_queue@BaseWin@@QAEXHH@Z
0x00416fb0	SKIP	0	0	reaches an import	?delete_queue@BaseWin@@QAEXH@Z
0x00417040	SKIP	0	0	reaches an import	?production@BaseWin@@QAEXHH@Z
0x00418df0	SKIP	0	0	reaches an import	?hurry@BaseWin@@QAEXXZ
0x00419a90	SKIP	0	0	reaches an import	?governor@BaseWin@@QAEHH@Z
0x0041a010	SKIP	0	0	reaches an import	?prev@BaseWin@@QAEXXZ
0x0041a160	SKIP	0	0	reaches an import	?next@BaseWin@@QAEXXZ
0x0041a2b0	SKIP	0	0	reaches an import	?rename@BaseWin@@QAEXXZ
0x0041a4c0	SKIP	0	0	reaches an import	?exit@BaseWin@@QAEXXZ
0x0041a610	PASS	16	16		?UNK5@BaseWin@@QAEXH@Z
0x0041a620	SKIP	0	0	reaches an import	?base_killed@BaseWin@@QAEXH@Z
0x0041a7a0	SKIP	0	0	reaches an import	?check_base@BaseWin@@QAEXH@Z
0x0041a7e0	SKIP	0	0	reaches an import	?check_loc@BaseWin@@QAEXHHH@Z
0x0041a8b0	SKIP	0	0	reaches an import	?check_veh@BaseWin@@QAEXH@Z
0x0041a920	SKIP	0	0	reaches an import	?zoom@BaseWin@@QAEXHH@Z
0x0041ae40	SKIP	0	0	reaches an import	?soft_zoom@BaseWin@@QAEXH@Z
0x0041af20	PASS	16	16		?UNK6@BaseWin@@QAEXXZ
0x0041af30	PASS	16	16		?UNK7@BaseWin@@QAEXXZ
0x0041af40	PASS	16	16		?timer_callback@BaseWin@@QAAXHH@Z
0x0041af50	SKIP	0	0	reaches an import	?on_key_click@BaseWin@@QAEXHH@Z
0x0041af70	SKIP	0	0	reaches an import	?on_left_click@BaseWin@@QAEXHH@Z
0x0041af90	SKIP	0	0	reaches an import	?on_right_click@BaseWin@@QAEXHH@Z
0x0041afb0	SKIP	0	0	reaches an import	?on_left_double_click@BaseWin@@QAEXHH@Z
0x0041afd0	SKIP	0	0	reaches an import	?on_left_up@BaseWin@@QAEXHH@Z
0x0041b110	SKIP	0	0	reaches an import	?on_left_down@BaseWin@@QAEXHH@Z
0x0041b1e0	SKIP	0	0	reaches an import	?on_mouse_leave@BaseWin@@QAEXHH@Z
0x0041b1f0	SKIP	0	0	reaches an import	?on_mouse_move@BaseWin@@QAEXHH@Z
0x0041b4a0	SKIP	0	0	reaches an import	?on_scrolled@BaseWin@@QAEXHH@Z
0x0041b4c0	INCONCLUSIVE-original-fault	16	0	INCONCLUSIVE-original-fault code 0xc0000005 at 0x00000034 after 0 steps	?on_scrolling@BaseWin@@QAEXHH@Z
0x0041b4e0	PASS	16	16		?on_button_toggled@BaseWin@@QAEXHH@Z
0x0041b4f0	SKIP	0	0	reaches an import	?staple_the_bastards@BaseWin@@QAEXXZ
0x0041b790	SKIP	0	0	reaches an import	?base_editor_fac@BaseWin@@QAEXXZ
0x0041bbc0	SKIP	0	0	reaches an import	?base_editor_proj@BaseWin@@QAEXXZ
0x0041c240	SKIP	0	0	reaches an import	?base_editor_copy@BaseWin@@QAEXH@Z
0x0041c7a0	SKIP	0	0	reaches an import	?base_editor@BaseWin@@QAEXXZ
0x0041d500	SKIP	0	0	reaches an import	?on_button_clicked@BaseWin@@QAEXH@Z
0x0041dad0	SKIP	0	0	reaches an import	?on_status@BaseWin@@QAEXH@Z
0x0041dc80	SKIP	0	0	reaches an import	?on_iface_scrolled@BaseWin@@QAEXHH@Z
0x0041dcb0	INCONCLUSIVE-original-fault	16	0	INCONCLUSIVE-original-fault code 0xc0000005 at 0x00000044 after 0 steps	?on_iface_scrolling@BaseWin@@QAEXHH@Z
0x0041dcd0	SKIP	0	0	reaches an import	?on_iface_left_click@BaseWin@@QAEXHH@Z
0x0041dcf0	SKIP	0	0	reaches an import	?on_iface_right_click@BaseWin@@QAEXHH@Z
0x0041dd10	SKIP	0	0	reaches an import	?on_iface_left_up@BaseWin@@QAEXHH@Z
0x0041de60	SKIP	0	0	reaches an import	?on_iface_left_down@BaseWin@@QAEXHH@Z
0x0041df40	PASS	16	16		?on_iface_right_down@BaseWin@@QAEXHH@Z
0x0041df50	SKIP	0	0	reaches an import	?on_iface_mouse_move@BaseWin@@QAEXHH@Z
0x0041e3e0	SKIP	0	0	reaches an import	?on_iface_mouse_leave@BaseWin@@QAEXHH@Z
0x0041e4c0	PASS	16	16		?on_iface_selected@BaseWin@@QAEXHH@Z
0x0041e4d0	SKIP	0	0	reaches an import	?on_iface_left_double_click@BaseWin@@QAEXHH@Z
0x0041e4f0	SKIP	0	0	reaches an import	?on_iface_right_double_click@BaseWin@@QAEXHH@Z
0x0041e510	INCONCLUSIVE-original-fault	16	0	INCONCLUSIVE-original-fault code 0xc0000005 at 0x0041e523 after 0 steps	?on_iface_button_clicked@BaseWin@@QAEXH@Z
0x0041e530	INCONCLUSIVE-original-fault	16	0	INCONCLUSIVE-original-fault code 0xc0000005 at 0x0041e547 after 0 steps	?on_iface_button_toggled@BaseWin@@QAEXHH@Z
0x0041e560	INCONCLUSIVE-original-fault	16	0	INCONCLUSIVE-original-fault code 0xc0000005 at 0x0041e56d after 0 steps	?update_gov_buttons@BaseWin@@QAEXXZ
0x0041e790	SKIP	0	0	reaches an import	?on_redraw@BaseWin@@QAEXXZ
0x0041e890	SKIP	0	0	reaches an import	?show@BaseWin@@QAEXH@Z
0x0041e8b0	SKIP	0	0	reaches an import	?hide@BaseWin@@QAEXXZ
0x0041e8d0	SKIP	0	0	reaches an import	?init@BaseWin@@QAEXXZ
0x00420a40	PASS	16	16		?on_nc_hittest@BaseWin@@QAEHHH@Z
0x00420a70	SKIP	0	0	reaches an import	??1BaseWin@@QAE@XZ
0x00420f90	SKIP	0	0	reaches an import	??1MapWin@@QAE@XZ
0x004210f0	SKIP	0	0	reaches an import	??1Caviar@@QAE@XZ
0x00421100	SKIP	0	0	reaches an import	??1ProdPicker@@QAE@XZ
0x004213a0	SKIP	0	0	reaches an import	??_GProdPicker@@UAEPAXI@Z
0x004213d0	SKIP	0	0	reaches an import	??_GBaseWin@@UAEPAXI@Z
0x00421400	SKIP	0	0	reaches an import	??1PopMenu@@QAE@XZ
0x00421640	SKIP	0	0	reaches an import	??_GPopMenu@@UAEPAXI@Z
0x00421670	PASS	16	15		?has_fac@@YA_NHHH@Z
0x004216f0	PASS	16	15		sub_4216f0
0x00421810	SKIP	0	0	reaches an import	??3BaseWin@@SAXPAXI@Z
0x00421820	SKIP	0	0	reaches an import	??_Gthunk1_MapWin@@UAEPAXI@Z
0x00421830	SKIP	0	0	reaches an import	??_GMapWin@@UAEPAXI@Z
0x00421870	SKIP	0	0	reaches an import	?on_lose_mouse_capture@thunk1_MapWin@@QAEXXZ
0x00421880	SKIP	0	0	reaches an import	?on_redraw@thunk1_MapWin@@QAEXXZ
0x00421890	PASS	16	14		?on_resize@thunk1_MapWin@@QAEXHH@Z
0x004218a0	SKIP	0	0	reaches an import	?on_sys_close@thunk1_MapWin@@QAEXXZ
0x004218b0	SKIP	0	0	reaches an import	?on_mouse_move@thunk1_MapWin@@QAEXHH@Z
0x004218c0	SKIP	0	0	reaches an import	?on_left_click@thunk1_MapWin@@QAEXHH@Z
0x004218d0	SKIP	0	0	reaches an import	?on_left_down@thunk1_MapWin@@QAEXHH@Z
0x004218e0	PASS	16	16		?on_left_up@thunk1_MapWin@@QAEXHH@Z
0x004218f0	SKIP	0	0	reaches an import	?on_right_click@thunk1_MapWin@@QAEXHH@Z
0x00421900	SKIP	0	0	reaches an import	?on_right_down@thunk1_MapWin@@QAEXHH@Z
0x00421910	PASS	16	13	passed on the seeds that could be judged; 2 case(s) thrown out - the original read the unmodellable top 64 KiB	?on_left_double_click@thunk1_MapWin@@QAEXHH@Z
0x00421920	INCONCLUSIVE-original-fault	16	0	INCONCLUSIVE-original-fault code 0xc0000005 at 0x0046f730 after 0 steps	?on_nc_left_down@thunk1_MapWin@@QAEXHH@Z
0x00421930	SKIP	0	0	reaches an import	?on_button_clicked@thunk1_MapWin@@QAEXH@Z
0x00421940	INCONCLUSIVE-original-fault	16	0	INCONCLUSIVE-original-fault code 0xc0000005 at 0x0046f690 after 0 steps	?on_nc_hittest@thunk1_MapWin@@QAEXHH@Z
0x00421950	SKIP	0	0	reaches an import	??_Gthunk2_MapWin@@UAEPAXI@Z
0x00421970	SKIP	0	0	reaches an import	??3ProdPicker@@SAXPAXI@Z
0x00421980	SKIP	0	0	reaches an import	PopMenu::delete1
0x00421990	SKIP	0	0	reaches an import	PopMenu::delete2
0x004219a0	SKIP	0	0	reaches an import	PopMenu::delete3
0x004219b0	SKIP	0	0	calls a body the lift does not have	??__Eg_BattleWin@@YAXXZ
0x004219d0	SKIP	0	0	reaches an import	??__Fg_BattleWin@@YAXXZ
0x004219e0	SKIP	0	0	reaches an import	?init@BattleWin@@QAEXXZ
0x00421b20	SKIP	0	0	reaches an import	?pulse_timer@BattleWin@@QAEXXZ
0x00421b40	SKIP	0	0	reaches an import	?stop_timer@BattleWin@@QAEXXZ
0x00421b50	SKIP	0	0	reaches an import	?battle_report@BattleWin@@QAEXHHHHH@Z
0x00422c50	SKIP	0	0	reaches an import	?clear@BattleWin@@QAEXXZ
0x00422cc0	SKIP	0	0	reaches an import	?on_status@BattleWin@@QAEXH@Z
0x00422dc0	SKIP	0	0	reaches an import	?on_iface_button_clicked@BattleWin@@QAEXH@Z
0x00422de0	SKIP	0	0	reaches an import	?on_iface_group_clicked@BattleWin@@QAEXHHH@Z
0x00422e10	PASS	16	16		?on_iface_left_click@BattleWin@@QAEXHH@Z
0x00422e20	PASS	16	16		?on_iface_right_click@BattleWin@@QAEXHH@Z
0x00422e30	SKIP	0	0	reaches an import	?on_iface_left_down@BattleWin@@QAEXHH@Z
0x00422e70	PASS	16	16		?on_iface_right_down@BattleWin@@QAEXHH@Z
0x00422e80	PASS	16	16		?on_iface_mouse_move@BattleWin@@QAEXHH@Z
0x00422e90	PASS	16	16		?on_iface_mouse_leave@BattleWin@@QAEXHH@Z
0x00422ea0	PASS	16	16		?on_iface_selected@BattleWin@@QAEXHH@Z
0x00422eb0	SKIP	0	0	reaches an import	?timer_callback_daemon@BattleWin@@QAAXHH@Z
0x00422ec0	SKIP	0	0	reaches an import	?timer_callback_daemon@BattleWin@@QAAXH@Z
0x00422ed0	SKIP	0	0	reaches an import	??1BattleWin@@QAE@XZ
0x00422ee0	PASS	16	16		??0BattleWin@@QAE@XZ
0x00422f00	PASS	16	16		?range@@YAHHHH@Z
0x00422f20	SKIP	0	0	reaches an import	?compare_palettes@@YAHXZ
0x00423000	SKIP	0	0	reaches an import	?colortables_init_faction@@YAXH@Z
0x00423570	SKIP	0	0	reaches an import	?colortables_init@@YAXXZ
0x004243a0	SKIP	0	0	reaches an import	??__Eg_COUNCWIN@@YAXXZ
0x004243c0	SKIP	0	0	reaches an import	??__Fg_COUNCWIN@@YAXXZ
0x004243d0	PASS	16	4		?clear_council_notify@@YAXH@Z
0x004243f0	PASS	16	16		?clear_council_notify@@YAXXZ
0x00424410	SKIP	0	0	reaches an import	?make_resolution@CouncWin@@QAEHH@Z
0x00424720	SKIP	0	0	reaches an import	?set_vote@CouncWin@@QAEXHH@Z
0x00424870	SKIP	0	0	reaches an import	?on_button_clicked@CouncWin@@QAEXH@Z
0x00425050	SKIP	0	0	reaches an import	?on_left_click@CouncWin@@QAEXHH@Z
0x00425ba0	SKIP	0	0	reaches an import	?on_key_click@CouncWin@@QAEHHH@Z
0x00425d90	SKIP	0	0	reaches an import	?draw_all_leaders@CouncWin@@QAEXXZ
0x00425db0	SKIP	0	0	reaches an import	?draw_leader@CouncWin@@QAEXH@Z
0x00426470	SKIP	0	0	reaches an import	?draw_info@CouncWin@@QAEXXZ
0x00426aa0	SKIP	0	0	reaches an import	?on_redraw@CouncWin@@QAEXXZ
0x00426eb0	PASS	16	16		?on_group_clicked@CouncWin@@QAEXHH@Z
0x00426ec0	SKIP	0	0	reaches an import	?on_mouse_leave@CouncWin@@QAEXHH@Z
0x00426ee0	SKIP	0	0	reaches an import	?on_mouse_move@CouncWin@@QAEXHH@Z
0x00426f80	PASS	16	16		?on_button_passover@CouncWin@@QAEXHH@Z
0x00426f90	PASS	16	16		?on_button_text_draw@CouncWin@@QAEHPAUGraphicWin@@PADH@Z
0x00426fa0	SKIP	0	0	reaches an import	?on_status@CouncWin@@QAEXH@Z
0x00427060	PASS	16	16		?on_iface_left_click@CouncWin@@QAEXHH@Z
0x00427070	PASS	16	16		?on_iface_right_click@CouncWin@@QAEXHH@Z
0x00427080	PASS	16	16		?on_iface_left_down@CouncWin@@QAEXHH@Z
0x00427090	PASS	16	16		?on_iface_right_down@CouncWin@@QAEXHH@Z
0x004270a0	PASS	16	16		?on_iface_mouse_move@CouncWin@@QAEXHH@Z
0x004270b0	PASS	16	16		?on_iface_mouse_leave@CouncWin@@QAEXHH@Z
0x004270c0	PASS	16	16		?on_iface_selected@CouncWin@@QAEXHH@Z
0x004270d0	PASS	16	16		?on_iface_left_double_click@CouncWin@@QAEXHH@Z
0x004270e0	PASS	16	16		?on_iface_right_double_click@CouncWin@@QAEXHH@Z
0x004270f0	INCONCLUSIVE-original-fault	16	0	INCONCLUSIVE-original-fault code 0xc0000005 at 0x00427103 after 0 steps	?on_iface_button_clicked@CouncWin@@QAEXH@Z
0x00427110	PASS	16	16		?on_iface_button_toggled@CouncWin@@QAEXHH@Z
0x00427120	PASS	16	16		?on_iface_group_clicked@CouncWin@@QAEXHHH@Z
0x00427130	SKIP	0	0	reaches an import	?show@CouncWin@@QAEHH@Z
0x00427150	PASS	16	13		?hide@CouncWin@@QAEHXZ
0x00427160	SKIP	0	0	reaches an import	?close@CouncWin@@QAEXXZ
0x004271c0	SKIP	0	0	reaches an import	?arrived@CouncWin@@QAEXH@Z
0x00427230	SKIP	0	0	reaches an import	?init@CouncWin@@QAEXHH@Z
0x00428350	SKIP	0	0	reaches an import	?council@@YAXHHH@Z
0x00428550	SKIP	0	0	reaches an import	??1CouncWin@@QAE@XZ
0x00428620	SKIP	0	0	reaches an import	??0CouncWin@@QAE@XZ
0x00428710	SKIP	0	0	reaches an import	??_GCouncWin@@UAEPAXI@Z
0x00428740	SKIP	0	0	reaches an import	??3CouncWin@@SAXPAXI@Z
0x00428750	SKIP	0	0	uses fs: (SEH chain is not in the image)	??__Eg_CREDITS_WAVE@@YAXXZ
0x00428770	SKIP	0	0	reaches an import	??__Fg_CREDITS_WAVE@@YAXXZ
0x00428780	SKIP	0	0	reaches an import	??0Credits@@QAE@XZ
0x00428830	SKIP	0	0	reaches an import	?unload@Credits@@QAEXXZ
0x00428880	SKIP	0	0	reaches an import	?load@Credits@@QAEXXZ
0x004289c0	SKIP	0	0	reaches an import	?close@Credits@@QAEXXZ
0x004289f0	SKIP	0	0	reaches an import	?exec@Credits@@QAEXXZ
0x00428c00	SKIP	0	0	reaches an import	?draw_credits@Credits@@QAEXXZ
0x00428d60	INCONCLUSIVE-original-fault	16	0	INCONCLUSIVE-original-fault code 0xc0000005 at 0x009dafd8 after 0 steps	?on_key_click@Credits@@QAEXHH@Z
0x00428d70	INCONCLUSIVE-original-fault	16	0	INCONCLUSIVE-original-fault code 0xc0000005 at 0x009ef6a8 after 0 steps	?on_left_click@Credits@@QAEXHH@Z
0x00428d80	PASS	16	16		?on_left_down@Credits@@QAEXHH@Z
0x00428d90	PASS	16	16		?on_right_down@Credits@@QAEXHH@Z
0x00428da0	PASS	16	16		?on_mouse_move@Credits@@QAEXHH@Z
0x00428db0	PASS	16	16		?on_button_clicked@Credits@@QAEXH@Z
0x00428dc0	SKIP	0	0	reaches an import	?timer_callback_daemon@Credits@@QAEXXZ
0x00428dd0	SKIP	0	0	reaches an import	?timer_callback_daemon@Credits@@QAAXH@Z
0x00428df0	SKIP	0	0	reaches an import	?show_credits@@YAXXZ
0x00428e60	SKIP	0	0	reaches an import	??_GCredits@@UAEPAXI@Z
0x00428e90	SKIP	0	0	reaches an import	??1Credits@@QAE@XZ
0x00428f80	SKIP	0	0	reaches an import	??3Credits@@SAXPAXI@Z
0x00428f90	SKIP	0	0	reaches an import	??__Eg_DATALINK@@YAXXZ
0x00428fb0	SKIP	0	0	reaches an import	??__Fg_DATALINK@@YAXXZ
0x00428fc0	SKIP	0	0	reaches an import	??0Datalink@@QAE@XZ
0x00429180	SKIP	0	0	reaches an import	?exec@Datalink@@QAEXIH@Z
0x00429300	SKIP	0	0	reaches an import	?init@Datalink@@QAEXXZ
0x0042a020	PASS	16	16		?UNK1@Datalink@@QAEHHH@Z
0x0042a040	PASS	16	7		?parse_id@Datalink@@QAEXHPAUDatalinkID@@PAH@Z
0x0042a080	SKIP	0	0	calls a body the lift does not have	?construct_id@Datalink@@QAEXPADIH@Z
0x0042a0b0	SKIP	0	0	calls a body the lift does not have	?UNK2@Datalink@@QAEXPADPAHPAH@Z
0x0042a100	SKIP	0	0	reaches an import	?on_dialog_back_draw@Datalink@@QAEHPAUGraphicWin@@@Z
0x0042a150	SKIP	0	0	reaches an import	?on_dialog_item_back_draw@Datalink@@QAEHPAUGraphicWin@@HHPAURECT@@@Z
0x0042a260	SKIP	0	0	reaches an import	?UNK3@Datalink@@QAEXIH@Z
0x0042a2c0	SKIP	0	0	reaches an import	?set_cat@Datalink@@QAEXIH@Z
0x0042a4f0	SKIP	0	0	reaches an import	?set_cat_all@Datalink@@QAEXXZ
0x0042a630	SKIP	0	0	reaches an import	?set_cat_unit@Datalink@@QAEXXZ
0x0042a790	SKIP	0	0	reaches an import	?set_cat_chassis@Datalink@@QAEXXZ
0x0042a900	SKIP	0	0	reaches an import	?set_cat_reactor@Datalink@@QAEXXZ
0x0042aa60	SKIP	0	0	reaches an import	?set_cat_weapon@Datalink@@QAEXXZ
0x0042abc0	SKIP	0	0	reaches an import	?set_cat_defense@Datalink@@QAEXXZ
0x0042ad20	SKIP	0	0	reaches an import	?set_cat_ability@Datalink@@QAEXXZ
0x0042ae80	SKIP	0	0	reaches an import	?set_cat_facility@Datalink@@QAEXXZ
0x0042afe0	SKIP	0	0	reaches an import	?set_cat_project@Datalink@@QAEXXZ
0x0042b190	SKIP	0	0	reaches an import	?set_cat_tech@Datalink@@QAEXXZ
0x0042b300	SKIP	0	0	reaches an import	?set_cat_concept@Datalink@@QAEXXZ
0x0042b490	SKIP	0	0	reaches an import	?set_cat_adv_concept@Datalink@@QAEXXZ
0x0042b630	SKIP	0	0	reaches an import	?set_cat_social@Datalink@@QAEXXZ
0x0042b7e0	SKIP	0	0	reaches an import	?set_cat_effect@Datalink@@QAEXXZ
0x0042b940	SKIP	0	0	reaches an import	?set_cat_faction@Datalink@@QAEXXZ
0x0042bab0	SKIP	0	0	reaches an import	?set_cat_terraform@Datalink@@QAEXXZ
0x0042bcc0	SKIP	0	0	calls a body the lift does not have	?set_index@Datalink@@QAEXHH@Z
0x0042bd20	PASS	16	14		?close@Datalink@@QAEXXZ
0x0042bd40	SKIP	0	0	reaches an import	?show@Datalink@@QAEXH@Z
0x0042bd60	SKIP	0	0	reaches an import	?hide@Datalink@@QAEXXZ
0x0042bd80	PASS	16	15		?UNK4@Datalink@@QAEXHH@Z
0x0042be00	SKIP	0	0	reaches an import	?UNK5@Datalink@@QAEXXZ
0x0042bea0	PASS	16	16		?UNK6@Datalink@@QAEXXZ
0x0042beb0	SKIP	0	0	reaches an import	?UNK7@Datalink@@QAEXPADPAD@Z
0x0042bf00	PASS	16	16		?UNK8@Datalink@@QAEXXZ
0x0042bf10	SKIP	0	0	reaches an import	?draw_entry@Datalink@@QAEXXZ
0x0042c2e0	SKIP	0	0	reaches an import	?draw_concept@Datalink@@QAEXXZ
0x0042c650	SKIP	0	0	reaches an import	?draw_adv_concept@Datalink@@QAEXXZ
0x0042c9c0	SKIP	0	0	reaches an import	?draw_unit@Datalink@@QAEXXZ
0x0042d610	SKIP	0	0	reaches an import	?draw_chassis@Datalink@@QAEXXZ
0x0042def0	SKIP	0	0	reaches an import	?draw_reactor@Datalink@@QAEXXZ
0x0042e2e0	SKIP	0	0	reaches an import	?draw_weapon@Datalink@@QAEXXZ
0x0042e8e0	SKIP	0	0	reaches an import	?draw_defense@Datalink@@QAEXXZ
0x0042ee30	SKIP	0	0	reaches an import	?draw_ability@Datalink@@QAEXXZ
0x0042f490	SKIP	0	0	reaches an import	?draw_facility@Datalink@@QAEXXZ
0x0042fad0	SKIP	0	0	reaches an import	?draw_project@Datalink@@QAEXXZ
0x00430090	SKIP	0	0	reaches an import	?draw_social@Datalink@@QAEXXZ
0x00430770	SKIP	0	0	reaches an import	?draw_effect@Datalink@@QAEXXZ
0x00430b30	SKIP	0	0	reaches an import	?draw_tech@Datalink@@QAEXXZ
0x00430c80	SKIP	0	0	reaches an import	?draw_faction@Datalink@@QAEXXZ
0x00431180	SKIP	0	0	reaches an import	?draw_terraform@Datalink@@QAEXXZ
0x00431db0	PASS	16	16		?UNK9@Datalink@@QAEXXZ
0x00431dc0	SKIP	0	0	reaches an import	?on_link_clicked@Datalink@@QAEHHPAD@Z
0x00431e70	SKIP	0	0	reaches an import	?on_redraw@Datalink@@QAEXXZ
0x00431eb0	PASS	16	16		?on_left_click@Datalink@@QAEXHH@Z
0x00431ec0	SKIP	0	0	reaches an import	?on_button_clicked@Datalink@@QAEXH@Z
0x00431fb0	PASS	16	16		?on_group_clicked@Datalink@@QAEXHH@Z
0x00431fc0	INCONCLUSIVE-original-fault	16	0	INCONCLUSIVE-original-fault code 0xc0000005 at 0x00431fe3 after 0 steps	?on_key_click@Datalink@@QAEHHH@Z
0x00432000	PASS	16	16		?on_mouse_move@Datalink@@QAEXHH@Z
0x00432010	SKIP	0	0	reaches an import	?on_button_passover@Datalink@@QAEXHH@Z
0x00432040	SKIP	0	0	reaches an import	?on_selected@Datalink@@QAEXH@Z
0x00432060	SKIP	0	0	reaches an import	?on_status@Datalink@@QAEXH@Z
0x00432160	PASS	16	16		?on_iface_left_click@Datalink@@QAEXHH@Z
0x00432170	PASS	16	16		?on_iface_right_click@Datalink@@QAEXHH@Z
0x00432180	PASS	16	16		?on_iface_left_down@Datalink@@QAEXHH@Z
0x00432190	PASS	16	16		?on_iface_right_down@Datalink@@QAEXHH@Z
0x004321a0	PASS	16	16		?on_iface_mouse_move@Datalink@@QAEXHH@Z
0x004321b0	PASS	16	16		?on_iface_mouse_leave@Datalink@@QAEXHH@Z
0x004321c0	PASS	16	16		?on_iface_selected@Datalink@@QAEXHH@Z
0x004321d0	PASS	16	16		?on_iface_left_double_click@Datalink@@QAEXHH@Z
0x004321e0	PASS	16	16		?on_iface_right_double_click@Datalink@@QAEXHH@Z
0x004321f0	PASS	16	16		?on_iface_button_clicked@Datalink@@QAEXH@Z
0x00432200	PASS	16	16		?on_iface_button_toggled@Datalink@@QAEXHH@Z
0x00432210	SKIP	0	0	reaches an import	?on_iface_group_clicked@Datalink@@QAEXHHH@Z
0x00432290	SKIP	0	0	reaches an import	??1Datalink@@QAE@XZ
0x004325b0	PASS	16	13		??1ButtonGroup@@QAE@XZ
0x004325c0	SKIP	0	0	reaches an import	??1StringBox@@QAE@XZ
0x00432720	PASS	16	1		?on_link_clicked@StringBox@@QAEXHPAD@Z
0x00432770	SKIP	0	0	reaches an import	??_GStringBox@@UAEPAXI@Z
0x004327a0	SKIP	0	0	reaches an import	??1Flic@@QAE@XZ
0x00432800	SKIP	0	0	reaches an import	??_GDatalink@@UAEPAXI@Z
0x00432830	SKIP	0	0	reaches an import	??3StringBox@@SAXPAXI@Z
0x00432840	SKIP	0	0	reaches an import	??3Datalink@@SAXPAXI@Z
0x00432850	SKIP	0	0	reaches an import	??__Eg_DESIGNWIN@@YAXXZ
0x00432870	SKIP	0	0	reaches an import	??__Fg_DESIGNWIN@@YAXXZ
0x00432880	SKIP	0	0	uses fs: (SEH chain is not in the image)	??__Eg_DESIGNWIN_WAVE@@YAXXZ
0x004328a0	SKIP	0	0	reaches an import	??__Fg_DESIGNWIN_WAVE@@YAXXZ
0x004328b0	SKIP	0	0	reaches an import	??0SelectPartWin@@QAE@XZ
0x00432970	SKIP	0	0	reaches an import	?close@SelectPartWin@@QAEXXZ
0x004329b0	SKIP	0	0	reaches an import	?draw_chassis@SelectPartWin@@QAEHHPAURECT@@H@Z
0x00432cc0	SKIP	0	0	reaches an import	?draw_weapon@SelectPartWin@@QAEHHPAURECT@@H@Z
0x00433170	SKIP	0	0	reaches an import	?draw_armor@SelectPartWin@@QAEHHPAURECT@@H@Z
0x00433520	SKIP	0	0	reaches an import	?draw_reactor@SelectPartWin@@QAEHHPAURECT@@H@Z
0x00433820	SKIP	0	0	reaches an import	?on_mouse_move@SelectPartWin@@QAEXHH@Z
0x00433940	INCONCLUSIVE-original-fault	16	0	INCONCLUSIVE-original-fault code 0xc0000005 at 0x00000008 after 0 steps	?on_left_up@SelectPartWin@@QAEXHH@Z
0x004339c0	SKIP	0	0	reaches an import	?on_redraw@SelectPartWin@@QAEXXZ
0x00433a10	SKIP	0	0	reaches an import	?on_key_click@SelectPartWin@@QAEHHH@Z
0x00433d60	SKIP	0	0	reaches an import	?draw_part@SelectPartWin@@QAEHHH@Z
0x00433f30	INCONCLUSIVE-original-fault	16	0	INCONCLUSIVE-original-fault code 0xc0000005 at 0x00000010 after 0 steps	?on_scrolled@SelectPartWin@@QAEXHH@Z
0x00433f50	INCONCLUSIVE-original-fault	16	0	INCONCLUSIVE-original-fault code 0xc0000005 at 0x009e0348 after 0 steps	?on_scrolling@SelectPartWin@@QAEXHH@Z
0x00433f70	SKIP	0	0	reaches an import	?exec@SelectPartWin@@QAEHHHHHHHHHHHPAE@Z
0x00434480	SKIP	0	0	reaches an import	??0DesignWin@@QAE@XZ
0x004345c0	PASS	16	16		?UNK1@DesignWin@@QAEXXZ
0x004345d0	PASS	16	6		?UNK2@DesignWin@@QAEHH@Z
0x00434650	PASS	16	13		?UNK3@DesignWin@@QAEXXZ
0x004346a0	SKIP	0	0	reaches an import	?draw_info@DesignWin@@QAEXXZ
0x00434bc0	SKIP	0	0	reaches an import	?draw_chassis@DesignWin@@QAEXH@Z
0x00434f40	SKIP	0	0	reaches an import	?draw_weapon@DesignWin@@QAEXH@Z
0x00435400	SKIP	0	0	reaches an import	?draw_armor@DesignWin@@QAEXH@Z
0x00435800	SKIP	0	0	reaches an import	?draw_reactor@DesignWin@@QAEXH@Z
0x00435b30	SKIP	0	0	reaches an import	?draw_special_1@DesignWin@@QAEXH@Z
0x00435de0	SKIP	0	0	reaches an import	?draw_special_2@DesignWin@@QAEXH@Z
0x00436090	SKIP	0	0	reaches an import	?draw_vehicle@DesignWin@@QAEXH@Z
0x004379a0	SKIP	0	0	reaches an import	?on_redraw@DesignWin@@QAEXXZ
0x00437ba0	SKIP	0	0	reaches an import	?on_mouse_move@DesignWin@@QAEXHH@Z
0x00437be0	SKIP	0	0	reaches an import	?on_mouse_leave@DesignWin@@QAEXHH@Z
0x00437bf0	SKIP	0	0	reaches an import	?design_it@DesignWin@@QAEHXZ
0x00438460	SKIP	0	0	reaches an import	?on_button_clicked@DesignWin@@QAEXH@Z
0x00439670	SKIP	0	0	reaches an import	?bubble_me_elmo2@DesignWin@@QAEXPADHH@Z
0x004396b0	SKIP	0	0	reaches an import	?bubble_me_elmo2@DesignWin@@QAGXPADHH@Z
0x00439700	SKIP	0	0	reaches an import	?on_right_click@DesignWin@@QAEXHH@Z
0x00439960	SKIP	0	0	reaches an import	?on_left_click@DesignWin@@QAEXHH@Z
0x00439a20	SKIP	0	0	reaches an import	?on_key_click@DesignWin@@QAEHHH@Z
0x00439c00	PASS	16	10		?check_abil@DesignWin@@QAEXXZ
0x00439d30	PASS	16	11		?suggest_abil@DesignWin@@QAEXH@Z
0x00439eb0	PASS	16	15		?delete_abil@DesignWin@@QAEXH@Z
0x00439f20	SKIP	0	0	reaches an import	?select_chassis@DesignWin@@QAEXXZ
0x0043a300	SKIP	0	0	reaches an import	?select_weapon@DesignWin@@QAEXXZ
0x0043a760	SKIP	0	0	reaches an import	?select_armor@DesignWin@@QAEXXZ
0x0043aa00	SKIP	0	0	reaches an import	?select_reactor@DesignWin@@QAEXXZ
0x0043ac70	SKIP	0	0	reaches an import	?select_special@DesignWin@@QAEXH@Z
0x0043be10	SKIP	0	0	reaches an import	?select_special_1@DesignWin@@QAEXXZ
0x0043be20	SKIP	0	0	reaches an import	?select_special_2@DesignWin@@QAEXXZ
0x0043be30	SKIP	0	0	reaches an import	?select_name@DesignWin@@QAEXXZ
0x0043bf50	PASS	16	9		?construct_vehicle@DesignWin@@QAEXXZ
0x0043c070	PASS	16	14		?construct_chassis@DesignWin@@QAEXXZ
0x0043c0a0	PASS	16	12		?construct_weapon@DesignWin@@QAEXXZ
0x0043c0f0	PASS	16	15		?construct_armor@DesignWin@@QAEXH@Z
0x0043c130	PASS	16	12		?construct_reactor@DesignWin@@QAEXXZ
0x0043c170	SKIP	0	0	reaches an import	?timer_function@DesignWin@@QAAXH@Z
0x0043c1a0	SKIP	0	0	reaches an import	?close@DesignWin@@QAEXXZ
0x0043c270	SKIP	0	0	reaches an import	?init@DesignWin@@QAEXXZ
0x0043d0c0	SKIP	0	0	reaches an import	?show@DesignWin@@QAEXH@Z
0x0043d0f0	SKIP	0	0	reaches an import	?hide@DesignWin@@QAEXXZ
0x0043d120	SKIP	0	0	reaches an import	?on_status@DesignWin@@QAEXH@Z
0x0043d220	SKIP	0	0	reaches an import	?on_iface_left_click@DesignWin@@QAEXHH@Z
0x0043d290	SKIP	0	0	reaches an import	?on_iface_right_click@DesignWin@@QAEXHH@Z
0x0043d330	PASS	16	16		?on_iface_left_down@DesignWin@@QAEXHH@Z
0x0043d340	PASS	16	16		?on_iface_right_down@DesignWin@@QAEXHH@Z
0x0043d350	SKIP	0	0	reaches an import	?on_iface_mouse_move@DesignWin@@QAEXHH@Z
0x0043d3c0	SKIP	0	0	reaches an import	?on_iface_mouse_leave@DesignWin@@QAEXHH@Z
0x0043d400	PASS	16	16		?on_iface_selected@DesignWin@@QAEXHH@Z
0x0043d410	PASS	16	16		?on_iface_left_double_click@DesignWin@@QAEXHH@Z
0x0043d420	PASS	16	16		?on_iface_right_double_click@DesignWin@@QAEXHH@Z
0x0043d430	INCONCLUSIVE-original-fault	16	0	INCONCLUSIVE-original-fault code 0xc0000005 at 0x0043d443 after 0 steps	?on_iface_button_clicked@DesignWin@@QAEXH@Z
0x0043d450	INCONCLUSIVE-original-fault	16	0	INCONCLUSIVE-original-fault code 0xc0000005 at 0x0043d463 after 0 steps	?on_iface_button_pressed@DesignWin@@QAEXH@Z
0x0043d470	PASS	16	16		?on_iface_button_toggled@DesignWin@@QAEXHH@Z
0x0043d480	PASS	16	16		?on_iface_group_clicked@DesignWin@@QAEXHHH@Z
0x0043d490	SKIP	0	0	reaches an import	?center_stack@DesignWin@@QAEXHH@Z
0x0043d510	SKIP	0	0	reaches an import	?draw_stack@DesignWin@@QAEXXZ
0x0043dd50	SKIP	0	0	reaches an import	?draw_flash@DesignWin@@QAEXXZ
0x0043e490	SKIP	0	0	reaches an import	?setup_veh@DesignWin@@QAEXHH@Z
0x0043e960	SKIP	0	0	reaches an import	?shut_that_badboy_down@DesignWin@@QAEXXZ
0x0043e9a0	SKIP	0	0	reaches an import	?exec@DesignWin@@QAEHHH@Z
0x0043ecb0	SKIP	0	0	reaches an import	??1DesignWin@@QAE@XZ
0x0043edb0	SKIP	0	0	reaches an import	??_GDesignWin@@UAEPAXI@Z
0x0043ede0	SKIP	0	0	reaches an import	??_GSelectPartWin@@UAEPAXI@Z
0x0043ee10	SKIP	0	0	reaches an import	??1SelectPartWin@@QAE@XZ
0x0043ef70	SKIP	0	0	reaches an import	?start@Popup@@QAEXPADPBDHPADH@Z
0x0043efa0	SKIP	0	0	reaches an import	??3DesignWin@@SAXPAXI@Z
0x0043efb0	SKIP	0	0	reaches an import	??3SelectPartWin@@SAXPAXI@Z
0x0043efc0	SKIP	0	0	reaches an import	??__Eg_DIPLOPOP@@YAXXZ
0x0043efe0	SKIP	0	0	reaches an import	??__Fg_DIPLOPOP@@YAXXZ
0x0043eff0	SKIP	0	0	reaches an import	??0DiploPop@@QAE@XZ
0x0043f0f0	SKIP	0	0	reaches an import	?close@DiploPop@@QAEXXZ
0x0043f140	SKIP	0	0	reaches an import	?show@DiploPop@@QAEXH@Z
0x0043f170	SKIP	0	0	reaches an import	?hide@DiploPop@@QAEXXZ
0x0043f190	SKIP	0	0	reaches an import	?portrait_anim@DiploPop@@QAEXXZ
0x0043f1c0	SKIP	0	0	reaches an import	?bioscan_anim@DiploPop@@QAEXXZ
0x0043f200	SKIP	0	0	reaches an import	?timer_callback_daemon@DiploPop@@QAAXHH@Z
0x0043f250	SKIP	0	0	reaches an import	?timer_callback_daemon2@DiploPop@@QAAXHH@Z
0x0043f290	PASS	16	16		?on_button_clicked@DiploPop@@QAEXH@Z
0x0043f2b0	SKIP	0	0	reaches an import	?start@DiploPop@@QAEXH@Z
0x0043f5c0	SKIP	0	0	reaches an import	?stop@DiploPop@@QAEXXZ
0x0043f5f0	SKIP	0	0	reaches an import	?draw_bioscan@DiploPop@@QAEXXZ
0x0043f790	SKIP	0	0	reaches an import	?draw_portrait@DiploPop@@QAEXXZ
0x0043fa90	SKIP	0	0	reaches an import	?draw_info@DiploPop@@QAEXXZ
0x00440080	SKIP	0	0	reaches an import	?draw_hq@DiploPop@@QAEXXZ
0x004402a0	SKIP	0	0	reaches an import	?on_redraw@DiploPop@@QAEXXZ
0x00440380	SKIP	0	0	reaches an import	?on_status@DiploPop@@QAEXH@Z
0x004404c0	PASS	16	16		?on_iface_left_click@DiploPop@@QAEXHH@Z
0x004404d0	PASS	16	16		?on_iface_right_click@DiploPop@@QAEXHH@Z
0x004404e0	PASS	16	16		?on_iface_left_down@DiploPop@@QAEXHH@Z
0x004404f0	PASS	16	16		?on_iface_right_down@DiploPop@@QAEXHH@Z
0x00440500	PASS	16	16		?on_iface_mouse_move@DiploPop@@QAEXHH@Z
0x00440510	PASS	16	16		?on_iface_mouse_leave@DiploPop@@QAEXHH@Z
0x00440520	PASS	16	16		?on_iface_selected@DiploPop@@QAEXHH@Z
0x00440530	PASS	16	16		?on_iface_left_double_click@DiploPop@@QAEXHH@Z
0x00440540	PASS	16	16		?on_iface_right_double_click@DiploPop@@QAEXHH@Z
0x00440550	SKIP	0	0	reaches an import	?on_iface_button_clicked@DiploPop@@QAEXH@Z
0x00440610	PASS	16	16		?on_iface_button_toggled@DiploPop@@QAEXHH@Z
0x00440620	SKIP	0	0	reaches an import	?on_iface_group_clicked@DiploPop@@QAEXHHH@Z
0x004406d0	SKIP	0	0	reaches an import	?set_modal@DiploPop@@QAEHHP6AHXZPAUWin@@@Z
0x004406f0	PASS	16	16		?release_modal@DiploPop@@QAEXXZ
0x00440700	SKIP	0	0	reaches an import	?init@DiploPop@@QAEXXZ
0x00440d50	SKIP	0	0	reaches an import	??1DiploPop@@QAE@XZ
0x00440ec0	SKIP	0	0	reaches an import	??_GDiploPop@@UAEPAXI@Z
0x00440ef0	SKIP	0	0	reaches an import	??3DiploPop@@SAXPAXI@Z
0x00440f00	SKIP	0	0	reaches an import	??__Eg_DIPLOWIN@@YAXXZ
0x00440f20	SKIP	0	0	reaches an import	??__Fg_DIPLOWIN@@YAXXZ
0x00440f30	SKIP	0	0	calls a body the lift does not have	sub_440f30
0x00440f60	SKIP	0	0	uses fs: (SEH chain is not in the image)	sub_440f60
0x00440f80	PASS	16	16		?clear_hotseat_chat@@YAXXZ
0x00441040	SKIP	0	0	reaches an import	sub_441040
0x00441100	SKIP	0	0	reaches an import	sub_441100
0x004411f0	PASS	16	5		sub_4411f0
0x00441250	PASS	16	16		?clear_all_offers@@YAXXZ
0x004412a0	PASS	16	3		?string_callback@DiploWin@@QAAXHH@Z
0x004412d0	SKIP	0	0	calls a body the lift does not have	?UNK1@DiploWin@@QAEXXZ
0x004412f0	SKIP	0	0	reaches an import	?new_chat@DiploWin@@QAEXPADH@Z
0x004413b0	PASS	16	14		?UNK2@DiploWin@@QAEXXZ
0x004413c0	PASS	16	5		?UNK3@DiploWin@@QAEXH@Z
0x004413f0	SKIP	0	0	reaches an import	?kill_offer@DiploWin@@QAEXHH@Z
0x00441490	SKIP	0	0	reaches an import	?add_offer@DiploWin@@QAEXHHH@Z
0x004415c0	SKIP	0	0	reaches an import	?on_button_clicked@DiploWin@@QAEXH@Z
0x00442510	SKIP	0	0	reaches an import	?on_left_click@DiploWin@@QAEXHH@Z
0x00442560	INCONCLUSIVE-original-fault	16	0	INCONCLUSIVE-original-fault code 0xc0000005 at 0x0044257d after 0 steps	?on_key_down@DiploWin@@QAEHH@Z
0x00442590	SKIP	0	0	reaches an import	?on_key_click@DiploWin@@QAEHHH@Z
0x004426f0	SKIP	0	0	reaches an import	?check_done@DiploWin@@QAEXXZ
0x00442740	SKIP	0	0	reaches an import	?do_it@DiploWin@@QAEXXZ
0x004429c0	INCONCLUSIVE-original-fault	16	0	INCONCLUSIVE-original-fault code 0xc0000005 at 0x009d2f78 after 0 steps	?done_deal@DiploWin@@QAEXXZ
0x004429f0	PASS	16	16		?UNK4@DiploWin@@QAEXH@Z
0x00442a00	PASS	16	16		?UNK5@DiploWin@@QAEXXZ
0x00442a10	SKIP	0	0	reaches an import	?draw_who@DiploWin@@QAEXXZ
0x00442dc0	SKIP	0	0	reaches an import	?draw_whom@DiploWin@@QAEXXZ
0x00443170	SKIP	0	0	reaches an import	?draw_offers@DiploWin@@QAEXXZ
0x004436c0	SKIP	0	0	reaches an import	?on_redraw@DiploWin@@QAEXXZ
0x00443c30	SKIP	0	0	reaches an import	?show@DiploWin@@QAEXH@Z
0x00443c50	PASS	16	11		?hide@DiploWin@@QAEXXZ
0x00443c70	SKIP	0	0	reaches an import	?on_status@DiploWin@@QAEXH@Z
0x00443d80	PASS	16	16		?on_iface_left_click@DiploWin@@QAEXHH@Z
0x00443d90	PASS	16	16		?on_iface_left_up@DiploWin@@QAEXHH@Z
0x00443da0	PASS	16	16		?on_iface_right_click@DiploWin@@QAEXHH@Z
0x00443db0	PASS	16	16		?on_iface_left_down@DiploWin@@QAEXHH@Z
0x00443dc0	PASS	16	16		?on_iface_right_down@DiploWin@@QAEXHH@Z
0x00443dd0	PASS	16	16		?on_iface_mouse_move@DiploWin@@QAEXHH@Z
0x00443de0	PASS	16	16		?on_iface_mouse_leave@DiploWin@@QAEXHH@Z
0x00443df0	PASS	16	16		?on_iface_selected@DiploWin@@QAEXHH@Z
0x00443e00	PASS	16	16		?on_iface_left_double_click@DiploWin@@QAEXHH@Z
0x00443e10	PASS	16	16		?on_iface_right_double_click@DiploWin@@QAEXHH@Z
0x00443e20	PASS	16	16		?on_iface_button_clicked@DiploWin@@QAEXH@Z
0x00443e30	PASS	16	16		?on_iface_button_toggled@DiploWin@@QAEXHH@Z
0x00443e40	PASS	16	16		?on_iface_dialog_back_draw@DiploWin@@QAEHH@Z
0x00443e50	SKIP	0	0	reaches an import	?on_iface_dialog_item_back_draw@DiploWin@@QAEHPAUGraphicWin@@HHPAURECT@@@Z
0x00443f10	SKIP	0	0	reaches an import	?exec@DiploWin@@QAEXHH@Z
0x00444d90	SKIP	0	0	reaches an import	?diplo@@YAXHH@Z
0x00444db0	SKIP	0	0	reaches an import	??1DiploWin@@QAE@XZ
0x00444fc0	SKIP	0	0	reaches an import	??0DiploWin@@QAE@XZ
0x00445080	SKIP	0	0	reaches an import	??_GDiploWin@@UAEPAXI@Z
0x004450b0	PASS	16	13		sub_4450b0
0x00445120	SKIP	0	0	reaches an import	??3DiploWin@@SAXPAXI@Z
0x00445130	SKIP	0	0	reaches an import	?energy_compute@@YAXHH@Z
0x00445440	PASS	16	16		?energy_limit@@YAHH@Z
0x00445450	SKIP	0	0	uses fs: (SEH chain is not in the image)	??__Eg_CPU_WAVES@@YAXXZ
0x00445480	SKIP	0	0	uses fs: (SEH chain is not in the image)	??__Fg_CPU_WAVES@@YAXXZ
0x004454a0	SKIP	0	0	uses fs: (SEH chain is not in the image)	??__Eg_MENU_UP_WAVE@@YAXXZ
0x004454c0	SKIP	0	0	reaches an import	??__Fg_MENU_UP_WAVE@@YAXXZ
0x004454d0	SKIP	0	0	uses fs: (SEH chain is not in the image)	??__Eg_MENU_DOWN_WAVE@@YAXXZ
0x004454f0	SKIP	0	0	reaches an import	??__Fg_MENU_DOWN_WAVE@@YAXXZ
0x00445500	SKIP	0	0	uses fs: (SEH chain is not in the image)	??__Eg_SCOOT_WAVE@@YAXXZ
0x00445520	SKIP	0	0	reaches an import	??__Fg_SCOOT_WAVE@@YAXXZ
0x00445530	SKIP	0	0	uses fs: (SEH chain is not in the image)	??__Eg_OK_WAVE@@YAXXZ
0x00445550	SKIP	0	0	reaches an import	??__Fg_OK_WAVE@@YAXXZ
0x00445560	SKIP	0	0	uses fs: (SEH chain is not in the image)	??__Eg_PASSOVER_WAVE@@YAXXZ
0x00445580	SKIP	0	0	reaches an import	??__Fg_PASSOVER_WAVE@@YAXXZ
0x00445590	SKIP	0	0	uses fs: (SEH chain is not in the image)	??__Eg_FX@@YAXXZ
0x004455b0	SKIP	0	0	uses fs: (SEH chain is not in the image)	??__Fg_FX@@YAXXZ
0x004455c0	SKIP	0	0	uses fs: (SEH chain is not in the image)	??__Eg_AMBIENCE@@YAXXZ
0x004455e0	SKIP	0	0	reaches an import	??__Fg_AMBIENCE@@YAXXZ
0x004455f0	SKIP	0	0	reaches an import	?wave_it@@YAXH@Z
0x00445650	SKIP	0	0	reaches an import	?ok_callback@@YAXXZ
0x004456a0	SKIP	0	0	reaches an import	?passover_callback@@YAXXZ
0x004456b0	SKIP	0	0	reaches an import	?popup_wave_callback@@YAXPAUPopupWave@@H@Z
0x004457c0	PASS	16	16		?input_callback@@YAXXZ
0x004457e0	SKIP	0	0	reaches an import	?load_music@@YAXH@Z
0x00445bb0	SKIP	0	0	reaches an import	?init@Effect@@QAEXPADJ@Z
0x00445cd0	SKIP	0	0	reaches an import	?init@FX@@QAEXXZ
0x004468f0	INCONCLUSIVE-original-fault	16	0	INCONCLUSIVE-original-fault code 0xc0000005 at 0x00446900 after 0 steps	sub_4468f0
0x00446960	PASS	16	16		?play@FX@@QAEXHHH@Z
0x00446a00	PASS	16	16		?play@FX@@QAEXH@Z
0x00446a90	INCONCLUSIVE-original-fault	16	0	INCONCLUSIVE-original-fault code 0xc0000005 at 0x009d9730 after 0 steps	?stop@FX@@QAEXH@Z
0x00446ab0	INCONCLUSIVE-original-fault	16	0	INCONCLUSIVE-original-fault code 0xc0000005 at 0x00000034 after 0 steps	?release@FX@@QAEXH@Z
0x00446ad0	INCONCLUSIVE-original-fault	16	0	INCONCLUSIVE-original-fault code 0xc0000005 at 0x009efb70 after 0 steps	?fade@FX@@QAEXH@Z
0x00446af0	INCONCLUSIVE-original-fault	16	0	INCONCLUSIVE-original-fault code 0xc0000005 at 0x0000006c after 0 steps	?set_pitch@FX@@QAEXHH@Z
0x00446b10	PASS	16	6		?engine_pitch@FX@@QAEXH@Z
0x00446b40	PASS	16	16		?ambience@@YAHH@Z
0x00446d10	PASS	16	16		?ambience_veh@@YAXH@Z
0x004471f0	SKIP	0	0	uses fs: (SEH chain is not in the image)	??0FactionAmbience@@QAE@XZ
0x00447220	PASS	16	16		?begin@FactionAmbience@@QAEXXZ
0x00447230	PASS	16	16		?tech@FactionAmbience@@QAEXXZ
0x00447240	PASS	16	16		?terraform@FactionAmbience@@QAEXXZ
0x00447250	PASS	16	16		?production@FactionAmbience@@QAEXXZ
0x00447260	PASS	16	16		?general@FactionAmbience@@QAEXXZ
0x00447270	PASS	16	16		?basewin_show@FactionAmbience@@QAEXXZ
0x00447280	PASS	16	14		?basewin_hide@FactionAmbience@@QAEXXZ
0x00447290	PASS	16	14		?design_window_show@FactionAmbience@@QAEXXZ
0x004472a0	PASS	16	16		?design_window_hide@FactionAmbience@@QAEXXZ
0x004472b0	PASS	16	16		?new_base@FactionAmbience@@QAEXXZ
0x004472c0	PASS	16	16		?popup1@FactionAmbience@@QAEXXZ
0x004472d0	PASS	16	16		?eot@FactionAmbience@@QAEXXZ
0x004472e0	PASS	16	16		?hostility@FactionAmbience@@QAEXXZ
0x004472f0	PASS	16	16		?energy_resources@FactionAmbience@@QAEXXZ
0x00447300	PASS	16	16		?base_liberated@FactionAmbience@@QAEXXZ
0x00447310	SKIP	0	0	uses fs: (SEH chain is not in the image)	??0MAmbience@@QAE@XZ
0x00447340	INCONCLUSIVE-original-fault	16	0	INCONCLUSIVE-original-fault code 0xc0000005 at 0x00000038 after 0 steps	?begin@MAmbience@@QAEXXZ
0x00447360	SKIP	0	0	reaches an import	?general@MAmbience@@QAEXXZ
0x00447470	INCONCLUSIVE-original-fault	16	0	INCONCLUSIVE-original-fault code 0xc0000005 at 0x00000014 after 0 steps	?tech@MAmbience@@QAEXXZ
0x00447490	INCONCLUSIVE-original-fault	16	0	INCONCLUSIVE-original-fault code 0xc0000005 at 0x009dc5e8 after 0 steps	?energy_resources@MAmbience@@QAEXXZ
0x004474b0	INCONCLUSIVE-original-fault	16	0	INCONCLUSIVE-original-fault code 0xc0000005 at 0x00000004 after 0 steps	?production@MAmbience@@QAEXXZ
0x004474e0	INCONCLUSIVE-original-fault	16	0	INCONCLUSIVE-original-fault code 0xc0000005 at 0x00000058 after 0 steps	?new_base@MAmbience@@QAEXXZ
0x00447510	INCONCLUSIVE-original-fault	16	0	INCONCLUSIVE-original-fault code 0xc0000005 at 0x0000003c after 0 steps	?begin@UAmbience@@QAEXXZ
0x00447530	PASS	16	15		?basewin_show@UAmbience@@QAEXXZ
0x00447550	INCONCLUSIVE-original-fault	16	0	INCONCLUSIVE-original-fault code 0xc0000005 at 0x009e5c30 after 0 steps	?basewin_hide@UAmbience@@QAEXXZ
0x00447570	PASS	16	15		?general@UAmbience@@QAEXXZ
0x00447690	PASS	16	16		?tech@UAmbience@@QAEXXZ
0x004476a0	PASS	16	16		?popup1@UAmbience@@QAEXXZ
0x004476b0	PASS	16	16		?eot@UAmbience@@QAEXXZ
0x004476c0	INCONCLUSIVE-original-fault	16	0	INCONCLUSIVE-original-fault code 0xc0000005 at 0x009d886c after 0 steps	?begin@SAmbience@@QAEXXZ
0x004476e0	PASS	16	15		?tech@SAmbience@@QAEXXZ
0x004476f0	PASS	16	16		?general@SAmbience@@QAEXXZ
0x004477b0	INCONCLUSIVE-original-fault	16	0	INCONCLUSIVE-original-fault code 0xc0000005 at 0x00000040 after 0 steps	?hostility@SAmbience@@QAEXXZ
0x00447840	INCONCLUSIVE-original-fault	16	0	INCONCLUSIVE-original-fault code 0xc0000005 at 0x009d3714 after 0 steps	?production@SAmbience@@QAEXXZ
0x00447850	SKIP	0	0	uses fs: (SEH chain is not in the image)	??0SAmbience@@QAE@XZ
0x00447880	INCONCLUSIVE-original-fault	16	0	INCONCLUSIVE-original-fault code 0xc0000005 at 0x009e7600 after 0 steps	?base_liberated@SAmbience@@QAEXXZ
0x004478d0	SKIP	0	0	uses fs: (SEH chain is not in the image)	??0BAmbience@@QAE@XZ
0x00447920	INCONCLUSIVE-original-fault	16	0	INCONCLUSIVE-original-fault code 0xc0000005 at 0x00000020 after 0 steps	?begin@BAmbience@@QAEXXZ
0x00447940	INCONCLUSIVE-original-fault	16	0	INCONCLUSIVE-original-fault code 0xc0000005 at 0x009ec864 after 0 steps	?general@BAmbience@@QAEXXZ
0x00447ab0	PASS	16	14		?design_window_show@BAmbience@@QAEXXZ
0x00447ac0	INCONCLUSIVE-original-fault	16	0	INCONCLUSIVE-original-fault code 0xc0000005 at 0x0000005c after 0 steps	?design_window_hide@BAmbience@@QAEXXZ
0x00447af0	INCONCLUSIVE-original-fault	16	0	INCONCLUSIVE-original-fault code 0xc0000005 at 0x00000038 after 0 steps	?hostility@BAmbience@@QAEXXZ
0x00447b30	INCONCLUSIVE-original-fault	16	0	INCONCLUSIVE-original-fault code 0xc0000005 at 0x00000014 after 0 steps	?new_base@BAmbience@@QAEXXZ
0x00447b60	INCONCLUSIVE-original-fault	16	0	INCONCLUSIVE-original-fault code 0xc0000005 at 0x00000044 after 0 steps	?base_liberated@BAmbience@@QAEXXZ
0x00447b90	SKIP	0	0	uses fs: (SEH chain is not in the image)	??0GAmbience@@QAE@XZ
0x00447bc0	INCONCLUSIVE-original-fault	16	0	INCONCLUSIVE-original-fault code 0xc0000005 at 0x00000028 after 0 steps	?begin@GAmbience@@QAEXXZ
0x00447be0	PASS	16	13		?basewin_show@GAmbience@@QAEXXZ
0x00447bf0	PASS	16	14		?basewin_hide@GAmbience@@QAEXXZ
0x00447c00	INCONCLUSIVE-original-fault	16	0	INCONCLUSIVE-original-fault code 0xc0000005 at 0x00000078 after 0 steps	?general@GAmbience@@QAEXXZ
0x00447c60	PASS	16	16		?tech@GAmbience@@QAEXXZ
0x00447c70	INCONCLUSIVE-original-fault	16	0	INCONCLUSIVE-original-fault code 0xc0000005 at 0x009eee4c after 0 steps	?terraform@GAmbience@@QAEXXZ
0x00447ca0	PASS	16	16		?production@GAmbience@@QAEXXZ
0x00447cb0	PASS	16	16		?popup1@GAmbience@@QAEXXZ
0x00447cc0	PASS	16	16		?eot@GAmbience@@QAEXXZ
0x00447cd0	INCONCLUSIVE-original-fault	16	0	INCONCLUSIVE-original-fault code 0xc0000005 at 0x009e5d18 after 0 steps	?new_base@GAmbience@@QAEXXZ
0x00447d20	INCONCLUSIVE-original-fault	16	0	INCONCLUSIVE-original-fault code 0xc0000005 at 0x0000003c after 0 steps	sub_447d20
0x00447db0	INCONCLUSIVE-original-fault	16	0	INCONCLUSIVE-original-fault code 0xc0000005 at 0x00000038 after 0 steps	?begin@AAmbience@@QAEXXZ
0x00447dd0	SKIP	0	0	reaches an import	?general@AAmbience@@QAEXXZ
0x00448280	PASS	16	16		?tech@AAmbience@@QAEXXZ
0x00448290	SKIP	0	0	uses fs: (SEH chain is not in the image)	??1FX@@QAE@XZ
0x004482a0	SKIP	0	0	uses fs: (SEH chain is not in the image)	??0FX@@QAE@XZ
0x004482c0	SKIP	0	0	reaches an import	??1Effect@@QAE@XZ
0x004482d0	SKIP	0	0	uses fs: (SEH chain is not in the image)	??0Effect@@QAE@XZ
0x004482f0	PASS	16	14		sub_4482f0
0x00448310	PASS	16	13	passed on the seeds that could be judged; 1 case(s) thrown out - the original read the unmodellable top 64 KiB	sub_448310
0x00448320	PASS	16	15		sub_448320
0x00448330	PASS	16	15		sub_448330
0x00448340	PASS	16	1		sub_448340
0x00448350	SKIP	0	0	reaches an import	??_GEffect@@UAEPAXI@Z
0x00448380	PASS	16	15		sub_448380
0x00448390	SKIP	0	0	reaches an import	sub_448390
0x004483c0	SKIP	0	0	reaches an import	j_??1Ambience@@QAE@XZ
0x004483d0	SKIP	0	0	reaches an import	??__Eg_FAMEWIN@@YAXXZ
0x004483f0	SKIP	0	0	reaches an import	??__Fg_FAMEWIN@@YAXXZ
0x00448400	SKIP	0	0	reaches an import	?init@FameWin@@QAEHXZ
0x00448d60	SKIP	0	0	reaches an import	?close@FameWin@@QAEXXZ
0x00448d90	SKIP	0	0	reaches an import	?on_redraw@FameWin@@QAEXXZ
0x0044a4b0	SKIP	0	0	reaches an import	?on_key_click@FameWin@@QAEHHH@Z
0x0044a500	INCONCLUSIVE-original-fault	16	0	INCONCLUSIVE-original-fault code 0xc0000005 at 0x005fab19 after 0 steps	?on_left_click@FameWin@@QAEXHH@Z
0x0044a570	SKIP	0	0	reaches an import	?on_button_clicked@FameWin@@QAEXH@Z
0x0044a640	INCONCLUSIVE-original-fault	16	0	INCONCLUSIVE-original-fault code 0xc0000005 at 0x009d5668 after 0 steps	?on_group_clicked@FameWin@@QAEXHHH@Z
0x0044a660	SKIP	0	0	reaches an import	?try_to_add_me@FameWin@@QAEXXZ
0x0044ac10	SKIP	0	0	reaches an import	?demote@FameWin@@QAEXH@Z
0x0044ae50	SKIP	0	0	reaches an import	?hall_of_fame@@YAXH@Z
0x0044af70	PASS	16	16		sub_44af70
0x0044af90	SKIP	0	0	calls a body the lift does not have	sub_44af90
0x0044b000	SKIP	0	0	calls a body the lift does not have	?hof_save@@YAHXZ
0x0044b070	SKIP	0	0	calls a body the lift does not have	?hof_load@@YAHXZ
0x0044b100	SKIP	0	0	reaches an import	??1FameWin@@QAE@XZ
0x0044b200	SKIP	0	0	reaches an import	??0FameWin@@QAE@XZ
0x0044b300	SKIP	0	0	reaches an import	??_GFameWin@@UAEPAXI@Z
0x0044b330	SKIP	0	0	reaches an import	??3FameWin@@SAXPAXI@Z
0x0044b340	INCONCLUSIVE-original-fault	16	0	INCONCLUSIVE-original-fault code 0xc0000005 at 0000000000 after 0 steps	sub_44b340
0x0044b380	SKIP	0	0	reaches an import	?tech_heck@@YAXP6AXPAD@ZH@Z
0x0044b9e0	SKIP	0	0	reaches an import	?help_tech_info@@YAXP6AXPAD@ZHHH@Z
0x0044c7d0	SKIP	0	0	reaches an import	?help_info_pop@@YAXPAD@Z
0x0044c7f0	SKIP	0	0	reaches an import	?help_tech_info@@YAXPAUPopup@@HH@Z
0x0044c820	PASS	16	16		nullsub_3
0x0044c830	SKIP	0	0	reaches an import	sub_44c830
0x0044c850	PASS	16	16		nullsub_191
0x0044c860	PASS	16	16		sub_44c860
0x0044c870	PASS	16	16		sub_44c870
0x0044c880	SKIP	0	0	reaches an import	?help_tech@@YAXH@Z
0x0044c8a0	PASS	16	16		nullsub_226
0x0044c8b0	PASS	16	16		nullsub_227
0x0044c8c0	PASS	16	16		sub_44c8c0
0x0044c8d0	PASS	16	16		nullsub_229
0x0044c8e0	PASS	16	16		nullsub_230
0x0044c8f0	PASS	16	16		nullsub_231
0x0044c900	PASS	16	16		nullsub_232
0x0044c910	SKIP	0	0	reaches an import	?help_weapon@@YAXH@Z
0x0044c930	PASS	16	16		nullsub_233
0x0044c940	SKIP	0	0	reaches an import	?help_armor@@YAXH@Z
0x0044c960	PASS	16	16		nullsub_234
0x0044c970	PASS	16	16		sub_44c970
0x0044c980	SKIP	0	0	reaches an import	?help_chassis@@YAXH@Z
0x0044c9a0	PASS	16	16		nullsub_235
0x0044c9b0	SKIP	0	0	reaches an import	?help_facility@@YAXH@Z
0x0044c9d0	PASS	16	16		nullsub_236
0x0044c9e0	SKIP	0	0	reaches an import	?help_project@@YAXH@Z
0x0044ca00	PASS	16	16		nullsub_237
0x0044ca10	SKIP	0	0	reaches an import	?help_abil@@YAXH@Z
0x0044ca30	PASS	16	16		nullsub_238
0x0044ca40	SKIP	0	0	reaches an import	?help_social@@YAXH@Z
0x0044ca60	PASS	16	16		nullsub_239
0x0044ca70	SKIP	0	0	reaches an import	?help_faction@@YAXH@Z
0x0044ca90	SKIP	0	0	reaches an import	sub_44ca90
0x0044cac0	PASS	16	16		nullsub_240
0x0044cad0	SKIP	0	0	reaches an import	?help_veh@@YAXH@Z
0x0044caf0	PASS	16	16		nullsub_241
0x0044cb00	PASS	16	16		nullsub_242
0x0044cb10	PASS	16	16		nullsub_243
0x0044cb20	PASS	16	16		nullsub_244
0x0044cb30	SKIP	0	0	reaches an import	?help_any@@YAXXZ
0x0044cb40	PASS	16	16		sub_44cb40
0x0044cb60	SKIP	0	0	reaches an import	?help_topic@@YAXIH@Z
0x0044cb80	SKIP	0	0	calls a body the lift does not have	?help_create_link@@YAXPAD00@Z
0x0044cbd0	SKIP	0	0	reaches an import	sub_44cbd0
0x0044cc20	SKIP	0	0	reaches an import	??__Eg_PCX_PARSE_TEMP_BUFFER1@@YAXXZ
0x0044cc40	SKIP	0	0	reaches an import	??__Fg_PCX_PARSE_TEMP_BUFFER1@@YAXXZ
0x0044cc50	SKIP	0	0	uses fs: (SEH chain is not in the image)	??__EFactionArt@@YAXXZ
0x0044cc80	SKIP	0	0	uses fs: (SEH chain is not in the image)	??__FFactionArt@@YAXXZ
0x0044cca0	SKIP	0	0	uses fs: (SEH chain is not in the image)	??__Eg_IFACE_CLOSE_X_SPRITES@@YAXXZ
0x0044ccd0	SKIP	0	0	uses fs: (SEH chain is not in the image)	??__Fg_IFACE_CLOSE_X_SPRITES@@YAXXZ
0x0044ccf0	SKIP	0	0	uses fs: (SEH chain is not in the image)	??__Eg_IFACE_BOX_SPRITES1@@YAXXZ
0x0044cd20	SKIP	0	0	uses fs: (SEH chain is not in the image)	??__Fg_IFACE_BOX_SPRITES1@@YAXXZ
0x0044cd40	SKIP	0	0	uses fs: (SEH chain is not in the image)	??__Eg_IFACE_BOX_SPRITES2@@YAXXZ
0x0044cd70	SKIP	0	0	uses fs: (SEH chain is not in the image)	??__Fg_IFACE_BOX_SPRITES2@@YAXXZ
0x0044cd90	SKIP	0	0	uses fs: (SEH chain is not in the image)	??__Eg_IFACE_BOX_SPRITES3@@YAXXZ
0x0044cdc0	SKIP	0	0	uses fs: (SEH chain is not in the image)	??__Fg_IFACE_BOX_SPRITES3@@YAXXZ
0x0044cde0	SKIP	0	0	uses fs: (SEH chain is not in the image)	??__Eg_IFACE_BOX_SPRITES4@@YAXXZ
0x0044ce10	SKIP	0	0	uses fs: (SEH chain is not in the image)	??__Fg_IFACE_BOX_SPRITES4@@YAXXZ
0x0044ce30	SKIP	0	0	uses fs: (SEH chain is not in the image)	??__Eg_IFACE_BOX_SPRITES5@@YAXXZ
0x0044ce60	SKIP	0	0	uses fs: (SEH chain is not in the image)	??__Fg_IFACE_BOX_SPRITES5@@YAXXZ
0x0044ce80	SKIP	0	0	uses fs: (SEH chain is not in the image)	??__Eg_IFACE_BOX_SPRITES6@@YAXXZ
0x0044ceb0	SKIP	0	0	uses fs: (SEH chain is not in the image)	??__Fg_IFACE_BOX_SPRITES6@@YAXXZ
0x0044ced0	SKIP	0	0	uses fs: (SEH chain is not in the image)	??__Eg_IFACE_BOX_SPRITES7@@YAXXZ
0x0044cf00	SKIP	0	0	uses fs: (SEH chain is not in the image)	??__Fg_IFACE_BOX_SPRITES7@@YAXXZ
0x0044cf20	SKIP	0	0	uses fs: (SEH chain is not in the image)	??__Eg_IFACE_BOX_SPRITES8@@YAXXZ
0x0044cf50	SKIP	0	0	uses fs: (SEH chain is not in the image)	??__Fg_IFACE_BOX_SPRITES8@@YAXXZ
0x0044cf70	SKIP	0	0	uses fs: (SEH chain is not in the image)	??__Eg_IFACE_BOX_SPRITE_BUFFERS@@YAXXZ
0x0044cfa0	SKIP	0	0	uses fs: (SEH chain is not in the image)	??__Fg_IFACE_BOX_SPRITE_BUFFERS@@YAXXZ
0x0044cfc0	SKIP	0	0	calls a body the lift does not have	??__Eg_IFACE_STD_POPUPS_TOP_LEFT_SPRITE@@YAXXZ
0x0044cfe0	SKIP	0	0	reaches an import	??__Fg_IFACE_STD_POPUPS_TOP_LEFT_SPRITE@@YAXXZ
0x0044cff0	SKIP	0	0	calls a body the lift does not have	??__Eg_IFACE_STD_POPUPS_TOP_RIGHT_SPRITE@@YAXXZ
0x0044d010	SKIP	0	0	reaches an import	??__Fg_IFACE_STD_POPUPS_TOP_RIGHT_SPRITE@@YAXXZ
0x0044d020	SKIP	0	0	calls a body the lift does not have	??__Eg_IFACE_STD_POPUPS_BOT_LEFT_SPRITE@@YAXXZ
0x0044d040	SKIP	0	0	reaches an import	??__Fg_IFACE_STD_POPUPS_BOT_LEFT_SPRITE@@YAXXZ
0x0044d050	SKIP	0	0	calls a body the lift does not have	??__Eg_IFACE_STD_POPUPS_BOT_RIGHT_SPRITE@@YAXXZ
0x0044d070	SKIP	0	0	reaches an import	??__Fg_IFACE_STD_POPUPS_BOT_RIGHT_SPRITE@@YAXXZ
0x0044d080	SKIP	0	0	calls a body the lift does not have	??__Eg_IFACE_STD_POPUPS_TOP_MID_SPRITE@@YAXXZ
0x0044d0a0	SKIP	0	0	reaches an import	??__Fg_IFACE_STD_POPUPS_TOP_MID_SPRITE@@YAXXZ
0x0044d0b0	SKIP	0	0	calls a body the lift does not have	??__Eg_IFACE_STD_POPUPS_BOT_MID_SPRITE@@YAXXZ
0x0044d0d0	SKIP	0	0	reaches an import	??__Fg_IFACE_STD_POPUPS_BOT_MID_SPRITE@@YAXXZ
0x0044d0e0	SKIP	0	0	calls a body the lift does not have	??__Eg_IFACE_STD_POPUPS_MID_LEFT_SPRITE@@YAXXZ
0x0044d100	SKIP	0	0	reaches an import	??__Fg_IFACE_STD_POPUPS_MID_LEFT_SPRITE@@YAXXZ
0x0044d110	SKIP	0	0	calls a body the lift does not have	??__Eg_IFACE_STD_POPUPS_MID_RIGHT_SPRITE@@YAXXZ
0x0044d130	SKIP	0	0	reaches an import	??__Fg_IFACE_STD_POPUPS_MID_RIGHT_SPRITE@@YAXXZ
0x0044d140	SKIP	0	0	reaches an import	??__Eg_IFACE_STD_POPUPS_MIDDLE_BUFFER@@YAXXZ
0x0044d160	SKIP	0	0	reaches an import	??__Fg_IFACE_STD_POPUPS_MIDDLE_BUFFER@@YAXXZ
0x0044d170	SKIP	0	0	calls a body the lift does not have	??__Eg_UNUSED_CAVIARDATA_VAR1@@YAXXZ
0x0044d190	PASS	16	16		??__Fg_UNUSED_CAVIARDATA_VAR1@@YAXXZ
0x0044d1a0	SKIP	0	0	calls a body the lift does not have	??__Eg_SSF_CAVIARDATA@@YAXXZ
0x0044d1c0	PASS	16	16		??__Fg_SSF_CAVIARDATA@@YAXXZ
0x0044d1d0	SKIP	0	0	calls a body the lift does not have	??__Eg_SDP_CAVIARDATA@@YAXXZ
0x0044d1f0	PASS	16	16		??__Fg_SDP_CAVIARDATA@@YAXXZ
0x0044d200	SKIP	0	0	calls a body the lift does not have	??__Eg_SAS_CAVIARDATA@@YAXXZ
0x0044d220	PASS	16	16		??__Fg_SAS_CAVIARDATA@@YAXXZ
0x0044d230	SKIP	0	0	calls a body the lift does not have	??__Eg_SCD_CAVIARDATA@@YAXXZ
0x0044d250	PASS	16	16		??__Fg_SCD_CAVIARDATA@@YAXXZ
0x0044d260	SKIP	0	0	calls a body the lift does not have	??__Eg_SCJ_CAVIARDATA@@YAXXZ
0x0044d280	PASS	16	16		??__Fg_SCJ_CAVIARDATA@@YAXXZ
0x0044d290	SKIP	0	0	calls a body the lift does not have	??__Eg_SAGS_CAVIARDATA@@YAXXZ
0x0044d2b0	PASS	16	16		??__Fg_SAGS_CAVIARDATA@@YAXXZ
0x0044d2c0	SKIP	0	0	calls a body the lift does not have	??__Eg_SFT_CAVIARDATA@@YAXXZ
0x0044d2e0	PASS	16	16		??__Fg_SFT_CAVIARDATA@@YAXXZ
0x0044d2f0	SKIP	0	0	calls a body the lift does not have	??__Eg_VHR_CAVIARDATA1@@YAXXZ
0x0044d310	PASS	16	16		??__Fg_VHR_CAVIARDATA1@@YAXXZ
0x0044d320	SKIP	0	0	calls a body the lift does not have	??__Eg_SHT_CAVIARDATA@@YAXXZ
0x0044d340	PASS	16	16		??__Fg_SHT_CAVIARDATA@@YAXXZ
0x0044d350	SKIP	0	0	calls a body the lift does not have	??__Eg_SRB_CAVIARDATA@@YAXXZ
0x0044d370	PASS	16	16		??__Fg_SRB_CAVIARDATA@@YAXXZ
0x0044d380	SKIP	0	0	calls a body the lift does not have	??__Eg_ASAS_CAVIARDATA@@YAXXZ
0x0044d3a0	PASS	16	16		??__Fg_ASAS_CAVIARDATA@@YAXXZ
0x0044d3b0	SKIP	0	0	calls a body the lift does not have	??__Eg_RESLASER_CAVIARDATA@@YAXXZ
0x0044d3d0	PASS	16	16		??__Fg_RESLASER_CAVIARDATA@@YAXXZ
0x0044d3e0	SKIP	0	0	calls a body the lift does not have	??__Eg_RESBOLT_CAVIARDATA@@YAXXZ
0x0044d400	PASS	16	16		??__Fg_RESBOLT_CAVIARDATA@@YAXXZ
0x0044d410	SKIP	0	0	calls a body the lift does not have	??__Eg_FUNLOAD_CAVIARDATA@@YAXXZ
0x0044d430	PASS	16	16		??__Fg_FUNLOAD_CAVIARDATA@@YAXXZ
0x0044d440	SKIP	0	0	calls a body the lift does not have	??__Eg_TECLOAD_CAVIARDATA@@YAXXZ
0x0044d460	PASS	16	16		??__Fg_TECLOAD_CAVIARDATA@@YAXXZ
0x0044d470	SKIP	0	0	calls a body the lift does not have	??__Eg_SP_DISSWAVE_CAVIARDATA@@YAXXZ
0x0044d490	PASS	16	16		??__Fg_SP_DISSWAVE_CAVIARDATA@@YAXXZ
0x0044d4a0	SKIP	0	0	calls a body the lift does not have	??__Eg_SP_MARINED_CAVIARDATA@@YAXXZ
0x0044d4c0	PASS	16	16		??__Fg_SP_MARINED_CAVIARDATA@@YAXXZ
0x0044d4d0	SKIP	0	0	calls a body the lift does not have	??__Eg_SP_NANOO_CAVIARDATA@@YAXXZ
0x0044d4f0	PASS	16	16		??__Fg_SP_NANOO_CAVIARDATA@@YAXXZ
0x0044d500	SKIP	0	0	calls a body the lift does not have	??__Eg_SP_SOPORIFIC_CAVIARDATA@@YAXXZ
0x0044d520	PASS	16	16		??__Fg_SP_SOPORIFIC_CAVIARDATA@@YAXXZ
0x0044d530	SKIP	0	0	calls a body the lift does not have	??__Eg_AA01_CAVIARDATA@@YAXXZ
0x0044d550	PASS	16	16		??__Fg_AA01_CAVIARDATA@@YAXXZ
0x0044d560	SKIP	0	0	calls a body the lift does not have	??__Eg_AA_ROVER_CAVIARDATA@@YAXXZ
0x0044d580	PASS	16	16		??__Fg_AA_ROVER_CAVIARDATA@@YAXXZ
0x0044d590	SKIP	0	0	uses fs: (SEH chain is not in the image)	??__Eg_AA_WING_CAVIARDATA@@YAXXZ
0x0044d5c0	SKIP	0	0	uses fs: (SEH chain is not in the image)	??__Fg_AA_WING_CAVIARDATA@@YAXXZ
0x0044d5e0	SKIP	0	0	uses fs: (SEH chain is not in the image)	??__Eg_ACP_CAVIARDATA@@YAXXZ
0x0044d610	SKIP	0	0	uses fs: (SEH chain is not in the image)	??__Fg_ACP_CAVIARDATA@@YAXXZ
0x0044d630	SKIP	0	0	calls a body the lift does not have	??__Eg_AX_CAVIARDATA@@YAXXZ
0x0044d650	PASS	16	16		??__Fg_AX_CAVIARDATA@@YAXXZ
0x0044d660	SKIP	0	0	calls a body the lift does not have	??__Eg_AA_CAVIARDATA@@YAXXZ
0x0044d680	PASS	16	16		??__Fg_AA_CAVIARDATA@@YAXXZ
0x0044d690	SKIP	0	0	calls a body the lift does not have	??__Eg_ACOLPOD_CAVIARDATA@@YAXXZ
0x0044d6b0	PASS	16	16		??__Fg_ACOLPOD_CAVIARDATA@@YAXXZ
0x0044d6c0	SKIP	0	0	calls a body the lift does not have	??__Eg_AT_CAVIARDATA@@YAXXZ
0x0044d6e0	PASS	16	16		??__Fg_AT_CAVIARDATA@@YAXXZ
0x0044d6f0	SKIP	0	0	calls a body the lift does not have	??__Eg_VTA_CAVIARDATA@@YAXXZ
0x0044d710	PASS	16	16		??__Fg_VTA_CAVIARDATA@@YAXXZ
0x0044d720	SKIP	0	0	calls a body the lift does not have	??__Eg_ATP_CAVIARDATA@@YAXXZ
0x0044d740	PASS	16	16		??__Fg_ATP_CAVIARDATA@@YAXXZ
0x0044d750	SKIP	0	0	calls a body the lift does not have	??__Eg_SSFA_CAVIARDATA@@YAXXZ
0x0044d770	PASS	16	16		??__Fg_SSFA_CAVIARDATA@@YAXXZ
0x0044d780	SKIP	0	0	calls a body the lift does not have	??__Eg_SFTA_CAVIARDATA@@YAXXZ
0x0044d7a0	PASS	16	16		??__Fg_SFTA_CAVIARDATA@@YAXXZ
0x0044d7b0	SKIP	0	0	calls a body the lift does not have	??__Eg_VW00_CAVIARDATA@@YAXXZ
0x0044d7d0	PASS	16	16		??__Fg_VW00_CAVIARDATA@@YAXXZ
0x0044d7e0	SKIP	0	0	calls a body the lift does not have	??__Eg_VIPTAWL_CAVIARDATA@@YAXXZ
0x0044d800	PASS	16	16		??__Fg_VIPTAWL_CAVIARDATA@@YAXXZ
0x0044d810	SKIP	0	0	calls a body the lift does not have	??__Eg_VIPTASGN_CAVIARDATA@@YAXXZ
0x0044d830	PASS	16	16		??__Fg_VIPTASGN_CAVIARDATA@@YAXXZ
0x0044d840	SKIP	0	0	calls a body the lift does not have	??__Eg_VIPTAPSI_CAVIARDATA@@YAXXZ
0x0044d860	PASS	16	16		??__Fg_VIPTAPSI_CAVIARDATA@@YAXXZ
0x0044d870	SKIP	0	0	uses fs: (SEH chain is not in the image)	??__Eg_VIPTR_CAVIARDATA@@YAXXZ
0x0044d8a0	SKIP	0	0	uses fs: (SEH chain is not in the image)	??__Fg_VIPTR_CAVIARDATA@@YAXXZ
0x0044d8c0	SKIP	0	0	uses fs: (SEH chain is not in the image)	??__Eg_VIPTA_CAVIARDATA@@YAXXZ
0x0044d8f0	SKIP	0	0	uses fs: (SEH chain is not in the image)	??__Fg_VIPTA_CAVIARDATA@@YAXXZ
0x0044d910	SKIP	0	0	calls a body the lift does not have	??__Eg_PTMOD_CAVIARDATA@@YAXXZ
0x0044d930	PASS	16	16		??__Fg_PTMOD_CAVIARDATA@@YAXXZ
0x0044d940	SKIP	0	0	calls a body the lift does not have	??__Eg_VB_CAVIARDATA@@YAXXZ
0x0044d960	PASS	16	16		??__Fg_VB_CAVIARDATA@@YAXXZ
0x0044d970	SKIP	0	0	calls a body the lift does not have	??__Eg_VBP_CAVIARDATA@@YAXXZ
0x0044d990	PASS	16	16		??__Fg_VBP_CAVIARDATA@@YAXXZ
0x0044d9a0	SKIP	0	0	calls a body the lift does not have	??__Eg_VGMC_CAVIARDATA@@YAXXZ
0x0044d9c0	PASS	16	16		??__Fg_VGMC_CAVIARDATA@@YAXXZ
0x0044d9d0	SKIP	0	0	calls a body the lift does not have	??__Eg_VGMCP_CAVIARDATA@@YAXXZ
0x0044d9f0	PASS	16	16		??__Fg_VGMCP_CAVIARDATA@@YAXXZ
0x0044da00	SKIP	0	0	calls a body the lift does not have	??__Eg_VLIGHTS_CAVIARDATA@@YAXXZ
0x0044da20	PASS	16	16		??__Fg_VLIGHTS_CAVIARDATA@@YAXXZ
0x0044da30	SKIP	0	0	calls a body the lift does not have	??__Eg_VPT_CAVIARDATA@@YAXXZ
0x0044da50	PASS	16	16		??__Fg_VPT_CAVIARDATA@@YAXXZ
0x0044da60	SKIP	0	0	calls a body the lift does not have	??__Eg_A_CAVIARDATA@@YAXXZ
0x0044da80	PASS	16	16		??__Fg_A_CAVIARDATA@@YAXXZ
0x0044da90	SKIP	0	0	calls a body the lift does not have	??__Eg_APWALL_CAVIARDATA@@YAXXZ
0x0044dab0	PASS	16	16		??__Fg_APWALL_CAVIARDATA@@YAXXZ
0x0044dac0	SKIP	0	0	calls a body the lift does not have	??__Eg_ASGEN_CAVIARDATA@@YAXXZ
0x0044dae0	PASS	16	16		??__Fg_ASGEN_CAVIARDATA@@YAXXZ
0x0044daf0	SKIP	0	0	calls a body the lift does not have	??__Eg_APSID_CAVIARDATA@@YAXXZ
0x0044db10	PASS	16	16		??__Fg_APSID_CAVIARDATA@@YAXXZ
0x0044db20	SKIP	0	0	calls a body the lift does not have	??__Eg_VA01_CAVIARDATA@@YAXXZ
0x0044db40	PASS	16	16		??__Fg_VA01_CAVIARDATA@@YAXXZ
0x0044db50	SKIP	0	0	uses fs: (SEH chain is not in the image)	??__Eg_VR_CAVIARDATA@@YAXXZ
0x0044db80	SKIP	0	0	uses fs: (SEH chain is not in the image)	??__Fg_VR_CAVIARDATA@@YAXXZ
0x0044dba0	SKIP	0	0	calls a body the lift does not have	??__Eg_VHR_CAVIARDATA2@@YAXXZ
0x0044dbc0	PASS	16	16		??__Fg_VHR_CAVIARDATA2@@YAXXZ
0x0044dbd0	SKIP	0	0	uses fs: (SEH chain is not in the image)	??__Eg_VRC_CAVIARDATA@@YAXXZ
0x0044dc00	SKIP	0	0	uses fs: (SEH chain is not in the image)	??__Fg_VRC_CAVIARDATA@@YAXXZ
0x0044dc20	SKIP	0	0	calls a body the lift does not have	??__Eg_VI_CAVIARDATA@@YAXXZ
0x0044dc40	PASS	16	16		??__Fg_VI_CAVIARDATA@@YAXXZ
0x0044dc50	SKIP	0	0	calls a body the lift does not have	??__Eg_VGMT_CAVIARDATA@@YAXXZ
0x0044dc70	PASS	16	16		??__Fg_VGMT_CAVIARDATA@@YAXXZ
0x0044dc80	SKIP	0	0	calls a body the lift does not have	??__Eg_VGMTP_CAVIARDATA@@YAXXZ
0x0044dca0	PASS	16	16		??__Fg_VGMTP_CAVIARDATA@@YAXXZ
0x0044dcb0	SKIP	0	0	calls a body the lift does not have	??__Eg_UNUSED_CAVIARDATA_VAR2@@YAXXZ
0x0044dcd0	PASS	16	16		??__Fg_UNUSED_CAVIARDATA_VAR2@@YAXXZ
0x0044dce0	SKIP	0	0	calls a body the lift does not have	??__Eg_VWNTU_CAVIARDATA@@YAXXZ
0x0044dd00	PASS	16	16		??__Fg_VWNTU_CAVIARDATA@@YAXXZ
0x0044dd10	SKIP	0	0	calls a body the lift does not have	??__Eg_VT_CAVIARDATA@@YAXXZ
0x0044dd30	PASS	16	16		??__Fg_VT_CAVIARDATA@@YAXXZ
0x0044dd40	SKIP	0	0	calls a body the lift does not have	??__Eg_DROP_CAVIARDATA@@YAXXZ
0x0044dd60	PASS	16	16		??__Fg_DROP_CAVIARDATA@@YAXXZ
0x0044dd70	SKIP	0	0	calls a body the lift does not have	??__Eg_DROPLET_CAVIARDATA@@YAXXZ
0x0044dd90	PASS	16	16		??__Fg_DROPLET_CAVIARDATA@@YAXXZ
0x0044dda0	SKIP	0	0	calls a body the lift does not have	??__Eg_VCL_CAVIARDATA@@YAXXZ
0x0044ddc0	PASS	16	16		??__Fg_VCL_CAVIARDATA@@YAXXZ
0x0044ddd0	SKIP	0	0	uses fs: (SEH chain is not in the image)	??__Eg_UNUSED_CAVIARDATA_VAR3@@YAXXZ
0x0044de00	SKIP	0	0	uses fs: (SEH chain is not in the image)	??__Fg_UNUSED_CAVIARDATA_VAR3@@YAXXZ
0x0044de20	SKIP	0	0	calls a body the lift does not have	??__Eg_VCLT00_CAVIARDATA@@YAXXZ
0x0044de40	PASS	16	16		??__Fg_VCLT00_CAVIARDATA@@YAXXZ
0x0044de50	SKIP	0	0	calls a body the lift does not have	??__Eg_VHT_VBP_CAVIARDATA@@YAXXZ
0x0044de70	PASS	16	16		??__Fg_VHT_VBP_CAVIARDATA@@YAXXZ
0x0044de80	SKIP	0	0	calls a body the lift does not have	??__Eg_VHTP_CAVIARDATA@@YAXXZ
0x0044dea0	PASS	16	16		??__Fg_VHTP_CAVIARDATA@@YAXXZ
0x0044deb0	SKIP	0	0	uses fs: (SEH chain is not in the image)	??__Eg_VHTA0_CAVIARDATA@@YAXXZ
0x0044dee0	SKIP	0	0	uses fs: (SEH chain is not in the image)	??__Fg_VHTA0_CAVIARDATA@@YAXXZ
0x0044df00	SKIP	0	0	calls a body the lift does not have	??__Eg_VHTTP_CAVIARDATA@@YAXXZ
0x0044df20	PASS	16	16		??__Fg_VHTTP_CAVIARDATA@@YAXXZ
0x0044df30	SKIP	0	0	uses fs: (SEH chain is not in the image)	??__Eg_VHTTPA0_CAVIARDATA@@YAXXZ
0x0044df60	SKIP	0	0	uses fs: (SEH chain is not in the image)	??__Fg_VHTTPA0_CAVIARDATA@@YAXXZ
0x0044df80	SKIP	0	0	calls a body the lift does not have	??__Eg_VSP_CAVIARDATA@@YAXXZ
0x0044dfa0	PASS	16	16		??__Fg_VSP_CAVIARDATA@@YAXXZ
0x0044dfb0	SKIP	0	0	uses fs: (SEH chain is not in the image)	??__Eg_VSPA0_CAVIARDATA@@YAXXZ
0x0044dfe0	SKIP	0	0	uses fs: (SEH chain is not in the image)	??__Fg_VSPA0_CAVIARDATA@@YAXXZ
0x0044e000	SKIP	0	0	calls a body the lift does not have	??__Eg_VSPTF_CAVIARDATA@@YAXXZ
0x0044e020	PASS	16	16		??__Fg_VSPTF_CAVIARDATA@@YAXXZ
0x0044e030	SKIP	0	0	calls a body the lift does not have	??__Eg_VSPTB_CAVIARDATA@@YAXXZ
0x0044e050	PASS	16	16		??__Fg_VSPTB_CAVIARDATA@@YAXXZ
0x0044e060	SKIP	0	0	calls a body the lift does not have	??__Eg_VFL_CAVIARDATA@@YAXXZ
0x0044e080	PASS	16	16		??__Fg_VFL_CAVIARDATA@@YAXXZ
0x0044e090	SKIP	0	0	calls a body the lift does not have	??__Eg_VGS_CAVIARDATA@@YAXXZ
0x0044e0b0	PASS	16	16		??__Fg_VGS_CAVIARDATA@@YAXXZ
0x0044e0c0	SKIP	0	0	calls a body the lift does not have	??__Eg_VGSP_CAVIARDATA@@YAXXZ
0x0044e0e0	PASS	16	16		??__Fg_VGSP_CAVIARDATA@@YAXXZ
0x0044e0f0	SKIP	0	0	calls a body the lift does not have	??__Eg_VJTP_CAVIARDATA@@YAXXZ
0x0044e110	PASS	16	16		??__Fg_VJTP_CAVIARDATA@@YAXXZ
0x0044e120	SKIP	0	0	uses fs: (SEH chain is not in the image)	??__Eg_VJT0_CAVIARDATA@@YAXXZ
0x0044e150	SKIP	0	0	uses fs: (SEH chain is not in the image)	??__Fg_VJT0_CAVIARDATA@@YAXXZ
0x0044e170	SKIP	0	0	calls a body the lift does not have	??__Eg_VCU_CAVIARDATA@@YAXXZ
0x0044e190	PASS	16	16		??__Fg_VCU_CAVIARDATA@@YAXXZ
0x0044e1a0	SKIP	0	0	calls a body the lift does not have	??__Eg_VCUP_CAVIARDATA@@YAXXZ
0x0044e1c0	PASS	16	16		??__Fg_VCUP_CAVIARDATA@@YAXXZ
0x0044e1d0	SKIP	0	0	uses fs: (SEH chain is not in the image)	??__Eg_VCUA0_CAVIARDATA@@YAXXZ
0x0044e200	SKIP	0	0	uses fs: (SEH chain is not in the image)	??__Fg_VCUA0_CAVIARDATA@@YAXXZ
0x0044e220	SKIP	0	0	calls a body the lift does not have	??__Eg_VCUW_CAVIARDATA@@YAXXZ
0x0044e240	PASS	16	16		??__Fg_VCUW_CAVIARDATA@@YAXXZ
0x0044e250	SKIP	0	0	calls a body the lift does not have	??__Eg_VCT_CAVIARDATA@@YAXXZ
0x0044e270	PASS	16	16		??__Fg_VCT_CAVIARDATA@@YAXXZ
0x0044e280	SKIP	0	0	calls a body the lift does not have	??__Eg_VCTP_CAVIARDATA@@YAXXZ
0x0044e2a0	PASS	16	16		??__Fg_VCTP_CAVIARDATA@@YAXXZ
0x0044e2b0	SKIP	0	0	calls a body the lift does not have	??__Eg_VCTB_CAVIARDATA@@YAXXZ
0x0044e2d0	PASS	16	16		??__Fg_VCTB_CAVIARDATA@@YAXXZ
0x0044e2e0	SKIP	0	0	uses fs: (SEH chain is not in the image)	??__Eg_VCT0_CAVIARDATA@@YAXXZ
0x0044e310	SKIP	0	0	uses fs: (SEH chain is not in the image)	??__Fg_VCT0_CAVIARDATA@@YAXXZ
0x0044e330	SKIP	0	0	calls a body the lift does not have	??__Eg_VWNTT_CAVIARDATA@@YAXXZ
0x0044e350	PASS	16	16		??__Fg_VWNTT_CAVIARDATA@@YAXXZ
0x0044e360	SKIP	0	0	calls a body the lift does not have	??__Eg_VWNST_CAVIARDATA@@YAXXZ
0x0044e380	PASS	16	16		??__Fg_VWNST_CAVIARDATA@@YAXXZ
0x0044e390	SKIP	0	0	calls a body the lift does not have	??__Eg_VWNAA_CAVIARDATA@@YAXXZ
0x0044e3b0	PASS	16	16		??__Fg_VWNAA_CAVIARDATA@@YAXXZ
0x0044e3c0	SKIP	0	0	uses fs: (SEH chain is not in the image)	??__Eg_VW_CAVIARDATA@@YAXXZ
0x0044e3f0	SKIP	0	0	uses fs: (SEH chain is not in the image)	??__Fg_VW_CAVIARDATA@@YAXXZ
0x0044e410	SKIP	0	0	calls a body the lift does not have	??__Eg_VM_CAVIARDATA@@YAXXZ
0x0044e430	PASS	16	16		??__Fg_VM_CAVIARDATA@@YAXXZ
0x0044e440	SKIP	0	0	calls a body the lift does not have	??__Eg_VM13_CAVIARDATA@@YAXXZ
0x0044e460	PASS	16	16		??__Fg_VM13_CAVIARDATA@@YAXXZ
0x0044e470	SKIP	0	0	uses fs: (SEH chain is not in the image)	??__Eg_VPBR0_CAVIARDATA@@YAXXZ
0x0044e4a0	SKIP	0	0	uses fs: (SEH chain is not in the image)	??__Fg_VPBR0_CAVIARDATA@@YAXXZ
0x0044e4c0	SKIP	0	0	uses fs: (SEH chain is not in the image)	??__Eg_UNUSED_CAVIARDATA_VAR4@@YAXXZ
0x0044e4f0	SKIP	0	0	uses fs: (SEH chain is not in the image)	??__Fg_UNUSED_CAVIARDATA_VAR4@@YAXXZ
0x0044e510	SKIP	0	0	calls a body the lift does not have	??__Eg_NW_CAVIARDATA@@YAXXZ
0x0044e530	PASS	16	16		??__Fg_NW_CAVIARDATA@@YAXXZ
0x0044e540	SKIP	0	0	calls a body the lift does not have	??__Eg_NI_CAVIARDATA@@YAXXZ
0x0044e560	PASS	16	16		??__Fg_NI_CAVIARDATA@@YAXXZ
0x0044e570	SKIP	0	0	calls a body the lift does not have	??__Eg_NLC_CAVIARDATA@@YAXXZ
0x0044e590	PASS	16	16		??__Fg_NLC_CAVIARDATA@@YAXXZ
0x0044e5a0	SKIP	0	0	uses fs: (SEH chain is not in the image)	??__Eg_UNUSED_CAVIARDATA_VAR5@@YAXXZ
0x0044e5d0	SKIP	0	0	uses fs: (SEH chain is not in the image)	??__Fg_UNUSED_CAVIARDATA_VAR5@@YAXXZ
0x0044e5f0	SKIP	0	0	calls a body the lift does not have	??__Eg_RADIUS1_TEXTURE@@YAXXZ
0x0044e610	SKIP	0	0	reaches an import	??__Fg_RADIUS1_TEXTURE@@YAXXZ
0x0044e620	SKIP	0	0	calls a body the lift does not have	??__Eg_RADIUS2_TEXTURE@@YAXXZ
0x0044e640	SKIP	0	0	reaches an import	??__Fg_RADIUS2_TEXTURE@@YAXXZ
0x0044e650	SKIP	0	0	uses fs: (SEH chain is not in the image)	??__Eg_ROCKY_TEXTURES@@YAXXZ
0x0044e680	SKIP	0	0	uses fs: (SEH chain is not in the image)	??__Fg_ROCKY_TEXTURES@@YAXXZ
0x0044e6a0	SKIP	0	0	uses fs: (SEH chain is not in the image)	??__Eg_OCEAN_TEXTURES@@YAXXZ
0x0044e6d0	SKIP	0	0	uses fs: (SEH chain is not in the image)	??__Fg_OCEAN_TEXTURES@@YAXXZ
0x0044e6f0	SKIP	0	0	calls a body the lift does not have	??__Eg_FLAT_ARID_LAND_TEXTURE@@YAXXZ
0x0044e710	SKIP	0	0	reaches an import	??__Fg_FLAT_ARID_LAND_TEXTURE@@YAXXZ
0x0044e720	SKIP	0	0	uses fs: (SEH chain is not in the image)	??__Eg_MOIST_LAND_TEXTURES@@YAXXZ
0x0044e750	SKIP	0	0	uses fs: (SEH chain is not in the image)	??__Fg_MOIST_LAND_TEXTURES@@YAXXZ
0x0044e770	SKIP	0	0	uses fs: (SEH chain is not in the image)	??__Eg_RAINY_LAND_TEXTURES@@YAXXZ
0x0044e7a0	SKIP	0	0	uses fs: (SEH chain is not in the image)	??__Fg_RAINY_LAND_TEXTURES@@YAXXZ
0x0044e7c0	SKIP	0	0	uses fs: (SEH chain is not in the image)	??__Eg_JUNGLE_LAND_TEXTURES@@YAXXZ
0x0044e7f0	SKIP	0	0	uses fs: (SEH chain is not in the image)	??__Fg_JUNGLE_LAND_TEXTURES@@YAXXZ
0x0044e810	SKIP	0	0	calls a body the lift does not have	??__Eg_DUNE_LAND_TEXTURE@@YAXXZ
0x0044e830	SKIP	0	0	reaches an import	??__Fg_DUNE_LAND_TEXTURE@@YAXXZ
0x0044e840	SKIP	0	0	uses fs: (SEH chain is not in the image)	??__Eg_SUNNY_MESA_TEXTURES@@YAXXZ
0x0044e870	SKIP	0	0	uses fs: (SEH chain is not in the image)	??__Fg_SUNNY_MESA_TEXTURES@@YAXXZ
0x0044e890	SKIP	0	0	uses fs: (SEH chain is not in the image)	??__Eg_RAINFALL_SINGLE_TILE_TEXTURES@@YAXXZ
0x0044e8c0	SKIP	0	0	uses fs: (SEH chain is not in the image)	??__Fg_RAINFALL_SINGLE_TILE_TEXTURES@@YAXXZ
0x0044e8e0	SKIP	0	0	uses fs: (SEH chain is not in the image)	??__Eg_ROAD_TEXTURES@@YAXXZ
0x0044e910	SKIP	0	0	uses fs: (SEH chain is not in the image)	??__Fg_ROAD_TEXTURES@@YAXXZ
0x0044e930	SKIP	0	0	uses fs: (SEH chain is not in the image)	??__Eg_MAGTUBE_TEXTURES@@YAXXZ
0x0044e960	SKIP	0	0	uses fs: (SEH chain is not in the image)	??__Fg_MAGTUBE_TEXTURES@@YAXXZ
0x0044e980	SKIP	0	0	uses fs: (SEH chain is not in the image)	??__Eg_RIVER_TEXTURES@@YAXXZ
0x0044e9b0	SKIP	0	0	uses fs: (SEH chain is not in the image)	??__Fg_RIVER_TEXTURES@@YAXXZ
0x0044e9d0	SKIP	0	0	uses fs: (SEH chain is not in the image)	??__Eg_MOUNT_PLANET_TEXTURES@@YAXXZ
0x0044ea00	SKIP	0	0	uses fs: (SEH chain is not in the image)	??__Fg_MOUNT_PLANET_TEXTURES@@YAXXZ
0x0044ea20	SKIP	0	0	uses fs: (SEH chain is not in the image)	??__Eg_GARLAND_CRATER_TEXTURES@@YAXXZ
0x0044ea50	SKIP	0	0	uses fs: (SEH chain is not in the image)	??__Fg_GARLAND_CRATER_TEXTURES@@YAXXZ
0x0044ea70	SKIP	0	0	uses fs: (SEH chain is not in the image)	??__Eg_FUNGUS_TEXTURES@@YAXXZ
0x0044eaa0	SKIP	0	0	uses fs: (SEH chain is not in the image)	??__Fg_FUNGUS_TEXTURES@@YAXXZ
0x0044eac0	SKIP	0	0	uses fs: (SEH chain is not in the image)	??__Eg_FARM_TEXTURES@@YAXXZ
0x0044eaf0	SKIP	0	0	uses fs: (SEH chain is not in the image)	??__Fg_FARM_TEXTURES@@YAXXZ
0x0044eb10	SKIP	0	0	uses fs: (SEH chain is not in the image)	??__Eg_FOREST_TEXTURES@@YAXXZ
0x0044eb40	SKIP	0	0	uses fs: (SEH chain is not in the image)	??__Fg_FOREST_TEXTURES@@YAXXZ
0x0044eb60	SKIP	0	0	calls a body the lift does not have	??__Eg_RAINFALL_SINGLE_TILE_TEXTURE@@YAXXZ
0x0044eb80	SKIP	0	0	reaches an import	??__Fg_RAINFALL_SINGLE_TILE_TEXTURE@@YAXXZ
0x0044eb90	SKIP	0	0	uses fs: (SEH chain is not in the image)	??__Eg_TER1_WHITE_ORG_YEL_TILE_SPRITES@@YAXXZ
0x0044ebc0	SKIP	0	0	uses fs: (SEH chain is not in the image)	??__Fg_TER1_WHITE_ORG_YEL_TILE_SPRITES@@YAXXZ
0x0044ebe0	SKIP	0	0	uses fs: (SEH chain is not in the image)	??__Eg_TER1_BOTTOM_LEFT_TILE_SPRITES@@YAXXZ
0x0044ec10	SKIP	0	0	uses fs: (SEH chain is not in the image)	??__Fg_TER1_BOTTOM_LEFT_TILE_SPRITES@@YAXXZ
0x0044ec30	SKIP	0	0	uses fs: (SEH chain is not in the image)	??__Eg_TER1_UNUSED_SPRITES2@@YAXXZ
0x0044ec60	SKIP	0	0	uses fs: (SEH chain is not in the image)	??__Fg_TER1_UNUSED_SPRITES2@@YAXXZ
0x0044ec80	SKIP	0	0	calls a body the lift does not have	??__Eg_TER1_MINE_SPRITE@@YAXXZ
0x0044eca0	SKIP	0	0	reaches an import	??__Fg_TER1_MINE_SPRITE@@YAXXZ
0x0044ecb0	SKIP	0	0	calls a body the lift does not have	??__Eg_TER1_SOLAR_COLLECTOR_SPRITE@@YAXXZ
0x0044ecd0	SKIP	0	0	reaches an import	??__Fg_TER1_SOLAR_COLLECTOR_SPRITE@@YAXXZ
0x0044ece0	SKIP	0	0	calls a body the lift does not have	??__Eg_TER1_TIDAL_HARNESS_SPRITE@@YAXXZ
0x0044ed00	SKIP	0	0	reaches an import	??__Fg_TER1_TIDAL_HARNESS_SPRITE@@YAXXZ
0x0044ed10	SKIP	0	0	calls a body the lift does not have	??__Eg_TER1_MINING_PLATFORM_SPRITE@@YAXXZ
0x0044ed30	SKIP	0	0	reaches an import	??__Fg_TER1_MINING_PLATFORM_SPRITE@@YAXXZ
0x0044ed40	SKIP	0	0	calls a body the lift does not have	??__Eg_TER1_TUT_BLANK_SPRITE@@YAXXZ
0x0044ed60	SKIP	0	0	reaches an import	??__Fg_TER1_TUT_BLANK_SPRITE@@YAXXZ
0x0044ed70	SKIP	0	0	calls a body the lift does not have	??__Eg_TER1_KELP_FARM_SPRITE@@YAXXZ
0x0044ed90	SKIP	0	0	reaches an import	??__Fg_TER1_KELP_FARM_SPRITE@@YAXXZ
0x0044eda0	SKIP	0	0	calls a body the lift does not have	??__Eg_TER1_CONDENSER_SPRITE@@YAXXZ
0x0044edc0	SKIP	0	0	reaches an import	??__Fg_TER1_CONDENSER_SPRITE@@YAXXZ
0x0044edd0	SKIP	0	0	calls a body the lift does not have	??__Eg_TER1_ECHELON_MIRROR_SPRITE@@YAXXZ
0x0044edf0	SKIP	0	0	reaches an import	??__Fg_TER1_ECHELON_MIRROR_SPRITE@@YAXXZ
0x0044ee00	SKIP	0	0	calls a body the lift does not have	??__Eg_TER1_BOREHOLE_SPRITE@@YAXXZ
0x0044ee20	SKIP	0	0	reaches an import	??__Fg_TER1_BOREHOLE_SPRITE@@YAXXZ
0x0044ee30	SKIP	0	0	calls a body the lift does not have	??__Eg_TER1_BOREHOLE_CLUSTER_SPRITE@@YAXXZ
0x0044ee50	SKIP	0	0	reaches an import	??__Fg_TER1_BOREHOLE_CLUSTER_SPRITE@@YAXXZ
0x0044ee60	SKIP	0	0	uses fs: (SEH chain is not in the image)	??__Eg_TER1_MANIFOLD_NEXUS_SPRITES@@YAXXZ
0x0044ee90	SKIP	0	0	uses fs: (SEH chain is not in the image)	??__Fg_TER1_MANIFOLD_NEXUS_SPRITES@@YAXXZ
0x0044eeb0	SKIP	0	0	uses fs: (SEH chain is not in the image)	??__Eg_TER1WRECK_UNITY_WRECKAGE_SPRITES@@YAXXZ
0x0044eee0	SKIP	0	0	uses fs: (SEH chain is not in the image)	??__Fg_TER1WRECK_UNITY_WRECKAGE_SPRITES@@YAXXZ
0x0044ef00	SKIP	0	0	uses fs: (SEH chain is not in the image)	??__Eg_TER1WRECK_UNITY_WRECKAGE_ALT_SPRITES@@YAXXZ
0x0044ef30	SKIP	0	0	uses fs: (SEH chain is not in the image)	??__Fg_TER1WRECK_UNITY_WRECKAGE_ALT_SPRITES@@YAXXZ
0x0044ef50	SKIP	0	0	uses fs: (SEH chain is not in the image)	??__Eg_FOSSIL_FIELD_RIDGE_SPRITES@@YAXXZ
0x0044ef80	SKIP	0	0	uses fs: (SEH chain is not in the image)	??__Fg_FOSSIL_FIELD_RIDGE_SPRITES@@YAXXZ
0x0044efa0	SKIP	0	0	uses fs: (SEH chain is not in the image)	??__Eg_TER1_UNUSED_SPRITES1@@YAXXZ
0x0044efd0	SKIP	0	0	uses fs: (SEH chain is not in the image)	??__Fg_TER1_UNUSED_SPRITES1@@YAXXZ
0x0044eff0	SKIP	0	0	uses fs: (SEH chain is not in the image)	??__Eg_TER1_FARM_SPRITES@@YAXXZ
0x0044f020	SKIP	0	0	uses fs: (SEH chain is not in the image)	??__Fg_TER1_FARM_SPRITES@@YAXXZ
0x0044f040	SKIP	0	0	uses fs: (SEH chain is not in the image)	??__Eg_TER1_SOIL_ENRICHER_SPRITES@@YAXXZ
0x0044f070	SKIP	0	0	uses fs: (SEH chain is not in the image)	??__Fg_TER1_SOIL_ENRICHER_SPRITES@@YAXXZ
0x0044f090	SKIP	0	0	uses fs: (SEH chain is not in the image)	??__Eg_TER1_SEA_LAND_RESOURCE_SPRITES@@YAXXZ
0x0044f0c0	SKIP	0	0	uses fs: (SEH chain is not in the image)	??__Fg_TER1_SEA_LAND_RESOURCE_SPRITES@@YAXXZ
0x0044f0e0	SKIP	0	0	uses fs: (SEH chain is not in the image)	??__Eg_TER1_LANDMARK_RESOURCE_SPRITES@@YAXXZ
0x0044f110	SKIP	0	0	uses fs: (SEH chain is not in the image)	??__Fg_TER1_LANDMARK_RESOURCE_SPRITES@@YAXXZ
0x0044f130	SKIP	0	0	uses fs: (SEH chain is not in the image)	??__Eg_GLOW_SPRITES@@YAXXZ
0x0044f160	SKIP	0	0	uses fs: (SEH chain is not in the image)	??__Fg_GLOW_SPRITES@@YAXXZ
0x0044f180	SKIP	0	0	uses fs: (SEH chain is not in the image)	??__Eg_TER1_UNITY_POD_SPRITES@@YAXXZ
0x0044f1b0	SKIP	0	0	uses fs: (SEH chain is not in the image)	??__Fg_TER1_UNITY_POD_SPRITES@@YAXXZ
0x0044f1d0	SKIP	0	0	calls a body the lift does not have	??__Eg_TER1_MONOLITH_SPRITE@@YAXXZ
0x0044f1f0	SKIP	0	0	reaches an import	??__Fg_TER1_MONOLITH_SPRITE@@YAXXZ
0x0044f200	SKIP	0	0	calls a body the lift does not have	??__Eg_TER1_BUNKER_SPRITE@@YAXXZ
0x0044f220	SKIP	0	0	reaches an import	??__Fg_TER1_BUNKER_SPRITE@@YAXXZ
0x0044f230	SKIP	0	0	calls a body the lift does not have	??__Eg_TER1_AIRBASE_SPRITE@@YAXXZ
0x0044f250	SKIP	0	0	reaches an import	??__Fg_TER1_AIRBASE_SPRITE@@YAXXZ
0x0044f260	SKIP	0	0	calls a body the lift does not have	??__Eg_TER1_SENSOR_ARRAY_SPRITE@@YAXXZ
0x0044f280	SKIP	0	0	reaches an import	??__Fg_TER1_SENSOR_ARRAY_SPRITE@@YAXXZ
0x0044f290	SKIP	0	0	uses fs: (SEH chain is not in the image)	??__Eg_RAINFALL_DOUBLE_TILE_SPRITES@@YAXXZ
0x0044f2c0	SKIP	0	0	uses fs: (SEH chain is not in the image)	??__Fg_RAINFALL_DOUBLE_TILE_SPRITES@@YAXXZ
0x0044f2e0	SKIP	0	0	uses fs: (SEH chain is not in the image)	??__Eg_VEH_SPRITES@@YAXXZ
0x0044f310	SKIP	0	0	uses fs: (SEH chain is not in the image)	??__Fg_VEH_SPRITES@@YAXXZ
0x0044f330	SKIP	0	0	uses fs: (SEH chain is not in the image)	??__Eg_FLAGS_VEH_SPRITES@@YAXXZ
0x0044f360	SKIP	0	0	uses fs: (SEH chain is not in the image)	??__Fg_FLAGS_VEH_SPRITES@@YAXXZ
0x0044f380	SKIP	0	0	uses fs: (SEH chain is not in the image)	??__Eg_ICONS_GENERAL_SPRITES@@YAXXZ
0x0044f3b0	SKIP	0	0	uses fs: (SEH chain is not in the image)	??__Fg_ICONS_GENERAL_SPRITES@@YAXXZ
0x0044f3d0	SKIP	0	0	uses fs: (SEH chain is not in the image)	??__Eg_RESOURCE_ICON_SPRITES@@YAXXZ
0x0044f400	SKIP	0	0	uses fs: (SEH chain is not in the image)	??__Fg_RESOURCE_ICON_SPRITES@@YAXXZ
0x0044f420	SKIP	0	0	uses fs: (SEH chain is not in the image)	??__Eg_CITIZEN_LG_CURSOR_SPRITES@@YAXXZ
0x0044f450	SKIP	0	0	uses fs: (SEH chain is not in the image)	??__Fg_CITIZEN_LG_CURSOR_SPRITES@@YAXXZ
0x0044f470	SKIP	0	0	uses fs: (SEH chain is not in the image)	??__Eg_SPECIALIST_LG_CURSOR_SPRITES@@YAXXZ
0x0044f4a0	SKIP	0	0	uses fs: (SEH chain is not in the image)	??__Fg_SPECIALIST_LG_CURSOR_SPRITES@@YAXXZ
0x0044f4c0	SKIP	0	0	uses fs: (SEH chain is not in the image)	??__Eg_CITIZEN_SM_CURSOR_SPRITES@@YAXXZ
0x0044f4f0	SKIP	0	0	uses fs: (SEH chain is not in the image)	??__Fg_CITIZEN_SM_CURSOR_SPRITES@@YAXXZ
0x0044f510	SKIP	0	0	uses fs: (SEH chain is not in the image)	??__Eg_SPECIALIST_SM_CURSOR_SPRITES@@YAXXZ
0x0044f540	SKIP	0	0	uses fs: (SEH chain is not in the image)	??__Fg_SPECIALIST_SM_CURSOR_SPRITES@@YAXXZ
0x0044f560	SKIP	0	0	uses fs: (SEH chain is not in the image)	??__Eg_AL_CITIZEN_LG_CURSOR_SPRITES@@YAXXZ
0x0044f590	SKIP	0	0	uses fs: (SEH chain is not in the image)	??__Fg_AL_CITIZEN_LG_CURSOR_SPRITES@@YAXXZ
0x0044f5b0	SKIP	0	0	uses fs: (SEH chain is not in the image)	??__Eg_AL_SPECIALIST_LG_CURSOR_SPRITES@@YAXXZ
0x0044f5e0	SKIP	0	0	uses fs: (SEH chain is not in the image)	??__Fg_AL_SPECIALIST_LG_CURSOR_SPRITES@@YAXXZ
0x0044f600	SKIP	0	0	uses fs: (SEH chain is not in the image)	??__Eg_AL_CITIZEN_SM_CURSOR_SPRITES@@YAXXZ
0x0044f630	SKIP	0	0	uses fs: (SEH chain is not in the image)	??__Fg_AL_CITIZEN_SM_CURSOR_SPRITES@@YAXXZ
0x0044f650	SKIP	0	0	uses fs: (SEH chain is not in the image)	??__Eg_AL_SPECIALIST_SM_CURSOR_SPRITES@@YAXXZ
0x0044f680	SKIP	0	0	uses fs: (SEH chain is not in the image)	??__Fg_AL_SPECIALIST_SM_CURSOR_SPRITES@@YAXXZ
0x0044f6a0	SKIP	0	0	calls a body the lift does not have	??__Eg_RED_ALIEN_HEAD_ICON_SPRITE@@YAXXZ
0x0044f6c0	SKIP	0	0	reaches an import	??__Fg_RED_ALIEN_HEAD_ICON_SPRITE@@YAXXZ
0x0044f6d0	SKIP	0	0	uses fs: (SEH chain is not in the image)	??__Eg_SILVER_MENU_ICON_SPRITES@@YAXXZ
0x0044f700	SKIP	0	0	uses fs: (SEH chain is not in the image)	??__Fg_SILVER_MENU_ICON_SPRITES@@YAXXZ
0x0044f720	SKIP	0	0	uses fs: (SEH chain is not in the image)	??__Eg_SILVER_CHECKBOX_ICON_SPRITES@@YAXXZ
0x0044f750	SKIP	0	0	uses fs: (SEH chain is not in the image)	??__Fg_SILVER_CHECKBOX_ICON_SPRITES@@YAXXZ
0x0044f770	SKIP	0	0	calls a body the lift does not have	??__Eg_RED_MALE_HEAD_ICON_SPRITE@@YAXXZ
0x0044f790	SKIP	0	0	reaches an import	??__Fg_RED_MALE_HEAD_ICON_SPRITE@@YAXXZ
0x0044f7a0	SKIP	0	0	calls a body the lift does not have	??__Eg_NULL_RESOURCE_ICON_SPRITE@@YAXXZ
0x0044f7c0	SKIP	0	0	reaches an import	??__Fg_NULL_RESOURCE_ICON_SPRITE@@YAXXZ
0x0044f7d0	SKIP	0	0	uses fs: (SEH chain is not in the image)	??__Eg_PEACE_SIGN_SPRITES@@YAXXZ
0x0044f800	SKIP	0	0	uses fs: (SEH chain is not in the image)	??__Fg_PEACE_SIGN_SPRITES@@YAXXZ
0x0044f820	SKIP	0	0	calls a body the lift does not have	??__Eg_ICON_TILE_SQUARE_SPRITE@@YAXXZ
0x0044f840	SKIP	0	0	reaches an import	??__Fg_ICON_TILE_SQUARE_SPRITE@@YAXXZ
0x0044f850	SKIP	0	0	uses fs: (SEH chain is not in the image)	??__Eg_XI_BOOM_VEH_SPRITES@@YAXXZ
0x0044f880	SKIP	0	0	uses fs: (SEH chain is not in the image)	??__Fg_XI_BOOM_VEH_SPRITES@@YAXXZ
0x0044f8a0	SKIP	0	0	uses fs: (SEH chain is not in the image)	??__Eg_XF_BOOM_VEH_SPRITES@@YAXXZ
0x0044f8d0	SKIP	0	0	uses fs: (SEH chain is not in the image)	??__Fg_XF_BOOM_VEH_SPRITES@@YAXXZ
0x0044f8f0	SKIP	0	0	calls a body the lift does not have	??__Eg_BATTLE_MIND_WORM_SPRITE@@YAXXZ
0x0044f910	SKIP	0	0	reaches an import	??__Fg_BATTLE_MIND_WORM_SPRITE@@YAXXZ
0x0044f920	SKIP	0	0	calls a body the lift does not have	??__Eg_BATTLE_ISLE_DEEP_SPRITE@@YAXXZ
0x0044f940	SKIP	0	0	reaches an import	??__Fg_BATTLE_ISLE_DEEP_SPRITE@@YAXXZ
0x0044f950	SKIP	0	0	calls a body the lift does not have	??__Eg_BATTLE_LOCUSTS_CHIRON_SPRITE@@YAXXZ
0x0044f970	SKIP	0	0	reaches an import	??__Fg_BATTLE_LOCUSTS_CHIRON_SPRITE@@YAXXZ
0x0044f980	SKIP	0	0	calls a body the lift does not have	??__Eg_BATTLE_FUNGAL_TOWER_SPRITE@@YAXXZ
0x0044f9a0	SKIP	0	0	reaches an import	??__Fg_BATTLE_FUNGAL_TOWER_SPRITE@@YAXXZ
0x0044f9b0	SKIP	0	0	calls a body the lift does not have	??__Eg_BATTLE_SPORE_LAUNCHER_SPRITE@@YAXXZ
0x0044f9d0	SKIP	0	0	reaches an import	??__Fg_BATTLE_SPORE_LAUNCHER_SPRITE@@YAXXZ
0x0044f9e0	SKIP	0	0	calls a body the lift does not have	??__Eg_BATTLE_SEALURK_SPRITE@@YAXXZ
0x0044fa00	SKIP	0	0	reaches an import	??__Fg_BATTLE_SEALURK_SPRITE@@YAXXZ
0x0044fa10	SKIP	0	0	uses fs: (SEH chain is not in the image)	??__Eg_TECH_ICON_SPRITES@@YAXXZ
0x0044fa40	SKIP	0	0	uses fs: (SEH chain is not in the image)	??__Fg_TECH_ICON_SPRITES@@YAXXZ
0x0044fa60	SKIP	0	0	uses fs: (SEH chain is not in the image)	??__Eg_FACILITY_ICON_SPRITES@@YAXXZ
0x0044fa90	SKIP	0	0	uses fs: (SEH chain is not in the image)	??__Fg_FACILITY_ICON_SPRITES@@YAXXZ
0x0044fab0	SKIP	0	0	uses fs: (SEH chain is not in the image)	??__Eg_SECRET_PROJECT_ICON_SPRITES@@YAXXZ
0x0044fae0	SKIP	0	0	uses fs: (SEH chain is not in the image)	??__Fg_SECRET_PROJECT_ICON_SPRITES@@YAXXZ
0x0044fb00	SKIP	0	0	uses fs: (SEH chain is not in the image)	??__Eg_IFACE_MP_COMBO_ARROW_SPRITES@@YAXXZ
0x0044fb30	SKIP	0	0	uses fs: (SEH chain is not in the image)	??__Fg_IFACE_MP_COMBO_ARROW_SPRITES@@YAXXZ
0x0044fb50	SKIP	0	0	uses fs: (SEH chain is not in the image)	??__Eg_SCROLL_BAR_ARROW_ICON_SPRITES@@YAXXZ
0x0044fb80	SKIP	0	0	uses fs: (SEH chain is not in the image)	??__Fg_SCROLL_BAR_ARROW_ICON_SPRITES@@YAXXZ
0x0044fba0	SKIP	0	0	uses fs: (SEH chain is not in the image)	??__Eg_SCROLL_BAR_SMALL_ARROW_ICON_SPRITES@@YAXXZ
0x0044fbd0	SKIP	0	0	uses fs: (SEH chain is not in the image)	??__Fg_SCROLL_BAR_SMALL_ARROW_ICON_SPRITES@@YAXXZ
0x0044fbf0	SKIP	0	0	calls a body the lift does not have	??__Eg_SCROLL_BAR_FILLER_ICON_SPRITES@@YAXXZ
0x0044fc10	SKIP	0	0	reaches an import	??__Fg_SCROLL_BAR_FILLER_ICON_SPRITES@@YAXXZ
0x0044fc20	SKIP	0	0	calls a body the lift does not have	??__Eg_SCROLL_BAR_SMALL_FILLER_ICON_SPRITE@@YAXXZ
0x0044fc40	SKIP	0	0	reaches an import	??__Fg_SCROLL_BAR_SMALL_FILLER_ICON_SPRITE@@YAXXZ
0x0044fc50	SKIP	0	0	uses fs: (SEH chain is not in the image)	??__Eg_IFACE_LOCK_SPRITES@@YAXXZ
0x0044fc80	SKIP	0	0	uses fs: (SEH chain is not in the image)	??__Fg_IFACE_LOCK_SPRITES@@YAXXZ
0x0044fca0	SKIP	0	0	uses fs: (SEH chain is not in the image)	??__Eg_UNUSED_SPRITES_VAR01@@YAXXZ
0x0044fcd0	SKIP	0	0	uses fs: (SEH chain is not in the image)	??__Fg_UNUSED_SPRITES_VAR01@@YAXXZ
0x0044fcf0	SKIP	0	0	calls a body the lift does not have	??__Eg_IFACE_GENERAL_WINDOWS_TOP_LEFT_SPRITE@@YAXXZ
0x0044fd10	SKIP	0	0	reaches an import	??__Fg_IFACE_GENERAL_WINDOWS_TOP_LEFT_SPRITE@@YAXXZ
0x0044fd20	SKIP	0	0	calls a body the lift does not have	??__Eg_IFACE_GENERAL_WINDOWS_TOP_RIGHT_SPRITE@@YAXXZ
0x0044fd40	SKIP	0	0	reaches an import	??__Fg_IFACE_GENERAL_WINDOWS_TOP_RIGHT_SPRITE@@YAXXZ
0x0044fd50	SKIP	0	0	calls a body the lift does not have	??__Eg_IFACE_GENERAL_WINDOWS_BOT_LEFT_SPRITE@@YAXXZ
0x0044fd70	SKIP	0	0	reaches an import	??__Fg_IFACE_GENERAL_WINDOWS_BOT_LEFT_SPRITE@@YAXXZ
0x0044fd80	SKIP	0	0	calls a body the lift does not have	??__Eg_IFACE_GENERAL_WINDOWS_BOT_RIGHT_SPRITE@@YAXXZ
0x0044fda0	SKIP	0	0	reaches an import	??__Fg_IFACE_GENERAL_WINDOWS_BOT_RIGHT_SPRITE@@YAXXZ
0x0044fdb0	SKIP	0	0	calls a body the lift does not have	??__Eg_IFACE_GENERAL_WINDOWS_MID_LEFT_SPRITE@@YAXXZ
0x0044fdd0	SKIP	0	0	reaches an import	??__Fg_IFACE_GENERAL_WINDOWS_MID_LEFT_SPRITE@@YAXXZ
0x0044fde0	SKIP	0	0	calls a body the lift does not have	??__Eg_IFACE_GENERAL_WINDOWS_MID_RIGHT_SPRITE@@YAXXZ
0x0044fe00	SKIP	0	0	reaches an import	??__Fg_IFACE_GENERAL_WINDOWS_MID_RIGHT_SPRITE@@YAXXZ
0x0044fe10	SKIP	0	0	calls a body the lift does not have	??__Eg_IFACE_GENERAL_WINDOWS_TOP_MID_SPRITE@@YAXXZ
0x0044fe30	SKIP	0	0	reaches an import	??__Fg_IFACE_GENERAL_WINDOWS_TOP_MID_SPRITE@@YAXXZ
0x0044fe40	SKIP	0	0	calls a body the lift does not have	??__Eg_IFACE_GENERAL_WINDOWS_BOT_MID_SPRITE@@YAXXZ
0x0044fe60	SKIP	0	0	reaches an import	??__Fg_IFACE_GENERAL_WINDOWS_BOT_MID_SPRITE@@YAXXZ
0x0044fe70	SKIP	0	0	calls a body the lift does not have	??__Eg_IFACE_GENERAL_WINDOWS_NONCAP_MID_SPRITE@@YAXXZ
0x0044fe90	SKIP	0	0	reaches an import	??__Fg_IFACE_GENERAL_WINDOWS_NONCAP_MID_SPRITE@@YAXXZ
0x0044fea0	SKIP	0	0	calls a body the lift does not have	??__Eg_IFACE_GENERAL_WINDOWS_NONCAP_LEFT_SPRITE@@YAXXZ
0x0044fec0	SKIP	0	0	reaches an import	??__Fg_IFACE_GENERAL_WINDOWS_NONCAP_LEFT_SPRITE@@YAXXZ
0x0044fed0	SKIP	0	0	calls a body the lift does not have	??__Eg_IFACE_GENERAL_WINDOWS_NONCAP_RIGHT_SPRITE@@YAXXZ
0x0044fef0	SKIP	0	0	reaches an import	??__Fg_IFACE_GENERAL_WINDOWS_NONCAP_RIGHT_SPRITE@@YAXXZ
0x0044ff00	SKIP	0	0	calls a body the lift does not have	??__Eg_UNUSED_SPRITE_VAR23@@YAXXZ
0x0044ff20	SKIP	0	0	reaches an import	??__Fg_UNUSED_SPRITE_VAR23@@YAXXZ
0x0044ff30	SKIP	0	0	calls a body the lift does not have	??__Eg_UNUSED_SPRITE_VAR24@@YAXXZ
0x0044ff50	SKIP	0	0	reaches an import	??__Fg_UNUSED_SPRITE_VAR24@@YAXXZ
0x0044ff60	SKIP	0	0	calls a body the lift does not have	??__Eg_UNUSED_SPRITE_VAR25@@YAXXZ
0x0044ff80	SKIP	0	0	reaches an import	??__Fg_UNUSED_SPRITE_VAR25@@YAXXZ
0x0044ff90	SKIP	0	0	calls a body the lift does not have	??__Eg_UNUSED_SPRITE_VAR26@@YAXXZ
0x0044ffb0	SKIP	0	0	reaches an import	??__Fg_UNUSED_SPRITE_VAR26@@YAXXZ
0x0044ffc0	SKIP	0	0	calls a body the lift does not have	??__Eg_UNUSED_SPRITE_VAR27@@YAXXZ
0x0044ffe0	SKIP	0	0	reaches an import	??__Fg_UNUSED_SPRITE_VAR27@@YAXXZ
0x0044fff0	SKIP	0	0	calls a body the lift does not have	??__Eg_UNUSED_SPRITE_VAR28@@YAXXZ
0x00450010	SKIP	0	0	reaches an import	??__Fg_UNUSED_SPRITE_VAR28@@YAXXZ
0x00450020	SKIP	0	0	calls a body the lift does not have	??__Eg_UNUSED_SPRITE_VAR29@@YAXXZ
0x00450040	SKIP	0	0	reaches an import	??__Fg_UNUSED_SPRITE_VAR29@@YAXXZ
0x00450050	SKIP	0	0	calls a body the lift does not have	??__Eg_UNUSED_SPRITE_VAR30@@YAXXZ
0x00450070	SKIP	0	0	reaches an import	??__Fg_UNUSED_SPRITE_VAR30@@YAXXZ
0x00450080	SKIP	0	0	calls a body the lift does not have	??__Eg_UNUSED_SPRITE_VAR31@@YAXXZ
0x004500a0	SKIP	0	0	reaches an import	??__Fg_UNUSED_SPRITE_VAR31@@YAXXZ
0x004500b0	SKIP	0	0	calls a body the lift does not have	??__Eg_UNUSED_SPRITE_VAR32@@YAXXZ
0x004500d0	SKIP	0	0	reaches an import	??__Fg_UNUSED_SPRITE_VAR32@@YAXXZ
0x004500e0	SKIP	0	0	calls a body the lift does not have	??__Eg_UNUSED_SPRITE_VAR33@@YAXXZ
0x00450100	SKIP	0	0	reaches an import	??__Fg_UNUSED_SPRITE_VAR33@@YAXXZ
0x00450110	SKIP	0	0	calls a body the lift does not have	??__Eg_UNUSED_SPRITE_VAR34@@YAXXZ
0x00450130	SKIP	0	0	reaches an import	??__Fg_UNUSED_SPRITE_VAR34@@YAXXZ
0x00450140	SKIP	0	0	calls a body the lift does not have	??__Eg_UNUSED_SPRITE_VAR35@@YAXXZ
0x00450160	SKIP	0	0	reaches an import	??__Fg_UNUSED_SPRITE_VAR35@@YAXXZ
0x00450170	SKIP	0	0	calls a body the lift does not have	??__Eg_UNUSED_SPRITE_VAR36@@YAXXZ
0x00450190	SKIP	0	0	reaches an import	??__Fg_UNUSED_SPRITE_VAR36@@YAXXZ
0x004501a0	SKIP	0	0	calls a body the lift does not have	??__Eg_UNUSED_SPRITE_VAR37@@YAXXZ
0x004501c0	SKIP	0	0	reaches an import	??__Fg_UNUSED_SPRITE_VAR37@@YAXXZ
0x004501d0	SKIP	0	0	calls a body the lift does not have	??__Eg_UNUSED_SPRITE_VAR38@@YAXXZ
0x004501f0	SKIP	0	0	reaches an import	??__Fg_UNUSED_SPRITE_VAR38@@YAXXZ
0x00450200	SKIP	0	0	calls a body the lift does not have	??__Eg_UNUSED_SPRITE_VAR39@@YAXXZ
0x00450220	SKIP	0	0	reaches an import	??__Fg_UNUSED_SPRITE_VAR39@@YAXXZ
0x00450230	SKIP	0	0	calls a body the lift does not have	??__Eg_UNUSED_SPRITE_VAR40@@YAXXZ
0x00450250	SKIP	0	0	reaches an import	??__Fg_UNUSED_SPRITE_VAR40@@YAXXZ
0x00450260	SKIP	0	0	calls a body the lift does not have	??__Eg_UNUSED_SPRITE_VAR41@@YAXXZ
0x00450280	SKIP	0	0	reaches an import	??__Fg_UNUSED_SPRITE_VAR41@@YAXXZ
0x00450290	SKIP	0	0	calls a body the lift does not have	??__Eg_UNUSED_SPRITE_VAR42@@YAXXZ
0x004502b0	SKIP	0	0	reaches an import	??__Fg_UNUSED_SPRITE_VAR42@@YAXXZ
0x004502c0	SKIP	0	0	calls a body the lift does not have	??__Eg_UNUSED_SPRITE_VAR43@@YAXXZ
0x004502e0	SKIP	0	0	reaches an import	??__Fg_UNUSED_SPRITE_VAR43@@YAXXZ
0x004502f0	SKIP	0	0	calls a body the lift does not have	??__Eg_UNUSED_SPRITE_VAR44@@YAXXZ
0x00450310	SKIP	0	0	reaches an import	??__Fg_UNUSED_SPRITE_VAR44@@YAXXZ
0x00450320	SKIP	0	0	calls a body the lift does not have	??__Eg_UNUSED_SPRITE_VAR45@@YAXXZ
0x00450340	SKIP	0	0	reaches an import	??__Fg_UNUSED_SPRITE_VAR45@@YAXXZ
0x00450350	SKIP	0	0	calls a body the lift does not have	??__Eg_UNUSED_SPRITE_VAR46@@YAXXZ
0x00450370	SKIP	0	0	reaches an import	??__Fg_UNUSED_SPRITE_VAR46@@YAXXZ
0x00450380	SKIP	0	0	uses fs: (SEH chain is not in the image)	??__Eg_IFACE_TECH_TREE_ARROW_SPRITES@@YAXXZ
0x004503b0	SKIP	0	0	uses fs: (SEH chain is not in the image)	??__Fg_IFACE_TECH_TREE_ARROW_SPRITES@@YAXXZ
0x004503d0	SKIP	0	0	calls a body the lift does not have	??__Eg_UNUSED_SPRITE_VAR47@@YAXXZ
0x004503f0	SKIP	0	0	reaches an import	??__Fg_UNUSED_SPRITE_VAR47@@YAXXZ
0x00450400	SKIP	0	0	calls a body the lift does not have	??__Eg_UNUSED_SPRITE_VAR48@@YAXXZ
0x00450420	SKIP	0	0	reaches an import	??__Fg_UNUSED_SPRITE_VAR48@@YAXXZ
0x00450430	SKIP	0	0	calls a body the lift does not have	??__Eg_UNUSED_SPRITE_VAR49@@YAXXZ
0x00450450	SKIP	0	0	reaches an import	??__Fg_UNUSED_SPRITE_VAR49@@YAXXZ
0x00450460	SKIP	0	0	calls a body the lift does not have	??__Eg_UNUSED_SPRITE_VAR50@@YAXXZ
0x00450480	SKIP	0	0	reaches an import	??__Fg_UNUSED_SPRITE_VAR50@@YAXXZ
0x00450490	SKIP	0	0	calls a body the lift does not have	??__Eg_UNUSED_SPRITE_VAR51@@YAXXZ
0x004504b0	SKIP	0	0	reaches an import	??__Fg_UNUSED_SPRITE_VAR51@@YAXXZ
0x004504c0	SKIP	0	0	calls a body the lift does not have	??__Eg_UNUSED_SPRITE_VAR52@@YAXXZ
0x004504e0	SKIP	0	0	reaches an import	??__Fg_UNUSED_SPRITE_VAR52@@YAXXZ
0x004504f0	SKIP	0	0	calls a body the lift does not have	??__Eg_UNUSED_SPRITE_VAR53@@YAXXZ
0x00450510	SKIP	0	0	reaches an import	??__Fg_UNUSED_SPRITE_VAR53@@YAXXZ
0x00450520	SKIP	0	0	calls a body the lift does not have	??__Eg_UNUSED_SPRITE_VAR54@@YAXXZ
0x00450540	SKIP	0	0	reaches an import	??__Fg_UNUSED_SPRITE_VAR54@@YAXXZ
0x00450550	SKIP	0	0	calls a body the lift does not have	??__Eg_UNUSED_SPRITE_VAR55@@YAXXZ
0x00450570	SKIP	0	0	reaches an import	??__Fg_UNUSED_SPRITE_VAR55@@YAXXZ
0x00450580	SKIP	0	0	calls a body the lift does not have	??__Eg_UNUSED_SPRITE_VAR56@@YAXXZ
0x004505a0	SKIP	0	0	reaches an import	??__Fg_UNUSED_SPRITE_VAR56@@YAXXZ
0x004505b0	SKIP	0	0	calls a body the lift does not have	??__Eg_UNUSED_SPRITE_VAR57@@YAXXZ
0x004505d0	SKIP	0	0	reaches an import	??__Fg_UNUSED_SPRITE_VAR57@@YAXXZ
0x004505e0	SKIP	0	0	calls a body the lift does not have	??__Eg_UNUSED_SPRITE_VAR58@@YAXXZ
0x00450600	SKIP	0	0	reaches an import	??__Fg_UNUSED_SPRITE_VAR58@@YAXXZ
0x00450610	SKIP	0	0	calls a body the lift does not have	??__Eg_UNUSED_SPRITE_VAR59@@YAXXZ
0x00450630	SKIP	0	0	reaches an import	??__Fg_UNUSED_SPRITE_VAR59@@YAXXZ
0x00450640	SKIP	0	0	calls a body the lift does not have	??__Eg_UNUSED_SPRITE_VAR60@@YAXXZ
0x00450660	SKIP	0	0	reaches an import	??__Fg_UNUSED_SPRITE_VAR60@@YAXXZ
0x00450670	SKIP	0	0	calls a body the lift does not have	??__Eg_UNUSED_SPRITE_VAR61@@YAXXZ
0x00450690	SKIP	0	0	reaches an import	??__Fg_UNUSED_SPRITE_VAR61@@YAXXZ
0x004506a0	SKIP	0	0	calls a body the lift does not have	??__Eg_UNUSED_SPRITE_VAR62@@YAXXZ
0x004506c0	SKIP	0	0	reaches an import	??__Fg_UNUSED_SPRITE_VAR62@@YAXXZ
0x004506d0	SKIP	0	0	calls a body the lift does not have	??__Eg_UNUSED_SPRITE_VAR63@@YAXXZ
0x004506f0	SKIP	0	0	reaches an import	??__Fg_UNUSED_SPRITE_VAR63@@YAXXZ
0x00450700	SKIP	0	0	calls a body the lift does not have	??__Eg_UNUSED_SPRITE_VAR64@@YAXXZ
0x00450720	SKIP	0	0	reaches an import	??__Fg_UNUSED_SPRITE_VAR64@@YAXXZ
0x00450730	SKIP	0	0	calls a body the lift does not have	??__Eg_UNUSED_SPRITE_VAR65@@YAXXZ
0x00450750	SKIP	0	0	reaches an import	??__Fg_UNUSED_SPRITE_VAR65@@YAXXZ
0x00450760	SKIP	0	0	calls a body the lift does not have	??__Eg_UNUSED_SPRITE_VAR66@@YAXXZ
0x00450780	SKIP	0	0	reaches an import	??__Fg_UNUSED_SPRITE_VAR66@@YAXXZ
0x00450790	SKIP	0	0	calls a body the lift does not have	??__Eg_UNUSED_SPRITE_VAR67@@YAXXZ
0x004507b0	SKIP	0	0	reaches an import	??__Fg_UNUSED_SPRITE_VAR67@@YAXXZ
0x004507c0	SKIP	0	0	calls a body the lift does not have	??__Eg_UNUSED_SPRITE_VAR68@@YAXXZ
0x004507e0	SKIP	0	0	reaches an import	??__Fg_UNUSED_SPRITE_VAR68@@YAXXZ
0x004507f0	SKIP	0	0	calls a body the lift does not have	??__Eg_UNUSED_SPRITE_VAR69@@YAXXZ
0x00450810	SKIP	0	0	reaches an import	??__Fg_UNUSED_SPRITE_VAR69@@YAXXZ
0x00450820	SKIP	0	0	calls a body the lift does not have	??__Eg_UNUSED_SPRITE_VAR70@@YAXXZ
0x00450840	SKIP	0	0	reaches an import	??__Fg_UNUSED_SPRITE_VAR70@@YAXXZ
0x00450850	SKIP	0	0	calls a body the lift does not have	??__Eg_UNUSED_SPRITE_VAR71@@YAXXZ
0x00450870	SKIP	0	0	reaches an import	??__Fg_UNUSED_SPRITE_VAR71@@YAXXZ
0x00450880	SKIP	0	0	calls a body the lift does not have	??__Eg_UNUSED_SPRITE_VAR72@@YAXXZ
0x004508a0	SKIP	0	0	reaches an import	??__Fg_UNUSED_SPRITE_VAR72@@YAXXZ
0x004508b0	SKIP	0	0	calls a body the lift does not have	??__Eg_UNUSED_SPRITE_VAR73@@YAXXZ
0x004508d0	SKIP	0	0	reaches an import	??__Fg_UNUSED_SPRITE_VAR73@@YAXXZ
0x004508e0	SKIP	0	0	calls a body the lift does not have	??__Eg_UNUSED_SPRITE_VAR74@@YAXXZ
0x00450900	SKIP	0	0	reaches an import	??__Fg_UNUSED_SPRITE_VAR74@@YAXXZ
0x00450910	SKIP	0	0	uses fs: (SEH chain is not in the image)	??__Eg_UNUSED_SPRITES_VAR02@@YAXXZ
0x00450940	SKIP	0	0	uses fs: (SEH chain is not in the image)	??__Fg_UNUSED_SPRITES_VAR02@@YAXXZ
0x00450960	SKIP	0	0	uses fs: (SEH chain is not in the image)	??__Eg_UNUSED_SPRITES_VAR03@@YAXXZ
0x00450990	SKIP	0	0	uses fs: (SEH chain is not in the image)	??__Fg_UNUSED_SPRITES_VAR03@@YAXXZ
0x004509b0	SKIP	0	0	uses fs: (SEH chain is not in the image)	??__Eg_UNUSED_SPRITES_VAR04@@YAXXZ
0x004509e0	SKIP	0	0	uses fs: (SEH chain is not in the image)	??__Fg_UNUSED_SPRITES_VAR04@@YAXXZ
0x00450a00	SKIP	0	0	uses fs: (SEH chain is not in the image)	??__Eg_UNUSED_SPRITES_VAR05@@YAXXZ
0x00450a30	SKIP	0	0	uses fs: (SEH chain is not in the image)	??__Fg_UNUSED_SPRITES_VAR05@@YAXXZ
0x00450a50	SKIP	0	0	uses fs: (SEH chain is not in the image)	??__Eg_UNUSED_SPRITES_VAR06@@YAXXZ
0x00450a80	SKIP	0	0	uses fs: (SEH chain is not in the image)	??__Fg_UNUSED_SPRITES_VAR06@@YAXXZ
0x00450aa0	SKIP	0	0	uses fs: (SEH chain is not in the image)	??__Eg_UNUSED_SPRITES_VAR07@@YAXXZ
0x00450ad0	SKIP	0	0	uses fs: (SEH chain is not in the image)	??__Fg_UNUSED_SPRITES_VAR07@@YAXXZ
0x00450af0	SKIP	0	0	uses fs: (SEH chain is not in the image)	??__Eg_UNUSED_SPRITES_VAR08@@YAXXZ
0x00450b20	SKIP	0	0	uses fs: (SEH chain is not in the image)	??__Fg_UNUSED_SPRITES_VAR08@@YAXXZ
0x00450b40	SKIP	0	0	uses fs: (SEH chain is not in the image)	??__Eg_UNUSED_SPRITES_VAR09@@YAXXZ
0x00450b70	SKIP	0	0	uses fs: (SEH chain is not in the image)	??__Fg_UNUSED_SPRITES_VAR09@@YAXXZ
0x00450b90	SKIP	0	0	uses fs: (SEH chain is not in the image)	??__Eg_UNUSED_SPRITES_VAR10@@YAXXZ
0x00450bc0	SKIP	0	0	uses fs: (SEH chain is not in the image)	??__Fg_UNUSED_SPRITES_VAR10@@YAXXZ
0x00450be0	SKIP	0	0	calls a body the lift does not have	??__Eg_UNUSED_SPRITE_VAR75@@YAXXZ
0x00450c00	SKIP	0	0	reaches an import	??__Fg_UNUSED_SPRITE_VAR75@@YAXXZ
0x00450c10	SKIP	0	0	calls a body the lift does not have	??__Eg_UNUSED_SPRITE_VAR76@@YAXXZ
0x00450c30	SKIP	0	0	reaches an import	??__Fg_UNUSED_SPRITE_VAR76@@YAXXZ
0x00450c40	SKIP	0	0	calls a body the lift does not have	??__Eg_UNUSED_SPRITE_VAR77@@YAXXZ
0x00450c60	SKIP	0	0	reaches an import	??__Fg_UNUSED_SPRITE_VAR77@@YAXXZ
0x00450c70	SKIP	0	0	calls a body the lift does not have	??__Eg_UNUSED_SPRITE_VAR78@@YAXXZ
0x00450c90	SKIP	0	0	reaches an import	??__Fg_UNUSED_SPRITE_VAR78@@YAXXZ
0x00450ca0	SKIP	0	0	calls a body the lift does not have	??__Eg_UNUSED_SPRITE_VAR79@@YAXXZ
0x00450cc0	SKIP	0	0	reaches an import	??__Fg_UNUSED_SPRITE_VAR79@@YAXXZ
0x00450cd0	SKIP	0	0	calls a body the lift does not have	??__Eg_UNUSED_SPRITE_VAR80@@YAXXZ
0x00450cf0	SKIP	0	0	reaches an import	??__Fg_UNUSED_SPRITE_VAR80@@YAXXZ
0x00450d00	SKIP	0	0	calls a body the lift does not have	??__Eg_UNUSED_SPRITE_VAR81@@YAXXZ
0x00450d20	SKIP	0	0	reaches an import	??__Fg_UNUSED_SPRITE_VAR81@@YAXXZ
0x00450d30	SKIP	0	0	calls a body the lift does not have	??__Eg_UNUSED_SPRITE_VAR82@@YAXXZ
0x00450d50	SKIP	0	0	reaches an import	??__Fg_UNUSED_SPRITE_VAR82@@YAXXZ
0x00450d60	SKIP	0	0	calls a body the lift does not have	??__Eg_UNUSED_SPRITE_VAR83@@YAXXZ
0x00450d80	SKIP	0	0	reaches an import	??__Fg_UNUSED_SPRITE_VAR83@@YAXXZ
0x00450d90	SKIP	0	0	uses fs: (SEH chain is not in the image)	??__Eg_BASEWIN_SPRITES@@YAXXZ
0x00450dc0	SKIP	0	0	uses fs: (SEH chain is not in the image)	??__Fg_BASEWIN_SPRITES@@YAXXZ
0x00450de0	SKIP	0	0	reaches an import	sub_450de0
0x00450e30	SKIP	0	0	reaches an import	sub_450e30
0x00450e80	SKIP	0	0	reaches an import	sub_450e80
0x00450ed0	SKIP	0	0	reaches an import	sub_450ed0
0x00450f30	SKIP	0	0	reaches an import	sub_450f30
0x00450f90	SKIP	0	0	reaches an import	sub_450f90
0x00450fb0	SKIP	0	0	reaches an import	sub_450fb0
0x00451030	SKIP	0	0	reaches an import	?load_voxels@@YAXXZ
0x00451a10	SKIP	0	0	reaches an import	?load_palette@@YAXXZ
0x00451c50	SKIP	0	0	reaches an import	?load_terrain@@YAXXZ
0x00453710	SKIP	0	0	reaches an import	?load_faction_art@@YAXH@Z
0x00453a20	PASS	16	16		?load_bases@@YAXXZ
0x00453a70	SKIP	0	0	reaches an import	?load_box_sprites@@YAXXZ
0x00453f70	SKIP	0	0	reaches an import	?load_flags@@YAXXZ
0x00454270	SKIP	0	0	reaches an import	?load_vehicles@@YAXXZ
0x004547e0	SKIP	0	0	reaches an import	?load_icons@@YAXXZ
0x00454d10	SKIP	0	0	reaches an import	?load_misc@@YAXXZ
0x00454fc0	SKIP	0	0	reaches an import	?load_cursors@@YAXXZ
0x00455400	SKIP	0	0	reaches an import	?load_cycling@@YAXXZ
0x004554c0	SKIP	0	0	reaches an import	?def_caption_draw@@YAHPAUGraphicWin@@PADPAUBuffer@@@Z
0x00455610	SKIP	0	0	reaches an import	?load_interface@@YAXH@Z
0x00455e50	SKIP	0	0	reaches an import	?load_deswin_sprites@@YAXXZ
0x00455e80	SKIP	0	0	reaches an import	?load_fixed_sprites@@YAXXZ
0x00455eb0	SKIP	0	0	reaches an import	?load_sprites@@YAXXZ
0x00455f10	SKIP	0	0	reaches an import	??0FactionArt@@QAE@XZ
0x00456010	SKIP	0	0	reaches an import	??1FactionArt@@QAE@XZ
0x00456100	INCONCLUSIVE-original-fault	16	0	INCONCLUSIVE-original-fault code 0xc0000005 at 0000000000 after 0 steps	??1CaviarData@@QAE@XZ
0x00456110	SKIP	0	0	reaches an import	??1Gamma@@QAE@XZ
0x00456280	SKIP	0	0	reaches an import	??_GGamma@@UAEPAXI@Z
0x004562b0	SKIP	0	0	reaches an import	??3Gamma@@SAXPAXI@Z
0x004562c0	SKIP	0	0	reaches an import	??__Eg_INFOWIN@@YAXXZ
0x004562e0	SKIP	0	0	reaches an import	??__Fg_INFOWIN@@YAXXZ
0x004562f0	PASS	16	16		?UNK1@InfoWin@@QAEXXZ
0x00456300	SKIP	0	0	reaches an import	?setup_text@InfoWin@@QAEXXZ
0x00458420	SKIP	0	0	reaches an import	?draw_text@InfoWin@@QAEXH@Z
0x004588b0	SKIP	0	0	reaches an import	?UNK2@InfoWin@@QAEXXZ
0x00458900	PASS	16	16		?change@InfoWin@@QAEXH@Z
0x00458910	PASS	16	16		?on_redraw@InfoWin@@QAEXXZ
0x00458920	PASS	16	16		?UNK3@InfoWin@@QAEXHH@Z
0x00458930	SKIP	0	0	reaches an import	?on_left_click@InfoWin@@QAEXHH@Z
0x004589c0	SKIP	0	0	reaches an import	?right_menu@InfoWin@@QAEXHH@Z
0x00458d40	SKIP	0	0	reaches an import	?on_right_click@InfoWin@@QAEXHH@Z
0x00458d60	INCONCLUSIVE-original-fault	16	0	INCONCLUSIVE-original-fault code 0xc0000005 at 0x00458d87 after 0 steps	?UNK4@InfoWin@@QAEXXZ
0x00458dc0	PASS	16	16		?state_valid@InfoWin@@QAEHH@Z
0x00458f10	SKIP	0	0	reaches an import	?set_state@InfoWin@@QAEXHH@Z
0x00458ff0	SKIP	0	0	reaches an import	?timer_change@InfoWin@@QAEXH@Z
0x00459150	SKIP	0	0	reaches an import	?timer_proc@InfoWin@@QAEXH@Z
0x00459260	SKIP	0	0	reaches an import	?timer_daemon@InfoWin@@QAAXH@Z
0x00459280	SKIP	0	0	reaches an import	?reset@InfoWin@@QAEXXZ
0x004592a0	SKIP	0	0	reaches an import	?init@InfoWin@@QAEXXZ
0x00459420	SKIP	0	0	reaches an import	?UNK5@InfoWin@@QAEXHHHHH@Z
0x004594a0	SKIP	0	0	reaches an import	??1InfoWin@@QAE@XZ
0x00459500	SKIP	0	0	reaches an import	??0InfoWin@@QAE@XZ
0x00459560	SKIP	0	0	reaches an import	??__Eg_MAININTERFACE@@YAXXZ
0x00459580	SKIP	0	0	reaches an import	??__Fg_MAININTERFACE@@YAXXZ
0x00459590	SKIP	0	0	uses fs: (SEH chain is not in the image)	??__Eg_MAININTERFACE_WAVE@@YAXXZ
0x004595b0	SKIP	0	0	reaches an import	??__Fg_MAININTERFACE_WAVE@@YAXXZ
0x004595c0	SKIP	0	0	reaches an import	?bung_momma@@YAXXZ
0x00459680	SKIP	0	0	reaches an import	?init@MainInterface@@QAEHH@Z
0x0045b550	SKIP	0	0	reaches an import	?draw_edit_pane@MainInterface@@QAEXXZ
0x0045bc50	SKIP	0	0	reaches an import	?on_redraw@MainInterface@@QAEXXZ
0x0045be80	SKIP	0	0	reaches an import	?set_date@MainInterface@@QAEXPAD@Z
0x0045c0b0	SKIP	0	0	reaches an import	?chat@MainInterface@@QAEXPADH@Z
0x0045c0f0	SKIP	0	0	reaches an import	?set_message@MainInterface@@QAEXPADHHHH@Z
0x0045c170	PASS	16	16		?clear_message@MainInterface@@QAEXXZ
0x0045c180	SKIP	0	0	reaches an import	?timer_callback_daemon@MainInterface@@QAEXH@Z
0x0045c200	SKIP	0	0	reaches an import	?timer_callback_daemon@MainInterface@@QAAXHH@Z
0x0045c280	PASS	16	16		?UNK1@MainInterface@@QAEXH@Z
0x0045c290	SKIP	0	0	reaches an import	?restore_back@MainInterface@@QAEXH@Z
0x0045c3a0	SKIP	0	0	reaches an import	?redraw_complete@MainInterface@@QAEXXZ
0x0045c5b0	PASS	16	16		?UNK2@MainInterface@@QAEXXZ
0x0045c5c0	PASS	16	16		?on_scrolling@MainInterface@@QAEXHH@Z
0x0045c600	PASS	16	16		?on_scrolled@MainInterface@@QAEXHH@Z
0x0045c640	PASS	16	16		?on_left_double_click@MainInterface@@QAEXHH@Z
0x0045c680	PASS	16	16		?on_right_double_click@MainInterface@@QAEXHH@Z
0x0045c6c0	PASS	16	16		?on_left_up@MainInterface@@QAEXHH@Z
0x0045c700	PASS	16	16		?on_left_click@MainInterface@@QAEXHH@Z
0x0045c740	PASS	16	16		?on_right_click@MainInterface@@QAEXHH@Z
0x0045c780	PASS	16	16		?on_left_down@MainInterface@@QAEXHH@Z
0x0045c7c0	PASS	16	16		?on_right_down@MainInterface@@QAEXHH@Z
0x0045c800	PASS	16	16		?on_button_clicked@MainInterface@@QAEXH@Z
0x0045c830	PASS	16	16		?on_button_pressed@MainInterface@@QAEHH@Z
0x0045c870	PASS	16	16		?on_button_toggled@MainInterface@@QAEXHH@Z
0x0045c8b0	PASS	16	16		?on_dialog_back_draw@MainInterface@@QAEHPAUGraphicWin@@@Z
0x0045c8f0	PASS	16	16		?on_dialog_item_back_draw@MainInterface@@QAEHPAUGraphicWin@@HHPAURECT@@@Z
0x0045c940	PASS	16	16		?on_group_clicked@MainInterface@@QAEXHHH@Z
0x0045c980	PASS	16	16		?on_mouse_move@MainInterface@@QAEXHH@Z
0x0045c9c0	PASS	16	16		?on_mouse_leave@MainInterface@@QAEXHH@Z
0x0045ca00	PASS	16	16		?on_selected@MainInterface@@QAEXHH@Z
0x0045ca40	SKIP	0	0	reaches an import	?on_status@MainInterface@@QAEXH@Z
0x0045cc80	PASS	16	16		?on_iface_scrolled@MainInterface@@QAEXHH@Z
0x0045cc90	PASS	16	16		?on_iface_scrolling@MainInterface@@QAEXHH@Z
0x0045cca0	PASS	16	16		?on_iface_button_toggled@MainInterface@@QAEXHH@Z
0x0045ccb0	SKIP	0	0	reaches an import	?on_iface_group_clicked@MainInterface@@QAEXHHH@Z
0x0045cd80	SKIP	0	0	reaches an import	?on_iface_left_double_click@MainInterface@@QAEXHH@Z
0x0045cdb0	PASS	16	16		?on_iface_right_double_click@MainInterface@@QAEXHH@Z
0x0045cdc0	SKIP	0	0	reaches an import	?on_iface_left_click@MainInterface@@QAEXHH@Z
0x0045ce80	SKIP	0	0	reaches an import	?on_iface_right_click@MainInterface@@QAEXHH@Z
0x0045cf40	SKIP	0	0	reaches an import	?on_iface_left_down@MainInterface@@QAEXHH@Z
0x0045cf80	SKIP	0	0	reaches an import	?on_iface_right_down@MainInterface@@QAEXHH@Z
0x0045d000	SKIP	0	0	reaches an import	?on_iface_mouse_move@MainInterface@@QAEXHH@Z
0x0045d110	SKIP	0	0	reaches an import	?on_iface_mouse_leave@MainInterface@@QAEXHH@Z
0x0045d140	SKIP	0	0	reaches an import	?on_iface_selected@MainInterface@@QAEXHH@Z
0x0045d160	PASS	16	16		?on_iface_button_pressed@MainInterface@@QAEHH@Z
0x0045d170	SKIP	0	0	reaches an import	?on_iface_button_clicked@MainInterface@@QAEXH@Z
0x0045d2a0	SKIP	0	0	reaches an import	?set_alert@MainInterface@@QAEXH@Z
0x0045d2e0	PASS	16	16		?delete_iface_mode@SubInterface@@QAEXXZ
0x0045d310	SKIP	0	0	reaches an import	?set_iface_mode@SubInterface@@QAEXXZ
0x0045d380	SKIP	0	0	reaches an import	?release_iface_mode@SubInterface@@QAEXXZ
0x0045d440	SKIP	0	0	reaches an import	?slide_show@@YAXPAUGraphicWin@@H@Z
0x0045d970	SKIP	0	0	reaches an import	?slide_hide@@YAXPAUGraphicWin@@H@Z
0x0045dea0	SKIP	0	0	reaches an import	?scroll_show@@YAXPAUGraphicWin@@PAUScroll@@@Z
0x0045e540	SKIP	0	0	reaches an import	?scroll_hide@@YAXPAUGraphicWin@@PAUScroll@@@Z
0x0045eb60	PASS	16	16		?UNK3@MainInterface@@QAEXXZ
0x0045eb70	PASS	16	16		?UNK4@MainInterface@@QAEXXZ
0x0045eb80	SKIP	0	0	reaches an import	??1MainInterface@@QAE@XZ
0x0045ef10	SKIP	0	0	reaches an import	??0MainInterface@@QAE@XZ
0x0045f1c0	SKIP	0	0	reaches an import	??_GMainInterface@@UAEPAXI@Z
0x0045f1f0	SKIP	0	0	reaches an import	??3MainInterface@@SAXPAXI@Z
0x0045f200	SKIP	0	0	reaches an import	??0Interlude@@QAE@XZ
0x0045f2e0	SKIP	0	0	reaches an import	?exec@Interlude@@QAEXPAD@Z
0x0045f5c0	SKIP	0	0	reaches an import	?on_redraw@Interlude@@QAEHXZ
0x0045f640	SKIP	0	0	reaches an import	?close@Interlude@@QAEXXZ
0x0045f6f0	INCONCLUSIVE-original-fault	16	0	INCONCLUSIVE-original-fault code 0xc0000005 at 0x00000048 after 0 steps	?on_key_down@Interlude@@QAEXH@Z
0x0045f700	INCONCLUSIVE-original-fault	16	0	INCONCLUSIVE-original-fault code 0xc0000005 at 0000000000 after 0 steps	?on_left_down@Interlude@@QAEXHH@Z
0x0045f710	SKIP	0	0	reaches an import	??_GInterlude@@UAEPAXI@Z
0x0045f740	SKIP	0	0	reaches an import	??1Interlude@@QAE@XZ
0x0045f910	SKIP	0	0	reaches an import	??3Interlude@@SAXPAXI@Z
0x0045f920	SKIP	0	0	calls a body the lift does not have	??__Eg_JACKAL_FONT@@YAXXZ
0x0045f940	SKIP	0	0	reaches an import	??__Fg_JACKAL_FONT@@YAXXZ
0x0045f950	SKIP	0	0	reaches an import	_WinMain@16
0x0045fb20	SKIP	0	0	reaches an import	?menu_init@MainMenu@@QAEHXZ
0x00460dd0	SKIP	0	0	reaches an import	?check@MainMenu@@QAEXH@Z
0x00462080	SKIP	0	0	reaches an import	??__Eg_MAPWIN@@YAXXZ
0x004620a0	SKIP	0	0	reaches an import	??__Fg_MAPWIN@@YAXXZ
0x004620c0	PASS	16	16		sub_4620c0
0x00462190	PASS	16	16		?alt_get_ocean_detail@@YAHHHHH@Z
0x004626e0	SKIP	0	0	reaches an import	??0MapWin@@QAE@H@Z
0x00462870	SKIP	0	0	reaches an import	?clear@MapWin@@QAEXH@Z
0x00462960	PASS	16	16		?UNK1@MapWin@@QAEHXZ
0x00462970	PASS	16	16		?UNK2@MapWin@@QAEHXZ
0x00462980	SKIP	0	0	reaches an import	?calculate_dimensions@MapWin@@QAEXXZ
0x00462f00	PASS	16	4		?tile_to_pixel@MapWin@@QAEXHHPAHPAH@Z
0x00463040	PASS	16	4		?pixel_to_tile@MapWin@@QAEHHHPAHPAH@Z
0x004632d0	SKIP	0	0	reaches an import	?gen_terrain_poly@MapWin@@QAAHPAUBuffer@@PAUMapWin@@HHHHHHHH@Z
0x00466ca0	SKIP	0	0	reaches an import	?draw_vehicles@MapWin@@QAEXHHHHH@Z
0x00467190	SKIP	0	0	reaches an import	?draw_bases@MapWin@@QAEXHHHHH@Z
0x004672c0	SKIP	0	0	reaches an import	?direct_dest_line@MapWin@@QAEXHHHHHHHH@Z
0x00467430	SKIP	0	0	reaches an import	?dest_line@MapWin@@QAEXHHHHHHHHHHH@Z
0x00467960	PASS	16	16		?UNK3@MapWin@@QAEXXZ
0x00467970	SKIP	0	0	reaches an import	?draw_base_dest@MapWin@@QAEXH@Z
0x00467de0	SKIP	0	0	reaches an import	?draw_base_names@MapWin@@QAEXXZ
0x004688e0	SKIP	0	0	reaches an import	?gen_overlays@MapWin@@QAEXHH@Z
0x00468c20	SKIP	0	0	reaches an import	?gen_tile@MapWin@@QAEXHHHH@Z
0x00468cd0	SKIP	0	0	reaches an import	?compute_clip@MapWin@@QAEHHHHPAURECT@@@Z
0x00468f90	SKIP	0	0	reaches an import	?draw_vehicles@MapWin@@QAEXHHHH@Z
0x00469190	SKIP	0	0	reaches an import	?gen_radius@MapWin@@QAEXHHHHH@Z
0x00469720	SKIP	0	0	reaches an import	?draw_legend@MapWin@@QAEXXZ
0x004698d0	SKIP	0	0	reaches an import	?draw_wars@MapWin@@QAEXXZ
0x00469b40	SKIP	0	0	reaches an import	?gen_bases_only@MapWin@@QAEXXZ
0x00469ca0	SKIP	0	0	reaches an import	?gen_map@MapWin@@QAEXHH@Z
0x0046a2a0	SKIP	0	0	reaches an import	?draw_radius@MapWin@@QAEXHHHH@Z
0x0046a4a0	SKIP	0	0	reaches an import	?draw_tile@MapWin@@QAEXHHH@Z
0x0046a530	SKIP	0	0	reaches an import	?draw_radius@MapWin@@QAEXHHH@Z
0x0046a550	SKIP	0	0	reaches an import	?draw_map@MapWin@@QAEXH@Z
0x0046ad60	SKIP	0	0	reaches an import	?draw_cursor@MapWin@@QAEXXZ
0x0046ae00	SKIP	0	0	reaches an import	?draw_cursor@@YAXXZ
0x0046aef0	SKIP	0	0	reaches an import	?draw_radius@@YAXHHHH@Z
0x0046af40	SKIP	0	0	reaches an import	?draw_tile@@YAXHHH@Z
0x0046af90	SKIP	0	0	reaches an import	?draw_tile_fixup@@YAXHHHH@Z
0x0046b040	SKIP	0	0	reaches an import	?draw_tile_fixup@@YAXHHHHHH@Z
0x0046b140	SKIP	0	0	reaches an import	?draw_tiles@@YAXHHH@Z
0x0046b190	SKIP	0	0	reaches an import	?draw_map@@YAXH@Z
0x0046b1d0	SKIP	0	0	reaches an import	?on_redraw@MapWin@@QAEXXZ
0x0046b1f0	SKIP	0	0	reaches an import	?set_center@MapWin@@QAEXHHH@Z
0x0046b310	SKIP	0	0	reaches an import	?focus@MapWin@@QAEHHH@Z
0x0046b510	SKIP	0	0	reaches an import	?editor@MapWin@@QAEXHHH@Z
0x0046c020	SKIP	0	0	reaches an import	?UNK4@MapWin@@QAEXHH@Z
0x0046c0d0	SKIP	0	0	reaches an import	?right_menu@MapWin@@QAEXHHHH@Z
0x0046d5d0	SKIP	0	0	reaches an import	?click@MapWin@@QAEXHHH@Z
0x0046eb90	SKIP	0	0	reaches an import	?on_lose_mouse_capture@MapWin@@QAEXXZ
0x0046eba0	SKIP	0	0	reaches an import	?on_left_click@MapWin@@QAEXHH@Z
0x0046ebd0	PASS	16	16		?on_left_double_click@MapWin@@QAEXHH@Z
0x0046ebe0	SKIP	0	0	reaches an import	?on_right_click@MapWin@@QAEXHH@Z
0x0046ec10	SKIP	0	0	reaches an import	?on_right_down@MapWin@@QAEXHH@Z
0x0046ed30	SKIP	0	0	reaches an import	?on_left_down@MapWin@@QAEXHH@Z
0x0046eff0	PASS	16	16		?on_left_up@MapWin@@QAEXHH@Z
0x0046f000	SKIP	0	0	reaches an import	?on_mouse_move@MapWin@@QAEXHH@Z
0x0046f660	INCONCLUSIVE-original-fault	16	0	INCONCLUSIVE-original-fault code 0xc0000005 at 0x0046f690 after 0 steps	?on_nc_hittest@MapWin@@QAEXHH@Z
0x0046f700	INCONCLUSIVE-original-fault	16	0	INCONCLUSIVE-original-fault code 0xc0000005 at 0x0046f730 after 0 steps	?on_nc_left_down@MapWin@@QAEXHH@Z
0x0046f880	SKIP	0	0	reaches an import	?on_sys_close@MapWin@@QAEXXZ
0x0046f8c0	SKIP	0	0	reaches an import	?on_button_clicked@MapWin@@QAEXH@Z
0x0046fa00	PASS	16	15	passed on the seeds that could be judged; 1 case(s) thrown out - the original read the unmodellable top 64 KiB	?on_resize@MapWin@@QAEXHH@Z
0x0046fa20	INCONCLUSIVE-original-fault	16	0	INCONCLUSIVE-original-fault code 0xc0000005 at 0x0046fabc after 0 steps	?UNK5@MapWin@@QAEXH@Z
0x0046fb10	SKIP	0	0	reaches an import	?main_caption@MapWin@@QAEXXZ
0x0046fb20	SKIP	0	0	reaches an import	?standard_caption@MapWin@@QAEXXZ
0x0046fb80	PASS	16	16		?do_image_buttons@MapWin@@QAEXXZ
0x0046fb90	PASS	16	5		?clear_alt@MapWin@@QAEXHHH@Z
0x0046fc30	PASS	16	16		?clear_alt@MapWin@@QAEXXZ
0x0046fc80	INCONCLUSIVE-original-fault	16	0	INCONCLUSIVE-original-fault code 0xc0000005 at 0x0046fcc5 after 0 steps	?UNK6@MapWin@@QAEXHHH@Z
0x0046fce0	PASS	16	12		?UNK7@MapWin@@QAEXXZ
0x0046fd20	INCONCLUSIVE-original-fault	16	0	INCONCLUSIVE-original-fault code 0xc0000005 at 0x0046fd66 after 0 steps	?UNK8@MapWin@@QAEXHHH@Z
0x0046fd90	PASS	16	16		?clear_terrain@MapWin@@QAEXXZ
0x0046fe00	PASS	16	4	passed on the seeds that could be judged; 1 case(s) thrown out - the original read the unmodellable top 64 KiB	?get_relative_alt@MapWin@@QAEHHHH@Z
0x0046fe70	PASS	16	16		?get_alt@MapWin@@QAEHHHH@Z
0x00470420	PASS	16	16		?compute_lighting_table@MapWin@@QAEXXZ
0x00470550	PASS	16	16		?get_brighting@MapWin@@QAEHHHH@Z
0x00470790	INCONCLUSIVE-original-fault	16	0	INCONCLUSIVE-original-fault code 0xc0000005 at 0x004707bf after 0 steps	?get_point_light@MapWin@@QAEHHHH@Z
0x00470920	SKIP	0	0	reaches an import	?init@MapWin@@QAEXPAURECT@@PADH@Z
0x00470a90	SKIP	0	0	reaches an import	?init@MapWin@@QAEXHH@Z
0x00470ed0	SKIP	0	0	reaches an import	?init_dummy@MapWin@@QAEXXZ
0x00470f70	SKIP	0	0	reaches an import	?close@MapWin@@QAEXXZ
0x00470fa0	SKIP	0	0	reaches an import	sub_470fa0
0x00471030	SKIP	0	0	reaches an import	?mapwin_system_init@@YAXH@Z
0x004710e0	SKIP	0	0	reaches an import	?mapwin_system_shutdown@@YAXXZ
0x00471160	PASS	16	16		mapwin_nullsub1
0x00471170	PASS	16	16		mapwin_nullsub2
0x00471180	PASS	16	16		mapwin_nullsub3
0x00471190	PASS	16	16		mapwin_nullsub4
0x004711a0	SKIP	0	0	reaches an import	?terrain_fixup@@YAXPAUMapWin@@@Z
0x00471240	SKIP	0	0	reaches an import	?mapwin_terrain_fixup@@YAXXZ
0x004712a0	PASS	16	16		?on_map@@YAHHH@Z
0x004712d0	SKIP	0	0	reaches an import	mapwin_unk1
0x00471320	SKIP	0	0	reaches an import	??__Eg_MESSAGEWIN@@YAXXZ
0x00471340	SKIP	0	0	reaches an import	??__Fg_MESSAGEWIN@@YAXXZ
0x00471350	SKIP	0	0	uses fs: (SEH chain is not in the image)	??__Eg_IFACE_GREEN_RIGHT_ARROW_SPRITE@@YAXXZ
0x00471380	SKIP	0	0	uses fs: (SEH chain is not in the image)	??__Fg_IFACE_GREEN_RIGHT_ARROW_SPRITE@@YAXXZ
0x004713a0	PASS	16	16		?UNK1@MessageWin@@QAEXHHHHH@Z
0x004713b0	SKIP	0	0	reaches an import	?add_base@MessageWin@@QAEXHPADPAUSprite@@@Z
0x00471470	SKIP	0	0	reaches an import	?UNK2@MessageWin@@QAEHHPADH@Z
0x004714d0	SKIP	0	0	reaches an import	?UNK3@MessageWin@@QAEHHHPAD@Z
0x00471530	SKIP	0	0	reaches an import	?add_message@MessageWin@@QAEXPADH@Z
0x004717a0	PASS	16	1		?clear@MessageWin@@QAEXXZ
0x00471870	SKIP	0	0	reaches an import	?listbox_draw@MessageWin@@QAAHPAUGraphicWin@@HHHHH@Z
0x004718c0	SKIP	0	0	reaches an import	?on_selected@MessageWin@@QAEXHH@Z
0x00471d40	PASS	16	16		?UNK4@MessageWin@@QAEXH@Z
0x00471d50	SKIP	0	0	reaches an import	?init@MessageWin@@QAEXXZ
0x00471f70	SKIP	0	0	reaches an import	?listbox_fill@MessageWin@@QAAHPAUGraphicWin@@HHPAURECT@@@Z
0x00471fd0	PASS	16	6		?listbox_write@MessageWin@@QAAHPAUGraphicWin@@HHPAURECT@@PAD@Z
0x00472020	SKIP	0	0	reaches an import	??1MessageWin@@QAE@XZ
0x00472190	SKIP	0	0	reaches an import	??0MessageWin@@QAE@XZ
0x00472200	SKIP	0	0	reaches an import	??__Eg_MONUWIN@@YAXXZ
0x00472220	SKIP	0	0	reaches an import	??__Fg_MONUWIN@@YAXXZ
0x00472230	SKIP	0	0	reaches an import	?init@MonuWin@@QAEHXZ
0x004736e0	SKIP	0	0	reaches an import	?on_redraw@MonuWin@@QAEXXZ
0x00476760	SKIP	0	0	reaches an import	?close@MonuWin@@QAEXXZ
0x00476780	INCONCLUSIVE-original-fault	16	0	INCONCLUSIVE-original-fault code 0xc0000005 at 0x00000020 after 0 steps	?on_left_click@MonuWin@@QAEXHH@Z
0x00476850	SKIP	0	0	reaches an import	?on_mouse_move@MonuWin@@QAEXHH@Z
0x004769b0	SKIP	0	0	reaches an import	?on_button_clicked@MonuWin@@QAEXH@Z
0x00476a00	SKIP	0	0	reaches an import	?on_key_click@MonuWin@@QAEHHH@Z
0x00476a50	SKIP	0	0	reaches an import	?monument@@YAXH@Z
0x00476b30	PASS	16	16		?clear_monuments@@YAXXZ
0x00476b70	SKIP	0	0	reaches an import	?mon_colony_founded@@YAXHPAD@Z
0x00476c90	SKIP	0	0	reaches an import	?mon_tech_discovered@@YAXHH@Z
0x00476da0	SKIP	0	0	reaches an import	?mon_secrets_of_tech@@YAXH@Z
0x00476ee0	SKIP	0	0	reaches an import	?mon_prototype_built@@YAXH@Z
0x00476fe0	SKIP	0	0	reaches an import	?mon_facility_built@@YAXHPAD@Z
0x00477100	SKIP	0	0	reaches an import	?mon_secret_project@@YAXHH@Z
0x00477210	SKIP	0	0	reaches an import	?mon_enemy_destroyed@@YAXHH@Z
0x00477320	SKIP	0	0	reaches an import	?mon_conquer_base@@YAXHPAD@Z
0x00477440	SKIP	0	0	reaches an import	?mon_naval_unit_built@@YAXH@Z
0x00477540	SKIP	0	0	reaches an import	?mon_air_unit_built@@YAXH@Z
0x00477640	SKIP	0	0	reaches an import	?mon_native_life_bred@@YAXH@Z
0x00477740	SKIP	0	0	reaches an import	?mon_first_in_space@@YAXH@Z
0x00477840	SKIP	0	0	reaches an import	?mon_built_preserve@@YAXH@Z
0x00477940	SKIP	0	0	reaches an import	?mon_winning_unify@@YAXHH@Z
0x004779d0	SKIP	0	0	reaches an import	?mon_winning_trans@@YAXHH@Z
0x00477a60	SKIP	0	0	reaches an import	?mon_killed_faction@@YAXHH@Z
0x00477b10	SKIP	0	0	reaches an import	??1MonuWin@@QAE@XZ
0x00477c80	SKIP	0	0	reaches an import	??0MonuWin@@QAE@XZ
0x00477dd0	SKIP	0	0	reaches an import	??_GMonuWin@@UAEPAXI@Z
0x00477e00	SKIP	0	0	reaches an import	??3MonuWin@@SAXPAXI@Z
0x00477e10	SKIP	0	0	reaches an import	??__Eg_MULTIWIN@@YAXXZ
0x00477e30	SKIP	0	0	reaches an import	??__Fg_MULTIWIN@@YAXXZ
0x00477e40	SKIP	0	0	uses fs: (SEH chain is not in the image)	??__Eg_MULTIWIN_WAVE@@YAXXZ
0x00477e60	SKIP	0	0	reaches an import	??__Fg_MULTIWIN_WAVE@@YAXXZ
0x00477e70	SKIP	0	0	reaches an import	?on_mouse_move@MultiWin@@QAEXHH@Z
0x00477ee0	SKIP	0	0	reaches an import	?on_mouse_leave@MultiWin@@QAEXHH@Z
0x00477f00	SKIP	0	0	reaches an import	?on_button_clicked@MultiWin@@QAEXH@Z
0x00477f30	SKIP	0	0	reaches an import	?on_left_click@MultiWin@@QAEXHH@Z
0x00478150	SKIP	0	0	reaches an import	?on_right_click@MultiWin@@QAEXHH@Z
0x00478630	SKIP	0	0	reaches an import	?draw_player@MultiWin@@QAEXHHPAURECT@@@Z
0x00478be0	SKIP	0	0	reaches an import	?draw_time@MultiWin@@QAEXPAURECT@@H@Z
0x00479270	SKIP	0	0	reaches an import	?UNK1@MultiWin@@QAEXPAURECT@@@Z
0x00479330	SKIP	0	0	reaches an import	?draw@MultiWin@@QAEXH@Z
0x004798f0	SKIP	0	0	reaches an import	?on_redraw@MultiWin@@QAEXXZ
0x00479900	PASS	16	12		?UNK2@MultiWin@@QAEXXZ
0x00479970	SKIP	0	0	reaches an import	?show@MultiWin@@QAEXXZ
0x00479c00	SKIP	0	0	reaches an import	?hide@MultiWin@@QAEXXZ
0x00479f90	SKIP	0	0	reaches an import	?init@MultiWin@@QAEXXZ
0x0047a430	SKIP	0	0	reaches an import	??1MultiWin@@QAE@XZ
0x0047a590	SKIP	0	0	reaches an import	??0MultiWin@@QAE@XZ
0x0047a6c0	SKIP	0	0	reaches an import	??_GMultiWin@@UAEPAXI@Z
0x0047a6f0	PASS	16	6		?UNK3@MultiWin@@QAEHHHPAURECT@@@Z
0x0047a720	SKIP	0	0	reaches an import	?UNK4@MultiWin@@QAEHPADPAURECT@@@Z
0x0047a760	SKIP	0	0	reaches an import	??3MultiWin@@SAXPAXI@Z
0x0047a770	SKIP	0	0	reaches an import	??__Eg_NETMSG1@@YAXXZ
0x0047a790	SKIP	0	0	reaches an import	??__Fg_NETMSG1@@YAXXZ
0x0047a7a0	SKIP	0	0	reaches an import	??__Eg_NETMSG2@@YAXXZ
0x0047a7c0	SKIP	0	0	reaches an import	??__Fg_NETMSG2@@YAXXZ
0x0047a7d0	SKIP	0	0	reaches an import	?close@NetMsg@@QAEXXZ
0x0047a800	SKIP	0	0	reaches an import	?timer_daemon@NetMsg@@QAAXH@Z
0x0047a860	SKIP	0	0	reaches an import	?on_button_clicked@NetMsg@@QAEXH@Z
0x0047a890	SKIP	0	0	reaches an import	?pop@NetMsg@@QAEXPBDHHPBD@Z
0x0047acf0	SKIP	0	0	reaches an import	??0NetMsg@@QAE@HHH@Z
0x0047ad70	SKIP	0	0	reaches an import	??_GNetMsg@@UAEPAXI@Z
0x0047ada0	SKIP	0	0	reaches an import	??1NetMsg@@QAE@XZ
0x0047afe0	SKIP	0	0	reaches an import	??3NetMsg@@SAXPAXI@Z
0x0047aff0	SKIP	0	0	reaches an import	??__Eg_NETWIN@@YAXXZ
0x0047b010	SKIP	0	0	reaches an import	??__Fg_NETWIN@@YAXXZ
0x0047b020	SKIP	0	0	reaches an import	?send_faction_data@@YAXH@Z
0x0047b0f0	SKIP	0	0	reaches an import	?send_all_player_packets@@YAXH@Z
0x0047b1d0	SKIP	0	0	reaches an import	sub_47b1d0
0x0047b260	SKIP	0	0	reaches an import	?send_session_packet@@YAXHH@Z
0x0047b2e0	SKIP	0	0	reaches an import	?send_session2_packet@@YAXHH@Z
0x0047b380	PASS	16	1		?get_player_color@NetWin@@QAEHH@Z
0x0047b450	SKIP	0	0	reaches an import	?on_button_clicked@NetWin@@QAEXH@Z
0x0047b750	PASS	16	16		?on_key_click@NetWin@@QAEHHH@Z
0x0047b760	SKIP	0	0	reaches an import	?on_left_click@NetWin@@QAEXHH@Z
0x0047bbf0	SKIP	0	0	reaches an import	?pick_player@NetWin@@QAEXXZ
0x0047c530	SKIP	0	0	reaches an import	?pick_faction@NetWin@@QAEXH@Z
0x0047c970	SKIP	0	0	reaches an import	?pick_pass@NetWin@@QAEHH@Z
0x0047cf40	SKIP	0	0	reaches an import	?pick_diff@NetWin@@QAEXH@Z
0x0047d300	SKIP	0	0	reaches an import	?pick_map@NetWin@@QAEXXZ
0x0047e010	SKIP	0	0	reaches an import	?pick_num_players@NetWin@@QAEXXZ
0x0047e340	SKIP	0	0	reaches an import	?pick_global_diff@NetWin@@QAEXXZ
0x0047e640	SKIP	0	0	reaches an import	?pick_time@NetWin@@QAEXXZ
0x0047e930	SKIP	0	0	reaches an import	?pick_planet_size@NetWin@@QAEXXZ
0x0047ec60	SKIP	0	0	reaches an import	?pick_ocean@NetWin@@QAEXXZ
0x0047ef90	SKIP	0	0	reaches an import	?pick_erosion@NetWin@@QAEXXZ
0x0047f2c0	SKIP	0	0	reaches an import	?pick_native@NetWin@@QAEXXZ
0x0047f5f0	SKIP	0	0	reaches an import	?pick_clouds@NetWin@@QAEXXZ
0x0047f920	PASS	16	16		?UNK1@NetWin@@QAEXXZ
0x0047f930	PASS	16	16		?UNK2@NetWin@@QAEXXZ
0x0047f940	PASS	16	16		?on_mouse_move@NetWin@@QAEXHH@Z
0x0047f950	PASS	16	16		?on_mouse_leave@NetWin@@QAEXHH@Z
0x0047f960	SKIP	0	0	reaches an import	?draw_custom_rules@NetWin@@QAEXXZ
0x0047fe80	SKIP	0	0	reaches an import	?UNK3@NetWin@@QAEXXZ
0x0047fed0	SKIP	0	0	reaches an import	?draw_factions@NetWin@@QAEXXZ
0x00480180	SKIP	0	0	reaches an import	?draw_diffs@NetWin@@QAEXXZ
0x00480370	SKIP	0	0	reaches an import	?draw_player_names@NetWin@@QAEXXZ
0x00480900	SKIP	0	0	reaches an import	?draw_session_info@NetWin@@QAEXXZ
0x00481ad0	SKIP	0	0	reaches an import	?on_redraw@NetWin@@QAEXXZ
0x00481c50	SKIP	0	0	reaches an import	??0NetWin@@QAE@XZ
0x00481d10	SKIP	0	0	reaches an import	?close@NetWin@@QAEXXZ
0x00481da0	SKIP	0	0	calls a body the lift does not have	?fill_player@NetWin@@QAEXPAUPlayerData@@H@Z
0x00481e90	SKIP	0	0	calls a body the lift does not have	?config_players@NetWin@@QAEXXZ
0x00481fd0	SKIP	0	0	reaches an import	?setup_faction_data@NetWin@@QAEXPAUMessageFactionData@@@Z
0x00482490	SKIP	0	0	reaches an import	?exec@NetWin@@QAEHXZ
0x00482d90	SKIP	0	0	reaches an import	?prepare_game@NetWin@@QAEXXZ
0x00483190	SKIP	0	0	reaches an import	?modal_callback@NetWin@@QAEHXZ
0x00483240	SKIP	0	0	reaches an import	?modal_callback_daemon@NetWin@@QAAHXZ
0x004832d0	PASS	16	16		?string_callback@NetWin@@QAAXHH@Z
0x00483310	SKIP	0	0	reaches an import	?on_key_down@NetWin@@QAEHH@Z
0x00483420	SKIP	0	0	reaches an import	?new_chat@NetWin@@QAEXPADH@Z
0x004834d0	PASS	16	16		?alloc_slots@NetWin@@QAEXXZ
0x004834e0	SKIP	0	0	reaches an import	??1NetWin@@QAE@XZ
0x004837c0	SKIP	0	0	reaches an import	??_GNetWin@@UAEPAXI@Z
0x004837f0	SKIP	0	0	reaches an import	?UNK4@NetWin@@QAEXXZ
0x00483820	PASS	16	15		?UNK5@NetWin@@QAEXXZ
0x00483840	SKIP	0	0	reaches an import	??3NetWin@@SAXPAXI@Z
0x00483850	SKIP	0	0	reaches an import	??__Eg_NEWTECHWIN@@YAXXZ
0x00483870	SKIP	0	0	reaches an import	??__Fg_NEWTECHWIN@@YAXXZ
0x00483880	SKIP	0	0	uses fs: (SEH chain is not in the image)	??__Eg_NEWTECHWIN_SPRITES@@YAXXZ
0x004838b0	SKIP	0	0	uses fs: (SEH chain is not in the image)	??__Fg_NEWTECHWIN_SPRITES@@YAXXZ
0x004838e0	SKIP	0	0	calls a body the lift does not have	?on_link_clicked@NewTechWin@@QAEHHPAD@Z
0x00483920	SKIP	0	0	reaches an import	?info@NewTechWin@@QAAXPAD@Z
0x00483950	SKIP	0	0	reaches an import	?on_redraw@NewTechWin@@QAEXXZ
0x00483e80	INCONCLUSIVE-original-fault	16	0	INCONCLUSIVE-original-fault code 0xc0000005 at 0000000000 after 0 steps	?on_button_clicked@NewTechWin@@QAEXH@Z
0x00483e90	PASS	16	16		?on_left_click@NewTechWin@@QAEXHH@Z
0x00483ea0	PASS	16	16		?on_key_click@NewTechWin@@QAEHHH@Z
0x00483eb0	SKIP	0	0	reaches an import	?on_group_clicked@NewTechWin@@QAEXHH@Z
0x00483f90	SKIP	0	0	reaches an import	?exec@NewTechWin@@QAEXHH@Z
0x00484810	SKIP	0	0	reaches an import	??1NewTechWin@@QAE@XZ
0x004849d0	SKIP	0	0	reaches an import	??0NewTechWin@@QAE@XZ
0x00484a80	SKIP	0	0	reaches an import	??_GNewTechWin@@UAEPAXI@Z
0x00484ab0	SKIP	0	0	reaches an import	??3NewTechWin@@SAXPAXI@Z
0x00484ac0	SKIP	0	0	reaches an import	??0PickTech@@QAE@XZ
0x00484b60	SKIP	0	0	reaches an import	?close@PickTech@@QAEXXZ
0x00484b80	SKIP	0	0	reaches an import	?UNK1@PickTech@@QAEXPAD@Z
0x00484c60	SKIP	0	0	reaches an import	?draw_tech@PickTech@@QAEHHPAURECT@@H@Z
0x00485fc0	SKIP	0	0	reaches an import	?on_mouse_move@PickTech@@QAEXHH@Z
0x004860b0	INCONCLUSIVE-original-fault	16	0	INCONCLUSIVE-original-fault code 0xc0000005 at 0x009d88b4 after 0 steps	?on_left_click@PickTech@@QAEXHH@Z
0x00486110	SKIP	0	0	reaches an import	?on_right_click@PickTech@@QAEXHH@Z
0x00486170	SKIP	0	0	reaches an import	?on_key_click@PickTech@@QAEHHH@Z
0x004863f0	SKIP	0	0	reaches an import	?draw_item@PickTech@@QAEHHH@Z
0x00486510	SKIP	0	0	reaches an import	?pick@PickTech@@QAEHHHHPAD@Z
0x00488660	SKIP	0	0	reaches an import	??_GPickTech@@UAEPAXI@Z
0x00488690	SKIP	0	0	reaches an import	??1PickTech@@QAE@XZ
0x00488740	SKIP	0	0	reaches an import	??3PickTech@@SAXPAXI@Z
0x00488750	SKIP	0	0	reaches an import	??__Eg_PICKWIN@@YAXXZ
0x00488770	SKIP	0	0	reaches an import	??__Fg_PICKWIN@@YAXXZ
0x00488780	SKIP	0	0	reaches an import	?list_was_dblclicked@@YAXH@Z
0x004887a0	SKIP	0	0	reaches an import	?init@PickWin@@QAEXP6AXH@ZHH@Z
0x00489660	SKIP	0	0	reaches an import	?on_redraw@PickWin@@QAEXXZ
0x00489b00	SKIP	0	0	reaches an import	?close@PickWin@@QAEXXZ
0x00489b10	PASS	16	16		?on_button_passover@PickWin@@QAEXHH@Z
0x00489b20	SKIP	0	0	calls a body the lift does not have	?on_group_clicked@PickWin@@QAEXHHH@Z
0x00489ba0	SKIP	0	0	reaches an import	?on_button_clicked@PickWin@@QAEXH@Z
0x0048a7c0	PASS	16	14		?on_key_click@PickWin@@QAEHHH@Z
0x0048a810	INCONCLUSIVE-original-fault	16	0	INCONCLUSIVE-original-fault code 0xc0000005 at 0x00000060 after 0 steps	?go_girl@PickWin@@QAEHXZ
0x0048a840	SKIP	0	0	reaches an import	?on_dialog_item_back_draw@PickWin@@QAEHPAUGraphicWin@@HHPAURECT@@@Z
0x0048a8e0	SKIP	0	0	reaches an import	??1PickWin@@QAE@XZ
0x0048ac10	SKIP	0	0	reaches an import	??0PickWin@@QAE@XZ
0x0048adc0	SKIP	0	0	reaches an import	??_GPickWin@@UAEPAXI@Z
0x0048adf0	SKIP	0	0	reaches an import	??3PickWin@@SAXPAXI@Z
0x0048ae00	SKIP	0	0	reaches an import	??__Eg_PLANWIN@@YAXXZ
0x0048ae20	SKIP	0	0	reaches an import	??__Fg_PLANWIN@@YAXXZ
0x0048ae40	PASS	16	16		?add_line@PlanWin@@QAEXHHHHH@Z
0x0048ae90	PASS	16	6		?add_line@PlanWin@@QAEXHHH@Z
0x0048af20	PASS	16	15		?clear_lines@PlanWin@@QAEXXZ
0x0048af30	SKIP	0	0	reaches an import	?on_redraw@PlanWin@@QAEXXZ
0x0048b3c0	SKIP	0	0	reaches an import	?UNK1@PlanWin@@QAEXXZ
0x0048b3f0	SKIP	0	0	reaches an import	?back_redraw@PlanWin@@QAEXXZ
0x0048b450	SKIP	0	0	calls a body the lift does not have	?find_view@PlanWin@@QAEXHHHHHHHH@Z
0x0048b630	SKIP	0	0	reaches an import	?opticenter@PlanWin@@QAEXHHHHH@Z
0x0048b8e0	SKIP	0	0	reaches an import	?monocenter@PlanWin@@QAEXHHH@Z
0x0048bab0	SKIP	0	0	calls a body the lift does not have	?draw_line_base@PlanWin@@QAEXHHH@Z
0x0048bb80	SKIP	0	0	calls a body the lift does not have	?draw_line@PlanWin@@QAEXHHHHH@Z
0x0048bc20	INCONCLUSIVE-original-fault	16	0	INCONCLUSIVE-original-fault code 0xc0000005 at 0x009db3c0 after 0 steps	?blink@PlanWin@@QAEXXZ
0x0048bc50	SKIP	0	0	reaches an import	?close@PlanWin@@QAEXXZ
0x0048bc60	SKIP	0	0	reaches an import	?init@PlanWin@@QAEXPAD@Z
0x0048bcd0	SKIP	0	0	reaches an import	??0PlanWin@@QAE@H@Z
0x0048bd80	SKIP	0	0	reaches an import	??1PlanWin@@QAE@XZ
0x0048bee0	PASS	16	16		?xrange@@YAHH@Z
0x0048bf10	SKIP	0	0	reaches an import	??3PlanWin@@SAXPAXI@Z
0x0048bf20	SKIP	0	0	reaches an import	??_GPlanWin@@UAEPAXI@Z
0x0048bf60	SKIP	0	0	reaches an import	?on_lose_mouse_capture@thunk5_MapWin@@QAEXXZ
0x0048bf70	SKIP	0	0	reaches an import	?on_redraw@thunk1_PlanWin@@QAEXXZ
0x0048bf80	PASS	16	13		?on_resize@thunk5_MapWin@@QAEXHH@Z
0x0048bf90	SKIP	0	0	reaches an import	?on_sys_close@thunk5_MapWin@@QAEXXZ
0x0048bfa0	SKIP	0	0	reaches an import	?on_mouse_move@thunk5_MapWin@@QAEXHH@Z
0x0048bfb0	SKIP	0	0	reaches an import	?on_left_click@thunk5_MapWin@@QAEXHH@Z
0x0048bfc0	SKIP	0	0	reaches an import	?on_left_down@thunk5_MapWin@@QAEXHH@Z
0x0048bfd0	PASS	16	15		?on_left_up@thunk5_MapWin@@QAEXHH@Z
0x0048bfe0	SKIP	0	0	reaches an import	?on_right_click@thunk5_MapWin@@QAEXHH@Z
0x0048bff0	SKIP	0	0	reaches an import	?on_right_down@thunk5_MapWin@@QAEXHH@Z
0x0048c000	PASS	16	15		?on_left_double_click@thunk5_MapWin@@QAEXHH@Z
0x0048c010	PASS	16	1		?on_nc_left_down@thunk5_MapWin@@QAEXHH@Z
0x0048c020	SKIP	0	0	reaches an import	?on_button_clicked@thunk5_MapWin@@QAEXH@Z
0x0048c030	INCONCLUSIVE-original-fault	16	0	INCONCLUSIVE-original-fault code 0xc0000005 at 0x0046f690 after 0 steps	?on_nc_hittest@thunk5_MapWin@@QAEXHH@Z
0x0048c040	SKIP	0	0	reaches an import	??_Gthunk2_PlanWin@@UAEPAXI@Z
0x0048c060	SKIP	0	0	reaches an import	?parse_it@@YAXPADPBD@Z
0x0048c0a0	SKIP	0	0	reaches an import	?popp@@YAHPADPBDHPBDP6AHXZ@Z
0x0048c320	SKIP	0	0	reaches an import	?popt@@YAHPADPBDHPADH@Z
0x0048c360	SKIP	0	0	reaches an import	?popv@@YAHPADPBDHH@Z
0x0048c650	SKIP	0	0	reaches an import	?popb@@YAHPBDHHPBDPAUSprite@@@Z
0x0048ceb0	SKIP	0	0	reaches an import	?veh_sprite_draw@@YAHPAUSprite@@PAUGraphicWin@@HHH@Z
0x0048cf00	SKIP	0	0	reaches an import	sub_48cf00
0x0048cf50	SKIP	0	0	reaches an import	?veh_sprite_click@@YAHH@Z
0x0048d010	SKIP	0	0	reaches an import	?veh_sprite_double_click@@YAHH@Z
0x0048d0d0	SKIP	0	0	reaches an import	?veh_pick@@YAHHPBDH@Z
0x0048d4f0	SKIP	0	0	reaches an import	??__Eg_PREFWIN@@YAXXZ
0x0048d510	SKIP	0	0	reaches an import	??__Fg_PREFWIN@@YAXXZ
0x0048d520	SKIP	0	0	calls a body the lift does not have	??__Eg_PREFWIN_BUTTONGROUP@@YAXXZ
0x0048d540	PASS	16	16		??__Fg_PREFWIN_BUTTONGROUP@@YAXXZ
0x0048d550	PASS	16	16		sub_48d550
0x0048d560	PASS	16	16		sub_48d560
0x0048d570	PASS	16	16		sub_48d570
0x0048d590	PASS	16	16		sub_48d590
0x0048d5b0	PASS	16	16		sub_48d5b0
0x0048d5d0	PASS	16	16		sub_48d5d0
0x0048d5f0	PASS	16	16		sub_48d5f0
0x0048d610	PASS	16	16		sub_48d610
0x0048d630	PASS	16	16		sub_48d630
0x0048d650	PASS	16	16		sub_48d650
0x0048d670	PASS	16	16		sub_48d670
0x0048d690	PASS	16	16		sub_48d690
0x0048d6b0	PASS	16	16		sub_48d6b0
0x0048d6d0	PASS	16	16		sub_48d6d0
0x0048d6f0	PASS	16	16		sub_48d6f0
0x0048d710	PASS	16	16		sub_48d710
0x0048d730	PASS	16	16		sub_48d730
0x0048d750	PASS	16	16		sub_48d750
0x0048d760	PASS	16	16		sub_48d760
0x0048d770	PASS	16	16		sub_48d770
0x0048d790	PASS	16	16		sub_48d790
0x0048d7b0	PASS	16	16		sub_48d7b0
0x0048d7d0	PASS	16	16		sub_48d7d0
0x0048d7f0	PASS	16	16		sub_48d7f0
0x0048d810	PASS	16	16		sub_48d810
0x0048d820	PASS	16	16		sub_48d820
0x0048d840	SKIP	0	0	reaches an import	?init@PrefWin@@QAEXXZ
0x0048fa00	SKIP	0	0	reaches an import	?display@PrefWin@@QAEXH@Z
0x0048fcd0	SKIP	0	0	reaches an import	?on_key_click@PrefWin@@QAEHHH@Z
0x0048fdd0	SKIP	0	0	reaches an import	?destroy@PrefWin@@QAEXXZ
0x0048ff60	INCONCLUSIVE-original-fault	16	0	INCONCLUSIVE-original-fault code 0xc0000005 at 0x00000034 after 0 steps	?on_group_clicked@PrefWin@@QAEXHHH@Z
0x0048ffb0	PASS	16	14		?hide_option_buttons@PrefWin@@QAEXXZ
0x00490140	SKIP	0	0	reaches an import	?update_pref_buttons@PrefWin@@QAEXXZ
0x00490350	INCONCLUSIVE-original-fault	16	0	INCONCLUSIVE-original-fault code 0xc0000005 at 0x0060ec15 after 0 steps	?set_preferences@PrefWin@@QAEXXZ
0x00490b00	SKIP	0	0	reaches an import	?get_preferences@PrefWin@@QAEXXZ
0x00491380	PASS	16	16		?on_scrolling@PrefWin@@QAEXHH@Z
0x00491400	SKIP	0	0	reaches an import	?on_button_clicked@PrefWin@@QAEXH@Z
0x00491810	SKIP	0	0	reaches an import	?redraw_option@PrefWin@@QAEXXZ
0x00491860	SKIP	0	0	reaches an import	?redraw_volume@PrefWin@@QAEXXZ
0x004918c0	SKIP	0	0	reaches an import	?change_volume_button_text@PrefWin@@QAEXH@Z
0x004919f0	SKIP	0	0	reaches an import	?change_volume_button_state@PrefWin@@QAEXH@Z
0x00491c00	SKIP	0	0	reaches an import	?on_redraw@PrefWin@@QAEXXZ
0x00491df0	SKIP	0	0	reaches an import	??1PrefWin@@QAE@XZ
0x004921e0	SKIP	0	0	reaches an import	??0PrefWin@@QAE@XZ
0x004923e0	SKIP	0	0	reaches an import	??_GPrefWin@@UAEPAXI@Z
0x00492410	SKIP	0	0	reaches an import	??3PrefWin@@SAXPAXI@Z
0x00492420	SKIP	0	0	reaches an import	??0ProdPicker@@QAE@XZ
0x004926b0	SKIP	0	0	reaches an import	?close@ProdPicker@@QAEXXZ
0x004926c0	SKIP	0	0	reaches an import	?show@ProdPicker@@QAEXH@Z
0x00492740	SKIP	0	0	reaches an import	?hide@ProdPicker@@QAEXXZ
0x004927c0	SKIP	0	0	reaches an import	?draw_item@ProdPicker@@QAEXHH@Z
0x00492fa0	SKIP	0	0	reaches an import	?calculate@ProdPicker@@QAEXXZ
0x00493af0	PASS	16	6		?edbc_unit@ProdPicker@@QAEHH@Z
0x00493b70	PASS	16	16		?edbc_fac@ProdPicker@@QAEHH@Z
0x00493c10	PASS	16	16		?UNK1@ProdPicker@@QAEHH@Z
0x00493c20	PASS	16	1		?on_mousewheel@ProdPicker@@QAEXH@Z
0x00493c70	SKIP	0	0	reaches an import	?on_redraw@ProdPicker@@QAEXXZ
0x00493cb0	SKIP	0	0	reaches an import	?on_scrolled@ProdPicker@@QAEXHH@Z
0x00493e70	INCONCLUSIVE-original-fault	16	0	INCONCLUSIVE-original-fault code 0xc0000005 at 0x00000038 after 0 steps	?on_scrolling@ProdPicker@@QAEXHH@Z
0x00493e90	PASS	16	16		?on_mouse_move@ProdPicker@@QAEXHH@Z
0x00493ea0	SKIP	0	0	reaches an import	?on_right_click@ProdPicker@@QAEXHH@Z
0x004941c0	SKIP	0	0	reaches an import	?on_left_click@ProdPicker@@QAEXHH@Z
0x00494230	INCONCLUSIVE-original-fault	16	0	INCONCLUSIVE-original-fault code 0xc0000005 at 0x009dbf74 after 0 steps	?on_left_double_click@ProdPicker@@QAEXHH@Z
0x00494280	SKIP	0	0	reaches an import	?on_key_click@ProdPicker@@QAEHHH@Z
0x004945c0	PASS	16	16		?on_redraw_nc@ProdPicker@@QAEXPAURECT@@H@Z
0x004945d0	PASS	16	15		?on_button_clicked@ProdPicker@@QAEXH@Z
0x004946d0	SKIP	0	0	reaches an import	?UNK2@ProdPicker@@QAAXHPAUProdPicker@@@Z
0x00494700	SKIP	0	0	reaches an import	?exec@ProdPicker@@QAEHPAUBase@@HPAUGraphicWin@@H@Z
0x00495160	PASS	16	16		?UNK3@ProdPicker@@QAEXH@Z
0x00495170	SKIP	0	0	reaches an import	??__Eg_QUAYLEWIN@@YAXXZ
0x00495190	SKIP	0	0	reaches an import	??__Fg_QUAYLEWIN@@YAXXZ
0x004951a0	SKIP	0	0	reaches an import	?init@QuayleWin@@QAEHXZ
0x004956d0	SKIP	0	0	reaches an import	?on_redraw@QuayleWin@@QAEXXZ
0x004964a0	SKIP	0	0	reaches an import	?close@QuayleWin@@QAEXXZ
0x004964d0	INCONCLUSIVE-original-fault	16	0	INCONCLUSIVE-original-fault code 0xc0000005 at 0x005fab19 after 0 steps	?on_left_click@QuayleWin@@QAEXHH@Z
0x00496540	INCONCLUSIVE-original-fault	16	0	INCONCLUSIVE-original-fault code 0xc0000005 at 0x009de4a8 after 0 steps	?on_selected@QuayleWin@@QAEXHH@Z
0x00496560	SKIP	0	0	reaches an import	?on_button_clicked@QuayleWin@@QAEXH@Z
0x004965c0	SKIP	0	0	reaches an import	?on_key_click@QuayleWin@@QAEHHH@Z
0x00496610	SKIP	0	0	reaches an import	sub_496610
0x00496670	SKIP	0	0	reaches an import	?quayle@@YAXH@Z
0x00496710	SKIP	0	0	reaches an import	??1QuayleWin@@QAE@XZ
0x00496810	SKIP	0	0	reaches an import	??0QuayleWin@@QAE@XZ
0x004968c0	SKIP	0	0	reaches an import	??_GQuayleWin@@UAEPAXI@Z
0x004968f0	SKIP	0	0	reaches an import	??3QuayleWin@@SAXPAXI@Z
0x00496900	SKIP	0	0	reaches an import	??__Eg_REPORTIF@@YAXXZ
0x00496920	SKIP	0	0	reaches an import	??__Fg_REPORTIF@@YAXXZ
0x00496930	SKIP	0	0	reaches an import	??__Eg_REPORTWIN@@YAXXZ
0x00496950	SKIP	0	0	reaches an import	??__Fg_REPORTWIN@@YAXXZ
0x00496960	SKIP	0	0	reaches an import	?init@ReportWin@@QAEXXZ
0x00496bb0	SKIP	0	0	reaches an import	?reset@ReportWin@@QAEXXZ
0x00496d00	SKIP	0	0	reaches an import	?on_redraw@ReportWin@@QAEXXZ
0x00496e10	SKIP	0	0	reaches an import	?on_left_click@ReportWin@@QAEXHH@Z
0x00497a60	SKIP	0	0	reaches an import	?on_left_double_click@ReportWin@@QAEXHH@Z
0x00497ac0	SKIP	0	0	reaches an import	?right_menu@ReportWin@@QAEXHHH@Z
0x00497f00	SKIP	0	0	reaches an import	?on_right_click@ReportWin@@QAEXHH@Z
0x004980f0	PASS	16	16		?on_mouse_move@ReportWin@@QAEXHH@Z
0x00498100	PASS	16	16		?on_mouse_leave@ReportWin@@QAEXHH@Z
0x00498110	INCONCLUSIVE-original-fault	16	0	INCONCLUSIVE-original-fault code 0xc0000005 at 0x00605a03 after 0 steps	?UNK1@ReportWin@@QAEXHHHH@Z
0x00498180	SKIP	0	0	reaches an import	?on_scrolled@ReportWin@@QAEXHH@Z
0x00498200	SKIP	0	0	reaches an import	?on_scrolling@ReportWin@@QAEXHH@Z
0x00498280	SKIP	0	0	reaches an import	?on_key_click@ReportWin@@QAEHHH@Z
0x004986d0	SKIP	0	0	reaches an import	?on_button_clicked@ReportWin@@QAEXH@Z
0x004989f0	SKIP	0	0	reaches an import	?on_group_clicked@ReportWin@@QAEXHHH@Z
0x00498b30	SKIP	0	0	reaches an import	?draw_labs@ReportWin@@QAEXXZ
0x0049b220	SKIP	0	0	reaches an import	?on_button_passover@ReportWin@@QAEXHH@Z
0x0049b450	SKIP	0	0	reaches an import	?labs_line@ReportWin@@QAEXHHHHHHH@Z
0x0049bcd0	SKIP	0	0	reaches an import	?draw_energy@ReportWin@@QAEXXZ
0x0049d490	SKIP	0	0	reaches an import	?on_selected@ReportWin@@QAEXHH@Z
0x0049d540	SKIP	0	0	reaches an import	?draw_ops@ReportWin@@QAEXXZ
0x0049eb10	SKIP	0	0	reaches an import	?draw_projects@ReportWin@@QAEXXZ
0x0049f350	SKIP	0	0	reaches an import	?draw_sat@ReportWin@@QAEXXZ
0x0049fe40	SKIP	0	0	reaches an import	?sat_anim@ReportWin@@QAEXXZ
0x0049ffc0	SKIP	0	0	reaches an import	?sat_anim_daemon@@YAXH@Z
0x0049ffd0	SKIP	0	0	reaches an import	?start_attack@ReportWin@@QAEXHHHH@Z
0x004a0100	SKIP	0	0	reaches an import	?exp_anim@ReportWin@@QAEXXZ
0x004a0250	SKIP	0	0	reaches an import	?sat_expl_daemon@@YAXH@Z
0x004a0260	SKIP	0	0	reaches an import	?sat_attack@@YAXHHH@Z
0x004a0810	SKIP	0	0	reaches an import	?sat_edit@@YAXHHH@Z
0x004a08e0	SKIP	0	0	reaches an import	?draw_security@ReportWin@@QAEXXZ
0x004a1140	SKIP	0	0	reaches an import	?draw_score@ReportWin@@QAEXXZ
0x004a2210	SKIP	0	0	reaches an import	?draw_intel@ReportWin@@QAEXXZ
0x004a3460	SKIP	0	0	reaches an import	?init@ReportIf@@QAEXXZ
0x004a3930	SKIP	0	0	reaches an import	?done@ReportIf@@QAEXXZ
0x004a3950	SKIP	0	0	reaches an import	?report@ReportIf@@QAEXHHH@Z
0x004a3d20	SKIP	0	0	reaches an import	?reset@ReportIf@@QAEXXZ
0x004a3fc0	SKIP	0	0	reaches an import	?on_redraw@ReportIf@@QAEXXZ
0x004a4050	SKIP	0	0	reaches an import	?bl_daemon@@YAXH@Z
0x004a4060	SKIP	0	0	reaches an import	?bl_anim@ReportIf@@QAEXXZ
0x004a41d0	SKIP	0	0	reaches an import	?on_status@ReportIf@@QAEXH@Z
0x004a5f00	SKIP	0	0	reaches an import	?show@ReportWin@@QAEXH@Z
0x004a5f20	SKIP	0	0	reaches an import	?hide@ReportWin@@QAEXXZ
0x004a5f40	SKIP	0	0	reaches an import	?on_iface_left_click@ReportIf@@QAEXHH@Z
0x004a5fe0	PASS	16	16		?on_iface_right_click@ReportIf@@QAEXHH@Z
0x004a5ff0	PASS	16	16		?on_iface_left_double_click@ReportIf@@QAEXHH@Z
0x004a6000	PASS	16	16		?on_iface_right_double_click@ReportIf@@QAEXHH@Z
0x004a6010	PASS	16	16		?on_iface_left_down@ReportIf@@QAEXHH@Z
0x004a6020	PASS	16	16		?on_iface_right_down@ReportIf@@QAEXHH@Z
0x004a6030	PASS	16	16		?on_iface_mouse_move@ReportIf@@QAEXHH@Z
0x004a6040	PASS	16	16		?on_iface_mouse_leave@ReportIf@@QAEXHH@Z
0x004a6050	SKIP	0	0	reaches an import	?on_iface_selected@ReportIf@@QAEXHH@Z
0x004a6320	PASS	16	16		?on_iface_dialog_item_back_draw@ReportIf@@QAEHPAUGraphicWin@@HHPAURECT@@@Z
0x004a6330	SKIP	0	0	reaches an import	?on_iface_button_clicked@ReportIf@@QAEXH@Z
0x004a6d60	PASS	16	16		?on_iface_button_toggled@ReportIf@@QAEXHH@Z
0x004a6d70	SKIP	0	0	reaches an import	?on_iface_group_clicked@ReportIf@@QAEXHHH@Z
0x004a7000	SKIP	0	0	reaches an import	?draw_labs@ReportIf@@QAEXXZ
0x004a8440	PASS	16	2		?labs_write@@YAXPAUGraphicWin@@HHPAURECT@@PAD@Z
0x004a8470	SKIP	0	0	reaches an import	?close_labs@ReportIf@@QAEXXZ
0x004a84a0	SKIP	0	0	reaches an import	?draw_energy@ReportIf@@QAEXXZ
0x004a9020	SKIP	0	0	reaches an import	?close_energy@ReportIf@@QAEXXZ
0x004a9050	SKIP	0	0	reaches an import	?draw_ops@ReportIf@@QAEXXZ
0x004a9f90	SKIP	0	0	reaches an import	?close_ops@ReportIf@@QAEXXZ
0x004aa0b0	SKIP	0	0	reaches an import	?draw_projects@ReportIf@@QAEXXZ
0x004aa930	SKIP	0	0	reaches an import	?close_projects@ReportIf@@QAEXXZ
0x004aa970	SKIP	0	0	reaches an import	?draw_sat@ReportIf@@QAEXXZ
0x004ab550	SKIP	0	0	reaches an import	?close_sat@ReportIf@@QAEXXZ
0x004ab600	SKIP	0	0	reaches an import	?draw_security@ReportIf@@QAEXXZ
0x004abe30	INCONCLUSIVE-original-fault	16	0	INCONCLUSIVE-original-fault code 0xc0000005 at 0x004abe3f after 0 steps	?close_security@ReportIf@@QAEXXZ
0x004abe70	SKIP	0	0	reaches an import	?draw_score@ReportIf@@QAEXXZ
0x004ac130	PASS	16	16		?close_score@ReportIf@@QAEXXZ
0x004ac140	SKIP	0	0	reaches an import	?draw_intel@ReportIf@@QAEXXZ
0x004ac980	SKIP	0	0	reaches an import	?close_intel@ReportIf@@QAEXXZ
0x004ac9a0	SKIP	0	0	reaches an import	?report_labs@@YAXXZ
0x004ac9f0	SKIP	0	0	reaches an import	?report_energy@@YAXXZ
0x004aca40	SKIP	0	0	reaches an import	?report_ops@@YAXXZ
0x004aca90	SKIP	0	0	reaches an import	?report_projects@@YAXXZ
0x004acae0	SKIP	0	0	reaches an import	?report_sat@@YAXXZ
0x004acb30	SKIP	0	0	reaches an import	?report_security@@YAXXZ
0x004acb80	SKIP	0	0	reaches an import	?report_score@@YAXH@Z
0x004acbd0	SKIP	0	0	reaches an import	?report_intel@@YAXH@Z
0x004acc30	PASS	16	16		?merge_sort@ReportIf@@QAEXHH@Z
0x004acda0	SKIP	0	0	reaches an import	??1ReportIf@@QAE@XZ
0x004ad170	SKIP	0	0	reaches an import	??0ReportIf@@QAE@XZ
0x004ad3b0	SKIP	0	0	reaches an import	??1ReportWin@@QAE@XZ
0x004ad6b0	SKIP	0	0	reaches an import	??0ReportWin@@QAE@XZ
0x004ad840	SKIP	0	0	reaches an import	??_GReportWin@@UAEPAXI@Z
0x004ad870	SKIP	0	0	reaches an import	??3ReportWin@@SAXPAXI@Z
0x004ad880	SKIP	0	0	reaches an import	??0SetupWin@@QAE@XZ
0x004ad9c0	SKIP	0	0	reaches an import	?close@SetupWin@@QAEXXZ
0x004ada80	PASS	16	15		?UNK1@SetupWin@@QAEHH@Z
0x004adaa0	PASS	16	14		?UNK2@SetupWin@@QAEHH@Z
0x004adad0	PASS	16	16		?UNK3@SetupWin@@QAEHH@Z
0x004adae0	PASS	16	16		?UNK4@SetupWin@@QAEHH@Z
0x004adaf0	SKIP	0	0	reaches an import	?do_menu@SetupWin@@QAEHPADHH@Z
0x004adb20	SKIP	0	0	reaches an import	?do_menu@SetupWin@@QAEHPAUPopup@@HH@Z
0x004adb70	SKIP	0	0	reaches an import	?do_menu_rightside@SetupWin@@QAEHPADH@Z
0x004ae340	PASS	16	3		?on_left_click@SetupWin@@QAEXHH@Z
0x004ae380	SKIP	0	0	reaches an import	?on_mouse_move@SetupWin@@QAEHHH@Z
0x004ae3e0	SKIP	0	0	reaches an import	?on_key_click@SetupWin@@QAEHHH@Z
0x004ae4d0	SKIP	0	0	reaches an import	?draw_item@SetupWin@@QAEHHH@Z
0x004ae760	SKIP	0	0	reaches an import	??_GSetupWin@@UAEPAXI@Z
0x004ae790	SKIP	0	0	reaches an import	??1SetupWin@@QAE@XZ
0x004ae9a0	SKIP	0	0	reaches an import	??3SetupWin@@SAXPAXI@Z
0x004ae9b0	SKIP	0	0	reaches an import	??__ESocialWinParent@@YAXXZ
0x004ae9d0	SKIP	0	0	reaches an import	??__FSocialWinParent@@YAXXZ
0x004ae9e0	SKIP	0	0	reaches an import	??0SocialWin@@QAE@XZ
0x004aebf0	SKIP	0	0	reaches an import	?UNK1@SocialWin@@QAEXHH@Z
0x004aece0	SKIP	0	0	reaches an import	?reset@SocialWin@@QAEXXZ
0x004aef00	PASS	16	16		?UNK2@SocialWin@@QAEXXZ
0x004aef10	SKIP	0	0	reaches an import	?exit@SocialWin@@QAEXXZ
0x004af110	SKIP	0	0	reaches an import	?maximize_effect@SocialWin@@QAEXH@Z
0x004af1e0	SKIP	0	0	reaches an import	?draw_presets@SocialWin@@QAEXXZ
0x004af310	SKIP	0	0	reaches an import	?draw_social@SocialWin@@QAEXH@Z
0x004af8c0	SKIP	0	0	reaches an import	?draw_faction_basal@SocialWin@@QAEXXZ
0x004afb60	SKIP	0	0	reaches an import	?draw_info@SocialWin@@QAEXXZ
0x004b0410	SKIP	0	0	reaches an import	?draw_overview@SocialWin@@QAEXXZ
0x004b08a0	SKIP	0	0	reaches an import	?draw_economy_alloc@SocialWin@@QAEXXZ
0x004b0b00	SKIP	0	0	reaches an import	?draw_labs_alloc@SocialWin@@QAEXXZ
0x004b0d50	SKIP	0	0	reaches an import	?draw_psych_alloc@SocialWin@@QAEXXZ
0x004b0fa0	PASS	16	16		?immune@SocialWin@@QAEHHHH@Z
0x004b1080	SKIP	0	0	reaches an import	?draw_mouseover@SocialWin@@QAEXXZ
0x004b1790	PASS	16	16		?UNK3@SocialWin@@QAEXXZ
0x004b17a0	SKIP	0	0	reaches an import	?on_button_text_draw@SocialWin@@QAEHPAUGraphicWin@@PADH@Z
0x004b19a0	SKIP	0	0	reaches an import	?on_redraw@SocialWin@@QAEXXZ
0x004b1b20	SKIP	0	0	reaches an import	?on_left_click@SocialWin@@QAEHHH@Z
0x004b1b30	SKIP	0	0	reaches an import	?bubble_me_elmo2@SocialWin@@QAEXPADHH@Z
0x004b1b70	SKIP	0	0	reaches an import	?bubble_me_elmo2@SocialWin@@QAGXPADHH@Z
0x004b1bc0	SKIP	0	0	reaches an import	?on_right_click@SocialWin@@QAEXHH@Z
0x004b1ce0	SKIP	0	0	reaches an import	?on_group_clicked@SocialWin@@QAEXHH@Z
0x004b1d70	SKIP	0	0	reaches an import	?on_button_passover@SocialWin@@QAEXHH@Z
0x004b1e00	SKIP	0	0	reaches an import	?on_button_clicked@SocialWin@@QAEXH@Z
0x004b1e80	SKIP	0	0	reaches an import	?on_key_click@SocialWin@@QAEHHH@Z
0x004b1ec0	SKIP	0	0	reaches an import	?on_mouse_move@SocialWin@@QAEXHH@Z
0x004b1fc0	SKIP	0	0	reaches an import	?on_mouse_leave@SocialWin@@QAEXHH@Z
0x004b1ff0	PASS	5	1		?allocate_energy@SocialWin@@QAEXHH@Z
0x004b2120	SKIP	0	0	reaches an import	?on_status@SocialWin@@QAEXH@Z
0x004b2210	SKIP	0	0	reaches an import	?on_iface_left_click@SocialWin@@QAEHHH@Z
0x004b2220	SKIP	0	0	reaches an import	?on_iface_right_click@SocialWin@@QAEXHH@Z
0x004b2400	PASS	16	16		?on_iface_left_down@SocialWin@@QAEXHH@Z
0x004b2410	PASS	16	16		?on_iface_right_down@SocialWin@@QAEXHH@Z
0x004b2420	SKIP	0	0	reaches an import	?on_iface_mouse_move@SocialWin@@QAEXHH@Z
0x004b2430	SKIP	0	0	reaches an import	?on_iface_mouse_leave@SocialWin@@QAEXHH@Z
0x004b2440	PASS	16	16		?on_iface_selected@SocialWin@@QAEXHH@Z
0x004b2450	PASS	16	16		?on_iface_left_double_click@SocialWin@@QAEXHH@Z
0x004b2460	PASS	16	16		?on_iface_right_double_click@SocialWin@@QAEXHH@Z
0x004b2470	SKIP	0	0	reaches an import	?on_iface_button_clicked@SocialWin@@QAEXH@Z
0x004b2670	PASS	16	16		?on_iface_button_toggled@SocialWin@@QAEXHH@Z
0x004b2680	PASS	16	16		?on_iface_group_clicked@SocialWin@@QAEXHHH@Z
0x004b2690	SKIP	0	0	reaches an import	?show@SocialWin@@QAEXH@Z
0x004b26b0	SKIP	0	0	reaches an import	?hide@SocialWin@@QAEXXZ
0x004b26d0	INCONCLUSIVE-original-fault	16	0	INCONCLUSIVE-original-fault code 0xc0000005 at 0x00000040 after 0 steps	?close@SocialWin@@QAEXXZ
0x004b2740	SKIP	0	0	reaches an import	?init@SocialWin@@QAEXH@Z
0x004b3c80	SKIP	0	0	reaches an import	??1SocialWin@@QAE@XZ
0x004b3ec0	SKIP	0	0	reaches an import	??1CheckButton@@QAE@XZ
0x004b3f20	SKIP	0	0	reaches an import	??_GCheckButton@@UAEPAXI@Z
0x004b3f50	SKIP	0	0	reaches an import	??_GSocialWin@@UAEPAXI@Z
0x004b3f80	SKIP	0	0	reaches an import	??3CheckButton@@SAXPAXI@Z
0x004b3f90	SKIP	0	0	reaches an import	??3SocialWin@@SAXPAXI@Z
0x004b3fa0	SKIP	0	0	reaches an import	??__Eg_STATUSWIN@@YAXXZ
0x004b3fc0	SKIP	0	0	reaches an import	??__Fg_STATUSWIN@@YAXXZ
0x004b3fd0	SKIP	0	0	reaches an import	?say_morale@@YAXPADHH@Z
0x004b43c0	SKIP	0	0	reaches an import	?say_morale@@YAXHH@Z
0x004b43e0	SKIP	0	0	reaches an import	?say_orders@@YAXPADH@Z
0x004b4970	SKIP	0	0	reaches an import	?say_orders@@YAXH@Z
0x004b4990	SKIP	0	0	reaches an import	?UNK1@StatusWin@@QAEXXZ
0x004b4a20	SKIP	0	0	reaches an import	?set_title@StatusWin@@QAEXH@Z
0x004b4bf0	SKIP	0	0	reaches an import	?draw_my_dest@@YAXH@Z
0x004b4cd0	SKIP	0	0	reaches an import	?UNK2@StatusWin@@QAEXXZ
0x004b4cf0	SKIP	0	0	reaches an import	?draw_active@StatusWin@@QAEXHHH@Z
0x004b6530	SKIP	0	0	reaches an import	?reset_active@StatusWin@@QAEXXZ
0x004b6570	SKIP	0	0	reaches an import	?draw_status@StatusWin@@QAEXHHHHH@Z
0x004b8830	SKIP	0	0	reaches an import	?draw@StatusWin@@QAEXHHHHH@Z
0x004b8890	SKIP	0	0	reaches an import	?on_redraw@StatusWin@@QAEXXZ
0x004b8970	SKIP	0	0	reaches an import	?reset@StatusWin@@QAEXXZ
0x004b8990	SKIP	0	0	reaches an import	?on_left_double_click@StatusWin@@QAEXHH@Z
0x004b89c0	SKIP	0	0	reaches an import	?arrow_left@StatusWin@@QAEXXZ
0x004b8bd0	SKIP	0	0	reaches an import	?arrow_right@StatusWin@@QAEXXZ
0x004b8df0	SKIP	0	0	reaches an import	?UNK3@StatusWin@@QAEXXZ
0x004b8e40	SKIP	0	0	reaches an import	?on_left_click@StatusWin@@QAEXHH@Z
0x004b9010	SKIP	0	0	reaches an import	?on_right_click@StatusWin@@QAEXHHH@Z
0x004b9e90	PASS	16	16		?UNK4@StatusWin@@QAEXXZ
0x004b9ea0	SKIP	0	0	reaches an import	?redraw@StatusWin@@QAEXXZ
0x004b9f80	PASS	16	16		?close@StatusWin@@QAEXXZ
0x004b9f90	PASS	16	15		?set_loc@StatusWin@@QAEXHH@Z
0x004b9fc0	SKIP	0	0	reaches an import	?init@StatusWin@@QAEXXZ
0x004ba120	SKIP	0	0	reaches an import	??1StatusWin@@QAE@XZ
0x004ba1a0	SKIP	0	0	reaches an import	??0StatusWin@@QAE@XZ
0x004ba220	SKIP	0	0	reaches an import	?textcolor_init@@YAXXZ
0x004ba5c0	SKIP	0	0	reaches an import	??__Eg_TUTWIN@@YAXXZ
0x004ba5e0	SKIP	0	0	reaches an import	??__Fg_TUTWIN@@YAXXZ
0x004ba5f0	PASS	16	16		?tut_check@@YAHH@Z
0x004ba650	PASS	16	16		?tut_check2@@YAHH@Z
0x004ba6b0	SKIP	0	0	reaches an import	??0TutWin@@QAE@XZ
0x004ba720	PASS	16	13		?UNK1@TutWin@@QAEXXZ
0x004ba770	SKIP	0	0	reaches an import	?on_key_click@TutWin@@QAEHHH@Z
0x004ba830	PASS	16	4		?UNK2@TutWin@@QAEXPAURECT@@PAHPAH@Z
0x004ba870	SKIP	0	0	reaches an import	?do_base@TutWin@@QAEXPAURECT@@PBDH@Z
0x004ba8f0	SKIP	0	0	reaches an import	?do_iface@TutWin@@QAEXPAURECT@@PBDH@Z
0x004ba970	SKIP	0	0	reaches an import	?do_soc@TutWin@@QAEXPAURECT@@PBDH@Z
0x004ba9f0	SKIP	0	0	reaches an import	?do_des@TutWin@@QAEXPAURECT@@PBDH@Z
0x004baa70	SKIP	0	0	reaches an import	?tour6@TutWin@@QAEXXZ
0x004baf20	SKIP	0	0	reaches an import	?tour7@TutWin@@QAEXXZ
0x004bb380	SKIP	0	0	reaches an import	?tour5@TutWin@@QAEXXZ
0x004bb7a0	SKIP	0	0	reaches an import	?tour1@TutWin@@QAEXXZ
0x004bc5a0	PASS	16	2	passed on the seeds that could be judged; 1 case(s) thrown out - the original read the unmodellable top 64 KiB	?iface_rect@TutWin@@QAEXPAURECT@@PAH1@Z
0x004bc5f0	PASS	16	4		?base_rect@TutWin@@QAEXPAURECT@@PAH1@Z
0x004bc640	PASS	16	5		?soc_rect@TutWin@@QAEXPAURECT@@PAH1@Z
0x004bc690	HANG	0	0	the run stopped making progress here	?des_rect@TutWin@@QAEXPAURECT@@PAH1@Z
0x004bc6e0	SKIP	0	0	reaches an import	?tour@TutWin@@QAEXXZ
0x004bdcc0	SKIP	0	0	reaches an import	?on_button_clicked@TutWin@@QAEXH@Z
0x004bddb0	INCONCLUSIVE-original-fault	16	0	INCONCLUSIVE-original-fault code 0xc0000005 at 0x004bddba after 0 steps	?on_move@TutWin@@QAEXHH@Z
0x004bddd0	PASS	16	15		?UNK3@TutWin@@QAEXH@Z
0x004bdde0	SKIP	0	0	reaches an import	?reset@TutWin@@QAEHXZ
0x004bdea0	SKIP	0	0	reaches an import	?draw_arrow@TutWin@@QAEXXZ
0x004bdf20	SKIP	0	0	reaches an import	?terrain_draw@TutWin@@QAAXPAUSprite@@PAUGraphicWin@@HHH@Z
0x004bdf70	SKIP	0	0	reaches an import	?veh_draw@TutWin@@QAAXPAUSprite@@PAUGraphicWin@@HHH@Z
0x004bdfa0	SKIP	0	0	reaches an import	?base_draw@TutWin@@QAAXPAUSprite@@PAUGraphicWin@@HHH@Z
0x004bdfe0	SKIP	0	0	reaches an import	?tut_win@TutWin@@QAEHPAUGraphicWin@@PBDHHPAUSprite@@HHH@Z
0x004be650	SKIP	0	0	reaches an import	?tut_map@TutWin@@QAEHPBDHHHPAUSprite@@HHH@Z
0x004be7d0	SKIP	0	0	reaches an import	??1TutWin@@QAE@XZ
0x004be9f0	SKIP	0	0	reaches an import	??_GTutWin@@UAEPAXI@Z
0x004bea20	SKIP	0	0	reaches an import	??3TutWin@@SAXPAXI@Z
0x004bea30	SKIP	0	0	reaches an import	??0UV2Player@@QAE@XZ
0x004bea50	SKIP	0	0	reaches an import	?exec@UV2Player@@QAEHPADHHH@Z
0x004bedc0	SKIP	0	0	reaches an import	?UNK1@UV2Player@@QAEHHHHH@Z
0x004bee60	SKIP	0	0	reaches an import	?UNK2@UV2Player@@QAAHHHHH@Z
0x004bef00	SKIP	0	0	reaches an import	?UNK3@UV2Player@@QAEXXZ
0x004bf380	PASS	16	16		?UNK4@UV2Player@@QAEHXZ
0x004bf390	SKIP	0	0	reaches an import	?on_key@UV2Player@@QAAHXZ
0x004bf400	SKIP	0	0	reaches an import	?close@UV2Player@@QAEXXZ
0x004bf4b0	SKIP	0	0	reaches an import	?play@UV2Player@@QAEHHH@Z
0x004bf6e0	SKIP	0	0	calls a body the lift does not have	??__Eg_VEHDRAW_CAVIAR@@YAXXZ
0x004bf700	SKIP	0	0	reaches an import	??__Fg_VEHDRAW_CAVIAR@@YAXXZ
0x004bf710	SKIP	0	0	reaches an import	??__Eg_VEHDRAW_BUFFER@@YAXXZ
0x004bf730	SKIP	0	0	reaches an import	??__Fg_VEHDRAW_BUFFER@@YAXXZ
0x004bf740	SKIP	0	0	calls a body the lift does not have	?compute_camera@@YAXPAUVOX_Vect@@PAUVOX_Matrix@@@Z
0x004bf8d0	SKIP	0	0	calls a body the lift does not have	?vehdraw_turn_start@@YAHHHHH@Z
0x004bfc70	SKIP	0	0	reaches an import	?vehdraw_turn@@YAXPAUBuffer@@HHHH@Z
0x004bfe00	INCONCLUSIVE-original-fault	16	0	INCONCLUSIVE-original-fault code 0xc0000005 at 0x004bff1d after 0 steps	?vehdraw_scoot_start@@YAXHHHH@Z
0x004c0f50	SKIP	0	0	reaches an import	?vehdraw_scoot@@YAXPAUBuffer@@HHHH@Z
0x004c12a0	SKIP	0	0	reaches an import	?vehdraw_draw@@YAXPAUBuffer@@HHHHHH@Z
0x004c1740	SKIP	0	0	reaches an import	vehdraw_unk1
0x004c1b10	PASS	16	16		?vehdraw_compute_facet_normals@@YAXXZ
0x004c1d00	PASS	16	16		vehdraw_nullsub1
0x004c1d10	PASS	16	16		?vehdraw_setup@@YAXXZ
0x004c1d20	INCONCLUSIVE-original-fault	16	0	INCONCLUSIVE-original-fault code 0xc0000005 at 0x004c1d32 after 0 steps	?vehdraw_construct_vehicle@@YAHHPAUCaviar@@@Z
0x004c2030	PASS	16	8		?vehdraw_construct_abil@@YAHHPAUCaviar@@H@Z
0x004c2360	PASS	16	1		?vehdraw_construct_vehicle@@YAHHHHHHHPAUCaviar@@@Z
0x004c2470	PASS	16	16		?vehdraw_construct_chassis@@YAHHHHHHPAUCaviar@@@Z
0x004c2cf0	PASS	16	6		?vehdraw_construct_weapon@@YAHHHHPAUCaviar@@@Z
0x004c3090	PASS	16	16		?vehdraw_construct_armor@@YAHHHHHHPAUCaviar@@@Z
0x004c3800	PASS	16	8		?vehdraw_construct_reactor@@YAHHHHHHPAUCaviar@@@Z
0x004c38a0	PASS	16	16		vehdraw_nullsub2
0x004c38b0	SKIP	0	0	reaches an import	??__Eg_WORLDWIN@@YAXXZ
0x004c38d0	SKIP	0	0	reaches an import	??__Fg_WORLDWIN@@YAXXZ
0x004c38e0	SKIP	0	0	reaches an import	sub_4c38e0
0x004c3910	SKIP	0	0	reaches an import	sub_4c3910
0x004c3950	SKIP	0	0	reaches an import	?set_detail_map@WorldWin@@QAEXXZ
0x004c3990	SKIP	0	0	reaches an import	?set_world_map@WorldWin@@QAEXXZ
0x004c39d0	SKIP	0	0	reaches an import	?show_all@WorldWin@@QAEXXZ
0x004c3a40	SKIP	0	0	reaches an import	?hide_all@WorldWin@@QAEXXZ
0x004c3a70	PASS	16	16		?UNK1@WorldWin@@QAEXXZ
0x004c3ab0	SKIP	0	0	reaches an import	?right_menu@WorldWin@@QAEXHH@Z
0x004c3d40	SKIP	0	0	reaches an import	?click@WorldWin@@QAEXHHHH@Z
0x004c3e50	SKIP	0	0	reaches an import	?on_left_click@WorldWin@@QAEXHH@Z
0x004c3e70	SKIP	0	0	reaches an import	?on_right_click@WorldWin@@QAEXHH@Z
0x004c3e90	PASS	16	16		?on_left_double_click@WorldWin@@QAEXHH@Z
0x004c3ea0	SKIP	0	0	reaches an import	?follow_center@WorldWin@@QAEXHH@Z
0x004c3ec0	SKIP	0	0	reaches an import	?on_redraw@WorldWin@@QAEXXZ
0x004c4230	SKIP	0	0	reaches an import	?UNK2@WorldWin@@QAEXH@Z
0x004c43f0	PASS	16	7		?pixel_to_tile@WorldWin@@QAEHHHPAH0@Z
0x004c44e0	PASS	16	16		?tile_to_pixel@WorldWin@@QAEHHHPAH0@Z
0x004c45e0	PASS	16	16		?clear_terrain@WorldWin@@QAEXXZ
0x004c45f0	SKIP	0	0	reaches an import	?set_center@WorldWin@@QAEXHH@Z
0x004c4610	SKIP	0	0	reaches an import	?focus@WorldWin@@QAEXHH@Z
0x004c4630	SKIP	0	0	calls a body the lift does not have	?draw_box@WorldWin@@QAEXXZ
0x004c47f0	SKIP	0	0	calls a body the lift does not have	?UNK3@WorldWin@@QAEXXZ
0x004c49a0	SKIP	0	0	reaches an import	?init@WorldWin@@QAEXH@Z
0x004c4a70	SKIP	0	0	reaches an import	??1WorldWin@@QAE@XZ
0x004c4bf0	SKIP	0	0	reaches an import	??0WorldWin@@QAE@XZ
0x004c4c70	SKIP	0	0	reaches an import	??_GWorldWin@@UAEPAXI@Z
0x004c4ca0	SKIP	0	0	reaches an import	??3WorldWin@@SAXPAXI@Z
0x004c4cb0	PASS	16	15		sub_4c4cb0
0x004c4d10	PASS	16	12		sub_4c4d10
0x004c4d70	SKIP	0	0	calls a body the lift does not have	sub_4c4d70
0x004c4dd0	SKIP	0	0	uses fs: (SEH chain is not in the image)	??0Wave_Device@@QAE@XZ
0x004c4e60	SKIP	0	0	uses fs: (SEH chain is not in the image)	??1Wave_Device@@QAE@XZ
0x004c4ed0	PASS	16	16		?create_device@Wave_Device@@QAEHK@Z
0x004c4f10	PASS	16	13		?delete_device@Wave_Device@@QAEHXZ
0x004c4f40	INCONCLUSIVE-original-fault	16	0	INCONCLUSIVE-original-fault code 0xc0000005 at 0x009d2b10 after 0 steps	?init@Wave_Device@@QAEHPAXK@Z
0x004c4f80	INCONCLUSIVE-original-fault	16	0	INCONCLUSIVE-original-fault code 0xc0000005 at 0x004c4f8a after 0 steps	?release@Wave_Device@@QAEXXZ
0x004c4fc0	PASS	16	1		?suspend@Wave_Device@@QAEXXZ
0x004c4fd0	PASS	16	1		?restart@Wave_Device@@QAEXXZ
0x004c4fe0	INCONCLUSIVE-original-fault	16	0	INCONCLUSIVE-original-fault code 0xc0000005 at 0x004c4fe7 after 0 steps	?update_sound@Wave_Device@@QAEXXZ
0x004c4ff0	PASS	16	1		?get_ndevices@Wave_Device@@QAEHXZ
0x004c5000	PASS	16	1		?set_hwnd@Wave_Device@@QAEHPAX@Z
0x004c5020	INCONCLUSIVE-original-fault	16	0	INCONCLUSIVE-original-fault code 0xc0000005 at 0x004c5027 after 0 steps	?get_hw_mem_size@Wave_Device@@QAEHXZ
0x004c5030	INCONCLUSIVE-original-fault	16	0	INCONCLUSIVE-original-fault code 0xc0000005 at 0x004c50bb after 0 steps	?select@Wave_Device@@QAEHK@Z
0x004c50f0	INCONCLUSIVE-original-fault	16	0	INCONCLUSIVE-original-fault code 0xc0000005 at 0x004c50fd after 0 steps	?get_description@Wave_Device@@QAEXKPADK@Z
0x004c5120	INCONCLUSIVE-original-fault	16	0	INCONCLUSIVE-original-fault code 0xc0000005 at 0x004c512d after 0 steps	?set_rate@Wave_Device@@QAEXK@Z
0x004c5140	PASS	16	1		?get_rate@Wave_Device@@QAEHXZ
0x004c5150	INCONCLUSIVE-original-fault	16	0	INCONCLUSIVE-original-fault code 0xc0000005 at 0x004c515d after 0 steps	?set_volume@Wave_Device@@QAEXK@Z
0x004c5170	PASS	16	16		?get_volume@Wave_Device@@QAEHXZ
0x004c5180	PASS	16	16		?set_pan@Wave_Device@@QAEXH@Z
0x004c5190	INCONCLUSIVE-original-fault	16	0	INCONCLUSIVE-original-fault code 0xc0000005 at 0x004c5197 after 0 steps	?get_ds@Wave_Device@@QAEHXZ
0x004c51a0	PASS	16	16		?fade@Wave_Device@@QAEHI@Z
0x004c51b0	PASS	16	16		?stop@Wave_Device@@QAEHXZ
0x004c51c0	PASS	16	1		?enable@Wave_Device@@QAEXXZ
0x004c51d0	INCONCLUSIVE-original-fault	16	0	INCONCLUSIVE-original-fault code 0xc0000005 at 0x004c51d7 after 0 steps	?disable@Wave_Device@@QAEXXZ
0x004c51e0	PASS	16	1		?is_disabled@Wave_Device@@QAEHXZ
0x004c5200	INCONCLUSIVE-original-fault	16	0	INCONCLUSIVE-original-fault code 0xc0000005 at 0x004c520d after 0 steps	?start_raw_dump@Wave_Device@@QAEHPAD@Z
0x004c5220	INCONCLUSIVE-original-fault	16	0	INCONCLUSIVE-original-fault code 0xc0000005 at 0x004c5227 after 0 steps	?stop_raw_dump@Wave_Device@@QAEHXZ
0x004c5240	SKIP	0	0	calls a body the lift does not have	?add_to_group@Wave_Device@@QAEHIPAUWave@@@Z
0x004c5280	SKIP	0	0	reaches an import	?pull_from_group@Wave_Device@@QAEHPAUWave@@@Z
0x004c5320	PASS	16	15		?set_group_volume@Wave_Device@@QAEHII@Z
0x004c5380	PASS	16	16		?get_group_volume@Wave_Device@@QAEHI@Z
0x004c53a0	PASS	16	16		?enable_group@Wave_Device@@QAEHI@Z
0x004c5400	PASS	16	15		?disable_group@Wave_Device@@QAEHI@Z
0x004c5460	PASS	16	16		?is_group_disabled@Wave_Device@@QAEHI@Z
0x004c5490	PASS	16	14		??0WaveControlGroup@@QAE@XZ
0x004c54b0	INCONCLUSIVE-original-fault	16	0	INCONCLUSIVE-original-fault code 0xc0000005 at 0x004c54b7 after 0 steps	?is_eax@Wave_Device@@QAEHXZ
0x004c54c0	PASS	16	1		?set_eax@Wave_Device@@QAEHPAUEAX_REVERB_PROPERTIES@@@Z
0x004c54e0	PASS	16	1		?set_eax@Wave_Device@@QAEHK@Z
0x004c5500	INCONCLUSIVE-original-fault	16	0	INCONCLUSIVE-original-fault code 0xc0000005 at 0x004c550d after 0 steps	?set_eax_mix@Wave_Device@@QAEHM@Z
0x004c5530	INCONCLUSIVE-original-fault	16	0	INCONCLUSIVE-original-fault code 0xc0000005 at 0x004c5537 after 0 steps	?is_3d@Wave_Device@@QAEHXZ
0x004c5550	INCONCLUSIVE-original-fault	16	0	INCONCLUSIVE-original-fault code 0xc0000005 at 0x004c555d after 0 steps	?set_listener_position@Wave_Device@@QAEHMMM@Z
0x004c5580	INCONCLUSIVE-original-fault	16	0	INCONCLUSIVE-original-fault code 0xc0000005 at 0x004c558d after 0 steps	?get_listener_position@Wave_Device@@QAEHPAM00@Z
0x004c55b0	INCONCLUSIVE-original-fault	16	0	INCONCLUSIVE-original-fault code 0xc0000005 at 0x004c55bd after 0 steps	?set_listener_xpos@Wave_Device@@QAEHM@Z
0x004c55e0	INCONCLUSIVE-original-fault	16	0	INCONCLUSIVE-original-fault code 0xc0000005 at 0x004c55ed after 0 steps	?get_listener_xpos@Wave_Device@@QAEHPAM@Z
0x004c5610	INCONCLUSIVE-original-fault	16	0	INCONCLUSIVE-original-fault code 0xc0000005 at 0x004c561d after 0 steps	?set_listener_ypos@Wave_Device@@QAEHM@Z
0x004c5640	INCONCLUSIVE-original-fault	16	0	INCONCLUSIVE-original-fault code 0xc0000005 at 0x004c564d after 0 steps	?get_listener_ypos@Wave_Device@@QAEHPAM@Z
0x004c5670	PASS	16	1		?set_listener_zpos@Wave_Device@@QAEHM@Z
0x004c56a0	INCONCLUSIVE-original-fault	16	0	INCONCLUSIVE-original-fault code 0xc0000005 at 0x004c56ad after 0 steps	?get_listener_zpos@Wave_Device@@QAEHPAM@Z
0x004c56d0	PASS	16	13	passed on the seeds that could be judged; 1 case(s) thrown out - the original read the unmodellable top 64 KiB	?create_device@Midi_Device@@QAEHK@Z
0x004c5710	PASS	16	16		?delete_device@Midi_Device@@QAEHXZ
0x004c5740	SKIP	0	0	calls a body the lift does not have	??0Midi_Device@@QAE@XZ
0x004c5780	PASS	16	1		??1Midi_Device@@QAE@XZ
0x004c57a0	INCONCLUSIVE-original-fault	16	0	INCONCLUSIVE-original-fault code 0xc0000005 at 0x0000007c after 0 steps	?init@Midi_Device@@QAEHPAXK@Z
0x004c57f0	INCONCLUSIVE-original-fault	16	0	INCONCLUSIVE-original-fault code 0xc0000005 at 0x004c57fa after 0 steps	?release@Midi_Device@@QAEXXZ
0x004c5830	PASS	16	16		?get_ndevices@Midi_Device@@QAEHXZ
0x004c5840	PASS	16	16		?select@Midi_Device@@QAEHI@Z
0x004c5850	PASS	16	16		?get_description@Midi_Device@@QAEHIPADI@Z
0x004c5860	PASS	16	16		?set_volume@Midi_Device@@QAEXI@Z
0x004c5870	PASS	16	16		?get_volume@Midi_Device@@QAEHXZ
0x004c5880	PASS	16	16		?set_pan@Midi_Device@@QAEXH@Z
0x004c5890	PASS	16	16		?fade@Midi_Device@@QAEHI@Z
0x004c58a0	PASS	16	16		?stop@Midi_Device@@QAEHXZ
0x004c58b0	PASS	16	16		?update_sound@Midi_Device@@QAEXXZ
0x004c58c0	PASS	16	16		?set_rate@Midi_Device@@QAEXI@Z
0x004c58d0	PASS	16	16		?get_rate@Midi_Device@@QAEHXZ
0x004c58e0	PASS	16	16		?suspend@Midi_Device@@QAEXXZ
0x004c58f0	PASS	16	16		?restart@Midi_Device@@QAEXXZ
0x004c5900	INCONCLUSIVE-original-fault	16	0	INCONCLUSIVE-original-fault code 0xc0000005 at 0x004c5907 after 0 steps	?enable@Midi_Device@@QAEXXZ
0x004c5910	PASS	16	1		?disable@Midi_Device@@QAEXXZ
0x004c5920	INCONCLUSIVE-original-fault	16	0	INCONCLUSIVE-original-fault code 0xc0000005 at 0x004c5927 after 0 steps	?is_disabled@Midi_Device@@QAEHXZ
0x004c5940	SKIP	0	0	calls a body the lift does not have	??0Wave_In_Device@@QAE@XZ
0x004c5980	PASS	16	1		??1Wave_In_Device@@QAE@XZ
0x004c59a0	PASS	16	15		?create_device@Wave_In_Device@@QAEHK@Z
0x004c59e0	PASS	16	15		?delete_device@Wave_In_Device@@QAEHXZ
0x004c5a10	INCONCLUSIVE-original-fault	16	0	INCONCLUSIVE-original-fault code 0xc0000005 at 0x009ee3c0 after 0 steps	?init@Wave_In_Device@@QAEHPAXK@Z
0x004c5a50	INCONCLUSIVE-original-fault	16	0	INCONCLUSIVE-original-fault code 0xc0000005 at 0x004c5a5a after 0 steps	?release@Wave_In_Device@@QAEXXZ
0x004c5a80	INCONCLUSIVE-original-fault	16	0	INCONCLUSIVE-original-fault code 0xc0000005 at 0x004c5a8d after 0 steps	?set_codec@Wave_In_Device@@QAEHK@Z
0x004c5aa0	INCONCLUSIVE-original-fault	16	0	INCONCLUSIVE-original-fault code 0xc0000005 at 0x004c5aad after 0 steps	?set_vxw_key@Wave_In_Device@@QAEHPAC@Z
0x004c5ac0	PASS	16	16		?get_ndevices@Wave_In_Device@@QAEHXZ
0x004c5ad0	PASS	16	16		?select@Wave_In_Device@@QAEHI@Z
0x004c5ae0	PASS	16	16		?get_description@Wave_In_Device@@QAEHIPADI@Z
0x004c5af0	PASS	16	16		?get_caps@Wave_In_Device@@QAEHI@Z
0x004c5b00	PASS	16	16		?stop@Wave_In_Device@@QAEHXZ
0x004c5b10	PASS	16	16		?update_sound@Wave_In_Device@@QAEXXZ
0x004c5b20	PASS	16	16		?set_rate@Wave_In_Device@@QAEXI@Z
0x004c5b30	PASS	16	16		?get_rate@Wave_In_Device@@QAEHXZ
0x004c5b40	PASS	16	16		?suspend@Wave_In_Device@@QAEXXZ
0x004c5b50	PASS	16	16		?restart@Wave_In_Device@@QAEXXZ
0x004c5b60	INCONCLUSIVE-original-fault	16	0	INCONCLUSIVE-original-fault code 0xc0000005 at 0x004c5b67 after 0 steps	?start_record@Wave_In_Device@@QAEHXZ
0x004c5b70	INCONCLUSIVE-original-fault	16	0	INCONCLUSIVE-original-fault code 0xc0000005 at 0x004c5b77 after 0 steps	?end_record@Wave_In_Device@@QAEHXZ
0x004c5b80	SKIP	0	0	reaches an import	??1WaveControlGroup@@QAE@XZ
0x004c5bf0	SKIP	0	0	calls a body the lift does not have	sub_4c5bf0
0x004c5c50	SKIP	0	0	uses fs: (SEH chain is not in the image)	??__Eg_WAVE_DEVICE@@YAXXZ
0x004c5c70	SKIP	0	0	uses fs: (SEH chain is not in the image)	??__Fg_WAVE_DEVICE@@YAXXZ
0x004c5c80	SKIP	0	0	calls a body the lift does not have	??__Eg_MIDI_DEVICE@@YAXXZ
0x004c5ca0	PASS	16	16		??__Fg_MIDI_DEVICE@@YAXXZ
0x004c5cb0	SKIP	0	0	calls a body the lift does not have	??__Eg_WAVE_IN_DEVICE@@YAXXZ
0x004c5cd0	PASS	16	16		??__Fg_WAVE_IN_DEVICE@@YAXXZ
0x004c5ce0	SKIP	0	0	reaches an import	?init_sound@@YAHPAXK@Z
0x004c5d90	SKIP	0	0	reaches an import	?release_sound@@YAHXZ
0x004c5e50	SKIP	0	0	reaches an import	?load_sound_dll@@YAHXZ
0x004c5f70	SKIP	0	0	reaches an import	?unload_sound_dll@@YAXXZ
0x004c5fb0	PASS	16	16		?init_sound_timer@@YAHKK@Z
0x004c5fe0	PASS	16	16		?get_sound_version@@YAHXZ
0x004c6000	PASS	16	16		sub_4c6000
0x004c6030	PASS	16	16		sub_4c6030
0x004c6060	PASS	16	16		sub_4c6060
0x004c6080	SKIP	0	0	uses fs: (SEH chain is not in the image)	??0Sound@@QAE@XZ
0x004c6120	SKIP	0	0	reaches an import	??1Sound@@QAE@XZ
0x004c61e0	PASS	16	16		?set_type@Sound@@QAEXI@Z
0x004c6280	SKIP	0	0	reaches an import	?load@Sound@@QAEHPBD@Z
0x004c6370	PASS	16	15	passed on the seeds that could be judged; 1 case(s) thrown out - the original read the unmodellable top 64 KiB	?attach@Sound@@QAEHXZ
0x004c63d0	PASS	16	12		?detach@Sound@@QAEHXZ
0x004c6430	PASS	16	16		?UNK1@Sound@@QAEHH@Z
0x004c6440	INCONCLUSIVE-original-fault	16	0	INCONCLUSIVE-original-fault code 0xc0000005 at 0x004c644d after 0 steps	?unload@Sound@@QAEHXZ
0x004c6480	INCONCLUSIVE-original-fault	16	0	INCONCLUSIVE-original-fault code 0xc0000005 at 0x004c648c after 0 steps	?play@Sound@@QAEHXZ
0x004c64a0	INCONCLUSIVE-original-fault	16	0	INCONCLUSIVE-original-fault code 0xc0000005 at 0x004c64b2 after 0 steps	?play@Sound@@QAEHI@Z
0x004c64c0	INCONCLUSIVE-original-fault	16	0	INCONCLUSIVE-original-fault code 0xc0000005 at 0x004c64c7 after 0 steps	?is_playing@Sound@@QAEHXZ
0x004c64d0	INCONCLUSIVE-original-fault	16	0	INCONCLUSIVE-original-fault code 0xc0000005 at 0x004c64dc after 0 steps	?stop@Sound@@QAEHXZ
0x004c64f0	INCONCLUSIVE-original-fault	16	0	INCONCLUSIVE-original-fault code 0xc0000005 at 0x004c64fc after 0 steps	?release@Sound@@QAEHXZ
0x004c6510	PASS	16	1		?set_volume@Sound@@QAEXH@Z
0x004c6540	INCONCLUSIVE-original-fault	16	0	INCONCLUSIVE-original-fault code 0xc0000005 at 0x004c6550 after 0 steps	?set_loop_state@Sound@@QAEXJ@Z
0x004c6560	PASS	16	1		?set_delay@Sound@@QAEXI@Z
0x004c6580	PASS	16	1		?set_fade@Sound@@QAEHK@Z
0x004c65b0	PASS	16	1		?set_fade_in@Sound@@QAEHI@Z
0x004c65e0	INCONCLUSIVE-original-fault	16	0	INCONCLUSIVE-original-fault code 0xc0000005 at 0x004c65ee after 0 steps	?fade@Sound@@QAEHXZ
0x004c6600	INCONCLUSIVE-original-fault	16	0	INCONCLUSIVE-original-fault code 0xc0000005 at 0x009da6e0 after 0 steps	?fade@Sound@@QAEXK@Z
0x004c6620	PASS	16	1		?fade_in@Sound@@QAEHXZ
0x004c6640	INCONCLUSIVE-original-fault	16	0	INCONCLUSIVE-original-fault code 0xc0000005 at 0x004c664d after 0 steps	?ramp@Sound@@QAEXHHI@Z
0x004c6660	INCONCLUSIVE-original-fault	16	0	INCONCLUSIVE-original-fault code 0xc0000005 at 0x009e633c after 0 steps	?fade_in@Sound@@QAEXI@Z
0x004c6690	INCONCLUSIVE-original-fault	16	0	INCONCLUSIVE-original-fault code 0xc0000005 at 0x004c6697 after 0 steps	?is_looping@Sound@@QAEHXZ
0x004c66a0	INCONCLUSIVE-original-fault	16	0	INCONCLUSIVE-original-fault code 0xc0000005 at 0x004c66a7 after 0 steps	?get_time@Sound@@QAEHXZ
0x004c66b0	INCONCLUSIVE-original-fault	16	0	INCONCLUSIVE-original-fault code 0xc0000005 at 0x004c66d6 after 0 steps	?set_pan@Sound@@QAEXH@Z
0x004c66e0	SKIP	0	0	uses fs: (SEH chain is not in the image)	??0Wave@@QAE@XZ
0x004c67c0	SKIP	0	0	reaches an import	??1Wave@@QAE@XZ
0x004c68f0	INCONCLUSIVE-original-fault	16	0	INCONCLUSIVE-original-fault code 0xc0000005 at 0x004c68fd after 0 steps	?play@Wave@@QAEHH@Z
0x004c6920	SKIP	0	0	reaches an import	?play@Wave@@QAEHXZ
0x004c69b0	SKIP	0	0	reaches an import	?init@Wave@@QAEXPADK@Z
0x004c6ae0	PASS	16	1		?is_hwbuffer@Wave@@QAEHXZ
0x004c6b00	PASS	16	15		?get_ms_length@Wave@@QAEHXZ
0x004c6b10	SKIP	0	0	reaches an import	?is_playing@Wave@@QAEHXZ
0x004c6b60	SKIP	0	0	reaches an import	?set_fname@Wave@@QAEHPBD@Z
0x004c6bb0	PASS	16	15		?dyna_load@Wave@@QAEHPAD@Z
0x004c6c20	SKIP	0	0	reaches an import	?load@Wave@@QAEHPBD@Z
0x004c6ce0	SKIP	0	0	reaches an import	?load@Wave@@QAEHXZ
0x004c6db0	INCONCLUSIVE-original-fault	16	0	INCONCLUSIVE-original-fault code 0xc0000005 at 0x009d83c8 after 0 steps	?load@Wave@@QAEHPADK@Z
0x004c6df0	PASS	16	1		?reload@Wave@@QAEHXZ
0x004c6ea0	INCONCLUSIVE-original-fault	16	0	INCONCLUSIVE-original-fault code 0xc0000005 at 0x004c6ead after 0 steps	?unload@Wave@@QAEXXZ
0x004c6ee0	INCONCLUSIVE-original-fault	16	0	INCONCLUSIVE-original-fault code 0xc0000005 at 0x004c6f0a after 0 steps	?set_pitch@Wave@@QAEXH@Z
0x004c6f20	INCONCLUSIVE-original-fault	16	0	INCONCLUSIVE-original-fault code 0xc0000005 at 0x004c6f74 after 0 steps	?set_attrib@Wave@@QAEXK@Z
0x004c6f80	INCONCLUSIVE-original-fault	16	0	INCONCLUSIVE-original-fault code 0xc0000005 at 0x004c6f8c after 0 steps	?get_attrib@Wave@@QAEHXZ
0x004c6fd0	INCONCLUSIVE-original-fault	16	0	INCONCLUSIVE-original-fault code 0xc0000005 at 0x004c6fdd after 0 steps	?get_time@Wave@@QAEHI@Z
0x004c6ff0	INCONCLUSIVE-original-fault	16	0	INCONCLUSIVE-original-fault code 0xc0000005 at 0x004c6ff7 after 0 steps	?get_current_marker@Wave@@QAEHXZ
0x004c7010	INCONCLUSIVE-original-fault	16	0	INCONCLUSIVE-original-fault code 0xc0000005 at 0x004c7017 after 0 steps	?get_game_hwnd@Wave@@QAEHXZ
0x004c7020	INCONCLUSIVE-original-fault	16	0	INCONCLUSIVE-original-fault code 0xc0000005 at 0x004c7027 after 0 steps	?get_ndevices@Wave@@QAEHXZ
0x004c7040	PASS	16	1		?get_device_description@Wave@@QAEHPADHH@Z
0x004c7080	INCONCLUSIVE-original-fault	16	0	INCONCLUSIVE-original-fault code 0xc0000005 at 0x004c7087 after 0 steps	?UNK1@Wave@@QAEHH@Z
0x004c70a0	INCONCLUSIVE-original-fault	16	0	INCONCLUSIVE-original-fault code 0xc0000005 at 0x004c70b0 after 0 steps	?set_reverb_mix@Wave@@QAEHM@Z
0x004c70d0	PASS	16	16		?set_bufflimit@Wave@@QAEHI@Z
0x004c70e0	PASS	16	16		?set_asdr@Wave@@QAEHXZ
0x004c70f0	PASS	16	16		?set_attack@Wave@@QAEHIII@Z
0x004c7100	PASS	16	16		?set_sustain@Wave@@QAEHIII@Z
0x004c7110	PASS	16	16		?set_decay@Wave@@QAEHIII@Z
0x004c7120	PASS	16	16		?set_release@Wave@@QAEHIII@Z
0x004c7130	SKIP	0	0	calls a body the lift does not have	?set_volume@Wave@@QAEXH@Z
0x004c7190	INCONCLUSIVE-original-fault	16	0	INCONCLUSIVE-original-fault code 0xc0000005 at 0x004c719d after 0 steps	?set_position3d@Wave@@QAEHMMM@Z
0x004c71c0	INCONCLUSIVE-original-fault	16	0	INCONCLUSIVE-original-fault code 0xc0000005 at 0x004c71cd after 0 steps	?set_xpos@Wave@@QAEHM@Z
0x004c71f0	PASS	16	1		?set_ypos@Wave@@QAEHM@Z
0x004c7220	INCONCLUSIVE-original-fault	16	0	INCONCLUSIVE-original-fault code 0xc0000005 at 0x004c722d after 0 steps	?set_zpos@Wave@@QAEHM@Z
0x004c7250	INCONCLUSIVE-original-fault	16	0	INCONCLUSIVE-original-fault code 0xc0000005 at 0x004c7257 after 0 steps	?is_3d@Wave@@QAEHXZ
0x004c7270	SKIP	0	0	calls a body the lift does not have	sub_4c7270
0x004c72a0	SKIP	0	0	calls a body the lift does not have	sub_4c72a0
0x004c7300	SKIP	0	0	reaches an import	sub_4c7300
0x004c7380	SKIP	0	0	reaches an import	sub_4c7380
0x004c73c0	SKIP	0	0	reaches an import	sub_4c73c0
0x004c74b0	SKIP	0	0	reaches an import	sub_4c74b0
0x004c74f0	SKIP	0	0	calls a body the lift does not have	sub_4c74f0
0x004c75a0	PASS	16	15		sub_4c75a0
0x004c75b0	SKIP	0	0	uses fs: (SEH chain is not in the image)	sub_4c75b0
0x004c7670	SKIP	0	0	reaches an import	??1Ambience@@QAE@XZ
0x004c7760	INCONCLUSIVE-original-fault	16	0	INCONCLUSIVE-original-fault code 0xc0000005 at 0x004c7767 after 0 steps	?play@Midi@@QAEHXZ
0x004c7780	PASS	16	1		?set_volume@Midi@@QAEXH@Z
0x004c77b0	INCONCLUSIVE-original-fault	16	0	INCONCLUSIVE-original-fault code 0xc0000005 at 0x004c77bd after 0 steps	?switch_state@Midi@@QAEH_N@Z
0x004c77d0	INCONCLUSIVE-original-fault	16	0	INCONCLUSIVE-original-fault code 0xc0000005 at 0x004c77dd after 0 steps	?set_switch_type@Midi@@QAEHK@Z
0x004c7800	INCONCLUSIVE-original-fault	16	0	INCONCLUSIVE-original-fault code 0xc0000005 at 0x004c780d after 0 steps	?add_switch_range@Midi@@QAEHKK@Z
0x004c7830	INCONCLUSIVE-original-fault	16	0	INCONCLUSIVE-original-fault code 0xc0000005 at 0x004c783d after 0 steps	?set_nswitch_threads@Midi@@QAEHK@Z
0x004c7860	PASS	16	1		?map_patch@Midi@@QAEHPADKK@Z
0x004c7890	INCONCLUSIVE-original-fault	16	0	INCONCLUSIVE-original-fault code 0xc0000005 at 0x004c789d after 0 steps	?map_patch@Midi@@QAEHPADK@Z
0x004c78c0	PASS	16	2		?set_base_path@Midi@@QAEHPBD@Z
0x004c78e0	INCONCLUSIVE-original-fault	16	0	INCONCLUSIVE-original-fault code 0xc0000005 at 0x004c78ed after 0 steps	?clear_patch@Midi@@QAEHK@Z
0x004c7910	INCONCLUSIVE-original-fault	16	0	INCONCLUSIVE-original-fault code 0xc0000005 at 0x004c7917 after 0 steps	?reset@Midi@@QAEHXZ
0x004c7930	INCONCLUSIVE-original-fault	16	0	INCONCLUSIVE-original-fault code 0xc0000005 at 0x004c793d after 0 steps	?set_track@Midi@@QAEHPAEK@Z
0x004c7960	INCONCLUSIVE-original-fault	16	0	INCONCLUSIVE-original-fault code 0xc0000005 at 0x004c796d after 0 steps	?mute_track@Midi@@QAEHK@Z
0x004c7990	INCONCLUSIVE-original-fault	16	0	INCONCLUSIVE-original-fault code 0xc0000005 at 0x004c799d after 0 steps	?unmute_track@Midi@@QAEHK@Z
0x004c79c0	INCONCLUSIVE-original-fault	16	0	INCONCLUSIVE-original-fault code 0xc0000005 at 0x004c79cd after 0 steps	?set_active_tracks@Midi@@QAEHKK@Z
0x004c79f0	INCONCLUSIVE-original-fault	16	0	INCONCLUSIVE-original-fault code 0xc0000005 at 0x004c79fd after 0 steps	?set_active_tracks@Midi@@QAEHI@Z
0x004c7a20	PASS	16	1		?play_trackset@Midi@@QAEHI@Z
0x004c7a50	INCONCLUSIVE-original-fault	16	0	INCONCLUSIVE-original-fault code 0xc0000005 at 0x004c7a5d after 0 steps	?xpose_trackset@Midi@@QAEHIH@Z
0x004c7a80	INCONCLUSIVE-original-fault	16	0	INCONCLUSIVE-original-fault code 0xc0000005 at 0x004c7a8d after 0 steps	?stop_trackset@Midi@@QAEHI@Z
0x004c7ab0	PASS	16	1		?is_trackset_playing@Midi@@QAEHI@Z
0x004c7ad0	PASS	16	1		?add_active_trackset@Midi@@QAEHPAUTrackSet@@@Z
0x004c7b00	INCONCLUSIVE-original-fault	16	0	INCONCLUSIVE-original-fault code 0xc0000005 at 0x004c7b0d after 0 steps	?set_active_range_lo@Midi@@QAEHII@Z
0x004c7b30	INCONCLUSIVE-original-fault	16	0	INCONCLUSIVE-original-fault code 0xc0000005 at 0x004c7b3d after 0 steps	?set_active_range_hi@Midi@@QAEHII@Z
0x004c7b60	INCONCLUSIVE-original-fault	16	0	INCONCLUSIVE-original-fault code 0xc0000005 at 0x004c7b6d after 0 steps	?remove_active_trackset@Midi@@QAEHI@Z
0x004c7b90	INCONCLUSIVE-original-fault	16	0	INCONCLUSIVE-original-fault code 0xc0000005 at 0x004c7b9d after 0 steps	?get_trackset@Midi@@QAEHI@Z
0x004c7bb0	INCONCLUSIVE-original-fault	16	0	INCONCLUSIVE-original-fault code 0xc0000005 at 0x004c7bb7 after 0 steps	?get_ntracks@Midi@@QAEHXZ
0x004c7bd0	INCONCLUSIVE-original-fault	16	0	INCONCLUSIVE-original-fault code 0xc0000005 at 0x004c7bdd after 0 steps	?load_patch@Midi@@QAEHI@Z
0x004c7c00	PASS	16	1		?unload_patch@Midi@@QAEHI@Z
0x004c7c30	PASS	16	2		?set_patch@Midi@@QAEHII@Z
0x004c7c60	SKIP	0	0	reaches an import	?init@Midi@@QAEHPADK@Z
0x004c7cc0	PASS	16	1		sub_4c7cc0
0x004c7cf0	SKIP	0	0	reaches an import	?set_fname@Midi@@QAEHPBD@Z
0x004c7d50	PASS	16	1		?set_tempo@Midi@@QAEHK@Z
0x004c7d80	SKIP	0	0	reaches an import	?load@Midi@@QAEHPBD@Z
0x004c7dd0	SKIP	0	0	reaches an import	?load@Midi@@QAEHXZ
0x004c7e20	INCONCLUSIVE-original-fault	16	0	INCONCLUSIVE-original-fault code 0xc0000005 at 0x00000038 after 0 steps	?unload@Midi@@QAEHXZ
0x004c7e80	INCONCLUSIVE-original-fault	16	0	INCONCLUSIVE-original-fault code 0xc0000005 at 0x004c7e8d after 0 steps	?get_time@Midi@@QAEHK@Z
0x004c7ea0	INCONCLUSIVE-original-fault	16	0	INCONCLUSIVE-original-fault code 0xc0000005 at 0x004c7ea7 after 0 steps	?get_control_track@Midi@@QAEHXZ
0x004c7ec0	INCONCLUSIVE-original-fault	16	0	INCONCLUSIVE-original-fault code 0xc0000005 at 0x004c7ecd after 0 steps	?get_total_track_ticks@Midi@@QAEHK@Z
0x004c7ee0	INCONCLUSIVE-original-fault	16	0	INCONCLUSIVE-original-fault code 0xc0000005 at 0x004c7eed after 0 steps	?set_channel_ctrl@Midi@@QAEHPAUChannelCtrl@@@Z
0x004c7f10	INCONCLUSIVE-original-fault	16	0	INCONCLUSIVE-original-fault code 0xc0000005 at 0x004c7f1d after 0 steps	?set_program_ctrl@Midi@@QAEHPAUProgramCtrl@@@Z
0x004c7f40	INCONCLUSIVE-original-fault	16	0	INCONCLUSIVE-original-fault code 0xc0000005 at 0x004c7f4d after 0 steps	?set_track_ctrl@Midi@@QAEHPAUTrackCtrl@@@Z
0x004c7f70	INCONCLUSIVE-original-fault	16	0	INCONCLUSIVE-original-fault code 0xc0000005 at 0x004c7f7d after 0 steps	sub_4c7f70
0x004c7fa0	INCONCLUSIVE-original-fault	16	0	INCONCLUSIVE-original-fault code 0xc0000005 at 0x004c7fad after 0 steps	sub_4c7fa0
0x004c7fc0	PASS	16	1		sub_4c7fc0
0x004c7ff0	INCONCLUSIVE-original-fault	16	0	INCONCLUSIVE-original-fault code 0xc0000005 at 0x004c7ffd after 0 steps	sub_4c7ff0
0x004c8020	PASS	16	1		sub_4c8020
0x004c8050	INCONCLUSIVE-original-fault	16	0	INCONCLUSIVE-original-fault code 0xc0000005 at 0x004c805d after 0 steps	?set_play_type@Midi@@QAEHI@Z
0x004c8070	PASS	16	16		sub_4c8070
0x004c8090	PASS	16	14		sub_4c8090
0x004c80c0	PASS	16	13		sub_4c80c0
0x004c80e0	PASS	16	15		sub_4c80e0
0x004c8100	PASS	16	15		sub_4c8100
0x004c8110	SKIP	0	0	calls a body the lift does not have	sub_4c8110
0x004c8140	PASS	16	16		nullsub_223
0x004c8150	SKIP	0	0	calls a body the lift does not have	sub_4c8150
0x004c8190	SKIP	0	0	reaches an import	sub_4c8190
0x004c81c0	SKIP	0	0	reaches an import	sub_4c81c0
0x004c8290	SKIP	0	0	reaches an import	sub_4c8290
0x004c8350	SKIP	0	0	reaches an import	sub_4c8350
0x004c83a0	SKIP	0	0	reaches an import	sub_4c83a0
0x004c83f0	PASS	16	16		sub_4c83f0
0x004c8410	SKIP	0	0	calls a body the lift does not have	??0Patch@@QAE@XZ
0x004c8460	SKIP	0	0	uses fs: (SEH chain is not in the image)	??0Ambience@@QAE@XZ
0x004c8530	SKIP	0	0	reaches an import	?load@Ambience@@QAEHPBD@Z
0x004c85f0	INCONCLUSIVE-original-fault	16	0	INCONCLUSIVE-original-fault code 0xc0000005 at 0x004c85fa after 0 steps	?unload@Ambience@@QAEXXZ
0x004c8620	SKIP	0	0	uses fs: (SEH chain is not in the image)	sub_4c8620
0x004c86d0	SKIP	0	0	reaches an import	sub_4c86d0
0x004c87b0	INCONCLUSIVE-original-fault	16	0	INCONCLUSIVE-original-fault code 0xc0000005 at 0x004c87f3 after 0 steps	sub_4c87b0
0x004c8840	INCONCLUSIVE-original-fault	16	0	INCONCLUSIVE-original-fault code 0xc0000005 at 0x004c884a after 0 steps	sub_4c8840
0x004c8890	INCONCLUSIVE-original-fault	16	0	INCONCLUSIVE-original-fault code 0xc0000005 at 0x004c889d after 0 steps	sub_4c8890
0x004c88b0	INCONCLUSIVE-original-fault	16	0	INCONCLUSIVE-original-fault code 0xc0000005 at 0x004c88b7 after 0 steps	sub_4c88b0
0x004c88c0	INCONCLUSIVE-original-fault	16	0	INCONCLUSIVE-original-fault code 0xc0000005 at 0x004c88cd after 0 steps	sub_4c88c0
0x004c88e0	PASS	16	1		sub_4c88e0
0x004c8910	HANG	0	0	the run stopped making progress here	sub_4c8910
0x004c8930	INCONCLUSIVE-original-fault	16	0	INCONCLUSIVE-original-fault code 0xc0000005 at 0x004c8937 after 0 steps	sub_4c8930
0x004c8950	PASS	16	16		sub_4c8950
0x004c8960	SKIP	0	0	reaches an import	??0VoiceRx@@QAE@XZ
0x004c8a50	SKIP	0	0	reaches an import	??1VoiceRx@@QAE@XZ
0x004c8b40	INCONCLUSIVE-original-fault	16	0	INCONCLUSIVE-original-fault code 0xc0000005 at 0x004c8b82 after 0 steps	?init@VoiceRx@@QAEHKPAXK@Z
0x004c8bd0	INCONCLUSIVE-original-fault	16	0	INCONCLUSIVE-original-fault code 0xc0000005 at 0x004c8bda after 0 steps	?release@VoiceRx@@QAEHXZ
0x004c8c20	INCONCLUSIVE-original-fault	16	0	INCONCLUSIVE-original-fault code 0xc0000005 at 0x004c8c27 after 0 steps	?start@VoiceRx@@QAEHXZ
0x004c8c40	INCONCLUSIVE-original-fault	16	0	INCONCLUSIVE-original-fault code 0xc0000005 at 0x004c8c47 after 0 steps	?stop@VoiceRx@@QAEHXZ
0x004c8c50	INCONCLUSIVE-original-fault	16	0	INCONCLUSIVE-original-fault code 0xc0000005 at 0x004c8c57 after 0 steps	?unload@VoiceRx@@QAEHXZ
0x004c8c70	INCONCLUSIVE-original-fault	16	0	INCONCLUSIVE-original-fault code 0xc0000005 at 0x004c8c7d after 0 steps	?add_buffer@VoiceRx@@QAEHPAU_MMIOINFO@@@Z
0x004c8ca0	INCONCLUSIVE-original-fault	16	0	INCONCLUSIVE-original-fault code 0xc0000005 at 0x004c8ca7 after 0 steps	?get_buffer_size@VoiceRx@@QAEHXZ
0x004c8cc0	SKIP	0	0	reaches an import	??0VoiceTx@@QAE@XZ
0x004c8db0	SKIP	0	0	reaches an import	??1VoiceTx@@QAE@XZ
0x004c8ea0	INCONCLUSIVE-original-fault	16	0	INCONCLUSIVE-original-fault code 0xc0000005 at 0x004c8ea7 after 0 steps	?release@VoiceTx@@QAEXXZ
0x004c8eb0	PASS	16	1		?start@VoiceTx@@QAEHXZ
0x004c8f00	PASS	16	14		?stop@VoiceTx@@QAEHXZ
0x004c8f40	INCONCLUSIVE-original-fault	16	0	INCONCLUSIVE-original-fault code 0xc0000005 at 0x00000070 after 0 steps	?unload@VoiceTx@@QAEXXZ
0x004c8f70	INCONCLUSIVE-original-fault	16	0	INCONCLUSIVE-original-fault code 0xc0000005 at 0x0000002c after 0 steps	?init@VoiceTx@@QAEHKPAXK@Z
0x004c9010	INCONCLUSIVE-original-fault	16	0	INCONCLUSIVE-original-fault code 0xc0000005 at 0x004c9017 after 0 steps	?get_nbuffers@VoiceTx@@QAEHXZ
0x004c9030	INCONCLUSIVE-original-fault	16	0	INCONCLUSIVE-original-fault code 0xc0000005 at 0x004c9037 after 0 steps	?get_next_buffer@VoiceTx@@QAEHXZ
0x004c9050	INCONCLUSIVE-original-fault	16	0	INCONCLUSIVE-original-fault code 0xc0000005 at 0x004c905d after 0 steps	?return_buffer@VoiceTx@@QAEHPAU_MMIOINFO@@@Z
0x004c9080	SKIP	0	0	reaches an import	sub_4c9080
0x004c92d0	SKIP	0	0	reaches an import	??_GSound@@UAEPAXI@Z
0x004c9300	SKIP	0	0	reaches an import	??_GWave@@UAEPAXI@Z
0x004c9330	SKIP	0	0	reaches an import	??_GAmbience@@UAEPAXI@Z
0x004c9360	SKIP	0	0	reaches an import	??_GVideo@@UAEPAXI@Z
0x004c9390	INCONCLUSIVE-original-fault	16	0	INCONCLUSIVE-original-fault code 0xc0000005 at 0x004c9397 after 0 steps	sub_4c9390
0x004c93b0	SKIP	0	0	reaches an import	??_GVoiceRx@@UAEPAXI@Z
0x004c93e0	PASS	16	16		sub_4c93e0
0x004c93f0	SKIP	0	0	reaches an import	??_GVoiceTx@@UAEPAXI@Z
0x004c9420	SKIP	0	0	calls a body the lift does not have	?terraform_cost@@YAHHHH@Z
0x004c96e0	SKIP	0	0	reaches an import	?action_build@@YAHHPAD@Z
0x004c99d0	FAIL	6	1	eax original=0000000000 lifted=0x00000003; ecx original=0000000000 lifted=0x08245c89; flags ZF differ; blamed instruction at 0x004c9a0b	sub_4c99d0
0x004c9a50	PASS	16	7		?contribution@@YAHHH@Z
0x004c9b00	SKIP	0	0	reaches an import	?action_terraform@@YAHHHH@Z
0x004ca7f0	SKIP	0	0	reaches an import	?action_staple@@YAXH@Z
0x004caa50	SKIP	0	0	reaches an import	?action_destroy@@YAXHHHH@Z
0x004cb310	SKIP	0	0	reaches an import	?action_go_to@@YAXH@Z
0x004cb580	SKIP	0	0	reaches an import	?action_road_to@@YAXH@Z
0x004cbaa0	SKIP	0	0	calls a body the lift does not have	?action_home@@YAHHH@Z
0x004cc360	SKIP	0	0	reaches an import	?action_airdrop@@YAHHHHH@Z
0x004cd060	SKIP	0	0	reaches an import	?action_feature@@YAXXZ
0x004cd090	SKIP	0	0	reaches an import	?action_arty@@YAXHHH@Z
0x004cd2f0	SKIP	0	0	reaches an import	?action_destruct@@YAXH@Z
0x004cd4e0	SKIP	0	0	reaches an import	?action_oblit@@YAXHH@Z
0x004cd6a0	SKIP	0	0	reaches an import	?valid_patrol@@YAHHHH@Z
0x004cda30	SKIP	0	0	reaches an import	?action_patrol@@YAXHHH@Z
0x004cdaf0	SKIP	0	0	reaches an import	?shoot_it@@YAHHHHHH@Z
0x004ce210	SKIP	0	0	reaches an import	?action_tectonic@@YAXHHH@Z
0x004ce6b0	SKIP	0	0	reaches an import	sub_4ce6b0
0x004ce790	SKIP	0	0	reaches an import	?action_fungal@@YAXHHH@Z
0x004cede0	SKIP	0	0	reaches an import	?action_give@@YAXHH@Z
0x004cf380	SKIP	0	0	reaches an import	?action_gate@@YAXHH@Z
0x004cf480	SKIP	0	0	reaches an import	?action_sat_attack@@YAXHHHH@Z
0x004cf740	SKIP	0	0	reaches an import	?action@@YAHH@Z
0x004cf7c0	SKIP	0	0	reaches an import	?new_base@Console@@QAEXH@Z
0x004d0450	SKIP	0	0	reaches an import	?skip@Console@@QAEXH@Z
0x004d04a0	SKIP	0	0	reaches an import	?wait@Console@@QAEXH@Z
0x004d04e0	SKIP	0	0	reaches an import	?unload@Console@@QAEXH@Z
0x004d06c0	SKIP	0	0	reaches an import	?upgrade@Console@@QAEHH@Z
0x004d2220	SKIP	0	0	reaches an import	?sentry@Console@@QAEXHH@Z
0x004d24c0	SKIP	0	0	reaches an import	?hold@Console@@QAEXHH@Z
0x004d26a0	SKIP	0	0	reaches an import	?give_veh@Console@@QAEXH@Z
0x004d2ac0	SKIP	0	0	reaches an import	?disband@Console@@QAEXH@Z
0x004d2de0	SKIP	0	0	reaches an import	?disband@Console@@QAEXHH@Z
0x004d2f00	SKIP	0	0	reaches an import	?activate@Console@@QAEXHHH@Z
0x004d3470	SKIP	0	0	reaches an import	?terraform@Console@@QAEXHH@Z
0x004d52a0	SKIP	0	0	reaches an import	?destroy@Console@@QAEXH@Z
0x004d5d30	SKIP	0	0	reaches an import	?oblit@Console@@QAEXH@Z
0x004d5f70	PASS	16	3		sub_4d5f70
0x004d5ff0	SKIP	0	0	calls a body the lift does not have	sub_4d5ff0
0x004d6070	SKIP	0	0	reaches an import	?goto_routine@Console@@QAAXH@Z
0x004d61a0	SKIP	0	0	reaches an import	?go_to@Console@@QAEXHHH@Z
0x004d7be0	SKIP	0	0	reaches an import	?road_to@Console@@QAEXHH@Z
0x004d7cf0	SKIP	0	0	reaches an import	?designate@Console@@QAEXH@Z
0x004d7de0	SKIP	0	0	reaches an import	?go_home@Console@@QAEXH@Z
0x004d7ee0	SKIP	0	0	reaches an import	?set_patrol@Console@@QAEXH@Z
0x004d7f60	SKIP	0	0	reaches an import	?use_ability@Console@@QAEXH@Z
0x004d8a70	SKIP	0	0	reaches an import	?automate@Console@@QAEXHH@Z
0x004d8cd0	SKIP	0	0	reaches an import	?set_bombing_run@Console@@QAEXHHH@Z
0x004d8dc0	SKIP	0	0	reaches an import	?set_road_to@Console@@QAEXHHHH@Z
0x004d8f40	SKIP	0	0	reaches an import	?explore@Console@@QAEXH@Z
0x004d8fa0	SKIP	0	0	reaches an import	?convoy@Console@@QAEXH@Z
0x004d9170	SKIP	0	0	reaches an import	?arty@Console@@QAEXH@Z
0x004d92d0	SKIP	0	0	reaches an import	?group@Console@@QAEXH@Z
0x004d95f0	SKIP	0	0	reaches an import	?assemble@Console@@QAEXXZ
0x004d9970	SKIP	0	0	reaches an import	?editor_on@Console@@QAEXXZ
0x004d9ad0	SKIP	0	0	reaches an import	?editor_who@Console@@QAEHHH@Z
0x004d9dc0	PASS	16	16		?on_left_click@DipEdit@@QAEXHH@Z
0x004d9dd0	PASS	16	16		?on_redraw@DipEdit@@QAEXXZ
0x004d9de0	SKIP	0	0	reaches an import	?on_button_clicked@DipEdit@@QAEXH@Z
0x004da740	SKIP	0	0	reaches an import	?on_selected@DipEdit@@QAEXH@Z
0x004da760	SKIP	0	0	reaches an import	?UNK1@DipEdit@@QAEXH@Z
0x004da7e0	INCONCLUSIVE-original-fault	16	0	INCONCLUSIVE-original-fault code 0xc0000005 at 0x0060ec22 after 0 steps	?UNK2@DipEdit@@QAEXH@Z
0x004da870	INCONCLUSIVE-original-fault	16	0	INCONCLUSIVE-original-fault code 0xc0000005 at 0x0060ec22 after 0 steps	?UNK3@DipEdit@@QAEXH@Z
0x004da900	INCONCLUSIVE-original-fault	16	0	INCONCLUSIVE-original-fault code 0xc0000005 at 0x004da96f after 0 steps	?UNK4@DipEdit@@QAEXH@Z
0x004da990	SKIP	0	0	reaches an import	?read_check@DipEdit@@QAEXXZ
0x004dada0	INCONCLUSIVE-original-fault	16	0	INCONCLUSIVE-original-fault code 0xc0000005 at 0x004dadca after 0 steps	?do_check@DipEdit@@QAEXXZ
0x004db080	SKIP	0	0	reaches an import	?init@DipEdit@@QAEXH@Z
0x004db870	SKIP	0	0	reaches an import	?editor_diplomacy@Console@@QAEXXZ
0x004dbb40	SKIP	0	0	reaches an import	?editor_reset_faction@Console@@QAEXXZ
0x004dbc40	SKIP	0	0	reaches an import	?editor_reset_tech@Console@@QAEXXZ
0x004dbd20	SKIP	0	0	reaches an import	?editor_personality@Console@@QAEXXZ
0x004dbfb0	SKIP	0	0	reaches an import	?editor_strategy@Console@@QAEXXZ
0x004dc230	SKIP	0	0	reaches an import	?editor_rules@Console@@QAEXXZ
0x004dc520	SKIP	0	0	reaches an import	?editor_scen_rules@Console@@QAEXXZ
0x004dc860	SKIP	0	0	reaches an import	?editor_scen_victory@Console@@QAEXXZ
0x004dccc0	SKIP	0	0	reaches an import	?editor_scen_param@Console@@QAEXXZ
0x004dd1b0	SKIP	0	0	reaches an import	?custom_my_faction@Console@@QAEXXZ
0x004dd6f0	SKIP	0	0	reaches an import	?editor_diff@Console@@QAEXXZ
0x004dda50	SKIP	0	0	reaches an import	?editor_edit_veh@Console@@QAEXH@Z
0x004de960	SKIP	0	0	reaches an import	?editor_kill_veh@Console@@QAEXH@Z
0x004ded00	SKIP	0	0	reaches an import	?editor_veh@Console@@QAEXXZ
0x004df4f0	SKIP	0	0	reaches an import	?editor_view@Console@@QAEXXZ
0x004dfad0	SKIP	0	0	reaches an import	?editor_tech@Console@@QAEXXZ
0x004e0120	SKIP	0	0	reaches an import	?editor_energy@Console@@QAEXXZ
0x004e0210	SKIP	0	0	reaches an import	?editor_date@Console@@QAEXXZ
0x004e0290	SKIP	0	0	reaches an import	?editor_reload@Console@@QAEXXZ
0x004e05e0	SKIP	0	0	reaches an import	?editor_eliminate@Console@@QAEXXZ
0x004e09b0	SKIP	0	0	reaches an import	?editor_kill_vehicles@Console@@QAEXXZ
0x004e09e0	SKIP	0	0	reaches an import	?editor_save@Console@@QAEXXZ
0x004e0a00	SKIP	0	0	reaches an import	?editor_load@Console@@QAEXXZ
0x004e0a50	SKIP	0	0	reaches an import	?editor_paints@Console@@QAEXH@Z
0x004e0ad0	SKIP	0	0	reaches an import	?editor_minor@Console@@QAEXXZ
0x004e0b00	SKIP	0	0	reaches an import	?editor_terrain@Console@@QAEXXZ
0x004e0ea0	SKIP	0	0	reaches an import	?editor_set_brush@Console@@QAEXXZ
0x004e0f30	SKIP	0	0	reaches an import	?editor_flat@Console@@QAEXXZ
0x004e0f80	SKIP	0	0	reaches an import	?editor_polar@Console@@QAEXXZ
0x004e0fa0	SKIP	0	0	reaches an import	?editor_climate@Console@@QAEXXZ
0x004e0fd0	SKIP	0	0	reaches an import	?editor_generate@Console@@QAEXXZ
0x004e10c0	SKIP	0	0	reaches an import	?editor_fast@Console@@QAEXXZ
0x004e1190	SKIP	0	0	reaches an import	?editor_randomize@Console@@QAEXXZ
0x004e1200	SKIP	0	0	reaches an import	?editor_clear_random@Console@@QAEXXZ
0x004e1290	SKIP	0	0	reaches an import	?editor_clear@Console@@QAEXXZ
0x004e1300	SKIP	0	0	reaches an import	?editor_clear_vehicles@Console@@QAEXXZ
0x004e1380	SKIP	0	0	reaches an import	?editor_clear_terrain@Console@@QAEXXZ
0x004e13e0	SKIP	0	0	reaches an import	?editor_fungus@Console@@QAEXXZ
0x004e14a0	SKIP	0	0	reaches an import	?editor_rockiness@Console@@QAEXXZ
0x004e14d0	SKIP	0	0	reaches an import	?editor_natural@Console@@QAEXH@Z
0x004e1f20	SKIP	0	0	reaches an import	?editor_undo@Console@@QAEXXZ
0x004e1f30	SKIP	0	0	reaches an import	?editor_redo@Console@@QAEXXZ
0x004e1f40	SKIP	0	0	reaches an import	?edit_lock@Console@@QAEHXZ
0x004e1f70	SKIP	0	0	reaches an import	?editor_lock2@Console@@QAEXXZ
0x004e2000	SKIP	0	0	reaches an import	?corner_the_market@Console@@QAEXXZ
0x004e2240	SKIP	0	0	reaches an import	??1DipEdit@@QAE@XZ
0x004e23c0	SKIP	0	0	reaches an import	??_GDipEdit@@UAEPAXI@Z
0x004e23f0	SKIP	0	0	reaches an import	??3DipEdit@@SAXPAXI@Z
0x004e2400	PASS	16	16		sub_4e2400
0x004e2450	PASS	16	16		sub_4e2450
0x004e2460	PASS	16	16		sub_4e2460
0x004e2490	SKIP	0	0	reaches an import	??0AlphaNet@@QAE@XZ
0x004e25b0	SKIP	0	0	reaches an import	?close@AlphaNet@@QAEXXZ
0x004e25e0	PASS	16	14		?pid_2_idx@AlphaNet@@QAEHK@Z
0x004e2610	PASS	16	14		?pid_2_who@AlphaNet@@QAEHK@Z
0x004e2660	PASS	16	15		?who_2_pid@AlphaNet@@QAEHH@Z
0x004e26b0	PASS	16	16		?who_2_idx@AlphaNet@@QAEXH@Z
0x004e26e0	SKIP	0	0	reaches an import	?pick_service@AlphaNet@@QAEHPAH@Z
0x004e29e0	SKIP	0	0	reaches an import	?do_join_or_create@AlphaNet@@QAEHXZ
0x004e2a30	SKIP	0	0	reaches an import	?create@AlphaNet@@QAEHXZ
0x004e2e50	SKIP	0	0	reaches an import	?join@AlphaNet@@QAEHXZ
0x004e31e0	SKIP	0	0	reaches an import	?setup@AlphaNet@@QAEHH@Z
0x004e32c0	PASS	16	16		nullsub_164
0x004e32d0	PASS	16	16		nullsub_165
0x004e32e0	PASS	16	16		nullsub_166
0x004e32f0	PASS	16	16		nullsub_20
0x004e3300	SKIP	0	0	reaches an import	sub_4e3300
0x004e3350	SKIP	0	0	uses fs: (SEH chain is not in the image)	sub_4e3350
0x004e34b0	SKIP	0	0	uses fs: (SEH chain is not in the image)	sub_4e34b0
0x004e34d0	SKIP	0	0	reaches an import	??1Net@@QAE@XZ
0x004e3660	INCONCLUSIVE-original-fault	16	0	INCONCLUSIVE-original-fault code 0xc0000005 at 0x004e3673 after 0 steps	sub_4e3660
0x004e3730	SKIP	0	0	uses fs: (SEH chain is not in the image)	sub_4e3730
0x004e3890	SKIP	0	0	reaches an import	sub_4e3890
0x004e3900	SKIP	0	0	reaches an import	sub_4e3900
0x004e39d0	PASS	16	16		?set_base@@YAXH@Z
0x004e3a00	SKIP	0	0	calls a body the lift does not have	?say_base@@YAXPADH@Z
0x004e3a50	SKIP	0	0	reaches an import	?base_at@@YAHHH@Z
0x004e3b80	SKIP	0	0	calls a body the lift does not have	?base_find@@YAHHH@Z
0x004e3c60	SKIP	0	0	calls a body the lift does not have	?base_find@@YAHHHH@Z
0x004e3d50	SKIP	0	0	calls a body the lift does not have	?base_find@@YAHHHHHHH@Z
0x004e3ef0	SKIP	0	0	calls a body the lift does not have	?whose_territory@@YAHHHHPAHH@Z
0x004e3fa0	SKIP	0	0	calls a body the lift does not have	?base_territory@@YAHHHH@Z
0x004e4020	INCONCLUSIVE-original-fault	16	0	INCONCLUSIVE-original-fault code 0xc0000005 at 0x004e403e after 0 steps	?best_specialist@@YAHXZ
0x004e4090	SKIP	0	0	reaches an import	?name_base@@YAXHPADHH@Z
0x004e4350	SKIP	0	0	calls a body the lift does not have	?base_mark@@YAXH@Z
0x004e4430	PASS	16	16		?cost_factor@@YAHHHH@Z
0x004e4700	PASS	16	10		?base_making@@YAHHH@Z
0x004e4810	PASS	16	16		?base_lose_minerals@@YAHHH@Z
0x004e48b0	PASS	16	4		?set_fac@@YAXHHH@Z
0x004e4900	PASS	16	13		has_fac_announced
0x004e4960	PASS	16	3		set_fac_announced
0x004e49d0	PASS	16	16		?is_coast@@YAHHHH@Z
0x004e4aa0	PASS	16	3		?base_first@@YAXH@Z
0x004e4b80	SKIP	0	0	reaches an import	?base_init@@YAHHHH@Z
0x004e5250	SKIP	0	0	reaches an import	?base_kill@@YAXH@Z
0x004e5a60	SKIP	0	0	reaches an import	?base_change@@YAXHH@Z
0x004e5fe0	SKIP	0	0	reaches an import	?base_reset@@YAXHH@Z
0x004e6300	SKIP	0	0	reaches an import	?bases_reset@@YAXHHH@Z
0x004e6400	PASS	16	5		?morale_mod@@YAHHHH@Z
0x004e65c0	PASS	16	6		?breed_mod@@YAHHH@Z
0x004e6740	PASS	16	3		?worm_mod@@YAHHH@Z
0x004e68b0	SKIP	0	0	reaches an import	?farm_compute@@YAXXZ
0x004e6e50	INCONCLUSIVE-original-fault	16	0	INCONCLUSIVE-original-fault code 0xc0000005 at 0x004e6e78 after 0 steps	?crop_yield@@YAHHHHHH@Z
0x004e7310	INCONCLUSIVE-original-fault	16	0	INCONCLUSIVE-original-fault code 0xc0000005 at 0x004e733a after 0 steps	?mine_yield@@YAHHHHHH@Z
0x004e7750	INCONCLUSIVE-original-fault	16	0	INCONCLUSIVE-original-fault code 0xc0000005 at 0x004e777a after 0 steps	?energy_yield@@YAHHHHHH@Z
0x004e7db0	PASS	16	16		sub_4e7db0
0x004e7dc0	PASS	16	15		?resource_yield@@YAHHHHHH@Z
0x004e7e50	INCONCLUSIVE-original-fault	16	0	INCONCLUSIVE-original-fault code 0xc0000005 at 0x004e7e5e after 0 steps	sub_4e7e50
0x004e7f80	INCONCLUSIVE-original-fault	16	0	INCONCLUSIVE-original-fault code 0xc0000005 at 0x004e7f8e after 0 steps	sub_4e7f80
0x004e80b0	SKIP	0	0	reaches an import	?base_yield@@YAXXZ
0x004e9550	SKIP	0	0	calls a body the lift does not have	?base_support@@YAXXZ
0x004e9b60	PASS	16	16		nullsub_220
0x004e9b70	INCONCLUSIVE-original-fault	16	0	INCONCLUSIVE-original-fault code 0xc0000005 at 0x004e9b80 after 0 steps	?base_nutrient@@YAXXZ
0x004e9cb0	INCONCLUSIVE-original-fault	16	0	INCONCLUSIVE-original-fault code 0xc0000005 at 0x004e9cc3 after 0 steps	?base_minerals@@YAXXZ
0x004ea1f0	SKIP	0	0	calls a body the lift does not have	?black_market@@YAHH@Z
0x004ea4a0	INCONCLUSIVE-original-fault	16	0	INCONCLUSIVE-original-fault code 0xc0000005 at 0x004ea4df after 0 steps	?psych_check@@YAXHPAHPAH@Z
0x004ea540	SKIP	0	0	reaches an import	?base_psych@@YAXXZ
0x004eb490	SKIP	0	0	calls a body the lift does not have	?base_rank@@YAHHH@Z
0x004eb560	SKIP	0	0	reaches an import	?base_energy@@YAXXZ
0x004ec3b0	SKIP	0	0	reaches an import	?base_compute@@YAHH@Z
0x004ec3f0	SKIP	0	0	reaches an import	?base_connect@@YAHH@Z
0x004ecb90	INCONCLUSIVE-original-fault	16	0	INCONCLUSIVE-original-fault code 0xc0000005 at 0x004ecbb3 after 0 steps	?crappy@@YAHHH@Z
0x004ecbf0	SKIP	0	0	reaches an import	?base_terraform@@YAXH@Z
0x004eef80	PASS	16	8		?pop_goal_fac@@YAHH@Z
0x004ef090	PASS	16	5		?pop_goal@@YAHH@Z
0x004ef1c0	SKIP	0	0	reaches an import	?base_growth@@YAHXZ
0x004efb50	SKIP	0	0	reaches an import	?do_upgrade@@YAXHHH@Z
0x004efd50	PASS	16	3		?upgrade_cost@@YAHHHH@Z
0x004efe80	SKIP	0	0	reaches an import	?upgrade_prototype@@YAHHHHH@Z
0x004f0460	SKIP	0	0	reaches an import	?upgrade_prototypes@@YAXHH@Z
0x004f0650	SKIP	0	0	reaches an import	?upgrade_any_prototypes@@YAXH@Z
0x004f06e0	SKIP	0	0	reaches an import	?base_queue@@YAHH@Z
0x004f07e0	SKIP	0	0	reaches an import	?base_production@@YAXXZ
0x004f3fe0	SKIP	0	0	reaches an import	?base_hurry@@YAXXZ
0x004f4830	SKIP	0	0	reaches an import	?base_check_support@@YAXXZ
0x004f4dc0	INCONCLUSIVE-original-fault	16	0	INCONCLUSIVE-original-fault code 0xc0000005 at 0x004f4dcd after 0 steps	?base_energy_costs@@YAXXZ
0x004f4e80	SKIP	0	0	reaches an import	?base_research@@YAXXZ
0x004f4fb0	SKIP	0	0	reaches an import	?drone_riot@@YAXXZ
0x004f5ce0	SKIP	0	0	reaches an import	?base_drones@@YAXXZ
0x004f5f30	SKIP	0	0	reaches an import	?base_doctors@@YAXXZ
0x004f6510	PASS	16	5		?fac_maint@@YAHHH@Z
0x004f65f0	SKIP	0	0	reaches an import	?base_maint@@YAXXZ
0x004f67f0	SKIP	0	0	reaches an import	?base_ecology@@YAXXZ
0x004f79c0	SKIP	0	0	reaches an import	?base_upkeep@@YAHH@Z
0x004f7fe0	SKIP	0	0	calls a body the lift does not have	?make_base_unique@@YAXH@Z
0x004f8090	SKIP	0	0	calls a body the lift does not have	?vector_dist@@YAHHH@Z
0x004f80d0	PASS	16	5		?has_project@@YAHHH@Z
0x004f8110	PASS	16	16		?base_claimed@@YAHHHHHHH@Z
0x004f81a0	SKIP	0	0	reaches an import	?base_build@@YAHHPAH00@Z
0x00500120	PASS	16	16		?clear@@YAXXZ
0x00500130	SKIP	0	0	calls a body the lift does not have	?says@@YAXPBD@Z
0x00500150	FAIL	11	1	eax original=0000000000 lifted=0x00000006; ecx original=0000000000 lifted=0x000000d0; flags CF ZF differ; blamed instruction at 0x00500174	?alt_at@@YAHHH@Z
0x00500180	INCONCLUSIVE-original-fault	16	0	INCONCLUSIVE-original-fault code 0xc0000005 at 0x005001a1 after 0 steps	?alt_detail_at@@YAHHH@Z
0x005001b0	INCONCLUSIVE-original-fault	16	0	INCONCLUSIVE-original-fault code 0xc0000005 at 0x005001cf after 0 steps	?bit_at@@YAHHH@Z
0x005001e0	INCONCLUSIVE-original-fault	16	0	INCONCLUSIVE-original-fault code 0xc0000005 at 0x00500201 after 0 steps	?is_ocean@@YAHHH@Z
0x00500220	INCONCLUSIVE-original-fault	16	0	INCONCLUSIVE-original-fault code 0xc0000005 at 0x00500241 after 0 steps	?region_at@@YAHHH@Z
0x00500250	INCONCLUSIVE-original-fault	16	0	INCONCLUSIVE-original-fault code 0xc0000005 at 0x00500272 after 0 steps	?veh_who@@YAHHH@Z
0x00500290	PASS	16	16		?has_fac_built@@YA_NH@Z
0x005002e0	PASS	16	6		?base_project@@YAHH@Z
0x005002f0	PASS	16	2		?has_treaty@@YAHHHH@Z
0x00500320	PASS	16	16		?drop_range@@YAHH@Z
0x00500380	SKIP	0	0	calls a body the lift does not have	sub_500380
0x005004f0	PASS	16	6		?planet_buster2@@YAHH@Z
0x00500520	PASS	16	6		?planet_buster@@YAHH@Z
0x00500560	SKIP	0	0	reaches an import	?shoot@@YAHHHHH@Z
0x00500b60	SKIP	0	0	reaches an import	?planet_busting@@YAHHHH@Z
0x005010c0	INCONCLUSIVE-original-fault	16	0	INCONCLUSIVE-original-fault code 0xc0000005 at 0x005010ea after 0 steps	?defense_value@@YAHHHHHH@Z
0x00501350	PASS	16	1		?morale_alien@@YAHHH@Z
0x00501500	PASS	16	7		?psi_factor@@YAHHHHH@Z
0x005015b0	SKIP	0	0	reaches an import	?get_basic_offense@@YAHHHHHH@Z
0x00501940	SKIP	0	0	reaches an import	?get_basic_defense@@YAHHHHH@Z
0x00501d30	PASS	16	16		?battle_init@@YAXXZ
0x00501d50	SKIP	0	0	calls a body the lift does not have	?add_bat@@YAXHHPAD@Z
0x00501da0	SKIP	0	0	reaches an import	?battle_compute@@YAXHHPAHPAHH@Z
0x005044d0	SKIP	0	0	reaches an import	?best_defender@@YAHHHH@Z
0x00504aa0	SKIP	0	0	reaches an import	?boom@@YAHHHH@Z
0x00505d20	SKIP	0	0	reaches an import	??__Eg_BOOM_BUFFER1@@YAXXZ
0x00505d30	SKIP	0	0	reaches an import	??__Eg_BOOM_FLIC@@YAXXZ
0x00505d40	SKIP	0	0	uses fs: (SEH chain is not in the image)	??__Eg_BOOM_BUFFERS1@@YAXXZ
0x00505d60	SKIP	0	0	uses fs: (SEH chain is not in the image)	??__Eg_BOOM_BUFFERS2@@YAXXZ
0x00505d80	SKIP	0	0	reaches an import	?battle_kill@@YAHHPAHPAHPAHHH@Z
0x00506130	SKIP	0	0	reaches an import	?battle_kill_stack@@YAXHPAHPAHPAHHH@Z
0x005061b0	SKIP	0	0	reaches an import	?battle_kill_chaff@@YAXHPAHPAHPAHHH@Z
0x005062b0	SKIP	0	0	reaches an import	?promote@@YAXH@Z
0x00506490	SKIP	0	0	calls a body the lift does not have	?invasions@@YAXH@Z
0x00506650	SKIP	0	0	reaches an import	?interceptor@@YAHHHHH@Z
0x00506a60	SKIP	0	0	reaches an import	?battle_fight@@YAHHHHHPAH@Z
0x00506af0	SKIP	0	0	reaches an import	?battle_fight@@YAHHHHHHHPAH@Z
0x0050b8a0	SKIP	0	0	calls a body the lift does not have	?say_num@@YAXH@Z
0x0050b8d0	SKIP	0	0	reaches an import	?POP3@@YAXPBDHHH@Z
0x0050b8f0	PASS	16	6		sub_50b8f0
0x0050b910	PASS	16	16		?get_adjective@@YAHH@Z
0x0050b930	PASS	16	6		?get_noun@@YAHH@Z
0x0050b970	SKIP	0	0	reaches an import	?popp@@YAHPBDPBDP6AHXZ@Z
0x0050b9a0	SKIP	0	0	calls a body the lift does not have	?say_stats_3@@YAXH@Z
0x0050b9c0	SKIP	0	0	reaches an import	sub_50b9c0
0x0050b9e0	SKIP	0	0	reaches an import	?pop@NetMsg@@QAAXPBDPBD@Z
0x0050ba00	PASS	16	6		?bitmask@@YAXHPAHPAH@Z
0x0050ba30	PASS	16	16		?bit_count@@YAHH@Z
0x0050ba50	SKIP	0	0	reaches an import	?intervention@@YAXHH@Z
0x0050bcc0	SKIP	0	0	reaches an import	?double_cross@@YAXHHH@Z
0x0050c2e0	SKIP	0	0	reaches an import	?act_of_aggression@@YAHHH@Z
0x0050c340	SKIP	0	0	reaches an import	?steal_tech@@YAHHHH@Z
0x0050c4b0	PASS	16	5		?steal_energy@@YAHH@Z
0x0050c510	SKIP	0	0	reaches an import	?capture_base@@YAXHHH@Z
0x0050dd90	SKIP	0	0	reaches an import	?clock_wait@@YAXH@Z
0x0050ddc0	PASS	16	5		?sea_coast@@YAHHH@Z
0x0050de00	PASS	16	16		?sea_coasts@@YAHH@Z
0x0050de50	PASS	16	5		?base_on_sea@@YAHHH@Z
0x0050df30	PASS	16	7		?base_coast@@YAHH@Z
0x0050e030	INCONCLUSIVE-original-fault	16	0	INCONCLUSIVE-original-fault code 0xc0000005 at 0x0050e075 after 0 steps	?port_to_coast@@YAHHH@Z
0x0050e160	PASS	16	6		?port_to_port@@YAHHH@Z
0x0050e310	PASS	16	8		?transport_base@@YAHH@Z
0x0050e3c0	PASS	16	7		?naval_base@@YAHH@Z
0x0050e5c0	PASS	16	1		?convoy@@YAHHH@Z
0x0050e820	PASS	16	16		?mandate_color@@YAHH@Z
0x0050e850	SKIP	0	0	reaches an import	??__Eg_CONSOLE@@YAXXZ
0x0050e870	SKIP	0	0	reaches an import	??__Fg_CONSOLE@@YAXXZ
0x0050e890	SKIP	0	0	reaches an import	?auto_play_callback@@YAXH@Z
0x0050e980	SKIP	0	0	calls a body the lift does not have	??__Eg_CONSOLE_TIMER@@YAXXZ
0x0050e9a0	SKIP	0	0	reaches an import	??__Fg_CONSOLE_TIMER@@YAXXZ
0x0050e9b0	SKIP	0	0	calls a body the lift does not have	sub_50e9b0
0x0050e9f0	SKIP	0	0	reaches an import	sub_50e9f0
0x0050ea40	SKIP	0	0	reaches an import	?blink_timer@@YAXH@Z
0x0050ee30	SKIP	0	0	reaches an import	?blink2_timer@@YAXH@Z
0x0050ee80	SKIP	0	0	reaches an import	?line_timer@@YAXH@Z
0x0050ef10	SKIP	0	0	reaches an import	?turn_timer@@YAXH@Z
0x0050ef50	SKIP	0	0	reaches an import	?go_reset@@YAXXZ
0x0050f170	SKIP	0	0	reaches an import	?go_timer@@YAXH@Z
0x0050f3d0	SKIP	0	0	reaches an import	?start_timers@@YAXXZ
0x0050f440	SKIP	0	0	reaches an import	?stop_timers@@YAXXZ
0x0050f460	SKIP	0	0	reaches an import	??0Console@@QAE@H@Z
0x0050f630	SKIP	0	0	reaches an import	sub_50f630
0x0050f640	PASS	16	16		nullsub_185
0x0050f650	PASS	16	14		?clear_group@Console@@QAEXXZ
0x0050f680	INCONCLUSIVE-original-fault	16	0	INCONCLUSIVE-original-fault code 0xc0000005 at 0x0050f6d2 after 0 steps	?on_nc_hittest@Console@@QAEXHH@Z
0x0050f960	SKIP	0	0	reaches an import	?on_post_redraw_nc_buffer@Console@@QAEXPAUBuffer@@H@Z
0x0050fb10	SKIP	0	0	reaches an import	?on_nc_left_down@Console@@QAEXHH@Z
0x0050fe70	SKIP	0	0	reaches an import	?on_nc_left_up@Console@@QAEXHH@Z
0x00510110	SKIP	0	0	reaches an import	?on_nc_mouse_move@Console@@QAEXHH@Z
0x00510400	SKIP	0	0	reaches an import	?cursor_on@Console@@QAEXH@Z
0x00510490	SKIP	0	0	reaches an import	?cursor_on@Console@@QAEXHH@Z
0x00510520	SKIP	0	0	reaches an import	?cursor_off@Console@@QAEXXZ
0x005105c0	SKIP	0	0	reaches an import	?selecting@Console@@QAEHHH@Z
0x005107e0	SKIP	0	0	reaches an import	?selected@Console@@QAEXXZ
0x005108a0	SKIP	0	0	reaches an import	?focus@Console@@QAEXHHH@Z
0x005109b0	SKIP	0	0	reaches an import	?cursor_next@Console@@QAEXHH@Z
0x00510a60	SKIP	0	0	reaches an import	?prev_cursor@Console@@QAEXXZ
0x00510b70	SKIP	0	0	reaches an import	?next_cursor@Console@@QAEXXZ
0x00510c90	SKIP	0	0	reaches an import	sub_510c90
0x00510ce0	SKIP	0	0	calls a body the lift does not have	?ready_search@Console@@QAEHH@Z
0x00510f50	SKIP	0	0	reaches an import	?ready@Console@@QAEXXZ
0x00511480	SKIP	0	0	reaches an import	?set_view@Console@@QAEXH@Z
0x00511520	SKIP	0	0	reaches an import	?set_move@Console@@QAEXH@Z
0x00511800	SKIP	0	0	reaches an import	?turn_hints@Console@@QAEXXZ
0x00511bb0	SKIP	0	0	reaches an import	?give_hints@Console@@QAEXXZ
0x00513b90	SKIP	0	0	reaches an import	?veh_turn@Console@@QAEHXZ
0x00513fc0	SKIP	0	0	reaches an import	?end_of_turn@Console@@QAEXXZ
0x00514050	SKIP	0	0	reaches an import	?human_turn@Console@@QAEXXZ
0x005147e0	SKIP	0	0	reaches an import	?set_cursor@Console@@QAEXHH@Z
0x00514880	SKIP	0	0	reaches an import	?update_data@Console@@QAEXH@Z
0x005148b0	SKIP	0	0	reaches an import	?move_cursor@Console@@QAEXH@Z
0x00514990	SKIP	0	0	reaches an import	?quit_game@Console@@QAEXXZ
0x00514b30	SKIP	0	0	reaches an import	?retire_game@Console@@QAEXXZ
0x00514d30	SKIP	0	0	reaches an import	?new_game@Console@@QAEXXZ
0x00514ef0	SKIP	0	0	reaches an import	?set_preferences@Console@@QAEXXZ
0x00514f00	SKIP	0	0	reaches an import	?set_adv_preferences@Console@@QAEXXZ
0x00514f10	SKIP	0	0	reaches an import	?set_auto_preferences@Console@@QAEXXZ
0x00514f20	SKIP	0	0	reaches an import	?set_base_preferences@Console@@QAEXXZ
0x00514f30	SKIP	0	0	reaches an import	?set_audiovisual@Console@@QAEXXZ
0x00514f40	SKIP	0	0	reaches an import	?set_map_display@Console@@QAEXXZ
0x00514f50	SKIP	0	0	reaches an import	?set_ai@Console@@QAEXH@Z
0x00515010	SKIP	0	0	reaches an import	?set_tech@Console@@QAEXH@Z
0x005150d0	SKIP	0	0	reaches an import	?zoom@Console@@QAEXHH@Z
0x00515400	SKIP	0	0	reaches an import	?center@Console@@QAEXXZ
0x00515430	SKIP	0	0	reaches an import	sub_515430
0x00515450	SKIP	0	0	reaches an import	?survey@Console@@QAEXXZ
0x00515530	SKIP	0	0	reaches an import	?survey2@Console@@QAEXXZ
0x00515600	SKIP	0	0	reaches an import	?base_names@Console@@QAEXXZ
0x00515640	SKIP	0	0	reaches an import	?toggle_flatten@Console@@QAEXXZ
0x005156a0	SKIP	0	0	reaches an import	?toggle_grid@Console@@QAEXXZ
0x005156f0	SKIP	0	0	reaches an import	?toggle_base_grid@Console@@QAEXXZ
0x00515740	SKIP	0	0	reaches an import	?toggle_dest@Console@@QAEXXZ
0x00515760	PASS	16	16		nullsub_186
0x00515770	SKIP	0	0	reaches an import	?chat@Console@@QAEXH@Z
0x00515900	SKIP	0	0	reaches an import	?time_controls@Console@@QAEXXZ
0x00515ef0	SKIP	0	0	reaches an import	?toggle_patrol@Console@@QAEXXZ
0x00515f70	SKIP	0	0	reaches an import	?show_movies@Console@@QAEXXZ
0x005162a0	SKIP	0	0	reaches an import	?name_landmark@Console@@QAEXHH@Z
0x00516490	SKIP	0	0	reaches an import	?erase_landmark@Console@@QAEXHH@Z
0x005165b0	SKIP	0	0	reaches an import	?zoom_to_upkeep_base@Console@@QAEXXZ
0x005166d0	SKIP	0	0	reaches an import	?cursor_key@Console@@QAEXHHH@Z
0x00516930	SKIP	0	0	reaches an import	?menu_detail@Console@@QAEXXZ
0x00516970	SKIP	0	0	reaches an import	?menu_simple@Console@@QAEXXZ
0x005169b0	SKIP	0	0	reaches an import	?base_me@Console@@QAEXXZ
0x005169f0	SKIP	0	0	reaches an import	?end_my_turn@Console@@QAEXXZ
0x00516c50	SKIP	0	0	reaches an import	?show_scen_objectives@Console@@QAEXXZ
0x00516da0	SKIP	0	0	reaches an import	?governor_directives@Console@@QAEXXZ
0x00517060	SKIP	0	0	reaches an import	?use_time_bonus@Console@@QAEXXZ
0x00517180	SKIP	0	0	reaches an import	?show_version@Console@@QAEXXZ
0x005171d0	SKIP	0	0	reaches an import	?veh_key@Console@@QAEXHHH@Z
0x005178c0	SKIP	0	0	reaches an import	?on_key_click@Console@@QAEHHH@Z
0x0051bba0	SKIP	0	0	reaches an import	?load_proc@Console@@QAEXHH@Z
0x0051bc70	SKIP	0	0	reaches an import	?menu_proc@Console@@QAEXH@Z
0x0051d720	SKIP	0	0	reaches an import	?menu_daemon@Console@@QAAXH@Z
0x0051d740	SKIP	0	0	reaches an import	?menu_update@Console@@QAEXXZ
0x0051d760	PASS	16	15		sub_51d760
0x0051d7c0	PASS	16	16		?on_sys_close@Console@@QAEXXZ
0x0051d7d0	SKIP	0	0	reaches an import	?close@Console@@QAEXXZ
0x0051d890	SKIP	0	0	reaches an import	?init@Console@@QAEXH@Z
0x0051d9d0	PASS	16	16		nullsub_187
0x0051d9e0	PASS	16	16		nullsub_188
0x0051d9f0	SKIP	0	0	reaches an import	??1Console@@QAE@XZ
0x0051dc10	SKIP	0	0	reaches an import	??1AlphaMenu@@QAE@XZ
0x0051dc90	SKIP	0	0	reaches an import	??_GAlphaMenu@@UAEPAXI@Z
0x0051dcc0	PASS	16	16		sub_51dcc0
0x0051dd00	SKIP	0	0	reaches an import	sub_51dd00
0x0051dde0	SKIP	0	0	reaches an import	??_Gthunk1_Console@@UAEPAXI@Z
0x0051ddf0	SKIP	0	0	reaches an import	??_GConsole@@UAEPAXI@Z
0x0051de30	SKIP	0	0	reaches an import	?on_lose_mouse_capture@thunk4_MapWin@@QAEXXZ
0x0051de40	SKIP	0	0	reaches an import	?on_redraw@thunk4_MapWin@@QAEXXZ
0x0051de50	PASS	16	11		?on_resize@thunk4_MapWin@@QAEXHH@Z
0x0051de60	PASS	16	14		?on_sys_close@thunk1_Console@@QAEXXZ
0x0051de70	SKIP	0	0	reaches an import	?on_mouse_move@thunk4_MapWin@@QAEXHH@Z
0x0051de80	SKIP	0	0	reaches an import	?on_left_click@thunk4_MapWin@@QAEXHH@Z
0x0051de90	SKIP	0	0	reaches an import	?on_left_down@thunk4_MapWin@@QAEXHH@Z
0x0051dea0	PASS	16	16		?on_left_up@thunk4_MapWin@@QAEXHH@Z
0x0051deb0	SKIP	0	0	reaches an import	?on_right_click@thunk4_MapWin@@QAEXHH@Z
0x0051dec0	SKIP	0	0	reaches an import	?on_right_down@thunk4_MapWin@@QAEXHH@Z
0x0051ded0	SKIP	0	0	reaches an import	?on_key_click@thunk1_Console@@QAEHHH@Z
0x0051dee0	PASS	16	16		?on_left_double_click@thunk4_MapWin@@QAEXHH@Z
0x0051def0	SKIP	0	0	reaches an import	?on_nc_mouse_move@thunk1_Console@@QAEXHH@Z
0x0051df00	SKIP	0	0	reaches an import	?on_nc_left_down@thunk1_Console@@QAEXHH@Z
0x0051df10	SKIP	0	0	reaches an import	?on_nc_left_up@thunk1_Console@@QAEXHH@Z
0x0051df20	SKIP	0	0	reaches an import	?on_button_clicked@thunk4_MapWin@@QAEXH@Z
0x0051df30	SKIP	0	0	reaches an import	?on_post_redraw_nc_buffer@thunk1_Console@@QAEXPAUBuffer@@H@Z
0x0051df40	INCONCLUSIVE-original-fault	16	0	INCONCLUSIVE-original-fault code 0xc0000005 at 0x0050f6d2 after 0 steps	?on_nc_hittest@thunk1_Console@@QAEXHH@Z
0x0051df50	SKIP	0	0	reaches an import	??_Gthunk2_Console@@UAEPAXI@Z
0x0051df70	SKIP	0	0	reaches an import	??3AlphaMenu@@SAXPAXI@Z
0x0051df80	SKIP	0	0	calls a body the lift does not have	sub_51df80
0x0051dfb0	SKIP	0	0	uses fs: (SEH chain is not in the image)	sub_51dfb0
0x0051dfd0	PASS	16	16		sub_51dfd0
0x0051e000	SKIP	0	0	reaches an import	?read_tamper@@YAXXZ
0x0051e090	SKIP	0	0	reaches an import	?set_tamper@@YAXXZ
0x0051e110	SKIP	0	0	reaches an import	?check_tamper@@YAXXZ
0x0051e390	PASS	16	16		?clear_tamper@@YAXXZ
0x0051e3c0	PASS	16	16		?clear_all_player_messages@@YAXXZ
0x0051e480	PASS	16	6		sub_51e480
0x0051e530	SKIP	0	0	reaches an import	sub_51e530
0x0051e6f0	SKIP	0	0	reaches an import	sub_51e6f0
0x0051e760	SKIP	0	0	reaches an import	?do_checksums@@YAXH@Z
0x0051f0c0	SKIP	0	0	reaches an import	?help_spock@@YAXXZ
0x0051f1b0	SKIP	0	0	reaches an import	?check_spock@@YAXXZ
0x0051f200	SKIP	0	0	reaches an import	?wait_loop@@YAXXZ
0x0051f2c0	SKIP	0	0	reaches an import	?wait_2@@YAXXZ
0x0051f2e0	SKIP	0	0	reaches an import	?random_events@@YAXH@Z
0x00522180	SKIP	0	0	reaches an import	?alien_fauna@@YAXXZ
0x00522f00	SKIP	0	0	reaches an import	?do_fungal_towers@@YAXXZ
0x005230e0	SKIP	0	0	reaches an import	?interlude@@YAXHPADHH@Z
0x00523b50	SKIP	0	0	reaches an import	?ascent@@YAXXZ
0x00523c60	PASS	16	16		?set_time_controls@@YAXXZ
0x00523dd0	SKIP	0	0	reaches an import	?reset_territory@@YAXXZ
0x00524210	SKIP	0	0	reaches an import	?climactic_changes@@YAXXZ
0x005242c0	SKIP	0	0	reaches an import	sub_5242c0
0x00524320	INCONCLUSIVE-original-fault	16	0	INCONCLUSIVE-original-fault code 0xc0000005 at 0x00000048 after 0 steps	sub_524320
0x00524340	INCONCLUSIVE-original-fault	16	0	INCONCLUSIVE-original-fault code 0xc0000005 at 0x00524348 after 0 steps	Demo::timer_callback
0x00524370	PASS	16	16		sub_524370
0x005243a0	INCONCLUSIVE-original-fault	16	0	INCONCLUSIVE-original-fault code 0xc0000005 at 0x009e0d00 after 0 steps	sub_5243a0
0x00524460	SKIP	0	0	reaches an import	Demo__init
0x005247b0	PASS	16	2		?generators@@YAHHPAH@Z
0x00524870	SKIP	0	0	reaches an import	?end_of_game@@YAHH@Z
0x005258c0	SKIP	0	0	reaches an import	?turn_upkeep@@YAXXZ
0x00526030	SKIP	0	0	reaches an import	?repair_phase@@YAXH@Z
0x005267b0	SKIP	0	0	reaches an import	?allocate_energy@@YAXH@Z
0x00526e70	SKIP	0	0	reaches an import	?production_phase@@YAXH@Z
0x00527290	SKIP	0	0	reaches an import	?faction_upkeep@@YAXH@Z
0x005275b0	SKIP	0	0	reaches an import	?control_turn@@YAXXZ
0x00528ea0	SKIP	0	0	reaches an import	?net_upkeep_phase@@YAHH@Z
0x005290a0	SKIP	0	0	reaches an import	?net_upkeep@@YAXXZ
0x00529c00	SKIP	0	0	reaches an import	?mash_planes@@YAXXZ
0x00529e70	SKIP	0	0	reaches an import	?net_not_my_turn@@YAXXZ
0x00529f30	SKIP	0	0	reaches an import	?net_end_of_turn@@YAXXZ
0x0052a2e0	SKIP	0	0	reaches an import	?net_control_turn@@YAXXZ
0x0052a980	PASS	16	16		sub_52a980
0x0052a9b0	SKIP	0	0	reaches an import	sub_52a9b0
0x0052aa30	SKIP	0	0	reaches an import	?control_game@@YAXXZ
0x0052ad30	PASS	16	5		?council_votes@@YAHH@Z
0x0052ae20	PASS	16	7		?eligible@@YAHH@Z
0x0052aeb0	PASS	16	15		?wants_prop@@YAHHHH@Z
0x0052be60	PASS	16	1		?council_get_vote@@YAHHHH@Z
0x0052bf60	SKIP	0	0	reaches an import	?council_action@@YAXHH@Z
0x0052c670	SKIP	0	0	reaches an import	?can_call_council@@YAHHH@Z
0x0052c880	SKIP	0	0	reaches an import	?call_council@@YAXH@Z
0x0052dac0	SKIP	0	0	uses fs: (SEH chain is not in the image)	??__Eg_CURSOR_SPRITES@@YAXXZ
0x0052daf0	SKIP	0	0	uses fs: (SEH chain is not in the image)	??__Fg_CURSOR_SPRITES@@YAXXZ
0x0052db10	SKIP	0	0	reaches an import	??__Eg_NETDAEMON@@YAXXZ
0x0052db30	SKIP	0	0	reaches an import	??__Fg_NETDAEMON@@YAXXZ
0x0052db40	PASS	16	16		sub_52db40
0x0052db70	PASS	16	16		sub_52db70
0x0052dba0	PASS	16	16		?current_server@@YAHXZ
0x0052dbf0	SKIP	0	0	reaches an import	?next_player_turn@@YAHXZ
0x0052dc70	PASS	16	16		?not_my_turn@@YAHXZ
0x0052dca0	PASS	16	15		??0DeletionList@@QAE@XZ
0x0052dcd0	PASS	16	5		?clear@DeletionList@@QAEXH@Z
0x0052dcf0	PASS	16	13		?UNK1@DeletionList@@QAEHXZ
0x0052dd10	PASS	16	12		?UNK2@DeletionList@@QAEHH@Z
0x0052dd50	PASS	16	15		?ack@DeletionList@@QAEXHH@Z
0x0052ddc0	SKIP	0	0	reaches an import	?convert@DeletionList@@QAEHHH@Z
0x0052de70	SKIP	0	0	reaches an import	?add_deletion@DeletionList@@QAEHH@Z
0x0052df30	SKIP	0	0	reaches an import	?init@NetDaemon@@QAEHH@Z
0x0052e050	SKIP	0	0	reaches an import	?hang_up@NetDaemon@@QAEXXZ
0x0052e160	SKIP	0	0	reaches an import	?on_player_added@NetDaemon@@QAEXPADK@Z
0x0052e370	SKIP	0	0	reaches an import	?on_player_deleted@NetDaemon@@QAEXPADK@Z
0x0052e900	SKIP	0	0	reaches an import	?send_game@NetDaemon@@QAEXXZ
0x0052ed40	SKIP	0	0	reaches an import	?send_files@NetDaemon@@QAEHXZ
0x0052f520	SKIP	0	0	reaches an import	?send_rules@NetDaemon@@QAEXXZ
0x0052f8e0	SKIP-trap	3	0	trap at 0x005390a8: loop	?game_checksum@NetDaemon@@QAEXPAH@Z
0x00530320	SKIP	0	0	reaches an import	?receive@NetDaemon@@QAEHXZ
0x00530360	SKIP	0	0	reaches an import	?net_tasks@NetDaemon@@QAEXXZ
0x005303b0	SKIP	0	0	reaches an import	?wait@NetDaemon@@QAEHPADPAHHH@Z
0x005304a0	SKIP	0	0	reaches an import	?open_channel@NetDaemon@@QAEHHH@Z
0x00530600	SKIP	0	0	reaches an import	?close_channel@NetDaemon@@QAEXXZ
0x00530630	SKIP	0	0	reaches an import	?lock@NetDaemon@@QAEHHHHHHH@Z
0x00530920	SKIP	0	0	reaches an import	?add_lock@NetDaemon@@QAEHHHH@Z
0x00530aa0	SKIP	0	0	reaches an import	?add_global@NetDaemon@@QAEHXZ
0x00530d00	SKIP	0	0	reaches an import	?unlock@NetDaemon@@QAEXXZ
0x00530d50	SKIP	0	0	reaches an import	?lock_base@NetDaemon@@QAEHHHHH@Z
0x00530e50	SKIP	0	0	reaches an import	?unlock_base@NetDaemon@@QAEXH@Z
0x00531020	SKIP	0	0	reaches an import	?lock_veh@NetDaemon@@QAEHPAHHHHH@Z
0x005310f0	SKIP	0	0	reaches an import	?unlock_veh@NetDaemon@@QAEXXZ
0x00531150	SKIP	0	0	reaches an import	?automated_lock@NetDaemon@@QAEHPAHH@Z
0x00531300	SKIP	0	0	reaches an import	?await_exec@NetDaemon@@QAEXH@Z
0x00531480	SKIP	0	0	reaches an import	?await_synch@NetDaemon@@QAEXXZ
0x005315c0	SKIP	0	0	reaches an import	?await_diplo@NetDaemon@@QAEXH@Z
0x00531700	SKIP	0	0	reaches an import	?maybe_lock@NetDaemon@@QAEHPAHHHHHH@Z
0x00531780	SKIP	0	0	reaches an import	?order_veh@NetDaemon@@QAEHHHH@Z
0x00532140	SKIP	0	0	reaches an import	?veh_drop@NetDaemon@@QAEHHHH@Z
0x00532570	SKIP	0	0	reaches an import	?action@NetDaemon@@QAEHHH@Z
0x005328c0	SKIP	0	0	reaches an import	?end_of_event@NetDaemon@@QAEHHH@Z
0x00532940	SKIP	0	0	reaches an import	?send_message@NetDaemon@@QAEXPADKH@Z
0x00532a50	PASS	16	4		sub_532a50
0x00532a90	PASS	16	16		?rebuild_vehicle_bits@@YAXXZ
0x00532b70	PASS	16	16		?rebuild_base_bits@@YAXXZ
0x00532c30	SKIP	0	0	reaches an import	?synch_display@@YAXHHHH@Z
0x00532e00	SKIP	0	0	reaches an import	?synch@NetDaemon@@QAEXFHHHPADHF@Z
0x00534330	SKIP	0	0	reaches an import	?fixup_message@NetDaemon@@QAEHPAD@Z
0x00534400	SKIP	0	0	reaches an import	?process_message@NetDaemon@@QAEXPADKH@Z
0x005389f0	SKIP	0	0	reaches an import	??0NetDaemon@@QAE@XZ
0x00538b60	SKIP	0	0	reaches an import	??1AlphaNet@@QAE@XZ
0x00538d10	SKIP	0	0	reaches an import	??1NetDaemon@@QAE@XZ
0x00538ec0	PASS	16	4		??1JackalVoiceRx@@QAE@XZ
0x00538f30	SKIP	0	0	reaches an import	?danger@@YAXPADPADHHH@Z
0x00538fb0	SKIP	0	0	reaches an import	?my_srand@@YAHH@Z
0x00538fe0	SKIP	0	0	reaches an import	?checksum_file@@YAEPAD@Z
0x00539090	SKIP-trap	3	1	trap at 0x005390a8: loop	?checksum@@YAEPADHE@Z
0x005390c0	SKIP	0	0	reaches an import	?checksum_password@@YAHPAD@Z
0x00539160	PASS	16	16		?auto_contact@@YAHXZ
0x005391a0	SKIP	0	0	calls a body the lift does not have	sub_5391a0
0x005391c0	SKIP	0	0	reaches an import	?net_treaty_on@@YAXHHHH@Z
0x00539230	SKIP	0	0	reaches an import	?net_treaty_off@@YAXHHHH@Z
0x005392a0	SKIP	0	0	reaches an import	?net_set_treaty@@YAXHHHHH@Z
0x00539310	SKIP	0	0	reaches an import	?net_agenda_on@@YAXHHHH@Z
0x00539380	SKIP	0	0	reaches an import	?net_agenda_off@@YAXHHHH@Z
0x005393f0	SKIP	0	0	reaches an import	?net_set_agenda@@YAXHHHHH@Z
0x00539460	SKIP	0	0	reaches an import	?net_energy@@YAXHHHHH@Z
0x00539510	SKIP	0	0	reaches an import	?net_loan@@YAXHHHH@Z
0x00539580	SKIP	0	0	reaches an import	?net_maps@@YAXHHH@Z
0x005395f0	SKIP	0	0	reaches an import	?net_tech@@YAXHHHH@Z
0x00539660	SKIP	0	0	reaches an import	?net_pact_ends@@YAXHHH@Z
0x005396d0	SKIP	0	0	reaches an import	?net_withdrawal@@YAXHHH@Z
0x00539740	SKIP	0	0	reaches an import	?net_cede_base@@YAXHHH@Z
0x005397b0	SKIP	0	0	reaches an import	?net_double_cross@@YAXHHHH@Z
0x00539820	SKIP	0	0	reaches an import	?diplo_lock@@YAHH@Z
0x005398c0	SKIP	0	0	reaches an import	?diplo_unlock@@YAXXZ
0x005398e0	SKIP	0	0	reaches an import	?pop_wait@@YAHXZ
0x00539920	SKIP	0	0	reaches an import	?pop_expire@@YAHXZ
0x00539970	SKIP	0	0	reaches an import	sub_539970
0x005399a0	SKIP	0	0	reaches an import	?diplomacy_caption@@YAXHH@Z
0x00539b70	PASS	16	16		?great_beelzebub@@YAHHH@Z
0x00539c00	PASS	16	16		?great_satan@@YAHHH@Z
0x00539d40	PASS	16	16		?aah_ooga@@YAHHH@Z
0x00539e40	PASS	16	16		?climactic_battle@@YAHXZ
0x00539ef0	PASS	16	16		?at_climax@@YAHH@Z
0x0053a030	PASS	16	4		?cause_friction@@YAXHHH@Z
0x0053a090	PASS	16	16		?get_mood@@YAHH@Z
0x0053a100	PASS	16	4		?reputation@@YAHHH@Z
0x0053a150	PASS	16	3		?get_patience@@YAHHH@Z
0x0053a1c0	PASS	16	16		?energy_value@@YAHH@Z
0x0053a230	SKIP	0	0	reaches an import	?mention_prototypes@@YAXHH@Z
0x0053a4a0	PASS	16	6		?scan_prototypes@@YAXHH@Z
0x0053a780	SKIP	0	0	reaches an import	?contiguous@@YAHHHHH@Z
0x0053a980	SKIP	0	0	reaches an import	?diplomacy_check@@YAXHHH@Z
0x0053c370	SKIP	0	0	reaches an import	?pact_withdraw@@YAHHH@Z
0x0053c650	SKIP	0	0	reaches an import	?pact_ends@@YAXHH@Z
0x0053caf0	SKIP	0	0	reaches an import	?pact_of_brotherhood@@YAXHH@Z
0x0053ce10	SKIP	0	0	reaches an import	?make_treaty@@YAXHH@Z
0x0053d160	SKIP	0	0	reaches an import	?pledge_truce@@YAXHHH@Z
0x0053d360	SKIP	0	0	reaches an import	?introduce@@YAXHH@Z
0x0053dce0	SKIP	0	0	reaches an import	?wants_to_speak@@YAHHH@Z
0x0053e470	SKIP	0	0	reaches an import	?diplomacy_ends@@YAXHH@Z
0x0053e4c0	SKIP	0	0	reaches an import	?demands_withdrawal@@YAXHH@Z
0x0053e5c0	SKIP	0	0	reaches an import	?renounce_pact@@YAXHH@Z
0x0053e800	SKIP	0	0	calls a body the lift does not have	?tech_analysis@@YAXHH@Z
0x0053eb50	SKIP	0	0	reaches an import	?buy_council_vote@@YAXHHHH@Z
0x005401a0	SKIP	0	0	reaches an import	?buy_tech@@YAHHHHHH@Z
0x00540630	SKIP	0	0	reaches an import	?energy_trade@@YAHHH@Z
0x00541100	SKIP	0	0	reaches an import	?tech_trade@@YAHHHHHH@Z
0x00543a20	SKIP	0	0	reaches an import	?trade_maps@@YAXHH@Z
0x00543bc0	SKIP	0	0	reaches an import	?propose_pact@@YAHHH@Z
0x00544e40	SKIP	0	0	reaches an import	?propose_treaty@@YAHHH@Z
0x00545d60	SKIP	0	0	reaches an import	?propose_trade_maps@@YAXHH@Z
0x00545e80	SKIP	0	0	reaches an import	?propose_attack@@YAHHH@Z
0x00547c10	SKIP	0	0	reaches an import	?make_gift@@YAXHH@Z
0x00548dd0	SKIP	0	0	reaches an import	?dont_withdrawal@@YAHHH@Z
0x00548f80	SKIP	0	0	reaches an import	?do_withdrawal@@YAHHH@Z
0x00549270	SKIP	0	0	reaches an import	?demand_withdrawal@@YAHHH@Z
0x00549930	SKIP	0	0	reaches an import	?threaten@@YAXHH@Z
0x0054acc0	SKIP	0	0	calls a body the lift does not have	?suggest_plan@@YAHHH@Z
0x0054afa0	SKIP	0	0	calls a body the lift does not have	?attack_from@@YAHHH@Z
0x0054b140	SKIP	0	0	reaches an import	?battle_routine@@YAXH@Z
0x0054b1c0	SKIP	0	0	reaches an import	?battle_plans@@YAXHH@Z
0x0054bec0	SKIP	0	0	reaches an import	?call_off_vendetta@@YAXHH@Z
0x0054c560	SKIP	0	0	reaches an import	?diplomacy_menu@@YAHHH@Z
0x0054cb50	SKIP	0	0	reaches an import	?value_of_base@@YAHHHHHH@Z
0x0054cf40	SKIP	0	0	reaches an import	?give_a_base@@YAXHH@Z
0x0054d410	SKIP	0	0	reaches an import	?base_swap@@YAXHH@Z
0x0054dc90	SKIP	0	0	reaches an import	sub_54dc90
0x0054dcf0	SKIP	0	0	reaches an import	?proposal_menu@@YAHHH@Z
0x0054f420	SKIP	0	0	reaches an import	?make_a_proposal@@YAXHHH@Z
0x0054ffd0	SKIP	0	0	reaches an import	?communicate@@YAXHHH@Z
0x005589e0	SKIP	0	0	reaches an import	?commlink_attempter@@YAHHH@Z
0x00558c60	SKIP	0	0	reaches an import	?commlink_attempt@@YAXH@Z
0x00558fc0	SKIP	0	0	reaches an import	?exec@BasePop@@QAEHP6AHXZ@Z
0x00558fe0	SKIP	0	0	reaches an import	?item@BasePop@@QAEHPADH@Z
0x00559000	SKIP	0	0	reaches an import	sub_559000
0x00559040	SKIP	0	0	reaches an import	?start@Popup@@QAEXPBDH@Z
0x00559060	PASS	16	5		?get_name@@YAPADH@Z
0x005590a0	FAIL	16	7	flags OF differ; blamed instruction at 0x005590bb	?get_title@@YAPADH@Z
0x005590e0	PASS	16	16		?get_adjective_leader@@YAPADH@Z
0x00559100	PASS	16	16		?get_adjective_insult_leader@@YAPADH@Z
0x00559120	PASS	16	16		?get_adjective_faction@@YAPADH@Z
0x00559140	PASS	16	16		?get_adjective_insult_faction@@YAPADH@Z
0x00559160	PASS	16	5		?get_insult_leader@@YAPADH@Z
0x005591a0	SKIP	0	0	calls a body the lift does not have	?say_tech@@YAXHH@Z
0x005591c0	PASS	16	16		?bad_reg@@YAHH@Z
0x005591e0	PASS	16	4		?has_agenda@@YAHHHH@Z
0x00559210	PASS	16	15		sub_559210
0x00559230	SKIP	0	0	uses fs: (SEH chain is not in the image)	??__Eg_FONTQUEUE_VAL2@@YAXXZ
0x00559250	SKIP	0	0	uses fs: (SEH chain is not in the image)	??__Fg_FONTQUEUE_VAL2@@YAXXZ
0x00559260	SKIP	0	0	uses fs: (SEH chain is not in the image)	??__Eg_FONTQUEUE_VAL1@@YAXXZ
0x00559280	SKIP	0	0	uses fs: (SEH chain is not in the image)	??__Fg_FONTQUEUE_VAL1@@YAXXZ
0x00559290	SKIP	0	0	uses fs: (SEH chain is not in the image)	??0FontQueue@@QAE@XZ
0x005592d0	SKIP	0	0	reaches an import	?get_zoom@FontQueue@@QAEHHHHH@Z
0x005593e0	INCONCLUSIVE-original-timeout	2	0	INCONCLUSIVE-original-timeout code 0xdead100 at 0x00559415 after 0 steps	?pick_top_veh@@YAHH@Z
0x005594f0	SKIP	0	0	reaches an import	?veh_draw@@YAHPAUBuffer@@HHHHHH@Z
0x0055a150	SKIP	0	0	reaches an import	?veh_scoot@@YAXHHHHH@Z
0x0055af20	SKIP	0	0	reaches an import	?base_draw@@YAXPAUBuffer@@HHHHH@Z
0x0055b740	SKIP	0	0	uses fs: (SEH chain is not in the image)	??1FontQueue@@QAE@XZ
0x0055b750	PASS	16	14		??1Vector@@QAE@XZ
0x0055b760	PASS	16	4		?treaty_off@@YAXHHH@Z
0x0055b820	PASS	16	2		?agenda_off@@YAXHHH@Z
0x0055b870	SKIP	0	0	reaches an import	?treaty_on@@YAXHHH@Z
0x0055ba80	PASS	16	6		?agenda_on@@YAXHHH@Z
0x0055bb30	PASS	16	1		?set_treaty@@YAXHHHH@Z
0x0055bba0	PASS	16	3		?set_agenda@@YAXHHHH@Z
0x0055bc00	PASS	16	4		?spying@@YAHH@Z
0x0055bc80	PASS	16	4		?wants_to_attack@@YAHHHH@Z
0x0055c430	SKIP	0	0	reaches an import	?comm_check@@YAXHH@Z
0x0055c730	SKIP	0	0	reaches an import	?pact_attacks@@YAXHH@Z
0x0055c840	SKIP	0	0	reaches an import	?enemies_war@@YAXHH@Z
0x0055cca0	SKIP	0	0	reaches an import	?pact_unpact@@YAXHH@Z
0x0055ce20	SKIP	0	0	reaches an import	?enemies_unpact@@YAXHH@Z
0x0055d040	SKIP	0	0	reaches an import	?pact_truce@@YAXHH@Z
0x0055d190	SKIP	0	0	reaches an import	?pact_treaty@@YAXHH@Z
0x0055d2a0	SKIP	0	0	reaches an import	?enemies_team_up@@YAXHHH@Z
0x0055d430	SKIP	0	0	reaches an import	?enemies_trade_tech@@YAXHH@Z
0x0055d760	SKIP	0	0	reaches an import	?enemies_treaty@@YAXHHH@Z
0x0055e370	SKIP	0	0	reaches an import	?encounter@@YAXHHHHHH@Z
0x0055eb80	SKIP	0	0	calls a body the lift does not have	?territory@@YAHHHHPAHPAH@Z
0x0055eee0	SKIP	0	0	reaches an import	?atrocity@@YAXHHHH@Z
0x0055f450	SKIP	0	0	reaches an import	?major_atrocity@@YAXHH@Z
0x0055f770	SKIP	0	0	reaches an import	?break_treaty@@YAHHHH@Z
0x0055f930	SKIP	0	0	reaches an import	?enemy_diplomacy@@YAXH@Z
0x00560ad0	PASS	16	7		?go_to@@YAXHDHH@Z
0x00560b30	SKIP	0	0	reaches an import	?garrison_check@@YAHH@Z
0x00560d30	SKIP	0	0	reaches an import	?defensive_check@@YAHH@Z
0x00560d50	PASS	16	13		?guard_check@@YAHHH@Z
0x00560dd0	PASS	16	4		?enemy_capabilities@@YAXH@Z
0x00561080	SKIP	0	0	reaches an import	?enemy_strategy@@YAXH@Z
0x00564890	SKIP	0	0	reaches an import	?set_course@@YAXHDHH@Z
0x00564b90	SKIP	0	0	reaches an import	?assemble_passengers@@YAXHHH@Z
0x00564d90	SKIP	0	0	reaches an import	?can_convoy@@YAHHH@Z
0x00564eb0	SKIP	0	0	reaches an import	?good_sensor@@YAHHHH@Z
0x00565160	SKIP	0	0	reaches an import	sub_565160
0x00565320	SKIP	0	0	calls a body the lift does not have	?can_terraform@@YAHHHHHH@Z
0x00565f20	SKIP	0	0	reaches an import	?compute_odds@@YAHHHHHH@Z
0x005665d0	SKIP	0	0	reaches an import	?alien_base@@YAHHHH@Z
0x00566810	SKIP	0	0	reaches an import	?alien_move@@YAHH@Z
0x005678c0	SKIP	0	0	reaches an import	?air_power@@YAHHHHPAH0@Z
0x0056a8a0	SKIP	0	0	reaches an import	?enemy_planet_buster@@YAHH@Z
0x0056b320	SKIP	0	0	reaches an import	?get_there@@YAHHHH@Z
0x0056b480	SKIP	0	0	calls a body the lift does not have	?coast_or_border@@YAHHHHHH@Z
0x0056b5b0	SKIP	0	0	reaches an import	?enemy_move@@YAHH@Z
0x00579240	SKIP	0	0	reaches an import	?enemy_veh@@YAHH@Z
0x00579510	SKIP	0	0	reaches an import	?enemy_turn@@YAHH@Z
0x00579770	SKIP	0	0	calls a body the lift does not have	?rnd@@YAHHPAD@Z
0x00579790	SKIP	0	0	calls a body the lift does not have	?x_dist@@YAHHH@Z
0x005797d0	INCONCLUSIVE-original-fault	16	0	INCONCLUSIVE-original-fault code 0xc0000005 at 0x005797f8 after 0 steps	?site_at@@YAHHHH@Z
0x00579840	INCONCLUSIVE-original-fault	16	0	INCONCLUSIVE-original-fault code 0xc0000005 at 0x00579885 after 0 steps	?is_known@@YAHHHH@Z
0x005798a0	PASS	16	1		?base_who@@YAHHH@Z
0x005798e0	INCONCLUSIVE-original-fault	16	0	INCONCLUSIVE-original-fault code 0xc0000005 at 0x00579902 after 0 steps	?anything_at@@YAHHH@Z
0x00579920	INCONCLUSIVE-original-timeout	2	0	INCONCLUSIVE-original-timeout code 0xdead100 at 0x0057994b after 0 steps	?veh_top@@YAHH@Z
0x00579960	PASS	16	8		?veh_moves@@YAHH@Z
0x005799a0	PASS	16	6		?proto_power@@YAHH@Z
0x00579a00	PASS	16	5		?is_port@@YAHHH@Z
0x00579a30	PASS	16	16		?add_goal@@YAXHHHHHH@Z
0x00579b70	SKIP	0	0	reaches an import	?add_site@@YAXHHHHH@Z
0x00579cc0	PASS	16	3		?at_goal@@YAHHHHH@Z
0x00579d20	PASS	16	4		?at_site@@YAHHHHH@Z
0x00579d80	PASS	16	4		?wipe_goals@@YAXH@Z
0x00579e00	PASS	16	3		?init_goals@@YAXH@Z
0x00579e70	SKIP	0	0	calls a body the lift does not have	?del_site@@YAXHHHHH@Z
0x00579f80	PASS	16	6		?want_monolith@@YAHH@Z
0x00579ff0	SKIP	0	0	reaches an import	sub_579ff0
0x0057a050	SKIP	0	0	reaches an import	?monolith@@YAXH@Z
0x0057a660	SKIP	0	0	reaches an import	?goody_box@@YAHHH@Z
0x0057ce50	PASS	16	4		?valid_tech_leap@@YAHHH@Z
0x0057cfa0	SKIP	0	0	reaches an import	?study_artifact@@YAHH@Z
0x0057d1f0	SKIP	0	0	calls a body the lift does not have	?header_check@@YAXPADPAUFILE@@@Z
0x0057d240	SKIP	0	0	calls a body the lift does not have	?header_write@@YAXPADPAUFILE@@@Z
0x0057d270	PASS	16	15		?arm_strat@@YAHHH@Z
0x0057d2e0	PASS	16	4		?weap_strat@@YAHHH@Z
0x0057d360	PASS	16	5		?weap_val@@YAHHH@Z
0x0057d3f0	PASS	16	13		?arm_val@@YAHHH@Z
0x0057d480	PASS	16	8		?armor_val@@YAHHH@Z
0x0057d510	PASS	16	5		?transport_val@@YAHHHH@Z
0x0057d560	SKIP	0	0	calls a body the lift does not have	?say_offense@@YAXPADH@Z
0x0057d6d0	SKIP	0	0	calls a body the lift does not have	?say_defense@@YAXPADH@Z
0x0057d7d0	SKIP	0	0	calls a body the lift does not have	?say_stats_3@@YAXPADH@Z
0x0057d8e0	SKIP	0	0	calls a body the lift does not have	?say_stats_2@@YAXPADH@Z
0x0057daa0	SKIP	0	0	calls a body the lift does not have	?say_stats@@YAXPADHPAD@Z
0x0057dee0	PASS	16	8		sub_57dee0
0x0057df00	PASS	16	4		?clear_bunglist@@YAXH@Z
0x0057df30	PASS	16	2		sub_57df30
0x0057dfc0	PASS	16	16		?is_bunged@@YA_NHHHHHH@Z
0x0057e040	SKIP	0	0	calls a body the lift does not have	?name_proto@@YAXPADHHHHHHH@Z
0x0057efa0	PASS	16	16		?best_reactor@@YAHH@Z
0x0057eff0	PASS	16	16		?pick_chassis@@YAHHHH@Z
0x0057f0b0	PASS	16	16		?weapon_budget@@YAHHHH@Z
0x0057f150	PASS	16	16		?armor_budget@@YAHHH@Z
0x0057f1d0	SKIP	0	0	reaches an import	?retire_proto@@YAXHH@Z
0x0057f4b0	SKIP	0	0	reaches an import	?prune_protos@@YAXHHH@Z
0x00580860	SKIP	0	0	reaches an import	?propose_proto@@YAHHHHHHHHPAD@Z
0x00581170	PASS	16	15		?abil_index@@YAHH@Z
0x00581190	PASS	16	8		?add_abil@@YAXPAHHH@Z
0x00581260	SKIP	0	0	reaches an import	?consider_designs@@YAXH@Z
0x00583cb0	SKIP	0	0	reaches an import	?design_new_veh@@YAXHH@Z
0x00583cd0	SKIP	0	0	reaches an import	?hq_list_draw@@YAXPAUGraphicWin@@HHHHH@Z
0x00583e30	SKIP	0	0	reaches an import	?design_workshop@@YAHHH@Z
0x00584b50	PASS	16	3		?abil_cond@@YAHHHHH@Z
0x00584d00	SKIP	0	0	uses fs: (SEH chain is not in the image)	??__Eg_TOP_MENU_WAVE@@YAXXZ
0x00584d20	SKIP	0	0	reaches an import	??__Fg_TOP_MENU_WAVE@@YAXXZ
0x00584d30	SKIP	0	0	calls a body the lift does not have	sub_584d30
0x00584d60	SKIP	0	0	reaches an import	?tech_name@@YAHPAD@Z
0x00584e40	SKIP	0	0	reaches an import	?chas_name@@YAHPAD@Z
0x00584f40	SKIP	0	0	reaches an import	?weap_name@@YAHPAD@Z
0x00585030	SKIP	0	0	reaches an import	?arm_name@@YAHPAD@Z
0x00585120	SKIP	0	0	calls a body the lift does not have	?text_get_number@@YAHHH@Z
0x00585150	SKIP	0	0	reaches an import	?tech_item@@YAHXZ
0x00585170	SKIP	0	0	reaches an import	?read_basic_rules@@YAHXZ
0x00585e30	SKIP	0	0	reaches an import	?read_tech@@YAHXZ
0x00585fe0	PASS	16	9		?clear_faction@@YAXPAUPlayer@@@Z
0x00586050	SKIP	0	0	reaches an import	?read_faction@@YAXH@Z
0x00586090	SKIP	0	0	reaches an import	?read_faction@@YAXPAUPlayer@@H@Z
0x00586f30	SKIP	0	0	reaches an import	?read_factions@@YAHXZ
0x005871d0	SKIP	0	0	calls a body the lift does not have	?noun_item@@YAXPAHPAH@Z
0x00587240	SKIP	0	0	reaches an import	?read_units@@YAHXZ
0x005873c0	SKIP	0	0	reaches an import	?read_rules@@YAHH@Z
0x005882a0	SKIP	0	0	uses fs: (SEH chain is not in the image)	??__Eg_FONTS@@YAXXZ
0x005882d0	SKIP	0	0	uses fs: (SEH chain is not in the image)	??__Fg_FONTS@@YAXXZ
0x005882f0	PASS	16	16		?find_font@@YAHHH@Z
0x00588340	PASS	16	16		?scroll_normal@@YAXXZ
0x005883d0	PASS	16	16		?scroll_small@@YAXXZ
0x00588460	PASS	16	16		?popups_normal@@YAXXZ
0x00588800	PASS	16	16		sub_588800
0x005888e0	PASS	16	16		?popups_tutorial@@YAXXZ
0x005889c0	PASS	16	16		?popups_medium@@YAXXZ
0x00588a30	PASS	16	16		sub_588a30
0x00588aa0	SKIP	0	0	reaches an import	?config_popups@@YAXXZ
0x00588f90	SKIP	0	0	reaches an import	?alien_start@@YAXXZ
0x00589180	SKIP	0	0	reaches an import	?planetfall@@YAXH@Z
0x00589330	SKIP	0	0	reaches an import	?time_controls_dialog@@YAXPAUPopup@@@Z
0x00589550	SKIP	0	0	reaches an import	j_GraphicWin::close
0x00589560	SKIP	0	0	reaches an import	sub_589560
0x00589750	PASS	16	13		sub_589750
0x00589760	SKIP	0	0	reaches an import	sub_589760
0x00589870	SKIP	0	0	reaches an import	sub_589870
0x00589890	SKIP	0	0	reaches an import	sub_589890
0x005898a0	SKIP	0	0	reaches an import	?thumb_routine@@YAXH@Z
0x00589a30	SKIP	0	0	reaches an import	?change_opening@@YAHPAD@Z
0x00589b20	INCONCLUSIVE-original-fault	16	0	INCONCLUSIVE-original-fault code 0xc0000005 at 0x00589b2f after 0 steps	?close_opening@@YAXXZ
0x00589b60	SKIP	0	0	reaches an import	?init_opening@@YAHPBD@Z
0x00589d30	SKIP	0	0	reaches an import	?config_game@@YAHH@Z
0x0058c2a0	SKIP	0	0	reaches an import	?custom_planet@@YAHHH@Z
0x0058ced0	SKIP	0	0	reaches an import	?size_of_planet@@YAHH@Z
0x0058d6b0	SKIP	0	0	reaches an import	?map_menu@@YAHH@Z
0x0058db30	SKIP	0	0	reaches an import	?multiplayer_init@@YAHH@Z
0x0058e360	SKIP	0	0	reaches an import	?top_menu@@YAHH@Z
0x0058ee50	PASS	16	16		?desktop_update@@YAXXZ
0x0058ee60	SKIP	0	0	reaches an import	?desktop_init@@YAHH@Z
0x0058eff0	SKIP	0	0	reaches an import	?desktop_close@@YAXXZ
0x0058f040	SKIP	0	0	reaches an import	?system_init@@YAHXZ
0x0058f250	SKIP	0	0	reaches an import	?system_close@@YAXXZ
0x0058f2f0	SKIP	0	0	reaches an import	?game_init@@YAHHH@Z
0x0058f430	SKIP	0	0	reaches an import	?game_close@@YAXH@Z
0x0058f450	SKIP	0	0	reaches an import	?game_reload@@YAHHH@Z
0x0058f4f0	SKIP	0	0	calls a body the lift does not have	sub_58f4f0
0x0058f610	SKIP	0	0	calls a body the lift does not have	?say_special@@YAXPADPADH@Z
0x0058f700	SKIP	0	0	calls a body the lift does not have	?say_fac_special@@YAXPADPADH@Z
0x0058f810	SKIP	0	0	reaches an import	?get_phrase@@YAPADHH@Z
0x0058f8b0	SKIP	0	0	reaches an import	?get_noun_phrase@@YAPADHH@Z
0x0058f9d0	INCONCLUSIVE-original-fault	16	0	INCONCLUSIVE-original-fault code 0xc0000005 at 0x0058fa09 after 0 steps	?get_pact@@YAPADH@Z
0x0058fa20	INCONCLUSIVE-original-fault	16	0	INCONCLUSIVE-original-fault code 0xc0000005 at 0x0058fa59 after 0 steps	?get_pacts@@YAPADH@Z
0x0058fa70	INCONCLUSIVE-original-fault	16	0	INCONCLUSIVE-original-fault code 0xc0000005 at 0x0058faef after 0 steps	?get_pacts@@YAPADHH@Z
0x0058fb00	INCONCLUSIVE-original-fault	16	0	INCONCLUSIVE-original-fault code 0xc0000005 at 0x0058fb56 after 0 steps	?get_pact_hood@@YAPADHH@Z
0x0058fb70	SKIP	0	0	reaches an import	sub_58fb70
0x0058fbc0	SKIP	0	0	reaches an import	?get_his_her@@YAPADHH@Z
0x0058fc50	SKIP	0	0	reaches an import	?get_him_her@@YAPADHH@Z
0x0058fce0	SKIP	0	0	reaches an import	?get_he_she@@YAPADHH@Z
0x0058fd70	PASS	16	14		?clear@SquareLock@@QAEXXZ
0x0058fd90	PASS	16	16		?unlock@SquareLock@@QAEXH@Z
0x0058fe80	PASS	16	15		?lock@SquareLock@@QAEHHHHH@Z
0x0058ff70	PASS	16	16		?clear@PlayerLock@@QAEXXZ
0x0058ffa0	PASS	16	15		?active@PlayerLock@@QAEXXZ
0x0058ffc0	PASS	16	15		?unlock@PlayerLock@@QAEXH@Z
0x00590000	PASS	16	16		?lock@PlayerLock@@QAEHHHHHHHH@Z
0x005900a0	PASS	16	15		?add_lock@PlayerLock@@QAEHHHHH@Z
0x005900d0	PASS	16	15		?clear@Lock@@QAEXXZ
0x00590140	PASS	16	16		?reset_map@Lock@@QAEXXZ
0x00590170	PASS	16	6		?unlock@Lock@@QAEXH@Z
0x005901d0	SKIP	0	0	reaches an import	?check_global@Lock@@QAEXXZ
0x00590240	PASS	16	16		?check_global_2@Lock@@QAEHH@Z
0x005902c0	PASS	16	15		?global_lock@Lock@@QAEHH@Z
0x00590300	SKIP	0	0	reaches an import	?lock@Lock@@QAEHHHHHHHH@Z
0x00590470	PASS	16	10		?add_lock@Lock@@QAEHHHHH@Z
0x005904a0	PASS	16	15		?any_locks@Lock@@QAEHXZ
0x00590500	PASS	16	16		sub_590500
0x00590510	SKIP	0	0	calls a body the lift does not have	?say_reactor@@YAXPAXHH@Z
0x005905c0	SKIP	0	0	calls a body the lift does not have	?say_weapon@@YAXPAXHH@Z
0x005906f0	SKIP	0	0	calls a body the lift does not have	?say_armor@@YAXPAXHH@Z
0x00590800	SKIP	0	0	calls a body the lift does not have	?say_chassis@@YAXPAXHH@Z
0x00590910	SKIP	0	0	calls a body the lift does not have	?say_facility@@YAXPAXHH@Z
0x00590990	SKIP	0	0	calls a body the lift does not have	?say_project@@YAXPAXHH@Z
0x00590a10	SKIP	0	0	calls a body the lift does not have	?say_society@@YAXPAXHH@Z
0x00590aa0	SKIP	0	0	calls a body the lift does not have	?say_ability@@YAXPAXHH@Z
0x00590b30	SKIP	0	0	calls a body the lift does not have	?say_techs@@YAXPAXHH@Z
0x00590ba0	SKIP	0	0	calls a body the lift does not have	?say_vehicles@@YAXPAXHH@Z
0x00590cb0	PASS	16	16		sub_590cb0
0x00590cd0	INCONCLUSIVE-original-fault	16	0	INCONCLUSIVE-original-fault code 0xc0000005 at 0x009de768 after 0 steps	sub_590cd0
0x00590cf0	INCONCLUSIVE-original-fault	16	0	INCONCLUSIVE-original-fault code 0xc0000005 at 0x00000044 after 0 steps	sub_590cf0
0x00590d10	PASS	16	13		sub_590d10
0x00590d40	PASS	16	16		sub_590d40
0x00590d60	PASS	16	14		sub_590d60
0x00590d70	PASS	16	15		sub_590d70
0x00590dc0	SKIP	0	0	reaches an import	sub_590dc0
0x00590e90	SKIP	0	0	reaches an import	?map_shutdown@@YAXXZ
0x00590ed0	SKIP	0	0	reaches an import	?map_init@@YAXXZ
0x00591040	PASS	16	16		?map_wipe@@YAXXZ
0x005910b0	SKIP	0	0	calls a body the lift does not have	?map_write@@YAHPAUFILE@@@Z
0x00591130	SKIP	0	0	reaches an import	?map_read@@YAHPAUFILE@@@Z
0x00591210	PASS	16	9	passed on the seeds that could be judged; 1 case(s) thrown out - the original read the unmodellable top 64 KiB	?abstract_at@@YAHHH@Z
0x00591230	HANG	0	0	the run stopped making progress here	?abstract_set@@YAXHHE@Z
0x00591260	INCONCLUSIVE-original-fault	16	0	INCONCLUSIVE-original-fault code 0xc0000005 at 0x00591282 after 0 steps	?alt_put_detail@@YAXHHH@Z
0x00591290	SKIP	0	0	reaches an import	?alt_set@@YAXHHH@Z
0x005918a0	INCONCLUSIVE-original-fault	16	0	INCONCLUSIVE-original-fault code 0xc0000005 at 0x005918c5 after 0 steps	?alt_natural@@YAHHH@Z
0x005918f0	SKIP	0	0	reaches an import	?alt_set_both@@YAXHHH@Z
0x005919c0	INCONCLUSIVE-original-fault	16	0	INCONCLUSIVE-original-fault code 0xc0000005 at 0x005919f1 after 0 steps	?elev_at@@YAHHH@Z
0x00591a80	INCONCLUSIVE-original-fault	16	0	INCONCLUSIVE-original-fault code 0xc0000005 at 0x00591aab after 0 steps	?climate_set@@YAXHHH@Z
0x00591ad0	INCONCLUSIVE-original-fault	16	0	INCONCLUSIVE-original-fault code 0xc0000005 at 0x00591aef after 0 steps	?temp_set@@YAXHHH@Z
0x00591b10	INCONCLUSIVE-original-fault	16	0	INCONCLUSIVE-original-fault code 0xc0000005 at 0x00591b2f after 0 steps	?owner_set@@YAXHHH@Z
0x00591b50	INCONCLUSIVE-original-fault	16	0	INCONCLUSIVE-original-fault code 0xc0000005 at 0x00591b6f after 0 steps	?site_set@@YAXHHH@Z
0x00591b90	INCONCLUSIVE-original-fault	16	0	INCONCLUSIVE-original-fault code 0xc0000005 at 0x00591bb2 after 0 steps	?region_set@@YAXHHH@Z
0x00591bc0	INCONCLUSIVE-original-fault	16	0	INCONCLUSIVE-original-fault code 0xc0000005 at 0x00591bdf after 0 steps	?rocky_set@@YAXHHH@Z
0x00591c10	INCONCLUSIVE-original-fault	16	0	INCONCLUSIVE-original-fault code 0xc0000005 at 0x00591c2f after 0 steps	?using_set@@YAXHHH@Z
0x00591c50	INCONCLUSIVE-original-fault	16	0	INCONCLUSIVE-original-fault code 0xc0000005 at 0x00591c7b after 0 steps	?lock_set@@YAHHHH@Z
0x00591c90	INCONCLUSIVE-original-fault	16	0	INCONCLUSIVE-original-fault code 0xc0000005 at 0x00591caf after 0 steps	?lock_map@@YAHHHH@Z
0x00591cf0	INCONCLUSIVE-original-fault	16	0	INCONCLUSIVE-original-fault code 0xc0000005 at 0x00591d0f after 0 steps	?unlock_map@@YAXHHH@Z
0x00591d30	INCONCLUSIVE-original-fault	16	0	INCONCLUSIVE-original-fault code 0xc0000005 at 0x00591d52 after 0 steps	?bit_put@@YAXHHH@Z
0x00591d60	INCONCLUSIVE-original-fault	16	0	INCONCLUSIVE-original-fault code 0xc0000005 at 0x00591d98 after 0 steps	?bit_set@@YAXHHHH@Z
0x00591db0	INCONCLUSIVE-original-fault	16	0	INCONCLUSIVE-original-fault code 0xc0000005 at 0x00591de8 after 0 steps	?bit2_set@@YAXHHHH@Z
0x00591e00	INCONCLUSIVE-original-fault	16	0	INCONCLUSIVE-original-fault code 0xc0000005 at 0x00591e1f after 0 steps	?code_set@@YAXHHH@Z
0x00591e50	PASS	16	1		?synch_bit@@YAXHHH@Z
0x00591e90	PASS	16	6		sub_591e90
0x00591f00	PASS	16	1		?minerals_at@@YAHHH@Z
0x00592030	INCONCLUSIVE-original-fault	16	0	INCONCLUSIVE-original-fault code 0xc0000005 at 0x00592058 after 0 steps	?bonus_at@@YAHHHH@Z
0x00592140	INCONCLUSIVE-original-fault	16	0	INCONCLUSIVE-original-fault code 0xc0000005 at 0x00592169 after 0 steps	?goody_at@@YAHHH@Z
0x00592250	SKIP	0	0	reaches an import	?say_loc@@YAXPADHHHHH@Z
0x00592400	PASS	16	16		?site_radius@@YAXHHH@Z
0x00592480	INCONCLUSIVE-original-fault	16	0	INCONCLUSIVE-original-fault code 0xc0000005 at 0x005924a6 after 0 steps	sub_592480
0x00592550	PASS	16	1		?find_landmark@@YAHHHH@Z
0x00592600	SKIP	0	0	calls a body the lift does not have	?new_landmark@@YAHHHPAD@Z
0x00592650	SKIP	0	0	calls a body the lift does not have	?valid_landmark@@YAHHHH@Z
0x005926f0	PASS	16	16		?kill_landmark@@YAXHH@Z
0x005927d0	INCONCLUSIVE-original-fault	16	0	INCONCLUSIVE-original-fault code 0xc0000005 at 0x005927fb after 0 steps	?delete_landmark@@YAXHH@Z
0x00592940	PASS	16	16		?fixup_landmarks@@YAXXZ
0x00592a80	PASS	16	16		?set_dirty@@YAXXZ
0x00592af0	PASS	16	16		?clear_dirty@@YAXXZ
0x00592b40	SKIP	0	0	reaches an import	sub_592b40
0x00592d70	PASS	16	16		sub_592d70
0x00592d90	PASS	16	16		sub_592d90
0x00592db0	PASS	16	16		sub_592db0
0x00592de0	SKIP	0	0	reaches an import	sub_592de0
0x00592e10	SKIP	0	0	reaches an import	?message_veh@@YAXHHHH@Z
0x00592e70	SKIP	0	0	reaches an import	?message_base@@YAXHHPADH@Z
0x00592ee0	SKIP	0	0	reaches an import	?message_data@@YAXHHHHHH@Z
0x00592f50	SKIP	0	0	reaches an import	sub_592f50
0x00592ff0	SKIP	0	0	reaches an import	?message_big_data@@YAXHHPAHH@Z
0x00593090	SKIP	0	0	reaches an import	?message_lock@@YAXHHHHHHHH@Z
0x00593110	SKIP	0	0	reaches an import	?message_landmark@@YAXHHPADHHHH@Z
0x00593190	SKIP	0	0	reaches an import	?message_chat@@YAXHHPAD@Z
0x00593220	SKIP	0	0	reaches an import	?synch_veh@@YAXH@Z
0x00593250	SKIP	0	0	reaches an import	?synch_base@@YAXH@Z
0x00593280	SKIP	0	0	reaches an import	?synch_energy@@YAXH@Z
0x005932b0	SKIP	0	0	reaches an import	?synch_researching@@YAXH@Z
0x005932e0	SKIP	0	0	reaches an import	?synch_leader@@YAXH@Z
0x00593310	SKIP	0	0	reaches an import	?synch_ai@@YAXH@Z
0x00593340	SKIP	0	0	reaches an import	?synch_research@@YAXH@Z
0x00593370	SKIP	0	0	reaches an import	sub_593370
0x00593390	SKIP	0	0	reaches an import	?synch_alloc@@YAXH@Z
0x005933c0	SKIP	0	0	reaches an import	?synch_soc@@YAXH@Z
0x005933f0	SKIP	0	0	reaches an import	?synch_proto@@YAXH@Z
0x00593420	SKIP	0	0	reaches an import	?synch_obs@@YAXH@Z
0x00593450	SKIP	0	0	reaches an import	?synch_diplo@@YAXHH@Z
0x00593480	SKIP	0	0	reaches an import	sub_593480
0x005934b0	SKIP	0	0	reaches an import	?synch_template@@YAXH@Z
0x005934e0	SKIP	0	0	reaches an import	?synch_radius@@YAXH@Z
0x00593510	SKIP	0	0	calls a body the lift does not have	?hex_cost@@YAHHHHHHHH@Z
0x00593830	SKIP	0	0	calls a body the lift does not have	?quick_zoc@@YAXHHHHHPAH0@Z
0x00593a00	SKIP	0	0	reaches an import	?supply_options@@YAHHH@Z
0x005947c0	SKIP	0	0	reaches an import	?order_veh@@YAHHHH@Z
0x0059a1b0	SKIP	0	0	calls a body the lift does not have	??__EPaths@@YAXXZ
0x0059a1c0	SKIP	0	0	reaches an import	??__FPaths@@YAXXZ
0x0059a220	SKIP	0	0	reaches an import	?init@Path@@QAEXXZ
0x0059a2d0	SKIP	0	0	reaches an import	?shutdown@Path@@QAEXXZ
0x0059a320	SKIP	0	0	reaches an import	??1Path@@QAE@XZ
0x0059a370	SKIP	0	0	reaches an import	?zoc_path@Path@@QAEHHHH@Z
0x0059a530	SKIP	0	0	reaches an import	?find@Path@@QAEHHHHHHHHH@Z
0x0059bc10	SKIP	0	0	reaches an import	?move@Path@@QAEHHH@Z
0x0059c200	PASS	16	16		?make_abstract@Path@@QAEXXZ
0x0059c340	PASS	16	8		?merge@Path@@QAEXHH@Z
0x0059c3c0	SKIP	0	0	reaches an import	?territory@Path@@QAEXHHHH@Z
0x0059c520	SKIP	0	0	reaches an import	?continent@Path@@QAEXHHH@Z
0x0059c790	SKIP	0	0	reaches an import	?continents@Path@@QAEXXZ
0x0059cca0	SKIP	0	0	reaches an import	?sensors@Path@@QAEHHPAHPAH@Z
0x0059d230	SKIP	0	0	reaches an import	sub_59d230
0x0059d250	SKIP	0	0	reaches an import	?exec@PopMenu@@QAEXHHP6AHXZ@Z
0x0059d3a0	SKIP	0	0	reaches an import	?init@PopMenu@@QAEHXZ
0x0059d3b0	SKIP	0	0	reaches an import	?popm@@YAHPADPADHHP6AHXZ@Z
0x0059d690	SKIP	0	0	reaches an import	?popm@@YAHPADHHP6AHXZ@Z
0x0059d980	SKIP	0	0	reaches an import	?prefs_get@@YAPADPADPADH@Z
0x0059da20	SKIP	0	0	reaches an import	?default_prefs@@YAHXZ
0x0059daa0	SKIP	0	0	reaches an import	?default_prefs2@@YAHXZ
0x0059db20	PASS	16	16		?default_warn@@YAHXZ
0x0059db30	PASS	16	16		?default_rules@@YAHXZ
0x0059db40	SKIP	0	0	reaches an import	?prefs_get@@YAHPADHH@Z
0x0059dbd0	SKIP	0	0	reaches an import	?prefs_fac_load@@YAXXZ
0x0059dcf0	SKIP	0	0	reaches an import	?prefs_load@@YAXH@Z
0x0059e510	SKIP	0	0	reaches an import	?prefs_put@@YAXPADPAD@Z
0x0059e530	SKIP	0	0	reaches an import	?prefs_put@@YAXPADHH@Z
0x0059e5d0	SKIP	0	0	reaches an import	?prefs_save@@YAXH@Z
0x0059e950	PASS	16	16		?prefs_use@@YAXXZ
0x0059e980	SKIP	0	0	calls a body the lift does not have	?vulnerable@@YAHHHH@Z
0x0059ea80	SKIP	0	0	reaches an import	?mind_control@@YAHHHH@Z
0x0059ee50	SKIP	0	0	reaches an import	?corner_market@@YAHH@Z
0x0059eee0	SKIP	0	0	calls a body the lift does not have	?success_rates@@YAHHHHH@Z
0x0059f120	SKIP	0	0	reaches an import	?probe@@YAHHHHH@Z
0x005a5880	SKIP	0	0	calls a body the lift does not have	?say_label@@YAXH@Z
0x005a58b0	SKIP	0	0	calls a body the lift does not have	?space@@YAXXZ
0x005a58d0	SKIP	0	0	reaches an import	timeGetTime
0x005a58e0	PASS	16	16		?parse_set@@YAXHH@Z
0x005a5900	SKIP	0	0	reaches an import	?exec@BasePop@@QAEHXZ
0x005a5910	SKIP	0	0	calls a body the lift does not have	?vector_dist@@YAHHHHH@Z
0x005a5990	SKIP	0	0	reaches an import	?start@Popup@@QAEXPBD@Z
0x005a59b0	SKIP	0	0	reaches an import	?veh_put@@YAXHHH@Z
0x005a59e0	PASS	16	7		?veh_health@@YAHH@Z
0x005a5a60	PASS	16	4		?proto_cost@@YAHHHHHH@Z
0x005a5d00	PASS	16	5		?base_cost@@YAHH@Z
0x005a5d40	PASS	16	5		?make_proto@@YAXHHHHHH@Z
0x005a6270	PASS	16	5		?proto_sort@@YAXH@Z
0x005a63d0	PASS	16	8		?proto_sort_2@@YAXH@Z
0x005a6510	PASS	16	16		sub_5a6510
0x005a65a0	PASS	16	10		?radius_move@@YAHHHH@Z
0x005a65d0	PASS	16	8		?radius_move@@YAHHHHHH@Z
0x005a6630	PASS	16	16		?compass_move@@YAHHHHH@Z
0x005a66e0	SKIP	0	0	reaches an import	?encrypt_write@@YAHPAXIIPAUFILE@@@Z
0x005a67b0	SKIP	0	0	reaches an import	?encrypt_read@@YAHPAXIIPAUFILE@@@Z
0x005a6890	SKIP	0	0	reaches an import	?game_io@@YAHHPAUFILE@@@Z
0x005a6ac0	SKIP	0	0	reaches an import	?game_data@@YAHPAUFILE@@H@Z
0x005a9280	SKIP	0	0	reaches an import	?map_data@@YAHPAUFILE@@HH@Z
0x005a94f0	SKIP	0	0	reaches an import	?save_daemon@@YAHPAD@Z
0x005a96d0	PASS	16	16		?see_map_check@@YAXXZ
0x005a9760	SKIP	0	0	reaches an import	?load_daemon@@YAHPADH@Z
0x005a9b20	SKIP	0	0	reaches an import	?save_map_daemon@@YAHPAD@Z
0x005a9c10	SKIP	0	0	reaches an import	?load_map_daemon@@YAHPAD@Z
0x005a9db0	SKIP	0	0	calls a body the lift does not have	?yearmotize@@YAXPAD@Z
0x005a9eb0	SKIP	0	0	reaches an import	?save_game@@YAHH@Z
0x005aaab0	SKIP	0	0	reaches an import	?load_game@@YAHHH@Z
0x005ab600	SKIP	0	0	reaches an import	?load_map@@YAHXZ
0x005abb90	SKIP	0	0	reaches an import	?save_map@@YAXXZ
0x005abd10	SKIP	0	0	calls a body the lift does not have	?kill_auto_save@@YAXXZ
0x005abd20	SKIP	0	0	reaches an import	?auto_save@@YAXXZ
0x005abe40	SKIP	0	0	reaches an import	?load_undo@@YAXH@Z
0x005abec0	SKIP	0	0	calls a body the lift does not have	?wipe_undo@@YAXXZ
0x005abf20	SKIP	0	0	reaches an import	?auto_undo@@YAXXZ
0x005abff0	PASS	16	2		?get_rating@@YAHHH@Z
0x005ac060	PASS	16	6		?is_objective@@YAHH@Z
0x005ac110	SKIP	0	0	reaches an import	?num_objectives@@YAHHH@Z
0x005ac5a0	SKIP	0	0	reaches an import	?most_objectives@@YAHPAHPAH@Z
0x005ac630	PASS	16	16		?transcending@@YAHH@Z
0x005ac680	PASS	16	16		?ascending@@YAHH@Z
0x005ac690	SKIP	0	0	reaches an import	?rankings@@YAXH@Z
0x005acbe0	SKIP	0	0	reaches an import	?compute_score@@YAXHPAHPAHH@Z
0x005ad3b0	INCONCLUSIVE-original-fault	16	0	INCONCLUSIVE-original-fault code 0xc0000005 at 0x009d2be0 after 0 steps	?on_left_click@ReplayWin@@QAEXHH@Z
0x005ad3c0	INCONCLUSIVE-original-fault	16	0	INCONCLUSIVE-original-fault code 0xc0000005 at 0x00000014 after 0 steps	?on_right_click@ReplayWin@@QAEXHH@Z
0x005ad3d0	PASS	16	16		?on_left_double_click@ReplayWin@@QAEXHH@Z
0x005ad3e0	PASS	16	16		?on_right_double_click@ReplayWin@@QAEXHH@Z
0x005ad3f0	PASS	16	16		?on_mouse_move@ReplayWin@@QAEXHH@Z
0x005ad400	PASS	16	16		?on_right_down@ReplayWin@@QAEXHH@Z
0x005ad410	PASS	16	16		?on_left_down@ReplayWin@@QAEXHH@Z
0x005ad420	PASS	16	16		?on_left_up@ReplayWin@@QAEXHH@Z
0x005ad430	INCONCLUSIVE-original-fault	16	0	INCONCLUSIVE-original-fault code 0xc0000005 at 0x0000005c after 0 steps	?on_button_clicked@ReplayWin@@QAEXH@Z
0x005ad440	INCONCLUSIVE-original-fault	16	0	INCONCLUSIVE-original-fault code 0xc0000005 at 0x009eb540 after 0 steps	?on_key_click@ReplayWin@@QAEHHH@Z
0x005ad450	PASS	16	16		sub_5ad450
0x005ad470	PASS	16	15		sub_5ad470
0x005ad4c0	PASS	16	15		sub_5ad4c0
0x005ad500	PASS	16	15		sub_5ad500
0x005ad560	SKIP	0	0	reaches an import	?make_bases@ReplayWin@@QAEXXZ
0x005ad610	SKIP	0	0	reaches an import	?on_redraw@ReplayWin@@QAEXXZ
0x005ad720	SKIP	0	0	reaches an import	?init@ReplayWin@@QAEXXZ
0x005ad9a0	SKIP	0	0	reaches an import	?close@ReplayWin@@QAEXXZ
0x005ad9e0	SKIP	0	0	reaches an import	?timer_callback@ReplayWin@@QAEXXZ
0x005adbd0	SKIP	0	0	reaches an import	?timer_callback_daemon@ReplayWin@@QAAXH@Z
0x005adbf0	SKIP	0	0	reaches an import	?show_replay@@YAXXZ
0x005ade80	SKIP	0	0	reaches an import	?replay_base@@YAXHHHH@Z
0x005adf10	SKIP	0	0	reaches an import	??1ReplayWin@@QAE@XZ
0x005ae0b0	SKIP	0	0	reaches an import	??_GReplayWin@@UAEPAXI@Z
0x005ae0e0	SKIP	0	0	reaches an import	??3ReplayWin@@SAXPAXI@Z
0x005ae0f0	SKIP	0	0	uses fs: (SEH chain is not in the image)	??__Eg_CRASH_LANDING_WAVE@@YAXXZ
0x005ae110	SKIP	0	0	reaches an import	??__Fg_CRASH_LANDING_WAVE@@YAXXZ
0x005ae120	SKIP	0	0	reaches an import	?crash_landing@@YAXH@Z
0x005aed50	PASS	16	4		?get_plan@@YAHHH@Z
0x005aede0	SKIP	0	0	reaches an import	?time_warp@@YAXXZ
0x005b0420	SKIP	0	0	reaches an import	?balance@@YAXXZ
0x005b0a30	SKIP	0	0	reaches an import	?scenario_setup@@YAXXZ
0x005b0d70	PASS	16	2		?compute_faction_modifiers@@YAXH@Z
0x005b0e00	SKIP	0	0	reaches an import	?setup_player@@YAHHHH@Z
0x005b3380	SKIP	0	0	reaches an import	?eliminate_player@@YAHHH@Z
0x005b38d0	PASS	16	16		?clear_scenario@@YAXXZ
0x005b3920	SKIP	0	0	reaches an import	?setup_game@@YAXH@Z
0x005b4210	SKIP	0	0	calls a body the lift does not have	?social_calc@@YAXPAHPAHHHH@Z
0x005b44d0	SKIP	0	0	calls a body the lift does not have	?social_upkeep@@YAXH@Z
0x005b4550	INCONCLUSIVE-original-fault	16	0	INCONCLUSIVE-original-fault code 0xc0000005 at 0x005b4581 after 0 steps	?social_upheaval@@YAHHPAH@Z
0x005b4600	SKIP	0	0	reaches an import	?social_set@@YAXH@Z
0x005b4730	PASS	16	3		?society_avail@@YAHHHH@Z
0x005b4790	SKIP	0	0	reaches an import	?social_ai@@YAXHHHHHPAH@Z
0x005b5620	SKIP	0	0	reaches an import	?social_select@@YAXH@Z
0x005b5690	PASS	16	7		?sort@@YAXHPAHPAH@Z
0x005b5700	PASS	16	16		sub_5b5700
0x005b57d0	PASS	16	3		?spot_base@@YAXHH@Z
0x005b58e0	INCONCLUSIVE-original-timeout	2	0	INCONCLUSIVE-original-timeout code 0xdead100 at 0x005b5a1b after 0 steps	?spot_stack@@YAXHH@Z
0x005b5a70	INCONCLUSIVE-original-timeout	2	0	INCONCLUSIVE-original-timeout code 0xdead100 at 0x005b5a98 after 0 steps	?unspot_stack@@YAXH@Z
0x005b5ad0	SKIP	0	0	reaches an import	?spot_loc@@YAXHHH@Z
0x005b5e10	PASS	16	6		sub_5b5e10
0x005b5ea0	PASS	16	4		?want_to_wake@@YAHHHH@Z
0x005b6060	INCONCLUSIVE-original-timeout	2	0	INCONCLUSIVE-original-timeout code 0xdead100 at 0x005b608a after 0 steps	?wake_stack@@YAXH@Z
0x005b61a0	INCONCLUSIVE-original-fault	16	0	INCONCLUSIVE-original-fault code 0xc0000005 at 0x005b622a after 0 steps	sub_5b61a0
0x005b6260	SKIP	0	0	reaches an import	?spot_all@@YAXHH@Z
0x005b8af0	SKIP	0	0	reaches an import	?stack_put@@YAXHHH@Z
0x005b8b60	SKIP	0	0	reaches an import	?stack_sort@@YAXH@Z
0x005b8c90	SKIP	0	0	reaches an import	?stack_sort_2@@YAXH@Z
0x005b8e10	SKIP	0	0	reaches an import	?stack_fix@@YAHH@Z
0x005b8ee0	SKIP	0	0	reaches an import	?stack_veh@@YAHHH@Z
0x005b9510	SKIP	0	0	reaches an import	?stack_kill@@YAXH@Z
0x005b9580	INCONCLUSIVE-original-timeout	2	0	INCONCLUSIVE-original-timeout code 0xdead100 at 0x005b95b1 after 0 steps	?stack_check@@YAHHHHHH@Z
0x005b9c10	SKIP	0	0	uses fs: (SEH chain is not in the image)	??__Eg_WAVE_GENERAL@@YAXXZ
0x005b9c30	SKIP	0	0	reaches an import	??__Fg_WAVE_GENERAL@@YAXXZ
0x005b9c40	SKIP	0	0	calls a body the lift does not have	?say_tech@@YAXPADHH@Z
0x005b9ef0	SKIP	0	0	calls a body the lift does not have	?tech_name@@YAPADHH@Z
0x005b9f20	PASS	16	16		?has_tech@@YA_NHH@Z
0x005b9f90	PASS	16	16		?tech_recurse@@YAHHH@Z
0x005b9fe0	PASS	16	6		?tech_category@@YAHH@Z
0x005ba030	PASS	16	16		?redundant@@YAHHH@Z
0x005ba0e0	SKIP	0	0	reaches an import	?facility_avail@@YAHHHHH@Z
0x005ba910	PASS	16	2		?veh_avail@@YAHHHH@Z
0x005bab40	PASS	16	3		?terrain_avail@@YAHHHH@Z
0x005bac20	PASS	16	16		?tech_avail@@YAHHH@Z
0x005badc0	SKIP	0	0	reaches an import	?tech_secret@@YAXHH@Z
0x005bae60	PASS	16	4		?tech_effects@@YAXH@Z
0x005bb000	SKIP	0	0	reaches an import	?tech_achieved@@YAXHHHH@Z
0x005bcb60	PASS	16	8		?tech_is_preq@@YAHHHH@Z
0x005bcbe0	PASS	16	1		?tech_val@@YAHHHH@Z
0x005bdc10	SKIP	0	0	calls a body the lift does not have	?tech_ai@@YAHH@Z
0x005bdd70	PASS	16	16		?tech_mil@@YAHH@Z
0x005bdd90	PASS	16	15		?tech_tech@@YAHH@Z
0x005bddc0	PASS	16	15		?tech_infra@@YAHH@Z
0x005bddf0	PASS	16	16		?tech_colonize@@YAHH@Z
0x005bde20	SKIP	0	0	reaches an import	tech_wizard_unk1
0x005be100	PASS	16	4		?wants_prototype@@YAHHH@Z
0x005be2a0	SKIP	0	0	reaches an import	tech_wizard_unk2
0x005be380	SKIP	0	0	reaches an import	?tech_selection@@YAHH@Z
0x005be530	SKIP	0	0	reaches an import	?tech_advance@@YAHH@Z
0x005be6b0	PASS	16	3		?tech_rate@@YAHH@Z
0x005be940	SKIP	0	0	reaches an import	?tech_research@@YAXHH@Z
0x005beb70	SKIP	0	0	reaches an import	?tech_pick@@YAHHHHPAD@Z
0x005bec40	SKIP	0	0	reaches an import	??__Eg_PALETTE1@@YAXXZ
0x005bec60	SKIP	0	0	reaches an import	??__Fg_PALETTE1@@YAXXZ
0x005bec70	SKIP	0	0	reaches an import	??__Eg_PALETTE2@@YAXXZ
0x005bec90	SKIP	0	0	reaches an import	??__Fg_PALETTE2@@YAXXZ
0x005beca0	SKIP	0	0	reaches an import	?X_text_open@@YAHPADPBD@Z
0x005bed20	SKIP	0	0	reaches an import	?do_unity_crash@@YAHHHH@Z
0x005bf010	SKIP	0	0	calls a body the lift does not have	?is_sensor@@YAHHH@Z
0x005bf130	SKIP	0	0	calls a body the lift does not have	?has_temple@@YAHH@Z
0x005bf1f0	PASS	16	3		?has_abil@@YAHHH@Z
0x005bf310	SKIP	0	0	reaches an import	?X_pop@@YAHPBDP6AHXZ@Z
0x005bf330	SKIP	0	0	reaches an import	?X_pop@@YAHPADPBDP6AHXZ@Z
0x005bf350	SKIP	0	0	reaches an import	?X_pop@@YAHPADPBDPADHP6AHXZ@Z
0x005bf390	SKIP	0	0	reaches an import	?X_pop@@YAHPBDHHP6AHXZ@Z
0x005bf3c0	SKIP	0	0	reaches an import	?X_pop@@YAHPADPBDHHP6AHXZ@Z
0x005bf3f0	SKIP	0	0	reaches an import	?X_pop@@YAHPBDHP6AHXZ@Z
0x005bf420	SKIP	0	0	reaches an import	?X_pop@@YAHPADPBDHP6AHXZ@Z
0x005bf450	SKIP	0	0	reaches an import	?X_pop@@YAHPBDHPADHP6AHXZ@Z
0x005bf480	SKIP	0	0	reaches an import	?X_pop@@YAHPADPBDHPADHP6AHXZ@Z
0x005bf5d0	SKIP	0	0	reaches an import	?X_pops@@YAHPBDPAUSprite@@P6AHXZ@Z
0x005bf600	SKIP	0	0	reaches an import	?X_pops@@YAHPBDPAUSprite@@HHP6AHXZ@Z
0x005bf630	SKIP	0	0	reaches an import	?X_pops@@YAHPADPBDPAUSprite@@P6AHXZ@Z
0x005bf660	SKIP	0	0	reaches an import	?X_pops@@YAHPADPBDPAUSprite@@HHP6AHXZ@Z
0x005bf690	SKIP	0	0	reaches an import	?X_pops@@YAHPBDHHPAUSprite@@P6AHXZ@Z
0x005bf6c0	SKIP	0	0	reaches an import	?X_pops@@YAHPBDHHPAUSprite@@HHP6AHXZ@Z
0x005bf6f0	SKIP	0	0	reaches an import	?X_pops@@YAHPADPBDPADHPAUSprite@@P6AHXZ@Z
0x005bf730	SKIP	0	0	reaches an import	?X_pops@@YAHPADPBDPADHPAUSprite@@HHP6AHXZ@Z
0x005bf770	SKIP	0	0	reaches an import	?X_pops@@YAHPADPBDHHPAUSprite@@P6AHXZ@Z
0x005bf7a0	SKIP	0	0	reaches an import	?X_pops@@YAHPADPBDHHPAUSprite@@HHP6AHXZ@Z
0x005bf7d0	SKIP	0	0	reaches an import	?X_pops@@YAHPBDHPAUSprite@@P6AHXZ@Z
0x005bf800	SKIP	0	0	reaches an import	?X_pops@@YAHPBDHPAUSprite@@HHP6AHXZ@Z
0x005bf830	SKIP	0	0	reaches an import	?X_pops@@YAHPADPBDHPAUSprite@@P6AHXZ@Z
0x005bf860	SKIP	0	0	reaches an import	?X_pops@@YAHPADPBDHPAUSprite@@HHP6AHXZ@Z
0x005bf890	SKIP	0	0	reaches an import	?X_pops@@YAHPBDHPADHPAUSprite@@P6AHXZ@Z
0x005bf8c0	SKIP	0	0	reaches an import	?X_pops@@YAHPBDHPADHPAUSprite@@HHP6AHXZ@Z
0x005bf900	SKIP	0	0	reaches an import	?X_pops@@YAHPADPBDHPADHPAUSprite@@P6AHXZ@Z
0x005bf930	SKIP	0	0	reaches an import	?X_pops@@YAHPADPBDHPADHPAUSprite@@HHP6AHXZ@Z
0x005bfab0	SKIP	0	0	reaches an import	?X_pop_ask@@YAHPBDHPADP6AHXZH@Z
0x005bfae0	SKIP	0	0	reaches an import	?X_pop_ask@@YAHPADPBDHP6AHXZH@Z
0x005bfb10	SKIP	0	0	reaches an import	?X_pop_ask@@YAHPBDHP6AHXZH@Z
0x005bfb40	SKIP	0	0	reaches an import	?X_pop_ask@@YAHPADPBDPADP6AHXZH@Z
0x005bfb80	SKIP	0	0	reaches an import	?X_pop_ask@@YAHPBDPADP6AHXZH@Z
0x005bfbc0	SKIP	0	0	reaches an import	?X_pop_ask@@YAHPADPBDHPADP6AHXZH@Z
0x005bfd10	SKIP	0	0	reaches an import	?X_pop_ask_number@@YAHPBDHP6AHXZ@Z
0x005bfd30	SKIP	0	0	reaches an import	?X_pop_ask_number@@YAHPADPBDP6AHXZ@Z
0x005bfd50	SKIP	0	0	reaches an import	?X_pop_ask_number@@YAHPBDP6AHXZ@Z
0x005bfd70	SKIP	0	0	reaches an import	?X_pop_ask_number@@YAHPADPBDHP6AHXZ@Z
0x005bfe90	SKIP	0	0	reaches an import	?veh_at@@YAHHH@Z
0x005bffa0	PASS	16	4		?veh_lift@@YAXH@Z
0x005c0080	SKIP	0	0	reaches an import	?veh_drop@@YAXHHH@Z
0x005c01a0	PASS	16	5		?sleep@@YAXH@Z
0x005c01d0	INCONCLUSIVE-original-timeout	2	0	INCONCLUSIVE-original-timeout code 0xdead100 at 0x005c01fb after 0 steps	?veh_demote@@YAXH@Z
0x005c0260	SKIP	0	0	reaches an import	?veh_promote@@YAXH@Z
0x005c02d0	PASS	16	6		?veh_clear@@YAXHHH@Z
0x005c03d0	SKIP	0	0	reaches an import	?veh_init@@YAHHHHH@Z
0x005c08c0	SKIP	0	0	reaches an import	?veh_kill@@YAXH@Z
0x005c0b00	SKIP	0	0	reaches an import	?kill@@YAXH@Z
0x005c0cb0	SKIP	0	0	calls a body the lift does not have	?veh_find@@YAHHHHH@Z
0x005c0db0	PASS	16	4		?can_arty@@YAHHH@Z
0x005c0e40	PASS	16	4		?morale_veh@@YAHHHH@Z
0x005c1150	PASS	16	4		?offense_proto@@YAHHHH@Z
0x005c1290	PASS	16	3		?armor_proto@@YAHHHH@Z
0x005c13b0	PASS	16	6		?speed_proto@@YAHH@Z
0x005c1540	PASS	16	8		?speed@@YAHHH@Z
0x005c1760	PASS	16	6		?veh_cargo@@YAHH@Z
0x005c17d0	PASS	16	8		?prototype_factor@@YAHH@Z
0x005c1850	PASS	16	3		?veh_cost@@YAHHHPAH@Z
0x005c1a20	PASS	16	7		?veh_selectable@@YAHH@Z
0x005c1ab0	PASS	16	4		?veh_unmoved@@YAHH@Z
0x005c1b70	PASS	16	8		?veh_ready@@YAHH@Z
0x005c1c40	PASS	16	6		?veh_jail@@YAHH@Z
0x005c1d20	PASS	16	7		?veh_skip@@YAXH@Z
0x005c1d50	PASS	16	8		?veh_fake@@YAHHH@Z
0x005c1d70	PASS	16	5		?veh_wake@@YAHH@Z
0x005c1e20	SKIP	0	0	calls a body the lift does not have	?init@Fractal@@QAEXXZ
0x005c1f20	PASS	16	14		?UNK1@Fractal@@QAEHHH@Z
0x005c1fc0	PASS	16	15	passed on the seeds that could be judged; 1 case(s) thrown out - the original read the unmodellable top 64 KiB	?UNK2@Fractal@@QAEHHHH@Z
0x005c2020	SKIP	0	0	reaches an import	?world_alt_set@@YAXHHHH@Z
0x005c2380	SKIP	0	0	reaches an import	?world_raise_alt@@YAXHH@Z
0x005c23e0	SKIP	0	0	reaches an import	?world_lower_alt@@YAXHH@Z
0x005c2440	SKIP	0	0	reaches an import	?brush@@YAXHHH@Z
0x005c27f0	SKIP	0	0	reaches an import	?paint_land@@YAXHHHH@Z
0x005c28f0	SKIP	0	0	reaches an import	?build_continent@@YAXH@Z
0x005c2b40	SKIP	0	0	reaches an import	?build_hills@@YAXH@Z
0x005c2cb0	SKIP	0	0	reaches an import	?world_erosion@@YAXXZ
0x005c32a0	SKIP	0	0	reaches an import	?world_rocky@@YAXXZ
0x005c3440	SKIP	0	0	reaches an import	?world_fungus@@YAXXZ
0x005c3680	SKIP	0	0	calls a body the lift does not have	?world_riverbeds@@YAXXZ
0x005c38b0	SKIP	0	0	reaches an import	?world_rivers@@YAXXZ
0x005c3f70	SKIP	0	0	reaches an import	?world_shorelines@@YAXXZ
0x005c40f0	SKIP	0	0	reaches an import	?world_validate@@YAHXZ
0x005c4170	SKIP	0	0	reaches an import	?world_temperature@@YAXXZ
0x005c4410	INCONCLUSIVE-original-fault	16	0	INCONCLUSIVE-original-fault code 0xc0000005 at 0x005c4434 after 0 steps	?world_UNK1@@YAXHH@Z
0x005c4470	SKIP	0	0	reaches an import	?world_rainfall@@YAXXZ
0x005c4fd0	INCONCLUSIVE-original-fault	16	0	INCONCLUSIVE-original-fault code 0xc0000005 at 0x005c5454 after 0 steps	?world_site@@YAHHHH@Z
0x005c55c0	SKIP	0	0	reaches an import	?world_analysis@@YAXXZ
0x005c58c0	INCONCLUSIVE-original-fault	16	0	INCONCLUSIVE-original-fault code 0xc0000005 at 0x00591282 after 0 steps	?world_alt_put_detail@@YAXHH@Z
0x005c58e0	SKIP	0	0	calls a body the lift does not have	?world_polar_caps@@YAXXZ
0x005c5a30	SKIP	0	0	reaches an import	?world_climate@@YAXXZ
0x005c5ae0	SKIP	0	0	reaches an import	?world_linearize_contours@@YAXXZ
0x005c5bd0	PASS	16	16		?near_landmark@@YAHHH@Z
0x005c5c70	SKIP	0	0	reaches an import	?world_crater@@YAXHH@Z
0x005c5ef0	SKIP	0	0	reaches an import	?world_monsoon@@YAXHH@Z
0x005c6200	SKIP	0	0	reaches an import	?world_sargasso@@YAXHH@Z
0x005c64a0	SKIP	0	0	reaches an import	?world_ruin@@YAXHH@Z
0x005c6740	SKIP	0	0	reaches an import	?world_dune@@YAXHH@Z
0x005c69e0	SKIP	0	0	reaches an import	?world_diamond@@YAXHH@Z
0x005c6c40	SKIP	0	0	calls a body the lift does not have	?world_fresh@@YAXHH@Z
0x005c6db0	SKIP	0	0	reaches an import	?world_volcano@@YAXHHH@Z
0x005c7020	SKIP	0	0	reaches an import	?world_borehole@@YAXHH@Z
0x005c7540	SKIP	0	0	reaches an import	?world_temple@@YAXHH@Z
0x005c7750	SKIP	0	0	reaches an import	?world_unity@@YAXHH@Z
0x005c7a80	SKIP	0	0	reaches an import	?world_fossil@@YAXHH@Z
0x005c7cb0	SKIP	0	0	reaches an import	?world_canyon@@YAXHH@Z
0x005c7f40	SKIP	0	0	reaches an import	?world_mesa@@YAXHH@Z
0x005c8150	SKIP	0	0	reaches an import	?world_ridge@@YAXHH@Z
0x005c83b0	SKIP	0	0	reaches an import	?world_geothermal@@YAXHH@Z
0x005c8630	SKIP	0	0	reaches an import	?world_landmarks@@YAXXZ
0x005c86e0	SKIP	0	0	reaches an import	?world_build@@YAXXZ
0x005c89a0	PASS	16	16		?game_year@@YAHH@Z
0x005c89b0	SKIP	0	0	calls a body the lift does not have	?say_year@@YAXPAD@Z
0x005c89f0	PASS	16	16		?zoc_any@@YAHHHH@Z
0x005c8ac0	PASS	16	16		?zoc_veh@@YAHHHH@Z
0x005c8ba0	SKIP	0	0	reaches an import	?zoc_sea@@YAHHHH@Z
0x005c8d40	SKIP	0	0	reaches an import	?zoc_move@@YAHHHH@Z
0x005c8da0	SKIP	0	0	reaches an import	??0Gamma@@QAE@XZ
0x005c8e60	SKIP	0	0	reaches an import	?exec@Gamma@@QAEXPAUPalette@@MH@Z
0x005c9330	SKIP	0	0	reaches an import	?close@Gamma@@QAEXXZ
0x005c9390	SKIP	0	0	reaches an import	?on_scrolled@Gamma@@QAEXHH@Z
0x005c93a0	INCONCLUSIVE-original-fault	16	0	INCONCLUSIVE-original-fault code 0xc0000005 at 0x009d5df0 after 0 steps	?on_scrolling@Gamma@@QAEXHH@Z
0x005c93c0	INCONCLUSIVE-original-fault	16	0	INCONCLUSIVE-original-fault code 0xc0000005 at 0x00000024 after 0 steps	?on_button_clicked@Gamma@@QAEXH@Z
0x005c9410	PASS	16	16		?on_key_click@Gamma@@QAEHHH@Z
0x005c9420	SKIP	0	0	reaches an import	?on_redraw@Gamma@@QAEXXZ
0x005c9520	SKIP	0	0	reaches an import	?adjust_palette@Gamma@@QAEXXZ
0x005c95e0	SKIP	0	0	reaches an import	?adjust_pal@Gamma@@QAEXN@Z
0x005c97c0	SKIP	0	0	reaches an import	??__Eg_MULTIDEBUG@@YAXXZ
0x005c97e0	SKIP	0	0	reaches an import	??__Fg_MULTIDEBUG@@YAXXZ
0x005c97f0	SKIP	0	0	reaches an import	??0MultiDebug@@QAE@XZ
0x005c9860	SKIP	0	0	reaches an import	?init@MultiDebug@@QAEHPAUNet@@PAUWin@@PAE@Z
0x005c98e0	PASS	16	14		?close@MultiDebug@@QAEXXZ
0x005c98f0	INCONCLUSIVE-original-fault	16	0	INCONCLUSIVE-original-fault code 0xc0000005 at 0x009e5d18 after 0 steps	?timer_callback@MultiDebug@@QAEXXZ
0x005c9900	PASS	16	1		?timer_callback_daemon@MultiDebug@@QAAXH@Z
0x005c9920	SKIP	0	0	reaches an import	?on_redraw@MultiDebug@@QAEXXZ
0x005c9e00	SKIP	0	0	reaches an import	??1MultiDebug@@QAE@XZ
0x005c9e80	SKIP	0	0	reaches an import	??_GMultiDebug@@UAEPAXI@Z
0x005c9eb0	SKIP	0	0	reaches an import	??3MultiDebug@@SAXPAXI@Z
0x005c9ec0	SKIP	0	0	reaches an import	sub_5c9ec0
0x005ca230	SKIP	0	0	reaches an import	sub_5ca230
0x005ca310	SKIP	0	0	reaches an import	sub_5ca310
0x005ca6c0	SKIP	0	0	reaches an import	sub_5ca6c0
0x005ca970	SKIP	0	0	reaches an import	sub_5ca970
0x005caab0	SKIP	0	0	reaches an import	sub_5caab0
0x005cae00	SKIP	0	0	reaches an import	sub_5cae00
0x005cae80	SKIP	0	0	reaches an import	sub_5cae80
0x005cb050	SKIP	0	0	reaches an import	sub_5cb050
0x005cb220	SKIP	0	0	reaches an import	sub_5cb220
0x005cb610	INCONCLUSIVE-original-fault	16	0	INCONCLUSIVE-original-fault code 0xc0000005 at 0x005cb614 after 0 steps	sub_5cb610
0x005cb660	SKIP	0	0	reaches an import	sub_5cb660
0x005cb6c0	SKIP	0	0	reaches an import	sub_5cb6c0
0x005cbae0	INCONCLUSIVE-original-fault	16	0	INCONCLUSIVE-original-fault code 0xc0000005 at 0x005cbb6c after 0 steps	sub_5cbae0
0x005cbbc0	PASS	16	9		sub_5cbbc0
0x005cbc00	PASS	16	16		sub_5cbc00
0x005cbe30	SKIP	0	0	calls a body the lift does not have	sub_5cbe30
0x005cc150	PASS	16	16		sub_5cc150
0x005cc2b0	PASS	16	16		sub_5cc2b0
0x005cc430	PASS	16	16		sub_5cc430
0x005cc450	SKIP	0	0	calls a body the lift does not have	sub_5cc450
0x005cc710	SKIP	0	0	reaches an import	sub_5cc710
0x005cc860	INCONCLUSIVE-original-fault	16	0	INCONCLUSIVE-original-fault code 0xc0000005 at 0x00000028 after 0 steps	sub_5cc860
0x005cc940	SKIP	0	0	reaches an import	sub_5cc940
0x005cd2d0	SKIP	0	0	calls a body the lift does not have	sub_5cd2d0
0x005cd3b0	HANG	0	0	the run stopped making progress here	sub_5cd3b0
0x005cd560	HANG	0	0	the run stopped making progress here	sub_5cd560
0x005cd750	INCONCLUSIVE-original-fault	16	0	INCONCLUSIVE-original-fault code 0xc0000005 at 0x005cd78b after 0 steps	sub_5cd750
0x005cd8d0	SKIP-trap	14	0	trap at 0x005d0af8: bt	sub_5cd8d0
0x005cd980	INCONCLUSIVE-original-fault	16	0	INCONCLUSIVE-original-fault code 0xc0000005 at 0x005d0ab2 after 0 steps	sub_5cd980
0x005cda30	INCONCLUSIVE-original-fault	16	0	INCONCLUSIVE-original-fault code 0xc0000005 at 0x005d0ab2 after 0 steps	sub_5cda30
0x005cdad0	INCONCLUSIVE-original-fault	16	0	INCONCLUSIVE-original-fault code 0xc0000005 at 0x009db9f0 after 0 steps	sub_5cdad0
0x005cdb90	INCONCLUSIVE-original-fault	16	0	INCONCLUSIVE-original-fault code 0xc0000005 at 0x005cdb9a after 0 steps	sub_5cdb90
0x005cdd10	INCONCLUSIVE-original-fault	16	0	INCONCLUSIVE-original-fault code 0xc0000005 at 0x005cdd1e after 0 steps	sub_5cdd10
0x005cdfa0	SKIP	0	0	reaches an import	sub_5cdfa0
0x005ce2b0	SKIP	0	0	reaches an import	sub_5ce2b0
0x005ce2f0	SKIP	0	0	reaches an import	sub_5ce2f0
0x005ce340	SKIP	0	0	reaches an import	sub_5ce340
0x005ce450	PASS	16	3		sub_5ce450
0x005ce4b0	INCONCLUSIVE-original-fault	16	0	INCONCLUSIVE-original-fault code 0xc0000005 at 0x005ce548 after 0 steps	sub_5ce4b0
0x005ce620	INCONCLUSIVE-original-fault	16	0	INCONCLUSIVE-original-fault code 0xc0000005 at 0x005ce62c after 0 steps	sub_5ce620
0x005ce640	SKIP-trap	4	0	trap at 0x005ce643: pushal	sub_5ce640
0x005ce6e3	SKIP-trap	6	0	trap at 0x005ce6e6: pushal	sub_5ce6e3
0x005ce85c	INCONCLUSIVE-original-fault	16	0	INCONCLUSIVE-original-fault code 0xc0000005 at 0x005ce896 after 0 steps	sub_5ce85c
0x005cea09	PASS	16	1		sub_5cea09
0x005ceb12	INCONCLUSIVE-original-fault	16	0	INCONCLUSIVE-original-fault code 0xc0000005 at 0x005ceb16 after 0 steps	sub_5ceb12
0x005ced1d	INCONCLUSIVE-original-fault	16	0	INCONCLUSIVE-original-fault code 0xc0000005 at 0x005ced1d after 0 steps	sub_5ced1d
0x005cee80	INCONCLUSIVE-original-fault	16	0	INCONCLUSIVE-original-fault code 0xc0000005 at 0x005cee80 after 0 steps	sub_5cee80
0x005cef8a	PASS	16	2		sub_5cef8a
0x005cf120	PASS	16	16		sub_5cf120
0x005cf150	INCONCLUSIVE-original-fault	16	0	INCONCLUSIVE-original-fault code 0xc0000005 at 0x005cf18c after 0 steps	sub_5cf150
0x005cf2f0	INCONCLUSIVE-original-fault	16	0	INCONCLUSIVE-original-fault code 0xc0000005 at 0x005cf2f7 after 0 steps	sub_5cf2f0
0x005cf5c7	PASS	16	1		OutputPixelRow
0x005cf852	PASS	16	5		OutputPixelRow16
0x005cfaed	INCONCLUSIVE-original-fault	16	0	INCONCLUSIVE-original-fault code 0xc0000005 at 0x005cfafc after 0 steps	sub_5cfaed
0x005d02cc	HANG	0	0	the run stopped making progress here	sub_5d02cc
0x005d0aab	SKIP-trap	3	0	trap at 0x005d0af8: bt	sub_5d0aab
0x005d0d82	INCONCLUSIVE-original-fault	16	0	INCONCLUSIVE-original-fault code 0xc0000005 at 0x005d0d8c after 0 steps	sub_5d0d82
0x005d1278	SKIP-trap	3	0	trap at 0x005d0b70: bt	sub_5d1278
0x005d1466	SKIP-trap	5	0	trap at 0x005d0af8: bt	sub_5d1466
0x005d1654	SKIP-trap	3	0	trap at 0x005d0af8: bt	sub_5d1654
0x005d1842	SKIP-trap	3	0	trap at 0x005d0af8: bt	sub_5d1842
0x005d1a30	HANG	0	0	the run stopped making progress here	sub_5d1a30
0x005d1b88	PASS	16	1		sub_5d1b88
0x005d2037	INCONCLUSIVE-original-fault	16	0	INCONCLUSIVE-original-fault code 0xc0000005 at 0x005d2037 after 0 steps	sub_5d2037
0x005d2536	INCONCLUSIVE-original-fault	16	0	INCONCLUSIVE-original-fault code 0xc0000005 at 0x005d2536 after 0 steps	sub_5d2536
0x005d271d	HANG	0	0	the run stopped making progress here	sub_5d271d
0x005d2761	HANG	0	0	the run stopped making progress here	sub_5d2761
0x005d2834	INCONCLUSIVE-original-fault	16	0	INCONCLUSIVE-original-fault code 0xc0000005 at 0x005d2848 after 0 steps	sub_5d2834
0x005d2901	INCONCLUSIVE-original-fault	16	0	INCONCLUSIVE-original-fault code 0xc0000005 at 0x005d2913 after 0 steps	sub_5d2901
0x005d29e1	PASS	16	7		sub_5d29e1
0x005d2b20	PASS	16	3		sub_5d2b20
0x005d2c0a	PASS	16	2	passed on the seeds that could be judged; 1 case(s) thrown out - the original read the unmodellable top 64 KiB	sub_5d2c0a
0x005d2d20	PASS	16	1		sub_5d2d20
0x005d2e00	INCONCLUSIVE-original-fault	16	0	INCONCLUSIVE-original-fault code 0xc0000005 at 0x005d2e28 after 0 steps	sub_5d2e00
0x005d2e70	INCONCLUSIVE-original-fault	16	0	INCONCLUSIVE-original-fault code 0xc0000005 at 0x005ce896 after 0 steps	sub_5d2e70
0x005d35b0	SKIP	0	0	calls a body the lift does not have	sub_5d35b0
0x005d3980	SKIP	0	0	reaches an import	sub_5d3980
0x005d3df0	SKIP	0	0	reaches an import	sub_5d3df0
0x005d3f50	PASS	16	5		sub_5d3f50
0x005d4020	INCONCLUSIVE-original-fault	16	0	INCONCLUSIVE-original-fault code 0xc0000005 at 0x005d419b after 0 steps	sub_5d4020
0x005d4240	INCONCLUSIVE-original-fault	16	0	INCONCLUSIVE-original-fault code 0xc0000096 at 0x005d4246 after 0 steps	sub_5d4240
0x005d427c	SKIP-trap	1	0	trap at 0x005d4284: pushal	sub_5d427c
0x005d439f	PASS	16	4		sub_5d439f
0x005d4448	INCONCLUSIVE-original-fault	16	0	INCONCLUSIVE-original-fault code 0xc0000005 at 0x005d4484 after 0 steps	sub_5d4448
0x005d44fc	SKIP	0	0	reaches an import	DirectDrawCreate
0x005d4510	SKIP	0	0	reaches an import	?mem_get@@YAPAXH@Z
0x005d4540	PASS	16	12		Heap::Heap2
0x005d4560	PASS	16	16		??0Heap@@QAE@XZ
0x005d4580	SKIP	0	0	reaches an import	??1Heap@@QAE@XZ
0x005d45b0	SKIP	0	0	reaches an import	?shutdown@Heap@@QAEXXZ
0x005d45e0	SKIP	0	0	calls a body the lift does not have	?squeeze@Heap@@QAEXH@Z
0x005d4620	SKIP	0	0	reaches an import	?init@Heap@@QAE_NH@Z
0x005d4680	SKIP	0	0	reaches an import	?get@Heap@@QAEPAXH@Z
0x005d47d0	SKIP	0	0	reaches an import	sub_5d47d0
0x005d4860	SKIP	0	0	reaches an import	sub_5d4860
0x005d4890	SKIP	0	0	reaches an import	sub_5d4890
0x005d4990	SKIP	0	0	reaches an import	sub_5d4990
0x005d49d0	SKIP	0	0	calls a body the lift does not have	sub_5d49d0
0x005d4bb0	PASS	16	4		sub_5d4bb0
0x005d4c50	SKIP	0	0	reaches an import	sub_5d4c50
0x005d4cc0	SKIP	0	0	reaches an import	sub_5d4cc0
0x005d4cf0	SKIP	0	0	reaches an import	??0GraphicWin@@QAE@XZ
0x005d4dd0	SKIP	0	0	reaches an import	??1GraphicWin@@QAE@XZ
0x005d4e40	SKIP	0	0	reaches an import	?close@GraphicWin@@QAEXXZ
0x005d4ef0	SKIP	0	0	reaches an import	?init@GraphicWin@@QAEXHHHHPADHPAUWin@@PAUMenu@@PAUBorderSizing@@@Z
0x005d50a0	SKIP	0	0	reaches an import	?init@GraphicWin@@QAEHPAURECT@@PADHPAUWin@@PAUMenu@@PAUBorderSizing@@@Z
0x005d50f0	SKIP	0	0	reaches an import	sub_5d50f0
0x005d5240	PASS	16	16		nullsub_224
0x005d5250	SKIP	0	0	reaches an import	?fill@GraphicWin@@QAEXH@Z
0x005d5350	SKIP	0	0	reaches an import	?fill@GraphicWin@@QAEHPAURECT@@H@Z
0x005d5440	SKIP	0	0	reaches an import	?fill@GraphicWin@@QAEHHHHHH@Z
0x005d5470	PASS	16	13		sub_5d5470
0x005d54a0	SKIP	0	0	reaches an import	sub_5d54a0
0x005d54d0	SKIP	0	0	reaches an import	sub_5d54d0
0x005d5500	SKIP	0	0	reaches an import	?load_pcx@GraphicWin@@QAEHPADPAUPalette@@HH@Z
0x005d5540	SKIP	0	0	reaches an import	?resize@GraphicWin@@QAEXHHH@Z
0x005d5590	SKIP	0	0	reaches an import	sub_5d5590
0x005d55d0	SKIP	0	0	reaches an import	?update@GraphicWin@@QAEXHHHHPAUGraphicWin@@@Z
0x005d5630	SKIP	0	0	reaches an import	?update@GraphicWin@@QAEXPAURECT@@PAUGraphicWin@@@Z
0x005d56b0	SKIP	0	0	reaches an import	?update@GraphicWin@@QAEXPAUGraphicWin@@@Z
0x005d5720	SKIP	0	0	reaches an import	?soft_update@GraphicWin@@QAEXHHHH@Z
0x005d5890	SKIP	0	0	reaches an import	?soft_update@GraphicWin@@QAEXXZ
0x005d5930	SKIP	0	0	reaches an import	?soft_update@GraphicWin@@QAEXPAURECT@@@Z
0x005d5a70	SKIP	0	0	reaches an import	?redraw@GraphicWin@@QAEXXZ
0x005d5b70	SKIP	0	0	reaches an import	sub_5d5b70
0x005d5b80	SKIP	0	0	reaches an import	sub_5d5b80
0x005d5c50	SKIP	0	0	reaches an import	PrevWndFunc
0x005d5cf0	SKIP	0	0	reaches an import	?on_paint@GraphicWin@@QAEHPAURECT@@@Z
0x005d6210	SKIP	0	0	reaches an import	?on_size@GraphicWin@@QAEXIHH@Z
0x005d6310	PASS	16	10		?on_mouse_move@GraphicWin@@QAEXHHIH@Z
0x005d6330	PASS	16	16		?on_set_cursor@GraphicWin@@QAEHPAXII@Z
0x005d6350	SKIP	0	0	reaches an import	sub_5d6350
0x005d6380	SKIP	0	0	reaches an import	sub_5d6380
0x005d63b0	SKIP	0	0	reaches an import	sub_5d63b0
0x005d63e0	SKIP	0	0	reaches an import	?set_rects@GraphicWin@@QAEXXZ
0x005d63f0	SKIP	0	0	reaches an import	?on_redraw_nc@GraphicWin@@QAEXPAURECT@@H@Z
0x005d68c0	PASS	16	1		sub_5d68c0
0x005d6a50	PASS	16	9		?set_def_nc_sprites@GraphicWin@@QAAXPAUNCSprites@@@Z
0x005d6ac0	SKIP	0	0	reaches an import	?overlay_nonclient@GraphicWin@@QAEXPAURECT@@@Z
0x005d6ec0	PASS	16	15		sub_5d6ec0
0x005d6f50	PASS	16	16		?load_all_nc_sprites_from_defs@GraphicWin@@QAEXXZ
0x005d7030	PASS	16	2	passed on the seeds that could be judged; 1 case(s) thrown out - the original read the unmodellable top 64 KiB	?compute_min_size@GraphicWin@@QAEXXZ
0x005d7140	SKIP	0	0	reaches an import	??_GGraphicWin@@UAEPAXI@Z
0x005d7160	SKIP	0	0	reaches an import	??3GraphicWin@@SAXPAXI@Z
0x005d7170	SKIP	0	0	uses fs: (SEH chain is not in the image)	sub_5d7170
0x005d71a0	SKIP	0	0	uses fs: (SEH chain is not in the image)	sub_5d71a0
0x005d71d0	SKIP	0	0	calls a body the lift does not have	??__Eg_BUFFER_SPRITE@@YAXXZ
0x005d71f0	SKIP	0	0	reaches an import	??__Fg_BUFFER_SPRITE@@YAXXZ
0x005d7210	SKIP	0	0	reaches an import	??0Buffer@@QAE@XZ
0x005d7410	SKIP	0	0	reaches an import	??1Buffer@@QAE@XZ
0x005d7470	SKIP	0	0	reaches an import	?close@Buffer@@QAEXXZ
0x005d7670	SKIP	0	0	reaches an import	?init@Buffer@@QAEHHHHPAUExtDirectDraw@@@Z
0x005d79c0	SKIP	0	0	reaches an import	?resize@Buffer@@QAEXHH@Z
0x005d7a10	PASS	16	13		sub_5d7a10
0x005d7a30	SKIP	0	0	reaches an import	sub_5d7a30
0x005d7ae0	SKIP	0	0	reaches an import	sub_5d7ae0
0x005d7b20	SKIP	0	0	reaches an import	?load_tga@Buffer@@QAGHPBD@Z
0x005d7b40	SKIP	0	0	reaches an import	?load_tga@Buffer@@QAGHPBDPAVPalette@@HH@Z
0x005d7c80	SKIP	0	0	reaches an import	?load_bmp@Buffer@@QAGHPBD@Z
0x005d7ca0	SKIP	0	0	reaches an import	?load_bmp@Buffer@@QAGHPBDPAVPalette@@HH@Z
0x005d7de0	SKIP	0	0	reaches an import	?load_pcx@Buffer@@QAEHPBDPAVPalette@@HH@Z
0x005d7f20	SKIP	0	0	reaches an import	sub_5d7f20
0x005d8000	SKIP	0	0	reaches an import	?set_clip@Buffer@@QAEHPAURECT@@@Z
0x005d8200	SKIP	0	0	reaches an import	?set_clip@Buffer@@QAEHHHHH@Z
0x005d8240	SKIP	0	0	reaches an import	?fill@Buffer@@QAEHHHHHH@Z
0x005d8290	PASS	16	14		?setup_buff_sprite@Buffer@@QAEXH@Z
0x005d8360	PASS	16	16		sub_5d8360
0x005d8370	SKIP	0	0	reaches an import	?draw@Buffer@@QAEHPAVBuffer@@HHH@Z
0x005d84c0	SKIP	0	0	reaches an import	?draw@Buffer@@QAEHPAVBuffer@@HHHHH@Z
0x005d8650	PASS	16	14		sub_5d8650
0x005d8740	PASS	16	15		sub_5d8740
0x005d8840	SKIP	0	0	reaches an import	?draw_mono@Buffer@@QAEHPAVBuffer@@HHHH@Z
0x005d8930	SKIP	0	0	reaches an import	?draw_mono@Buffer@@QAEHPAVBuffer@@HHHHHH@Z
0x005d8a30	SKIP	0	0	reaches an import	?draw_dest@Buffer@@QAEHPAVBuffer@@HHHH@Z
0x005d8b20	SKIP	0	0	reaches an import	?draw_dest@Buffer@@QAEHPAVBuffer@@HHHHHPAE@Z
0x005d8c20	SKIP	0	0	reaches an import	sub_5d8c20
0x005d8d00	SKIP	0	0	reaches an import	sub_5d8d00
0x005d8df0	SKIP	0	0	reaches an import	?draw_dest_source@Buffer@@QAEHPAVBuffer@@HHHPAE@Z
0x005d8ee0	SKIP	0	0	reaches an import	?draw_dest_source@Buffer@@QAEHPAVBuffer@@HHHHHPAE@Z
0x005d8fe0	SKIP	0	0	reaches an import	sub_5d8fe0
0x005d90d0	SKIP	0	0	reaches an import	sub_5d90d0
0x005d91d0	SKIP	0	0	reaches an import	sub_5d91d0
0x005d92c0	SKIP	0	0	reaches an import	sub_5d92c0
0x005d93c0	SKIP	0	0	reaches an import	?draw_multi_table_dest@Buffer@@QAEHPAVBuffer@@HHHH@Z
0x005d94b0	SKIP	0	0	reaches an import	?draw_multi_table_dest@Buffer@@QAEHPAVBuffer@@HHHHHPAE@Z
0x005d95b0	SKIP	0	0	reaches an import	?copy@Buffer@@QAEHPAVBuffer@@HHHH@Z
0x005d95e0	SKIP	0	0	reaches an import	?copy@Buffer@@QAEHPAVBuffer@@PAURECT@@@Z
0x005d9610	SKIP	0	0	reaches an import	?copy@Buffer@@QAEHPAVBuffer@@HHHHHHHH@Z
0x005d98f0	SKIP	0	0	reaches an import	sub_5d98f0
0x005d9be0	SKIP	0	0	reaches an import	?copy_to_window@Buffer@@QAEHPAVWin@@HHHHHH@Z
0x005d9fb0	SKIP	0	0	reaches an import	sub_5d9fb0
0x005da330	SKIP	0	0	reaches an import	?map_colors@Buffer@@QAEHHHHHPAE@Z
0x005da4d0	SKIP	0	0	reaches an import	?map_colors@Buffer@@QAEHPAURECT@@PAE@Z
0x005da680	PASS	16	7		?poly@Buffer@@QAEHPAUVert@@HH@Z
0x005da6a0	PASS	16	16		sub_5da6a0
0x005da6b0	PASS	16	16		sub_5da6b0
0x005da6c0	SKIP	0	0	reaches an import	?tile_mask@Buffer@@QAEHPAVBuffer@@HHHHHHH@Z
0x005da860	SKIP	0	0	reaches an import	?tile@Buffer@@QAEHPAVBuffer@@HHHHHH@Z
0x005da9f0	SKIP	0	0	reaches an import	?tile@Buffer@@QAEHPAVSprite@@HHHHHH@Z
0x005dab90	SKIP	0	0	reaches an import	sub_5dab90
0x005dac70	PASS	16	7	passed on the seeds that could be judged; 1 case(s) thrown out - the original read the unmodellable top 64 KiB	?set_font@Buffer@@QAEHPAVFont@@PAVFont@@PAVFont@@PAVFont@@@Z
0x005dacb0	PASS	16	14		?set_text_color@Buffer@@QAEXHHHH@Z
0x005dace0	PASS	16	15		?set_text_color2@Buffer@@QAEXHHHH@Z
0x005dad10	PASS	16	13		?set_text_color3@Buffer@@QAEXHHHH@Z
0x005dad40	PASS	16	14		?set_text_color_hyper@Buffer@@QAEXHHHH@Z
0x005dad70	SKIP	0	0	reaches an import	?write_strings_height@Buffer@@QAEHPAUStringList@@HH@Z
0x005db040	SKIP	0	0	reaches an import	?write_strings@Buffer@@QAEHPAUStringList@@HHHH@Z
0x005db400	SKIP	0	0	reaches an import	sub_5db400
0x005db450	SKIP	0	0	reaches an import	sub_5db450
0x005db580	SKIP	0	0	reaches an import	?write_l@Buffer@@QAEHPAVFont@@PADHHH@Z
0x005db660	SKIP	0	0	reaches an import	?write_l@Buffer@@QAEHPAVFont@@PADPAURECT@@H@Z
0x005db6c0	SKIP	0	0	reaches an import	?write_cent_l@Buffer@@QAEHPAVFont@@PADHHHH@Z
0x005db720	SKIP	0	0	reaches an import	?write_cent_l@Buffer@@QAEHPAVFont@@PADPAURECT@@H@Z
0x005db780	SKIP	0	0	reaches an import	?write_cent_l@Buffer@@QAEHPAVFont@@PADHHHHH@Z
0x005db810	SKIP	0	0	reaches an import	?write_cent_l@Buffer@@QAEHPAVFont@@PADHHH@Z
0x005db870	SKIP	0	0	reaches an import	?write_right_l@Buffer@@QAEHPAVFont@@PADHHHH@Z
0x005db8d0	SKIP	0	0	reaches an import	?write_right_l@Buffer@@QAEHPAVFont@@PADHHH@Z
0x005db930	SKIP	0	0	reaches an import	?write_right_l@Buffer@@QAEHPAVFont@@PADPAURECT@@H@Z
0x005db990	SKIP	0	0	reaches an import	?wrap@Buffer@@QAEHPAVFont@@PADPAURECT@@@Z
0x005db9e0	SKIP	0	0	reaches an import	?wrap_cent@Buffer@@QAEHPAVFont@@PADHHH@Z
0x005dbb00	SKIP	0	0	reaches an import	?wrap_cent@Buffer@@QAEHPAVFont@@PADHHHH@Z
0x005dbc00	SKIP	0	0	reaches an import	?wrap_cent@Buffer@@QAEHPAVFont@@PADPAURECT@@@Z
0x005dbc50	SKIP	0	0	reaches an import	?wrap_right@Buffer@@QAEHPAVFont@@PADHHH@Z
0x005dbcb0	SKIP	0	0	reaches an import	?wrap_right@Buffer@@QAEHPAVFont@@PADH@Z
0x005dbd00	SKIP	0	0	reaches an import	?write_raw_l@Buffer@@QAEHPADHHH@Z
0x005dc2d0	PASS	16	7	passed on the seeds that could be judged; 1 case(s) thrown out - the original read the unmodellable top 64 KiB	?get_special@@YAHPADPAH@Z
0x005dc310	PASS	16	3		?get_special_link@@YAHPADPAH@Z
0x005dc360	SKIP	0	0	reaches an import	?wrap_height@Buffer@@QAEHPADH@Z
0x005dc410	SKIP	0	0	reaches an import	?find_line_break_l@Buffer@@QAEHPADPAHH@Z
0x005dc790	SKIP	0	0	reaches an import	?text_width@Buffer@@QAEHPAD@Z
0x005dc7c0	SKIP	0	0	reaches an import	?text_width@Buffer@@QAEHPADH@Z
0x005dca80	PASS	16	6		?text_height@Buffer@@QAEHXZ
0x005dcab0	PASS	16	7	passed on the seeds that could be judged; 1 case(s) thrown out - the original read the unmodellable top 64 KiB	?text_line_height@Buffer@@QAEHXZ
0x005dcae0	SKIP	0	0	reaches an import	?write_multi_font_raw_l@Buffer@@QAEHPADHHH@Z
0x005dcea0	SKIP	0	0	reaches an import	?write_l@Buffer@@QAEHPADHHH@Z
0x005dcf40	SKIP	0	0	reaches an import	?write_l@Buffer@@QAEHPADPAURECT@@H@Z
0x005dd020	SKIP	0	0	reaches an import	?write_cent_l@Buffer@@QAEHPADHHHH@Z
0x005dd0e0	SKIP	0	0	reaches an import	?write_cent_l@Buffer@@QAEHPADHHHHH@Z
0x005dd130	SKIP	0	0	reaches an import	?write_cent_l@Buffer@@QAEHPADPAURECT@@H@Z
0x005dd250	SKIP	0	0	reaches an import	?write_cent_l@Buffer@@QAEHPADHHH@Z
0x005dd300	SKIP	0	0	reaches an import	?write_right_l@Buffer@@QAEHPADHHHH@Z
0x005dd3b0	SKIP	0	0	reaches an import	?write_right_l@Buffer@@QAEHPADHHH@Z
0x005dd450	SKIP	0	0	reaches an import	?write_right_l@Buffer@@QAEHPADPAURECT@@H@Z
0x005dd530	SKIP	0	0	reaches an import	?wrap@Buffer@@QAEHPADPAURECT@@@Z
0x005dd730	SKIP	0	0	reaches an import	?wrap@Buffer@@QAEHPADHHH@Z
0x005dd920	SKIP	0	0	reaches an import	?wrap_cent@Buffer@@QAEHPADHHH@Z
0x005dda00	SKIP	0	0	reaches an import	?wrap_cent@Buffer@@QAEHPADHHHH@Z
0x005ddab0	SKIP	0	0	reaches an import	?wrap_cent@Buffer@@QAEHPADPAURECT@@@Z
0x005ddbb0	SKIP	0	0	reaches an import	?wrap_right@Buffer@@QAEHPADHHH@Z
0x005ddc90	SKIP	0	0	reaches an import	?wrap_right@Buffer@@QAEHPADH@Z
0x005ddda0	SKIP	0	0	reaches an import	?wrap_height_flying@Buffer@@QAEHPADH@Z
0x005ddde0	SKIP	0	0	reaches an import	?wrap_height_flying@Buffer@@QAEHPAD@Z
0x005ddef0	PASS	16	15		?wrap_height_flying_flush@Buffer@@QAEHXZ
0x005ddf60	SKIP	0	0	reaches an import	?wrap_flying@Buffer@@QAEHPADHHH@Z
0x005ddfb0	SKIP	0	0	reaches an import	?wrap_flying@Buffer@@QAEHPAD@Z
0x005de1d0	SKIP	0	0	reaches an import	?wrap_flying_flush@Buffer@@QAEHXZ
0x005de2e0	SKIP	0	0	reaches an import	sub_5de2e0
0x005de320	SKIP	0	0	reaches an import	sub_5de320
0x005de4d0	SKIP	0	0	reaches an import	sub_5de4d0
0x005de580	SKIP	0	0	reaches an import	?change_color@Buffer@@QAEHHH@Z
0x005de730	SKIP	0	0	reaches an import	?change_color@Buffer@@QAEHPAURECT@@HH@Z
0x005de8f0	SKIP	0	0	reaches an import	?sync_to_palette@Buffer@@QAEHPAVPalette@@@Z
0x005dea20	PASS	16	1		sub_5dea20
0x005deb20	PASS	16	3		sub_5deb20
0x005def90	SKIP	0	0	reaches an import	?clear_links@Buffer@@QAEXXZ
0x005defe0	SKIP	0	0	reaches an import	sub_5defe0
0x005df570	PASS	16	16		?init_class@Buffer@@QAAHXZ
0x005df580	PASS	16	16		?close_class@Buffer@@QAAXXZ
0x005df590	SKIP	0	0	reaches an import	?write_pcx@Buffer@@QAEHPAD@Z
0x005df910	SKIP	0	0	reaches an import	?write_bmp@Buffer@@QAEHPAD@Z
0x005dfb50	SKIP	0	0	reaches an import	?fill@Buffer@@QAEHH@Z
0x005dfcd0	SKIP	0	0	reaches an import	?fill@Buffer@@QAEHPAURECT@@H@Z
0x005dff00	SKIP	0	0	reaches an import	?copy@Buffer@@QAEHPAVBuffer@@HHHHHH@Z
0x005e07a0	PASS	16	10		sub_5e07a0
0x005e09d0	SKIP	0	0	calls a body the lift does not have	?line@Buffer@@QAEXHHHHHHHHH@Z
0x005e10c0	PASS	16	16		?hline@Buffer@@QAEXHHHHHHHH@Z
0x005e1350	PASS	16	15		?vline@Buffer@@QAEXHHHHHHHH@Z
0x005e15f0	SKIP	0	0	calls a body the lift does not have	?line@Buffer@@QAEXHHHHH@Z
0x005e1a80	SKIP	0	0	calls a body the lift does not have	?hline@Buffer@@QAEXHHHH@Z
0x005e1bf0	PASS	16	14		?vline@Buffer@@QAEXHHHH@Z
0x005e1d70	PASS	16	16		?dotted_hline@Buffer@@QAEXHHHH@Z
0x005e1ef0	PASS	16	15		?dotted_vline@Buffer@@QAEXHHHH@Z
0x005e2070	SKIP	0	0	reaches an import	?change_color@Buffer@@QAEHHHHHHH@Z
0x005e2210	PASS	16	14		?get_pixel@Buffer@@QAEHHH@Z
0x005e2330	PASS	16	12		?put_pixel@Buffer@@QAEHHHH@Z
0x005e2460	PASS	16	16		sub_5e2460
0x005e2470	PASS	16	16		sub_5e2470
0x005e2480	SKIP	0	0	reaches an import	?get_pcx_dimensions@Buffer@@QAAHPBDPAHPAH@Z
0x005e2690	SKIP	0	0	reaches an import	?load_pcx@Buffer@@QAEHPAEKPAVPalette@@HH@Z
0x005e2b00	SKIP	0	0	reaches an import	?copy_mask@Buffer@@QAEHPAVBuffer@@HHHHHHH@Z
0x005e2dd3	SKIP	0	0	reaches an import	?box_sprite@Buffer@@QAEHPAURECT@@PAUBoxSpriteParams@@@Z
0x005e3193	SKIP	0	0	calls a body the lift does not have	?box@Buffer@@QAEHHHHHHH@Z
0x005e3203	SKIP	0	0	calls a body the lift does not have	?box@Buffer@@QAEHPAURECT@@HH@Z
0x005e3283	PASS	16	12		?dotted_box@Buffer@@QAEHHHHHH@Z
0x005e32f3	PASS	16	7	passed on the seeds that could be judged; 1 case(s) thrown out - the original read the unmodellable top 64 KiB	?dotted_box@Buffer@@QAEHPAURECT@@H@Z
0x005e3373	PASS	16	15		?get_data@Buffer@@QAEHXZ
0x005e33f3	PASS	16	15		?get_data@Buffer@@QAEHHH@Z
0x005e34a3	PASS	16	7		?free_data@Buffer@@QAEXH@Z
0x005e3503	PASS	16	1		?get_hdc@Buffer@@QAEHXZ
0x005e3563	PASS	16	6		?release_hdc@Buffer@@QAEXH@Z
0x005e35d0	HANG	0	0	the run stopped making progress here	sub_5e35d0
0x005e35f0	PASS	16	15		sub_5e35f0
0x005e3610	SKIP	0	0	reaches an import	??_GBuffer@@UAEPAXI@Z
0x005e3630	INCONCLUSIVE-original-fault	16	0	INCONCLUSIVE-original-fault code 0xc0000005 at 0x005e363a after 0 steps	sub_5e3630
0x005e3650	PASS	16	13		sub_5e3650
0x005e3660	PASS	16	11		sub_5e3660
0x005e3690	SKIP	0	0	reaches an import	sub_5e3690
0x005e3730	SKIP	0	0	reaches an import	sub_5e3730
0x005e3770	SKIP	0	0	reaches an import	sub_5e3770
0x005e37b0	SKIP	0	0	reaches an import	??__Eg_BUFFER@@YAXXZ
0x005e37d0	SKIP	0	0	reaches an import	??__Fg_BUFFER@@YAXXZ
0x005e37e0	PASS	16	14		??0Sprite@@QAE@XZ
0x005e3820	SKIP	0	0	reaches an import	?close@Sprite@@QAEXXZ
0x005e3890	SKIP	0	0	reaches an import	?init@Sprite@@QAEHPADHH@Z
0x005e3960	SKIP	0	0	reaches an import	?extract@Sprite@@QAEHPAUBuffer@@HPAURECT@@PAUTexHeap@@@Z
0x005e39a0	SKIP	0	0	reaches an import	?extract@Sprite@@QAEHPAUBuffer@@HHHHHPAUTexHeap@@@Z
0x005e3e00	SKIP	0	0	reaches an import	?draw_mono@Sprite@@QAEHPAUBuffer@@HHHHHH@Z
0x005e3e50	SKIP	0	0	reaches an import	?draw_mono@Sprite@@QAEHPAUBuffer@@HHHH@Z
0x005e4ada	PASS	16	16		?UNK1@Sprite@@QAEHHHHHHHH@Z
0x005e4aea	PASS	16	16		?UNK2@Sprite@@QAEHHHHHH@Z
0x005e4afa	SKIP	0	0	reaches an import	?draw@Sprite@@QAEHPAUBuffer@@HHHHHH@Z
0x005e4b4a	SKIP	0	0	reaches an import	?draw@Sprite@@QAEHPAUBuffer@@HHHHH@Z
0x005e4b9a	SKIP	0	0	reaches an import	?draw@Sprite@@QAEHPAUBuffer@@HHH@Z
0x005e5833	SKIP	0	0	reaches an import	?draw_dest@Sprite@@QAEHPAUBuffer@@HHHPAE@Z
0x005e6652	SKIP	0	0	reaches an import	?draw_dest@Sprite@@QAEHPAUBuffer@@HHHHHPAE@Z
0x005e66a2	SKIP	0	0	reaches an import	?draw_dest_unk1@Sprite@@QAEHPAUBuffer@@HHPAE@Z
0x005e73cc	SKIP	0	0	reaches an import	?draw_dest_unk1@Sprite@@QAEHPAUBuffer@@HHHHPAE@Z
0x005e741c	SKIP	0	0	reaches an import	?draw_dest_source@Sprite@@QAEHPAUBuffer@@HHHPAE@Z
0x005e811c	SKIP	0	0	reaches an import	?draw_dest_source@Sprite@@QAEHPAUBuffer@@HHHHHPAE@Z
0x005e816c	SKIP	0	0	reaches an import	?draw_dest_unk2@Sprite@@QAEHPAUBuffer@@HHHHHPAE@Z
0x005e81bc	SKIP	0	0	reaches an import	?draw_dest_unk2@Sprite@@QAEHPAUBuffer@@HHHPAE@Z
0x005e8fa5	SKIP	0	0	reaches an import	?draw_multi_table_dest@Sprite@@QAEHPAUBuffer@@HHHHHPAE@Z
0x005e8ff5	SKIP	0	0	reaches an import	?draw_multi_table_dest@Sprite@@QAEHPAUBuffer@@HHHPAE@Z
0x005e9d44	SKIP	0	0	reaches an import	?draw@Sprite@@QAEHPAUBuffer@@HHHPAE@Z
0x005eaaff	PASS	16	16		?UNK3@Sprite@@QAEXHH@Z
0x005eab0f	PASS	16	1	passed on the seeds that could be judged; 2 case(s) thrown out - the original read the unmodellable top 64 KiB	?get_clipped_x_table_expand@Sprite@@QAEHPAURECT@@PAURECT@@PAHPAHPAHPAH@Z
0x005eabbf	INCONCLUSIVE-original-fault	16	0	INCONCLUSIVE-original-fault code 0xc0000005 at 0x005eabc9 after 0 steps	?get_clipped_y_table_expand@Sprite@@QAEHPAURECT@@PAURECT@@PAHPAHPAHPAH@Z
0x005eac6f	PASS	16	2		?get_clipped_x_table_shrink@Sprite@@QAEHPAURECT@@PAURECT@@PAHPAHPAHPAH@Z
0x005eacff	PASS	16	1		?get_clipped_y_table_shrink@Sprite@@QAEHPAURECT@@PAURECT@@PAHPAHPAHPAH@Z
0x005ead8f	PASS	16	16		?UNK4@Sprite@@QAEXHH@Z
0x005ead9f	INCONCLUSIVE-original-fault	16	0	INCONCLUSIVE-original-fault code 0xc0000005 at 0x005eadfc after 0 steps	?change_color@Sprite@@QAEHHH@Z
0x005eae4f	SKIP	0	0	reaches an import	?copy@Sprite@@QAEHPAUSprite@@@Z
0x005eaf3f	SKIP	0	0	reaches an import	?create_blank@Sprite@@QAEHHHH@Z
0x005eaf8f	SKIP	0	0	reaches an import	?save@Sprite@@QAEHH@Z
0x005eb0bf	SKIP	0	0	reaches an import	?load@Sprite@@QAEHH@Z
0x005eb20f	PASS	16	16		?fill_scaling_table@Sprite@@QAEXXZ
0x005eb29f	SKIP	0	0	reaches an import	?fill_entry@SpriteList@@QAEHPAUSpriteStruct@@@Z
0x005eb32f	SKIP	0	0	reaches an import	?kill_entry@SpriteList@@QAEHPAUSpriteStruct@@@Z
0x005eb350	SKIP	0	0	reaches an import	??__Eg_WIN_BUFFER@@YAXXZ
0x005eb370	SKIP	0	0	reaches an import	??__Fg_WIN_BUFFER@@YAXXZ
0x005eb390	SKIP	0	0	reaches an import	sub_5eb390
0x005eb3b0	SKIP	0	0	reaches an import	sub_5eb3b0
0x005eb3d0	HANG	0	0	the run stopped making progress here	??0Win@@QAE@XZ
0x005eb640	SKIP	0	0	reaches an import	?close@Win@@QAEXXZ
0x005ebc90	SKIP	0	0	reaches an import	??1Win@@QAE@XZ
0x005ebd80	SKIP	0	0	reaches an import	?init@Win@@QAEHHHHHPADHPAVWin@@PAVMenu@@PAUBorderSizing@@@Z
0x005ec630	SKIP	0	0	reaches an import	?init@Win@@QAEHPAURECT@@PADHPAVWin@@PAVMenu@@PAUBorderSizing@@@Z
0x005ec680	PASS	16	16		?UNK1@Win@@QAEHHHHHHHHHH@Z
0x005ec690	SKIP	0	0	reaches an import	?get_hdc@Win@@QAGPAUHDC__@@XZ
0x005ec6f0	SKIP	0	0	reaches an import	?release_hdc@Win@@QAGXXZ
0x005ec740	SKIP	0	0	reaches an import	?set_cursor@Win@@QAEHPAVSprite@@HH@Z
0x005ec780	SKIP	0	0	reaches an import	?set_cursor@Win@@QAEHPAUHCURSOR@@@Z
0x005ec7c0	SKIP	0	0	reaches an import	?set_cursor@Win@@QAEHH@Z
0x005ec800	SKIP	0	0	reaches an import	?set_mouse_pos@Win@@QAEXHH@Z
0x005ec8a0	SKIP	0	0	reaches an import	?get_mouse_pos@Win@@QAEXPAHPAH@Z
0x005ec960	SKIP	0	0	reaches an import	?get_lbutton_state@Win@@QAEHXZ
0x005ec980	SKIP	0	0	reaches an import	?get_rbutton_state@Win@@QAEHXZ
0x005ec9a0	SKIP	0	0	reaches an import	?set_parent_dialog@Win@@QAEXPAVWin@@@Z
0x005ecb60	SKIP	0	0	reaches an import	?remove_parent_dialog@Win@@QAEXXZ
0x005ecc40	PASS	16	3		?set_dialog_focus@Win@@QAEXPAVWin@@@Z
0x005ecd20	INCONCLUSIVE-original-fault	16	0	INCONCLUSIVE-original-fault code 0xc0000005 at 0x005ecd31 after 0 steps	?pass_dialog_focus@Win@@QAEXXZ
0x005ecdc0	PASS	16	2		?UNK2@Win@@QAEHH@Z
0x005ece20	PASS	16	5		?is_descendant@Win@@QAEHPAVWin@@@Z
0x005ece80	PASS	16	14		?UNK3@Win@@QAEHH@Z
0x005ecec0	PASS	16	16		?UNK4@Win@@QAEHXZ
0x005ecf20	PASS	16	9		?screen_to_client@Win@@QAEXPAURECT@@@Z
0x005ecfe0	PASS	16	6		?client_to_screen@Win@@QAEXPAURECT@@@Z
0x005ed0a0	PASS	16	6		?nonscreen_to_client@Win@@QAEXPAURECT@@@Z
0x005ed170	PASS	16	5		?nonclient_to_screen@Win@@QAEXPAURECT@@@Z
0x005ed240	PASS	16	1		?client_to_screen@Win@@QAEXPAH0@Z
0x005ed2d0	HANG	0	0	the run stopped making progress here	?screen_to_client@Win@@QAEXPAHPAH@Z
0x005ed360	PASS	16	5		sub_5ed360
0x005ed3f0	PASS	16	1		?nonclient_to_screen@Win@@QAEXPAH0@Z
0x005ed490	PASS	16	2		sub_5ed490
0x005ed520	PASS	16	4		?screen_to_nonclient@Win@@QAEXPAH0@Z
0x005ed5c0	PASS	16	5		?center@Win@@QAEHXZ
0x005ed700	SKIP	0	0	reaches an import	sub_5ed700
0x005ed7c0	PASS	16	16		?UNK5@Win@@QAEHXZ
0x005ed7d0	PASS	16	15		?move@Win@@QAEHHH@Z
0x005ed880	SKIP	0	0	reaches an import	?resize@Win@@QAEHHHH@Z
0x005ed9c0	PASS	16	16		?on_redraw@Win@@QAEHXZ
0x005ed9d0	SKIP	0	0	reaches an import	?show@Win@@QAEXH@Z
0x005edcd0	SKIP	0	0	reaches an import	?hide@Win@@QAEXXZ
0x005ede60	SKIP	0	0	reaches an import	?maximize@Win@@QAEHXZ
0x005edeb0	SKIP	0	0	reaches an import	?minimize@Win@@QAEHXZ
0x005edf00	SKIP	0	0	reaches an import	?show_maximize@Win@@QAEHXZ
0x005edf50	SKIP	0	0	reaches an import	?set_caption@Win@@QAEXPAD@Z
0x005edfe0	PASS	16	16		?UNK6@Win@@QAEHH@Z
0x005edff0	SKIP	0	0	reaches an import	?UNK7@Win@@QAEXHHHH@Z
0x005ee020	PASS	16	16		?reset_window_clip@Win@@QAEXXZ
0x005ee030	INCONCLUSIVE-original-fault	16	0	INCONCLUSIVE-original-fault code 0xc0000005 at 0x00605d20 after 0 steps	?set_vert_pos@Win@@QAEXH@Z
0x005ee050	PASS	16	5		?get_vert_pos@Win@@QAEHXZ
0x005ee070	PASS	16	1		?set_horz_pos@Win@@QAEXH@Z
0x005ee090	PASS	16	7		?get_horz_pos@Win@@QAEHXZ
0x005ee0b0	INCONCLUSIVE-original-fault	16	0	INCONCLUSIVE-original-fault code 0xc0000005 at 0x006059d3 after 0 steps	?set_vert_range@Win@@QAEXHH@Z
0x005ee0d0	INCONCLUSIVE-original-fault	16	0	INCONCLUSIVE-original-fault code 0xc0000005 at 0x009ef860 after 0 steps	?set_horz_range@Win@@QAEXHH@Z
0x005ee0f0	PASS	16	5		?set_vert_paging@Win@@QAEXH@Z
0x005ee110	PASS	16	7		?set_horz_paging@Win@@QAEXH@Z
0x005ee130	PASS	16	2		?UNK8@Win@@QAEXH@Z
0x005ee160	PASS	16	2		?UNK9@Win@@QAEXH@Z
0x005ee190	SKIP	0	0	reaches an import	?set_modal@Win@@QAEHHP6AHXZPAVWin@@@Z
0x005ee280	PASS	16	16		?release_modal@Win@@QAEXXZ
0x005ee330	SKIP	0	0	reaches an import	?resize_event@Win@@QAEHHH@Z
0x005ee460	INCONCLUSIVE-original-fault	16	0	INCONCLUSIVE-original-fault code 0xc0000005 at 0x0000001c after 0 steps	sub_5ee460
0x005ee4a0	PASS	16	6		sub_5ee4a0
0x005ee4d0	PASS	16	7		sub_5ee4d0
0x005ee570	PASS	16	8		sub_5ee570
0x005ee610	PASS	16	6		sub_5ee610
0x005ee6b0	PASS	16	5		sub_5ee6b0
0x005ee750	PASS	16	4		?left_down_event@Win@@QAEXHHH@Z
0x005ee810	PASS	16	11		sub_5ee810
0x005ee8b0	PASS	16	9		sub_5ee8b0
0x005ee950	PASS	16	9		sub_5ee950
0x005ee9f0	PASS	16	11		sub_5ee9f0
0x005eea90	PASS	16	7		?key_click_event@Win@@QAEHHH@Z
0x005eeb90	SKIP	0	0	reaches an import	?key_down_event@Win@@QAEHH@Z
0x005eedc0	PASS	16	8		?key_up_event@Win@@QAEHH@Z
0x005eee70	PASS	16	2		?client_to_nonclient@Win@@QAEXPAH0@Z
0x005eef60	PASS	16	1		?nonclient_to_client@Win@@QAEXPAH0@Z
0x005ef050	PASS	16	2		?client_to_nonclient@Win@@QAEXPAURECT@@@Z
0x005ef110	PASS	16	1		?nonclient_to_client@Win@@QAEXPAURECT@@@Z
0x005ef1e0	SKIP	0	0	reaches an import	sub_5ef1e0
0x005ef310	SKIP	0	0	reaches an import	sub_5ef310
0x005ef640	SKIP	0	0	reaches an import	sub_5ef640
0x005ef950	SKIP	0	0	reaches an import	sub_5ef950
0x005efba0	SKIP	0	0	reaches an import	sub_5efba0
0x005efd00	SKIP	0	0	reaches an import	sub_5efd00
0x005efd20	SKIP	0	0	reaches an import	?flip@Win@@QAAXPAURECT@@@Z
0x005f01f0	SKIP	0	0	reaches an import	?init_class@Win@@QAAHPAD@Z
0x005f04e0	SKIP	0	0	reaches an import	?close_class@Win@@QAAXXZ
0x005f0540	SKIP	0	0	reaches an import	?adjust_menus@Win@@QAGHPAX@Z
0x005f0580	PASS	16	11		?set_caption_height@Win@@QAEXH@Z
0x005f05c0	PASS	16	13		sub_5f05c0
0x005f05d0	PASS	16	13		?set_border_thickness@Win@@QAEXH@Z
0x005f0610	PASS	16	13		?set_bottom_border_thickness@Win@@QAEXH@Z
0x005f0650	SKIP	0	0	reaches an import	?window_proc@Win@@QAGJPAXIIJ@Z
0x005f1060	PASS	16	16		?on_query_new_palette@Win@@QAEHXZ
0x005f1070	SKIP	0	0	reaches an import	?OnQueryNewPalette@Win@@QAAHPAX@Z
0x005f1150	SKIP	0	0	reaches an import	?OnPaletteChanged@Win@@QAAHPAXPAX@Z
0x005f1230	SKIP	0	0	reaches an import	sub_5f1230
0x005f1280	SKIP	0	0	reaches an import	sub_5f1280
0x005f12b0	SKIP	0	0	reaches an import	sub_5f12b0
0x005f12e0	SKIP	0	0	reaches an import	sub_5f12e0
0x005f1310	SKIP	0	0	reaches an import	sub_5f1310
0x005f1340	SKIP	0	0	reaches an import	?OnPaint@Win@@QAA_NPAX@Z
0x005f13b0	SKIP	0	0	reaches an import	sub_5f13b0
0x005f1420	SKIP	0	0	reaches an import	?OnNCHitTest@Win@@QAAJPAXHH@Z
0x005f1480	SKIP	0	0	reaches an import	?OnActivate@Win@@QAAJPAXIPAXJ@Z
0x005f15c0	PASS	16	16		?OnKey@Win@@QAAXPAXIJHI@Z
0x005f1660	PASS	16	16		?OnChar@Win@@QAAXPAXDH@Z
0x005f16d0	PASS	16	16		?OnSysKey@Win@@QAAXPAXIJHI@Z
0x005f1750	SKIP	0	0	reaches an import	sub_5f1750
0x005f1820	SKIP	0	0	reaches an import	?update_cursor@Win@@QAAHPAUWin@@H@Z
0x005f2250	PASS	16	16		sub_5f2250
0x005f2290	SKIP	0	0	reaches an import	?OnMouseMove@Win@@QAAXPAXHHI@Z
0x005f2330	PASS	16	16		?OnLButtonDown@Win@@QAAXPAXJHHI@Z
0x005f2570	PASS	16	16		?OnLButtonUp@Win@@QAAXPAXHHI@Z
0x005f25c0	PASS	16	16		?OnRButtonDown@Win@@QAAXPAXJHHI@Z
0x005f2620	PASS	16	16		?OnRButtonUp@Win@@QAAXPAXHHI@Z
0x005f2670	PASS	16	16		?OnSetCursor@Win@@QAAHPAXPAXII@Z
0x005f2680	SKIP	0	0	reaches an import	?OnSysCommand@Win@@QAAHPAXIHH@Z
0x005f2700	INCONCLUSIVE-original-fault	16	0	INCONCLUSIVE-original-fault code 0xc0000005 at 0x005f270d after 0 steps	?do_caption_buttons@Win@@QAEXXZ
0x005f2760	SKIP	0	0	reaches an import	?redo_caption_buttons@Win@@QAEXXZ
0x005f2830	SKIP	0	0	reaches an import	sub_5f2830
0x005f2940	SKIP	0	0	reaches an import	?set_rects@Win@@QAEXXZ
0x005f2ac0	SKIP	0	0	reaches an import	?window_line_raw@Win@@QAEXHHHHHHI@Z
0x005f2c40	SKIP	0	0	reaches an import	?set_display_mode@Win@@QAAHHHHH@Z
0x005f2c60	INCONCLUSIVE-original-fault	16	0	INCONCLUSIVE-original-fault code 0xc0000005 at 0x005f2c6f after 0 steps	?sync_palette@Win@@QAEXXZ
0x005f2ca0	PASS	16	8		?is_dialog_focus@Win@@QAEHXZ
0x005f2ce0	PASS	16	16		?set_def_focus@Win@@QAAXPAUWin@@@Z
0x005f2cf0	SKIP	0	0	reaches an import	?on_redraw_nc@Win@@QAEXPAURECT@@H@Z
0x005f37c0	SKIP	0	0	reaches an import	sub_5f37c0
0x005f3b80	SKIP	0	0	reaches an import	sub_5f3b80
0x005f4ab0	PASS	16	5		?bring_to_top@Win@@QAEXXZ
0x005f4c30	INCONCLUSIVE-original-fault	16	0	INCONCLUSIVE-original-fault code 0xc0000005 at 0x009d5e8c after 0 steps	?redraw_nc_buffer@Win@@QAEHH@Z
0x005f4ca0	INCONCLUSIVE-original-fault	16	0	INCONCLUSIVE-original-fault code 0xc0000005 at 0x00000034 after 0 steps	?update_nc_buffer@Win@@QAEXH@Z
0x005f4cc0	PASS	16	16		?redraw@Win@@QAAXXZ
0x005f4d00	PASS	16	16		?update@Win@@QAAXXZ
0x005f4d50	SKIP	0	0	reaches an import	sub_5f4d50
0x005f4d90	SKIP	0	0	reaches an import	sub_5f4d90
0x005f4ec0	INCONCLUSIVE-original-fault	16	0	INCONCLUSIVE-original-fault code 0xc0000005 at 0x005f4eca after 0 steps	?recurse_zorder@@YAXPAUWin@@@Z
0x005f5020	PASS	16	16		?update_zorder@Win@@QAAXXZ
0x005f5080	PASS	16	9		?add_parent@Win@@QAAXPAUWin@@@Z
0x005f50e0	PASS	16	16		?remove_parent@Win@@QAAXPAUWin@@@Z
0x005f5140	PASS	16	8		?bring_parent_to_top@Win@@QAAXPAVWin@@@Z
0x005f5200	PASS	16	5		?add_child@Win@@QAEXPAUWin@@@Z
0x005f5270	PASS	16	11		?remove_child@Win@@QAEXPAUWin@@@Z
0x005f52e0	PASS	16	9		?bring_child_to_top@Win@@QAEXPAVWin@@@Z
0x005f53a0	SKIP	0	0	reaches an import	?on_window_pos_changing@Win@@QAEJPAUWINDOWPOS@@@Z
0x005f5480	SKIP	0	0	reaches an import	?on_window_pos_changed@Win@@QAEJPAUWINDOWPOS@@@Z
0x005f54b0	PASS	16	16		?on_move@Win@@QAEXHH@Z
0x005f54c0	PASS	16	16		?on_size@Win@@QAEXIHH@Z
0x005f54d0	PASS	16	16		?on_size_nc@Win@@QAEXIHH@Z
0x005f54e0	SKIP	0	0	reaches an import	?on_paint@Win@@QAEXPAURECT@@@Z
0x005f5810	SKIP	0	0	reaches an import	?on_nc_paint@Win@@QAEXPAURECT@@H@Z
0x005f5ad0	PASS	16	15		?on_nc_hittest@Win@@QAEHHH@Z
0x005f5c00	SKIP	0	0	reaches an import	?on_activate@Win@@QAEJIPAXJ@Z
0x005f5d10	SKIP	0	0	reaches an import	?on_key@Win@@QAEXIJHI@Z
0x005f5f60	PASS	16	7		?on_char@Win@@QAAHDH@Z
0x005f5fb0	SKIP	0	0	reaches an import	sub_5f5fb0
0x005f6230	SKIP	0	0	reaches an import	?on_sys_key@Win@@QAGHIJHI@Z
0x005f62d0	PASS	16	7		sub_5f62d0
0x005f6320	PASS	16	12		?on_mouse_move@Win@@QAEXHHIH@Z
0x005f63c0	INCONCLUSIVE-original-fault	16	0	INCONCLUSIVE-original-fault code 0xc0000005 at 0x005f5301 after 0 steps	?on_l_button_down@Win@@QAEXJHHIH@Z
0x005f6550	PASS	16	11		?on_l_button_up@Win@@QAEXHHIH@Z
0x005f6710	INCONCLUSIVE-original-fault	16	0	INCONCLUSIVE-original-fault code 0xc0000005 at 0x005f5301 after 0 steps	?on_r_button_down@Win@@QAEXJHHIH@Z
0x005f6880	PASS	16	5		?on_r_button_up@Win@@QAEXHHIH@Z
0x005f6a30	PASS	16	16		?on_set_cursor@Win@@QAEHPAXII@Z
0x005f6a40	PASS	16	16		?on_sys_command@Win@@QAEHIHH@Z
0x005f6a50	PASS	16	16		?get_key_window@Win@@QAGHXZ
0x005f6ab0	PASS	16	4		?get_mouse_window_recurse@@YAHPAUWin@@PAHPAH@Z
0x005f6f10	PASS	16	4	passed on the seeds that could be judged; 1 case(s) thrown out - the original read the unmodellable top 64 KiB	?get_mouse_window@Win@@QAAHPAH0@Z
0x005f7320	SKIP	0	0	reaches an import	?update_screen@Win@@QAAHPAURECT@@PAVWin@@@Z
0x005f74a0	SKIP	0	0	reaches an import	?update_window@Win@@QAEHPAURECT@@@Z
0x005f7580	SKIP	0	0	reaches an import	?do_tracking@Win@@QAEXHH@Z
0x005f7e90	PASS	16	11		?is_visible@Win@@QAEHXZ
0x005f7ec0	SKIP	0	0	reaches an import	?update_back_to_window@Win@@QAEXPAUBuffer@@@Z
0x005f8140	SKIP	0	0	reaches an import	?update_window_to_buffer@Win@@QAEXPAUBuffer@@@Z
0x005f83b0	SKIP	0	0	reaches an import	sub_5f83b0
0x005f83d0	SKIP	0	0	reaches an import	?set_bubble_text@Win@@QAEXPADPAURECT@@@Z
0x005f8500	SKIP	0	0	reaches an import	?clear_bubble_text@Win@@QAGXXZ
0x005f8530	INCONCLUSIVE-original-fault	16	0	INCONCLUSIVE-original-fault code 0xc0000005 at 0x00606323 after 0 steps	?on_mousewheel_down_vert@Win@@QAEXH@Z
0x005f8550	INCONCLUSIVE-original-fault	16	0	INCONCLUSIVE-original-fault code 0xc0000005 at 0x009e5e70 after 0 steps	?on_mousewheel_down_horz@Win@@QAEXH@Z
0x005f8570	PASS	16	1		?on_mousewheel_up_vert@Win@@QAEXH@Z
0x005f8590	INCONCLUSIVE-original-fault	16	0	INCONCLUSIVE-original-fault code 0xc0000005 at 0x00606551 after 0 steps	?on_mousewheel_up_horz@Win@@QAEXH@Z
0x005f85b0	INCONCLUSIVE-original-fault	16	0	INCONCLUSIVE-original-fault code 0xc0000005 at 0x00606323 after 0 steps	?on_mousewheel_down@Win@@QAEXH@Z
0x005f85e0	INCONCLUSIVE-original-fault	16	0	INCONCLUSIVE-original-fault code 0xc0000005 at 0x00606443 after 0 steps	?on_mousewheel_up@Win@@QAEXH@Z
0x005f8610	SKIP	0	0	reaches an import	??_GWin@@UAEPAXI@Z
0x005f8640	SKIP	0	0	reaches an import	??_GAutoSound@@UAEPAXI@Z
0x005f8670	HANG	0	0	the run stopped making progress here	sub_5f8670
0x005f86a0	PASS	16	1		sub_5f86a0
0x005f86c0	PASS	16	7		sub_5f86c0
0x005f8770	SKIP	0	0	reaches an import	sub_5f8770
0x005f8800	SKIP	0	0	reaches an import	??0PullDown@@QAE@XZ
0x005f88a0	SKIP	0	0	reaches an import	??1PullDown@@QAE@XZ
0x005f8920	SKIP	0	0	reaches an import	?init@PullDown@@QAEXPAUMenu@@@Z
0x005f8970	SKIP	0	0	reaches an import	?UNK1@PullDown@@QAEXXZ
0x005f89d0	SKIP	0	0	reaches an import	?add_item@PullDown@@QAEHHPAD@Z
0x005f8be0	PASS	16	16		?add_separator@PullDown@@QAEHH@Z
0x005f8c90	PASS	16	16		?UNK2@PullDown@@QAEHH@Z
0x005f8ca0	PASS	16	16		?UNK3@PullDown@@QAEHHHH@Z
0x005f8cb0	PASS	16	13		?hide_item@PullDown@@QAEHH@Z
0x005f8d20	PASS	16	15		?show_item@PullDown@@QAEHH@Z
0x005f8d90	PASS	16	14		?disable_item@PullDown@@QAEHH@Z
0x005f8df0	PASS	16	15		?enable_item@PullDown@@QAEHH@Z
0x005f8e50	SKIP	0	0	reaches an import	?rename_item@PullDown@@QAEHHPAD@Z
0x005f9040	PASS	16	16		?check_item@PullDown@@QAEHH@Z
0x005f90a0	PASS	16	12		?uncheck_item@PullDown@@QAEHH@Z
0x005f9100	SKIP	0	0	reaches an import	?UNK4@PullDown@@QAEXXZ
0x005f9170	SKIP	0	0	reaches an import	?show@PullDown@@QAEHHHP6AHXZ@Z
0x005f93a0	SKIP	0	0	reaches an import	?hide@PullDown@@QAEXXZ
0x005f93c0	SKIP	0	0	reaches an import	?on_left_down@PullDown@@QAEXHH@Z
0x005f9460	INCONCLUSIVE-original-fault	16	0	INCONCLUSIVE-original-fault code 0xc0000005 at 0x009e5348 after 0 steps	?on_right_down@PullDown@@QAEXHH@Z
0x005f9480	SKIP	0	0	reaches an import	?on_left_up@PullDown@@QAEXHH@Z
0x005f9570	INCONCLUSIVE-original-fault	16	0	INCONCLUSIVE-original-fault code 0xc0000005 at 0x009ea10c after 0 steps	?on_right_up@PullDown@@QAEXHH@Z
0x005f9590	SKIP	0	0	reaches an import	?mouse_move@PullDown@@QAEXHH@Z
0x005f9640	SKIP	0	0	reaches an import	?on_key_click@PullDown@@QAEHHH@Z
0x005f98b0	SKIP	0	0	reaches an import	?on_redraw@PullDown@@QAEXXZ
0x005f9d00	PASS	16	13	passed on the seeds that could be judged; 1 case(s) thrown out - the original read the unmodellable top 64 KiB	?id_to_index@PullDown@@QAEHH@Z
0x005f9d30	SKIP	0	0	reaches an import	?compute_length@PullDown@@QAEHPAD@Z
0x005f9f40	PASS	16	9		?get_selected@PullDown@@QAEHXZ
0x005f9f60	SKIP	0	0	reaches an import	?pulldown_update@PullDown@@QAEXHH@Z
0x005fa6b0	SKIP	0	0	reaches an import	?on_mouse_move@PullDown@@QAEXHH@Z
0x005fa740	PASS	16	16		?on_mouse_leave@PullDown@@QAEXHH@Z
0x005fa750	PASS	16	16		?UNK5@PullDown@@QAEHXZ
0x005fa760	PASS	16	16		?UNK6@PullDown@@QAEHXZ
0x005fa770	SKIP	0	0	reaches an import	??_GPullDown@@UAEPAXI@Z
0x005fa790	SKIP	0	0	reaches an import	??3PullDown@@SAXPAXI@Z
0x005fa7a0	PASS	16	16		?in_box@@YAHHHHHHH@Z
0x005fa7e0	PASS	16	8		?in_box@@YAHHHPAURECT@@@Z
0x005fa820	PASS	16	15		?clear@Spot@@QAEXXZ
0x005fa830	SKIP	0	0	reaches an import	?shutdown@Spot@@QAEXXZ
0x005fa860	PASS	16	15		??0Spot@@QAE@XZ
0x005fa870	SKIP	0	0	reaches an import	??1Spot@@QAE@XZ
0x005fa8a0	SKIP	0	0	reaches an import	?init@Spot@@QAEXH@Z
0x005fa900	PASS	16	5		?replace@Spot@@QAEXHHHHHH@Z
0x005fa960	PASS	16	10		?add@Spot@@QAEHHHHHHH@Z
0x005fa9c0	PASS	16	10		?kill_pos@Spot@@QAEXH@Z
0x005faa10	PASS	16	7		?kill_specific@Spot@@QAEXHH@Z
0x005faa90	PASS	16	7		?kill_type@Spot@@QAEXH@Z
0x005fab00	PASS	16	7		?check@Spot@@QAEHHHPAH0@Z
0x005fab70	PASS	16	5		?check@Spot@@QAEHHHPAH0PAURECT@@@Z
0x005fac00	PASS	16	5		?get_rect@Spot@@QAEHHHPAURECT@@@Z
0x005fac60	SKIP	0	0	reaches an import	??0Menu@@QAE@XZ
0x005fad00	SKIP	0	0	reaches an import	??1Menu@@QAE@XZ
0x005fadd0	SKIP	0	0	reaches an import	?init@Menu@@QAEHPAUWin@@@Z
0x005fae70	SKIP	0	0	reaches an import	?UNK1@Menu@@QAEXXZ
0x005faee0	SKIP	0	0	reaches an import	?set_def_font@Menu@@QAAXPAUFont@@@Z
0x005faef0	SKIP	0	0	reaches an import	?add_menu@Menu@@QAEHHPADH@Z
0x005fb100	SKIP	0	0	reaches an import	?add_menu_item@Menu@@QAEHHHPAD@Z
0x005fb160	PASS	16	13		?add_separator@Menu@@QAEHHH@Z
0x005fb1c0	PASS	16	16		?UNK2@Menu@@QAEHH@Z
0x005fb1d0	PASS	16	15		?UNK3@Menu@@QAEHHH@Z
0x005fb230	PASS	16	16		?UNK4@Menu@@QAEHHHH@Z
0x005fb240	PASS	16	16		?UNK5@Menu@@QAEHHHHH@Z
0x005fb2a0	PASS	16	16		?UNK6@Menu@@QAEHH@Z
0x005fb300	PASS	16	16		?hide_menu_item@Menu@@QAEHHH@Z
0x005fb360	PASS	16	12		?UNK7@Menu@@QAEHH@Z
0x005fb3c0	PASS	16	12		?show_menu_item@Menu@@QAEHHH@Z
0x005fb420	PASS	16	14	passed on the seeds that could be judged; 1 case(s) thrown out - the original read the unmodellable top 64 KiB	?UNK8@Menu@@QAEHH@Z
0x005fb480	PASS	16	15		?disable_menu_item@Menu@@QAEHHH@Z
0x005fb4e0	PASS	16	14		?UNK9@Menu@@QAEHH@Z
0x005fb540	PASS	16	13		?enable_menu_item@Menu@@QAEHHH@Z
0x005fb5a0	SKIP	0	0	reaches an import	?UNK10@Menu@@QAEHHPAD@Z
0x005fb700	SKIP	0	0	reaches an import	?rename_menu_item@Menu@@QAEHHHPAD@Z
0x005fb760	PASS	16	16		?check_menu_item@Menu@@QAEHHH@Z
0x005fb7c0	PASS	16	13		?uncheck_menu_item@Menu@@QAEHHH@Z
0x005fb820	PASS	16	16		?set_menu_proc@Menu@@QAEXP6AXH@Z@Z
0x005fb830	SKIP	0	0	reaches an import	?menu_event@Menu@@QAEHH@Z
0x005fb8e0	PASS	16	14		?UNK11@Menu@@QAEHHH@Z
0x005fb930	PASS	16	15		?UNK12@Menu@@QAEHHH@Z
0x005fb990	PASS	16	13		?id_to_index@Menu@@QAEHH@Z
0x005fb9c0	SKIP	0	0	reaches an import	?compute@Menu@@QAEXXZ
0x005fbac0	SKIP	0	0	reaches an import	?on_left_up@Menu@@QAEXHH@Z
0x005fbc20	SKIP	0	0	reaches an import	?on_left_down@Menu@@QAEXHH@Z
0x005fbdb0	SKIP	0	0	reaches an import	?mouse_move@Menu@@QAEXHH@Z
0x005fbf00	SKIP	0	0	reaches an import	?on_key_click@Menu@@QAEHHH@Z
0x005fc290	SKIP	0	0	reaches an import	?on_redraw@Menu@@QAEXXZ
0x005fc5a0	PASS	16	16		?adjust@Menu@@QAEXXZ
0x005fc620	SKIP	0	0	reaches an import	?hide_menus@Menu@@QAEXXZ
0x005fc680	SKIP	0	0	reaches an import	?on_mouse_move@Menu@@QAEXHH@Z
0x005fc6a0	INCONCLUSIVE-original-fault	16	0	INCONCLUSIVE-original-fault code 0xc0000005 at 0x005fc6ae after 0 steps	?requested_height@Menu@@QAEHXZ
0x005fc6c0	PASS	16	16		?on_adjust_pulldown_pos@Menu@@QAEXPAH0@Z
0x005fc6d0	SKIP	0	0	reaches an import	??_GMenu@@UAEPAXI@Z
0x005fc6f0	SKIP	0	0	reaches an import	??3Menu@@SAXPAXI@Z
0x005fc700	SKIP	0	0	reaches an import	?wait_task@@YAXXZ
0x005fc7f0	SKIP	0	0	reaches an import	?do_task@@YAHXZ
0x005fc8f0	SKIP	0	0	reaches an import	?do_all_tasks@@YAXXZ
0x005fc9e0	PASS	16	16		sub_5fc9e0
0x005fc9f0	SKIP	0	0	reaches an import	?do_all_tasks@@YAXPAUWin@@@Z
0x005fca30	SKIP	0	0	reaches an import	?do_non_input@@YAXXZ
0x005fcb20	SKIP	0	0	reaches an import	?do_all_non_input@@YAXXZ
0x005fcb60	SKIP	0	0	reaches an import	?do_draw@@YAHXZ
0x005fcbb0	SKIP	0	0	reaches an import	?do_all_draws@@YAXXZ
0x005fcc20	SKIP	0	0	reaches an import	?do_keyboard@@YAXXZ
0x005fcc70	SKIP	0	0	reaches an import	?do_all_keyboard@@YAXXZ
0x005fccf0	SKIP	0	0	reaches an import	sub_5fccf0
0x005fcd40	SKIP	0	0	reaches an import	sub_5fcd40
0x005fcda0	SKIP	0	0	reaches an import	sub_5fcda0
0x005fcdf0	SKIP	0	0	reaches an import	sub_5fcdf0
0x005fcec0	SKIP	0	0	reaches an import	sub_5fcec0
0x005fcf90	SKIP	0	0	reaches an import	?do_char@@YAXXZ
0x005fcfe0	SKIP	0	0	reaches an import	?do_all_chars@@YAXXZ
0x005fd050	SKIP	0	0	reaches an import	?do_mouse@@YAXXZ
0x005fd0a0	SKIP	0	0	reaches an import	?do_all_mouse@@YAXXZ
0x005fd120	SKIP	0	0	reaches an import	?flush_input@@YAXXZ
0x005fd1c0	SKIP	0	0	reaches an import	?flush_keyboard@@YAXXZ
0x005fd220	SKIP	0	0	reaches an import	?flush_mouse@@YAXXZ
0x005fd280	PASS	16	16		nullsub_192
0x005fd290	PASS	16	16		nullsub_193
0x005fd2a0	PASS	16	16		nullsub_194
0x005fd2b0	PASS	16	16		?do_sound@@YAXXZ
0x005fd2c0	SKIP	0	0	reaches an import	sub_5fd2c0
0x005fd310	SKIP	0	0	reaches an import	sub_5fd310
0x005fd360	PASS	16	16		?do_all_sounds@@YAXXZ
0x005fd370	SKIP	0	0	reaches an import	?flush_timer@@YAXXZ
0x005fd400	SKIP	0	0	reaches an import	??__ETxt@@YAXXZ
0x005fd460	SKIP	0	0	reaches an import	??__FTxt@@YAXXZ
0x005fd4c0	PASS	16	16		?text_set_get_ptr@@YAXXZ
0x005fd4d0	PASS	16	16		?text_set_item_ptr@@YAXXZ
0x005fd4e0	SKIP	0	0	uses fs: (SEH chain is not in the image)	??__ETxtIndex@@YAXXZ
0x005fd510	SKIP	0	0	uses fs: (SEH chain is not in the image)	??__FTxtIndex@@YAXXZ
0x005fd530	SKIP	0	0	calls a body the lift does not have	?text_close@@YAXXZ
0x005fd550	SKIP	0	0	reaches an import	?text_open@@YAHPADPAD@Z
0x005fd570	SKIP	0	0	calls a body the lift does not have	?text_get@@YAPADXZ
0x005fd5e0	SKIP	0	0	reaches an import	?text_string@@YAPADXZ
0x005fd670	SKIP	0	0	calls a body the lift does not have	?text_item@@YAPADXZ
0x005fd6d0	SKIP	0	0	reaches an import	?text_item_string@@YAPADXZ
0x005fd740	SKIP	0	0	calls a body the lift does not have	?text_item_number@@YAHXZ
0x005fd7a0	SKIP	0	0	calls a body the lift does not have	?text_item_binary@@YAHXZ
0x005fd800	SKIP	0	0	calls a body the lift does not have	?text_item_hex@@YAHXZ
0x005fd860	PASS	16	15		??0Text@@QAE@@Z
0x005fd880	SKIP	0	0	reaches an import	??0Text@@QAE@H@Z
0x005fd8d0	SKIP	0	0	reaches an import	?init@Text@@QAEHH@Z
0x005fd970	SKIP	0	0	reaches an import	?shutdown@Text@@QAEXXZ
0x005fd9d0	SKIP	0	0	calls a body the lift does not have	?close@Text@@QAEXXZ
0x005fda00	SKIP	0	0	reaches an import	?open@Text@@QAEHPADPAD@Z
0x005fdc10	SKIP	0	0	calls a body the lift does not have	?get@Text@@QAEHXZ
0x005fdc80	SKIP	0	0	reaches an import	?string@Text@@QAEXXZ
0x005fdd10	SKIP	0	0	calls a body the lift does not have	?item@Text@@QAEXXZ
0x005fdd80	SKIP	0	0	reaches an import	?item_string@Text@@QAEXXZ
0x005fddf0	SKIP	0	0	calls a body the lift does not have	?item_number@Text@@QAEXXZ
0x005fde60	SKIP	0	0	calls a body the lift does not have	?item_binary@Text@@QAEXXZ
0x005fded0	SKIP	0	0	calls a body the lift does not have	?item_hex@Text@@QAEXXZ
0x005fdf40	PASS	16	14		??0TextIndex@@QAE@XZ
0x005fdf60	SKIP	0	0	reaches an import	??1TextIndex@@QAE@XZ
0x005fdf80	SKIP	0	0	reaches an import	?make_index@TextIndex@@QAEXPAD@Z
0x005fe120	SKIP	0	0	calls a body the lift does not have	?search_index@TextIndex@@QAEHPAD0@Z
0x005fe1f0	SKIP	0	0	reaches an import	?text_make_index@@YAXPAD@Z
0x005fe230	SKIP	0	0	calls a body the lift does not have	?text_search_index@@YAHPAD0@Z
0x005fe270	SKIP	0	0	reaches an import	?text_clear_index@@YAXXZ
0x005fe2a0	SKIP	0	0	reaches an import	??0Palette@@QAE@XZ
0x005fe2e0	SKIP	0	0	reaches an import	??1Palette@@QAE@XZ
0x005fe2f0	SKIP	0	0	calls a body the lift does not have	?__as@Palette@@QAEHQAUPalette@@@Z
0x005fe330	SKIP	0	0	reaches an import	?init@Palette@@QAEXXZ
0x005fe460	SKIP	0	0	reaches an import	?set@Palette@@QAEHXZ
0x005fe4f0	PASS	16	16		?set_active_window@Palette@@QAAXPAVWin@@@Z
0x005fe500	SKIP	0	0	reaches an import	?close@Palette@@QAEXXZ
0x005fe560	PASS	16	16		?get_rgbquad@Palette@@QAEHPAURGBQUAD@@HH@Z
0x005fe5c0	PASS	16	16		?UNK1@Palette@@QAEHHHH@Z
0x005fe650	PASS	16	16		?set_from_dib@Palette@@QAEHPAUDib@@@Z
0x005fe6d0	PASS	16	14		?reseed@Palette@@QAEXXZ
0x005fe700	SKIP	0	0	reaches an import	?init_cycle@Palette@@QAEHHHHK@Z
0x005fe8b0	SKIP	0	0	reaches an import	?start_cycle@Palette@@QAEHH@Z
0x005fe900	SKIP	0	0	reaches an import	?UNK2@Palette@@QAEXH@Z
0x005fe950	SKIP	0	0	reaches an import	?UNK3@Palette@@QAEXH@Z
0x005fead0	SKIP	0	0	reaches an import	?timer_callback@Palette@@QAAXHH@Z
0x005febb0	SKIP	0	0	reaches an import	?init_palette_class@Palette@@QAAXH@Z
0x005fecf0	SKIP	0	0	reaches an import	?close_palette_class@Palette@@QAAXXZ
0x005fed10	PASS	16	14		?get_pos@Palette@@QAEHH@Z
0x005fed40	SKIP	0	0	calls a body the lift does not have	?create_table@Palette@@QAEHPAEHHH@Z
0x005fee80	SKIP	0	0	calls a body the lift does not have	?UNK4@Palette@@QAEHPAXHHHHH@Z
0x005feff0	PASS	16	16		?create_table_from_color@Palette@@QAEHHPAEHHHH@Z
0x005ff1a0	PASS	16	1		?UNK5@Palette@@QAEHHHHH@Z
0x005ff220	PASS	16	7		?UNK6@Palette@@QAEHHHH@Z
0x005ff280	PASS	16	16		?UNK7@Palette@@QAEHHHHHHH@Z
0x005ff470	PASS	16	16		?get_nearest_palette_index@Palette@@QAEHEEEH@Z
0x005ff630	SKIP	0	0	calls a body the lift does not have	?get_nearest_palette_index@Palette@@QAEHPAUHSV@@0H@Z
0x005ff930	SKIP	0	0	reaches an import	?UNK8@Palette@@QAEHHHHHH@Z
0x005ffb10	SKIP	0	0	reaches an import	?UNK9@Palette@@QAEHHHHHH@Z
0x005ffd80	SKIP	0	0	reaches an import	??0MCIVideo@@QAE@XZ
0x005ffdb0	SKIP	0	0	reaches an import	?close@MCIVideo@@QAEXXZ
0x005ffe40	SKIP	0	0	reaches an import	sub_5ffe40
0x005ffe80	SKIP	0	0	reaches an import	sub_5ffe80
0x005ffec0	SKIP	0	0	reaches an import	sub_5ffec0
0x005fff90	SKIP	0	0	reaches an import	?load@MCIVideo@@QAEHPADPAUWin@@HH@Z
0x006001e0	SKIP	0	0	reaches an import	?play@MCIVideo@@QAEXXZ
0x00600270	SKIP	0	0	reaches an import	?stop@MCIVideo@@QAEXXZ
0x006002f0	SKIP	0	0	reaches an import	?status@MCIVideo@@QAEHXZ
0x00600320	PASS	16	16		?is_playing@MCIVideo@@QAEHXZ
0x00600330	SKIP	0	0	reaches an import	sub_600330
0x006003a0	PASS	16	16		?filefind_cd_drive_letter@@YAPADXZ
0x006003b0	SKIP	0	0	calls a body the lift does not have	?filefind_set_alternate@@YAXPAD@Z
0x00600400	SKIP	0	0	reaches an import	?filefind_init@@YAHPADH@Z
0x006005d0	SKIP	0	0	reaches an import	?filefind_get@@YAHPAD@Z
0x00600760	PASS	16	8	passed on the seeds that could be judged; 1 case(s) thrown out - the original read the unmodellable top 64 KiB	?purge_leading@@YAXPAD@Z
0x00600780	SKIP	0	0	calls a body the lift does not have	?purge_trailing@@YAXPAD@Z
0x006007b0	SKIP	0	0	calls a body the lift does not have	?purge_spaces@@YAXPAD@Z
0x00600820	SKIP	0	0	calls a body the lift does not have	?kill_lf@@YAXPAD@Z
0x00600840	SKIP	0	0	calls a body the lift does not have	?add_lf@@YAXPAD@Z
0x00600860	SKIP	0	0	reaches an import	??0BasePop@@QAE@XZ
0x00600f00	SKIP	0	0	reaches an import	?close@BasePop@@QAEXXZ
0x006015b0	SKIP	0	0	reaches an import	?init@BasePop@@QAEHHJ@Z
0x006017a0	SKIP	0	0	reaches an import	?set_ok_text@BasePop@@QAEHPAD@Z
0x00601820	SKIP	0	0	reaches an import	?set_cancel_text@BasePop@@QAEHPAD@Z
0x006018a0	SKIP	0	0	reaches an import	?set_def_ok_text@BasePop@@QAAHPAD@Z
0x00601910	SKIP	0	0	reaches an import	?set_def_cancel_text@BasePop@@QAAHPAD@Z
0x00601980	SKIP	0	0	reaches an import	?string@BasePop@@QAEHPAD@Z
0x006019f0	SKIP	0	0	reaches an import	?button@BasePop@@QAEHPAD@Z
0x00601a40	SKIP	0	0	reaches an import	?UNK1@BasePop@@QAEHPAD@Z
0x00601ac0	PASS	16	3		?set_height@BasePop@@QAEXH@Z
0x00601b20	PASS	16	5		?set_width@BasePop@@QAEXH@Z
0x00601b80	PASS	16	15		?set_loc@BasePop@@QAEXHH@Z
0x00601bb0	INCONCLUSIVE-original-fault	16	0	INCONCLUSIVE-original-fault code 0xc0000005 at 0x0060ecf5 after 0 steps	?write_check@BasePop@@QAEXJ@Z
0x00601bd0	PASS	16	2		?read_check@BasePop@@QAEXXZ
0x00601bf0	SKIP	0	0	reaches an import	?start@BasePop@@QAEHPADPBDH0HPAUGraphicWin@@@Z
0x00602600	SKIP	0	0	reaches an import	?exec@BasePop@@QAEHHP6AHXZ@Z
0x00603800	SKIP	0	0	reaches an import	?calculate_dimensions@BasePop@@QAEHXZ
0x00604300	SKIP	0	0	calls a body the lift does not have	?on_button_clicked@BasePop@@QAEXH@Z
0x006043d0	SKIP	0	0	calls a body the lift does not have	?set_def_file@BasePop@@QAAHPAD@Z
0x00604410	SKIP	0	0	calls a body the lift does not have	?on_key_down@BasePop@@QAEHH@Z
0x00604490	PASS	16	14		?on_key_click@BasePop@@QAEHHH@Z
0x006044b0	PASS	16	14		?on_key_up@BasePop@@QAEHH@Z
0x006044d0	SKIP	0	0	calls a body the lift does not have	?double_click@BasePop@@QAEXH@Z
0x00604590	SKIP	0	0	reaches an import	?init_class@BasePop@@QAAHXZ
0x00604680	SKIP	0	0	reaches an import	?close_class@BasePop@@QAAXXZ
0x006046f0	PASS	16	8		?set_string_font@BasePop@@QAEHPAUFont@@PAUFont@@PAUFont@@PAUFont@@@Z
0x00604730	PASS	16	14		?set_string_color@BasePop@@QAEXHHHH@Z
0x00604760	PASS	16	16		?set_string_color2@BasePop@@QAEXHHHH@Z
0x00604790	PASS	16	15		?set_string_color3@BasePop@@QAEXHHHH@Z
0x006047c0	PASS	16	15		?set_string_color_hyper@BasePop@@QAEXHHHH@Z
0x006047f0	PASS	16	9		?set_button_font@BasePop@@QAEHPAUFont@@PAUFont@@PAUFont@@@Z
0x00604830	PASS	16	15		?set_button_color@BasePop@@QAEXDHHH@Z
0x00604860	PASS	16	14		?set_button_color2@BasePop@@QAEXDHHH@Z
0x00604890	PASS	16	14		?set_button_color3@BasePop@@QAEXDHHH@Z
0x006048c0	PASS	16	8		?set_def_string_font@BasePop@@QAAHPAUFont@@PAUFont@@PAUFont@@PAUFont@@@Z
0x00604900	PASS	16	16		?set_def_string_color@BasePop@@QAAXHHHH@Z
0x00604930	PASS	16	16		?set_def_string_color2@BasePop@@QAAXHHHH@Z
0x00604960	PASS	16	16		?set_def_string_color3@BasePop@@QAAXHHHH@Z
0x00604990	PASS	16	16		?set_def_string_color_hyper@BasePop@@QAAXHHHH@Z
0x006049c0	PASS	16	9	passed on the seeds that could be judged; 1 case(s) thrown out - the original read the unmodellable top 64 KiB	?set_def_button_font@BasePop@@QAAHPAUFont@@PAUFont@@PAUFont@@@Z
0x006049f0	PASS	16	16		?set_def_button_color@BasePop@@QAAXHHHH@Z
0x00604a20	PASS	16	16		?set_def_button_color2@BasePop@@QAAXHHHH@Z
0x00604a50	PASS	16	16		?set_def_button_color3@BasePop@@QAAXHHHH@Z
0x00604a80	PASS	16	16		?on_modal@BasePop@@QAAHXZ
0x00604a90	PASS	16	16		?fallout@BasePop@@QAAXXZ
0x00604ab0	SKIP	0	0	reaches an import	?on_redraw@BasePop@@QAEXXZ
0x00604e40	SKIP	0	0	reaches an import	?basepop_alloc@BasePop@@QAEHXZ
0x00604ea0	SKIP	0	0	reaches an import	?UNK2@BasePop@@QAEHXZ
0x00605010	PASS	16	5		?set_external_window@BasePop@@QAEXPAUGraphicWin@@HHHH@Z
0x006050f0	PASS	16	16		?set_def_external_window@BasePop@@QAAXPAUGraphicWin@@HHHH@Z
0x00605130	PASS	16	1		?on_left_down@BasePop@@QAEXHH@Z
0x00605180	PASS	16	16		?UNK3@BasePop@@QAEXH@Z
0x006051a0	PASS	16	15		?UNK4@BasePop@@QAEXH@Z
0x006051c0	SKIP	0	0	reaches an import	sub_6051c0
0x006051d0	SKIP	0	0	reaches an import	??0Scroll@@QAE@XZ
0x00605370	SKIP	0	0	reaches an import	?close@Scroll@@QAEXXZ
0x006054d0	SKIP	0	0	reaches an import	?init@Scroll@@QAEHHHHHPAUWin@@HH@Z
0x00605840	SKIP	0	0	reaches an import	?init@Scroll@@QAEHPAURECT@@PAUWin@@HH@Z
0x00605890	SKIP	0	0	reaches an import	?init_vert@Scroll@@QAEHHHHPAUWin@@H@Z
0x006058d0	SKIP	0	0	reaches an import	?init_horz@Scroll@@QAEHHHHPAUWin@@H@Z
0x00605910	SKIP	0	0	reaches an import	?init_vert_nc@Scroll@@QAEHHHHPAUWin@@H@Z
0x00605960	SKIP	0	0	reaches an import	?init_horz_nc@Scroll@@QAEHHHHPAUWin@@H@Z
0x006059b0	INCONCLUSIVE-original-fault	16	0	INCONCLUSIVE-original-fault code 0xc0000005 at 0x009e3390 after 0 steps	?set_range@Scroll@@QAEXHH@Z
0x00605a10	INCONCLUSIVE-original-fault	16	0	INCONCLUSIVE-original-fault code 0xc0000005 at 0x00605a31 after 0 steps	?set_button_color@Scroll@@QAEXH@Z
0x00605a50	INCONCLUSIVE-original-fault	16	0	INCONCLUSIVE-original-fault code 0xc0000005 at 0x00605a71 after 0 steps	?set_bevel_thickness@Scroll@@QAEXH@Z
0x00605a90	INCONCLUSIVE-original-fault	16	0	INCONCLUSIVE-original-fault code 0xc0000005 at 0x00605ab1 after 0 steps	?set_bevel_upper@Scroll@@QAEXH@Z
0x00605ad0	INCONCLUSIVE-original-fault	16	0	INCONCLUSIVE-original-fault code 0xc0000005 at 0x00605af1 after 0 steps	?set_bevel_lower@Scroll@@QAEXH@Z
0x00605b10	PASS	16	15		?set_border_color@Scroll@@QAEXH@Z
0x00605b80	PASS	16	14		?set_bar_thickness@Scroll@@QAEXH@Z
0x00605be0	PASS	16	14		?set_sprite_left@Scroll@@QAEXPAUSprite@@PAUSprite@@PAUSprite@@@Z
0x00605c30	PASS	16	13		?set_sprite_right@Scroll@@QAEXPAUSprite@@PAUSprite@@PAUSprite@@@Z
0x00605c80	PASS	16	15		?UNK1@Scroll@@QAEXPAUSprite@@PAUSprite@@PAUSprite@@@Z
0x00605cd0	PASS	16	16		?UNK2@Scroll@@QAEXPAUSprite@@PAUSprite@@PAUSprite@@@Z
0x00605d20	INCONCLUSIVE-original-fault	16	0	INCONCLUSIVE-original-fault code 0xc0000005 at 0x009d4ed8 after 0 steps	?set_pos@Scroll@@QAEXH@Z
0x00605d90	SKIP	0	0	reaches an import	?on_mouse_move@Scroll@@QAEXHH@Z
0x006061e0	INCONCLUSIVE-original-fault	16	0	INCONCLUSIVE-original-fault code 0xc0000005 at 0x00000014 after 0 steps	?on_left_down@Scroll@@QAEXHH@Z
0x006062c0	INCONCLUSIVE-original-fault	16	0	INCONCLUSIVE-original-fault code 0xc0000005 at 0x00000068 after 0 steps	?on_left_up@Scroll@@QAEXHH@Z
0x00606310	PASS	16	16		?on_left_click@Scroll@@QAEHHH@Z
0x00606320	INCONCLUSIVE-original-fault	16	0	INCONCLUSIVE-original-fault code 0xc0000005 at 0x00000050 after 0 steps	?on_mousewheel_down@Scroll@@QAEXH@Z
0x00606440	PASS	16	1		?on_mousewheel_up@Scroll@@QAEXH@Z
0x00606560	PASS	16	14		?on_key_click@Scroll@@QAEHHH@Z
0x006066f0	SKIP	0	0	reaches an import	?on_redraw@Scroll@@QAEXXZ
0x00606860	INCONCLUSIVE-original-fault	16	0	INCONCLUSIVE-original-fault code 0xc0000005 at 0x00000038 after 0 steps	?on_resize@Scroll@@QAEXHH@Z
0x006069a0	SKIP	0	0	reaches an import	?on_button_pressed@Scroll@@QAEXH@Z
0x00606b20	INCONCLUSIVE-original-fault	16	0	INCONCLUSIVE-original-fault code 0xc0000005 at 0x00606b8c after 0 steps	?on_button_clicked@Scroll@@QAEXH@Z
0x00606c50	PASS	16	6		?compute_thumb_rect@Scroll@@QAEXPAURECT@@@Z
0x00606ea0	PASS	16	14		?set_thumb_rect@Scroll@@QAEXXZ
0x00606f00	PASS	16	7		sub_606f00
0x00606f30	SKIP	0	0	reaches an import	??0BaseButton@@QAE@XZ
0x00607040	SKIP	0	0	reaches an import	??1BaseButton@@QAE@XZ
0x006070c0	SKIP	0	0	reaches an import	?close@BaseButton@@QAEXXZ
0x00607190	SKIP	0	0	reaches an import	?UNK1@BaseButton@@QAEHPAUFont@@PADHHHHPAUWin@@H@Z
0x00607210	SKIP	0	0	reaches an import	?init@BaseButton@@QAEHPADHHHHHPAUWin@@H@Z
0x00607360	SKIP	0	0	reaches an import	?set_text_color@BaseButton@@QAEXHHHH@Z
0x006073a0	SKIP	0	0	reaches an import	?set_text_color2@BaseButton@@QAEXHHHH@Z
0x006073e0	SKIP	0	0	reaches an import	?set_text_color3@BaseButton@@QAEXHHHH@Z
0x00607420	PASS	16	16		?set_def_text_color@BaseButton@@QAAXHHHH@Z
0x00607450	PASS	16	16		?set_def_text_color2@BaseButton@@QAAXHHHH@Z
0x00607480	PASS	16	16		?set_def_text_color3@BaseButton@@QAAXHHHH@Z
0x006074b0	PASS	16	4		?set_def_font@BaseButton@@QAAHPAUFont@@PAUFont@@PAUFont@@@Z
0x006074e0	SKIP	0	0	reaches an import	?set_name@BaseButton@@QAEHPAD@Z
0x00607550	SKIP	0	0	reaches an import	?set_bubble_text@BaseButton@@QAEHPAD@Z
0x006075c0	SKIP	0	0	reaches an import	?on_left_down@BaseButton@@QAEXHH@Z
0x00607720	SKIP	0	0	reaches an import	?on_left_up@BaseButton@@QAEXHH@Z
0x006077f0	PASS	16	16		?on_key_click@BaseButton@@QAEXHH@Z
0x00607800	PASS	16	16		?on_key_down@BaseButton@@QAEXH@Z
0x00607810	PASS	16	16		?on_key_up@BaseButton@@QAEXH@Z
0x00607820	PASS	16	16		?on_mouse_leave@BaseButton@@QAEXHH@Z
0x00607850	SKIP	0	0	reaches an import	?on_mouse_move@BaseButton@@QAEXHH@Z
0x00607a00	SKIP	0	0	reaches an import	?on_right_click@BaseButton@@QAEXHH@Z
0x00607a20	INCONCLUSIVE-original-fault	16	0	INCONCLUSIVE-original-fault code 0xc0000005 at 0x009d3fe8 after 0 steps	?on_left_click@BaseButton@@QAEXHH@Z
0x00607b00	INCONCLUSIVE-original-fault	16	0	INCONCLUSIVE-original-fault code 0xc0000005 at 0x009ecc38 after 0 steps	?on_dialog_focus@BaseButton@@QAEXH@Z
0x00607b10	SKIP	0	0	reaches an import	?timer_callback_daemon@BaseButton@@QAAXHH@Z
0x00607b30	SKIP	0	0	reaches an import	?timer_callback@BaseButton@@QAEXH@Z
0x00607c30	INCONCLUSIVE-original-fault	16	0	INCONCLUSIVE-original-fault code 0xc0000005 at 0x009d5cb8 after 0 steps	?UNK2@BaseButton@@QAEXXZ
0x00607c80	INCONCLUSIVE-original-fault	16	0	INCONCLUSIVE-original-fault code 0xc0000005 at 0x00000004 after 0 steps	?set@BaseButton@@QAEXH@Z
0x00607cc0	SKIP	0	0	reaches an import	??_GBaseButton@@UAEPAXI@Z
0x00607ce0	SKIP	0	0	reaches an import	??3BaseButton@@SAXPAXI@Z
0x00607cf0	SKIP	0	0	reaches an import	??0FlatButton@@QAE@XZ
0x00607da0	SKIP	0	0	reaches an import	?close@FlatButton@@QAEXXZ
0x00607e50	SKIP	0	0	reaches an import	?on_redraw@FlatButton@@QAEXXZ
0x00608500	SKIP	0	0	reaches an import	?on_mouse_move@FlatButton@@QAEXHH@Z
0x00608660	SKIP	0	0	reaches an import	?on_mouse_leave@FlatButton@@QAEXHH@Z
0x006086f0	SKIP	0	0	reaches an import	?fill_entry@StringList@@QAEHPAUStringStruct@@@Z
0x00608770	SKIP	0	0	reaches an import	?kill_entry@StringList@@QAEXPAUStringStruct@@@Z
0x006087a0	SKIP	0	0	calls a body the lift does not have	?sort@StringList@@QAEXH@Z
0x00608980	SKIP	0	0	reaches an import	?load@StringList@@QAEHPADPADHP6AXPAD@Z@Z
0x00608ba0	SKIP	0	0	reaches an import	?add_special@StringList@@QAEXPAD@Z
0x00608c00	SKIP	0	0	reaches an import	??1Text@@QAE@XZ
0x00608c10	PASS	16	14		??0Dialog@@QAE@XZ
0x00608e10	SKIP	0	0	reaches an import	??1Dialog@@QAE@XZ
0x00608f50	SKIP	0	0	reaches an import	?close@Dialog@@QAEXXZ
0x00609150	SKIP	0	0	reaches an import	?init@Dialog@@QAEHXZ
0x00609300	SKIP	0	0	reaches an import	?init@Dialog@@QAEHHHHHH@Z
0x00609470	SKIP	0	0	reaches an import	?init@Dialog@@QAEHPAURECT@@H@Z
0x006095f0	SKIP	0	0	reaches an import	?init@Dialog@@QAEHH@Z
0x00609730	SKIP	0	0	reaches an import	?init@Dialog@@QAEHHHHHPAUHeap@@@Z
0x006097f0	SKIP	0	0	reaches an import	?init@Dialog@@QAEHPAURECT@@PAUHeap@@@Z
0x006098d0	SKIP	0	0	reaches an import	?init@Dialog@@QAEHPAUHeap@@@Z
0x00609970	INCONCLUSIVE-original-fault	16	0	INCONCLUSIVE-original-fault code 0xc0000005 at 0x00000018 after 0 steps	?UNK1@Dialog@@QAEXHH@Z
0x00609990	SKIP	0	0	reaches an import	?item@Dialog@@QAEHPADH@Z
0x006099d0	PASS	16	6		?set_selected_id@Dialog@@QAEXH@Z
0x00609a50	SKIP	0	0	calls a body the lift does not have	?get_selected_id@Dialog@@QAEHXZ
0x00609af0	PASS	16	5		?id_to_pos@Dialog@@QAEHH@Z
0x00609b50	SKIP	0	0	calls a body the lift does not have	?pos_to_id@Dialog@@QAEHH@Z
0x00609bf0	SKIP	0	0	reaches an import	?UNK2@Dialog@@QAEXHHHH@Z
0x00609c60	PASS	16	9		?set_dialog_font@Dialog@@QAEHPAUFont@@PAUFont@@PAUFont@@@Z
0x00609c90	PASS	16	16		?set_dialog_text_color@Dialog@@QAEXHHHH@Z
0x00609cc0	PASS	16	16		?set_dialog_text_color2@Dialog@@QAEXHHHH@Z
0x00609cf0	PASS	16	14		?set_dialog_text_color3@Dialog@@QAEXHHHH@Z
0x00609d20	PASS	16	13		?set_def_dialog_font@Dialog@@QAAHPAUFont@@PAUFont@@PAUFont@@@Z
0x00609d50	PASS	16	16		?set_def_dialog_text_color@Dialog@@QAAXHHHHH@Z
0x00609d90	SKIP	0	0	reaches an import	??_GDialog@@UAEPAXI@Z
0x00609db0	SKIP	0	0	reaches an import	??0ListBox@@QAE@H@Z
0x00609ec0	SKIP	0	0	reaches an import	??1ListBox@@QAE@XZ
0x00609f20	SKIP	0	0	reaches an import	?close@ListBox@@QAEXXZ
0x00609fa0	SKIP	0	0	calls a body the lift does not have	?set_selected_id@ListBox@@QAEXH@Z
0x0060a020	SKIP	0	0	calls a body the lift does not have	?set_selected_pos@ListBox@@QAEXHH@Z
0x0060a1e0	SKIP	0	0	reaches an import	?calculate_dimensions@ListBox@@QAEHXZ
0x0060a670	SKIP	0	0	reaches an import	?attach@ListBox@@QAEHPAUGraphicWin@@HHH@Z
0x0060aa20	INCONCLUSIVE-original-fault	16	0	INCONCLUSIVE-original-fault code 0xc0000005 at 0x0060aa42 after 0 steps	?on_right_down@ListBox@@QAEXHH@Z
0x0060aa60	SKIP	0	0	reaches an import	?on_left_down@ListBox@@QAEXHH@Z
0x0060af90	SKIP	0	0	reaches an import	?on_key_down@ListBox@@QAEXH@Z
0x0060b530	SKIP	0	0	reaches an import	?draw_item@ListBox@@QAEXH@Z
0x0060c1e0	SKIP	0	0	reaches an import	?UNK1@ListBox@@QAEXH@Z
0x0060c350	SKIP	0	0	reaches an import	?on_redraw@ListBox@@QAEXXZ
0x0060c5d0	SKIP	0	0	reaches an import	?on_scrolling@ListBox@@QAEXHH@Z
0x0060c6a0	INCONCLUSIVE-original-fault	16	0	INCONCLUSIVE-original-fault code 0xc0000005 at 0x0060c6a6 after 0 steps	?on_scrolled@ListBox@@QAEXHH@Z
0x0060c6d0	INCONCLUSIVE-original-fault	16	0	INCONCLUSIVE-original-fault code 0xc0000005 at 0x009e0de0 after 0 steps	?on_right_double_click@ListBox@@QAEXHH@Z
0x0060c710	SKIP	0	0	calls a body the lift does not have	?on_left_double_click@ListBox@@QAEXHH@Z
0x0060c7c0	PASS	16	16		?on_dialog_focus@ListBox@@QAEXH@Z
0x0060c7d0	SKIP	0	0	calls a body the lift does not have	?UNK2@ListBox@@QAEHPAD@Z
0x0060c920	SKIP	0	0	reaches an import	?item@ListBox@@QAEHPADH@Z
0x0060c9b0	SKIP	0	0	reaches an import	?update_changes@ListBox@@QAEHXZ
0x0060cb70	PASS	16	1		?on_mousewheel@ListBox@@QAEXH@Z
0x0060cbc0	SKIP	0	0	reaches an import	?on_mouse_move@ListBox@@QAEXHH@Z
0x0060ce10	INCONCLUSIVE-original-fault	16	0	INCONCLUSIVE-original-fault code 0xc0000005 at 0x0060ce16 after 0 steps	?on_mouse_leave@ListBox@@QAEXHH@Z
0x0060ce40	SKIP	0	0	reaches an import	sub_60ce40
0x0060ced0	PASS	16	1		sub_60ced0
0x0060cf10	PASS	16	1		sub_60cf10
0x0060cf50	SKIP	0	0	reaches an import	?on_redraw@thunk1_ListBox@@QAEXXZ
0x0060cf60	PASS	16	1		?on_mousewheel@thunk1_ListBox@@QAEXH@Z
0x0060cf70	SKIP	0	0	reaches an import	?on_mouse_move@thunk1_ListBox@@QAEXHH@Z
0x0060cf80	INCONCLUSIVE-original-fault	16	0	INCONCLUSIVE-original-fault code 0xc0000005 at 0x0060ce27 after 0 steps	?on_mouse_leave@thunk1_ListBox@@QAEXHH@Z
0x0060cf90	SKIP	0	0	reaches an import	?on_left_down@thunk1_ListBox@@QAEXHH@Z
0x0060cfa0	INCONCLUSIVE-original-fault	16	0	INCONCLUSIVE-original-fault code 0xc0000005 at 0x0060aa2d after 0 steps	?on_right_down@thunk1_ListBox@@QAEXHH@Z
0x0060cfb0	SKIP	0	0	reaches an import	?on_key_down@thunk1_ListBox@@QAEXH@Z
0x0060cfc0	SKIP	0	0	calls a body the lift does not have	?on_left_double_click@thunk1_ListBox@@QAEXHH@Z
0x0060cfd0	INCONCLUSIVE-original-fault	16	0	INCONCLUSIVE-original-fault code 0xc0000005 at 0x0060c6dd after 0 steps	?on_right_double_click@thunk1_ListBox@@QAEXHH@Z
0x0060cfe0	INCONCLUSIVE-original-fault	16	0	INCONCLUSIVE-original-fault code 0xc0000005 at 0x0060c6a3 after 0 steps	?on_scrolled@thunk1_ListBox@@QAEXHH@Z
0x0060cff0	SKIP	0	0	reaches an import	?on_scrolling@thunk1_ListBox@@QAEXHH@Z
0x0060d000	PASS	16	14		?on_dialog_focus@thunk1_ListBox@@QAEXH@Z
0x0060d010	SKIP	0	0	reaches an import	sub_60d010
0x0060d030	SKIP	0	0	reaches an import	sub_60d030
0x0060d040	SKIP	0	0	reaches an import	?attach@thunk1_ListBox@@QAEHPAUGraphicWin@@HHH@Z
0x0060d050	SKIP	0	0	reaches an import	?on_redraw@thunk3_ListBox@@QAEXXZ
0x0060d060	SKIP	0	0	calls a body the lift does not have	??__Eg_RADIOBUTTON_SPRITE_1@@YAXXZ
0x0060d080	SKIP	0	0	reaches an import	??__Fg_RADIOBUTTON_SPRITE_1@@YAXXZ
0x0060d0a0	SKIP	0	0	calls a body the lift does not have	??__Eg_RADIOBUTTON_SPRITE_2@@YAXXZ
0x0060d0c0	SKIP	0	0	reaches an import	??__Fg_RADIOBUTTON_SPRITE_2@@YAXXZ
0x0060d0e0	SKIP	0	0	reaches an import	??0RadioButton@@QAE@H@Z
0x0060d1b0	SKIP	0	0	reaches an import	?close@RadioButton@@QAEXXZ
0x0060d1f0	SKIP	0	0	reaches an import	?attach@RadioButton@@QAEHPAUGraphicWin@@HHH@Z
0x0060d380	SKIP	0	0	reaches an import	?calculate_dimensions@RadioButton@@QAEHXZ
0x0060d750	SKIP	0	0	reaches an import	?draw_item@RadioButton@@QAEXHH@Z
0x0060de10	SKIP	0	0	reaches an import	?on_left_down@RadioButton@@QAEXHH@Z
0x0060e020	SKIP	0	0	reaches an import	?on_key_down@RadioButton@@QAEHH@Z
0x0060e1e0	SKIP	0	0	calls a body the lift does not have	?on_left_double_click@RadioButton@@QAEXHH@Z
0x0060e220	SKIP	0	0	reaches an import	?on_redraw@RadioButton@@QAEXXZ
0x0060e300	INCONCLUSIVE-original-fault	16	0	INCONCLUSIVE-original-fault code 0xc0000005 at 0x0060e30e after 0 steps	?on_dialog_focus@RadioButton@@QAEXH@Z
0x0060e320	SKIP	0	0	calls a body the lift does not have	?on_mouse_move@RadioButton@@QAEXHH@Z
0x0060e4a0	INCONCLUSIVE-original-fault	16	0	INCONCLUSIVE-original-fault code 0xc0000005 at 0x0060e4a6 after 0 steps	?on_mouse_leave@RadioButton@@QAEXHH@Z
0x0060e4d0	SKIP	0	0	reaches an import	?init_class@RadioButton@@QAAHXZ
0x0060e5d0	SKIP	0	0	reaches an import	?close_class@RadioButton@@QAAXXZ
0x0060e5f0	SKIP	0	0	calls a body the lift does not have	??__Eg_CHECKBOX_SPRITE_1@@YAXXZ
0x0060e610	SKIP	0	0	reaches an import	??__Fg_CHECKBOX_SPRITE_1@@YAXXZ
0x0060e630	SKIP	0	0	calls a body the lift does not have	??__Eg_CHECKBOX_SPRITE_2@@YAXXZ
0x0060e650	SKIP	0	0	reaches an import	??__Fg_CHECKBOX_SPRITE_2@@YAXXZ
0x0060e670	SKIP	0	0	reaches an import	??0CheckBox@@QAE@H@Z
0x0060e740	SKIP	0	0	reaches an import	??1CheckBox@@QAE@XZ
0x0060e7c0	SKIP	0	0	reaches an import	?close@CheckBox@@QAEXXZ
0x0060e800	SKIP	0	0	reaches an import	?attach@CheckBox@@QAEHPAUGraphicWin@@HHH@Z
0x0060e980	SKIP	0	0	reaches an import	?item@CheckBox@@QAEHPADHH@Z
0x0060ea10	PASS	16	1		?flip_state_id@CheckBox@@QAEXH@Z
0x0060eb50	PASS	16	6		?UNK1@CheckBox@@QAEXH@Z
0x0060eb80	PASS	16	1		?set_state_id@CheckBox@@QAEXHH@Z
0x0060ec10	PASS	16	2		?get_state_id@CheckBox@@QAEHH@Z
0x0060ec80	PASS	16	5	passed on the seeds that could be judged; 1 case(s) thrown out - the original read the unmodellable top 64 KiB	?set_state_pos@CheckBox@@QAEXHH@Z
0x0060ecc0	PASS	16	3		?UNK2@CheckBox@@QAEHH@Z
0x0060ece0	INCONCLUSIVE-original-fault	16	0	INCONCLUSIVE-original-fault code 0xc0000005 at 0x0060ece9 after 0 steps	?set_state_flag@CheckBox@@QAEXJ@Z
0x0060ed10	SKIP	0	0	reaches an import	?calculate_dimensions@CheckBox@@QAEHXZ
0x0060f030	SKIP	0	0	reaches an import	?draw_item@CheckBox@@QAEXHHH@Z
0x0060f700	SKIP	0	0	reaches an import	?on_left_down@CheckBox@@QAEXHH@Z
0x0060f8b0	SKIP	0	0	reaches an import	?on_key_down@CheckBox@@QAEHH@Z
0x0060fa80	INCONCLUSIVE-original-fault	16	0	INCONCLUSIVE-original-fault code 0xc0000005 at 0x0060fa83 after 0 steps	?on_left_double_click@CheckBox@@QAEXHH@Z
0x0060fab0	SKIP	0	0	reaches an import	?on_redraw@CheckBox@@QAEXXZ
0x0060fb90	INCONCLUSIVE-original-fault	16	0	INCONCLUSIVE-original-fault code 0xc0000005 at 0x0060fb93 after 0 steps	?on_dialog_focus@CheckBox@@QAEXH@Z
0x0060fbb0	INCONCLUSIVE-original-fault	16	0	INCONCLUSIVE-original-fault code 0xc0000005 at 0x0060fbb9 after 0 steps	?on_mouse_move@CheckBox@@QAEXHH@Z
0x0060fc30	INCONCLUSIVE-original-fault	16	0	INCONCLUSIVE-original-fault code 0xc0000005 at 0x0060fc33 after 0 steps	?on_mouse_leave@CheckBox@@QAEXHH@Z
0x0060fc60	SKIP	0	0	reaches an import	?init_class@CheckBox@@QAAHXZ
0x0060fd60	SKIP	0	0	reaches an import	?close_class@CheckBox@@QAAXXZ
0x0060fd80	SKIP	0	0	reaches an import	sub_60fd80
0x0060fe40	SKIP	0	0	reaches an import	?on_redraw@thunk1_CheckBox@@QAEXXZ
0x0060fe50	INCONCLUSIVE-original-fault	16	0	INCONCLUSIVE-original-fault code 0xc0000005 at 0x0060fbb9 after 0 steps	?on_mouse_move@thunk1_CheckBox@@QAEXHH@Z
0x0060fe60	INCONCLUSIVE-original-fault	16	0	INCONCLUSIVE-original-fault code 0xc0000005 at 0x0060fc33 after 0 steps	?on_mouse_leave@thunk1_CheckBox@@QAEXHH@Z
0x0060fe70	SKIP	0	0	reaches an import	?on_left_down@thunk1_CheckBox@@QAEXHH@Z
0x0060fe80	SKIP	0	0	reaches an import	?on_key_down@thunk1_CheckBox@@QAEHH@Z
0x0060fe90	INCONCLUSIVE-original-fault	16	0	INCONCLUSIVE-original-fault code 0xc0000005 at 0x0060fa86 after 0 steps	?on_left_double_click@thunk1_CheckBox@@QAEXHH@Z
0x0060fea0	INCONCLUSIVE-original-fault	16	0	INCONCLUSIVE-original-fault code 0xc0000005 at 0x0060fb93 after 0 steps	?on_dialog_focus@thunk1_CheckBox@@QAEXH@Z
0x0060feb0	SKIP	0	0	reaches an import	sub_60feb0
0x0060fed0	SKIP	0	0	reaches an import	sub_60fed0
0x0060fee0	SKIP	0	0	reaches an import	?attach@thunk1_CheckBox@@QAEHPAUGraphicWin@@HHH@Z
0x0060fef0	SKIP	0	0	reaches an import	?on_redraw@thunk3_CheckBox@@QAEXXZ
0x0060ff00	SKIP	0	0	reaches an import	??0SpriteBox@@QAE@H@Z
0x00610120	SKIP	0	0	reaches an import	??1SpriteBox@@QAE@XZ
0x00610280	SKIP	0	0	reaches an import	?close@SpriteBox@@QAEXXZ
0x00610420	SKIP	0	0	reaches an import	?init@SpriteBox@@QAEHH@Z
0x00610440	SKIP	0	0	reaches an import	?init@SpriteBox@@QAEHHHHHH@Z
0x00610480	SKIP	0	0	reaches an import	?init@SpriteBox@@QAEHPAURECT@@H@Z
0x006104b0	SKIP	0	0	reaches an import	?init@SpriteBox@@QAEHPAUHeap@@@Z
0x006104d0	SKIP	0	0	reaches an import	?init@SpriteBox@@QAEHHHHHPAUHeap@@@Z
0x00610510	SKIP	0	0	reaches an import	?init@SpriteBox@@QAEHPAUHeap@@PAUHeap@@@Z
0x00610540	SKIP	0	0	reaches an import	?attach@SpriteBox@@QAEHPAUGraphicWin@@HHH@Z
0x006108e0	SKIP	0	0	reaches an import	?sprite@SpriteBox@@QAEHPAUSprite@@PADH@Z
0x00610970	SKIP	0	0	reaches an import	?calculate_dimensions@SpriteBox@@QAEHXZ
0x00610c50	SKIP	0	0	reaches an import	?draw_item@SpriteBox@@QAEXH@Z
0x00611040	PASS	16	16		?on_mouse_move@SpriteBox@@QAEXHH@Z
0x00611050	PASS	16	16		?on_mouse_leave@SpriteBox@@QAEXHH@Z
0x00611060	SKIP	0	0	reaches an import	?on_left_click@SpriteBox@@QAEXHH@Z
0x00611150	SKIP	0	0	reaches an import	?on_left_down@SpriteBox@@QAEXHH@Z
0x006111a0	SKIP	0	0	reaches an import	?on_left_up@SpriteBox@@QAEXHH@Z
0x006111f0	SKIP	0	0	reaches an import	?on_right_click@SpriteBox@@QAEXHH@Z
0x00611240	SKIP	0	0	reaches an import	?on_right_down@SpriteBox@@QAEXHH@Z
0x00611290	SKIP	0	0	reaches an import	?on_right_up@SpriteBox@@QAEXHH@Z
0x006112e0	SKIP	0	0	reaches an import	?on_left_double_click@SpriteBox@@QAEXHH@Z
0x00611330	SKIP	0	0	reaches an import	?on_right_double_click@SpriteBox@@QAEXHH@Z
0x00611380	SKIP	0	0	reaches an import	?on_redraw@SpriteBox@@QAEXXZ
0x00611400	SKIP	0	0	reaches an import	?on_key_down@SpriteBox@@QAEHH@Z
0x006115e0	INCONCLUSIVE-original-fault	16	0	INCONCLUSIVE-original-fault code 0xc0000005 at 0x006115e6 after 0 steps	?on_dialog_focus@SpriteBox@@QAEXH@Z
0x00611600	PASS	16	2		?id_to_pos@SpriteBox@@QAEXH@Z
0x00611640	SKIP	0	0	calls a body the lift does not have	?pos_to_id@SpriteBox@@QAEXH@Z
0x006116e0	SKIP	0	0	reaches an import	sub_6116e0
0x00611730	INCONCLUSIVE-original-fault	16	0	INCONCLUSIVE-original-fault code 0xc0000005 at 0x00611740 after 0 steps	sub_611730
0x006117d0	SKIP	0	0	reaches an import	sub_6117d0
0x00611820	SKIP	0	0	reaches an import	?on_redraw@thunk1_SpriteBox@@QAEXXZ
0x00611830	PASS	16	14		?on_mouse_move@thunk1_SpriteBox@@QAEXHH@Z
0x00611840	PASS	16	14		?on_mouse_leave@thunk1_SpriteBox@@QAEXHH@Z
0x00611850	SKIP	0	0	reaches an import	?on_left_click@thunk1_SpriteBox@@QAEXHH@Z
0x00611860	SKIP	0	0	reaches an import	?on_left_down@thunk1_SpriteBox@@QAEXHH@Z
0x00611870	SKIP	0	0	reaches an import	?on_left_up@thunk1_SpriteBox@@QAEXHH@Z
0x00611880	SKIP	0	0	reaches an import	?on_right_click@thunk1_SpriteBox@@QAEXHH@Z
0x00611890	SKIP	0	0	reaches an import	?on_right_down@thunk1_SpriteBox@@QAEXHH@Z
0x006118a0	SKIP	0	0	reaches an import	?on_right_up@thunk1_SpriteBox@@QAEXHH@Z
0x006118b0	SKIP	0	0	reaches an import	?on_key_down@thunk1_SpriteBox@@QAEHH@Z
0x006118c0	SKIP	0	0	reaches an import	?on_left_double_click@thunk1_SpriteBox@@QAEXHH@Z
0x006118d0	SKIP	0	0	reaches an import	?on_right_double_click@thunk1_SpriteBox@@QAEXHH@Z
0x006118e0	INCONCLUSIVE-original-fault	16	0	INCONCLUSIVE-original-fault code 0xc0000005 at 0x006115e9 after 0 steps	?on_dialog_focus@thunk1_SpriteBox@@QAEXH@Z
0x006118f0	SKIP	0	0	reaches an import	sub_6118f0
0x00611910	SKIP	0	0	reaches an import	sub_611910
0x00611920	SKIP	0	0	reaches an import	?attach@thunk1_SpriteBox@@QAEHPAUGraphicWin@@HHH@Z
0x00611930	SKIP	0	0	reaches an import	?on_redraw@thunk3_SpriteBox@@QAEXXZ
0x00611940	SKIP	0	0	reaches an import	??0EditGroup@@QAE@H@Z
0x00611a20	SKIP	0	0	reaches an import	??1EditGroup@@QAE@XZ
0x00611a90	SKIP	0	0	reaches an import	?close@EditGroup@@QAEXXZ
0x00611af0	SKIP	0	0	reaches an import	?attach@EditGroup@@QAEHPAUGraphicWin@@HHH@Z
0x00611f80	SKIP	0	0	reaches an import	?edit@EditGroup@@QAEHPADPADH@Z
0x00612040	SKIP	0	0	calls a body the lift does not have	?set_text@EditGroup@@QAEXPADH@Z
0x00612060	PASS	16	2		?get_text@EditGroup@@QAEPADH@Z
0x00612080	SKIP	0	0	calls a body the lift does not have	?append_text@EditGroup@@QAEXPADH@Z
0x006120b0	PASS	16	14		?set_text_limits@EditGroup@@QAEXH@Z
0x006120d0	SKIP	0	0	reaches an import	?set_default@EditGroup@@QAEHPADH@Z
0x00612150	SKIP	0	0	reaches an import	?calculate_dimensions@EditGroup@@QAEHXZ
0x00612450	SKIP	0	0	reaches an import	?on_redraw@EditGroup@@QAEXXZ
0x00612670	PASS	16	1		?on_dialog_focus@EditGroup@@QAEXH@Z
0x006126c0	INCONCLUSIVE-original-fault	16	0	INCONCLUSIVE-original-fault code 0xc0000005 at 0x006126c6 after 0 steps	?pass_dialog_focus@EditGroup@@QAEXXZ
0x00612700	SKIP	0	0	reaches an import	sub_612700
0x00612710	SKIP	0	0	reaches an import	sub_612710
0x006127b0	SKIP	0	0	reaches an import	?on_redraw@thunk1_EditGroup@@QAEXXZ
0x006127c0	PASS	16	3		?on_dialog_focus@thunk1_EditGroup@@QAEXH@Z
0x006127d0	INCONCLUSIVE-original-fault	16	0	INCONCLUSIVE-original-fault code 0xc0000005 at 0x006126c6 after 0 steps	?pass_dialog_focus@thunk1_EditGroup@@QAEXXZ
0x006127e0	SKIP	0	0	reaches an import	sub_6127e0
0x00612800	SKIP	0	0	reaches an import	sub_612800
0x00612810	SKIP	0	0	reaches an import	?attach@thunk1_EditGroup@@QAEHPAUGraphicWin@@HHH@Z
0x00612820	SKIP	0	0	reaches an import	?on_redraw@thunk3_EditGroup@@QAEXXZ
0x00612830	SKIP	0	0	reaches an import	??0Dialogs@@QAE@H@Z
0x00612960	PASS	16	16		?close@Dialogs@@QAEXXZ
0x00612970	SKIP	0	0	reaches an import	?attach@Dialogs@@QAEHHPAUGraphicWin@@HHH@Z
0x00612a70	SKIP	0	0	reaches an import	?item@Dialogs@@QAEHPADH@Z
0x00612ae0	PASS	16	15	passed on the seeds that could be judged; 1 case(s) thrown out - the original read the unmodellable top 64 KiB	?on_mouse_leave@Dialogs@@QAEXHH@Z
0x00612b80	SKIP	0	0	reaches an import	?on_mouse_move@Dialogs@@QAEXHH@Z
0x00612c20	SKIP	0	0	reaches an import	?on_left_down@Dialogs@@QAEXHH@Z
0x00612cc0	SKIP	0	0	reaches an import	?on_key_down@Dialogs@@QAEHH@Z
0x00612d60	SKIP	0	0	reaches an import	?on_left_double_click@Dialogs@@QAEXHH@Z
0x00612e00	SKIP	0	0	reaches an import	?on_redraw@Dialogs@@QAEXXZ
0x00612e80	SKIP	0	0	reaches an import	?on_left_click@Dialogs@@QAEXHH@Z
0x00612ed0	SKIP	0	0	reaches an import	?on_right_down@Dialogs@@QAEXHH@Z
0x00612ef0	SKIP	0	0	reaches an import	?on_right_double_click@Dialogs@@QAEXHH@Z
0x00612f10	SKIP	0	0	reaches an import	?on_left_up@Dialogs@@QAEXHH@Z
0x00612f40	SKIP	0	0	reaches an import	?on_right_up@Dialogs@@QAEXHH@Z
0x00612f60	SKIP	0	0	reaches an import	?on_right_click@Dialogs@@QAEXHH@Z
0x00612f80	SKIP	0	0	reaches an import	?on_scrolled@Dialogs@@QAEXHH@Z
0x00612fa0	SKIP	0	0	reaches an import	?on_scrolling@Dialogs@@QAEXHH@Z
0x00612fc0	PASS	16	16		?on_mousewheel@Dialogs@@QAEXH@Z
0x00612fe0	SKIP	0	0	reaches an import	?attach@Dialogs@@QAEHPAUGraphicWin@@HHH@Z
0x006130e0	PASS	16	13	passed on the seeds that could be judged; 1 case(s) thrown out - the original read the unmodellable top 64 KiB	?on_dialog_focus@Dialogs@@QAEXH@Z
0x00613180	PASS	16	12	passed on the seeds that could be judged; 1 case(s) thrown out - the original read the unmodellable top 64 KiB	?pass_dialog_focus@Dialogs@@QAEXXZ
0x00613220	PASS	16	16		?on_scroll_create@Dialogs@@QAEXXZ
0x00613260	PASS	16	16		?on_scroll_delete@Dialogs@@QAEHPAUScroll@@@Z
0x006132a0	SKIP	0	0	reaches an import	?calculate_dimensions@Dialogs@@QAEHXZ
0x00613320	SKIP	0	0	reaches an import	?init@Dialogs@@QAEHHHHHH@Z
0x00613400	SKIP	0	0	reaches an import	?init@Dialogs@@QAEHPAURECT@@H@Z
0x006134a0	SKIP	0	0	reaches an import	?init@Dialogs@@QAEHH@Z
0x00613530	SKIP	0	0	reaches an import	?init@Dialogs@@QAEHHHHHPAUHeap@@@Z
0x00613610	SKIP	0	0	reaches an import	?init@Dialogs@@QAEHPAURECT@@PAUHeap@@@Z
0x006136b0	SKIP	0	0	reaches an import	?init@Dialogs@@QAEHPAUHeap@@@Z
0x00613740	PASS	16	15		?get_num_items@Dialogs@@QAEHXZ
0x00613790	SKIP	0	0	calls a body the lift does not have	??__Eg_FILEWIN_SPRITE_1@@YAXXZ
0x006137b0	SKIP	0	0	reaches an import	??__Fg_FILEWIN_SPRITE_1@@YAXXZ
0x006137d0	SKIP	0	0	calls a body the lift does not have	??__Eg_FILEWIN_SPRITE_2@@YAXXZ
0x006137f0	SKIP	0	0	reaches an import	??__Fg_FILEWIN_SPRITE_2@@YAXXZ
0x00613810	SKIP	0	0	calls a body the lift does not have	??__Eg_FILEWIN_SPRITE_3@@YAXXZ
0x00613830	SKIP	0	0	reaches an import	??__Fg_FILEWIN_SPRITE_3@@YAXXZ
0x00613850	SKIP	0	0	reaches an import	??0FileWin@@QAE@XZ
0x00613900	SKIP	0	0	reaches an import	?close@FileWin@@QAEXXZ
0x006139b0	SKIP	0	0	reaches an import	?init@FileWin@@QAEHPADPAUGraphicWin@@PAUFileWinConstruct@@@Z
0x00613ba0	SKIP	0	0	reaches an import	?prepare_sprites@FileWin@@QAEHXZ
0x00613d50	SKIP	0	0	reaches an import	?save@FileWin@@QAEXXZ
0x00613f60	SKIP	0	0	reaches an import	?load@FileWin@@QAEXXZ
0x00614140	SKIP	0	0	calls a body the lift does not have	?add_def_ext@FileWin@@QAEHPAD@Z
0x006141c0	SKIP	0	0	calls a body the lift does not have	?set_def_name@FileWin@@QAEHPAD@Z
0x006142d0	SKIP	0	0	calls a body the lift does not have	?set_directory@FileWin@@QAEHPAD@Z
0x00614320	PASS	16	13		?UNK1@FileWin@@QAEXXZ
0x00614350	PASS	16	16		?UNK2@FileWin@@QAEXH@Z
0x00614360	SKIP	0	0	reaches an import	?UNK3@FileWin@@QAEHPAD@Z
0x006146a0	SKIP	0	0	reaches an import	?UNK4@FileWin@@QAEXXZ
0x00614b60	INCONCLUSIVE-original-fault	16	0	INCONCLUSIVE-original-fault code 0xc0000005 at 0x00614b70 after 0 steps	?UNK5@FileWin@@QAEXXZ
0x00614b80	PASS	16	16		?UNK6@FileWin@@QAEXXZ
0x00614b90	SKIP	0	0	reaches an import	?on_button_clicked@FileWin@@QAEXH@Z
0x00614c40	SKIP	0	0	reaches an import	?on_double_clicked@FileWin@@QAEXH@Z
0x00614c50	SKIP	0	0	reaches an import	?filebox_draw@FileWin@@QAAXPAUGraphicWin@@HHHHH@Z
0x00614d90	SKIP	0	0	reaches an import	?init_class@FileWin@@QAAHXZ
0x00614e30	SKIP	0	0	reaches an import	?close_class@FileWin@@QAAXXZ
0x00614e50	SKIP	0	0	reaches an import	??0EditBox@@QAE@XZ
0x00614f30	SKIP	0	0	reaches an import	?close@EditBox@@QAEXXZ
0x00614fe0	SKIP	0	0	reaches an import	?init@EditBox@@QAEHHHHHPAUWin@@H@Z
0x00615180	SKIP	0	0	reaches an import	?UNK1@EditBox@@QAEHPAUFont@@HHHPAUWin@@@Z
0x006151e0	SKIP	0	0	calls a body the lift does not have	?set_text@EditBox@@QAEXPAD@Z
0x00615270	SKIP	0	0	reaches an import	?on_redraw@EditBox@@QAEXXZ
0x00615630	SKIP	0	0	reaches an import	?on_key_click@EditBox@@QAEHHH@Z
0x00615840	SKIP	0	0	reaches an import	?on_key_down@EditBox@@QAEHH@Z
0x00615df0	SKIP	0	0	reaches an import	?on_dialog_focus@EditBox@@QAEXH@Z
0x00615e40	INCONCLUSIVE-original-fault	16	0	INCONCLUSIVE-original-fault code 0xc0000005 at 0x00615e46 after 0 steps	?caret_callback@EditBox@@QAEXH@Z
0x00615e60	SKIP	0	0	reaches an import	?on_left_down@EditBox@@QAEXHH@Z
0x00615ec0	SKIP	0	0	reaches an import	?on_left_up@EditBox@@QAEXHH@Z
0x00615f10	SKIP	0	0	reaches an import	?on_mouse_move@EditBox@@QAEXHH@Z
0x00615f50	SKIP	0	0	reaches an import	?text_fits@EditBox@@QAEHXZ
0x00616030	SKIP	0	0	reaches an import	?text_position@EditBox@@QAEXH@Z
0x00616140	PASS	16	1		?pass_dialog_focus@EditBox@@QAEXXZ
0x006161a0	INCONCLUSIVE-original-fault	16	0	INCONCLUSIVE-original-fault code 0xc0000005 at 0x005f2ca0 after 0 steps	?UNK2@EditBox@@QAEXXZ
0x006161d0	PASS	16	13		??0Time@@QAE@XZ
0x00616200	SKIP	0	0	reaches an import	??1Time@@QAE@XZ
0x00616260	SKIP	0	0	reaches an import	?init@Time@@QAEXP6AXH@ZHHH@Z
0x006162d0	SKIP	0	0	reaches an import	?init@Time@@QAEXP6AXHH@ZHHHH@Z
0x00616350	SKIP	0	0	reaches an import	?start@Time@@QAEXP6AXH@ZHHH@Z
0x00616410	SKIP	0	0	reaches an import	?start@Time@@QAEXP6AXHH@ZHHHH@Z
0x006164d0	SKIP	0	0	reaches an import	?pulse@Time@@QAEXP6AXH@ZHHH@Z
0x00616590	SKIP	0	0	reaches an import	?pulse@Time@@QAEXP6AXHH@ZHHHH@Z
0x00616650	SKIP	0	0	reaches an import	?start@Time@@QAEXXZ
0x006166c0	SKIP	0	0	reaches an import	?pulse@Time@@QAEXXZ
0x00616730	SKIP	0	0	reaches an import	?stop@Time@@QAEXXZ
0x00616780	SKIP	0	0	reaches an import	?close@Time@@QAEXXZ
0x006167e0	SKIP	0	0	reaches an import	?TimerProc@Time@@QAEXPAXIIK@Z
0x00616820	SKIP	0	0	reaches an import	?MultimediaProc@Time@@QAEXIIKKK@Z
0x00616860	PASS	16	16		?set_modal@Time@@QAAXXZ
0x00616870	PASS	16	16		?release_modal@Time@@QAAXXZ
0x00616880	PASS	16	16		?init_class@Time@@QAAHXZ
0x00616890	PASS	16	16		?close_class@Time@@QAAXXZ
0x006168a0	SKIP	0	0	calls a body the lift does not have	??__EStringTable@@YAXXZ
0x006168c0	SKIP	0	0	reaches an import	??__FStringTable@@YAXXZ
0x006168d0	PASS	16	13		??0Strings@@QAE@XZ
0x006168f0	SKIP	0	0	reaches an import	?init@Strings@@QAEHH@Z
0x00616950	SKIP	0	0	reaches an import	?shutdown@Strings@@QAEHXZ
0x00616970	SKIP	0	0	reaches an import	?put@Strings@@QAEHPAD@Z
0x006169a0	PASS	16	15		?get@Strings@@QAEHH@Z
0x006169c0	SKIP	0	0	reaches an import	??1Strings@@QAE@XZ
0x006169d0	SKIP	0	0	reaches an import	?labels_shutdown@@YAXXZ
0x00616a00	SKIP	0	0	reaches an import	?labels_init@@YAHXZ
0x00616aa0	SKIP	0	0	reaches an import	??__Eg_CAVIAR_BUFFER_1@@YAXXZ
0x00616ac0	SKIP	0	0	reaches an import	??__Fg_CAVIAR_BUFFER_1@@YAXXZ
0x00616ae0	SKIP	0	0	reaches an import	??__Eg_CAVIAR_BUFFER_2@@YAXXZ
0x00616b00	SKIP	0	0	reaches an import	??__Fg_CAVIAR_BUFFER_2@@YAXXZ
0x00616b20	PASS	16	15		sub_616b20
0x00616b30	PASS	16	16		sub_616b30
0x00616b40	SKIP	0	0	reaches an import	sub_616b40
0x00616bc0	PASS	16	15		??0CaviarData@@QAE@XZ
0x00616bd0	SKIP	0	0	calls a body the lift does not have	?init@CaviarData@@QAEHPAD@Z
0x00616c60	PASS	16	2		?close@CaviarData@@QAEXXZ
0x00616c80	PASS	16	1		sub_616c80
0x00616d40	SKIP	0	0	reaches an import	sub_616d40
0x00616d80	PASS	16	16		sub_616d80
0x00616d90	PASS	16	16		nullsub_195
0x00616da0	PASS	16	16		??0Caviar@@QAE@XZ
0x00616de0	SKIP	0	0	reaches an import	?init@Caviar@@QAEXXZ
0x00617020	SKIP	0	0	reaches an import	?close@Caviar@@QAEXXZ
0x00617080	SKIP	0	0	reaches an import	?UNK1@Caviar@@QAEHHH@Z
0x006171a0	SKIP	0	0	reaches an import	?render_multi_table_dest@Caviar@@QAEXPAUBuffer@@HHHPAEH@Z
0x00617230	SKIP	0	0	reaches an import	?render@Caviar@@QAEHPAUBuffer@@HHH@Z
0x00617620	SKIP	0	0	reaches an import	?render_mono@Caviar@@QAEXPAUBuffer@@HHHH@Z
0x00617670	SKIP	0	0	reaches an import	?UNK2@Caviar@@QAEHPAUBuffer@@HHHH@Z
0x006176c0	PASS	16	16		?UNK3@Caviar@@QAEHHHH@Z
0x006176d0	PASS	16	16		?UNK4@Caviar@@QAEHHHHH@Z
0x006176e0	PASS	16	1		?add_object@Caviar@@QAEHPAUCaviarData@@PAUCaviarData@@PAUVOX_Vect@@H@Z
0x00617800	PASS	16	2		?add_object@Caviar@@QAEHPAUCaviarData@@PAEPAUCaviarData@@PAUVOX_Vect@@@Z
0x00617920	PASS	16	1		?add_object@Caviar@@QAEHPAUCaviarData@@PAUVOX_Vect@@H@Z
0x00617aa0	PASS	16	3		?add_object@Caviar@@QAEHPAUCaviarData@@PAEPAUVOX_Vect@@H@Z
0x00617c30	PASS	16	1		?add_object@Caviar@@QAEHPAUCaviarData@@PAUCaviarData@@H@Z
0x00617db0	PASS	16	1		?add_object@Caviar@@QAEHPAUCaviarData@@PAEPAUCaviarData@@H@Z
0x00617f20	PASS	16	1		?add_object@Caviar@@QAEHPAUCaviarData@@H@Z
0x00618080	PASS	16	2		?add_object@Caviar@@QAEHPAUCaviarData@@PAEH@Z
0x006181d0	SKIP	0	0	calls a body the lift does not have	?set_shadow_vector@Caviar@@QAEXMM@Z
0x00618250	PASS	16	16		?UNK5@Caviar@@QAEXHH@Z
0x00618260	PASS	16	16		?UNK6@Caviar@@QAEXHH@Z
0x00618270	PASS	16	16		?UNK7@Caviar@@QAEXHH@Z
0x00618280	PASS	16	15		?UNK8@Caviar@@QAEXH@Z
0x00618290	PASS	16	16		?UNK9@Caviar@@QAEXHHH@Z
0x006182a0	PASS	16	3	passed on the seeds that could be judged; 2 case(s) thrown out - the original read the unmodellable top 64 KiB	?set_camera_direct@Caviar@@QAEXPAUVOX_Vect@@PAUVOX_Matrix@@@Z
0x00618320	PASS	16	15		?UNK10@Caviar@@QAEXHHH@Z
0x00618340	PASS	16	3		?UNK11@Caviar@@QAEXHHH@Z
0x00618370	PASS	16	14		?set_scene_rotation@Caviar@@QAEXMMM@Z
0x006183a0	PASS	16	16		?UNK12@Caviar@@QAEXHHH@Z
0x006183b0	PASS	16	14		?set_scaling@Caviar@@QAEXM@Z
0x006183c0	PASS	16	16		?get_scaling@Caviar@@QAEMXZ
0x006183d0	PASS	16	16		?set_buffer@Caviar@@QAEHPAUBuffer@@@Z
0x00618430	SKIP	0	0	calls a body the lift does not have	?set_shadow_table@Caviar@@QAEHPAE@Z
0x00618470	SKIP	0	0	reaches an import	?clear_buffers@Caviar@@QAEXH@Z
0x00618520	PASS	16	16		?UNK13@Caviar@@QAEXXZ
0x00618560	PASS	16	16		?UNK14@Caviar@@QAEXH@Z
0x006185a0	SKIP	0	0	reaches an import	?init_class@Caviar@@QAAHXZ
0x00618d20	SKIP	0	0	reaches an import	?close_class@Caviar@@QAAXXZ
0x00618da0	SKIP	0	0	calls a body the lift does not have	?object_start@Caviar@@QAAXPAUVOX_ScnRenderHnd@@JPAUVOX_Vect@@PAUVOX_Matrix@@PAUVOX_Rect@@PAUVOX_Vect@@@Z
0x00618e10	SKIP	0	0	reaches an import	?vx_malloc@Caviar@@QAAXK@Z
0x00618e20	SKIP	0	0	reaches an import	?vx_free@Caviar@@QAAXPAX@Z
0x00618e30	SKIP	0	0	calls a body the lift does not have	?vx_read@Caviar@@QAAXHPADJ@Z
0x00618e50	SKIP	0	0	calls a body the lift does not have	?vx_write@Caviar@@QAAXHPAXJ@Z
0x00618e70	SKIP	0	0	calls a body the lift does not have	?vx_seek@Caviar@@QAAXHJH@Z
0x00618e90	SKIP	0	0	calls a body the lift does not have	?vx_tell@Caviar@@QAAXH@Z
0x00618ea0	PASS	16	15		??0Font@@QAE@XZ
0x00618ec0	SKIP	0	0	reaches an import	??0Font@@QAE@PADHH@Z
0x00618ee0	SKIP	0	0	reaches an import	??1Font@@QAE@XZ
0x00618f30	PASS	16	16		?UNK1@Font@@QAEHHHHH@Z
0x00618f40	SKIP	0	0	reaches an import	?init@Font@@QAEHPADHH@Z
0x006190d0	SKIP	0	0	reaches an import	?init@Font@@QAEHPADPADHH@Z
0x00619230	SKIP	0	0	reaches an import	?close@Font@@QAEXXZ
0x00619280	SKIP	0	0	reaches an import	?width@Font@@QAEHPAD@Z
0x006192f0	SKIP	0	0	reaches an import	?width@Font@@QAEHPADH@Z
0x00619370	SKIP	0	0	reaches an import	?find_line_break_l@Font@@QAEHPADPAHH@Z
0x006195b0	SKIP	0	0	reaches an import	?init_font_class@Font@@QAAHPAUFont@@@Z
0x00619610	SKIP	0	0	reaches an import	?close_font_class@Font@@QAAXXZ
0x00619650	PASS	16	14		??0Texture@@QAE@XZ
0x00619660	SKIP	0	0	reaches an import	??1Texture@@QAE@XZ
0x00619690	SKIP	0	0	reaches an import	?close@Texture@@QAEXXZ
0x006196d0	SKIP	0	0	reaches an import	?extract@Texture@@QAEHPAUBuffer@@PAURECT@@@Z
0x00619710	SKIP	0	0	reaches an import	?extract@Texture@@QAEHPAUBuffer@@HHHHPAUTexHeap@@@Z
0x006198e0	INCONCLUSIVE-original-fault	16	0	INCONCLUSIVE-original-fault code 0xc0000005 at 0x005e3379 after 0 steps	?draw_trans@Texture@@QAEXPAUBuffer@@PAUVert@@HPAUVert@@@Z
0x00619d80	PASS	16	4	passed on the seeds that could be judged; 1 case(s) thrown out - the original read the unmodellable top 64 KiB	Texture::draw_trans2
0x0061a240	PASS	16	1		?draw_trans@Texture@@QAEXPAUBuffer@@PAUVert@@H@Z
0x0061a760	INCONCLUSIVE-original-fault	16	0	INCONCLUSIVE-original-fault code 0xc0000005 at 0x005e3379 after 0 steps	?draw_upper_threshold_trans@Texture@@QAEXPAUBuffer@@PAUVert@@PAHHPAUVert@@H@Z
0x0061ac60	PASS	16	1		Texture::draw
0x0061b1f0	PASS	16	1		?draw@Texture@@QAEXPAUBuffer@@PAUVert@@PAHHPAUVert@@@Z
0x0061b780	INCONCLUSIVE-original-fault	16	0	INCONCLUSIVE-original-fault code 0xc0000005 at 0x005e3379 after 0 steps	sub_61b780
0x0061c090	PASS	16	1		?draw_trans@Texture@@QAEXPAUBuffer@@PAUVert@@PAHHPAUVert@@@Z
0x0061c630	PASS	16	1		sub_61c630
0x0061cb50	PASS	16	1	passed on the seeds that could be judged; 1 case(s) thrown out - the original read the unmodellable top 64 KiB	sub_61cb50
0x0061d090	PASS	16	4		sub_61d090
0x0061d990	PASS	16	2	passed on the seeds that could be judged; 1 case(s) thrown out - the original read the unmodellable top 64 KiB	sub_61d990
0x0061df60	PASS	16	1	passed on the seeds that could be judged; 1 case(s) thrown out - the original read the unmodellable top 64 KiB	sub_61df60
0x0061e540	PASS	16	3		?draw_mask_dest@Texture@@QAEXPAUBuffer@@PAUVert@@PAEPAEHPAUVert@@@Z
0x0061ead0	PASS	16	1	passed on the seeds that could be judged; 1 case(s) thrown out - the original read the unmodellable top 64 KiB	?draw_coast@Texture@@QAEXPAUBuffer@@PAUVert@@PAHPAUTexture@@PAEH1@Z
0x0061f0d0	SKIP-trap	1	0	trap at 0x0061f0d0: fell off the end of the body	sub_61f0d0
0x0061f785	PASS	16	16		nullsub_259
0x0061f790	HANG	0	0	the run stopped making progress here	sub_61f790
0x0061f800	PASS	16	4	passed on the seeds that could be judged; 1 case(s) thrown out - the original read the unmodellable top 64 KiB	sub_61f800
0x0061fc90	PASS	16	1		?setup_edge_gouraud@Texture@@QAAHPAUEdgeScan@@H@Z
0x0061fdf0	PASS	16	6		sub_61fdf0
0x0061fe70	PASS	16	4	passed on the seeds that could be judged; 2 case(s) thrown out - the original read the unmodellable top 64 KiB	sub_61fe70
0x00620100	PASS	16	1		sub_620100
0x00620260	PASS	16	9		sub_620260
0x006202e0	PASS	16	3	passed on the seeds that could be judged; 2 case(s) thrown out - the original read the unmodellable top 64 KiB	sub_6202e0
0x00620640	PASS	16	6	passed on the seeds that could be judged; 2 case(s) thrown out - the original read the unmodellable top 64 KiB	sub_620640
0x00620a10	INCONCLUSIVE-original-fault	16	0	INCONCLUSIVE-original-fault code 0xc0000005 at 0x00620a30 after 0 steps	sub_620a10
0x006212b0	INCONCLUSIVE-original-fault	16	0	INCONCLUSIVE-original-fault code 0xc0000005 at 0x006212ce after 0 steps	sub_6212b0
0x00621870	INCONCLUSIVE-original-fault	16	0	INCONCLUSIVE-original-fault code 0xc0000005 at 0x0062188e after 0 steps	sub_621870
0x00622200	PASS	16	1		sub_622200
0x00622810	PASS	16	1		sub_622810
0x00622db0	PASS	16	2		Texture::draw_trans_3
0x006233c0	PASS	16	1	passed on the seeds that could be judged; 1 case(s) thrown out - the original read the unmodellable top 64 KiB	?draw@Texture@@QAEXPAUBuffer@@PAUVert@@PAHHPAUVert@@H@Z
0x006239b0	PASS	16	15		?draw_trans@Texture@@QAEXPAUBuffer@@PAUVert@@HPAUVert@@H@Z
0x006239e0	INCONCLUSIVE-original-fault	16	0	INCONCLUSIVE-original-fault code 0xc0000005 at 0x005e3379 after 0 steps	Texture::draw_upper_threshold_trans2
0x00623f50	PASS	16	16		sub_623f50
0x00623f80	PASS	16	1	passed on the seeds that could be judged; 1 case(s) thrown out - the original read the unmodellable top 64 KiB	?draw_coast@Texture@@QAEXPAUBuffer@@PAUVert@@PAHPAUTexture@@PAEHPAUVert@@H@Z
0x00624630	PASS	16	16		sub_624630
0x00624670	PASS	16	3		Texture::draw2
0x00624c70	PASS	16	16		sub_624c70
0x00624ca0	PASS	16	16		sub_624ca0
0x00624cd0	PASS	16	16		sub_624cd0
0x00624d00	PASS	16	16		sub_624d00
0x00624d40	PASS	16	16		sub_624d40
0x00624d80	PASS	16	1		?setup_edge@Texture@@QAAHPAUEdgeScan@@H@Z
0x00624eb0	PASS	16	1		sub_624eb0
0x00625080	PASS	16	1		sub_625080
0x006252a0	PASS	16	13		??0TextureStore@@QAE@XZ
0x006252b0	PASS	16	16		??1TextureStore@@QAE@XZ
0x006252c0	PASS	16	15		sub_6252c0
0x006252e0	SKIP	0	0	reaches an import	??0ImageButton@@QAE@XZ
0x00625310	SKIP	0	0	reaches an import	??1ImageButton@@QAE@XZ
0x00625330	SKIP	0	0	reaches an import	?close@ImageButton@@QAEXXZ
0x00625340	SKIP	0	0	reaches an import	?init@ImageButton@@QAEHHPADHHHHHPAUWin@@H@Z
0x00625380	SKIP	0	0	reaches an import	sub_625380
0x006253d0	SKIP	0	0	reaches an import	?on_redraw@ImageButton@@QAEXXZ
0x006256d0	SKIP	0	0	reaches an import	??_GImageButton@@UAEPAXI@Z
0x006256f0	SKIP	0	0	reaches an import	??3ImageButton@@SAXPAXI@Z
0x00625700	SKIP	0	0	calls a body the lift does not have	??__ERand@@YAXXZ
0x00625720	PASS	16	16		??__FRand@@YAXXZ
0x00625730	PASS	16	16		??0Random@@QAE@XZ
0x00625740	PASS	16	14		??1Random@@QAE@XZ
0x00625750	PASS	16	16		?reseed@Random@@QAEXK@Z
0x00625770	PASS	16	13		?get@Random@@QAEIHH@Z
0x006257b0	HANG	0	0	the run stopped making progress here	?get@Random@@QAENXZ
0x006257e0	PASS	16	16		?random_reseed@@YAXK@Z
0x00625800	PASS	16	16		?random_get@@YAIXZ
0x00625810	PASS	16	16		?random@@YAIHH@Z
0x00625850	PASS	16	16		?random@@YANXZ
0x00625880	SKIP	0	0	calls a body the lift does not have	?parse_string@@YAHPADPAD@Z
0x00625e30	PASS	16	16		?parse_num@@YAHHH@Z
0x00625e50	SKIP	0	0	calls a body the lift does not have	?parse_say@@YAHHHHH@Z
0x00625ec0	SKIP	0	0	calls a body the lift does not have	?parse_says@@YAHHPADHH@Z
0x00625f20	SKIP	0	0	reaches an import	??__ELogging@@YAXXZ
0x00625f90	SKIP	0	0	reaches an import	??__FLogging@@YAXXZ
0x00625fb0	PASS	16	16		??0Log@@QAE@XZ
0x00625fc0	SKIP	0	0	reaches an import	??0Log@@QAE@PAD@Z
0x00626020	SKIP	0	0	reaches an import	??1Log@@QAE@XZ
0x00626040	SKIP	0	0	reaches an import	?init@Log@@QAEHPAD@Z
0x006260d0	SKIP	0	0	reaches an import	?reset@Log@@QAEXXZ
0x006260f0	SKIP	0	0	reaches an import	?say@Log@@QAEXPADPADHHH@Z
0x00626190	SKIP	0	0	reaches an import	?say_hex@Log@@QAEXPADPADHHH@Z
0x00626230	SKIP	0	0	reaches an import	?log_reset@@YAXXZ
0x00626250	SKIP	0	0	reaches an import	?log_say@@YAXPADPADHHH@Z
0x006262f0	SKIP	0	0	reaches an import	?log_say@@YAXPADHHH@Z
0x00626350	SKIP	0	0	reaches an import	?log_say_hex@@YAXPADPADHHH@Z
0x006263f0	SKIP	0	0	reaches an import	?log_say_hex@@YAXPADHHH@Z
0x00626450	PASS	16	16		?log_set_state@@YAXH@Z
0x00626470	PASS	16	1		sub_626470
0x00626540	PASS	16	6		sub_626540
0x006265a0	PASS	16	16		?scan_out_line_poly@@YAIHH@Z
0x00626620	PASS	16	2		?polygon@@YAHPAUBuffer@@PAUVert@@HH@Z
0x00626900	PASS	16	1		sub_626900
0x00626a00	PASS	16	4	passed on the seeds that could be judged; 1 case(s) thrown out - the original read the unmodellable top 64 KiB	sub_626a00
0x00626d90	PASS	16	16		?scan_out_line_poly_dest@@YAIHH@Z
0x00626e10	PASS	16	2		?polygon_dest@@YAHPAUBuffer@@PAUVert@@HPAE@Z
0x00627100	PASS	16	16		?set_language@@YAXH@Z
0x00627110	PASS	16	16		sub_627110
0x00627130	SKIP	0	0	reaches an import	?pop@@YAHPADP6AHXZ@Z
0x00627160	SKIP	0	0	reaches an import	?pop@@YAHPADPADP6AHXZ@Z
0x00627190	SKIP	0	0	reaches an import	?pop@@YAHPADPADPADHP6AHXZ@Z
0x006271d0	SKIP	0	0	reaches an import	?pop@@YAHPADHHP6AHXZ@Z
0x00627200	SKIP	0	0	reaches an import	?pop@@YAHPADPADHHP6AHXZ@Z
0x00627230	SKIP	0	0	reaches an import	?pop@@YAHPADHP6AHXZ@Z
0x00627260	SKIP	0	0	reaches an import	?pop@@YAHPADPADHP6AHXZ@Z
0x00627290	SKIP	0	0	reaches an import	?pop@@YAHPADHPADHP6AHXZ@Z
0x006272c0	SKIP	0	0	reaches an import	?pop@@YAHPADPADHPADHP6AHXZ@Z
0x006272f0	SKIP	0	0	reaches an import	?pop_close@@YAXXZ
0x00627310	SKIP	0	0	reaches an import	?pops@@YAHPADPAUSprite@@P6AHXZ@Z
0x00627340	SKIP	0	0	reaches an import	?pops@@YAHPADPAUSprite@@HHP6AHXZ@Z
0x00627370	SKIP	0	0	reaches an import	?pops@@YAHPADPADPAUSprite@@P6AHXZ@Z
0x006273a0	SKIP	0	0	reaches an import	?pops@@YAHPADPADPAUSprite@@HHP6AHXZ@Z
0x006273d0	SKIP	0	0	reaches an import	?pops@@YAHPADHHPAUSprite@@P6AHXZ@Z
0x00627400	SKIP	0	0	reaches an import	?pops@@YAHPADHHPAUSprite@@HHP6AHXZ@Z
0x00627440	SKIP	0	0	reaches an import	?pops@@YAHPADPADPADHPAUSprite@@P6AHXZ@Z
0x00627480	SKIP	0	0	reaches an import	?pops@@YAHPADPADPADHPAUSprite@@HHP6AHXZ@Z
0x006274d0	SKIP	0	0	reaches an import	?pops@@YAHPADPADHHPAUSprite@@P6AHXZ@Z
0x00627500	SKIP	0	0	reaches an import	?pops@@YAHPADPADHHPAUSprite@@HHP6AHXZ@Z
0x00627540	SKIP	0	0	reaches an import	?pops@@YAHPADHPAUSprite@@P6AHXZ@Z
0x00627570	SKIP	0	0	reaches an import	?pops@@YAHPADHPAUSprite@@HHP6AHXZ@Z
0x006275a0	SKIP	0	0	reaches an import	?pops@@YAHPADPADHPAUSprite@@P6AHXZ@Z
0x006275d0	SKIP	0	0	reaches an import	?pops@@YAHPADPADHPAUSprite@@HHP6AHXZ@Z
0x00627600	SKIP	0	0	reaches an import	?pops@@YAHPADHPADHPAUSprite@@P6AHXZ@Z
0x00627630	SKIP	0	0	reaches an import	?pops@@YAHPADHPADHPAUSprite@@HHP6AHXZ@Z
0x00627670	SKIP	0	0	reaches an import	?pops@@YAHPADPADHPADHPAUSprite@@P6AHXZ@Z
0x006276a0	SKIP	0	0	reaches an import	?pops@@YAHPADPADHPADHPAUSprite@@HHP6AHXZ@Z
0x00627800	SKIP	0	0	reaches an import	?pop_ask@@YAHPADHPADP6AHXZH@Z
0x00627830	SKIP	0	0	reaches an import	?pop_ask@@YAHPADPADHP6AHXZH@Z
0x00627860	SKIP	0	0	reaches an import	?pop_ask@@YAHPADHP6AHXZH@Z
0x00627890	SKIP	0	0	reaches an import	?pop_ask@@YAHPADPADPADP6AHXZH@Z
0x006278d0	SKIP	0	0	reaches an import	?pop_ask@@YAHPADPADP6AHXZH@Z
0x00627910	SKIP	0	0	reaches an import	?pop_ask@@YAHPADPADHPADP6AHXZH@Z
0x006279c0	SKIP	0	0	reaches an import	?pop_ask_number@@YAHPADHP6AHXZ@Z
0x00627a90	SKIP	0	0	reaches an import	?pop_ask_number@@YAHPADPADP6AHXZ@Z
0x00627b60	SKIP	0	0	reaches an import	?pop_ask_number@@YAHPADP6AHXZ@Z
0x00627c30	SKIP	0	0	reaches an import	?pop_ask_number@@YAHPADPADHP6AHXZ@Z
0x00627d00	PASS	16	4		sub_627d00
0x00627e20	PASS	16	1	passed on the seeds that could be judged; 2 case(s) thrown out - the original read the unmodellable top 64 KiB	sub_627e20
0x00627f50	PASS	16	1		sub_627f50
0x006280e0	PASS	16	3	passed on the seeds that could be judged; 2 case(s) thrown out - the original read the unmodellable top 64 KiB	sub_6280e0
0x00628150	PASS	16	4	passed on the seeds that could be judged; 1 case(s) thrown out - the original read the unmodellable top 64 KiB	sub_628150
0x00628180	PASS	16	3	passed on the seeds that could be judged; 1 case(s) thrown out - the original read the unmodellable top 64 KiB	sub_628180
0x006281b0	FAIL	10	6	x87 codes original=0x0200 lifted=000000; 	sub_6281b0
0x006281e0	PASS	16	8		sub_6281e0
0x00628220	PASS	16	4		sub_628220
0x00628290	FAIL	8	2	3 words of memory differ, first at 0x009e0ea8 (was 0x3d5e3d4a, original=0x7fc00000 lifted=0xbc89efba); blamed instruction at 0x006282ac	sub_628290
0x006282e0	FAIL	3	1	eax original=0x009d0001 lifted=0x009d4501; flags PF ZF differ; x87 codes original=000000 lifted=0x4500; blamed instruction at 0x006282ee	sub_6282e0
0x00628380	PASS	16	16		??0Filemap@@QAE@XZ
0x006283a0	SKIP	0	0	reaches an import	?init@Filemap@@QAEHPADH@Z
0x006283c0	SKIP	0	0	reaches an import	?init@Filemap@@QAEHPAD@Z
0x006283e0	SKIP	0	0	reaches an import	??1Filemap@@QAE@XZ
0x00628430	SKIP	0	0	reaches an import	?open_read@Filemap@@QAEHPADH@Z
0x00628540	SKIP	0	0	reaches an import	?open@Filemap@@QAEHPADH@Z
0x00628650	SKIP	0	0	reaches an import	?create@Filemap@@QAEHPADKH@Z
0x006287c0	SKIP	0	0	reaches an import	?close@Filemap@@QAEXXZ
0x00628810	SKIP	0	0	reaches an import	?close@Filemap@@QAEXPAE@Z
0x006288d0	PASS	16	7		?btoi@@YAHPAD@Z
0x006288f0	SKIP	0	0	calls a body the lift does not have	?htoi@@YAHPAD@Z
0x00628950	SKIP	0	0	calls a body the lift does not have	?stoi@@YAHPAD@Z
0x00628a50	PASS	16	6		?swap@@YAXPAHPAH@Z
0x00628a80	PASS	16	5		?swap@@YAXPAEPAE@Z
0x00628ab0	PASS	10	8		?bit_count_signed@@YAHH@Z
0x00628ad0	PASS	16	9		?fixed_div@@YAHJJ@Z
0x00628af0	PASS	16	6		?memrchr@@YAHPBX0H@Z
0x00628b30	PASS	16	8		?findnum@@YAHPAD@Z
0x00628b70	SKIP	0	0	calls a body the lift does not have	?HSV_to_RGB@@YAXPAUHSV@@PAUPALETTEENTRY@@@Z
0x00628db0	FAIL	13	4	eax original=0x009f3820 lifted=0x009f3800; blamed instruction at 0x00628f0e	?RGB_to_HSV@@YAXPAUPALETTEENTRY@@PAUHSV@@@Z
0x00628f30	SKIP	0	0	reaches an import	sub_628f30
0x006290e0	PASS	16	16		?quick_root@@YAHH@Z
0x00629110	SKIP	0	0	reaches an import	??0StringBox@@QAE@XZ
0x00629210	SKIP	0	0	reaches an import	?close@StringBox@@QAEXXZ
0x006292d0	SKIP	0	0	reaches an import	?init@StringBox@@QAEXHHHHPAUWin@@PAUStringList@@H@Z
0x00629490	SKIP	0	0	reaches an import	?add_fixup@StringBox@@QAEXXZ
0x00629710	SKIP	0	0	reaches an import	?add@StringBox@@QAEXPADHH@Z
0x00629750	SKIP	0	0	reaches an import	?add_special@StringBox@@QAEXPAD@Z
0x00629780	INCONCLUSIVE-original-fault	16	0	INCONCLUSIVE-original-fault code 0xc0000005 at 0x00629797 after 0 steps	?clear@StringBox@@QAEXXZ
0x006298b0	SKIP	0	0	reaches an import	?UNK1@StringBox@@QAEXH@Z
0x00629980	SKIP	0	0	reaches an import	?UNK2@StringBox@@QAEXHH@Z
0x00629a70	SKIP	0	0	reaches an import	?clip_ids@StringBox@@QAEXK@Z
0x00629b70	SKIP	0	0	reaches an import	?on_redraw@StringBox@@QAEXXZ
0x00629d20	INCONCLUSIVE-original-fault	16	0	INCONCLUSIVE-original-fault code 0xc0000005 at 0x00000008 after 0 steps	?on_scrolled@StringBox@@QAEXHH@Z
0x00629d40	INCONCLUSIVE-original-fault	16	0	INCONCLUSIVE-original-fault code 0xc0000005 at 0x009e3408 after 0 steps	?on_scrolling@StringBox@@QAEXHH@Z
0x00629d60	SKIP	0	0	reaches an import	??0Flic@@QAE@XZ
0x00629df0	SKIP	0	0	calls a body the lift does not have	?close@Flic@@QAEXXZ
0x00629e50	SKIP	0	0	reaches an import	?init@Flic@@QAEHPAUBuffer@@PADHHH@Z
0x0062a070	SKIP	0	0	reaches an import	?decode_frame@Flic@@QAEHHH@Z
0x0062a120	SKIP	0	0	reaches an import	?UNK1@Flic@@QAEHHH@Z
0x0062a210	SKIP	0	0	calls a body the lift does not have	?UNK2@Flic@@QAEHXZ
0x0062a280	SKIP	0	0	calls a body the lift does not have	?rewind@Flic@@QAEHXZ
0x0062a2c0	SKIP	0	0	reaches an import	?UNK3@Flic@@QAEHH@Z
0x0062a500	SKIP	0	0	reaches an import	?decode_byte_run@Flic@@QAEXXZ
0x0062a710	PASS	16	16		?UNK4@Flic@@QAEXXZ
0x0062a720	SKIP	0	0	reaches an import	?decode_delta_flc@Flic@@QAEXXZ
0x0062aaf0	PASS	16	16		?UNK5@Flic@@QAEXXZ
0x0062ab00	PASS	16	16		?UNK6@Flic@@QAEXXZ
0x0062ab10	SKIP	0	0	reaches an import	?fill@Flic@@QAEXXZ
0x0062ab80	SKIP	0	0	reaches an import	?decode_fli_copy@Flic@@QAEXXZ
0x0062acc0	PASS	16	16		?UNK7@Flic@@QAEXXZ
0x0062acd0	SKIP	0	0	reaches an import	?decode_chunk@Flic@@QAEXPAUDataChunk@@@Z
0x0062af40	SKIP	0	0	reaches an import	?decode_byte_run_trans@Flic@@QAEXXZ
0x0062b190	SKIP	0	0	calls a body the lift does not have	?decode_delta_flc_trans@Flic@@QAEXXZ
0x0062b5f0	PASS	16	16		?UNK8@Flic@@QAEXXZ
0x0062b600	SKIP	0	0	reaches an import	?decode_black_trans@Flic@@QAEXXZ
0x0062b670	SKIP	0	0	calls a body the lift does not have	?decode_fli_copy_trans@Flic@@QAEXXZ
0x0062b780	SKIP	0	0	reaches an import	?UNK9@Flic@@QAEXXZ
0x0062b7c0	PASS	16	11		??0ButtonGroup@@QAE@XZ
0x0062b7f0	PASS	16	14		?close@ButtonGroup@@QAEXXZ
0x0062b810	PASS	16	15		?init@ButtonGroup@@QAEXHH@Z
0x0062b850	PASS	16	3		?add@ButtonGroup@@QAEXPAUBaseButton@@@Z
0x0062b870	PASS	16	4		?set@ButtonGroup@@QAEHHH@Z
0x0062b8a0	INCONCLUSIVE-original-fault	16	0	INCONCLUSIVE-original-fault code 0xc0000005 at 0x0062b8c9 after 0 steps	?button_click@ButtonGroup@@QAEHH@Z
0x0062ba80	PASS	16	16		??0AutoSound@@QAE@XZ
0x0062bbf0	PASS	16	14		?close@AutoSound@@QAEXXZ
0x0062bd40	PASS	16	16		?init@AutoSound@@QAEXXZ
0x0062bdd0	PASS	16	16		?close2@AutoSound@@QAEXXZ
0x0062bf20	SKIP	0	0	reaches an import	??0PushButton@@QAE@XZ
0x0062c010	SKIP	0	0	reaches an import	??1PushButton@@QAE@XZ
0x0062c030	SKIP	0	0	reaches an import	?close@PushButton@@QAEXXZ
0x0062c110	SKIP	0	0	reaches an import	?on_redraw@PushButton@@QAEXXZ
0x0062c830	SKIP	0	0	reaches an import	??_GPushButton@@UAEPAXI@Z
0x0062c850	SKIP	0	0	reaches an import	??3PushButton@@SAXPAXI@Z
0x0062c860	SKIP	0	0	reaches an import	Callback
0x0062c8e0	SKIP	0	0	reaches an import	sub_62c8e0
0x0062cd10	PASS	16	5	passed on the seeds that could be judged; 2 case(s) thrown out - the original read the unmodellable top 64 KiB	sub_62cd10
0x0062cd50	SKIP	0	0	reaches an import	sub_62cd50
0x0062d0f0	SKIP	0	0	reaches an import	sub_62d0f0
0x0062d100	PASS	16	16		sub_62d100
0x0062d140	PASS	16	16		sub_62d140
0x0062d150	PASS	16	16		nullsub_253
0x0062d160	PASS	16	16		sub_62d160
0x0062d1a0	PASS	16	16		sub_62d1a0
0x0062d1e0	SKIP	0	0	reaches an import	sub_62d1e0
0x0062d2c0	SKIP	0	0	reaches an import	sub_62d2c0
0x0062d390	PASS	16	16		sub_62d390
0x0062d3a0	SKIP	0	0	reaches an import	?jackal_init_real@@YAHPAUPalette@@PAUFont@@PADHHHH@Z
0x0062d500	SKIP	0	0	reaches an import	?jackal_close@@YAXXZ
0x0062d570	SKIP	0	0	reaches an import	?jackal_version_check@@YAHPAD@Z
0x0062d5b0	SKIP	0	0	reaches an import	?do_net@@YAXXZ
0x0062d5d0	SKIP	0	0	reaches an import	?check_net@@YAXXZ
0x0062d5f0	SKIP	0	0	reaches an import	sub_62d5f0
0x0062d6a0	SKIP	0	0	reaches an import	??0Net@@QAE@XZ
0x0062d8e0	SKIP	0	0	reaches an import	?init@Net@@QAEHPAU_GUID@@HH@Z
0x0062d9e0	SKIP	0	0	reaches an import	?check_for_lobby@Net@@QAEHPADPAU_GUID@@HH@Z
0x0062df20	PASS	16	16		?start_voice@Net@@QAEHK@Z
0x0062df70	PASS	16	16		?start_voice@Net@@QAEHJ@Z
0x0062dfc0	SKIP	0	0	reaches an import	?stop_voice@Net@@QAEXXZ
0x0062e010	SKIP	0	0	reaches an import	?close@Net@@QAEXXZ
0x0062e250	SKIP	0	0	reaches an import	?poll_services@Net@@QAEHPAUServiceList@@@Z
0x0062e2a0	SKIP	0	0	reaches an import	?join_service@Net@@QAEHPAUServiceStruct@@@Z
0x0062e420	SKIP	0	0	calls a body the lift does not have	?on_player_added@Net@@QAEHPADI@Z
0x0062e540	SKIP	0	0	reaches an import	?join_session@Net@@QAEHPAUSessionStruct@@PADPAD@Z
0x0062eaa0	SKIP	0	0	reaches an import	?create_session@Net@@QAEHPADHPAD@Z
0x0062ed30	PASS	16	16		?poll_players@Net@@QAEHPAUSessionStruct@@@Z
0x0062ed40	SKIP	0	0	calls a body the lift does not have	?create_group@Net@@QAEHPAD@Z
0x0062edb0	PASS	16	16		?delete_group@Net@@QAEXH@Z
0x0062edd0	PASS	16	16		?add_to_group@Net@@QAEHJK@Z
0x0062ee00	PASS	16	16		sub_62ee00
0x0062ee20	PASS	16	16		sub_62ee20
0x0062ee80	PASS	16	16		nullsub_261
0x0062ee90	PASS	16	16		nullsub_262
0x0062eea0	SKIP	0	0	reaches an import	?send_group@Net@@QAEHPAXHJH@Z
0x0062f390	SKIP	0	0	reaches an import	sub_62f390
0x0062f8a0	SKIP	0	0	reaches an import	?send_packet_type@Net@@QAEHPAXHKHH@Z
0x00630080	SKIP	0	0	reaches an import	?send@Net@@QAEHPAXHKH@Z
0x00630980	SKIP	0	0	reaches an import	sub_630980
0x006309c0	SKIP	0	0	reaches an import	sub_6309c0
0x00630a00	SKIP	0	0	reaches an import	?get@Net@@QAEHPAKPAK@Z
0x00630a40	SKIP	0	0	reaches an import	sub_630a40
0x00630a80	SKIP	0	0	reaches an import	sub_630a80
0x00630b00	SKIP	0	0	reaches an import	sub_630b00
0x00630b80	PASS	16	16		sub_630b80
0x00630bf0	SKIP	0	0	reaches an import	sub_630bf0
0x00630c30	SKIP	0	0	reaches an import	sub_630c30
0x00630c80	SKIP	0	0	calls a body the lift does not have	?enum_players@Net@@QAEHKKPBUDPNAME@@KPAX@Z
0x00630d70	SKIP	0	0	reaches an import	sub_630d70
0x00631050	SKIP	0	0	reaches an import	sub_631050
0x00631a10	PASS	16	16		nullsub_256
0x00631a20	PASS	16	16		?get_player_name@Net@@QAEPADK@Z
0x00631a60	SKIP	0	0	reaches an import	?process_voice@Net@@QAEXXZ
0x00631b30	SKIP	0	0	reaches an import	?close_game@Net@@QAEXXZ
0x00631ba0	SKIP	0	0	reaches an import	sub_631ba0
0x00632070	SKIP	0	0	reaches an import	?enable_join@Net@@QAEXXZ
0x006320e0	SKIP	0	0	reaches an import	?check_polling@Net@@QAEXXZ
0x00632290	PASS	16	16		sub_632290
0x00632300	PASS	16	16		?set_polling@Net@@QAEXH@Z
0x00632350	SKIP	0	0	reaches an import	?drop_player@Net@@QAEHKH@Z
0x00632740	SKIP	0	0	reaches an import	sub_632740
0x006327e0	SKIP	0	0	reaches an import	?internal_receive@Net@@QAAHPAUNetThreadInfo@@@Z
0x00632cc0	SKIP	0	0	reaches an import	sub_632cc0
0x00632db0	SKIP	0	0	reaches an import	?handle_sys_msg@Net@@QAEXXZ
0x00632fa0	SKIP	0	0	reaches an import	?check_message@Net@@QAEHKK@Z
0x00633010	SKIP	0	0	reaches an import	sub_633010
0x00633160	SKIP	0	0	reaches an import	sub_633160
0x00633180	SKIP	0	0	reaches an import	sub_633180
0x006336d0	SKIP	0	0	reaches an import	sub_6336d0
0x00633720	SKIP	0	0	reaches an import	j_VoiceRx__VoiceRx_dt
0x00633730	SKIP	0	0	reaches an import	sub_633730
0x00633740	SKIP	0	0	reaches an import	sub_633740
0x00633750	SKIP	0	0	reaches an import	??0CheckButton@@QAE@XZ
0x006337a0	SKIP	0	0	reaches an import	?close@CheckButton@@QAEXXZ
0x006337e0	SKIP	0	0	reaches an import	?init@CheckButton@@QAEHHHPAUGraphicWin@@H@Z
0x00633850	SKIP	0	0	reaches an import	?on_redraw@CheckButton@@QAEXXZ
0x00633920	INCONCLUSIVE-original-fault	16	0	INCONCLUSIVE-original-fault code 0xc0000005 at 0x00000008 after 0 steps	?on_left_click@CheckButton@@QAEXHH@Z
0x00633980	INCONCLUSIVE-original-fault	16	0	INCONCLUSIVE-original-fault code 0xc0000005 at 0x009d3f58 after 0 steps	?on_left_double_click@CheckButton@@QAEXHH@Z
0x006339a0	PASS	16	16		?init_class@CheckButton@@QAAHXZ
0x006339b0	PASS	16	16		?close_class@CheckButton@@QAAXXZ
0x006339c0	SKIP	0	0	reaches an import	??0NetFifo@@QAE@XZ
0x006339e0	SKIP	0	0	reaches an import	??1NetFifo@@QAE@XZ
0x00633a50	SKIP	0	0	reaches an import	?close@NetFifo@@QAEXXZ
0x00633ab0	SKIP	0	0	reaches an import	?add@NetFifo@@QAEHPAXKKHK@Z
0x00633ba0	SKIP	0	0	reaches an import	sub_633ba0
0x00633c90	SKIP	0	0	reaches an import	sub_633c90
0x00633d90	SKIP	0	0	reaches an import	?get@NetFifo@@QAEHPAXPAIPAH1@Z
0x00633e80	SKIP	0	0	reaches an import	sub_633e80
0x00633f70	SKIP	0	0	reaches an import	?get@NetFifo@@QAEHPAXPAIPAHPAI@Z
0x00634020	SKIP	0	0	reaches an import	sub_634020
0x006340c0	SKIP	0	0	reaches an import	sub_6340c0
0x00634160	SKIP	0	0	reaches an import	sub_634160
0x00634200	SKIP	0	0	reaches an import	sub_634200
0x00634280	INCONCLUSIVE-original-fault	16	0	INCONCLUSIVE-original-fault code 0xc0000005 at 0x0063429f after 0 steps	sub_634280
0x00634330	INCONCLUSIVE-original-fault	16	0	INCONCLUSIVE-original-fault code 0xc0000005 at 0x0063434d after 0 steps	sub_634330
0x006343c0	PASS	16	16		??0Vector@@QAE@XZ
0x006343d0	PASS	16	14		?close@Vector@@QAEXXZ
0x006343e0	FAIL	13	2	x87 codes original=0x0200 lifted=000000; 	sub_6343e0
0x00634430	PASS	16	6	passed on the seeds that could be judged; 1 case(s) thrown out - the original read the unmodellable top 64 KiB	?__mi@Vector@@QAEXAAVVector@@AAVVector@@@Z
0x00634480	PASS	16	8	passed on the seeds that could be judged; 1 case(s) thrown out - the original read the unmodellable top 64 KiB	?__apl@Vector@@QAEXAAVVector@@@Z
0x006344b0	PASS	16	4	passed on the seeds that could be judged; 1 case(s) thrown out - the original read the unmodellable top 64 KiB	?__ami@Vector@@QAEXAAVVector@@@Z
0x006344e0	PASS	16	8		sub_6344e0
0x00634520	SKIP	0	0	calls a body the lift does not have	sub_634520
0x006345e0	INCONCLUSIVE-original-fault	16	0	INCONCLUSIVE-original-fault code 0xc0000005 at 0x006345f2 after 0 steps	sub_6345e0
0x00634650	FAIL	11	5	x87 codes original=0x0200 lifted=000000; 	sub_634650
0x00634670	PASS	16	10		?scale@Vector@@QAEXAAVVector@@M@Z
0x006346c0	PASS	16	14		sub_6346c0
0x006346f0	PASS	16	13		sub_6346f0
0x00634720	PASS	16	6	passed on the seeds that could be judged; 1 case(s) thrown out - the original read the unmodellable top 64 KiB	sub_634720
0x006347c0	PASS	16	10	passed on the seeds that could be judged; 1 case(s) thrown out - the original read the unmodellable top 64 KiB	sub_6347c0
0x006347f0	FAIL	10	6	x87 codes original=0x0200 lifted=000000; 	sub_6347f0
0x006348c0	FAIL	11	11	x87 codes original=0x0200 lifted=000000; 	sub_6348c0
0x006348f0	PASS	16	8		sub_6348f0
0x00634920	FAIL	11	6	eax original=0x009d0000 lifted=0x009d0100; x87 codes original=000000 lifted=0x0100; blamed instruction at 0x00634940	sub_634920
0x00634980	PASS	16	3	passed on the seeds that could be judged; 1 case(s) thrown out - the original read the unmodellable top 64 KiB	sub_634980
0x00634a50	PASS	16	2	passed on the seeds that could be judged; 1 case(s) thrown out - the original read the unmodellable top 64 KiB	sub_634a50
0x00634ad0	PASS	16	7		sub_634ad0
0x00634b70	PASS	16	12		sub_634b70
0x00634bb0	SKIP	0	0	reaches an import	?env_open@@YAHPADPAD@Z
0x00634be0	PASS	16	15		??0FileBox@@QAE@XZ
0x00634c20	PASS	16	16		??1FileBox@@QAE@XZ
0x00634c30	SKIP	0	0	reaches an import	?save@FileBox@@QAEXXZ
0x00634cf0	SKIP	0	0	reaches an import	?load@FileBox@@QAEXXZ
0x00634db0	SKIP	0	0	calls a body the lift does not have	?add_filter@FileBox@@QAEHPADPAD@Z
0x00634e80	SKIP	0	0	calls a body the lift does not have	?set_def_ext@FileBox@@QAEHPAD@Z
0x00634ed0	SKIP	0	0	calls a body the lift does not have	?set_def_name@FileBox@@QAEHPAD@Z
0x00634f20	SKIP	0	0	calls a body the lift does not have	?UNK1@FileBox@@QAEHPAD@Z
0x00634f70	PASS	16	15		?UNK2@FileBox@@QAEXXZ
0x00634fb0	PASS	16	13		??0TexHeap@@QAE@XZ
0x00634fc0	SKIP	0	0	reaches an import	?UNK1@TexHeap@@QAEHH@Z
0x00634fe0	SKIP	0	0	reaches an import	?shutdown@TexHeap@@QAEXXZ
0x00635050	SKIP	0	0	reaches an import	?UNK2@TexHeap@@QAEHH@Z
0x00635370	SKIP	0	0	reaches an import	?get_tex_mem@TexHeap@@QAEHH@Z
0x006353c0	SKIP	0	0	reaches an import	?get_mem@TexHeap@@QAEHH@Z
0x00635410	SKIP	0	0	calls a body the lift does not have	sub_635410
0x00635450	SKIP	0	0	reaches an import	sub_635450
0x006354d0	PASS	16	13		sub_6354d0
0x006354f0	SKIP	0	0	reaches an import	sub_6354f0
0x00635510	SKIP	0	0	reaches an import	sub_635510
0x00635750	SKIP	0	0	reaches an import	sub_635750
0x006357d0	SKIP	0	0	calls a body the lift does not have	sub_6357d0
0x00635840	INCONCLUSIVE-original-fault	16	0	INCONCLUSIVE-original-fault code 0xc0000005 at 0x00635851 after 0 steps	sub_635840
0x00635870	SKIP	0	0	reaches an import	sub_635870
0x00636300	SKIP	0	0	reaches an import	?do_video@@YAXXZ
0x006363f0	PASS	16	15		sub_6363f0
0x00636400	SKIP	0	0	reaches an import	??0Video@@QAE@XZ
0x00636530	SKIP	0	0	reaches an import	??1Video@@QAE@XZ
0x006365b0	SKIP	0	0	reaches an import	Video_unk1
0x00636740	SKIP	0	0	reaches an import	Video_unk2
0x00636850	SKIP	0	0	reaches an import	Video_unk3
0x006368d0	SKIP	0	0	reaches an import	Video_unk4
0x00636960	SKIP	0	0	reaches an import	Video_unk5
0x00636fc0	SKIP	0	0	reaches an import	?process@Video@@QAEXXZ
0x00637070	SKIP	0	0	reaches an import	Video_unk6
0x006370e0	SKIP	0	0	reaches an import	?play@Video@@QAEHXZ
0x00637190	PASS	16	16		Video_unk7
0x006371a0	PASS	16	1		Video_unk8
0x006371d0	SKIP	0	0	reaches an import	Video_unk10
0x00637300	SKIP	0	0	reaches an import	Video_unk11
0x00637310	SKIP	0	0	reaches an import	Video_unk12
0x006373a0	SKIP	0	0	reaches an import	?advance_frame@Video@@QAEHXZ
0x00637530	SKIP	0	0	reaches an import	Video_unk13
0x00637870	SKIP	0	0	reaches an import	?decode_frame_process@Video@@QAEXXZ
0x006378b0	SKIP	0	0	reaches an import	?read_frame_process@Video@@QAEXXZ
0x00637910	SKIP	0	0	reaches an import	?decode_frame@Video@@QAEHH@Z
0x00637c30	SKIP	0	0	reaches an import	?read_frame@Video@@QAEHXZ
0x00637d70	SKIP	0	0	reaches an import	?play_frame@Video@@QAEHXZ
0x00638090	PASS	16	9		Video_unk14
0x00638130	PASS	16	9		Video_unk15
0x006381e0	SKIP	0	0	reaches an import	Video_unk16
0x006381f0	SKIP	0	0	calls a body the lift does not have	sub_6381f0
0x00638430	PASS	16	1		sub_638430
0x006385d0	PASS	16	8		sub_6385d0
0x00638620	INCONCLUSIVE-original-fault	16	0	INCONCLUSIVE-original-fault code 0xc0000005 at 0000000000 after 0 steps	sub_638620
0x00638650	PASS	16	2		sub_638650
0x006386b0	INCONCLUSIVE-original-fault	16	0	INCONCLUSIVE-original-fault code 0xc0000005 at 0000000000 after 0 steps	sub_6386b0
0x006386d0	INCONCLUSIVE-original-fault	16	0	INCONCLUSIVE-original-fault code 0xc0000005 at 0000000000 after 0 steps	sub_6386d0
0x00638720	SKIP	0	0	calls a body the lift does not have	sub_638720
0x006388c0	SKIP	0	0	calls a body the lift does not have	sub_6388c0
0x00638ad0	INCONCLUSIVE-original-fault	16	0	INCONCLUSIVE-original-fault code 0xc0000005 at 0000000000 after 0 steps	sub_638ad0
0x00638cc0	INCONCLUSIVE-original-fault	16	0	INCONCLUSIVE-original-fault code 0xc0000005 at 0000000000 after 0 steps	sub_638cc0
0x00638de0	INCONCLUSIVE-original-fault	16	0	INCONCLUSIVE-original-fault code 0xc0000005 at 0000000000 after 0 steps	sub_638de0
0x00638f30	INCONCLUSIVE-original-fault	16	0	INCONCLUSIVE-original-fault code 0xc0000005 at 0x00638f37 after 0 steps	sub_638f30
0x00639090	SKIP	0	0	calls a body the lift does not have	sub_639090
0x006391f0	SKIP	0	0	calls a body the lift does not have	sub_6391f0
0x006392e0	SKIP-trap	3	1	trap at 0x0063e869: pushfd	sub_6392e0
0x00639380	PASS	16	16		nullsub_16
0x00639390	PASS	16	7		sub_639390
0x006393c0	PASS	16	2		sub_6393c0
0x00639630	INCONCLUSIVE-original-fault	16	0	INCONCLUSIVE-original-fault code 0xc0000005 at 0x00639635 after 0 steps	sub_639630
0x006396a0	SKIP	0	0	calls a body the lift does not have	sub_6396a0
0x00639e60	SKIP	0	0	calls a body the lift does not have	sub_639e60
0x0063a280	SKIP	0	0	calls a body the lift does not have	sub_63a280
0x0063a6f0	PASS	16	1		sub_63a6f0
0x0063a9d0	FAIL	5	1	eax original=0x009d4022 lifted=0x009d4000; blamed instruction at 0x0063a9d0	sub_63a9d0
0x0063ad60	PASS	16	2	passed on the seeds that could be judged; 1 case(s) thrown out - the original read the unmodellable top 64 KiB	sub_63ad60
0x0063ae20	PASS	16	1	passed on the seeds that could be judged; 1 case(s) thrown out - the original read the unmodellable top 64 KiB	sub_63ae20
0x0063aee0	SKIP	0	0	self-modifying section	sub_63aee0
0x0063af00	SKIP	0	0	self-modifying section	sub_63af00
0x0063af20	SKIP	0	0	self-modifying section	sub_63af20
0x0063af40	SKIP	0	0	self-modifying section	sub_63af40
0x0063af60	PASS	16	3		sub_63af60
0x0063b072	PASS	16	4		sub_63b072
0x0063b11c	PASS	16	5		sub_63b11c
0x0063b1bf	PASS	16	7		sub_63b1bf
0x0063b241	PASS	16	6		sub_63b241
0x0063b2d0	PASS	16	13		??0Cursor@@QAE@XZ
0x0063b2e0	SKIP	0	0	reaches an import	?init@Cursor@@QAEXPAUSprite@@HH@Z
0x0063b8d0	SKIP	0	0	reaches an import	??1Cursor@@QAE@XZ
0x0063b910	SKIP	0	0	reaches an import	?init_cursor_class@Cursor@@QAAXXZ
0x0063b930	PASS	16	16		?close_cursor_class@Cursor@@QAAXXZ
0x0063b940	SKIP	0	0	calls a body the lift does not have	?trig_init@@YAHXZ
0x0063b9b0	PASS	16	16		?sin@@YAHHH@Z
0x0063bac0	PASS	16	16		?cos@@YAHHH@Z
0x0063bae0	SKIP	0	0	calls a body the lift does not have	sub_63bae0
0x0063bb00	SKIP	0	0	reaches an import	sub_63bb00
0x0063bb20	SKIP	0	0	reaches an import	sub_63bb20
0x0063bd10	SKIP	0	0	reaches an import	sub_63bd10
0x0063beb0	PASS	16	16		sub_63beb0
0x0063bee0	PASS	16	13		sub_63bee0
0x0063bf10	SKIP	0	0	reaches an import	sub_63bf10
0x0063c340	SKIP	0	0	reaches an import	sub_63c340
0x0063c390	SKIP	0	0	reaches an import	sub_63c390
0x0063c3a0	SKIP	0	0	reaches an import	sub_63c3a0
0x0063c4e0	SKIP	0	0	reaches an import	sub_63c4e0
0x0063c500	PASS	16	16		nullsub_175
0x0063c510	SKIP	0	0	reaches an import	sub_63c510
0x0063c6d0	SKIP	0	0	reaches an import	sub_63c6d0
0x0063c7c0	SKIP	0	0	reaches an import	sub_63c7c0
0x0063c9c0	PASS	16	16		nullsub_266
0x0063c9d0	SKIP	0	0	reaches an import	sub_63c9d0
0x0063caa0	SKIP	0	0	reaches an import	sub_63caa0
0x0063cd50	SKIP	0	0	reaches an import	sub_63cd50
0x0063cdc0	SKIP	0	0	reaches an import	sub_63cdc0
0x0063ce20	SKIP	0	0	reaches an import	sub_63ce20
0x0063cef0	SKIP	0	0	reaches an import	sub_63cef0
0x0063cf00	PASS	16	14		deflateInit_
0x0063cf30	PASS	16	10	passed on the seeds that could be judged; 1 case(s) thrown out - the original read the unmodellable top 64 KiB	sub_63cf30
0x0063d120	PASS	16	1		sub_63d120
0x0063d1a0	PASS	16	1		sub_63d1a0
0x0063d420	PASS	16	2		sub_63d420
0x0063d450	PASS	16	2		sub_63d450
0x0063d4d0	PASS	16	2		sub_63d4d0
0x0063d560	INCONCLUSIVE-original-fault	16	0	INCONCLUSIVE-original-fault code 0xc0000005 at 0x0063d568 after 0 steps	sub_63d560
0x0063d600	INCONCLUSIVE-original-fault	14	0	INCONCLUSIVE-original-fault code 0xc0000005 at 0x0063d60a after 0 steps	sub_63d600
0x0063d6f0	INCONCLUSIVE-original-fault	16	0	INCONCLUSIVE-original-fault code 0xc0000005 at 0x0063d6f7 after 0 steps	sub_63d6f0
0x0063d820	INCONCLUSIVE-original-fault	16	0	INCONCLUSIVE-original-fault code 0xc0000005 at 0x0063d82a after 0 steps	sub_63d820
0x0063d8a0	INCONCLUSIVE-original-fault	16	0	INCONCLUSIVE-original-fault code 0xc0000005 at 0x0063d8aa after 0 steps	sub_63d8a0
0x0063dad0	INCONCLUSIVE-original-fault	16	0	INCONCLUSIVE-original-fault code 0xc0000005 at 0x0063dadb after 0 steps	sub_63dad0
0x0063dc40	INCONCLUSIVE-original-fault	16	0	INCONCLUSIVE-original-fault code 0xc0000005 at 0x0063dc4a after 0 steps	sub_63dc40
0x0063df40	PASS	16	3		sub_63df40
0x0063df90	PASS	16	2		sub_63df90
0x0063dfe0	PASS	16	8	passed on the seeds that could be judged; 2 case(s) thrown out - the original read the unmodellable top 64 KiB	sub_63dfe0
0x0063e0f0	PASS	16	8		sub_63e0f0
0x0063e110	PASS	16	3	passed on the seeds that could be judged; 1 case(s) thrown out - the original read the unmodellable top 64 KiB	inflate
0x0063e520	PASS	16	15		sub_63e520
0x0063e540	SKIP	0	0	reaches an import	sub_63e540
0x0063e590	SKIP	0	0	reaches an import	sub_63e590
0x0063e5e0	SKIP	0	0	reaches an import	sub_63e5e0
0x0063e6e0	SKIP	0	0	reaches an import	sub_63e6e0
0x0063e7f0	PASS	16	1		sub_63e7f0
0x0063e820	SKIP	0	0	reaches an import	sub_63e820
0x0063e860	SKIP-trap	1	0	trap at 0x0063e869: pushfd	sub_63e860
0x0063e950	SKIP	0	0	calls a body the lift does not have	sub_63e950
0x0063f000	SKIP	0	0	calls a body the lift does not have	sub_63f000
0x0063f5e0	SKIP	0	0	calls a body the lift does not have	sub_63f5e0
0x0063f9b0	INCONCLUSIVE-original-fault	16	0	INCONCLUSIVE-original-fault code 0xc0000005 at 0x0063f9b8 after 0 steps	sub_63f9b0
0x0063fa80	SKIP	0	0	calls a body the lift does not have	sub_63fa80
0x0063fca0	SKIP	0	0	calls a body the lift does not have	sub_63fca0
0x0063fe00	SKIP	0	0	calls a body the lift does not have	sub_63fe00
0x0063ffe0	SKIP	0	0	calls a body the lift does not have	sub_63ffe0
0x006401b0	PASS	16	7		sub_6401b0
0x006404f0	PASS	16	16		sub_6404f0
0x00640a50	SKIP	0	0	calls a body the lift does not have	sub_640a50
0x00640a70	SKIP	0	0	reaches an import	sub_640a70
0x00640a80	PASS	16	3		sub_640a80
0x00640bb0	PASS	16	6		sub_640bb0
0x00640c30	PASS	16	16		sub_640c30
0x00640e50	PASS	16	7		sub_640e50
0x00640ec0	PASS	16	2		sub_640ec0
0x00640f40	INCONCLUSIVE-original-fault	16	0	INCONCLUSIVE-original-fault code 0xc0000005 at 0x00640f44 after 0 steps	sub_640f40
0x00641000	PASS	16	3		__tr_align
0x00641280	INCONCLUSIVE-original-fault	16	0	INCONCLUSIVE-original-fault code 0xc0000005 at 0x0064128e after 0 steps	__tr_flush_block
0x006414b0	INCONCLUSIVE-original-fault	16	0	INCONCLUSIVE-original-fault code 0xc0000005 at 0x006414bf after 0 steps	_build_tree
0x006416f0	INCONCLUSIVE-original-fault	16	0	INCONCLUSIVE-original-fault code 0xc0000005 at 0x006416fb after 0 steps	sub_6416f0
0x006417d0	INCONCLUSIVE-original-fault	16	0	INCONCLUSIVE-original-fault code 0xc0000005 at 0x006417da after 0 steps	_gen_bitlen
0x00641a00	INCONCLUSIVE-original-fault	16	0	INCONCLUSIVE-original-fault code 0xc0000005 at 0x00641a05 after 0 steps	sub_641a00
0x00641a70	PASS	16	1		sub_641a70
0x00641b60	INCONCLUSIVE-original-fault	16	0	INCONCLUSIVE-original-fault code 0xc0000005 at 0x00641b6c after 0 steps	_send_all_trees
0x00641dd0	PASS	16	1		_send_tree
0x00642350	INCONCLUSIVE-original-fault	16	0	INCONCLUSIVE-original-fault code 0xc0000005 at 0x0064235a after 0 steps	sub_642350
0x00642480	INCONCLUSIVE-original-fault	16	0	INCONCLUSIVE-original-fault code 0xc0000005 at 0x00642489 after 0 steps	_compress_block
0x006428c0	PASS	16	7		sub_6428c0
0x00642940	PASS	16	16		sub_642940
0x00642960	PASS	16	3		sub_642960
0x006429f0	PASS	16	1		sub_6429f0
0x00642a70	INCONCLUSIVE-original-fault	16	0	INCONCLUSIVE-original-fault code 0xc0000005 at 0x006429f6 after 0 steps	sub_642a70
0x00642b10	INCONCLUSIVE-original-fault	16	0	INCONCLUSIVE-original-fault code 0xc0000005 at 0x00642b16 after 0 steps	sub_642b10
0x00642bb0	INCONCLUSIVE-original-fault	16	0	INCONCLUSIVE-original-fault code 0xc0000005 at 0x00642bbb after 0 steps	sub_642bb0
0x00642c20	INCONCLUSIVE-original-fault	16	0	INCONCLUSIVE-original-fault code 0xc0000005 at 0x00642c2d after 0 steps	_inflate_blocks
0x00643950	INCONCLUSIVE-original-fault	16	0	INCONCLUSIVE-original-fault code 0xc0000005 at 0x00642b16 after 0 steps	sub_643950
0x00643990	INCONCLUSIVE-original-fault	16	0	INCONCLUSIVE-original-fault code 0xc0000005 at 0x00643a57 after 0 steps	sub_643990
0x006439f0	INCONCLUSIVE-original-fault	16	0	INCONCLUSIVE-original-fault code 0xc0000005 at 0x00643a57 after 0 steps	_huft_build
0x00643eb0	INCONCLUSIVE-original-fault	16	0	INCONCLUSIVE-original-fault code 0xc0000005 at 0x00643a57 after 0 steps	sub_643eb0
0x00643fa0	INCONCLUSIVE-original-fault	16	0	INCONCLUSIVE-original-fault code 0xc0000005 at 0x006440ae after 0 steps	sub_643fa0
0x006440e0	PASS	16	12		sub_6440e0
0x00644100	PASS	16	1		sub_644100
0x00644140	INCONCLUSIVE-original-fault	16	0	INCONCLUSIVE-original-fault code 0xc0000005 at 0x00644148 after 0 steps	sub_644140
0x00644180	INCONCLUSIVE-original-fault	16	0	INCONCLUSIVE-original-fault code 0xc0000005 at 0x0064418f after 0 steps	_inflate_codes
0x00644910	INCONCLUSIVE-original-fault	16	0	INCONCLUSIVE-original-fault code 0xc0000005 at 0x00644919 after 0 steps	sub_644910
0x00644930	INCONCLUSIVE-original-fault	16	0	INCONCLUSIVE-original-fault code 0xc0000005 at 0x0064493c after 0 steps	sub_644930
0x00644a70	PASS	16	1		_inflate_fast
0x00644dc0	SKIP	0	0	reaches an import	ICClose
0x00644dc6	SKIP	0	0	reaches an import	ICSendMessage
0x00644dcc	SKIP	0	0	reaches an import	ICOpen
0x00644ef2	SKIP	0	0	reaches an import	_free
0x00645398	SKIP	0	0	calls a body the lift does not have	_atexit
0x0064557f	SKIP	0	0	reaches an import	??3@YAXPAX@Z
0x0064558a	SKIP	0	0	calls a body the lift does not have	??2@YAPAXI@Z
0x00645646	SKIP	0	0	calls a body the lift does not have	_fopen
0x006456e4	SKIP	0	0	uses fs: (SEH chain is not in the image)	??_M@YGXPAXIHP6EX0@Z@Z
0x006457c2	SKIP	0	0	uses fs: (SEH chain is not in the image)	??_L@YGXPAXIHP6EX0@Z1@Z
0x0064584d	SKIP	0	0	calls a body the lift does not have	sub_64584d
0x00645864	PASS	16	16		nullsub_18
0x00646010	SKIP	0	0	calls a body the lift does not have	_srand
0x0064603f	SKIP	0	0	calls a body the lift does not have	__fwrite
0x00646178	SKIP	0	0	calls a body the lift does not have	__fread
0x00646855	SKIP	0	0	calls a body the lift does not have	_fgetc
0x00646886	SKIP	0	0	calls a body the lift does not have	_fputc
0x006470a6	SKIP	0	0	calls a body the lift does not have	_malloc
0x0064955b	SKIP	0	0	calls a body the lift does not have	sub_64955b
0x0064cb7a	SKIP	0	0	reaches an import	sub_64cb7a
0x0064cb8b	SKIP	0	0	reaches an import	sub_64cb8b
0x0064d725	SKIP	0	0	calls a body the lift does not have	sub_64d725
0x0064d73b	SKIP	0	0	calls a body the lift does not have	sub_64d73b
0x0064d751	SKIP	0	0	calls a body the lift does not have	sub_64d751
0x0064d77e	SKIP	0	0	calls a body the lift does not have	sub_64d77e
0x0064f09c	PASS	16	16		sub_64f09c
0x006501f0	SKIP	0	0	reaches an import	DirectSoundCreate
0x006501f6	SKIP	0	0	reaches an import	GetSaveFileNameA
0x006501fc	SKIP	0	0	reaches an import	GetOpenFileNameA
0x00650202	SKIP	0	0	reaches an import	DirectDrawEnumerateA
0x00650208	SKIP	0	0	reaches an import	DirectPlayLobbyCreateA
0x0065020e	SKIP	0	0	reaches an import	DirectPlayEnumerateA
0x00650214	SKIP	0	0	reaches an import	DirectPlayCreate
0x0065021a	SKIP	0	0	reaches an import	RtlUnwind
0x0065bfb1	SKIP	0	0	reaches an import	sub_65bfb1
0x0065bfbc	SKIP	0	0	reaches an import	sub_65bfbc
0x0065bfc7	SKIP	0	0	reaches an import	sub_65bfc7
0x0065bfd2	SKIP	0	0	reaches an import	sub_65bfd2
0x0065bfdd	SKIP	0	0	reaches an import	sub_65bfdd
0x0065bfe5	SKIP	0	0	reaches an import	sub_65bfe5
0x0065bff3	SKIP	0	0	reaches an import	sub_65bff3
0x0065c001	SKIP	0	0	reaches an import	sub_65c001
0x0065c009	SKIP	0	0	reaches an import	sub_65c009
0x0065c011	SKIP	0	0	reaches an import	sub_65c011
0x0065c01c	SKIP	0	0	reaches an import	sub_65c01c
0x0065c027	SKIP	0	0	reaches an import	sub_65c027
0x0065c032	SKIP	0	0	reaches an import	sub_65c032
0x0065c03d	SKIP	0	0	reaches an import	sub_65c03d
0x0065c048	SKIP	0	0	uses fs: (SEH chain is not in the image)	sub_65c048
0x0065c053	SKIP	0	0	uses fs: (SEH chain is not in the image)	sub_65c053
0x0065c05e	SKIP	0	0	reaches an import	sub_65c05e
0x0065c069	SKIP	0	0	reaches an import	sub_65c069
0x0065c074	SKIP	0	0	reaches an import	sub_65c074
0x0065c07f	SKIP	0	0	reaches an import	sub_65c07f
0x0065c08a	SKIP	0	0	reaches an import	sub_65c08a
0x0065c092	SKIP	0	0	reaches an import	sub_65c092
0x0065c0a0	SKIP	0	0	reaches an import	sub_65c0a0
0x0065c0ae	SKIP	0	0	reaches an import	sub_65c0ae
0x0065c0b6	SKIP	0	0	reaches an import	sub_65c0b6
0x00664000	SKIP	0	0	self-modifying section	sub_664000
0x006646fb	SKIP	0	0	self-modifying section	sub_6646fb
0x006647f0	SKIP	0	0	self-modifying section	sub_6647f0
0x00664d51	SKIP	0	0	self-modifying section	sub_664d51
0x00664e50	SKIP	0	0	self-modifying section	sub_664e50
0x0066554b	SKIP	0	0	self-modifying section	sub_66554b
0x00665640	SKIP	0	0	self-modifying section	sub_665640
0x00665ba1	SKIP	0	0	self-modifying section	sub_665ba1
0x00665ca0	SKIP	0	0	self-modifying section	sub_665ca0
0x0066638f	SKIP	0	0	self-modifying section	sub_66638f
0x00666440	SKIP	0	0	self-modifying section	sub_666440
0x00666989	SKIP	0	0	self-modifying section	sub_666989
0x00666a80	SKIP	0	0	self-modifying section	sub_666a80
0x00666f68	SKIP	0	0	self-modifying section	sub_666f68
0x00667380	SKIP	0	0	self-modifying section	sub_667380
0x00667a6f	SKIP	0	0	self-modifying section	sub_667a6f
0x00667b20	SKIP	0	0	self-modifying section	sub_667b20
0x00668069	SKIP	0	0	self-modifying section	sub_668069
