address,name,source_location,generated,size,span_classes,tier,original_bytes,rebuilt_bytes,original_mnemonics,rebuilt_mnemonics,first_divergence,note,refusal_reason
0x00401000,??0StringStruct@@QAE@H@Z,,0,88,primary=1;eh=0;shared=0;selfmod=0,BYTE_EXACT,88,88,,,,,
0x00401060,?close@StringStruct@@QAEXXZ,src/stringstruct.cpp:216,0,153,,REFUSED,,,,,,,extract does not end in a closing brace
0x00401100,?add@StringStruct@@QAEHH@Z,,0,1043,primary=1;eh=0;shared=0;selfmod=0,MISMATCH,1043,5,328,2,0,#0: original 'push' vs rebuilt 'xor',
0x00401520,sub_401520,,0,62,primary=1;eh=0;shared=0;selfmod=0,BYTE_EXACT,62,62,,,,,
0x00401560,?seek_id@StringStruct@@QAEHH@Z,src/stringstruct.cpp:67,0,78,primary=1;eh=0;shared=0;selfmod=0,BYTE_EXACT,78,78,,,,,
0x004015B0,?seek_pos@StringStruct@@QAEHH@Z,,0,134,primary=1;eh=0;shared=0;selfmod=0,BYTE_EXACT,134,134,,,,,
0x00401640,?current_id@StringStruct@@QAEHXZ,src/stringstruct.cpp:18,0,17,primary=1;eh=0;shared=0;selfmod=0,BYTE_EXACT,17,17,,,,,
0x004016C0,?close@ServiceStruct@@QAEXXZ,,0,153,primary=1;eh=0;shared=0;selfmod=0,BYTE_EXACT,153,153,,,,,
0x00401760,?add@ServiceStruct@@QAEHH@Z,,0,1043,primary=1;eh=0;shared=0;selfmod=0,MISMATCH,1043,5,328,2,0,#0: original 'push' vs rebuilt 'xor',
0x00401B80,sub_401b80,,0,88,primary=1;eh=0;shared=0;selfmod=0,MNEMONIC_ONLY,88,90,26,26,,,
0x00401BE0,sub_401be0,,0,153,primary=1;eh=0;shared=0;selfmod=0,BYTE_EXACT,153,153,,,,,
0x00401C80,SessionStruct::SessionStruct,,0,88,primary=1;eh=0;shared=0;selfmod=0,MNEMONIC_ONLY,88,90,26,26,,,
0x00401CE0,SessionStruct::close,,0,153,primary=1;eh=0;shared=0;selfmod=0,BYTE_EXACT,153,153,,,,,
0x00402310,sub_402310,,0,15,primary=1;eh=0;shared=0;selfmod=0,BYTE_EXACT,15,15,,,,,
0x00402320,sub_402320,,0,41,primary=1;eh=0;shared=0;selfmod=0,BYTE_EXACT,41,41,,,,,
0x00402350,sub_402350,,0,75,primary=1;eh=0;shared=0;selfmod=0,MNEMONIC_ONLY,75,77,27,27,,,
0x004023A0,sub_4023a0,,0,365,primary=1;eh=1;shared=0;selfmod=0,MISMATCH,344,365,126,131,126,#126: original '<end>' vs rebuilt 'mov',
0x00402500,?next_entry@StringStruct@@QAEHXZ,src/stringstruct.cpp:44,0,47,primary=1;eh=0;shared=0;selfmod=0,BYTE_EXACT,47,47,,,,,
0x00402530,?current_entry@StringStruct@@QAEHXZ,src/stringstruct.cpp:31,0,17,primary=1;eh=0;shared=0;selfmod=0,BYTE_EXACT,17,17,,,,,
0x00402550,SpriteStruct::add,,0,1043,primary=1;eh=0;shared=0;selfmod=0,MISMATCH,1043,5,328,2,0,#0: original 'push' vs rebuilt 'xor',
0x00402970,StringStruct::remove_all,src/stringstruct.cpp:143,0,115,primary=1;eh=0;shared=0;selfmod=0,NO_COMPILE,,,,,,,
0x004029F0,??1StringStruct@@QAE@H@Z,,0,102,primary=1;eh=0;shared=0;selfmod=0,MNEMONIC_ONLY,102,104,32,32,,,
0x00402C20,sub_402c20,,0,66,primary=1;eh=0;shared=0;selfmod=0,MISMATCH,66,5,23,2,0,#0: original 'push' vs rebuilt 'xor',
0x00402C70,sub_402c70,,0,66,primary=1;eh=0;shared=0;selfmod=0,MISMATCH,66,5,23,2,0,#0: original 'push' vs rebuilt 'xor',
0x00402CC0,sub_402cc0,,0,75,primary=1;eh=0;shared=0;selfmod=0,MISMATCH,75,5,27,2,0,#0: original 'push' vs rebuilt 'xor',
0x00402D80,sub_402d80,,0,66,primary=1;eh=0;shared=0;selfmod=0,MISMATCH,66,5,23,2,0,#0: original 'push' vs rebuilt 'xor',
0x00402EE0,sub_402ee0,,0,40,primary=1;eh=0;shared=0;selfmod=0,MISMATCH,40,5,22,2,0,#0: original 'push' vs rebuilt 'xor',
0x00402F10,??__Eg_ALPHAMENU_WAVE@@YAXXZ,src/init_thunks.cpp:216,1,22,primary=1;eh=0;shared=0;selfmod=0,NO_COMPILE,,,,,,,
0x00402F30,??__Fg_ALPHAMENU_WAVE@@YAXXZ,src/atexit_thunks.cpp:425,1,10,primary=1;eh=0;shared=0;selfmod=0,NO_COMPILE,,,,,,,
0x00403610,?requested_height@AlphaMenu@@QAEHXZ,src/alphamenu.cpp:23,0,3,primary=1;eh=0;shared=0;selfmod=0,BYTE_EXACT,3,3,,,,,
0x00403B70,?backfill_func@AlphaMenu@@QAAHPAUGraphicWin@@@Z,,0,36,primary=1;eh=0;shared=0;selfmod=0,NO_COMPILE,,,,,,,"CL produced no object: v00403b70_0.cpp
v00403b70_0.cpp(47) : error C2143: syntax error : missing ';' before 'this'
v00403b70_0.cpp(47) : error C2143: syntax error : missing ';' before 'this'
v00403b70_0.cpp(59) : error C2143: syntax error : missing ')' before 'this'
v00403b70_0.cpp(59) : error C2143: syntax error : missing ';' before 'this'
v00403b70_0.cpp(59) : error C2143: syntax error : missing ';' before 'this'
v00403b70_0.cpp(59) : error C2059: syntax error : ')'
v00403b70_0.cpp(59) : error C2143: syntax error : missing ';' before '{'
v00403b70_0.cpp(59) : error C2447: missing function header (old-style formal list?)
"
0x00403BA0,?amovie_project@@YAXH@Z,,0,63,primary=1;eh=0;shared=0;selfmod=0,NO_COMPILE,,,,,,,"CL produced no object: v00403ba0_0.cpp
v00403ba0_0.cpp(44) : error C2065: 'int8' : undeclared identifier
v00403ba0_0.cpp(44) : error C2065: 'srcFileID' : undeclared identifier
v00403ba0_0.cpp(44) : error C2065: 'sectionID' : undeclared identifier
v00403ba0_0.cpp(44) : warning C4229: anachronism used : modifiers on data are ignored
v00403ba0_0.cpp(44) : error C2078: too many initializers
v00403ba0_0.cpp(45) : error C2143: syntax error : missing ';' before '*'
v00403ba0_0.cpp(45) : error C2501: 'int8' : missing storage-class or type specifiers
v00403ba0_0.cpp(45) : error C2501: 'text_get' : missing storage-class or type specifiers
v00403ba0_0.cpp(46) : error C2143: syntax error : missing ';' before '*'
v00403ba0_0.cpp(46) : error C2501: 'int8' : missing storage-class or type specifiers
v00403ba0_0.cpp(46) : error C2086: 'int8' : redefinition
v00403ba0_0.cpp(46) : error C2501: 'text_item' : missing storage-class or type specifiers
v00403ba0_0.cpp(47) : error C2059: syntax error : ')'
"
0x004041C0,?on_modal@AlphaMovie@@QAE_NXZ,src/leaf_recoveries.cpp:956,0,18,primary=1;eh=0;shared=0;selfmod=0,NO_COMPILE,,,,,,,
0x004041E0,?close@AlphaMovie@@QAEXXZ,,0,23,primary=1;eh=0;shared=0;selfmod=0,BYTE_EXACT,23,23,,,,,
0x00404200,?UNK1@AlphaMovie@@QAEXXZ,,0,8,primary=1;eh=0;shared=0;selfmod=0,BYTE_EXACT,8,8,,,,,
0x00404210,?on_key_click@AlphaMovie@@QAEHHH@Z,src/delegation_thunks.cpp:45,1,16,primary=1;eh=0;shared=0;selfmod=0,NO_COMPILE,,,,,,,
0x00404220,?UNK2@AlphaMovie@@QAEHHHH@Z,src/alphamovie.cpp:36,0,5,primary=1;eh=0;shared=0;selfmod=0,BYTE_EXACT,5,5,,,,,
0x00404230,?UNK3@AlphaMovie@@QAEHH@Z,src/alphamovie.cpp:73,0,10,primary=1;eh=0;shared=0;selfmod=0,BYTE_EXACT,10,10,,,,,
0x00404240,?UNK4@AlphaMovie@@QAEHHHHH@Z,src/alphamovie.cpp:50,0,5,primary=1;eh=0;shared=0;selfmod=0,BYTE_EXACT,5,5,,,,,
0x00404250,?UNK5@AlphaMovie@@QAEHH@Z,src/alphamovie.cpp:87,0,5,primary=1;eh=0;shared=0;selfmod=0,BYTE_EXACT,5,5,,,,,
0x00404260,?UNK6@AlphaMovie@@QAEXHH@Z,src/alphamovie.cpp:101,0,3,primary=1;eh=0;shared=0;selfmod=0,BYTE_EXACT,3,3,,,,,
0x00404270,?UNK6@AlphaMovie@@QAEXH@Z,src/alphamovie.cpp:114,0,3,primary=1;eh=0;shared=0;selfmod=0,BYTE_EXACT,3,3,,,,,
0x00404280,?UNK7@AlphaMovie@@QAEXXZ,src/alphamovie.cpp:23,0,1,primary=1;eh=0;shared=0;selfmod=0,BYTE_EXACT,1,1,,,,,
0x00404290,?update@AlphaMovie@@QAEXXZ,,0,8,primary=1;eh=0;shared=0;selfmod=0,BYTE_EXACT,8,8,,,,,
0x004042A0,?UNK8@AlphaMovie@@QAEHHH@Z,src/alphamovie.cpp:127,0,8,primary=1;eh=0;shared=0;selfmod=0,BYTE_EXACT,8,8,,,,,
0x004042B0,sub_4042b0,,0,3,primary=1;eh=0;shared=0;selfmod=0,BYTE_EXACT,3,3,,,,,
0x004043A0,??_GAlphaMovie@@UAEPAXI@Z,src/deleting_thunks.cpp:161,1,33,primary=1;eh=0;shared=0;selfmod=0,NO_COMPILE,,,,,,,
0x00404420,sub_404420,src/deleting_thunks.cpp:177,1,11,primary=1;eh=0;shared=0;selfmod=0,NO_COMPILE,,,,,,,
0x00404430,??3AlphaMovie@@SAXPAXI@Z,src/deleting_thunks.cpp:189,1,11,primary=1;eh=0;shared=0;selfmod=0,NO_COMPILE,,,,,,,
0x00404440,??__Eg_UNUSED_SPRITE_VAR02@@YAXXZ,src/init_thunks.cpp:227,1,22,primary=1;eh=0;shared=0;selfmod=0,NO_COMPILE,,,,,,,
0x00404460,??__Fg_UNUSED_SPRITE_VAR02@@YAXXZ,src/atexit_thunks.cpp:435,1,10,primary=1;eh=0;shared=0;selfmod=0,NO_COMPILE,,,,,,,
0x00404470,??__Eg_UNUSED_SPRITE_VAR11@@YAXXZ,src/init_thunks.cpp:238,1,22,primary=1;eh=0;shared=0;selfmod=0,NO_COMPILE,,,,,,,
0x00404490,??__Fg_UNUSED_SPRITE_VAR11@@YAXXZ,src/atexit_thunks.cpp:445,1,10,primary=1;eh=0;shared=0;selfmod=0,NO_COMPILE,,,,,,,
0x004044A0,??__Eg_UNUSED_SPRITE_VAR06@@YAXXZ,src/init_thunks.cpp:249,1,22,primary=1;eh=0;shared=0;selfmod=0,NO_COMPILE,,,,,,,
0x004044C0,??__Fg_UNUSED_SPRITE_VAR06@@YAXXZ,src/atexit_thunks.cpp:455,1,10,primary=1;eh=0;shared=0;selfmod=0,NO_COMPILE,,,,,,,
0x004044D0,??__Eg_UNUSED_SPRITE_VAR09@@YAXXZ,src/init_thunks.cpp:260,1,22,primary=1;eh=0;shared=0;selfmod=0,NO_COMPILE,,,,,,,
0x004044F0,??__Fg_UNUSED_SPRITE_VAR09@@YAXXZ,src/atexit_thunks.cpp:465,1,10,primary=1;eh=0;shared=0;selfmod=0,NO_COMPILE,,,,,,,
0x00404500,??__Eg_UNUSED_SPRITE_VAR21@@YAXXZ,src/init_thunks.cpp:271,1,22,primary=1;eh=0;shared=0;selfmod=0,NO_COMPILE,,,,,,,
0x00404520,??__Fg_UNUSED_SPRITE_VAR21@@YAXXZ,src/atexit_thunks.cpp:475,1,10,primary=1;eh=0;shared=0;selfmod=0,NO_COMPILE,,,,,,,
0x00404530,??__Eg_UNUSED_SPRITE_VAR05@@YAXXZ,src/init_thunks.cpp:282,1,22,primary=1;eh=0;shared=0;selfmod=0,NO_COMPILE,,,,,,,
0x00404550,??__Fg_UNUSED_SPRITE_VAR05@@YAXXZ,src/atexit_thunks.cpp:485,1,10,primary=1;eh=0;shared=0;selfmod=0,NO_COMPILE,,,,,,,
0x00404560,??__Eg_UNUSED_SPRITE_VAR08@@YAXXZ,src/init_thunks.cpp:293,1,22,primary=1;eh=0;shared=0;selfmod=0,NO_COMPILE,,,,,,,
0x00404580,??__Fg_UNUSED_SPRITE_VAR08@@YAXXZ,src/atexit_thunks.cpp:495,1,10,primary=1;eh=0;shared=0;selfmod=0,NO_COMPILE,,,,,,,
0x00404590,??__Eg_UNUSED_SPRITE_VAR04@@YAXXZ,src/init_thunks.cpp:304,1,22,primary=1;eh=0;shared=0;selfmod=0,NO_COMPILE,,,,,,,
0x004045B0,??__Fg_UNUSED_SPRITE_VAR04@@YAXXZ,src/atexit_thunks.cpp:505,1,10,primary=1;eh=0;shared=0;selfmod=0,NO_COMPILE,,,,,,,
0x004045C0,??__Eg_UNUSED_SPRITE_VAR01@@YAXXZ,src/init_thunks.cpp:315,1,22,primary=1;eh=0;shared=0;selfmod=0,NO_COMPILE,,,,,,,
0x004045E0,??__Fg_UNUSED_SPRITE_VAR01@@YAXXZ,src/atexit_thunks.cpp:515,1,10,primary=1;eh=0;shared=0;selfmod=0,NO_COMPILE,,,,,,,
0x004045F0,??__Eg_UNUSED_SPRITE_VAR18@@YAXXZ,src/init_thunks.cpp:326,1,22,primary=1;eh=0;shared=0;selfmod=0,NO_COMPILE,,,,,,,
0x00404610,??__Fg_UNUSED_SPRITE_VAR18@@YAXXZ,src/atexit_thunks.cpp:525,1,10,primary=1;eh=0;shared=0;selfmod=0,NO_COMPILE,,,,,,,
0x00404620,??__Eg_UNUSED_SPRITE_VAR03@@YAXXZ,src/init_thunks.cpp:337,1,22,primary=1;eh=0;shared=0;selfmod=0,NO_COMPILE,,,,,,,
0x00404640,??__Fg_UNUSED_SPRITE_VAR03@@YAXXZ,src/atexit_thunks.cpp:535,1,10,primary=1;eh=0;shared=0;selfmod=0,NO_COMPILE,,,,,,,
0x00404650,??__Eg_UNUSED_SPRITE_VAR20@@YAXXZ,src/init_thunks.cpp:348,1,22,primary=1;eh=0;shared=0;selfmod=0,NO_COMPILE,,,,,,,
0x00404670,??__Fg_UNUSED_SPRITE_VAR20@@YAXXZ,src/atexit_thunks.cpp:545,1,10,primary=1;eh=0;shared=0;selfmod=0,NO_COMPILE,,,,,,,
0x00404680,??__Eg_UNUSED_SPRITE_VAR16@@YAXXZ,src/init_thunks.cpp:359,1,22,primary=1;eh=0;shared=0;selfmod=0,NO_COMPILE,,,,,,,
0x004046A0,??__Fg_UNUSED_SPRITE_VAR16@@YAXXZ,src/atexit_thunks.cpp:555,1,10,primary=1;eh=0;shared=0;selfmod=0,NO_COMPILE,,,,,,,
0x004046B0,??__Eg_UNUSED_SPRITE_VAR14@@YAXXZ,src/init_thunks.cpp:370,1,22,primary=1;eh=0;shared=0;selfmod=0,NO_COMPILE,,,,,,,
0x004046D0,??__Fg_UNUSED_SPRITE_VAR14@@YAXXZ,src/atexit_thunks.cpp:565,1,10,primary=1;eh=0;shared=0;selfmod=0,NO_COMPILE,,,,,,,
0x004046E0,??__Eg_UNUSED_SPRITE_VAR22@@YAXXZ,src/init_thunks.cpp:381,1,22,primary=1;eh=0;shared=0;selfmod=0,NO_COMPILE,,,,,,,
0x00404700,??__Fg_UNUSED_SPRITE_VAR22@@YAXXZ,src/atexit_thunks.cpp:575,1,10,primary=1;eh=0;shared=0;selfmod=0,NO_COMPILE,,,,,,,
0x00404710,??__Eg_UNUSED_SPRITE_VAR10@@YAXXZ,src/init_thunks.cpp:392,1,22,primary=1;eh=0;shared=0;selfmod=0,NO_COMPILE,,,,,,,
0x00404730,??__Fg_UNUSED_SPRITE_VAR10@@YAXXZ,src/atexit_thunks.cpp:585,1,10,primary=1;eh=0;shared=0;selfmod=0,NO_COMPILE,,,,,,,
0x00404740,??__Eg_UNUSED_SPRITE_VAR15@@YAXXZ,src/init_thunks.cpp:403,1,22,primary=1;eh=0;shared=0;selfmod=0,NO_COMPILE,,,,,,,
0x00404760,??__Fg_UNUSED_SPRITE_VAR15@@YAXXZ,src/atexit_thunks.cpp:595,1,10,primary=1;eh=0;shared=0;selfmod=0,NO_COMPILE,,,,,,,
0x00404770,??__Eg_UNUSED_SPRITE_VAR13@@YAXXZ,src/init_thunks.cpp:414,1,22,primary=1;eh=0;shared=0;selfmod=0,NO_COMPILE,,,,,,,
0x00404790,??__Fg_UNUSED_SPRITE_VAR13@@YAXXZ,src/atexit_thunks.cpp:605,1,10,primary=1;eh=0;shared=0;selfmod=0,NO_COMPILE,,,,,,,
0x004047A0,??__Eg_UNUSED_SPRITE_VAR17@@YAXXZ,src/init_thunks.cpp:425,1,22,primary=1;eh=0;shared=0;selfmod=0,NO_COMPILE,,,,,,,
0x004047C0,??__Fg_UNUSED_SPRITE_VAR17@@YAXXZ,src/atexit_thunks.cpp:615,1,10,primary=1;eh=0;shared=0;selfmod=0,NO_COMPILE,,,,,,,
0x004047D0,??__Eg_UNUSED_SPRITE_VAR19@@YAXXZ,src/init_thunks.cpp:436,1,22,primary=1;eh=0;shared=0;selfmod=0,NO_COMPILE,,,,,,,
0x004047F0,??__Fg_UNUSED_SPRITE_VAR19@@YAXXZ,src/atexit_thunks.cpp:625,1,10,primary=1;eh=0;shared=0;selfmod=0,NO_COMPILE,,,,,,,
0x00404800,??__Eg_UNUSED_SPRITE_VAR12@@YAXXZ,src/init_thunks.cpp:447,1,22,primary=1;eh=0;shared=0;selfmod=0,NO_COMPILE,,,,,,,
0x00404820,??__Fg_UNUSED_SPRITE_VAR12@@YAXXZ,src/atexit_thunks.cpp:635,1,10,primary=1;eh=0;shared=0;selfmod=0,NO_COMPILE,,,,,,,
0x00404830,??__Eg_UNUSED_SPRITE_VAR07@@YAXXZ,src/init_thunks.cpp:458,1,22,primary=1;eh=0;shared=0;selfmod=0,NO_COMPILE,,,,,,,
0x00404850,??__Fg_UNUSED_SPRITE_VAR07@@YAXXZ,src/atexit_thunks.cpp:645,1,10,primary=1;eh=0;shared=0;selfmod=0,NO_COMPILE,,,,,,,
0x00404860,?sprite_draw_func@@YAXPAUSprite@@PAUGraphicWin@@HHH@Z,,0,54,primary=1;eh=0;shared=0;selfmod=0,MISMATCH,54,1,24,1,0,#0: original 'push' vs rebuilt 'ret',
0x00404900,?close@Popup@@QAEXXZ,src/popup.cpp:26,0,23,primary=1;eh=0;shared=0;selfmod=0,NO_COMPILE,,,,,,,
0x00404F80,?on_redraw_nc@Popup@@QAEXPAURECT@@H@Z,src/popup.cpp:512,0,3,primary=1;eh=0;shared=0;selfmod=0,NO_COMPILE,,,,,,,
0x00404F90,?on_nc_hittest@Popup@@QAEHHH@Z,,0,20,primary=1;eh=0;shared=0;selfmod=0,BYTE_EXACT,20,20,,,,,
0x00405020,?on_adjust_button_width@Popup@@QAEXXZ,src/popup.cpp:540,0,42,primary=1;eh=0;shared=0;selfmod=0,NO_COMPILE,,,,,,,
0x00405050,?on_adjust_button_placement@Popup@@QAEXPAH00@Z,,0,67,primary=1;eh=0;shared=0;selfmod=0,MISMATCH,67,3,22,1,0,#0: original 'push' vs rebuilt 'ret 0xc',
0x004055A0,?POP3@@YAXPBDPBDHHH@Z,,0,1028,primary=1;eh=1;shared=0;selfmod=0,MISMATCH,880,1,216,1,0,#0: original 'push' vs rebuilt 'ret',
0x00405B10,?on_dialog_back_draw@Popup@@QAEHPAUGraphicWin@@@Z,src/popup.cpp:94,0,5,primary=1;eh=0;shared=0;selfmod=0,BYTE_EXACT,5,5,,,,,
0x00406330,?on_listbox_scroll_delete@Popup@@QAEHPAUScroll@@@Z,,0,76,primary=1;eh=0;shared=0;selfmod=0,NO_COMPILE,,,,,,,"CL produced no object: v00406330_0.cpp
v00406330_0.cpp(49) : error C2065: 'GraphicWin' : undeclared identifier
v00406330_0.cpp(49) : error C2059: syntax error : ','
"
0x00406670,sub_406670,,0,75,primary=1;eh=0;shared=0;selfmod=0,MISMATCH,75,5,27,2,0,#0: original 'push' vs rebuilt 'xor',
0x004066C0,sub_4066c0,src/stringstruct.cpp:255,0,365,primary=1;eh=1;shared=0;selfmod=0,NO_COMPILE,,,,,,,
0x00406820,sub_406820,src/stringstruct.cpp:279,0,27,,REFUSED,,,,,,,extract does not end in a closing brace
0x00406840,sub_406840,src/field_accessors.cpp:18,1,6,primary=1;eh=0;shared=0;selfmod=0,BYTE_EXACT,6,6,,,,,
0x00406850,??1Sprite@@QAE@XZ,,0,5,primary=1;eh=0;shared=0;selfmod=0,BYTE_EXACT,5,5,,,,,
0x00406860,?hide@BaseButton@@QAEXXZ,,0,25,primary=1;eh=0;shared=0;selfmod=0,BYTE_EXACT,25,25,,,,,
0x00406880,??1FlatButton@@QAE@XZ,src/flatbutton.cpp:62,0,106,primary=1;eh=1;shared=0;selfmod=0,NO_COMPILE,,,,,,,
0x004068E0,??_GFlatButton@@UAEPAXI@Z,src/deleting_thunks.cpp:204,1,33,primary=1;eh=0;shared=0;selfmod=0,NO_COMPILE,,,,,,,
0x00406910,??1Dialogs@@QAE@XZ,src/dialogs_recovery.cpp:342,0,590,primary=1;eh=1;shared=0;selfmod=0,NO_COMPILE,,,,,,,
0x00406A80,sub_406a80,src/nullsub_thunks.cpp:40,1,5,primary=1;eh=0;shared=0;selfmod=0,BYTE_EXACT,5,5,,,,,
0x00406AF0,sub_406af0,src/leaf_recoveries.cpp:1261,0,38,primary=1;eh=0;shared=0;selfmod=0,NO_COMPILE,,,,,,,
0x00406B20,nullsub_27,src/field_accessors.cpp:728,1,3,primary=1;eh=0;shared=0;selfmod=0,BYTE_EXACT,3,3,,,,,
0x00406B30,sub_406b30,src/nullsub_thunks.cpp:51,1,3,primary=1;eh=0;shared=0;selfmod=0,BYTE_EXACT,3,3,,,,,
0x00406B40,??_GBasePop@@UAEPAXI@Z,src/deleting_thunks.cpp:223,1,33,primary=1;eh=0;shared=0;selfmod=0,NO_COMPILE,,,,,,,
0x00406B70,sub_406b70,,0,44,primary=1;eh=0;shared=0;selfmod=0,MISMATCH,44,5,13,2,0,#0: original 'push' vs rebuilt 'xor',
0x00406BA0,sub_406ba0,,0,44,primary=1;eh=0;shared=0;selfmod=0,MISMATCH,44,5,13,2,0,#0: original 'push' vs rebuilt 'xor',
0x00406BD0,??_GPopup@@UAEPAXI@Z,src/deleting_thunks.cpp:241,1,33,primary=1;eh=0;shared=0;selfmod=0,NO_COMPILE,,,,,,,
0x00406E60,??1Scroll@@QAE@XZ,src/scroll.cpp:782,0,248,,REFUSED,,,,,,,extract does not end in a closing brace
0x00406F20,??_GScroll@@UAEPAXI@Z,src/scroll.cpp:807,0,33,,REFUSED,,,,,,,extract failed: src/scroll.cpp:807: no closing brace within the file
0x00406F50,??1thunk1_RadioButton@@QAE@H@Z,src/adjustor_thunks.cpp:236,1,8,primary=1;eh=0;shared=0;selfmod=0,NO_COMPILE,,,,,,,
0x00406FF0,?on_redraw@thunk1_RadioButton@@QAEXXZ,src/adjustor_thunks.cpp:250,1,8,primary=1;eh=0;shared=0;selfmod=0,NO_COMPILE,,,,,,,
0x00407000,?on_mouse_move@thunk1_RadioButton@@QAEXHH@Z,src/adjustor_thunks.cpp:264,1,8,primary=1;eh=0;shared=0;selfmod=0,NO_COMPILE,,,,,,,
0x00407010,?on_mouse_leave@thunk1_RadioButton@@QAEXHH@Z,src/adjustor_thunks.cpp:279,1,8,primary=1;eh=0;shared=0;selfmod=0,NO_COMPILE,,,,,,,
0x00407020,?on_left_down@thunk1_RadioButton@@QAEXHH@Z,src/adjustor_thunks.cpp:294,1,8,primary=1;eh=0;shared=0;selfmod=0,NO_COMPILE,,,,,,,
0x00407030,?on_key_down@thunk1_RadioButton@@QAEHH@Z,src/adjustor_thunks.cpp:309,1,8,primary=1;eh=0;shared=0;selfmod=0,NO_COMPILE,,,,,,,
0x00407040,?on_left_double_click@thunk1_RadioButton@@QAEXHH@Z,src/adjustor_thunks.cpp:323,1,8,primary=1;eh=0;shared=0;selfmod=0,NO_COMPILE,,,,,,,
0x00407050,?on_dialog_focus@thunk1_RadioButton@@QAEXH@Z,src/adjustor_thunks.cpp:338,1,8,primary=1;eh=0;shared=0;selfmod=0,NO_COMPILE,,,,,,,
0x00407060,??1thunk2_RadioButton@@QAE@H@Z,src/adjustor_thunks.cpp:353,1,17,primary=1;eh=0;shared=0;selfmod=0,NO_COMPILE,,,,,,,
0x00407080,??1thunk3_RadioButton@@QAE@H@Z,src/adjustor_thunks.cpp:367,1,14,primary=1;eh=0;shared=0;selfmod=0,NO_COMPILE,,,,,,,
0x00407090,?attach@thunk1_RadioButton@@QAEHPAUGraphicWin@@HHH@Z,src/adjustor_thunks.cpp:381,1,8,primary=1;eh=0;shared=0;selfmod=0,NO_COMPILE,,,,,,,
0x004070A0,?on_redraw@thunk3_RadioButton@@QAEXXZ,src/adjustor_thunks.cpp:396,1,14,primary=1;eh=0;shared=0;selfmod=0,NO_COMPILE,,,,,,,
0x004070B0,??3BasePop@@SAXPAXI@Z,src/deleting_thunks.cpp:256,1,11,primary=1;eh=0;shared=0;selfmod=0,NO_COMPILE,,,,,,,
0x004070C0,??3Scroll@@SAXPAXI@Z,src/deleting_thunks.cpp:268,1,11,primary=1;eh=0;shared=0;selfmod=0,NO_COMPILE,,,,,,,
0x004070D0,??3Popup@@SAXPAXI@Z,src/deleting_thunks.cpp:281,1,11,primary=1;eh=0;shared=0;selfmod=0,NO_COMPILE,,,,,,,
0x004070E0,??3FlatButton@@SAXPAXI@Z,src/deleting_thunks.cpp:293,1,11,primary=1;eh=0;shared=0;selfmod=0,NO_COMPILE,,,,,,,
0x004070F0,??_Gthunk1_Dialogs@@UAEPAXI@Z,src/adjustor_thunks.cpp:410,1,8,primary=1;eh=0;shared=0;selfmod=0,NO_COMPILE,,,,,,,
0x00407100,??_GDialogs@@UAEPAXI@Z,src/dialogs_recovery.cpp:406,0,65,primary=1;eh=0;shared=0;selfmod=0,NO_COMPILE,,,,,,,
0x00407150,?on_scroll_create@thunk1_Dialogs@@QAEXXZ,src/adjustor_thunks.cpp:425,1,8,primary=1;eh=0;shared=0;selfmod=0,NO_COMPILE,,,,,,,
0x00407160,?on_scroll_delete@thunk1_Dialogs@@QAEHPAUScroll@@@Z,src/adjustor_thunks.cpp:439,1,8,primary=1;eh=0;shared=0;selfmod=0,NO_COMPILE,,,,,,,
0x00407170,?on_redraw@thunk1_Dialogs@@QAEXXZ,src/adjustor_thunks.cpp:454,1,8,primary=1;eh=0;shared=0;selfmod=0,NO_COMPILE,,,,,,,
0x00407180,?on_mousewheel@thunk1_Dialogs@@QAEXH@Z,src/adjustor_thunks.cpp:468,1,8,primary=1;eh=0;shared=0;selfmod=0,NO_COMPILE,,,,,,,
0x00407190,?on_mouse_move@thunk1_Dialogs@@QAEXHH@Z,src/adjustor_thunks.cpp:482,1,8,primary=1;eh=0;shared=0;selfmod=0,NO_COMPILE,,,,,,,
0x004071A0,?on_mouse_leave@thunk1_Dialogs@@QAEXHH@Z,src/adjustor_thunks.cpp:497,1,8,primary=1;eh=0;shared=0;selfmod=0,NO_COMPILE,,,,,,,
0x004071B0,?on_left_click@thunk1_Dialogs@@QAEXHH@Z,src/adjustor_thunks.cpp:512,1,8,primary=1;eh=0;shared=0;selfmod=0,NO_COMPILE,,,,,,,
0x004071C0,?on_left_down@thunk1_Dialogs@@QAEXHH@Z,src/adjustor_thunks.cpp:527,1,8,primary=1;eh=0;shared=0;selfmod=0,NO_COMPILE,,,,,,,
0x004071D0,?on_left_up@thunk1_Dialogs@@QAEXHH@Z,src/adjustor_thunks.cpp:542,1,8,primary=1;eh=0;shared=0;selfmod=0,NO_COMPILE,,,,,,,
0x004071E0,?on_right_click@thunk1_Dialogs@@QAEXHH@Z,src/adjustor_thunks.cpp:557,1,8,primary=1;eh=0;shared=0;selfmod=0,NO_COMPILE,,,,,,,
0x004071F0,?on_right_down@thunk1_Dialogs@@QAEXHH@Z,src/adjustor_thunks.cpp:572,1,8,primary=1;eh=0;shared=0;selfmod=0,NO_COMPILE,,,,,,,
0x00407200,?on_right_up@thunk1_Dialogs@@QAEXHH@Z,src/adjustor_thunks.cpp:587,1,8,primary=1;eh=0;shared=0;selfmod=0,NO_COMPILE,,,,,,,
0x00407210,?on_key_down@thunk1_Dialogs@@QAEHH@Z,src/adjustor_thunks.cpp:602,1,8,primary=1;eh=0;shared=0;selfmod=0,NO_COMPILE,,,,,,,
0x00407220,?on_left_double_click@thunk1_Dialogs@@QAEXHH@Z,src/adjustor_thunks.cpp:616,1,8,primary=1;eh=0;shared=0;selfmod=0,NO_COMPILE,,,,,,,
0x00407230,?on_right_double_click@thunk1_Dialogs@@QAEXHH@Z,src/adjustor_thunks.cpp:631,1,8,primary=1;eh=0;shared=0;selfmod=0,NO_COMPILE,,,,,,,
0x00407240,?on_scrolled@thunk1_Dialogs@@QAEXHH@Z,src/adjustor_thunks.cpp:646,1,8,primary=1;eh=0;shared=0;selfmod=0,NO_COMPILE,,,,,,,
0x00407250,?on_scrolling@thunk1_Dialogs@@QAEXHH@Z,src/adjustor_thunks.cpp:661,1,8,primary=1;eh=0;shared=0;selfmod=0,NO_COMPILE,,,,,,,
0x00407260,?on_dialog_focus@thunk1_Dialogs@@QAEXH@Z,src/adjustor_thunks.cpp:676,1,8,primary=1;eh=0;shared=0;selfmod=0,NO_COMPILE,,,,,,,
0x00407270,?pass_dialog_focus@thunk1_Dialogs@@QAEXXZ,src/adjustor_thunks.cpp:690,1,8,primary=1;eh=0;shared=0;selfmod=0,NO_COMPILE,,,,,,,
0x00407280,??_Gthunk2_Dialogs@@UAEPAXI@Z,src/adjustor_thunks.cpp:704,1,17,primary=1;eh=0;shared=0;selfmod=0,NO_COMPILE,,,,,,,
0x004072A0,??_Gthunk3_Dialogs@@UAEPAXI@Z,src/adjustor_thunks.cpp:719,1,14,primary=1;eh=0;shared=0;selfmod=0,NO_COMPILE,,,,,,,
0x004072B0,?attach@thunk1_Dialogs@@QAEHPAUGraphicWin@@HHH@Z,src/adjustor_thunks.cpp:734,1,8,primary=1;eh=0;shared=0;selfmod=0,NO_COMPILE,,,,,,,
0x004072C0,?on_redraw@thunk3_Dialogs@@QAEXXZ,src/adjustor_thunks.cpp:749,1,14,primary=1;eh=0;shared=0;selfmod=0,NO_COMPILE,,,,,,,
0x00407CD0,?on_button_clicked@AlphaSave@@QAEXH@Z,,0,22,primary=1;eh=0;shared=0;selfmod=0,BYTE_EXACT,22,22,,,,,
0x00407CF0,?on_double_clicked@AlphaSave@@QAEXH@Z,,0,22,primary=1;eh=0;shared=0;selfmod=0,BYTE_EXACT,22,22,,,,,
0x00407E80,?on_listbox_scroll_create@AlphaSave@@QAEHXZ,,0,74,primary=1;eh=0;shared=0;selfmod=0,NO_COMPILE,,,,,,,"CL produced no object: v00407e80_0.cpp
v00407e80_0.cpp(45) : error C2061: syntax error : identifier 'Win'
v00407e80_0.cpp(51) : error C2065: 'GraphicWin' : undeclared identifier
v00407e80_0.cpp(51) : error C2059: syntax error : ','
"
0x00407ED0,?on_listbox_scroll_delete@AlphaSave@@QAEHPAUScroll@@@Z,,0,35,primary=1;eh=0;shared=0;selfmod=0,BYTE_EXACT,35,35,,,,,
0x00408080,??_GEditBox@@UAEPAXI@Z,src/deleting_thunks.cpp:308,1,33,primary=1;eh=0;shared=0;selfmod=0,NO_COMPILE,,,,,,,
0x004080B0,sub_4080b0,src/leaf_recoveries.cpp:1241,0,35,primary=1;eh=0;shared=0;selfmod=0,NO_COMPILE,,,,,,,
0x004080E0,?on_scrolling@AlphaSave@@QAEXHH@Z,,0,44,primary=1;eh=0;shared=0;selfmod=0,MISMATCH,44,3,13,1,0,#0: original 'push' vs rebuilt 'ret 8',
0x00408110,?on_scrolled@AlphaSave@@QAEXHH@Z,,0,44,primary=1;eh=0;shared=0;selfmod=0,MISMATCH,44,3,13,1,0,#0: original 'push' vs rebuilt 'ret 8',
0x00408140,??_GAlphaSave@@UAEPAXI@Z,src/deleting_thunks.cpp:326,1,33,primary=1;eh=0;shared=0;selfmod=0,NO_COMPILE,,,,,,,
0x00408390,??3AlphaSave@@SAXPAXI@Z,src/deleting_thunks.cpp:342,1,11,primary=1;eh=0;shared=0;selfmod=0,NO_COMPILE,,,,,,,
0x004083A0,??3EditBox@@SAXPAXI@Z,src/deleting_thunks.cpp:355,1,11,primary=1;eh=0;shared=0;selfmod=0,NO_COMPILE,,,,,,,
0x004083B0,??__Eg_BASEWIN@@YAXXZ,src/init_thunks.cpp:469,1,22,primary=1;eh=0;shared=0;selfmod=0,NO_COMPILE,,,,,,,
0x004083D0,??__Fg_BASEWIN@@YAXXZ,src/atexit_thunks.cpp:655,1,10,primary=1;eh=0;shared=0;selfmod=0,NO_COMPILE,,,,,,,
0x004083E0,??__Eg_BASEWIN_WAVE@@YAXXZ,src/init_thunks.cpp:480,1,22,primary=1;eh=0;shared=0;selfmod=0,NO_COMPILE,,,,,,,
0x00408400,??__Fg_BASEWIN_WAVE@@YAXXZ,src/atexit_thunks.cpp:665,1,10,primary=1;eh=0;shared=0;selfmod=0,NO_COMPILE,,,,,,,
0x00408470,sub_408470,src/leaf_recoveries.cpp:547,0,26,primary=1;eh=0;shared=0;selfmod=0,BYTE_EXACT,26,26,,,,,
0x00408710,?close@BaseWin@@QAEXXZ,src/basewin.cpp:26,0,1,primary=1;eh=0;shared=0;selfmod=0,BYTE_EXACT,1,1,,,,,
0x00408720,?psych_row@BaseWin@@QAEXHHHHHHH@Z,,0,1037,primary=1;eh=1;shared=0;selfmod=0,MISMATCH,1019,1039,358,362,13,#13: original 'call' vs rebuilt 'mov',
0x004090C0,?UNK1@BaseWin@@QAEHH@Z,,0,58,primary=1;eh=0;shared=0;selfmod=0,MISMATCH,58,5,21,2,0,#0: original 'push' vs rebuilt 'xor',
0x00409200,?queue_click@BaseWin@@QAEXHHHH@Z,,0,4888,primary=1;eh=1;shared=0;selfmod=0,NO_COMPILE,,,,,,,"CL produced no object: v00409200_0.cpp
v00409200_0.cpp(43) : error C2059: syntax error : ';'
"
0x0040B120,?UNK2@BaseWin@@QAEXHHHH@Z,,0,28,primary=1;eh=0;shared=0;selfmod=0,MISMATCH,28,3,13,1,0,#0: original 'push' vs rebuilt 'ret 0x10',
0x0040D250,?draw_flash@BaseWin@@QAEXH@Z,,0,4406,primary=1;eh=1;shared=0;selfmod=0,NO_COMPILE,,,,,,,"CL produced no object: v0040d250_0.cpp
v0040d250_0.cpp(55) : error C2061: syntax error : identifier 'Font'
v0040d250_0.cpp(83) : error C2061: syntax error : identifier 'BOOL'
"
0x00411980,?draw_energy_alloc@BaseWin@@QAEXH@Z,,0,4395,primary=1;eh=1;shared=0;selfmod=0,NO_COMPILE,,,,,,,"CL produced no object: v00411980_0.cpp
v00411980_0.cpp(55) : error C2061: syntax error : identifier 'Font'
"
0x004160F0,?iface_click@BaseWin@@QAEXHHHH@Z,,0,1058,primary=1;eh=0;shared=0;selfmod=0,NO_COMPILE,,,,,,,"CL produced no object: v004160f0_0.cpp
v004160f0_0.cpp(119) : error C2146: syntax error : missing ',' before identifier 'a1'
v004160f0_0.cpp(119) : error C2061: syntax error : identifier 'a1'
v004160f0_0.cpp(119) : error C2511: 'iface_click' : overloaded member function 'void (int)' not found in 'BaseWin'
        v004160f0_0.cpp(111) : see declaration of 'BaseWin'
"
0x00416540,?bubble_me_elmo2@BaseWin@@QAEXPADHH@Z,,0,64,primary=1;eh=0;shared=0;selfmod=0,MISMATCH,64,3,27,1,0,#0: original 'push' vs rebuilt 'ret 0xc',
0x00416580,?bubble_me_elmo2@BaseWin@@QAGXPADHH@Z,,0,66,primary=1;eh=0;shared=0;selfmod=0,NO_COMPILE,,,,,,,"CL produced no object: v00416580_0.cpp
v00416580_0.cpp(46) : error C2143: syntax error : missing ';' before 'this'
v00416580_0.cpp(46) : error C2143: syntax error : missing ';' before 'this'
v00416580_0.cpp(59) : error C2143: syntax error : missing ')' before 'this'
v00416580_0.cpp(59) : error C2143: syntax error : missing ';' before 'this'
v00416580_0.cpp(59) : error C2143: syntax error : missing ';' before 'this'
v00416580_0.cpp(59) : error C2059: syntax error : ')'
v00416580_0.cpp(59) : error C2143: syntax error : missing ';' before '{'
v00416580_0.cpp(59) : error C2447: missing function header (old-style formal list?)
"
0x00416D90,?recompute@BaseWin@@QAEXH@Z,,0,58,primary=1;eh=0;shared=0;selfmod=0,MISMATCH,58,3,18,1,0,#0: original 'push' vs rebuilt 'ret 4',
0x00416DD0,?UNK4@BaseWin@@QAEXXZ,src/basewin.cpp:35,0,1,primary=1;eh=0;shared=0;selfmod=0,BYTE_EXACT,1,1,,,,,
0x0041A610,?UNK5@BaseWin@@QAEXH@Z,src/basewin.cpp:78,0,3,primary=1;eh=0;shared=0;selfmod=0,BYTE_EXACT,3,3,,,,,
0x0041A7A0,?check_base@BaseWin@@QAEXH@Z,,0,63,primary=1;eh=0;shared=0;selfmod=0,NO_COMPILE,,,,,,,"CL produced no object: v0041a7a0_0.cpp
v0041a7a0_0.cpp(135) : error C2146: syntax error : missing ',' before identifier 'a1'
v0041a7a0_0.cpp(135) : error C2061: syntax error : identifier 'a1'
"
0x0041AF20,?UNK6@BaseWin@@QAEXXZ,src/basewin.cpp:44,0,1,primary=1;eh=0;shared=0;selfmod=0,BYTE_EXACT,1,1,,,,,
0x0041AF30,?UNK7@BaseWin@@QAEXXZ,src/basewin.cpp:53,0,1,primary=1;eh=0;shared=0;selfmod=0,BYTE_EXACT,1,1,,,,,
0x0041AF40,?timer_callback@BaseWin@@QAAXHH@Z,src/basewin.cpp:275,0,1,primary=1;eh=0;shared=0;selfmod=0,BYTE_EXACT,1,1,,,,,
0x0041AF50,?on_key_click@BaseWin@@QAEXHH@Z,,0,25,primary=1;eh=0;shared=0;selfmod=0,BYTE_EXACT,25,25,,,,,
0x0041AF70,?on_left_click@BaseWin@@QAEXHH@Z,src/basewin.cpp:230,0,24,primary=1;eh=0;shared=0;selfmod=0,NO_COMPILE,,,,,,,
0x0041AF90,?on_right_click@BaseWin@@QAEXHH@Z,src/basewin.cpp:241,0,24,primary=1;eh=0;shared=0;selfmod=0,NO_COMPILE,,,,,,,
0x0041AFB0,?on_left_double_click@BaseWin@@QAEXHH@Z,src/basewin.cpp:252,0,24,primary=1;eh=0;shared=0;selfmod=0,NO_COMPILE,,,,,,,
0x0041B1E0,?on_mouse_leave@BaseWin@@QAEXHH@Z,src/basewin.cpp:295,0,13,primary=1;eh=0;shared=0;selfmod=0,NO_COMPILE,,,,,,,
0x0041B4A0,?on_scrolled@BaseWin@@QAEXHH@Z,,0,29,primary=1;eh=0;shared=0;selfmod=0,MISMATCH,29,3,11,1,0,#0: original 'push' vs rebuilt 'ret 8',
0x0041B4C0,?on_scrolling@BaseWin@@QAEXHH@Z,src/delegation_thunks.cpp:59,1,23,primary=1;eh=0;shared=0;selfmod=0,NO_COMPILE,,,,,,,
0x0041B4E0,?on_button_toggled@BaseWin@@QAEXHH@Z,src/basewin.cpp:91,0,3,primary=1;eh=0;shared=0;selfmod=0,BYTE_EXACT,3,3,,,,,
0x0041DC80,?on_iface_scrolled@BaseWin@@QAEXHH@Z,src/basewin.cpp:207,0,37,,REFUSED,,,,,,,C++ standard library: VC6's headers differ enough to be noise
0x0041DCB0,?on_iface_scrolling@BaseWin@@QAEXHH@Z,src/delegation_thunks.cpp:72,1,20,primary=1;eh=0;shared=0;selfmod=0,NO_COMPILE,,,,,,,
0x0041DCD0,?on_iface_left_click@BaseWin@@QAEXHH@Z,src/basewin.cpp:134,0,30,primary=1;eh=0;shared=0;selfmod=0,NO_COMPILE,,,,,,,
0x0041DCF0,?on_iface_right_click@BaseWin@@QAEXHH@Z,src/basewin.cpp:147,0,30,primary=1;eh=0;shared=0;selfmod=0,NO_COMPILE,,,,,,,
0x0041DF40,?on_iface_right_down@BaseWin@@QAEXHH@Z,src/basewin.cpp:104,0,3,primary=1;eh=0;shared=0;selfmod=0,BYTE_EXACT,3,3,,,,,
0x0041E4C0,?on_iface_selected@BaseWin@@QAEXHH@Z,src/basewin.cpp:117,0,3,primary=1;eh=0;shared=0;selfmod=0,BYTE_EXACT,3,3,,,,,
0x0041E4D0,?on_iface_left_double_click@BaseWin@@QAEXHH@Z,src/basewin.cpp:160,0,30,primary=1;eh=0;shared=0;selfmod=0,NO_COMPILE,,,,,,,
0x0041E4F0,?on_iface_right_double_click@BaseWin@@QAEXHH@Z,src/basewin.cpp:173,0,30,primary=1;eh=0;shared=0;selfmod=0,NO_COMPILE,,,,,,,
0x0041E510,?on_iface_button_clicked@BaseWin@@QAEXH@Z,,0,29,primary=1;eh=0;shared=0;selfmod=0,MISMATCH,29,3,9,1,0,#0: original 'push' vs rebuilt 'ret 4',
0x0041E530,?on_iface_button_toggled@BaseWin@@QAEXHH@Z,,0,33,primary=1;eh=0;shared=0;selfmod=0,BYTE_EXACT,33,33,,,,,
0x0041E890,?show@BaseWin@@QAEXH@Z,,0,27,primary=1;eh=0;shared=0;selfmod=0,BYTE_EXACT,27,27,,,,,
0x0041E8B0,?hide@BaseWin@@QAEXXZ,,0,25,primary=1;eh=0;shared=0;selfmod=0,MISMATCH,25,1,9,1,0,#0: original 'push' vs rebuilt 'ret',
0x00420A40,?on_nc_hittest@BaseWin@@QAEHHH@Z,,0,47,primary=1;eh=0;shared=0;selfmod=0,MISMATCH,47,5,18,2,0,#0: original 'push' vs rebuilt 'xor',
0x004213A0,??_GProdPicker@@UAEPAXI@Z,src/deleting_thunks.cpp:369,1,33,primary=1;eh=0;shared=0;selfmod=0,NO_COMPILE,,,,,,,
0x004213D0,??_GBaseWin@@UAEPAXI@Z,src/deleting_thunks.cpp:387,1,33,primary=1;eh=0;shared=0;selfmod=0,NO_COMPILE,,,,,,,
0x00421640,??_GPopMenu@@UAEPAXI@Z,src/deleting_thunks.cpp:405,1,33,primary=1;eh=0;shared=0;selfmod=0,NO_COMPILE,,,,,,,
0x00421670,?has_fac@@YA_NHHH@Z,src/base.cpp:107,0,121,primary=1;eh=0;shared=0;selfmod=0,NO_COMPILE,,,,,,,
0x00421810,??3BaseWin@@SAXPAXI@Z,src/deleting_thunks.cpp:421,1,11,primary=1;eh=0;shared=0;selfmod=0,NO_COMPILE,,,,,,,
0x00421820,??_Gthunk1_MapWin@@UAEPAXI@Z,src/adjustor_thunks.cpp:763,1,8,primary=1;eh=0;shared=0;selfmod=0,NO_COMPILE,,,,,,,
0x00421830,??_GMapWin@@UAEPAXI@Z,,0,54,primary=1;eh=0;shared=0;selfmod=0,NO_COMPILE,,,,,,,"CL produced no object: v00421830_0.cpp
v00421830_0.cpp(61) : error C4716: 'MapWin::m_00421830' : must return a value
"
0x00421870,?on_lose_mouse_capture@thunk1_MapWin@@QAEXXZ,src/adjustor_thunks.cpp:778,1,8,primary=1;eh=0;shared=0;selfmod=0,NO_COMPILE,,,,,,,
0x00421880,?on_redraw@thunk1_MapWin@@QAEXXZ,src/adjustor_thunks.cpp:792,1,8,primary=1;eh=0;shared=0;selfmod=0,NO_COMPILE,,,,,,,
0x00421890,?on_resize@thunk1_MapWin@@QAEXHH@Z,src/adjustor_thunks.cpp:806,1,8,primary=1;eh=0;shared=0;selfmod=0,NO_COMPILE,,,,,,,
0x004218A0,?on_sys_close@thunk1_MapWin@@QAEXXZ,src/adjustor_thunks.cpp:821,1,8,primary=1;eh=0;shared=0;selfmod=0,NO_COMPILE,,,,,,,
0x004218B0,?on_mouse_move@thunk1_MapWin@@QAEXHH@Z,src/adjustor_thunks.cpp:835,1,8,primary=1;eh=0;shared=0;selfmod=0,NO_COMPILE,,,,,,,
0x004218C0,?on_left_click@thunk1_MapWin@@QAEXHH@Z,src/adjustor_thunks.cpp:850,1,8,primary=1;eh=0;shared=0;selfmod=0,NO_COMPILE,,,,,,,
0x004218D0,?on_left_down@thunk1_MapWin@@QAEXHH@Z,src/adjustor_thunks.cpp:865,1,8,primary=1;eh=0;shared=0;selfmod=0,NO_COMPILE,,,,,,,
0x004218E0,?on_left_up@thunk1_MapWin@@QAEXHH@Z,src/adjustor_thunks.cpp:880,1,8,primary=1;eh=0;shared=0;selfmod=0,NO_COMPILE,,,,,,,
0x004218F0,?on_right_click@thunk1_MapWin@@QAEXHH@Z,src/adjustor_thunks.cpp:895,1,8,primary=1;eh=0;shared=0;selfmod=0,NO_COMPILE,,,,,,,
0x00421900,?on_right_down@thunk1_MapWin@@QAEXHH@Z,src/adjustor_thunks.cpp:910,1,8,primary=1;eh=0;shared=0;selfmod=0,NO_COMPILE,,,,,,,
0x00421910,?on_left_double_click@thunk1_MapWin@@QAEXHH@Z,src/adjustor_thunks.cpp:925,1,8,primary=1;eh=0;shared=0;selfmod=0,NO_COMPILE,,,,,,,
0x00421920,?on_nc_left_down@thunk1_MapWin@@QAEXHH@Z,src/adjustor_thunks.cpp:940,1,8,primary=1;eh=0;shared=0;selfmod=0,NO_COMPILE,,,,,,,
0x00421930,?on_button_clicked@thunk1_MapWin@@QAEXH@Z,src/adjustor_thunks.cpp:955,1,8,primary=1;eh=0;shared=0;selfmod=0,NO_COMPILE,,,,,,,
0x00421940,?on_nc_hittest@thunk1_MapWin@@QAEXHH@Z,src/adjustor_thunks.cpp:970,1,8,primary=1;eh=0;shared=0;selfmod=0,NO_COMPILE,,,,,,,
0x00421950,??_Gthunk2_MapWin@@UAEPAXI@Z,src/adjustor_thunks.cpp:985,1,17,primary=1;eh=0;shared=0;selfmod=0,NO_COMPILE,,,,,,,
0x00421970,??3ProdPicker@@SAXPAXI@Z,src/deleting_thunks.cpp:433,1,11,primary=1;eh=0;shared=0;selfmod=0,NO_COMPILE,,,,,,,
0x00421980,PopMenu::delete1,src/deleting_thunks.cpp:446,1,11,primary=1;eh=0;shared=0;selfmod=0,NO_COMPILE,,,,,,,
0x00421990,PopMenu::delete2,src/deleting_thunks.cpp:459,1,11,primary=1;eh=0;shared=0;selfmod=0,NO_COMPILE,,,,,,,
0x004219A0,PopMenu::delete3,src/deleting_thunks.cpp:472,1,11,primary=1;eh=0;shared=0;selfmod=0,NO_COMPILE,,,,,,,
0x004219B0,??__Eg_BattleWin@@YAXXZ,src/init_thunks.cpp:491,1,22,primary=1;eh=0;shared=0;selfmod=0,NO_COMPILE,,,,,,,
0x004219D0,??__Fg_BattleWin@@YAXXZ,src/atexit_thunks.cpp:675,1,10,primary=1;eh=0;shared=0;selfmod=0,NO_COMPILE,,,,,,,
0x00421B20,?pulse_timer@BattleWin@@QAEXXZ,,0,23,primary=1;eh=0;shared=0;selfmod=0,BYTE_EXACT,23,23,,,,,
0x00421B40,?stop_timer@BattleWin@@QAEXXZ,,0,8,primary=1;eh=0;shared=0;selfmod=0,BYTE_EXACT,8,8,,,,,
0x00421B50,?battle_report@BattleWin@@QAEXHHHHH@Z,,0,4311,primary=1;eh=1;shared=0;selfmod=0,NO_COMPILE,,,,,,,"CL produced no object: v00421b50_0.cpp
v00421b50_0.cpp(45) : error C2059: syntax error : ';'
v00421b50_0.cpp(51) : error C2143: syntax error : missing ';' before 'this'
v00421b50_0.cpp(51) : error C2143: syntax error : missing ';' before 'this'
v00421b50_0.cpp(58) : error C2061: syntax error : identifier 'Font'
v00421b50_0.cpp(84) : error C2629: unexpected 'void ('
v00421b50_0.cpp(91) : error C2061: syntax error : identifier 'BOOL'
"
0x00422DC0,?on_iface_button_clicked@BattleWin@@QAEXH@Z,,0,26,primary=1;eh=0;shared=0;selfmod=0,MISMATCH,26,3,9,1,0,#0: original 'push' vs rebuilt 'ret 4',
0x00422DE0,?on_iface_group_clicked@BattleWin@@QAEXHHH@Z,,0,38,primary=1;eh=0;shared=0;selfmod=0,MISMATCH,38,3,14,1,0,#0: original 'push' vs rebuilt 'ret 0xc',
0x00422E10,?on_iface_left_click@BattleWin@@QAEXHH@Z,src/battlewin.cpp:24,0,3,primary=1;eh=0;shared=0;selfmod=0,BYTE_EXACT,3,3,,,,,
0x00422E20,?on_iface_right_click@BattleWin@@QAEXHH@Z,src/battlewin.cpp:53,0,3,primary=1;eh=0;shared=0;selfmod=0,BYTE_EXACT,3,3,,,,,
0x00422E30,?on_iface_left_down@BattleWin@@QAEXHH@Z,,0,52,primary=1;eh=0;shared=0;selfmod=0,NO_COMPILE,,,,,,,"CL produced no object: v00422e30_0.cpp
v00422e30_0.cpp(66) : error C2146: syntax error : missing ',' before identifier 'a1'
v00422e30_0.cpp(66) : error C2061: syntax error : identifier 'a1'
v00422e30_0.cpp(66) : error C2511: 'on_iface_left_down' : overloaded member function 'void (int)' not found in 'BattleWin'
        v00422e30_0.cpp(62) : see declaration of 'BattleWin'
"
0x00422E70,?on_iface_right_down@BattleWin@@QAEXHH@Z,src/battlewin.cpp:66,0,3,primary=1;eh=0;shared=0;selfmod=0,BYTE_EXACT,3,3,,,,,
0x00422E80,?on_iface_mouse_move@BattleWin@@QAEXHH@Z,src/battlewin.cpp:79,0,3,primary=1;eh=0;shared=0;selfmod=0,BYTE_EXACT,3,3,,,,,
0x00422E90,?on_iface_mouse_leave@BattleWin@@QAEXHH@Z,src/battlewin.cpp:92,0,3,primary=1;eh=0;shared=0;selfmod=0,BYTE_EXACT,3,3,,,,,
0x00422EA0,?on_iface_selected@BattleWin@@QAEXHH@Z,src/battlewin.cpp:105,0,3,primary=1;eh=0;shared=0;selfmod=0,BYTE_EXACT,3,3,,,,,
0x00422EB0,?timer_callback_daemon@BattleWin@@QAAXHH@Z,src/guarded_teardowns.cpp:71,0,10,primary=1;eh=0;shared=0;selfmod=0,NO_COMPILE,,,,,,,
0x00422EC0,?timer_callback_daemon@BattleWin@@QAAXH@Z,src/guarded_teardowns.cpp:84,0,10,primary=1;eh=0;shared=0;selfmod=0,NO_COMPILE,,,,,,,
0x00422ED0,??1BattleWin@@QAE@XZ,src/battlewin.cpp:35,0,8,primary=1;eh=0;shared=0;selfmod=0,NO_COMPILE,,,,,,,
0x00422EE0,??0BattleWin@@QAE@XZ,,0,27,primary=1;eh=0;shared=0;selfmod=0,BYTE_EXACT,27,27,,,,,
0x00422F00,?range@@YAHHHH@Z,src/general.cpp:112,0,30,primary=1;eh=0;shared=0;selfmod=0,BYTE_EXACT,30,30,,,,,
0x004243A0,??__Eg_COUNCWIN@@YAXXZ,src/init_thunks.cpp:502,1,22,primary=1;eh=0;shared=0;selfmod=0,NO_COMPILE,,,,,,,
0x004243C0,??__Fg_COUNCWIN@@YAXXZ,src/atexit_thunks.cpp:685,1,10,primary=1;eh=0;shared=0;selfmod=0,NO_COMPILE,,,,,,,
0x004243D0,?clear_council_notify@@YAXH@Z,,0,24,primary=1;eh=0;shared=0;selfmod=0,BYTE_EXACT,24,24,,,,,
0x004243F0,?clear_council_notify@@YAXXZ,,0,29,primary=1;eh=0;shared=0;selfmod=0,BYTE_EXACT,29,29,,,,,
0x00425D90,?draw_all_leaders@CouncWin@@QAEXXZ,,0,26,primary=1;eh=0;shared=0;selfmod=0,MISMATCH,26,1,13,1,0,#0: original 'push' vs rebuilt 'ret',
0x00426AA0,?on_redraw@CouncWin@@QAEXXZ,,0,1025,primary=1;eh=0;shared=0;selfmod=0,MISMATCH,1025,1,277,1,0,#0: original 'push' vs rebuilt 'ret',
0x00426EB0,?on_group_clicked@CouncWin@@QAEXHH@Z,src/councwin.cpp:23,0,3,primary=1;eh=0;shared=0;selfmod=0,BYTE_EXACT,3,3,,,,,
0x00426EC0,?on_mouse_leave@CouncWin@@QAEXHH@Z,,0,30,primary=1;eh=0;shared=0;selfmod=0,BYTE_EXACT,30,30,,,,,
0x00426F80,?on_button_passover@CouncWin@@QAEXHH@Z,src/councwin.cpp:36,0,3,primary=1;eh=0;shared=0;selfmod=0,BYTE_EXACT,3,3,,,,,
0x00426F90,?on_button_text_draw@CouncWin@@QAEHPAUGraphicWin@@PADH@Z,src/councwin.cpp:192,0,5,primary=1;eh=0;shared=0;selfmod=0,NO_COMPILE,,,,,,,
0x00427060,?on_iface_left_click@CouncWin@@QAEXHH@Z,src/councwin.cpp:49,0,3,primary=1;eh=0;shared=0;selfmod=0,BYTE_EXACT,3,3,,,,,
0x00427070,?on_iface_right_click@CouncWin@@QAEXHH@Z,src/councwin.cpp:62,0,3,primary=1;eh=0;shared=0;selfmod=0,BYTE_EXACT,3,3,,,,,
0x00427080,?on_iface_left_down@CouncWin@@QAEXHH@Z,src/councwin.cpp:75,0,3,primary=1;eh=0;shared=0;selfmod=0,BYTE_EXACT,3,3,,,,,
0x00427090,?on_iface_right_down@CouncWin@@QAEXHH@Z,src/councwin.cpp:88,0,3,primary=1;eh=0;shared=0;selfmod=0,BYTE_EXACT,3,3,,,,,
0x004270A0,?on_iface_mouse_move@CouncWin@@QAEXHH@Z,src/councwin.cpp:101,0,3,primary=1;eh=0;shared=0;selfmod=0,BYTE_EXACT,3,3,,,,,
0x004270B0,?on_iface_mouse_leave@CouncWin@@QAEXHH@Z,src/councwin.cpp:114,0,3,primary=1;eh=0;shared=0;selfmod=0,BYTE_EXACT,3,3,,,,,
0x004270C0,?on_iface_selected@CouncWin@@QAEXHH@Z,src/councwin.cpp:127,0,3,primary=1;eh=0;shared=0;selfmod=0,BYTE_EXACT,3,3,,,,,
0x004270D0,?on_iface_left_double_click@CouncWin@@QAEXHH@Z,src/councwin.cpp:140,0,3,primary=1;eh=0;shared=0;selfmod=0,BYTE_EXACT,3,3,,,,,
0x004270E0,?on_iface_right_double_click@CouncWin@@QAEXHH@Z,src/councwin.cpp:153,0,3,primary=1;eh=0;shared=0;selfmod=0,BYTE_EXACT,3,3,,,,,
0x004270F0,?on_iface_button_clicked@CouncWin@@QAEXH@Z,,0,29,primary=1;eh=0;shared=0;selfmod=0,BYTE_EXACT,29,29,,,,,
0x00427110,?on_iface_button_toggled@CouncWin@@QAEXHH@Z,src/councwin.cpp:166,0,3,primary=1;eh=0;shared=0;selfmod=0,BYTE_EXACT,3,3,,,,,
0x00427120,?on_iface_group_clicked@CouncWin@@QAEXHHH@Z,src/councwin.cpp:179,0,3,primary=1;eh=0;shared=0;selfmod=0,BYTE_EXACT,3,3,,,,,
0x00427130,?show@CouncWin@@QAEHH@Z,,0,27,primary=1;eh=0;shared=0;selfmod=0,MISMATCH,27,5,9,2,0,#0: original 'push' vs rebuilt 'xor',
0x00427230,?init@CouncWin@@QAEXHH@Z,,0,4396,primary=1;eh=1;shared=0;selfmod=0,NO_COMPILE,,,,,,,"CL produced no object: v00427230_0.cpp
v00427230_0.cpp(57) : error C2061: syntax error : identifier 'Win'
v00427230_0.cpp(61) : error C2061: syntax error : identifier 'Font'
v00427230_0.cpp(72) : error C2061: syntax error : identifier 'Win'
v00427230_0.cpp(91) : error C2061: syntax error : identifier 'Sprite'
"
0x00428710,??_GCouncWin@@UAEPAXI@Z,src/deleting_thunks.cpp:487,1,33,primary=1;eh=0;shared=0;selfmod=0,NO_COMPILE,,,,,,,
0x00428740,??3CouncWin@@SAXPAXI@Z,src/deleting_thunks.cpp:503,1,11,primary=1;eh=0;shared=0;selfmod=0,NO_COMPILE,,,,,,,
0x00428750,??__Eg_CREDITS_WAVE@@YAXXZ,src/init_thunks.cpp:513,1,22,primary=1;eh=0;shared=0;selfmod=0,NO_COMPILE,,,,,,,
0x00428770,??__Fg_CREDITS_WAVE@@YAXXZ,src/atexit_thunks.cpp:695,1,10,primary=1;eh=0;shared=0;selfmod=0,NO_COMPILE,,,,,,,
0x00428830,?unload@Credits@@QAEXXZ,,0,77,primary=1;eh=0;shared=0;selfmod=0,MISMATCH,77,1,24,1,0,#0: original 'push' vs rebuilt 'ret',
0x004289C0,?close@Credits@@QAEXXZ,,0,41,primary=1;eh=0;shared=0;selfmod=0,MISMATCH,41,1,11,1,0,#0: original 'push' vs rebuilt 'ret',
0x00428D60,?on_key_click@Credits@@QAEXHH@Z,src/delegation_thunks.cpp:87,1,16,primary=1;eh=0;shared=0;selfmod=0,NO_COMPILE,,,,,,,
0x00428D70,?on_left_click@Credits@@QAEXHH@Z,src/delegation_thunks.cpp:103,1,11,primary=1;eh=0;shared=0;selfmod=0,NO_COMPILE,,,,,,,
0x00428D80,?on_left_down@Credits@@QAEXHH@Z,src/credits.cpp:23,0,3,primary=1;eh=0;shared=0;selfmod=0,BYTE_EXACT,3,3,,,,,
0x00428D90,?on_right_down@Credits@@QAEXHH@Z,src/credits.cpp:36,0,3,primary=1;eh=0;shared=0;selfmod=0,BYTE_EXACT,3,3,,,,,
0x00428DA0,?on_mouse_move@Credits@@QAEXHH@Z,src/credits.cpp:49,0,3,primary=1;eh=0;shared=0;selfmod=0,BYTE_EXACT,3,3,,,,,
0x00428DB0,?on_button_clicked@Credits@@QAEXH@Z,src/credits.cpp:62,0,3,primary=1;eh=0;shared=0;selfmod=0,BYTE_EXACT,3,3,,,,,
0x00428DC0,?timer_callback_daemon@Credits@@QAEXXZ,,0,11,primary=1;eh=0;shared=0;selfmod=0,BYTE_EXACT,11,11,,,,,
0x00428DD0,?timer_callback_daemon@Credits@@QAAXH@Z,,0,23,primary=1;eh=0;shared=0;selfmod=0,NO_COMPILE,,,,,,,"CL produced no object: v00428dd0_0.cpp
v00428dd0_0.cpp(43) : error C2143: syntax error : missing ';' before 'this'
v00428dd0_0.cpp(43) : error C2143: syntax error : missing ';' before 'this'
v00428dd0_0.cpp(50) : error C2143: syntax error : missing ')' before 'this'
v00428dd0_0.cpp(50) : error C2143: syntax error : missing ';' before 'this'
v00428dd0_0.cpp(50) : error C2143: syntax error : missing ';' before 'this'
v00428dd0_0.cpp(50) : error C2059: syntax error : ')'
v00428dd0_0.cpp(50) : error C2143: syntax error : missing ';' before '{'
v00428dd0_0.cpp(50) : error C2447: missing function header (old-style formal list?)
"
0x00428E60,??_GCredits@@UAEPAXI@Z,src/deleting_thunks.cpp:517,1,33,primary=1;eh=0;shared=0;selfmod=0,NO_COMPILE,,,,,,,
0x00428F80,??3Credits@@SAXPAXI@Z,src/deleting_thunks.cpp:532,1,11,primary=1;eh=0;shared=0;selfmod=0,NO_COMPILE,,,,,,,
0x00428F90,??__Eg_DATALINK@@YAXXZ,src/init_thunks.cpp:524,1,22,primary=1;eh=0;shared=0;selfmod=0,NO_COMPILE,,,,,,,
0x00428FB0,??__Fg_DATALINK@@YAXXZ,src/atexit_thunks.cpp:705,1,10,primary=1;eh=0;shared=0;selfmod=0,NO_COMPILE,,,,,,,
0x0042A020,?UNK1@Datalink@@QAEHHH@Z,src/datalink.cpp:377,0,30,primary=1;eh=0;shared=0;selfmod=0,BYTE_EXACT,30,30,,,,,
0x0042A040,?parse_id@Datalink@@QAEXHPAUDatalinkID@@PAH@Z,src/datalink.cpp:411,0,54,primary=1;eh=0;shared=0;selfmod=0,BYTE_EXACT,54,54,,,,,
0x0042A080,?construct_id@Datalink@@QAEXPADIH@Z,,0,45,primary=1;eh=0;shared=0;selfmod=0,NO_COMPILE,,,,,,,"CL produced no object: v0042a080_0.cpp
v0042a080_0.cpp(60) : error C2027: use of undefined type 'DatalinkID'
        v0042a080_0.cpp(43) : see declaration of 'DatalinkID'
"
0x0042A0B0,?UNK2@Datalink@@QAEXPADPAHPAH@Z,,0,65,primary=1;eh=0;shared=0;selfmod=0,MISMATCH,65,3,25,1,0,#0: original 'push' vs rebuilt 'ret 0xc',
0x0042A100,?on_dialog_back_draw@Datalink@@QAEHPAUGraphicWin@@@Z,,0,80,primary=1;eh=0;shared=0;selfmod=0,MISMATCH,80,5,30,2,0,#0: original 'push' vs rebuilt 'xor',
0x0042BD20,?close@Datalink@@QAEXXZ,src/datalink.cpp:248,0,21,primary=1;eh=0;shared=0;selfmod=0,NO_COMPILE,,,,,,,
0x0042BD40,?show@Datalink@@QAEXH@Z,,0,27,primary=1;eh=0;shared=0;selfmod=0,MISMATCH,27,3,9,1,0,#0: original 'push' vs rebuilt 'ret 4',
0x0042BD60,?hide@Datalink@@QAEXXZ,,0,25,primary=1;eh=0;shared=0;selfmod=0,MISMATCH,25,1,9,1,0,#0: original 'push' vs rebuilt 'ret',
0x0042BEA0,?UNK6@Datalink@@QAEXXZ,src/datalink.cpp:27,0,1,primary=1;eh=0;shared=0;selfmod=0,BYTE_EXACT,1,1,,,,,
0x0042BEB0,?UNK7@Datalink@@QAEXPADPAD@Z,,0,74,primary=1;eh=0;shared=0;selfmod=0,NO_COMPILE,,,,,,,"CL produced no object: v0042beb0_0.cpp
v0042beb0_0.cpp(43) : error C2059: syntax error : ';'
v0042beb0_0.cpp(45) : error C2143: syntax error : missing ';' before 'this'
v0042beb0_0.cpp(45) : error C2143: syntax error : missing ';' before 'this'
v0042beb0_0.cpp(53) : error C2143: syntax error : missing ')' before 'this'
v0042beb0_0.cpp(53) : error C2143: syntax error : missing ')' before 'this'
v0042beb0_0.cpp(53) : error C2143: syntax error : missing ';' before 'this'
v0042beb0_0.cpp(53) : error C2059: syntax error : 'this'
v0042beb0_0.cpp(53) : error C2059: syntax error : ')'
v0042beb0_0.cpp(53) : error C2059: syntax error : ')'
v0042beb0_0.cpp(53) : error C2238: unexpected token(s) preceding ';'
"
0x0042BF00,?UNK8@Datalink@@QAEXXZ,src/datalink.cpp:36,0,1,primary=1;eh=0;shared=0;selfmod=0,BYTE_EXACT,1,1,,,,,
0x0042C2E0,?draw_concept@Datalink@@QAEXXZ,,0,1071,primary=1;eh=1;shared=0;selfmod=0,NO_COMPILE,,,,,,,"CL produced no object: v0042c2e0_0.cpp
v0042c2e0_0.cpp(45) : error C2059: syntax error : ';'
v0042c2e0_0.cpp(47) : error C2143: syntax error : missing ';' before 'this'
v0042c2e0_0.cpp(47) : error C2143: syntax error : missing ';' before 'this'
v0042c2e0_0.cpp(96) : error C2143: syntax error : missing ')' before 'this'
v0042c2e0_0.cpp(96) : error C2143: syntax error : missing ')' before 'this'
v0042c2e0_0.cpp(96) : error C2143: syntax error : missing ';' before 'this'
v0042c2e0_0.cpp(96) : error C2059: syntax error : 'this'
v0042c2e0_0.cpp(96) : error C2059: syntax error : ')'
v0042c2e0_0.cpp(96) : error C2059: syntax error : ')'
v0042c2e0_0.cpp(96) : error C2238: unexpected token(s) preceding ';'
"
0x0042C650,?draw_adv_concept@Datalink@@QAEXXZ,,0,1074,primary=1;eh=1;shared=0;selfmod=0,NO_COMPILE,,,,,,,"CL produced no object: v0042c650_0.cpp
v0042c650_0.cpp(45) : error C2059: syntax error : ';'
v0042c650_0.cpp(47) : error C2143: syntax error : missing ';' before 'this'
v0042c650_0.cpp(47) : error C2143: syntax error : missing ';' before 'this'
v0042c650_0.cpp(96) : error C2143: syntax error : missing ')' before 'this'
v0042c650_0.cpp(96) : error C2143: syntax error : missing ')' before 'this'
v0042c650_0.cpp(96) : error C2143: syntax error : missing ';' before 'this'
v0042c650_0.cpp(96) : error C2059: syntax error : 'this'
v0042c650_0.cpp(96) : error C2059: syntax error : ')'
v0042c650_0.cpp(96) : error C2059: syntax error : ')'
v0042c650_0.cpp(96) : error C2238: unexpected token(s) preceding ';'
"
0x0042DEF0,?draw_reactor@Datalink@@QAEXXZ,,0,1047,primary=1;eh=1;shared=0;selfmod=0,NO_COMPILE,,,,,,,"CL produced no object: v0042def0_0.cpp
v0042def0_0.cpp(45) : error C2059: syntax error : ';'
v0042def0_0.cpp(47) : error C2143: syntax error : missing ';' before 'this'
v0042def0_0.cpp(47) : error C2143: syntax error : missing ';' before 'this'
v0042def0_0.cpp(53) : error C2061: syntax error : identifier 'StringList'
v0042def0_0.cpp(72) : error C2143: syntax error : missing ')' before 'this'
v0042def0_0.cpp(72) : error C2143: syntax error : missing ')' before 'this'
v0042def0_0.cpp(72) : error C2143: syntax error : missing ';' before 'this'
v0042def0_0.cpp(72) : error C2059: syntax error : 'this'
v0042def0_0.cpp(72) : error C2059: syntax error : ')'
v0042def0_0.cpp(72) : error C2059: syntax error : ')'
v0042def0_0.cpp(72) : error C2238: unexpected token(s) preceding ';'
v0042def0_0.cpp(86) : error C2061: syntax error : identifier 'BOOL'
"
0x00431DB0,?UNK9@Datalink@@QAEXXZ,src/datalink.cpp:45,0,1,primary=1;eh=0;shared=0;selfmod=0,BYTE_EXACT,1,1,,,,,
0x00431E70,?on_redraw@Datalink@@QAEXXZ,,0,54,primary=1;eh=0;shared=0;selfmod=0,MISMATCH,54,1,16,1,0,#0: original 'push' vs rebuilt 'ret',
0x00431EB0,?on_left_click@Datalink@@QAEXHH@Z,src/datalink.cpp:66,0,3,primary=1;eh=0;shared=0;selfmod=0,BYTE_EXACT,3,3,,,,,
0x00431FB0,?on_group_clicked@Datalink@@QAEXHH@Z,src/datalink.cpp:79,0,3,primary=1;eh=0;shared=0;selfmod=0,BYTE_EXACT,3,3,,,,,
0x00431FC0,?on_key_click@Datalink@@QAEHHH@Z,,0,59,primary=1;eh=0;shared=0;selfmod=0,MISMATCH,59,5,20,2,0,#0: original 'push' vs rebuilt 'xor',
0x00432000,?on_mouse_move@Datalink@@QAEXHH@Z,src/datalink.cpp:92,0,3,primary=1;eh=0;shared=0;selfmod=0,BYTE_EXACT,3,3,,,,,
0x00432010,?on_button_passover@Datalink@@QAEXHH@Z,,0,34,primary=1;eh=0;shared=0;selfmod=0,MISMATCH,34,3,12,1,0,#0: original 'push' vs rebuilt 'ret 8',
0x00432040,?on_selected@Datalink@@QAEXH@Z,,0,18,primary=1;eh=0;shared=0;selfmod=0,BYTE_EXACT,18,18,,,,,
0x00432160,?on_iface_left_click@Datalink@@QAEXHH@Z,src/datalink.cpp:105,0,3,primary=1;eh=0;shared=0;selfmod=0,BYTE_EXACT,3,3,,,,,
0x00432170,?on_iface_right_click@Datalink@@QAEXHH@Z,src/datalink.cpp:118,0,3,primary=1;eh=0;shared=0;selfmod=0,BYTE_EXACT,3,3,,,,,
0x00432180,?on_iface_left_down@Datalink@@QAEXHH@Z,src/datalink.cpp:131,0,3,primary=1;eh=0;shared=0;selfmod=0,BYTE_EXACT,3,3,,,,,
0x00432190,?on_iface_right_down@Datalink@@QAEXHH@Z,src/datalink.cpp:144,0,3,primary=1;eh=0;shared=0;selfmod=0,BYTE_EXACT,3,3,,,,,
0x004321A0,?on_iface_mouse_move@Datalink@@QAEXHH@Z,src/datalink.cpp:157,0,3,primary=1;eh=0;shared=0;selfmod=0,BYTE_EXACT,3,3,,,,,
0x004321B0,?on_iface_mouse_leave@Datalink@@QAEXHH@Z,src/datalink.cpp:170,0,3,primary=1;eh=0;shared=0;selfmod=0,BYTE_EXACT,3,3,,,,,
0x004321C0,?on_iface_selected@Datalink@@QAEXHH@Z,src/datalink.cpp:183,0,3,primary=1;eh=0;shared=0;selfmod=0,BYTE_EXACT,3,3,,,,,
0x004321D0,?on_iface_left_double_click@Datalink@@QAEXHH@Z,src/datalink.cpp:196,0,3,primary=1;eh=0;shared=0;selfmod=0,BYTE_EXACT,3,3,,,,,
0x004321E0,?on_iface_right_double_click@Datalink@@QAEXHH@Z,src/datalink.cpp:209,0,3,primary=1;eh=0;shared=0;selfmod=0,BYTE_EXACT,3,3,,,,,
0x004321F0,?on_iface_button_clicked@Datalink@@QAEXH@Z,src/datalink.cpp:222,0,3,primary=1;eh=0;shared=0;selfmod=0,BYTE_EXACT,3,3,,,,,
0x00432200,?on_iface_button_toggled@Datalink@@QAEXHH@Z,src/datalink.cpp:235,0,3,primary=1;eh=0;shared=0;selfmod=0,BYTE_EXACT,3,3,,,,,
0x00432720,?on_link_clicked@StringBox@@QAEXHPAD@Z,,0,65,primary=1;eh=0;shared=0;selfmod=0,BYTE_EXACT,65,65,,,,,
0x00432770,??_GStringBox@@UAEPAXI@Z,src/deleting_thunks.cpp:546,1,33,primary=1;eh=0;shared=0;selfmod=0,NO_COMPILE,,,,,,,
0x00432800,??_GDatalink@@UAEPAXI@Z,src/deleting_thunks.cpp:564,1,33,primary=1;eh=0;shared=0;selfmod=0,NO_COMPILE,,,,,,,
0x00432830,??3StringBox@@SAXPAXI@Z,src/deleting_thunks.cpp:580,1,11,primary=1;eh=0;shared=0;selfmod=0,NO_COMPILE,,,,,,,
0x00432840,??3Datalink@@SAXPAXI@Z,src/deleting_thunks.cpp:593,1,11,primary=1;eh=0;shared=0;selfmod=0,NO_COMPILE,,,,,,,
0x00432850,??__Eg_DESIGNWIN@@YAXXZ,src/init_thunks.cpp:535,1,22,primary=1;eh=0;shared=0;selfmod=0,NO_COMPILE,,,,,,,
0x00432870,??__Fg_DESIGNWIN@@YAXXZ,src/atexit_thunks.cpp:715,1,10,primary=1;eh=0;shared=0;selfmod=0,NO_COMPILE,,,,,,,
0x00432880,??__Eg_DESIGNWIN_WAVE@@YAXXZ,src/init_thunks.cpp:546,1,22,primary=1;eh=0;shared=0;selfmod=0,NO_COMPILE,,,,,,,
0x004328A0,??__Fg_DESIGNWIN_WAVE@@YAXXZ,src/atexit_thunks.cpp:725,1,10,primary=1;eh=0;shared=0;selfmod=0,NO_COMPILE,,,,,,,
0x00432970,?close@SelectPartWin@@QAEXXZ,src/leaf_recoveries.cpp:1004,0,63,primary=1;eh=0;shared=0;selfmod=0,NO_COMPILE,,,,,,,
0x004339C0,?on_redraw@SelectPartWin@@QAEXXZ,,0,66,primary=1;eh=0;shared=0;selfmod=0,MISMATCH,66,1,25,1,0,#0: original 'push' vs rebuilt 'ret',
0x00433F30,?on_scrolled@SelectPartWin@@QAEXHH@Z,,0,31,primary=1;eh=0;shared=0;selfmod=0,BYTE_EXACT,31,31,,,,,
0x00433F50,?on_scrolling@SelectPartWin@@QAEXHH@Z,src/delegation_thunks.cpp:116,1,23,primary=1;eh=0;shared=0;selfmod=0,NO_COMPILE,,,,,,,
0x004345C0,?UNK1@DesignWin@@QAEXXZ,src/designwin.cpp:24,0,1,primary=1;eh=0;shared=0;selfmod=0,BYTE_EXACT,1,1,,,,,
0x00434650,?UNK3@DesignWin@@QAEXXZ,,0,65,primary=1;eh=0;shared=0;selfmod=0,MISMATCH,65,1,12,1,0,#0: original 'mov' vs rebuilt 'ret',
0x00437BA0,?on_mouse_move@DesignWin@@QAEXHH@Z,,0,53,primary=1;eh=0;shared=0;selfmod=0,NO_COMPILE,,,,,,,"CL produced no object: v00437ba0_0.cpp
v00437ba0_0.cpp(52) : error C2065: 'Win' : undeclared identifier
v00437ba0_0.cpp(52) : error C2355: 'this' : can only be referenced inside non-static member functions
v00437ba0_0.cpp(52) : warning C4229: anachronism used : modifiers on data are ignored
v00437ba0_0.cpp(52) : error C2182: 'fn_005f8500' : illegal use of type 'void'
v00437ba0_0.cpp(58) : error C2146: syntax error : missing ',' before identifier 'a1'
v00437ba0_0.cpp(58) : error C2061: syntax error : identifier 'a1'
v00437ba0_0.cpp(58) : error C2511: 'on_mouse_move' : overloaded member function 'void (int)' not found in 'DesignWin'
        v00437ba0_0.cpp(54) : see declaration of 'DesignWin'
"
0x00437BE0,?on_mouse_leave@DesignWin@@QAEXHH@Z,src/designwin.cpp:135,0,13,primary=1;eh=0;shared=0;selfmod=0,NO_COMPILE,,,,,,,
0x00438460,?on_button_clicked@DesignWin@@QAEXH@Z,,0,4973,primary=1;eh=1;shared=0;selfmod=0,NO_COMPILE,,,,,,,"CL produced no object: v00438460_0.cpp
v00438460_0.cpp(43) : error C2059: syntax error : ';'
"
0x00439670,?bubble_me_elmo2@DesignWin@@QAEXPADHH@Z,,0,64,primary=1;eh=0;shared=0;selfmod=0,NO_COMPILE,,,,,,,"CL produced no object: v00439670_0.cpp
v00439670_0.cpp(64) : error C2027: use of undefined type 'LPCSTR'
        v00439670_0.cpp(43) : see declaration of 'LPCSTR'
"
0x004396B0,?bubble_me_elmo2@DesignWin@@QAGXPADHH@Z,,0,66,primary=1;eh=0;shared=0;selfmod=0,NO_COMPILE,,,,,,,"CL produced no object: v004396b0_0.cpp
v004396b0_0.cpp(47) : error C2143: syntax error : missing ';' before 'this'
v004396b0_0.cpp(47) : error C2143: syntax error : missing ';' before 'this'
v004396b0_0.cpp(60) : error C2143: syntax error : missing ')' before 'this'
v004396b0_0.cpp(60) : error C2143: syntax error : missing ';' before 'this'
v004396b0_0.cpp(60) : error C2143: syntax error : missing ';' before 'this'
v004396b0_0.cpp(60) : error C2059: syntax error : ')'
v004396b0_0.cpp(60) : error C2143: syntax error : missing ';' before '{'
v004396b0_0.cpp(60) : error C2447: missing function header (old-style formal list?)
"
0x0043AC70,?select_special@DesignWin@@QAEXH@Z,,0,5166,primary=1;eh=1;shared=0;selfmod=0,NO_COMPILE,,,,,,,"CL produced no object: v0043ac70_0.cpp
v0043ac70_0.cpp(43) : error C2059: syntax error : ';'
"
0x0043BE10,?select_special_1@DesignWin@@QAEXXZ,,0,8,primary=1;eh=0;shared=0;selfmod=0,BYTE_EXACT,8,8,,,,,
0x0043BE20,?select_special_2@DesignWin@@QAEXXZ,,0,8,primary=1;eh=0;shared=0;selfmod=0,BYTE_EXACT,8,8,,,,,
0x0043C070,?construct_chassis@DesignWin@@QAEXXZ,,0,46,primary=1;eh=0;shared=0;selfmod=0,NO_COMPILE,,,,,,,"CL produced no object: v0043c070_0.cpp
v0043c070_0.cpp(44) : error C2061: syntax error : identifier 'Caviar'
"
0x0043C0A0,?construct_weapon@DesignWin@@QAEXXZ,,0,79,primary=1;eh=0;shared=0;selfmod=0,NO_COMPILE,,,,,,,"CL produced no object: v0043c0a0_0.cpp
v0043c0a0_0.cpp(44) : error C2061: syntax error : identifier 'Caviar'
"
0x0043C0F0,?construct_armor@DesignWin@@QAEXH@Z,,0,54,primary=1;eh=0;shared=0;selfmod=0,NO_COMPILE,,,,,,,"CL produced no object: v0043c0f0_0.cpp
v0043c0f0_0.cpp(44) : error C2061: syntax error : identifier 'Caviar'
"
0x0043C130,?construct_reactor@DesignWin@@QAEXXZ,,0,51,primary=1;eh=0;shared=0;selfmod=0,NO_COMPILE,,,,,,,"CL produced no object: v0043c130_0.cpp
v0043c130_0.cpp(44) : error C2061: syntax error : identifier 'Caviar'
"
0x0043C170,?timer_function@DesignWin@@QAAXH@Z,,0,43,primary=1;eh=0;shared=0;selfmod=0,NO_COMPILE,,,,,,,"CL produced no object: v0043c170_0.cpp
v0043c170_0.cpp(44) : error C2143: syntax error : missing ';' before 'this'
v0043c170_0.cpp(44) : error C2143: syntax error : missing ';' before 'this'
v0043c170_0.cpp(60) : error C2143: syntax error : missing ')' before 'this'
v0043c170_0.cpp(60) : error C2143: syntax error : missing ';' before 'this'
v0043c170_0.cpp(60) : error C2143: syntax error : missing ';' before 'this'
v0043c170_0.cpp(60) : error C2059: syntax error : ')'
v0043c170_0.cpp(60) : error C2143: syntax error : missing ';' before '{'
v0043c170_0.cpp(60) : error C2447: missing function header (old-style formal list?)
"
0x0043D0C0,?show@DesignWin@@QAEXH@Z,,0,40,primary=1;eh=0;shared=0;selfmod=0,MISMATCH,40,3,12,1,0,#0: original 'push' vs rebuilt 'ret 4',
0x0043D0F0,?hide@DesignWin@@QAEXXZ,,0,38,primary=1;eh=0;shared=0;selfmod=0,MISMATCH,38,1,12,1,0,#0: original 'push' vs rebuilt 'ret',
0x0043D330,?on_iface_left_down@DesignWin@@QAEXHH@Z,src/designwin.cpp:37,0,3,primary=1;eh=0;shared=0;selfmod=0,BYTE_EXACT,3,3,,,,,
0x0043D340,?on_iface_right_down@DesignWin@@QAEXHH@Z,src/designwin.cpp:50,0,3,primary=1;eh=0;shared=0;selfmod=0,BYTE_EXACT,3,3,,,,,
0x0043D3C0,?on_iface_mouse_leave@DesignWin@@QAEXHH@Z,,0,49,primary=1;eh=0;shared=0;selfmod=0,NO_COMPILE,,,,,,,"CL produced no object: v0043d3c0_0.cpp
v0043d3c0_0.cpp(44) : error C2065: 'Win' : undeclared identifier
v0043d3c0_0.cpp(44) : error C2355: 'this' : can only be referenced inside non-static member functions
v0043d3c0_0.cpp(44) : warning C4229: anachronism used : modifiers on data are ignored
v0043d3c0_0.cpp(44) : error C2182: 'fn_005f8500' : illegal use of type 'void'
"
0x0043D400,?on_iface_selected@DesignWin@@QAEXHH@Z,src/designwin.cpp:63,0,3,primary=1;eh=0;shared=0;selfmod=0,BYTE_EXACT,3,3,,,,,
0x0043D410,?on_iface_left_double_click@DesignWin@@QAEXHH@Z,src/designwin.cpp:76,0,3,primary=1;eh=0;shared=0;selfmod=0,BYTE_EXACT,3,3,,,,,
0x0043D420,?on_iface_right_double_click@DesignWin@@QAEXHH@Z,src/designwin.cpp:89,0,3,primary=1;eh=0;shared=0;selfmod=0,BYTE_EXACT,3,3,,,,,
0x0043D430,?on_iface_button_clicked@DesignWin@@QAEXH@Z,,0,29,primary=1;eh=0;shared=0;selfmod=0,BYTE_EXACT,29,29,,,,,
0x0043D450,?on_iface_button_pressed@DesignWin@@QAEXH@Z,,0,31,primary=1;eh=0;shared=0;selfmod=0,BYTE_EXACT,31,31,,,,,
0x0043D470,?on_iface_button_toggled@DesignWin@@QAEXHH@Z,src/designwin.cpp:102,0,3,primary=1;eh=0;shared=0;selfmod=0,BYTE_EXACT,3,3,,,,,
0x0043D480,?on_iface_group_clicked@DesignWin@@QAEXHHH@Z,src/designwin.cpp:115,0,3,primary=1;eh=0;shared=0;selfmod=0,BYTE_EXACT,3,3,,,,,
0x0043E960,?shut_that_badboy_down@DesignWin@@QAEXXZ,,0,61,primary=1;eh=0;shared=0;selfmod=0,NO_COMPILE,,,,,,,"CL produced no object: v0043e960_0.cpp
v0043e960_0.cpp(48) : error C2143: syntax error : missing ')' before 'this'
v0043e960_0.cpp(48) : error C2143: syntax error : missing ';' before 'this'
v0043e960_0.cpp(48) : error C2143: syntax error : missing ';' before 'this'
v0043e960_0.cpp(48) : error C2059: syntax error : ')'
"
0x0043EDB0,??_GDesignWin@@UAEPAXI@Z,src/deleting_thunks.cpp:607,1,33,primary=1;eh=0;shared=0;selfmod=0,NO_COMPILE,,,,,,,
0x0043EDE0,??_GSelectPartWin@@UAEPAXI@Z,src/deleting_thunks.cpp:625,1,33,primary=1;eh=0;shared=0;selfmod=0,NO_COMPILE,,,,,,,
0x0043EF70,?start@Popup@@QAEXPADPBDHPADH@Z,src/popup.cpp:45,0,34,primary=1;eh=0;shared=0;selfmod=0,NO_COMPILE,,,,,,,
0x0043EFA0,??3DesignWin@@SAXPAXI@Z,src/deleting_thunks.cpp:641,1,11,primary=1;eh=0;shared=0;selfmod=0,NO_COMPILE,,,,,,,
0x0043EFB0,??3SelectPartWin@@SAXPAXI@Z,src/deleting_thunks.cpp:654,1,11,primary=1;eh=0;shared=0;selfmod=0,NO_COMPILE,,,,,,,
0x0043EFC0,??__Eg_DIPLOPOP@@YAXXZ,src/init_thunks.cpp:557,1,22,primary=1;eh=0;shared=0;selfmod=0,NO_COMPILE,,,,,,,
0x0043EFE0,??__Fg_DIPLOPOP@@YAXXZ,src/atexit_thunks.cpp:735,1,10,primary=1;eh=0;shared=0;selfmod=0,NO_COMPILE,,,,,,,
0x0043F0F0,?close@DiploPop@@QAEXXZ,,0,71,primary=1;eh=0;shared=0;selfmod=0,MISMATCH,71,1,16,1,0,#0: original 'push' vs rebuilt 'ret',
0x0043F140,?show@DiploPop@@QAEXH@Z,,0,34,primary=1;eh=0;shared=0;selfmod=0,MISMATCH,34,3,12,1,0,#0: original 'push' vs rebuilt 'ret 4',
0x0043F170,?hide@DiploPop@@QAEXXZ,,0,21,primary=1;eh=0;shared=0;selfmod=0,BYTE_EXACT,21,21,,,,,
0x0043F190,?portrait_anim@DiploPop@@QAEXXZ,,0,47,primary=1;eh=0;shared=0;selfmod=0,MISMATCH,47,1,14,1,0,#0: original 'push' vs rebuilt 'ret',
0x0043F1C0,?bioscan_anim@DiploPop@@QAEXXZ,,0,60,primary=1;eh=0;shared=0;selfmod=0,MISMATCH,60,1,17,1,0,#0: original 'push' vs rebuilt 'ret',
0x0043F200,?timer_callback_daemon@DiploPop@@QAAXHH@Z,,0,69,primary=1;eh=0;shared=0;selfmod=0,NO_COMPILE,,,,,,,"CL produced no object: v0043f200_0.cpp
v0043f200_0.cpp(45) : error C2143: syntax error : missing ';' before 'this'
v0043f200_0.cpp(45) : error C2143: syntax error : missing ';' before 'this'
v0043f200_0.cpp(60) : error C2143: syntax error : missing ')' before 'this'
v0043f200_0.cpp(60) : error C2143: syntax error : missing ';' before 'this'
v0043f200_0.cpp(60) : error C2143: syntax error : missing ';' before 'this'
v0043f200_0.cpp(60) : error C2059: syntax error : ')'
v0043f200_0.cpp(60) : error C2143: syntax error : missing ';' before '{'
v0043f200_0.cpp(60) : error C2447: missing function header (old-style formal list?)
"
0x0043F250,?timer_callback_daemon2@DiploPop@@QAAXHH@Z,,0,56,primary=1;eh=0;shared=0;selfmod=0,NO_COMPILE,,,,,,,"CL produced no object: v0043f250_0.cpp
v0043f250_0.cpp(45) : error C2143: syntax error : missing ';' before 'this'
v0043f250_0.cpp(45) : error C2143: syntax error : missing ';' before 'this'
v0043f250_0.cpp(60) : error C2143: syntax error : missing ')' before 'this'
v0043f250_0.cpp(60) : error C2143: syntax error : missing ';' before 'this'
v0043f250_0.cpp(60) : error C2143: syntax error : missing ';' before 'this'
v0043f250_0.cpp(60) : error C2059: syntax error : ')'
v0043f250_0.cpp(60) : error C2143: syntax error : missing ';' before '{'
v0043f250_0.cpp(60) : error C2447: missing function header (old-style formal list?)
"
0x0043F290,?on_button_clicked@DiploPop@@QAEXH@Z,,0,29,primary=1;eh=0;shared=0;selfmod=0,BYTE_EXACT,29,29,,,,,
0x0043F5C0,?stop@DiploPop@@QAEXXZ,,0,48,primary=1;eh=0;shared=0;selfmod=0,MISMATCH,48,1,11,1,0,#0: original 'push' vs rebuilt 'ret',
0x004404C0,?on_iface_left_click@DiploPop@@QAEXHH@Z,src/diplopop.cpp:23,0,3,primary=1;eh=0;shared=0;selfmod=0,BYTE_EXACT,3,3,,,,,
0x004404D0,?on_iface_right_click@DiploPop@@QAEXHH@Z,src/diplopop.cpp:36,0,3,primary=1;eh=0;shared=0;selfmod=0,BYTE_EXACT,3,3,,,,,
0x004404E0,?on_iface_left_down@DiploPop@@QAEXHH@Z,src/diplopop.cpp:49,0,3,primary=1;eh=0;shared=0;selfmod=0,BYTE_EXACT,3,3,,,,,
0x004404F0,?on_iface_right_down@DiploPop@@QAEXHH@Z,src/diplopop.cpp:62,0,3,primary=1;eh=0;shared=0;selfmod=0,BYTE_EXACT,3,3,,,,,
0x00440500,?on_iface_mouse_move@DiploPop@@QAEXHH@Z,src/diplopop.cpp:75,0,3,primary=1;eh=0;shared=0;selfmod=0,BYTE_EXACT,3,3,,,,,
0x00440510,?on_iface_mouse_leave@DiploPop@@QAEXHH@Z,src/diplopop.cpp:88,0,3,primary=1;eh=0;shared=0;selfmod=0,BYTE_EXACT,3,3,,,,,
0x00440520,?on_iface_selected@DiploPop@@QAEXHH@Z,src/diplopop.cpp:101,0,3,primary=1;eh=0;shared=0;selfmod=0,BYTE_EXACT,3,3,,,,,
0x00440530,?on_iface_left_double_click@DiploPop@@QAEXHH@Z,src/diplopop.cpp:114,0,3,primary=1;eh=0;shared=0;selfmod=0,BYTE_EXACT,3,3,,,,,
0x00440540,?on_iface_right_double_click@DiploPop@@QAEXHH@Z,src/diplopop.cpp:127,0,3,primary=1;eh=0;shared=0;selfmod=0,BYTE_EXACT,3,3,,,,,
0x00440610,?on_iface_button_toggled@DiploPop@@QAEXHH@Z,src/diplopop.cpp:140,0,3,primary=1;eh=0;shared=0;selfmod=0,BYTE_EXACT,3,3,,,,,
0x004406D0,?set_modal@DiploPop@@QAEHHP6AHXZPAUWin@@@Z,,0,28,primary=1;eh=0;shared=0;selfmod=0,NO_COMPILE,,,,,,,"CL produced no object: v004406d0_0.cpp
v004406d0_0.cpp(43) : error C2059: syntax error : ';'
v004406d0_0.cpp(59) : error C2146: syntax error : missing ')' before identifier 'a2'
v004406d0_0.cpp(59) : error C2146: syntax error : missing ';' before identifier 'a2'
v004406d0_0.cpp(59) : error C2244: 'DiploPop::set_modal' : unable to resolve function overload
v004406d0_0.cpp(59) : fatal error C1004: unexpected end of file found
"
0x00440EC0,??_GDiploPop@@UAEPAXI@Z,src/deleting_thunks.cpp:669,1,33,primary=1;eh=0;shared=0;selfmod=0,NO_COMPILE,,,,,,,
0x00440EF0,??3DiploPop@@SAXPAXI@Z,src/deleting_thunks.cpp:685,1,11,primary=1;eh=0;shared=0;selfmod=0,NO_COMPILE,,,,,,,
0x00440F00,??__Eg_DIPLOWIN@@YAXXZ,src/init_thunks.cpp:568,1,22,primary=1;eh=0;shared=0;selfmod=0,NO_COMPILE,,,,,,,
0x00440F20,??__Fg_DIPLOWIN@@YAXXZ,src/atexit_thunks.cpp:745,1,10,primary=1;eh=0;shared=0;selfmod=0,NO_COMPILE,,,,,,,
0x00440F30,sub_440f30,,0,36,primary=1;eh=0;shared=0;selfmod=0,NO_COMPILE,,,,,,,"CL produced no object: v00440f30_0.cpp
v00440f30_0.cpp(45) : error C4234: nonstandard extension used : '__thiscall' keyword reserved for future use
v00440f30_0.cpp(45) : error C4234: nonstandard extension used : '__thiscall' keyword reserved for future use
"
0x00440F60,sub_440f60,,0,20,primary=1;eh=0;shared=0;selfmod=0,BYTE_EXACT,20,20,,,,,
0x00441250,?clear_all_offers@@YAXXZ,,0,70,primary=1;eh=0;shared=0;selfmod=0,MISMATCH,70,1,25,1,0,#0: original 'push' vs rebuilt 'ret',
0x004412A0,?string_callback@DiploWin@@QAAXHH@Z,,0,48,primary=1;eh=0;shared=0;selfmod=0,NO_COMPILE,,,,,,,"CL produced no object: v004412a0_0.cpp
v004412a0_0.cpp(44) : error C2143: syntax error : missing ';' before 'this'
v004412a0_0.cpp(44) : error C2143: syntax error : missing ';' before 'this'
v004412a0_0.cpp(59) : error C2143: syntax error : missing ')' before 'this'
v004412a0_0.cpp(59) : error C2143: syntax error : missing ';' before 'this'
v004412a0_0.cpp(59) : error C2143: syntax error : missing ';' before 'this'
v004412a0_0.cpp(59) : error C2059: syntax error : ')'
v004412a0_0.cpp(59) : error C2143: syntax error : missing ';' before '{'
v004412a0_0.cpp(59) : error C2447: missing function header (old-style formal list?)
"
0x004412D0,?UNK1@DiploWin@@QAEXXZ,,0,29,primary=1;eh=0;shared=0;selfmod=0,MISMATCH,29,1,9,1,0,#0: original 'push' vs rebuilt 'ret',
0x004413B0,?UNK2@DiploWin@@QAEXXZ,src/diplowin.cpp:219,0,14,primary=1;eh=0;shared=0;selfmod=0,NO_COMPILE,,,,,,,
0x004413C0,?UNK3@DiploWin@@QAEXH@Z,src/diplowin.cpp:248,0,34,primary=1;eh=0;shared=0;selfmod=0,NO_COMPILE,,,,,,,
0x004415C0,?on_button_clicked@DiploWin@@QAEXH@Z,,0,4512,primary=1;eh=1;shared=0;selfmod=0,NO_COMPILE,,,,,,,"CL produced no object: v004415c0_0.cpp
v004415c0_0.cpp(43) : error C2059: syntax error : ';'
"
0x00442510,?on_left_click@DiploWin@@QAEXHH@Z,,0,72,primary=1;eh=0;shared=0;selfmod=0,NO_COMPILE,,,,,,,"CL produced no object: v00442510_0.cpp
v00442510_0.cpp(130) : error C2146: syntax error : missing ',' before identifier 'a1'
v00442510_0.cpp(130) : error C2061: syntax error : identifier 'a1'
v00442510_0.cpp(130) : error C2511: 'on_left_click' : overloaded member function 'void (int)' not found in 'DiploWin'
        v00442510_0.cpp(125) : see declaration of 'DiploWin'
"
0x00442560,?on_key_down@DiploWin@@QAEHH@Z,,0,42,primary=1;eh=0;shared=0;selfmod=0,MISMATCH,42,5,16,2,0,#0: original 'push' vs rebuilt 'xor',
0x004426F0,?check_done@DiploWin@@QAEXXZ,,0,70,primary=1;eh=0;shared=0;selfmod=0,MISMATCH,70,1,23,1,0,#0: original 'push' vs rebuilt 'ret',
0x004429C0,?done_deal@DiploWin@@QAEXXZ,,0,39,primary=1;eh=0;shared=0;selfmod=0,MISMATCH,39,1,8,1,0,#0: original 'mov' vs rebuilt 'ret',
0x004429F0,?UNK4@DiploWin@@QAEXH@Z,src/diplowin.cpp:36,0,3,primary=1;eh=0;shared=0;selfmod=0,BYTE_EXACT,3,3,,,,,
0x00442A00,?UNK5@DiploWin@@QAEXXZ,src/diplowin.cpp:23,0,1,primary=1;eh=0;shared=0;selfmod=0,BYTE_EXACT,1,1,,,,,
0x00443C30,?show@DiploWin@@QAEXH@Z,,0,27,primary=1;eh=0;shared=0;selfmod=0,BYTE_EXACT,27,27,,,,,
0x00443C50,?hide@DiploWin@@QAEXXZ,,0,24,primary=1;eh=0;shared=0;selfmod=0,BYTE_EXACT,24,24,,,,,
0x00443C70,?on_status@DiploWin@@QAEXH@Z,,0,263,primary=1;eh=0;shared=0;selfmod=0,MISMATCH,263,3,78,1,0,#0: original 'push' vs rebuilt 'ret 4',
0x00443D80,?on_iface_left_click@DiploWin@@QAEXHH@Z,src/diplowin.cpp:49,0,3,primary=1;eh=0;shared=0;selfmod=0,BYTE_EXACT,3,3,,,,,
0x00443D90,?on_iface_left_up@DiploWin@@QAEXHH@Z,src/diplowin.cpp:62,0,3,primary=1;eh=0;shared=0;selfmod=0,BYTE_EXACT,3,3,,,,,
0x00443DA0,?on_iface_right_click@DiploWin@@QAEXHH@Z,src/diplowin.cpp:75,0,3,primary=1;eh=0;shared=0;selfmod=0,BYTE_EXACT,3,3,,,,,
0x00443DB0,?on_iface_left_down@DiploWin@@QAEXHH@Z,src/diplowin.cpp:88,0,3,primary=1;eh=0;shared=0;selfmod=0,BYTE_EXACT,3,3,,,,,
0x00443DC0,?on_iface_right_down@DiploWin@@QAEXHH@Z,src/diplowin.cpp:101,0,3,primary=1;eh=0;shared=0;selfmod=0,BYTE_EXACT,3,3,,,,,
0x00443DD0,?on_iface_mouse_move@DiploWin@@QAEXHH@Z,src/diplowin.cpp:114,0,3,primary=1;eh=0;shared=0;selfmod=0,BYTE_EXACT,3,3,,,,,
0x00443DE0,?on_iface_mouse_leave@DiploWin@@QAEXHH@Z,src/diplowin.cpp:127,0,3,primary=1;eh=0;shared=0;selfmod=0,BYTE_EXACT,3,3,,,,,
0x00443DF0,?on_iface_selected@DiploWin@@QAEXHH@Z,src/diplowin.cpp:140,0,3,primary=1;eh=0;shared=0;selfmod=0,BYTE_EXACT,3,3,,,,,
0x00443E00,?on_iface_left_double_click@DiploWin@@QAEXHH@Z,src/diplowin.cpp:153,0,3,primary=1;eh=0;shared=0;selfmod=0,BYTE_EXACT,3,3,,,,,
0x00443E10,?on_iface_right_double_click@DiploWin@@QAEXHH@Z,src/diplowin.cpp:166,0,3,primary=1;eh=0;shared=0;selfmod=0,BYTE_EXACT,3,3,,,,,
0x00443E20,?on_iface_button_clicked@DiploWin@@QAEXH@Z,src/diplowin.cpp:179,0,3,primary=1;eh=0;shared=0;selfmod=0,BYTE_EXACT,3,3,,,,,
0x00443E30,?on_iface_button_toggled@DiploWin@@QAEXHH@Z,src/diplowin.cpp:192,0,3,primary=1;eh=0;shared=0;selfmod=0,BYTE_EXACT,3,3,,,,,
0x00443E40,?on_iface_dialog_back_draw@DiploWin@@QAEHH@Z,src/diplowin.cpp:205,0,5,primary=1;eh=0;shared=0;selfmod=0,BYTE_EXACT,5,5,,,,,
0x00444D90,?diplo@@YAXHH@Z,,0,23,primary=1;eh=0;shared=0;selfmod=0,MISMATCH,23,1,10,1,0,#0: original 'push' vs rebuilt 'ret',
0x00445080,??_GDiploWin@@UAEPAXI@Z,src/deleting_thunks.cpp:699,1,33,primary=1;eh=0;shared=0;selfmod=0,NO_COMPILE,,,,,,,
0x00445120,??3DiploWin@@SAXPAXI@Z,src/deleting_thunks.cpp:715,1,11,primary=1;eh=0;shared=0;selfmod=0,NO_COMPILE,,,,,,,
0x00445440,?energy_limit@@YAHH@Z,src/game_recovery.cpp:42,0,6,primary=1;eh=0;shared=0;selfmod=0,BYTE_EXACT,6,6,,,,,
0x00445450,??__Eg_CPU_WAVES@@YAXXZ,src/init_thunks.cpp:579,1,36,primary=1;eh=0;shared=0;selfmod=0,NO_COMPILE,,,,,,,
0x00445480,??__Fg_CPU_WAVES@@YAXXZ,src/atexit_thunks.cpp:755,1,20,primary=1;eh=0;shared=0;selfmod=0,NO_COMPILE,,,,,,,
0x004454A0,??__Eg_MENU_UP_WAVE@@YAXXZ,src/init_thunks.cpp:590,1,22,primary=1;eh=0;shared=0;selfmod=0,NO_COMPILE,,,,,,,
0x004454C0,??__Fg_MENU_UP_WAVE@@YAXXZ,src/atexit_thunks.cpp:765,1,10,primary=1;eh=0;shared=0;selfmod=0,NO_COMPILE,,,,,,,
0x004454D0,??__Eg_MENU_DOWN_WAVE@@YAXXZ,src/init_thunks.cpp:601,1,22,primary=1;eh=0;shared=0;selfmod=0,NO_COMPILE,,,,,,,
0x004454F0,??__Fg_MENU_DOWN_WAVE@@YAXXZ,src/atexit_thunks.cpp:775,1,10,primary=1;eh=0;shared=0;selfmod=0,NO_COMPILE,,,,,,,
0x00445500,??__Eg_SCOOT_WAVE@@YAXXZ,src/init_thunks.cpp:612,1,22,primary=1;eh=0;shared=0;selfmod=0,NO_COMPILE,,,,,,,
0x00445520,??__Fg_SCOOT_WAVE@@YAXXZ,src/atexit_thunks.cpp:785,1,10,primary=1;eh=0;shared=0;selfmod=0,NO_COMPILE,,,,,,,
0x00445530,??__Eg_OK_WAVE@@YAXXZ,src/init_thunks.cpp:623,1,22,primary=1;eh=0;shared=0;selfmod=0,NO_COMPILE,,,,,,,
0x00445550,??__Fg_OK_WAVE@@YAXXZ,src/atexit_thunks.cpp:795,1,10,primary=1;eh=0;shared=0;selfmod=0,NO_COMPILE,,,,,,,
0x00445560,??__Eg_PASSOVER_WAVE@@YAXXZ,src/init_thunks.cpp:634,1,22,primary=1;eh=0;shared=0;selfmod=0,NO_COMPILE,,,,,,,
0x00445580,??__Fg_PASSOVER_WAVE@@YAXXZ,src/atexit_thunks.cpp:805,1,10,primary=1;eh=0;shared=0;selfmod=0,NO_COMPILE,,,,,,,
0x00445590,??__Eg_FX@@YAXXZ,src/init_thunks.cpp:645,1,22,primary=1;eh=0;shared=0;selfmod=0,NO_COMPILE,,,,,,,
0x004455B0,??__Fg_FX@@YAXXZ,src/atexit_thunks.cpp:815,1,10,primary=1;eh=0;shared=0;selfmod=0,NO_COMPILE,,,,,,,
0x004455C0,??__Eg_AMBIENCE@@YAXXZ,src/init_thunks.cpp:656,1,22,primary=1;eh=0;shared=0;selfmod=0,NO_COMPILE,,,,,,,
0x004455E0,??__Fg_AMBIENCE@@YAXXZ,src/atexit_thunks.cpp:825,1,10,primary=1;eh=0;shared=0;selfmod=0,NO_COMPILE,,,,,,,
0x00445650,?ok_callback@@YAXXZ,,0,77,primary=1;eh=0;shared=0;selfmod=0,MISMATCH,77,1,19,1,0,#0: original 'mov' vs rebuilt 'ret',
0x004456A0,?passover_callback@@YAXXZ,src/guarded_teardowns.cpp:97,0,10,primary=1;eh=0;shared=0;selfmod=0,NO_COMPILE,,,,,,,
0x004456B0,?popup_wave_callback@@YAXPAUPopupWave@@H@Z,src/popup.cpp:453,0,270,primary=1;eh=0;shared=0;selfmod=0,NO_COMPILE,,,,,,,
0x004457C0,?input_callback@@YAXXZ,,0,19,primary=1;eh=0;shared=0;selfmod=0,BYTE_EXACT,19,19,,,,,
0x004457E0,?load_music@@YAXH@Z,,0,1062,primary=1;eh=1;shared=0;selfmod=0,MISMATCH,964,1,271,1,0,#0: original 'push' vs rebuilt 'ret',
0x00446A90,?stop@FX@@QAEXH@Z,,0,25,primary=1;eh=0;shared=0;selfmod=0,BYTE_EXACT,25,25,,,,,
0x00446AB0,?release@FX@@QAEXH@Z,,0,25,primary=1;eh=0;shared=0;selfmod=0,BYTE_EXACT,25,25,,,,,
0x00446AD0,?fade@FX@@QAEXH@Z,,0,25,primary=1;eh=0;shared=0;selfmod=0,BYTE_EXACT,25,25,,,,,
0x00446AF0,?set_pitch@FX@@QAEXHH@Z,,0,32,primary=1;eh=0;shared=0;selfmod=0,BYTE_EXACT,32,32,,,,,
0x00446B10,?engine_pitch@FX@@QAEXH@Z,,0,39,primary=1;eh=0;shared=0;selfmod=0,MISMATCH,39,3,14,1,0,#0: original 'push' vs rebuilt 'ret 4',
0x004471F0,??0FactionAmbience@@QAE@XZ,src/ambience.cpp:560,0,41,primary=1;eh=0;shared=0;selfmod=0,NO_COMPILE,,,,,,,
0x00447220,?begin@FactionAmbience@@QAEXXZ,src/ambience.cpp:24,0,1,primary=1;eh=0;shared=0;selfmod=0,BYTE_EXACT,1,1,,,,,
0x00447230,?tech@FactionAmbience@@QAEXXZ,src/ambience.cpp:33,0,1,primary=1;eh=0;shared=0;selfmod=0,BYTE_EXACT,1,1,,,,,
0x00447240,?terraform@FactionAmbience@@QAEXXZ,src/ambience.cpp:42,0,1,primary=1;eh=0;shared=0;selfmod=0,BYTE_EXACT,1,1,,,,,
0x00447250,?production@FactionAmbience@@QAEXXZ,src/ambience.cpp:51,0,1,primary=1;eh=0;shared=0;selfmod=0,BYTE_EXACT,1,1,,,,,
0x00447260,?general@FactionAmbience@@QAEXXZ,src/ambience.cpp:60,0,1,primary=1;eh=0;shared=0;selfmod=0,BYTE_EXACT,1,1,,,,,
0x00447270,?basewin_show@FactionAmbience@@QAEXXZ,src/ambience.cpp:435,0,5,primary=1;eh=0;shared=0;selfmod=0,NO_COMPILE,,,,,,,
0x00447280,?basewin_hide@FactionAmbience@@QAEXXZ,src/ambience.cpp:450,0,5,primary=1;eh=0;shared=0;selfmod=0,NO_COMPILE,,,,,,,
0x00447290,?design_window_show@FactionAmbience@@QAEXXZ,src/ambience.cpp:465,0,5,primary=1;eh=0;shared=0;selfmod=0,NO_COMPILE,,,,,,,
0x004472A0,?design_window_hide@FactionAmbience@@QAEXXZ,src/ambience.cpp:480,0,5,primary=1;eh=0;shared=0;selfmod=0,NO_COMPILE,,,,,,,
0x004472B0,?new_base@FactionAmbience@@QAEXXZ,src/ambience.cpp:69,0,1,primary=1;eh=0;shared=0;selfmod=0,BYTE_EXACT,1,1,,,,,
0x004472C0,?popup1@FactionAmbience@@QAEXXZ,src/ambience.cpp:78,0,1,primary=1;eh=0;shared=0;selfmod=0,BYTE_EXACT,1,1,,,,,
0x004472D0,?eot@FactionAmbience@@QAEXXZ,src/ambience.cpp:87,0,1,primary=1;eh=0;shared=0;selfmod=0,BYTE_EXACT,1,1,,,,,
0x004472E0,?hostility@FactionAmbience@@QAEXXZ,src/ambience.cpp:96,0,1,primary=1;eh=0;shared=0;selfmod=0,BYTE_EXACT,1,1,,,,,
0x004472F0,?energy_resources@FactionAmbience@@QAEXXZ,src/ambience.cpp:105,0,1,primary=1;eh=0;shared=0;selfmod=0,BYTE_EXACT,1,1,,,,,
0x00447300,?base_liberated@FactionAmbience@@QAEXXZ,src/ambience.cpp:114,0,1,primary=1;eh=0;shared=0;selfmod=0,BYTE_EXACT,1,1,,,,,
0x00447310,??0MAmbience@@QAE@XZ,src/ambience.cpp:584,0,44,primary=1;eh=0;shared=0;selfmod=0,NO_COMPILE,,,,,,,
0x00447340,?begin@MAmbience@@QAEXXZ,,0,22,primary=1;eh=0;shared=0;selfmod=0,BYTE_EXACT,22,22,,,,,
0x00447360,?general@MAmbience@@QAEXXZ,,0,266,primary=1;eh=0;shared=0;selfmod=0,MISMATCH,266,1,73,1,0,#0: original 'push' vs rebuilt 'ret',
0x00447470,?tech@MAmbience@@QAEXXZ,,0,31,primary=1;eh=0;shared=0;selfmod=0,MISMATCH,31,1,13,1,0,#0: original 'push' vs rebuilt 'ret',
0x00447490,?energy_resources@MAmbience@@QAEXXZ,,0,31,primary=1;eh=0;shared=0;selfmod=0,MISMATCH,31,1,13,1,0,#0: original 'push' vs rebuilt 'ret',
0x004474B0,?production@MAmbience@@QAEXXZ,,0,47,primary=1;eh=0;shared=0;selfmod=0,MISMATCH,47,1,19,1,0,#0: original 'push' vs rebuilt 'ret',
0x004474E0,?new_base@MAmbience@@QAEXXZ,,0,39,primary=1;eh=0;shared=0;selfmod=0,MISMATCH,39,1,15,1,0,#0: original 'push' vs rebuilt 'ret',
0x00447510,?begin@UAmbience@@QAEXXZ,,0,22,primary=1;eh=0;shared=0;selfmod=0,BYTE_EXACT,22,22,,,,,
0x00447530,?basewin_show@UAmbience@@QAEXXZ,,0,26,primary=1;eh=0;shared=0;selfmod=0,BYTE_EXACT,26,26,,,,,
0x00447550,?basewin_hide@UAmbience@@QAEXXZ,,0,19,primary=1;eh=0;shared=0;selfmod=0,BYTE_EXACT,19,19,,,,,
0x00447690,?tech@UAmbience@@QAEXXZ,src/ambience.cpp:123,0,1,primary=1;eh=0;shared=0;selfmod=0,BYTE_EXACT,1,1,,,,,
0x004476A0,?popup1@UAmbience@@QAEXXZ,src/ambience.cpp:132,0,1,primary=1;eh=0;shared=0;selfmod=0,BYTE_EXACT,1,1,,,,,
0x004476B0,?eot@UAmbience@@QAEXXZ,src/ambience.cpp:141,0,1,primary=1;eh=0;shared=0;selfmod=0,BYTE_EXACT,1,1,,,,,
0x004476C0,?begin@SAmbience@@QAEXXZ,,0,22,primary=1;eh=0;shared=0;selfmod=0,BYTE_EXACT,22,22,,,,,
0x004476E0,?tech@SAmbience@@QAEXXZ,src/field_accessors.cpp:40,1,4,primary=1;eh=0;shared=0;selfmod=0,BYTE_EXACT,4,4,,,,,
0x00447840,?production@SAmbience@@QAEXXZ,,0,11,primary=1;eh=0;shared=0;selfmod=0,BYTE_EXACT,11,11,,,,,
0x00447850,??0SAmbience@@QAE@XZ,src/ambience.cpp:608,0,47,primary=1;eh=0;shared=0;selfmod=0,NO_COMPILE,,,,,,,
0x00447880,?base_liberated@SAmbience@@QAEXXZ,,0,67,primary=1;eh=0;shared=0;selfmod=0,MISMATCH,67,1,25,1,0,#0: original 'push' vs rebuilt 'ret',
0x004478D0,??0BAmbience@@QAE@XZ,,0,65,primary=1;eh=0;shared=0;selfmod=0,MISMATCH,65,3,19,2,0,#0: original 'push' vs rebuilt 'mov',
0x00447920,?begin@BAmbience@@QAEXXZ,,0,22,primary=1;eh=0;shared=0;selfmod=0,BYTE_EXACT,22,22,,,,,
0x00447AB0,?design_window_show@BAmbience@@QAEXXZ,src/field_accessors.cpp:63,1,5,primary=1;eh=0;shared=0;selfmod=0,BYTE_EXACT,5,5,,,,,
0x00447AC0,?design_window_hide@BAmbience@@QAEXXZ,,0,43,primary=1;eh=0;shared=0;selfmod=0,MISMATCH,43,1,16,1,0,#0: original 'push' vs rebuilt 'ret',
0x00447AF0,?hostility@BAmbience@@QAEXXZ,,0,61,primary=1;eh=0;shared=0;selfmod=0,MISMATCH,61,1,22,1,0,#0: original 'mov' vs rebuilt 'ret',
0x00447B30,?new_base@BAmbience@@QAEXXZ,,0,40,primary=1;eh=0;shared=0;selfmod=0,MISMATCH,40,1,17,1,0,#0: original 'push' vs rebuilt 'ret',
0x00447B60,?base_liberated@BAmbience@@QAEXXZ,,0,43,primary=1;eh=0;shared=0;selfmod=0,MISMATCH,43,1,17,1,0,#0: original 'push' vs rebuilt 'ret',
0x00447B90,??0GAmbience@@QAE@XZ,src/ambience.cpp:633,0,44,primary=1;eh=0;shared=0;selfmod=0,NO_COMPILE,,,,,,,
0x00447BC0,?begin@GAmbience@@QAEXXZ,,0,29,primary=1;eh=0;shared=0;selfmod=0,MISMATCH,29,1,11,1,0,#0: original 'push' vs rebuilt 'ret',
0x00447BE0,?basewin_show@GAmbience@@QAEXXZ,src/ambience.cpp:502,0,12,primary=1;eh=0;shared=0;selfmod=0,NO_COMPILE,,,,,,,
0x00447BF0,?basewin_hide@GAmbience@@QAEXXZ,src/ambience.cpp:519,0,5,primary=1;eh=0;shared=0;selfmod=0,NO_COMPILE,,,,,,,
0x00447C60,?tech@GAmbience@@QAEXXZ,src/ambience.cpp:150,0,1,primary=1;eh=0;shared=0;selfmod=0,BYTE_EXACT,1,1,,,,,
0x00447C70,?terraform@GAmbience@@QAEXXZ,,0,42,primary=1;eh=0;shared=0;selfmod=0,MISMATCH,42,1,11,1,0,#0: original 'mov' vs rebuilt 'ret',
0x00447CA0,?production@GAmbience@@QAEXXZ,src/ambience.cpp:159,0,1,primary=1;eh=0;shared=0;selfmod=0,BYTE_EXACT,1,1,,,,,
0x00447CB0,?popup1@GAmbience@@QAEXXZ,src/ambience.cpp:168,0,1,primary=1;eh=0;shared=0;selfmod=0,BYTE_EXACT,1,1,,,,,
0x00447CC0,?eot@GAmbience@@QAEXXZ,src/ambience.cpp:177,0,1,primary=1;eh=0;shared=0;selfmod=0,BYTE_EXACT,1,1,,,,,
0x00447CD0,?new_base@GAmbience@@QAEXXZ,,0,55,primary=1;eh=0;shared=0;selfmod=0,MISMATCH,55,1,16,1,0,#0: original 'push' vs rebuilt 'ret',
0x00447DB0,?begin@AAmbience@@QAEXXZ,,0,22,primary=1;eh=0;shared=0;selfmod=0,BYTE_EXACT,22,22,,,,,
0x00447DD0,?general@AAmbience@@QAEXXZ,,0,1187,primary=1;eh=0;shared=0;selfmod=0,MISMATCH,1187,1175,357,350,2,#2: original 'push' vs rebuilt 'inc',
0x00448280,?tech@AAmbience@@QAEXXZ,src/field_accessors.cpp:85,1,4,primary=1;eh=0;shared=0;selfmod=0,BYTE_EXACT,4,4,,,,,
0x00448290,??1FX@@QAE@XZ,src/fx.cpp:55,0,16,primary=1;eh=0;shared=0;selfmod=0,NO_COMPILE,,,,,,,
0x004482A0,??0FX@@QAE@XZ,src/fx.cpp:37,0,27,primary=1;eh=0;shared=0;selfmod=0,NO_COMPILE,,,,,,,
0x004482C0,??1Effect@@QAE@XZ,,0,5,primary=1;eh=0;shared=0;selfmod=0,BYTE_EXACT,5,5,,,,,
0x004482D0,??0Effect@@QAE@XZ,,0,18,primary=1;eh=0;shared=0;selfmod=0,BYTE_EXACT,18,18,,,,,
0x004482F0,sub_4482f0,src/leaf_recoveries.cpp:268,0,28,primary=1;eh=0;shared=0;selfmod=0,BYTE_EXACT,28,28,,,,,
0x00448310,sub_448310,src/field_accessors.cpp:108,1,4,primary=1;eh=0;shared=0;selfmod=0,BYTE_EXACT,4,4,,,,,
0x00448320,sub_448320,src/field_accessors.cpp:131,1,4,primary=1;eh=0;shared=0;selfmod=0,BYTE_EXACT,4,4,,,,,
0x00448330,sub_448330,src/field_accessors.cpp:154,1,4,primary=1;eh=0;shared=0;selfmod=0,BYTE_EXACT,4,4,,,,,
0x00448340,sub_448340,,0,15,primary=1;eh=0;shared=0;selfmod=0,BYTE_EXACT,15,15,,,,,
0x00448350,??_GEffect@@UAEPAXI@Z,src/deleting_thunks.cpp:729,1,33,primary=1;eh=0;shared=0;selfmod=0,NO_COMPILE,,,,,,,
0x00448380,sub_448380,src/field_accessors.cpp:1050,1,10,primary=1;eh=0;shared=0;selfmod=0,MISMATCH,10,9,4,4,1,#1: original 'shl' vs rebuilt 'and',
0x00448390,sub_448390,src/deleting_thunks.cpp:745,1,33,primary=1;eh=0;shared=0;selfmod=0,NO_COMPILE,,,,,,,
0x004483D0,??__Eg_FAMEWIN@@YAXXZ,src/init_thunks.cpp:667,1,22,primary=1;eh=0;shared=0;selfmod=0,NO_COMPILE,,,,,,,
0x004483F0,??__Fg_FAMEWIN@@YAXXZ,src/atexit_thunks.cpp:835,1,10,primary=1;eh=0;shared=0;selfmod=0,NO_COMPILE,,,,,,,
0x00448D60,?close@FameWin@@QAEXXZ,,0,33,primary=1;eh=0;shared=0;selfmod=0,BYTE_EXACT,33,33,,,,,
0x00448D90,?on_redraw@FameWin@@QAEXXZ,,0,5938,primary=1;eh=1;shared=0;selfmod=0,MISMATCH,5917,1,1643,1,0,#0: original 'push' vs rebuilt 'ret',
0x0044A4B0,?on_key_click@FameWin@@QAEHHH@Z,,0,67,primary=1;eh=0;shared=0;selfmod=0,MISMATCH,67,5,24,2,0,#0: original 'push' vs rebuilt 'xor',
0x0044A640,?on_group_clicked@FameWin@@QAEXHHH@Z,,0,21,primary=1;eh=0;shared=0;selfmod=0,BYTE_EXACT,21,21,,,,,
0x0044AF70,sub_44af70,,0,29,primary=1;eh=0;shared=0;selfmod=0,BYTE_EXACT,29,29,,,,,
0x0044B300,??_GFameWin@@UAEPAXI@Z,src/deleting_thunks.cpp:764,1,33,primary=1;eh=0;shared=0;selfmod=0,NO_COMPILE,,,,,,,
0x0044B330,??3FameWin@@SAXPAXI@Z,src/deleting_thunks.cpp:780,1,11,primary=1;eh=0;shared=0;selfmod=0,NO_COMPILE,,,,,,,
0x0044B340,sub_44b340,,0,59,primary=1;eh=0;shared=0;selfmod=0,MISMATCH,59,3,20,2,0,#0: original 'push' vs rebuilt 'xor',
0x0044C7D0,?help_info_pop@@YAXPAD@Z,,0,20,primary=1;eh=0;shared=0;selfmod=0,BYTE_EXACT,20,20,,,,,
0x0044C7F0,?help_tech_info@@YAXPAUPopup@@HH@Z,,0,36,primary=1;eh=0;shared=0;selfmod=0,BYTE_EXACT,36,36,,,,,
0x0044C820,nullsub_3,src/nullsub_thunks.cpp:62,1,1,primary=1;eh=0;shared=0;selfmod=0,BYTE_EXACT,1,1,,,,,
0x0044C830,sub_44c830,,0,28,primary=1;eh=0;shared=0;selfmod=0,BYTE_EXACT,28,28,,,,,
0x0044C850,nullsub_191,src/nullsub_thunks.cpp:72,1,1,primary=1;eh=0;shared=0;selfmod=0,BYTE_EXACT,1,1,,,,,
0x0044C860,sub_44c860,,0,13,primary=1;eh=0;shared=0;selfmod=0,BYTE_EXACT,13,13,,,,,
0x0044C870,sub_44c870,src/global_arith.cpp:77,1,8,primary=1;eh=0;shared=0;selfmod=0,NO_COMPILE,,,,,,,
0x0044C880,?help_tech@@YAXH@Z,src/datalink.cpp:264,0,21,primary=1;eh=0;shared=0;selfmod=0,NO_COMPILE,,,,,,,
0x0044C8A0,nullsub_226,src/nullsub_thunks.cpp:82,1,1,primary=1;eh=0;shared=0;selfmod=0,BYTE_EXACT,1,1,,,,,
0x0044C8B0,nullsub_227,src/nullsub_thunks.cpp:92,1,1,primary=1;eh=0;shared=0;selfmod=0,BYTE_EXACT,1,1,,,,,
0x0044C8C0,sub_44c8c0,src/nullsub_thunks.cpp:102,1,3,primary=1;eh=0;shared=0;selfmod=0,BYTE_EXACT,3,3,,,,,
0x0044C8D0,nullsub_229,src/nullsub_thunks.cpp:113,1,1,primary=1;eh=0;shared=0;selfmod=0,BYTE_EXACT,1,1,,,,,
0x0044C8E0,nullsub_230,src/nullsub_thunks.cpp:123,1,1,primary=1;eh=0;shared=0;selfmod=0,BYTE_EXACT,1,1,,,,,
0x0044C8F0,nullsub_231,src/nullsub_thunks.cpp:133,1,1,primary=1;eh=0;shared=0;selfmod=0,BYTE_EXACT,1,1,,,,,
0x0044C900,nullsub_232,src/nullsub_thunks.cpp:143,1,1,primary=1;eh=0;shared=0;selfmod=0,BYTE_EXACT,1,1,,,,,
0x0044C910,?help_weapon@@YAXH@Z,src/datalink.cpp:274,0,21,primary=1;eh=0;shared=0;selfmod=0,NO_COMPILE,,,,,,,
0x0044C930,nullsub_233,src/nullsub_thunks.cpp:153,1,1,primary=1;eh=0;shared=0;selfmod=0,BYTE_EXACT,1,1,,,,,
0x0044C940,?help_armor@@YAXH@Z,src/datalink.cpp:284,0,21,primary=1;eh=0;shared=0;selfmod=0,NO_COMPILE,,,,,,,
0x0044C960,nullsub_234,src/nullsub_thunks.cpp:163,1,1,primary=1;eh=0;shared=0;selfmod=0,BYTE_EXACT,1,1,,,,,
0x0044C970,sub_44c970,src/nullsub_thunks.cpp:173,1,3,primary=1;eh=0;shared=0;selfmod=0,BYTE_EXACT,3,3,,,,,
0x0044C980,?help_chassis@@YAXH@Z,src/datalink.cpp:294,0,21,primary=1;eh=0;shared=0;selfmod=0,NO_COMPILE,,,,,,,
0x0044C9A0,nullsub_235,src/nullsub_thunks.cpp:184,1,1,primary=1;eh=0;shared=0;selfmod=0,BYTE_EXACT,1,1,,,,,
0x0044C9B0,?help_facility@@YAXH@Z,src/datalink.cpp:304,0,21,primary=1;eh=0;shared=0;selfmod=0,NO_COMPILE,,,,,,,
0x0044C9D0,nullsub_236,src/nullsub_thunks.cpp:194,1,1,primary=1;eh=0;shared=0;selfmod=0,BYTE_EXACT,1,1,,,,,
0x0044C9E0,?help_project@@YAXH@Z,,0,24,primary=1;eh=0;shared=0;selfmod=0,BYTE_EXACT,24,24,,,,,
0x0044CA00,nullsub_237,src/nullsub_thunks.cpp:204,1,1,primary=1;eh=0;shared=0;selfmod=0,BYTE_EXACT,1,1,,,,,
0x0044CA10,?help_abil@@YAXH@Z,src/datalink.cpp:314,0,21,primary=1;eh=0;shared=0;selfmod=0,NO_COMPILE,,,,,,,
0x0044CA30,nullsub_238,src/nullsub_thunks.cpp:214,1,1,primary=1;eh=0;shared=0;selfmod=0,BYTE_EXACT,1,1,,,,,
0x0044CA40,?help_social@@YAXH@Z,src/datalink.cpp:324,0,21,primary=1;eh=0;shared=0;selfmod=0,NO_COMPILE,,,,,,,
0x0044CA60,nullsub_239,src/nullsub_thunks.cpp:224,1,1,primary=1;eh=0;shared=0;selfmod=0,BYTE_EXACT,1,1,,,,,
0x0044CA70,?help_faction@@YAXH@Z,src/datalink.cpp:334,0,21,primary=1;eh=0;shared=0;selfmod=0,NO_COMPILE,,,,,,,
0x0044CA90,sub_44ca90,,0,42,primary=1;eh=0;shared=0;selfmod=0,NO_COMPILE,,,,,,,"CL produced no object: v0044ca90_0.cpp
v0044ca90_0.cpp(44) : error C2065: 'int8' : undeclared identifier
v0044ca90_0.cpp(44) : error C2059: syntax error : ','
"
0x0044CAC0,nullsub_240,src/nullsub_thunks.cpp:234,1,1,primary=1;eh=0;shared=0;selfmod=0,BYTE_EXACT,1,1,,,,,
0x0044CAD0,?help_veh@@YAXH@Z,src/datalink.cpp:344,0,21,primary=1;eh=0;shared=0;selfmod=0,NO_COMPILE,,,,,,,
0x0044CAF0,nullsub_241,src/nullsub_thunks.cpp:244,1,1,primary=1;eh=0;shared=0;selfmod=0,BYTE_EXACT,1,1,,,,,
0x0044CB00,nullsub_242,src/nullsub_thunks.cpp:254,1,1,primary=1;eh=0;shared=0;selfmod=0,BYTE_EXACT,1,1,,,,,
0x0044CB10,nullsub_243,src/nullsub_thunks.cpp:264,1,1,primary=1;eh=0;shared=0;selfmod=0,BYTE_EXACT,1,1,,,,,
0x0044CB20,nullsub_244,src/nullsub_thunks.cpp:274,1,1,primary=1;eh=0;shared=0;selfmod=0,BYTE_EXACT,1,1,,,,,
0x0044CB30,?help_any@@YAXXZ,,0,15,primary=1;eh=0;shared=0;selfmod=0,BYTE_EXACT,15,15,,,,,
0x0044CB40,sub_44cb40,,0,22,primary=1;eh=0;shared=0;selfmod=0,BYTE_EXACT,22,22,,,,,
0x0044CB60,?help_topic@@YAXIH@Z,src/datalink.cpp:356,0,23,primary=1;eh=0;shared=0;selfmod=0,NO_COMPILE,,,,,,,
0x0044CB80,?help_create_link@@YAXPAD00@Z,,0,66,primary=1;eh=0;shared=0;selfmod=0,MISMATCH,66,1,25,1,0,#0: original 'push' vs rebuilt 'ret',
0x0044CBD0,sub_44cbd0,,0,72,primary=1;eh=0;shared=0;selfmod=0,NO_COMPILE,,,,,,,"CL produced no object: v0044cbd0_0.cpp
v0044cbd0_0.cpp(44) : error C2065: 'int8' : undeclared identifier
v0044cbd0_0.cpp(44) : error C2059: syntax error : ','
"
0x0044CC20,??__Eg_PCX_PARSE_TEMP_BUFFER1@@YAXXZ,src/init_thunks.cpp:678,1,22,primary=1;eh=0;shared=0;selfmod=0,NO_COMPILE,,,,,,,
0x0044CC40,??__Fg_PCX_PARSE_TEMP_BUFFER1@@YAXXZ,src/atexit_thunks.cpp:845,1,10,primary=1;eh=0;shared=0;selfmod=0,NO_COMPILE,,,,,,,
0x0044CC50,??__EFactionArt@@YAXXZ,src/init_thunks.cpp:689,1,39,primary=1;eh=0;shared=0;selfmod=0,NO_COMPILE,,,,,,,
0x0044CC80,??__FFactionArt@@YAXXZ,src/atexit_thunks.cpp:855,1,23,primary=1;eh=0;shared=0;selfmod=0,NO_COMPILE,,,,,,,
0x0044CCA0,??__Eg_IFACE_CLOSE_X_SPRITES@@YAXXZ,src/init_thunks.cpp:701,1,36,primary=1;eh=0;shared=0;selfmod=0,NO_COMPILE,,,,,,,
0x0044CCD0,??__Fg_IFACE_CLOSE_X_SPRITES@@YAXXZ,src/atexit_thunks.cpp:865,1,20,primary=1;eh=0;shared=0;selfmod=0,NO_COMPILE,,,,,,,
0x0044CCF0,??__Eg_IFACE_BOX_SPRITES1@@YAXXZ,src/init_thunks.cpp:712,1,36,primary=1;eh=0;shared=0;selfmod=0,NO_COMPILE,,,,,,,
0x0044CD20,??__Fg_IFACE_BOX_SPRITES1@@YAXXZ,src/atexit_thunks.cpp:875,1,20,primary=1;eh=0;shared=0;selfmod=0,NO_COMPILE,,,,,,,
0x0044CD40,??__Eg_IFACE_BOX_SPRITES2@@YAXXZ,src/init_thunks.cpp:723,1,36,primary=1;eh=0;shared=0;selfmod=0,NO_COMPILE,,,,,,,
0x0044CD70,??__Fg_IFACE_BOX_SPRITES2@@YAXXZ,src/atexit_thunks.cpp:885,1,20,primary=1;eh=0;shared=0;selfmod=0,NO_COMPILE,,,,,,,
0x0044CD90,??__Eg_IFACE_BOX_SPRITES3@@YAXXZ,src/init_thunks.cpp:734,1,36,primary=1;eh=0;shared=0;selfmod=0,NO_COMPILE,,,,,,,
0x0044CDC0,??__Fg_IFACE_BOX_SPRITES3@@YAXXZ,src/atexit_thunks.cpp:895,1,20,primary=1;eh=0;shared=0;selfmod=0,NO_COMPILE,,,,,,,
0x0044CDE0,??__Eg_IFACE_BOX_SPRITES4@@YAXXZ,src/init_thunks.cpp:745,1,36,primary=1;eh=0;shared=0;selfmod=0,NO_COMPILE,,,,,,,
0x0044CE10,??__Fg_IFACE_BOX_SPRITES4@@YAXXZ,src/atexit_thunks.cpp:905,1,20,primary=1;eh=0;shared=0;selfmod=0,NO_COMPILE,,,,,,,
0x0044CE30,??__Eg_IFACE_BOX_SPRITES5@@YAXXZ,src/init_thunks.cpp:756,1,36,primary=1;eh=0;shared=0;selfmod=0,NO_COMPILE,,,,,,,
0x0044CE60,??__Fg_IFACE_BOX_SPRITES5@@YAXXZ,src/atexit_thunks.cpp:915,1,20,primary=1;eh=0;shared=0;selfmod=0,NO_COMPILE,,,,,,,
0x0044CE80,??__Eg_IFACE_BOX_SPRITES6@@YAXXZ,src/init_thunks.cpp:767,1,36,primary=1;eh=0;shared=0;selfmod=0,NO_COMPILE,,,,,,,
0x0044CEB0,??__Fg_IFACE_BOX_SPRITES6@@YAXXZ,src/atexit_thunks.cpp:925,1,20,primary=1;eh=0;shared=0;selfmod=0,NO_COMPILE,,,,,,,
0x0044CED0,??__Eg_IFACE_BOX_SPRITES7@@YAXXZ,src/init_thunks.cpp:778,1,36,primary=1;eh=0;shared=0;selfmod=0,NO_COMPILE,,,,,,,
0x0044CF00,??__Fg_IFACE_BOX_SPRITES7@@YAXXZ,src/atexit_thunks.cpp:935,1,20,primary=1;eh=0;shared=0;selfmod=0,NO_COMPILE,,,,,,,
0x0044CF20,??__Eg_IFACE_BOX_SPRITES8@@YAXXZ,src/init_thunks.cpp:789,1,36,primary=1;eh=0;shared=0;selfmod=0,NO_COMPILE,,,,,,,
0x0044CF50,??__Fg_IFACE_BOX_SPRITES8@@YAXXZ,src/atexit_thunks.cpp:945,1,20,primary=1;eh=0;shared=0;selfmod=0,NO_COMPILE,,,,,,,
0x0044CF70,??__Eg_IFACE_BOX_SPRITE_BUFFERS@@YAXXZ,src/init_thunks.cpp:800,1,39,primary=1;eh=0;shared=0;selfmod=0,NO_COMPILE,,,,,,,
0x0044CFA0,??__Fg_IFACE_BOX_SPRITE_BUFFERS@@YAXXZ,src/atexit_thunks.cpp:955,1,23,primary=1;eh=0;shared=0;selfmod=0,NO_COMPILE,,,,,,,
0x0044CFC0,??__Eg_IFACE_STD_POPUPS_TOP_LEFT_SPRITE@@YAXXZ,src/init_thunks.cpp:811,1,22,primary=1;eh=0;shared=0;selfmod=0,NO_COMPILE,,,,,,,
0x0044CFE0,??__Fg_IFACE_STD_POPUPS_TOP_LEFT_SPRITE@@YAXXZ,src/atexit_thunks.cpp:965,1,10,primary=1;eh=0;shared=0;selfmod=0,NO_COMPILE,,,,,,,
0x0044CFF0,??__Eg_IFACE_STD_POPUPS_TOP_RIGHT_SPRITE@@YAXXZ,src/init_thunks.cpp:822,1,22,primary=1;eh=0;shared=0;selfmod=0,NO_COMPILE,,,,,,,
0x0044D010,??__Fg_IFACE_STD_POPUPS_TOP_RIGHT_SPRITE@@YAXXZ,src/atexit_thunks.cpp:975,1,10,primary=1;eh=0;shared=0;selfmod=0,NO_COMPILE,,,,,,,
0x0044D020,??__Eg_IFACE_STD_POPUPS_BOT_LEFT_SPRITE@@YAXXZ,src/init_thunks.cpp:833,1,22,primary=1;eh=0;shared=0;selfmod=0,NO_COMPILE,,,,,,,
0x0044D040,??__Fg_IFACE_STD_POPUPS_BOT_LEFT_SPRITE@@YAXXZ,src/atexit_thunks.cpp:985,1,10,primary=1;eh=0;shared=0;selfmod=0,NO_COMPILE,,,,,,,
0x0044D050,??__Eg_IFACE_STD_POPUPS_BOT_RIGHT_SPRITE@@YAXXZ,src/init_thunks.cpp:844,1,22,primary=1;eh=0;shared=0;selfmod=0,NO_COMPILE,,,,,,,
0x0044D070,??__Fg_IFACE_STD_POPUPS_BOT_RIGHT_SPRITE@@YAXXZ,src/atexit_thunks.cpp:995,1,10,primary=1;eh=0;shared=0;selfmod=0,NO_COMPILE,,,,,,,
0x0044D080,??__Eg_IFACE_STD_POPUPS_TOP_MID_SPRITE@@YAXXZ,src/init_thunks.cpp:855,1,22,primary=1;eh=0;shared=0;selfmod=0,NO_COMPILE,,,,,,,
0x0044D0A0,??__Fg_IFACE_STD_POPUPS_TOP_MID_SPRITE@@YAXXZ,src/atexit_thunks.cpp:1005,1,10,primary=1;eh=0;shared=0;selfmod=0,NO_COMPILE,,,,,,,
0x0044D0B0,??__Eg_IFACE_STD_POPUPS_BOT_MID_SPRITE@@YAXXZ,src/init_thunks.cpp:866,1,22,primary=1;eh=0;shared=0;selfmod=0,NO_COMPILE,,,,,,,
0x0044D0D0,??__Fg_IFACE_STD_POPUPS_BOT_MID_SPRITE@@YAXXZ,src/atexit_thunks.cpp:1015,1,10,primary=1;eh=0;shared=0;selfmod=0,NO_COMPILE,,,,,,,
0x0044D0E0,??__Eg_IFACE_STD_POPUPS_MID_LEFT_SPRITE@@YAXXZ,src/init_thunks.cpp:877,1,22,primary=1;eh=0;shared=0;selfmod=0,NO_COMPILE,,,,,,,
0x0044D100,??__Fg_IFACE_STD_POPUPS_MID_LEFT_SPRITE@@YAXXZ,src/atexit_thunks.cpp:1025,1,10,primary=1;eh=0;shared=0;selfmod=0,NO_COMPILE,,,,,,,
0x0044D110,??__Eg_IFACE_STD_POPUPS_MID_RIGHT_SPRITE@@YAXXZ,src/init_thunks.cpp:888,1,22,primary=1;eh=0;shared=0;selfmod=0,NO_COMPILE,,,,,,,
0x0044D130,??__Fg_IFACE_STD_POPUPS_MID_RIGHT_SPRITE@@YAXXZ,src/atexit_thunks.cpp:1035,1,10,primary=1;eh=0;shared=0;selfmod=0,NO_COMPILE,,,,,,,
0x0044D140,??__Eg_IFACE_STD_POPUPS_MIDDLE_BUFFER@@YAXXZ,src/init_thunks.cpp:899,1,22,primary=1;eh=0;shared=0;selfmod=0,NO_COMPILE,,,,,,,
0x0044D160,??__Fg_IFACE_STD_POPUPS_MIDDLE_BUFFER@@YAXXZ,src/atexit_thunks.cpp:1045,1,10,primary=1;eh=0;shared=0;selfmod=0,NO_COMPILE,,,,,,,
0x0044D170,??__Eg_UNUSED_CAVIARDATA_VAR1@@YAXXZ,src/init_thunks.cpp:910,1,22,primary=1;eh=0;shared=0;selfmod=0,NO_COMPILE,,,,,,,
0x0044D190,??__Fg_UNUSED_CAVIARDATA_VAR1@@YAXXZ,src/atexit_thunks.cpp:1055,1,10,primary=1;eh=0;shared=0;selfmod=0,NO_COMPILE,,,,,,,
0x0044D1A0,??__Eg_SSF_CAVIARDATA@@YAXXZ,src/init_thunks.cpp:921,1,22,primary=1;eh=0;shared=0;selfmod=0,NO_COMPILE,,,,,,,
0x0044D1C0,??__Fg_SSF_CAVIARDATA@@YAXXZ,src/atexit_thunks.cpp:1065,1,10,primary=1;eh=0;shared=0;selfmod=0,NO_COMPILE,,,,,,,
0x0044D1D0,??__Eg_SDP_CAVIARDATA@@YAXXZ,src/init_thunks.cpp:932,1,22,primary=1;eh=0;shared=0;selfmod=0,NO_COMPILE,,,,,,,
0x0044D1F0,??__Fg_SDP_CAVIARDATA@@YAXXZ,src/atexit_thunks.cpp:1075,1,10,primary=1;eh=0;shared=0;selfmod=0,NO_COMPILE,,,,,,,
0x0044D200,??__Eg_SAS_CAVIARDATA@@YAXXZ,src/init_thunks.cpp:943,1,22,primary=1;eh=0;shared=0;selfmod=0,NO_COMPILE,,,,,,,
0x0044D220,??__Fg_SAS_CAVIARDATA@@YAXXZ,src/atexit_thunks.cpp:1085,1,10,primary=1;eh=0;shared=0;selfmod=0,NO_COMPILE,,,,,,,
0x0044D230,??__Eg_SCD_CAVIARDATA@@YAXXZ,src/init_thunks.cpp:954,1,22,primary=1;eh=0;shared=0;selfmod=0,NO_COMPILE,,,,,,,
0x0044D250,??__Fg_SCD_CAVIARDATA@@YAXXZ,src/atexit_thunks.cpp:1095,1,10,primary=1;eh=0;shared=0;selfmod=0,NO_COMPILE,,,,,,,
0x0044D260,??__Eg_SCJ_CAVIARDATA@@YAXXZ,src/init_thunks.cpp:965,1,22,primary=1;eh=0;shared=0;selfmod=0,NO_COMPILE,,,,,,,
0x0044D280,??__Fg_SCJ_CAVIARDATA@@YAXXZ,src/atexit_thunks.cpp:1105,1,10,primary=1;eh=0;shared=0;selfmod=0,NO_COMPILE,,,,,,,
0x0044D290,??__Eg_SAGS_CAVIARDATA@@YAXXZ,src/init_thunks.cpp:976,1,22,primary=1;eh=0;shared=0;selfmod=0,NO_COMPILE,,,,,,,
0x0044D2B0,??__Fg_SAGS_CAVIARDATA@@YAXXZ,src/atexit_thunks.cpp:1115,1,10,primary=1;eh=0;shared=0;selfmod=0,NO_COMPILE,,,,,,,
0x0044D2C0,??__Eg_SFT_CAVIARDATA@@YAXXZ,src/init_thunks.cpp:987,1,22,primary=1;eh=0;shared=0;selfmod=0,NO_COMPILE,,,,,,,
0x0044D2E0,??__Fg_SFT_CAVIARDATA@@YAXXZ,src/atexit_thunks.cpp:1125,1,10,primary=1;eh=0;shared=0;selfmod=0,NO_COMPILE,,,,,,,
0x0044D2F0,??__Eg_VHR_CAVIARDATA1@@YAXXZ,src/init_thunks.cpp:998,1,22,primary=1;eh=0;shared=0;selfmod=0,NO_COMPILE,,,,,,,
0x0044D310,??__Fg_VHR_CAVIARDATA1@@YAXXZ,src/atexit_thunks.cpp:1135,1,10,primary=1;eh=0;shared=0;selfmod=0,NO_COMPILE,,,,,,,
0x0044D320,??__Eg_SHT_CAVIARDATA@@YAXXZ,src/init_thunks.cpp:1009,1,22,primary=1;eh=0;shared=0;selfmod=0,NO_COMPILE,,,,,,,
0x0044D340,??__Fg_SHT_CAVIARDATA@@YAXXZ,src/atexit_thunks.cpp:1145,1,10,primary=1;eh=0;shared=0;selfmod=0,NO_COMPILE,,,,,,,
0x0044D350,??__Eg_SRB_CAVIARDATA@@YAXXZ,src/init_thunks.cpp:1020,1,22,primary=1;eh=0;shared=0;selfmod=0,NO_COMPILE,,,,,,,
0x0044D370,??__Fg_SRB_CAVIARDATA@@YAXXZ,src/atexit_thunks.cpp:1155,1,10,primary=1;eh=0;shared=0;selfmod=0,NO_COMPILE,,,,,,,
0x0044D380,??__Eg_ASAS_CAVIARDATA@@YAXXZ,src/init_thunks.cpp:1031,1,22,primary=1;eh=0;shared=0;selfmod=0,NO_COMPILE,,,,,,,
0x0044D3A0,??__Fg_ASAS_CAVIARDATA@@YAXXZ,src/atexit_thunks.cpp:1165,1,10,primary=1;eh=0;shared=0;selfmod=0,NO_COMPILE,,,,,,,
0x0044D3B0,??__Eg_RESLASER_CAVIARDATA@@YAXXZ,src/init_thunks.cpp:1042,1,22,primary=1;eh=0;shared=0;selfmod=0,NO_COMPILE,,,,,,,
0x0044D3D0,??__Fg_RESLASER_CAVIARDATA@@YAXXZ,src/atexit_thunks.cpp:1175,1,10,primary=1;eh=0;shared=0;selfmod=0,NO_COMPILE,,,,,,,
0x0044D3E0,??__Eg_RESBOLT_CAVIARDATA@@YAXXZ,src/init_thunks.cpp:1053,1,22,primary=1;eh=0;shared=0;selfmod=0,NO_COMPILE,,,,,,,
0x0044D400,??__Fg_RESBOLT_CAVIARDATA@@YAXXZ,src/atexit_thunks.cpp:1185,1,10,primary=1;eh=0;shared=0;selfmod=0,NO_COMPILE,,,,,,,
0x0044D410,??__Eg_FUNLOAD_CAVIARDATA@@YAXXZ,src/init_thunks.cpp:1064,1,22,primary=1;eh=0;shared=0;selfmod=0,NO_COMPILE,,,,,,,
0x0044D430,??__Fg_FUNLOAD_CAVIARDATA@@YAXXZ,src/atexit_thunks.cpp:1195,1,10,primary=1;eh=0;shared=0;selfmod=0,NO_COMPILE,,,,,,,
0x0044D440,??__Eg_TECLOAD_CAVIARDATA@@YAXXZ,src/init_thunks.cpp:1075,1,22,primary=1;eh=0;shared=0;selfmod=0,NO_COMPILE,,,,,,,
0x0044D460,??__Fg_TECLOAD_CAVIARDATA@@YAXXZ,src/atexit_thunks.cpp:1205,1,10,primary=1;eh=0;shared=0;selfmod=0,NO_COMPILE,,,,,,,
0x0044D470,??__Eg_SP_DISSWAVE_CAVIARDATA@@YAXXZ,src/init_thunks.cpp:1086,1,22,primary=1;eh=0;shared=0;selfmod=0,NO_COMPILE,,,,,,,
0x0044D490,??__Fg_SP_DISSWAVE_CAVIARDATA@@YAXXZ,src/atexit_thunks.cpp:1215,1,10,primary=1;eh=0;shared=0;selfmod=0,NO_COMPILE,,,,,,,
0x0044D4A0,??__Eg_SP_MARINED_CAVIARDATA@@YAXXZ,src/init_thunks.cpp:1097,1,22,primary=1;eh=0;shared=0;selfmod=0,NO_COMPILE,,,,,,,
0x0044D4C0,??__Fg_SP_MARINED_CAVIARDATA@@YAXXZ,src/atexit_thunks.cpp:1225,1,10,primary=1;eh=0;shared=0;selfmod=0,NO_COMPILE,,,,,,,
0x0044D4D0,??__Eg_SP_NANOO_CAVIARDATA@@YAXXZ,src/init_thunks.cpp:1108,1,22,primary=1;eh=0;shared=0;selfmod=0,NO_COMPILE,,,,,,,
0x0044D4F0,??__Fg_SP_NANOO_CAVIARDATA@@YAXXZ,src/atexit_thunks.cpp:1235,1,10,primary=1;eh=0;shared=0;selfmod=0,NO_COMPILE,,,,,,,
0x0044D500,??__Eg_SP_SOPORIFIC_CAVIARDATA@@YAXXZ,src/init_thunks.cpp:1119,1,22,primary=1;eh=0;shared=0;selfmod=0,NO_COMPILE,,,,,,,
0x0044D520,??__Fg_SP_SOPORIFIC_CAVIARDATA@@YAXXZ,src/atexit_thunks.cpp:1245,1,10,primary=1;eh=0;shared=0;selfmod=0,NO_COMPILE,,,,,,,
0x0044D530,??__Eg_AA01_CAVIARDATA@@YAXXZ,src/init_thunks.cpp:1130,1,22,primary=1;eh=0;shared=0;selfmod=0,NO_COMPILE,,,,,,,
0x0044D550,??__Fg_AA01_CAVIARDATA@@YAXXZ,src/atexit_thunks.cpp:1255,1,10,primary=1;eh=0;shared=0;selfmod=0,NO_COMPILE,,,,,,,
0x0044D560,??__Eg_AA_ROVER_CAVIARDATA@@YAXXZ,src/init_thunks.cpp:1141,1,22,primary=1;eh=0;shared=0;selfmod=0,NO_COMPILE,,,,,,,
0x0044D580,??__Fg_AA_ROVER_CAVIARDATA@@YAXXZ,src/atexit_thunks.cpp:1265,1,10,primary=1;eh=0;shared=0;selfmod=0,NO_COMPILE,,,,,,,
0x0044D590,??__Eg_AA_WING_CAVIARDATA@@YAXXZ,src/init_thunks.cpp:1152,1,36,primary=1;eh=0;shared=0;selfmod=0,NO_COMPILE,,,,,,,
0x0044D5C0,??__Fg_AA_WING_CAVIARDATA@@YAXXZ,src/atexit_thunks.cpp:1275,1,20,primary=1;eh=0;shared=0;selfmod=0,NO_COMPILE,,,,,,,
0x0044D5E0,??__Eg_ACP_CAVIARDATA@@YAXXZ,src/init_thunks.cpp:1163,1,36,primary=1;eh=0;shared=0;selfmod=0,NO_COMPILE,,,,,,,
0x0044D610,??__Fg_ACP_CAVIARDATA@@YAXXZ,src/atexit_thunks.cpp:1285,1,20,primary=1;eh=0;shared=0;selfmod=0,NO_COMPILE,,,,,,,
0x0044D630,??__Eg_AX_CAVIARDATA@@YAXXZ,src/init_thunks.cpp:1174,1,22,primary=1;eh=0;shared=0;selfmod=0,NO_COMPILE,,,,,,,
0x0044D650,??__Fg_AX_CAVIARDATA@@YAXXZ,src/atexit_thunks.cpp:1295,1,10,primary=1;eh=0;shared=0;selfmod=0,NO_COMPILE,,,,,,,
0x0044D660,??__Eg_AA_CAVIARDATA@@YAXXZ,src/init_thunks.cpp:1185,1,22,primary=1;eh=0;shared=0;selfmod=0,NO_COMPILE,,,,,,,
0x0044D680,??__Fg_AA_CAVIARDATA@@YAXXZ,src/atexit_thunks.cpp:1305,1,10,primary=1;eh=0;shared=0;selfmod=0,NO_COMPILE,,,,,,,
0x0044D690,??__Eg_ACOLPOD_CAVIARDATA@@YAXXZ,src/init_thunks.cpp:1196,1,22,primary=1;eh=0;shared=0;selfmod=0,NO_COMPILE,,,,,,,
0x0044D6B0,??__Fg_ACOLPOD_CAVIARDATA@@YAXXZ,src/atexit_thunks.cpp:1315,1,10,primary=1;eh=0;shared=0;selfmod=0,NO_COMPILE,,,,,,,
0x0044D6C0,??__Eg_AT_CAVIARDATA@@YAXXZ,src/init_thunks.cpp:1207,1,22,primary=1;eh=0;shared=0;selfmod=0,NO_COMPILE,,,,,,,
0x0044D6E0,??__Fg_AT_CAVIARDATA@@YAXXZ,src/atexit_thunks.cpp:1325,1,10,primary=1;eh=0;shared=0;selfmod=0,NO_COMPILE,,,,,,,
0x0044D6F0,??__Eg_VTA_CAVIARDATA@@YAXXZ,src/init_thunks.cpp:1218,1,22,primary=1;eh=0;shared=0;selfmod=0,NO_COMPILE,,,,,,,
0x0044D710,??__Fg_VTA_CAVIARDATA@@YAXXZ,src/atexit_thunks.cpp:1335,1,10,primary=1;eh=0;shared=0;selfmod=0,NO_COMPILE,,,,,,,
0x0044D720,??__Eg_ATP_CAVIARDATA@@YAXXZ,src/init_thunks.cpp:1229,1,22,primary=1;eh=0;shared=0;selfmod=0,NO_COMPILE,,,,,,,
0x0044D740,??__Fg_ATP_CAVIARDATA@@YAXXZ,src/atexit_thunks.cpp:1345,1,10,primary=1;eh=0;shared=0;selfmod=0,NO_COMPILE,,,,,,,
0x0044D750,??__Eg_SSFA_CAVIARDATA@@YAXXZ,src/init_thunks.cpp:1240,1,22,primary=1;eh=0;shared=0;selfmod=0,NO_COMPILE,,,,,,,
0x0044D770,??__Fg_SSFA_CAVIARDATA@@YAXXZ,src/atexit_thunks.cpp:1355,1,10,primary=1;eh=0;shared=0;selfmod=0,NO_COMPILE,,,,,,,
0x0044D780,??__Eg_SFTA_CAVIARDATA@@YAXXZ,src/init_thunks.cpp:1251,1,22,primary=1;eh=0;shared=0;selfmod=0,NO_COMPILE,,,,,,,
0x0044D7A0,??__Fg_SFTA_CAVIARDATA@@YAXXZ,src/atexit_thunks.cpp:1365,1,10,primary=1;eh=0;shared=0;selfmod=0,NO_COMPILE,,,,,,,
0x0044D7B0,??__Eg_VW00_CAVIARDATA@@YAXXZ,src/init_thunks.cpp:1262,1,22,primary=1;eh=0;shared=0;selfmod=0,NO_COMPILE,,,,,,,
0x0044D7D0,??__Fg_VW00_CAVIARDATA@@YAXXZ,src/atexit_thunks.cpp:1375,1,10,primary=1;eh=0;shared=0;selfmod=0,NO_COMPILE,,,,,,,
0x0044D7E0,??__Eg_VIPTAWL_CAVIARDATA@@YAXXZ,src/init_thunks.cpp:1273,1,22,primary=1;eh=0;shared=0;selfmod=0,NO_COMPILE,,,,,,,
0x0044D800,??__Fg_VIPTAWL_CAVIARDATA@@YAXXZ,src/atexit_thunks.cpp:1385,1,10,primary=1;eh=0;shared=0;selfmod=0,NO_COMPILE,,,,,,,
0x0044D810,??__Eg_VIPTASGN_CAVIARDATA@@YAXXZ,src/init_thunks.cpp:1284,1,22,primary=1;eh=0;shared=0;selfmod=0,NO_COMPILE,,,,,,,
0x0044D830,??__Fg_VIPTASGN_CAVIARDATA@@YAXXZ,src/atexit_thunks.cpp:1395,1,10,primary=1;eh=0;shared=0;selfmod=0,NO_COMPILE,,,,,,,
0x0044D840,??__Eg_VIPTAPSI_CAVIARDATA@@YAXXZ,src/init_thunks.cpp:1295,1,22,primary=1;eh=0;shared=0;selfmod=0,NO_COMPILE,,,,,,,
0x0044D860,??__Fg_VIPTAPSI_CAVIARDATA@@YAXXZ,src/atexit_thunks.cpp:1405,1,10,primary=1;eh=0;shared=0;selfmod=0,NO_COMPILE,,,,,,,
0x0044D870,??__Eg_VIPTR_CAVIARDATA@@YAXXZ,src/init_thunks.cpp:1306,1,36,primary=1;eh=0;shared=0;selfmod=0,NO_COMPILE,,,,,,,
0x0044D8A0,??__Fg_VIPTR_CAVIARDATA@@YAXXZ,src/atexit_thunks.cpp:1415,1,20,primary=1;eh=0;shared=0;selfmod=0,NO_COMPILE,,,,,,,
0x0044D8C0,??__Eg_VIPTA_CAVIARDATA@@YAXXZ,src/init_thunks.cpp:1317,1,36,primary=1;eh=0;shared=0;selfmod=0,NO_COMPILE,,,,,,,
0x0044D8F0,??__Fg_VIPTA_CAVIARDATA@@YAXXZ,src/atexit_thunks.cpp:1425,1,20,primary=1;eh=0;shared=0;selfmod=0,NO_COMPILE,,,,,,,
0x0044D910,??__Eg_PTMOD_CAVIARDATA@@YAXXZ,src/init_thunks.cpp:1328,1,22,primary=1;eh=0;shared=0;selfmod=0,NO_COMPILE,,,,,,,
0x0044D930,??__Fg_PTMOD_CAVIARDATA@@YAXXZ,src/atexit_thunks.cpp:1435,1,10,primary=1;eh=0;shared=0;selfmod=0,NO_COMPILE,,,,,,,
0x0044D940,??__Eg_VB_CAVIARDATA@@YAXXZ,src/init_thunks.cpp:1339,1,22,primary=1;eh=0;shared=0;selfmod=0,NO_COMPILE,,,,,,,
0x0044D960,??__Fg_VB_CAVIARDATA@@YAXXZ,src/atexit_thunks.cpp:1445,1,10,primary=1;eh=0;shared=0;selfmod=0,NO_COMPILE,,,,,,,
0x0044D970,??__Eg_VBP_CAVIARDATA@@YAXXZ,src/init_thunks.cpp:1350,1,22,primary=1;eh=0;shared=0;selfmod=0,NO_COMPILE,,,,,,,
0x0044D990,??__Fg_VBP_CAVIARDATA@@YAXXZ,src/atexit_thunks.cpp:1455,1,10,primary=1;eh=0;shared=0;selfmod=0,NO_COMPILE,,,,,,,
0x0044D9A0,??__Eg_VGMC_CAVIARDATA@@YAXXZ,src/init_thunks.cpp:1361,1,22,primary=1;eh=0;shared=0;selfmod=0,NO_COMPILE,,,,,,,
0x0044D9C0,??__Fg_VGMC_CAVIARDATA@@YAXXZ,src/atexit_thunks.cpp:1465,1,10,primary=1;eh=0;shared=0;selfmod=0,NO_COMPILE,,,,,,,
0x0044D9D0,??__Eg_VGMCP_CAVIARDATA@@YAXXZ,src/init_thunks.cpp:1372,1,22,primary=1;eh=0;shared=0;selfmod=0,NO_COMPILE,,,,,,,
0x0044D9F0,??__Fg_VGMCP_CAVIARDATA@@YAXXZ,src/atexit_thunks.cpp:1475,1,10,primary=1;eh=0;shared=0;selfmod=0,NO_COMPILE,,,,,,,
0x0044DA00,??__Eg_VLIGHTS_CAVIARDATA@@YAXXZ,src/init_thunks.cpp:1383,1,22,primary=1;eh=0;shared=0;selfmod=0,NO_COMPILE,,,,,,,
0x0044DA20,??__Fg_VLIGHTS_CAVIARDATA@@YAXXZ,src/atexit_thunks.cpp:1485,1,10,primary=1;eh=0;shared=0;selfmod=0,NO_COMPILE,,,,,,,
0x0044DA30,??__Eg_VPT_CAVIARDATA@@YAXXZ,src/init_thunks.cpp:1394,1,22,primary=1;eh=0;shared=0;selfmod=0,NO_COMPILE,,,,,,,
0x0044DA50,??__Fg_VPT_CAVIARDATA@@YAXXZ,src/atexit_thunks.cpp:1495,1,10,primary=1;eh=0;shared=0;selfmod=0,NO_COMPILE,,,,,,,
0x0044DA60,??__Eg_A_CAVIARDATA@@YAXXZ,src/init_thunks.cpp:1405,1,22,primary=1;eh=0;shared=0;selfmod=0,NO_COMPILE,,,,,,,
0x0044DA80,??__Fg_A_CAVIARDATA@@YAXXZ,src/atexit_thunks.cpp:1505,1,10,primary=1;eh=0;shared=0;selfmod=0,NO_COMPILE,,,,,,,
0x0044DA90,??__Eg_APWALL_CAVIARDATA@@YAXXZ,src/init_thunks.cpp:1416,1,22,primary=1;eh=0;shared=0;selfmod=0,NO_COMPILE,,,,,,,
0x0044DAB0,??__Fg_APWALL_CAVIARDATA@@YAXXZ,src/atexit_thunks.cpp:1515,1,10,primary=1;eh=0;shared=0;selfmod=0,NO_COMPILE,,,,,,,
0x0044DAC0,??__Eg_ASGEN_CAVIARDATA@@YAXXZ,src/init_thunks.cpp:1427,1,22,primary=1;eh=0;shared=0;selfmod=0,NO_COMPILE,,,,,,,
0x0044DAE0,??__Fg_ASGEN_CAVIARDATA@@YAXXZ,src/atexit_thunks.cpp:1525,1,10,primary=1;eh=0;shared=0;selfmod=0,NO_COMPILE,,,,,,,
0x0044DAF0,??__Eg_APSID_CAVIARDATA@@YAXXZ,src/init_thunks.cpp:1438,1,22,primary=1;eh=0;shared=0;selfmod=0,NO_COMPILE,,,,,,,
0x0044DB10,??__Fg_APSID_CAVIARDATA@@YAXXZ,src/atexit_thunks.cpp:1535,1,10,primary=1;eh=0;shared=0;selfmod=0,NO_COMPILE,,,,,,,
0x0044DB20,??__Eg_VA01_CAVIARDATA@@YAXXZ,src/init_thunks.cpp:1449,1,22,primary=1;eh=0;shared=0;selfmod=0,NO_COMPILE,,,,,,,
0x0044DB40,??__Fg_VA01_CAVIARDATA@@YAXXZ,src/atexit_thunks.cpp:1545,1,10,primary=1;eh=0;shared=0;selfmod=0,NO_COMPILE,,,,,,,
0x0044DB50,??__Eg_VR_CAVIARDATA@@YAXXZ,src/init_thunks.cpp:1460,1,36,primary=1;eh=0;shared=0;selfmod=0,NO_COMPILE,,,,,,,
0x0044DB80,??__Fg_VR_CAVIARDATA@@YAXXZ,src/atexit_thunks.cpp:1555,1,20,primary=1;eh=0;shared=0;selfmod=0,NO_COMPILE,,,,,,,
0x0044DBA0,??__Eg_VHR_CAVIARDATA2@@YAXXZ,src/init_thunks.cpp:1471,1,22,primary=1;eh=0;shared=0;selfmod=0,NO_COMPILE,,,,,,,
0x0044DBC0,??__Fg_VHR_CAVIARDATA2@@YAXXZ,src/atexit_thunks.cpp:1565,1,10,primary=1;eh=0;shared=0;selfmod=0,NO_COMPILE,,,,,,,
0x0044DBD0,??__Eg_VRC_CAVIARDATA@@YAXXZ,src/init_thunks.cpp:1482,1,36,primary=1;eh=0;shared=0;selfmod=0,NO_COMPILE,,,,,,,
0x0044DC00,??__Fg_VRC_CAVIARDATA@@YAXXZ,src/atexit_thunks.cpp:1575,1,20,primary=1;eh=0;shared=0;selfmod=0,NO_COMPILE,,,,,,,
0x0044DC20,??__Eg_VI_CAVIARDATA@@YAXXZ,src/init_thunks.cpp:1493,1,22,primary=1;eh=0;shared=0;selfmod=0,NO_COMPILE,,,,,,,
0x0044DC40,??__Fg_VI_CAVIARDATA@@YAXXZ,src/atexit_thunks.cpp:1585,1,10,primary=1;eh=0;shared=0;selfmod=0,NO_COMPILE,,,,,,,
0x0044DC50,??__Eg_VGMT_CAVIARDATA@@YAXXZ,src/init_thunks.cpp:1504,1,22,primary=1;eh=0;shared=0;selfmod=0,NO_COMPILE,,,,,,,
0x0044DC70,??__Fg_VGMT_CAVIARDATA@@YAXXZ,src/atexit_thunks.cpp:1595,1,10,primary=1;eh=0;shared=0;selfmod=0,NO_COMPILE,,,,,,,
0x0044DC80,??__Eg_VGMTP_CAVIARDATA@@YAXXZ,src/init_thunks.cpp:1515,1,22,primary=1;eh=0;shared=0;selfmod=0,NO_COMPILE,,,,,,,
0x0044DCA0,??__Fg_VGMTP_CAVIARDATA@@YAXXZ,src/atexit_thunks.cpp:1605,1,10,primary=1;eh=0;shared=0;selfmod=0,NO_COMPILE,,,,,,,
0x0044DCB0,??__Eg_UNUSED_CAVIARDATA_VAR2@@YAXXZ,src/init_thunks.cpp:1526,1,22,primary=1;eh=0;shared=0;selfmod=0,NO_COMPILE,,,,,,,
0x0044DCD0,??__Fg_UNUSED_CAVIARDATA_VAR2@@YAXXZ,src/atexit_thunks.cpp:1615,1,10,primary=1;eh=0;shared=0;selfmod=0,NO_COMPILE,,,,,,,
0x0044DCE0,??__Eg_VWNTU_CAVIARDATA@@YAXXZ,src/init_thunks.cpp:1537,1,22,primary=1;eh=0;shared=0;selfmod=0,NO_COMPILE,,,,,,,
0x0044DD00,??__Fg_VWNTU_CAVIARDATA@@YAXXZ,src/atexit_thunks.cpp:1625,1,10,primary=1;eh=0;shared=0;selfmod=0,NO_COMPILE,,,,,,,
0x0044DD10,??__Eg_VT_CAVIARDATA@@YAXXZ,src/init_thunks.cpp:1548,1,22,primary=1;eh=0;shared=0;selfmod=0,NO_COMPILE,,,,,,,
0x0044DD30,??__Fg_VT_CAVIARDATA@@YAXXZ,src/atexit_thunks.cpp:1635,1,10,primary=1;eh=0;shared=0;selfmod=0,NO_COMPILE,,,,,,,
0x0044DD40,??__Eg_DROP_CAVIARDATA@@YAXXZ,src/init_thunks.cpp:1559,1,22,primary=1;eh=0;shared=0;selfmod=0,NO_COMPILE,,,,,,,
0x0044DD60,??__Fg_DROP_CAVIARDATA@@YAXXZ,src/atexit_thunks.cpp:1645,1,10,primary=1;eh=0;shared=0;selfmod=0,NO_COMPILE,,,,,,,
0x0044DD70,??__Eg_DROPLET_CAVIARDATA@@YAXXZ,src/init_thunks.cpp:1570,1,22,primary=1;eh=0;shared=0;selfmod=0,NO_COMPILE,,,,,,,
0x0044DD90,??__Fg_DROPLET_CAVIARDATA@@YAXXZ,src/atexit_thunks.cpp:1655,1,10,primary=1;eh=0;shared=0;selfmod=0,NO_COMPILE,,,,,,,
0x0044DDA0,??__Eg_VCL_CAVIARDATA@@YAXXZ,src/init_thunks.cpp:1581,1,22,primary=1;eh=0;shared=0;selfmod=0,NO_COMPILE,,,,,,,
0x0044DDC0,??__Fg_VCL_CAVIARDATA@@YAXXZ,src/atexit_thunks.cpp:1665,1,10,primary=1;eh=0;shared=0;selfmod=0,NO_COMPILE,,,,,,,
0x0044DDD0,??__Eg_UNUSED_CAVIARDATA_VAR3@@YAXXZ,src/init_thunks.cpp:1592,1,36,primary=1;eh=0;shared=0;selfmod=0,NO_COMPILE,,,,,,,
0x0044DE00,??__Fg_UNUSED_CAVIARDATA_VAR3@@YAXXZ,src/atexit_thunks.cpp:1675,1,20,primary=1;eh=0;shared=0;selfmod=0,NO_COMPILE,,,,,,,
0x0044DE20,??__Eg_VCLT00_CAVIARDATA@@YAXXZ,src/init_thunks.cpp:1603,1,22,primary=1;eh=0;shared=0;selfmod=0,NO_COMPILE,,,,,,,
0x0044DE40,??__Fg_VCLT00_CAVIARDATA@@YAXXZ,src/atexit_thunks.cpp:1685,1,10,primary=1;eh=0;shared=0;selfmod=0,NO_COMPILE,,,,,,,
0x0044DE50,??__Eg_VHT_VBP_CAVIARDATA@@YAXXZ,src/init_thunks.cpp:1614,1,22,primary=1;eh=0;shared=0;selfmod=0,NO_COMPILE,,,,,,,
0x0044DE70,??__Fg_VHT_VBP_CAVIARDATA@@YAXXZ,src/atexit_thunks.cpp:1695,1,10,primary=1;eh=0;shared=0;selfmod=0,NO_COMPILE,,,,,,,
0x0044DE80,??__Eg_VHTP_CAVIARDATA@@YAXXZ,src/init_thunks.cpp:1625,1,22,primary=1;eh=0;shared=0;selfmod=0,NO_COMPILE,,,,,,,
0x0044DEA0,??__Fg_VHTP_CAVIARDATA@@YAXXZ,src/atexit_thunks.cpp:1705,1,10,primary=1;eh=0;shared=0;selfmod=0,NO_COMPILE,,,,,,,
0x0044DEB0,??__Eg_VHTA0_CAVIARDATA@@YAXXZ,src/init_thunks.cpp:1636,1,36,primary=1;eh=0;shared=0;selfmod=0,NO_COMPILE,,,,,,,
0x0044DEE0,??__Fg_VHTA0_CAVIARDATA@@YAXXZ,src/atexit_thunks.cpp:1715,1,20,primary=1;eh=0;shared=0;selfmod=0,NO_COMPILE,,,,,,,
0x0044DF00,??__Eg_VHTTP_CAVIARDATA@@YAXXZ,src/init_thunks.cpp:1647,1,22,primary=1;eh=0;shared=0;selfmod=0,NO_COMPILE,,,,,,,
0x0044DF20,??__Fg_VHTTP_CAVIARDATA@@YAXXZ,src/atexit_thunks.cpp:1725,1,10,primary=1;eh=0;shared=0;selfmod=0,NO_COMPILE,,,,,,,
0x0044DF30,??__Eg_VHTTPA0_CAVIARDATA@@YAXXZ,src/init_thunks.cpp:1658,1,36,primary=1;eh=0;shared=0;selfmod=0,NO_COMPILE,,,,,,,
0x0044DF60,??__Fg_VHTTPA0_CAVIARDATA@@YAXXZ,src/atexit_thunks.cpp:1735,1,20,primary=1;eh=0;shared=0;selfmod=0,NO_COMPILE,,,,,,,
0x0044DF80,??__Eg_VSP_CAVIARDATA@@YAXXZ,src/init_thunks.cpp:1669,1,22,primary=1;eh=0;shared=0;selfmod=0,NO_COMPILE,,,,,,,
0x0044DFA0,??__Fg_VSP_CAVIARDATA@@YAXXZ,src/atexit_thunks.cpp:1745,1,10,primary=1;eh=0;shared=0;selfmod=0,NO_COMPILE,,,,,,,
0x0044DFB0,??__Eg_VSPA0_CAVIARDATA@@YAXXZ,src/init_thunks.cpp:1680,1,36,primary=1;eh=0;shared=0;selfmod=0,NO_COMPILE,,,,,,,
0x0044DFE0,??__Fg_VSPA0_CAVIARDATA@@YAXXZ,src/atexit_thunks.cpp:1755,1,20,primary=1;eh=0;shared=0;selfmod=0,NO_COMPILE,,,,,,,
0x0044E000,??__Eg_VSPTF_CAVIARDATA@@YAXXZ,src/init_thunks.cpp:1691,1,22,primary=1;eh=0;shared=0;selfmod=0,NO_COMPILE,,,,,,,
0x0044E020,??__Fg_VSPTF_CAVIARDATA@@YAXXZ,src/atexit_thunks.cpp:1765,1,10,primary=1;eh=0;shared=0;selfmod=0,NO_COMPILE,,,,,,,
0x0044E030,??__Eg_VSPTB_CAVIARDATA@@YAXXZ,src/init_thunks.cpp:1702,1,22,primary=1;eh=0;shared=0;selfmod=0,NO_COMPILE,,,,,,,
0x0044E050,??__Fg_VSPTB_CAVIARDATA@@YAXXZ,src/atexit_thunks.cpp:1775,1,10,primary=1;eh=0;shared=0;selfmod=0,NO_COMPILE,,,,,,,
0x0044E060,??__Eg_VFL_CAVIARDATA@@YAXXZ,src/init_thunks.cpp:1713,1,22,primary=1;eh=0;shared=0;selfmod=0,NO_COMPILE,,,,,,,
0x0044E080,??__Fg_VFL_CAVIARDATA@@YAXXZ,src/atexit_thunks.cpp:1785,1,10,primary=1;eh=0;shared=0;selfmod=0,NO_COMPILE,,,,,,,
0x0044E090,??__Eg_VGS_CAVIARDATA@@YAXXZ,src/init_thunks.cpp:1724,1,22,primary=1;eh=0;shared=0;selfmod=0,NO_COMPILE,,,,,,,
0x0044E0B0,??__Fg_VGS_CAVIARDATA@@YAXXZ,src/atexit_thunks.cpp:1795,1,10,primary=1;eh=0;shared=0;selfmod=0,NO_COMPILE,,,,,,,
0x0044E0C0,??__Eg_VGSP_CAVIARDATA@@YAXXZ,src/init_thunks.cpp:1735,1,22,primary=1;eh=0;shared=0;selfmod=0,NO_COMPILE,,,,,,,
0x0044E0E0,??__Fg_VGSP_CAVIARDATA@@YAXXZ,src/atexit_thunks.cpp:1805,1,10,primary=1;eh=0;shared=0;selfmod=0,NO_COMPILE,,,,,,,
0x0044E0F0,??__Eg_VJTP_CAVIARDATA@@YAXXZ,src/init_thunks.cpp:1746,1,22,primary=1;eh=0;shared=0;selfmod=0,NO_COMPILE,,,,,,,
0x0044E110,??__Fg_VJTP_CAVIARDATA@@YAXXZ,src/atexit_thunks.cpp:1815,1,10,primary=1;eh=0;shared=0;selfmod=0,NO_COMPILE,,,,,,,
0x0044E120,??__Eg_VJT0_CAVIARDATA@@YAXXZ,src/init_thunks.cpp:1757,1,36,primary=1;eh=0;shared=0;selfmod=0,NO_COMPILE,,,,,,,
0x0044E150,??__Fg_VJT0_CAVIARDATA@@YAXXZ,src/atexit_thunks.cpp:1825,1,20,primary=1;eh=0;shared=0;selfmod=0,NO_COMPILE,,,,,,,
0x0044E170,??__Eg_VCU_CAVIARDATA@@YAXXZ,src/init_thunks.cpp:1768,1,22,primary=1;eh=0;shared=0;selfmod=0,NO_COMPILE,,,,,,,
0x0044E190,??__Fg_VCU_CAVIARDATA@@YAXXZ,src/atexit_thunks.cpp:1835,1,10,primary=1;eh=0;shared=0;selfmod=0,NO_COMPILE,,,,,,,
0x0044E1A0,??__Eg_VCUP_CAVIARDATA@@YAXXZ,src/init_thunks.cpp:1779,1,22,primary=1;eh=0;shared=0;selfmod=0,NO_COMPILE,,,,,,,
0x0044E1C0,??__Fg_VCUP_CAVIARDATA@@YAXXZ,src/atexit_thunks.cpp:1845,1,10,primary=1;eh=0;shared=0;selfmod=0,NO_COMPILE,,,,,,,
0x0044E1D0,??__Eg_VCUA0_CAVIARDATA@@YAXXZ,src/init_thunks.cpp:1790,1,36,primary=1;eh=0;shared=0;selfmod=0,NO_COMPILE,,,,,,,
0x0044E200,??__Fg_VCUA0_CAVIARDATA@@YAXXZ,src/atexit_thunks.cpp:1855,1,20,primary=1;eh=0;shared=0;selfmod=0,NO_COMPILE,,,,,,,
0x0044E220,??__Eg_VCUW_CAVIARDATA@@YAXXZ,src/init_thunks.cpp:1801,1,22,primary=1;eh=0;shared=0;selfmod=0,NO_COMPILE,,,,,,,
0x0044E240,??__Fg_VCUW_CAVIARDATA@@YAXXZ,src/atexit_thunks.cpp:1865,1,10,primary=1;eh=0;shared=0;selfmod=0,NO_COMPILE,,,,,,,
0x0044E250,??__Eg_VCT_CAVIARDATA@@YAXXZ,src/init_thunks.cpp:1812,1,22,primary=1;eh=0;shared=0;selfmod=0,NO_COMPILE,,,,,,,
0x0044E270,??__Fg_VCT_CAVIARDATA@@YAXXZ,src/atexit_thunks.cpp:1875,1,10,primary=1;eh=0;shared=0;selfmod=0,NO_COMPILE,,,,,,,
0x0044E280,??__Eg_VCTP_CAVIARDATA@@YAXXZ,src/init_thunks.cpp:1823,1,22,primary=1;eh=0;shared=0;selfmod=0,NO_COMPILE,,,,,,,
0x0044E2A0,??__Fg_VCTP_CAVIARDATA@@YAXXZ,src/atexit_thunks.cpp:1885,1,10,primary=1;eh=0;shared=0;selfmod=0,NO_COMPILE,,,,,,,
0x0044E2B0,??__Eg_VCTB_CAVIARDATA@@YAXXZ,src/init_thunks.cpp:1834,1,22,primary=1;eh=0;shared=0;selfmod=0,NO_COMPILE,,,,,,,
0x0044E2D0,??__Fg_VCTB_CAVIARDATA@@YAXXZ,src/atexit_thunks.cpp:1895,1,10,primary=1;eh=0;shared=0;selfmod=0,NO_COMPILE,,,,,,,
0x0044E2E0,??__Eg_VCT0_CAVIARDATA@@YAXXZ,src/init_thunks.cpp:1845,1,36,primary=1;eh=0;shared=0;selfmod=0,NO_COMPILE,,,,,,,
0x0044E310,??__Fg_VCT0_CAVIARDATA@@YAXXZ,src/atexit_thunks.cpp:1905,1,20,primary=1;eh=0;shared=0;selfmod=0,NO_COMPILE,,,,,,,
0x0044E330,??__Eg_VWNTT_CAVIARDATA@@YAXXZ,src/init_thunks.cpp:1856,1,22,primary=1;eh=0;shared=0;selfmod=0,NO_COMPILE,,,,,,,
0x0044E350,??__Fg_VWNTT_CAVIARDATA@@YAXXZ,src/atexit_thunks.cpp:1915,1,10,primary=1;eh=0;shared=0;selfmod=0,NO_COMPILE,,,,,,,
0x0044E360,??__Eg_VWNST_CAVIARDATA@@YAXXZ,src/init_thunks.cpp:1867,1,22,primary=1;eh=0;shared=0;selfmod=0,NO_COMPILE,,,,,,,
0x0044E380,??__Fg_VWNST_CAVIARDATA@@YAXXZ,src/atexit_thunks.cpp:1925,1,10,primary=1;eh=0;shared=0;selfmod=0,NO_COMPILE,,,,,,,
0x0044E390,??__Eg_VWNAA_CAVIARDATA@@YAXXZ,src/init_thunks.cpp:1878,1,22,primary=1;eh=0;shared=0;selfmod=0,NO_COMPILE,,,,,,,
0x0044E3B0,??__Fg_VWNAA_CAVIARDATA@@YAXXZ,src/atexit_thunks.cpp:1935,1,10,primary=1;eh=0;shared=0;selfmod=0,NO_COMPILE,,,,,,,
0x0044E3C0,??__Eg_VW_CAVIARDATA@@YAXXZ,src/init_thunks.cpp:1889,1,36,primary=1;eh=0;shared=0;selfmod=0,NO_COMPILE,,,,,,,
0x0044E3F0,??__Fg_VW_CAVIARDATA@@YAXXZ,src/atexit_thunks.cpp:1945,1,20,primary=1;eh=0;shared=0;selfmod=0,NO_COMPILE,,,,,,,
0x0044E410,??__Eg_VM_CAVIARDATA@@YAXXZ,src/init_thunks.cpp:1900,1,22,primary=1;eh=0;shared=0;selfmod=0,NO_COMPILE,,,,,,,
0x0044E430,??__Fg_VM_CAVIARDATA@@YAXXZ,src/atexit_thunks.cpp:1955,1,10,primary=1;eh=0;shared=0;selfmod=0,NO_COMPILE,,,,,,,
0x0044E440,??__Eg_VM13_CAVIARDATA@@YAXXZ,src/init_thunks.cpp:1911,1,22,primary=1;eh=0;shared=0;selfmod=0,NO_COMPILE,,,,,,,
0x0044E460,??__Fg_VM13_CAVIARDATA@@YAXXZ,src/atexit_thunks.cpp:1965,1,10,primary=1;eh=0;shared=0;selfmod=0,NO_COMPILE,,,,,,,
0x0044E470,??__Eg_VPBR0_CAVIARDATA@@YAXXZ,src/init_thunks.cpp:1922,1,36,primary=1;eh=0;shared=0;selfmod=0,NO_COMPILE,,,,,,,
0x0044E4A0,??__Fg_VPBR0_CAVIARDATA@@YAXXZ,src/atexit_thunks.cpp:1975,1,20,primary=1;eh=0;shared=0;selfmod=0,NO_COMPILE,,,,,,,
0x0044E4C0,??__Eg_UNUSED_CAVIARDATA_VAR4@@YAXXZ,src/init_thunks.cpp:1933,1,36,primary=1;eh=0;shared=0;selfmod=0,NO_COMPILE,,,,,,,
0x0044E4F0,??__Fg_UNUSED_CAVIARDATA_VAR4@@YAXXZ,src/atexit_thunks.cpp:1985,1,20,primary=1;eh=0;shared=0;selfmod=0,NO_COMPILE,,,,,,,
0x0044E510,??__Eg_NW_CAVIARDATA@@YAXXZ,src/init_thunks.cpp:1944,1,22,primary=1;eh=0;shared=0;selfmod=0,NO_COMPILE,,,,,,,
0x0044E530,??__Fg_NW_CAVIARDATA@@YAXXZ,src/atexit_thunks.cpp:1995,1,10,primary=1;eh=0;shared=0;selfmod=0,NO_COMPILE,,,,,,,
0x0044E540,??__Eg_NI_CAVIARDATA@@YAXXZ,src/init_thunks.cpp:1955,1,22,primary=1;eh=0;shared=0;selfmod=0,NO_COMPILE,,,,,,,
0x0044E560,??__Fg_NI_CAVIARDATA@@YAXXZ,src/atexit_thunks.cpp:2005,1,10,primary=1;eh=0;shared=0;selfmod=0,NO_COMPILE,,,,,,,
0x0044E570,??__Eg_NLC_CAVIARDATA@@YAXXZ,src/init_thunks.cpp:1966,1,22,primary=1;eh=0;shared=0;selfmod=0,NO_COMPILE,,,,,,,
0x0044E590,??__Fg_NLC_CAVIARDATA@@YAXXZ,src/atexit_thunks.cpp:2015,1,10,primary=1;eh=0;shared=0;selfmod=0,NO_COMPILE,,,,,,,
0x0044E5A0,??__Eg_UNUSED_CAVIARDATA_VAR5@@YAXXZ,src/init_thunks.cpp:1977,1,36,primary=1;eh=0;shared=0;selfmod=0,NO_COMPILE,,,,,,,
0x0044E5D0,??__Fg_UNUSED_CAVIARDATA_VAR5@@YAXXZ,src/atexit_thunks.cpp:2025,1,20,primary=1;eh=0;shared=0;selfmod=0,NO_COMPILE,,,,,,,
0x0044E5F0,??__Eg_RADIUS1_TEXTURE@@YAXXZ,src/init_thunks.cpp:1988,1,22,primary=1;eh=0;shared=0;selfmod=0,NO_COMPILE,,,,,,,
0x0044E610,??__Fg_RADIUS1_TEXTURE@@YAXXZ,src/atexit_thunks.cpp:2035,1,10,primary=1;eh=0;shared=0;selfmod=0,NO_COMPILE,,,,,,,
0x0044E620,??__Eg_RADIUS2_TEXTURE@@YAXXZ,src/init_thunks.cpp:1999,1,22,primary=1;eh=0;shared=0;selfmod=0,NO_COMPILE,,,,,,,
0x0044E640,??__Fg_RADIUS2_TEXTURE@@YAXXZ,src/atexit_thunks.cpp:2045,1,10,primary=1;eh=0;shared=0;selfmod=0,NO_COMPILE,,,,,,,
0x0044E650,??__Eg_ROCKY_TEXTURES@@YAXXZ,src/init_thunks.cpp:2010,1,36,primary=1;eh=0;shared=0;selfmod=0,NO_COMPILE,,,,,,,
0x0044E680,??__Fg_ROCKY_TEXTURES@@YAXXZ,src/atexit_thunks.cpp:2055,1,20,primary=1;eh=0;shared=0;selfmod=0,NO_COMPILE,,,,,,,
0x0044E6A0,??__Eg_OCEAN_TEXTURES@@YAXXZ,src/init_thunks.cpp:2021,1,36,primary=1;eh=0;shared=0;selfmod=0,NO_COMPILE,,,,,,,
0x0044E6D0,??__Fg_OCEAN_TEXTURES@@YAXXZ,src/atexit_thunks.cpp:2065,1,20,primary=1;eh=0;shared=0;selfmod=0,NO_COMPILE,,,,,,,
0x0044E6F0,??__Eg_FLAT_ARID_LAND_TEXTURE@@YAXXZ,src/init_thunks.cpp:2032,1,22,primary=1;eh=0;shared=0;selfmod=0,NO_COMPILE,,,,,,,
0x0044E710,??__Fg_FLAT_ARID_LAND_TEXTURE@@YAXXZ,src/atexit_thunks.cpp:2075,1,10,primary=1;eh=0;shared=0;selfmod=0,NO_COMPILE,,,,,,,
0x0044E720,??__Eg_MOIST_LAND_TEXTURES@@YAXXZ,src/init_thunks.cpp:2043,1,36,primary=1;eh=0;shared=0;selfmod=0,NO_COMPILE,,,,,,,
0x0044E750,??__Fg_MOIST_LAND_TEXTURES@@YAXXZ,src/atexit_thunks.cpp:2085,1,20,primary=1;eh=0;shared=0;selfmod=0,NO_COMPILE,,,,,,,
0x0044E770,??__Eg_RAINY_LAND_TEXTURES@@YAXXZ,src/init_thunks.cpp:2054,1,36,primary=1;eh=0;shared=0;selfmod=0,NO_COMPILE,,,,,,,
0x0044E7A0,??__Fg_RAINY_LAND_TEXTURES@@YAXXZ,src/atexit_thunks.cpp:2095,1,20,primary=1;eh=0;shared=0;selfmod=0,NO_COMPILE,,,,,,,
0x0044E7C0,??__Eg_JUNGLE_LAND_TEXTURES@@YAXXZ,src/init_thunks.cpp:2065,1,36,primary=1;eh=0;shared=0;selfmod=0,NO_COMPILE,,,,,,,
0x0044E7F0,??__Fg_JUNGLE_LAND_TEXTURES@@YAXXZ,src/atexit_thunks.cpp:2105,1,20,primary=1;eh=0;shared=0;selfmod=0,NO_COMPILE,,,,,,,
0x0044E810,??__Eg_DUNE_LAND_TEXTURE@@YAXXZ,src/init_thunks.cpp:2076,1,22,primary=1;eh=0;shared=0;selfmod=0,NO_COMPILE,,,,,,,
0x0044E830,??__Fg_DUNE_LAND_TEXTURE@@YAXXZ,src/atexit_thunks.cpp:2115,1,10,primary=1;eh=0;shared=0;selfmod=0,NO_COMPILE,,,,,,,
0x0044E840,??__Eg_SUNNY_MESA_TEXTURES@@YAXXZ,src/init_thunks.cpp:2087,1,36,primary=1;eh=0;shared=0;selfmod=0,NO_COMPILE,,,,,,,
0x0044E870,??__Fg_SUNNY_MESA_TEXTURES@@YAXXZ,src/atexit_thunks.cpp:2125,1,20,primary=1;eh=0;shared=0;selfmod=0,NO_COMPILE,,,,,,,
0x0044E890,??__Eg_RAINFALL_SINGLE_TILE_TEXTURES@@YAXXZ,src/init_thunks.cpp:2098,1,36,primary=1;eh=0;shared=0;selfmod=0,NO_COMPILE,,,,,,,
0x0044E8C0,??__Fg_RAINFALL_SINGLE_TILE_TEXTURES@@YAXXZ,src/atexit_thunks.cpp:2135,1,20,primary=1;eh=0;shared=0;selfmod=0,NO_COMPILE,,,,,,,
0x0044E8E0,??__Eg_ROAD_TEXTURES@@YAXXZ,src/init_thunks.cpp:2109,1,36,primary=1;eh=0;shared=0;selfmod=0,NO_COMPILE,,,,,,,
0x0044E910,??__Fg_ROAD_TEXTURES@@YAXXZ,src/atexit_thunks.cpp:2145,1,20,primary=1;eh=0;shared=0;selfmod=0,NO_COMPILE,,,,,,,
0x0044E930,??__Eg_MAGTUBE_TEXTURES@@YAXXZ,src/init_thunks.cpp:2120,1,36,primary=1;eh=0;shared=0;selfmod=0,NO_COMPILE,,,,,,,
0x0044E960,??__Fg_MAGTUBE_TEXTURES@@YAXXZ,src/atexit_thunks.cpp:2155,1,20,primary=1;eh=0;shared=0;selfmod=0,NO_COMPILE,,,,,,,
0x0044E980,??__Eg_RIVER_TEXTURES@@YAXXZ,src/init_thunks.cpp:2131,1,36,primary=1;eh=0;shared=0;selfmod=0,NO_COMPILE,,,,,,,
0x0044E9B0,??__Fg_RIVER_TEXTURES@@YAXXZ,src/atexit_thunks.cpp:2165,1,20,primary=1;eh=0;shared=0;selfmod=0,NO_COMPILE,,,,,,,
0x0044E9D0,??__Eg_MOUNT_PLANET_TEXTURES@@YAXXZ,src/init_thunks.cpp:2142,1,36,primary=1;eh=0;shared=0;selfmod=0,NO_COMPILE,,,,,,,
0x0044EA00,??__Fg_MOUNT_PLANET_TEXTURES@@YAXXZ,src/atexit_thunks.cpp:2175,1,20,primary=1;eh=0;shared=0;selfmod=0,NO_COMPILE,,,,,,,
0x0044EA20,??__Eg_GARLAND_CRATER_TEXTURES@@YAXXZ,src/init_thunks.cpp:2153,1,36,primary=1;eh=0;shared=0;selfmod=0,NO_COMPILE,,,,,,,
0x0044EA50,??__Fg_GARLAND_CRATER_TEXTURES@@YAXXZ,src/atexit_thunks.cpp:2185,1,20,primary=1;eh=0;shared=0;selfmod=0,NO_COMPILE,,,,,,,
0x0044EA70,??__Eg_FUNGUS_TEXTURES@@YAXXZ,src/init_thunks.cpp:2164,1,36,primary=1;eh=0;shared=0;selfmod=0,NO_COMPILE,,,,,,,
0x0044EAA0,??__Fg_FUNGUS_TEXTURES@@YAXXZ,src/atexit_thunks.cpp:2195,1,20,primary=1;eh=0;shared=0;selfmod=0,NO_COMPILE,,,,,,,
0x0044EAC0,??__Eg_FARM_TEXTURES@@YAXXZ,src/init_thunks.cpp:2175,1,36,primary=1;eh=0;shared=0;selfmod=0,NO_COMPILE,,,,,,,
0x0044EAF0,??__Fg_FARM_TEXTURES@@YAXXZ,src/atexit_thunks.cpp:2205,1,20,primary=1;eh=0;shared=0;selfmod=0,NO_COMPILE,,,,,,,
0x0044EB10,??__Eg_FOREST_TEXTURES@@YAXXZ,src/init_thunks.cpp:2186,1,36,primary=1;eh=0;shared=0;selfmod=0,NO_COMPILE,,,,,,,
0x0044EB40,??__Fg_FOREST_TEXTURES@@YAXXZ,src/atexit_thunks.cpp:2215,1,20,primary=1;eh=0;shared=0;selfmod=0,NO_COMPILE,,,,,,,
0x0044EB60,??__Eg_RAINFALL_SINGLE_TILE_TEXTURE@@YAXXZ,src/init_thunks.cpp:2197,1,22,primary=1;eh=0;shared=0;selfmod=0,NO_COMPILE,,,,,,,
0x0044EB80,??__Fg_RAINFALL_SINGLE_TILE_TEXTURE@@YAXXZ,src/atexit_thunks.cpp:2225,1,10,primary=1;eh=0;shared=0;selfmod=0,NO_COMPILE,,,,,,,
0x0044EB90,??__Eg_TER1_WHITE_ORG_YEL_TILE_SPRITES@@YAXXZ,src/init_thunks.cpp:2208,1,36,primary=1;eh=0;shared=0;selfmod=0,NO_COMPILE,,,,,,,
0x0044EBC0,??__Fg_TER1_WHITE_ORG_YEL_TILE_SPRITES@@YAXXZ,src/atexit_thunks.cpp:2235,1,20,primary=1;eh=0;shared=0;selfmod=0,NO_COMPILE,,,,,,,
0x0044EBE0,??__Eg_TER1_BOTTOM_LEFT_TILE_SPRITES@@YAXXZ,src/init_thunks.cpp:2219,1,36,primary=1;eh=0;shared=0;selfmod=0,NO_COMPILE,,,,,,,
0x0044EC10,??__Fg_TER1_BOTTOM_LEFT_TILE_SPRITES@@YAXXZ,src/atexit_thunks.cpp:2245,1,20,primary=1;eh=0;shared=0;selfmod=0,NO_COMPILE,,,,,,,
0x0044EC30,??__Eg_TER1_UNUSED_SPRITES2@@YAXXZ,src/init_thunks.cpp:2230,1,36,primary=1;eh=0;shared=0;selfmod=0,NO_COMPILE,,,,,,,
0x0044EC60,??__Fg_TER1_UNUSED_SPRITES2@@YAXXZ,src/atexit_thunks.cpp:2255,1,20,primary=1;eh=0;shared=0;selfmod=0,NO_COMPILE,,,,,,,
0x0044EC80,??__Eg_TER1_MINE_SPRITE@@YAXXZ,src/init_thunks.cpp:2241,1,22,primary=1;eh=0;shared=0;selfmod=0,NO_COMPILE,,,,,,,
0x0044ECA0,??__Fg_TER1_MINE_SPRITE@@YAXXZ,src/atexit_thunks.cpp:2265,1,10,primary=1;eh=0;shared=0;selfmod=0,NO_COMPILE,,,,,,,
0x0044ECB0,??__Eg_TER1_SOLAR_COLLECTOR_SPRITE@@YAXXZ,src/init_thunks.cpp:2252,1,22,primary=1;eh=0;shared=0;selfmod=0,NO_COMPILE,,,,,,,
0x0044ECD0,??__Fg_TER1_SOLAR_COLLECTOR_SPRITE@@YAXXZ,src/atexit_thunks.cpp:2275,1,10,primary=1;eh=0;shared=0;selfmod=0,NO_COMPILE,,,,,,,
0x0044ECE0,??__Eg_TER1_TIDAL_HARNESS_SPRITE@@YAXXZ,src/init_thunks.cpp:2263,1,22,primary=1;eh=0;shared=0;selfmod=0,NO_COMPILE,,,,,,,
0x0044ED00,??__Fg_TER1_TIDAL_HARNESS_SPRITE@@YAXXZ,src/atexit_thunks.cpp:2285,1,10,primary=1;eh=0;shared=0;selfmod=0,NO_COMPILE,,,,,,,
0x0044ED10,??__Eg_TER1_MINING_PLATFORM_SPRITE@@YAXXZ,src/init_thunks.cpp:2274,1,22,primary=1;eh=0;shared=0;selfmod=0,NO_COMPILE,,,,,,,
0x0044ED30,??__Fg_TER1_MINING_PLATFORM_SPRITE@@YAXXZ,src/atexit_thunks.cpp:2295,1,10,primary=1;eh=0;shared=0;selfmod=0,NO_COMPILE,,,,,,,
0x0044ED40,??__Eg_TER1_TUT_BLANK_SPRITE@@YAXXZ,src/init_thunks.cpp:2285,1,22,primary=1;eh=0;shared=0;selfmod=0,NO_COMPILE,,,,,,,
0x0044ED60,??__Fg_TER1_TUT_BLANK_SPRITE@@YAXXZ,src/atexit_thunks.cpp:2305,1,10,primary=1;eh=0;shared=0;selfmod=0,NO_COMPILE,,,,,,,
0x0044ED70,??__Eg_TER1_KELP_FARM_SPRITE@@YAXXZ,src/init_thunks.cpp:2296,1,22,primary=1;eh=0;shared=0;selfmod=0,NO_COMPILE,,,,,,,
0x0044ED90,??__Fg_TER1_KELP_FARM_SPRITE@@YAXXZ,src/atexit_thunks.cpp:2315,1,10,primary=1;eh=0;shared=0;selfmod=0,NO_COMPILE,,,,,,,
0x0044EDA0,??__Eg_TER1_CONDENSER_SPRITE@@YAXXZ,src/init_thunks.cpp:2307,1,22,primary=1;eh=0;shared=0;selfmod=0,NO_COMPILE,,,,,,,
0x0044EDC0,??__Fg_TER1_CONDENSER_SPRITE@@YAXXZ,src/atexit_thunks.cpp:2325,1,10,primary=1;eh=0;shared=0;selfmod=0,NO_COMPILE,,,,,,,
0x0044EDD0,??__Eg_TER1_ECHELON_MIRROR_SPRITE@@YAXXZ,src/init_thunks.cpp:2318,1,22,primary=1;eh=0;shared=0;selfmod=0,NO_COMPILE,,,,,,,
0x0044EDF0,??__Fg_TER1_ECHELON_MIRROR_SPRITE@@YAXXZ,src/atexit_thunks.cpp:2335,1,10,primary=1;eh=0;shared=0;selfmod=0,NO_COMPILE,,,,,,,
0x0044EE00,??__Eg_TER1_BOREHOLE_SPRITE@@YAXXZ,src/init_thunks.cpp:2329,1,22,primary=1;eh=0;shared=0;selfmod=0,NO_COMPILE,,,,,,,
0x0044EE20,??__Fg_TER1_BOREHOLE_SPRITE@@YAXXZ,src/atexit_thunks.cpp:2345,1,10,primary=1;eh=0;shared=0;selfmod=0,NO_COMPILE,,,,,,,
0x0044EE30,??__Eg_TER1_BOREHOLE_CLUSTER_SPRITE@@YAXXZ,src/init_thunks.cpp:2340,1,22,primary=1;eh=0;shared=0;selfmod=0,NO_COMPILE,,,,,,,
0x0044EE50,??__Fg_TER1_BOREHOLE_CLUSTER_SPRITE@@YAXXZ,src/atexit_thunks.cpp:2355,1,10,primary=1;eh=0;shared=0;selfmod=0,NO_COMPILE,,,,,,,
0x0044EE60,??__Eg_TER1_MANIFOLD_NEXUS_SPRITES@@YAXXZ,src/init_thunks.cpp:2351,1,36,primary=1;eh=0;shared=0;selfmod=0,NO_COMPILE,,,,,,,
0x0044EE90,??__Fg_TER1_MANIFOLD_NEXUS_SPRITES@@YAXXZ,src/atexit_thunks.cpp:2365,1,20,primary=1;eh=0;shared=0;selfmod=0,NO_COMPILE,,,,,,,
0x0044EEB0,??__Eg_TER1WRECK_UNITY_WRECKAGE_SPRITES@@YAXXZ,src/init_thunks.cpp:2362,1,36,primary=1;eh=0;shared=0;selfmod=0,NO_COMPILE,,,,,,,
0x0044EEE0,??__Fg_TER1WRECK_UNITY_WRECKAGE_SPRITES@@YAXXZ,src/atexit_thunks.cpp:2375,1,20,primary=1;eh=0;shared=0;selfmod=0,NO_COMPILE,,,,,,,
0x0044EF00,??__Eg_TER1WRECK_UNITY_WRECKAGE_ALT_SPRITES@@YAXXZ,src/init_thunks.cpp:2373,1,36,primary=1;eh=0;shared=0;selfmod=0,NO_COMPILE,,,,,,,
0x0044EF30,??__Fg_TER1WRECK_UNITY_WRECKAGE_ALT_SPRITES@@YAXXZ,src/atexit_thunks.cpp:2385,1,20,primary=1;eh=0;shared=0;selfmod=0,NO_COMPILE,,,,,,,
0x0044EF50,??__Eg_FOSSIL_FIELD_RIDGE_SPRITES@@YAXXZ,src/init_thunks.cpp:2384,1,36,primary=1;eh=0;shared=0;selfmod=0,NO_COMPILE,,,,,,,
0x0044EF80,??__Fg_FOSSIL_FIELD_RIDGE_SPRITES@@YAXXZ,src/atexit_thunks.cpp:2395,1,20,primary=1;eh=0;shared=0;selfmod=0,NO_COMPILE,,,,,,,
0x0044EFA0,??__Eg_TER1_UNUSED_SPRITES1@@YAXXZ,src/init_thunks.cpp:2395,1,36,primary=1;eh=0;shared=0;selfmod=0,NO_COMPILE,,,,,,,
0x0044EFD0,??__Fg_TER1_UNUSED_SPRITES1@@YAXXZ,src/atexit_thunks.cpp:2405,1,20,primary=1;eh=0;shared=0;selfmod=0,NO_COMPILE,,,,,,,
0x0044EFF0,??__Eg_TER1_FARM_SPRITES@@YAXXZ,src/init_thunks.cpp:2406,1,36,primary=1;eh=0;shared=0;selfmod=0,NO_COMPILE,,,,,,,
0x0044F020,??__Fg_TER1_FARM_SPRITES@@YAXXZ,src/atexit_thunks.cpp:2415,1,20,primary=1;eh=0;shared=0;selfmod=0,NO_COMPILE,,,,,,,
0x0044F040,??__Eg_TER1_SOIL_ENRICHER_SPRITES@@YAXXZ,src/init_thunks.cpp:2417,1,36,primary=1;eh=0;shared=0;selfmod=0,NO_COMPILE,,,,,,,
0x0044F070,??__Fg_TER1_SOIL_ENRICHER_SPRITES@@YAXXZ,src/atexit_thunks.cpp:2425,1,20,primary=1;eh=0;shared=0;selfmod=0,NO_COMPILE,,,,,,,
0x0044F090,??__Eg_TER1_SEA_LAND_RESOURCE_SPRITES@@YAXXZ,src/init_thunks.cpp:2428,1,36,primary=1;eh=0;shared=0;selfmod=0,NO_COMPILE,,,,,,,
0x0044F0C0,??__Fg_TER1_SEA_LAND_RESOURCE_SPRITES@@YAXXZ,src/atexit_thunks.cpp:2435,1,20,primary=1;eh=0;shared=0;selfmod=0,NO_COMPILE,,,,,,,
0x0044F0E0,??__Eg_TER1_LANDMARK_RESOURCE_SPRITES@@YAXXZ,src/init_thunks.cpp:2439,1,36,primary=1;eh=0;shared=0;selfmod=0,NO_COMPILE,,,,,,,
0x0044F110,??__Fg_TER1_LANDMARK_RESOURCE_SPRITES@@YAXXZ,src/atexit_thunks.cpp:2445,1,20,primary=1;eh=0;shared=0;selfmod=0,NO_COMPILE,,,,,,,
0x0044F130,??__Eg_GLOW_SPRITES@@YAXXZ,src/init_thunks.cpp:2450,1,36,primary=1;eh=0;shared=0;selfmod=0,NO_COMPILE,,,,,,,
0x0044F160,??__Fg_GLOW_SPRITES@@YAXXZ,src/atexit_thunks.cpp:2455,1,20,primary=1;eh=0;shared=0;selfmod=0,NO_COMPILE,,,,,,,
0x0044F180,??__Eg_TER1_UNITY_POD_SPRITES@@YAXXZ,src/init_thunks.cpp:2461,1,36,primary=1;eh=0;shared=0;selfmod=0,NO_COMPILE,,,,,,,
0x0044F1B0,??__Fg_TER1_UNITY_POD_SPRITES@@YAXXZ,src/atexit_thunks.cpp:2465,1,20,primary=1;eh=0;shared=0;selfmod=0,NO_COMPILE,,,,,,,
0x0044F1D0,??__Eg_TER1_MONOLITH_SPRITE@@YAXXZ,src/init_thunks.cpp:2472,1,22,primary=1;eh=0;shared=0;selfmod=0,NO_COMPILE,,,,,,,
0x0044F1F0,??__Fg_TER1_MONOLITH_SPRITE@@YAXXZ,src/atexit_thunks.cpp:2475,1,10,primary=1;eh=0;shared=0;selfmod=0,NO_COMPILE,,,,,,,
0x0044F200,??__Eg_TER1_BUNKER_SPRITE@@YAXXZ,src/init_thunks.cpp:2483,1,22,primary=1;eh=0;shared=0;selfmod=0,NO_COMPILE,,,,,,,
0x0044F220,??__Fg_TER1_BUNKER_SPRITE@@YAXXZ,src/atexit_thunks.cpp:2485,1,10,primary=1;eh=0;shared=0;selfmod=0,NO_COMPILE,,,,,,,
0x0044F230,??__Eg_TER1_AIRBASE_SPRITE@@YAXXZ,src/init_thunks.cpp:2494,1,22,primary=1;eh=0;shared=0;selfmod=0,NO_COMPILE,,,,,,,
0x0044F250,??__Fg_TER1_AIRBASE_SPRITE@@YAXXZ,src/atexit_thunks.cpp:2495,1,10,primary=1;eh=0;shared=0;selfmod=0,NO_COMPILE,,,,,,,
0x0044F260,??__Eg_TER1_SENSOR_ARRAY_SPRITE@@YAXXZ,src/init_thunks.cpp:2505,1,22,primary=1;eh=0;shared=0;selfmod=0,NO_COMPILE,,,,,,,
0x0044F280,??__Fg_TER1_SENSOR_ARRAY_SPRITE@@YAXXZ,src/atexit_thunks.cpp:2505,1,10,primary=1;eh=0;shared=0;selfmod=0,NO_COMPILE,,,,,,,
0x0044F290,??__Eg_RAINFALL_DOUBLE_TILE_SPRITES@@YAXXZ,src/init_thunks.cpp:2516,1,36,primary=1;eh=0;shared=0;selfmod=0,NO_COMPILE,,,,,,,
0x0044F2C0,??__Fg_RAINFALL_DOUBLE_TILE_SPRITES@@YAXXZ,src/atexit_thunks.cpp:2515,1,20,primary=1;eh=0;shared=0;selfmod=0,NO_COMPILE,,,,,,,
0x0044F2E0,??__Eg_VEH_SPRITES@@YAXXZ,src/init_thunks.cpp:2527,1,39,primary=1;eh=0;shared=0;selfmod=0,NO_COMPILE,,,,,,,
0x0044F310,??__Fg_VEH_SPRITES@@YAXXZ,src/atexit_thunks.cpp:2525,1,23,primary=1;eh=0;shared=0;selfmod=0,NO_COMPILE,,,,,,,
0x0044F330,??__Eg_FLAGS_VEH_SPRITES@@YAXXZ,src/init_thunks.cpp:2538,1,36,primary=1;eh=0;shared=0;selfmod=0,NO_COMPILE,,,,,,,
0x0044F360,??__Fg_FLAGS_VEH_SPRITES@@YAXXZ,src/atexit_thunks.cpp:2535,1,20,primary=1;eh=0;shared=0;selfmod=0,NO_COMPILE,,,,,,,
0x0044F380,??__Eg_ICONS_GENERAL_SPRITES@@YAXXZ,src/init_thunks.cpp:2549,1,36,primary=1;eh=0;shared=0;selfmod=0,NO_COMPILE,,,,,,,
0x0044F3B0,??__Fg_ICONS_GENERAL_SPRITES@@YAXXZ,src/atexit_thunks.cpp:2545,1,20,primary=1;eh=0;shared=0;selfmod=0,NO_COMPILE,,,,,,,
0x0044F3D0,??__Eg_RESOURCE_ICON_SPRITES@@YAXXZ,src/init_thunks.cpp:2560,1,36,primary=1;eh=0;shared=0;selfmod=0,NO_COMPILE,,,,,,,
0x0044F400,??__Fg_RESOURCE_ICON_SPRITES@@YAXXZ,src/atexit_thunks.cpp:2555,1,20,primary=1;eh=0;shared=0;selfmod=0,NO_COMPILE,,,,,,,
0x0044F420,??__Eg_CITIZEN_LG_CURSOR_SPRITES@@YAXXZ,src/init_thunks.cpp:2571,1,36,primary=1;eh=0;shared=0;selfmod=0,NO_COMPILE,,,,,,,
0x0044F450,??__Fg_CITIZEN_LG_CURSOR_SPRITES@@YAXXZ,src/atexit_thunks.cpp:2565,1,20,primary=1;eh=0;shared=0;selfmod=0,NO_COMPILE,,,,,,,
0x0044F470,??__Eg_SPECIALIST_LG_CURSOR_SPRITES@@YAXXZ,src/init_thunks.cpp:2582,1,36,primary=1;eh=0;shared=0;selfmod=0,NO_COMPILE,,,,,,,
0x0044F4A0,??__Fg_SPECIALIST_LG_CURSOR_SPRITES@@YAXXZ,src/atexit_thunks.cpp:2575,1,20,primary=1;eh=0;shared=0;selfmod=0,NO_COMPILE,,,,,,,
0x0044F4C0,??__Eg_CITIZEN_SM_CURSOR_SPRITES@@YAXXZ,src/init_thunks.cpp:2593,1,36,primary=1;eh=0;shared=0;selfmod=0,NO_COMPILE,,,,,,,
0x0044F4F0,??__Fg_CITIZEN_SM_CURSOR_SPRITES@@YAXXZ,src/atexit_thunks.cpp:2585,1,20,primary=1;eh=0;shared=0;selfmod=0,NO_COMPILE,,,,,,,
0x0044F510,??__Eg_SPECIALIST_SM_CURSOR_SPRITES@@YAXXZ,src/init_thunks.cpp:2604,1,36,primary=1;eh=0;shared=0;selfmod=0,NO_COMPILE,,,,,,,
0x0044F540,??__Fg_SPECIALIST_SM_CURSOR_SPRITES@@YAXXZ,src/atexit_thunks.cpp:2595,1,20,primary=1;eh=0;shared=0;selfmod=0,NO_COMPILE,,,,,,,
0x0044F560,??__Eg_AL_CITIZEN_LG_CURSOR_SPRITES@@YAXXZ,src/init_thunks.cpp:2615,1,36,primary=1;eh=0;shared=0;selfmod=0,NO_COMPILE,,,,,,,
0x0044F590,??__Fg_AL_CITIZEN_LG_CURSOR_SPRITES@@YAXXZ,src/atexit_thunks.cpp:2605,1,20,primary=1;eh=0;shared=0;selfmod=0,NO_COMPILE,,,,,,,
0x0044F5B0,??__Eg_AL_SPECIALIST_LG_CURSOR_SPRITES@@YAXXZ,src/init_thunks.cpp:2626,1,36,primary=1;eh=0;shared=0;selfmod=0,NO_COMPILE,,,,,,,
0x0044F5E0,??__Fg_AL_SPECIALIST_LG_CURSOR_SPRITES@@YAXXZ,src/atexit_thunks.cpp:2615,1,20,primary=1;eh=0;shared=0;selfmod=0,NO_COMPILE,,,,,,,
0x0044F600,??__Eg_AL_CITIZEN_SM_CURSOR_SPRITES@@YAXXZ,src/init_thunks.cpp:2637,1,36,primary=1;eh=0;shared=0;selfmod=0,NO_COMPILE,,,,,,,
0x0044F630,??__Fg_AL_CITIZEN_SM_CURSOR_SPRITES@@YAXXZ,src/atexit_thunks.cpp:2625,1,20,primary=1;eh=0;shared=0;selfmod=0,NO_COMPILE,,,,,,,
0x0044F650,??__Eg_AL_SPECIALIST_SM_CURSOR_SPRITES@@YAXXZ,src/init_thunks.cpp:2648,1,36,primary=1;eh=0;shared=0;selfmod=0,NO_COMPILE,,,,,,,
0x0044F680,??__Fg_AL_SPECIALIST_SM_CURSOR_SPRITES@@YAXXZ,src/atexit_thunks.cpp:2635,1,20,primary=1;eh=0;shared=0;selfmod=0,NO_COMPILE,,,,,,,
0x0044F6A0,??__Eg_RED_ALIEN_HEAD_ICON_SPRITE@@YAXXZ,src/init_thunks.cpp:2659,1,22,primary=1;eh=0;shared=0;selfmod=0,NO_COMPILE,,,,,,,
0x0044F6C0,??__Fg_RED_ALIEN_HEAD_ICON_SPRITE@@YAXXZ,src/atexit_thunks.cpp:2645,1,10,primary=1;eh=0;shared=0;selfmod=0,NO_COMPILE,,,,,,,
0x0044F6D0,??__Eg_SILVER_MENU_ICON_SPRITES@@YAXXZ,src/init_thunks.cpp:2670,1,36,primary=1;eh=0;shared=0;selfmod=0,NO_COMPILE,,,,,,,
0x0044F700,??__Fg_SILVER_MENU_ICON_SPRITES@@YAXXZ,src/atexit_thunks.cpp:2655,1,20,primary=1;eh=0;shared=0;selfmod=0,NO_COMPILE,,,,,,,
0x0044F720,??__Eg_SILVER_CHECKBOX_ICON_SPRITES@@YAXXZ,src/init_thunks.cpp:2681,1,36,primary=1;eh=0;shared=0;selfmod=0,NO_COMPILE,,,,,,,
0x0044F750,??__Fg_SILVER_CHECKBOX_ICON_SPRITES@@YAXXZ,src/atexit_thunks.cpp:2665,1,20,primary=1;eh=0;shared=0;selfmod=0,NO_COMPILE,,,,,,,
0x0044F770,??__Eg_RED_MALE_HEAD_ICON_SPRITE@@YAXXZ,src/init_thunks.cpp:2692,1,22,primary=1;eh=0;shared=0;selfmod=0,NO_COMPILE,,,,,,,
0x0044F790,??__Fg_RED_MALE_HEAD_ICON_SPRITE@@YAXXZ,src/atexit_thunks.cpp:2675,1,10,primary=1;eh=0;shared=0;selfmod=0,NO_COMPILE,,,,,,,
0x0044F7A0,??__Eg_NULL_RESOURCE_ICON_SPRITE@@YAXXZ,src/init_thunks.cpp:2703,1,22,primary=1;eh=0;shared=0;selfmod=0,NO_COMPILE,,,,,,,
0x0044F7C0,??__Fg_NULL_RESOURCE_ICON_SPRITE@@YAXXZ,src/atexit_thunks.cpp:2685,1,10,primary=1;eh=0;shared=0;selfmod=0,NO_COMPILE,,,,,,,
0x0044F7D0,??__Eg_PEACE_SIGN_SPRITES@@YAXXZ,src/init_thunks.cpp:2714,1,36,primary=1;eh=0;shared=0;selfmod=0,NO_COMPILE,,,,,,,
0x0044F800,??__Fg_PEACE_SIGN_SPRITES@@YAXXZ,src/atexit_thunks.cpp:2695,1,20,primary=1;eh=0;shared=0;selfmod=0,NO_COMPILE,,,,,,,
0x0044F820,??__Eg_ICON_TILE_SQUARE_SPRITE@@YAXXZ,src/init_thunks.cpp:2725,1,22,primary=1;eh=0;shared=0;selfmod=0,NO_COMPILE,,,,,,,
0x0044F840,??__Fg_ICON_TILE_SQUARE_SPRITE@@YAXXZ,src/atexit_thunks.cpp:2705,1,10,primary=1;eh=0;shared=0;selfmod=0,NO_COMPILE,,,,,,,
0x0044F850,??__Eg_XI_BOOM_VEH_SPRITES@@YAXXZ,src/init_thunks.cpp:2736,1,39,primary=1;eh=0;shared=0;selfmod=0,NO_COMPILE,,,,,,,
0x0044F880,??__Fg_XI_BOOM_VEH_SPRITES@@YAXXZ,src/atexit_thunks.cpp:2715,1,23,primary=1;eh=0;shared=0;selfmod=0,NO_COMPILE,,,,,,,
0x0044F8A0,??__Eg_XF_BOOM_VEH_SPRITES@@YAXXZ,src/init_thunks.cpp:2747,1,36,primary=1;eh=0;shared=0;selfmod=0,NO_COMPILE,,,,,,,
0x0044F8D0,??__Fg_XF_BOOM_VEH_SPRITES@@YAXXZ,src/atexit_thunks.cpp:2725,1,20,primary=1;eh=0;shared=0;selfmod=0,NO_COMPILE,,,,,,,
0x0044F8F0,??__Eg_BATTLE_MIND_WORM_SPRITE@@YAXXZ,src/init_thunks.cpp:2758,1,22,primary=1;eh=0;shared=0;selfmod=0,NO_COMPILE,,,,,,,
0x0044F910,??__Fg_BATTLE_MIND_WORM_SPRITE@@YAXXZ,src/atexit_thunks.cpp:2735,1,10,primary=1;eh=0;shared=0;selfmod=0,NO_COMPILE,,,,,,,
0x0044F920,??__Eg_BATTLE_ISLE_DEEP_SPRITE@@YAXXZ,src/init_thunks.cpp:2769,1,22,primary=1;eh=0;shared=0;selfmod=0,NO_COMPILE,,,,,,,
0x0044F940,??__Fg_BATTLE_ISLE_DEEP_SPRITE@@YAXXZ,src/atexit_thunks.cpp:2745,1,10,primary=1;eh=0;shared=0;selfmod=0,NO_COMPILE,,,,,,,
0x0044F950,??__Eg_BATTLE_LOCUSTS_CHIRON_SPRITE@@YAXXZ,src/init_thunks.cpp:2780,1,22,primary=1;eh=0;shared=0;selfmod=0,NO_COMPILE,,,,,,,
0x0044F970,??__Fg_BATTLE_LOCUSTS_CHIRON_SPRITE@@YAXXZ,src/atexit_thunks.cpp:2755,1,10,primary=1;eh=0;shared=0;selfmod=0,NO_COMPILE,,,,,,,
0x0044F980,??__Eg_BATTLE_FUNGAL_TOWER_SPRITE@@YAXXZ,src/init_thunks.cpp:2791,1,22,primary=1;eh=0;shared=0;selfmod=0,NO_COMPILE,,,,,,,
0x0044F9A0,??__Fg_BATTLE_FUNGAL_TOWER_SPRITE@@YAXXZ,src/atexit_thunks.cpp:2765,1,10,primary=1;eh=0;shared=0;selfmod=0,NO_COMPILE,,,,,,,
0x0044F9B0,??__Eg_BATTLE_SPORE_LAUNCHER_SPRITE@@YAXXZ,src/init_thunks.cpp:2802,1,22,primary=1;eh=0;shared=0;selfmod=0,NO_COMPILE,,,,,,,
0x0044F9D0,??__Fg_BATTLE_SPORE_LAUNCHER_SPRITE@@YAXXZ,src/atexit_thunks.cpp:2775,1,10,primary=1;eh=0;shared=0;selfmod=0,NO_COMPILE,,,,,,,
0x0044F9E0,??__Eg_BATTLE_SEALURK_SPRITE@@YAXXZ,src/init_thunks.cpp:2813,1,22,primary=1;eh=0;shared=0;selfmod=0,NO_COMPILE,,,,,,,
0x0044FA00,??__Fg_BATTLE_SEALURK_SPRITE@@YAXXZ,src/atexit_thunks.cpp:2785,1,10,primary=1;eh=0;shared=0;selfmod=0,NO_COMPILE,,,,,,,
0x0044FA10,??__Eg_TECH_ICON_SPRITES@@YAXXZ,src/init_thunks.cpp:2824,1,36,primary=1;eh=0;shared=0;selfmod=0,NO_COMPILE,,,,,,,
0x0044FA40,??__Fg_TECH_ICON_SPRITES@@YAXXZ,src/atexit_thunks.cpp:2795,1,20,primary=1;eh=0;shared=0;selfmod=0,NO_COMPILE,,,,,,,
0x0044FA60,??__Eg_FACILITY_ICON_SPRITES@@YAXXZ,src/init_thunks.cpp:2835,1,36,primary=1;eh=0;shared=0;selfmod=0,NO_COMPILE,,,,,,,
0x0044FA90,??__Fg_FACILITY_ICON_SPRITES@@YAXXZ,src/atexit_thunks.cpp:2805,1,20,primary=1;eh=0;shared=0;selfmod=0,NO_COMPILE,,,,,,,
0x0044FAB0,??__Eg_SECRET_PROJECT_ICON_SPRITES@@YAXXZ,src/init_thunks.cpp:2846,1,36,primary=1;eh=0;shared=0;selfmod=0,NO_COMPILE,,,,,,,
0x0044FAE0,??__Fg_SECRET_PROJECT_ICON_SPRITES@@YAXXZ,src/atexit_thunks.cpp:2815,1,20,primary=1;eh=0;shared=0;selfmod=0,NO_COMPILE,,,,,,,
0x0044FB00,??__Eg_IFACE_MP_COMBO_ARROW_SPRITES@@YAXXZ,src/init_thunks.cpp:2857,1,36,primary=1;eh=0;shared=0;selfmod=0,NO_COMPILE,,,,,,,
0x0044FB30,??__Fg_IFACE_MP_COMBO_ARROW_SPRITES@@YAXXZ,src/atexit_thunks.cpp:2825,1,20,primary=1;eh=0;shared=0;selfmod=0,NO_COMPILE,,,,,,,
0x0044FB50,??__Eg_SCROLL_BAR_ARROW_ICON_SPRITES@@YAXXZ,src/init_thunks.cpp:2868,1,36,primary=1;eh=0;shared=0;selfmod=0,NO_COMPILE,,,,,,,
0x0044FB80,??__Fg_SCROLL_BAR_ARROW_ICON_SPRITES@@YAXXZ,src/atexit_thunks.cpp:2835,1,20,primary=1;eh=0;shared=0;selfmod=0,NO_COMPILE,,,,,,,
0x0044FBA0,??__Eg_SCROLL_BAR_SMALL_ARROW_ICON_SPRITES@@YAXXZ,src/init_thunks.cpp:2879,1,36,primary=1;eh=0;shared=0;selfmod=0,NO_COMPILE,,,,,,,
0x0044FBD0,??__Fg_SCROLL_BAR_SMALL_ARROW_ICON_SPRITES@@YAXXZ,src/atexit_thunks.cpp:2845,1,20,primary=1;eh=0;shared=0;selfmod=0,NO_COMPILE,,,,,,,
0x0044FBF0,??__Eg_SCROLL_BAR_FILLER_ICON_SPRITES@@YAXXZ,src/init_thunks.cpp:2890,1,22,primary=1;eh=0;shared=0;selfmod=0,NO_COMPILE,,,,,,,
0x0044FC10,??__Fg_SCROLL_BAR_FILLER_ICON_SPRITES@@YAXXZ,src/atexit_thunks.cpp:2855,1,10,primary=1;eh=0;shared=0;selfmod=0,NO_COMPILE,,,,,,,
0x0044FC20,??__Eg_SCROLL_BAR_SMALL_FILLER_ICON_SPRITE@@YAXXZ,src/init_thunks.cpp:2901,1,22,primary=1;eh=0;shared=0;selfmod=0,NO_COMPILE,,,,,,,
0x0044FC40,??__Fg_SCROLL_BAR_SMALL_FILLER_ICON_SPRITE@@YAXXZ,src/atexit_thunks.cpp:2865,1,10,primary=1;eh=0;shared=0;selfmod=0,NO_COMPILE,,,,,,,
0x0044FC50,??__Eg_IFACE_LOCK_SPRITES@@YAXXZ,src/init_thunks.cpp:2912,1,36,primary=1;eh=0;shared=0;selfmod=0,NO_COMPILE,,,,,,,
0x0044FC80,??__Fg_IFACE_LOCK_SPRITES@@YAXXZ,src/atexit_thunks.cpp:2875,1,20,primary=1;eh=0;shared=0;selfmod=0,NO_COMPILE,,,,,,,
0x0044FCA0,??__Eg_UNUSED_SPRITES_VAR01@@YAXXZ,src/init_thunks.cpp:2923,1,36,primary=1;eh=0;shared=0;selfmod=0,NO_COMPILE,,,,,,,
0x0044FCD0,??__Fg_UNUSED_SPRITES_VAR01@@YAXXZ,src/atexit_thunks.cpp:2885,1,20,primary=1;eh=0;shared=0;selfmod=0,NO_COMPILE,,,,,,,
0x0044FCF0,??__Eg_IFACE_GENERAL_WINDOWS_TOP_LEFT_SPRITE@@YAXXZ,src/init_thunks.cpp:2934,1,22,primary=1;eh=0;shared=0;selfmod=0,NO_COMPILE,,,,,,,
0x0044FD10,??__Fg_IFACE_GENERAL_WINDOWS_TOP_LEFT_SPRITE@@YAXXZ,src/atexit_thunks.cpp:2895,1,10,primary=1;eh=0;shared=0;selfmod=0,NO_COMPILE,,,,,,,
0x0044FD20,??__Eg_IFACE_GENERAL_WINDOWS_TOP_RIGHT_SPRITE@@YAXXZ,src/init_thunks.cpp:2945,1,22,primary=1;eh=0;shared=0;selfmod=0,NO_COMPILE,,,,,,,
0x0044FD40,??__Fg_IFACE_GENERAL_WINDOWS_TOP_RIGHT_SPRITE@@YAXXZ,src/atexit_thunks.cpp:2905,1,10,primary=1;eh=0;shared=0;selfmod=0,NO_COMPILE,,,,,,,
0x0044FD50,??__Eg_IFACE_GENERAL_WINDOWS_BOT_LEFT_SPRITE@@YAXXZ,src/init_thunks.cpp:2956,1,22,primary=1;eh=0;shared=0;selfmod=0,NO_COMPILE,,,,,,,
0x0044FD70,??__Fg_IFACE_GENERAL_WINDOWS_BOT_LEFT_SPRITE@@YAXXZ,src/atexit_thunks.cpp:2915,1,10,primary=1;eh=0;shared=0;selfmod=0,NO_COMPILE,,,,,,,
0x0044FD80,??__Eg_IFACE_GENERAL_WINDOWS_BOT_RIGHT_SPRITE@@YAXXZ,src/init_thunks.cpp:2967,1,22,primary=1;eh=0;shared=0;selfmod=0,NO_COMPILE,,,,,,,
0x0044FDA0,??__Fg_IFACE_GENERAL_WINDOWS_BOT_RIGHT_SPRITE@@YAXXZ,src/atexit_thunks.cpp:2925,1,10,primary=1;eh=0;shared=0;selfmod=0,NO_COMPILE,,,,,,,
0x0044FDB0,??__Eg_IFACE_GENERAL_WINDOWS_MID_LEFT_SPRITE@@YAXXZ,src/init_thunks.cpp:2978,1,22,primary=1;eh=0;shared=0;selfmod=0,NO_COMPILE,,,,,,,
0x0044FDD0,??__Fg_IFACE_GENERAL_WINDOWS_MID_LEFT_SPRITE@@YAXXZ,src/atexit_thunks.cpp:2935,1,10,primary=1;eh=0;shared=0;selfmod=0,NO_COMPILE,,,,,,,
0x0044FDE0,??__Eg_IFACE_GENERAL_WINDOWS_MID_RIGHT_SPRITE@@YAXXZ,src/init_thunks.cpp:2989,1,22,primary=1;eh=0;shared=0;selfmod=0,NO_COMPILE,,,,,,,
0x0044FE00,??__Fg_IFACE_GENERAL_WINDOWS_MID_RIGHT_SPRITE@@YAXXZ,src/atexit_thunks.cpp:2945,1,10,primary=1;eh=0;shared=0;selfmod=0,NO_COMPILE,,,,,,,
0x0044FE10,??__Eg_IFACE_GENERAL_WINDOWS_TOP_MID_SPRITE@@YAXXZ,src/init_thunks.cpp:3000,1,22,primary=1;eh=0;shared=0;selfmod=0,NO_COMPILE,,,,,,,
0x0044FE30,??__Fg_IFACE_GENERAL_WINDOWS_TOP_MID_SPRITE@@YAXXZ,src/atexit_thunks.cpp:2955,1,10,primary=1;eh=0;shared=0;selfmod=0,NO_COMPILE,,,,,,,
0x0044FE40,??__Eg_IFACE_GENERAL_WINDOWS_BOT_MID_SPRITE@@YAXXZ,src/init_thunks.cpp:3011,1,22,primary=1;eh=0;shared=0;selfmod=0,NO_COMPILE,,,,,,,
0x0044FE60,??__Fg_IFACE_GENERAL_WINDOWS_BOT_MID_SPRITE@@YAXXZ,src/atexit_thunks.cpp:2965,1,10,primary=1;eh=0;shared=0;selfmod=0,NO_COMPILE,,,,,,,
0x0044FE70,??__Eg_IFACE_GENERAL_WINDOWS_NONCAP_MID_SPRITE@@YAXXZ,src/init_thunks.cpp:3022,1,22,primary=1;eh=0;shared=0;selfmod=0,NO_COMPILE,,,,,,,
0x0044FE90,??__Fg_IFACE_GENERAL_WINDOWS_NONCAP_MID_SPRITE@@YAXXZ,src/atexit_thunks.cpp:2975,1,10,primary=1;eh=0;shared=0;selfmod=0,NO_COMPILE,,,,,,,
0x0044FEA0,??__Eg_IFACE_GENERAL_WINDOWS_NONCAP_LEFT_SPRITE@@YAXXZ,src/init_thunks.cpp:3033,1,22,primary=1;eh=0;shared=0;selfmod=0,NO_COMPILE,,,,,,,
0x0044FEC0,??__Fg_IFACE_GENERAL_WINDOWS_NONCAP_LEFT_SPRITE@@YAXXZ,src/atexit_thunks.cpp:2985,1,10,primary=1;eh=0;shared=0;selfmod=0,NO_COMPILE,,,,,,,
0x0044FED0,??__Eg_IFACE_GENERAL_WINDOWS_NONCAP_RIGHT_SPRITE@@YAXXZ,src/init_thunks.cpp:3044,1,22,primary=1;eh=0;shared=0;selfmod=0,NO_COMPILE,,,,,,,
0x0044FEF0,??__Fg_IFACE_GENERAL_WINDOWS_NONCAP_RIGHT_SPRITE@@YAXXZ,src/atexit_thunks.cpp:2995,1,10,primary=1;eh=0;shared=0;selfmod=0,NO_COMPILE,,,,,,,
0x0044FF00,??__Eg_UNUSED_SPRITE_VAR23@@YAXXZ,src/init_thunks.cpp:3055,1,22,primary=1;eh=0;shared=0;selfmod=0,NO_COMPILE,,,,,,,
0x0044FF20,??__Fg_UNUSED_SPRITE_VAR23@@YAXXZ,src/atexit_thunks.cpp:3005,1,10,primary=1;eh=0;shared=0;selfmod=0,NO_COMPILE,,,,,,,
0x0044FF30,??__Eg_UNUSED_SPRITE_VAR24@@YAXXZ,src/init_thunks.cpp:3066,1,22,primary=1;eh=0;shared=0;selfmod=0,NO_COMPILE,,,,,,,
0x0044FF50,??__Fg_UNUSED_SPRITE_VAR24@@YAXXZ,src/atexit_thunks.cpp:3015,1,10,primary=1;eh=0;shared=0;selfmod=0,NO_COMPILE,,,,,,,
0x0044FF60,??__Eg_UNUSED_SPRITE_VAR25@@YAXXZ,src/init_thunks.cpp:3077,1,22,primary=1;eh=0;shared=0;selfmod=0,NO_COMPILE,,,,,,,
0x0044FF80,??__Fg_UNUSED_SPRITE_VAR25@@YAXXZ,src/atexit_thunks.cpp:3025,1,10,primary=1;eh=0;shared=0;selfmod=0,NO_COMPILE,,,,,,,
0x0044FF90,??__Eg_UNUSED_SPRITE_VAR26@@YAXXZ,src/init_thunks.cpp:3088,1,22,primary=1;eh=0;shared=0;selfmod=0,NO_COMPILE,,,,,,,
0x0044FFB0,??__Fg_UNUSED_SPRITE_VAR26@@YAXXZ,src/atexit_thunks.cpp:3035,1,10,primary=1;eh=0;shared=0;selfmod=0,NO_COMPILE,,,,,,,
0x0044FFC0,??__Eg_UNUSED_SPRITE_VAR27@@YAXXZ,src/init_thunks.cpp:3099,1,22,primary=1;eh=0;shared=0;selfmod=0,NO_COMPILE,,,,,,,
0x0044FFE0,??__Fg_UNUSED_SPRITE_VAR27@@YAXXZ,src/atexit_thunks.cpp:3045,1,10,primary=1;eh=0;shared=0;selfmod=0,NO_COMPILE,,,,,,,
0x0044FFF0,??__Eg_UNUSED_SPRITE_VAR28@@YAXXZ,src/init_thunks.cpp:3110,1,22,primary=1;eh=0;shared=0;selfmod=0,NO_COMPILE,,,,,,,
0x00450010,??__Fg_UNUSED_SPRITE_VAR28@@YAXXZ,src/atexit_thunks.cpp:3055,1,10,primary=1;eh=0;shared=0;selfmod=0,NO_COMPILE,,,,,,,
0x00450020,??__Eg_UNUSED_SPRITE_VAR29@@YAXXZ,src/init_thunks.cpp:3121,1,22,primary=1;eh=0;shared=0;selfmod=0,NO_COMPILE,,,,,,,
0x00450040,??__Fg_UNUSED_SPRITE_VAR29@@YAXXZ,src/atexit_thunks.cpp:3065,1,10,primary=1;eh=0;shared=0;selfmod=0,NO_COMPILE,,,,,,,
0x00450050,??__Eg_UNUSED_SPRITE_VAR30@@YAXXZ,src/init_thunks.cpp:3132,1,22,primary=1;eh=0;shared=0;selfmod=0,NO_COMPILE,,,,,,,
0x00450070,??__Fg_UNUSED_SPRITE_VAR30@@YAXXZ,src/atexit_thunks.cpp:3075,1,10,primary=1;eh=0;shared=0;selfmod=0,NO_COMPILE,,,,,,,
0x00450080,??__Eg_UNUSED_SPRITE_VAR31@@YAXXZ,src/init_thunks.cpp:3143,1,22,primary=1;eh=0;shared=0;selfmod=0,NO_COMPILE,,,,,,,
0x004500A0,??__Fg_UNUSED_SPRITE_VAR31@@YAXXZ,src/atexit_thunks.cpp:3085,1,10,primary=1;eh=0;shared=0;selfmod=0,NO_COMPILE,,,,,,,
0x004500B0,??__Eg_UNUSED_SPRITE_VAR32@@YAXXZ,src/init_thunks.cpp:3154,1,22,primary=1;eh=0;shared=0;selfmod=0,NO_COMPILE,,,,,,,
0x004500D0,??__Fg_UNUSED_SPRITE_VAR32@@YAXXZ,src/atexit_thunks.cpp:3095,1,10,primary=1;eh=0;shared=0;selfmod=0,NO_COMPILE,,,,,,,
0x004500E0,??__Eg_UNUSED_SPRITE_VAR33@@YAXXZ,src/init_thunks.cpp:3165,1,22,primary=1;eh=0;shared=0;selfmod=0,NO_COMPILE,,,,,,,
0x00450100,??__Fg_UNUSED_SPRITE_VAR33@@YAXXZ,src/atexit_thunks.cpp:3105,1,10,primary=1;eh=0;shared=0;selfmod=0,NO_COMPILE,,,,,,,
0x00450110,??__Eg_UNUSED_SPRITE_VAR34@@YAXXZ,src/init_thunks.cpp:3176,1,22,primary=1;eh=0;shared=0;selfmod=0,NO_COMPILE,,,,,,,
0x00450130,??__Fg_UNUSED_SPRITE_VAR34@@YAXXZ,src/atexit_thunks.cpp:3115,1,10,primary=1;eh=0;shared=0;selfmod=0,NO_COMPILE,,,,,,,
0x00450140,??__Eg_UNUSED_SPRITE_VAR35@@YAXXZ,src/init_thunks.cpp:3187,1,22,primary=1;eh=0;shared=0;selfmod=0,NO_COMPILE,,,,,,,
0x00450160,??__Fg_UNUSED_SPRITE_VAR35@@YAXXZ,src/atexit_thunks.cpp:3125,1,10,primary=1;eh=0;shared=0;selfmod=0,NO_COMPILE,,,,,,,
0x00450170,??__Eg_UNUSED_SPRITE_VAR36@@YAXXZ,src/init_thunks.cpp:3198,1,22,primary=1;eh=0;shared=0;selfmod=0,NO_COMPILE,,,,,,,
0x00450190,??__Fg_UNUSED_SPRITE_VAR36@@YAXXZ,src/atexit_thunks.cpp:3135,1,10,primary=1;eh=0;shared=0;selfmod=0,NO_COMPILE,,,,,,,
0x004501A0,??__Eg_UNUSED_SPRITE_VAR37@@YAXXZ,src/init_thunks.cpp:3209,1,22,primary=1;eh=0;shared=0;selfmod=0,NO_COMPILE,,,,,,,
0x004501C0,??__Fg_UNUSED_SPRITE_VAR37@@YAXXZ,src/atexit_thunks.cpp:3145,1,10,primary=1;eh=0;shared=0;selfmod=0,NO_COMPILE,,,,,,,
0x004501D0,??__Eg_UNUSED_SPRITE_VAR38@@YAXXZ,src/init_thunks.cpp:3220,1,22,primary=1;eh=0;shared=0;selfmod=0,NO_COMPILE,,,,,,,
0x004501F0,??__Fg_UNUSED_SPRITE_VAR38@@YAXXZ,src/atexit_thunks.cpp:3155,1,10,primary=1;eh=0;shared=0;selfmod=0,NO_COMPILE,,,,,,,
0x00450200,??__Eg_UNUSED_SPRITE_VAR39@@YAXXZ,src/init_thunks.cpp:3231,1,22,primary=1;eh=0;shared=0;selfmod=0,NO_COMPILE,,,,,,,
0x00450220,??__Fg_UNUSED_SPRITE_VAR39@@YAXXZ,src/atexit_thunks.cpp:3165,1,10,primary=1;eh=0;shared=0;selfmod=0,NO_COMPILE,,,,,,,
0x00450230,??__Eg_UNUSED_SPRITE_VAR40@@YAXXZ,src/init_thunks.cpp:3242,1,22,primary=1;eh=0;shared=0;selfmod=0,NO_COMPILE,,,,,,,
0x00450250,??__Fg_UNUSED_SPRITE_VAR40@@YAXXZ,src/atexit_thunks.cpp:3175,1,10,primary=1;eh=0;shared=0;selfmod=0,NO_COMPILE,,,,,,,
0x00450260,??__Eg_UNUSED_SPRITE_VAR41@@YAXXZ,src/init_thunks.cpp:3253,1,22,primary=1;eh=0;shared=0;selfmod=0,NO_COMPILE,,,,,,,
0x00450280,??__Fg_UNUSED_SPRITE_VAR41@@YAXXZ,src/atexit_thunks.cpp:3185,1,10,primary=1;eh=0;shared=0;selfmod=0,NO_COMPILE,,,,,,,
0x00450290,??__Eg_UNUSED_SPRITE_VAR42@@YAXXZ,src/init_thunks.cpp:3264,1,22,primary=1;eh=0;shared=0;selfmod=0,NO_COMPILE,,,,,,,
0x004502B0,??__Fg_UNUSED_SPRITE_VAR42@@YAXXZ,src/atexit_thunks.cpp:3195,1,10,primary=1;eh=0;shared=0;selfmod=0,NO_COMPILE,,,,,,,
0x004502C0,??__Eg_UNUSED_SPRITE_VAR43@@YAXXZ,src/init_thunks.cpp:3275,1,22,primary=1;eh=0;shared=0;selfmod=0,NO_COMPILE,,,,,,,
0x004502E0,??__Fg_UNUSED_SPRITE_VAR43@@YAXXZ,src/atexit_thunks.cpp:3205,1,10,primary=1;eh=0;shared=0;selfmod=0,NO_COMPILE,,,,,,,
0x004502F0,??__Eg_UNUSED_SPRITE_VAR44@@YAXXZ,src/init_thunks.cpp:3286,1,22,primary=1;eh=0;shared=0;selfmod=0,NO_COMPILE,,,,,,,
0x00450310,??__Fg_UNUSED_SPRITE_VAR44@@YAXXZ,src/atexit_thunks.cpp:3215,1,10,primary=1;eh=0;shared=0;selfmod=0,NO_COMPILE,,,,,,,
0x00450320,??__Eg_UNUSED_SPRITE_VAR45@@YAXXZ,src/init_thunks.cpp:3297,1,22,primary=1;eh=0;shared=0;selfmod=0,NO_COMPILE,,,,,,,
0x00450340,??__Fg_UNUSED_SPRITE_VAR45@@YAXXZ,src/atexit_thunks.cpp:3225,1,10,primary=1;eh=0;shared=0;selfmod=0,NO_COMPILE,,,,,,,
0x00450350,??__Eg_UNUSED_SPRITE_VAR46@@YAXXZ,src/init_thunks.cpp:3308,1,22,primary=1;eh=0;shared=0;selfmod=0,NO_COMPILE,,,,,,,
0x00450370,??__Fg_UNUSED_SPRITE_VAR46@@YAXXZ,src/atexit_thunks.cpp:3235,1,10,primary=1;eh=0;shared=0;selfmod=0,NO_COMPILE,,,,,,,
0x00450380,??__Eg_IFACE_TECH_TREE_ARROW_SPRITES@@YAXXZ,src/init_thunks.cpp:3319,1,36,primary=1;eh=0;shared=0;selfmod=0,NO_COMPILE,,,,,,,
0x004503B0,??__Fg_IFACE_TECH_TREE_ARROW_SPRITES@@YAXXZ,src/atexit_thunks.cpp:3245,1,20,primary=1;eh=0;shared=0;selfmod=0,NO_COMPILE,,,,,,,
0x004503D0,??__Eg_UNUSED_SPRITE_VAR47@@YAXXZ,src/init_thunks.cpp:3330,1,22,primary=1;eh=0;shared=0;selfmod=0,NO_COMPILE,,,,,,,
0x004503F0,??__Fg_UNUSED_SPRITE_VAR47@@YAXXZ,src/atexit_thunks.cpp:3255,1,10,primary=1;eh=0;shared=0;selfmod=0,NO_COMPILE,,,,,,,
0x00450400,??__Eg_UNUSED_SPRITE_VAR48@@YAXXZ,src/init_thunks.cpp:3341,1,22,primary=1;eh=0;shared=0;selfmod=0,NO_COMPILE,,,,,,,
0x00450420,??__Fg_UNUSED_SPRITE_VAR48@@YAXXZ,src/atexit_thunks.cpp:3265,1,10,primary=1;eh=0;shared=0;selfmod=0,NO_COMPILE,,,,,,,
0x00450430,??__Eg_UNUSED_SPRITE_VAR49@@YAXXZ,src/init_thunks.cpp:3352,1,22,primary=1;eh=0;shared=0;selfmod=0,NO_COMPILE,,,,,,,
0x00450450,??__Fg_UNUSED_SPRITE_VAR49@@YAXXZ,src/atexit_thunks.cpp:3275,1,10,primary=1;eh=0;shared=0;selfmod=0,NO_COMPILE,,,,,,,
0x00450460,??__Eg_UNUSED_SPRITE_VAR50@@YAXXZ,src/init_thunks.cpp:3363,1,22,primary=1;eh=0;shared=0;selfmod=0,NO_COMPILE,,,,,,,
0x00450480,??__Fg_UNUSED_SPRITE_VAR50@@YAXXZ,src/atexit_thunks.cpp:3285,1,10,primary=1;eh=0;shared=0;selfmod=0,NO_COMPILE,,,,,,,
0x00450490,??__Eg_UNUSED_SPRITE_VAR51@@YAXXZ,src/init_thunks.cpp:3374,1,22,primary=1;eh=0;shared=0;selfmod=0,NO_COMPILE,,,,,,,
0x004504B0,??__Fg_UNUSED_SPRITE_VAR51@@YAXXZ,src/atexit_thunks.cpp:3295,1,10,primary=1;eh=0;shared=0;selfmod=0,NO_COMPILE,,,,,,,
0x004504C0,??__Eg_UNUSED_SPRITE_VAR52@@YAXXZ,src/init_thunks.cpp:3385,1,22,primary=1;eh=0;shared=0;selfmod=0,NO_COMPILE,,,,,,,
0x004504E0,??__Fg_UNUSED_SPRITE_VAR52@@YAXXZ,src/atexit_thunks.cpp:3305,1,10,primary=1;eh=0;shared=0;selfmod=0,NO_COMPILE,,,,,,,
0x004504F0,??__Eg_UNUSED_SPRITE_VAR53@@YAXXZ,src/init_thunks.cpp:3396,1,22,primary=1;eh=0;shared=0;selfmod=0,NO_COMPILE,,,,,,,
0x00450510,??__Fg_UNUSED_SPRITE_VAR53@@YAXXZ,src/atexit_thunks.cpp:3315,1,10,primary=1;eh=0;shared=0;selfmod=0,NO_COMPILE,,,,,,,
0x00450520,??__Eg_UNUSED_SPRITE_VAR54@@YAXXZ,src/init_thunks.cpp:3407,1,22,primary=1;eh=0;shared=0;selfmod=0,NO_COMPILE,,,,,,,
0x00450540,??__Fg_UNUSED_SPRITE_VAR54@@YAXXZ,src/atexit_thunks.cpp:3325,1,10,primary=1;eh=0;shared=0;selfmod=0,NO_COMPILE,,,,,,,
0x00450550,??__Eg_UNUSED_SPRITE_VAR55@@YAXXZ,src/init_thunks.cpp:3418,1,22,primary=1;eh=0;shared=0;selfmod=0,NO_COMPILE,,,,,,,
0x00450570,??__Fg_UNUSED_SPRITE_VAR55@@YAXXZ,src/atexit_thunks.cpp:3335,1,10,primary=1;eh=0;shared=0;selfmod=0,NO_COMPILE,,,,,,,
0x00450580,??__Eg_UNUSED_SPRITE_VAR56@@YAXXZ,src/init_thunks.cpp:3429,1,22,primary=1;eh=0;shared=0;selfmod=0,NO_COMPILE,,,,,,,
0x004505A0,??__Fg_UNUSED_SPRITE_VAR56@@YAXXZ,src/atexit_thunks.cpp:3345,1,10,primary=1;eh=0;shared=0;selfmod=0,NO_COMPILE,,,,,,,
0x004505B0,??__Eg_UNUSED_SPRITE_VAR57@@YAXXZ,src/init_thunks.cpp:3440,1,22,primary=1;eh=0;shared=0;selfmod=0,NO_COMPILE,,,,,,,
0x004505D0,??__Fg_UNUSED_SPRITE_VAR57@@YAXXZ,src/atexit_thunks.cpp:3355,1,10,primary=1;eh=0;shared=0;selfmod=0,NO_COMPILE,,,,,,,
0x004505E0,??__Eg_UNUSED_SPRITE_VAR58@@YAXXZ,src/init_thunks.cpp:3451,1,22,primary=1;eh=0;shared=0;selfmod=0,NO_COMPILE,,,,,,,
0x00450600,??__Fg_UNUSED_SPRITE_VAR58@@YAXXZ,src/atexit_thunks.cpp:3365,1,10,primary=1;eh=0;shared=0;selfmod=0,NO_COMPILE,,,,,,,
0x00450610,??__Eg_UNUSED_SPRITE_VAR59@@YAXXZ,src/init_thunks.cpp:3462,1,22,primary=1;eh=0;shared=0;selfmod=0,NO_COMPILE,,,,,,,
0x00450630,??__Fg_UNUSED_SPRITE_VAR59@@YAXXZ,src/atexit_thunks.cpp:3375,1,10,primary=1;eh=0;shared=0;selfmod=0,NO_COMPILE,,,,,,,
0x00450640,??__Eg_UNUSED_SPRITE_VAR60@@YAXXZ,src/init_thunks.cpp:3473,1,22,primary=1;eh=0;shared=0;selfmod=0,NO_COMPILE,,,,,,,
0x00450660,??__Fg_UNUSED_SPRITE_VAR60@@YAXXZ,src/atexit_thunks.cpp:3385,1,10,primary=1;eh=0;shared=0;selfmod=0,NO_COMPILE,,,,,,,
0x00450670,??__Eg_UNUSED_SPRITE_VAR61@@YAXXZ,src/init_thunks.cpp:3484,1,22,primary=1;eh=0;shared=0;selfmod=0,NO_COMPILE,,,,,,,
0x00450690,??__Fg_UNUSED_SPRITE_VAR61@@YAXXZ,src/atexit_thunks.cpp:3395,1,10,primary=1;eh=0;shared=0;selfmod=0,NO_COMPILE,,,,,,,
0x004506A0,??__Eg_UNUSED_SPRITE_VAR62@@YAXXZ,src/init_thunks.cpp:3495,1,22,primary=1;eh=0;shared=0;selfmod=0,NO_COMPILE,,,,,,,
0x004506C0,??__Fg_UNUSED_SPRITE_VAR62@@YAXXZ,src/atexit_thunks.cpp:3405,1,10,primary=1;eh=0;shared=0;selfmod=0,NO_COMPILE,,,,,,,
0x004506D0,??__Eg_UNUSED_SPRITE_VAR63@@YAXXZ,src/init_thunks.cpp:3506,1,22,primary=1;eh=0;shared=0;selfmod=0,NO_COMPILE,,,,,,,
0x004506F0,??__Fg_UNUSED_SPRITE_VAR63@@YAXXZ,src/atexit_thunks.cpp:3415,1,10,primary=1;eh=0;shared=0;selfmod=0,NO_COMPILE,,,,,,,
0x00450700,??__Eg_UNUSED_SPRITE_VAR64@@YAXXZ,src/init_thunks.cpp:3517,1,22,primary=1;eh=0;shared=0;selfmod=0,NO_COMPILE,,,,,,,
0x00450720,??__Fg_UNUSED_SPRITE_VAR64@@YAXXZ,src/atexit_thunks.cpp:3425,1,10,primary=1;eh=0;shared=0;selfmod=0,NO_COMPILE,,,,,,,
0x00450730,??__Eg_UNUSED_SPRITE_VAR65@@YAXXZ,src/init_thunks.cpp:3528,1,22,primary=1;eh=0;shared=0;selfmod=0,NO_COMPILE,,,,,,,
0x00450750,??__Fg_UNUSED_SPRITE_VAR65@@YAXXZ,src/atexit_thunks.cpp:3435,1,10,primary=1;eh=0;shared=0;selfmod=0,NO_COMPILE,,,,,,,
0x00450760,??__Eg_UNUSED_SPRITE_VAR66@@YAXXZ,src/init_thunks.cpp:3539,1,22,primary=1;eh=0;shared=0;selfmod=0,NO_COMPILE,,,,,,,
0x00450780,??__Fg_UNUSED_SPRITE_VAR66@@YAXXZ,src/atexit_thunks.cpp:3445,1,10,primary=1;eh=0;shared=0;selfmod=0,NO_COMPILE,,,,,,,
0x00450790,??__Eg_UNUSED_SPRITE_VAR67@@YAXXZ,src/init_thunks.cpp:3550,1,22,primary=1;eh=0;shared=0;selfmod=0,NO_COMPILE,,,,,,,
0x004507B0,??__Fg_UNUSED_SPRITE_VAR67@@YAXXZ,src/atexit_thunks.cpp:3455,1,10,primary=1;eh=0;shared=0;selfmod=0,NO_COMPILE,,,,,,,
0x004507C0,??__Eg_UNUSED_SPRITE_VAR68@@YAXXZ,src/init_thunks.cpp:3561,1,22,primary=1;eh=0;shared=0;selfmod=0,NO_COMPILE,,,,,,,
0x004507E0,??__Fg_UNUSED_SPRITE_VAR68@@YAXXZ,src/atexit_thunks.cpp:3465,1,10,primary=1;eh=0;shared=0;selfmod=0,NO_COMPILE,,,,,,,
0x004507F0,??__Eg_UNUSED_SPRITE_VAR69@@YAXXZ,src/init_thunks.cpp:3572,1,22,primary=1;eh=0;shared=0;selfmod=0,NO_COMPILE,,,,,,,
0x00450810,??__Fg_UNUSED_SPRITE_VAR69@@YAXXZ,src/atexit_thunks.cpp:3475,1,10,primary=1;eh=0;shared=0;selfmod=0,NO_COMPILE,,,,,,,
0x00450820,??__Eg_UNUSED_SPRITE_VAR70@@YAXXZ,src/init_thunks.cpp:3583,1,22,primary=1;eh=0;shared=0;selfmod=0,NO_COMPILE,,,,,,,
0x00450840,??__Fg_UNUSED_SPRITE_VAR70@@YAXXZ,src/atexit_thunks.cpp:3485,1,10,primary=1;eh=0;shared=0;selfmod=0,NO_COMPILE,,,,,,,
0x00450850,??__Eg_UNUSED_SPRITE_VAR71@@YAXXZ,src/init_thunks.cpp:3594,1,22,primary=1;eh=0;shared=0;selfmod=0,NO_COMPILE,,,,,,,
0x00450870,??__Fg_UNUSED_SPRITE_VAR71@@YAXXZ,src/atexit_thunks.cpp:3495,1,10,primary=1;eh=0;shared=0;selfmod=0,NO_COMPILE,,,,,,,
0x00450880,??__Eg_UNUSED_SPRITE_VAR72@@YAXXZ,src/init_thunks.cpp:3605,1,22,primary=1;eh=0;shared=0;selfmod=0,NO_COMPILE,,,,,,,
0x004508A0,??__Fg_UNUSED_SPRITE_VAR72@@YAXXZ,src/atexit_thunks.cpp:3505,1,10,primary=1;eh=0;shared=0;selfmod=0,NO_COMPILE,,,,,,,
0x004508B0,??__Eg_UNUSED_SPRITE_VAR73@@YAXXZ,src/init_thunks.cpp:3616,1,22,primary=1;eh=0;shared=0;selfmod=0,NO_COMPILE,,,,,,,
0x004508D0,??__Fg_UNUSED_SPRITE_VAR73@@YAXXZ,src/atexit_thunks.cpp:3515,1,10,primary=1;eh=0;shared=0;selfmod=0,NO_COMPILE,,,,,,,
0x004508E0,??__Eg_UNUSED_SPRITE_VAR74@@YAXXZ,src/init_thunks.cpp:3627,1,22,primary=1;eh=0;shared=0;selfmod=0,NO_COMPILE,,,,,,,
0x00450900,??__Fg_UNUSED_SPRITE_VAR74@@YAXXZ,src/atexit_thunks.cpp:3525,1,10,primary=1;eh=0;shared=0;selfmod=0,NO_COMPILE,,,,,,,
0x00450910,??__Eg_UNUSED_SPRITES_VAR02@@YAXXZ,src/init_thunks.cpp:3638,1,36,primary=1;eh=0;shared=0;selfmod=0,NO_COMPILE,,,,,,,
0x00450940,??__Fg_UNUSED_SPRITES_VAR02@@YAXXZ,src/atexit_thunks.cpp:3535,1,20,primary=1;eh=0;shared=0;selfmod=0,NO_COMPILE,,,,,,,
0x00450960,??__Eg_UNUSED_SPRITES_VAR03@@YAXXZ,src/init_thunks.cpp:3649,1,36,primary=1;eh=0;shared=0;selfmod=0,NO_COMPILE,,,,,,,
0x00450990,??__Fg_UNUSED_SPRITES_VAR03@@YAXXZ,src/atexit_thunks.cpp:3545,1,20,primary=1;eh=0;shared=0;selfmod=0,NO_COMPILE,,,,,,,
0x004509B0,??__Eg_UNUSED_SPRITES_VAR04@@YAXXZ,src/init_thunks.cpp:3660,1,36,primary=1;eh=0;shared=0;selfmod=0,NO_COMPILE,,,,,,,
0x004509E0,??__Fg_UNUSED_SPRITES_VAR04@@YAXXZ,src/atexit_thunks.cpp:3555,1,20,primary=1;eh=0;shared=0;selfmod=0,NO_COMPILE,,,,,,,
0x00450A00,??__Eg_UNUSED_SPRITES_VAR05@@YAXXZ,src/init_thunks.cpp:3671,1,36,primary=1;eh=0;shared=0;selfmod=0,NO_COMPILE,,,,,,,
0x00450A30,??__Fg_UNUSED_SPRITES_VAR05@@YAXXZ,src/atexit_thunks.cpp:3565,1,20,primary=1;eh=0;shared=0;selfmod=0,NO_COMPILE,,,,,,,
0x00450A50,??__Eg_UNUSED_SPRITES_VAR06@@YAXXZ,src/init_thunks.cpp:3682,1,36,primary=1;eh=0;shared=0;selfmod=0,NO_COMPILE,,,,,,,
0x00450A80,??__Fg_UNUSED_SPRITES_VAR06@@YAXXZ,src/atexit_thunks.cpp:3575,1,20,primary=1;eh=0;shared=0;selfmod=0,NO_COMPILE,,,,,,,
0x00450AA0,??__Eg_UNUSED_SPRITES_VAR07@@YAXXZ,src/init_thunks.cpp:3693,1,36,primary=1;eh=0;shared=0;selfmod=0,NO_COMPILE,,,,,,,
0x00450AD0,??__Fg_UNUSED_SPRITES_VAR07@@YAXXZ,src/atexit_thunks.cpp:3585,1,20,primary=1;eh=0;shared=0;selfmod=0,NO_COMPILE,,,,,,,
0x00450AF0,??__Eg_UNUSED_SPRITES_VAR08@@YAXXZ,src/init_thunks.cpp:3704,1,36,primary=1;eh=0;shared=0;selfmod=0,NO_COMPILE,,,,,,,
0x00450B20,??__Fg_UNUSED_SPRITES_VAR08@@YAXXZ,src/atexit_thunks.cpp:3595,1,20,primary=1;eh=0;shared=0;selfmod=0,NO_COMPILE,,,,,,,
0x00450B40,??__Eg_UNUSED_SPRITES_VAR09@@YAXXZ,src/init_thunks.cpp:3715,1,36,primary=1;eh=0;shared=0;selfmod=0,NO_COMPILE,,,,,,,
0x00450B70,??__Fg_UNUSED_SPRITES_VAR09@@YAXXZ,src/atexit_thunks.cpp:3605,1,20,primary=1;eh=0;shared=0;selfmod=0,NO_COMPILE,,,,,,,
0x00450B90,??__Eg_UNUSED_SPRITES_VAR10@@YAXXZ,src/init_thunks.cpp:3726,1,36,primary=1;eh=0;shared=0;selfmod=0,NO_COMPILE,,,,,,,
0x00450BC0,??__Fg_UNUSED_SPRITES_VAR10@@YAXXZ,src/atexit_thunks.cpp:3615,1,20,primary=1;eh=0;shared=0;selfmod=0,NO_COMPILE,,,,,,,
0x00450BE0,??__Eg_UNUSED_SPRITE_VAR75@@YAXXZ,src/init_thunks.cpp:3737,1,22,primary=1;eh=0;shared=0;selfmod=0,NO_COMPILE,,,,,,,
0x00450C00,??__Fg_UNUSED_SPRITE_VAR75@@YAXXZ,src/atexit_thunks.cpp:3625,1,10,primary=1;eh=0;shared=0;selfmod=0,NO_COMPILE,,,,,,,
0x00450C10,??__Eg_UNUSED_SPRITE_VAR76@@YAXXZ,src/init_thunks.cpp:3748,1,22,primary=1;eh=0;shared=0;selfmod=0,NO_COMPILE,,,,,,,
0x00450C30,??__Fg_UNUSED_SPRITE_VAR76@@YAXXZ,src/atexit_thunks.cpp:3635,1,10,primary=1;eh=0;shared=0;selfmod=0,NO_COMPILE,,,,,,,
0x00450C40,??__Eg_UNUSED_SPRITE_VAR77@@YAXXZ,src/init_thunks.cpp:3759,1,22,primary=1;eh=0;shared=0;selfmod=0,NO_COMPILE,,,,,,,
0x00450C60,??__Fg_UNUSED_SPRITE_VAR77@@YAXXZ,src/atexit_thunks.cpp:3645,1,10,primary=1;eh=0;shared=0;selfmod=0,NO_COMPILE,,,,,,,
0x00450C70,??__Eg_UNUSED_SPRITE_VAR78@@YAXXZ,src/init_thunks.cpp:3770,1,22,primary=1;eh=0;shared=0;selfmod=0,NO_COMPILE,,,,,,,
0x00450C90,??__Fg_UNUSED_SPRITE_VAR78@@YAXXZ,src/atexit_thunks.cpp:3655,1,10,primary=1;eh=0;shared=0;selfmod=0,NO_COMPILE,,,,,,,
0x00450CA0,??__Eg_UNUSED_SPRITE_VAR79@@YAXXZ,src/init_thunks.cpp:3781,1,22,primary=1;eh=0;shared=0;selfmod=0,NO_COMPILE,,,,,,,
0x00450CC0,??__Fg_UNUSED_SPRITE_VAR79@@YAXXZ,src/atexit_thunks.cpp:3665,1,10,primary=1;eh=0;shared=0;selfmod=0,NO_COMPILE,,,,,,,
0x00450CD0,??__Eg_UNUSED_SPRITE_VAR80@@YAXXZ,src/init_thunks.cpp:3792,1,22,primary=1;eh=0;shared=0;selfmod=0,NO_COMPILE,,,,,,,
0x00450CF0,??__Fg_UNUSED_SPRITE_VAR80@@YAXXZ,src/atexit_thunks.cpp:3675,1,10,primary=1;eh=0;shared=0;selfmod=0,NO_COMPILE,,,,,,,
0x00450D00,??__Eg_UNUSED_SPRITE_VAR81@@YAXXZ,src/init_thunks.cpp:3803,1,22,primary=1;eh=0;shared=0;selfmod=0,NO_COMPILE,,,,,,,
0x00450D20,??__Fg_UNUSED_SPRITE_VAR81@@YAXXZ,src/atexit_thunks.cpp:3685,1,10,primary=1;eh=0;shared=0;selfmod=0,NO_COMPILE,,,,,,,
0x00450D30,??__Eg_UNUSED_SPRITE_VAR82@@YAXXZ,src/init_thunks.cpp:3814,1,22,primary=1;eh=0;shared=0;selfmod=0,NO_COMPILE,,,,,,,
0x00450D50,??__Fg_UNUSED_SPRITE_VAR82@@YAXXZ,src/atexit_thunks.cpp:3695,1,10,primary=1;eh=0;shared=0;selfmod=0,NO_COMPILE,,,,,,,
0x00450D60,??__Eg_UNUSED_SPRITE_VAR83@@YAXXZ,src/init_thunks.cpp:3825,1,22,primary=1;eh=0;shared=0;selfmod=0,NO_COMPILE,,,,,,,
0x00450D80,??__Fg_UNUSED_SPRITE_VAR83@@YAXXZ,src/atexit_thunks.cpp:3705,1,10,primary=1;eh=0;shared=0;selfmod=0,NO_COMPILE,,,,,,,
0x00450D90,??__Eg_BASEWIN_SPRITES@@YAXXZ,src/init_thunks.cpp:3836,1,36,primary=1;eh=0;shared=0;selfmod=0,NO_COMPILE,,,,,,,
0x00450DC0,??__Fg_BASEWIN_SPRITES@@YAXXZ,src/atexit_thunks.cpp:3715,1,20,primary=1;eh=0;shared=0;selfmod=0,NO_COMPILE,,,,,,,
0x00450DE0,sub_450de0,,0,77,primary=1;eh=0;shared=0;selfmod=0,NO_COMPILE,,,,,,,"CL produced no object: v00450de0_0.cpp
v00450de0_0.cpp(53) : error C2014: preprocessor command must start as first nonwhite space
v00450de0_0.cpp(54) : error C2143: syntax error : missing ')' before '}'
v00450de0_0.cpp(54) : error C2059: syntax error : ')'
v00450de0_0.cpp(68) : error C2143: syntax error : missing ')' before ';'
v00450de0_0.cpp(68) : fatal error C1903: unable to recover from previous error(s); stopping compilation
"
0x00450E30,sub_450e30,,0,77,primary=1;eh=0;shared=0;selfmod=0,NO_COMPILE,,,,,,,"CL produced no object: v00450e30_0.cpp
v00450e30_0.cpp(53) : error C2014: preprocessor command must start as first nonwhite space
v00450e30_0.cpp(54) : error C2143: syntax error : missing ')' before '}'
v00450e30_0.cpp(54) : error C2059: syntax error : ')'
v00450e30_0.cpp(68) : error C2143: syntax error : missing ')' before ';'
v00450e30_0.cpp(68) : fatal error C1903: unable to recover from previous error(s); stopping compilation
"
0x00450E80,sub_450e80,,0,77,primary=1;eh=0;shared=0;selfmod=0,NO_COMPILE,,,,,,,"CL produced no object: v00450e80_0.cpp
v00450e80_0.cpp(53) : error C2014: preprocessor command must start as first nonwhite space
v00450e80_0.cpp(54) : error C2143: syntax error : missing ')' before '}'
v00450e80_0.cpp(54) : error C2059: syntax error : ')'
v00450e80_0.cpp(68) : error C2143: syntax error : missing ')' before ';'
v00450e80_0.cpp(68) : fatal error C1903: unable to recover from previous error(s); stopping compilation
"
0x00450F90,sub_450f90,,0,32,primary=1;eh=0;shared=0;selfmod=0,BYTE_EXACT,32,32,,,,,
0x00453A20,?load_bases@@YAXXZ,,0,74,primary=1;eh=0;shared=0;selfmod=0,MISMATCH,74,1,26,1,0,#0: original 'push' vs rebuilt 'ret',
0x00454FC0,?load_cursors@@YAXXZ,,0,1075,primary=1;eh=0;shared=0;selfmod=0,NO_COMPILE,,,,,,,"CL produced no object: v00454fc0_0.cpp
v00454fc0_0.cpp(60) : error C2014: preprocessor command must start as first nonwhite space
v00454fc0_0.cpp(61) : error C2143: syntax error : missing ')' before '}'
v00454fc0_0.cpp(61) : error C2059: syntax error : ')'
v00454fc0_0.cpp(98) : fatal error C1004: unexpected end of file found
"
0x00455E50,?load_deswin_sprites@@YAXXZ,src/leaf_recoveries.cpp:1304,0,35,primary=1;eh=0;shared=0;selfmod=0,NO_COMPILE,,,,,,,
0x00455E80,?load_fixed_sprites@@YAXXZ,,0,40,primary=1;eh=0;shared=0;selfmod=0,MISMATCH,40,1,9,1,0,#0: original 'call' vs rebuilt 'ret',
0x00456100,??1CaviarData@@QAE@XZ,,0,5,primary=1;eh=0;shared=0;selfmod=0,BYTE_EXACT,5,5,,,,,
0x00456280,??_GGamma@@UAEPAXI@Z,src/deleting_thunks.cpp:794,1,33,primary=1;eh=0;shared=0;selfmod=0,NO_COMPILE,,,,,,,
0x004562B0,??3Gamma@@SAXPAXI@Z,src/deleting_thunks.cpp:809,1,11,primary=1;eh=0;shared=0;selfmod=0,NO_COMPILE,,,,,,,
0x004562C0,??__Eg_INFOWIN@@YAXXZ,src/init_thunks.cpp:3847,1,22,primary=1;eh=0;shared=0;selfmod=0,NO_COMPILE,,,,,,,
0x004562E0,??__Fg_INFOWIN@@YAXXZ,src/atexit_thunks.cpp:3725,1,10,primary=1;eh=0;shared=0;selfmod=0,NO_COMPILE,,,,,,,
0x004562F0,?UNK1@InfoWin@@QAEXXZ,src/infowin.cpp:23,0,1,primary=1;eh=0;shared=0;selfmod=0,BYTE_EXACT,1,1,,,,,
0x004588B0,?UNK2@InfoWin@@QAEXXZ,,0,78,primary=1;eh=0;shared=0;selfmod=0,MISMATCH,78,1,24,1,0,#0: original 'push' vs rebuilt 'ret',
0x00458900,?change@InfoWin@@QAEXH@Z,src/infowin.cpp:49,0,3,primary=1;eh=0;shared=0;selfmod=0,BYTE_EXACT,3,3,,,,,
0x00458910,?on_redraw@InfoWin@@QAEXXZ,src/infowin.cpp:32,0,1,primary=1;eh=0;shared=0;selfmod=0,BYTE_EXACT,1,1,,,,,
0x00458920,?UNK3@InfoWin@@QAEXHH@Z,src/infowin.cpp:62,0,3,primary=1;eh=0;shared=0;selfmod=0,BYTE_EXACT,3,3,,,,,
0x00458D40,?on_right_click@InfoWin@@QAEXHH@Z,,0,20,primary=1;eh=0;shared=0;selfmod=0,BYTE_EXACT,20,20,,,,,
0x00459260,?timer_daemon@InfoWin@@QAAXH@Z,,0,28,primary=1;eh=0;shared=0;selfmod=0,BYTE_EXACT,28,28,,,,,
0x00459280,?reset@InfoWin@@QAEXXZ,src/infowin.cpp:78,0,28,primary=1;eh=0;shared=0;selfmod=0,NO_COMPILE,,,,,,,
0x00459560,??__Eg_MAININTERFACE@@YAXXZ,src/init_thunks.cpp:3858,1,22,primary=1;eh=0;shared=0;selfmod=0,NO_COMPILE,,,,,,,
0x00459580,??__Fg_MAININTERFACE@@YAXXZ,src/atexit_thunks.cpp:3735,1,10,primary=1;eh=0;shared=0;selfmod=0,NO_COMPILE,,,,,,,
0x00459590,??__Eg_MAININTERFACE_WAVE@@YAXXZ,src/init_thunks.cpp:3869,1,22,primary=1;eh=0;shared=0;selfmod=0,NO_COMPILE,,,,,,,
0x004595B0,??__Fg_MAININTERFACE_WAVE@@YAXXZ,src/atexit_thunks.cpp:3745,1,10,primary=1;eh=0;shared=0;selfmod=0,NO_COMPILE,,,,,,,
0x0045C0B0,?chat@MainInterface@@QAEXPADH@Z,,0,53,primary=1;eh=0;shared=0;selfmod=0,MISMATCH,53,3,18,1,0,#0: original 'push' vs rebuilt 'ret 8',
0x0045C170,?clear_message@MainInterface@@QAEXXZ,src/maininterface.cpp:33,0,1,primary=1;eh=0;shared=0;selfmod=0,BYTE_EXACT,1,1,,,,,
0x0045C280,?UNK1@MainInterface@@QAEXH@Z,src/maininterface.cpp:94,0,3,primary=1;eh=0;shared=0;selfmod=0,BYTE_EXACT,3,3,,,,,
0x0045C290,?restore_back@MainInterface@@QAEXH@Z,,0,259,primary=1;eh=0;shared=0;selfmod=0,MISMATCH,259,3,109,1,0,#0: original 'push' vs rebuilt 'ret 4',
0x0045C5B0,?UNK2@MainInterface@@QAEXXZ,src/maininterface.cpp:51,0,1,primary=1;eh=0;shared=0;selfmod=0,BYTE_EXACT,1,1,,,,,
0x0045C5C0,?on_scrolling@MainInterface@@QAEXHH@Z,,0,52,primary=1;eh=0;shared=0;selfmod=0,MISMATCH,52,3,17,1,0,#0: original 'push' vs rebuilt 'ret 8',
0x0045C600,?on_scrolled@MainInterface@@QAEXHH@Z,,0,52,primary=1;eh=0;shared=0;selfmod=0,MISMATCH,52,3,17,1,0,#0: original 'push' vs rebuilt 'ret 8',
0x0045C640,?on_left_double_click@MainInterface@@QAEXHH@Z,,0,52,primary=1;eh=0;shared=0;selfmod=0,MISMATCH,52,3,17,1,0,#0: original 'push' vs rebuilt 'ret 8',
0x0045C680,?on_right_double_click@MainInterface@@QAEXHH@Z,,0,52,primary=1;eh=0;shared=0;selfmod=0,MISMATCH,52,3,17,1,0,#0: original 'push' vs rebuilt 'ret 8',
0x0045C6C0,?on_left_up@MainInterface@@QAEXHH@Z,,0,52,primary=1;eh=0;shared=0;selfmod=0,MISMATCH,52,3,17,1,0,#0: original 'push' vs rebuilt 'ret 8',
0x0045C700,?on_left_click@MainInterface@@QAEXHH@Z,,0,52,primary=1;eh=0;shared=0;selfmod=0,MISMATCH,52,3,17,1,0,#0: original 'push' vs rebuilt 'ret 8',
0x0045C740,?on_right_click@MainInterface@@QAEXHH@Z,,0,52,primary=1;eh=0;shared=0;selfmod=0,MISMATCH,52,3,17,1,0,#0: original 'push' vs rebuilt 'ret 8',
0x0045C780,?on_left_down@MainInterface@@QAEXHH@Z,,0,52,primary=1;eh=0;shared=0;selfmod=0,MISMATCH,52,3,17,1,0,#0: original 'push' vs rebuilt 'ret 8',
0x0045C7C0,?on_right_down@MainInterface@@QAEXHH@Z,,0,52,primary=1;eh=0;shared=0;selfmod=0,MISMATCH,52,3,17,1,0,#0: original 'push' vs rebuilt 'ret 8',
0x0045C800,?on_button_clicked@MainInterface@@QAEXH@Z,,0,48,primary=1;eh=0;shared=0;selfmod=0,MISMATCH,48,3,15,1,0,#0: original 'push' vs rebuilt 'ret 4',
0x0045C830,?on_button_pressed@MainInterface@@QAEHH@Z,,0,54,primary=1;eh=0;shared=0;selfmod=0,MISMATCH,54,5,18,2,0,#0: original 'push' vs rebuilt 'xor',
0x0045C870,?on_button_toggled@MainInterface@@QAEXHH@Z,,0,52,primary=1;eh=0;shared=0;selfmod=0,MISMATCH,52,3,17,1,0,#0: original 'push' vs rebuilt 'ret 8',
0x0045C8B0,?on_dialog_back_draw@MainInterface@@QAEHPAUGraphicWin@@@Z,,0,54,primary=1;eh=0;shared=0;selfmod=0,MISMATCH,54,5,18,2,0,#0: original 'push' vs rebuilt 'xor',
0x0045C8F0,?on_dialog_item_back_draw@MainInterface@@QAEHPAUGraphicWin@@HHPAURECT@@@Z,,0,66,primary=1;eh=0;shared=0;selfmod=0,MISMATCH,66,5,24,2,0,#0: original 'push' vs rebuilt 'xor',
0x0045C940,?on_group_clicked@MainInterface@@QAEXHHH@Z,,0,56,primary=1;eh=0;shared=0;selfmod=0,MISMATCH,56,3,19,1,0,#0: original 'push' vs rebuilt 'ret 0xc',
0x0045C980,?on_mouse_move@MainInterface@@QAEXHH@Z,,0,52,primary=1;eh=0;shared=0;selfmod=0,MISMATCH,52,3,17,1,0,#0: original 'push' vs rebuilt 'ret 8',
0x0045C9C0,?on_mouse_leave@MainInterface@@QAEXHH@Z,,0,52,primary=1;eh=0;shared=0;selfmod=0,MISMATCH,52,3,17,1,0,#0: original 'push' vs rebuilt 'ret 8',
0x0045CA00,?on_selected@MainInterface@@QAEXHH@Z,,0,52,primary=1;eh=0;shared=0;selfmod=0,MISMATCH,52,3,17,1,0,#0: original 'push' vs rebuilt 'ret 8',
0x0045CC80,?on_iface_scrolled@MainInterface@@QAEXHH@Z,src/maininterface.cpp:107,0,3,primary=1;eh=0;shared=0;selfmod=0,BYTE_EXACT,3,3,,,,,
0x0045CC90,?on_iface_scrolling@MainInterface@@QAEXHH@Z,src/maininterface.cpp:120,0,3,primary=1;eh=0;shared=0;selfmod=0,BYTE_EXACT,3,3,,,,,
0x0045CCA0,?on_iface_button_toggled@MainInterface@@QAEXHH@Z,src/maininterface.cpp:133,0,3,primary=1;eh=0;shared=0;selfmod=0,BYTE_EXACT,3,3,,,,,
0x0045CD80,?on_iface_left_double_click@MainInterface@@QAEXHH@Z,,0,48,primary=1;eh=0;shared=0;selfmod=0,NO_COMPILE,,,,,,,"CL produced no object: v0045cd80_0.cpp
v0045cd80_0.cpp(50) : error C2061: syntax error : identifier 'RECT'
"
0x0045CDB0,?on_iface_right_double_click@MainInterface@@QAEXHH@Z,src/maininterface.cpp:146,0,3,primary=1;eh=0;shared=0;selfmod=0,BYTE_EXACT,3,3,,,,,
0x0045CF40,?on_iface_left_down@MainInterface@@QAEXHH@Z,,0,53,primary=1;eh=0;shared=0;selfmod=0,NO_COMPILE,,,,,,,"CL produced no object: v0045cf40_0.cpp
v0045cf40_0.cpp(65) : error C2146: syntax error : missing ',' before identifier 'a1'
v0045cf40_0.cpp(65) : error C2061: syntax error : identifier 'a1'
v0045cf40_0.cpp(65) : error C2511: 'on_iface_left_down' : overloaded member function 'void (int)' not found in 'MainInterface'
        v0045cf40_0.cpp(61) : see declaration of 'MainInterface'
"
0x0045D000,?on_iface_mouse_move@MainInterface@@QAEXHH@Z,,0,261,primary=1;eh=0;shared=0;selfmod=0,NO_COMPILE,,,,,,,"CL produced no object: v0045d000_0.cpp
v0045d000_0.cpp(70) : error C2146: syntax error : missing ',' before identifier 'a1'
v0045d000_0.cpp(70) : error C2061: syntax error : identifier 'a1'
v0045d000_0.cpp(70) : error C2511: 'on_iface_mouse_move' : overloaded member function 'void (int)' not found in 'MainInterface'
        v0045d000_0.cpp(65) : see declaration of 'MainInterface'
"
0x0045D110,?on_iface_mouse_leave@MainInterface@@QAEXHH@Z,,0,47,primary=1;eh=0;shared=0;selfmod=0,MISMATCH,47,3,11,1,0,#0: original 'push' vs rebuilt 'ret 8',
0x0045D140,?on_iface_selected@MainInterface@@QAEXHH@Z,,0,25,primary=1;eh=0;shared=0;selfmod=0,BYTE_EXACT,25,25,,,,,
0x0045D160,?on_iface_button_pressed@MainInterface@@QAEHH@Z,src/maininterface.cpp:159,0,5,primary=1;eh=0;shared=0;selfmod=0,BYTE_EXACT,5,5,,,,,
0x0045D170,?on_iface_button_clicked@MainInterface@@QAEXH@Z,,0,257,primary=1;eh=0;shared=0;selfmod=0,MISMATCH,257,3,69,1,0,#0: original 'push' vs rebuilt 'ret 4',
0x0045D2A0,?set_alert@MainInterface@@QAEXH@Z,,0,49,primary=1;eh=0;shared=0;selfmod=0,MISMATCH,49,3,13,1,0,#0: original 'push' vs rebuilt 'ret 4',
0x0045D2E0,?delete_iface_mode@SubInterface@@QAEXXZ,,0,35,primary=1;eh=0;shared=0;selfmod=0,MISMATCH,35,1,11,1,0,#0: original 'xor' vs rebuilt 'ret',
0x0045EB60,?UNK3@MainInterface@@QAEXXZ,src/maininterface.cpp:60,0,1,primary=1;eh=0;shared=0;selfmod=0,BYTE_EXACT,1,1,,,,,
0x0045EB70,?UNK4@MainInterface@@QAEXXZ,src/maininterface.cpp:69,0,1,primary=1;eh=0;shared=0;selfmod=0,BYTE_EXACT,1,1,,,,,
0x0045F1C0,??_GMainInterface@@UAEPAXI@Z,src/deleting_thunks.cpp:823,1,33,primary=1;eh=0;shared=0;selfmod=0,NO_COMPILE,,,,,,,
0x0045F1F0,??3MainInterface@@SAXPAXI@Z,src/deleting_thunks.cpp:839,1,11,primary=1;eh=0;shared=0;selfmod=0,NO_COMPILE,,,,,,,
0x0045F6F0,?on_key_down@Interlude@@QAEXH@Z,src/delegation_thunks.cpp:131,1,16,,REFUSED,,,,,,,extract does not end in a closing brace
0x0045F700,?on_left_down@Interlude@@QAEXHH@Z,src/delegation_thunks.cpp:147,1,11,,REFUSED,,,,,,,extract does not end in a closing brace
0x0045F710,??_GInterlude@@UAEPAXI@Z,src/deleting_thunks.cpp:854,1,33,primary=1;eh=0;shared=0;selfmod=0,NO_COMPILE,,,,,,,
0x0045F910,??3Interlude@@SAXPAXI@Z,src/deleting_thunks.cpp:870,1,11,primary=1;eh=0;shared=0;selfmod=0,NO_COMPILE,,,,,,,
0x0045F920,??__Eg_JACKAL_FONT@@YAXXZ,src/init_thunks.cpp:3880,1,22,primary=1;eh=0;shared=0;selfmod=0,NO_COMPILE,,,,,,,
0x0045F940,??__Fg_JACKAL_FONT@@YAXXZ,src/atexit_thunks.cpp:3755,1,10,primary=1;eh=0;shared=0;selfmod=0,NO_COMPILE,,,,,,,
0x0045FB20,?menu_init@MainMenu@@QAEHXZ,,0,4784,primary=1;eh=0;shared=0;selfmod=0,NO_COMPILE,,,,,,,"CL produced no object: v0045fb20_0.cpp
v0045fb20_0.cpp(57) : error C2143: syntax error : missing ';' before '__cdecl'
v0045fb20_0.cpp(57) : error C2501: 'BOOL' : missing storage-class or type specifiers
v0045fb20_0.cpp(57) : error C2146: syntax error : missing ')' before identifier 'tglAllRules'
v0045fb20_0.cpp(57) : warning C4229: anachronism used : modifiers on data are ignored
v0045fb20_0.cpp(57) : error C2501: 'read_rules' : missing storage-class or type specifiers
v0045fb20_0.cpp(57) : error C2059: syntax error : ')'
"
0x00460DD0,?check@MainMenu@@QAEXH@Z,,0,4782,primary=1;eh=0;shared=0;selfmod=0,NO_COMPILE,,,,,,,"CL produced no object: v00460dd0_0.cpp
v00460dd0_0.cpp(60) : error C2061: syntax error : identifier 'BOOL'
v00460dd0_0.cpp(64) : error C2061: syntax error : identifier 'BOOL'
v00460dd0_0.cpp(109) : error C2146: syntax error : missing ',' before identifier 'a1'
v00460dd0_0.cpp(109) : error C2061: syntax error : identifier 'a1'
"
0x00462080,??__Eg_MAPWIN@@YAXXZ,src/init_thunks.cpp:3891,1,24,primary=1;eh=0;shared=0;selfmod=0,NO_COMPILE,,,,,,,
0x004620A0,??__Fg_MAPWIN@@YAXXZ,src/guarded_teardowns.cpp:110,0,20,primary=1;eh=0;shared=0;selfmod=0,NO_COMPILE,,,,,,,
0x00462190,?alt_get_ocean_detail@@YAHHHHH@Z,src/map.cpp:3276,0,1289,primary=1;eh=0;shared=0;selfmod=0,NO_COMPILE,,,,,,,
0x00462960,?UNK1@MapWin@@QAEHXZ,src/mapwin.cpp:294,0,12,primary=1;eh=0;shared=0;selfmod=0,NO_COMPILE,,,,,,,
0x00462970,?UNK2@MapWin@@QAEHXZ,src/mapwin.cpp:167,0,3,primary=1;eh=0;shared=0;selfmod=0,BYTE_EXACT,3,3,,,,,
0x00467960,?UNK3@MapWin@@QAEXXZ,src/mapwin.cpp:25,0,1,primary=1;eh=0;shared=0;selfmod=0,BYTE_EXACT,1,1,,,,,
0x0046A530,?draw_radius@MapWin@@QAEXHHH@Z,,0,26,primary=1;eh=0;shared=0;selfmod=0,BYTE_EXACT,26,26,,,,,
0x0046AEF0,?draw_radius@@YAXHHHH@Z,,0,72,primary=1;eh=0;shared=0;selfmod=0,MISMATCH,72,1,31,1,0,#0: original 'push' vs rebuilt 'ret',
0x0046AF40,?draw_tile@@YAXHHH@Z,src/mapwin.cpp:202,0,70,primary=1;eh=0;shared=0;selfmod=0,NO_COMPILE,,,,,,,
0x0046B140,?draw_tiles@@YAXHHH@Z,src/mapwin.cpp:249,0,70,primary=1;eh=0;shared=0;selfmod=0,NO_COMPILE,,,,,,,
0x0046B190,?draw_map@@YAXH@Z,,0,58,primary=1;eh=0;shared=0;selfmod=0,MISMATCH,58,1,23,1,0,#0: original 'push' vs rebuilt 'ret',
0x0046B1D0,?on_redraw@MapWin@@QAEXXZ,,0,24,primary=1;eh=0;shared=0;selfmod=0,BYTE_EXACT,24,24,,,,,
0x0046C0D0,?right_menu@MapWin@@QAEXHHHH@Z,,0,5271,primary=1;eh=1;shared=0;selfmod=0,NO_COMPILE,,,,,,,"CL produced no object: v0046c0d0_0.cpp
v0046c0d0_0.cpp(43) : error C2059: syntax error : ';'
v0046c0d0_0.cpp(253) : error C2146: syntax error : missing ',' before identifier 'a1'
v0046c0d0_0.cpp(253) : error C2061: syntax error : identifier 'a1'
v0046c0d0_0.cpp(253) : error C2511: 'right_menu' : overloaded member function 'void (int)' not found in 'MapWin'
        v0046c0d0_0.cpp(248) : see declaration of 'MapWin'
"
0x0046EB90,?on_lose_mouse_capture@MapWin@@QAEXXZ,,0,5,primary=1;eh=0;shared=0;selfmod=0,BYTE_EXACT,5,5,,,,,
0x0046EBA0,?on_left_click@MapWin@@QAEXHH@Z,src/mapwin.cpp:102,0,37,primary=1;eh=0;shared=0;selfmod=0,NO_COMPILE,,,,,,,
0x0046EBD0,?on_left_double_click@MapWin@@QAEXHH@Z,src/mapwin.cpp:141,0,3,primary=1;eh=0;shared=0;selfmod=0,BYTE_EXACT,3,3,,,,,
0x0046EBE0,?on_right_click@MapWin@@QAEXHH@Z,src/mapwin.cpp:118,0,37,primary=1;eh=0;shared=0;selfmod=0,NO_COMPILE,,,,,,,
0x0046EFF0,?on_left_up@MapWin@@QAEXHH@Z,src/mapwin.cpp:150,0,3,primary=1;eh=0;shared=0;selfmod=0,BYTE_EXACT,3,3,,,,,
0x0046F880,?on_sys_close@MapWin@@QAEXXZ,,0,64,primary=1;eh=0;shared=0;selfmod=0,MISMATCH,64,1,19,1,0,#0: original 'mov' vs rebuilt 'ret',
0x0046FA00,?on_resize@MapWin@@QAEXHH@Z,,0,26,primary=1;eh=0;shared=0;selfmod=0,BYTE_EXACT,26,26,,,,,
0x0046FB10,?main_caption@MapWin@@QAEXXZ,src/mapwin.cpp:58,0,16,primary=1;eh=0;shared=0;selfmod=0,NO_COMPILE,,,,,,,
0x0046FB80,?do_image_buttons@MapWin@@QAEXXZ,src/mapwin.cpp:35,0,1,primary=1;eh=0;shared=0;selfmod=0,BYTE_EXACT,1,1,,,,,
0x0046FC30,?clear_alt@MapWin@@QAEXXZ,,0,75,primary=1;eh=0;shared=0;selfmod=0,MISMATCH,75,1,35,1,0,#0: original 'push' vs rebuilt 'ret',
0x0046FCE0,?UNK7@MapWin@@QAEXXZ,,0,58,primary=1;eh=0;shared=0;selfmod=0,MISMATCH,58,1,27,1,0,#0: original 'mov' vs rebuilt 'ret',
0x00470A90,?init@MapWin@@QAEXHH@Z,,0,1074,primary=1;eh=0;shared=0;selfmod=0,MISMATCH,1074,3,280,1,0,#0: original 'push' vs rebuilt 'ret 8',
0x00470F70,?close@MapWin@@QAEXXZ,src/mapwin.cpp:76,0,40,primary=1;eh=0;shared=0;selfmod=0,NO_COMPILE,,,,,,,
0x00471160,mapwin_nullsub1,src/nullsub_thunks.cpp:284,1,3,primary=1;eh=0;shared=0;selfmod=0,BYTE_EXACT,3,3,,,,,
0x00471170,mapwin_nullsub2,src/nullsub_thunks.cpp:294,1,3,primary=1;eh=0;shared=0;selfmod=0,BYTE_EXACT,3,3,,,,,
0x00471180,mapwin_nullsub3,src/nullsub_thunks.cpp:304,1,3,primary=1;eh=0;shared=0;selfmod=0,BYTE_EXACT,3,3,,,,,
0x00471190,mapwin_nullsub4,src/nullsub_thunks.cpp:314,1,3,primary=1;eh=0;shared=0;selfmod=0,BYTE_EXACT,3,3,,,,,
0x004712A0,?on_map@@YAHHH@Z,src/map.cpp:68,0,44,primary=1;eh=0;shared=0;selfmod=0,NO_COMPILE,,,,,,,
0x004712D0,mapwin_unk1,,0,70,primary=1;eh=0;shared=0;selfmod=0,NO_COMPILE,,,,,,,"CL produced no object: v004712d0_0.cpp
v004712d0_0.cpp(44) : error C2065: 'MapWin' : undeclared identifier
v004712d0_0.cpp(44) : error C2355: 'this' : can only be referenced inside non-static member functions
v004712d0_0.cpp(44) : error C2065: 'Buffer' : undeclared identifier
v004712d0_0.cpp(44) : error C2059: syntax error : ','
"
0x00471320,??__Eg_MESSAGEWIN@@YAXXZ,src/init_thunks.cpp:3902,1,22,primary=1;eh=0;shared=0;selfmod=0,NO_COMPILE,,,,,,,
0x00471340,??__Fg_MESSAGEWIN@@YAXXZ,src/atexit_thunks.cpp:3765,1,10,primary=1;eh=0;shared=0;selfmod=0,NO_COMPILE,,,,,,,
0x00471350,??__Eg_IFACE_GREEN_RIGHT_ARROW_SPRITE@@YAXXZ,src/init_thunks.cpp:3913,1,36,primary=1;eh=0;shared=0;selfmod=0,NO_COMPILE,,,,,,,
0x00471380,??__Fg_IFACE_GREEN_RIGHT_ARROW_SPRITE@@YAXXZ,src/atexit_thunks.cpp:3775,1,20,primary=1;eh=0;shared=0;selfmod=0,NO_COMPILE,,,,,,,
0x004713A0,?UNK1@MessageWin@@QAEXHHHHH@Z,src/messagewin.cpp:23,0,3,primary=1;eh=0;shared=0;selfmod=0,BYTE_EXACT,3,3,,,,,
0x00471870,?listbox_draw@MessageWin@@QAAHPAUGraphicWin@@HHHHH@Z,,0,79,primary=1;eh=0;shared=0;selfmod=0,NO_COMPILE,,,,,,,"CL produced no object: v00471870_0.cpp
v00471870_0.cpp(46) : error C2143: syntax error : missing ';' before 'this'
v00471870_0.cpp(46) : error C2143: syntax error : missing ';' before 'this'
v00471870_0.cpp(60) : error C2143: syntax error : missing ')' before 'this'
v00471870_0.cpp(60) : error C2143: syntax error : missing ';' before 'this'
v00471870_0.cpp(60) : error C2143: syntax error : missing ';' before 'this'
v00471870_0.cpp(60) : error C2059: syntax error : ')'
v00471870_0.cpp(60) : error C2143: syntax error : missing ';' before '{'
v00471870_0.cpp(60) : error C2447: missing function header (old-style formal list?)
"
0x00471D40,?UNK4@MessageWin@@QAEXH@Z,src/messagewin.cpp:36,0,3,primary=1;eh=0;shared=0;selfmod=0,BYTE_EXACT,3,3,,,,,
0x00471FD0,?listbox_write@MessageWin@@QAAHPAUGraphicWin@@HHPAURECT@@PAD@Z,,0,79,primary=1;eh=0;shared=0;selfmod=0,NO_COMPILE,,,,,,,"CL produced no object: v00471fd0_0.cpp
v00471fd0_0.cpp(47) : error C2143: syntax error : missing ';' before 'this'
v00471fd0_0.cpp(47) : error C2143: syntax error : missing ';' before 'this'
v00471fd0_0.cpp(60) : error C2143: syntax error : missing ')' before 'this'
v00471fd0_0.cpp(60) : error C2143: syntax error : missing ';' before 'this'
v00471fd0_0.cpp(60) : error C2143: syntax error : missing ';' before 'this'
v00471fd0_0.cpp(60) : error C2059: syntax error : ')'
v00471fd0_0.cpp(60) : error C2143: syntax error : missing ';' before '{'
v00471fd0_0.cpp(60) : error C2447: missing function header (old-style formal list?)
"
0x00472200,??__Eg_MONUWIN@@YAXXZ,src/init_thunks.cpp:3924,1,22,primary=1;eh=0;shared=0;selfmod=0,NO_COMPILE,,,,,,,
0x00472220,??__Fg_MONUWIN@@YAXXZ,src/atexit_thunks.cpp:3785,1,10,primary=1;eh=0;shared=0;selfmod=0,NO_COMPILE,,,,,,,
0x00472230,?init@MonuWin@@QAEHXZ,,0,5432,primary=1;eh=1;shared=0;selfmod=0,NO_COMPILE,,,,,,,"CL produced no object: v00472230_0.cpp
v00472230_0.cpp(64) : error C2061: syntax error : identifier 'Palette'
v00472230_0.cpp(85) : error C2014: preprocessor command must start as first nonwhite space
v00472230_0.cpp(86) : error C2143: syntax error : missing ')' before '}'
v00472230_0.cpp(86) : error C2059: syntax error : ')'
v00472230_0.cpp(88) : error C2143: syntax error : missing ')' before ';'
v00472230_0.cpp(88) : fatal error C1903: unable to recover from previous error(s); stopping compilation
"
0x00476760,?close@MonuWin@@QAEXXZ,,0,20,primary=1;eh=0;shared=0;selfmod=0,BYTE_EXACT,20,20,,,,,
0x004769B0,?on_button_clicked@MonuWin@@QAEXH@Z,,0,71,primary=1;eh=0;shared=0;selfmod=0,MISMATCH,71,3,24,1,0,#0: original 'push' vs rebuilt 'ret 4',
0x00476A00,?on_key_click@MonuWin@@QAEHHH@Z,,0,66,primary=1;eh=0;shared=0;selfmod=0,MISMATCH,66,5,19,2,0,#0: original 'push' vs rebuilt 'xor',
0x00476B30,?clear_monuments@@YAXXZ,,0,49,primary=1;eh=0;shared=0;selfmod=0,MISMATCH,49,1,12,1,0,#0: original 'mov' vs rebuilt 'ret',
0x00476C90,?mon_tech_discovered@@YAXHH@Z,,0,259,primary=1;eh=0;shared=0;selfmod=0,MISMATCH,259,1,80,1,0,#0: original 'push' vs rebuilt 'ret',
0x00477100,?mon_secret_project@@YAXHH@Z,,0,263,primary=1;eh=0;shared=0;selfmod=0,MISMATCH,263,1,80,1,0,#0: original 'push' vs rebuilt 'ret',
0x00477DD0,??_GMonuWin@@UAEPAXI@Z,src/deleting_thunks.cpp:884,1,33,primary=1;eh=0;shared=0;selfmod=0,NO_COMPILE,,,,,,,
0x00477E00,??3MonuWin@@SAXPAXI@Z,src/deleting_thunks.cpp:900,1,11,primary=1;eh=0;shared=0;selfmod=0,NO_COMPILE,,,,,,,
0x00477E10,??__Eg_MULTIWIN@@YAXXZ,src/init_thunks.cpp:3935,1,22,primary=1;eh=0;shared=0;selfmod=0,NO_COMPILE,,,,,,,
0x00477E30,??__Fg_MULTIWIN@@YAXXZ,src/atexit_thunks.cpp:3795,1,10,primary=1;eh=0;shared=0;selfmod=0,NO_COMPILE,,,,,,,
0x00477E40,??__Eg_MULTIWIN_WAVE@@YAXXZ,src/init_thunks.cpp:3946,1,22,primary=1;eh=0;shared=0;selfmod=0,NO_COMPILE,,,,,,,
0x00477E60,??__Fg_MULTIWIN_WAVE@@YAXXZ,src/atexit_thunks.cpp:3805,1,10,primary=1;eh=0;shared=0;selfmod=0,NO_COMPILE,,,,,,,
0x00477EE0,?on_mouse_leave@MultiWin@@QAEXHH@Z,,0,30,primary=1;eh=0;shared=0;selfmod=0,BYTE_EXACT,30,30,,,,,
0x00477F00,?on_button_clicked@MultiWin@@QAEXH@Z,,0,48,primary=1;eh=0;shared=0;selfmod=0,MISMATCH,48,3,18,1,0,#0: original 'push' vs rebuilt 'ret 4',
0x004798F0,?on_redraw@MultiWin@@QAEXXZ,,0,8,primary=1;eh=0;shared=0;selfmod=0,BYTE_EXACT,8,8,,,,,
0x0047A6C0,??_GMultiWin@@UAEPAXI@Z,src/deleting_thunks.cpp:914,1,33,primary=1;eh=0;shared=0;selfmod=0,NO_COMPILE,,,,,,,
0x0047A6F0,?UNK3@MultiWin@@QAEHHHPAURECT@@@Z,,0,46,primary=1;eh=0;shared=0;selfmod=0,MISMATCH,46,5,24,2,0,#0: original 'push' vs rebuilt 'xor',
0x0047A720,?UNK4@MultiWin@@QAEHPADPAURECT@@@Z,,0,50,primary=1;eh=0;shared=0;selfmod=0,NO_COMPILE,,,,,,,"CL produced no object: v0047a720_0.cpp
v0047a720_0.cpp(58) : error C2146: syntax error : missing ',' before identifier 'a1'
v0047a720_0.cpp(58) : error C2061: syntax error : identifier 'a1'
v0047a720_0.cpp(58) : error C2511: 'UNK4' : overloaded member function 'int (struct LPSTR)' not found in 'MultiWin'
        v0047a720_0.cpp(54) : see declaration of 'MultiWin'
"
0x0047A760,??3MultiWin@@SAXPAXI@Z,src/deleting_thunks.cpp:930,1,11,primary=1;eh=0;shared=0;selfmod=0,NO_COMPILE,,,,,,,
0x0047A770,??__Eg_NETMSG1@@YAXXZ,src/init_thunks.cpp:3957,1,31,primary=1;eh=0;shared=0;selfmod=0,NO_COMPILE,,,,,,,
0x0047A790,??__Fg_NETMSG1@@YAXXZ,src/atexit_thunks.cpp:3815,1,10,primary=1;eh=0;shared=0;selfmod=0,NO_COMPILE,,,,,,,
0x0047A7A0,??__Eg_NETMSG2@@YAXXZ,src/init_thunks.cpp:3968,1,28,primary=1;eh=0;shared=0;selfmod=0,NO_COMPILE,,,,,,,
0x0047A7C0,??__Fg_NETMSG2@@YAXXZ,src/atexit_thunks.cpp:3825,1,10,primary=1;eh=0;shared=0;selfmod=0,NO_COMPILE,,,,,,,
0x0047A7D0,?close@NetMsg@@QAEXXZ,src/netmsg.cpp:26,0,43,primary=1;eh=0;shared=0;selfmod=0,NO_COMPILE,,,,,,,
0x0047A860,?on_button_clicked@NetMsg@@QAEXH@Z,,0,45,primary=1;eh=0;shared=0;selfmod=0,MISMATCH,45,3,12,1,0,#0: original 'push' vs rebuilt 'ret 4',
0x0047AD70,??_GNetMsg@@UAEPAXI@Z,src/deleting_thunks.cpp:944,1,33,primary=1;eh=0;shared=0;selfmod=0,NO_COMPILE,,,,,,,
0x0047AFE0,??3NetMsg@@SAXPAXI@Z,src/deleting_thunks.cpp:959,1,11,primary=1;eh=0;shared=0;selfmod=0,NO_COMPILE,,,,,,,
0x0047AFF0,??__Eg_NETWIN@@YAXXZ,src/init_thunks.cpp:3979,1,22,primary=1;eh=0;shared=0;selfmod=0,NO_COMPILE,,,,,,,
0x0047B010,??__Fg_NETWIN@@YAXXZ,src/atexit_thunks.cpp:3835,1,10,primary=1;eh=0;shared=0;selfmod=0,NO_COMPILE,,,,,,,
0x0047B750,?on_key_click@NetWin@@QAEHHH@Z,src/netwin.cpp:62,0,8,primary=1;eh=0;shared=0;selfmod=0,BYTE_EXACT,8,8,,,,,
0x0047E010,?pick_num_players@NetWin@@QAEXXZ,,0,1027,primary=1;eh=1;shared=0;selfmod=0,NO_COMPILE,,,,,,,"CL produced no object: v0047e010_0.cpp
v0047e010_0.cpp(43) : error C2059: syntax error : ';'
"
0x0047E930,?pick_planet_size@NetWin@@QAEXXZ,,0,1032,primary=1;eh=1;shared=0;selfmod=0,NO_COMPILE,,,,,,,"CL produced no object: v0047e930_0.cpp
v0047e930_0.cpp(43) : error C2059: syntax error : ';'
"
0x0047EC60,?pick_ocean@NetWin@@QAEXXZ,,0,1028,primary=1;eh=1;shared=0;selfmod=0,NO_COMPILE,,,,,,,"CL produced no object: v0047ec60_0.cpp
v0047ec60_0.cpp(43) : error C2059: syntax error : ';'
"
0x0047EF90,?pick_erosion@NetWin@@QAEXXZ,,0,1028,primary=1;eh=1;shared=0;selfmod=0,NO_COMPILE,,,,,,,"CL produced no object: v0047ef90_0.cpp
v0047ef90_0.cpp(43) : error C2059: syntax error : ';'
"
0x0047F2C0,?pick_native@NetWin@@QAEXXZ,,0,1028,primary=1;eh=1;shared=0;selfmod=0,NO_COMPILE,,,,,,,"CL produced no object: v0047f2c0_0.cpp
v0047f2c0_0.cpp(43) : error C2059: syntax error : ';'
"
0x0047F5F0,?pick_clouds@NetWin@@QAEXXZ,,0,1028,primary=1;eh=1;shared=0;selfmod=0,NO_COMPILE,,,,,,,"CL produced no object: v0047f5f0_0.cpp
v0047f5f0_0.cpp(43) : error C2059: syntax error : ';'
"
0x0047F920,?UNK1@NetWin@@QAEXXZ,src/netwin.cpp:23,0,1,primary=1;eh=0;shared=0;selfmod=0,BYTE_EXACT,1,1,,,,,
0x0047F930,?UNK2@NetWin@@QAEXXZ,src/netwin.cpp:32,0,1,primary=1;eh=0;shared=0;selfmod=0,BYTE_EXACT,1,1,,,,,
0x0047F940,?on_mouse_move@NetWin@@QAEXHH@Z,src/netwin.cpp:76,0,3,primary=1;eh=0;shared=0;selfmod=0,BYTE_EXACT,3,3,,,,,
0x0047F950,?on_mouse_leave@NetWin@@QAEXHH@Z,src/netwin.cpp:89,0,3,primary=1;eh=0;shared=0;selfmod=0,BYTE_EXACT,3,3,,,,,
0x0047FE80,?UNK3@NetWin@@QAEXXZ,,0,70,primary=1;eh=0;shared=0;selfmod=0,MISMATCH,70,1,22,1,0,#0: original 'push' vs rebuilt 'ret',
0x00480900,?draw_session_info@NetWin@@QAEXXZ,,0,4598,primary=1;eh=1;shared=0;selfmod=0,MISMATCH,4546,1,1356,1,0,#0: original 'push' vs rebuilt 'ret',
0x00482D90,?prepare_game@NetWin@@QAEXXZ,,0,1040,primary=1;eh=1;shared=0;selfmod=0,MISMATCH,1022,1,316,1,0,#0: original 'push' vs rebuilt 'ret',
0x004832D0,?string_callback@NetWin@@QAAXHH@Z,,0,50,primary=1;eh=0;shared=0;selfmod=0,NO_COMPILE,,,,,,,"CL produced no object: v004832d0_0.cpp
v004832d0_0.cpp(43) : error C2143: syntax error : missing ';' before 'this'
v004832d0_0.cpp(43) : error C2143: syntax error : missing ';' before 'this'
v004832d0_0.cpp(60) : error C2143: syntax error : missing ')' before 'this'
v004832d0_0.cpp(60) : error C2143: syntax error : missing ';' before 'this'
v004832d0_0.cpp(60) : error C2143: syntax error : missing ';' before 'this'
v004832d0_0.cpp(60) : error C2059: syntax error : ')'
v004832d0_0.cpp(60) : error C2143: syntax error : missing ';' before '{'
v004832d0_0.cpp(60) : error C2447: missing function header (old-style formal list?)
"
0x00483310,?on_key_down@NetWin@@QAEHH@Z,,0,260,primary=1;eh=0;shared=0;selfmod=0,BYTE_EXACT,260,260,,,,,
0x004834D0,?alloc_slots@NetWin@@QAEXXZ,src/netwin.cpp:41,0,1,primary=1;eh=0;shared=0;selfmod=0,BYTE_EXACT,1,1,,,,,
0x004837C0,??_GNetWin@@UAEPAXI@Z,src/deleting_thunks.cpp:973,1,33,primary=1;eh=0;shared=0;selfmod=0,NO_COMPILE,,,,,,,
0x004837F0,?UNK4@NetWin@@QAEXXZ,,0,35,primary=1;eh=0;shared=0;selfmod=0,MISMATCH,35,1,13,1,0,#0: original 'push' vs rebuilt 'ret',
0x00483820,?UNK5@NetWin@@QAEXXZ,src/netwin.cpp:122,0,28,primary=1;eh=0;shared=0;selfmod=0,NO_COMPILE,,,,,,,
0x00483840,??3NetWin@@SAXPAXI@Z,src/deleting_thunks.cpp:988,1,11,primary=1;eh=0;shared=0;selfmod=0,NO_COMPILE,,,,,,,
0x00483850,??__Eg_NEWTECHWIN@@YAXXZ,src/init_thunks.cpp:3990,1,22,primary=1;eh=0;shared=0;selfmod=0,NO_COMPILE,,,,,,,
0x00483870,??__Fg_NEWTECHWIN@@YAXXZ,src/atexit_thunks.cpp:3845,1,10,primary=1;eh=0;shared=0;selfmod=0,NO_COMPILE,,,,,,,
0x00483880,??__Eg_NEWTECHWIN_SPRITES@@YAXXZ,src/init_thunks.cpp:4001,1,36,primary=1;eh=0;shared=0;selfmod=0,NO_COMPILE,,,,,,,
0x004838B0,??__Fg_NEWTECHWIN_SPRITES@@YAXXZ,,0,40,primary=1;eh=0;shared=0;selfmod=0,NO_COMPILE,,,,,,,"CL produced no object: v004838b0_0.cpp
v004838b0_0.cpp(44) : error C4234: nonstandard extension used : '__thiscall' keyword reserved for future use
"
0x004838E0,?on_link_clicked@NewTechWin@@QAEHHPAD@Z,,0,63,primary=1;eh=0;shared=0;selfmod=0,MISMATCH,63,5,25,2,0,#0: original 'push' vs rebuilt 'xor',
0x00483920,?info@NewTechWin@@QAAXPAD@Z,,0,48,primary=1;eh=0;shared=0;selfmod=0,NO_COMPILE,,,,,,,"CL produced no object: v00483920_0.cpp
v00483920_0.cpp(45) : error C2143: syntax error : missing ';' before 'this'
v00483920_0.cpp(45) : error C2143: syntax error : missing ';' before 'this'
v00483920_0.cpp(58) : error C2143: syntax error : missing ')' before 'this'
v00483920_0.cpp(58) : error C2143: syntax error : missing ';' before 'this'
v00483920_0.cpp(58) : error C2143: syntax error : missing ';' before 'this'
v00483920_0.cpp(58) : error C2059: syntax error : ')'
v00483920_0.cpp(58) : error C2143: syntax error : missing ';' before '{'
v00483920_0.cpp(58) : error C2447: missing function header (old-style formal list?)
"
0x00483E80,?on_button_clicked@NewTechWin@@QAEXH@Z,src/delegation_thunks.cpp:162,1,11,,REFUSED,,,,,,,extract does not end in a closing brace
0x00483E90,?on_left_click@NewTechWin@@QAEXHH@Z,src/newtechwin.cpp:23,0,3,primary=1;eh=0;shared=0;selfmod=0,BYTE_EXACT,3,3,,,,,
0x00483EA0,?on_key_click@NewTechWin@@QAEHHH@Z,src/newtechwin.cpp:36,0,8,primary=1;eh=0;shared=0;selfmod=0,BYTE_EXACT,8,8,,,,,
0x00484A80,??_GNewTechWin@@UAEPAXI@Z,src/deleting_thunks.cpp:1002,1,33,primary=1;eh=0;shared=0;selfmod=0,NO_COMPILE,,,,,,,
0x00484AB0,??3NewTechWin@@SAXPAXI@Z,src/deleting_thunks.cpp:1018,1,11,primary=1;eh=0;shared=0;selfmod=0,NO_COMPILE,,,,,,,
0x00484B60,?close@PickTech@@QAEXXZ,src/leaf_recoveries.cpp:1190,0,31,primary=1;eh=0;shared=0;selfmod=0,NO_COMPILE,,,,,,,
0x00484C60,?draw_tech@PickTech@@QAEHHPAURECT@@H@Z,,0,5009,primary=1;eh=1;shared=0;selfmod=0,NO_COMPILE,,,,,,,"CL produced no object: v00484c60_0.cpp
v00484c60_0.cpp(45) : error C2059: syntax error : ';'
v00484c60_0.cpp(47) : error C2143: syntax error : missing ';' before 'this'
v00484c60_0.cpp(47) : error C2143: syntax error : missing ';' before 'this'
v00484c60_0.cpp(55) : error C2061: syntax error : identifier 'StringList'
v00484c60_0.cpp(63) : error C2143: syntax error : missing ')' before 'this'
v00484c60_0.cpp(63) : error C2143: syntax error : missing ')' before 'this'
v00484c60_0.cpp(63) : error C2143: syntax error : missing ';' before 'this'
v00484c60_0.cpp(63) : error C2059: syntax error : 'this'
v00484c60_0.cpp(63) : error C2059: syntax error : ')'
v00484c60_0.cpp(63) : error C2059: syntax error : ')'
v00484c60_0.cpp(63) : error C2238: unexpected token(s) preceding ';'
"
0x00488660,??_GPickTech@@UAEPAXI@Z,src/deleting_thunks.cpp:1033,1,33,primary=1;eh=0;shared=0;selfmod=0,NO_COMPILE,,,,,,,
0x00488740,??3PickTech@@SAXPAXI@Z,src/deleting_thunks.cpp:1049,1,11,primary=1;eh=0;shared=0;selfmod=0,NO_COMPILE,,,,,,,
0x00488750,??__Eg_PICKWIN@@YAXXZ,src/init_thunks.cpp:4012,1,22,primary=1;eh=0;shared=0;selfmod=0,NO_COMPILE,,,,,,,
0x00488770,??__Fg_PICKWIN@@YAXXZ,src/atexit_thunks.cpp:3855,1,10,primary=1;eh=0;shared=0;selfmod=0,NO_COMPILE,,,,,,,
0x00488780,?list_was_dblclicked@@YAXH@Z,,0,29,primary=1;eh=0;shared=0;selfmod=0,BYTE_EXACT,29,29,,,,,
0x00489B10,?on_button_passover@PickWin@@QAEXHH@Z,src/pickwin.cpp:23,0,3,primary=1;eh=0;shared=0;selfmod=0,BYTE_EXACT,3,3,,,,,
0x0048A7C0,?on_key_click@PickWin@@QAEHHH@Z,,0,77,primary=1;eh=0;shared=0;selfmod=0,MISMATCH,77,5,25,2,0,#0: original 'push' vs rebuilt 'xor',
0x0048A810,?go_girl@PickWin@@QAEHXZ,,0,44,primary=1;eh=0;shared=0;selfmod=0,MISMATCH,44,3,17,2,0,#0: original 'push' vs rebuilt 'xor',
0x0048ADC0,??_GPickWin@@UAEPAXI@Z,src/deleting_thunks.cpp:1063,1,33,primary=1;eh=0;shared=0;selfmod=0,NO_COMPILE,,,,,,,
0x0048ADF0,??3PickWin@@SAXPAXI@Z,src/deleting_thunks.cpp:1079,1,11,primary=1;eh=0;shared=0;selfmod=0,NO_COMPILE,,,,,,,
0x0048AE00,??__Eg_PLANWIN@@YAXXZ,src/init_thunks.cpp:4023,1,24,primary=1;eh=0;shared=0;selfmod=0,NO_COMPILE,,,,,,,
0x0048AE20,??__Fg_PLANWIN@@YAXXZ,src/guarded_teardowns.cpp:123,0,20,primary=1;eh=0;shared=0;selfmod=0,NO_COMPILE,,,,,,,
0x0048AE40,?add_line@PlanWin@@QAEXHHHHH@Z,,0,80,primary=1;eh=0;shared=0;selfmod=0,MISMATCH,80,3,23,1,0,#0: original 'push' vs rebuilt 'ret 0x14',
0x0048AF20,?clear_lines@PlanWin@@QAEXXZ,src/planwin.cpp:25,0,11,primary=1;eh=0;shared=0;selfmod=0,NO_COMPILE,,,,,,,
0x0048B3C0,?UNK1@PlanWin@@QAEXXZ,src/planwin.cpp:103,0,47,,REFUSED,,,,,,,C++ standard library: VC6's headers differ enough to be noise
0x0048BC20,?blink@PlanWin@@QAEXXZ,src/planwin.cpp:82,0,43,primary=1;eh=0;shared=0;selfmod=0,NO_COMPILE,,,,,,,
0x0048BC50,?close@PlanWin@@QAEXXZ,src/planwin.cpp:40,0,15,primary=1;eh=0;shared=0;selfmod=0,NO_COMPILE,,,,,,,
0x0048BEE0,?xrange@@YAHH@Z,src/map.cpp:78,0,37,primary=1;eh=0;shared=0;selfmod=0,NO_COMPILE,,,,,,,
0x0048BF10,??3PlanWin@@SAXPAXI@Z,src/deleting_thunks.cpp:1091,1,8,primary=1;eh=0;shared=0;selfmod=0,NO_COMPILE,,,,,,,
0x0048BF20,??_GPlanWin@@UAEPAXI@Z,,0,54,primary=1;eh=0;shared=0;selfmod=0,NO_COMPILE,,,,,,,"CL produced no object: v0048bf20_0.cpp
v0048bf20_0.cpp(61) : error C4716: 'PlanWin::m_0048bf20' : must return a value
"
0x0048BF60,?on_lose_mouse_capture@thunk5_MapWin@@QAEXXZ,src/adjustor_thunks.cpp:1000,1,14,primary=1;eh=0;shared=0;selfmod=0,NO_COMPILE,,,,,,,
0x0048BF70,?on_redraw@thunk1_PlanWin@@QAEXXZ,src/adjustor_thunks.cpp:1014,1,8,primary=1;eh=0;shared=0;selfmod=0,NO_COMPILE,,,,,,,
0x0048BF80,?on_resize@thunk5_MapWin@@QAEXHH@Z,src/adjustor_thunks.cpp:1028,1,14,primary=1;eh=0;shared=0;selfmod=0,NO_COMPILE,,,,,,,
0x0048BF90,?on_sys_close@thunk5_MapWin@@QAEXXZ,src/adjustor_thunks.cpp:1043,1,14,primary=1;eh=0;shared=0;selfmod=0,NO_COMPILE,,,,,,,
0x0048BFA0,?on_mouse_move@thunk5_MapWin@@QAEXHH@Z,src/adjustor_thunks.cpp:1057,1,14,primary=1;eh=0;shared=0;selfmod=0,NO_COMPILE,,,,,,,
0x0048BFB0,?on_left_click@thunk5_MapWin@@QAEXHH@Z,src/adjustor_thunks.cpp:1072,1,14,primary=1;eh=0;shared=0;selfmod=0,NO_COMPILE,,,,,,,
0x0048BFC0,?on_left_down@thunk5_MapWin@@QAEXHH@Z,src/adjustor_thunks.cpp:1087,1,14,primary=1;eh=0;shared=0;selfmod=0,NO_COMPILE,,,,,,,
0x0048BFD0,?on_left_up@thunk5_MapWin@@QAEXHH@Z,src/adjustor_thunks.cpp:1102,1,14,primary=1;eh=0;shared=0;selfmod=0,NO_COMPILE,,,,,,,
0x0048BFE0,?on_right_click@thunk5_MapWin@@QAEXHH@Z,src/adjustor_thunks.cpp:1117,1,14,primary=1;eh=0;shared=0;selfmod=0,NO_COMPILE,,,,,,,
0x0048BFF0,?on_right_down@thunk5_MapWin@@QAEXHH@Z,src/adjustor_thunks.cpp:1132,1,14,primary=1;eh=0;shared=0;selfmod=0,NO_COMPILE,,,,,,,
0x0048C000,?on_left_double_click@thunk5_MapWin@@QAEXHH@Z,src/adjustor_thunks.cpp:1147,1,14,primary=1;eh=0;shared=0;selfmod=0,NO_COMPILE,,,,,,,
0x0048C010,?on_nc_left_down@thunk5_MapWin@@QAEXHH@Z,src/adjustor_thunks.cpp:1162,1,14,primary=1;eh=0;shared=0;selfmod=0,NO_COMPILE,,,,,,,
0x0048C020,?on_button_clicked@thunk5_MapWin@@QAEXH@Z,src/adjustor_thunks.cpp:1177,1,14,primary=1;eh=0;shared=0;selfmod=0,NO_COMPILE,,,,,,,
0x0048C030,?on_nc_hittest@thunk5_MapWin@@QAEXHH@Z,src/adjustor_thunks.cpp:1192,1,14,primary=1;eh=0;shared=0;selfmod=0,NO_COMPILE,,,,,,,
0x0048C040,??_Gthunk2_PlanWin@@UAEPAXI@Z,src/adjustor_thunks.cpp:1207,1,17,primary=1;eh=0;shared=0;selfmod=0,NO_COMPILE,,,,,,,
0x0048C060,?parse_it@@YAXPADPBD@Z,,0,57,primary=1;eh=0;shared=0;selfmod=0,NO_COMPILE,,,,,,,"CL produced no object: v0048c060_0.cpp
v0048c060_0.cpp(58) : error C2146: syntax error : missing ',' before identifier 'a1'
v0048c060_0.cpp(58) : error C2061: syntax error : identifier 'a1'
"
0x0048C320,?popt@@YAHPADPBDHPADH@Z,,0,51,primary=1;eh=0;shared=0;selfmod=0,MISMATCH,51,3,23,2,0,#0: original 'push' vs rebuilt 'xor',
0x0048CEB0,?veh_sprite_draw@@YAHPAUSprite@@PAUGraphicWin@@HHH@Z,,0,66,primary=1;eh=0;shared=0;selfmod=0,NO_COMPILE,,,,,,,"CL produced no object: v0048ceb0_0.cpp
v0048ceb0_0.cpp(48) : error C2065: 'Buffer' : undeclared identifier
v0048ceb0_0.cpp(48) : error C2059: syntax error : ','
v0048ceb0_0.cpp(56) : error C2146: syntax error : missing ',' before identifier 'a3'
v0048ceb0_0.cpp(56) : error C2061: syntax error : identifier 'a3'
"
0x0048CF00,sub_48cf00,,0,74,primary=1;eh=0;shared=0;selfmod=0,MISMATCH,74,3,20,2,0,#0: original 'push' vs rebuilt 'xor',
0x0048D4F0,??__Eg_PREFWIN@@YAXXZ,src/init_thunks.cpp:4034,1,22,primary=1;eh=0;shared=0;selfmod=0,NO_COMPILE,,,,,,,
0x0048D510,??__Fg_PREFWIN@@YAXXZ,src/atexit_thunks.cpp:3865,1,10,primary=1;eh=0;shared=0;selfmod=0,NO_COMPILE,,,,,,,
0x0048D520,??__Eg_PREFWIN_BUTTONGROUP@@YAXXZ,src/init_thunks.cpp:4045,1,22,primary=1;eh=0;shared=0;selfmod=0,NO_COMPILE,,,,,,,
0x0048D540,??__Fg_PREFWIN_BUTTONGROUP@@YAXXZ,src/atexit_thunks.cpp:3875,1,10,primary=1;eh=0;shared=0;selfmod=0,NO_COMPILE,,,,,,,
0x0048D550,sub_48d550,src/global_arith.cpp:88,1,14,primary=1;eh=0;shared=0;selfmod=0,NO_COMPILE,,,,,,,
0x0048D560,sub_48d560,src/global_arith.cpp:101,1,11,primary=1;eh=0;shared=0;selfmod=0,NO_COMPILE,,,,,,,
0x0048D570,sub_48d570,src/global_arith.cpp:113,1,23,primary=1;eh=0;shared=0;selfmod=0,NO_COMPILE,,,,,,,
0x0048D590,sub_48d590,src/global_arith.cpp:128,1,23,primary=1;eh=0;shared=0;selfmod=0,NO_COMPILE,,,,,,,
0x0048D5B0,sub_48d5b0,src/global_arith.cpp:143,1,20,primary=1;eh=0;shared=0;selfmod=0,NO_COMPILE,,,,,,,
0x0048D5D0,sub_48d5d0,src/global_arith.cpp:157,1,20,primary=1;eh=0;shared=0;selfmod=0,NO_COMPILE,,,,,,,
0x0048D5F0,sub_48d5f0,src/global_arith.cpp:171,1,23,primary=1;eh=0;shared=0;selfmod=0,NO_COMPILE,,,,,,,
0x0048D610,sub_48d610,src/global_arith.cpp:186,1,27,primary=1;eh=0;shared=0;selfmod=0,NO_COMPILE,,,,,,,
0x0048D630,sub_48d630,src/global_arith.cpp:202,1,20,primary=1;eh=0;shared=0;selfmod=0,NO_COMPILE,,,,,,,
0x0048D650,sub_48d650,,0,30,primary=1;eh=0;shared=0;selfmod=0,BYTE_EXACT,30,30,,,,,
0x0048D670,sub_48d670,src/global_arith.cpp:216,1,23,primary=1;eh=0;shared=0;selfmod=0,NO_COMPILE,,,,,,,
0x0048D690,sub_48d690,src/global_arith.cpp:231,1,20,primary=1;eh=0;shared=0;selfmod=0,NO_COMPILE,,,,,,,
0x0048D6B0,sub_48d6b0,src/global_arith.cpp:245,1,20,primary=1;eh=0;shared=0;selfmod=0,NO_COMPILE,,,,,,,
0x0048D6D0,sub_48d6d0,src/global_arith.cpp:259,1,23,primary=1;eh=0;shared=0;selfmod=0,NO_COMPILE,,,,,,,
0x0048D6F0,sub_48d6f0,src/global_arith.cpp:274,1,20,primary=1;eh=0;shared=0;selfmod=0,NO_COMPILE,,,,,,,
0x0048D710,sub_48d710,src/global_arith.cpp:288,1,20,primary=1;eh=0;shared=0;selfmod=0,NO_COMPILE,,,,,,,
0x0048D730,sub_48d730,src/global_arith.cpp:302,1,23,primary=1;eh=0;shared=0;selfmod=0,NO_COMPILE,,,,,,,
0x0048D750,sub_48d750,src/global_arith.cpp:317,1,11,primary=1;eh=0;shared=0;selfmod=0,NO_COMPILE,,,,,,,
0x0048D760,sub_48d760,src/global_arith.cpp:329,1,16,primary=1;eh=0;shared=0;selfmod=0,NO_COMPILE,,,,,,,
0x0048D770,sub_48d770,src/global_arith.cpp:342,1,23,primary=1;eh=0;shared=0;selfmod=0,NO_COMPILE,,,,,,,
0x0048D790,sub_48d790,src/global_arith.cpp:357,1,27,primary=1;eh=0;shared=0;selfmod=0,NO_COMPILE,,,,,,,
0x0048D7B0,sub_48d7b0,src/global_arith.cpp:373,1,20,primary=1;eh=0;shared=0;selfmod=0,NO_COMPILE,,,,,,,
0x0048D7D0,sub_48d7d0,src/global_arith.cpp:387,1,20,primary=1;eh=0;shared=0;selfmod=0,NO_COMPILE,,,,,,,
0x0048D7F0,sub_48d7f0,src/global_arith.cpp:401,1,27,primary=1;eh=0;shared=0;selfmod=0,NO_COMPILE,,,,,,,
0x0048D810,sub_48d810,src/global_arith.cpp:417,1,14,primary=1;eh=0;shared=0;selfmod=0,NO_COMPILE,,,,,,,
0x0048D820,sub_48d820,,0,30,primary=1;eh=0;shared=0;selfmod=0,MISMATCH,30,3,8,2,0,#0: original 'mov' vs rebuilt 'xor',
0x0048FF60,?on_group_clicked@PrefWin@@QAEXHHH@Z,,0,65,primary=1;eh=0;shared=0;selfmod=0,BYTE_EXACT,65,65,,,,,
0x00491400,?on_button_clicked@PrefWin@@QAEXH@Z,,0,1088,primary=1;eh=1;shared=0;selfmod=0,NO_COMPILE,,,,,,,"CL produced no object: v00491400_0.cpp
v00491400_0.cpp(61) : error C2061: syntax error : identifier 'Palette'
v00491400_0.cpp(89) : error C2065: 'int8' : undeclared identifier
v00491400_0.cpp(89) : error C2065: 'lpKeyName' : undeclared identifier
v00491400_0.cpp(89) : error C2062: type 'int' unexpected
"
0x00491810,?redraw_option@PrefWin@@QAEXXZ,,0,71,primary=1;eh=0;shared=0;selfmod=0,MISMATCH,71,1,23,1,0,#0: original 'push' vs rebuilt 'ret',
0x004923E0,??_GPrefWin@@UAEPAXI@Z,src/deleting_thunks.cpp:1107,1,33,primary=1;eh=0;shared=0;selfmod=0,NO_COMPILE,,,,,,,
0x00492410,??3PrefWin@@SAXPAXI@Z,src/deleting_thunks.cpp:1123,1,11,primary=1;eh=0;shared=0;selfmod=0,NO_COMPILE,,,,,,,
0x004926B0,?close@ProdPicker@@QAEXXZ,src/prodpicker.cpp:65,0,15,primary=1;eh=0;shared=0;selfmod=0,NO_COMPILE,,,,,,,
0x00493B70,?edbc_fac@ProdPicker@@QAEHH@Z,,0,67,primary=1;eh=0;shared=0;selfmod=0,MISMATCH,67,5,23,2,0,#0: original 'push' vs rebuilt 'xor',
0x00493C10,?UNK1@ProdPicker@@QAEHH@Z,src/prodpicker.cpp:24,0,8,primary=1;eh=0;shared=0;selfmod=0,BYTE_EXACT,8,8,,,,,
0x00493C20,?on_mousewheel@ProdPicker@@QAEXH@Z,,0,72,primary=1;eh=0;shared=0;selfmod=0,MISMATCH,72,3,33,1,0,#0: original 'push' vs rebuilt 'ret 4',
0x00493C70,?on_redraw@ProdPicker@@QAEXXZ,,0,54,primary=1;eh=0;shared=0;selfmod=0,MISMATCH,54,1,21,1,0,#0: original 'push' vs rebuilt 'ret',
0x00493E70,?on_scrolling@ProdPicker@@QAEXHH@Z,src/delegation_thunks.cpp:175,1,23,primary=1;eh=0;shared=0;selfmod=0,NO_COMPILE,,,,,,,
0x00493E90,?on_mouse_move@ProdPicker@@QAEXHH@Z,src/prodpicker.cpp:38,0,3,primary=1;eh=0;shared=0;selfmod=0,BYTE_EXACT,3,3,,,,,
0x00494230,?on_left_double_click@ProdPicker@@QAEXHH@Z,,0,65,primary=1;eh=0;shared=0;selfmod=0,MISMATCH,65,3,28,1,0,#0: original 'push' vs rebuilt 'ret 8',
0x004945C0,?on_redraw_nc@ProdPicker@@QAEXPAURECT@@H@Z,src/prodpicker.cpp:80,0,3,primary=1;eh=0;shared=0;selfmod=0,NO_COMPILE,,,,,,,
0x004946D0,?UNK2@ProdPicker@@QAAXHPAUProdPicker@@@Z,,0,39,primary=1;eh=0;shared=0;selfmod=0,NO_COMPILE,,,,,,,"CL produced no object: v004946d0_0.cpp
v004946d0_0.cpp(43) : error C2143: syntax error : missing ';' before 'this'
v004946d0_0.cpp(43) : error C2143: syntax error : missing ';' before 'this'
v004946d0_0.cpp(50) : error C2143: syntax error : missing ')' before 'this'
v004946d0_0.cpp(50) : error C2143: syntax error : missing ';' before 'this'
v004946d0_0.cpp(50) : error C2143: syntax error : missing ';' before 'this'
v004946d0_0.cpp(50) : error C2059: syntax error : ')'
v004946d0_0.cpp(50) : error C2143: syntax error : missing ';' before '{'
v004946d0_0.cpp(50) : error C2447: missing function header (old-style formal list?)
"
0x00495160,?UNK3@ProdPicker@@QAEXH@Z,src/prodpicker.cpp:51,0,3,primary=1;eh=0;shared=0;selfmod=0,BYTE_EXACT,3,3,,,,,
0x00495170,??__Eg_QUAYLEWIN@@YAXXZ,src/init_thunks.cpp:4056,1,22,primary=1;eh=0;shared=0;selfmod=0,NO_COMPILE,,,,,,,
0x00495190,??__Fg_QUAYLEWIN@@YAXXZ,src/atexit_thunks.cpp:3885,1,10,primary=1;eh=0;shared=0;selfmod=0,NO_COMPILE,,,,,,,
0x004964A0,?close@QuayleWin@@QAEXXZ,,0,33,primary=1;eh=0;shared=0;selfmod=0,BYTE_EXACT,33,33,,,,,
0x00496540,?on_selected@QuayleWin@@QAEXHH@Z,,0,24,primary=1;eh=0;shared=0;selfmod=0,MISMATCH,24,3,8,1,0,#0: original 'push' vs rebuilt 'ret 8',
0x004965C0,?on_key_click@QuayleWin@@QAEHHH@Z,,0,76,primary=1;eh=0;shared=0;selfmod=0,MISMATCH,76,5,21,2,0,#0: original 'push' vs rebuilt 'xor',
0x004968C0,??_GQuayleWin@@UAEPAXI@Z,src/deleting_thunks.cpp:1137,1,33,primary=1;eh=0;shared=0;selfmod=0,NO_COMPILE,,,,,,,
0x004968F0,??3QuayleWin@@SAXPAXI@Z,src/deleting_thunks.cpp:1153,1,11,primary=1;eh=0;shared=0;selfmod=0,NO_COMPILE,,,,,,,
0x00496900,??__Eg_REPORTIF@@YAXXZ,src/init_thunks.cpp:4067,1,22,primary=1;eh=0;shared=0;selfmod=0,NO_COMPILE,,,,,,,
0x00496920,??__Fg_REPORTIF@@YAXXZ,src/atexit_thunks.cpp:3895,1,10,primary=1;eh=0;shared=0;selfmod=0,NO_COMPILE,,,,,,,
0x00496930,??__Eg_REPORTWIN@@YAXXZ,src/init_thunks.cpp:4078,1,22,primary=1;eh=0;shared=0;selfmod=0,NO_COMPILE,,,,,,,
0x00496950,??__Fg_REPORTWIN@@YAXXZ,src/atexit_thunks.cpp:3905,1,10,primary=1;eh=0;shared=0;selfmod=0,NO_COMPILE,,,,,,,
0x004980F0,?on_mouse_move@ReportWin@@QAEXHH@Z,src/reportwin.cpp:23,0,3,primary=1;eh=0;shared=0;selfmod=0,BYTE_EXACT,3,3,,,,,
0x00498100,?on_mouse_leave@ReportWin@@QAEXHH@Z,src/reportwin.cpp:36,0,3,primary=1;eh=0;shared=0;selfmod=0,BYTE_EXACT,3,3,,,,,
0x00498280,?on_key_click@ReportWin@@QAEHHH@Z,,0,1041,primary=1;eh=0;shared=0;selfmod=0,MISMATCH,1041,5,268,2,0,#0: original 'push' vs rebuilt 'xor',
0x0049BCD0,?draw_energy@ReportWin@@QAEXXZ,,0,6065,primary=1;eh=0;shared=0;selfmod=0,MISMATCH,6065,1,1663,1,0,#0: original 'push' vs rebuilt 'ret',
0x0049D540,?draw_ops@ReportWin@@QAEXXZ,,0,5565,primary=1;eh=1;shared=0;selfmod=0,NO_COMPILE,,,,,,,"CL produced no object: v0049d540_0.cpp
v0049d540_0.cpp(103) : error C2065: 'GraphicWin' : undeclared identifier
v0049d540_0.cpp(103) : error C2059: syntax error : ','
"
0x0049FFC0,?sat_anim_daemon@@YAXH@Z,,0,13,primary=1;eh=0;shared=0;selfmod=0,BYTE_EXACT,13,13,,,,,
0x004A0250,?sat_expl_daemon@@YAXH@Z,,0,13,primary=1;eh=0;shared=0;selfmod=0,BYTE_EXACT,13,13,,,,,
0x004A1140,?draw_score@ReportWin@@QAEXXZ,,0,4296,primary=1;eh=0;shared=0;selfmod=0,MISMATCH,4296,1,1116,1,0,#0: original 'push' vs rebuilt 'ret',
0x004A2210,?draw_intel@ReportWin@@QAEXXZ,,0,4687,primary=1;eh=0;shared=0;selfmod=0,MISMATCH,4687,1,1196,1,0,#0: original 'push' vs rebuilt 'ret',
0x004A3930,?done@ReportIf@@QAEXXZ,,0,22,primary=1;eh=0;shared=0;selfmod=0,BYTE_EXACT,22,22,,,,,
0x004A4050,?bl_daemon@@YAXH@Z,,0,13,primary=1;eh=0;shared=0;selfmod=0,BYTE_EXACT,13,13,,,,,
0x004A5F00,?show@ReportWin@@QAEXH@Z,,0,22,primary=1;eh=0;shared=0;selfmod=0,BYTE_EXACT,22,22,,,,,
0x004A5F20,?hide@ReportWin@@QAEXXZ,,0,20,primary=1;eh=0;shared=0;selfmod=0,BYTE_EXACT,20,20,,,,,
0x004A5FE0,?on_iface_right_click@ReportIf@@QAEXHH@Z,src/reportif.cpp:25,0,3,primary=1;eh=0;shared=0;selfmod=0,BYTE_EXACT,3,3,,,,,
0x004A5FF0,?on_iface_left_double_click@ReportIf@@QAEXHH@Z,src/reportif.cpp:34,0,3,primary=1;eh=0;shared=0;selfmod=0,BYTE_EXACT,3,3,,,,,
0x004A6000,?on_iface_right_double_click@ReportIf@@QAEXHH@Z,src/reportif.cpp:43,0,3,primary=1;eh=0;shared=0;selfmod=0,BYTE_EXACT,3,3,,,,,
0x004A6010,?on_iface_left_down@ReportIf@@QAEXHH@Z,src/reportif.cpp:52,0,3,primary=1;eh=0;shared=0;selfmod=0,BYTE_EXACT,3,3,,,,,
0x004A6020,?on_iface_right_down@ReportIf@@QAEXHH@Z,src/reportif.cpp:61,0,3,primary=1;eh=0;shared=0;selfmod=0,BYTE_EXACT,3,3,,,,,
0x004A6030,?on_iface_mouse_move@ReportIf@@QAEXHH@Z,src/reportif.cpp:70,0,3,primary=1;eh=0;shared=0;selfmod=0,BYTE_EXACT,3,3,,,,,
0x004A6040,?on_iface_mouse_leave@ReportIf@@QAEXHH@Z,src/reportif.cpp:79,0,3,primary=1;eh=0;shared=0;selfmod=0,BYTE_EXACT,3,3,,,,,
0x004A6320,?on_iface_dialog_item_back_draw@ReportIf@@QAEHPAUGraphicWin@@HHPAURECT@@@Z,src/reportif.cpp:142,0,8,primary=1;eh=0;shared=0;selfmod=0,NO_COMPILE,,,,,,,
0x004A6D60,?on_iface_button_toggled@ReportIf@@QAEXHH@Z,src/reportif.cpp:88,0,3,primary=1;eh=0;shared=0;selfmod=0,BYTE_EXACT,3,3,,,,,
0x004A7000,?draw_labs@ReportIf@@QAEXXZ,,0,5167,primary=1;eh=0;shared=0;selfmod=0,MISMATCH,5167,1,1483,1,0,#0: original 'push' vs rebuilt 'ret',
0x004A8440,?labs_write@@YAXPAUGraphicWin@@HHPAURECT@@PAD@Z,,0,46,primary=1;eh=0;shared=0;selfmod=0,MISMATCH,46,1,18,1,0,#0: original 'push' vs rebuilt 'ret',
0x004A8470,?close_labs@ReportIf@@QAEXXZ,,0,46,primary=1;eh=0;shared=0;selfmod=0,MISMATCH,46,1,12,1,0,#0: original 'push' vs rebuilt 'ret',
0x004A9020,?close_energy@ReportIf@@QAEXXZ,src/reportif.cpp:198,0,37,primary=1;eh=0;shared=0;selfmod=0,NO_COMPILE,,,,,,,
0x004AA930,?close_projects@ReportIf@@QAEXXZ,,0,52,primary=1;eh=0;shared=0;selfmod=0,MISMATCH,52,1,17,1,0,#0: original 'mov' vs rebuilt 'ret',
0x004ABE30,?close_security@ReportIf@@QAEXXZ,,0,50,primary=1;eh=0;shared=0;selfmod=0,MISMATCH,50,1,13,1,0,#0: original 'push' vs rebuilt 'ret',
0x004AC130,?close_score@ReportIf@@QAEXXZ,src/reportif.cpp:97,0,1,primary=1;eh=0;shared=0;selfmod=0,BYTE_EXACT,1,1,,,,,
0x004AC980,?close_intel@ReportIf@@QAEXXZ,src/reportif.cpp:168,0,27,primary=1;eh=0;shared=0;selfmod=0,NO_COMPILE,,,,,,,
0x004AC9A0,?report_labs@@YAXXZ,,0,76,primary=1;eh=0;shared=0;selfmod=0,MISMATCH,76,1,18,1,0,#0: original 'mov' vs rebuilt 'ret',
0x004AC9F0,?report_energy@@YAXXZ,,0,76,primary=1;eh=0;shared=0;selfmod=0,MISMATCH,76,1,18,1,0,#0: original 'mov' vs rebuilt 'ret',
0x004ACA40,?report_ops@@YAXXZ,,0,76,primary=1;eh=0;shared=0;selfmod=0,MISMATCH,76,1,18,1,0,#0: original 'mov' vs rebuilt 'ret',
0x004ACA90,?report_projects@@YAXXZ,,0,76,primary=1;eh=0;shared=0;selfmod=0,MISMATCH,76,1,19,1,0,#0: original 'mov' vs rebuilt 'ret',
0x004ACAE0,?report_sat@@YAXXZ,,0,76,primary=1;eh=0;shared=0;selfmod=0,MISMATCH,76,1,18,1,0,#0: original 'mov' vs rebuilt 'ret',
0x004ACB30,?report_security@@YAXXZ,,0,76,primary=1;eh=0;shared=0;selfmod=0,MISMATCH,76,1,18,1,0,#0: original 'mov' vs rebuilt 'ret',
0x004ACB80,?report_score@@YAXH@Z,,0,76,primary=1;eh=0;shared=0;selfmod=0,MISMATCH,76,1,18,1,0,#0: original 'mov' vs rebuilt 'ret',
0x004AD840,??_GReportWin@@UAEPAXI@Z,src/deleting_thunks.cpp:1168,1,33,primary=1;eh=0;shared=0;selfmod=0,NO_COMPILE,,,,,,,
0x004AD870,??3ReportWin@@SAXPAXI@Z,src/deleting_thunks.cpp:1184,1,11,primary=1;eh=0;shared=0;selfmod=0,NO_COMPILE,,,,,,,
0x004ADA80,?UNK1@SetupWin@@QAEHH@Z,src/setupwin.cpp:67,0,29,primary=1;eh=0;shared=0;selfmod=0,BYTE_EXACT,29,29,,,,,
0x004ADAA0,?UNK2@SetupWin@@QAEHH@Z,src/setupwin.cpp:97,0,36,primary=1;eh=0;shared=0;selfmod=0,BYTE_EXACT,36,36,,,,,
0x004ADAD0,?UNK3@SetupWin@@QAEHH@Z,src/setupwin.cpp:23,0,5,primary=1;eh=0;shared=0;selfmod=0,BYTE_EXACT,5,5,,,,,
0x004ADAE0,?UNK4@SetupWin@@QAEHH@Z,src/setupwin.cpp:37,0,5,primary=1;eh=0;shared=0;selfmod=0,BYTE_EXACT,5,5,,,,,
0x004ADAF0,?do_menu@SetupWin@@QAEHPADHH@Z,,0,33,primary=1;eh=0;shared=0;selfmod=0,BYTE_EXACT,33,33,,,,,
0x004ADB20,?do_menu@SetupWin@@QAEHPAUPopup@@HH@Z,,0,70,primary=1;eh=0;shared=0;selfmod=0,MISMATCH,70,5,23,2,0,#0: original 'push' vs rebuilt 'xor',
0x004AE340,?on_left_click@SetupWin@@QAEXHH@Z,,0,64,primary=1;eh=0;shared=0;selfmod=0,NO_COMPILE,,,,,,,"CL produced no object: v004ae340_0.cpp
v004ae340_0.cpp(125) : error C2146: syntax error : missing ',' before identifier 'a1'
v004ae340_0.cpp(125) : error C2061: syntax error : identifier 'a1'
v004ae340_0.cpp(125) : error C2511: 'on_left_click' : overloaded member function 'void (int)' not found in 'SetupWin'
        v004ae340_0.cpp(121) : see declaration of 'SetupWin'
"
0x004AE760,??_GSetupWin@@UAEPAXI@Z,src/deleting_thunks.cpp:1199,1,33,primary=1;eh=0;shared=0;selfmod=0,NO_COMPILE,,,,,,,
0x004AE9A0,??3SetupWin@@SAXPAXI@Z,src/deleting_thunks.cpp:1215,1,11,primary=1;eh=0;shared=0;selfmod=0,NO_COMPILE,,,,,,,
0x004AE9B0,??__ESocialWinParent@@YAXXZ,src/init_thunks.cpp:4089,1,22,primary=1;eh=0;shared=0;selfmod=0,NO_COMPILE,,,,,,,
0x004AE9D0,??__FSocialWinParent@@YAXXZ,src/atexit_thunks.cpp:3915,1,10,primary=1;eh=0;shared=0;selfmod=0,NO_COMPILE,,,,,,,
0x004AEF00,?UNK2@SocialWin@@QAEXXZ,src/socialwin.cpp:24,0,1,primary=1;eh=0;shared=0;selfmod=0,BYTE_EXACT,1,1,,,,,
0x004B1790,?UNK3@SocialWin@@QAEXXZ,src/socialwin.cpp:33,0,1,primary=1;eh=0;shared=0;selfmod=0,BYTE_EXACT,1,1,,,,,
0x004B1B20,?on_left_click@SocialWin@@QAEHHH@Z,,0,13,primary=1;eh=0;shared=0;selfmod=0,BYTE_EXACT,13,13,,,,,
0x004B1B30,?bubble_me_elmo2@SocialWin@@QAEXPADHH@Z,,0,64,primary=1;eh=0;shared=0;selfmod=0,NO_COMPILE,,,,,,,"CL produced no object: v004b1b30_0.cpp
v004b1b30_0.cpp(64) : error C2027: use of undefined type 'LPCSTR'
        v004b1b30_0.cpp(43) : see declaration of 'LPCSTR'
"
0x004B1B70,?bubble_me_elmo2@SocialWin@@QAGXPADHH@Z,,0,66,primary=1;eh=0;shared=0;selfmod=0,NO_COMPILE,,,,,,,"CL produced no object: v004b1b70_0.cpp
v004b1b70_0.cpp(46) : error C2143: syntax error : missing ';' before 'this'
v004b1b70_0.cpp(46) : error C2143: syntax error : missing ';' before 'this'
v004b1b70_0.cpp(59) : error C2143: syntax error : missing ')' before 'this'
v004b1b70_0.cpp(59) : error C2143: syntax error : missing ';' before 'this'
v004b1b70_0.cpp(59) : error C2143: syntax error : missing ';' before 'this'
v004b1b70_0.cpp(59) : error C2059: syntax error : ')'
v004b1b70_0.cpp(59) : error C2143: syntax error : missing ';' before '{'
v004b1b70_0.cpp(59) : error C2447: missing function header (old-style formal list?)
"
0x004B1E00,?on_button_clicked@SocialWin@@QAEXH@Z,,0,73,primary=1;eh=0;shared=0;selfmod=0,MISMATCH,73,3,25,1,0,#0: original 'push' vs rebuilt 'ret 4',
0x004B1E80,?on_key_click@SocialWin@@QAEHHH@Z,,0,53,primary=1;eh=0;shared=0;selfmod=0,MISMATCH,53,5,19,2,0,#0: original 'push' vs rebuilt 'xor',
0x004B1FC0,?on_mouse_leave@SocialWin@@QAEXHH@Z,,0,44,primary=1;eh=0;shared=0;selfmod=0,NO_COMPILE,,,,,,,"CL produced no object: v004b1fc0_0.cpp
v004b1fc0_0.cpp(44) : error C2065: 'Win' : undeclared identifier
v004b1fc0_0.cpp(44) : error C2355: 'this' : can only be referenced inside non-static member functions
v004b1fc0_0.cpp(44) : warning C4229: anachronism used : modifiers on data are ignored
v004b1fc0_0.cpp(44) : error C2182: 'fn_005f8500' : illegal use of type 'void'
"
0x004B2210,?on_iface_left_click@SocialWin@@QAEHHH@Z,,0,13,primary=1;eh=0;shared=0;selfmod=0,BYTE_EXACT,13,13,,,,,
0x004B2400,?on_iface_left_down@SocialWin@@QAEXHH@Z,src/socialwin.cpp:50,0,3,primary=1;eh=0;shared=0;selfmod=0,BYTE_EXACT,3,3,,,,,
0x004B2410,?on_iface_right_down@SocialWin@@QAEXHH@Z,src/socialwin.cpp:63,0,3,primary=1;eh=0;shared=0;selfmod=0,BYTE_EXACT,3,3,,,,,
0x004B2420,?on_iface_mouse_move@SocialWin@@QAEXHH@Z,src/socialwin.cpp:148,0,13,primary=1;eh=0;shared=0;selfmod=0,NO_COMPILE,,,,,,,
0x004B2430,?on_iface_mouse_leave@SocialWin@@QAEXHH@Z,src/socialwin.cpp:170,0,13,primary=1;eh=0;shared=0;selfmod=0,NO_COMPILE,,,,,,,
0x004B2440,?on_iface_selected@SocialWin@@QAEXHH@Z,src/socialwin.cpp:76,0,3,primary=1;eh=0;shared=0;selfmod=0,BYTE_EXACT,3,3,,,,,
0x004B2450,?on_iface_left_double_click@SocialWin@@QAEXHH@Z,src/socialwin.cpp:89,0,3,primary=1;eh=0;shared=0;selfmod=0,BYTE_EXACT,3,3,,,,,
0x004B2460,?on_iface_right_double_click@SocialWin@@QAEXHH@Z,src/socialwin.cpp:102,0,3,primary=1;eh=0;shared=0;selfmod=0,BYTE_EXACT,3,3,,,,,
0x004B2670,?on_iface_button_toggled@SocialWin@@QAEXHH@Z,src/socialwin.cpp:115,0,3,primary=1;eh=0;shared=0;selfmod=0,BYTE_EXACT,3,3,,,,,
0x004B2680,?on_iface_group_clicked@SocialWin@@QAEXHHH@Z,src/socialwin.cpp:128,0,3,primary=1;eh=0;shared=0;selfmod=0,BYTE_EXACT,3,3,,,,,
0x004B2690,?show@SocialWin@@QAEXH@Z,,0,27,primary=1;eh=0;shared=0;selfmod=0,BYTE_EXACT,27,27,,,,,
0x004B26B0,?hide@SocialWin@@QAEXXZ,,0,25,primary=1;eh=0;shared=0;selfmod=0,MISMATCH,25,1,9,1,0,#0: original 'push' vs rebuilt 'ret',
0x004B2740,?init@SocialWin@@QAEXH@Z,,0,5458,primary=1;eh=1;shared=0;selfmod=0,NO_COMPILE,,,,,,,"CL produced no object: v004b2740_0.cpp
v004b2740_0.cpp(74) : error C2061: syntax error : identifier 'Font'
v004b2740_0.cpp(84) : error C2061: syntax error : identifier 'GraphicWin'
v004b2740_0.cpp(94) : error C2014: preprocessor command must start as first nonwhite space
v004b2740_0.cpp(95) : error C2143: syntax error : missing ')' before '}'
v004b2740_0.cpp(95) : error C2059: syntax error : ')'
v004b2740_0.cpp(97) : error C2143: syntax error : missing ')' before ';'
v004b2740_0.cpp(97) : fatal error C1903: unable to recover from previous error(s); stopping compilation
"
0x004B3F20,??_GCheckButton@@UAEPAXI@Z,src/deleting_thunks.cpp:1229,1,33,primary=1;eh=0;shared=0;selfmod=0,NO_COMPILE,,,,,,,
0x004B3F50,??_GSocialWin@@UAEPAXI@Z,src/deleting_thunks.cpp:1247,1,33,primary=1;eh=0;shared=0;selfmod=0,NO_COMPILE,,,,,,,
0x004B3F80,??3CheckButton@@SAXPAXI@Z,src/deleting_thunks.cpp:1263,1,11,primary=1;eh=0;shared=0;selfmod=0,NO_COMPILE,,,,,,,
0x004B3F90,??3SocialWin@@SAXPAXI@Z,src/deleting_thunks.cpp:1276,1,11,primary=1;eh=0;shared=0;selfmod=0,NO_COMPILE,,,,,,,
0x004B3FA0,??__Eg_STATUSWIN@@YAXXZ,src/init_thunks.cpp:4100,1,22,primary=1;eh=0;shared=0;selfmod=0,NO_COMPILE,,,,,,,
0x004B3FC0,??__Fg_STATUSWIN@@YAXXZ,src/atexit_thunks.cpp:3925,1,10,primary=1;eh=0;shared=0;selfmod=0,NO_COMPILE,,,,,,,
0x004B3FD0,?say_morale@@YAXPADHH@Z,src/veh.cpp:63,0,1007,,REFUSED,,,,,,,C++ standard library: VC6's headers differ enough to be noise
0x004B43C0,?say_morale@@YAXHH@Z,src/veh.cpp:154,0,26,primary=1;eh=0;shared=0;selfmod=0,NO_COMPILE,,,,,,,
0x004B4970,?say_orders@@YAXH@Z,,0,22,primary=1;eh=0;shared=0;selfmod=0,BYTE_EXACT,22,22,,,,,
0x004B4CD0,?UNK2@StatusWin@@QAEXXZ,,0,20,primary=1;eh=0;shared=0;selfmod=0,BYTE_EXACT,20,20,,,,,
0x004B4CF0,?draw_active@StatusWin@@QAEXHHH@Z,,0,6203,primary=1;eh=0;shared=0;selfmod=0,NO_COMPILE,,,,,,,"CL produced no object: v004b4cf0_0.cpp
v004b4cf0_0.cpp(83) : error C2061: syntax error : identifier 'BOOL'
"
0x004B6530,?reset_active@StatusWin@@QAEXXZ,,0,57,primary=1;eh=0;shared=0;selfmod=0,MISMATCH,57,1,16,1,0,#0: original 'mov' vs rebuilt 'ret',
0x004B8970,?reset@StatusWin@@QAEXXZ,src/statuswin.cpp:59,0,31,primary=1;eh=0;shared=0;selfmod=0,NO_COMPILE,,,,,,,
0x004B8990,?on_left_double_click@StatusWin@@QAEXHH@Z,,0,46,primary=1;eh=0;shared=0;selfmod=0,NO_COMPILE,,,,,,,"CL produced no object: v004b8990_0.cpp
v004b8990_0.cpp(53) : error C2146: syntax error : missing ',' before identifier 'a1'
v004b8990_0.cpp(53) : error C2061: syntax error : identifier 'a1'
v004b8990_0.cpp(53) : error C2511: 'on_left_double_click' : overloaded member function 'void (int)' not found in 'StatusWin'
        v004b8990_0.cpp(48) : see declaration of 'StatusWin'
"
0x004B8DF0,?UNK3@StatusWin@@QAEXXZ,,0,65,primary=1;eh=0;shared=0;selfmod=0,MISMATCH,65,1,22,1,0,#0: original 'push' vs rebuilt 'ret',
0x004B9E90,?UNK4@StatusWin@@QAEXXZ,,0,13,primary=1;eh=0;shared=0;selfmod=0,BYTE_EXACT,13,13,,,,,
0x004B9F80,?close@StatusWin@@QAEXXZ,src/statuswin.cpp:23,0,1,primary=1;eh=0;shared=0;selfmod=0,BYTE_EXACT,1,1,,,,,
0x004B9F90,?set_loc@StatusWin@@QAEXHH@Z,src/statuswin.cpp:37,0,40,primary=1;eh=0;shared=0;selfmod=0,NO_COMPILE,,,,,,,
0x004BA5C0,??__Eg_TUTWIN@@YAXXZ,src/init_thunks.cpp:4111,1,22,primary=1;eh=0;shared=0;selfmod=0,NO_COMPILE,,,,,,,
0x004BA5E0,??__Fg_TUTWIN@@YAXXZ,src/atexit_thunks.cpp:3935,1,10,primary=1;eh=0;shared=0;selfmod=0,NO_COMPILE,,,,,,,
0x004BA720,?UNK1@TutWin@@QAEXXZ,src/tutwin.cpp:30,0,65,primary=1;eh=0;shared=0;selfmod=0,NO_COMPILE,,,,,,,
0x004BA830,?UNK2@TutWin@@QAEXPAURECT@@PAHPAH@Z,src/win.cpp:393,0,51,primary=1;eh=0;shared=0;selfmod=0,NO_COMPILE,,,,,,,
0x004BA870,?do_base@TutWin@@QAEXPAURECT@@PBDH@Z,src/tutwin.cpp:215,0,123,primary=1;eh=0;shared=0;selfmod=0,NO_COMPILE,,,,,,,
0x004BA8F0,?do_iface@TutWin@@QAEXPAURECT@@PBDH@Z,src/tutwin.cpp:259,0,123,primary=1;eh=0;shared=0;selfmod=0,NO_COMPILE,,,,,,,
0x004BA970,?do_soc@TutWin@@QAEXPAURECT@@PBDH@Z,src/tutwin.cpp:303,0,123,primary=1;eh=0;shared=0;selfmod=0,NO_COMPILE,,,,,,,
0x004BA9F0,?do_des@TutWin@@QAEXPAURECT@@PBDH@Z,src/tutwin.cpp:347,0,123,primary=1;eh=0;shared=0;selfmod=0,NO_COMPILE,,,,,,,
0x004BB380,?tour5@TutWin@@QAEXXZ,,0,1041,primary=1;eh=0;shared=0;selfmod=0,MISMATCH,1041,1,379,1,0,#0: original 'push' vs rebuilt 'ret',
0x004BC5A0,?iface_rect@TutWin@@QAEXPAURECT@@PAH1@Z,src/tutwin.cpp:83,0,67,primary=1;eh=0;shared=0;selfmod=0,NO_COMPILE,,,,,,,
0x004BC5F0,?base_rect@TutWin@@QAEXPAURECT@@PAH1@Z,src/tutwin.cpp:114,0,67,primary=1;eh=0;shared=0;selfmod=0,NO_COMPILE,,,,,,,
0x004BC640,?soc_rect@TutWin@@QAEXPAURECT@@PAH1@Z,src/tutwin.cpp:145,0,67,primary=1;eh=0;shared=0;selfmod=0,NO_COMPILE,,,,,,,
0x004BC690,?des_rect@TutWin@@QAEXPAURECT@@PAH1@Z,src/tutwin.cpp:176,0,67,primary=1;eh=0;shared=0;selfmod=0,NO_COMPILE,,,,,,,
0x004BC6E0,?tour@TutWin@@QAEXXZ,,0,5598,primary=1;eh=0;shared=0;selfmod=0,MISMATCH,5598,1,1708,1,0,#0: original 'push' vs rebuilt 'ret',
0x004BDDB0,?on_move@TutWin@@QAEXHH@Z,,0,21,primary=1;eh=0;shared=0;selfmod=0,BYTE_EXACT,21,21,,,,,
0x004BDDD0,?UNK3@TutWin@@QAEXH@Z,src/tutwin.cpp:49,0,16,primary=1;eh=0;shared=0;selfmod=0,NO_COMPILE,,,,,,,
0x004BDF20,?terrain_draw@TutWin@@QAAXPAUSprite@@PAUGraphicWin@@HHH@Z,,0,70,primary=1;eh=0;shared=0;selfmod=0,NO_COMPILE,,,,,,,"CL produced no object: v004bdf20_0.cpp
v004bdf20_0.cpp(46) : error C2143: syntax error : missing ';' before 'this'
v004bdf20_0.cpp(46) : error C2143: syntax error : missing ';' before 'this'
v004bdf20_0.cpp(49) : error C2065: 'MapWin' : undeclared identifier
v004bdf20_0.cpp(49) : error C2355: 'this' : can only be referenced inside non-static member functions
v004bdf20_0.cpp(49) : error C2065: 'Buffer' : undeclared identifier
v004bdf20_0.cpp(49) : error C2059: syntax error : ','
v004bdf20_0.cpp(58) : error C2143: syntax error : missing ')' before 'this'
v004bdf20_0.cpp(58) : error C2143: syntax error : missing ';' before 'this'
v004bdf20_0.cpp(58) : error C2143: syntax error : missing ';' before 'this'
v004bdf20_0.cpp(58) : error C2059: syntax error : ')'
v004bdf20_0.cpp(58) : error C2143: syntax error : missing ';' before '{'
v004bdf20_0.cpp(58) : error C2447: missing function header (old-style formal list?)
"
0x004BDF70,?veh_draw@TutWin@@QAAXPAUSprite@@PAUGraphicWin@@HHH@Z,,0,48,primary=1;eh=0;shared=0;selfmod=0,NO_COMPILE,,,,,,,"CL produced no object: v004bdf70_0.cpp
v004bdf70_0.cpp(48) : error C2065: 'Buffer' : undeclared identifier
v004bdf70_0.cpp(48) : error C2059: syntax error : ','
v004bdf70_0.cpp(50) : error C2146: syntax error : missing ',' before identifier 'a3'
v004bdf70_0.cpp(50) : error C2061: syntax error : identifier 'a3'
"
0x004BDFA0,?base_draw@TutWin@@QAAXPAUSprite@@PAUGraphicWin@@HHH@Z,,0,61,primary=1;eh=0;shared=0;selfmod=0,NO_COMPILE,,,,,,,"CL produced no object: v004bdfa0_0.cpp
v004bdfa0_0.cpp(46) : error C2143: syntax error : missing ';' before 'this'
v004bdfa0_0.cpp(46) : error C2143: syntax error : missing ';' before 'this'
v004bdfa0_0.cpp(49) : error C2065: 'Buffer' : undeclared identifier
v004bdfa0_0.cpp(49) : error C2059: syntax error : ','
v004bdfa0_0.cpp(51) : error C2143: syntax error : missing ')' before 'this'
v004bdfa0_0.cpp(51) : error C2143: syntax error : missing ';' before 'this'
v004bdfa0_0.cpp(51) : error C2143: syntax error : missing ';' before 'this'
v004bdfa0_0.cpp(51) : error C2059: syntax error : ')'
v004bdfa0_0.cpp(51) : error C2143: syntax error : missing ';' before '{'
v004bdfa0_0.cpp(51) : error C2447: missing function header (old-style formal list?)
"
0x004BE9F0,??_GTutWin@@UAEPAXI@Z,src/deleting_thunks.cpp:1291,1,33,primary=1;eh=0;shared=0;selfmod=0,NO_COMPILE,,,,,,,
0x004BEA20,??3TutWin@@SAXPAXI@Z,src/deleting_thunks.cpp:1306,1,11,primary=1;eh=0;shared=0;selfmod=0,NO_COMPILE,,,,,,,
0x004BEA30,??0UV2Player@@QAE@XZ,src/leaf_recoveries.cpp:976,0,28,primary=1;eh=0;shared=0;selfmod=0,NO_COMPILE,,,,,,,
0x004BF380,?UNK4@UV2Player@@QAEHXZ,src/uv2player.cpp:23,0,3,primary=1;eh=0;shared=0;selfmod=0,BYTE_EXACT,3,3,,,,,
0x004BF6E0,??__Eg_VEHDRAW_CAVIAR@@YAXXZ,src/init_thunks.cpp:4122,1,22,primary=1;eh=0;shared=0;selfmod=0,NO_COMPILE,,,,,,,
0x004BF700,??__Fg_VEHDRAW_CAVIAR@@YAXXZ,src/atexit_thunks.cpp:3945,1,10,primary=1;eh=0;shared=0;selfmod=0,NO_COMPILE,,,,,,,
0x004BF710,??__Eg_VEHDRAW_BUFFER@@YAXXZ,src/init_thunks.cpp:4133,1,22,primary=1;eh=0;shared=0;selfmod=0,NO_COMPILE,,,,,,,
0x004BF730,??__Fg_VEHDRAW_BUFFER@@YAXXZ,src/atexit_thunks.cpp:3955,1,10,primary=1;eh=0;shared=0;selfmod=0,NO_COMPILE,,,,,,,
0x004BFE00,?vehdraw_scoot_start@@YAXHHHH@Z,,0,4388,primary=1;eh=0;shared=0;selfmod=0,NO_COMPILE,,,,,,,"CL produced no object: v004bfe00_0.cpp
v004bfe00_0.cpp(86) : error C2146: syntax error : missing ',' before identifier 'a1'
v004bfe00_0.cpp(86) : error C2061: syntax error : identifier 'a1'
"
0x004C1D00,vehdraw_nullsub1,src/nullsub_thunks.cpp:324,1,1,primary=1;eh=0;shared=0;selfmod=0,BYTE_EXACT,1,1,,,,,
0x004C2360,?vehdraw_construct_vehicle@@YAHHHHHHHPAUCaviar@@@Z,,0,269,primary=1;eh=0;shared=0;selfmod=0,NO_COMPILE,,,,,,,"CL produced no object: v004c2360_0.cpp
v004c2360_0.cpp(66) : error C2146: syntax error : missing ',' before identifier 'a1'
v004c2360_0.cpp(66) : error C2061: syntax error : identifier 'a1'
"
0x004C38A0,vehdraw_nullsub2,src/nullsub_thunks.cpp:334,1,1,primary=1;eh=0;shared=0;selfmod=0,BYTE_EXACT,1,1,,,,,
0x004C38B0,??__Eg_WORLDWIN@@YAXXZ,src/init_thunks.cpp:4144,1,22,primary=1;eh=0;shared=0;selfmod=0,NO_COMPILE,,,,,,,
0x004C38D0,??__Fg_WORLDWIN@@YAXXZ,src/atexit_thunks.cpp:3965,1,10,primary=1;eh=0;shared=0;selfmod=0,NO_COMPILE,,,,,,,
0x004C3910,sub_4c3910,,0,49,primary=1;eh=0;shared=0;selfmod=0,MISMATCH,49,3,14,2,0,#0: original 'push' vs rebuilt 'xor',
0x004C3950,?set_detail_map@WorldWin@@QAEXXZ,,0,58,primary=1;eh=0;shared=0;selfmod=0,MISMATCH,58,1,14,1,0,#0: original 'mov' vs rebuilt 'ret',
0x004C3990,?set_world_map@WorldWin@@QAEXXZ,,0,59,primary=1;eh=0;shared=0;selfmod=0,MISMATCH,59,1,15,1,0,#0: original 'mov' vs rebuilt 'ret',
0x004C3A40,?hide_all@WorldWin@@QAEXXZ,,0,43,primary=1;eh=0;shared=0;selfmod=0,MISMATCH,43,1,12,1,0,#0: original 'push' vs rebuilt 'ret',
0x004C3A70,?UNK1@WorldWin@@QAEXXZ,,0,57,primary=1;eh=0;shared=0;selfmod=0,MISMATCH,57,1,12,1,0,#0: original 'mov' vs rebuilt 'ret',
0x004C3D40,?click@WorldWin@@QAEXHHHH@Z,,0,264,primary=1;eh=0;shared=0;selfmod=0,MISMATCH,264,3,89,1,0,#0: original 'push' vs rebuilt 'ret 0x10',
0x004C3E50,?on_left_click@WorldWin@@QAEXHH@Z,src/worldwin.cpp:51,0,24,primary=1;eh=0;shared=0;selfmod=0,NO_COMPILE,,,,,,,
0x004C3E70,?on_right_click@WorldWin@@QAEXHH@Z,src/worldwin.cpp:61,0,24,primary=1;eh=0;shared=0;selfmod=0,NO_COMPILE,,,,,,,
0x004C3E90,?on_left_double_click@WorldWin@@QAEXHH@Z,src/worldwin.cpp:36,0,3,primary=1;eh=0;shared=0;selfmod=0,BYTE_EXACT,3,3,,,,,
0x004C3EA0,?follow_center@WorldWin@@QAEXHH@Z,,0,19,primary=1;eh=0;shared=0;selfmod=0,BYTE_EXACT,19,19,,,,,
0x004C45E0,?clear_terrain@WorldWin@@QAEXXZ,src/worldwin.cpp:23,0,1,primary=1;eh=0;shared=0;selfmod=0,BYTE_EXACT,1,1,,,,,
0x004C45F0,?set_center@WorldWin@@QAEXHH@Z,,0,19,primary=1;eh=0;shared=0;selfmod=0,BYTE_EXACT,19,19,,,,,
0x004C4610,?focus@WorldWin@@QAEXHH@Z,,0,19,primary=1;eh=0;shared=0;selfmod=0,BYTE_EXACT,19,19,,,,,
0x004C4C70,??_GWorldWin@@UAEPAXI@Z,src/deleting_thunks.cpp:1320,1,33,primary=1;eh=0;shared=0;selfmod=0,NO_COMPILE,,,,,,,
0x004C4CA0,??3WorldWin@@SAXPAXI@Z,src/deleting_thunks.cpp:1336,1,11,primary=1;eh=0;shared=0;selfmod=0,NO_COMPILE,,,,,,,
0x004C4D70,sub_4c4d70,,0,54,primary=1;eh=0;shared=0;selfmod=0,MISMATCH,54,3,21,2,0,#0: original 'push' vs rebuilt 'xor',
0x004C4DD0,??0Wave_Device@@QAE@XZ,src/wave_device.cpp:1225,0,179,,REFUSED,,,,,,,extract does not end in a closing brace
0x004C4E60,??1Wave_Device@@QAE@XZ,src/wave_device.cpp:1254,0,139,primary=1;eh=1;shared=1;selfmod=0,SHARED_TAIL,,,,,,,COMDAT-folded span
0x004C4ED0,?create_device@Wave_Device@@QAEHK@Z,src/wave_device.cpp:1055,0,55,,REFUSED,,,,,,,extract does not end in a closing brace
0x004C4F10,?delete_device@Wave_Device@@QAEHXZ,src/wave_device.cpp:1078,0,39,,REFUSED,,,,,,,extract does not end in a closing brace
0x004C4F40,?init@Wave_Device@@QAEHPAXK@Z,src/wave_device.cpp:1105,0,61,primary=1;eh=0;shared=0;selfmod=0,NO_COMPILE,,,,,,,
0x004C4F80,?release@Wave_Device@@QAEXXZ,src/wave_device.cpp:1139,0,51,,REFUSED,,,,,,,extract does not end in a closing brace
0x004C4FC0,?suspend@Wave_Device@@QAEXXZ,src/wave_device.cpp:161,0,13,primary=1;eh=0;shared=0;selfmod=0,NO_COMPILE,,,,,,,
0x004C4FD0,?restart@Wave_Device@@QAEXXZ,src/wave_device.cpp:171,0,13,primary=1;eh=0;shared=0;selfmod=0,NO_COMPILE,,,,,,,
0x004C4FE0,?update_sound@Wave_Device@@QAEXXZ,src/wave_device.cpp:181,0,13,primary=1;eh=0;shared=0;selfmod=0,NO_COMPILE,,,,,,,
0x004C4FF0,?get_ndevices@Wave_Device@@QAEHXZ,src/wave_device.cpp:192,0,15,primary=1;eh=0;shared=0;selfmod=0,NO_COMPILE,,,,,,,
0x004C5000,?set_hwnd@Wave_Device@@QAEHPAX@Z,src/wave_device.cpp:333,0,32,primary=1;eh=0;shared=0;selfmod=0,NO_COMPILE,,,,,,,
0x004C5020,?get_hw_mem_size@Wave_Device@@QAEHXZ,src/wave_device.cpp:203,0,15,primary=1;eh=0;shared=0;selfmod=0,NO_COMPILE,,,,,,,
0x004C5030,?select@Wave_Device@@QAEHK@Z,src/wave_device.cpp:1001,0,191,,REFUSED,,,,,,,extract does not end in a closing brace
0x004C50F0,?get_description@Wave_Device@@QAEXKPADK@Z,src/wave_device.cpp:550,0,33,primary=1;eh=0;shared=0;selfmod=0,NO_COMPILE,,,,,,,
0x004C5120,?set_rate@Wave_Device@@QAEXK@Z,src/wave_device.cpp:313,0,23,primary=1;eh=0;shared=0;selfmod=0,NO_COMPILE,,,,,,,
0x004C5140,?get_rate@Wave_Device@@QAEHXZ,src/wave_device.cpp:214,0,15,primary=1;eh=0;shared=0;selfmod=0,NO_COMPILE,,,,,,,
0x004C5150,?set_volume@Wave_Device@@QAEXK@Z,src/wave_device.cpp:323,0,23,primary=1;eh=0;shared=0;selfmod=0,NO_COMPILE,,,,,,,
0x004C5170,?get_volume@Wave_Device@@QAEHXZ,src/wave_device.cpp:133,0,3,primary=1;eh=0;shared=0;selfmod=0,BYTE_EXACT,3,3,,,,,
0x004C5180,?set_pan@Wave_Device@@QAEXH@Z,src/wave_device.cpp:25,0,3,primary=1;eh=0;shared=0;selfmod=0,BYTE_EXACT,3,3,,,,,
0x004C5190,?get_ds@Wave_Device@@QAEHXZ,src/wave_device.cpp:225,0,15,primary=1;eh=0;shared=0;selfmod=0,NO_COMPILE,,,,,,,
0x004C51A0,?fade@Wave_Device@@QAEHI@Z,src/wave_device.cpp:34,0,5,primary=1;eh=0;shared=0;selfmod=0,BYTE_EXACT,5,5,,,,,
0x004C51B0,?stop@Wave_Device@@QAEHXZ,src/wave_device.cpp:143,0,3,primary=1;eh=0;shared=0;selfmod=0,BYTE_EXACT,3,3,,,,,
0x004C51C0,?enable@Wave_Device@@QAEXXZ,src/wave_device.cpp:97,0,15,primary=1;eh=0;shared=0;selfmod=0,NO_COMPILE,,,,,,,
0x004C51D0,?disable@Wave_Device@@QAEXXZ,src/wave_device.cpp:107,0,15,primary=1;eh=0;shared=0;selfmod=0,NO_COMPILE,,,,,,,
0x004C51E0,?is_disabled@Wave_Device@@QAEHXZ,src/wave_device.cpp:280,0,18,primary=1;eh=0;shared=0;selfmod=0,NO_COMPILE,,,,,,,
0x004C5200,?start_raw_dump@Wave_Device@@QAEHPAD@Z,src/wave_device.cpp:570,0,32,primary=1;eh=0;shared=0;selfmod=0,NO_COMPILE,,,,,,,
0x004C5220,?stop_raw_dump@Wave_Device@@QAEHXZ,src/wave_device.cpp:291,0,18,primary=1;eh=0;shared=0;selfmod=0,NO_COMPILE,,,,,,,
0x004C5240,?add_to_group@Wave_Device@@QAEHIPAUWave@@@Z,src/wave_device.cpp:402,0,55,primary=1;eh=0;shared=0;selfmod=0,NO_COMPILE,,,,,,,
0x004C5280,?pull_from_group@Wave_Device@@QAEHPAUWave@@@Z,src/wave_device.cpp:431,0,156,primary=1;eh=0;shared=0;selfmod=0,NO_COMPILE,,,,,,,
0x004C5320,?set_group_volume@Wave_Device@@QAEHII@Z,src/wave_device.cpp:919,0,95,,REFUSED,,,,,,,extract does not end in a closing brace
0x004C5380,?get_group_volume@Wave_Device@@QAEHI@Z,src/wave_device.cpp:348,0,28,,REFUSED,,,,,,,C++ standard library: VC6's headers differ enough to be noise
0x004C53A0,?enable_group@Wave_Device@@QAEHI@Z,src/wave_device.cpp:944,0,96,,REFUSED,,,,,,,extract does not end in a closing brace
0x004C5400,?disable_group@Wave_Device@@QAEHI@Z,src/wave_device.cpp:969,0,93,,REFUSED,,,,,,,extract does not end in a closing brace
0x004C5460,?is_group_disabled@Wave_Device@@QAEHI@Z,src/wave_device.cpp:485,0,33,primary=1;eh=0;shared=0;selfmod=0,NO_COMPILE,,,,,,,
0x004C5490,??0WaveControlGroup@@QAE@XZ,src/wave_device.cpp:1170,0,27,,REFUSED,,,,,,,extract does not end in a closing brace
0x004C54B0,?is_eax@Wave_Device@@QAEHXZ,src/wave_device.cpp:237,0,15,primary=1;eh=0;shared=0;selfmod=0,NO_COMPILE,,,,,,,
0x004C54C0,?set_eax@Wave_Device@@QAEHPAUEAX_REVERB_PROPERTIES@@@Z,src/wave_device.cpp:591,0,32,primary=1;eh=0;shared=0;selfmod=0,NO_COMPILE,,,,,,,
0x004C54E0,?set_eax@Wave_Device@@QAEHK@Z,src/wave_device.cpp:612,0,32,primary=1;eh=0;shared=0;selfmod=0,NO_COMPILE,,,,,,,
0x004C5500,?set_eax_mix@Wave_Device@@QAEHM@Z,src/wave_device.cpp:633,0,35,primary=1;eh=0;shared=0;selfmod=0,NO_COMPILE,,,,,,,
0x004C5530,?is_3d@Wave_Device@@QAEHXZ,src/wave_device.cpp:303,0,18,primary=1;eh=0;shared=0;selfmod=0,NO_COMPILE,,,,,,,
0x004C5550,?set_listener_position@Wave_Device@@QAEHMMM@Z,src/wave_device.cpp:654,0,43,primary=1;eh=0;shared=0;selfmod=0,NO_COMPILE,,,,,,,
0x004C5580,?get_listener_position@Wave_Device@@QAEHPAM00@Z,src/wave_device.cpp:675,0,43,primary=1;eh=0;shared=0;selfmod=0,NO_COMPILE,,,,,,,
0x004C55B0,?set_listener_xpos@Wave_Device@@QAEHM@Z,src/wave_device.cpp:696,0,35,primary=1;eh=0;shared=0;selfmod=0,NO_COMPILE,,,,,,,
0x004C55E0,?get_listener_xpos@Wave_Device@@QAEHPAM@Z,src/wave_device.cpp:717,0,35,primary=1;eh=0;shared=0;selfmod=0,NO_COMPILE,,,,,,,
0x004C5610,?set_listener_ypos@Wave_Device@@QAEHM@Z,src/wave_device.cpp:738,0,35,primary=1;eh=0;shared=0;selfmod=0,NO_COMPILE,,,,,,,
0x004C5640,?get_listener_ypos@Wave_Device@@QAEHPAM@Z,src/wave_device.cpp:759,0,35,primary=1;eh=0;shared=0;selfmod=0,NO_COMPILE,,,,,,,
0x004C5670,?set_listener_zpos@Wave_Device@@QAEHM@Z,src/wave_device.cpp:780,0,35,primary=1;eh=0;shared=0;selfmod=0,NO_COMPILE,,,,,,,
0x004C56A0,?get_listener_zpos@Wave_Device@@QAEHPAM@Z,src/wave_device.cpp:801,0,35,primary=1;eh=0;shared=0;selfmod=0,NO_COMPILE,,,,,,,
0x004C56D0,?create_device@Midi_Device@@QAEHK@Z,,0,55,primary=1;eh=0;shared=0;selfmod=0,MISMATCH,55,5,22,2,0,#0: original 'push' vs rebuilt 'xor',
0x004C5710,?delete_device@Midi_Device@@QAEHXZ,,0,39,primary=1;eh=0;shared=0;selfmod=0,MISMATCH,39,3,16,2,0,#0: original 'push' vs rebuilt 'xor',
0x004C5740,??0Midi_Device@@QAE@XZ,,0,60,primary=1;eh=0;shared=0;selfmod=0,MISMATCH,60,3,22,2,0,#0: original 'push' vs rebuilt 'mov',
0x004C5780,??1Midi_Device@@QAE@XZ,,0,19,primary=1;eh=0;shared=0;selfmod=0,BYTE_EXACT,19,19,,,,,
0x004C57A0,?init@Midi_Device@@QAEHPAXK@Z,,0,68,primary=1;eh=0;shared=0;selfmod=0,MISMATCH,68,5,34,2,0,#0: original 'push' vs rebuilt 'xor',
0x004C57F0,?release@Midi_Device@@QAEXXZ,,0,51,primary=1;eh=0;shared=0;selfmod=0,MISMATCH,51,1,19,1,0,#0: original 'push' vs rebuilt 'ret',
0x004C5830,?get_ndevices@Midi_Device@@QAEHXZ,src/sounddevice.cpp:237,0,3,primary=1;eh=0;shared=0;selfmod=0,BYTE_EXACT,3,3,,,,,
0x004C5840,?select@Midi_Device@@QAEHI@Z,src/sounddevice.cpp:101,0,5,primary=1;eh=0;shared=0;selfmod=0,BYTE_EXACT,5,5,,,,,
0x004C5850,?get_description@Midi_Device@@QAEHIPADI@Z,src/sounddevice.cpp:209,0,5,primary=1;eh=0;shared=0;selfmod=0,BYTE_EXACT,5,5,,,,,
0x004C5860,?set_volume@Midi_Device@@QAEXI@Z,src/sounddevice.cpp:115,0,3,primary=1;eh=0;shared=0;selfmod=0,BYTE_EXACT,3,3,,,,,
0x004C5870,?get_volume@Midi_Device@@QAEHXZ,src/sounddevice.cpp:247,0,3,primary=1;eh=0;shared=0;selfmod=0,BYTE_EXACT,3,3,,,,,
0x004C5880,?set_pan@Midi_Device@@QAEXH@Z,src/sounddevice.cpp:128,0,3,primary=1;eh=0;shared=0;selfmod=0,BYTE_EXACT,3,3,,,,,
0x004C5890,?fade@Midi_Device@@QAEHI@Z,src/sounddevice.cpp:141,0,5,primary=1;eh=0;shared=0;selfmod=0,BYTE_EXACT,5,5,,,,,
0x004C58A0,?stop@Midi_Device@@QAEHXZ,src/sounddevice.cpp:257,0,3,primary=1;eh=0;shared=0;selfmod=0,BYTE_EXACT,3,3,,,,,
0x004C58B0,?update_sound@Midi_Device@@QAEXXZ,src/sounddevice.cpp:23,0,1,primary=1;eh=0;shared=0;selfmod=0,BYTE_EXACT,1,1,,,,,
0x004C58C0,?set_rate@Midi_Device@@QAEXI@Z,src/sounddevice.cpp:155,0,3,primary=1;eh=0;shared=0;selfmod=0,BYTE_EXACT,3,3,,,,,
0x004C58D0,?get_rate@Midi_Device@@QAEHXZ,src/sounddevice.cpp:267,0,3,primary=1;eh=0;shared=0;selfmod=0,BYTE_EXACT,3,3,,,,,
0x004C58E0,?suspend@Midi_Device@@QAEXXZ,src/sounddevice.cpp:32,0,1,primary=1;eh=0;shared=0;selfmod=0,BYTE_EXACT,1,1,,,,,
0x004C58F0,?restart@Midi_Device@@QAEXXZ,src/sounddevice.cpp:41,0,1,primary=1;eh=0;shared=0;selfmod=0,BYTE_EXACT,1,1,,,,,
0x004C5900,?enable@Midi_Device@@QAEXXZ,src/sounddevice.cpp:350,0,15,primary=1;eh=0;shared=0;selfmod=0,NO_COMPILE,,,,,,,
0x004C5910,?disable@Midi_Device@@QAEXXZ,src/sounddevice.cpp:360,0,15,primary=1;eh=0;shared=0;selfmod=0,NO_COMPILE,,,,,,,
0x004C5920,?is_disabled@Midi_Device@@QAEHXZ,src/sounddevice.cpp:397,0,18,primary=1;eh=0;shared=0;selfmod=0,NO_COMPILE,,,,,,,
0x004C5940,??0Wave_In_Device@@QAE@XZ,,0,60,primary=1;eh=0;shared=0;selfmod=0,MISMATCH,60,3,22,2,0,#0: original 'push' vs rebuilt 'mov',
0x004C5980,??1Wave_In_Device@@QAE@XZ,,0,19,primary=1;eh=0;shared=0;selfmod=0,BYTE_EXACT,19,19,,,,,
0x004C59A0,?create_device@Wave_In_Device@@QAEHK@Z,,0,55,primary=1;eh=0;shared=0;selfmod=0,MISMATCH,55,5,22,2,0,#0: original 'push' vs rebuilt 'xor',
0x004C59E0,?delete_device@Wave_In_Device@@QAEHXZ,,0,39,primary=1;eh=0;shared=0;selfmod=0,MISMATCH,39,3,16,2,0,#0: original 'push' vs rebuilt 'xor',
0x004C5A10,?init@Wave_In_Device@@QAEHPAXK@Z,,0,61,primary=1;eh=0;shared=0;selfmod=0,MISMATCH,61,5,33,2,0,#0: original 'push' vs rebuilt 'xor',
0x004C5A50,?release@Wave_In_Device@@QAEXXZ,,0,33,primary=1;eh=0;shared=0;selfmod=0,MISMATCH,33,1,14,1,0,#0: original 'push' vs rebuilt 'ret',
0x004C5A80,?set_codec@Wave_In_Device@@QAEHK@Z,src/delegation_thunks.cpp:188,1,32,,REFUSED,,,,,,,extract does not end in a closing brace
0x004C5AA0,?set_vxw_key@Wave_In_Device@@QAEHPAC@Z,src/delegation_thunks.cpp:206,1,32,,REFUSED,,,,,,,extract does not end in a closing brace
0x004C5AC0,?get_ndevices@Wave_In_Device@@QAEHXZ,src/sounddevice.cpp:277,0,3,primary=1;eh=0;shared=0;selfmod=0,BYTE_EXACT,3,3,,,,,
0x004C5AD0,?select@Wave_In_Device@@QAEHI@Z,src/sounddevice.cpp:168,0,5,primary=1;eh=0;shared=0;selfmod=0,BYTE_EXACT,5,5,,,,,
0x004C5AE0,?get_description@Wave_In_Device@@QAEHIPADI@Z,src/sounddevice.cpp:223,0,5,primary=1;eh=0;shared=0;selfmod=0,BYTE_EXACT,5,5,,,,,
0x004C5AF0,?get_caps@Wave_In_Device@@QAEHI@Z,src/sounddevice.cpp:182,0,5,primary=1;eh=0;shared=0;selfmod=0,BYTE_EXACT,5,5,,,,,
0x004C5B00,?stop@Wave_In_Device@@QAEHXZ,src/sounddevice.cpp:287,0,3,primary=1;eh=0;shared=0;selfmod=0,BYTE_EXACT,3,3,,,,,
0x004C5B10,?update_sound@Wave_In_Device@@QAEXXZ,src/sounddevice.cpp:50,0,1,primary=1;eh=0;shared=0;selfmod=0,BYTE_EXACT,1,1,,,,,
0x004C5B20,?set_rate@Wave_In_Device@@QAEXI@Z,src/sounddevice.cpp:196,0,3,primary=1;eh=0;shared=0;selfmod=0,BYTE_EXACT,3,3,,,,,
0x004C5B30,?get_rate@Wave_In_Device@@QAEHXZ,src/sounddevice.cpp:297,0,3,primary=1;eh=0;shared=0;selfmod=0,BYTE_EXACT,3,3,,,,,
0x004C5B40,?suspend@Wave_In_Device@@QAEXXZ,src/sounddevice.cpp:59,0,1,primary=1;eh=0;shared=0;selfmod=0,BYTE_EXACT,1,1,,,,,
0x004C5B50,?restart@Wave_In_Device@@QAEXXZ,src/sounddevice.cpp:68,0,1,primary=1;eh=0;shared=0;selfmod=0,BYTE_EXACT,1,1,,,,,
0x004C5B60,?start_record@Wave_In_Device@@QAEHXZ,src/sounddevice.cpp:408,0,15,primary=1;eh=0;shared=0;selfmod=0,NO_COMPILE,,,,,,,
0x004C5B70,?end_record@Wave_In_Device@@QAEHXZ,src/sounddevice.cpp:420,0,15,primary=1;eh=0;shared=0;selfmod=0,NO_COMPILE,,,,,,,
0x004C5B80,??1WaveControlGroup@@QAE@XZ,src/wave_device.cpp:1190,0,111,,REFUSED,,,,,,,extract does not end in a closing brace
0x004C5BF0,sub_4c5bf0,src/wave_device.cpp:511,0,90,primary=1;eh=0;shared=0;selfmod=0,NO_COMPILE,,,,,,,
0x004C5C50,??__Eg_WAVE_DEVICE@@YAXXZ,src/init_thunks.cpp:4155,1,22,primary=1;eh=0;shared=0;selfmod=0,NO_COMPILE,,,,,,,
0x004C5C70,??__Fg_WAVE_DEVICE@@YAXXZ,src/atexit_thunks.cpp:3975,1,10,primary=1;eh=0;shared=0;selfmod=0,NO_COMPILE,,,,,,,
0x004C5C80,??__Eg_MIDI_DEVICE@@YAXXZ,src/init_thunks.cpp:4166,1,22,primary=1;eh=0;shared=0;selfmod=0,NO_COMPILE,,,,,,,
0x004C5CA0,??__Fg_MIDI_DEVICE@@YAXXZ,src/atexit_thunks.cpp:3985,1,10,primary=1;eh=0;shared=0;selfmod=0,NO_COMPILE,,,,,,,
0x004C5CB0,??__Eg_WAVE_IN_DEVICE@@YAXXZ,src/init_thunks.cpp:4177,1,22,primary=1;eh=0;shared=0;selfmod=0,NO_COMPILE,,,,,,,
0x004C5CD0,??__Fg_WAVE_IN_DEVICE@@YAXXZ,src/atexit_thunks.cpp:3995,1,10,primary=1;eh=0;shared=0;selfmod=0,NO_COMPILE,,,,,,,
0x004C5F70,?unload_sound_dll@@YAXXZ,,0,53,primary=1;eh=0;shared=0;selfmod=0,MISMATCH,53,1,14,1,0,#0: original 'mov' vs rebuilt 'ret',
0x004C5FB0,?init_sound_timer@@YAHKK@Z,,0,38,primary=1;eh=0;shared=0;selfmod=0,MISMATCH,38,3,16,2,0,#0: original 'push' vs rebuilt 'xor',
0x004C5FE0,?get_sound_version@@YAHXZ,,0,18,primary=1;eh=0;shared=0;selfmod=0,BYTE_EXACT,18,18,,,,,
0x004C6000,sub_4c6000,,0,42,primary=1;eh=0;shared=0;selfmod=0,MISMATCH,42,3,18,2,0,#0: original 'push' vs rebuilt 'xor',
0x004C6030,sub_4c6030,,0,34,primary=1;eh=0;shared=0;selfmod=0,BYTE_EXACT,34,34,,,,,
0x004C6060,sub_4c6060,,0,17,primary=1;eh=0;shared=0;selfmod=0,BYTE_EXACT,17,17,,,,,
0x004C6120,??1Sound@@QAE@XZ,src/sound.cpp:589,0,205,primary=1;eh=1;shared=1;selfmod=0,SHARED_TAIL,,,,,,,COMDAT-folded span
0x004C61E0,?set_type@Sound@@QAEXI@Z,src/sound.cpp:324,0,128,primary=1;eh=0;shared=0;selfmod=0,NO_COMPILE,,,,,,,
0x004C6280,?load@Sound@@QAEHPBD@Z,src/sound.cpp:374,0,225,primary=1;eh=0;shared=0;selfmod=0,NO_COMPILE,,,,,,,
0x004C6370,?attach@Sound@@QAEHXZ,src/sound.cpp:661,0,81,primary=1;eh=0;shared=0;selfmod=0,NO_COMPILE,,,,,,,
0x004C63D0,?detach@Sound@@QAEHXZ,src/sound.cpp:693,0,92,primary=1;eh=0;shared=0;selfmod=0,NO_COMPILE,,,,,,,
0x004C6430,?UNK1@Sound@@QAEHH@Z,src/sound.cpp:27,0,8,primary=1;eh=0;shared=0;selfmod=0,BYTE_EXACT,8,8,,,,,
0x004C6440,?unload@Sound@@QAEHXZ,src/sound.cpp:559,0,50,primary=1;eh=0;shared=0;selfmod=0,NO_COMPILE,,,,,,,
0x004C6480,?play@Sound@@QAEHXZ,src/sound.cpp:153,0,18,primary=1;eh=0;shared=0;selfmod=0,NO_COMPILE,,,,,,,
0x004C64A0,?play@Sound@@QAEHI@Z,src/sound.cpp:164,0,28,primary=1;eh=0;shared=0;selfmod=0,NO_COMPILE,,,,,,,
0x004C64C0,?is_playing@Sound@@QAEHXZ,src/sound.cpp:83,0,15,primary=1;eh=0;shared=0;selfmod=0,NO_COMPILE,,,,,,,
0x004C64D0,?stop@Sound@@QAEHXZ,src/sound.cpp:174,0,18,primary=1;eh=0;shared=0;selfmod=0,NO_COMPILE,,,,,,,
0x004C64F0,?release@Sound@@QAEHXZ,src/sound.cpp:184,0,18,primary=1;eh=0;shared=0;selfmod=0,NO_COMPILE,,,,,,,
0x004C6510,?set_volume@Sound@@QAEXH@Z,src/sound.cpp:441,0,34,primary=1;eh=0;shared=0;selfmod=0,NO_COMPILE,,,,,,,
0x004C6540,?set_loop_state@Sound@@QAEXJ@Z,src/sound.cpp:196,0,26,,REFUSED,,,,,,,C++ standard library: VC6's headers differ enough to be noise
0x004C6560,?set_delay@Sound@@QAEXI@Z,src/sound.cpp:210,0,26,,REFUSED,,,,,,,C++ standard library: VC6's headers differ enough to be noise
0x004C6580,?set_fade@Sound@@QAEHK@Z,src/sound.cpp:463,0,40,primary=1;eh=0;shared=0;selfmod=0,NO_COMPILE,,,,,,,
0x004C65B0,?set_fade_in@Sound@@QAEHI@Z,src/sound.cpp:488,0,41,primary=1;eh=0;shared=0;selfmod=0,NO_COMPILE,,,,,,,
0x004C65E0,?fade@Sound@@QAEHXZ,src/sound.cpp:267,0,25,primary=1;eh=0;shared=0;selfmod=0,NO_COMPILE,,,,,,,
0x004C6600,?fade@Sound@@QAEXK@Z,src/sound.cpp:39,0,32,primary=1;eh=0;shared=0;selfmod=0,NO_COMPILE,,,,,,,
0x004C6620,?fade_in@Sound@@QAEHXZ,src/sound.cpp:278,0,25,primary=1;eh=0;shared=0;selfmod=0,NO_COMPILE,,,,,,,
0x004C6640,?ramp@Sound@@QAEXHHI@Z,src/sound.cpp:289,0,31,primary=1;eh=0;shared=0;selfmod=0,NO_COMPILE,,,,,,,
0x004C6660,?fade_in@Sound@@QAEXI@Z,src/sound.cpp:513,0,33,primary=1;eh=0;shared=0;selfmod=0,NO_COMPILE,,,,,,,
0x004C6690,?is_looping@Sound@@QAEHXZ,src/sound.cpp:93,0,15,primary=1;eh=0;shared=0;selfmod=0,NO_COMPILE,,,,,,,
0x004C66A0,?get_time@Sound@@QAEHXZ,src/sound.cpp:103,0,15,primary=1;eh=0;shared=0;selfmod=0,NO_COMPILE,,,,,,,
0x004C66B0,?set_pan@Sound@@QAEXH@Z,src/sound.cpp:535,0,48,,REFUSED,,,,,,,C++ standard library: VC6's headers differ enough to be noise
0x004C66E0,??0Wave@@QAE@XZ,src/wave.cpp:1050,0,239,primary=1;eh=1;shared=1;selfmod=0,SHARED_TAIL,,,,,,,COMDAT-folded span
0x004C67C0,??1Wave@@QAE@XZ,src/wave.cpp:1224,0,333,primary=1;eh=1;shared=1;selfmod=0,SHARED_TAIL,,,,,,,COMDAT-folded span
0x004C68F0,?play@Wave@@QAEHH@Z,src/wave.cpp:261,0,35,primary=1;eh=0;shared=0;selfmod=0,NO_COMPILE,,,,,,,
0x004C6920,?play@Wave@@QAEHXZ,src/wave.cpp:727,0,141,primary=1;eh=0;shared=0;selfmod=0,NO_COMPILE,,,,,,,
0x004C69B0,?init@Wave@@QAEXPADK@Z,src/wave.cpp:1101,0,293,primary=1;eh=0;shared=0;selfmod=0,NO_COMPILE,,,,,,,
0x004C6AE0,?is_hwbuffer@Wave@@QAEHXZ,src/wave.cpp:287,0,18,primary=1;eh=0;shared=0;selfmod=0,NO_COMPILE,,,,,,,
0x004C6B00,?get_ms_length@Wave@@QAEHXZ,src/wave.cpp:197,0,4,primary=1;eh=0;shared=0;selfmod=0,BYTE_EXACT,4,4,,,,,
0x004C6B10,?is_playing@Wave@@QAEHXZ,src/wave.cpp:221,0,67,primary=1;eh=0;shared=0;selfmod=0,NO_COMPILE,,,,,,,
0x004C6B60,?set_fname@Wave@@QAEHPBD@Z,src/wave.cpp:695,0,75,primary=1;eh=0;shared=0;selfmod=0,NO_COMPILE,,,,,,,
0x004C6BB0,?dyna_load@Wave@@QAEHPAD@Z,src/wave.cpp:927,0,106,primary=1;eh=0;shared=0;selfmod=0,NO_COMPILE,,,,,,,
0x004C6C20,?load@Wave@@QAEHPBD@Z,src/wave.cpp:970,0,184,primary=1;eh=0;shared=0;selfmod=0,NO_COMPILE,,,,,,,
0x004C6CE0,?load@Wave@@QAEHXZ,src/wave.cpp:786,0,204,primary=1;eh=0;shared=0;selfmod=0,NO_COMPILE,,,,,,,
0x004C6DB0,?load@Wave@@QAEHPADK@Z,src/wave.cpp:169,0,54,primary=1;eh=0;shared=0;selfmod=0,NO_COMPILE,,,,,,,
0x004C6DF0,?reload@Wave@@QAEHXZ,src/wave.cpp:859,0,165,primary=1;eh=0;shared=0;selfmod=0,NO_COMPILE,,,,,,,
0x004C6EA0,?unload@Wave@@QAEXXZ,src/wave.cpp:112,0,57,primary=1;eh=0;shared=0;selfmod=0,NO_COMPILE,,,,,,,
0x004C6EE0,?set_pitch@Wave@@QAEXH@Z,src/wave.cpp:146,0,57,primary=1;eh=0;shared=0;selfmod=0,NO_COMPILE,,,,,,,
0x004C6F20,?set_attrib@Wave@@QAEXK@Z,src/wave.cpp:569,0,96,primary=1;eh=0;shared=0;selfmod=0,NO_COMPILE,,,,,,,
0x004C6F80,?get_attrib@Wave@@QAEHXZ,src/wave.cpp:612,0,74,primary=1;eh=0;shared=0;selfmod=0,NO_COMPILE,,,,,,,
0x004C6FD0,?get_time@Wave@@QAEHI@Z,src/wave.cpp:307,0,32,primary=1;eh=0;shared=0;selfmod=0,NO_COMPILE,,,,,,,
0x004C6FF0,?get_current_marker@Wave@@QAEHXZ,src/wave.cpp:328,0,19,primary=1;eh=0;shared=0;selfmod=0,NO_COMPILE,,,,,,,
0x004C7010,?get_game_hwnd@Wave@@QAEHXZ,src/wave.cpp:348,0,15,primary=1;eh=0;shared=0;selfmod=0,NO_COMPILE,,,,,,,
0x004C7020,?get_ndevices@Wave@@QAEHXZ,src/wave.cpp:368,0,18,primary=1;eh=0;shared=0;selfmod=0,NO_COMPILE,,,,,,,
0x004C7040,?get_device_description@Wave@@QAEHPADHH@Z,src/wave.cpp:453,0,56,primary=1;eh=0;shared=0;selfmod=0,NO_COMPILE,,,,,,,
0x004C7080,?UNK1@Wave@@QAEHH@Z,src/wave.cpp:390,0,22,primary=1;eh=0;shared=0;selfmod=0,BYTE_EXACT,22,22,,,,,
0x004C70A0,?set_reverb_mix@Wave@@QAEHM@Z,src/wave.cpp:409,0,38,primary=1;eh=0;shared=0;selfmod=0,NO_COMPILE,,,,,,,
0x004C70D0,?set_bufflimit@Wave@@QAEHI@Z,src/wave.cpp:38,0,8,primary=1;eh=0;shared=0;selfmod=0,BYTE_EXACT,8,8,,,,,
0x004C70E0,?set_asdr@Wave@@QAEHXZ,src/wave.cpp:24,0,6,primary=1;eh=0;shared=0;selfmod=0,BYTE_EXACT,6,6,,,,,
0x004C70F0,?set_attack@Wave@@QAEHIII@Z,src/wave.cpp:52,0,8,primary=1;eh=0;shared=0;selfmod=0,BYTE_EXACT,8,8,,,,,
0x004C7100,?set_sustain@Wave@@QAEHIII@Z,src/wave.cpp:66,0,8,primary=1;eh=0;shared=0;selfmod=0,BYTE_EXACT,8,8,,,,,
0x004C7110,?set_decay@Wave@@QAEHIII@Z,src/wave.cpp:80,0,8,primary=1;eh=0;shared=0;selfmod=0,BYTE_EXACT,8,8,,,,,
0x004C7120,?set_release@Wave@@QAEHIII@Z,src/wave.cpp:94,0,8,primary=1;eh=0;shared=0;selfmod=0,BYTE_EXACT,8,8,,,,,
0x004C7130,?set_volume@Wave@@QAEXH@Z,src/wave.cpp:663,0,93,primary=1;eh=0;shared=0;selfmod=0,NO_COMPILE,,,,,,,
0x004C7190,?set_position3d@Wave@@QAEHMMM@Z,src/wave.cpp:479,0,43,primary=1;eh=0;shared=0;selfmod=0,NO_COMPILE,,,,,,,
0x004C71C0,?set_xpos@Wave@@QAEHM@Z,src/wave.cpp:502,0,35,primary=1;eh=0;shared=0;selfmod=0,NO_COMPILE,,,,,,,
0x004C71F0,?set_ypos@Wave@@QAEHM@Z,src/wave.cpp:523,0,35,primary=1;eh=0;shared=0;selfmod=0,NO_COMPILE,,,,,,,
0x004C7220,?set_zpos@Wave@@QAEHM@Z,src/wave.cpp:544,0,35,primary=1;eh=0;shared=0;selfmod=0,NO_COMPILE,,,,,,,
0x004C7250,?is_3d@Wave@@QAEHXZ,src/wave.cpp:430,0,18,primary=1;eh=0;shared=0;selfmod=0,NO_COMPILE,,,,,,,
0x004C7270,sub_4c7270,,0,46,primary=1;eh=0;shared=0;selfmod=0,MISMATCH,46,3,14,2,0,#0: original 'push' vs rebuilt 'xor',
0x004C7380,sub_4c7380,,0,51,primary=1;eh=0;shared=0;selfmod=0,MISMATCH,51,5,26,2,0,#0: original 'push' vs rebuilt 'xor',
0x004C74B0,sub_4c74b0,,0,64,primary=1;eh=0;shared=0;selfmod=0,MISMATCH,64,5,26,2,0,#0: original 'push' vs rebuilt 'xor',
0x004C75A0,sub_4c75a0,src/field_accessors.cpp:177,1,7,primary=1;eh=0;shared=0;selfmod=0,BYTE_EXACT,7,7,,,,,
0x004C7670,??1Ambience@@QAE@XZ,src/ambience.cpp:282,0,273,primary=1;eh=1;shared=1;selfmod=0,SHARED_TAIL,,,,,,,COMDAT-folded span
0x004C7760,?play@Midi@@QAEHXZ,src/delegation_thunks.cpp:224,1,18,,REFUSED,,,,,,,extract does not end in a closing brace
0x004C7780,?set_volume@Midi@@QAEXH@Z,,0,35,primary=1;eh=0;shared=0;selfmod=0,BYTE_EXACT,35,35,,,,,
0x004C77B0,?switch_state@Midi@@QAEH_N@Z,,0,26,primary=1;eh=0;shared=0;selfmod=0,BYTE_EXACT,26,26,,,,,
0x004C77D0,?set_switch_type@Midi@@QAEHK@Z,src/delegation_thunks.cpp:242,1,35,,REFUSED,,,,,,,extract does not end in a closing brace
0x004C7800,?add_switch_range@Midi@@QAEHKK@Z,src/delegation_thunks.cpp:260,1,39,primary=1;eh=0;shared=0;selfmod=0,NO_COMPILE,,,,,,,
0x004C7830,?set_nswitch_threads@Midi@@QAEHK@Z,src/delegation_thunks.cpp:278,1,35,primary=1;eh=0;shared=0;selfmod=0,NO_COMPILE,,,,,,,
0x004C7860,?map_patch@Midi@@QAEHPADKK@Z,src/delegation_thunks.cpp:296,1,43,primary=1;eh=0;shared=0;selfmod=0,NO_COMPILE,,,,,,,
0x004C7890,?map_patch@Midi@@QAEHPADK@Z,src/delegation_thunks.cpp:314,1,39,primary=1;eh=0;shared=0;selfmod=0,NO_COMPILE,,,,,,,
0x004C78C0,?set_base_path@Midi@@QAEHPBD@Z,,0,26,primary=1;eh=0;shared=0;selfmod=0,MISMATCH,26,5,11,2,0,#0: original 'push' vs rebuilt 'xor',
0x004C78E0,?clear_patch@Midi@@QAEHK@Z,src/delegation_thunks.cpp:332,1,35,primary=1;eh=0;shared=0;selfmod=0,NO_COMPILE,,,,,,,
0x004C7910,?reset@Midi@@QAEHXZ,src/delegation_thunks.cpp:350,1,21,primary=1;eh=0;shared=0;selfmod=0,NO_COMPILE,,,,,,,
0x004C7930,?set_track@Midi@@QAEHPAEK@Z,src/delegation_thunks.cpp:368,1,39,primary=1;eh=0;shared=0;selfmod=0,NO_COMPILE,,,,,,,
0x004C7960,?mute_track@Midi@@QAEHK@Z,src/delegation_thunks.cpp:386,1,35,primary=1;eh=0;shared=0;selfmod=0,NO_COMPILE,,,,,,,
0x004C7990,?unmute_track@Midi@@QAEHK@Z,src/delegation_thunks.cpp:404,1,35,primary=1;eh=0;shared=0;selfmod=0,NO_COMPILE,,,,,,,
0x004C79C0,?set_active_tracks@Midi@@QAEHKK@Z,src/delegation_thunks.cpp:422,1,39,primary=1;eh=0;shared=0;selfmod=0,NO_COMPILE,,,,,,,
0x004C79F0,?set_active_tracks@Midi@@QAEHI@Z,src/delegation_thunks.cpp:440,1,35,primary=1;eh=0;shared=0;selfmod=0,NO_COMPILE,,,,,,,
0x004C7A20,?play_trackset@Midi@@QAEHI@Z,src/delegation_thunks.cpp:458,1,35,primary=1;eh=0;shared=0;selfmod=0,NO_COMPILE,,,,,,,
0x004C7A50,?xpose_trackset@Midi@@QAEHIH@Z,src/delegation_thunks.cpp:476,1,39,,REFUSED,,,,,,,extract does not end in a closing brace
0x004C7A80,?stop_trackset@Midi@@QAEHI@Z,src/delegation_thunks.cpp:494,1,35,,REFUSED,,,,,,,extract does not end in a closing brace
0x004C7AB0,?is_trackset_playing@Midi@@QAEHI@Z,,0,32,primary=1;eh=0;shared=0;selfmod=0,MNEMONIC_ONLY,32,32,14,14,,,
0x004C7AD0,?add_active_trackset@Midi@@QAEHPAUTrackSet@@@Z,src/delegation_thunks.cpp:512,1,35,,REFUSED,,,,,,,extract does not end in a closing brace
0x004C7B00,?set_active_range_lo@Midi@@QAEHII@Z,src/delegation_thunks.cpp:530,1,39,,REFUSED,,,,,,,extract does not end in a closing brace
0x004C7B30,?set_active_range_hi@Midi@@QAEHII@Z,src/delegation_thunks.cpp:548,1,39,,REFUSED,,,,,,,extract does not end in a closing brace
0x004C7B60,?remove_active_trackset@Midi@@QAEHI@Z,src/delegation_thunks.cpp:566,1,35,primary=1;eh=0;shared=0;selfmod=0,NO_COMPILE,,,,,,,
0x004C7B90,?get_trackset@Midi@@QAEHI@Z,src/delegation_thunks.cpp:584,1,32,primary=1;eh=0;shared=0;selfmod=0,NO_COMPILE,,,,,,,
0x004C7BB0,?get_ntracks@Midi@@QAEHXZ,src/delegation_thunks.cpp:602,1,18,primary=1;eh=0;shared=0;selfmod=0,NO_COMPILE,,,,,,,
0x004C7BD0,?load_patch@Midi@@QAEHI@Z,src/delegation_thunks.cpp:620,1,35,primary=1;eh=0;shared=0;selfmod=0,NO_COMPILE,,,,,,,
0x004C7C00,?unload_patch@Midi@@QAEHI@Z,src/delegation_thunks.cpp:638,1,35,primary=1;eh=0;shared=0;selfmod=0,NO_COMPILE,,,,,,,
0x004C7C30,?set_patch@Midi@@QAEHII@Z,src/delegation_thunks.cpp:656,1,39,primary=1;eh=0;shared=0;selfmod=0,NO_COMPILE,,,,,,,
0x004C7CC0,sub_4c7cc0,,0,42,primary=1;eh=0;shared=0;selfmod=0,MISMATCH,42,5,19,2,0,#0: original 'push' vs rebuilt 'xor',
0x004C7D50,?set_tempo@Midi@@QAEHK@Z,src/delegation_thunks.cpp:674,1,35,primary=1;eh=0;shared=0;selfmod=0,NO_COMPILE,,,,,,,
0x004C7D80,?load@Midi@@QAEHPBD@Z,,0,77,primary=1;eh=0;shared=0;selfmod=0,MISMATCH,77,5,34,2,0,#0: original 'push' vs rebuilt 'xor',
0x004C7DD0,?load@Midi@@QAEHXZ,,0,75,primary=1;eh=0;shared=0;selfmod=0,MISMATCH,75,3,34,2,0,#0: original 'push' vs rebuilt 'xor',
0x004C7E80,?get_time@Midi@@QAEHK@Z,src/delegation_thunks.cpp:692,1,32,primary=1;eh=0;shared=0;selfmod=0,NO_COMPILE,,,,,,,
0x004C7EA0,?get_control_track@Midi@@QAEHXZ,src/delegation_thunks.cpp:710,1,18,primary=1;eh=0;shared=0;selfmod=0,NO_COMPILE,,,,,,,
0x004C7EC0,?get_total_track_ticks@Midi@@QAEHK@Z,src/delegation_thunks.cpp:728,1,32,primary=1;eh=0;shared=0;selfmod=0,NO_COMPILE,,,,,,,
0x004C7EE0,?set_channel_ctrl@Midi@@QAEHPAUChannelCtrl@@@Z,src/delegation_thunks.cpp:746,1,35,primary=1;eh=0;shared=0;selfmod=0,NO_COMPILE,,,,,,,
0x004C7F10,?set_program_ctrl@Midi@@QAEHPAUProgramCtrl@@@Z,src/delegation_thunks.cpp:764,1,35,primary=1;eh=0;shared=0;selfmod=0,NO_COMPILE,,,,,,,
0x004C7F40,?set_track_ctrl@Midi@@QAEHPAUTrackCtrl@@@Z,src/delegation_thunks.cpp:782,1,35,primary=1;eh=0;shared=0;selfmod=0,NO_COMPILE,,,,,,,
0x004C7F70,sub_4c7f70,,0,39,primary=1;eh=0;shared=0;selfmod=0,MISMATCH,39,5,16,2,0,#0: original 'push' vs rebuilt 'xor',
0x004C7FA0,sub_4c7fa0,,0,32,primary=1;eh=0;shared=0;selfmod=0,MISMATCH,32,5,14,2,0,#0: original 'push' vs rebuilt 'xor',
0x004C7FC0,sub_4c7fc0,,0,39,primary=1;eh=0;shared=0;selfmod=0,MISMATCH,39,5,16,2,0,#0: original 'push' vs rebuilt 'xor',
0x004C7FF0,sub_4c7ff0,,0,39,primary=1;eh=0;shared=0;selfmod=0,MISMATCH,39,5,16,2,0,#0: original 'push' vs rebuilt 'xor',
0x004C8020,sub_4c8020,,0,35,primary=1;eh=0;shared=0;selfmod=0,BYTE_EXACT,35,35,,,,,
0x004C8050,?set_play_type@Midi@@QAEHI@Z,,0,26,primary=1;eh=0;shared=0;selfmod=0,MISMATCH,26,5,11,2,0,#0: original 'push' vs rebuilt 'xor',
0x004C8070,sub_4c8070,src/leaf_recoveries.cpp:291,0,25,primary=1;eh=0;shared=0;selfmod=0,BYTE_EXACT,25,25,,,,,
0x004C8090,sub_4c8090,src/field_accessors.cpp:200,1,35,primary=1;eh=0;shared=0;selfmod=0,BYTE_EXACT,35,35,,,,,
0x004C80C0,sub_4c80c0,src/field_accessors.cpp:996,1,23,primary=1;eh=0;shared=0;selfmod=0,BYTE_EXACT,23,23,,,,,
0x004C80E0,sub_4c80e0,src/field_accessors.cpp:1023,1,23,primary=1;eh=0;shared=0;selfmod=0,BYTE_EXACT,23,23,,,,,
0x004C8100,sub_4c8100,src/field_accessors.cpp:232,1,11,primary=1;eh=0;shared=0;selfmod=0,BYTE_EXACT,11,11,,,,,
0x004C8110,sub_4c8110,,0,43,primary=1;eh=0;shared=0;selfmod=0,MISMATCH,43,3,14,2,0,#0: original 'push' vs rebuilt 'xor',
0x004C8140,nullsub_223,src/nullsub_thunks.cpp:344,1,1,primary=1;eh=0;shared=0;selfmod=0,BYTE_EXACT,1,1,,,,,
0x004C8150,sub_4c8150,,0,56,primary=1;eh=0;shared=0;selfmod=0,MISMATCH,56,3,23,2,0,#0: original 'push' vs rebuilt 'xor',
0x004C8190,sub_4c8190,,0,37,primary=1;eh=0;shared=0;selfmod=0,MISMATCH,37,3,16,2,0,#0: original 'push' vs rebuilt 'xor',
0x004C8350,sub_4c8350,,0,70,primary=1;eh=0;shared=0;selfmod=0,MISMATCH,70,3,34,2,0,#0: original 'push' vs rebuilt 'xor',
0x004C83A0,sub_4c83a0,,0,75,primary=1;eh=0;shared=0;selfmod=0,MISMATCH,75,5,33,2,0,#0: original 'push' vs rebuilt 'xor',
0x004C83F0,sub_4c83f0,,0,31,primary=1;eh=0;shared=0;selfmod=0,BYTE_EXACT,31,31,,,,,
0x004C8410,??0Patch@@QAE@XZ,,0,50,primary=1;eh=0;shared=0;selfmod=0,MISMATCH,50,3,15,2,0,#0: original 'push' vs rebuilt 'mov',
0x004C8460,??0Ambience@@QAE@XZ,src/ambience.cpp:361,0,230,primary=1;eh=1;shared=1;selfmod=0,SHARED_TAIL,,,,,,,COMDAT-folded span
0x004C85F0,?unload@Ambience@@QAEXXZ,,0,44,primary=1;eh=0;shared=0;selfmod=0,MISMATCH,44,1,17,1,0,#0: original 'push' vs rebuilt 'ret',
0x004C8840,sub_4c8840,,0,72,primary=1;eh=0;shared=0;selfmod=0,MISMATCH,72,3,27,2,0,#0: original 'push' vs rebuilt 'xor',
0x004C8890,sub_4c8890,,0,28,primary=1;eh=0;shared=0;selfmod=0,BYTE_EXACT,28,28,,,,,
0x004C88B0,sub_4c88b0,,0,15,primary=1;eh=0;shared=0;selfmod=0,BYTE_EXACT,15,15,,,,,
0x004C88C0,sub_4c88c0,,0,32,primary=1;eh=0;shared=0;selfmod=0,MISMATCH,32,5,14,2,0,#0: original 'push' vs rebuilt 'xor',
0x004C88E0,sub_4c88e0,,0,35,primary=1;eh=0;shared=0;selfmod=0,BYTE_EXACT,35,35,,,,,
0x004C8930,sub_4c8930,,0,18,primary=1;eh=0;shared=0;selfmod=0,BYTE_EXACT,18,18,,,,,
0x004C8950,sub_4c8950,src/nullsub_thunks.cpp:354,1,3,primary=1;eh=0;shared=0;selfmod=0,BYTE_EXACT,3,3,,,,,
0x004C8960,??0VoiceRx@@QAE@XZ,,0,260,primary=1;eh=1;shared=1;selfmod=0,SHARED_TAIL,,,,,,,1 span(s) are COMDAT-folded and claimed by another function; no per-function verdict is well defined
0x004C8A50,??1VoiceRx@@QAE@XZ,,0,262,primary=1;eh=1;shared=1;selfmod=0,SHARED_TAIL,,,,,,,1 span(s) are COMDAT-folded and claimed by another function; no per-function verdict is well defined
0x004C8BD0,?release@VoiceRx@@QAEHXZ,,0,72,primary=1;eh=0;shared=0;selfmod=0,MISMATCH,72,3,27,2,0,#0: original 'push' vs rebuilt 'xor',
0x004C8C20,?start@VoiceRx@@QAEHXZ,src/delegation_thunks.cpp:802,1,18,primary=1;eh=0;shared=0;selfmod=0,NO_COMPILE,,,,,,,
0x004C8C40,?stop@VoiceRx@@QAEHXZ,src/delegation_thunks.cpp:823,1,15,,REFUSED,,,,,,,extract does not end in a closing brace
0x004C8C50,?unload@VoiceRx@@QAEHXZ,src/delegation_thunks.cpp:842,1,18,,REFUSED,,,,,,,extract does not end in a closing brace
0x004C8C70,?add_buffer@VoiceRx@@QAEHPAU_MMIOINFO@@@Z,src/delegation_thunks.cpp:860,1,35,,REFUSED,,,,,,,extract does not end in a closing brace
0x004C8CA0,?get_buffer_size@VoiceRx@@QAEHXZ,src/delegation_thunks.cpp:878,1,18,,REFUSED,,,,,,,extract does not end in a closing brace
0x004C8EA0,?release@VoiceTx@@QAEXXZ,src/delegation_thunks.cpp:898,1,15,primary=1;eh=0;shared=0;selfmod=0,NO_COMPILE,,,,,,,
0x004C8EB0,?start@VoiceTx@@QAEHXZ,,0,68,primary=1;eh=0;shared=0;selfmod=0,MISMATCH,68,3,25,2,0,#0: original 'push' vs rebuilt 'xor',
0x004C8F00,?stop@VoiceTx@@QAEHXZ,,0,60,primary=1;eh=0;shared=0;selfmod=0,MISMATCH,60,3,23,2,0,#0: original 'push' vs rebuilt 'xor',
0x004C8F40,?unload@VoiceTx@@QAEXXZ,,0,48,primary=1;eh=0;shared=0;selfmod=0,MISMATCH,48,1,18,1,0,#0: original 'push' vs rebuilt 'ret',
0x004C9010,?get_nbuffers@VoiceTx@@QAEHXZ,src/delegation_thunks.cpp:917,1,18,primary=1;eh=0;shared=0;selfmod=0,NO_COMPILE,,,,,,,
0x004C9030,?get_next_buffer@VoiceTx@@QAEHXZ,src/delegation_thunks.cpp:935,1,18,primary=1;eh=0;shared=0;selfmod=0,NO_COMPILE,,,,,,,
0x004C9050,?return_buffer@VoiceTx@@QAEHPAU_MMIOINFO@@@Z,src/delegation_thunks.cpp:953,1,35,primary=1;eh=0;shared=0;selfmod=0,NO_COMPILE,,,,,,,
0x004C92D0,??_GSound@@UAEPAXI@Z,src/sound.cpp:642,0,33,primary=1;eh=0;shared=0;selfmod=0,NO_COMPILE,,,,,,,
0x004C9300,??_GWave@@UAEPAXI@Z,src/wave.cpp:1182,0,33,,REFUSED,,,,,,,extract does not end in a closing brace
0x004C9330,??_GAmbience@@UAEPAXI@Z,src/deleting_thunks.cpp:1350,1,33,primary=1;eh=0;shared=0;selfmod=0,NO_COMPILE,,,,,,,
0x004C9360,??_GVideo@@UAEPAXI@Z,src/deleting_thunks.cpp:1369,1,33,primary=1;eh=0;shared=0;selfmod=0,NO_COMPILE,,,,,,,
0x004C9390,sub_4c9390,,0,18,primary=1;eh=0;shared=0;selfmod=0,BYTE_EXACT,18,18,,,,,
0x004C93B0,??_GVoiceRx@@UAEPAXI@Z,src/deleting_thunks.cpp:1386,1,33,primary=1;eh=0;shared=0;selfmod=0,NO_COMPILE,,,,,,,
0x004C93E0,sub_4c93e0,src/field_accessors.cpp:257,1,8,primary=1;eh=0;shared=0;selfmod=0,BYTE_EXACT,8,8,,,,,
0x004C93F0,??_GVoiceTx@@UAEPAXI@Z,src/deleting_thunks.cpp:1404,1,33,primary=1;eh=0;shared=0;selfmod=0,NO_COMPILE,,,,,,,
0x004C9420,?terraform_cost@@YAHHHH@Z,src/terraforming.cpp:33,0,694,primary=1;eh=0;shared=0;selfmod=0,NO_COMPILE,,,,,,,
0x004C9A50,?contribution@@YAHHH@Z,src/terraforming.cpp:76,0,171,primary=1;eh=0;shared=0;selfmod=0,NO_COMPILE,,,,,,,
0x004CBAA0,?action_home@@YAHHH@Z,src/veh.cpp:3569,0,2239,primary=1;eh=0;shared=0;selfmod=0,NO_COMPILE,,,,,,,
0x004CD060,?action_feature@@YAXXZ,,0,34,primary=1;eh=0;shared=0;selfmod=0,BYTE_EXACT,34,34,,,,,
0x004CD6A0,?valid_patrol@@YAHHHH@Z,src/veh.cpp:164,0,899,primary=1;eh=0;shared=0;selfmod=0,NO_COMPILE,,,,,,,
0x004D0450,?skip@Console@@QAEXH@Z,,0,68,primary=1;eh=0;shared=0;selfmod=0,NO_COMPILE,,,,,,,"CL produced no object: v004d0450_0.cpp
v004d0450_0.cpp(61) : error C2146: syntax error : missing ',' before identifier 'a1'
v004d0450_0.cpp(61) : error C2061: syntax error : identifier 'a1'
"
0x004D04A0,?wait@Console@@QAEXH@Z,,0,64,primary=1;eh=0;shared=0;selfmod=0,MISMATCH,64,3,17,1,0,#0: original 'push' vs rebuilt 'ret 4',
0x004D26A0,?give_veh@Console@@QAEXH@Z,,0,1052,primary=1;eh=0;shared=0;selfmod=0,NO_COMPILE,,,,,,,"CL produced no object: v004d26a0_0.cpp
v004d26a0_0.cpp(98) : error C2146: syntax error : missing ',' before identifier 'a1'
v004d26a0_0.cpp(98) : error C2061: syntax error : identifier 'a1'
"
0x004D7BE0,?road_to@Console@@QAEXHH@Z,,0,269,primary=1;eh=0;shared=0;selfmod=0,MISMATCH,269,271,84,86,43,#43: original 'mov' vs rebuilt 'add',
0x004D9DC0,?on_left_click@DipEdit@@QAEXHH@Z,src/dipedit.cpp:23,0,3,primary=1;eh=0;shared=0;selfmod=0,BYTE_EXACT,3,3,,,,,
0x004D9DD0,?on_redraw@DipEdit@@QAEXXZ,src/dipedit.cpp:32,0,1,primary=1;eh=0;shared=0;selfmod=0,BYTE_EXACT,1,1,,,,,
0x004DA740,?on_selected@DipEdit@@QAEXH@Z,,0,32,primary=1;eh=0;shared=0;selfmod=0,BYTE_EXACT,32,32,,,,,
0x004DA990,?read_check@DipEdit@@QAEXXZ,,0,1035,primary=1;eh=0;shared=0;selfmod=0,MISMATCH,1035,1,330,1,0,#0: original 'push' vs rebuilt 'ret',
0x004DDA50,?editor_edit_veh@Console@@QAEXH@Z,,0,4512,primary=1;eh=1;shared=0;selfmod=0,NO_COMPILE,,,,,,,"CL produced no object: v004dda50_0.cpp
v004dda50_0.cpp(43) : error C2059: syntax error : ';'
"
0x004E0290,?editor_reload@Console@@QAEXXZ,,0,1068,primary=1;eh=1;shared=0;selfmod=0,NO_COMPILE,,,,,,,"CL produced no object: v004e0290_0.cpp
v004e0290_0.cpp(43) : error C2059: syntax error : ';'
"
0x004E09B0,?editor_kill_vehicles@Console@@QAEXXZ,,0,41,primary=1;eh=0;shared=0;selfmod=0,MISMATCH,41,1,11,1,0,#0: original 'call' vs rebuilt 'ret',
0x004E09E0,?editor_save@Console@@QAEXXZ,,0,25,primary=1;eh=0;shared=0;selfmod=0,MISMATCH,25,1,4,1,0,#0: original 'call' vs rebuilt 'ret',
0x004E0AD0,?editor_minor@Console@@QAEXXZ,,0,37,primary=1;eh=0;shared=0;selfmod=0,NO_COMPILE,,,,,,,"CL produced no object: v004e0ad0_0.cpp
v004e0ad0_0.cpp(44) : error C2065: 'int8' : undeclared identifier
v004e0ad0_0.cpp(44) : error C2059: syntax error : ','
"
0x004E0F30,?editor_flat@Console@@QAEXXZ,,0,77,primary=1;eh=0;shared=0;selfmod=0,NO_COMPILE,,,,,,,"CL produced no object: v004e0f30_0.cpp
v004e0f30_0.cpp(47) : error C2065: 'int8' : undeclared identifier
v004e0f30_0.cpp(47) : error C2059: syntax error : ','
"
0x004E0F80,?editor_polar@Console@@QAEXXZ,,0,24,primary=1;eh=0;shared=0;selfmod=0,MISMATCH,24,1,7,1,0,#0: original 'call' vs rebuilt 'ret',
0x004E0FA0,?editor_climate@Console@@QAEXXZ,,0,35,primary=1;eh=0;shared=0;selfmod=0,BYTE_EXACT,35,35,,,,,
0x004E14A0,?editor_rockiness@Console@@QAEXXZ,,0,40,primary=1;eh=0;shared=0;selfmod=0,NO_COMPILE,,,,,,,"CL produced no object: v004e14a0_0.cpp
v004e14a0_0.cpp(44) : error C2065: 'int8' : undeclared identifier
v004e14a0_0.cpp(44) : error C2059: syntax error : ','
"
0x004E1F20,?editor_undo@Console@@QAEXXZ,src/console.cpp:169,0,9,primary=1;eh=0;shared=0;selfmod=0,BYTE_EXACT,9,9,,,,,
0x004E1F30,?editor_redo@Console@@QAEXXZ,,0,9,primary=1;eh=0;shared=0;selfmod=0,BYTE_EXACT,9,9,,,,,
0x004E1F40,?edit_lock@Console@@QAEHXZ,src/console.cpp:137,0,48,primary=1;eh=0;shared=0;selfmod=0,NO_COMPILE,,,,,,,
0x004E23C0,??_GDipEdit@@UAEPAXI@Z,src/deleting_thunks.cpp:1422,1,33,primary=1;eh=0;shared=0;selfmod=0,NO_COMPILE,,,,,,,
0x004E23F0,??3DipEdit@@SAXPAXI@Z,src/deleting_thunks.cpp:1438,1,11,primary=1;eh=0;shared=0;selfmod=0,NO_COMPILE,,,,,,,
0x004E2400,sub_4e2400,,0,68,primary=1;eh=0;shared=0;selfmod=0,MISMATCH,68,3,14,2,0,#0: original 'mov' vs rebuilt 'xor',
0x004E2450,sub_4e2450,,0,13,primary=1;eh=0;shared=0;selfmod=0,BYTE_EXACT,13,13,,,,,
0x004E2460,sub_4e2460,,0,47,primary=1;eh=0;shared=0;selfmod=0,MISMATCH,47,3,16,2,0,#0: original 'push' vs rebuilt 'xor',
0x004E25B0,?close@AlphaNet@@QAEXXZ,src/alphanet.cpp:113,0,40,primary=1;eh=0;shared=0;selfmod=0,NO_COMPILE,,,,,,,
0x004E25E0,?pid_2_idx@AlphaNet@@QAEHK@Z,src/alphanet.cpp:15,0,39,primary=1;eh=0;shared=0;selfmod=0,NO_COMPILE,,,,,,,
0x004E2610,?pid_2_who@AlphaNet@@QAEHK@Z,src/alphanet.cpp:33,0,67,primary=1;eh=0;shared=0;selfmod=0,NO_COMPILE,,,,,,,
0x004E2660,?who_2_pid@AlphaNet@@QAEHH@Z,src/alphanet.cpp:53,0,72,primary=1;eh=0;shared=0;selfmod=0,NO_COMPILE,,,,,,,
0x004E26B0,?who_2_idx@AlphaNet@@QAEXH@Z,src/alphanet.cpp:73,0,44,primary=1;eh=0;shared=0;selfmod=0,NO_COMPILE,,,,,,,
0x004E29E0,?do_join_or_create@AlphaNet@@QAEHXZ,,0,79,primary=1;eh=0;shared=0;selfmod=0,NO_COMPILE,,,,,,,"CL produced no object: v004e29e0_0.cpp
v004e29e0_0.cpp(44) : error C2065: 'int8' : undeclared identifier
v004e29e0_0.cpp(44) : error C2059: syntax error : ','
"
0x004E2E50,?join@AlphaNet@@QAEHXZ,,0,1025,primary=1;eh=1;shared=0;selfmod=0,NO_COMPILE,,,,,,,"CL produced no object: v004e2e50_0.cpp
v004e2e50_0.cpp(44) : error C2059: syntax error : ';'
"
0x004E32C0,nullsub_164,src/nullsub_thunks.cpp:365,1,3,primary=1;eh=0;shared=0;selfmod=0,BYTE_EXACT,3,3,,,,,
0x004E32D0,nullsub_165,src/nullsub_thunks.cpp:375,1,1,primary=1;eh=0;shared=0;selfmod=0,BYTE_EXACT,1,1,,,,,
0x004E32E0,nullsub_166,src/nullsub_thunks.cpp:385,1,1,primary=1;eh=0;shared=0;selfmod=0,BYTE_EXACT,1,1,,,,,
0x004E32F0,nullsub_20,src/nullsub_thunks.cpp:395,1,3,primary=1;eh=0;shared=0;selfmod=0,BYTE_EXACT,3,3,,,,,
0x004E3300,sub_4e3300,,0,75,primary=1;eh=0;shared=0;selfmod=0,MISMATCH,75,5,27,2,0,#0: original 'push' vs rebuilt 'xor',
0x004E34B0,sub_4e34b0,,0,27,primary=1;eh=0;shared=0;selfmod=0,BYTE_EXACT,27,27,,,,,
0x004E3890,sub_4e3890,,0,75,primary=1;eh=0;shared=0;selfmod=0,MISMATCH,75,5,27,2,0,#0: original 'push' vs rebuilt 'xor',
0x004E39D0,?set_base@@YAXH@Z,src/base.cpp:132,0,35,primary=1;eh=0;shared=0;selfmod=0,NO_COMPILE,,,,,,,
0x004E3A00,?say_base@@YAXPADH@Z,src/base.cpp:143,0,75,,REFUSED,,,,,,,C++ standard library: VC6's headers differ enough to be noise
0x004E3A50,?base_at@@YAHHH@Z,src/base.cpp:155,0,303,primary=1;eh=0;shared=0;selfmod=0,NO_COMPILE,,,,,,,
0x004E3B80,?base_find@@YAHHH@Z,src/base.cpp:178,0,223,primary=1;eh=0;shared=0;selfmod=0,NO_COMPILE,,,,,,,
0x004E3C60,?base_find@@YAHHHH@Z,src/base.cpp:203,0,235,primary=1;eh=0;shared=0;selfmod=0,NO_COMPILE,,,,,,,
0x004E3D50,?base_find@@YAHHHHHHH@Z,src/base.cpp:230,0,411,primary=1;eh=0;shared=0;selfmod=0,NO_COMPILE,,,,,,,
0x004E3EF0,?whose_territory@@YAHHHHPAHH@Z,src/map.cpp:97,0,173,primary=1;eh=0;shared=0;selfmod=0,NO_COMPILE,,,,,,,
0x004E3FA0,?base_territory@@YAHHHH@Z,src/map.cpp:122,0,119,primary=1;eh=0;shared=0;selfmod=0,NO_COMPILE,,,,,,,
0x004E4020,?best_specialist@@YAHXZ,src/base.cpp:267,0,112,primary=1;eh=0;shared=0;selfmod=0,NO_COMPILE,,,,,,,
0x004E4090,?name_base@@YAXHPADHH@Z,src/base.cpp:292,0,704,primary=1;eh=0;shared=0;selfmod=0,NO_COMPILE,,,,,,,
0x004E4350,?base_mark@@YAXH@Z,src/base.cpp:396,0,221,primary=1;eh=0;shared=0;selfmod=0,NO_COMPILE,,,,,,,
0x004E4430,?cost_factor@@YAHHHH@Z,src/base.cpp:427,0,658,primary=1;eh=0;shared=0;selfmod=0,NO_COMPILE,,,,,,,
0x004E4700,?base_making@@YAHHH@Z,src/base.cpp:491,0,258,primary=1;eh=0;shared=0;selfmod=0,NO_COMPILE,,,,,,,
0x004E4810,?base_lose_minerals@@YAHHH@Z,src/base.cpp:534,0,160,primary=1;eh=0;shared=0;selfmod=0,NO_COMPILE,,,,,,,
0x004E48B0,?set_fac@@YAXHHH@Z,src/base.cpp:553,0,74,primary=1;eh=0;shared=0;selfmod=0,NO_COMPILE,,,,,,,
0x004E4900,has_fac_announced,src/base.cpp:570,0,82,primary=1;eh=0;shared=0;selfmod=0,NO_COMPILE,,,,,,,
0x004E4960,set_fac_announced,src/base.cpp:585,0,106,primary=1;eh=0;shared=0;selfmod=0,NO_COMPILE,,,,,,,
0x004E49D0,?is_coast@@YAHHHH@Z,src/map.cpp:1056,0,193,primary=1;eh=0;shared=0;selfmod=0,NO_COMPILE,,,,,,,
0x004E4AA0,?base_first@@YAXH@Z,src/base.cpp:602,0,219,primary=1;eh=0;shared=0;selfmod=0,NO_COMPILE,,,,,,,
0x004E6400,?morale_mod@@YAHHHH@Z,src/base.cpp:638,0,433,primary=1;eh=0;shared=0;selfmod=0,NO_COMPILE,,,,,,,
0x004E65C0,?breed_mod@@YAHHH@Z,src/base.cpp:672,0,381,primary=1;eh=0;shared=0;selfmod=0,NO_COMPILE,,,,,,,
0x004E6740,?worm_mod@@YAHHH@Z,src/base.cpp:702,0,363,primary=1;eh=0;shared=0;selfmod=0,NO_COMPILE,,,,,,,
0x004E6E50,?crop_yield@@YAHHHHHH@Z,src/base.cpp:756,0,1206,primary=1;eh=0;shared=0;selfmod=0,NO_COMPILE,,,,,,,
0x004E7310,?mine_yield@@YAHHHHHH@Z,src/base.cpp:916,0,1080,primary=1;eh=0;shared=0;selfmod=0,NO_COMPILE,,,,,,,
0x004E7750,?energy_yield@@YAHHHHHH@Z,src/base.cpp:1051,0,1619,primary=1;eh=0;shared=0;selfmod=0,NO_COMPILE,,,,,,,
0x004E7DB0,sub_4e7db0,,0,13,primary=1;eh=0;shared=0;selfmod=0,BYTE_EXACT,13,13,,,,,
0x004E80B0,?base_yield@@YAXXZ,,0,5275,primary=1;eh=0;shared=0;selfmod=0,MISMATCH,5275,1,1597,1,0,#0: original 'push' vs rebuilt 'ret',
0x004E9550,?base_support@@YAXXZ,src/base.cpp:1268,0,1530,primary=1;eh=0;shared=0;selfmod=0,NO_COMPILE,,,,,,,
0x004E9B60,nullsub_220,src/nullsub_thunks.cpp:405,1,1,primary=1;eh=0;shared=0;selfmod=0,BYTE_EXACT,1,1,,,,,
0x004E9B70,?base_nutrient@@YAXXZ,src/base.cpp:1466,0,317,primary=1;eh=0;shared=0;selfmod=0,NO_COMPILE,,,,,,,
0x004E9CB0,?base_minerals@@YAXXZ,src/base.cpp:1499,0,1343,primary=1;eh=0;shared=0;selfmod=0,NO_COMPILE,,,,,,,
0x004EA1F0,?black_market@@YAHH@Z,src/base.cpp:1592,0,677,primary=1;eh=0;shared=0;selfmod=0,NO_COMPILE,,,,,,,
0x004EA4A0,?psych_check@@YAXHPAHPAH@Z,src/faction.cpp:96,0,147,primary=1;eh=0;shared=0;selfmod=0,NO_COMPILE,,,,,,,
0x004EB490,?base_rank@@YAHHH@Z,src/base.cpp:1744,0,193,primary=1;eh=0;shared=0;selfmod=0,NO_COMPILE,,,,,,,
0x004EC3B0,?base_compute@@YAHH@Z,,0,55,primary=1;eh=0;shared=0;selfmod=0,MISMATCH,55,3,16,2,0,#0: original 'push' vs rebuilt 'xor',
0x004ECB90,?crappy@@YAHHH@Z,src/map.cpp:138,0,81,primary=1;eh=0;shared=0;selfmod=0,NO_COMPILE,,,,,,,
0x004EEF80,?pop_goal_fac@@YAHH@Z,src/base.cpp:1771,0,263,primary=1;eh=0;shared=0;selfmod=0,NO_COMPILE,,,,,,,
0x004EF090,?pop_goal@@YAHH@Z,src/base.cpp:1791,0,290,primary=1;eh=0;shared=0;selfmod=0,NO_COMPILE,,,,,,,
0x004F06E0,?base_queue@@YAHH@Z,src/base.cpp:1821,0,248,primary=1;eh=0;shared=0;selfmod=0,NO_COMPILE,,,,,,,
0x004F4DC0,?base_energy_costs@@YAXXZ,src/base.cpp:1852,0,179,primary=1;eh=0;shared=0;selfmod=0,NO_COMPILE,,,,,,,
0x004F6510,?fac_maint@@YAHHH@Z,src/base.cpp:1873,0,215,primary=1;eh=0;shared=0;selfmod=0,NO_COMPILE,,,,,,,
0x004F65F0,?base_maint@@YAXXZ,src/base.cpp:1900,0,499,primary=1;eh=0;shared=0;selfmod=0,NO_COMPILE,,,,,,,
0x004F67F0,?base_ecology@@YAXXZ,,0,4547,primary=1;eh=0;shared=0;selfmod=0,NO_COMPILE,,,,,,,"CL produced no object: v004f67f0_0.cpp
v004f67f0_0.cpp(54) : error C2065: 'int8' : undeclared identifier
v004f67f0_0.cpp(54) : error C2059: syntax error : ','
v004f67f0_0.cpp(61) : error C2061: syntax error : identifier 'int8'
v004f67f0_0.cpp(62) : error C2059: syntax error : ','
v004f67f0_0.cpp(69) : error C2061: syntax error : identifier 'int8'
"
0x004F7FE0,?make_base_unique@@YAXH@Z,src/base.cpp:1941,0,167,,REFUSED,,,,,,,C++ standard library: VC6's headers differ enough to be noise
0x004F8090,?vector_dist@@YAHHH@Z,src/map.cpp:161,0,59,primary=1;eh=0;shared=0;selfmod=0,NO_COMPILE,,,,,,,
0x004F80D0,?has_project@@YAHHH@Z,src/base.cpp:1965,0,51,primary=1;eh=0;shared=0;selfmod=0,NO_COMPILE,,,,,,,
0x00500120,?clear@@YAXXZ,,0,8,primary=1;eh=0;shared=0;selfmod=0,BYTE_EXACT,8,8,,,,,
0x00500130,?says@@YAXPBD@Z,,0,22,primary=1;eh=0;shared=0;selfmod=0,BYTE_EXACT,22,22,,,,,
0x00500150,?alt_at@@YAHHH@Z,src/map.cpp:568,0,43,primary=1;eh=0;shared=0;selfmod=0,NO_COMPILE,,,,,,,
0x00500180,?alt_detail_at@@YAHHH@Z,src/map.cpp:588,0,41,primary=1;eh=0;shared=0;selfmod=0,NO_COMPILE,,,,,,,
0x005001B0,?bit_at@@YAHHH@Z,src/map.cpp:759,0,37,primary=1;eh=0;shared=0;selfmod=0,NO_COMPILE,,,,,,,
0x005001E0,?is_ocean@@YAHHH@Z,src/map.cpp:1074,0,49,primary=1;eh=0;shared=0;selfmod=0,NO_COMPILE,,,,,,,
0x00500220,?region_at@@YAHHH@Z,src/map.cpp:642,0,41,primary=1;eh=0;shared=0;selfmod=0,NO_COMPILE,,,,,,,
0x00500250,?veh_who@@YAHHH@Z,src/map.cpp:1084,0,56,primary=1;eh=0;shared=0;selfmod=0,NO_COMPILE,,,,,,,
0x00500290,?has_fac_built@@YA_NH@Z,src/base.cpp:1976,0,78,primary=1;eh=0;shared=0;selfmod=0,NO_COMPILE,,,,,,,
0x005002E0,?base_project@@YAHH@Z,src/base.cpp:2000,0,15,primary=1;eh=0;shared=0;selfmod=0,NO_COMPILE,,,,,,,
0x005002F0,?has_treaty@@YAHHHH@Z,src/faction.cpp:109,0,41,primary=1;eh=0;shared=0;selfmod=0,NO_COMPILE,,,,,,,
0x00500320,?drop_range@@YAHH@Z,src/veh.cpp:283,0,92,primary=1;eh=0;shared=0;selfmod=0,NO_COMPILE,,,,,,,
0x005004F0,?planet_buster2@@YAHH@Z,src/veh.cpp:297,0,40,primary=1;eh=0;shared=0;selfmod=0,NO_COMPILE,,,,,,,
0x00500520,?planet_buster@@YAHH@Z,src/veh.cpp:308,0,54,primary=1;eh=0;shared=0;selfmod=0,NO_COMPILE,,,,,,,
0x005010C0,?defense_value@@YAHHHHHH@Z,src/veh.cpp:318,0,655,primary=1;eh=0;shared=0;selfmod=0,NO_COMPILE,,,,,,,
0x00501350,?morale_alien@@YAHHH@Z,src/veh.cpp:360,0,417,primary=1;eh=0;shared=0;selfmod=0,NO_COMPILE,,,,,,,
0x00501500,?psi_factor@@YAHHHHH@Z,src/veh.cpp:414,0,171,primary=1;eh=0;shared=0;selfmod=0,NO_COMPILE,,,,,,,
0x005015B0,?get_basic_offense@@YAHHHHHH@Z,src/veh.cpp:438,0,912,primary=1;eh=0;shared=0;selfmod=0,NO_COMPILE,,,,,,,
0x00501940,?get_basic_defense@@YAHHHHH@Z,src/veh.cpp:500,0,998,primary=1;eh=0;shared=0;selfmod=0,NO_COMPILE,,,,,,,
0x00501D30,?battle_init@@YAXXZ,src/veh.cpp:567,0,23,primary=1;eh=0;shared=0;selfmod=0,NO_COMPILE,,,,,,,
0x00501D50,?add_bat@@YAXHHPAD@Z,src/veh.cpp:580,0,74,primary=1;eh=0;shared=0;selfmod=0,NO_COMPILE,,,,,,,
0x00501DA0,?battle_compute@@YAXHHPAHPAHH@Z,src/veh.cpp:596,0,10020,,REFUSED,,,,,,,C++ standard library: VC6's headers differ enough to be noise
0x005044D0,?best_defender@@YAHHHH@Z,src/veh.cpp:1072,0,1483,primary=1;eh=0;shared=0;selfmod=0,NO_COMPILE,,,,,,,
0x00504AA0,?boom@@YAHHHH@Z,,0,4731,primary=1;eh=0;shared=0;selfmod=0,NO_COMPILE,,,,,,,"CL produced no object: v00504aa0_0.cpp
v00504aa0_0.cpp(57) : error C2143: syntax error : missing ',' before '*'
v00504aa0_0.cpp(57) : error C2059: syntax error : '*'
v00504aa0_0.cpp(80) : error C2143: syntax error : missing ',' before '*'
v00504aa0_0.cpp(80) : error C2059: syntax error : '*'
v00504aa0_0.cpp(85) : error C4234: nonstandard extension used : '__thiscall' keyword reserved for future use
v00504aa0_0.cpp(85) : error C4234: nonstandard extension used : '__thiscall' keyword reserved for future use
v00504aa0_0.cpp(138) : error C2146: syntax error : missing ',' before identifier 'a1'
v00504aa0_0.cpp(138) : error C2061: syntax error : identifier 'a1'
"
0x00505D20,??__Eg_BOOM_BUFFER1@@YAXXZ,src/guarded_teardowns.cpp:136,0,10,primary=1;eh=0;shared=0;selfmod=0,NO_COMPILE,,,,,,,
0x00505D30,??__Eg_BOOM_FLIC@@YAXXZ,src/guarded_teardowns.cpp:149,0,10,primary=1;eh=0;shared=0;selfmod=0,NO_COMPILE,,,,,,,
0x00505D40,??__Eg_BOOM_BUFFERS1@@YAXXZ,,0,23,primary=1;eh=0;shared=0;selfmod=0,BYTE_EXACT,23,23,,,,,
0x00505D60,??__Eg_BOOM_BUFFERS2@@YAXXZ,,0,23,primary=1;eh=0;shared=0;selfmod=0,BYTE_EXACT,23,23,,,,,
0x00506490,?invasions@@YAXH@Z,src/veh.cpp:1152,0,438,primary=1;eh=0;shared=0;selfmod=0,NO_COMPILE,,,,,,,
0x00506650,?interceptor@@YAHHHHH@Z,,0,1027,primary=1;eh=0;shared=0;selfmod=0,NO_COMPILE,,,,,,,"CL produced no object: v00506650_0.cpp
v00506650_0.cpp(87) : error C2146: syntax error : missing ',' before identifier 'a1'
v00506650_0.cpp(87) : error C2061: syntax error : identifier 'a1'
"
0x0050B8A0,?say_num@@YAXH@Z,,0,42,primary=1;eh=0;shared=0;selfmod=0,MISMATCH,42,1,17,1,0,#0: original 'push' vs rebuilt 'ret',
0x0050B8D0,?POP3@@YAXPBDHHH@Z,,0,31,primary=1;eh=0;shared=0;selfmod=0,BYTE_EXACT,31,31,,,,,
0x0050B8F0,sub_50b8f0,,0,26,primary=1;eh=0;shared=0;selfmod=0,BYTE_EXACT,26,26,,,,,
0x0050B910,?get_adjective@@YAHH@Z,src/faction.cpp:119,0,26,primary=1;eh=0;shared=0;selfmod=0,NO_COMPILE,,,,,,,
0x0050B930,?get_noun@@YAHH@Z,src/faction.cpp:129,0,52,primary=1;eh=0;shared=0;selfmod=0,NO_COMPILE,,,,,,,
0x0050B970,?popp@@YAHPBDPBDP6AHXZ@Z,,0,33,primary=1;eh=0;shared=0;selfmod=0,NO_COMPILE,,,,,,,"CL produced no object: v0050b970_0.cpp
v0050b970_0.cpp(43) : error C2059: syntax error : ';'
v0050b970_0.cpp(54) : error C2146: syntax error : missing ')' before identifier 'a3'
v0050b970_0.cpp(54) : error C2146: syntax error : missing ';' before identifier 'a3'
v0050b970_0.cpp(54) : fatal error C1004: unexpected end of file found
"
0x0050B9A0,?say_stats_3@@YAXH@Z,src/veh.cpp:1565,0,22,primary=1;eh=0;shared=0;selfmod=0,NO_COMPILE,,,,,,,
0x0050B9C0,sub_50b9c0,,0,30,primary=1;eh=0;shared=0;selfmod=0,MISMATCH,30,3,12,2,0,#0: original 'push' vs rebuilt 'xor',
0x0050B9E0,?pop@NetMsg@@QAAXPBDPBD@Z,,0,30,primary=1;eh=0;shared=0;selfmod=0,BYTE_EXACT,30,30,,,,,
0x0050BA00,?bitmask@@YAXHPAHPAH@Z,src/general.cpp:871,0,39,primary=1;eh=0;shared=0;selfmod=0,BYTE_EXACT,39,39,,,,,
0x0050BA30,?bit_count@@YAHH@Z,src/general.cpp:749,0,30,primary=1;eh=0;shared=0;selfmod=0,MISMATCH,30,22,15,12,2,#2: original 'push' vs rebuilt 'mov',
0x0050C4B0,?steal_energy@@YAHH@Z,src/probe.cpp:31,0,84,primary=1;eh=0;shared=0;selfmod=0,NO_COMPILE,,,,,,,
0x0050DD90,?clock_wait@@YAXH@Z,,0,42,primary=1;eh=0;shared=0;selfmod=0,MISMATCH,42,1,20,1,0,#0: original 'push' vs rebuilt 'ret',
0x0050DDC0,?sea_coast@@YAHHH@Z,src/map.cpp:193,0,64,primary=1;eh=0;shared=0;selfmod=0,NO_COMPILE,,,,,,,
0x0050DE00,?sea_coasts@@YAHH@Z,src/map.cpp:207,0,73,primary=1;eh=0;shared=0;selfmod=0,NO_COMPILE,,,,,,,
0x0050DE50,?base_on_sea@@YAHHH@Z,src/map.cpp:225,0,216,primary=1;eh=0;shared=0;selfmod=0,NO_COMPILE,,,,,,,
0x0050DF30,?base_coast@@YAHH@Z,src/map.cpp:256,0,241,primary=1;eh=0;shared=0;selfmod=0,NO_COMPILE,,,,,,,
0x0050E030,?port_to_coast@@YAHHH@Z,src/map.cpp:282,0,298,primary=1;eh=0;shared=0;selfmod=0,NO_COMPILE,,,,,,,
0x0050E160,?port_to_port@@YAHHH@Z,src/map.cpp:307,0,422,primary=1;eh=0;shared=0;selfmod=0,NO_COMPILE,,,,,,,
0x0050E310,?transport_base@@YAHH@Z,src/map.cpp:334,0,173,primary=1;eh=0;shared=0;selfmod=0,NO_COMPILE,,,,,,,
0x0050E3C0,?naval_base@@YAHH@Z,src/map.cpp:351,0,510,primary=1;eh=0;shared=0;selfmod=0,NO_COMPILE,,,,,,,
0x0050E5C0,?convoy@@YAHHH@Z,src/map.cpp:372,0,604,primary=1;eh=0;shared=0;selfmod=0,NO_COMPILE,,,,,,,
0x0050E820,?mandate_color@@YAHH@Z,src/map_color.cpp:31,0,45,primary=1;eh=0;shared=0;selfmod=0,NO_COMPILE,,,,,,,
0x0050E850,??__Eg_CONSOLE@@YAXXZ,src/init_thunks.cpp:4188,1,24,primary=1;eh=0;shared=0;selfmod=0,NO_COMPILE,,,,,,,
0x0050E870,??__Fg_CONSOLE@@YAXXZ,src/guarded_teardowns.cpp:161,0,20,primary=1;eh=0;shared=0;selfmod=0,NO_COMPILE,,,,,,,
0x0050E980,??__Eg_CONSOLE_TIMER@@YAXXZ,src/init_thunks.cpp:4199,1,22,primary=1;eh=0;shared=0;selfmod=0,NO_COMPILE,,,,,,,
0x0050E9A0,??__Fg_CONSOLE_TIMER@@YAXXZ,src/atexit_thunks.cpp:4005,1,10,primary=1;eh=0;shared=0;selfmod=0,NO_COMPILE,,,,,,,
0x0050E9B0,sub_50e9b0,,0,62,primary=1;eh=0;shared=0;selfmod=0,MISMATCH,62,3,14,2,0,#0: original 'mov' vs rebuilt 'xor',
0x0050EE30,?blink2_timer@@YAXH@Z,,0,77,primary=1;eh=0;shared=0;selfmod=0,MISMATCH,77,1,23,1,0,#0: original 'mov' vs rebuilt 'ret',
0x0050EF10,?turn_timer@@YAXH@Z,,0,50,primary=1;eh=0;shared=0;selfmod=0,MISMATCH,50,1,15,1,0,#0: original 'mov' vs rebuilt 'ret',
0x0050F3D0,?start_timers@@YAXXZ,src/time.cpp:272,0,97,primary=1;eh=0;shared=0;selfmod=0,NO_COMPILE,,,,,,,
0x0050F440,?stop_timers@@YAXXZ,src/time.cpp:285,0,30,primary=1;eh=0;shared=0;selfmod=0,NO_COMPILE,,,,,,,
0x0050F630,sub_50f630,,0,16,primary=1;eh=0;shared=0;selfmod=0,BYTE_EXACT,13,13,,,,,
0x0050F640,nullsub_185,src/field_accessors.cpp:816,1,16,primary=1;eh=0;shared=0;selfmod=0,BYTE_EXACT,3,3,,,,,
0x0050F650,?clear_group@Console@@QAEXXZ,src/console.cpp:108,0,43,,REFUSED,,,,,,,C++ standard library: VC6's headers differ enough to be noise
0x005108A0,?focus@Console@@QAEXHHH@Z,src/console.cpp:250,0,259,primary=1;eh=0;shared=0;selfmod=0,NO_COMPILE,,,,,,,
0x00513B90,?veh_turn@Console@@QAEHXZ,,0,1065,primary=1;eh=0;shared=0;selfmod=0,MISMATCH,1065,1076,288,287,4,#4: original 'mov' vs rebuilt 'push',
0x00514880,?update_data@Console@@QAEXH@Z,src/console.cpp:195,0,42,primary=1;eh=0;shared=0;selfmod=0,NO_COMPILE,,,,,,,
0x00514EF0,?set_preferences@Console@@QAEXXZ,src/console.cpp:34,0,13,primary=1;eh=0;shared=0;selfmod=0,NO_COMPILE,,,,,,,
0x00514F00,?set_adv_preferences@Console@@QAEXXZ,src/console.cpp:158,0,13,primary=1;eh=0;shared=0;selfmod=0,NO_COMPILE,,,,,,,
0x00514F10,?set_auto_preferences@Console@@QAEXXZ,src/console.cpp:44,0,13,primary=1;eh=0;shared=0;selfmod=0,NO_COMPILE,,,,,,,
0x00514F20,?set_base_preferences@Console@@QAEXXZ,src/console.cpp:54,0,13,primary=1;eh=0;shared=0;selfmod=0,NO_COMPILE,,,,,,,
0x00514F30,?set_audiovisual@Console@@QAEXXZ,src/console.cpp:64,0,13,primary=1;eh=0;shared=0;selfmod=0,NO_COMPILE,,,,,,,
0x00514F40,?set_map_display@Console@@QAEXXZ,src/console.cpp:74,0,13,primary=1;eh=0;shared=0;selfmod=0,NO_COMPILE,,,,,,,
0x00515400,?center@Console@@QAEXXZ,,0,35,primary=1;eh=0;shared=0;selfmod=0,MISMATCH,35,1,9,1,0,#0: original 'mov' vs rebuilt 'ret',
0x00515430,sub_515430,,0,19,primary=1;eh=0;shared=0;selfmod=0,MISMATCH,19,21,5,5,3,#3: original 'pop' vs rebuilt 'add',
0x00515600,?base_names@Console@@QAEXXZ,,0,56,primary=1;eh=0;shared=0;selfmod=0,NO_COMPILE,,,,,,,"CL produced no object: v00515600_0.cpp
v00515600_0.cpp(45) : error C2065: 'BOOL' : undeclared identifier
v00515600_0.cpp(45) : error C2146: syntax error : missing ')' before identifier 'saveFactions'
v00515600_0.cpp(45) : warning C4229: anachronism used : modifiers on data are ignored
v00515600_0.cpp(45) : error C2182: 'prefs_save' : illegal use of type 'void'
v00515600_0.cpp(45) : error C2059: syntax error : ')'
"
0x005156A0,?toggle_grid@Console@@QAEXXZ,,0,79,primary=1;eh=0;shared=0;selfmod=0,NO_COMPILE,,,,,,,"CL produced no object: v005156a0_0.cpp
v005156a0_0.cpp(49) : error C2065: 'BOOL' : undeclared identifier
v005156a0_0.cpp(49) : error C2146: syntax error : missing ')' before identifier 'saveFactions'
v005156a0_0.cpp(49) : warning C4229: anachronism used : modifiers on data are ignored
v005156a0_0.cpp(49) : error C2182: 'prefs_save' : illegal use of type 'void'
v005156a0_0.cpp(49) : error C2059: syntax error : ')'
"
0x005156F0,?toggle_base_grid@Console@@QAEXXZ,,0,79,primary=1;eh=0;shared=0;selfmod=0,NO_COMPILE,,,,,,,"CL produced no object: v005156f0_0.cpp
v005156f0_0.cpp(49) : error C2065: 'BOOL' : undeclared identifier
v005156f0_0.cpp(49) : error C2146: syntax error : missing ')' before identifier 'saveFactions'
v005156f0_0.cpp(49) : warning C4229: anachronism used : modifiers on data are ignored
v005156f0_0.cpp(49) : error C2182: 'prefs_save' : illegal use of type 'void'
v005156f0_0.cpp(49) : error C2059: syntax error : ')'
"
0x00515740,?toggle_dest@Console@@QAEXXZ,,0,24,primary=1;eh=0;shared=0;selfmod=0,BYTE_EXACT,24,24,,,,,
0x00515760,nullsub_186,src/nullsub_thunks.cpp:415,1,1,primary=1;eh=0;shared=0;selfmod=0,BYTE_EXACT,1,1,,,,,
0x00516930,?menu_detail@Console@@QAEXXZ,,0,49,primary=1;eh=0;shared=0;selfmod=0,NO_COMPILE,,,,,,,"CL produced no object: v00516930_0.cpp
v00516930_0.cpp(49) : error C2065: 'int8' : undeclared identifier
v00516930_0.cpp(49) : error C2059: syntax error : ','
"
0x00516970,?menu_simple@Console@@QAEXXZ,,0,49,primary=1;eh=0;shared=0;selfmod=0,NO_COMPILE,,,,,,,"CL produced no object: v00516970_0.cpp
v00516970_0.cpp(49) : error C2065: 'int8' : undeclared identifier
v00516970_0.cpp(49) : error C2059: syntax error : ','
"
0x005169B0,?base_me@Console@@QAEXXZ,,0,54,primary=1;eh=0;shared=0;selfmod=0,MISMATCH,54,1,16,1,0,#0: original 'mov' vs rebuilt 'ret',
0x00517180,?show_version@Console@@QAEXXZ,,0,65,primary=1;eh=0;shared=0;selfmod=0,NO_COMPILE,,,,,,,"CL produced no object: v00517180_0.cpp
v00517180_0.cpp(44) : error C2061: syntax error : identifier 'int8'
v00517180_0.cpp(45) : error C2065: 'int8' : undeclared identifier
v00517180_0.cpp(45) : error C2059: syntax error : ','
"
0x0051BC70,?menu_proc@Console@@QAEXH@Z,,0,5582,primary=1;eh=0;shared=0;selfmod=0,NO_COMPILE,,,,,,,"CL produced no object: v0051bc70_0.cpp
v0051bc70_0.cpp(115) : error C2065: 'DatalinkID' : undeclared identifier
v0051bc70_0.cpp(115) : error C2146: syntax error : missing ')' before identifier 'id'
v0051bc70_0.cpp(115) : warning C4229: anachronism used : modifiers on data are ignored
v0051bc70_0.cpp(115) : error C2182: 'help_topic' : illegal use of type 'void'
v0051bc70_0.cpp(115) : error C2059: syntax error : ')'
v0051bc70_0.cpp(119) : error C2065: 'BOOL' : undeclared identifier
v0051bc70_0.cpp(119) : error C2146: syntax error : missing ')' before identifier 'saveFactions'
v0051bc70_0.cpp(119) : warning C4229: anachronism used : modifiers on data are ignored
v0051bc70_0.cpp(119) : error C2182: 'prefs_save' : illegal use of type 'void'
v0051bc70_0.cpp(119) : error C2059: syntax error : ')'
"
0x0051D720,?menu_daemon@Console@@QAAXH@Z,,0,19,primary=1;eh=0;shared=0;selfmod=0,BYTE_EXACT,19,19,,,,,
0x0051D740,?menu_update@Console@@QAEXXZ,,0,19,primary=1;eh=0;shared=0;selfmod=0,BYTE_EXACT,19,19,,,,,
0x0051D7C0,?on_sys_close@Console@@QAEXXZ,,0,11,primary=1;eh=0;shared=0;selfmod=0,BYTE_EXACT,11,11,,,,,
0x0051D9D0,nullsub_187,src/nullsub_thunks.cpp:425,1,1,primary=1;eh=0;shared=0;selfmod=0,BYTE_EXACT,1,1,,,,,
0x0051D9E0,nullsub_188,src/nullsub_thunks.cpp:435,1,1,primary=1;eh=0;shared=0;selfmod=0,BYTE_EXACT,1,1,,,,,
0x0051DC90,??_GAlphaMenu@@UAEPAXI@Z,src/deleting_thunks.cpp:1452,1,33,primary=1;eh=0;shared=0;selfmod=0,NO_COMPILE,,,,,,,
0x0051DCC0,sub_51dcc0,,0,54,primary=1;eh=0;shared=0;selfmod=0,MISMATCH,54,3,20,2,0,#0: original 'push' vs rebuilt 'xor',
0x0051DDE0,??_Gthunk1_Console@@UAEPAXI@Z,src/adjustor_thunks.cpp:1222,1,8,primary=1;eh=0;shared=0;selfmod=0,NO_COMPILE,,,,,,,
0x0051DDF0,??_GConsole@@UAEPAXI@Z,,0,54,primary=1;eh=0;shared=0;selfmod=0,NO_COMPILE,,,,,,,"CL produced no object: v0051ddf0_0.cpp
v0051ddf0_0.cpp(61) : error C4716: 'Console::m_0051ddf0' : must return a value
"
0x0051DE30,?on_lose_mouse_capture@thunk4_MapWin@@QAEXXZ,src/adjustor_thunks.cpp:1237,1,14,primary=1;eh=0;shared=0;selfmod=0,NO_COMPILE,,,,,,,
0x0051DE40,?on_redraw@thunk4_MapWin@@QAEXXZ,src/adjustor_thunks.cpp:1251,1,14,primary=1;eh=0;shared=0;selfmod=0,NO_COMPILE,,,,,,,
0x0051DE50,?on_resize@thunk4_MapWin@@QAEXHH@Z,src/adjustor_thunks.cpp:1265,1,14,primary=1;eh=0;shared=0;selfmod=0,NO_COMPILE,,,,,,,
0x0051DE60,?on_sys_close@thunk1_Console@@QAEXXZ,src/adjustor_thunks.cpp:1280,1,8,primary=1;eh=0;shared=0;selfmod=0,NO_COMPILE,,,,,,,
0x0051DE70,?on_mouse_move@thunk4_MapWin@@QAEXHH@Z,src/adjustor_thunks.cpp:1294,1,14,primary=1;eh=0;shared=0;selfmod=0,NO_COMPILE,,,,,,,
0x0051DE80,?on_left_click@thunk4_MapWin@@QAEXHH@Z,src/adjustor_thunks.cpp:1309,1,14,primary=1;eh=0;shared=0;selfmod=0,NO_COMPILE,,,,,,,
0x0051DE90,?on_left_down@thunk4_MapWin@@QAEXHH@Z,src/adjustor_thunks.cpp:1324,1,14,primary=1;eh=0;shared=0;selfmod=0,NO_COMPILE,,,,,,,
0x0051DEA0,?on_left_up@thunk4_MapWin@@QAEXHH@Z,src/adjustor_thunks.cpp:1339,1,14,primary=1;eh=0;shared=0;selfmod=0,NO_COMPILE,,,,,,,
0x0051DEB0,?on_right_click@thunk4_MapWin@@QAEXHH@Z,src/adjustor_thunks.cpp:1354,1,14,primary=1;eh=0;shared=0;selfmod=0,NO_COMPILE,,,,,,,
0x0051DEC0,?on_right_down@thunk4_MapWin@@QAEXHH@Z,src/adjustor_thunks.cpp:1369,1,14,primary=1;eh=0;shared=0;selfmod=0,NO_COMPILE,,,,,,,
0x0051DED0,?on_key_click@thunk1_Console@@QAEHHH@Z,src/adjustor_thunks.cpp:1384,1,8,primary=1;eh=0;shared=0;selfmod=0,NO_COMPILE,,,,,,,
0x0051DEE0,?on_left_double_click@thunk4_MapWin@@QAEXHH@Z,src/adjustor_thunks.cpp:1399,1,14,primary=1;eh=0;shared=0;selfmod=0,NO_COMPILE,,,,,,,
0x0051DEF0,?on_nc_mouse_move@thunk1_Console@@QAEXHH@Z,src/adjustor_thunks.cpp:1414,1,8,primary=1;eh=0;shared=0;selfmod=0,NO_COMPILE,,,,,,,
0x0051DF00,?on_nc_left_down@thunk1_Console@@QAEXHH@Z,src/adjustor_thunks.cpp:1429,1,8,primary=1;eh=0;shared=0;selfmod=0,NO_COMPILE,,,,,,,
0x0051DF10,?on_nc_left_up@thunk1_Console@@QAEXHH@Z,src/adjustor_thunks.cpp:1444,1,8,primary=1;eh=0;shared=0;selfmod=0,NO_COMPILE,,,,,,,
0x0051DF20,?on_button_clicked@thunk4_MapWin@@QAEXH@Z,src/adjustor_thunks.cpp:1459,1,14,primary=1;eh=0;shared=0;selfmod=0,NO_COMPILE,,,,,,,
0x0051DF30,?on_post_redraw_nc_buffer@thunk1_Console@@QAEXPAUBuffer@@H@Z,src/adjustor_thunks.cpp:1474,1,8,primary=1;eh=0;shared=0;selfmod=0,NO_COMPILE,,,,,,,
0x0051DF40,?on_nc_hittest@thunk1_Console@@QAEXHH@Z,src/adjustor_thunks.cpp:1490,1,8,primary=1;eh=0;shared=0;selfmod=0,NO_COMPILE,,,,,,,
0x0051DF50,??_Gthunk2_Console@@UAEPAXI@Z,src/adjustor_thunks.cpp:1505,1,17,primary=1;eh=0;shared=0;selfmod=0,NO_COMPILE,,,,,,,
0x0051DF70,??3AlphaMenu@@SAXPAXI@Z,src/deleting_thunks.cpp:1468,1,11,primary=1;eh=0;shared=0;selfmod=0,NO_COMPILE,,,,,,,
0x0051DF80,sub_51df80,,0,36,primary=1;eh=0;shared=0;selfmod=0,BYTE_EXACT,36,36,,,,,
0x0051DFB0,sub_51dfb0,,0,20,primary=1;eh=0;shared=0;selfmod=0,BYTE_EXACT,20,20,,,,,
0x0051DFD0,sub_51dfd0,,0,41,primary=1;eh=0;shared=0;selfmod=0,MISMATCH,41,3,13,2,1,#1: original 'mov' vs rebuilt 'ret',
0x0051E390,?clear_tamper@@YAXXZ,,0,44,primary=1;eh=0;shared=0;selfmod=0,MISMATCH,44,1,13,1,0,#0: original 'push' vs rebuilt 'ret',
0x0051F1B0,?check_spock@@YAXXZ,,0,66,primary=1;eh=0;shared=0;selfmod=0,MISMATCH,66,1,19,1,0,#0: original 'mov' vs rebuilt 'ret',
0x0051F2C0,?wait_2@@YAXXZ,,0,24,primary=1;eh=0;shared=0;selfmod=0,BYTE_EXACT,24,24,,,,,
0x00523B50,?ascent@@YAXXZ,,0,264,primary=1;eh=0;shared=0;selfmod=0,MISMATCH,264,262,72,72,37,#37: original 'mov' vs rebuilt 'lea',
0x00523DD0,?reset_territory@@YAXXZ,src/game.cpp:83,0,1074,primary=1;eh=0;shared=0;selfmod=0,NO_COMPILE,,,,,,,
0x00524340,Demo::timer_callback,,0,35,primary=1;eh=0;shared=0;selfmod=0,MISMATCH,35,3,12,2,0,#0: original 'push' vs rebuilt 'xor',
0x00524370,sub_524370,,0,38,primary=1;eh=0;shared=0;selfmod=0,MISMATCH,38,5,14,2,0,#0: original 'push' vs rebuilt 'xor',
0x00526030,?repair_phase@@YAXH@Z,src/game.cpp:356,0,1913,primary=1;eh=0;shared=0;selfmod=0,NO_COMPILE,,,,,,,
0x00526E70,?production_phase@@YAXH@Z,,0,1045,primary=1;eh=0;shared=0;selfmod=0,NO_COMPILE,,,,,,,"CL produced no object: v00526e70_0.cpp
v00526e70_0.cpp(47) : error C2065: 'int8' : undeclared identifier
v00526e70_0.cpp(47) : error C2059: syntax error : ','
v00526e70_0.cpp(50) : error C2059: syntax error : ','
v00526e70_0.cpp(75) : error C2146: syntax error : missing ',' before identifier 'a1'
v00526e70_0.cpp(75) : error C2061: syntax error : identifier 'a1'
"
0x0052A980,sub_52a980,,0,37,primary=1;eh=0;shared=0;selfmod=0,MISMATCH,37,3,11,2,0,#0: original 'mov' vs rebuilt 'xor',
0x0052AD30,?council_votes@@YAHH@Z,src/council.cpp:27,0,233,primary=1;eh=0;shared=0;selfmod=0,NO_COMPILE,,,,,,,
0x0052AE20,?eligible@@YAHH@Z,src/council.cpp:61,0,132,primary=1;eh=0;shared=0;selfmod=0,NO_COMPILE,,,,,,,
0x0052C880,?call_council@@YAXH@Z,,0,5613,primary=1;eh=1;shared=0;selfmod=0,NO_COMPILE,,,,,,,"CL produced no object: v0052c880_0.cpp
v0052c880_0.cpp(43) : error C2059: syntax error : ';'
v0052c880_0.cpp(94) : error C2065: 'Buffer' : undeclared identifier
v0052c880_0.cpp(94) : error C2355: 'this' : can only be referenced inside non-static member functions
v0052c880_0.cpp(94) : error C2059: syntax error : ','
v0052c880_0.cpp(166) : error C2146: syntax error : missing ',' before identifier 'a1'
v0052c880_0.cpp(166) : error C2061: syntax error : identifier 'a1'
"
0x0052DAC0,??__Eg_CURSOR_SPRITES@@YAXXZ,src/init_thunks.cpp:4210,1,36,primary=1;eh=0;shared=0;selfmod=0,NO_COMPILE,,,,,,,
0x0052DAF0,??__Fg_CURSOR_SPRITES@@YAXXZ,src/atexit_thunks.cpp:4015,1,20,primary=1;eh=0;shared=0;selfmod=0,NO_COMPILE,,,,,,,
0x0052DB10,??__Eg_NETDAEMON@@YAXXZ,src/init_thunks.cpp:4221,1,22,primary=1;eh=0;shared=0;selfmod=0,NO_COMPILE,,,,,,,
0x0052DB30,??__Fg_NETDAEMON@@YAXXZ,src/atexit_thunks.cpp:4025,1,10,primary=1;eh=0;shared=0;selfmod=0,NO_COMPILE,,,,,,,
0x0052DB40,sub_52db40,,0,39,primary=1;eh=0;shared=0;selfmod=0,MISMATCH,39,3,12,2,0,#0: original 'mov' vs rebuilt 'xor',
0x0052DB70,sub_52db70,,0,44,primary=1;eh=0;shared=0;selfmod=0,MISMATCH,44,3,15,2,0,#0: original 'test' vs rebuilt 'xor',
0x0052DBA0,?current_server@@YAHXZ,,0,70,primary=1;eh=0;shared=0;selfmod=0,MISMATCH,70,3,27,2,0,#0: original 'mov' vs rebuilt 'xor',
0x0052DC70,?not_my_turn@@YAHXZ,src/game.cpp:264,0,44,primary=1;eh=0;shared=0;selfmod=0,NO_COMPILE,,,,,,,
0x0052DCA0,??0DeletionList@@QAE@XZ,src/leaf_recoveries.cpp:921,0,33,,REFUSED,,,,,,,C++ standard library: VC6's headers differ enough to be noise
0x0052DCD0,?clear@DeletionList@@QAEXH@Z,src/deletionlist.cpp:25,0,28,,REFUSED,,,,,,,C++ standard library: VC6's headers differ enough to be noise
0x0052DCF0,?UNK1@DeletionList@@QAEHXZ,,0,32,primary=1;eh=0;shared=0;selfmod=0,BYTE_EXACT,32,32,,,,,
0x0052DD10,?UNK2@DeletionList@@QAEHH@Z,,0,59,primary=1;eh=0;shared=0;selfmod=0,MISMATCH,59,5,31,2,0,#0: original 'push' vs rebuilt 'xor',
0x0052E050,?hang_up@NetDaemon@@QAEXXZ,,0,257,primary=1;eh=0;shared=0;selfmod=0,MISMATCH,257,1,69,1,0,#0: original 'push' vs rebuilt 'ret',
0x0052E900,?send_game@NetDaemon@@QAEXXZ,,0,1075,primary=1;eh=0;shared=0;selfmod=0,MISMATCH,1075,1,424,1,0,#0: original 'push' vs rebuilt 'ret',
0x00530320,?receive@NetDaemon@@QAEHXZ,src/netdaemon.cpp:37,0,62,primary=1;eh=0;shared=0;selfmod=0,NO_COMPILE,,,,,,,
0x00530360,?net_tasks@NetDaemon@@QAEXXZ,,0,73,primary=1;eh=0;shared=0;selfmod=0,MISMATCH,73,1,28,1,0,#0: original 'push' vs rebuilt 'ret',
0x00530600,?close_channel@NetDaemon@@QAEXXZ,,0,47,primary=1;eh=0;shared=0;selfmod=0,MISMATCH,47,1,16,1,0,#0: original 'mov' vs rebuilt 'ret',
0x00530D00,?unlock@NetDaemon@@QAEXXZ,,0,78,primary=1;eh=0;shared=0;selfmod=0,NO_COMPILE,,,,,,,"CL produced no object: v00530d00_0.cpp
v00530d00_0.cpp(44) : error C2065: 'int8' : undeclared identifier
v00530d00_0.cpp(44) : error C2059: syntax error : ','
"
0x005310F0,?unlock_veh@NetDaemon@@QAEXXZ,src/netdaemon.cpp:213,0,90,primary=1;eh=0;shared=0;selfmod=0,NO_COMPILE,,,,,,,
0x00532140,?veh_drop@NetDaemon@@QAEHHHH@Z,,0,1059,primary=1;eh=0;shared=0;selfmod=0,NO_COMPILE,,,,,,,"CL produced no object: v00532140_0.cpp
v00532140_0.cpp(97) : error C2146: syntax error : missing ',' before identifier 'a1'
v00532140_0.cpp(97) : error C2061: syntax error : identifier 'a1'
v00532140_0.cpp(97) : error C2511: 'veh_drop' : overloaded member function 'int (int)' not found in 'NetDaemon'
        v00532140_0.cpp(89) : see declaration of 'NetDaemon'
"
0x00532940,?send_message@NetDaemon@@QAEXPADKH@Z,,0,260,primary=1;eh=0;shared=0;selfmod=0,MISMATCH,260,3,105,1,0,#0: original 'push' vs rebuilt 'ret 0xc',
0x00532A50,sub_532a50,src/leaf_recoveries.cpp:752,0,49,primary=1;eh=0;shared=0;selfmod=0,MISMATCH,49,37,24,17,3,#3: original 'push' vs rebuilt 'mov',
0x00532A90,?rebuild_vehicle_bits@@YAXXZ,src/map.cpp:1101,0,211,primary=1;eh=0;shared=0;selfmod=0,NO_COMPILE,,,,,,,
0x00532B70,?rebuild_base_bits@@YAXXZ,src/map.cpp:1124,0,187,primary=1;eh=0;shared=0;selfmod=0,NO_COMPILE,,,,,,,
0x00532E00,?synch@NetDaemon@@QAEXFHHHPADHF@Z,,0,4905,primary=1;eh=0;shared=0;selfmod=0,NO_COMPILE,,,,,,,"CL produced no object: v00532e00_0.cpp
v00532e00_0.cpp(189) : error C2146: syntax error : missing ',' before identifier 'a2'
v00532e00_0.cpp(189) : error C2061: syntax error : identifier 'a2'
v00532e00_0.cpp(189) : error C2511: 'synch' : overloaded member function 'void (struct int16,int)' not found in 'NetDaemon'
        v00532e00_0.cpp(184) : see declaration of 'NetDaemon'
"
0x00538F30,?danger@@YAXPADPADHHH@Z,src/general.cpp:925,0,122,primary=1;eh=0;shared=0;selfmod=0,NO_COMPILE,,,,,,,
0x00538FB0,?my_srand@@YAHH@Z,src/general.cpp:777,0,34,primary=1;eh=0;shared=0;selfmod=0,NO_COMPILE,,,,,,,
0x00539090,?checksum@@YAEPADHE@Z,src/general.cpp:882,0,36,primary=1;eh=0;shared=0;selfmod=0,MISMATCH,36,34,19,15,0,#0: original 'push' vs rebuilt 'mov',
0x005390C0,?checksum_password@@YAHPAD@Z,src/general.cpp:893,0,151,primary=1;eh=0;shared=0;selfmod=0,NO_COMPILE,,,,,,,
0x00539160,?auto_contact@@YAHXZ,src/faction.cpp:140,0,51,primary=1;eh=0;shared=0;selfmod=0,NO_COMPILE,,,,,,,
0x005391A0,sub_5391a0,,0,32,primary=1;eh=0;shared=0;selfmod=0,BYTE_EXACT,32,32,,,,,
0x005398C0,?diplo_unlock@@YAXXZ,,0,29,primary=1;eh=0;shared=0;selfmod=0,BYTE_EXACT,29,29,,,,,
0x005398E0,?pop_wait@@YAHXZ,,0,52,primary=1;eh=0;shared=0;selfmod=0,MISMATCH,52,3,13,2,0,#0: original 'mov' vs rebuilt 'xor',
0x00539920,?pop_expire@@YAHXZ,,0,65,primary=1;eh=0;shared=0;selfmod=0,MISMATCH,65,3,18,2,0,#0: original 'mov' vs rebuilt 'xor',
0x00539970,sub_539970,,0,40,primary=1;eh=0;shared=0;selfmod=0,MISMATCH,40,3,10,2,0,#0: original 'mov' vs rebuilt 'xor',
0x00539B70,?great_beelzebub@@YAHHH@Z,src/faction.cpp:151,0,130,primary=1;eh=0;shared=0;selfmod=0,NO_COMPILE,,,,,,,
0x00539C00,?great_satan@@YAHHH@Z,src/faction.cpp:173,0,315,primary=1;eh=0;shared=0;selfmod=0,NO_COMPILE,,,,,,,
0x00539D40,?aah_ooga@@YAHHH@Z,src/faction.cpp:210,0,254,primary=1;eh=0;shared=0;selfmod=0,NO_COMPILE,,,,,,,
0x00539E40,?climactic_battle@@YAHXZ,src/faction.cpp:242,0,164,primary=1;eh=0;shared=0;selfmod=0,NO_COMPILE,,,,,,,
0x00539EF0,?at_climax@@YAHH@Z,src/faction.cpp:269,0,306,primary=1;eh=0;shared=0;selfmod=0,NO_COMPILE,,,,,,,
0x0053A030,?cause_friction@@YAXHHH@Z,src/faction.cpp:314,0,93,primary=1;eh=0;shared=0;selfmod=0,NO_COMPILE,,,,,,,
0x0053A090,?get_mood@@YAHH@Z,src/faction.cpp:328,0,101,primary=1;eh=0;shared=0;selfmod=0,NO_COMPILE,,,,,,,
0x0053A100,?reputation@@YAHHH@Z,src/faction.cpp:359,0,77,primary=1;eh=0;shared=0;selfmod=0,NO_COMPILE,,,,,,,
0x0053A150,?get_patience@@YAHHH@Z,src/faction.cpp:370,0,104,primary=1;eh=0;shared=0;selfmod=0,NO_COMPILE,,,,,,,
0x0053A1C0,?energy_value@@YAHH@Z,src/faction.cpp:387,0,104,primary=1;eh=0;shared=0;selfmod=0,MISMATCH,104,99,48,45,27,#27: original 'cdq' vs rebuilt 'xor',
0x0053A4A0,?scan_prototypes@@YAXHH@Z,src/faction.cpp:403,0,724,primary=1;eh=0;shared=0;selfmod=0,NO_COMPILE,,,,,,,
0x0053E470,?diplomacy_ends@@YAXHH@Z,,0,76,primary=1;eh=0;shared=0;selfmod=0,NO_COMPILE,,,,,,,"CL produced no object: v0053e470_0.cpp
v0053e470_0.cpp(66) : error C2146: syntax error : missing ',' before identifier 'a1'
v0053e470_0.cpp(66) : error C2061: syntax error : identifier 'a1'
"
0x00543BC0,?propose_pact@@YAHHH@Z,,0,4726,primary=1;eh=0;shared=0;selfmod=0,NO_COMPILE,,,,,,,"CL produced no object: v00543bc0_0.cpp
v00543bc0_0.cpp(52) : error C2065: 'int8' : undeclared identifier
v00543bc0_0.cpp(52) : error C2059: syntax error : ','
v00543bc0_0.cpp(58) : error C2061: syntax error : identifier 'int8'
v00543bc0_0.cpp(59) : error C2061: syntax error : identifier 'BOOL'
v00543bc0_0.cpp(60) : error C2143: syntax error : missing ';' before '*'
v00543bc0_0.cpp(60) : error C2501: 'int8' : missing storage-class or type specifiers
v00543bc0_0.cpp(60) : error C2501: 'get_noun_phrase' : missing storage-class or type specifiers
v00543bc0_0.cpp(61) : error C2143: syntax error : missing ';' before '*'
v00543bc0_0.cpp(61) : error C2501: 'int8' : missing storage-class or type specifiers
v00543bc0_0.cpp(61) : error C2086: 'int8' : redefinition
v00543bc0_0.cpp(61) : error C2501: 'get_pact' : missing storage-class or type specifiers
v00543bc0_0.cpp(62) : error C2143: syntax error : missing ';' before '*'
v00543bc0_0.cpp(62) : error C2501: 'int8' : missing storage-class or type specifiers
v00543bc0_0.cpp(62) : error C2086: 'int8' : redefinition
v00543bc0_0.cpp(62) : error C2501: 'get_pacts' : missing storage-class or type specifiers
v00543bc0_0.cpp(63) : error C2143: syntax error : missing ';' before '*'
v00543bc0_0.cpp(63) : error C2501: 'int8' : missing storage-class or type specifiers
v00543bc0_0.cpp(63) : error C2086: 'int8' : redefinition
v00543bc0_0.cpp(63) : error C2501: 'get_phrase' : missing storage-class or type specifiers
v00543bc0_0.cpp(68) : error C2065: 'DatalinkID' : undeclared identifier
v00543bc0_0.cpp(68) : error C2146: syntax error : missing ')' before identifier 'id'
v00543bc0_0.cpp(68) : warning C4229: anachronism used : modifiers on data are ignored
v00543bc0_0.cpp(68) : error C2182: 'help_topic' : illegal use of type 'void'
v00543bc0_0.cpp(68) : error C2059: syntax error : ')'
v00543bc0_0.cpp(69) : error C2059: syntax error : ','
v00543bc0_0.cpp(72) : error C2065: 'output' : undeclared identifier
v00543bc0_0.cpp(72) : error C2062: type 'int' unexpected
"
0x00547C10,?make_gift@@YAXHH@Z,,0,4950,primary=1;eh=1;shared=0;selfmod=0,NO_COMPILE,,,,,,,"CL produced no object: v00547c10_0.cpp
v00547c10_0.cpp(43) : error C2059: syntax error : ';'
v00547c10_0.cpp(113) : error C2061: syntax error : identifier 'BOOL'
v00547c10_0.cpp(202) : error C2146: syntax error : missing ',' before identifier 'a1'
v00547c10_0.cpp(202) : error C2061: syntax error : identifier 'a1'
"
0x00549930,?threaten@@YAXHH@Z,,0,5001,primary=1;eh=0;shared=0;selfmod=0,NO_COMPILE,,,,,,,"CL produced no object: v00549930_0.cpp
v00549930_0.cpp(52) : error C2065: 'int8' : undeclared identifier
v00549930_0.cpp(52) : error C2059: syntax error : ','
v00549930_0.cpp(56) : error C2061: syntax error : identifier 'int8'
v00549930_0.cpp(59) : error C2143: syntax error : missing ';' before '*'
v00549930_0.cpp(59) : error C2501: 'int8' : missing storage-class or type specifiers
v00549930_0.cpp(59) : error C2501: 'get_noun_phrase' : missing storage-class or type specifiers
v00549930_0.cpp(60) : error C2143: syntax error : missing ';' before '*'
v00549930_0.cpp(60) : error C2501: 'int8' : missing storage-class or type specifiers
v00549930_0.cpp(60) : error C2086: 'int8' : redefinition
v00549930_0.cpp(60) : error C2501: 'get_pact' : missing storage-class or type specifiers
v00549930_0.cpp(67) : error C2059: syntax error : ','
v00549930_0.cpp(70) : error C2065: 'output' : undeclared identifier
v00549930_0.cpp(70) : error C2062: type 'int' unexpected
"
0x0054ACC0,?suggest_plan@@YAHHH@Z,src/base.cpp:2010,0,733,primary=1;eh=0;shared=0;selfmod=0,NO_COMPILE,,,,,,,
0x0054AFA0,?attack_from@@YAHHH@Z,src/base.cpp:2102,0,407,primary=1;eh=0;shared=0;selfmod=0,NO_COMPILE,,,,,,,
0x0054CB50,?value_of_base@@YAHHHHHH@Z,src/base.cpp:2132,0,1001,primary=1;eh=0;shared=0;selfmod=0,NO_COMPILE,,,,,,,
0x00558FC0,?exec@BasePop@@QAEHP6AHXZ@Z,src/basepop.cpp:421,0,18,primary=1;eh=0;shared=0;selfmod=0,NO_COMPILE,,,,,,,
0x00558FE0,?item@BasePop@@QAEHPADH@Z,src/basepop.cpp:547,0,26,primary=1;eh=0;shared=0;selfmod=0,BYTE_EXACT,26,26,,,,,
0x00559000,sub_559000,,0,58,primary=1;eh=0;shared=0;selfmod=0,MISMATCH,58,5,18,2,0,#0: original 'push' vs rebuilt 'xor',
0x00559040,?start@Popup@@QAEXPBDH@Z,src/popup.cpp:73,0,31,primary=1;eh=0;shared=0;selfmod=0,NO_COMPILE,,,,,,,
0x00559060,?get_name@@YAPADH@Z,,0,50,primary=1;eh=0;shared=0;selfmod=0,NO_COMPILE,,,,,,,"CL produced no object: v00559060_0.cpp
v00559060_0.cpp(52) : error C2146: syntax error : missing ',' before identifier 'a1'
v00559060_0.cpp(52) : error C2061: syntax error : identifier 'a1'
"
0x005590A0,?get_title@@YAPADH@Z,,0,50,primary=1;eh=0;shared=0;selfmod=0,NO_COMPILE,,,,,,,"CL produced no object: v005590a0_0.cpp
v005590a0_0.cpp(52) : error C2146: syntax error : missing ',' before identifier 'a1'
v005590a0_0.cpp(52) : error C2061: syntax error : identifier 'a1'
"
0x005590E0,?get_adjective_leader@@YAPADH@Z,,0,26,primary=1;eh=0;shared=0;selfmod=0,BYTE_EXACT,26,26,,,,,
0x00559100,?get_adjective_insult_leader@@YAPADH@Z,,0,26,primary=1;eh=0;shared=0;selfmod=0,BYTE_EXACT,26,26,,,,,
0x00559120,?get_adjective_faction@@YAPADH@Z,,0,26,primary=1;eh=0;shared=0;selfmod=0,BYTE_EXACT,26,26,,,,,
0x00559140,?get_adjective_insult_faction@@YAPADH@Z,,0,26,primary=1;eh=0;shared=0;selfmod=0,NO_COMPILE,,,,,,,"CL produced no object: v00559140_0.cpp
v00559140_0.cpp(51) : error C2146: syntax error : missing ',' before identifier 'a1'
v00559140_0.cpp(51) : error C2061: syntax error : identifier 'a1'
"
0x00559160,?get_insult_leader@@YAPADH@Z,,0,50,primary=1;eh=0;shared=0;selfmod=0,NO_COMPILE,,,,,,,"CL produced no object: v00559160_0.cpp
v00559160_0.cpp(52) : error C2146: syntax error : missing ',' before identifier 'a1'
v00559160_0.cpp(52) : error C2061: syntax error : identifier 'a1'
"
0x005591A0,?say_tech@@YAXHH@Z,src/technology.cpp:39,0,26,primary=1;eh=0;shared=0;selfmod=0,NO_COMPILE,,,,,,,
0x005591C0,?bad_reg@@YAHH@Z,src/map.cpp:398,0,29,primary=1;eh=0;shared=0;selfmod=0,NO_COMPILE,,,,,,,
0x005591E0,?has_agenda@@YAHHHH@Z,src/faction.cpp:579,0,41,primary=1;eh=0;shared=0;selfmod=0,NO_COMPILE,,,,,,,
0x00559210,sub_559210,src/leaf_recoveries.cpp:165,0,17,primary=1;eh=0;shared=0;selfmod=0,BYTE_EXACT,17,17,,,,,
0x00559230,??__Eg_FONTQUEUE_VAL2@@YAXXZ,src/init_thunks.cpp:4232,1,22,primary=1;eh=0;shared=0;selfmod=0,NO_COMPILE,,,,,,,
0x00559250,??__Fg_FONTQUEUE_VAL2@@YAXXZ,src/atexit_thunks.cpp:4035,1,10,primary=1;eh=0;shared=0;selfmod=0,NO_COMPILE,,,,,,,
0x00559260,??__Eg_FONTQUEUE_VAL1@@YAXXZ,src/init_thunks.cpp:4243,1,22,primary=1;eh=0;shared=0;selfmod=0,NO_COMPILE,,,,,,,
0x00559280,??__Fg_FONTQUEUE_VAL1@@YAXXZ,src/atexit_thunks.cpp:4045,1,10,primary=1;eh=0;shared=0;selfmod=0,NO_COMPILE,,,,,,,
0x00559290,??0FontQueue@@QAE@XZ,,0,61,primary=1;eh=0;shared=0;selfmod=0,NO_COMPILE,,,,,,,"CL produced no object: v00559290_0.cpp
v00559290_0.cpp(44) : error C4234: nonstandard extension used : '__thiscall' keyword reserved for future use
v00559290_0.cpp(44) : error C4234: nonstandard extension used : '__thiscall' keyword reserved for future use
"
0x005592D0,?get_zoom@FontQueue@@QAEHHHHH@Z,,0,265,primary=1;eh=0;shared=0;selfmod=0,MISMATCH,265,5,100,2,0,#0: original 'push' vs rebuilt 'xor',
0x005593E0,?pick_top_veh@@YAHH@Z,,0,267,primary=1;eh=0;shared=0;selfmod=0,NO_COMPILE,,,,,,,"CL produced no object: v005593e0_0.cpp
v005593e0_0.cpp(57) : error C2146: syntax error : missing ',' before identifier 'a1'
v005593e0_0.cpp(57) : error C2061: syntax error : identifier 'a1'
"
0x0055B740,??1FontQueue@@QAE@XZ,src/font_recovery.cpp:34,0,16,primary=1;eh=0;shared=0;selfmod=0,NO_COMPILE,,,,,,,
0x0055BB30,?set_treaty@@YAXHHHH@Z,src/faction.cpp:547,0,104,primary=1;eh=0;shared=0;selfmod=0,NO_COMPILE,,,,,,,
0x0055BBA0,?set_agenda@@YAXHHHH@Z,src/faction.cpp:564,0,81,primary=1;eh=0;shared=0;selfmod=0,NO_COMPILE,,,,,,,
0x0055BC00,?spying@@YAHH@Z,src/spying_recovery.cpp:23,0,124,primary=1;eh=0;shared=0;selfmod=0,NO_COMPILE,,,,,,,
0x0055BC80,?wants_to_attack@@YAHHHH@Z,src/faction.cpp:589,0,1963,primary=1;eh=0;shared=0;selfmod=0,NO_COMPILE,,,,,,,
0x0055C730,?pact_attacks@@YAXHH@Z,,0,259,primary=1;eh=0;shared=0;selfmod=0,MISMATCH,259,1,75,1,0,#0: original 'push' vs rebuilt 'ret',
0x0055D190,?pact_treaty@@YAXHH@Z,,0,259,primary=1;eh=0;shared=0;selfmod=0,MISMATCH,259,1,75,1,0,#0: original 'push' vs rebuilt 'ret',
0x0055EB80,?territory@@YAHHHHPAHPAH@Z,src/faction.cpp:779,0,862,primary=1;eh=0;shared=0;selfmod=0,NO_COMPILE,,,,,,,
0x0055F930,?enemy_diplomacy@@YAXH@Z,,0,4509,primary=1;eh=0;shared=0;selfmod=0,NO_COMPILE,,,,,,,"CL produced no object: v0055f930_0.cpp
v0055f930_0.cpp(100) : error C2146: syntax error : missing ',' before identifier 'a1'
v0055f930_0.cpp(100) : error C2061: syntax error : identifier 'a1'
"
0x00560AD0,?go_to@@YAXHDHH@Z,src/veh.cpp:1180,0,85,primary=1;eh=0;shared=0;selfmod=0,NO_COMPILE,,,,,,,
0x00560B30,?garrison_check@@YAHH@Z,src/base.cpp:2242,0,512,primary=1;eh=0;shared=0;selfmod=0,NO_COMPILE,,,,,,,
0x00560D30,?defensive_check@@YAHH@Z,src/base.cpp:2286,0,29,primary=1;eh=0;shared=0;selfmod=0,MISMATCH,29,29,14,14,7,#7: original 'jle' vs rebuilt 'jbe',
0x00560D50,?guard_check@@YAHHH@Z,src/faction.cpp:950,0,115,primary=1;eh=0;shared=0;selfmod=0,NO_COMPILE,,,,,,,
0x00560DD0,?enemy_capabilities@@YAXH@Z,src/faction.cpp:2144,0,678,primary=1;eh=0;shared=0;selfmod=0,NO_COMPILE,,,,,,,
0x00564890,?set_course@@YAXHDHH@Z,src/veh.cpp:1221,0,754,primary=1;eh=0;shared=0;selfmod=0,NO_COMPILE,,,,,,,
0x00564EB0,?good_sensor@@YAHHHH@Z,src/map.cpp:1470,0,679,primary=1;eh=0;shared=0;selfmod=0,NO_COMPILE,,,,,,,
0x00565320,?can_terraform@@YAHHHHHH@Z,src/terraforming.cpp:139,0,3070,primary=1;eh=0;shared=0;selfmod=0,NO_COMPILE,,,,,,,
0x00565F20,?compute_odds@@YAHHHHHH@Z,src/veh.cpp:3775,0,1708,primary=1;eh=0;shared=0;selfmod=0,NO_COMPILE,,,,,,,
0x005665D0,?alien_base@@YAHHHH@Z,src/veh.cpp:4012,0,562,primary=1;eh=0;shared=0;selfmod=0,NO_COMPILE,,,,,,,
0x00566810,?alien_move@@YAHH@Z,,0,4265,primary=1;eh=0;shared=0;selfmod=0,NO_COMPILE,,,,,,,"CL produced no object: v00566810_0.cpp
v00566810_0.cpp(123) : error C2146: syntax error : missing ',' before identifier 'a1'
v00566810_0.cpp(123) : error C2061: syntax error : identifier 'a1'
"
0x0056B320,?get_there@@YAHHHH@Z,src/map.cpp:408,0,349,primary=1;eh=0;shared=0;selfmod=0,NO_COMPILE,,,,,,,
0x0056B480,?coast_or_border@@YAHHHHHH@Z,src/map.cpp:443,0,297,primary=1;eh=0;shared=0;selfmod=0,NO_COMPILE,,,,,,,
0x00579770,?rnd@@YAHHPAD@Z,src/general.cpp:915,0,32,primary=1;eh=0;shared=0;selfmod=0,NO_COMPILE,,,,,,,
0x00579790,?x_dist@@YAHHH@Z,src/map.cpp:1145,0,55,primary=1;eh=0;shared=0;selfmod=0,NO_COMPILE,,,,,,,
0x00579840,?is_known@@YAHHHH@Z,src/map.cpp:1159,0,86,primary=1;eh=0;shared=0;selfmod=0,NO_COMPILE,,,,,,,
0x005798A0,?base_who@@YAHHH@Z,src/map.cpp:1170,0,56,primary=1;eh=0;shared=0;selfmod=0,NO_COMPILE,,,,,,,
0x005798E0,?anything_at@@YAHHH@Z,src/map.cpp:1187,0,56,primary=1;eh=0;shared=0;selfmod=0,NO_COMPILE,,,,,,,
0x00579920,?veh_top@@YAHH@Z,src/veh.cpp:1321,0,58,primary=1;eh=0;shared=0;selfmod=0,NO_COMPILE,,,,,,,
0x00579960,?veh_moves@@YAHH@Z,src/veh.cpp:1338,0,56,primary=1;eh=0;shared=0;selfmod=0,NO_COMPILE,,,,,,,
0x005799A0,?proto_power@@YAHH@Z,src/veh.cpp:1348,0,89,primary=1;eh=0;shared=0;selfmod=0,NO_COMPILE,,,,,,,
0x00579A00,?is_port@@YAHHH@Z,src/base.cpp:2303,0,48,primary=1;eh=0;shared=0;selfmod=0,NO_COMPILE,,,,,,,
0x00579A30,?add_goal@@YAXHHHHHH@Z,src/faction.cpp:973,0,308,primary=1;eh=0;shared=0;selfmod=0,NO_COMPILE,,,,,,,
0x00579B70,?add_site@@YAXHHHHH@Z,src/faction.cpp:1019,0,325,primary=1;eh=0;shared=0;selfmod=0,NO_COMPILE,,,,,,,
0x00579CC0,?at_goal@@YAHHHHH@Z,src/faction.cpp:1065,0,86,primary=1;eh=0;shared=0;selfmod=0,NO_COMPILE,,,,,,,
0x00579D20,?at_site@@YAHHHHH@Z,src/faction.cpp:1081,0,86,primary=1;eh=0;shared=0;selfmod=0,NO_COMPILE,,,,,,,
0x00579D80,?wipe_goals@@YAXH@Z,src/faction.cpp:1097,0,124,primary=1;eh=0;shared=0;selfmod=0,NO_COMPILE,,,,,,,
0x00579E00,?init_goals@@YAXH@Z,src/faction.cpp:1122,0,102,primary=1;eh=0;shared=0;selfmod=0,NO_COMPILE,,,,,,,
0x00579E70,?del_site@@YAXHHHHH@Z,src/faction.cpp:1147,0,259,primary=1;eh=0;shared=0;selfmod=0,NO_COMPILE,,,,,,,
0x00579F80,?want_monolith@@YAHH@Z,src/veh.cpp:1362,0,102,primary=1;eh=0;shared=0;selfmod=0,NO_COMPILE,,,,,,,
0x0057CE50,?valid_tech_leap@@YAHHH@Z,src/technology.cpp:49,0,334,primary=1;eh=0;shared=0;selfmod=0,NO_COMPILE,,,,,,,
0x0057D1F0,?header_check@@YAXPADPAUFILE@@@Z,src/general.cpp:1084,0,69,primary=1;eh=0;shared=0;selfmod=0,NO_COMPILE,,,,,,,
0x0057D240,?header_write@@YAXPADPAUFILE@@@Z,src/general.cpp:1106,0,48,primary=1;eh=0;shared=0;selfmod=0,NO_COMPILE,,,,,,,
0x0057D270,?arm_strat@@YAHHH@Z,src/veh.cpp:1377,0,101,primary=1;eh=0;shared=0;selfmod=0,NO_COMPILE,,,,,,,
0x0057D2E0,?weap_strat@@YAHHH@Z,src/veh.cpp:1396,0,125,primary=1;eh=0;shared=0;selfmod=0,NO_COMPILE,,,,,,,
0x0057D360,?weap_val@@YAHHH@Z,src/veh.cpp:1415,0,141,primary=1;eh=0;shared=0;selfmod=0,NO_COMPILE,,,,,,,
0x0057D3F0,?arm_val@@YAHHH@Z,src/veh.cpp:1425,0,129,primary=1;eh=0;shared=0;selfmod=0,NO_COMPILE,,,,,,,
0x0057D480,?armor_val@@YAHHH@Z,src/veh.cpp:1436,0,141,primary=1;eh=0;shared=0;selfmod=0,NO_COMPILE,,,,,,,
0x0057D510,?transport_val@@YAHHHH@Z,src/veh.cpp:1446,0,70,primary=1;eh=0;shared=0;selfmod=0,NO_COMPILE,,,,,,,
0x0057D560,?say_offense@@YAXPADH@Z,src/veh.cpp:1468,0,357,,REFUSED,,,,,,,C++ standard library: VC6's headers differ enough to be noise
0x0057D6D0,?say_defense@@YAXPADH@Z,src/veh.cpp:1508,0,244,,REFUSED,,,,,,,C++ standard library: VC6's headers differ enough to be noise
0x0057D7D0,?say_stats_3@@YAXPADH@Z,src/veh.cpp:1536,0,259,,REFUSED,,,,,,,C++ standard library: VC6's headers differ enough to be noise
0x0057D8E0,?say_stats_2@@YAXPADH@Z,src/veh.cpp:1576,0,436,,REFUSED,,,,,,,C++ standard library: VC6's headers differ enough to be noise
0x0057DAA0,?say_stats@@YAXPADHPAD@Z,src/veh.cpp:1615,0,1080,,REFUSED,,,,,,,C++ standard library: VC6's headers differ enough to be noise
0x0057DEE0,sub_57dee0,src/leaf_recoveries.cpp:494,0,28,primary=1;eh=0;shared=0;selfmod=0,MISMATCH,28,16,11,8,3,#3: original 'mov' vs rebuilt 'or',
0x0057DF00,?clear_bunglist@@YAXH@Z,,0,47,primary=1;eh=0;shared=0;selfmod=0,MISMATCH,47,1,17,1,0,#0: original 'push' vs rebuilt 'ret',
0x0057EFA0,?best_reactor@@YAHH@Z,src/veh.cpp:1685,0,66,primary=1;eh=0;shared=0;selfmod=0,NO_COMPILE,,,,,,,
0x0057EFF0,?pick_chassis@@YAHHHH@Z,src/veh.cpp:1700,0,177,primary=1;eh=0;shared=0;selfmod=0,NO_COMPILE,,,,,,,
0x0057F0B0,?weapon_budget@@YAHHHH@Z,src/veh.cpp:1738,0,146,primary=1;eh=0;shared=0;selfmod=0,NO_COMPILE,,,,,,,
0x0057F150,?armor_budget@@YAHHH@Z,src/veh.cpp:1769,0,127,primary=1;eh=0;shared=0;selfmod=0,NO_COMPILE,,,,,,,
0x0057F4B0,?prune_protos@@YAXHHH@Z,,0,5033,primary=1;eh=0;shared=0;selfmod=0,NO_COMPILE,,,,,,,"CL produced no object: v0057f4b0_0.cpp
v0057f4b0_0.cpp(52) : error C2065: 'int8' : undeclared identifier
v0057f4b0_0.cpp(52) : error C2059: syntax error : ','
v0057f4b0_0.cpp(55) : error C2061: syntax error : identifier 'int8'
v0057f4b0_0.cpp(56) : error C2059: syntax error : ','
v0057f4b0_0.cpp(57) : error C2061: syntax error : identifier 'BOOL'
v0057f4b0_0.cpp(58) : error C2059: syntax error : ','
"
0x00581170,?abil_index@@YAHH@Z,src/veh.cpp:1795,0,23,primary=1;eh=0;shared=0;selfmod=0,BYTE_EXACT,23,23,,,,,
0x00583CB0,?design_new_veh@@YAXHH@Z,,0,23,primary=1;eh=0;shared=0;selfmod=0,BYTE_EXACT,23,23,,,,,
0x00584D00,??__Eg_TOP_MENU_WAVE@@YAXXZ,src/init_thunks.cpp:4254,1,22,primary=1;eh=0;shared=0;selfmod=0,NO_COMPILE,,,,,,,
0x00584D20,??__Fg_TOP_MENU_WAVE@@YAXXZ,src/atexit_thunks.cpp:4055,1,10,primary=1;eh=0;shared=0;selfmod=0,NO_COMPILE,,,,,,,
0x00584D30,sub_584d30,,0,34,primary=1;eh=0;shared=0;selfmod=0,BYTE_EXACT,34,34,,,,,
0x00584D60,?tech_name@@YAHPAD@Z,src/alpha.cpp:51,0,219,primary=1;eh=0;shared=0;selfmod=0,NO_COMPILE,,,,,,,
0x00584E40,?chas_name@@YAHPAD@Z,src/alpha.cpp:77,0,243,primary=1;eh=0;shared=0;selfmod=0,NO_COMPILE,,,,,,,
0x00584F40,?weap_name@@YAHPAD@Z,src/alpha.cpp:103,0,240,primary=1;eh=0;shared=0;selfmod=0,NO_COMPILE,,,,,,,
0x00585030,?arm_name@@YAHPAD@Z,src/alpha.cpp:129,0,240,primary=1;eh=0;shared=0;selfmod=0,NO_COMPILE,,,,,,,
0x00585120,?text_get_number@@YAHHH@Z,,0,48,,REFUSED,,,,,,,no source_locations; not censusable
0x00585150,?tech_item@@YAHXZ,src/alpha.cpp:155,0,20,primary=1;eh=0;shared=0;selfmod=0,BYTE_EXACT,20,20,,,,,
0x00585170,?read_basic_rules@@YAHXZ,src/alpha.cpp:166,0,3254,primary=1;eh=0;shared=0;selfmod=0,NO_COMPILE,,,,,,,
0x00585E30,?read_tech@@YAHXZ,src/alpha.cpp:296,0,427,primary=1;eh=0;shared=0;selfmod=0,NO_COMPILE,,,,,,,
0x00585FE0,?clear_faction@@YAXPAUPlayer@@@Z,src/alpha.cpp:350,0,105,primary=1;eh=0;shared=0;selfmod=0,NO_COMPILE,,,,,,,
0x00586050,?read_faction@@YAXH@Z,src/alpha.cpp:374,0,49,primary=1;eh=0;shared=0;selfmod=0,NO_COMPILE,,,,,,,
0x00586090,?read_faction@@YAXPAUPlayer@@H@Z,src/alpha.cpp:388,0,3739,primary=1;eh=0;shared=0;selfmod=0,NO_COMPILE,,,,,,,
0x00586F30,?read_factions@@YAHXZ,src/alpha.cpp:675,0,665,primary=1;eh=0;shared=0;selfmod=0,NO_COMPILE,,,,,,,
0x005871D0,?noun_item@@YAXPAHPAH@Z,src/alpha.cpp:748,0,110,primary=1;eh=0;shared=0;selfmod=0,NO_COMPILE,,,,,,,
0x00587240,?read_units@@YAHXZ,src/alpha.cpp:768,0,369,primary=1;eh=0;shared=0;selfmod=0,NO_COMPILE,,,,,,,
0x005873C0,?read_rules@@YAHH@Z,src/alpha.cpp:825,0,3804,primary=1;eh=0;shared=0;selfmod=0,NO_COMPILE,,,,,,,
0x005882A0,??__Eg_FONTS@@YAXXZ,src/init_thunks.cpp:4265,1,36,primary=1;eh=0;shared=0;selfmod=0,NO_COMPILE,,,,,,,
0x005882D0,??__Fg_FONTS@@YAXXZ,src/atexit_thunks.cpp:4065,1,20,primary=1;eh=0;shared=0;selfmod=0,NO_COMPILE,,,,,,,
0x005882F0,?find_font@@YAHHH@Z,src/font_recovery.cpp:53,0,75,primary=1;eh=0;shared=0;selfmod=0,NO_COMPILE,,,,,,,
0x00589180,?planetfall@@YAXH@Z,src/game.cpp:285,0,425,primary=1;eh=0;shared=0;selfmod=0,NO_COMPILE,,,,,,,
0x00589750,sub_589750,src/field_accessors.cpp:838,1,16,primary=1;eh=0;shared=0;selfmod=0,BYTE_EXACT,16,16,,,,,
0x00589870,sub_589870,,0,22,primary=1;eh=0;shared=0;selfmod=0,BYTE_EXACT,22,22,,,,,
0x00589890,sub_589890,src/guarded_teardowns.cpp:174,0,10,primary=1;eh=0;shared=0;selfmod=0,NO_COMPILE,,,,,,,
0x00589A30,?change_opening@@YAHPAD@Z,,0,258,primary=1;eh=1;shared=0;selfmod=0,NO_COMPILE,,,,,,,"CL produced no object: v00589a30_0.cpp
v00589a30_0.cpp(146) : error C2146: syntax error : missing ',' before identifier 'a1'
v00589a30_0.cpp(146) : error C2061: syntax error : identifier 'a1'
"
0x00589B20,?close_opening@@YAXXZ,,0,55,primary=1;eh=0;shared=0;selfmod=0,MISMATCH,55,1,15,1,0,#0: original 'mov' vs rebuilt 'ret',
0x0058EE50,?desktop_update@@YAXXZ,src/maininterface.cpp:42,0,1,primary=1;eh=0;shared=0;selfmod=0,BYTE_EXACT,1,1,,,,,
0x0058EFF0,?desktop_close@@YAXXZ,,0,65,primary=1;eh=0;shared=0;selfmod=0,MISMATCH,65,1,13,1,0,#0: original 'mov' vs rebuilt 'ret',
0x0058F430,?game_close@@YAXH@Z,,0,20,primary=1;eh=0;shared=0;selfmod=0,BYTE_EXACT,20,20,,,,,
0x0058F700,?say_fac_special@@YAXPADPADH@Z,,0,266,primary=1;eh=0;shared=0;selfmod=0,MISMATCH,266,1,80,1,0,#0: original 'push' vs rebuilt 'ret',
0x0058F9D0,?get_pact@@YAPADH@Z,,0,73,primary=1;eh=0;shared=0;selfmod=0,MISMATCH,73,3,21,2,0,#0: original 'push' vs rebuilt 'xor',
0x0058FA20,?get_pacts@@YAPADH@Z,,0,73,primary=1;eh=0;shared=0;selfmod=0,MISMATCH,73,3,21,2,0,#0: original 'push' vs rebuilt 'xor',
0x0058FB70,sub_58fb70,,0,66,primary=1;eh=0;shared=0;selfmod=0,MISMATCH,66,3,31,2,0,#0: original 'push' vs rebuilt 'xor',
0x0058FD70,?clear@SquareLock@@QAEXXZ,src/squarelock.cpp:24,0,21,primary=1;eh=0;shared=0;selfmod=0,NO_COMPILE,,,,,,,
0x0058FD90,?unlock@SquareLock@@QAEXH@Z,src/squarelock.cpp:47,0,231,primary=1;eh=0;shared=0;selfmod=0,NO_COMPILE,,,,,,,
0x0058FE80,?lock@SquareLock@@QAEHHHHH@Z,src/squarelock.cpp:92,0,232,primary=1;eh=0;shared=0;selfmod=0,NO_COMPILE,,,,,,,
0x0058FF70,?clear@PlayerLock@@QAEXXZ,src/playerlock.cpp:25,0,38,primary=1;eh=0;shared=0;selfmod=0,NO_COMPILE,,,,,,,
0x0058FFA0,?active@PlayerLock@@QAEXXZ,src/playerlock.cpp:47,0,28,primary=1;eh=0;shared=0;selfmod=0,NO_COMPILE,,,,,,,
0x0058FFC0,?unlock@PlayerLock@@QAEXH@Z,src/playerlock.cpp:100,0,50,primary=1;eh=0;shared=0;selfmod=0,NO_COMPILE,,,,,,,
0x005900A0,?add_lock@PlayerLock@@QAEHHHHH@Z,src/playerlock.cpp:79,0,33,primary=1;eh=0;shared=0;selfmod=0,NO_COMPILE,,,,,,,
0x005900D0,?clear@Lock@@QAEXXZ,src/lock.cpp:53,0,109,primary=1;eh=0;shared=0;selfmod=0,NO_COMPILE,,,,,,,
0x00590140,?reset_map@Lock@@QAEXXZ,src/lock.cpp:34,0,43,primary=1;eh=0;shared=0;selfmod=0,NO_COMPILE,,,,,,,
0x00590170,?unlock@Lock@@QAEXH@Z,src/lock.cpp:115,0,83,primary=1;eh=0;shared=0;selfmod=0,NO_COMPILE,,,,,,,
0x005901D0,?check_global@Lock@@QAEXXZ,src/lock.cpp:194,0,105,primary=1;eh=0;shared=0;selfmod=0,NO_COMPILE,,,,,,,
0x00590240,?check_global_2@Lock@@QAEHH@Z,src/lock.cpp:161,0,126,primary=1;eh=0;shared=0;selfmod=0,NO_COMPILE,,,,,,,
0x005902C0,?global_lock@Lock@@QAEHH@Z,src/lock.cpp:139,0,51,primary=1;eh=0;shared=0;selfmod=0,NO_COMPILE,,,,,,,
0x00590300,?lock@Lock@@QAEHHHHHHHH@Z,src/lock.cpp:247,0,361,primary=1;eh=0;shared=0;selfmod=0,NO_COMPILE,,,,,,,
0x00590470,?add_lock@Lock@@QAEHHHHH@Z,src/lock.cpp:224,0,43,primary=1;eh=0;shared=0;selfmod=0,NO_COMPILE,,,,,,,
0x005904A0,?any_locks@Lock@@QAEHXZ,src/lock.cpp:82,0,94,primary=1;eh=0;shared=0;selfmod=0,NO_COMPILE,,,,,,,
0x005906F0,?say_armor@@YAXPAXHH@Z,,0,261,primary=1;eh=0;shared=0;selfmod=0,MISMATCH,261,1,86,1,0,#0: original 'push' vs rebuilt 'ret',
0x00590800,?say_chassis@@YAXPAXHH@Z,,0,269,primary=1;eh=0;shared=0;selfmod=0,MISMATCH,269,1,85,1,0,#0: original 'push' vs rebuilt 'ret',
0x00590CB0,sub_590cb0,src/field_accessors.cpp:861,1,18,primary=1;eh=0;shared=0;selfmod=0,BYTE_EXACT,18,18,,,,,
0x00590CD0,sub_590cd0,,0,22,primary=1;eh=0;shared=0;selfmod=0,BYTE_EXACT,22,22,,,,,
0x00590CF0,sub_590cf0,,0,31,primary=1;eh=0;shared=0;selfmod=0,BYTE_EXACT,31,31,,,,,
0x00590D10,sub_590d10,,0,45,primary=1;eh=0;shared=0;selfmod=0,MISMATCH,45,5,19,2,0,#0: original 'push' vs rebuilt 'xor',
0x00590D40,sub_590d40,,0,28,primary=1;eh=0;shared=0;selfmod=0,MISMATCH,28,30,12,12,10,#10: original 'pop' vs rebuilt 'add',
0x00590D60,sub_590d60,src/field_accessors.cpp:279,1,11,primary=1;eh=0;shared=0;selfmod=0,BYTE_EXACT,11,11,,,,,
0x00590D70,sub_590d70,,0,67,primary=1;eh=0;shared=0;selfmod=0,MISMATCH,67,5,18,2,0,#0: original 'push' vs rebuilt 'xor',
0x00590E90,?map_shutdown@@YAXXZ,src/map.cpp:1204,0,53,primary=1;eh=0;shared=0;selfmod=0,NO_COMPILE,,,,,,,
0x00590ED0,?map_init@@YAXXZ,src/map.cpp:1221,0,358,primary=1;eh=0;shared=0;selfmod=0,NO_COMPILE,,,,,,,
0x00591040,?map_wipe@@YAXXZ,src/map.cpp:1248,0,112,primary=1;eh=0;shared=0;selfmod=0,NO_COMPILE,,,,,,,
0x005910B0,?map_write@@YAHPAUFILE@@@Z,src/map.cpp:1272,0,117,primary=1;eh=0;shared=0;selfmod=0,NO_COMPILE,,,,,,,
0x00591130,?map_read@@YAHPAUFILE@@@Z,src/map.cpp:1287,0,216,primary=1;eh=0;shared=0;selfmod=0,NO_COMPILE,,,,,,,
0x00591210,?abstract_at@@YAHHH@Z,src/map.cpp:1311,0,32,primary=1;eh=0;shared=0;selfmod=0,NO_COMPILE,,,,,,,
0x00591230,?abstract_set@@YAXHHE@Z,src/map.cpp:1321,0,35,primary=1;eh=0;shared=0;selfmod=0,NO_COMPILE,,,,,,,
0x00591260,?alt_put_detail@@YAXHHH@Z,src/map.cpp:598,0,40,primary=1;eh=0;shared=0;selfmod=0,NO_COMPILE,,,,,,,
0x005918A0,?alt_natural@@YAHHH@Z,src/map.cpp:538,0,79,primary=1;eh=0;shared=0;selfmod=0,NO_COMPILE,,,,,,,
0x005918F0,?alt_set_both@@YAXHHH@Z,src/map.cpp:554,0,208,primary=1;eh=0;shared=0;selfmod=0,NO_COMPILE,,,,,,,
0x005919C0,?elev_at@@YAHHH@Z,src/map.cpp:524,0,183,primary=1;eh=0;shared=0;selfmod=0,NO_COMPILE,,,,,,,
0x00591A80,?climate_set@@YAXHHH@Z,src/map.cpp:510,0,78,primary=1;eh=0;shared=0;selfmod=0,NO_COMPILE,,,,,,,
0x00591AD0,?temp_set@@YAXHHH@Z,src/map.cpp:488,0,53,primary=1;eh=0;shared=0;selfmod=0,NO_COMPILE,,,,,,,
0x00591B10,?owner_set@@YAXHHH@Z,src/map.cpp:618,0,56,primary=1;eh=0;shared=0;selfmod=0,NO_COMPILE,,,,,,,
0x00591B50,?site_set@@YAXHHH@Z,src/map.cpp:630,0,54,primary=1;eh=0;shared=0;selfmod=0,NO_COMPILE,,,,,,,
0x00591B90,?region_set@@YAXHHH@Z,src/map.cpp:652,0,40,primary=1;eh=0;shared=0;selfmod=0,NO_COMPILE,,,,,,,
0x00591BC0,?rocky_set@@YAXHHH@Z,src/map.cpp:745,0,78,primary=1;eh=0;shared=0;selfmod=0,NO_COMPILE,,,,,,,
0x00591C10,?using_set@@YAXHHH@Z,src/map.cpp:672,0,56,primary=1;eh=0;shared=0;selfmod=0,NO_COMPILE,,,,,,,
0x00591C50,?lock_set@@YAHHHH@Z,src/map.cpp:694,0,56,primary=1;eh=0;shared=0;selfmod=0,NO_COMPILE,,,,,,,
0x00591C90,?lock_map@@YAHHHH@Z,src/map.cpp:706,0,82,primary=1;eh=0;shared=0;selfmod=0,NO_COMPILE,,,,,,,
0x00591CF0,?unlock_map@@YAXHHH@Z,src/map.cpp:723,0,57,primary=1;eh=0;shared=0;selfmod=0,NO_COMPILE,,,,,,,
0x00591D30,?bit_put@@YAXHHH@Z,src/map.cpp:769,0,40,primary=1;eh=0;shared=0;selfmod=0,NO_COMPILE,,,,,,,
0x00591D60,?bit_set@@YAXHHHH@Z,src/map.cpp:779,0,66,primary=1;eh=0;shared=0;selfmod=0,NO_COMPILE,,,,,,,
0x00591DB0,?bit2_set@@YAXHHHH@Z,src/map.cpp:803,0,66,primary=1;eh=0;shared=0;selfmod=0,NO_COMPILE,,,,,,,
0x00591E00,?code_set@@YAXHHH@Z,src/map.cpp:827,0,69,primary=1;eh=0;shared=0;selfmod=0,NO_COMPILE,,,,,,,
0x00591E50,?synch_bit@@YAXHHH@Z,src/map.cpp:840,0,50,primary=1;eh=0;shared=0;selfmod=0,NO_COMPILE,,,,,,,
0x00591F00,?minerals_at@@YAHHH@Z,src/map.cpp:852,0,263,primary=1;eh=0;shared=0;selfmod=0,NO_COMPILE,,,,,,,
0x00592030,?bonus_at@@YAHHHH@Z,src/map.cpp:897,0,261,primary=1;eh=0;shared=0;selfmod=0,NO_COMPILE,,,,,,,
0x00592140,?goody_at@@YAHHH@Z,src/map.cpp:930,0,264,primary=1;eh=0;shared=0;selfmod=0,NO_COMPILE,,,,,,,
0x00592400,?site_radius@@YAXHHH@Z,src/map.cpp:960,0,128,primary=1;eh=0;shared=0;selfmod=0,NO_COMPILE,,,,,,,
0x00592550,?find_landmark@@YAHHHH@Z,src/map.cpp:977,0,168,primary=1;eh=0;shared=0;selfmod=0,NO_COMPILE,,,,,,,
0x00592600,?new_landmark@@YAHHHPAD@Z,src/map.cpp:999,0,75,primary=1;eh=0;shared=0;selfmod=0,NO_COMPILE,,,,,,,
0x00592650,?valid_landmark@@YAHHHH@Z,src/map.cpp:1018,0,159,primary=1;eh=0;shared=0;selfmod=0,NO_COMPILE,,,,,,,
0x005926F0,?kill_landmark@@YAXHH@Z,src/map.cpp:1037,0,224,primary=1;eh=0;shared=0;selfmod=0,NO_COMPILE,,,,,,,
0x00592AF0,?clear_dirty@@YAXXZ,,0,76,primary=1;eh=0;shared=0;selfmod=0,MISMATCH,76,1,28,1,0,#0: original 'mov' vs rebuilt 'ret',
0x00592D70,sub_592d70,,0,24,primary=1;eh=0;shared=0;selfmod=0,BYTE_EXACT,24,24,,,,,
0x00592D90,sub_592d90,,0,26,primary=1;eh=0;shared=0;selfmod=0,MISMATCH,26,3,11,2,0,#0: original 'push' vs rebuilt 'xor',
0x00592DB0,sub_592db0,src/leaf_recoveries.cpp:781,0,44,primary=1;eh=0;shared=0;selfmod=0,BYTE_EXACT,44,44,,,,,
0x00592DE0,sub_592de0,,0,46,primary=1;eh=0;shared=0;selfmod=0,MISMATCH,46,3,16,2,0,#0: original 'push' vs rebuilt 'xor',
0x00593220,?synch_veh@@YAXH@Z,src/netdaemon.cpp:65,0,34,primary=1;eh=0;shared=0;selfmod=0,NO_COMPILE,,,,,,,
0x00593250,?synch_base@@YAXH@Z,src/netdaemon.cpp:75,0,34,primary=1;eh=0;shared=0;selfmod=0,NO_COMPILE,,,,,,,
0x00593280,?synch_energy@@YAXH@Z,src/netdaemon.cpp:85,0,34,primary=1;eh=0;shared=0;selfmod=0,NO_COMPILE,,,,,,,
0x005932B0,?synch_researching@@YAXH@Z,src/netdaemon.cpp:95,0,34,primary=1;eh=0;shared=0;selfmod=0,NO_COMPILE,,,,,,,
0x005932E0,?synch_leader@@YAXH@Z,src/netdaemon.cpp:105,0,34,primary=1;eh=0;shared=0;selfmod=0,NO_COMPILE,,,,,,,
0x00593310,?synch_ai@@YAXH@Z,src/netdaemon.cpp:115,0,34,primary=1;eh=0;shared=0;selfmod=0,NO_COMPILE,,,,,,,
0x00593340,?synch_research@@YAXH@Z,src/netdaemon.cpp:125,0,34,primary=1;eh=0;shared=0;selfmod=0,NO_COMPILE,,,,,,,
0x00593370,sub_593370,,0,28,primary=1;eh=0;shared=0;selfmod=0,MISMATCH,28,3,10,2,0,#0: original 'push' vs rebuilt 'xor',
0x00593390,?synch_alloc@@YAXH@Z,src/netdaemon.cpp:136,0,34,primary=1;eh=0;shared=0;selfmod=0,NO_COMPILE,,,,,,,
0x005933C0,?synch_soc@@YAXH@Z,src/netdaemon.cpp:146,0,34,primary=1;eh=0;shared=0;selfmod=0,NO_COMPILE,,,,,,,
0x005933F0,?synch_proto@@YAXH@Z,src/netdaemon.cpp:156,0,34,primary=1;eh=0;shared=0;selfmod=0,NO_COMPILE,,,,,,,
0x00593420,?synch_obs@@YAXH@Z,src/netdaemon.cpp:166,0,34,primary=1;eh=0;shared=0;selfmod=0,NO_COMPILE,,,,,,,
0x00593450,?synch_diplo@@YAXHH@Z,src/netdaemon.cpp:178,0,36,primary=1;eh=0;shared=0;selfmod=0,NO_COMPILE,,,,,,,
0x00593480,sub_593480,,0,34,primary=1;eh=0;shared=0;selfmod=0,BYTE_EXACT,34,34,,,,,
0x005934B0,?synch_template@@YAXH@Z,src/netdaemon.cpp:188,0,34,primary=1;eh=0;shared=0;selfmod=0,NO_COMPILE,,,,,,,
0x005934E0,?synch_radius@@YAXH@Z,src/netdaemon.cpp:198,0,34,primary=1;eh=0;shared=0;selfmod=0,NO_COMPILE,,,,,,,
0x00593510,?hex_cost@@YAHHHHHHHH@Z,src/veh.cpp:1809,0,799,primary=1;eh=0;shared=0;selfmod=0,NO_COMPILE,,,,,,,
0x00593830,?quick_zoc@@YAXHHHHHPAH0@Z,src/map.cpp:1332,0,460,primary=1;eh=0;shared=0;selfmod=0,NO_COMPILE,,,,,,,
0x00593A00,?supply_options@@YAHHH@Z,,0,4374,primary=1;eh=1;shared=0;selfmod=0,NO_COMPILE,,,,,,,"CL produced no object: v00593a00_0.cpp
v00593a00_0.cpp(43) : error C2059: syntax error : ';'
v00593a00_0.cpp(104) : error C2065: 'Buffer' : undeclared identifier
v00593a00_0.cpp(104) : error C2355: 'this' : can only be referenced inside non-static member functions
v00593a00_0.cpp(104) : error C2059: syntax error : ','
v00593a00_0.cpp(158) : error C2146: syntax error : missing ',' before identifier 'a1'
v00593a00_0.cpp(158) : error C2061: syntax error : identifier 'a1'
"
0x0059A1B0,??__EPaths@@YAXXZ,,0,12,primary=1;eh=0;shared=0;selfmod=0,BYTE_EXACT,12,12,,,,,
0x0059A220,?init@Path@@QAEXXZ,src/path.cpp:29,0,163,primary=1;eh=0;shared=0;selfmod=0,NO_COMPILE,,,,,,,
0x0059A2D0,?shutdown@Path@@QAEXXZ,src/path.cpp:45,0,72,primary=1;eh=0;shared=0;selfmod=0,NO_COMPILE,,,,,,,
0x0059A320,??1Path@@QAE@XZ,,0,72,primary=1;eh=0;shared=0;selfmod=0,MISMATCH,72,1,25,1,0,#0: original 'push' vs rebuilt 'ret',
0x0059A370,?zoc_path@Path@@QAEHHHH@Z,src/path.cpp:87,0,439,primary=1;eh=0;shared=0;selfmod=0,NO_COMPILE,,,,,,,
0x0059C200,?make_abstract@Path@@QAEXXZ,src/path.cpp:175,0,319,primary=1;eh=0;shared=0;selfmod=0,NO_COMPILE,,,,,,,
0x0059C340,?merge@Path@@QAEXHH@Z,src/path.cpp:198,0,119,primary=1;eh=0;shared=0;selfmod=0,NO_COMPILE,,,,,,,
0x0059C3C0,?territory@Path@@QAEXHHHH@Z,src/path.cpp:215,0,347,primary=1;eh=0;shared=0;selfmod=0,NO_COMPILE,,,,,,,
0x0059C520,?continent@Path@@QAEXHHH@Z,src/path.cpp:248,0,609,primary=1;eh=0;shared=0;selfmod=0,NO_COMPILE,,,,,,,
0x0059C790,?continents@Path@@QAEXXZ,src/path.cpp:297,0,1293,primary=1;eh=0;shared=0;selfmod=0,NO_COMPILE,,,,,,,
0x0059CCA0,?sensors@Path@@QAEHHPAHPAH@Z,src/path.cpp:396,0,1418,primary=1;eh=0;shared=0;selfmod=0,NO_COMPILE,,,,,,,
0x0059D230,sub_59d230,src/leaf_recoveries.cpp:1168,0,19,primary=1;eh=0;shared=0;selfmod=0,NO_COMPILE,,,,,,,
0x0059D3A0,?init@PopMenu@@QAEHXZ,src/popmenu.cpp:25,0,10,primary=1;eh=0;shared=0;selfmod=0,NO_COMPILE,,,,,,,
0x0059D980,?prefs_get@@YAPADPADPADH@Z,src/alpha.cpp:1217,0,153,primary=1;eh=0;shared=0;selfmod=0,NO_COMPILE,,,,,,,
0x0059DA20,?default_prefs@@YAHXZ,src/alpha.cpp:1235,0,121,primary=1;eh=0;shared=0;selfmod=0,NO_COMPILE,,,,,,,
0x0059DAA0,?default_prefs2@@YAHXZ,src/alpha.cpp:1254,0,121,primary=1;eh=0;shared=0;selfmod=0,NO_COMPILE,,,,,,,
0x0059DB20,?default_warn@@YAHXZ,src/alpha.cpp:1269,0,6,primary=1;eh=0;shared=0;selfmod=0,NO_COMPILE,,,,,,,
0x0059DB30,?default_rules@@YAHXZ,src/alpha.cpp:1282,0,6,primary=1;eh=0;shared=0;selfmod=0,NO_COMPILE,,,,,,,
0x0059DB40,?prefs_get@@YAHPADHH@Z,src/alpha.cpp:1293,0,137,primary=1;eh=0;shared=0;selfmod=0,NO_COMPILE,,,,,,,
0x0059DBD0,?prefs_fac_load@@YAXXZ,src/alpha.cpp:1312,0,280,,REFUSED,,,,,,,C++ standard library: VC6's headers differ enough to be noise
0x0059DCF0,?prefs_load@@YAXH@Z,src/alpha.cpp:1341,0,2066,,REFUSED,,,,,,,C++ standard library: VC6's headers differ enough to be noise
0x0059E510,?prefs_put@@YAXPADPAD@Z,src/alpha.cpp:1386,0,31,primary=1;eh=0;shared=0;selfmod=0,NO_COMPILE,,,,,,,
0x0059E530,?prefs_put@@YAXPADHH@Z,src/alpha.cpp:1396,0,157,primary=1;eh=0;shared=0;selfmod=0,NO_COMPILE,,,,,,,
0x0059E5D0,?prefs_save@@YAXH@Z,src/alpha.cpp:1408,0,886,,REFUSED,,,,,,,C++ standard library: VC6's headers differ enough to be noise
0x0059E950,?prefs_use@@YAXXZ,src/alpha.cpp:1444,0,35,primary=1;eh=0;shared=0;selfmod=0,NO_COMPILE,,,,,,,
0x0059E980,?vulnerable@@YAHHHH@Z,src/base.cpp:2314,0,243,primary=1;eh=0;shared=0;selfmod=0,NO_COMPILE,,,,,,,
0x0059EA80,?mind_control@@YAHHHH@Z,src/probe.cpp:45,0,962,primary=1;eh=0;shared=0;selfmod=0,NO_COMPILE,,,,,,,
0x0059EE50,?corner_market@@YAHH@Z,src/faction.cpp:1173,0,141,primary=1;eh=0;shared=0;selfmod=0,NO_COMPILE,,,,,,,
0x0059EEE0,?success_rates@@YAHHHHH@Z,src/probe.cpp:123,0,574,primary=1;eh=0;shared=0;selfmod=0,NO_COMPILE,,,,,,,
0x005A5880,?say_label@@YAXH@Z,src/alpha.cpp:1524,0,42,primary=1;eh=0;shared=0;selfmod=0,NO_COMPILE,,,,,,,
0x005A58B0,?space@@YAXXZ,,0,19,primary=1;eh=0;shared=0;selfmod=0,BYTE_EXACT,19,19,,,,,
0x005A58E0,?parse_set@@YAXHH@Z,src/general.cpp:185,0,22,primary=1;eh=0;shared=0;selfmod=0,NO_COMPILE,,,,,,,
0x005A5900,?exec@BasePop@@QAEHXZ,src/basepop.cpp:411,0,10,primary=1;eh=0;shared=0;selfmod=0,NO_COMPILE,,,,,,,
0x005A5910,?vector_dist@@YAHHHHH@Z,src/map.cpp:182,0,119,primary=1;eh=0;shared=0;selfmod=0,NO_COMPILE,,,,,,,
0x005A5990,?start@Popup@@QAEXPBD@Z,src/popup.cpp:62,0,29,primary=1;eh=0;shared=0;selfmod=0,NO_COMPILE,,,,,,,
0x005A59B0,?veh_put@@YAXHHH@Z,src/veh.cpp:1878,0,34,primary=1;eh=0;shared=0;selfmod=0,NO_COMPILE,,,,,,,
0x005A59E0,?veh_health@@YAHH@Z,src/veh.cpp:1888,0,114,primary=1;eh=0;shared=0;selfmod=0,NO_COMPILE,,,,,,,
0x005A5A60,?proto_cost@@YAHHHHHH@Z,src/veh.cpp:1902,0,641,primary=1;eh=0;shared=0;selfmod=0,NO_COMPILE,,,,,,,
0x005A5D00,?base_cost@@YAHH@Z,src/veh.cpp:2022,0,63,primary=1;eh=0;shared=0;selfmod=0,NO_COMPILE,,,,,,,
0x005A5D40,?make_proto@@YAXHHHHHH@Z,src/veh.cpp:2033,0,1321,primary=1;eh=0;shared=0;selfmod=0,NO_COMPILE,,,,,,,
0x005A65A0,?radius_move@@YAHHHH@Z,src/map.cpp:1361,0,48,primary=1;eh=0;shared=0;selfmod=0,NO_COMPILE,,,,,,,
0x005A65D0,?radius_move@@YAHHHHHH@Z,src/map.cpp:1376,0,92,primary=1;eh=0;shared=0;selfmod=0,NO_COMPILE,,,,,,,
0x005A6630,?compass_move@@YAHHHHH@Z,src/map.cpp:1393,0,176,primary=1;eh=0;shared=0;selfmod=0,NO_COMPILE,,,,,,,
0x005A96D0,?see_map_check@@YAXXZ,src/faction.cpp:1194,0,131,primary=1;eh=0;shared=0;selfmod=0,NO_COMPILE,,,,,,,
0x005ABD10,?kill_auto_save@@YAXXZ,src/general.cpp:941,0,12,primary=1;eh=0;shared=0;selfmod=0,NO_COMPILE,,,,,,,
0x005ABD20,?auto_save@@YAXXZ,src/general.cpp:951,0,281,primary=1;eh=0;shared=0;selfmod=0,NO_COMPILE,,,,,,,
0x005ABE40,?load_undo@@YAXH@Z,src/general.cpp:1026,0,127,primary=1;eh=0;shared=0;selfmod=0,NO_COMPILE,,,,,,,
0x005ABEC0,?wipe_undo@@YAXXZ,src/general.cpp:1048,0,84,primary=1;eh=0;shared=0;selfmod=0,NO_COMPILE,,,,,,,
0x005ABF20,?auto_undo@@YAXXZ,src/general.cpp:1062,0,207,primary=1;eh=0;shared=0;selfmod=0,NO_COMPILE,,,,,,,
0x005AC060,?is_objective@@YAHH@Z,src/base.cpp:2331,0,171,primary=1;eh=0;shared=0;selfmod=0,NO_COMPILE,,,,,,,
0x005AC110,?num_objectives@@YAHHH@Z,src/base.cpp:2356,0,1161,primary=1;eh=0;shared=0;selfmod=0,NO_COMPILE,,,,,,,
0x005AC630,?transcending@@YAHH@Z,src/base.cpp:2495,0,74,primary=1;eh=0;shared=0;selfmod=0,NO_COMPILE,,,,,,,
0x005AC680,?ascending@@YAHH@Z,src/base.cpp:2514,0,15,primary=1;eh=0;shared=0;selfmod=0,NO_COMPILE,,,,,,,
0x005AC690,?rankings@@YAXH@Z,src/faction.cpp:1222,0,1350,primary=1;eh=0;shared=0;selfmod=0,NO_COMPILE,,,,,,,
0x005AD3B0,?on_left_click@ReplayWin@@QAEXHH@Z,src/delegation_thunks.cpp:973,1,11,primary=1;eh=0;shared=0;selfmod=0,NO_COMPILE,,,,,,,
0x005AD3C0,?on_right_click@ReplayWin@@QAEXHH@Z,src/delegation_thunks.cpp:988,1,11,primary=1;eh=0;shared=0;selfmod=0,NO_COMPILE,,,,,,,
0x005AD3D0,?on_left_double_click@ReplayWin@@QAEXHH@Z,src/replaywin.cpp:23,0,3,primary=1;eh=0;shared=0;selfmod=0,BYTE_EXACT,3,3,,,,,
0x005AD3E0,?on_right_double_click@ReplayWin@@QAEXHH@Z,src/replaywin.cpp:32,0,3,primary=1;eh=0;shared=0;selfmod=0,BYTE_EXACT,3,3,,,,,
0x005AD3F0,?on_mouse_move@ReplayWin@@QAEXHH@Z,src/replaywin.cpp:41,0,3,primary=1;eh=0;shared=0;selfmod=0,BYTE_EXACT,3,3,,,,,
0x005AD400,?on_right_down@ReplayWin@@QAEXHH@Z,src/replaywin.cpp:50,0,3,primary=1;eh=0;shared=0;selfmod=0,BYTE_EXACT,3,3,,,,,
0x005AD410,?on_left_down@ReplayWin@@QAEXHH@Z,src/replaywin.cpp:59,0,3,primary=1;eh=0;shared=0;selfmod=0,BYTE_EXACT,3,3,,,,,
0x005AD420,?on_left_up@ReplayWin@@QAEXHH@Z,src/replaywin.cpp:68,0,3,primary=1;eh=0;shared=0;selfmod=0,BYTE_EXACT,3,3,,,,,
0x005AD430,?on_button_clicked@ReplayWin@@QAEXH@Z,src/delegation_thunks.cpp:1003,1,11,,REFUSED,,,,,,,extract failed: src/delegation_thunks.cpp:1003: no closing brace within the file
0x005AD440,?on_key_click@ReplayWin@@QAEHHH@Z,src/delegation_thunks.cpp:1018,1,16,,REFUSED,,,,,,,extract failed: src/delegation_thunks.cpp:1018: no closing brace within the file
0x005AD450,sub_5ad450,src/leaf_recoveries.cpp:572,0,32,primary=1;eh=0;shared=0;selfmod=0,MISMATCH,29,19,10,7,0,#0: original 'lea' vs rebuilt 'push',
0x005AD4C0,sub_5ad4c0,src/leaf_recoveries.cpp:845,0,64,primary=1;eh=0;shared=0;selfmod=0,MISMATCH,64,71,27,30,4,#4: original 'push' vs rebuilt 'lea',
0x005AD9A0,?close@ReplayWin@@QAEXXZ,,0,64,primary=1;eh=0;shared=0;selfmod=0,MISMATCH,50,1,14,1,0,#0: original 'push' vs rebuilt 'ret',
0x005ADBD0,?timer_callback_daemon@ReplayWin@@QAAXH@Z,,0,17,primary=1;eh=0;shared=0;selfmod=0,BYTE_EXACT,17,17,,,,,
0x005AE0B0,??_GReplayWin@@UAEPAXI@Z,src/deleting_thunks.cpp:1483,1,33,primary=1;eh=0;shared=0;selfmod=0,NO_COMPILE,,,,,,,
0x005AE0E0,??3ReplayWin@@SAXPAXI@Z,src/deleting_thunks.cpp:1499,1,11,primary=1;eh=0;shared=0;selfmod=0,NO_COMPILE,,,,,,,
0x005AE0F0,??__Eg_CRASH_LANDING_WAVE@@YAXXZ,src/init_thunks.cpp:4276,1,22,primary=1;eh=0;shared=0;selfmod=0,NO_COMPILE,,,,,,,
0x005AE110,??__Fg_CRASH_LANDING_WAVE@@YAXXZ,src/atexit_thunks.cpp:4075,1,10,primary=1;eh=0;shared=0;selfmod=0,NO_COMPILE,,,,,,,
0x005AED50,?get_plan@@YAHHH@Z,src/veh.cpp:2179,0,144,primary=1;eh=0;shared=0;selfmod=0,NO_COMPILE,,,,,,,
0x005AEDE0,?time_warp@@YAXXZ,,0,5682,primary=1;eh=0;shared=0;selfmod=0,NO_COMPILE,,,,,,,"CL produced no object: v005aede0_0.cpp
v005aede0_0.cpp(74) : error C2061: syntax error : identifier 'BOOL'
"
0x005B0D70,?compute_faction_modifiers@@YAXH@Z,src/faction.cpp:1464,0,131,primary=1;eh=0;shared=0;selfmod=0,NO_COMPILE,,,,,,,
0x005B38D0,?clear_scenario@@YAXXZ,src/game.cpp:317,0,73,primary=1;eh=0;shared=0;selfmod=0,NO_COMPILE,,,,,,,
0x005B4210,?social_calc@@YAXPAHPAHHHH@Z,src/faction.cpp:1482,0,697,primary=1;eh=0;shared=0;selfmod=0,NO_COMPILE,,,,,,,
0x005B44D0,?social_upkeep@@YAXH@Z,src/faction.cpp:1560,0,128,primary=1;eh=0;shared=0;selfmod=0,NO_COMPILE,,,,,,,
0x005B4550,?social_upheaval@@YAHHPAH@Z,src/faction.cpp:1578,0,168,primary=1;eh=0;shared=0;selfmod=0,NO_COMPILE,,,,,,,
0x005B4730,?society_avail@@YAHHHH@Z,src/faction.cpp:1604,0,86,primary=1;eh=0;shared=0;selfmod=0,NO_COMPILE,,,,,,,
0x005B4790,?social_ai@@YAXHHHHHPAH@Z,src/faction.cpp:1618,0,3714,primary=1;eh=0;shared=0;selfmod=0,NO_COMPILE,,,,,,,
0x005B5690,?sort@@YAXHPAHPAH@Z,src/general.cpp:1121,0,101,primary=1;eh=0;shared=0;selfmod=0,NO_COMPILE,,,,,,,
0x005B5700,sub_5b5700,src/veh.cpp:2201,0,202,primary=1;eh=0;shared=0;selfmod=0,NO_COMPILE,,,,,,,
0x005B57D0,?spot_base@@YAXHH@Z,src/veh.cpp:2237,0,258,primary=1;eh=0;shared=0;selfmod=0,NO_COMPILE,,,,,,,
0x005B58E0,?spot_stack@@YAXHH@Z,src/veh.cpp:2259,0,385,primary=1;eh=0;shared=0;selfmod=0,NO_COMPILE,,,,,,,
0x005B5AD0,?spot_loc@@YAXHHH@Z,src/veh.cpp:2303,0,821,primary=1;eh=0;shared=0;selfmod=0,NO_COMPILE,,,,,,,
0x005B5EA0,?want_to_wake@@YAHHHH@Z,src/veh.cpp:2341,0,448,primary=1;eh=0;shared=0;selfmod=0,NO_COMPILE,,,,,,,
0x005B6060,?wake_stack@@YAXH@Z,src/veh.cpp:2395,0,314,primary=1;eh=0;shared=0;selfmod=0,NO_COMPILE,,,,,,,
0x005B8AF0,?stack_put@@YAXHHH@Z,src/veh.cpp:2417,0,109,primary=1;eh=0;shared=0;selfmod=0,NO_COMPILE,,,,,,,
0x005B8B60,?stack_sort@@YAXH@Z,src/veh.cpp:2435,0,301,primary=1;eh=0;shared=0;selfmod=0,NO_COMPILE,,,,,,,
0x005B8C90,?stack_sort_2@@YAXH@Z,src/veh.cpp:2460,0,378,primary=1;eh=0;shared=0;selfmod=0,NO_COMPILE,,,,,,,
0x005B8E10,?stack_fix@@YAHH@Z,src/veh.cpp:2496,0,201,primary=1;eh=0;shared=0;selfmod=0,NO_COMPILE,,,,,,,
0x005B8EE0,?stack_veh@@YAHHH@Z,src/veh.cpp:2522,0,1583,primary=1;eh=0;shared=0;selfmod=0,NO_COMPILE,,,,,,,
0x005B9580,?stack_check@@YAHHHHHH@Z,src/veh.cpp:2667,0,1592,primary=1;eh=0;shared=0;selfmod=0,NO_COMPILE,,,,,,,
0x005B9C10,??__Eg_WAVE_GENERAL@@YAXXZ,src/init_thunks.cpp:4287,1,22,primary=1;eh=0;shared=0;selfmod=0,NO_COMPILE,,,,,,,
0x005B9C30,??__Fg_WAVE_GENERAL@@YAXXZ,src/atexit_thunks.cpp:4085,1,10,primary=1;eh=0;shared=0;selfmod=0,NO_COMPILE,,,,,,,
0x005B9C40,?say_tech@@YAXPADHH@Z,src/technology.cpp:86,0,688,primary=1;eh=0;shared=0;selfmod=0,NO_COMPILE,,,,,,,
0x005B9EF0,?tech_name@@YAPADHH@Z,src/technology.cpp:120,0,38,primary=1;eh=0;shared=0;selfmod=0,NO_COMPILE,,,,,,,
0x005B9F20,?has_tech@@YA_NHH@Z,src/technology.cpp:132,0,105,primary=1;eh=0;shared=0;selfmod=0,NO_COMPILE,,,,,,,
0x005B9F90,?tech_recurse@@YAHHH@Z,src/technology.cpp:155,0,80,primary=1;eh=0;shared=0;selfmod=0,NO_COMPILE,,,,,,,
0x005B9FE0,?tech_category@@YAHH@Z,src/technology.cpp:171,0,76,primary=1;eh=0;shared=0;selfmod=0,NO_COMPILE,,,,,,,
0x005BA030,?redundant@@YAHHH@Z,src/base.cpp:2524,0,173,primary=1;eh=0;shared=0;selfmod=0,NO_COMPILE,,,,,,,
0x005BA0E0,?facility_avail@@YAHHHHH@Z,src/base.cpp:2562,0,2090,primary=1;eh=0;shared=0;selfmod=0,NO_COMPILE,,,,,,,
0x005BA910,?veh_avail@@YAHHHH@Z,src/veh.cpp:2806,0,553,primary=1;eh=0;shared=0;selfmod=0,NO_COMPILE,,,,,,,
0x005BAB40,?terrain_avail@@YAHHHH@Z,src/terraforming.cpp:94,0,211,primary=1;eh=0;shared=0;selfmod=0,NO_COMPILE,,,,,,,
0x005BAC20,?tech_avail@@YAHHH@Z,src/technology.cpp:192,0,415,primary=1;eh=0;shared=0;selfmod=0,NO_COMPILE,,,,,,,
0x005BAE60,?tech_effects@@YAXH@Z,src/technology.cpp:213,0,411,primary=1;eh=0;shared=0;selfmod=0,NO_COMPILE,,,,,,,
0x005BCB60,?tech_is_preq@@YAHHHH@Z,src/technology.cpp:272,0,123,primary=1;eh=0;shared=0;selfmod=0,NO_COMPILE,,,,,,,
0x005BCBE0,?tech_val@@YAHHHH@Z,src/technology.cpp:294,0,4133,primary=1;eh=0;shared=0;selfmod=0,NO_COMPILE,,,,,,,
0x005BDC10,?tech_ai@@YAHH@Z,src/technology.cpp:530,0,340,primary=1;eh=0;shared=0;selfmod=0,NO_COMPILE,,,,,,,
0x005BDD70,?tech_mil@@YAHH@Z,src/technology.cpp:564,0,30,primary=1;eh=0;shared=0;selfmod=0,NO_COMPILE,,,,,,,
0x005BDD90,?tech_tech@@YAHH@Z,src/technology.cpp:575,0,33,primary=1;eh=0;shared=0;selfmod=0,NO_COMPILE,,,,,,,
0x005BDDC0,?tech_infra@@YAHH@Z,src/technology.cpp:585,0,33,primary=1;eh=0;shared=0;selfmod=0,NO_COMPILE,,,,,,,
0x005BDDF0,?tech_colonize@@YAHH@Z,src/technology.cpp:595,0,33,primary=1;eh=0;shared=0;selfmod=0,NO_COMPILE,,,,,,,
0x005BE100,?wants_prototype@@YAHHH@Z,src/veh.cpp:2851,0,413,primary=1;eh=0;shared=0;selfmod=0,NO_COMPILE,,,,,,,
0x005BE6B0,?tech_rate@@YAHH@Z,src/technology.cpp:605,0,641,primary=1;eh=0;shared=0;selfmod=0,NO_COMPILE,,,,,,,
0x005BEC40,??__Eg_PALETTE1@@YAXXZ,src/init_thunks.cpp:4298,1,22,primary=1;eh=0;shared=0;selfmod=0,NO_COMPILE,,,,,,,
0x005BEC60,??__Fg_PALETTE1@@YAXXZ,src/atexit_thunks.cpp:4095,1,10,primary=1;eh=0;shared=0;selfmod=0,NO_COMPILE,,,,,,,
0x005BEC70,??__Eg_PALETTE2@@YAXXZ,src/init_thunks.cpp:4309,1,22,primary=1;eh=0;shared=0;selfmod=0,NO_COMPILE,,,,,,,
0x005BEC90,??__Fg_PALETTE2@@YAXXZ,src/atexit_thunks.cpp:4105,1,10,primary=1;eh=0;shared=0;selfmod=0,NO_COMPILE,,,,,,,
0x005BF010,?is_sensor@@YAHHH@Z,src/map.cpp:1445,0,285,primary=1;eh=0;shared=0;selfmod=0,NO_COMPILE,,,,,,,
0x005BF130,?has_temple@@YAHH@Z,src/map.cpp:1603,0,190,primary=1;eh=0;shared=0;selfmod=0,NO_COMPILE,,,,,,,
0x005BF1F0,?has_abil@@YAHHH@Z,src/veh.cpp:2926,0,288,primary=1;eh=0;shared=0;selfmod=0,NO_COMPILE,,,,,,,
0x005BF310,?X_pop@@YAHPBDP6AHXZ@Z,,0,32,primary=1;eh=0;shared=0;selfmod=0,BYTE_EXACT,32,32,,,,,
0x005BF330,?X_pop@@YAHPADPBDP6AHXZ@Z,src/xpops.cpp:55,0,31,primary=1;eh=0;shared=0;selfmod=0,NO_COMPILE,,,,,,,
0x005BF350,?X_pop@@YAHPADPBDPADHP6AHXZ@Z,,0,52,primary=1;eh=0;shared=0;selfmod=0,NO_COMPILE,,,,,,,"CL produced no object: v005bf350_0.cpp
v005bf350_0.cpp(43) : error C2059: syntax error : ';'
v005bf350_0.cpp(50) : error C2146: syntax error : missing ')' before identifier 'a5'
v005bf350_0.cpp(50) : error C2146: syntax error : missing ';' before identifier 'a5'
v005bf350_0.cpp(50) : fatal error C1004: unexpected end of file found
"
0x005BF390,?X_pop@@YAHPBDHHP6AHXZ@Z,src/xpops.cpp:68,0,36,primary=1;eh=0;shared=0;selfmod=0,NO_COMPILE,,,,,,,
0x005BF3C0,?X_pop@@YAHPADPBDHHP6AHXZ@Z,src/xpops.cpp:81,0,35,primary=1;eh=0;shared=0;selfmod=0,NO_COMPILE,,,,,,,
0x005BF3F0,?X_pop@@YAHPBDHP6AHXZ@Z,src/xpops.cpp:94,0,34,primary=1;eh=0;shared=0;selfmod=0,NO_COMPILE,,,,,,,
0x005BF420,?X_pop@@YAHPADPBDHP6AHXZ@Z,src/xpops.cpp:107,0,33,primary=1;eh=0;shared=0;selfmod=0,NO_COMPILE,,,,,,,
0x005BF450,?X_pop@@YAHPBDHPADHP6AHXZ@Z,src/xpops.cpp:120,0,38,primary=1;eh=0;shared=0;selfmod=0,NO_COMPILE,,,,,,,
0x005BF5D0,?X_pops@@YAHPBDPAUSprite@@P6AHXZ@Z,src/xpops.cpp:41,0,40,primary=1;eh=0;shared=0;selfmod=0,NO_COMPILE,,,,,,,
0x005BF600,?X_pops@@YAHPBDPAUSprite@@HHP6AHXZ@Z,src/xpops.cpp:135,0,44,primary=1;eh=0;shared=0;selfmod=0,NO_COMPILE,,,,,,,
0x005BF630,?X_pops@@YAHPADPBDPAUSprite@@P6AHXZ@Z,src/xpops.cpp:149,0,39,primary=1;eh=0;shared=0;selfmod=0,NO_COMPILE,,,,,,,
0x005BF660,?X_pops@@YAHPADPBDPAUSprite@@HHP6AHXZ@Z,src/xpops.cpp:164,0,43,primary=1;eh=0;shared=0;selfmod=0,NO_COMPILE,,,,,,,
0x005BF690,?X_pops@@YAHPBDHHPAUSprite@@P6AHXZ@Z,src/xpops.cpp:179,0,44,primary=1;eh=0;shared=0;selfmod=0,NO_COMPILE,,,,,,,
0x005BF6C0,?X_pops@@YAHPBDHHPAUSprite@@HHP6AHXZ@Z,src/xpops.cpp:192,0,48,primary=1;eh=0;shared=0;selfmod=0,NO_COMPILE,,,,,,,
0x005BF6F0,?X_pops@@YAHPADPBDPADHPAUSprite@@P6AHXZ@Z,,0,60,primary=1;eh=0;shared=0;selfmod=0,NO_COMPILE,,,,,,,"CL produced no object: v005bf6f0_0.cpp
v005bf6f0_0.cpp(44) : error C2059: syntax error : ';'
v005bf6f0_0.cpp(51) : error C2146: syntax error : missing ')' before identifier 'a6'
v005bf6f0_0.cpp(51) : error C2146: syntax error : missing ';' before identifier 'a6'
v005bf6f0_0.cpp(51) : fatal error C1004: unexpected end of file found
"
0x005BF730,?X_pops@@YAHPADPBDPADHPAUSprite@@HHP6AHXZ@Z,,0,64,primary=1;eh=0;shared=0;selfmod=0,NO_COMPILE,,,,,,,"CL produced no object: v005bf730_0.cpp
v005bf730_0.cpp(44) : error C2059: syntax error : ';'
v005bf730_0.cpp(51) : error C2146: syntax error : missing ')' before identifier 'a8'
v005bf730_0.cpp(51) : error C2146: syntax error : missing ';' before identifier 'a8'
v005bf730_0.cpp(51) : fatal error C1004: unexpected end of file found
"
0x005BF770,?X_pops@@YAHPADPBDHHPAUSprite@@P6AHXZ@Z,src/xpops.cpp:206,0,43,primary=1;eh=0;shared=0;selfmod=0,NO_COMPILE,,,,,,,
0x005BF7A0,?X_pops@@YAHPADPBDHHPAUSprite@@HHP6AHXZ@Z,src/xpops.cpp:220,0,47,primary=1;eh=0;shared=0;selfmod=0,NO_COMPILE,,,,,,,
0x005BF7D0,?X_pops@@YAHPBDHPAUSprite@@P6AHXZ@Z,src/xpops.cpp:28,0,42,primary=1;eh=0;shared=0;selfmod=0,NO_COMPILE,,,,,,,
0x005BF800,?X_pops@@YAHPBDHPAUSprite@@HHP6AHXZ@Z,src/xpops.cpp:235,0,46,primary=1;eh=0;shared=0;selfmod=0,NO_COMPILE,,,,,,,
0x005BF830,?X_pops@@YAHPADPBDHPAUSprite@@P6AHXZ@Z,src/xpops.cpp:250,0,41,primary=1;eh=0;shared=0;selfmod=0,NO_COMPILE,,,,,,,
0x005BF860,?X_pops@@YAHPADPBDHPAUSprite@@HHP6AHXZ@Z,src/xpops.cpp:264,0,45,primary=1;eh=0;shared=0;selfmod=0,NO_COMPILE,,,,,,,
0x005BF890,?X_pops@@YAHPBDHPADHPAUSprite@@P6AHXZ@Z,src/xpops.cpp:279,0,46,primary=1;eh=0;shared=0;selfmod=0,NO_COMPILE,,,,,,,
0x005BF8C0,?X_pops@@YAHPBDHPADHPAUSprite@@HHP6AHXZ@Z,src/xpops.cpp:294,0,50,primary=1;eh=0;shared=0;selfmod=0,NO_COMPILE,,,,,,,
0x005BF900,?X_pops@@YAHPADPBDHPADHPAUSprite@@P6AHXZ@Z,src/xpops.cpp:308,0,45,primary=1;eh=0;shared=0;selfmod=0,NO_COMPILE,,,,,,,
0x005BFAB0,?X_pop_ask@@YAHPBDHPADP6AHXZH@Z,,0,38,primary=1;eh=0;shared=0;selfmod=0,NO_COMPILE,,,,,,,"CL produced no object: v005bfab0_0.cpp
v005bfab0_0.cpp(43) : error C2059: syntax error : ';'
v005bfab0_0.cpp(54) : error C2146: syntax error : missing ')' before identifier 'a4'
v005bfab0_0.cpp(54) : error C2146: syntax error : missing ';' before identifier 'a4'
v005bfab0_0.cpp(54) : fatal error C1004: unexpected end of file found
"
0x005BFAE0,?X_pop_ask@@YAHPADPBDHP6AHXZH@Z,,0,35,primary=1;eh=0;shared=0;selfmod=0,BYTE_EXACT,35,35,,,,,
0x005BFB10,?X_pop_ask@@YAHPBDHP6AHXZH@Z,,0,36,primary=1;eh=0;shared=0;selfmod=0,BYTE_EXACT,36,36,,,,,
0x005BFB40,?X_pop_ask@@YAHPADPBDPADP6AHXZH@Z,,0,52,primary=1;eh=0;shared=0;selfmod=0,NO_COMPILE,,,,,,,"CL produced no object: v005bfb40_0.cpp
v005bfb40_0.cpp(43) : error C2059: syntax error : ';'
v005bfb40_0.cpp(50) : error C2146: syntax error : missing ')' before identifier 'a4'
v005bfb40_0.cpp(50) : error C2146: syntax error : missing ';' before identifier 'a4'
v005bfb40_0.cpp(50) : fatal error C1004: unexpected end of file found
"
0x005BFB80,?X_pop_ask@@YAHPBDPADP6AHXZH@Z,,0,64,primary=1;eh=0;shared=0;selfmod=0,NO_COMPILE,,,,,,,"CL produced no object: v005bfb80_0.cpp
v005bfb80_0.cpp(43) : error C2059: syntax error : ';'
v005bfb80_0.cpp(55) : error C2146: syntax error : missing ')' before identifier 'a3'
v005bfb80_0.cpp(55) : error C2146: syntax error : missing ';' before identifier 'a3'
v005bfb80_0.cpp(55) : fatal error C1004: unexpected end of file found
"
0x005BFD10,?X_pop_ask_number@@YAHPBDHP6AHXZ@Z,,0,30,primary=1;eh=0;shared=0;selfmod=0,BYTE_EXACT,30,30,,,,,
0x005BFD30,?X_pop_ask_number@@YAHPADPBDP6AHXZ@Z,,0,27,primary=1;eh=0;shared=0;selfmod=0,BYTE_EXACT,27,27,,,,,
0x005BFD50,?X_pop_ask_number@@YAHPBDP6AHXZ@Z,,0,28,primary=1;eh=0;shared=0;selfmod=0,NO_COMPILE,,,,,,,"CL produced no object: v005bfd50_0.cpp
v005bfd50_0.cpp(43) : error C2059: syntax error : ';'
v005bfd50_0.cpp(54) : error C2146: syntax error : missing ')' before identifier 'a2'
v005bfd50_0.cpp(54) : error C2146: syntax error : missing ';' before identifier 'a2'
v005bfd50_0.cpp(54) : fatal error C1004: unexpected end of file found
"
0x005BFE90,?veh_at@@YAHHH@Z,src/veh.cpp:2895,0,270,primary=1;eh=0;shared=0;selfmod=0,NO_COMPILE,,,,,,,
0x005BFFA0,?veh_lift@@YAXH@Z,src/veh.cpp:2967,0,223,primary=1;eh=0;shared=0;selfmod=0,NO_COMPILE,,,,,,,
0x005C0080,?veh_drop@@YAXHHH@Z,src/veh.cpp:2998,0,284,primary=1;eh=0;shared=0;selfmod=0,NO_COMPILE,,,,,,,
0x005C01A0,?sleep@@YAXH@Z,src/veh.cpp:3029,0,42,primary=1;eh=0;shared=0;selfmod=0,NO_COMPILE,,,,,,,
0x005C01D0,?veh_demote@@YAXH@Z,src/veh.cpp:3041,0,134,primary=1;eh=0;shared=0;selfmod=0,NO_COMPILE,,,,,,,
0x005C0260,?veh_promote@@YAXH@Z,src/veh.cpp:3068,0,110,primary=1;eh=0;shared=0;selfmod=0,NO_COMPILE,,,,,,,
0x005C02D0,?veh_clear@@YAXHHH@Z,src/veh.cpp:3081,0,243,primary=1;eh=0;shared=0;selfmod=0,NO_COMPILE,,,,,,,
0x005C0DB0,?can_arty@@YAHHH@Z,src/veh.cpp:3120,0,133,primary=1;eh=0;shared=0;selfmod=0,NO_COMPILE,,,,,,,
0x005C0E40,?morale_veh@@YAHHHH@Z,src/veh.cpp:3142,0,771,primary=1;eh=0;shared=0;selfmod=0,NO_COMPILE,,,,,,,
0x005C1150,?offense_proto@@YAHHHH@Z,src/veh.cpp:3206,0,319,primary=1;eh=0;shared=0;selfmod=0,NO_COMPILE,,,,,,,
0x005C1290,?armor_proto@@YAHHHH@Z,src/veh.cpp:3238,0,285,primary=1;eh=0;shared=0;selfmod=0,NO_COMPILE,,,,,,,
0x005C13B0,?speed_proto@@YAHH@Z,src/veh.cpp:3261,0,386,primary=1;eh=0;shared=0;selfmod=0,NO_COMPILE,,,,,,,
0x005C1540,?speed@@YAHHH@Z,src/veh.cpp:3307,0,530,primary=1;eh=0;shared=0;selfmod=0,NO_COMPILE,,,,,,,
0x005C1760,?veh_cargo@@YAHH@Z,src/veh.cpp:3345,0,100,primary=1;eh=0;shared=0;selfmod=0,NO_COMPILE,,,,,,,
0x005C17D0,?prototype_factor@@YAHH@Z,src/veh.cpp:3359,0,127,primary=1;eh=0;shared=0;selfmod=0,NO_COMPILE,,,,,,,
0x005C1850,?veh_cost@@YAHHHPAH@Z,src/veh.cpp:3384,0,461,primary=1;eh=0;shared=0;selfmod=0,NO_COMPILE,,,,,,,
0x005C1C40,?veh_jail@@YAHH@Z,src/veh.cpp:3414,0,214,primary=1;eh=0;shared=0;selfmod=0,NO_COMPILE,,,,,,,
0x005C1D20,?veh_skip@@YAXH@Z,src/veh.cpp:3432,0,34,primary=1;eh=0;shared=0;selfmod=0,NO_COMPILE,,,,,,,
0x005C1D50,?veh_fake@@YAHHH@Z,src/veh.cpp:3444,0,31,primary=1;eh=0;shared=0;selfmod=0,BYTE_EXACT,31,31,,,,,
0x005C1D70,?veh_wake@@YAHH@Z,src/veh.cpp:3455,0,175,primary=1;eh=0;shared=0;selfmod=0,NO_COMPILE,,,,,,,
0x005C2020,?world_alt_set@@YAXHHHH@Z,src/map.cpp:1623,0,852,primary=1;eh=0;shared=0;selfmod=0,NO_COMPILE,,,,,,,
0x005C2380,?world_raise_alt@@YAXHH@Z,src/map.cpp:1681,0,94,primary=1;eh=0;shared=0;selfmod=0,NO_COMPILE,,,,,,,
0x005C23E0,?world_lower_alt@@YAXHH@Z,src/map.cpp:1696,0,91,primary=1;eh=0;shared=0;selfmod=0,NO_COMPILE,,,,,,,
0x005C2440,?brush@@YAXHHH@Z,src/map.cpp:1711,0,929,primary=1;eh=0;shared=0;selfmod=0,NO_COMPILE,,,,,,,
0x005C27F0,?paint_land@@YAXHHHH@Z,src/map.cpp:1773,0,246,primary=1;eh=0;shared=0;selfmod=0,NO_COMPILE,,,,,,,
0x005C28F0,?build_continent@@YAXH@Z,src/map.cpp:1804,0,588,primary=1;eh=0;shared=0;selfmod=0,NO_COMPILE,,,,,,,
0x005C2B40,?build_hills@@YAXH@Z,src/map.cpp:1862,0,360,primary=1;eh=0;shared=0;selfmod=0,NO_COMPILE,,,,,,,
0x005C3680,?world_riverbeds@@YAXXZ,src/map.cpp:1907,0,559,primary=1;eh=0;shared=0;selfmod=0,NO_COMPILE,,,,,,,
0x005C40F0,?world_validate@@YAHXZ,src/map.cpp:1958,0,123,primary=1;eh=0;shared=0;selfmod=0,NO_COMPILE,,,,,,,
0x005C4170,?world_temperature@@YAXXZ,src/map.cpp:1984,0,657,primary=1;eh=0;shared=0;selfmod=0,NO_COMPILE,,,,,,,
0x005C4FD0,?world_site@@YAHHHH@Z,src/map.cpp:2051,0,1509,primary=1;eh=0;shared=0;selfmod=0,NO_COMPILE,,,,,,,
0x005C55C0,?world_analysis@@YAXXZ,src/map.cpp:2243,0,760,primary=1;eh=0;shared=0;selfmod=0,NO_COMPILE,,,,,,,
0x005C58C0,?world_alt_put_detail@@YAXHH@Z,src/map.cpp:2308,0,27,primary=1;eh=0;shared=0;selfmod=0,NO_COMPILE,,,,,,,
0x005C58E0,?world_polar_caps@@YAXXZ,src/map.cpp:2318,0,335,primary=1;eh=0;shared=0;selfmod=0,NO_COMPILE,,,,,,,
0x005C5AE0,?world_linearize_contours@@YAXXZ,src/map.cpp:2338,0,227,primary=1;eh=0;shared=0;selfmod=0,NO_COMPILE,,,,,,,
0x005C5BD0,?near_landmark@@YAHHH@Z,src/map.cpp:2358,0,145,primary=1;eh=0;shared=0;selfmod=0,NO_COMPILE,,,,,,,
0x005C5C70,?world_crater@@YAXHH@Z,src/map.cpp:2375,0,639,primary=1;eh=0;shared=0;selfmod=0,NO_COMPILE,,,,,,,
0x005C5EF0,?world_monsoon@@YAXHH@Z,src/map.cpp:2420,0,784,primary=1;eh=0;shared=0;selfmod=0,NO_COMPILE,,,,,,,
0x005C6200,?world_sargasso@@YAXHH@Z,src/map.cpp:2468,0,664,primary=1;eh=0;shared=0;selfmod=0,NO_COMPILE,,,,,,,
0x005C64A0,?world_ruin@@YAXHH@Z,src/map.cpp:2513,0,660,primary=1;eh=0;shared=0;selfmod=0,NO_COMPILE,,,,,,,
0x005C6740,?world_dune@@YAXHH@Z,src/map.cpp:2562,0,667,primary=1;eh=0;shared=0;selfmod=0,NO_COMPILE,,,,,,,
0x005C69E0,?world_diamond@@YAXHH@Z,src/map.cpp:2605,0,593,primary=1;eh=0;shared=0;selfmod=0,NO_COMPILE,,,,,,,
0x005C6C40,?world_fresh@@YAXHH@Z,src/map.cpp:2644,0,356,primary=1;eh=0;shared=0;selfmod=0,NO_COMPILE,,,,,,,
0x005C6DB0,?world_volcano@@YAXHHH@Z,src/map.cpp:2691,0,614,primary=1;eh=0;shared=0;selfmod=0,NO_COMPILE,,,,,,,
0x005C7020,?world_borehole@@YAXHH@Z,src/map.cpp:2740,0,1307,primary=1;eh=0;shared=0;selfmod=0,NO_COMPILE,,,,,,,
0x005C7540,?world_temple@@YAXHH@Z,src/map.cpp:2828,0,521,primary=1;eh=0;shared=0;selfmod=0,NO_COMPILE,,,,,,,
0x005C7750,?world_unity@@YAXHH@Z,src/map.cpp:2864,0,805,primary=1;eh=0;shared=0;selfmod=0,NO_COMPILE,,,,,,,
0x005C7A80,?world_fossil@@YAXHH@Z,src/map.cpp:2928,0,545,primary=1;eh=0;shared=0;selfmod=0,NO_COMPILE,,,,,,,
0x005C7CB0,?world_canyon@@YAXHH@Z,src/map.cpp:2965,0,648,primary=1;eh=0;shared=0;selfmod=0,NO_COMPILE,,,,,,,
0x005C7F40,?world_mesa@@YAXHH@Z,src/map.cpp:3002,0,520,primary=1;eh=0;shared=0;selfmod=0,NO_COMPILE,,,,,,,
0x005C8150,?world_ridge@@YAXHH@Z,src/map.cpp:3037,0,603,primary=1;eh=0;shared=0;selfmod=0,NO_COMPILE,,,,,,,
0x005C83B0,?world_geothermal@@YAXHH@Z,src/map.cpp:3073,0,631,primary=1;eh=0;shared=0;selfmod=0,NO_COMPILE,,,,,,,
0x005C8630,?world_landmarks@@YAXXZ,src/map.cpp:3116,0,172,primary=1;eh=0;shared=0;selfmod=0,NO_COMPILE,,,,,,,
0x005C89A0,?game_year@@YAHH@Z,src/game.cpp:333,0,16,primary=1;eh=0;shared=0;selfmod=0,NO_COMPILE,,,,,,,
0x005C89B0,?say_year@@YAXPAD@Z,src/game.cpp:343,0,52,primary=1;eh=0;shared=0;selfmod=0,NO_COMPILE,,,,,,,
0x005C89F0,?zoc_any@@YAHHHH@Z,src/map.cpp:3142,0,208,primary=1;eh=0;shared=0;selfmod=0,NO_COMPILE,,,,,,,
0x005C8AC0,?zoc_veh@@YAHHHH@Z,src/map.cpp:3163,0,215,primary=1;eh=0;shared=0;selfmod=0,NO_COMPILE,,,,,,,
0x005C8BA0,?zoc_sea@@YAHHHH@Z,src/map.cpp:3188,0,406,primary=1;eh=0;shared=0;selfmod=0,NO_COMPILE,,,,,,,
0x005C8D40,?zoc_move@@YAHHHH@Z,src/map.cpp:3218,0,86,primary=1;eh=0;shared=0;selfmod=0,NO_COMPILE,,,,,,,
0x005C9390,?on_scrolled@Gamma@@QAEXHH@Z,,0,8,primary=1;eh=0;shared=0;selfmod=0,BYTE_EXACT,8,8,,,,,
0x005C93A0,?on_scrolling@Gamma@@QAEXHH@Z,src/delegation_thunks.cpp:1032,1,23,,REFUSED,,,,,,,extract failed: src/delegation_thunks.cpp:1032: no closing brace within the file
0x005C93C0,?on_button_clicked@Gamma@@QAEXH@Z,,0,70,primary=1;eh=0;shared=0;selfmod=0,MISMATCH,70,3,20,1,0,#0: original 'push' vs rebuilt 'ret 4',
0x005C9410,?on_key_click@Gamma@@QAEHHH@Z,src/gamma.cpp:23,0,8,primary=1;eh=0;shared=0;selfmod=0,BYTE_EXACT,8,8,,,,,
0x005C97C0,??__Eg_MULTIDEBUG@@YAXXZ,src/init_thunks.cpp:4320,1,22,primary=1;eh=0;shared=0;selfmod=0,NO_COMPILE,,,,,,,
0x005C97E0,??__Fg_MULTIDEBUG@@YAXXZ,src/atexit_thunks.cpp:4115,1,10,primary=1;eh=0;shared=0;selfmod=0,NO_COMPILE,,,,,,,
0x005C98E0,?close@MultiDebug@@QAEXXZ,src/multidebug.cpp:23,0,11,primary=1;eh=0;shared=0;selfmod=0,NO_COMPILE,,,,,,,
0x005C98F0,?timer_callback@MultiDebug@@QAEXXZ,,0,8,primary=1;eh=0;shared=0;selfmod=0,BYTE_EXACT,8,8,,,,,
0x005C9900,?timer_callback_daemon@MultiDebug@@QAAXH@Z,,0,20,primary=1;eh=0;shared=0;selfmod=0,BYTE_EXACT,20,20,,,,,
0x005C9E80,??_GMultiDebug@@UAEPAXI@Z,src/deleting_thunks.cpp:1514,1,33,primary=1;eh=0;shared=0;selfmod=0,NO_COMPILE,,,,,,,
0x005C9EB0,??3MultiDebug@@SAXPAXI@Z,src/deleting_thunks.cpp:1530,1,11,primary=1;eh=0;shared=0;selfmod=0,NO_COMPILE,,,,,,,
0x005CB610,sub_5cb610,,0,66,primary=1;eh=0;shared=0;selfmod=0,MISMATCH,66,3,22,2,0,#0: original 'mov' vs rebuilt 'xor',
0x005CB6C0,sub_5cb6c0,,0,1041,primary=1;eh=0;shared=0;selfmod=0,MISMATCH,1041,3,364,2,0,#0: original 'sub' vs rebuilt 'xor',
0x005CBBC0,sub_5cbbc0,src/leaf_recoveries.cpp:883,0,53,primary=1;eh=0;shared=0;selfmod=0,NO_COMPILE,,,,,,,
0x005CC430,sub_5cc430,src/leaf_recoveries.cpp:598,0,27,primary=1;eh=0;shared=0;selfmod=0,BYTE_EXACT,27,27,,,,,
0x005CE2B0,sub_5ce2b0,,0,64,primary=1;eh=0;shared=0;selfmod=0,NO_COMPILE,,,,,,,"CL produced no object: v005ce2b0_0.cpp
v005ce2b0_0.cpp(44) : error C2061: syntax error : identifier 'SIZE_T'
"
0x005CE2F0,sub_5ce2f0,,0,70,primary=1;eh=0;shared=0;selfmod=0,MISMATCH,70,3,31,2,0,#0: original 'mov' vs rebuilt 'xor',
0x005CE340,sub_5ce340,,0,267,primary=1;eh=0;shared=0;selfmod=0,MISMATCH,267,3,90,2,0,#0: original 'sub' vs rebuilt 'xor',
0x005CE620,sub_5ce620,,0,31,primary=1;eh=0;shared=0;selfmod=0,BYTE_EXACT,31,31,,,,,
0x005CEA09,sub_5cea09,,0,265,primary=1;eh=0;shared=0;selfmod=0,MISMATCH,265,3,86,2,0,#0: original 'push' vs rebuilt 'xor',
0x005CEE80,sub_5cee80,,0,266,primary=1;eh=0;shared=0;selfmod=0,MISMATCH,266,3,75,2,0,#0: original 'mov' vs rebuilt 'xor',
0x005CF120,sub_5cf120,,0,36,primary=1;eh=0;shared=0;selfmod=0,MISMATCH,36,38,12,13,7,#7: original 'jl' vs rebuilt 'jge',
0x005D271D,sub_5d271d,,0,68,primary=1;eh=0;shared=0;selfmod=0,MISMATCH,68,3,34,2,0,#0: original 'push' vs rebuilt 'xor',
0x005D2C0A,sub_5d2c0a,,0,265,primary=1;eh=0;shared=0;selfmod=0,MISMATCH,265,3,86,2,0,#0: original 'push' vs rebuilt 'xor',
0x005D4240,sub_5d4240,,0,60,primary=1;eh=0;shared=0;selfmod=0,MISMATCH,60,3,30,2,0,#0: original 'push' vs rebuilt 'xor',
0x005D4510,?mem_get@@YAPAXH@Z,src/general.cpp:128,0,44,primary=1;eh=0;shared=0;selfmod=0,NO_COMPILE,,,,,,,
0x005D4540,Heap::Heap2,src/field_accessors.cpp:908,1,17,primary=1;eh=0;shared=0;selfmod=0,BYTE_EXACT,17,17,,,,,
0x005D4560,??0Heap@@QAE@XZ,,0,19,,REFUSED,,,,,,,no source_locations; not censusable
0x005D4580,??1Heap@@QAE@XZ,,0,42,,REFUSED,,,,,,,no source_locations; not censusable
0x005D45B0,?shutdown@Heap@@QAEXXZ,src/heap.cpp:24,0,42,primary=1;eh=0;shared=0;selfmod=0,NO_COMPILE,,,,,,,
0x005D45E0,?squeeze@Heap@@QAEXH@Z,src/heap.cpp:41,0,53,primary=1;eh=0;shared=0;selfmod=0,NO_COMPILE,,,,,,,
0x005D4620,?init@Heap@@QAE_NH@Z,src/heap.cpp:57,0,85,primary=1;eh=0;shared=0;selfmod=0,NO_COMPILE,,,,,,,
0x005D4680,?get@Heap@@QAEPAXH@Z,src/heap.cpp:78,0,331,primary=1;eh=0;shared=0;selfmod=0,NO_COMPILE,,,,,,,
0x005D4860,sub_5d4860,,0,39,primary=1;eh=0;shared=0;selfmod=0,MISMATCH,39,5,14,2,0,#0: original 'mov' vs rebuilt 'xor',
0x005D4990,sub_5d4990,,0,62,primary=1;eh=0;shared=0;selfmod=0,MISMATCH,62,5,21,2,0,#0: original 'mov' vs rebuilt 'xor',
0x005D4CC0,sub_5d4cc0,,0,39,primary=1;eh=0;shared=0;selfmod=0,MISMATCH,39,5,14,2,0,#0: original 'mov' vs rebuilt 'xor',
0x005D4CF0,??0GraphicWin@@QAE@XZ,src/graphicwin.cpp:49,0,230,primary=1;eh=1;shared=0;selfmod=0,NO_COMPILE,,,,,,,
0x005D4DD0,??1GraphicWin@@QAE@XZ,src/graphicwin.cpp:170,0,121,primary=1;eh=1;shared=0;selfmod=0,NO_COMPILE,,,,,,,
0x005D4E40,?close@GraphicWin@@QAEXXZ,src/graphicwin.cpp:114,0,166,primary=1;eh=0;shared=0;selfmod=0,NO_COMPILE,,,,,,,
0x005D4EF0,?init@GraphicWin@@QAEXHHHHPADHPAUWin@@PAUMenu@@PAUBorderSizing@@@Z,src/graphicwin.cpp:409,0,443,primary=1;eh=1;shared=0;selfmod=0,NO_COMPILE,,,,,,,
0x005D50A0,?init@GraphicWin@@QAEHPAURECT@@PADHPAUWin@@PAUMenu@@PAUBorderSizing@@@Z,,0,72,primary=1;eh=0;shared=0;selfmod=0,MISMATCH,72,5,31,2,0,#0: original 'mov' vs rebuilt 'xor',
0x005D5240,nullsub_224,src/nullsub_thunks.cpp:445,1,1,primary=1;eh=0;shared=0;selfmod=0,BYTE_EXACT,1,1,,,,,
0x005D5250,?fill@GraphicWin@@QAEXH@Z,src/graphicwin.cpp:254,0,246,,REFUSED,,,,,,,C++ standard library: VC6's headers differ enough to be noise
0x005D5440,?fill@GraphicWin@@QAEHHHHHH@Z,src/graphicwin.cpp:206,0,39,primary=1;eh=0;shared=0;selfmod=0,NO_COMPILE,,,,,,,
0x005D5470,sub_5d5470,src/leaf_recoveries.cpp:659,0,34,primary=1;eh=0;shared=0;selfmod=0,NO_COMPILE,,,,,,,
0x005D54A0,sub_5d54a0,,0,34,primary=1;eh=0;shared=0;selfmod=0,MISMATCH,34,5,11,2,0,#0: original 'mov' vs rebuilt 'xor',
0x005D54D0,sub_5d54d0,,0,34,primary=1;eh=0;shared=0;selfmod=0,MISMATCH,34,5,11,2,0,#0: original 'mov' vs rebuilt 'xor',
0x005D5500,?load_pcx@GraphicWin@@QAEHPADPAUPalette@@HH@Z,,0,54,primary=1;eh=0;shared=0;selfmod=0,NO_COMPILE,,,,,,,"CL produced no object: v005d5500_0.cpp
v005d5500_0.cpp(63) : error C2146: syntax error : missing ',' before identifier 'a1'
v005d5500_0.cpp(63) : error C2061: syntax error : identifier 'a1'
v005d5500_0.cpp(63) : error C2511: 'load_pcx' : overloaded member function 'int (struct int8 *)' not found in 'GraphicWin'
        v005d5500_0.cpp(59) : see declaration of 'GraphicWin'
"
0x005D5590,sub_5d5590,,0,60,primary=1;eh=0;shared=0;selfmod=0,MISMATCH,60,3,23,2,0,#0: original 'mov' vs rebuilt 'xor',
0x005D5A70,?redraw@GraphicWin@@QAEXXZ,src/graphicwin.cpp:322,0,244,,REFUSED,,,,,,,C++ standard library: VC6's headers differ enough to be noise
0x005D6310,?on_mouse_move@GraphicWin@@QAEXHHIH@Z,,0,28,primary=1;eh=0;shared=0;selfmod=0,BYTE_EXACT,28,28,,,,,
0x005D6330,?on_set_cursor@GraphicWin@@QAEHPAXII@Z,,0,32,primary=1;eh=0;shared=0;selfmod=0,NO_COMPILE,,,,,,,"CL produced no object: v005d6330_0.cpp
v005d6330_0.cpp(44) : error C2065: 'Win' : undeclared identifier
v005d6330_0.cpp(44) : error C2355: 'this' : can only be referenced inside non-static member functions
v005d6330_0.cpp(44) : error C2062: type 'void' unexpected
"
0x005D6350,sub_5d6350,,0,43,primary=1;eh=0;shared=0;selfmod=0,MISMATCH,43,3,16,2,0,#0: original 'mov' vs rebuilt 'xor',
0x005D6380,sub_5d6380,,0,42,primary=1;eh=0;shared=0;selfmod=0,MISMATCH,42,3,17,2,0,#0: original 'mov' vs rebuilt 'xor',
0x005D63B0,sub_5d63b0,,0,46,primary=1;eh=0;shared=0;selfmod=0,MISMATCH,46,3,18,2,0,#0: original 'mov' vs rebuilt 'xor',
0x005D7140,??_GGraphicWin@@UAEPAXI@Z,src/deleting_thunks.cpp:1545,1,30,primary=1;eh=0;shared=0;selfmod=0,NO_COMPILE,,,,,,,
0x005D7160,??3GraphicWin@@SAXPAXI@Z,src/deleting_thunks.cpp:1562,1,11,primary=1;eh=0;shared=0;selfmod=0,NO_COMPILE,,,,,,,
0x005D7170,sub_5d7170,,0,36,primary=1;eh=0;shared=0;selfmod=0,NO_COMPILE,,,,,,,"CL produced no object: v005d7170_0.cpp
v005d7170_0.cpp(45) : error C4234: nonstandard extension used : '__thiscall' keyword reserved for future use
v005d7170_0.cpp(45) : error C4234: nonstandard extension used : '__thiscall' keyword reserved for future use
"
0x005D71A0,sub_5d71a0,,0,40,primary=1;eh=0;shared=0;selfmod=0,NO_COMPILE,,,,,,,"CL produced no object: v005d71a0_0.cpp
v005d71a0_0.cpp(44) : error C4234: nonstandard extension used : '__thiscall' keyword reserved for future use
"
0x005D71D0,??__Eg_BUFFER_SPRITE@@YAXXZ,src/init_thunks.cpp:4331,1,22,primary=1;eh=0;shared=0;selfmod=0,NO_COMPILE,,,,,,,
0x005D71F0,??__Fg_BUFFER_SPRITE@@YAXXZ,src/guarded_teardowns.cpp:187,0,31,primary=1;eh=0;shared=0;selfmod=0,NO_COMPILE,,,,,,,
0x005D7210,??0Buffer@@QAE@XZ,src/buffer.cpp:31,0,530,primary=1;eh=1;shared=0;selfmod=0,NO_COMPILE,,,,,,,
0x005D7410,??1Buffer@@QAE@XZ,src/buffer.cpp:597,0,107,primary=1;eh=1;shared=0;selfmod=0,NO_COMPILE,,,,,,,
0x005D7470,?close@Buffer@@QAEXXZ,src/buffer.cpp:463,0,501,primary=1;eh=0;shared=0;selfmod=0,NO_COMPILE,,,,,,,
0x005D79C0,?resize@Buffer@@QAEXHH@Z,,0,69,primary=1;eh=0;shared=0;selfmod=0,NO_COMPILE,,,,,,,"CL produced no object: v005d79c0_0.cpp
v005d79c0_0.cpp(67) : error C2146: syntax error : missing ',' before identifier 'a1'
v005d79c0_0.cpp(67) : error C2061: syntax error : identifier 'a1'
v005d79c0_0.cpp(67) : error C2511: 'resize' : overloaded member function 'void (int)' not found in 'Buffer'
        v005d79c0_0.cpp(62) : see declaration of 'Buffer'
"
0x005D7A10,sub_5d7a10,src/leaf_recoveries.cpp:628,0,31,primary=1;eh=0;shared=0;selfmod=0,NO_COMPILE,,,,,,,
0x005D7AE0,sub_5d7ae0,,0,61,primary=1;eh=0;shared=0;selfmod=0,NO_COMPILE,,,,,,,"CL produced no object: v005d7ae0_0.cpp
v005d7ae0_0.cpp(48) : error C2143: syntax error : missing ',' before '*'
v005d7ae0_0.cpp(48) : error C2059: syntax error : '*'
"
0x005D7B20,?load_tga@Buffer@@QAGHPBD@Z,,0,22,primary=1;eh=0;shared=0;selfmod=0,BYTE_EXACT,22,22,,,,,
0x005D7C80,?load_bmp@Buffer@@QAGHPBD@Z,,0,22,primary=1;eh=0;shared=0;selfmod=0,BYTE_EXACT,22,22,,,,,
0x005D7F20,sub_5d7f20,,0,262,primary=1;eh=1;shared=0;selfmod=0,MISMATCH,219,5,44,2,0,#0: original 'push' vs rebuilt 'xor',
0x005D8000,?set_clip@Buffer@@QAEHPAURECT@@@Z,src/buffer.cpp:755,0,499,primary=1;eh=0;shared=0;selfmod=0,NO_COMPILE,,,,,,,
0x005D8200,?set_clip@Buffer@@QAEHHHHH@Z,,0,61,primary=1;eh=0;shared=0;selfmod=0,NO_COMPILE,,,,,,,"CL produced no object: v005d8200_0.cpp
v005d8200_0.cpp(61) : error C2146: syntax error : missing ',' before identifier 'a1'
v005d8200_0.cpp(61) : error C2061: syntax error : identifier 'a1'
v005d8200_0.cpp(61) : error C2511: 'set_clip' : overloaded member function 'int (int)' not found in 'Buffer'
        v005d8200_0.cpp(57) : see declaration of 'Buffer'
"
0x005D8240,?fill@Buffer@@QAEHHHHHH@Z,,0,66,primary=1;eh=0;shared=0;selfmod=0,BYTE_EXACT,66,66,,,,,
0x005D8360,sub_5d8360,src/global_arith.cpp:430,1,11,primary=1;eh=0;shared=0;selfmod=0,NO_COMPILE,,,,,,,
0x005D95B0,?copy@Buffer@@QAEHPAVBuffer@@HHHH@Z,src/buffer.cpp:415,0,35,primary=1;eh=0;shared=0;selfmod=0,NO_COMPILE,,,,,,,
0x005D95E0,?copy@Buffer@@QAEHPAVBuffer@@PAURECT@@@Z,src/buffer.cpp:439,0,42,primary=1;eh=0;shared=0;selfmod=0,NO_COMPILE,,,,,,,
0x005DA330,?map_colors@Buffer@@QAEHHHHHPAE@Z,,0,401,primary=1;eh=0;shared=0;selfmod=0,MISMATCH,401,380,168,157,6,#6: original 'mov' vs rebuilt 'push',
0x005DA680,?poly@Buffer@@QAEHPAUVert@@HH@Z,,0,27,primary=1;eh=0;shared=0;selfmod=0,NO_COMPILE,,,,,,,"CL produced no object: v005da680_0.cpp
v005da680_0.cpp(46) : error C2065: 'Buffer' : undeclared identifier
v005da680_0.cpp(46) : error C2059: syntax error : ','
"
0x005DA6A0,sub_5da6a0,src/field_accessors.cpp:302,1,8,primary=1;eh=0;shared=0;selfmod=0,BYTE_EXACT,8,8,,,,,
0x005DA6B0,sub_5da6b0,src/field_accessors.cpp:324,1,8,primary=1;eh=0;shared=0;selfmod=0,BYTE_EXACT,8,8,,,,,
0x005DAC70,?set_font@Buffer@@QAEHPAVFont@@PAVFont@@PAVFont@@PAVFont@@@Z,src/buffer.cpp:140,0,64,primary=1;eh=0;shared=0;selfmod=0,NO_COMPILE,,,,,,,
0x005DACB0,?set_text_color@Buffer@@QAEXHHHH@Z,src/buffer.cpp:159,0,43,primary=1;eh=0;shared=0;selfmod=0,NO_COMPILE,,,,,,,
0x005DACE0,?set_text_color2@Buffer@@QAEXHHHH@Z,src/buffer.cpp:172,0,43,primary=1;eh=0;shared=0;selfmod=0,NO_COMPILE,,,,,,,
0x005DAD10,?set_text_color3@Buffer@@QAEXHHHH@Z,src/buffer.cpp:185,0,43,primary=1;eh=0;shared=0;selfmod=0,NO_COMPILE,,,,,,,
0x005DAD40,?set_text_color_hyper@Buffer@@QAEXHHHH@Z,src/buffer.cpp:198,0,43,primary=1;eh=0;shared=0;selfmod=0,NO_COMPILE,,,,,,,
0x005DB400,sub_5db400,,0,79,primary=1;eh=0;shared=0;selfmod=0,NO_COMPILE,,,,,,,"CL produced no object: v005db400_0.cpp
v005db400_0.cpp(44) : error C2065: 'int8' : undeclared identifier
v005db400_0.cpp(44) : error C2059: syntax error : ','
"
0x005DB990,?wrap@Buffer@@QAEHPAVFont@@PADPAURECT@@@Z,,0,79,primary=1;eh=0;shared=0;selfmod=0,MISMATCH,79,5,31,2,0,#0: original 'push' vs rebuilt 'xor',
0x005DBC00,?wrap_cent@Buffer@@QAEHPAVFont@@PADPAURECT@@@Z,,0,79,primary=1;eh=0;shared=0;selfmod=0,MISMATCH,79,5,31,2,0,#0: original 'push' vs rebuilt 'xor',
0x005DBCB0,?wrap_right@Buffer@@QAEHPAVFont@@PADH@Z,,0,79,primary=1;eh=0;shared=0;selfmod=0,MISMATCH,79,5,31,2,0,#0: original 'push' vs rebuilt 'xor',
0x005DC2D0,?get_special@@YAHPADPAH@Z,,0,60,primary=1;eh=0;shared=0;selfmod=0,MISMATCH,60,3,29,2,0,#0: original 'push' vs rebuilt 'xor',
0x005DC310,?get_special_link@@YAHPADPAH@Z,,0,65,primary=1;eh=0;shared=0;selfmod=0,MISMATCH,65,3,31,2,0,#0: original 'push' vs rebuilt 'xor',
0x005DC790,?text_width@Buffer@@QAEHPAD@Z,src/buffer.cpp:845,0,42,primary=1;eh=0;shared=0;selfmod=0,NO_COMPILE,,,,,,,
0x005DCA80,?text_height@Buffer@@QAEHXZ,src/buffer.cpp:733,0,37,primary=1;eh=0;shared=0;selfmod=0,NO_COMPILE,,,,,,,
0x005DCAB0,?text_line_height@Buffer@@QAEHXZ,src/buffer.cpp:358,0,43,primary=1;eh=0;shared=0;selfmod=0,NO_COMPILE,,,,,,,
0x005DCEA0,?write_l@Buffer@@QAEHPADHHH@Z,src/buffer.cpp:960,0,148,primary=1;eh=0;shared=0;selfmod=0,NO_COMPILE,,,,,,,
0x005DCF40,?write_l@Buffer@@QAEHPADPAURECT@@H@Z,src/buffer.cpp:1004,0,214,primary=1;eh=0;shared=0;selfmod=0,NO_COMPILE,,,,,,,
0x005DD020,?write_cent_l@Buffer@@QAEHPADHHHH@Z,src/buffer.cpp:1065,0,178,primary=1;eh=0;shared=0;selfmod=0,NO_COMPILE,,,,,,,
0x005DD0E0,?write_cent_l@Buffer@@QAEHPADHHHHH@Z,,0,67,primary=1;eh=0;shared=0;selfmod=0,MISMATCH,67,5,22,2,0,#0: original 'sub' vs rebuilt 'xor',
0x005DD130,?write_cent_l@Buffer@@QAEHPADPAURECT@@H@Z,src/buffer.cpp:1115,0,282,primary=1;eh=0;shared=0;selfmod=0,NO_COMPILE,,,,,,,
0x005DDC90,?wrap_right@Buffer@@QAEHPADH@Z,,0,257,primary=1;eh=0;shared=0;selfmod=0,MISMATCH,257,5,99,2,0,#0: original 'push' vs rebuilt 'xor',
0x005DDDA0,?wrap_height_flying@Buffer@@QAEHPADH@Z,,0,50,primary=1;eh=0;shared=0;selfmod=0,MISMATCH,50,5,13,2,0,#0: original 'mov' vs rebuilt 'xor',
0x005DDDE0,?wrap_height_flying@Buffer@@QAEHPAD@Z,,0,266,primary=1;eh=0;shared=0;selfmod=0,MISMATCH,266,5,84,2,0,#0: original 'mov' vs rebuilt 'xor',
0x005DDF60,?wrap_flying@Buffer@@QAEHPADHHH@Z,,0,70,primary=1;eh=0;shared=0;selfmod=0,MISMATCH,70,5,17,2,0,#0: original 'mov' vs rebuilt 'xor',
0x005DE2E0,sub_5de2e0,,0,58,primary=1;eh=0;shared=0;selfmod=0,NO_COMPILE,,,,,,,"CL produced no object: v005de2e0_0.cpp
v005de2e0_0.cpp(44) : error C2065: 'LPCSTR' : undeclared identifier
v005de2e0_0.cpp(44) : error C2146: syntax error : missing ')' before identifier 'lpString'
v005de2e0_0.cpp(44) : warning C4229: anachronism used : modifiers on data are ignored
v005de2e0_0.cpp(44) : error C2059: syntax error : ')'
"
0x005DE8F0,?sync_to_palette@Buffer@@QAEHPAVPalette@@@Z,src/buffer.cpp:690,0,290,primary=1;eh=0;shared=0;selfmod=0,NO_COMPILE,,,,,,,
0x005DEF90,?clear_links@Buffer@@QAEXXZ,src/buffer.cpp:934,0,68,primary=1;eh=0;shared=0;selfmod=0,NO_COMPILE,,,,,,,
0x005DF570,?init_class@Buffer@@QAAHXZ,src/buffer.cpp:211,0,3,primary=1;eh=0;shared=0;selfmod=0,BYTE_EXACT,3,3,,,,,
0x005DF580,?close_class@Buffer@@QAAXXZ,src/buffer.cpp:221,0,1,primary=1;eh=0;shared=0;selfmod=0,BYTE_EXACT,1,1,,,,,
0x005DFF00,?copy@Buffer@@QAEHPAVBuffer@@HHHHHH@Z,,0,2203,primary=1;eh=0;shared=0;selfmod=0,MISMATCH,2203,1970,761,661,5,#5: original 'push' vs rebuilt 'mov',
0x005E2460,sub_5e2460,src/field_accessors.cpp:346,1,8,primary=1;eh=0;shared=0;selfmod=0,BYTE_EXACT,8,8,,,,,
0x005E2470,sub_5e2470,src/field_accessors.cpp:368,1,8,primary=1;eh=0;shared=0;selfmod=0,BYTE_EXACT,8,8,,,,,
0x005E3203,?box@Buffer@@QAEHPAURECT@@HH@Z,src/buffer.cpp:893,0,125,primary=1;eh=0;shared=0;selfmod=0,NO_COMPILE,,,,,,,
0x005E3373,?get_data@Buffer@@QAEHXZ,src/buffer.cpp:275,0,119,primary=1;eh=0;shared=0;selfmod=0,NO_COMPILE,,,,,,,
0x005E34A3,?free_data@Buffer@@QAEXH@Z,src/buffer.cpp:320,0,88,primary=1;eh=0;shared=0;selfmod=0,NO_COMPILE,,,,,,,
0x005E3503,?get_hdc@Buffer@@QAEHXZ,src/buffer.cpp:616,0,89,primary=1;eh=0;shared=0;selfmod=0,NO_COMPILE,,,,,,,
0x005E3563,?release_hdc@Buffer@@QAEXH@Z,src/buffer.cpp:650,0,96,primary=1;eh=0;shared=0;selfmod=0,NO_COMPILE,,,,,,,
0x005E35D0,sub_5e35d0,src/field_accessors.cpp:390,1,31,primary=1;eh=0;shared=0;selfmod=0,BYTE_EXACT,31,31,,,,,
0x005E35F0,sub_5e35f0,src/field_accessors.cpp:422,1,29,primary=1;eh=0;shared=0;selfmod=0,BYTE_EXACT,29,29,,,,,
0x005E3610,??_GBuffer@@UAEPAXI@Z,src/deleting_thunks.cpp:1577,1,30,primary=1;eh=0;shared=0;selfmod=0,NO_COMPILE,,,,,,,
0x005E3630,sub_5e3630,src/leaf_recoveries.cpp:184,0,20,primary=1;eh=0;shared=0;selfmod=0,MISMATCH,20,20,9,9,2,#2: original 'je' vs rebuilt 'jne',
0x005E3650,sub_5e3650,src/leaf_recoveries.cpp:211,0,16,primary=1;eh=0;shared=0;selfmod=0,MISMATCH,16,16,8,8,2,#2: original 'jl' vs rebuilt 'jge',
0x005E3660,sub_5e3660,src/leaf_recoveries.cpp:244,0,46,primary=1;eh=0;shared=0;selfmod=0,BYTE_EXACT,46,46,,,,,
0x005E3730,sub_5e3730,,0,59,primary=1;eh=0;shared=0;selfmod=0,NO_COMPILE,,,,,,,"CL produced no object: v005e3730_0.cpp
v005e3730_0.cpp(54) : error C2146: syntax error : missing ',' before identifier 'a1'
v005e3730_0.cpp(54) : error C2061: syntax error : identifier 'a1'
"
0x005E3770,sub_5e3770,,0,57,primary=1;eh=0;shared=0;selfmod=0,NO_COMPILE,,,,,,,"CL produced no object: v005e3770_0.cpp
v005e3770_0.cpp(58) : error C2146: syntax error : missing ',' before identifier 'a1'
v005e3770_0.cpp(58) : error C2061: syntax error : identifier 'a1'
"
0x005E37B0,??__Eg_BUFFER@@YAXXZ,src/init_thunks.cpp:4342,1,22,primary=1;eh=0;shared=0;selfmod=0,NO_COMPILE,,,,,,,
0x005E37D0,??__Fg_BUFFER@@YAXXZ,src/atexit_thunks.cpp:4125,1,10,primary=1;eh=0;shared=0;selfmod=0,NO_COMPILE,,,,,,,
0x005E37E0,??0Sprite@@QAE@XZ,src/sprite.cpp:29,0,53,primary=1;eh=0;shared=0;selfmod=0,NO_COMPILE,,,,,,,
0x005E3820,?close@Sprite@@QAEXXZ,src/sprite.cpp:61,0,100,primary=1;eh=0;shared=0;selfmod=0,NO_COMPILE,,,,,,,
0x005E3960,?extract@Sprite@@QAEHPAUBuffer@@HPAURECT@@PAUTexHeap@@@Z,,0,62,primary=1;eh=0;shared=0;selfmod=0,NO_COMPILE,,,,,,,"CL produced no object: v005e3960_0.cpp
v005e3960_0.cpp(53) : error C2014: preprocessor command must start as first nonwhite space
v005e3960_0.cpp(54) : error C2143: syntax error : missing ')' before '}'
v005e3960_0.cpp(54) : error C2059: syntax error : ')'
v005e3960_0.cpp(56) : error C2014: preprocessor command must start as first nonwhite space
v005e3960_0.cpp(65) : fatal error C1004: unexpected end of file found
"
0x005E39A0,?extract@Sprite@@QAEHPAUBuffer@@HHHHHPAUTexHeap@@@Z,,0,1105,primary=1;eh=0;shared=0;selfmod=0,NO_COMPILE,,,,,,,"CL produced no object: v005e39a0_0.cpp
v005e39a0_0.cpp(49) : error C2014: preprocessor command must start as first nonwhite space
v005e39a0_0.cpp(50) : error C2628: '$S1' followed by 'int' is illegal (did you forget a ';'?)
v005e39a0_0.cpp(51) : error C2143: syntax error : missing ';' before '}'
v005e39a0_0.cpp(51) : error C2143: syntax error : missing ';' before '}'
v005e39a0_0.cpp(51) : error C2143: syntax error : missing ';' before '}'
v005e39a0_0.cpp(68) : error C2014: preprocessor command must start as first nonwhite space
v005e39a0_0.cpp(69) : error C2143: syntax error : missing ')' before '}'
v005e39a0_0.cpp(69) : error C2059: syntax error : ')'
v005e39a0_0.cpp(71) : error C2014: preprocessor command must start as first nonwhite space
v005e39a0_0.cpp(80) : fatal error C1004: unexpected end of file found
"
0x005E4ADA,?UNK1@Sprite@@QAEHHHHHHHH@Z,src/sprite.cpp:125,0,5,primary=1;eh=0;shared=0;selfmod=0,BYTE_EXACT,5,5,,,,,
0x005E4AEA,?UNK2@Sprite@@QAEHHHHHH@Z,src/sprite.cpp:140,0,5,primary=1;eh=0;shared=0;selfmod=0,BYTE_EXACT,5,5,,,,,
0x005E4B4A,?draw@Sprite@@QAEHPAUBuffer@@HHHHH@Z,src/sprite.cpp:100,0,75,primary=1;eh=0;shared=0;selfmod=0,NO_COMPILE,,,,,,,
0x005E73CC,?draw_dest_unk1@Sprite@@QAEHPAUBuffer@@HHHHPAE@Z,,0,75,primary=1;eh=0;shared=0;selfmod=0,NO_COMPILE,,,,,,,"CL produced no object: v005e73cc_0.cpp
v005e73cc_0.cpp(55) : error C2143: syntax error : missing ',' before '*'
v005e73cc_0.cpp(55) : error C2059: syntax error : '*'
v005e73cc_0.cpp(58) : error C2143: syntax error : missing ',' before '*'
v005e73cc_0.cpp(58) : error C2059: syntax error : '*'
"
0x005EAAFF,?UNK3@Sprite@@QAEXHH@Z,src/sprite.cpp:154,0,3,primary=1;eh=0;shared=0;selfmod=0,BYTE_EXACT,3,3,,,,,
0x005EAD8F,?UNK4@Sprite@@QAEXHH@Z,src/sprite.cpp:167,0,3,primary=1;eh=0;shared=0;selfmod=0,BYTE_EXACT,3,3,,,,,
0x005EAF3F,?create_blank@Sprite@@QAEHHHH@Z,,0,71,primary=1;eh=0;shared=0;selfmod=0,MISMATCH,71,5,25,2,0,#0: original 'mov' vs rebuilt 'xor',
0x005EB32F,?kill_entry@SpriteList@@QAEHPAUSpriteStruct@@@Z,,0,28,primary=1;eh=0;shared=0;selfmod=0,BYTE_EXACT,28,28,,,,,
0x005EB350,??__Eg_WIN_BUFFER@@YAXXZ,src/init_thunks.cpp:4353,1,22,primary=1;eh=0;shared=0;selfmod=0,NO_COMPILE,,,,,,,
0x005EB370,??__Fg_WIN_BUFFER@@YAXXZ,src/guarded_teardowns.cpp:206,0,31,primary=1;eh=0;shared=0;selfmod=0,NO_COMPILE,,,,,,,
0x005EB390,sub_5eb390,,0,22,primary=1;eh=0;shared=0;selfmod=0,BYTE_EXACT,22,22,,,,,
0x005EB3B0,sub_5eb3b0,src/guarded_teardowns.cpp:226,0,31,primary=1;eh=0;shared=0;selfmod=0,NO_COMPILE,,,,,,,
0x005EB3D0,??0Win@@QAE@XZ,src/win.cpp:32,0,621,primary=1;eh=0;shared=0;selfmod=0,NO_COMPILE,,,,,,,
0x005EC630,?init@Win@@QAEHPAURECT@@PADHPAVWin@@PAVMenu@@PAUBorderSizing@@@Z,,0,72,primary=1;eh=0;shared=0;selfmod=0,MISMATCH,72,5,31,2,0,#0: original 'mov' vs rebuilt 'xor',
0x005EC680,?UNK1@Win@@QAEHHHHHHHHHH@Z,src/win.cpp:594,0,5,primary=1;eh=0;shared=0;selfmod=0,BYTE_EXACT,5,5,,,,,
0x005EC690,?get_hdc@Win@@QAGPAUHDC__@@XZ,src/win.cpp:468,0,81,primary=1;eh=0;shared=0;selfmod=0,NO_COMPILE,,,,,,,
0x005EC6F0,?release_hdc@Win@@QAGXXZ,src/win.cpp:497,0,76,primary=1;eh=0;shared=0;selfmod=0,NO_COMPILE,,,,,,,
0x005EC740,?set_cursor@Win@@QAEHPAVSprite@@HH@Z,,0,51,primary=1;eh=0;shared=0;selfmod=0,NO_COMPILE,,,,,,,"CL produced no object: v005ec740_0.cpp
v005ec740_0.cpp(46) : error C2065: 'Win' : undeclared identifier
v005ec740_0.cpp(46) : error C2355: 'this' : can only be referenced inside non-static member functions
v005ec740_0.cpp(46) : error C2059: syntax error : ','
"
0x005EC780,?set_cursor@Win@@QAEHPAUHCURSOR@@@Z,,0,60,primary=1;eh=0;shared=0;selfmod=0,NO_COMPILE,,,,,,,"CL produced no object: v005ec780_0.cpp
v005ec780_0.cpp(47) : error C2065: 'Win' : undeclared identifier
v005ec780_0.cpp(47) : error C2355: 'this' : can only be referenced inside non-static member functions
v005ec780_0.cpp(47) : error C2059: syntax error : ','
v005ec780_0.cpp(53) : error C2146: syntax error : missing ',' before identifier 'a1'
v005ec780_0.cpp(53) : error C2061: syntax error : identifier 'a1'
"
0x005EC7C0,?set_cursor@Win@@QAEHH@Z,src/win.cpp:539,0,62,primary=1;eh=0;shared=0;selfmod=0,NO_COMPILE,,,,,,,
0x005EC960,?get_lbutton_state@Win@@QAEHXZ,,0,27,primary=1;eh=0;shared=0;selfmod=0,MISMATCH,27,3,10,2,0,#0: original 'push' vs rebuilt 'xor',
0x005EC980,?get_rbutton_state@Win@@QAEHXZ,,0,27,primary=1;eh=0;shared=0;selfmod=0,BYTE_EXACT,27,27,,,,,
0x005ECE20,?is_descendant@Win@@QAEHPAVWin@@@Z,src/win.cpp:916,0,83,primary=1;eh=0;shared=0;selfmod=0,NO_COMPILE,,,,,,,
0x005ECE80,?UNK3@Win@@QAEHH@Z,src/win.cpp:887,0,54,,REFUSED,,,,,,,C++ standard library: VC6's headers differ enough to be noise
0x005ED240,?client_to_screen@Win@@QAEXPAH0@Z,src/win.cpp:190,0,133,primary=1;eh=0;shared=0;selfmod=0,NO_COMPILE,,,,,,,
0x005ED7C0,?UNK5@Win@@QAEHXZ,src/win.cpp:609,0,3,primary=1;eh=0;shared=0;selfmod=0,BYTE_EXACT,3,3,,,,,
0x005ED7D0,?move@Win@@QAEHHH@Z,src/win.cpp:162,0,167,primary=1;eh=0;shared=0;selfmod=0,NO_COMPILE,,,,,,,
0x005ED9C0,?on_redraw@Win@@QAEHXZ,,0,5,primary=1;eh=0;shared=0;selfmod=0,BYTE_EXACT,5,5,,,,,
0x005EDE60,?maximize@Win@@QAEHXZ,,0,72,primary=1;eh=0;shared=0;selfmod=0,MISMATCH,72,3,23,2,0,#0: original 'mov' vs rebuilt 'xor',
0x005EDEB0,?minimize@Win@@QAEHXZ,,0,72,primary=1;eh=0;shared=0;selfmod=0,MISMATCH,72,3,23,2,0,#0: original 'mov' vs rebuilt 'xor',
0x005EDF00,?show_maximize@Win@@QAEHXZ,,0,72,primary=1;eh=0;shared=0;selfmod=0,MISMATCH,72,3,23,2,0,#0: original 'mov' vs rebuilt 'xor',
0x005EDFE0,?UNK6@Win@@QAEHH@Z,src/win.cpp:624,0,5,primary=1;eh=0;shared=0;selfmod=0,BYTE_EXACT,5,5,,,,,
0x005EDFF0,?UNK7@Win@@QAEXHHHH@Z,,0,45,primary=1;eh=0;shared=0;selfmod=0,NO_COMPILE,,,,,,,"CL produced no object: v005edff0_0.cpp
v005edff0_0.cpp(55) : error C2146: syntax error : missing ',' before identifier 'a1'
v005edff0_0.cpp(55) : error C2061: syntax error : identifier 'a1'
v005edff0_0.cpp(55) : error C2511: 'UNK7' : overloaded member function 'void (int)' not found in 'Win'
        v005edff0_0.cpp(51) : see declaration of 'Win'
"
0x005EE020,?reset_window_clip@Win@@QAEXXZ,src/win.cpp:706,0,1,primary=1;eh=0;shared=0;selfmod=0,BYTE_EXACT,1,1,,,,,
0x005EE030,?set_vert_pos@Win@@QAEXH@Z,src/win.cpp:803,0,23,primary=1;eh=0;shared=0;selfmod=0,NO_COMPILE,,,,,,,
0x005EE050,?get_vert_pos@Win@@QAEHXZ,src/win.cpp:243,0,20,primary=1;eh=0;shared=0;selfmod=0,NO_COMPILE,,,,,,,
0x005EE070,?set_horz_pos@Win@@QAEXH@Z,src/win.cpp:816,0,23,primary=1;eh=0;shared=0;selfmod=0,NO_COMPILE,,,,,,,
0x005EE090,?get_horz_pos@Win@@QAEHXZ,src/win.cpp:260,0,20,primary=1;eh=0;shared=0;selfmod=0,NO_COMPILE,,,,,,,
0x005EE0B0,?set_vert_range@Win@@QAEXHH@Z,src/win.cpp:829,0,28,primary=1;eh=0;shared=0;selfmod=0,NO_COMPILE,,,,,,,
0x005EE0D0,?set_horz_range@Win@@QAEXHH@Z,src/win.cpp:842,0,28,primary=1;eh=0;shared=0;selfmod=0,NO_COMPILE,,,,,,,
0x005EE0F0,?set_vert_paging@Win@@QAEXH@Z,src/win.cpp:277,0,23,primary=1;eh=0;shared=0;selfmod=0,NO_COMPILE,,,,,,,
0x005EE110,?set_horz_paging@Win@@QAEXH@Z,src/win.cpp:288,0,23,primary=1;eh=0;shared=0;selfmod=0,NO_COMPILE,,,,,,,
0x005EE130,?UNK8@Win@@QAEXH@Z,src/win.cpp:668,0,39,primary=1;eh=0;shared=0;selfmod=0,NO_COMPILE,,,,,,,
0x005EE160,?UNK9@Win@@QAEXH@Z,src/win.cpp:684,0,39,primary=1;eh=0;shared=0;selfmod=0,NO_COMPILE,,,,,,,
0x005EE460,sub_5ee460,,0,55,primary=1;eh=0;shared=0;selfmod=0,MISMATCH,55,3,23,2,0,#0: original 'push' vs rebuilt 'xor',
0x005EE4A0,sub_5ee4a0,,0,48,primary=1;eh=0;shared=0;selfmod=0,MISMATCH,48,5,14,2,0,#0: original 'test' vs rebuilt 'xor',
0x005EFD00,sub_5efd00,,0,27,primary=1;eh=0;shared=0;selfmod=0,BYTE_EXACT,27,27,,,,,
0x005F04E0,?close_class@Win@@QAAXXZ,,0,64,primary=1;eh=0;shared=0;selfmod=0,NO_COMPILE,,,,,,,"CL produced no object: v005f04e0_0.cpp
v005f04e0_0.cpp(44) : error C2143: syntax error : missing ';' before 'this'
v005f04e0_0.cpp(44) : error C2143: syntax error : missing ';' before 'this'
v005f04e0_0.cpp(61) : error C2143: syntax error : missing ')' before 'this'
v005f04e0_0.cpp(61) : error C2143: syntax error : missing ';' before 'this'
v005f04e0_0.cpp(61) : error C2143: syntax error : missing ';' before 'this'
v005f04e0_0.cpp(61) : error C2059: syntax error : ')'
v005f04e0_0.cpp(61) : error C2143: syntax error : missing ';' before '{'
v005f04e0_0.cpp(61) : error C2447: missing function header (old-style formal list?)
"
0x005F0540,?adjust_menus@Win@@QAGHPAX@Z,,0,57,primary=1;eh=0;shared=0;selfmod=0,NO_COMPILE,,,,,,,"CL produced no object: v005f0540_0.cpp
v005f0540_0.cpp(154) : error C2146: syntax error : missing ',' before identifier 'a1'
v005f0540_0.cpp(154) : error C2061: syntax error : identifier 'a1'
"
0x005F0580,?set_caption_height@Win@@QAEXH@Z,,0,61,primary=1;eh=0;shared=0;selfmod=0,MISMATCH,61,3,18,1,0,#0: original 'test' vs rebuilt 'ret 4',
0x005F05C0,sub_5f05c0,src/field_accessors.cpp:885,1,13,primary=1;eh=0;shared=0;selfmod=0,BYTE_EXACT,13,13,,,,,
0x005F05D0,?set_border_thickness@Win@@QAEXH@Z,,0,61,primary=1;eh=0;shared=0;selfmod=0,NO_COMPILE,,,,,,,"CL produced no object: v005f05d0_0.cpp
v005f05d0_0.cpp(62) : error C2146: syntax error : missing ',' before identifier 'a1'
v005f05d0_0.cpp(62) : error C2061: syntax error : identifier 'a1'
"
0x005F0610,?set_bottom_border_thickness@Win@@QAEXH@Z,,0,61,primary=1;eh=0;shared=0;selfmod=0,NO_COMPILE,,,,,,,"CL produced no object: v005f0610_0.cpp
v005f0610_0.cpp(62) : error C2146: syntax error : missing ',' before identifier 'a1'
v005f0610_0.cpp(62) : error C2061: syntax error : identifier 'a1'
"
0x005F1060,?on_query_new_palette@Win@@QAEHXZ,src/win.cpp:220,0,15,primary=1;eh=0;shared=0;selfmod=0,NO_COMPILE,,,,,,,
0x005F1230,sub_5f1230,,0,79,primary=1;eh=0;shared=0;selfmod=0,MISMATCH,79,3,32,2,0,#0: original 'push' vs rebuilt 'xor',
0x005F1280,sub_5f1280,,0,33,primary=1;eh=0;shared=0;selfmod=0,BYTE_EXACT,33,33,,,,,
0x005F12B0,sub_5f12b0,,0,38,primary=1;eh=0;shared=0;selfmod=0,MISMATCH,38,3,14,2,0,#0: original 'mov' vs rebuilt 'xor',
0x005F12E0,sub_5f12e0,,0,43,primary=1;eh=0;shared=0;selfmod=0,MISMATCH,43,3,16,2,0,#0: original 'mov' vs rebuilt 'xor',
0x005F1310,sub_5f1310,,0,43,primary=1;eh=0;shared=0;selfmod=0,MISMATCH,43,3,16,2,0,#0: original 'mov' vs rebuilt 'xor',
0x005F2250,sub_5f2250,,0,60,primary=1;eh=0;shared=0;selfmod=0,NO_COMPILE,,,,,,,"CL produced no object: v005f2250_0.cpp
v005f2250_0.cpp(44) : error C2065: 'Win' : undeclared identifier
v005f2250_0.cpp(44) : error C2355: 'this' : can only be referenced inside non-static member functions
v005f2250_0.cpp(44) : error C2062: type 'int' unexpected
"
0x005F2570,?OnLButtonUp@Win@@QAAXPAXHHI@Z,,0,65,primary=1;eh=0;shared=0;selfmod=0,NO_COMPILE,,,,,,,"CL produced no object: v005f2570_0.cpp
v005f2570_0.cpp(44) : error C2143: syntax error : missing ';' before 'this'
v005f2570_0.cpp(44) : error C2143: syntax error : missing ';' before 'this'
v005f2570_0.cpp(47) : error C2143: syntax error : missing ')' before 'this'
v005f2570_0.cpp(47) : error C2143: syntax error : missing ';' before 'this'
v005f2570_0.cpp(47) : error C2143: syntax error : missing ';' before 'this'
v005f2570_0.cpp(47) : error C2059: syntax error : ')'
v005f2570_0.cpp(147) : error C2143: syntax error : missing ')' before 'this'
v005f2570_0.cpp(147) : error C2143: syntax error : missing ';' before 'this'
v005f2570_0.cpp(147) : error C2143: syntax error : missing ';' before 'this'
v005f2570_0.cpp(147) : error C2059: syntax error : ')'
v005f2570_0.cpp(147) : error C2143: syntax error : missing ';' before '{'
v005f2570_0.cpp(147) : error C2447: missing function header (old-style formal list?)
"
0x005F2620,?OnRButtonUp@Win@@QAAXPAXHHI@Z,,0,65,primary=1;eh=0;shared=0;selfmod=0,NO_COMPILE,,,,,,,"CL produced no object: v005f2620_0.cpp
v005f2620_0.cpp(44) : error C2143: syntax error : missing ';' before 'this'
v005f2620_0.cpp(44) : error C2143: syntax error : missing ';' before 'this'
v005f2620_0.cpp(47) : error C2143: syntax error : missing ')' before 'this'
v005f2620_0.cpp(47) : error C2143: syntax error : missing ';' before 'this'
v005f2620_0.cpp(47) : error C2143: syntax error : missing ';' before 'this'
v005f2620_0.cpp(47) : error C2059: syntax error : ')'
v005f2620_0.cpp(149) : error C2143: syntax error : missing ')' before 'this'
v005f2620_0.cpp(149) : error C2143: syntax error : missing ';' before 'this'
v005f2620_0.cpp(149) : error C2143: syntax error : missing ';' before 'this'
v005f2620_0.cpp(149) : error C2059: syntax error : ')'
v005f2620_0.cpp(149) : error C2143: syntax error : missing ';' before '{'
v005f2620_0.cpp(149) : error C2447: missing function header (old-style formal list?)
"
0x005F2670,?OnSetCursor@Win@@QAAHPAXPAXII@Z,src/win.cpp:871,0,6,primary=1;eh=0;shared=0;selfmod=0,BYTE_EXACT,6,6,,,,,
0x005F2830,sub_5f2830,,0,267,primary=1;eh=0;shared=0;selfmod=0,MISMATCH,267,3,84,2,0,#0: original 'mov' vs rebuilt 'xor',
0x005F2C40,?set_display_mode@Win@@QAAHHHHH@Z,,0,31,primary=1;eh=0;shared=0;selfmod=0,NO_COMPILE,,,,,,,"CL produced no object: v005f2c40_0.cpp
v005f2c40_0.cpp(44) : error C2143: syntax error : missing ';' before 'this'
v005f2c40_0.cpp(44) : error C2143: syntax error : missing ';' before 'this'
v005f2c40_0.cpp(54) : error C2143: syntax error : missing ')' before 'this'
v005f2c40_0.cpp(54) : error C2143: syntax error : missing ';' before 'this'
v005f2c40_0.cpp(54) : error C2143: syntax error : missing ';' before 'this'
v005f2c40_0.cpp(54) : error C2059: syntax error : ')'
v005f2c40_0.cpp(54) : error C2143: syntax error : missing ';' before '{'
v005f2c40_0.cpp(54) : error C2447: missing function header (old-style formal list?)
"
0x005F2C60,?sync_palette@Win@@QAEXXZ,src/win.cpp:777,0,52,,REFUSED,,,,,,,C++ standard library: VC6's headers differ enough to be noise
0x005F2CA0,?is_dialog_focus@Win@@QAEHXZ,src/win.cpp:418,0,63,primary=1;eh=0;shared=0;selfmod=0,NO_COMPILE,,,,,,,
0x005F2CE0,?set_def_focus@Win@@QAAXPAUWin@@@Z,src/win.cpp:655,0,10,primary=1;eh=0;shared=0;selfmod=0,NO_COMPILE,,,,,,,
0x005F4CA0,?update_nc_buffer@Win@@QAEXH@Z,,0,18,primary=1;eh=0;shared=0;selfmod=0,BYTE_EXACT,18,18,,,,,
0x005F4CC0,?redraw@Win@@QAAXXZ,,0,49,primary=1;eh=0;shared=0;selfmod=0,NO_COMPILE,,,,,,,"CL produced no object: v005f4cc0_0.cpp
v005f4cc0_0.cpp(44) : error C2143: syntax error : missing ';' before 'this'
v005f4cc0_0.cpp(44) : error C2143: syntax error : missing ';' before 'this'
v005f4cc0_0.cpp(127) : error C2143: syntax error : missing ')' before 'this'
v005f4cc0_0.cpp(127) : error C2143: syntax error : missing ';' before 'this'
v005f4cc0_0.cpp(127) : error C2143: syntax error : missing ';' before 'this'
v005f4cc0_0.cpp(127) : error C2059: syntax error : ')'
v005f4cc0_0.cpp(127) : error C2143: syntax error : missing ';' before '{'
v005f4cc0_0.cpp(127) : error C2447: missing function header (old-style formal list?)
"
0x005F4D00,?update@Win@@QAAXXZ,,0,77,primary=1;eh=0;shared=0;selfmod=0,NO_COMPILE,,,,,,,"CL produced no object: v005f4d00_0.cpp
v005f4d00_0.cpp(44) : error C2143: syntax error : missing ';' before 'this'
v005f4d00_0.cpp(44) : error C2143: syntax error : missing ';' before 'this'
v005f4d00_0.cpp(139) : error C2143: syntax error : missing ')' before 'this'
v005f4d00_0.cpp(139) : error C2143: syntax error : missing ';' before 'this'
v005f4d00_0.cpp(139) : error C2143: syntax error : missing ';' before 'this'
v005f4d00_0.cpp(139) : error C2059: syntax error : ')'
v005f4d00_0.cpp(139) : error C2143: syntax error : missing ';' before '{'
v005f4d00_0.cpp(139) : error C2447: missing function header (old-style formal list?)
"
0x005F4D50,sub_5f4d50,,0,64,primary=1;eh=0;shared=0;selfmod=0,MISMATCH,64,5,20,2,0,#0: original 'push' vs rebuilt 'xor',
0x005F5480,?on_window_pos_changed@Win@@QAEJPAUWINDOWPOS@@@Z,,0,33,primary=1;eh=0;shared=0;selfmod=0,BYTE_EXACT,33,33,,,,,
0x005F54B0,?on_move@Win@@QAEXHH@Z,src/win.cpp:719,0,3,primary=1;eh=0;shared=0;selfmod=0,BYTE_EXACT,3,3,,,,,
0x005F54C0,?on_size@Win@@QAEXIHH@Z,src/win.cpp:732,0,3,primary=1;eh=0;shared=0;selfmod=0,BYTE_EXACT,3,3,,,,,
0x005F54D0,?on_size_nc@Win@@QAEXIHH@Z,src/win.cpp:745,0,3,primary=1;eh=0;shared=0;selfmod=0,BYTE_EXACT,3,3,,,,,
0x005F5C00,?on_activate@Win@@QAEJIPAXJ@Z,,0,261,primary=1;eh=0;shared=0;selfmod=0,NO_COMPILE,,,,,,,"CL produced no object: v005f5c00_0.cpp
v005f5c00_0.cpp(101) : error C2146: syntax error : missing ',' before identifier 'a2'
v005f5c00_0.cpp(101) : error C2061: syntax error : identifier 'a2'
v005f5c00_0.cpp(101) : error C2511: 'on_activate' : overloaded member function 'int (unsigned int,struct LPARAM)' not found in 'Win'
        v005f5c00_0.cpp(97) : see declaration of 'Win'
"
0x005F5F60,?on_char@Win@@QAAHDH@Z,,0,65,primary=1;eh=0;shared=0;selfmod=0,NO_COMPILE,,,,,,,"CL produced no object: v005f5f60_0.cpp
v005f5f60_0.cpp(45) : error C2143: syntax error : missing ';' before 'this'
v005f5f60_0.cpp(45) : error C2143: syntax error : missing ';' before 'this'
v005f5f60_0.cpp(54) : error C2143: syntax error : missing ')' before 'this'
v005f5f60_0.cpp(54) : error C2143: syntax error : missing ';' before 'this'
v005f5f60_0.cpp(54) : error C2143: syntax error : missing ';' before 'this'
v005f5f60_0.cpp(54) : error C2059: syntax error : ')'
v005f5f60_0.cpp(54) : error C2143: syntax error : missing ';' before '{'
v005f5f60_0.cpp(54) : error C2447: missing function header (old-style formal list?)
"
0x005F62D0,sub_5f62d0,,0,71,primary=1;eh=0;shared=0;selfmod=0,MISMATCH,71,5,24,2,0,#0: original 'push' vs rebuilt 'xor',
0x005F6A30,?on_set_cursor@Win@@QAEHPAXII@Z,src/win.cpp:639,0,8,primary=1;eh=0;shared=0;selfmod=0,BYTE_EXACT,8,8,,,,,
0x005F6A40,?on_sys_command@Win@@QAEHIHH@Z,src/win.cpp:758,0,3,primary=1;eh=0;shared=0;selfmod=0,NO_COMPILE,,,,,,,
0x005F6F10,?get_mouse_window@Win@@QAAHPAH0@Z,,0,1033,primary=1;eh=0;shared=0;selfmod=0,NO_COMPILE,,,,,,,"CL produced no object: v005f6f10_0.cpp
v005f6f10_0.cpp(43) : error C2143: syntax error : missing ';' before 'this'
v005f6f10_0.cpp(43) : error C2143: syntax error : missing ';' before 'this'
v005f6f10_0.cpp(66) : error C2143: syntax error : missing ')' before 'this'
v005f6f10_0.cpp(66) : error C2143: syntax error : missing ';' before 'this'
v005f6f10_0.cpp(66) : error C2143: syntax error : missing ';' before 'this'
v005f6f10_0.cpp(66) : error C2059: syntax error : ')'
v005f6f10_0.cpp(66) : error C2143: syntax error : missing ';' before '{'
v005f6f10_0.cpp(66) : error C2447: missing function header (old-style formal list?)
"
0x005F7E90,?is_visible@Win@@QAEHXZ,src/win.cpp:172,0,38,primary=1;eh=0;shared=0;selfmod=0,NO_COMPILE,,,,,,,
0x005F83B0,sub_5f83b0,,0,21,primary=1;eh=0;shared=0;selfmod=0,BYTE_EXACT,21,21,,,,,
0x005F8500,?clear_bubble_text@Win@@QAGXXZ,src/win.cpp:573,0,47,primary=1;eh=0;shared=0;selfmod=0,NO_COMPILE,,,,,,,
0x005F8530,?on_mousewheel_down_vert@Win@@QAEXH@Z,,0,23,primary=1;eh=0;shared=0;selfmod=0,BYTE_EXACT,23,23,,,,,
0x005F8550,?on_mousewheel_down_horz@Win@@QAEXH@Z,,0,23,primary=1;eh=0;shared=0;selfmod=0,MISMATCH,23,3,7,1,0,#0: original 'mov' vs rebuilt 'ret 4',
0x005F8570,?on_mousewheel_up_vert@Win@@QAEXH@Z,,0,23,primary=1;eh=0;shared=0;selfmod=0,MISMATCH,23,3,7,1,0,#0: original 'mov' vs rebuilt 'ret 4',
0x005F8590,?on_mousewheel_up_horz@Win@@QAEXH@Z,,0,23,primary=1;eh=0;shared=0;selfmod=0,BYTE_EXACT,23,23,,,,,
0x005F85B0,?on_mousewheel_down@Win@@QAEXH@Z,,0,45,primary=1;eh=0;shared=0;selfmod=0,MISMATCH,45,3,17,1,0,#0: original 'push' vs rebuilt 'ret 4',
0x005F85E0,?on_mousewheel_up@Win@@QAEXH@Z,,0,45,primary=1;eh=0;shared=0;selfmod=0,MISMATCH,45,3,17,1,0,#0: original 'push' vs rebuilt 'ret 4',
0x005F8610,??_GWin@@UAEPAXI@Z,src/deleting_thunks.cpp:1595,1,30,primary=1;eh=0;shared=0;selfmod=0,NO_COMPILE,,,,,,,
0x005F8640,??_GAutoSound@@UAEPAXI@Z,src/autosound.cpp:125,0,36,primary=1;eh=0;shared=0;selfmod=0,NO_COMPILE,,,,,,,
0x005F8670,sub_5f8670,src/win.cpp:337,0,43,primary=1;eh=0;shared=0;selfmod=0,NO_COMPILE,,,,,,,
0x005F86A0,sub_5f86a0,,0,31,primary=1;eh=0;shared=0;selfmod=0,MISMATCH,31,5,14,2,0,#0: original 'push' vs rebuilt 'xor',
0x005F86C0,sub_5f86c0,src/win.cpp:358,0,38,primary=1;eh=0;shared=0;selfmod=0,NO_COMPILE,,,,,,,
0x005F88A0,??1PullDown@@QAE@XZ,src/pulldown.cpp:198,0,123,primary=1;eh=0;shared=0;selfmod=0,NO_COMPILE,,,,,,,
0x005F8920,?init@PullDown@@QAEXPAUMenu@@@Z,,0,71,primary=1;eh=0;shared=0;selfmod=0,MISMATCH,71,3,23,1,0,#0: original 'mov' vs rebuilt 'ret 4',
0x005F8BE0,?add_separator@PullDown@@QAEHH@Z,,0,161,primary=1;eh=0;shared=0;selfmod=0,MNEMONIC_ONLY,161,161,52,52,,,
0x005F8C90,?UNK2@PullDown@@QAEHH@Z,src/pulldown.cpp:237,0,8,primary=1;eh=0;shared=0;selfmod=0,BYTE_EXACT,8,8,,,,,
0x005F8CA0,?UNK3@PullDown@@QAEHHHH@Z,src/pulldown.cpp:252,0,8,primary=1;eh=0;shared=0;selfmod=0,BYTE_EXACT,8,8,,,,,
0x005F8CB0,?hide_item@PullDown@@QAEHH@Z,src/pulldown.cpp:40,0,111,primary=1;eh=0;shared=0;selfmod=0,NO_COMPILE,,,,,,,
0x005F8D20,?show_item@PullDown@@QAEHH@Z,src/pulldown.cpp:59,0,111,primary=1;eh=0;shared=0;selfmod=0,NO_COMPILE,,,,,,,
0x005F8D90,?disable_item@PullDown@@QAEHH@Z,src/pulldown.cpp:78,0,95,primary=1;eh=0;shared=0;selfmod=0,NO_COMPILE,,,,,,,
0x005F8DF0,?enable_item@PullDown@@QAEHH@Z,src/pulldown.cpp:93,0,95,primary=1;eh=0;shared=0;selfmod=0,NO_COMPILE,,,,,,,
0x005F9040,?check_item@PullDown@@QAEHH@Z,src/pulldown.cpp:108,0,95,primary=1;eh=0;shared=0;selfmod=0,NO_COMPILE,,,,,,,
0x005F90A0,?uncheck_item@PullDown@@QAEHH@Z,src/pulldown.cpp:123,0,95,primary=1;eh=0;shared=0;selfmod=0,NO_COMPILE,,,,,,,
0x005F93A0,?hide@PullDown@@QAEXXZ,,0,25,primary=1;eh=0;shared=0;selfmod=0,BYTE_EXACT,25,25,,,,,
0x005F9460,?on_right_down@PullDown@@QAEXHH@Z,,0,18,primary=1;eh=0;shared=0;selfmod=0,BYTE_EXACT,18,18,,,,,
0x005F9570,?on_right_up@PullDown@@QAEXHH@Z,,0,18,primary=1;eh=0;shared=0;selfmod=0,BYTE_EXACT,18,18,,,,,
0x005F98B0,?on_redraw@PullDown@@QAEXXZ,,0,1103,primary=1;eh=0;shared=0;selfmod=0,MISMATCH,1103,1,362,1,0,#0: original 'mov' vs rebuilt 'ret',
0x005F9D00,?id_to_index@PullDown@@QAEHH@Z,src/pulldown.cpp:311,0,40,primary=1;eh=0;shared=0;selfmod=0,NO_COMPILE,,,,,,,
0x005F9F40,?get_selected@PullDown@@QAEHXZ,src/pulldown.cpp:138,0,28,primary=1;eh=0;shared=0;selfmod=0,NO_COMPILE,,,,,,,
0x005FA740,?on_mouse_leave@PullDown@@QAEXHH@Z,src/pulldown.cpp:296,0,3,primary=1;eh=0;shared=0;selfmod=0,BYTE_EXACT,3,3,,,,,
0x005FA750,?UNK5@PullDown@@QAEHXZ,src/pulldown.cpp:267,0,6,primary=1;eh=0;shared=0;selfmod=0,BYTE_EXACT,6,6,,,,,
0x005FA760,?UNK6@PullDown@@QAEHXZ,src/pulldown.cpp:282,0,6,primary=1;eh=0;shared=0;selfmod=0,BYTE_EXACT,6,6,,,,,
0x005FA770,??_GPullDown@@UAEPAXI@Z,src/deleting_thunks.cpp:1612,1,30,primary=1;eh=0;shared=0;selfmod=0,NO_COMPILE,,,,,,,
0x005FA790,??3PullDown@@SAXPAXI@Z,src/deleting_thunks.cpp:1629,1,11,primary=1;eh=0;shared=0;selfmod=0,NO_COMPILE,,,,,,,
0x005FA7A0,?in_box@@YAHHHHHHH@Z,src/win.cpp:374,0,59,primary=1;eh=0;shared=0;selfmod=0,NO_COMPILE,,,,,,,
0x005FA7E0,?in_box@@YAHHHPAURECT@@@Z,src/win.cpp:320,0,52,primary=1;eh=0;shared=0;selfmod=0,NO_COMPILE,,,,,,,
0x005FA820,?clear@Spot@@QAEXXZ,,0,11,,REFUSED,,,,,,,no source_locations; not censusable
0x005FA830,?shutdown@Spot@@QAEXXZ,src/spot.cpp:24,0,46,primary=1;eh=0;shared=0;selfmod=0,NO_COMPILE,,,,,,,
0x005FA860,??0Spot@@QAE@XZ,,0,13,,REFUSED,,,,,,,no source_locations; not censusable
0x005FA870,??1Spot@@QAE@XZ,,0,46,,REFUSED,,,,,,,no source_locations; not censusable
0x005FA8A0,?init@Spot@@QAEXH@Z,src/spot.cpp:37,0,85,primary=1;eh=0;shared=0;selfmod=0,NO_COMPILE,,,,,,,
0x005FA900,?replace@Spot@@QAEXHHHHHH@Z,src/spot.cpp:52,0,86,primary=1;eh=0;shared=0;selfmod=0,NO_COMPILE,,,,,,,
0x005FA960,?add@Spot@@QAEHHHHHHH@Z,src/spot.cpp:69,0,96,primary=1;eh=0;shared=0;selfmod=0,NO_COMPILE,,,,,,,
0x005FA9C0,?kill_pos@Spot@@QAEXH@Z,src/spot.cpp:99,0,68,primary=1;eh=0;shared=0;selfmod=0,NO_COMPILE,,,,,,,
0x005FAA10,?kill_specific@Spot@@QAEXHH@Z,src/spot.cpp:116,0,121,primary=1;eh=0;shared=0;selfmod=0,NO_COMPILE,,,,,,,
0x005FAA90,?kill_type@Spot@@QAEXH@Z,src/spot.cpp:130,0,109,primary=1;eh=0;shared=0;selfmod=0,NO_COMPILE,,,,,,,
0x005FAB00,?check@Spot@@QAEHHHPAH0@Z,src/spot.cpp:144,0,105,primary=1;eh=0;shared=0;selfmod=0,NO_COMPILE,,,,,,,
0x005FAB70,?check@Spot@@QAEHHHPAH0PAURECT@@@Z,src/spot.cpp:170,0,143,primary=1;eh=0;shared=0;selfmod=0,NO_COMPILE,,,,,,,
0x005FAC00,?get_rect@Spot@@QAEHHHPAURECT@@@Z,src/spot.cpp:199,0,91,primary=1;eh=0;shared=0;selfmod=0,NO_COMPILE,,,,,,,
0x005FAEE0,?set_def_font@Menu@@QAAXPAUFont@@@Z,,0,35,primary=1;eh=1;shared=0;selfmod=0,BYTE_EXACT,14,14,,,,,
0x005FB1C0,?UNK2@Menu@@QAEHH@Z,src/menu.cpp:61,0,5,primary=1;eh=0;shared=0;selfmod=0,BYTE_EXACT,5,5,,,,,
0x005FB1D0,?UNK3@Menu@@QAEHHH@Z,src/menu.cpp:129,0,84,primary=1;eh=0;shared=0;selfmod=0,NO_COMPILE,,,,,,,
0x005FB230,?UNK4@Menu@@QAEHHHH@Z,src/menu.cpp:76,0,5,primary=1;eh=0;shared=0;selfmod=0,BYTE_EXACT,5,5,,,,,
0x005FB2A0,?UNK6@Menu@@QAEHH@Z,src/menu.cpp:395,0,96,primary=1;eh=0;shared=0;selfmod=0,NO_COMPILE,,,,,,,
0x005FB300,?hide_menu_item@Menu@@QAEHHH@Z,src/menu.cpp:166,0,84,primary=1;eh=0;shared=0;selfmod=0,NO_COMPILE,,,,,,,
0x005FB360,?UNK7@Menu@@QAEHH@Z,src/menu.cpp:435,0,96,primary=1;eh=0;shared=0;selfmod=0,NO_COMPILE,,,,,,,
0x005FB3C0,?show_menu_item@Menu@@QAEHHH@Z,src/menu.cpp:203,0,84,primary=1;eh=0;shared=0;selfmod=0,NO_COMPILE,,,,,,,
0x005FB420,?UNK8@Menu@@QAEHH@Z,src/menu.cpp:475,0,96,primary=1;eh=0;shared=0;selfmod=0,NO_COMPILE,,,,,,,
0x005FB480,?disable_menu_item@Menu@@QAEHHH@Z,src/menu.cpp:240,0,84,primary=1;eh=0;shared=0;selfmod=0,NO_COMPILE,,,,,,,
0x005FB4E0,?UNK9@Menu@@QAEHH@Z,src/menu.cpp:515,0,96,primary=1;eh=0;shared=0;selfmod=0,NO_COMPILE,,,,,,,
0x005FB540,?enable_menu_item@Menu@@QAEHHH@Z,src/menu.cpp:277,0,84,primary=1;eh=0;shared=0;selfmod=0,NO_COMPILE,,,,,,,
0x005FB760,?check_menu_item@Menu@@QAEHHH@Z,src/menu.cpp:314,0,84,primary=1;eh=0;shared=0;selfmod=0,NO_COMPILE,,,,,,,
0x005FB7C0,?uncheck_menu_item@Menu@@QAEHHH@Z,src/menu.cpp:351,0,84,primary=1;eh=0;shared=0;selfmod=0,NO_COMPILE,,,,,,,
0x005FB820,?set_menu_proc@Menu@@QAEXP6AXH@Z@Z,src/menu.cpp:24,0,13,primary=1;eh=0;shared=0;selfmod=0,NO_COMPILE,,,,,,,
0x005FB990,?id_to_index@Menu@@QAEHH@Z,src/menu.cpp:33,0,40,primary=1;eh=0;shared=0;selfmod=0,NO_COMPILE,,,,,,,
0x005FC680,?on_mouse_move@Menu@@QAEXHH@Z,,0,18,primary=1;eh=0;shared=0;selfmod=0,BYTE_EXACT,18,18,,,,,
0x005FC6A0,?requested_height@Menu@@QAEHXZ,src/menu.cpp:92,0,20,primary=1;eh=0;shared=0;selfmod=0,NO_COMPILE,,,,,,,
0x005FC6C0,?on_adjust_pulldown_pos@Menu@@QAEXPAH0@Z,src/menu.cpp:564,0,3,primary=1;eh=0;shared=0;selfmod=0,BYTE_EXACT,3,3,,,,,
0x005FC6D0,??_GMenu@@UAEPAXI@Z,src/deleting_thunks.cpp:1643,1,30,primary=1;eh=0;shared=0;selfmod=0,NO_COMPILE,,,,,,,
0x005FC6F0,??3Menu@@SAXPAXI@Z,src/deleting_thunks.cpp:1658,1,11,primary=1;eh=0;shared=0;selfmod=0,NO_COMPILE,,,,,,,
0x005FC9E0,sub_5fc9e0,src/nullsub_thunks.cpp:455,1,3,primary=1;eh=0;shared=0;selfmod=0,BYTE_EXACT,3,3,,,,,
0x005FC9F0,?do_all_tasks@@YAXPAUWin@@@Z,,0,51,primary=1;eh=0;shared=0;selfmod=0,MISMATCH,51,1,14,1,0,#0: original 'mov' vs rebuilt 'ret',
0x005FCA30,?do_non_input@@YAXXZ,src/temp.cpp:699,0,228,primary=1;eh=0;shared=0;selfmod=0,NO_COMPILE,,,,,,,
0x005FCB20,?do_all_non_input@@YAXXZ,src/temp.cpp:730,0,58,primary=1;eh=0;shared=0;selfmod=0,NO_COMPILE,,,,,,,
0x005FCB60,?do_draw@@YAHXZ,src/temp.cpp:745,0,76,primary=1;eh=0;shared=0;selfmod=0,NO_COMPILE,,,,,,,
0x005FCBB0,?do_all_draws@@YAXXZ,src/temp.cpp:764,0,111,primary=1;eh=0;shared=0;selfmod=0,NO_COMPILE,,,,,,,
0x005FCC20,?do_keyboard@@YAXXZ,src/temp.cpp:777,0,77,primary=1;eh=0;shared=0;selfmod=0,NO_COMPILE,,,,,,,
0x005FCC70,?do_all_keyboard@@YAXXZ,src/temp.cpp:795,0,117,primary=1;eh=0;shared=0;selfmod=0,NO_COMPILE,,,,,,,
0x005FCCF0,sub_5fccf0,,0,77,primary=1;eh=0;shared=0;selfmod=0,MISMATCH,77,3,23,2,0,#0: original 'sub' vs rebuilt 'xor',
0x005FCDA0,sub_5fcda0,,0,69,primary=1;eh=0;shared=0;selfmod=0,MISMATCH,69,3,22,2,0,#0: original 'sub' vs rebuilt 'xor',
0x005FCF90,?do_char@@YAXXZ,,0,77,primary=1;eh=0;shared=0;selfmod=0,MISMATCH,77,1,23,1,0,#0: original 'sub' vs rebuilt 'ret',
0x005FD050,?do_mouse@@YAXXZ,,0,77,primary=1;eh=0;shared=0;selfmod=0,MISMATCH,77,1,23,1,0,#0: original 'sub' vs rebuilt 'ret',
0x005FD280,nullsub_192,src/nullsub_thunks.cpp:466,1,1,primary=1;eh=0;shared=0;selfmod=0,BYTE_EXACT,1,1,,,,,
0x005FD290,nullsub_193,src/nullsub_thunks.cpp:476,1,1,primary=1;eh=0;shared=0;selfmod=0,BYTE_EXACT,1,1,,,,,
0x005FD2A0,nullsub_194,src/nullsub_thunks.cpp:486,1,1,primary=1;eh=0;shared=0;selfmod=0,BYTE_EXACT,1,1,,,,,
0x005FD2B0,?do_sound@@YAXXZ,src/autosound.cpp:141,0,3,primary=1;eh=0;shared=0;selfmod=0,MISMATCH,3,1,2,1,0,#0: original 'xor' vs rebuilt 'ret',
0x005FD2C0,sub_5fd2c0,,0,72,primary=1;eh=0;shared=0;selfmod=0,MISMATCH,72,3,22,2,0,#0: original 'sub' vs rebuilt 'xor',
0x005FD310,sub_5fd310,,0,77,primary=1;eh=0;shared=0;selfmod=0,MISMATCH,77,3,29,2,0,#0: original 'sub' vs rebuilt 'xor',
0x005FD360,?do_all_sounds@@YAXXZ,,0,11,primary=1;eh=0;shared=0;selfmod=0,BYTE_EXACT,11,11,,,,,
0x005FD370,?flush_timer@@YAXXZ,src/time.cpp:298,0,130,primary=1;eh=0;shared=0;selfmod=0,NO_COMPILE,,,,,,,
0x005FD400,??__ETxt@@YAXXZ,,0,86,,REFUSED,,,,,,,no source_locations; not censusable
0x005FD460,??__FTxt@@YAXXZ,,0,85,,REFUSED,,,,,,,no source_locations; not censusable
0x005FD4C0,?text_set_get_ptr@@YAXXZ,,0,11,,REFUSED,,,,,,,no source_locations; not censusable
0x005FD4D0,?text_set_item_ptr@@YAXXZ,,0,11,,REFUSED,,,,,,,no source_locations; not censusable
0x005FD4E0,??__ETxtIndex@@YAXXZ,src/init_thunks.cpp:4364,1,39,primary=1;eh=0;shared=0;selfmod=0,NO_COMPILE,,,,,,,
0x005FD510,??__FTxtIndex@@YAXXZ,src/atexit_thunks.cpp:4135,1,23,primary=1;eh=0;shared=0;selfmod=0,NO_COMPILE,,,,,,,
0x005FD530,?text_close@@YAXXZ,,0,29,,REFUSED,,,,,,,no source_locations; not censusable
0x005FD550,?text_open@@YAHPADPAD@Z,,0,21,,REFUSED,,,,,,,no source_locations; not censusable
0x005FD570,?text_get@@YAPADXZ,,0,98,,REFUSED,,,,,,,no source_locations; not censusable
0x005FD5E0,?text_string@@YAPADXZ,,0,131,,REFUSED,,,,,,,no source_locations; not censusable
0x005FD670,?text_item@@YAPADXZ,,0,87,,REFUSED,,,,,,,no source_locations; not censusable
0x005FD6D0,?text_item_string@@YAPADXZ,,0,98,,REFUSED,,,,,,,no source_locations; not censusable
0x005FD740,?text_item_number@@YAHXZ,,0,93,,REFUSED,,,,,,,no source_locations; not censusable
0x005FD7A0,?text_item_binary@@YAHXZ,,0,93,,REFUSED,,,,,,,no source_locations; not censusable
0x005FD800,?text_item_hex@@YAHXZ,,0,93,,REFUSED,,,,,,,no source_locations; not censusable
0x005FD860,??0Text@@QAE@@Z,,0,31,,REFUSED,,,,,,,no source_locations; not censusable
0x005FD880,??0Text@@QAE@H@Z,,0,79,,REFUSED,,,,,,,no source_locations; not censusable
0x005FD8D0,?init@Text@@QAEHH@Z,src/text.cpp:28,0,153,primary=1;eh=0;shared=0;selfmod=0,NO_COMPILE,,,,,,,
0x005FD970,?shutdown@Text@@QAEXXZ,src/text.cpp:47,0,92,primary=1;eh=0;shared=0;selfmod=0,NO_COMPILE,,,,,,,
0x005FD9D0,?close@Text@@QAEXXZ,src/text.cpp:65,0,34,primary=1;eh=0;shared=0;selfmod=0,NO_COMPILE,,,,,,,
0x005FDA00,?open@Text@@QAEHPADPAD@Z,src/text.cpp:78,0,516,,REFUSED,,,,,,,C++ standard library: VC6's headers differ enough to be noise
0x005FDC10,?get@Text@@QAEHXZ,src/text.cpp:138,0,110,primary=1;eh=0;shared=0;selfmod=0,NO_COMPILE,,,,,,,
0x005FDC80,?string@Text@@QAEXXZ,src/text.cpp:159,0,143,primary=1;eh=0;shared=0;selfmod=0,NO_COMPILE,,,,,,,
0x005FDD10,?item@Text@@QAEXXZ,src/text.cpp:169,0,98,primary=1;eh=0;shared=0;selfmod=0,NO_COMPILE,,,,,,,
0x005FDD80,?item_string@Text@@QAEXXZ,src/text.cpp:188,0,109,primary=1;eh=0;shared=0;selfmod=0,NO_COMPILE,,,,,,,
0x005FDDF0,?item_number@Text@@QAEXXZ,src/text.cpp:198,0,104,primary=1;eh=0;shared=0;selfmod=0,NO_COMPILE,,,,,,,
0x005FDE60,?item_binary@Text@@QAEXXZ,src/text.cpp:208,0,104,primary=1;eh=0;shared=0;selfmod=0,NO_COMPILE,,,,,,,
0x005FDED0,?item_hex@Text@@QAEXXZ,src/text.cpp:218,0,104,primary=1;eh=0;shared=0;selfmod=0,NO_COMPILE,,,,,,,
0x005FDF40,??0TextIndex@@QAE@XZ,,0,31,,REFUSED,,,,,,,no source_locations; not censusable
0x005FDF60,??1TextIndex@@QAE@XZ,,0,24,,REFUSED,,,,,,,no source_locations; not censusable
0x005FDF80,?make_index@TextIndex@@QAEXPAD@Z,src/textindex.cpp:26,0,429,primary=1;eh=1;shared=0;selfmod=0,NO_COMPILE,,,,,,,
0x005FE120,?search_index@TextIndex@@QAEHPAD0@Z,src/textindex.cpp:66,0,193,primary=1;eh=0;shared=0;selfmod=0,NO_COMPILE,,,,,,,
0x005FE1F0,?text_make_index@@YAXPAD@Z,,0,56,,REFUSED,,,,,,,no source_locations; not censusable
0x005FE230,?text_search_index@@YAHPAD0@Z,,0,60,,REFUSED,,,,,,,no source_locations; not censusable
0x005FE270,?text_clear_index@@YAXXZ,,0,41,,REFUSED,,,,,,,no source_locations; not censusable
0x005FE2A0,??0Palette@@QAE@XZ,,0,57,primary=1;eh=0;shared=0;selfmod=0,MISMATCH,57,3,19,2,0,#0: original 'push' vs rebuilt 'mov',
0x005FE2E0,??1Palette@@QAE@XZ,,0,5,primary=1;eh=0;shared=0;selfmod=0,BYTE_EXACT,5,5,,,,,
0x005FE2F0,?__as@Palette@@QAEHQAUPalette@@@Z,,0,63,primary=1;eh=0;shared=0;selfmod=0,MISMATCH,63,5,19,2,0,#0: original 'mov' vs rebuilt 'xor',
0x005FE4F0,?set_active_window@Palette@@QAAXPAVWin@@@Z,src/palette.cpp:67,0,1,primary=1;eh=0;shared=0;selfmod=0,BYTE_EXACT,1,1,,,,,
0x005FE560,?get_rgbquad@Palette@@QAEHPAURGBQUAD@@HH@Z,src/palette.cpp:25,0,93,primary=1;eh=0;shared=0;selfmod=0,NO_COMPILE,,,,,,,
0x005FE6D0,?reseed@Palette@@QAEXXZ,,0,40,primary=1;eh=0;shared=0;selfmod=0,MISMATCH,40,1,12,1,0,#0: original 'push' vs rebuilt 'ret',
0x005FE8B0,?start_cycle@Palette@@QAEHH@Z,,0,75,primary=1;eh=0;shared=0;selfmod=0,MISMATCH,75,5,27,2,0,#0: original 'push' vs rebuilt 'xor',
0x005FE900,?UNK2@Palette@@QAEXH@Z,,0,65,primary=1;eh=0;shared=0;selfmod=0,MISMATCH,65,3,24,1,0,#0: original 'push' vs rebuilt 'ret 4',
0x005FECF0,?close_palette_class@Palette@@QAAXXZ,,0,27,primary=1;eh=0;shared=0;selfmod=0,BYTE_EXACT,27,27,,,,,
0x005FED10,?get_pos@Palette@@QAEHH@Z,src/palette.cpp:85,0,37,primary=1;eh=0;shared=0;selfmod=0,NO_COMPILE,,,,,,,
0x005FFD80,??0MCIVideo@@QAE@XZ,,0,33,primary=1;eh=0;shared=0;selfmod=0,MISMATCH,33,39,12,16,2,#2: original 'lea' vs rebuilt 'push',
0x005FFE40,sub_5ffe40,,0,56,primary=1;eh=0;shared=0;selfmod=0,MISMATCH,56,3,17,2,0,#0: original 'mov' vs rebuilt 'xor',
0x005FFE80,sub_5ffe80,,0,61,primary=1;eh=0;shared=0;selfmod=0,MISMATCH,61,3,19,2,0,#0: original 'mov' vs rebuilt 'xor',
0x006002F0,?status@MCIVideo@@QAEHXZ,,0,47,primary=1;eh=0;shared=0;selfmod=0,MISMATCH,47,3,13,2,0,#0: original 'sub' vs rebuilt 'xor',
0x00600320,?is_playing@MCIVideo@@QAEHXZ,src/field_accessors.cpp:453,1,6,primary=1;eh=0;shared=0;selfmod=0,BYTE_EXACT,6,6,,,,,
0x006003A0,?filefind_cd_drive_letter@@YAPADXZ,src/general.cpp:615,0,8,primary=1;eh=0;shared=0;selfmod=0,NO_COMPILE,,,,,,,
0x006003B0,?filefind_set_alternate@@YAXPAD@Z,src/general.cpp:623,0,70,primary=1;eh=0;shared=0;selfmod=0,NO_COMPILE,,,,,,,
0x006005D0,?filefind_get@@YAHPAD@Z,src/general.cpp:699,0,387,primary=1;eh=0;shared=0;selfmod=0,NO_COMPILE,,,,,,,
0x00600760,?purge_leading@@YAXPAD@Z,src/general.cpp:47,0,19,primary=1;eh=0;shared=0;selfmod=0,NO_COMPILE,,,,,,,
0x00600780,?purge_trailing@@YAXPAD@Z,src/general.cpp:33,0,45,primary=1;eh=0;shared=0;selfmod=0,NO_COMPILE,,,,,,,
0x006007B0,?purge_spaces@@YAXPAD@Z,src/general.cpp:61,0,103,primary=1;eh=0;shared=0;selfmod=0,NO_COMPILE,,,,,,,
0x00600820,?kill_lf@@YAXPAD@Z,src/general.cpp:72,0,23,primary=1;eh=0;shared=0;selfmod=0,NO_COMPILE,,,,,,,
0x00600840,?add_lf@@YAXPAD@Z,src/general.cpp:100,0,25,primary=1;eh=0;shared=0;selfmod=0,NO_COMPILE,,,,,,,
0x006019F0,?button@BasePop@@QAEHPAD@Z,,0,75,primary=1;eh=0;shared=0;selfmod=0,MISMATCH,75,5,26,2,0,#0: original 'mov' vs rebuilt 'xor',
0x00601B20,?set_width@BasePop@@QAEXH@Z,src/basepop.cpp:387,0,87,,REFUSED,,,,,,,C++ standard library: VC6's headers differ enough to be noise
0x00601B80,?set_loc@BasePop@@QAEXHH@Z,src/basepop.cpp:25,0,37,primary=1;eh=0;shared=0;selfmod=0,NO_COMPILE,,,,,,,
0x00601BB0,?write_check@BasePop@@QAEXJ@Z,src/basepop.cpp:364,0,19,primary=1;eh=0;shared=0;selfmod=0,NO_COMPILE,,,,,,,
0x00601BD0,?read_check@BasePop@@QAEXXZ,src/basepop.cpp:581,0,17,primary=1;eh=0;shared=0;selfmod=0,NO_COMPILE,,,,,,,
0x00602600,?exec@BasePop@@QAEHHP6AHXZ@Z,,0,4618,primary=1;eh=1;shared=0;selfmod=0,NO_COMPILE,,,,,,,"CL produced no object: v00602600_0.cpp
v00602600_0.cpp(46) : error C2059: syntax error : ';'
v00602600_0.cpp(51) : error C2061: syntax error : identifier 'Win'
v00602600_0.cpp(64) : error C2061: syntax error : identifier 'GraphicWin'
v00602600_0.cpp(73) : error C2061: syntax error : identifier 'Win'
v00602600_0.cpp(223) : error C2146: syntax error : missing ')' before identifier 'a2'
v00602600_0.cpp(223) : error C2146: syntax error : missing ';' before identifier 'a2'
v00602600_0.cpp(223) : fatal error C1004: unexpected end of file found
"
0x006043D0,?set_def_file@BasePop@@QAAHPAD@Z,,0,55,primary=1;eh=0;shared=0;selfmod=0,NO_COMPILE,,,,,,,"CL produced no object: v006043d0_0.cpp
v006043d0_0.cpp(45) : error C2143: syntax error : missing ';' before 'this'
v006043d0_0.cpp(45) : error C2143: syntax error : missing ';' before 'this'
v006043d0_0.cpp(56) : error C2143: syntax error : missing ')' before 'this'
v006043d0_0.cpp(56) : error C2143: syntax error : missing ';' before 'this'
v006043d0_0.cpp(56) : error C2143: syntax error : missing ';' before 'this'
v006043d0_0.cpp(56) : error C2059: syntax error : ')'
v006043d0_0.cpp(56) : error C2143: syntax error : missing ';' before '{'
v006043d0_0.cpp(56) : error C2447: missing function header (old-style formal list?)
"
0x00604490,?on_key_click@BasePop@@QAEHHH@Z,src/basepop.cpp:447,0,17,primary=1;eh=0;shared=0;selfmod=0,NO_COMPILE,,,,,,,
0x006044B0,?on_key_up@BasePop@@QAEHH@Z,src/basepop.cpp:464,0,17,primary=1;eh=0;shared=0;selfmod=0,NO_COMPILE,,,,,,,
0x006046F0,?set_string_font@BasePop@@QAEHPAUFont@@PAUFont@@PAUFont@@PAUFont@@@Z,src/basepop_font.cpp:6,0,64,primary=1;eh=0;shared=0;selfmod=0,NO_COMPILE,,,,,,,
0x00604730,?set_string_color@BasePop@@QAEXHHHH@Z,src/basepop.cpp:215,0,43,primary=1;eh=0;shared=0;selfmod=0,NO_COMPILE,,,,,,,
0x00604760,?set_string_color2@BasePop@@QAEXHHHH@Z,src/basepop.cpp:232,0,43,primary=1;eh=0;shared=0;selfmod=0,NO_COMPILE,,,,,,,
0x00604790,?set_string_color3@BasePop@@QAEXHHHH@Z,src/basepop.cpp:249,0,43,primary=1;eh=0;shared=0;selfmod=0,NO_COMPILE,,,,,,,
0x006047C0,?set_string_color_hyper@BasePop@@QAEXHHHH@Z,src/basepop.cpp:266,0,43,primary=1;eh=0;shared=0;selfmod=0,NO_COMPILE,,,,,,,
0x006047F0,?set_button_font@BasePop@@QAEHPAUFont@@PAUFont@@PAUFont@@@Z,src/basepop_font.cpp:44,0,54,primary=1;eh=0;shared=0;selfmod=0,NO_COMPILE,,,,,,,
0x00604830,?set_button_color@BasePop@@QAEXDHHH@Z,src/basepop.cpp:283,0,43,primary=1;eh=0;shared=0;selfmod=0,NO_COMPILE,,,,,,,
0x00604860,?set_button_color2@BasePop@@QAEXDHHH@Z,src/basepop.cpp:303,0,43,primary=1;eh=0;shared=0;selfmod=0,NO_COMPILE,,,,,,,
0x00604890,?set_button_color3@BasePop@@QAEXDHHH@Z,src/basepop.cpp:323,0,43,primary=1;eh=0;shared=0;selfmod=0,NO_COMPILE,,,,,,,
0x006048C0,?set_def_string_font@BasePop@@QAAHPAUFont@@PAUFont@@PAUFont@@PAUFont@@@Z,src/basepop.cpp:68,0,58,primary=1;eh=0;shared=0;selfmod=0,NO_COMPILE,,,,,,,
0x00604900,?set_def_string_color@BasePop@@QAAXHHHH@Z,src/basepop.cpp:124,0,39,primary=1;eh=0;shared=0;selfmod=0,NO_COMPILE,,,,,,,
0x00604930,?set_def_string_color2@BasePop@@QAAXHHHH@Z,src/basepop.cpp:137,0,39,primary=1;eh=0;shared=0;selfmod=0,NO_COMPILE,,,,,,,
0x00604960,?set_def_string_color3@BasePop@@QAAXHHHH@Z,src/basepop.cpp:150,0,39,primary=1;eh=0;shared=0;selfmod=0,NO_COMPILE,,,,,,,
0x00604990,?set_def_string_color_hyper@BasePop@@QAAXHHHH@Z,src/basepop.cpp:163,0,39,primary=1;eh=0;shared=0;selfmod=0,NO_COMPILE,,,,,,,
0x006049C0,?set_def_button_font@BasePop@@QAAHPAUFont@@PAUFont@@PAUFont@@@Z,src/basepop.cpp:80,0,48,primary=1;eh=0;shared=0;selfmod=0,NO_COMPILE,,,,,,,
0x006049F0,?set_def_button_color@BasePop@@QAAXHHHH@Z,src/basepop.cpp:176,0,39,primary=1;eh=0;shared=0;selfmod=0,NO_COMPILE,,,,,,,
0x00604A20,?set_def_button_color2@BasePop@@QAAXHHHH@Z,src/basepop.cpp:189,0,39,primary=1;eh=0;shared=0;selfmod=0,NO_COMPILE,,,,,,,
0x00604A50,?set_def_button_color3@BasePop@@QAAXHHHH@Z,src/basepop.cpp:202,0,39,primary=1;eh=0;shared=0;selfmod=0,NO_COMPILE,,,,,,,
0x00604A80,?on_modal@BasePop@@QAAHXZ,,0,14,primary=1;eh=0;shared=0;selfmod=0,BYTE_EXACT,14,14,,,,,
0x00604A90,?fallout@BasePop@@QAAXXZ,src/basepop.cpp:346,0,20,primary=1;eh=0;shared=0;selfmod=0,NO_COMPILE,,,,,,,
0x006050F0,?set_def_external_window@BasePop@@QAAXPAUGraphicWin@@HHHH@Z,,0,49,primary=1;eh=0;shared=0;selfmod=0,NO_COMPILE,,,,,,,"CL produced no object: v006050f0_0.cpp
v006050f0_0.cpp(45) : error C2143: syntax error : missing ';' before 'this'
v006050f0_0.cpp(45) : error C2143: syntax error : missing ';' before 'this'
v006050f0_0.cpp(56) : error C2143: syntax error : missing ')' before 'this'
v006050f0_0.cpp(56) : error C2143: syntax error : missing ';' before 'this'
v006050f0_0.cpp(56) : error C2143: syntax error : missing ';' before 'this'
v006050f0_0.cpp(56) : error C2059: syntax error : ')'
v006050f0_0.cpp(56) : error C2143: syntax error : missing ';' before '{'
v006050f0_0.cpp(56) : error C2447: missing function header (old-style formal list?)
"
0x00605130,?on_left_down@BasePop@@QAEXHH@Z,,0,66,primary=1;eh=0;shared=0;selfmod=0,NO_COMPILE,,,,,,,"CL produced no object: v00605130_0.cpp
v00605130_0.cpp(111) : error C2146: syntax error : missing ',' before identifier 'a1'
v00605130_0.cpp(111) : error C2061: syntax error : identifier 'a1'
v00605130_0.cpp(111) : error C2511: 'on_left_down' : overloaded member function 'void (int)' not found in 'BasePop'
        v00605130_0.cpp(107) : see declaration of 'BasePop'
"
0x00605180,?UNK3@BasePop@@QAEXH@Z,src/basepop.cpp:494,0,27,primary=1;eh=0;shared=0;selfmod=0,BYTE_EXACT,27,27,,,,,
0x006051A0,?UNK4@BasePop@@QAEXH@Z,src/basepop.cpp:515,0,27,primary=1;eh=0;shared=0;selfmod=0,BYTE_EXACT,27,27,,,,,
0x006051C0,sub_6051c0,,0,14,primary=1;eh=0;shared=0;selfmod=0,BYTE_EXACT,14,14,,,,,
0x00605370,?close@Scroll@@QAEXXZ,src/scroll.cpp:162,0,350,primary=1;eh=0;shared=0;selfmod=0,NO_COMPILE,,,,,,,
0x00605840,?init@Scroll@@QAEHPAURECT@@PAUWin@@HH@Z,src/scroll.cpp:215,0,69,,REFUSED,,,,,,,extract does not end in a closing brace
0x00605890,?init_vert@Scroll@@QAEHHHHPAUWin@@H@Z,src/scroll.cpp:236,0,59,,REFUSED,,,,,,,extract does not end in a closing brace
0x006058D0,?init_horz@Scroll@@QAEHHHHPAUWin@@H@Z,src/scroll.cpp:250,0,60,,REFUSED,,,,,,,extract does not end in a closing brace
0x00605910,?init_vert_nc@Scroll@@QAEHHHHPAUWin@@H@Z,src/scroll.cpp:264,0,69,,REFUSED,,,,,,,extract does not end in a closing brace
0x00605960,?init_horz_nc@Scroll@@QAEHHHHPAUWin@@H@Z,src/scroll.cpp:279,0,70,,REFUSED,,,,,,,extract does not end in a closing brace
0x006059B0,?set_range@Scroll@@QAEXHH@Z,src/scroll.cpp:294,0,93,,REFUSED,,,,,,,extract does not end in a closing brace
0x00605A10,?set_button_color@Scroll@@QAEXH@Z,src/scroll.cpp:316,0,61,,REFUSED,,,,,,,extract does not end in a closing brace
0x00605A50,?set_bevel_thickness@Scroll@@QAEXH@Z,src/scroll.cpp:332,0,61,,REFUSED,,,,,,,extract does not end in a closing brace
0x00605A90,?set_bevel_upper@Scroll@@QAEXH@Z,src/scroll.cpp:348,0,61,,REFUSED,,,,,,,extract does not end in a closing brace
0x00605AD0,?set_bevel_lower@Scroll@@QAEXH@Z,src/scroll.cpp:364,0,61,,REFUSED,,,,,,,extract does not end in a closing brace
0x00605B10,?set_border_color@Scroll@@QAEXH@Z,src/scroll.cpp:409,0,100,,REFUSED,,,,,,,extract does not end in a closing brace
0x00605B80,?set_bar_thickness@Scroll@@QAEXH@Z,src/scroll.cpp:380,0,96,primary=1;eh=0;shared=0;selfmod=0,NO_COMPILE,,,,,,,
0x00605BE0,?set_sprite_left@Scroll@@QAEXPAUSprite@@PAUSprite@@PAUSprite@@@Z,src/scroll.cpp:446,0,75,primary=1;eh=0;shared=0;selfmod=0,NO_COMPILE,,,,,,,
0x00605C30,?set_sprite_right@Scroll@@QAEXPAUSprite@@PAUSprite@@PAUSprite@@@Z,src/scroll.cpp:457,0,75,primary=1;eh=0;shared=0;selfmod=0,NO_COMPILE,,,,,,,
0x00605C80,?UNK1@Scroll@@QAEXPAUSprite@@PAUSprite@@PAUSprite@@@Z,src/scroll.cpp:468,0,80,primary=1;eh=0;shared=0;selfmod=0,NO_COMPILE,,,,,,,
0x00605CD0,?UNK2@Scroll@@QAEXPAUSprite@@PAUSprite@@PAUSprite@@@Z,src/scroll.cpp:479,0,75,primary=1;eh=0;shared=0;selfmod=0,NO_COMPILE,,,,,,,
0x00605D20,?set_pos@Scroll@@QAEXH@Z,src/scroll.cpp:490,0,106,primary=1;eh=0;shared=0;selfmod=0,NO_COMPILE,,,,,,,
0x00605D90,?on_mouse_move@Scroll@@QAEXHH@Z,,0,1099,primary=1;eh=0;shared=0;selfmod=0,NO_COMPILE,,,,,,,"CL produced no object: v00605d90_0.cpp
v00605d90_0.cpp(48) : error C2061: syntax error : identifier 'RECT'
"
0x006062C0,?on_left_up@Scroll@@QAEXHH@Z,,0,68,primary=1;eh=0;shared=0;selfmod=0,MISMATCH,68,3,18,1,0,#0: original 'push' vs rebuilt 'ret 8',
0x00606310,?on_left_click@Scroll@@QAEHHH@Z,src/scroll.cpp:762,0,3,primary=1;eh=0;shared=0;selfmod=0,NO_COMPILE,,,,,,,
0x00606C50,?compute_thumb_rect@Scroll@@QAEXPAURECT@@@Z,src/scroll.cpp:521,0,590,primary=1;eh=0;shared=0;selfmod=0,NO_COMPILE,,,,,,,
0x00606EA0,?set_thumb_rect@Scroll@@QAEXXZ,src/scroll.cpp:631,0,88,primary=1;eh=0;shared=0;selfmod=0,NO_COMPILE,,,,,,,
0x00606F00,sub_606f00,src/scroll.cpp:426,0,43,,REFUSED,,,,,,,extract does not end in a closing brace
0x00606F30,??0BaseButton@@QAE@XZ,src/basebutton.cpp:32,0,291,primary=1;eh=1;shared=0;selfmod=0,NO_COMPILE,,,,,,,
0x00607040,??1BaseButton@@QAE@XZ,src/basebutton.cpp:132,0,167,primary=1;eh=1;shared=0;selfmod=0,NO_COMPILE,,,,,,,
0x006070C0,?close@BaseButton@@QAEXXZ,src/basebutton.cpp:78,0,208,primary=1;eh=0;shared=0;selfmod=0,NO_COMPILE,,,,,,,
0x00607210,?init@BaseButton@@QAEHPADHHHHHPAUWin@@H@Z,src/basebutton.cpp:480,0,322,primary=1;eh=0;shared=0;selfmod=0,NO_COMPILE,,,,,,,
0x00607360,?set_text_color@BaseButton@@QAEXHHHH@Z,src/basebutton.cpp:312,0,61,primary=1;eh=0;shared=0;selfmod=0,NO_COMPILE,,,,,,,
0x006073A0,?set_text_color2@BaseButton@@QAEXHHHH@Z,src/basebutton.cpp:332,0,61,primary=1;eh=0;shared=0;selfmod=0,NO_COMPILE,,,,,,,
0x006073E0,?set_text_color3@BaseButton@@QAEXHHHH@Z,src/basebutton.cpp:344,0,61,primary=1;eh=0;shared=0;selfmod=0,NO_COMPILE,,,,,,,
0x00607420,?set_def_text_color@BaseButton@@QAAXHHHH@Z,src/basebutton.cpp:225,0,39,primary=1;eh=0;shared=0;selfmod=0,NO_COMPILE,,,,,,,
0x00607450,?set_def_text_color2@BaseButton@@QAAXHHHH@Z,src/basebutton.cpp:234,0,39,primary=1;eh=0;shared=0;selfmod=0,NO_COMPILE,,,,,,,
0x00607480,?set_def_text_color3@BaseButton@@QAAXHHHH@Z,src/basebutton.cpp:243,0,39,primary=1;eh=0;shared=0;selfmod=0,NO_COMPILE,,,,,,,
0x006074B0,?set_def_font@BaseButton@@QAAHPAUFont@@PAUFont@@PAUFont@@@Z,src/basebutton.cpp:252,0,48,primary=1;eh=0;shared=0;selfmod=0,NO_COMPILE,,,,,,,
0x006074E0,?set_name@BaseButton@@QAEHPAD@Z,src/basebutton.cpp:180,0,109,primary=1;eh=0;shared=0;selfmod=0,NO_COMPILE,,,,,,,
0x00607550,?set_bubble_text@BaseButton@@QAEHPAD@Z,src/basebutton.cpp:156,0,103,primary=1;eh=0;shared=0;selfmod=0,NO_COMPILE,,,,,,,
0x006077F0,?on_key_click@BaseButton@@QAEXHH@Z,src/basebutton.cpp:421,0,5,primary=1;eh=0;shared=0;selfmod=0,MISMATCH,5,3,2,1,0,#0: original 'xor' vs rebuilt 'ret 8',
0x00607800,?on_key_down@BaseButton@@QAEXH@Z,src/basebutton.cpp:435,0,5,primary=1;eh=0;shared=0;selfmod=0,MISMATCH,5,3,2,1,0,#0: original 'xor' vs rebuilt 'ret 4',
0x00607810,?on_key_up@BaseButton@@QAEXH@Z,src/basebutton.cpp:449,0,5,primary=1;eh=0;shared=0;selfmod=0,MISMATCH,5,3,2,1,0,#0: original 'xor' vs rebuilt 'ret 4',
0x00607820,?on_mouse_leave@BaseButton@@QAEXHH@Z,,0,45,primary=1;eh=0;shared=0;selfmod=0,MISMATCH,45,3,15,1,0,#0: original 'mov' vs rebuilt 'ret 8',
0x00607A00,?on_right_click@BaseButton@@QAEXHH@Z,,0,20,primary=1;eh=0;shared=0;selfmod=0,BYTE_EXACT,20,20,,,,,
0x00607B00,?on_dialog_focus@BaseButton@@QAEXH@Z,src/delegation_thunks.cpp:1047,1,11,,REFUSED,,,,,,,extract failed: src/delegation_thunks.cpp:1047: no closing brace within the file
0x00607B10,?timer_callback_daemon@BaseButton@@QAAXHH@Z,,0,19,primary=1;eh=0;shared=0;selfmod=0,BYTE_EXACT,19,19,,,,,
0x00607C30,?UNK2@BaseButton@@QAEXXZ,,0,68,primary=1;eh=0;shared=0;selfmod=0,MISMATCH,68,1,25,1,0,#0: original 'push' vs rebuilt 'ret',
0x00607C80,?set@BaseButton@@QAEXH@Z,src/basebutton.cpp:385,0,61,primary=1;eh=0;shared=0;selfmod=0,NO_COMPILE,,,,,,,
0x00607CC0,??_GBaseButton@@UAEPAXI@Z,src/deleting_thunks.cpp:1672,1,30,primary=1;eh=0;shared=0;selfmod=0,NO_COMPILE,,,,,,,
0x00607CE0,??3BaseButton@@SAXPAXI@Z,src/deleting_thunks.cpp:1689,1,11,primary=1;eh=0;shared=0;selfmod=0,NO_COMPILE,,,,,,,
0x00607DA0,?close@FlatButton@@QAEXXZ,src/flatbutton.cpp:28,0,161,primary=1;eh=0;shared=0;selfmod=0,NO_COMPILE,,,,,,,
0x00608770,?kill_entry@StringList@@QAEXPAUStringStruct@@@Z,,0,43,primary=1;eh=0;shared=0;selfmod=0,MISMATCH,43,3,16,1,0,#0: original 'push' vs rebuilt 'ret 4',
0x00608C00,??1Text@@QAE@XZ,,0,5,,REFUSED,,,,,,,no source_locations; not censusable
0x00608E10,??1Dialog@@QAE@XZ,src/dialog.cpp:275,0,351,primary=1;eh=1;shared=0;selfmod=0,NO_COMPILE,,,,,,,
0x00609970,?UNK1@Dialog@@QAEXHH@Z,,0,26,primary=1;eh=0;shared=0;selfmod=0,BYTE_EXACT,26,26,,,,,
0x00609990,?item@Dialog@@QAEHPADH@Z,,0,52,primary=1;eh=0;shared=0;selfmod=0,MISMATCH,52,5,13,2,0,#0: original 'mov' vs rebuilt 'xor',
0x006099D0,?set_selected_id@Dialog@@QAEXH@Z,src/dialog.cpp:108,0,115,primary=1;eh=0;shared=0;selfmod=0,NO_COMPILE,,,,,,,
0x00609A50,?get_selected_id@Dialog@@QAEHXZ,src/dialog.cpp:118,0,150,primary=1;eh=0;shared=0;selfmod=0,NO_COMPILE,,,,,,,
0x00609AF0,?id_to_pos@Dialog@@QAEHH@Z,src/dialog.cpp:81,0,91,primary=1;eh=0;shared=0;selfmod=0,MISMATCH,91,92,29,31,23,#23: original 'jl' vs rebuilt 'jge',
0x00609B50,?pos_to_id@Dialog@@QAEHH@Z,src/dialog.cpp:153,0,154,primary=1;eh=0;shared=0;selfmod=0,NO_COMPILE,,,,,,,
0x00609C60,?set_dialog_font@Dialog@@QAEHPAUFont@@PAUFont@@PAUFont@@@Z,src/dialog.cpp:24,0,45,primary=1;eh=0;shared=0;selfmod=0,NO_COMPILE,,,,,,,
0x00609C90,?set_dialog_text_color@Dialog@@QAEXHHHH@Z,src/dialog.cpp:42,0,40,primary=1;eh=0;shared=0;selfmod=0,BYTE_EXACT,40,40,,,,,
0x00609CC0,?set_dialog_text_color2@Dialog@@QAEXHHHH@Z,src/dialog.cpp:55,0,43,primary=1;eh=0;shared=0;selfmod=0,BYTE_EXACT,43,43,,,,,
0x00609CF0,?set_dialog_text_color3@Dialog@@QAEXHHHH@Z,src/dialog.cpp:68,0,43,primary=1;eh=0;shared=0;selfmod=0,BYTE_EXACT,43,43,,,,,
0x00609D20,?set_def_dialog_font@Dialog@@QAAHPAUFont@@PAUFont@@PAUFont@@@Z,src/dialog.cpp:226,0,48,primary=1;eh=0;shared=0;selfmod=0,NO_COMPILE,,,,,,,
0x00609D50,?set_def_dialog_text_color@Dialog@@QAAXHHHHH@Z,,0,60,primary=1;eh=0;shared=0;selfmod=0,NO_COMPILE,,,,,,,"CL produced no object: v00609d50_0.cpp
v00609d50_0.cpp(44) : error C2143: syntax error : missing ';' before 'this'
v00609d50_0.cpp(44) : error C2143: syntax error : missing ';' before 'this'
v00609d50_0.cpp(54) : error C2143: syntax error : missing ')' before 'this'
v00609d50_0.cpp(54) : error C2143: syntax error : missing ';' before 'this'
v00609d50_0.cpp(54) : error C2143: syntax error : missing ';' before 'this'
v00609d50_0.cpp(54) : error C2059: syntax error : ')'
v00609d50_0.cpp(54) : error C2143: syntax error : missing ';' before '{'
v00609d50_0.cpp(54) : error C2447: missing function header (old-style formal list?)
"
0x00609D90,??_GDialog@@UAEPAXI@Z,src/dialog.cpp:324,0,30,primary=1;eh=0;shared=0;selfmod=0,NO_COMPILE,,,,,,,
0x00609EC0,??1ListBox@@QAE@XZ,src/listbox.cpp:102,0,83,primary=1;eh=0;shared=0;selfmod=0,NO_COMPILE,,,,,,,
0x00609F20,?close@ListBox@@QAEXXZ,src/listbox.cpp:52,0,125,primary=1;eh=0;shared=0;selfmod=0,NO_COMPILE,,,,,,,
0x0060AA20,?on_right_down@ListBox@@QAEXHH@Z,,0,50,primary=1;eh=0;shared=0;selfmod=0,MISMATCH,50,3,12,1,0,#0: original 'mov' vs rebuilt 'ret 8',
0x0060C6A0,?on_scrolled@ListBox@@QAEXHH@Z,,0,33,primary=1;eh=0;shared=0;selfmod=0,BYTE_EXACT,33,33,,,,,
0x0060C6D0,?on_right_double_click@ListBox@@QAEXHH@Z,,0,50,primary=1;eh=0;shared=0;selfmod=0,MISMATCH,50,3,12,1,0,#0: original 'mov' vs rebuilt 'ret 8',
0x0060C7C0,?on_dialog_focus@ListBox@@QAEXH@Z,src/listbox.cpp:23,0,3,primary=1;eh=0;shared=0;selfmod=0,BYTE_EXACT,3,3,,,,,
0x0060CB70,?on_mousewheel@ListBox@@QAEXH@Z,,0,74,primary=1;eh=0;shared=0;selfmod=0,MISMATCH,74,3,32,1,0,#0: original 'mov' vs rebuilt 'ret 4',
0x0060CE10,?on_mouse_leave@ListBox@@QAEXHH@Z,,0,40,primary=1;eh=0;shared=0;selfmod=0,MISMATCH,40,3,9,1,0,#0: original 'mov' vs rebuilt 'ret 8',
0x0060CED0,sub_60ced0,,0,49,primary=1;eh=0;shared=0;selfmod=0,MISMATCH,49,3,23,2,0,#0: original 'sub' vs rebuilt 'xor',
0x0060CF10,sub_60cf10,,0,61,primary=1;eh=0;shared=0;selfmod=0,MISMATCH,61,5,26,2,0,#0: original 'sub' vs rebuilt 'xor',
0x0060CF50,?on_redraw@thunk1_ListBox@@QAEXXZ,src/adjustor_thunks.cpp:1520,1,8,primary=1;eh=0;shared=0;selfmod=0,NO_COMPILE,,,,,,,
0x0060CF60,?on_mousewheel@thunk1_ListBox@@QAEXH@Z,src/adjustor_thunks.cpp:1534,1,8,primary=1;eh=0;shared=0;selfmod=0,NO_COMPILE,,,,,,,
0x0060CF70,?on_mouse_move@thunk1_ListBox@@QAEXHH@Z,src/adjustor_thunks.cpp:1548,1,8,primary=1;eh=0;shared=0;selfmod=0,NO_COMPILE,,,,,,,
0x0060CF80,?on_mouse_leave@thunk1_ListBox@@QAEXHH@Z,src/adjustor_thunks.cpp:1563,1,8,primary=1;eh=0;shared=0;selfmod=0,NO_COMPILE,,,,,,,
0x0060CF90,?on_left_down@thunk1_ListBox@@QAEXHH@Z,src/adjustor_thunks.cpp:1578,1,8,primary=1;eh=0;shared=0;selfmod=0,NO_COMPILE,,,,,,,
0x0060CFA0,?on_right_down@thunk1_ListBox@@QAEXHH@Z,src/adjustor_thunks.cpp:1593,1,8,primary=1;eh=0;shared=0;selfmod=0,NO_COMPILE,,,,,,,
0x0060CFB0,?on_key_down@thunk1_ListBox@@QAEXH@Z,src/adjustor_thunks.cpp:1608,1,8,primary=1;eh=0;shared=0;selfmod=0,NO_COMPILE,,,,,,,
0x0060CFC0,?on_left_double_click@thunk1_ListBox@@QAEXHH@Z,src/adjustor_thunks.cpp:1622,1,8,primary=1;eh=0;shared=0;selfmod=0,NO_COMPILE,,,,,,,
0x0060CFD0,?on_right_double_click@thunk1_ListBox@@QAEXHH@Z,src/adjustor_thunks.cpp:1637,1,8,primary=1;eh=0;shared=0;selfmod=0,NO_COMPILE,,,,,,,
0x0060CFE0,?on_scrolled@thunk1_ListBox@@QAEXHH@Z,src/adjustor_thunks.cpp:1652,1,8,primary=1;eh=0;shared=0;selfmod=0,NO_COMPILE,,,,,,,
0x0060CFF0,?on_scrolling@thunk1_ListBox@@QAEXHH@Z,src/adjustor_thunks.cpp:1667,1,8,primary=1;eh=0;shared=0;selfmod=0,NO_COMPILE,,,,,,,
0x0060D000,?on_dialog_focus@thunk1_ListBox@@QAEXH@Z,src/adjustor_thunks.cpp:1682,1,8,primary=1;eh=0;shared=0;selfmod=0,NO_COMPILE,,,,,,,
0x0060D040,?attach@thunk1_ListBox@@QAEHPAUGraphicWin@@HHH@Z,src/adjustor_thunks.cpp:1697,1,8,primary=1;eh=0;shared=0;selfmod=0,NO_COMPILE,,,,,,,
0x0060D050,?on_redraw@thunk3_ListBox@@QAEXXZ,src/adjustor_thunks.cpp:1712,1,14,primary=1;eh=0;shared=0;selfmod=0,NO_COMPILE,,,,,,,
0x0060D060,??__Eg_RADIOBUTTON_SPRITE_1@@YAXXZ,src/init_thunks.cpp:4375,1,22,primary=1;eh=0;shared=0;selfmod=0,NO_COMPILE,,,,,,,
0x0060D080,??__Fg_RADIOBUTTON_SPRITE_1@@YAXXZ,src/guarded_teardowns.cpp:246,0,31,primary=1;eh=0;shared=0;selfmod=0,NO_COMPILE,,,,,,,
0x0060D0A0,??__Eg_RADIOBUTTON_SPRITE_2@@YAXXZ,src/init_thunks.cpp:4386,1,22,primary=1;eh=0;shared=0;selfmod=0,NO_COMPILE,,,,,,,
0x0060D0C0,??__Fg_RADIOBUTTON_SPRITE_2@@YAXXZ,src/guarded_teardowns.cpp:265,0,31,primary=1;eh=0;shared=0;selfmod=0,NO_COMPILE,,,,,,,
0x0060D1B0,?close@RadioButton@@QAEXXZ,src/radiobutton.cpp:29,0,54,primary=1;eh=0;shared=0;selfmod=0,NO_COMPILE,,,,,,,
0x0060E1E0,?on_left_double_click@RadioButton@@QAEXHH@Z,,0,55,primary=1;eh=0;shared=0;selfmod=0,MISMATCH,55,3,18,1,0,#0: original 'push' vs rebuilt 'ret 8',
0x0060E300,?on_dialog_focus@RadioButton@@QAEXH@Z,,0,23,primary=1;eh=0;shared=0;selfmod=0,BYTE_EXACT,23,23,,,,,
0x0060E4A0,?on_mouse_leave@RadioButton@@QAEXHH@Z,,0,40,primary=1;eh=0;shared=0;selfmod=0,MISMATCH,40,3,9,1,0,#0: original 'mov' vs rebuilt 'ret 8',
0x0060E4D0,?init_class@RadioButton@@QAAHXZ,,0,263,primary=1;eh=1;shared=0;selfmod=0,NO_COMPILE,,,,,,,"CL produced no object: v0060e4d0_0.cpp
v0060e4d0_0.cpp(50) : error C2143: syntax error : missing ';' before 'this'
v0060e4d0_0.cpp(50) : error C2143: syntax error : missing ';' before 'this'
v0060e4d0_0.cpp(63) : error C2014: preprocessor command must start as first nonwhite space
v0060e4d0_0.cpp(64) : error C2143: syntax error : missing ')' before '}'
v0060e4d0_0.cpp(64) : error C2059: syntax error : ')'
v0060e4d0_0.cpp(82) : error C2143: syntax error : missing ')' before ';'
v0060e4d0_0.cpp(82) : fatal error C1903: unable to recover from previous error(s); stopping compilation
"
0x0060E5D0,?close_class@RadioButton@@QAAXXZ,src/guarded_teardowns.cpp:284,0,20,,REFUSED,,,,,,,extract does not end in a closing brace
0x0060E5F0,??__Eg_CHECKBOX_SPRITE_1@@YAXXZ,src/init_thunks.cpp:4397,1,22,primary=1;eh=0;shared=0;selfmod=0,NO_COMPILE,,,,,,,
0x0060E610,??__Fg_CHECKBOX_SPRITE_1@@YAXXZ,src/guarded_teardowns.cpp:297,0,31,primary=1;eh=0;shared=0;selfmod=0,NO_COMPILE,,,,,,,
0x0060E630,??__Eg_CHECKBOX_SPRITE_2@@YAXXZ,src/init_thunks.cpp:4408,1,22,primary=1;eh=0;shared=0;selfmod=0,NO_COMPILE,,,,,,,
0x0060E650,??__Fg_CHECKBOX_SPRITE_2@@YAXXZ,src/guarded_teardowns.cpp:316,0,31,primary=1;eh=0;shared=0;selfmod=0,NO_COMPILE,,,,,,,
0x0060E7C0,?close@CheckBox@@QAEXXZ,src/checkbox.cpp:29,0,57,primary=1;eh=0;shared=0;selfmod=0,NO_COMPILE,,,,,,,
0x0060EB50,?UNK1@CheckBox@@QAEXH@Z,src/checkbox.cpp:78,0,45,primary=1;eh=0;shared=0;selfmod=0,NO_COMPILE,,,,,,,
0x0060EC80,?set_state_pos@CheckBox@@QAEXHH@Z,src/checkbox.cpp:126,0,49,primary=1;eh=0;shared=0;selfmod=0,NO_COMPILE,,,,,,,
0x0060ECC0,?UNK2@CheckBox@@QAEHH@Z,src/checkbox.cpp:105,0,32,primary=1;eh=0;shared=0;selfmod=0,NO_COMPILE,,,,,,,
0x0060ECE0,?set_state_flag@CheckBox@@QAEXJ@Z,,0,35,primary=1;eh=0;shared=0;selfmod=0,BYTE_EXACT,35,35,,,,,
0x0060FA80,?on_left_double_click@CheckBox@@QAEXHH@Z,,0,45,primary=1;eh=0;shared=0;selfmod=0,MISMATCH,45,3,14,1,0,#0: original 'mov' vs rebuilt 'ret 8',
0x0060FB90,?on_dialog_focus@CheckBox@@QAEXH@Z,,0,23,primary=1;eh=0;shared=0;selfmod=0,MNEMONIC_ONLY,23,23,6,6,,,
0x0060FC30,?on_mouse_leave@CheckBox@@QAEXHH@Z,,0,40,primary=1;eh=0;shared=0;selfmod=0,MISMATCH,40,3,9,1,0,#0: original 'mov' vs rebuilt 'ret 8',
0x0060FC60,?init_class@CheckBox@@QAAHXZ,,0,263,primary=1;eh=1;shared=0;selfmod=0,NO_COMPILE,,,,,,,"CL produced no object: v0060fc60_0.cpp
v0060fc60_0.cpp(50) : error C2143: syntax error : missing ';' before 'this'
v0060fc60_0.cpp(50) : error C2143: syntax error : missing ';' before 'this'
v0060fc60_0.cpp(63) : error C2014: preprocessor command must start as first nonwhite space
v0060fc60_0.cpp(64) : error C2143: syntax error : missing ')' before '}'
v0060fc60_0.cpp(64) : error C2059: syntax error : ')'
v0060fc60_0.cpp(82) : error C2143: syntax error : missing ')' before ';'
v0060fc60_0.cpp(82) : fatal error C1903: unable to recover from previous error(s); stopping compilation
"
0x0060FD60,?close_class@CheckBox@@QAAXXZ,src/guarded_teardowns.cpp:335,0,20,,REFUSED,,,,,,,extract does not end in a closing brace
0x0060FE40,?on_redraw@thunk1_CheckBox@@QAEXXZ,src/adjustor_thunks.cpp:1726,1,8,primary=1;eh=0;shared=0;selfmod=0,NO_COMPILE,,,,,,,
0x0060FE50,?on_mouse_move@thunk1_CheckBox@@QAEXHH@Z,src/adjustor_thunks.cpp:1740,1,8,primary=1;eh=0;shared=0;selfmod=0,NO_COMPILE,,,,,,,
0x0060FE60,?on_mouse_leave@thunk1_CheckBox@@QAEXHH@Z,src/adjustor_thunks.cpp:1755,1,8,primary=1;eh=0;shared=0;selfmod=0,NO_COMPILE,,,,,,,
0x0060FE70,?on_left_down@thunk1_CheckBox@@QAEXHH@Z,src/adjustor_thunks.cpp:1770,1,8,primary=1;eh=0;shared=0;selfmod=0,NO_COMPILE,,,,,,,
0x0060FE80,?on_key_down@thunk1_CheckBox@@QAEHH@Z,src/adjustor_thunks.cpp:1785,1,8,primary=1;eh=0;shared=0;selfmod=0,NO_COMPILE,,,,,,,
0x0060FE90,?on_left_double_click@thunk1_CheckBox@@QAEXHH@Z,src/adjustor_thunks.cpp:1799,1,8,primary=1;eh=0;shared=0;selfmod=0,NO_COMPILE,,,,,,,
0x0060FEA0,?on_dialog_focus@thunk1_CheckBox@@QAEXH@Z,src/adjustor_thunks.cpp:1814,1,8,primary=1;eh=0;shared=0;selfmod=0,NO_COMPILE,,,,,,,
0x0060FEE0,?attach@thunk1_CheckBox@@QAEHPAUGraphicWin@@HHH@Z,src/adjustor_thunks.cpp:1829,1,8,primary=1;eh=0;shared=0;selfmod=0,NO_COMPILE,,,,,,,
0x0060FEF0,?on_redraw@thunk3_CheckBox@@QAEXXZ,src/adjustor_thunks.cpp:1844,1,14,primary=1;eh=0;shared=0;selfmod=0,NO_COMPILE,,,,,,,
0x00610420,?init@SpriteBox@@QAEHH@Z,,0,29,primary=1;eh=0;shared=0;selfmod=0,MNEMONIC_ONLY,29,29,11,11,,,
0x00610440,?init@SpriteBox@@QAEHHHHHH@Z,,0,49,primary=1;eh=0;shared=0;selfmod=0,MISMATCH,49,5,19,2,0,#0: original 'push' vs rebuilt 'xor',
0x00610480,?init@SpriteBox@@QAEHPAURECT@@H@Z,,0,34,primary=1;eh=0;shared=0;selfmod=0,BYTE_EXACT,34,34,,,,,
0x006104B0,?init@SpriteBox@@QAEHPAUHeap@@@Z,,0,29,primary=1;eh=0;shared=0;selfmod=0,MISMATCH,29,5,11,2,0,#0: original 'push' vs rebuilt 'xor',
0x006104D0,?init@SpriteBox@@QAEHHHHHPAUHeap@@@Z,,0,49,primary=1;eh=0;shared=0;selfmod=0,MISMATCH,49,5,19,2,0,#0: original 'push' vs rebuilt 'xor',
0x00610510,?init@SpriteBox@@QAEHPAUHeap@@PAUHeap@@@Z,,0,34,primary=1;eh=0;shared=0;selfmod=0,BYTE_EXACT,34,34,,,,,
0x00611040,?on_mouse_move@SpriteBox@@QAEXHH@Z,src/spritebox.cpp:23,0,3,primary=1;eh=0;shared=0;selfmod=0,BYTE_EXACT,3,3,,,,,
0x00611050,?on_mouse_leave@SpriteBox@@QAEXHH@Z,src/spritebox.cpp:32,0,3,primary=1;eh=0;shared=0;selfmod=0,BYTE_EXACT,3,3,,,,,
0x006115E0,?on_dialog_focus@SpriteBox@@QAEXH@Z,,0,32,primary=1;eh=0;shared=0;selfmod=0,MISMATCH,32,3,6,1,0,#0: original 'mov' vs rebuilt 'ret 4',
0x00611600,?id_to_pos@SpriteBox@@QAEXH@Z,src/spritebox.cpp:72,0,64,primary=1;eh=0;shared=0;selfmod=0,NO_COMPILE,,,,,,,
0x006116E0,sub_6116e0,,0,72,primary=1;eh=0;shared=0;selfmod=0,MISMATCH,72,5,24,2,0,#0: original 'push' vs rebuilt 'xor',
0x00611820,?on_redraw@thunk1_SpriteBox@@QAEXXZ,src/adjustor_thunks.cpp:1858,1,8,primary=1;eh=0;shared=0;selfmod=0,NO_COMPILE,,,,,,,
0x00611830,?on_mouse_move@thunk1_SpriteBox@@QAEXHH@Z,src/adjustor_thunks.cpp:1872,1,8,primary=1;eh=0;shared=0;selfmod=0,NO_COMPILE,,,,,,,
0x00611840,?on_mouse_leave@thunk1_SpriteBox@@QAEXHH@Z,src/adjustor_thunks.cpp:1887,1,8,primary=1;eh=0;shared=0;selfmod=0,NO_COMPILE,,,,,,,
0x00611850,?on_left_click@thunk1_SpriteBox@@QAEXHH@Z,src/adjustor_thunks.cpp:1902,1,8,primary=1;eh=0;shared=0;selfmod=0,NO_COMPILE,,,,,,,
0x00611860,?on_left_down@thunk1_SpriteBox@@QAEXHH@Z,src/adjustor_thunks.cpp:1917,1,8,primary=1;eh=0;shared=0;selfmod=0,NO_COMPILE,,,,,,,
0x00611870,?on_left_up@thunk1_SpriteBox@@QAEXHH@Z,src/adjustor_thunks.cpp:1932,1,8,primary=1;eh=0;shared=0;selfmod=0,NO_COMPILE,,,,,,,
0x00611880,?on_right_click@thunk1_SpriteBox@@QAEXHH@Z,src/adjustor_thunks.cpp:1947,1,8,primary=1;eh=0;shared=0;selfmod=0,NO_COMPILE,,,,,,,
0x00611890,?on_right_down@thunk1_SpriteBox@@QAEXHH@Z,src/adjustor_thunks.cpp:1962,1,8,primary=1;eh=0;shared=0;selfmod=0,NO_COMPILE,,,,,,,
0x006118A0,?on_right_up@thunk1_SpriteBox@@QAEXHH@Z,src/adjustor_thunks.cpp:1977,1,8,primary=1;eh=0;shared=0;selfmod=0,NO_COMPILE,,,,,,,
0x006118B0,?on_key_down@thunk1_SpriteBox@@QAEHH@Z,src/adjustor_thunks.cpp:1992,1,8,primary=1;eh=0;shared=0;selfmod=0,NO_COMPILE,,,,,,,
0x006118C0,?on_left_double_click@thunk1_SpriteBox@@QAEXHH@Z,src/adjustor_thunks.cpp:2006,1,8,primary=1;eh=0;shared=0;selfmod=0,NO_COMPILE,,,,,,,
0x006118D0,?on_right_double_click@thunk1_SpriteBox@@QAEXHH@Z,src/adjustor_thunks.cpp:2021,1,8,primary=1;eh=0;shared=0;selfmod=0,NO_COMPILE,,,,,,,
0x006118E0,?on_dialog_focus@thunk1_SpriteBox@@QAEXH@Z,src/adjustor_thunks.cpp:2036,1,8,primary=1;eh=0;shared=0;selfmod=0,NO_COMPILE,,,,,,,
0x006118F0,sub_6118f0,,0,79,primary=1;eh=0;shared=1;selfmod=0,SHARED_TAIL,,,,,,,1 span(s) are COMDAT-folded and claimed by another function; no per-function verdict is well defined
0x00611910,sub_611910,,0,76,primary=1;eh=0;shared=1;selfmod=0,SHARED_TAIL,,,,,,,1 span(s) are COMDAT-folded and claimed by another function; no per-function verdict is well defined
0x00611920,?attach@thunk1_SpriteBox@@QAEHPAUGraphicWin@@HHH@Z,src/adjustor_thunks.cpp:2051,1,8,primary=1;eh=0;shared=0;selfmod=0,NO_COMPILE,,,,,,,
0x00611930,?on_redraw@thunk3_SpriteBox@@QAEXXZ,src/adjustor_thunks.cpp:2066,1,14,primary=1;eh=0;shared=0;selfmod=0,NO_COMPILE,,,,,,,
0x00612040,?set_text@EditGroup@@QAEXPADH@Z,src/editgroup.cpp:52,0,25,primary=1;eh=0;shared=0;selfmod=0,NO_COMPILE,,,,,,,
0x00612060,?get_text@EditGroup@@QAEPADH@Z,src/editgroup.cpp:38,0,25,primary=1;eh=0;shared=0;selfmod=0,NO_COMPILE,,,,,,,
0x00612080,?append_text@EditGroup@@QAEXPADH@Z,,0,42,primary=1;eh=0;shared=0;selfmod=0,MISMATCH,42,3,14,1,0,#0: original 'mov' vs rebuilt 'ret 8',
0x006120B0,?set_text_limits@EditGroup@@QAEXH@Z,src/editgroup.cpp:26,0,19,primary=1;eh=0;shared=0;selfmod=0,NO_COMPILE,,,,,,,
0x00612670,?on_dialog_focus@EditGroup@@QAEXH@Z,,0,70,primary=1;eh=0;shared=0;selfmod=0,MISMATCH,70,3,26,1,0,#0: original 'mov' vs rebuilt 'ret 4',
0x006126C0,?pass_dialog_focus@EditGroup@@QAEXXZ,,0,56,primary=1;eh=0;shared=0;selfmod=0,MISMATCH,56,1,17,1,0,#0: original 'mov' vs rebuilt 'ret',
0x00612700,sub_612700,src/deleting_thunks.cpp:1702,1,8,primary=1;eh=0;shared=0;selfmod=0,NO_COMPILE,,,,,,,
0x006127B0,?on_redraw@thunk1_EditGroup@@QAEXXZ,src/adjustor_thunks.cpp:2080,1,8,primary=1;eh=0;shared=0;selfmod=0,NO_COMPILE,,,,,,,
0x006127C0,?on_dialog_focus@thunk1_EditGroup@@QAEXH@Z,src/adjustor_thunks.cpp:2094,1,8,primary=1;eh=0;shared=0;selfmod=0,NO_COMPILE,,,,,,,
0x006127D0,?pass_dialog_focus@thunk1_EditGroup@@QAEXXZ,src/adjustor_thunks.cpp:2109,1,8,primary=1;eh=0;shared=0;selfmod=0,NO_COMPILE,,,,,,,
0x00612810,?attach@thunk1_EditGroup@@QAEHPAUGraphicWin@@HHH@Z,src/adjustor_thunks.cpp:2123,1,8,primary=1;eh=0;shared=0;selfmod=0,NO_COMPILE,,,,,,,
0x00612820,?on_redraw@thunk3_EditGroup@@QAEXXZ,src/adjustor_thunks.cpp:2138,1,14,primary=1;eh=0;shared=0;selfmod=0,NO_COMPILE,,,,,,,
0x00612960,?close@Dialogs@@QAEXXZ,src/dialogs.cpp:15,0,1,primary=1;eh=0;shared=0;selfmod=0,BYTE_EXACT,1,1,,,,,
0x00612A70,?item@Dialogs@@QAEHPADH@Z,src/dialogs_recovery.cpp:47,0,79,primary=1;eh=0;shared=0;selfmod=0,NO_COMPILE,,,,,,,
0x00612E00,?on_redraw@Dialogs@@QAEXXZ,,0,77,primary=1;eh=0;shared=0;selfmod=0,MISMATCH,77,1,18,1,0,#0: original 'mov' vs rebuilt 'ret',
0x00612E80,?on_left_click@Dialogs@@QAEXHH@Z,,0,48,primary=1;eh=0;shared=0;selfmod=0,NO_COMPILE,,,,,,,"CL produced no object: v00612e80_0.cpp
v00612e80_0.cpp(60) : error C2146: syntax error : missing ',' before identifier 'a1'
v00612e80_0.cpp(60) : error C2061: syntax error : identifier 'a1'
v00612e80_0.cpp(60) : error C2511: 'on_left_click' : overloaded member function 'void (int)' not found in 'Dialogs'
        v00612e80_0.cpp(56) : see declaration of 'Dialogs'
"
0x00612ED0,?on_right_down@Dialogs@@QAEXHH@Z,src/dialogs_recovery.cpp:117,0,30,,REFUSED,,,,,,,C++ standard library: VC6's headers differ enough to be noise
0x00612EF0,?on_right_double_click@Dialogs@@QAEXHH@Z,src/dialogs_recovery.cpp:135,0,30,,REFUSED,,,,,,,C++ standard library: VC6's headers differ enough to be noise
0x00612F10,?on_left_up@Dialogs@@QAEXHH@Z,src/dialogs_recovery.cpp:153,0,37,,REFUSED,,,,,,,C++ standard library: VC6's headers differ enough to be noise
0x00612F40,?on_right_up@Dialogs@@QAEXHH@Z,src/dialogs_recovery.cpp:171,0,30,,REFUSED,,,,,,,C++ standard library: VC6's headers differ enough to be noise
0x00612F60,?on_right_click@Dialogs@@QAEXHH@Z,src/dialogs_recovery.cpp:189,0,30,,REFUSED,,,,,,,C++ standard library: VC6's headers differ enough to be noise
0x00612F80,?on_scrolled@Dialogs@@QAEXHH@Z,src/dialogs_recovery.cpp:207,0,32,,REFUSED,,,,,,,C++ standard library: VC6's headers differ enough to be noise
0x00612FA0,?on_scrolling@Dialogs@@QAEXHH@Z,src/dialogs_recovery.cpp:225,0,32,,REFUSED,,,,,,,C++ standard library: VC6's headers differ enough to be noise
0x00612FC0,?on_mousewheel@Dialogs@@QAEXH@Z,src/dialogs_recovery.cpp:243,0,27,,REFUSED,,,,,,,C++ standard library: VC6's headers differ enough to be noise
0x00613220,?on_scroll_create@Dialogs@@QAEXXZ,,0,52,primary=1;eh=0;shared=0;selfmod=0,MISMATCH,52,1,17,1,0,#0: original 'mov' vs rebuilt 'ret',
0x00613260,?on_scroll_delete@Dialogs@@QAEHPAUScroll@@@Z,,0,63,primary=1;eh=0;shared=0;selfmod=0,MISMATCH,63,5,19,2,0,#0: original 'mov' vs rebuilt 'xor',
0x00613740,?get_num_items@Dialogs@@QAEHXZ,src/dialogs_recovery.cpp:70,0,50,,REFUSED,,,,,,,C++ standard library: VC6's headers differ enough to be noise
0x00613790,??__Eg_FILEWIN_SPRITE_1@@YAXXZ,src/init_thunks.cpp:4419,1,22,primary=1;eh=0;shared=0;selfmod=0,NO_COMPILE,,,,,,,
0x006137B0,??__Fg_FILEWIN_SPRITE_1@@YAXXZ,src/guarded_teardowns.cpp:348,0,31,primary=1;eh=0;shared=0;selfmod=0,NO_COMPILE,,,,,,,
0x006137D0,??__Eg_FILEWIN_SPRITE_2@@YAXXZ,src/init_thunks.cpp:4430,1,22,primary=1;eh=0;shared=0;selfmod=0,NO_COMPILE,,,,,,,
0x006137F0,??__Fg_FILEWIN_SPRITE_2@@YAXXZ,src/guarded_teardowns.cpp:367,0,31,primary=1;eh=0;shared=0;selfmod=0,NO_COMPILE,,,,,,,
0x00613810,??__Eg_FILEWIN_SPRITE_3@@YAXXZ,src/init_thunks.cpp:4441,1,22,primary=1;eh=0;shared=0;selfmod=0,NO_COMPILE,,,,,,,
0x00613830,??__Fg_FILEWIN_SPRITE_3@@YAXXZ,src/guarded_teardowns.cpp:386,0,31,primary=1;eh=0;shared=0;selfmod=0,NO_COMPILE,,,,,,,
0x006141C0,?set_def_name@FileWin@@QAEHPAD@Z,,0,265,primary=1;eh=0;shared=0;selfmod=0,MISMATCH,265,5,88,2,0,#0: original 'sub' vs rebuilt 'xor',
0x006142D0,?set_directory@FileWin@@QAEHPAD@Z,,0,78,primary=1;eh=0;shared=0;selfmod=0,MISMATCH,78,5,30,2,0,#0: original 'push' vs rebuilt 'xor',
0x00614320,?UNK1@FileWin@@QAEXXZ,src/filewin.cpp:50,0,33,primary=1;eh=0;shared=0;selfmod=0,NO_COMPILE,,,,,,,
0x00614350,?UNK2@FileWin@@QAEXH@Z,src/filewin.cpp:36,0,3,primary=1;eh=0;shared=0;selfmod=0,BYTE_EXACT,3,3,,,,,
0x00614B60,?UNK5@FileWin@@QAEXXZ,,0,24,primary=1;eh=0;shared=0;selfmod=0,BYTE_EXACT,24,24,,,,,
0x00614B80,?UNK6@FileWin@@QAEXXZ,src/filewin.cpp:23,0,1,primary=1;eh=0;shared=0;selfmod=0,BYTE_EXACT,1,1,,,,,
0x00614C40,?on_double_clicked@FileWin@@QAEXH@Z,,0,8,primary=1;eh=0;shared=0;selfmod=0,BYTE_EXACT,8,8,,,,,
0x00614E30,?close_class@FileWin@@QAAXXZ,,0,29,primary=1;eh=0;shared=0;selfmod=0,NO_COMPILE,,,,,,,"CL produced no object: v00614e30_0.cpp
v00614e30_0.cpp(44) : error C2143: syntax error : missing ';' before 'this'
v00614e30_0.cpp(44) : error C2143: syntax error : missing ';' before 'this'
v00614e30_0.cpp(54) : error C2143: syntax error : missing ')' before 'this'
v00614e30_0.cpp(54) : error C2143: syntax error : missing ';' before 'this'
v00614e30_0.cpp(54) : error C2143: syntax error : missing ';' before 'this'
v00614e30_0.cpp(54) : error C2059: syntax error : ')'
v00614e30_0.cpp(54) : error C2143: syntax error : missing ';' before '{'
v00614e30_0.cpp(54) : error C2447: missing function header (old-style formal list?)
"
0x00615DF0,?on_dialog_focus@EditBox@@QAEXH@Z,,0,65,primary=1;eh=0;shared=0;selfmod=0,MISMATCH,65,3,19,1,0,#0: original 'mov' vs rebuilt 'ret 4',
0x00615E40,?caret_callback@EditBox@@QAEXH@Z,,0,31,primary=1;eh=0;shared=0;selfmod=0,MISMATCH,31,35,8,10,2,#2: original 'mov' vs rebuilt 'push',
0x00615EC0,?on_left_up@EditBox@@QAEXHH@Z,,0,77,primary=1;eh=0;shared=0;selfmod=0,MISMATCH,77,3,21,1,0,#0: original 'mov' vs rebuilt 'ret 8',
0x00615F10,?on_mouse_move@EditBox@@QAEXHH@Z,,0,62,primary=1;eh=0;shared=0;selfmod=0,MISMATCH,62,3,22,1,0,#0: original 'push' vs rebuilt 'ret 8',
0x00616030,?text_position@EditBox@@QAEXH@Z,,0,261,primary=1;eh=0;shared=0;selfmod=0,MISMATCH,261,3,85,1,0,#0: original 'sub' vs rebuilt 'ret 4',
0x006161A0,?UNK2@EditBox@@QAEXXZ,src/leaf_recoveries.cpp:809,0,42,primary=1;eh=0;shared=0;selfmod=0,NO_COMPILE,,,,,,,
0x006161D0,??0Time@@QAE@XZ,,0,38,,REFUSED,,,,,,,no source_locations; not censusable
0x00616200,??1Time@@QAE@XZ,,0,96,,REFUSED,,,,,,,no source_locations; not censusable
0x00616260,?init@Time@@QAEXP6AXH@ZHHH@Z,src/time.cpp:27,0,110,primary=1;eh=0;shared=0;selfmod=0,NO_COMPILE,,,,,,,
0x006162D0,?init@Time@@QAEXP6AXHH@ZHHHH@Z,src/time.cpp:46,0,114,primary=1;eh=0;shared=0;selfmod=0,NO_COMPILE,,,,,,,
0x00616350,?start@Time@@QAEXP6AXH@ZHHH@Z,src/time.cpp:66,0,181,primary=1;eh=0;shared=0;selfmod=0,NO_COMPILE,,,,,,,
0x00616410,?start@Time@@QAEXP6AXHH@ZHHHH@Z,src/time.cpp:87,0,186,primary=1;eh=0;shared=0;selfmod=0,NO_COMPILE,,,,,,,
0x006164D0,?pulse@Time@@QAEXP6AXH@ZHHH@Z,src/time.cpp:109,0,181,primary=1;eh=0;shared=0;selfmod=0,NO_COMPILE,,,,,,,
0x00616590,?pulse@Time@@QAEXP6AXHH@ZHHHH@Z,src/time.cpp:133,0,189,primary=1;eh=0;shared=0;selfmod=0,NO_COMPILE,,,,,,,
0x00616650,?start@Time@@QAEXXZ,src/time.cpp:155,0,106,primary=1;eh=0;shared=0;selfmod=0,NO_COMPILE,,,,,,,
0x006166C0,?pulse@Time@@QAEXXZ,src/time.cpp:175,0,108,primary=1;eh=0;shared=0;selfmod=0,NO_COMPILE,,,,,,,
0x00616730,?stop@Time@@QAEXXZ,src/time.cpp:195,0,66,primary=1;eh=0;shared=0;selfmod=0,NO_COMPILE,,,,,,,
0x00616780,?close@Time@@QAEXXZ,src/time.cpp:215,0,96,primary=1;eh=0;shared=0;selfmod=0,NO_COMPILE,,,,,,,
0x006167E0,?TimerProc@Time@@QAEXPAXIIK@Z,src/time.cpp:234,0,60,primary=1;eh=0;shared=0;selfmod=0,NO_COMPILE,,,,,,,
0x00616820,?MultimediaProc@Time@@QAEXIIKKK@Z,src/time.cpp:249,0,60,primary=1;eh=0;shared=0;selfmod=0,NO_COMPILE,,,,,,,
0x00616860,?set_modal@Time@@QAAXXZ,,0,7,,REFUSED,,,,,,,no source_locations; not censusable
0x00616870,?release_modal@Time@@QAAXXZ,,0,11,,REFUSED,,,,,,,no source_locations; not censusable
0x00616880,?init_class@Time@@QAAHXZ,,0,14,,REFUSED,,,,,,,no source_locations; not censusable
0x00616890,?close_class@Time@@QAAXXZ,,0,7,,REFUSED,,,,,,,no source_locations; not censusable
0x006168A0,??__EStringTable@@YAXXZ,src/init_thunks.cpp:4452,1,22,primary=1;eh=0;shared=0;selfmod=0,NO_COMPILE,,,,,,,
0x006168C0,??__FStringTable@@YAXXZ,src/atexit_thunks.cpp:4145,1,10,primary=1;eh=0;shared=0;selfmod=0,NO_COMPILE,,,,,,,
0x006168D0,??0Strings@@QAE@XZ,,0,19,,REFUSED,,,,,,,no source_locations; not censusable
0x006168F0,?init@Strings@@QAEHH@Z,src/strings.cpp:23,0,96,primary=1;eh=0;shared=0;selfmod=0,NO_COMPILE,,,,,,,
0x00616950,?shutdown@Strings@@QAEHXZ,src/strings.cpp:41,0,19,primary=1;eh=0;shared=0;selfmod=0,NO_COMPILE,,,,,,,
0x00616970,?put@Strings@@QAEHPAD@Z,src/strings.cpp:52,0,45,primary=1;eh=0;shared=0;selfmod=0,NO_COMPILE,,,,,,,
0x006169A0,?get@Strings@@QAEHH@Z,src/strings.cpp:65,0,27,primary=1;eh=0;shared=0;selfmod=0,NO_COMPILE,,,,,,,
0x006169C0,??1Strings@@QAE@XZ,,0,5,,REFUSED,,,,,,,no source_locations; not censusable
0x006169D0,?labels_shutdown@@YAXXZ,src/alpha.cpp:1500,0,39,primary=1;eh=0;shared=0;selfmod=0,NO_COMPILE,,,,,,,
0x00616A00,?labels_init@@YAHXZ,src/alpha.cpp:1476,0,147,primary=1;eh=0;shared=0;selfmod=0,NO_COMPILE,,,,,,,
0x00616AA0,??__Eg_CAVIAR_BUFFER_1@@YAXXZ,src/init_thunks.cpp:4463,1,22,primary=1;eh=0;shared=0;selfmod=0,NO_COMPILE,,,,,,,
0x00616AC0,??__Fg_CAVIAR_BUFFER_1@@YAXXZ,src/guarded_teardowns.cpp:405,0,31,primary=1;eh=0;shared=0;selfmod=0,NO_COMPILE,,,,,,,
0x00616AE0,??__Eg_CAVIAR_BUFFER_2@@YAXXZ,src/init_thunks.cpp:4474,1,22,primary=1;eh=0;shared=0;selfmod=0,NO_COMPILE,,,,,,,
0x00616B00,??__Fg_CAVIAR_BUFFER_2@@YAXXZ,src/guarded_teardowns.cpp:425,0,31,,REFUSED,,,,,,,extract does not end in a closing brace
0x00616B20,sub_616b20,src/field_accessors.cpp:477,1,13,primary=1;eh=0;shared=0;selfmod=0,BYTE_EXACT,13,13,,,,,
0x00616B30,sub_616b30,src/nullsub_thunks.cpp:496,1,5,primary=1;eh=0;shared=0;selfmod=0,BYTE_EXACT,5,5,,,,,
0x00616BC0,??0CaviarData@@QAE@XZ,src/caviar.cpp:32,0,13,primary=1;eh=0;shared=0;selfmod=0,NO_COMPILE,,,,,,,
0x00616C60,?close@CaviarData@@QAEXXZ,src/caviar.cpp:47,0,28,primary=1;eh=0;shared=0;selfmod=0,NO_COMPILE,,,,,,,
0x00616D40,sub_616d40,,0,38,primary=1;eh=0;shared=0;selfmod=0,MISMATCH,38,3,15,2,0,#0: original 'push' vs rebuilt 'xor',
0x00616D80,sub_616d80,src/field_accessors.cpp:750,1,5,primary=1;eh=0;shared=0;selfmod=0,BYTE_EXACT,5,5,,,,,
0x00616D90,nullsub_195,src/nullsub_thunks.cpp:507,1,1,primary=1;eh=0;shared=0;selfmod=0,BYTE_EXACT,1,1,,,,,
0x00616DA0,??0Caviar@@QAE@XZ,src/caviar.cpp:60,0,54,primary=1;eh=0;shared=0;selfmod=0,NO_COMPILE,,,,,,,
0x00617620,?render_mono@Caviar@@QAEXPAUBuffer@@HHHH@Z,,0,79,primary=1;eh=0;shared=0;selfmod=0,MISMATCH,79,3,27,1,0,#0: original 'mov' vs rebuilt 'ret 0x14',
0x00617670,?UNK2@Caviar@@QAEHPAUBuffer@@HHHH@Z,,0,74,primary=1;eh=0;shared=0;selfmod=0,MISMATCH,74,5,27,2,0,#0: original 'mov' vs rebuilt 'xor',
0x006176C0,?UNK3@Caviar@@QAEHHHH@Z,src/caviar.cpp:145,0,5,primary=1;eh=0;shared=0;selfmod=0,BYTE_EXACT,5,5,,,,,
0x006176D0,?UNK4@Caviar@@QAEHHHHH@Z,src/caviar.cpp:159,0,5,primary=1;eh=0;shared=0;selfmod=0,BYTE_EXACT,5,5,,,,,
0x00618250,?UNK5@Caviar@@QAEXHH@Z,src/caviar.cpp:173,0,3,primary=1;eh=0;shared=0;selfmod=0,BYTE_EXACT,3,3,,,,,
0x00618260,?UNK6@Caviar@@QAEXHH@Z,src/caviar.cpp:186,0,3,primary=1;eh=0;shared=0;selfmod=0,BYTE_EXACT,3,3,,,,,
0x00618270,?UNK7@Caviar@@QAEXHH@Z,src/caviar.cpp:199,0,3,primary=1;eh=0;shared=0;selfmod=0,BYTE_EXACT,3,3,,,,,
0x00618280,?UNK8@Caviar@@QAEXH@Z,src/caviar.cpp:238,0,13,primary=1;eh=0;shared=0;selfmod=0,BYTE_EXACT,13,13,,,,,
0x00618290,?UNK9@Caviar@@QAEXHHH@Z,src/caviar.cpp:212,0,3,primary=1;eh=0;shared=0;selfmod=0,BYTE_EXACT,3,3,,,,,
0x006182A0,?set_camera_direct@Caviar@@QAEXPAUVOX_Vect@@PAUVOX_Matrix@@@Z,src/caviar.cpp:77,0,127,primary=1;eh=0;shared=0;selfmod=0,NO_COMPILE,,,,,,,
0x00618320,?UNK10@Caviar@@QAEXHHH@Z,src/caviar.cpp:248,0,24,primary=1;eh=0;shared=0;selfmod=0,BYTE_EXACT,24,24,,,,,
0x00618340,?UNK11@Caviar@@QAEXHHH@Z,src/caviar.cpp:301,0,42,primary=1;eh=0;shared=0;selfmod=0,NO_COMPILE,,,,,,,
0x00618370,?set_scene_rotation@Caviar@@QAEXMMM@Z,src/caviar.cpp:272,0,47,primary=1;eh=0;shared=0;selfmod=0,NO_COMPILE,,,,,,,
0x006183A0,?UNK12@Caviar@@QAEXHHH@Z,src/caviar.cpp:225,0,3,primary=1;eh=0;shared=0;selfmod=0,BYTE_EXACT,3,3,,,,,
0x006183B0,?set_scaling@Caviar@@QAEXM@Z,src/caviar.cpp:91,0,13,primary=1;eh=0;shared=0;selfmod=0,NO_COMPILE,,,,,,,
0x006183C0,?get_scaling@Caviar@@QAEMXZ,src/caviar.cpp:106,0,7,primary=1;eh=0;shared=0;selfmod=0,NO_COMPILE,,,,,,,
0x00618430,?set_shadow_table@Caviar@@QAEHPAE@Z,,0,56,primary=1;eh=0;shared=0;selfmod=0,NO_COMPILE,,,,,,,"CL produced no object: v00618430_0.cpp
v00618430_0.cpp(65) : error C2027: use of undefined type 'LPBYTE'
        v00618430_0.cpp(43) : see declaration of 'LPBYTE'
"
0x00618520,?UNK13@Caviar@@QAEXXZ,,0,54,primary=1;eh=0;shared=0;selfmod=0,MISMATCH,54,1,16,1,0,#0: original 'mov' vs rebuilt 'ret',
0x00618560,?UNK14@Caviar@@QAEXH@Z,,0,64,primary=1;eh=0;shared=0;selfmod=0,MISMATCH,64,3,20,1,0,#0: original 'mov' vs rebuilt 'ret 4',
0x00618E10,?vx_malloc@Caviar@@QAAXK@Z,,0,14,primary=1;eh=0;shared=0;selfmod=0,MISMATCH,14,12,5,5,3,#3: original 'add' vs rebuilt 'pop',
0x00618E20,?vx_free@Caviar@@QAAXPAX@Z,,0,16,primary=1;eh=0;shared=0;selfmod=0,BYTE_EXACT,16,16,,,,,
0x00618E30,?vx_read@Caviar@@QAAXHPADJ@Z,,0,24,primary=1;eh=0;shared=0;selfmod=0,NO_COMPILE,,,,,,,"CL produced no object: v00618e30_0.cpp
v00618e30_0.cpp(45) : error C2143: syntax error : missing ';' before 'this'
v00618e30_0.cpp(45) : error C2143: syntax error : missing ';' before 'this'
v00618e30_0.cpp(50) : error C2143: syntax error : missing ')' before 'this'
v00618e30_0.cpp(50) : error C2143: syntax error : missing ';' before 'this'
v00618e30_0.cpp(50) : error C2143: syntax error : missing ';' before 'this'
v00618e30_0.cpp(50) : error C2059: syntax error : ')'
v00618e30_0.cpp(50) : error C2143: syntax error : missing ';' before '{'
v00618e30_0.cpp(50) : error C2447: missing function header (old-style formal list?)
"
0x00618E50,?vx_write@Caviar@@QAAXHPAXJ@Z,,0,24,primary=1;eh=0;shared=0;selfmod=0,NO_COMPILE,,,,,,,"CL produced no object: v00618e50_0.cpp
v00618e50_0.cpp(44) : error C2143: syntax error : missing ';' before 'this'
v00618e50_0.cpp(44) : error C2143: syntax error : missing ';' before 'this'
v00618e50_0.cpp(49) : error C2143: syntax error : missing ')' before 'this'
v00618e50_0.cpp(49) : error C2143: syntax error : missing ';' before 'this'
v00618e50_0.cpp(49) : error C2143: syntax error : missing ';' before 'this'
v00618e50_0.cpp(49) : error C2059: syntax error : ')'
v00618e50_0.cpp(49) : error C2143: syntax error : missing ';' before '{'
v00618e50_0.cpp(49) : error C2447: missing function header (old-style formal list?)
"
0x00618E70,?vx_seek@Caviar@@QAAXHJH@Z,,0,24,primary=1;eh=0;shared=0;selfmod=0,BYTE_EXACT,24,24,,,,,
0x00618E90,?vx_tell@Caviar@@QAAXH@Z,,0,14,primary=1;eh=0;shared=0;selfmod=0,BYTE_EXACT,14,14,,,,,
0x00618EA0,??0Font@@QAE@XZ,,0,32,,REFUSED,,,,,,,no source_locations; not censusable
0x00618EC0,??0Font@@QAE@PADHH@Z,,0,31,,REFUSED,,,,,,,no source_locations; not censusable
0x00618EE0,??1Font@@QAE@XZ,,0,77,,REFUSED,,,,,,,no source_locations; not censusable
0x00618F30,?UNK1@Font@@QAEHHHHH@Z,src/font_recovery.cpp:80,0,8,primary=1;eh=0;shared=0;selfmod=0,BYTE_EXACT,8,8,,,,,
0x00618F40,?init@Font@@QAEHPADHH@Z,src/font.cpp:28,0,390,primary=1;eh=0;shared=0;selfmod=0,NO_COMPILE,,,,,,,
0x006190D0,?init@Font@@QAEHPADPADHH@Z,src/font.cpp:81,0,348,primary=1;eh=0;shared=0;selfmod=0,NO_COMPILE,,,,,,,
0x00619230,?close@Font@@QAEXXZ,src/font.cpp:112,0,77,primary=1;eh=0;shared=0;selfmod=0,NO_COMPILE,,,,,,,
0x00619280,?width@Font@@QAEHPAD@Z,src/font.cpp:135,0,99,primary=1;eh=0;shared=0;selfmod=0,NO_COMPILE,,,,,,,
0x006192F0,?width@Font@@QAEHPADH@Z,src/font.cpp:152,0,123,primary=1;eh=0;shared=0;selfmod=0,NO_COMPILE,,,,,,,
0x00619370,?find_line_break_l@Font@@QAEHPADPAHH@Z,src/font.cpp:173,0,567,primary=1;eh=0;shared=0;selfmod=0,NO_COMPILE,,,,,,,
0x006195B0,?init_font_class@Font@@QAAHPAUFont@@@Z,src/font.cpp:214,0,93,primary=1;eh=0;shared=0;selfmod=0,NO_COMPILE,,,,,,,
0x00619610,?close_font_class@Font@@QAAXXZ,src/font.cpp:238,0,52,primary=1;eh=0;shared=0;selfmod=0,NO_COMPILE,,,,,,,
0x00619650,??0Texture@@QAE@XZ,src/texture.cpp:26,0,16,primary=1;eh=0;shared=0;selfmod=0,NO_COMPILE,,,,,,,
0x00619660,??1Texture@@QAE@XZ,src/texture.cpp:42,0,37,primary=1;eh=0;shared=0;selfmod=0,NO_COMPILE,,,,,,,
0x00619690,?close@Texture@@QAEXXZ,src/texture.cpp:65,0,58,primary=1;eh=0;shared=0;selfmod=0,NO_COMPILE,,,,,,,
0x006196D0,?extract@Texture@@QAEHPAUBuffer@@PAURECT@@@Z,,0,54,primary=1;eh=0;shared=0;selfmod=0,MISMATCH,54,5,24,2,0,#0: original 'mov' vs rebuilt 'xor',
0x0061F785,nullsub_259,src/field_accessors.cpp:772,1,3,primary=1;eh=0;shared=0;selfmod=0,BYTE_EXACT,3,3,,,,,
0x006239B0,?draw_trans@Texture@@QAEXPAUBuffer@@PAUVert@@HPAUVert@@H@Z,,0,35,primary=1;eh=0;shared=0;selfmod=0,BYTE_EXACT,35,35,,,,,
0x00623F50,sub_623f50,,0,45,primary=1;eh=0;shared=0;selfmod=0,MISMATCH,45,5,16,2,0,#0: original 'cmp' vs rebuilt 'xor',
0x00624630,sub_624630,,0,60,primary=1;eh=0;shared=0;selfmod=0,MISMATCH,60,5,22,2,0,#0: original 'cmp' vs rebuilt 'xor',
0x00624C70,sub_624c70,,0,45,primary=1;eh=0;shared=0;selfmod=0,MISMATCH,45,5,16,2,0,#0: original 'cmp' vs rebuilt 'xor',
0x00624CA0,sub_624ca0,,0,40,primary=1;eh=0;shared=0;selfmod=0,MISMATCH,40,5,14,2,0,#0: original 'cmp' vs rebuilt 'xor',
0x00624CD0,sub_624cd0,,0,45,primary=1;eh=0;shared=0;selfmod=0,MISMATCH,45,5,16,2,0,#0: original 'cmp' vs rebuilt 'xor',
0x00624D00,sub_624d00,,0,55,primary=1;eh=0;shared=0;selfmod=0,MISMATCH,55,5,20,2,0,#0: original 'cmp' vs rebuilt 'xor',
0x00624D40,sub_624d40,,0,50,primary=1;eh=0;shared=0;selfmod=0,MISMATCH,50,5,18,2,0,#0: original 'cmp' vs rebuilt 'xor',
0x006252A0,??0TextureStore@@QAE@XZ,src/texture.cpp:122,0,16,primary=1;eh=0;shared=0;selfmod=0,NO_COMPILE,,,,,,,
0x006252B0,??1TextureStore@@QAE@XZ,src/texture.cpp:82,0,14,primary=1;eh=0;shared=0;selfmod=0,BYTE_EXACT,14,14,,,,,
0x006252C0,sub_6252c0,src/leaf_recoveries.cpp:521,0,30,primary=1;eh=0;shared=0;selfmod=0,MISMATCH,30,32,10,10,2,#2: original 'inc' vs rebuilt 'cmp',
0x006252E0,??0ImageButton@@QAE@XZ,src/leaf_recoveries.cpp:1092,0,38,primary=1;eh=0;shared=0;selfmod=0,NO_COMPILE,,,,,,,
0x00625310,??1ImageButton@@QAE@XZ,,0,21,primary=1;eh=0;shared=0;selfmod=0,BYTE_EXACT,21,21,,,,,
0x00625330,?close@ImageButton@@QAEXXZ,src/leaf_recoveries.cpp:1115,0,15,primary=1;eh=0;shared=0;selfmod=0,NO_COMPILE,,,,,,,
0x00625340,?init@ImageButton@@QAEHHPADHHHHHPAUWin@@H@Z,src/leaf_recoveries.cpp:1136,0,58,primary=1;eh=0;shared=0;selfmod=0,NO_COMPILE,,,,,,,
0x00625380,sub_625380,,0,70,primary=1;eh=0;shared=0;selfmod=0,MISMATCH,70,5,26,2,0,#0: original 'mov' vs rebuilt 'xor',
0x006256D0,??_GImageButton@@UAEPAXI@Z,src/deleting_thunks.cpp:1719,1,30,primary=1;eh=0;shared=0;selfmod=0,NO_COMPILE,,,,,,,
0x006256F0,??3ImageButton@@SAXPAXI@Z,src/deleting_thunks.cpp:1735,1,11,primary=1;eh=0;shared=0;selfmod=0,NO_COMPILE,,,,,,,
0x00625700,??__ERand@@YAXXZ,,0,22,,REFUSED,,,,,,,no source_locations; not censusable
0x00625720,??__FRand@@YAXXZ,,0,11,,REFUSED,,,,,,,no source_locations; not censusable
0x00625730,??0Random@@QAE@XZ,,0,9,,REFUSED,,,,,,,no source_locations; not censusable
0x00625740,??1Random@@QAE@XZ,,0,7,,REFUSED,,,,,,,no source_locations; not censusable
0x00625750,?reseed@Random@@QAEXK@Z,src/random.cpp:25,0,19,primary=1;eh=0;shared=0;selfmod=0,NO_COMPILE,,,,,,,
0x00625770,?get@Random@@QAEIHH@Z,src/random.cpp:33,0,55,primary=1;eh=0;shared=0;selfmod=0,NO_COMPILE,,,,,,,
0x006257B0,?get@Random@@QAENXZ,src/random.cpp:49,0,42,,REFUSED,,,,,,,C++ standard library: VC6's headers differ enough to be noise
0x006257E0,?random_reseed@@YAXK@Z,,0,25,,REFUSED,,,,,,,no source_locations; not censusable
0x00625800,?random_get@@YAIXZ,,0,6,,REFUSED,,,,,,,no source_locations; not censusable
0x00625810,?random@@YAIHH@Z,,0,63,,REFUSED,,,,,,,no source_locations; not censusable
0x00625850,?random@@YANXZ,,0,48,,REFUSED,,,,,,,no source_locations; not censusable
0x00625E30,?parse_num@@YAHHH@Z,src/general.cpp:196,0,29,primary=1;eh=0;shared=0;selfmod=0,NO_COMPILE,,,,,,,
0x00625E50,?parse_say@@YAHHHHH@Z,src/general.cpp:210,0,99,primary=1;eh=0;shared=0;selfmod=0,NO_COMPILE,,,,,,,
0x00625EC0,?parse_says@@YAHHPADHH@Z,src/general.cpp:232,0,90,primary=1;eh=0;shared=0;selfmod=0,NO_COMPILE,,,,,,,
0x00625F20,??__ELogging@@YAXXZ,,0,107,,REFUSED,,,,,,,no source_locations; not censusable
0x00625F90,??__FLogging@@YAXXZ,,0,29,,REFUSED,,,,,,,no source_locations; not censusable
0x00625FB0,??0Log@@QAE@XZ,,0,16,,REFUSED,,,,,,,no source_locations; not censusable
0x00625FC0,??0Log@@QAE@PAD@Z,,0,86,,REFUSED,,,,,,,no source_locations; not censusable
0x00626020,??1Log@@QAE@XZ,,0,26,,REFUSED,,,,,,,no source_locations; not censusable
0x00626040,?init@Log@@QAEHPAD@Z,src/log.cpp:26,0,131,primary=1;eh=0;shared=0;selfmod=0,NO_COMPILE,,,,,,,
0x006260D0,?reset@Log@@QAEXXZ,src/log.cpp:51,0,28,primary=1;eh=0;shared=0;selfmod=0,NO_COMPILE,,,,,,,
0x006260F0,?say@Log@@QAEXPADPADHHH@Z,src/log.cpp:64,0,155,primary=1;eh=0;shared=0;selfmod=0,NO_COMPILE,,,,,,,
0x00626190,?say_hex@Log@@QAEXPADPADHHH@Z,src/log.cpp:82,0,155,primary=1;eh=0;shared=0;selfmod=0,NO_COMPILE,,,,,,,
0x00626230,?log_reset@@YAXXZ,,0,31,,REFUSED,,,,,,,no source_locations; not censusable
0x00626250,?log_say@@YAXPADPADHHH@Z,,0,153,,REFUSED,,,,,,,no source_locations; not censusable
0x006262F0,?log_say@@YAXPADHHH@Z,,0,92,,REFUSED,,,,,,,no source_locations; not censusable
0x00626350,?log_say_hex@@YAXPADPADHHH@Z,,0,153,,REFUSED,,,,,,,no source_locations; not censusable
0x006263F0,?log_say_hex@@YAXPADHHH@Z,,0,92,,REFUSED,,,,,,,no source_locations; not censusable
0x00626450,?log_set_state@@YAXH@Z,,0,17,,REFUSED,,,,,,,no source_locations; not censusable
0x00627100,?set_language@@YAXH@Z,src/alpha.cpp:1514,0,10,primary=1;eh=0;shared=0;selfmod=0,NO_COMPILE,,,,,,,
0x00627110,sub_627110,,0,20,primary=1;eh=0;shared=0;selfmod=0,BYTE_EXACT,20,20,,,,,
0x00627130,?pop@@YAHPADP6AHXZ@Z,src/popup.cpp:112,0,36,primary=1;eh=0;shared=0;selfmod=0,NO_COMPILE,,,,,,,
0x00627160,?pop@@YAHPADPADP6AHXZ@Z,src/popup.cpp:125,0,36,primary=1;eh=0;shared=0;selfmod=0,NO_COMPILE,,,,,,,
0x00627190,?pop@@YAHPADPADPADHP6AHXZ@Z,,0,58,primary=1;eh=0;shared=0;selfmod=0,NO_COMPILE,,,,,,,"CL produced no object: v00627190_0.cpp
v00627190_0.cpp(43) : error C2059: syntax error : ';'
v00627190_0.cpp(48) : error C2061: syntax error : identifier 'Sprite'
v00627190_0.cpp(50) : error C2146: syntax error : missing ')' before identifier 'a5'
v00627190_0.cpp(50) : error C2146: syntax error : missing ';' before identifier 'a5'
v00627190_0.cpp(50) : fatal error C1004: unexpected end of file found
"
0x006271D0,?pop@@YAHPADHHP6AHXZ@Z,src/popup.cpp:139,0,42,primary=1;eh=0;shared=0;selfmod=0,NO_COMPILE,,,,,,,
0x00627200,?pop@@YAHPADPADHHP6AHXZ@Z,src/popup.cpp:153,0,42,primary=1;eh=0;shared=0;selfmod=0,NO_COMPILE,,,,,,,
0x00627230,?pop@@YAHPADHP6AHXZ@Z,src/popup.cpp:167,0,39,primary=1;eh=0;shared=0;selfmod=0,NO_COMPILE,,,,,,,
0x00627260,?pop@@YAHPADPADHP6AHXZ@Z,src/popup.cpp:180,0,39,primary=1;eh=0;shared=0;selfmod=0,NO_COMPILE,,,,,,,
0x00627290,?pop@@YAHPADHPADHP6AHXZ@Z,src/popup.cpp:194,0,45,primary=1;eh=0;shared=0;selfmod=0,NO_COMPILE,,,,,,,
0x006272C0,?pop@@YAHPADPADHPADHP6AHXZ@Z,src/popup.cpp:208,0,45,primary=1;eh=0;shared=0;selfmod=0,NO_COMPILE,,,,,,,
0x006272F0,?pop_close@@YAXXZ,,0,22,primary=1;eh=0;shared=0;selfmod=0,BYTE_EXACT,22,22,,,,,
0x00627310,?pops@@YAHPADPAUSprite@@P6AHXZ@Z,src/popup.cpp:222,0,39,primary=1;eh=0;shared=0;selfmod=0,NO_COMPILE,,,,,,,
0x00627340,?pops@@YAHPADPAUSprite@@HHP6AHXZ@Z,src/popup.cpp:236,0,45,primary=1;eh=0;shared=0;selfmod=0,NO_COMPILE,,,,,,,
0x00627370,?pops@@YAHPADPADPAUSprite@@P6AHXZ@Z,src/popup.cpp:250,0,39,primary=1;eh=0;shared=0;selfmod=0,NO_COMPILE,,,,,,,
0x006273A0,?pops@@YAHPADPADPAUSprite@@HHP6AHXZ@Z,src/popup.cpp:263,0,45,primary=1;eh=0;shared=0;selfmod=0,NO_COMPILE,,,,,,,
0x006273D0,?pops@@YAHPADHHPAUSprite@@P6AHXZ@Z,src/popup.cpp:278,0,45,primary=1;eh=0;shared=0;selfmod=0,NO_COMPILE,,,,,,,
0x00627400,?pops@@YAHPADHHPAUSprite@@HHP6AHXZ@Z,src/popup.cpp:291,0,51,primary=1;eh=0;shared=0;selfmod=0,NO_COMPILE,,,,,,,
0x00627440,?pops@@YAHPADPADPADHPAUSprite@@P6AHXZ@Z,,0,61,primary=1;eh=0;shared=0;selfmod=0,NO_COMPILE,,,,,,,"CL produced no object: v00627440_0.cpp
v00627440_0.cpp(44) : error C2059: syntax error : ';'
v00627440_0.cpp(51) : error C2146: syntax error : missing ')' before identifier 'a6'
v00627440_0.cpp(51) : error C2146: syntax error : missing ';' before identifier 'a6'
v00627440_0.cpp(51) : fatal error C1004: unexpected end of file found
"
0x00627480,?pops@@YAHPADPADPADHPAUSprite@@HHP6AHXZ@Z,,0,67,primary=1;eh=0;shared=0;selfmod=0,NO_COMPILE,,,,,,,"CL produced no object: v00627480_0.cpp
v00627480_0.cpp(44) : error C2059: syntax error : ';'
v00627480_0.cpp(51) : error C2146: syntax error : missing ')' before identifier 'a8'
v00627480_0.cpp(51) : error C2146: syntax error : missing ';' before identifier 'a8'
v00627480_0.cpp(51) : fatal error C1004: unexpected end of file found
"
0x006274D0,?pops@@YAHPADPADHHPAUSprite@@P6AHXZ@Z,src/popup.cpp:305,0,45,primary=1;eh=0;shared=0;selfmod=0,NO_COMPILE,,,,,,,
0x00627500,?pops@@YAHPADPADHHPAUSprite@@HHP6AHXZ@Z,src/popup.cpp:319,0,51,primary=1;eh=0;shared=0;selfmod=0,NO_COMPILE,,,,,,,
0x00627540,?pops@@YAHPADHPAUSprite@@P6AHXZ@Z,src/popup.cpp:334,0,42,primary=1;eh=0;shared=0;selfmod=0,NO_COMPILE,,,,,,,
0x00627570,?pops@@YAHPADHPAUSprite@@HHP6AHXZ@Z,src/popup.cpp:347,0,48,primary=1;eh=0;shared=0;selfmod=0,NO_COMPILE,,,,,,,
0x006275A0,?pops@@YAHPADPADHPAUSprite@@P6AHXZ@Z,src/popup.cpp:361,0,42,primary=1;eh=0;shared=0;selfmod=0,NO_COMPILE,,,,,,,
0x006275D0,?pops@@YAHPADPADHPAUSprite@@HHP6AHXZ@Z,src/popup.cpp:374,0,48,primary=1;eh=0;shared=0;selfmod=0,NO_COMPILE,,,,,,,
0x00627600,?pops@@YAHPADHPADHPAUSprite@@P6AHXZ@Z,src/popup.cpp:389,0,48,primary=1;eh=0;shared=0;selfmod=0,NO_COMPILE,,,,,,,
0x00627630,?pops@@YAHPADHPADHPAUSprite@@HHP6AHXZ@Z,src/popup.cpp:404,0,54,primary=1;eh=0;shared=0;selfmod=0,NO_COMPILE,,,,,,,
0x00627670,?pops@@YAHPADPADHPADHPAUSprite@@P6AHXZ@Z,src/popup.cpp:419,0,48,primary=1;eh=0;shared=0;selfmod=0,NO_COMPILE,,,,,,,
0x00627800,?pop_ask@@YAHPADHPADP6AHXZH@Z,,0,39,primary=1;eh=0;shared=0;selfmod=0,NO_COMPILE,,,,,,,"CL produced no object: v00627800_0.cpp
v00627800_0.cpp(43) : error C2059: syntax error : ';'
v00627800_0.cpp(55) : error C2146: syntax error : missing ',' before identifier 'a1'
v00627800_0.cpp(55) : error C2061: syntax error : identifier 'a1'
"
0x00627830,?pop_ask@@YAHPADPADHP6AHXZH@Z,,0,36,primary=1;eh=0;shared=0;selfmod=0,NO_COMPILE,,,,,,,"CL produced no object: v00627830_0.cpp
v00627830_0.cpp(43) : error C2059: syntax error : ';'
v00627830_0.cpp(51) : error C2146: syntax error : missing ',' before identifier 'a1'
v00627830_0.cpp(51) : error C2061: syntax error : identifier 'a1'
"
0x00627860,?pop_ask@@YAHPADHP6AHXZH@Z,,0,36,primary=1;eh=0;shared=0;selfmod=0,NO_COMPILE,,,,,,,"CL produced no object: v00627860_0.cpp
v00627860_0.cpp(43) : error C2059: syntax error : ';'
v00627860_0.cpp(55) : error C2146: syntax error : missing ',' before identifier 'a1'
v00627860_0.cpp(55) : error C2061: syntax error : identifier 'a1'
"
0x00627890,?pop_ask@@YAHPADPADPADP6AHXZH@Z,,0,52,primary=1;eh=0;shared=0;selfmod=0,NO_COMPILE,,,,,,,"CL produced no object: v00627890_0.cpp
v00627890_0.cpp(43) : error C2059: syntax error : ';'
v00627890_0.cpp(52) : error C2146: syntax error : missing ',' before identifier 'a1'
v00627890_0.cpp(52) : error C2061: syntax error : identifier 'a1'
"
0x006278D0,?pop_ask@@YAHPADPADP6AHXZH@Z,,0,52,primary=1;eh=0;shared=0;selfmod=0,NO_COMPILE,,,,,,,"CL produced no object: v006278d0_0.cpp
v006278d0_0.cpp(43) : error C2059: syntax error : ';'
v006278d0_0.cpp(56) : error C2146: syntax error : missing ',' before identifier 'a1'
v006278d0_0.cpp(56) : error C2061: syntax error : identifier 'a1'
"
0x00628150,sub_628150,src/vector.cpp:145,0,37,,REFUSED,,,,,,,C++ standard library: VC6's headers differ enough to be noise
0x00628180,sub_628180,src/leaf_recoveries.cpp:86,0,37,primary=1;eh=0;shared=0;selfmod=0,BYTE_EXACT,37,37,,,,,
0x006281B0,sub_6281b0,src/leaf_recoveries.cpp:112,0,37,primary=1;eh=0;shared=0;selfmod=0,MNEMONIC_ONLY,37,37,12,12,,,
0x006281E0,sub_6281e0,src/leaf_recoveries.cpp:414,0,55,,REFUSED,,,,,,,C++ standard library: VC6's headers differ enough to be noise
0x00628290,sub_628290,,0,65,primary=1;eh=0;shared=0;selfmod=0,MISMATCH,65,3,25,2,0,#0: original 'mov' vs rebuilt 'xor',
0x00628380,??0Filemap@@QAE@XZ,,0,23,,REFUSED,,,,,,,no source_locations; not censusable
0x006283A0,?init@Filemap@@QAEHPADH@Z,src/filemap.cpp:25,0,26,primary=1;eh=0;shared=0;selfmod=0,NO_COMPILE,,,,,,,
0x006283C0,?init@Filemap@@QAEHPAD@Z,src/filemap.cpp:36,0,21,primary=1;eh=0;shared=0;selfmod=0,NO_COMPILE,,,,,,,
0x006283E0,??1Filemap@@QAE@XZ,,0,67,,REFUSED,,,,,,,no source_locations; not censusable
0x00628430,?open_read@Filemap@@QAEHPADH@Z,src/filemap.cpp:48,0,265,primary=1;eh=0;shared=0;selfmod=0,NO_COMPILE,,,,,,,
0x00628540,?open@Filemap@@QAEHPADH@Z,src/filemap.cpp:79,0,268,primary=1;eh=0;shared=0;selfmod=0,NO_COMPILE,,,,,,,
0x00628650,?create@Filemap@@QAEHPADKH@Z,src/filemap.cpp:110,0,355,primary=1;eh=0;shared=0;selfmod=0,NO_COMPILE,,,,,,,
0x006287C0,?close@Filemap@@QAEXXZ,src/filemap.cpp:143,0,67,primary=1;eh=0;shared=0;selfmod=0,NO_COMPILE,,,,,,,
0x00628810,?close@Filemap@@QAEXPAE@Z,src/filemap.cpp:166,0,180,primary=1;eh=0;shared=0;selfmod=0,NO_COMPILE,,,,,,,
0x006288D0,?btoi@@YAHPAD@Z,src/general.cpp:254,0,29,primary=1;eh=0;shared=0;selfmod=0,NO_COMPILE,,,,,,,
0x006288F0,?htoi@@YAHPAD@Z,src/general.cpp:268,0,91,primary=1;eh=0;shared=0;selfmod=0,NO_COMPILE,,,,,,,
0x00628950,?stoi@@YAHPAD@Z,src/general.cpp:288,0,174,primary=1;eh=0;shared=0;selfmod=0,NO_COMPILE,,,,,,,
0x00628A50,?swap@@YAXPAHPAH@Z,src/general.cpp:790,0,35,primary=1;eh=0;shared=0;selfmod=0,MISMATCH,35,35,17,17,2,#2: original 'push' vs rebuilt 'cmp',
0x00628A80,?swap@@YAXPAEPAE@Z,src/general.cpp:807,0,35,primary=1;eh=0;shared=0;selfmod=0,MISMATCH,35,35,17,17,2,#2: original 'push' vs rebuilt 'cmp',
0x00628AB0,?bit_count_signed@@YAHH@Z,src/general.cpp:763,0,18,primary=1;eh=0;shared=0;selfmod=0,MISMATCH,18,23,9,11,4,#4: original 'sar' vs rebuilt 'cmp',
0x00628AD0,?fixed_div@@YAHJJ@Z,src/general.cpp:824,0,28,primary=1;eh=0;shared=0;selfmod=0,NO_COMPILE,,,,,,,
0x00628AF0,?memrchr@@YAHPBX0H@Z,src/general.cpp:839,0,51,primary=1;eh=0;shared=0;selfmod=0,NO_COMPILE,,,,,,,
0x00628B30,?findnum@@YAHPAD@Z,src/general.cpp:317,0,57,primary=1;eh=0;shared=0;selfmod=0,NO_COMPILE,,,,,,,
0x006290E0,?quick_root@@YAHH@Z,src/general.cpp:852,0,41,primary=1;eh=0;shared=0;selfmod=0,BYTE_EXACT,41,41,,,,,
0x00629110,??0StringBox@@QAE@XZ,,0,266,primary=1;eh=1;shared=0;selfmod=0,MISMATCH,248,3,47,2,0,#0: original 'push' vs rebuilt 'mov',
0x00629710,?add@StringBox@@QAEXPADHH@Z,src/stringbox.cpp:29,0,57,,REFUSED,,,,,,,C++ standard library: VC6's headers differ enough to be noise
0x00629750,?add_special@StringBox@@QAEXPAD@Z,,0,36,primary=1;eh=0;shared=0;selfmod=0,MISMATCH,36,3,13,1,0,#0: original 'mov' vs rebuilt 'ret 4',
0x00629D20,?on_scrolled@StringBox@@QAEXHH@Z,,0,21,primary=1;eh=0;shared=0;selfmod=0,BYTE_EXACT,21,21,,,,,
0x00629D40,?on_scrolling@StringBox@@QAEXHH@Z,,0,21,primary=1;eh=0;shared=0;selfmod=0,BYTE_EXACT,21,21,,,,,
0x0062A280,?rewind@Flic@@QAEHXZ,,0,57,primary=1;eh=0;shared=0;selfmod=0,MISMATCH,57,3,18,2,0,#0: original 'push' vs rebuilt 'xor',
0x0062A710,?UNK4@Flic@@QAEXXZ,src/flic.cpp:23,0,1,primary=1;eh=0;shared=0;selfmod=0,BYTE_EXACT,1,1,,,,,
0x0062AAF0,?UNK5@Flic@@QAEXXZ,src/flic.cpp:32,0,1,primary=1;eh=0;shared=0;selfmod=0,BYTE_EXACT,1,1,,,,,
0x0062AB00,?UNK6@Flic@@QAEXXZ,src/flic.cpp:41,0,1,primary=1;eh=0;shared=0;selfmod=0,BYTE_EXACT,1,1,,,,,
0x0062ACC0,?UNK7@Flic@@QAEXXZ,src/flic.cpp:50,0,1,primary=1;eh=0;shared=0;selfmod=0,BYTE_EXACT,1,1,,,,,
0x0062B5F0,?UNK8@Flic@@QAEXXZ,src/flic.cpp:59,0,1,primary=1;eh=0;shared=0;selfmod=0,BYTE_EXACT,1,1,,,,,
0x0062B670,?decode_fli_copy_trans@Flic@@QAEXXZ,,0,262,primary=1;eh=0;shared=0;selfmod=0,NO_COMPILE,,,,,,,"CL produced no object: v0062b670_0.cpp
v0062b670_0.cpp(48) : error C2061: syntax error : identifier 'FILE'
"
0x0062B780,?UNK9@Flic@@QAEXXZ,,0,63,primary=1;eh=0;shared=0;selfmod=0,MISMATCH,63,1,20,1,0,#0: original 'mov' vs rebuilt 'ret',
0x0062B7C0,??0ButtonGroup@@QAE@XZ,src/buttongroup.cpp:25,0,36,primary=1;eh=0;shared=0;selfmod=0,NO_COMPILE,,,,,,,
0x0062B7F0,?close@ButtonGroup@@QAEXXZ,src/buttongroup.cpp:42,0,32,primary=1;eh=0;shared=0;selfmod=0,NO_COMPILE,,,,,,,
0x0062B810,?init@ButtonGroup@@QAEXHH@Z,src/buttongroup.cpp:60,0,60,primary=1;eh=0;shared=0;selfmod=0,NO_COMPILE,,,,,,,
0x0062B850,?add@ButtonGroup@@QAEXPAUBaseButton@@@Z,src/buttongroup.cpp:75,0,28,primary=1;eh=0;shared=0;selfmod=0,NO_COMPILE,,,,,,,
0x0062B870,?set@ButtonGroup@@QAEHHH@Z,src/buttongroup.cpp:110,0,47,primary=1;eh=0;shared=0;selfmod=0,NO_COMPILE,,,,,,,
0x0062BA80,??0AutoSound@@QAE@XZ,src/autosound.cpp:28,0,360,primary=1;eh=0;shared=0;selfmod=0,NO_COMPILE,,,,,,,
0x0062BBF0,?close@AutoSound@@QAEXXZ,src/autosound.cpp:54,0,333,primary=1;eh=0;shared=0;selfmod=0,NO_COMPILE,,,,,,,
0x0062BD40,?init@AutoSound@@QAEXXZ,src/autosound.cpp:103,0,132,primary=1;eh=0;shared=0;selfmod=0,MISMATCH,132,21,39,7,0,#0: original 'xor' vs rebuilt 'lea',
0x0062BDD0,?close2@AutoSound@@QAEXXZ,src/autosound.cpp:79,0,333,primary=1;eh=0;shared=0;selfmod=0,NO_COMPILE,,,,,,,
0x0062C010,??1PushButton@@QAE@XZ,,0,21,primary=1;eh=0;shared=0;selfmod=0,BYTE_EXACT,21,21,,,,,
0x0062C830,??_GPushButton@@UAEPAXI@Z,src/deleting_thunks.cpp:1750,1,30,primary=1;eh=0;shared=0;selfmod=0,NO_COMPILE,,,,,,,
0x0062C850,??3PushButton@@SAXPAXI@Z,src/deleting_thunks.cpp:1766,1,11,primary=1;eh=0;shared=0;selfmod=0,NO_COMPILE,,,,,,,
0x0062CD10,sub_62cd10,,0,56,primary=1;eh=0;shared=0;selfmod=0,MISMATCH,56,5,18,2,0,#0: original 'mov' vs rebuilt 'xor',
0x0062D0F0,sub_62d0f0,,0,8,primary=1;eh=0;shared=0;selfmod=0,BYTE_EXACT,8,8,,,,,
0x0062D100,sub_62d100,,0,58,primary=1;eh=0;shared=0;selfmod=0,MISMATCH,58,3,17,2,0,#0: original 'mov' vs rebuilt 'xor',
0x0062D140,sub_62d140,src/nullsub_thunks.cpp:517,1,3,primary=1;eh=0;shared=0;selfmod=0,BYTE_EXACT,3,3,,,,,
0x0062D150,nullsub_253,src/nullsub_thunks.cpp:528,1,1,primary=1;eh=0;shared=0;selfmod=0,BYTE_EXACT,1,1,,,,,
0x0062D160,sub_62d160,,0,49,primary=1;eh=0;shared=0;selfmod=0,MISMATCH,49,3,15,2,0,#0: original 'mov' vs rebuilt 'xor',
0x0062D1A0,sub_62d1a0,,0,50,primary=1;eh=0;shared=0;selfmod=0,MISMATCH,50,3,15,2,0,#0: original 'mov' vs rebuilt 'xor',
0x0062D390,sub_62d390,src/field_accessors.cpp:503,1,6,primary=1;eh=0;shared=0;selfmod=0,BYTE_EXACT,6,6,,,,,
0x0062D570,?jackal_version_check@@YAHPAD@Z,src/general.cpp:337,0,51,primary=1;eh=0;shared=0;selfmod=0,NO_COMPILE,,,,,,,
0x0062D5B0,?do_net@@YAXXZ,,0,25,primary=1;eh=0;shared=0;selfmod=0,BYTE_EXACT,25,25,,,,,
0x0062D5D0,?check_net@@YAXXZ,,0,25,primary=1;eh=0;shared=0;selfmod=0,BYTE_EXACT,25,25,,,,,
0x0062DF20,?start_voice@Net@@QAEHK@Z,,0,78,primary=1;eh=0;shared=0;selfmod=0,MISMATCH,78,5,20,2,0,#0: original 'mov' vs rebuilt 'xor',
0x0062DF70,?start_voice@Net@@QAEHJ@Z,,0,78,primary=1;eh=0;shared=0;selfmod=0,MISMATCH,78,5,20,2,0,#0: original 'mov' vs rebuilt 'xor',
0x0062DFC0,?stop_voice@Net@@QAEXXZ,,0,69,primary=1;eh=0;shared=0;selfmod=0,MISMATCH,69,1,20,1,0,#0: original 'push' vs rebuilt 'ret',
0x0062E250,?poll_services@Net@@QAEHPAUServiceList@@@Z,,0,73,primary=1;eh=0;shared=0;selfmod=0,MISMATCH,73,5,20,2,0,#0: original 'mov' vs rebuilt 'xor',
0x0062ED30,?poll_players@Net@@QAEHPAUSessionStruct@@@Z,src/net_class.cpp:24,0,8,primary=1;eh=0;shared=0;selfmod=0,NO_COMPILE,,,,,,,
0x0062EDB0,?delete_group@Net@@QAEXH@Z,,0,23,primary=1;eh=0;shared=0;selfmod=0,BYTE_EXACT,23,23,,,,,
0x0062EDD0,?add_to_group@Net@@QAEHJK@Z,,0,42,primary=1;eh=0;shared=0;selfmod=0,MISMATCH,42,5,16,2,0,#0: original 'mov' vs rebuilt 'xor',
0x0062EE00,sub_62ee00,,0,28,primary=1;eh=0;shared=0;selfmod=0,BYTE_EXACT,28,28,,,,,
0x0062EE80,nullsub_261,src/nullsub_thunks.cpp:538,1,1,primary=1;eh=0;shared=0;selfmod=0,BYTE_EXACT,1,1,,,,,
0x0062EE90,nullsub_262,src/nullsub_thunks.cpp:548,1,1,primary=1;eh=0;shared=0;selfmod=0,BYTE_EXACT,1,1,,,,,
0x00630980,sub_630980,,0,58,primary=1;eh=0;shared=0;selfmod=0,MISMATCH,58,5,19,2,0,#0: original 'mov' vs rebuilt 'xor',
0x006309C0,sub_6309c0,,0,61,primary=1;eh=0;shared=0;selfmod=0,MISMATCH,61,5,20,2,0,#0: original 'mov' vs rebuilt 'xor',
0x00630A00,?get@Net@@QAEHPAKPAK@Z,,0,58,primary=1;eh=0;shared=0;selfmod=0,MISMATCH,58,5,19,2,0,#0: original 'mov' vs rebuilt 'xor',
0x00630A40,sub_630a40,,0,61,primary=1;eh=0;shared=0;selfmod=0,MISMATCH,61,5,20,2,0,#0: original 'mov' vs rebuilt 'xor',
0x00630BF0,sub_630bf0,,0,57,primary=1;eh=0;shared=0;selfmod=0,NO_COMPILE,,,,,,,"CL produced no object: v00630bf0_0.cpp
v00630bf0_0.cpp(66) : error C2146: syntax error : missing ',' before identifier 'a1'
v00630bf0_0.cpp(66) : error C2061: syntax error : identifier 'a1'
v00630bf0_0.cpp(66) : error C2027: use of undefined type 'BOOL'
        v00630bf0_0.cpp(43) : see declaration of 'BOOL'
v00630bf0_0.cpp(73) : error C2440: 'type cast' : cannot convert from 'const int' to 'struct BOOL'
        Source or target has incomplete type
"
0x00630C30,sub_630c30,,0,76,primary=1;eh=0;shared=0;selfmod=0,MISMATCH,76,5,29,2,0,#0: original 'mov' vs rebuilt 'xor',
0x00631A10,nullsub_256,src/nullsub_thunks.cpp:558,1,1,primary=1;eh=0;shared=0;selfmod=0,BYTE_EXACT,1,1,,,,,
0x00631A20,?get_player_name@Net@@QAEPADK@Z,src/net_class.cpp:59,0,53,,REFUSED,,,,,,,C++ standard library: VC6's headers differ enough to be noise
0x00632300,?set_polling@Net@@QAEXH@Z,,0,65,primary=1;eh=0;shared=0;selfmod=0,MISMATCH,65,3,16,1,0,#0: original 'lea' vs rebuilt 'ret 4',
0x00633160,sub_633160,src/deleting_thunks.cpp:1780,1,30,primary=1;eh=0;shared=0;selfmod=0,NO_COMPILE,,,,,,,
0x006336D0,sub_6336d0,,0,65,primary=1;eh=0;shared=0;selfmod=0,MISMATCH,65,5,20,2,0,#0: original 'push' vs rebuilt 'xor',
0x00633730,sub_633730,src/deleting_thunks.cpp:1796,1,8,primary=1;eh=0;shared=0;selfmod=0,NO_COMPILE,,,,,,,
0x00633740,sub_633740,src/deleting_thunks.cpp:1809,1,11,primary=1;eh=0;shared=0;selfmod=0,NO_COMPILE,,,,,,,
0x00633750,??0CheckButton@@QAE@XZ,,0,77,primary=1;eh=0;shared=0;selfmod=0,MISMATCH,77,3,17,2,0,#0: original 'push' vs rebuilt 'mov',
0x006337A0,?close@CheckButton@@QAEXXZ,,0,54,primary=1;eh=0;shared=0;selfmod=0,MISMATCH,54,1,10,1,0,#0: original 'xor' vs rebuilt 'ret',
0x00633980,?on_left_double_click@CheckButton@@QAEXHH@Z,,0,23,primary=1;eh=0;shared=0;selfmod=0,MISMATCH,23,3,8,1,0,#0: original 'mov' vs rebuilt 'ret 8',
0x006339A0,?init_class@CheckButton@@QAAHXZ,src/checkbutton.cpp:36,0,3,primary=1;eh=0;shared=0;selfmod=0,BYTE_EXACT,3,3,,,,,
0x006339B0,?close_class@CheckButton@@QAAXXZ,src/checkbutton.cpp:23,0,1,primary=1;eh=0;shared=0;selfmod=0,BYTE_EXACT,1,1,,,,,
0x006339C0,??0NetFifo@@QAE@XZ,,0,27,primary=1;eh=0;shared=0;selfmod=0,BYTE_EXACT,27,27,,,,,
0x006343C0,??0Vector@@QAE@XZ,src/vector.cpp:18,0,13,primary=1;eh=0;shared=0;selfmod=0,NO_COMPILE,,,,,,,
0x006343D0,?close@Vector@@QAEXXZ,src/vector.cpp:26,0,11,primary=1;eh=0;shared=0;selfmod=0,BYTE_EXACT,11,11,,,,,
0x006343E0,sub_6343e0,,0,75,primary=1;eh=0;shared=0;selfmod=0,MISMATCH,75,5,22,2,0,#0: original 'sub' vs rebuilt 'xor',
0x00634430,?__mi@Vector@@QAEXAAVVector@@AAVVector@@@Z,src/vector.cpp:38,0,75,,REFUSED,,,,,,,C++ standard library: VC6's headers differ enough to be noise
0x00634480,?__apl@Vector@@QAEXAAVVector@@@Z,src/vector.cpp:60,0,33,,REFUSED,,,,,,,C++ standard library: VC6's headers differ enough to be noise
0x006344B0,?__ami@Vector@@QAEXAAVVector@@@Z,src/vector.cpp:76,0,33,,REFUSED,,,,,,,C++ standard library: VC6's headers differ enough to be noise
0x006344E0,sub_6344e0,src/leaf_recoveries.cpp:383,0,51,primary=1;eh=0;shared=0;selfmod=0,MISMATCH,51,48,20,23,1,#1: original 'fld' vs rebuilt 'push',
0x00634650,sub_634650,src/leaf_recoveries.cpp:140,0,27,primary=1;eh=0;shared=0;selfmod=0,MNEMONIC_ONLY,27,27,10,10,,,
0x00634670,?scale@Vector@@QAEXAAVVector@@M@Z,src/vector.cpp:92,0,65,,REFUSED,,,,,,,C++ standard library: VC6's headers differ enough to be noise
0x006346C0,sub_6346c0,src/field_accessors.cpp:525,1,36,primary=1;eh=0;shared=0;selfmod=0,BYTE_EXACT,36,36,,,,,
0x006346F0,sub_6346f0,src/field_accessors.cpp:557,1,34,primary=1;eh=0;shared=0;selfmod=0,BYTE_EXACT,34,34,,,,,
0x006347C0,sub_6347c0,src/leaf_recoveries.cpp:315,0,48,primary=1;eh=0;shared=0;selfmod=0,MISMATCH,48,31,22,13,3,#3: original 'push' vs rebuilt 'mov',
0x006348C0,sub_6348c0,src/leaf_recoveries.cpp:356,0,39,primary=1;eh=0;shared=0;selfmod=0,MISMATCH,39,26,17,11,2,#2: original 'push' vs rebuilt 'mov',
0x006348F0,sub_6348f0,src/leaf_recoveries.cpp:334,0,48,primary=1;eh=0;shared=0;selfmod=0,MISMATCH,48,31,22,13,3,#3: original 'push' vs rebuilt 'mov',
0x00634B70,sub_634b70,src/field_accessors.cpp:588,1,36,primary=1;eh=0;shared=0;selfmod=0,BYTE_EXACT,36,36,,,,,
0x00634BB0,?env_open@@YAHPADPAD@Z,src/general.cpp:160,0,36,primary=1;eh=0;shared=0;selfmod=0,NO_COMPILE,,,,,,,
0x00634BE0,??0FileBox@@QAE@XZ,src/field_accessors.cpp:935,1,51,primary=1;eh=0;shared=0;selfmod=0,BYTE_EXACT,51,51,,,,,
0x00634C20,??1FileBox@@QAE@XZ,src/field_accessors.cpp:794,1,1,primary=1;eh=0;shared=0;selfmod=0,BYTE_EXACT,1,1,,,,,
0x00634E80,?set_def_ext@FileBox@@QAEHPAD@Z,,0,76,primary=1;eh=0;shared=0;selfmod=0,MISMATCH,76,5,30,2,0,#0: original 'push' vs rebuilt 'xor',
0x00634ED0,?set_def_name@FileBox@@QAEHPAD@Z,,0,78,primary=1;eh=0;shared=0;selfmod=0,MISMATCH,78,5,30,2,0,#0: original 'push' vs rebuilt 'xor',
0x00634F20,?UNK1@FileBox@@QAEHPAD@Z,,0,78,primary=1;eh=0;shared=0;selfmod=0,MISMATCH,78,5,30,2,0,#0: original 'push' vs rebuilt 'xor',
0x00634F70,?UNK2@FileBox@@QAEXXZ,src/field_accessors.cpp:966,1,49,primary=1;eh=0;shared=0;selfmod=0,BYTE_EXACT,49,49,,,,,
0x00634FB0,??0TexHeap@@QAE@XZ,src/field_accessors.cpp:620,1,16,primary=1;eh=0;shared=0;selfmod=0,BYTE_EXACT,16,16,,,,,
0x00634FC0,?UNK1@TexHeap@@QAEHH@Z,,0,19,primary=1;eh=0;shared=0;selfmod=0,BYTE_EXACT,19,19,,,,,
0x00635370,?get_tex_mem@TexHeap@@QAEHH@Z,,0,77,primary=1;eh=0;shared=0;selfmod=0,MISMATCH,77,5,35,2,0,#0: original 'mov' vs rebuilt 'xor',
0x006353C0,?get_mem@TexHeap@@QAEHH@Z,,0,66,primary=1;eh=0;shared=0;selfmod=0,NO_COMPILE,,,,,,,"CL produced no object: v006353c0_0.cpp
v006353c0_0.cpp(50) : error C2014: preprocessor command must start as first nonwhite space
v006353c0_0.cpp(51) : error C2628: '$S1' followed by 'int' is illegal (did you forget a ';'?)
v006353c0_0.cpp(52) : error C2143: syntax error : missing ';' before '}'
v006353c0_0.cpp(52) : error C2143: syntax error : missing ';' before '}'
v006353c0_0.cpp(52) : error C2143: syntax error : missing ';' before '}'
v006353c0_0.cpp(54) : error C2014: preprocessor command must start as first nonwhite space
v006353c0_0.cpp(61) : error C2143: syntax error : missing ';' before 'return'
v006353c0_0.cpp(61) : error C2143: syntax error : missing ';' before 'return'
v006353c0_0.cpp(62) : error C2143: syntax error : missing ';' before '}'
v006353c0_0.cpp(62) : error C2143: syntax error : missing ';' before '}'
v006353c0_0.cpp(62) : error C2143: syntax error : missing ';' before '}'
"
0x00635410,sub_635410,,0,49,primary=1;eh=0;shared=0;selfmod=0,MISMATCH,49,3,12,2,1,#1: original 'push' vs rebuilt 'ret',
0x006354D0,sub_6354d0,src/field_accessors.cpp:647,1,25,primary=1;eh=0;shared=0;selfmod=0,BYTE_EXACT,25,25,,,,,
0x006354F0,sub_6354f0,,0,19,primary=1;eh=0;shared=0;selfmod=0,BYTE_EXACT,19,19,,,,,
0x00635840,sub_635840,,0,36,primary=1;eh=0;shared=0;selfmod=0,MISMATCH,36,3,15,2,0,#0: original 'push' vs rebuilt 'xor',
0x006363F0,sub_6363f0,src/field_accessors.cpp:677,1,12,primary=1;eh=0;shared=0;selfmod=0,BYTE_EXACT,12,12,,,,,
0x00637190,Video_unk7,src/nullsub_thunks.cpp:568,1,5,primary=1;eh=0;shared=0;selfmod=0,BYTE_EXACT,5,5,,,,,
0x006371A0,Video_unk8,,0,34,primary=1;eh=0;shared=0;selfmod=0,BYTE_EXACT,34,34,,,,,
0x00637300,Video_unk11,,0,8,primary=1;eh=0;shared=0;selfmod=0,BYTE_EXACT,8,8,,,,,
0x00637870,?decode_frame_process@Video@@QAEXXZ,,0,64,primary=1;eh=0;shared=0;selfmod=0,NO_COMPILE,,,,,,,"CL produced no object: v00637870_0.cpp
v00637870_0.cpp(44) : error C2065: 'int8' : undeclared identifier
v00637870_0.cpp(44) : error C2059: syntax error : ','
"
0x006385D0,sub_6385d0,,0,65,primary=1;eh=0;shared=0;selfmod=0,MISMATCH,65,3,23,2,0,#0: original 'mov' vs rebuilt 'xor',
0x00638620,sub_638620,,0,46,primary=1;eh=0;shared=0;selfmod=0,MISMATCH,46,3,16,2,0,#0: original 'mov' vs rebuilt 'xor',
0x006386B0,sub_6386b0,,0,28,primary=1;eh=0;shared=0;selfmod=0,BYTE_EXACT,28,28,,,,,
0x006386D0,sub_6386d0,,0,77,primary=1;eh=0;shared=0;selfmod=0,MISMATCH,77,3,36,2,0,#0: original 'mov' vs rebuilt 'xor',
0x00639380,nullsub_16,src/nullsub_thunks.cpp:579,1,1,primary=1;eh=0;shared=0;selfmod=0,BYTE_EXACT,1,1,,,,,
0x00639390,sub_639390,,0,41,primary=1;eh=0;shared=0;selfmod=0,MISMATCH,41,3,19,2,0,#0: original 'push' vs rebuilt 'xor',
0x00639E60,sub_639e60,,0,1049,primary=1;eh=0;shared=0;selfmod=0,MISMATCH,1049,3,332,2,0,#0: original 'mov' vs rebuilt 'xor',
0x0063B2D0,??0Cursor@@QAE@XZ,src/cursor.cpp:49,0,16,primary=1;eh=0;shared=0;selfmod=0,NO_COMPILE,,,,,,,
0x0063B8D0,??1Cursor@@QAE@XZ,,0,58,primary=1;eh=0;shared=0;selfmod=0,MISMATCH,58,1,26,1,0,#0: original 'push' vs rebuilt 'ret',
0x0063B910,?init_cursor_class@Cursor@@QAAXXZ,,0,29,primary=1;eh=0;shared=0;selfmod=0,BYTE_EXACT,29,29,,,,,
0x0063B930,?close_cursor_class@Cursor@@QAAXXZ,src/cursor.cpp:23,0,1,primary=1;eh=0;shared=0;selfmod=0,BYTE_EXACT,1,1,,,,,
0x0063B9B0,?sin@@YAHHH@Z,,0,267,primary=1;eh=0;shared=0;selfmod=0,MISMATCH,267,3,84,2,0,#0: original 'mov' vs rebuilt 'xor',
0x0063BAC0,?cos@@YAHHH@Z,,0,25,primary=1;eh=0;shared=0;selfmod=0,BYTE_EXACT,25,25,,,,,
0x0063BAE0,sub_63bae0,,0,22,primary=1;eh=0;shared=0;selfmod=0,BYTE_EXACT,22,22,,,,,
0x0063BB00,sub_63bb00,src/guarded_teardowns.cpp:445,0,31,,REFUSED,,,,,,,extract does not end in a closing brace
0x0063BEB0,sub_63beb0,src/leaf_recoveries.cpp:451,0,33,primary=1;eh=0;shared=0;selfmod=0,BYTE_EXACT,33,33,,,,,
0x0063BEE0,sub_63bee0,src/leaf_recoveries.cpp:470,0,33,primary=1;eh=0;shared=0;selfmod=0,BYTE_EXACT,33,33,,,,,
0x0063BF10,sub_63bf10,,0,1071,primary=1;eh=0;shared=0;selfmod=0,NO_COMPILE,,,,,,,"CL produced no object: v0063bf10_0.cpp
v0063bf10_0.cpp(52) : error C2061: syntax error : identifier 'Win'
v0063bf10_0.cpp(64) : error C2061: syntax error : identifier 'Win'
"
0x0063C340,sub_63c340,,0,79,primary=1;eh=0;shared=0;selfmod=0,NO_COMPILE,,,,,,,"CL produced no object: v0063c340_0.cpp
v0063c340_0.cpp(43) : error C2059: syntax error : ';'
v0063c340_0.cpp(44) : error C2143: syntax error : missing ';' before 'this'
v0063c340_0.cpp(44) : error C2143: syntax error : missing ';' before 'this'
v0063c340_0.cpp(49) : error C2629: unexpected 'void ('
"
0x0063C390,sub_63c390,,0,14,primary=1;eh=0;shared=0;selfmod=0,BYTE_EXACT,14,14,,,,,
0x0063C4E0,sub_63c4e0,,0,22,primary=1;eh=0;shared=0;selfmod=0,MISMATCH,22,24,7,9,5,#5: original 'jmp' vs rebuilt 'push',
0x0063C500,nullsub_175,src/nullsub_thunks.cpp:589,1,3,primary=1;eh=0;shared=0;selfmod=0,BYTE_EXACT,3,3,,,,,
0x0063C9C0,nullsub_266,src/nullsub_thunks.cpp:599,1,1,primary=1;eh=0;shared=0;selfmod=0,BYTE_EXACT,1,1,,,,,
0x0063CEF0,sub_63cef0,src/guarded_teardowns.cpp:464,0,10,,REFUSED,,,,,,,extract failed: src/guarded_teardowns.cpp:464: no closing brace within the file
0x0063CF00,deflateInit_,,0,37,primary=1;eh=0;shared=0;selfmod=0,MISMATCH,37,3,15,2,0,#0: original 'mov' vs rebuilt 'xor',
0x0063D420,sub_63d420,src/leaf_recoveries.cpp:1049,0,47,primary=1;eh=0;shared=0;selfmod=0,NO_COMPILE,,,,,,,
0x0063DF40,sub_63df40,,0,68,primary=1;eh=0;shared=0;selfmod=0,MISMATCH,68,3,27,2,0,#0: original 'mov' vs rebuilt 'xor',
0x0063DF90,sub_63df90,,0,77,primary=1;eh=0;shared=0;selfmod=0,MISMATCH,77,3,32,2,0,#0: original 'push' vs rebuilt 'xor',
0x0063E0F0,sub_63e0f0,,0,26,primary=1;eh=0;shared=0;selfmod=0,BYTE_EXACT,26,26,,,,,
0x0063E520,sub_63e520,src/field_accessors.cpp:701,1,20,primary=1;eh=0;shared=0;selfmod=0,BYTE_EXACT,20,20,,,,,
0x0063E540,sub_63e540,,0,79,primary=1;eh=0;shared=0;selfmod=0,MISMATCH,79,5,35,2,0,#0: original 'push' vs rebuilt 'xor',
0x0063E590,sub_63e590,,0,79,primary=1;eh=0;shared=0;selfmod=0,MISMATCH,79,3,38,2,0,#0: original 'push' vs rebuilt 'xor',
0x0063E7F0,sub_63e7f0,src/leaf_recoveries.cpp:717,0,44,primary=1;eh=0;shared=0;selfmod=0,NO_COMPILE,,,,,,,
0x0063E820,sub_63e820,,0,59,primary=1;eh=0;shared=0;selfmod=0,MISMATCH,59,3,25,2,0,#0: original 'push' vs rebuilt 'xor',
0x00640A50,sub_640a50,,0,19,primary=1;eh=0;shared=0;selfmod=0,BYTE_EXACT,19,19,,,,,
0x00640A70,sub_640a70,,0,12,primary=1;eh=0;shared=0;selfmod=0,BYTE_EXACT,12,12,,,,,
0x00642480,_compress_block,,0,1083,primary=1;eh=0;shared=0;selfmod=0,MISMATCH,1083,3,295,2,0,#0: original 'mov' vs rebuilt 'xor',
0x00642940,sub_642940,src/leaf_recoveries.cpp:683,0,31,primary=1;eh=0;shared=0;selfmod=0,MNEMONIC_ONLY,31,31,15,15,,,
0x00643950,sub_643950,,0,49,primary=1;eh=0;shared=0;selfmod=0,MISMATCH,49,3,23,2,0,#0: original 'mov' vs rebuilt 'xor',
0x006440E0,sub_6440e0,,0,24,primary=1;eh=0;shared=0;selfmod=0,BYTE_EXACT,24,24,,,,,
0x00644100,sub_644100,,0,63,primary=1;eh=0;shared=0;selfmod=0,MISMATCH,63,3,30,2,0,#0: original 'mov' vs rebuilt 'xor',
0x00644140,sub_644140,,0,57,primary=1;eh=0;shared=0;selfmod=0,MISMATCH,57,3,19,2,0,#0: original 'mov' vs rebuilt 'xor',
0x00644910,sub_644910,,0,20,primary=1;eh=0;shared=0;selfmod=0,BYTE_EXACT,20,20,,,,,
0x00644EF2,_free,,0,72,primary=1;eh=0;shared=0;selfmod=0,MISMATCH,72,3,29,2,0,#0: original 'push' vs rebuilt 'xor',
0x00645398,_atexit,,0,18,primary=1;eh=0;shared=0;selfmod=0,BYTE_EXACT,18,18,,,,,
0x0064557F,??3@YAXPAX@Z,,0,11,primary=1;eh=0;shared=0;selfmod=0,BYTE_EXACT,11,11,,,,,
0x0064558A,??2@YAPAXI@Z,,0,14,primary=1;eh=0;shared=0;selfmod=0,BYTE_EXACT,14,14,,,,,
0x00645646,_fopen,,0,19,primary=1;eh=0;shared=0;selfmod=0,BYTE_EXACT,19,19,,,,,
0x0064584D,sub_64584d,,0,23,primary=1;eh=0;shared=0;selfmod=0,MISMATCH,23,3,6,2,0,#0: original 'call' vs rebuilt 'xor',
0x00645864,nullsub_18,,0,1,primary=1;eh=0;shared=0;selfmod=0,BYTE_EXACT,1,1,,,,,
0x00646010,_srand,,0,13,primary=1;eh=0;shared=0;selfmod=0,BYTE_EXACT,13,13,,,,,
0x0064603F,__fwrite,,0,47,primary=1;eh=0;shared=0;selfmod=0,NO_COMPILE,,,,,,,"CL produced no object: v0064603f_0.cpp
v0064603f_0.cpp(48) : error C2371: 'size_t' : redefinition; different basic types
        C:\users\fran6co\Temp\a00032if(72) : see declaration of 'size_t'
v0064603f_0.cpp(55) : error C2146: syntax error : missing ',' before identifier 'a1'
v0064603f_0.cpp(55) : error C2061: syntax error : identifier 'a1'
"
0x00646178,__fread,,0,47,primary=1;eh=0;shared=0;selfmod=0,NO_COMPILE,,,,,,,"CL produced no object: v00646178_0.cpp
v00646178_0.cpp(48) : error C2371: 'size_t' : redefinition; different basic types
        C:\users\fran6co\Temp\a00032if(72) : see declaration of 'size_t'
v00646178_0.cpp(55) : error C2146: syntax error : missing ',' before identifier 'a1'
v00646178_0.cpp(55) : error C2061: syntax error : identifier 'a1'
"
0x00646855,_fgetc,,0,49,primary=1;eh=0;shared=0;selfmod=0,MISMATCH,49,3,24,2,0,#0: original 'push' vs rebuilt 'xor',
0x00646886,_fputc,,0,59,primary=1;eh=0;shared=0;selfmod=0,MISMATCH,59,3,27,2,0,#0: original 'push' vs rebuilt 'xor',
0x006470A6,_malloc,,0,18,primary=1;eh=0;shared=0;selfmod=0,BYTE_EXACT,18,18,,,,,
0x0064955B,sub_64955b,,0,9,primary=1;eh=0;shared=0;selfmod=0,BYTE_EXACT,9,9,,,,,
0x0064CB7A,sub_64cb7a,,0,17,primary=1;eh=0;shared=0;selfmod=0,BYTE_EXACT,17,17,,,,,
0x0064CB8B,sub_64cb8b,,0,13,primary=1;eh=0;shared=0;selfmod=0,BYTE_EXACT,13,13,,,,,
0x0064D725,sub_64d725,,0,22,primary=1;eh=0;shared=0;selfmod=0,BYTE_EXACT,22,22,,,,,
0x0064D73B,sub_64d73b,,0,22,primary=1;eh=0;shared=0;selfmod=0,BYTE_EXACT,22,22,,,,,
0x0064D751,sub_64d751,,0,45,primary=1;eh=0;shared=0;selfmod=0,MISMATCH,45,3,21,2,0,#0: original 'push' vs rebuilt 'xor',
0x0064D77E,sub_64d77e,,0,45,primary=1;eh=0;shared=0;selfmod=0,MISMATCH,45,3,21,2,0,#0: original 'push' vs rebuilt 'xor',
0x0064F09C,sub_64f09c,,0,3,primary=1;eh=0;shared=0;selfmod=0,BYTE_EXACT,3,3,,,,,
