program_sha256,ghidra_version,source,target,target_function,type,primary
01901cbf7196b0c5d0df9540a029520f5df8fd9a6b343deef8b5663872805fcf,12.1.2,0x00407D64,0x00407D26,0x00407D10,DATA,true
01901cbf7196b0c5d0df9540a029520f5df8fd9a6b343deef8b5663872805fcf,12.1.2,0x00407D68,0x00407D26,0x00407D10,DATA,true
01901cbf7196b0c5d0df9540a029520f5df8fd9a6b343deef8b5663872805fcf,12.1.2,0x00407D6C,0x00407D41,0x00407D10,DATA,true
01901cbf7196b0c5d0df9540a029520f5df8fd9a6b343deef8b5663872805fcf,12.1.2,0x00407D70,0x00407D41,0x00407D10,DATA,true
01901cbf7196b0c5d0df9540a029520f5df8fd9a6b343deef8b5663872805fcf,12.1.2,0x00407D74,0x00407D41,0x00407D10,DATA,true
01901cbf7196b0c5d0df9540a029520f5df8fd9a6b343deef8b5663872805fcf,12.1.2,0x00407D78,0x00407D26,0x00407D10,DATA,true
01901cbf7196b0c5d0df9540a029520f5df8fd9a6b343deef8b5663872805fcf,12.1.2,0x00407D7C,0x00407D41,0x00407D10,DATA,true
01901cbf7196b0c5d0df9540a029520f5df8fd9a6b343deef8b5663872805fcf,12.1.2,0x00407D80,0x00407D26,0x00407D10,DATA,true
01901cbf7196b0c5d0df9540a029520f5df8fd9a6b343deef8b5663872805fcf,12.1.2,0x00408E94,0x00408CA7,0x00408B20,DATA,true
01901cbf7196b0c5d0df9540a029520f5df8fd9a6b343deef8b5663872805fcf,12.1.2,0x00408E98,0x00408CF6,0x00408B20,DATA,true
01901cbf7196b0c5d0df9540a029520f5df8fd9a6b343deef8b5663872805fcf,12.1.2,0x00408E9C,0x00408D07,0x00408B20,DATA,true
01901cbf7196b0c5d0df9540a029520f5df8fd9a6b343deef8b5663872805fcf,12.1.2,0x00408EA0,0x00408D17,0x00408B20,DATA,true
01901cbf7196b0c5d0df9540a029520f5df8fd9a6b343deef8b5663872805fcf,12.1.2,0x00408EA4,0x00408DA1,0x00408B20,DATA,true
01901cbf7196b0c5d0df9540a029520f5df8fd9a6b343deef8b5663872805fcf,12.1.2,0x0040A1BC,0x004096C2,0x00409200,DATA,true
01901cbf7196b0c5d0df9540a029520f5df8fd9a6b343deef8b5663872805fcf,12.1.2,0x0040A1C0,0x004097C7,0x00409200,DATA,true
01901cbf7196b0c5d0df9540a029520f5df8fd9a6b343deef8b5663872805fcf,12.1.2,0x0040A1C4,0x00409929,0x00409200,DATA,true
01901cbf7196b0c5d0df9540a029520f5df8fd9a6b343deef8b5663872805fcf,12.1.2,0x0040A1C8,0x00409A2E,0x00409200,DATA,true
01901cbf7196b0c5d0df9540a029520f5df8fd9a6b343deef8b5663872805fcf,12.1.2,0x0040A1CC,0x00409CB6,0x00409200,DATA,true
01901cbf7196b0c5d0df9540a029520f5df8fd9a6b343deef8b5663872805fcf,12.1.2,0x0040BFE4,0x0040B99D,0x0040B140,DATA,true
01901cbf7196b0c5d0df9540a029520f5df8fd9a6b343deef8b5663872805fcf,12.1.2,0x0040BFE8,0x0040BA3B,0x0040B140,DATA,true
01901cbf7196b0c5d0df9540a029520f5df8fd9a6b343deef8b5663872805fcf,12.1.2,0x0040BFEC,0x0040BC9C,0x0040B140,DATA,true
01901cbf7196b0c5d0df9540a029520f5df8fd9a6b343deef8b5663872805fcf,12.1.2,0x0040BFF0,0x0040BCD9,0x0040B140,DATA,true
01901cbf7196b0c5d0df9540a029520f5df8fd9a6b343deef8b5663872805fcf,12.1.2,0x0040BFF4,0x0040BD09,0x0040B140,DATA,true
01901cbf7196b0c5d0df9540a029520f5df8fd9a6b343deef8b5663872805fcf,12.1.2,0x0040BFF8,0x0040BC42,0x0040B140,DATA,true
01901cbf7196b0c5d0df9540a029520f5df8fd9a6b343deef8b5663872805fcf,12.1.2,0x0040BFFC,0x0040BC72,0x0040B140,DATA,true
01901cbf7196b0c5d0df9540a029520f5df8fd9a6b343deef8b5663872805fcf,12.1.2,0x0040C000,0x0040BD5A,0x0040B140,DATA,true
01901cbf7196b0c5d0df9540a029520f5df8fd9a6b343deef8b5663872805fcf,12.1.2,0x0040C004,0x0040BDEE,0x0040B140,DATA,true
01901cbf7196b0c5d0df9540a029520f5df8fd9a6b343deef8b5663872805fcf,12.1.2,0x0040C008,0x0040BC32,0x0040B140,DATA,true
01901cbf7196b0c5d0df9540a029520f5df8fd9a6b343deef8b5663872805fcf,12.1.2,0x0040C00C,0x0040B9B9,0x0040B140,DATA,true
01901cbf7196b0c5d0df9540a029520f5df8fd9a6b343deef8b5663872805fcf,12.1.2,0x00416514,0x004164A2,0x004160F0,DATA,true
01901cbf7196b0c5d0df9540a029520f5df8fd9a6b343deef8b5663872805fcf,12.1.2,0x00416518,0x00416509,0x004160F0,DATA,true
01901cbf7196b0c5d0df9540a029520f5df8fd9a6b343deef8b5663872805fcf,12.1.2,0x0041651C,0x00416509,0x004160F0,DATA,true
01901cbf7196b0c5d0df9540a029520f5df8fd9a6b343deef8b5663872805fcf,12.1.2,0x00416520,0x00416509,0x004160F0,DATA,true
01901cbf7196b0c5d0df9540a029520f5df8fd9a6b343deef8b5663872805fcf,12.1.2,0x00416524,0x004164FE,0x004160F0,DATA,true
01901cbf7196b0c5d0df9540a029520f5df8fd9a6b343deef8b5663872805fcf,12.1.2,0x00416528,0x004164E7,0x004160F0,DATA,true
01901cbf7196b0c5d0df9540a029520f5df8fd9a6b343deef8b5663872805fcf,12.1.2,0x0041652C,0x004164D0,0x004160F0,DATA,true
01901cbf7196b0c5d0df9540a029520f5df8fd9a6b343deef8b5663872805fcf,12.1.2,0x00416530,0x004164B9,0x004160F0,DATA,true
01901cbf7196b0c5d0df9540a029520f5df8fd9a6b343deef8b5663872805fcf,12.1.2,0x004185A4,0x00459030,0x00458FF0,READ,true
01901cbf7196b0c5d0df9540a029520f5df8fd9a6b343deef8b5663872805fcf,12.1.2,0x0041866C,0x00459050,0x00458FF0,WRITE,true
01901cbf7196b0c5d0df9540a029520f5df8fd9a6b343deef8b5663872805fcf,12.1.2,0x00418DC0,0x00417DB3,0x00417040,DATA,true
01901cbf7196b0c5d0df9540a029520f5df8fd9a6b343deef8b5663872805fcf,12.1.2,0x00418DC4,0x00417E2A,0x00417040,DATA,true
01901cbf7196b0c5d0df9540a029520f5df8fd9a6b343deef8b5663872805fcf,12.1.2,0x00418DC8,0x00417ECB,0x00417040,DATA,true
01901cbf7196b0c5d0df9540a029520f5df8fd9a6b343deef8b5663872805fcf,12.1.2,0x00418DCC,0x00417875,0x00417040,DATA,true
01901cbf7196b0c5d0df9540a029520f5df8fd9a6b343deef8b5663872805fcf,12.1.2,0x00418DD0,0x00417914,0x00417040,DATA,true
01901cbf7196b0c5d0df9540a029520f5df8fd9a6b343deef8b5663872805fcf,12.1.2,0x00418DD4,0x00417875,0x00417040,DATA,true
01901cbf7196b0c5d0df9540a029520f5df8fd9a6b343deef8b5663872805fcf,12.1.2,0x00418DD8,0x0041791F,0x00417040,DATA,true
01901cbf7196b0c5d0df9540a029520f5df8fd9a6b343deef8b5663872805fcf,12.1.2,0x00418DDC,0x004181FD,0x00417040,DATA,true
01901cbf7196b0c5d0df9540a029520f5df8fd9a6b343deef8b5663872805fcf,12.1.2,0x00418DE0,0x00417C12,0x00417040,DATA,true
01901cbf7196b0c5d0df9540a029520f5df8fd9a6b343deef8b5663872805fcf,12.1.2,0x00418DE4,0x00417C1C,0x00417040,DATA,true
01901cbf7196b0c5d0df9540a029520f5df8fd9a6b343deef8b5663872805fcf,12.1.2,0x00418DE8,0x00417C67,0x00417040,DATA,true
01901cbf7196b0c5d0df9540a029520f5df8fd9a6b343deef8b5663872805fcf,12.1.2,0x004193E4,0x00459EED,0x00459680,READ,true
01901cbf7196b0c5d0df9540a029520f5df8fd9a6b343deef8b5663872805fcf,12.1.2,0x004193EB,0x005B6CB6,0x005B6260,DATA,true
01901cbf7196b0c5d0df9540a029520f5df8fd9a6b343deef8b5663872805fcf,12.1.2,0x0041971D,0x00459FA0,0x00459680,WRITE,true
01901cbf7196b0c5d0df9540a029520f5df8fd9a6b343deef8b5663872805fcf,12.1.2,0x0041971D,0x0045A248,0x00459680,WRITE,false
01901cbf7196b0c5d0df9540a029520f5df8fd9a6b343deef8b5663872805fcf,12.1.2,0x0041D4BC,0x0041CB2E,0x0041C7A0,DATA,true
01901cbf7196b0c5d0df9540a029520f5df8fd9a6b343deef8b5663872805fcf,12.1.2,0x0041D4C0,0x0041CB3F,0x0041C7A0,DATA,true
01901cbf7196b0c5d0df9540a029520f5df8fd9a6b343deef8b5663872805fcf,12.1.2,0x0041D4C4,0x0041CB8F,0x0041C7A0,DATA,true
01901cbf7196b0c5d0df9540a029520f5df8fd9a6b343deef8b5663872805fcf,12.1.2,0x0041D4C8,0x0041CB9B,0x0041C7A0,DATA,true
01901cbf7196b0c5d0df9540a029520f5df8fd9a6b343deef8b5663872805fcf,12.1.2,0x0041D4CC,0x0041CBA7,0x0041C7A0,DATA,true
01901cbf7196b0c5d0df9540a029520f5df8fd9a6b343deef8b5663872805fcf,12.1.2,0x0041D4D0,0x0041CBC2,0x0041C7A0,DATA,true
01901cbf7196b0c5d0df9540a029520f5df8fd9a6b343deef8b5663872805fcf,12.1.2,0x0041D4D4,0x0041CBE7,0x0041C7A0,DATA,true
01901cbf7196b0c5d0df9540a029520f5df8fd9a6b343deef8b5663872805fcf,12.1.2,0x0041D4D8,0x0041CC42,0x0041C7A0,DATA,true
01901cbf7196b0c5d0df9540a029520f5df8fd9a6b343deef8b5663872805fcf,12.1.2,0x0041D4DC,0x0041CC5E,0x0041C7A0,DATA,true
01901cbf7196b0c5d0df9540a029520f5df8fd9a6b343deef8b5663872805fcf,12.1.2,0x0041D4E0,0x0041CBB4,0x0041C7A0,DATA,true
01901cbf7196b0c5d0df9540a029520f5df8fd9a6b343deef8b5663872805fcf,12.1.2,0x0041D4E4,0x0041CD28,0x0041C7A0,DATA,true
01901cbf7196b0c5d0df9540a029520f5df8fd9a6b343deef8b5663872805fcf,12.1.2,0x0041D4E8,0x0041CE01,0x0041C7A0,DATA,true
01901cbf7196b0c5d0df9540a029520f5df8fd9a6b343deef8b5663872805fcf,12.1.2,0x0041D4EC,0x0041CEDC,0x0041C7A0,DATA,true
01901cbf7196b0c5d0df9540a029520f5df8fd9a6b343deef8b5663872805fcf,12.1.2,0x0041D4F0,0x0041CFC7,0x0041C7A0,DATA,true
01901cbf7196b0c5d0df9540a029520f5df8fd9a6b343deef8b5663872805fcf,12.1.2,0x0041DA6C,0x0041D61C,0x0041D500,DATA,true
01901cbf7196b0c5d0df9540a029520f5df8fd9a6b343deef8b5663872805fcf,12.1.2,0x0041DA70,0x0041DA65,0x0041D500,DATA,true
01901cbf7196b0c5d0df9540a029520f5df8fd9a6b343deef8b5663872805fcf,12.1.2,0x0041DA74,0x0041D61C,0x0041D500,DATA,true
01901cbf7196b0c5d0df9540a029520f5df8fd9a6b343deef8b5663872805fcf,12.1.2,0x0041DA78,0x0041D6AF,0x0041D500,DATA,true
01901cbf7196b0c5d0df9540a029520f5df8fd9a6b343deef8b5663872805fcf,12.1.2,0x0041DA7C,0x0041D95F,0x0041D500,DATA,true
01901cbf7196b0c5d0df9540a029520f5df8fd9a6b343deef8b5663872805fcf,12.1.2,0x0041DA80,0x0041D96D,0x0041D500,DATA,true
01901cbf7196b0c5d0df9540a029520f5df8fd9a6b343deef8b5663872805fcf,12.1.2,0x0041DA84,0x0041D768,0x0041D500,DATA,true
01901cbf7196b0c5d0df9540a029520f5df8fd9a6b343deef8b5663872805fcf,12.1.2,0x0041DA88,0x0041D79D,0x0041D500,DATA,true
01901cbf7196b0c5d0df9540a029520f5df8fd9a6b343deef8b5663872805fcf,12.1.2,0x0041DA8C,0x0041D7D0,0x0041D500,DATA,true
01901cbf7196b0c5d0df9540a029520f5df8fd9a6b343deef8b5663872805fcf,12.1.2,0x0041DA90,0x0041D804,0x0041D500,DATA,true
01901cbf7196b0c5d0df9540a029520f5df8fd9a6b343deef8b5663872805fcf,12.1.2,0x0041DA94,0x0041D6DB,0x0041D500,DATA,true
01901cbf7196b0c5d0df9540a029520f5df8fd9a6b343deef8b5663872805fcf,12.1.2,0x0041DA98,0x0041D85C,0x0041D500,DATA,true
01901cbf7196b0c5d0df9540a029520f5df8fd9a6b343deef8b5663872805fcf,12.1.2,0x0041DA9C,0x0041D839,0x0041D500,DATA,true
01901cbf7196b0c5d0df9540a029520f5df8fd9a6b343deef8b5663872805fcf,12.1.2,0x0041DAA0,0x0041D886,0x0041D500,DATA,true
01901cbf7196b0c5d0df9540a029520f5df8fd9a6b343deef8b5663872805fcf,12.1.2,0x0041DAA4,0x0041D6BD,0x0041D500,DATA,true
01901cbf7196b0c5d0df9540a029520f5df8fd9a6b343deef8b5663872805fcf,12.1.2,0x0041DAA8,0x0041D6CD,0x0041D500,DATA,true
01901cbf7196b0c5d0df9540a029520f5df8fd9a6b343deef8b5663872805fcf,12.1.2,0x0041DAAC,0x0041DA65,0x0041D500,DATA,true
01901cbf7196b0c5d0df9540a029520f5df8fd9a6b343deef8b5663872805fcf,12.1.2,0x0041DAB0,0x0041DA65,0x0041D500,DATA,true
01901cbf7196b0c5d0df9540a029520f5df8fd9a6b343deef8b5663872805fcf,12.1.2,0x0041DAB4,0x0041D97B,0x0041D500,DATA,true
01901cbf7196b0c5d0df9540a029520f5df8fd9a6b343deef8b5663872805fcf,12.1.2,0x0041DAB8,0x0041D8B0,0x0041D500,DATA,true
01901cbf7196b0c5d0df9540a029520f5df8fd9a6b343deef8b5663872805fcf,12.1.2,0x0041DABC,0x0041D738,0x0041D500,DATA,true
01901cbf7196b0c5d0df9540a029520f5df8fd9a6b343deef8b5663872805fcf,12.1.2,0x0041DAC0,0x0041D738,0x0041D500,DATA,true
01901cbf7196b0c5d0df9540a029520f5df8fd9a6b343deef8b5663872805fcf,12.1.2,0x0041DAC4,0x0041D5CC,0x0041D500,DATA,true
01901cbf7196b0c5d0df9540a029520f5df8fd9a6b343deef8b5663872805fcf,12.1.2,0x0041DAC8,0x0041D9A9,0x0041D500,DATA,true
01901cbf7196b0c5d0df9540a029520f5df8fd9a6b343deef8b5663872805fcf,12.1.2,0x00422BFC,0x00421EB4,0x00421B50,DATA,true
01901cbf7196b0c5d0df9540a029520f5df8fd9a6b343deef8b5663872805fcf,12.1.2,0x00422C00,0x00421EBD,0x00421B50,DATA,true
01901cbf7196b0c5d0df9540a029520f5df8fd9a6b343deef8b5663872805fcf,12.1.2,0x00422C04,0x00421ED8,0x00421B50,DATA,true
01901cbf7196b0c5d0df9540a029520f5df8fd9a6b343deef8b5663872805fcf,12.1.2,0x00422C08,0x00421ECF,0x00421B50,DATA,true
01901cbf7196b0c5d0df9540a029520f5df8fd9a6b343deef8b5663872805fcf,12.1.2,0x00422C0C,0x00421EC6,0x00421B50,DATA,true
01901cbf7196b0c5d0df9540a029520f5df8fd9a6b343deef8b5663872805fcf,12.1.2,0x00422C10,0x00421EE1,0x00421B50,DATA,true
01901cbf7196b0c5d0df9540a029520f5df8fd9a6b343deef8b5663872805fcf,12.1.2,0x00422C20,0x00421FE7,0x00421B50,DATA,true
01901cbf7196b0c5d0df9540a029520f5df8fd9a6b343deef8b5663872805fcf,12.1.2,0x00422C24,0x00421FF0,0x00421B50,DATA,true
01901cbf7196b0c5d0df9540a029520f5df8fd9a6b343deef8b5663872805fcf,12.1.2,0x00422C28,0x0042200B,0x00421B50,DATA,true
01901cbf7196b0c5d0df9540a029520f5df8fd9a6b343deef8b5663872805fcf,12.1.2,0x00422C2C,0x00422002,0x00421B50,DATA,true
01901cbf7196b0c5d0df9540a029520f5df8fd9a6b343deef8b5663872805fcf,12.1.2,0x00422C30,0x00421FF9,0x00421B50,DATA,true
01901cbf7196b0c5d0df9540a029520f5df8fd9a6b343deef8b5663872805fcf,12.1.2,0x00422C34,0x00422014,0x00421B50,DATA,true
01901cbf7196b0c5d0df9540a029520f5df8fd9a6b343deef8b5663872805fcf,12.1.2,0x00425030,0x00424AFD,0x00424870,DATA,true
01901cbf7196b0c5d0df9540a029520f5df8fd9a6b343deef8b5663872805fcf,12.1.2,0x00425034,0x00424E39,0x00424870,DATA,true
01901cbf7196b0c5d0df9540a029520f5df8fd9a6b343deef8b5663872805fcf,12.1.2,0x00425038,0x00424E39,0x00424870,DATA,true
01901cbf7196b0c5d0df9540a029520f5df8fd9a6b343deef8b5663872805fcf,12.1.2,0x0042503C,0x004248BD,0x00424870,DATA,true
01901cbf7196b0c5d0df9540a029520f5df8fd9a6b343deef8b5663872805fcf,12.1.2,0x00425040,0x004248BD,0x00424870,DATA,true
01901cbf7196b0c5d0df9540a029520f5df8fd9a6b343deef8b5663872805fcf,12.1.2,0x00425044,0x004248BD,0x00424870,DATA,true
01901cbf7196b0c5d0df9540a029520f5df8fd9a6b343deef8b5663872805fcf,12.1.2,0x00425048,0x00424951,0x00424870,DATA,true
01901cbf7196b0c5d0df9540a029520f5df8fd9a6b343deef8b5663872805fcf,12.1.2,0x0042504C,0x00424942,0x00424870,DATA,true
01901cbf7196b0c5d0df9540a029520f5df8fd9a6b343deef8b5663872805fcf,12.1.2,0x0042645C,0x00426251,0x00425DB0,DATA,true
01901cbf7196b0c5d0df9540a029520f5df8fd9a6b343deef8b5663872805fcf,12.1.2,0x00426460,0x00426225,0x00425DB0,DATA,true
01901cbf7196b0c5d0df9540a029520f5df8fd9a6b343deef8b5663872805fcf,12.1.2,0x00426464,0x004261F8,0x00425DB0,DATA,true
01901cbf7196b0c5d0df9540a029520f5df8fd9a6b343deef8b5663872805fcf,12.1.2,0x00426468,0x004261CB,0x00425DB0,DATA,true
01901cbf7196b0c5d0df9540a029520f5df8fd9a6b343deef8b5663872805fcf,12.1.2,0x0042646C,0x0042619F,0x00425DB0,DATA,true
01901cbf7196b0c5d0df9540a029520f5df8fd9a6b343deef8b5663872805fcf,12.1.2,0x0042A4AC,0x0042A42A,0x0042A2C0,DATA,true
01901cbf7196b0c5d0df9540a029520f5df8fd9a6b343deef8b5663872805fcf,12.1.2,0x0042A4B0,0x0042A433,0x0042A2C0,DATA,true
01901cbf7196b0c5d0df9540a029520f5df8fd9a6b343deef8b5663872805fcf,12.1.2,0x0042A4B4,0x0042A3DC,0x0042A2C0,DATA,true
01901cbf7196b0c5d0df9540a029520f5df8fd9a6b343deef8b5663872805fcf,12.1.2,0x0042A4B8,0x0042A3E8,0x0042A2C0,DATA,true
01901cbf7196b0c5d0df9540a029520f5df8fd9a6b343deef8b5663872805fcf,12.1.2,0x0042A4BC,0x0042A3F4,0x0042A2C0,DATA,true
01901cbf7196b0c5d0df9540a029520f5df8fd9a6b343deef8b5663872805fcf,12.1.2,0x0042A4C0,0x0042A3FD,0x0042A2C0,DATA,true
01901cbf7196b0c5d0df9540a029520f5df8fd9a6b343deef8b5663872805fcf,12.1.2,0x0042A4C4,0x0042A406,0x0042A2C0,DATA,true
01901cbf7196b0c5d0df9540a029520f5df8fd9a6b343deef8b5663872805fcf,12.1.2,0x0042A4C8,0x0042A40F,0x0042A2C0,DATA,true
01901cbf7196b0c5d0df9540a029520f5df8fd9a6b343deef8b5663872805fcf,12.1.2,0x0042A4CC,0x0042A418,0x0042A2C0,DATA,true
01901cbf7196b0c5d0df9540a029520f5df8fd9a6b343deef8b5663872805fcf,12.1.2,0x0042A4D0,0x0042A421,0x0042A2C0,DATA,true
01901cbf7196b0c5d0df9540a029520f5df8fd9a6b343deef8b5663872805fcf,12.1.2,0x0042A4D4,0x0042A43C,0x0042A2C0,DATA,true
01901cbf7196b0c5d0df9540a029520f5df8fd9a6b343deef8b5663872805fcf,12.1.2,0x0042A4D8,0x0042A445,0x0042A2C0,DATA,true
01901cbf7196b0c5d0df9540a029520f5df8fd9a6b343deef8b5663872805fcf,12.1.2,0x0042A4DC,0x0042A44E,0x0042A2C0,DATA,true
01901cbf7196b0c5d0df9540a029520f5df8fd9a6b343deef8b5663872805fcf,12.1.2,0x0042A4E0,0x0042A457,0x0042A2C0,DATA,true
01901cbf7196b0c5d0df9540a029520f5df8fd9a6b343deef8b5663872805fcf,12.1.2,0x0042A4E4,0x0042A460,0x0042A2C0,DATA,true
01901cbf7196b0c5d0df9540a029520f5df8fd9a6b343deef8b5663872805fcf,12.1.2,0x0042A4E8,0x0042A469,0x0042A2C0,DATA,true
01901cbf7196b0c5d0df9540a029520f5df8fd9a6b343deef8b5663872805fcf,12.1.2,0x0042C29C,0x0042C0FB,0x0042BF10,DATA,true
01901cbf7196b0c5d0df9540a029520f5df8fd9a6b343deef8b5663872805fcf,12.1.2,0x0042C2A0,0x0042C107,0x0042BF10,DATA,true
01901cbf7196b0c5d0df9540a029520f5df8fd9a6b343deef8b5663872805fcf,12.1.2,0x0042C2A4,0x0042C274,0x0042BF10,DATA,true
01901cbf7196b0c5d0df9540a029520f5df8fd9a6b343deef8b5663872805fcf,12.1.2,0x0042C2A8,0x0042C0A7,0x0042BF10,DATA,true
01901cbf7196b0c5d0df9540a029520f5df8fd9a6b343deef8b5663872805fcf,12.1.2,0x0042C2AC,0x0042C0B3,0x0042BF10,DATA,true
01901cbf7196b0c5d0df9540a029520f5df8fd9a6b343deef8b5663872805fcf,12.1.2,0x0042C2B0,0x0042C0BF,0x0042BF10,DATA,true
01901cbf7196b0c5d0df9540a029520f5df8fd9a6b343deef8b5663872805fcf,12.1.2,0x0042C2B4,0x0042C0CB,0x0042BF10,DATA,true
01901cbf7196b0c5d0df9540a029520f5df8fd9a6b343deef8b5663872805fcf,12.1.2,0x0042C2B8,0x0042C0D7,0x0042BF10,DATA,true
01901cbf7196b0c5d0df9540a029520f5df8fd9a6b343deef8b5663872805fcf,12.1.2,0x0042C2BC,0x0042C0E3,0x0042BF10,DATA,true
01901cbf7196b0c5d0df9540a029520f5df8fd9a6b343deef8b5663872805fcf,12.1.2,0x0042C2C0,0x0042C0EF,0x0042BF10,DATA,true
01901cbf7196b0c5d0df9540a029520f5df8fd9a6b343deef8b5663872805fcf,12.1.2,0x0042C2C4,0x0042C113,0x0042BF10,DATA,true
01901cbf7196b0c5d0df9540a029520f5df8fd9a6b343deef8b5663872805fcf,12.1.2,0x0042C2C8,0x0042C11F,0x0042BF10,DATA,true
01901cbf7196b0c5d0df9540a029520f5df8fd9a6b343deef8b5663872805fcf,12.1.2,0x0042C2CC,0x0042C12B,0x0042BF10,DATA,true
01901cbf7196b0c5d0df9540a029520f5df8fd9a6b343deef8b5663872805fcf,12.1.2,0x0042C2D0,0x0042C137,0x0042BF10,DATA,true
01901cbf7196b0c5d0df9540a029520f5df8fd9a6b343deef8b5663872805fcf,12.1.2,0x0042C2D4,0x0042C143,0x0042BF10,DATA,true
01901cbf7196b0c5d0df9540a029520f5df8fd9a6b343deef8b5663872805fcf,12.1.2,0x0042C2D8,0x0042C26D,0x0042BF10,DATA,true
01901cbf7196b0c5d0df9540a029520f5df8fd9a6b343deef8b5663872805fcf,12.1.2,0x0042F468,0x0042F147,0x0042EE30,DATA,true
01901cbf7196b0c5d0df9540a029520f5df8fd9a6b343deef8b5663872805fcf,12.1.2,0x0042F46C,0x0042F0EA,0x0042EE30,DATA,true
01901cbf7196b0c5d0df9540a029520f5df8fd9a6b343deef8b5663872805fcf,12.1.2,0x0042F470,0x0042F08B,0x0042EE30,DATA,true
01901cbf7196b0c5d0df9540a029520f5df8fd9a6b343deef8b5663872805fcf,12.1.2,0x0042F474,0x0042F05F,0x0042EE30,DATA,true
01901cbf7196b0c5d0df9540a029520f5df8fd9a6b343deef8b5663872805fcf,12.1.2,0x0042F478,0x0042F034,0x0042EE30,DATA,true
01901cbf7196b0c5d0df9540a029520f5df8fd9a6b343deef8b5663872805fcf,12.1.2,0x0042F47C,0x0042F008,0x0042EE30,DATA,true
01901cbf7196b0c5d0df9540a029520f5df8fd9a6b343deef8b5663872805fcf,12.1.2,0x0042F480,0x0042EFAB,0x0042EE30,DATA,true
01901cbf7196b0c5d0df9540a029520f5df8fd9a6b343deef8b5663872805fcf,12.1.2,0x00431D54,0x004312C6,0x00431180,DATA,true
01901cbf7196b0c5d0df9540a029520f5df8fd9a6b343deef8b5663872805fcf,12.1.2,0x00431D58,0x0043132B,0x00431180,DATA,true
01901cbf7196b0c5d0df9540a029520f5df8fd9a6b343deef8b5663872805fcf,12.1.2,0x00431D5C,0x0043135F,0x00431180,DATA,true
01901cbf7196b0c5d0df9540a029520f5df8fd9a6b343deef8b5663872805fcf,12.1.2,0x00431D60,0x004313CC,0x00431180,DATA,true
01901cbf7196b0c5d0df9540a029520f5df8fd9a6b343deef8b5663872805fcf,12.1.2,0x00431D64,0x00431439,0x00431180,DATA,true
01901cbf7196b0c5d0df9540a029520f5df8fd9a6b343deef8b5663872805fcf,12.1.2,0x00431D68,0x00431465,0x00431180,DATA,true
01901cbf7196b0c5d0df9540a029520f5df8fd9a6b343deef8b5663872805fcf,12.1.2,0x00431D6C,0x00431491,0x00431180,DATA,true
01901cbf7196b0c5d0df9540a029520f5df8fd9a6b343deef8b5663872805fcf,12.1.2,0x00431D70,0x004314BD,0x00431180,DATA,true
01901cbf7196b0c5d0df9540a029520f5df8fd9a6b343deef8b5663872805fcf,12.1.2,0x00431D74,0x004314F1,0x00431180,DATA,true
01901cbf7196b0c5d0df9540a029520f5df8fd9a6b343deef8b5663872805fcf,12.1.2,0x00431D78,0x00431525,0x00431180,DATA,true
01901cbf7196b0c5d0df9540a029520f5df8fd9a6b343deef8b5663872805fcf,12.1.2,0x00431D7C,0x004316A9,0x00431180,DATA,true
01901cbf7196b0c5d0df9540a029520f5df8fd9a6b343deef8b5663872805fcf,12.1.2,0x00431D80,0x00431559,0x00431180,DATA,true
01901cbf7196b0c5d0df9540a029520f5df8fd9a6b343deef8b5663872805fcf,12.1.2,0x00431D84,0x004315B6,0x00431180,DATA,true
01901cbf7196b0c5d0df9540a029520f5df8fd9a6b343deef8b5663872805fcf,12.1.2,0x00431D88,0x004315EA,0x00431180,DATA,true
01901cbf7196b0c5d0df9540a029520f5df8fd9a6b343deef8b5663872805fcf,12.1.2,0x00431D8C,0x0043161E,0x00431180,DATA,true
01901cbf7196b0c5d0df9540a029520f5df8fd9a6b343deef8b5663872805fcf,12.1.2,0x00431D90,0x0043164F,0x00431180,DATA,true
01901cbf7196b0c5d0df9540a029520f5df8fd9a6b343deef8b5663872805fcf,12.1.2,0x00431D94,0x004316A9,0x00431180,DATA,true
01901cbf7196b0c5d0df9540a029520f5df8fd9a6b343deef8b5663872805fcf,12.1.2,0x00431D98,0x004316A9,0x00431180,DATA,true
01901cbf7196b0c5d0df9540a029520f5df8fd9a6b343deef8b5663872805fcf,12.1.2,0x00431D9C,0x004316A9,0x00431180,DATA,true
01901cbf7196b0c5d0df9540a029520f5df8fd9a6b343deef8b5663872805fcf,12.1.2,0x00431DA0,0x00431678,0x00431180,DATA,true
01901cbf7196b0c5d0df9540a029520f5df8fd9a6b343deef8b5663872805fcf,12.1.2,0x00433CD0,0x00433A5F,0x00433A10,DATA,true
01901cbf7196b0c5d0df9540a029520f5df8fd9a6b343deef8b5663872805fcf,12.1.2,0x00433CD4,0x00433A46,0x00433A10,DATA,true
01901cbf7196b0c5d0df9540a029520f5df8fd9a6b343deef8b5663872805fcf,12.1.2,0x00433CD8,0x00433C2A,0x00433A10,DATA,true
01901cbf7196b0c5d0df9540a029520f5df8fd9a6b343deef8b5663872805fcf,12.1.2,0x00433CDC,0x00433C4E,0x00433A10,DATA,true
01901cbf7196b0c5d0df9540a029520f5df8fd9a6b343deef8b5663872805fcf,12.1.2,0x00433CE0,0x00433BCE,0x00433A10,DATA,true
01901cbf7196b0c5d0df9540a029520f5df8fd9a6b343deef8b5663872805fcf,12.1.2,0x00433CE4,0x00433C1A,0x00433A10,DATA,true
01901cbf7196b0c5d0df9540a029520f5df8fd9a6b343deef8b5663872805fcf,12.1.2,0x00433CE8,0x00433B50,0x00433A10,DATA,true
01901cbf7196b0c5d0df9540a029520f5df8fd9a6b343deef8b5663872805fcf,12.1.2,0x00433CEC,0x00433A6E,0x00433A10,DATA,true
01901cbf7196b0c5d0df9540a029520f5df8fd9a6b343deef8b5663872805fcf,12.1.2,0x00433CF0,0x00433B8E,0x00433A10,DATA,true
01901cbf7196b0c5d0df9540a029520f5df8fd9a6b343deef8b5663872805fcf,12.1.2,0x00433CF4,0x00433AC0,0x00433A10,DATA,true
01901cbf7196b0c5d0df9540a029520f5df8fd9a6b343deef8b5663872805fcf,12.1.2,0x00433CF8,0x00433BFF,0x00433A10,DATA,true
01901cbf7196b0c5d0df9540a029520f5df8fd9a6b343deef8b5663872805fcf,12.1.2,0x00433F20,0x00433E6B,0x00433D60,DATA,true
01901cbf7196b0c5d0df9540a029520f5df8fd9a6b343deef8b5663872805fcf,12.1.2,0x00433F24,0x00433E91,0x00433D60,DATA,true
01901cbf7196b0c5d0df9540a029520f5df8fd9a6b343deef8b5663872805fcf,12.1.2,0x00433F28,0x00433EB7,0x00433D60,DATA,true
01901cbf7196b0c5d0df9540a029520f5df8fd9a6b343deef8b5663872805fcf,12.1.2,0x00433F2C,0x00433EDD,0x00433D60,DATA,true
01901cbf7196b0c5d0df9540a029520f5df8fd9a6b343deef8b5663872805fcf,12.1.2,0x00434470,0x00434178,0x00433F70,DATA,true
01901cbf7196b0c5d0df9540a029520f5df8fd9a6b343deef8b5663872805fcf,12.1.2,0x00434474,0x00434197,0x00433F70,DATA,true
01901cbf7196b0c5d0df9540a029520f5df8fd9a6b343deef8b5663872805fcf,12.1.2,0x00434478,0x004341B4,0x00433F70,DATA,true
01901cbf7196b0c5d0df9540a029520f5df8fd9a6b343deef8b5663872805fcf,12.1.2,0x0043447C,0x004341F0,0x00433F70,DATA,true
01901cbf7196b0c5d0df9540a029520f5df8fd9a6b343deef8b5663872805fcf,12.1.2,0x004395E4,0x00438510,0x00438460,DATA,true
01901cbf7196b0c5d0df9540a029520f5df8fd9a6b343deef8b5663872805fcf,12.1.2,0x004395E8,0x00438531,0x00438460,DATA,true
01901cbf7196b0c5d0df9540a029520f5df8fd9a6b343deef8b5663872805fcf,12.1.2,0x004395EC,0x00438795,0x00438460,DATA,true
01901cbf7196b0c5d0df9540a029520f5df8fd9a6b343deef8b5663872805fcf,12.1.2,0x004395F0,0x00438561,0x00438460,DATA,true
01901cbf7196b0c5d0df9540a029520f5df8fd9a6b343deef8b5663872805fcf,12.1.2,0x004395F4,0x004385D5,0x00438460,DATA,true
01901cbf7196b0c5d0df9540a029520f5df8fd9a6b343deef8b5663872805fcf,12.1.2,0x004395F8,0x00438673,0x00438460,DATA,true
01901cbf7196b0c5d0df9540a029520f5df8fd9a6b343deef8b5663872805fcf,12.1.2,0x004395FC,0x0043898E,0x00438460,DATA,true
01901cbf7196b0c5d0df9540a029520f5df8fd9a6b343deef8b5663872805fcf,12.1.2,0x00439600,0x0043899A,0x00438460,DATA,true
01901cbf7196b0c5d0df9540a029520f5df8fd9a6b343deef8b5663872805fcf,12.1.2,0x00439604,0x00438AF8,0x00438460,DATA,true
01901cbf7196b0c5d0df9540a029520f5df8fd9a6b343deef8b5663872805fcf,12.1.2,0x00439608,0x004384BF,0x00438460,DATA,true
01901cbf7196b0c5d0df9540a029520f5df8fd9a6b343deef8b5663872805fcf,12.1.2,0x0043960C,0x004384E5,0x00438460,DATA,true
01901cbf7196b0c5d0df9540a029520f5df8fd9a6b343deef8b5663872805fcf,12.1.2,0x00439610,0x00438EF4,0x00438460,DATA,true
01901cbf7196b0c5d0df9540a029520f5df8fd9a6b343deef8b5663872805fcf,12.1.2,0x00439630,0x00438F06,0x00438460,DATA,true
01901cbf7196b0c5d0df9540a029520f5df8fd9a6b343deef8b5663872805fcf,12.1.2,0x00439634,0x00438F0D,0x00438460,DATA,true
01901cbf7196b0c5d0df9540a029520f5df8fd9a6b343deef8b5663872805fcf,12.1.2,0x00439638,0x00438F14,0x00438460,DATA,true
01901cbf7196b0c5d0df9540a029520f5df8fd9a6b343deef8b5663872805fcf,12.1.2,0x0043963C,0x00438F1B,0x00438460,DATA,true
01901cbf7196b0c5d0df9540a029520f5df8fd9a6b343deef8b5663872805fcf,12.1.2,0x00439640,0x00438F22,0x00438460,DATA,true
01901cbf7196b0c5d0df9540a029520f5df8fd9a6b343deef8b5663872805fcf,12.1.2,0x00439644,0x00438F29,0x00438460,DATA,true
01901cbf7196b0c5d0df9540a029520f5df8fd9a6b343deef8b5663872805fcf,12.1.2,0x00439648,0x00438F30,0x00438460,DATA,true
01901cbf7196b0c5d0df9540a029520f5df8fd9a6b343deef8b5663872805fcf,12.1.2,0x0043964C,0x00438F37,0x00438460,DATA,true
01901cbf7196b0c5d0df9540a029520f5df8fd9a6b343deef8b5663872805fcf,12.1.2,0x00439650,0x00438F3E,0x00438460,DATA,true
01901cbf7196b0c5d0df9540a029520f5df8fd9a6b343deef8b5663872805fcf,12.1.2,0x00439654,0x00438F45,0x00438460,DATA,true
01901cbf7196b0c5d0df9540a029520f5df8fd9a6b343deef8b5663872805fcf,12.1.2,0x00439658,0x00438F4C,0x00438460,DATA,true
01901cbf7196b0c5d0df9540a029520f5df8fd9a6b343deef8b5663872805fcf,12.1.2,0x0043965C,0x00438F53,0x00438460,DATA,true
01901cbf7196b0c5d0df9540a029520f5df8fd9a6b343deef8b5663872805fcf,12.1.2,0x00439660,0x00438F5A,0x00438460,DATA,true
01901cbf7196b0c5d0df9540a029520f5df8fd9a6b343deef8b5663872805fcf,12.1.2,0x00439664,0x00438F61,0x00438460,DATA,true
01901cbf7196b0c5d0df9540a029520f5df8fd9a6b343deef8b5663872805fcf,12.1.2,0x00439948,0x0043974C,0x00439700,DATA,true
01901cbf7196b0c5d0df9540a029520f5df8fd9a6b343deef8b5663872805fcf,12.1.2,0x0043994C,0x004397A1,0x00439700,DATA,true
01901cbf7196b0c5d0df9540a029520f5df8fd9a6b343deef8b5663872805fcf,12.1.2,0x00439950,0x004397F6,0x00439700,DATA,true
01901cbf7196b0c5d0df9540a029520f5df8fd9a6b343deef8b5663872805fcf,12.1.2,0x00439954,0x0043984A,0x00439700,DATA,true
01901cbf7196b0c5d0df9540a029520f5df8fd9a6b343deef8b5663872805fcf,12.1.2,0x00439958,0x0043989F,0x00439700,DATA,true
01901cbf7196b0c5d0df9540a029520f5df8fd9a6b343deef8b5663872805fcf,12.1.2,0x0043995C,0x004398F4,0x00439700,DATA,true
01901cbf7196b0c5d0df9540a029520f5df8fd9a6b343deef8b5663872805fcf,12.1.2,0x004399FC,0x004399A2,0x00439960,DATA,true
01901cbf7196b0c5d0df9540a029520f5df8fd9a6b343deef8b5663872805fcf,12.1.2,0x00439A00,0x004399B0,0x00439960,DATA,true
01901cbf7196b0c5d0df9540a029520f5df8fd9a6b343deef8b5663872805fcf,12.1.2,0x00439A04,0x004399BE,0x00439960,DATA,true
01901cbf7196b0c5d0df9540a029520f5df8fd9a6b343deef8b5663872805fcf,12.1.2,0x00439A08,0x004399CC,0x00439960,DATA,true
01901cbf7196b0c5d0df9540a029520f5df8fd9a6b343deef8b5663872805fcf,12.1.2,0x00439A0C,0x004399DA,0x00439960,DATA,true
01901cbf7196b0c5d0df9540a029520f5df8fd9a6b343deef8b5663872805fcf,12.1.2,0x00439A10,0x004399EA,0x00439960,DATA,true
01901cbf7196b0c5d0df9540a029520f5df8fd9a6b343deef8b5663872805fcf,12.1.2,0x00439B3C,0x00439ADB,0x00439A20,DATA,true
01901cbf7196b0c5d0df9540a029520f5df8fd9a6b343deef8b5663872805fcf,12.1.2,0x00439B40,0x00439AE9,0x00439A20,DATA,true
01901cbf7196b0c5d0df9540a029520f5df8fd9a6b343deef8b5663872805fcf,12.1.2,0x00439B44,0x00439A68,0x00439A20,DATA,true
01901cbf7196b0c5d0df9540a029520f5df8fd9a6b343deef8b5663872805fcf,12.1.2,0x00439B48,0x00439A7A,0x00439A20,DATA,true
01901cbf7196b0c5d0df9540a029520f5df8fd9a6b343deef8b5663872805fcf,12.1.2,0x00439B4C,0x00439AB9,0x00439A20,DATA,true
01901cbf7196b0c5d0df9540a029520f5df8fd9a6b343deef8b5663872805fcf,12.1.2,0x00439B50,0x00439AA6,0x00439A20,DATA,true
01901cbf7196b0c5d0df9540a029520f5df8fd9a6b343deef8b5663872805fcf,12.1.2,0x00439B54,0x00439A4E,0x00439A20,DATA,true
01901cbf7196b0c5d0df9540a029520f5df8fd9a6b343deef8b5663872805fcf,12.1.2,0x00439B58,0x00439A57,0x00439A20,DATA,true
01901cbf7196b0c5d0df9540a029520f5df8fd9a6b343deef8b5663872805fcf,12.1.2,0x00439B5C,0x00439AF5,0x00439A20,DATA,true
01901cbf7196b0c5d0df9540a029520f5df8fd9a6b343deef8b5663872805fcf,12.1.2,0x00439BC0,0x00439B25,0x00439A20,DATA,true
01901cbf7196b0c5d0df9540a029520f5df8fd9a6b343deef8b5663872805fcf,12.1.2,0x00439BC4,0x00439B0F,0x00439A20,DATA,true
01901cbf7196b0c5d0df9540a029520f5df8fd9a6b343deef8b5663872805fcf,12.1.2,0x00439BC8,0x00439B31,0x00439A20,DATA,true
01901cbf7196b0c5d0df9540a029520f5df8fd9a6b343deef8b5663872805fcf,12.1.2,0x0043BDEC,0x0043B509,0x0043AC70,DATA,true
01901cbf7196b0c5d0df9540a029520f5df8fd9a6b343deef8b5663872805fcf,12.1.2,0x0043BDF0,0x0043B424,0x0043AC70,DATA,true
01901cbf7196b0c5d0df9540a029520f5df8fd9a6b343deef8b5663872805fcf,12.1.2,0x0043BDF4,0x0043B341,0x0043AC70,DATA,true
01901cbf7196b0c5d0df9540a029520f5df8fd9a6b343deef8b5663872805fcf,12.1.2,0x0043BDF8,0x0043B2AA,0x0043AC70,DATA,true
01901cbf7196b0c5d0df9540a029520f5df8fd9a6b343deef8b5663872805fcf,12.1.2,0x0043BDFC,0x0043B20F,0x0043AC70,DATA,true
01901cbf7196b0c5d0df9540a029520f5df8fd9a6b343deef8b5663872805fcf,12.1.2,0x0043BE00,0x0043B175,0x0043AC70,DATA,true
01901cbf7196b0c5d0df9540a029520f5df8fd9a6b343deef8b5663872805fcf,12.1.2,0x0043BE04,0x0043B091,0x0043AC70,DATA,true
01901cbf7196b0c5d0df9540a029520f5df8fd9a6b343deef8b5663872805fcf,12.1.2,0x004424C8,0x004417F0,0x004415C0,DATA,true
01901cbf7196b0c5d0df9540a029520f5df8fd9a6b343deef8b5663872805fcf,12.1.2,0x004424CC,0x004420B2,0x004415C0,DATA,true
01901cbf7196b0c5d0df9540a029520f5df8fd9a6b343deef8b5663872805fcf,12.1.2,0x004424D0,0x00441C9A,0x004415C0,DATA,true
01901cbf7196b0c5d0df9540a029520f5df8fd9a6b343deef8b5663872805fcf,12.1.2,0x004424D4,0x00441C89,0x004415C0,DATA,true
01901cbf7196b0c5d0df9540a029520f5df8fd9a6b343deef8b5663872805fcf,12.1.2,0x004424D8,0x0044160F,0x004415C0,DATA,true
01901cbf7196b0c5d0df9540a029520f5df8fd9a6b343deef8b5663872805fcf,12.1.2,0x004424DC,0x00441694,0x004415C0,DATA,true
01901cbf7196b0c5d0df9540a029520f5df8fd9a6b343deef8b5663872805fcf,12.1.2,0x004424E0,0x004417F0,0x004415C0,DATA,true
01901cbf7196b0c5d0df9540a029520f5df8fd9a6b343deef8b5663872805fcf,12.1.2,0x004424E4,0x00441926,0x004415C0,DATA,true
01901cbf7196b0c5d0df9540a029520f5df8fd9a6b343deef8b5663872805fcf,12.1.2,0x004424E8,0x00441835,0x004415C0,DATA,true
01901cbf7196b0c5d0df9540a029520f5df8fd9a6b343deef8b5663872805fcf,12.1.2,0x004424EC,0x00441E10,0x004415C0,DATA,true
01901cbf7196b0c5d0df9540a029520f5df8fd9a6b343deef8b5663872805fcf,12.1.2,0x004424F0,0x00441F28,0x004415C0,DATA,true
01901cbf7196b0c5d0df9540a029520f5df8fd9a6b343deef8b5663872805fcf,12.1.2,0x004424F4,0x00441823,0x004415C0,DATA,true
01901cbf7196b0c5d0df9540a029520f5df8fd9a6b343deef8b5663872805fcf,12.1.2,0x004424F8,0x00441811,0x004415C0,DATA,true
01901cbf7196b0c5d0df9540a029520f5df8fd9a6b343deef8b5663872805fcf,12.1.2,0x004424FC,0x004417FF,0x004415C0,DATA,true
01901cbf7196b0c5d0df9540a029520f5df8fd9a6b343deef8b5663872805fcf,12.1.2,0x00442500,0x00441CCF,0x004415C0,DATA,true
01901cbf7196b0c5d0df9540a029520f5df8fd9a6b343deef8b5663872805fcf,12.1.2,0x004429A0,0x00442830,0x00442740,DATA,true
01901cbf7196b0c5d0df9540a029520f5df8fd9a6b343deef8b5663872805fcf,12.1.2,0x004429A4,0x00442869,0x00442740,DATA,true
01901cbf7196b0c5d0df9540a029520f5df8fd9a6b343deef8b5663872805fcf,12.1.2,0x004429A8,0x004427F7,0x00442740,DATA,true
01901cbf7196b0c5d0df9540a029520f5df8fd9a6b343deef8b5663872805fcf,12.1.2,0x004429AC,0x0044280A,0x00442740,DATA,true
01901cbf7196b0c5d0df9540a029520f5df8fd9a6b343deef8b5663872805fcf,12.1.2,0x004429B0,0x0044281D,0x00442740,DATA,true
01901cbf7196b0c5d0df9540a029520f5df8fd9a6b343deef8b5663872805fcf,12.1.2,0x004429B4,0x004428B1,0x00442740,DATA,true
01901cbf7196b0c5d0df9540a029520f5df8fd9a6b343deef8b5663872805fcf,12.1.2,0x00442D98,0x00442C57,0x00442A10,DATA,true
01901cbf7196b0c5d0df9540a029520f5df8fd9a6b343deef8b5663872805fcf,12.1.2,0x00442D9C,0x00442C67,0x00442A10,DATA,true
01901cbf7196b0c5d0df9540a029520f5df8fd9a6b343deef8b5663872805fcf,12.1.2,0x00442DA0,0x00442C78,0x00442A10,DATA,true
01901cbf7196b0c5d0df9540a029520f5df8fd9a6b343deef8b5663872805fcf,12.1.2,0x00442DA4,0x00442C9E,0x00442A10,DATA,true
01901cbf7196b0c5d0df9540a029520f5df8fd9a6b343deef8b5663872805fcf,12.1.2,0x00442DA8,0x00442CAC,0x00442A10,DATA,true
01901cbf7196b0c5d0df9540a029520f5df8fd9a6b343deef8b5663872805fcf,12.1.2,0x00442DAC,0x00442CD2,0x00442A10,DATA,true
01901cbf7196b0c5d0df9540a029520f5df8fd9a6b343deef8b5663872805fcf,12.1.2,0x00442DB0,0x00442CF8,0x00442A10,DATA,true
01901cbf7196b0c5d0df9540a029520f5df8fd9a6b343deef8b5663872805fcf,12.1.2,0x0044314C,0x00443007,0x00442DC0,DATA,true
01901cbf7196b0c5d0df9540a029520f5df8fd9a6b343deef8b5663872805fcf,12.1.2,0x00443150,0x00443018,0x00442DC0,DATA,true
01901cbf7196b0c5d0df9540a029520f5df8fd9a6b343deef8b5663872805fcf,12.1.2,0x00443154,0x00443029,0x00442DC0,DATA,true
01901cbf7196b0c5d0df9540a029520f5df8fd9a6b343deef8b5663872805fcf,12.1.2,0x00443158,0x0044304F,0x00442DC0,DATA,true
01901cbf7196b0c5d0df9540a029520f5df8fd9a6b343deef8b5663872805fcf,12.1.2,0x0044315C,0x0044305C,0x00442DC0,DATA,true
01901cbf7196b0c5d0df9540a029520f5df8fd9a6b343deef8b5663872805fcf,12.1.2,0x00443160,0x00443082,0x00442DC0,DATA,true
01901cbf7196b0c5d0df9540a029520f5df8fd9a6b343deef8b5663872805fcf,12.1.2,0x00443164,0x004430A8,0x00442DC0,DATA,true
01901cbf7196b0c5d0df9540a029520f5df8fd9a6b343deef8b5663872805fcf,12.1.2,0x004436A0,0x00443487,0x00443170,DATA,true
01901cbf7196b0c5d0df9540a029520f5df8fd9a6b343deef8b5663872805fcf,12.1.2,0x004436A4,0x00443515,0x00443170,DATA,true
01901cbf7196b0c5d0df9540a029520f5df8fd9a6b343deef8b5663872805fcf,12.1.2,0x004436A8,0x00443558,0x00443170,DATA,true
01901cbf7196b0c5d0df9540a029520f5df8fd9a6b343deef8b5663872805fcf,12.1.2,0x004436AC,0x00443566,0x00443170,DATA,true
01901cbf7196b0c5d0df9540a029520f5df8fd9a6b343deef8b5663872805fcf,12.1.2,0x004436B0,0x00443574,0x00443170,DATA,true
01901cbf7196b0c5d0df9540a029520f5df8fd9a6b343deef8b5663872805fcf,12.1.2,0x004436B4,0x0044359A,0x00443170,DATA,true
01901cbf7196b0c5d0df9540a029520f5df8fd9a6b343deef8b5663872805fcf,12.1.2,0x00446CD8,0x00446BBB,0x00446B40,DATA,true
01901cbf7196b0c5d0df9540a029520f5df8fd9a6b343deef8b5663872805fcf,12.1.2,0x00446CDC,0x00446BA1,0x00446B40,DATA,true
01901cbf7196b0c5d0df9540a029520f5df8fd9a6b343deef8b5663872805fcf,12.1.2,0x00446CE0,0x00446BD5,0x00446B40,DATA,true
01901cbf7196b0c5d0df9540a029520f5df8fd9a6b343deef8b5663872805fcf,12.1.2,0x00446CE4,0x00446BE2,0x00446B40,DATA,true
01901cbf7196b0c5d0df9540a029520f5df8fd9a6b343deef8b5663872805fcf,12.1.2,0x00446CE8,0x00446BEF,0x00446B40,DATA,true
01901cbf7196b0c5d0df9540a029520f5df8fd9a6b343deef8b5663872805fcf,12.1.2,0x00446CEC,0x00446BFC,0x00446B40,DATA,true
01901cbf7196b0c5d0df9540a029520f5df8fd9a6b343deef8b5663872805fcf,12.1.2,0x00446CF0,0x00446C09,0x00446B40,DATA,true
01901cbf7196b0c5d0df9540a029520f5df8fd9a6b343deef8b5663872805fcf,12.1.2,0x00446CF4,0x00446BAE,0x00446B40,DATA,true
01901cbf7196b0c5d0df9540a029520f5df8fd9a6b343deef8b5663872805fcf,12.1.2,0x00446CF8,0x00446BC8,0x00446B40,DATA,true
01901cbf7196b0c5d0df9540a029520f5df8fd9a6b343deef8b5663872805fcf,12.1.2,0x00446CFC,0x00446C16,0x00446B40,DATA,true
01901cbf7196b0c5d0df9540a029520f5df8fd9a6b343deef8b5663872805fcf,12.1.2,0x00446D00,0x00446C23,0x00446B40,DATA,true
01901cbf7196b0c5d0df9540a029520f5df8fd9a6b343deef8b5663872805fcf,12.1.2,0x00446D04,0x00446C30,0x00446B40,DATA,true
01901cbf7196b0c5d0df9540a029520f5df8fd9a6b343deef8b5663872805fcf,12.1.2,0x00446D08,0x00446C3D,0x00446B40,DATA,true
01901cbf7196b0c5d0df9540a029520f5df8fd9a6b343deef8b5663872805fcf,12.1.2,0x00446D0C,0x00446C4A,0x00446B40,DATA,true
01901cbf7196b0c5d0df9540a029520f5df8fd9a6b343deef8b5663872805fcf,12.1.2,0x00458390,0x00456342,0x00456300,DATA,true
01901cbf7196b0c5d0df9540a029520f5df8fd9a6b343deef8b5663872805fcf,12.1.2,0x00458394,0x00456342,0x00456300,DATA,true
01901cbf7196b0c5d0df9540a029520f5df8fd9a6b343deef8b5663872805fcf,12.1.2,0x00458398,0x0045635B,0x00456300,DATA,true
01901cbf7196b0c5d0df9540a029520f5df8fd9a6b343deef8b5663872805fcf,12.1.2,0x0045839C,0x0045634B,0x00456300,DATA,true
01901cbf7196b0c5d0df9540a029520f5df8fd9a6b343deef8b5663872805fcf,12.1.2,0x004583A0,0x0045635B,0x00456300,DATA,true
01901cbf7196b0c5d0df9540a029520f5df8fd9a6b343deef8b5663872805fcf,12.1.2,0x004583A4,0x00456354,0x00456300,DATA,true
01901cbf7196b0c5d0df9540a029520f5df8fd9a6b343deef8b5663872805fcf,12.1.2,0x004583A8,0x004564F6,0x00456300,DATA,true
01901cbf7196b0c5d0df9540a029520f5df8fd9a6b343deef8b5663872805fcf,12.1.2,0x004583AC,0x00456986,0x00456300,DATA,true
01901cbf7196b0c5d0df9540a029520f5df8fd9a6b343deef8b5663872805fcf,12.1.2,0x004583B0,0x00456D16,0x00456300,DATA,true
01901cbf7196b0c5d0df9540a029520f5df8fd9a6b343deef8b5663872805fcf,12.1.2,0x004583B4,0x00456F13,0x00456300,DATA,true
01901cbf7196b0c5d0df9540a029520f5df8fd9a6b343deef8b5663872805fcf,12.1.2,0x004583B8,0x00457B71,0x00456300,DATA,true
01901cbf7196b0c5d0df9540a029520f5df8fd9a6b343deef8b5663872805fcf,12.1.2,0x004583BC,0x004578EB,0x00456300,DATA,true
01901cbf7196b0c5d0df9540a029520f5df8fd9a6b343deef8b5663872805fcf,12.1.2,0x004583C0,0x004571E6,0x00456300,DATA,true
01901cbf7196b0c5d0df9540a029520f5df8fd9a6b343deef8b5663872805fcf,12.1.2,0x004583C4,0x00457E90,0x00456300,DATA,true
01901cbf7196b0c5d0df9540a029520f5df8fd9a6b343deef8b5663872805fcf,12.1.2,0x004583C8,0x00457FA5,0x00456300,DATA,true
01901cbf7196b0c5d0df9540a029520f5df8fd9a6b343deef8b5663872805fcf,12.1.2,0x004583CC,0x00457FB2,0x00456300,DATA,true
01901cbf7196b0c5d0df9540a029520f5df8fd9a6b343deef8b5663872805fcf,12.1.2,0x004583D0,0x00457FC0,0x00456300,DATA,true
01901cbf7196b0c5d0df9540a029520f5df8fd9a6b343deef8b5663872805fcf,12.1.2,0x004583D4,0x00457FCF,0x00456300,DATA,true
01901cbf7196b0c5d0df9540a029520f5df8fd9a6b343deef8b5663872805fcf,12.1.2,0x004583D8,0x00457FDC,0x00456300,DATA,true
01901cbf7196b0c5d0df9540a029520f5df8fd9a6b343deef8b5663872805fcf,12.1.2,0x004583DC,0x00457FEA,0x00456300,DATA,true
01901cbf7196b0c5d0df9540a029520f5df8fd9a6b343deef8b5663872805fcf,12.1.2,0x004583E0,0x00457FF9,0x00456300,DATA,true
01901cbf7196b0c5d0df9540a029520f5df8fd9a6b343deef8b5663872805fcf,12.1.2,0x004583E4,0x00458000,0x00456300,DATA,true
01901cbf7196b0c5d0df9540a029520f5df8fd9a6b343deef8b5663872805fcf,12.1.2,0x004583E8,0x00458017,0x00456300,DATA,true
01901cbf7196b0c5d0df9540a029520f5df8fd9a6b343deef8b5663872805fcf,12.1.2,0x004583EC,0x0045801F,0x00456300,DATA,true
01901cbf7196b0c5d0df9540a029520f5df8fd9a6b343deef8b5663872805fcf,12.1.2,0x004583F0,0x00458036,0x00456300,DATA,true
01901cbf7196b0c5d0df9540a029520f5df8fd9a6b343deef8b5663872805fcf,12.1.2,0x00458EDC,0x00458ECF,0x00458DC0,DATA,true
01901cbf7196b0c5d0df9540a029520f5df8fd9a6b343deef8b5663872805fcf,12.1.2,0x00458EE0,0x00458DED,0x00458DC0,DATA,true
01901cbf7196b0c5d0df9540a029520f5df8fd9a6b343deef8b5663872805fcf,12.1.2,0x00458EE4,0x00458E95,0x00458DC0,DATA,true
01901cbf7196b0c5d0df9540a029520f5df8fd9a6b343deef8b5663872805fcf,12.1.2,0x00458EE8,0x00458E25,0x00458DC0,DATA,true
01901cbf7196b0c5d0df9540a029520f5df8fd9a6b343deef8b5663872805fcf,12.1.2,0x00458EEC,0x00458EA9,0x00458DC0,DATA,true
01901cbf7196b0c5d0df9540a029520f5df8fd9a6b343deef8b5663872805fcf,12.1.2,0x00458EF0,0x00458EA9,0x00458DC0,DATA,true
01901cbf7196b0c5d0df9540a029520f5df8fd9a6b343deef8b5663872805fcf,12.1.2,0x00458EF4,0x00458EA9,0x00458DC0,DATA,true
01901cbf7196b0c5d0df9540a029520f5df8fd9a6b343deef8b5663872805fcf,12.1.2,0x00458EF8,0x00458EC2,0x00458DC0,DATA,true
01901cbf7196b0c5d0df9540a029520f5df8fd9a6b343deef8b5663872805fcf,12.1.2,0x00458EFC,0x00458E8D,0x00458DC0,DATA,true
01901cbf7196b0c5d0df9540a029520f5df8fd9a6b343deef8b5663872805fcf,12.1.2,0x00458F00,0x00458E8D,0x00458DC0,DATA,true
01901cbf7196b0c5d0df9540a029520f5df8fd9a6b343deef8b5663872805fcf,12.1.2,0x00458F04,0x00458E8D,0x00458DC0,DATA,true
01901cbf7196b0c5d0df9540a029520f5df8fd9a6b343deef8b5663872805fcf,12.1.2,0x00458F08,0x00458ECF,0x00458DC0,DATA,true
01901cbf7196b0c5d0df9540a029520f5df8fd9a6b343deef8b5663872805fcf,12.1.2,0x0045B500,0x0045B1E3,0x00459680,DATA,true
01901cbf7196b0c5d0df9540a029520f5df8fd9a6b343deef8b5663872805fcf,12.1.2,0x0045B504,0x0045B1F1,0x00459680,DATA,true
01901cbf7196b0c5d0df9540a029520f5df8fd9a6b343deef8b5663872805fcf,12.1.2,0x0045B508,0x0045B1FE,0x00459680,DATA,true
01901cbf7196b0c5d0df9540a029520f5df8fd9a6b343deef8b5663872805fcf,12.1.2,0x0045B50C,0x0045B20C,0x00459680,DATA,true
01901cbf7196b0c5d0df9540a029520f5df8fd9a6b343deef8b5663872805fcf,12.1.2,0x0045B510,0x0045B21A,0x00459680,DATA,true
01901cbf7196b0c5d0df9540a029520f5df8fd9a6b343deef8b5663872805fcf,12.1.2,0x0045B514,0x0045B227,0x00459680,DATA,true
01901cbf7196b0c5d0df9540a029520f5df8fd9a6b343deef8b5663872805fcf,12.1.2,0x0045B518,0x0045B235,0x00459680,DATA,true
01901cbf7196b0c5d0df9540a029520f5df8fd9a6b343deef8b5663872805fcf,12.1.2,0x0045B51C,0x0045B23C,0x00459680,DATA,true
01901cbf7196b0c5d0df9540a029520f5df8fd9a6b343deef8b5663872805fcf,12.1.2,0x0045B520,0x0045B243,0x00459680,DATA,true
01901cbf7196b0c5d0df9540a029520f5df8fd9a6b343deef8b5663872805fcf,12.1.2,0x0045B524,0x0045B24A,0x00459680,DATA,true
01901cbf7196b0c5d0df9540a029520f5df8fd9a6b343deef8b5663872805fcf,12.1.2,0x0045B528,0x0045B268,0x00459680,DATA,true
01901cbf7196b0c5d0df9540a029520f5df8fd9a6b343deef8b5663872805fcf,12.1.2,0x0045BBF8,0x0045B727,0x0045B550,DATA,true
01901cbf7196b0c5d0df9540a029520f5df8fd9a6b343deef8b5663872805fcf,12.1.2,0x0045BBFC,0x0045B735,0x0045B550,DATA,true
01901cbf7196b0c5d0df9540a029520f5df8fd9a6b343deef8b5663872805fcf,12.1.2,0x0045BC00,0x0045B743,0x0045B550,DATA,true
01901cbf7196b0c5d0df9540a029520f5df8fd9a6b343deef8b5663872805fcf,12.1.2,0x0045BC04,0x0045B750,0x0045B550,DATA,true
01901cbf7196b0c5d0df9540a029520f5df8fd9a6b343deef8b5663872805fcf,12.1.2,0x0045BC08,0x0045B75E,0x0045B550,DATA,true
01901cbf7196b0c5d0df9540a029520f5df8fd9a6b343deef8b5663872805fcf,12.1.2,0x0045BC0C,0x0045B76C,0x0045B550,DATA,true
01901cbf7196b0c5d0df9540a029520f5df8fd9a6b343deef8b5663872805fcf,12.1.2,0x0045BC10,0x0045B779,0x0045B550,DATA,true
01901cbf7196b0c5d0df9540a029520f5df8fd9a6b343deef8b5663872805fcf,12.1.2,0x0045BC14,0x0045B780,0x0045B550,DATA,true
01901cbf7196b0c5d0df9540a029520f5df8fd9a6b343deef8b5663872805fcf,12.1.2,0x0045BC18,0x0045B79A,0x0045B550,DATA,true
01901cbf7196b0c5d0df9540a029520f5df8fd9a6b343deef8b5663872805fcf,12.1.2,0x0045BC1C,0x0045B7A1,0x0045B550,DATA,true
01901cbf7196b0c5d0df9540a029520f5df8fd9a6b343deef8b5663872805fcf,12.1.2,0x0045BC20,0x0045B7BB,0x0045B550,DATA,true
01901cbf7196b0c5d0df9540a029520f5df8fd9a6b343deef8b5663872805fcf,12.1.2,0x0045D274,0x0045D222,0x0045D170,DATA,true
01901cbf7196b0c5d0df9540a029520f5df8fd9a6b343deef8b5663872805fcf,12.1.2,0x0045D278,0x0045D251,0x0045D170,DATA,true
01901cbf7196b0c5d0df9540a029520f5df8fd9a6b343deef8b5663872805fcf,12.1.2,0x0045D27C,0x0045D26D,0x0045D170,DATA,true
01901cbf7196b0c5d0df9540a029520f5df8fd9a6b343deef8b5663872805fcf,12.1.2,0x0045D280,0x0045D26D,0x0045D170,DATA,true
01901cbf7196b0c5d0df9540a029520f5df8fd9a6b343deef8b5663872805fcf,12.1.2,0x0045D284,0x0045D26D,0x0045D170,DATA,true
01901cbf7196b0c5d0df9540a029520f5df8fd9a6b343deef8b5663872805fcf,12.1.2,0x0045D288,0x0045D18B,0x0045D170,DATA,true
01901cbf7196b0c5d0df9540a029520f5df8fd9a6b343deef8b5663872805fcf,12.1.2,0x0045D28C,0x0045D18B,0x0045D170,DATA,true
01901cbf7196b0c5d0df9540a029520f5df8fd9a6b343deef8b5663872805fcf,12.1.2,0x0045D290,0x0045D1B1,0x0045D170,DATA,true
01901cbf7196b0c5d0df9540a029520f5df8fd9a6b343deef8b5663872805fcf,12.1.2,0x0046269C,0x00462684,0x00462190,DATA,true
01901cbf7196b0c5d0df9540a029520f5df8fd9a6b343deef8b5663872805fcf,12.1.2,0x004626A0,0x0046259F,0x00462190,DATA,true
01901cbf7196b0c5d0df9540a029520f5df8fd9a6b343deef8b5663872805fcf,12.1.2,0x004626A4,0x0046259F,0x00462190,DATA,true
01901cbf7196b0c5d0df9540a029520f5df8fd9a6b343deef8b5663872805fcf,12.1.2,0x004626A8,0x00462684,0x00462190,DATA,true
01901cbf7196b0c5d0df9540a029520f5df8fd9a6b343deef8b5663872805fcf,12.1.2,0x004626AC,0x0046259F,0x00462190,DATA,true
01901cbf7196b0c5d0df9540a029520f5df8fd9a6b343deef8b5663872805fcf,12.1.2,0x004626B0,0x0046259F,0x00462190,DATA,true
01901cbf7196b0c5d0df9540a029520f5df8fd9a6b343deef8b5663872805fcf,12.1.2,0x004626B4,0x00462684,0x00462190,DATA,true
01901cbf7196b0c5d0df9540a029520f5df8fd9a6b343deef8b5663872805fcf,12.1.2,0x004626B8,0x00462684,0x00462190,DATA,true
01901cbf7196b0c5d0df9540a029520f5df8fd9a6b343deef8b5663872805fcf,12.1.2,0x004626BC,0x0046259F,0x00462190,DATA,true
01901cbf7196b0c5d0df9540a029520f5df8fd9a6b343deef8b5663872805fcf,12.1.2,0x004626C0,0x00462684,0x00462190,DATA,true
01901cbf7196b0c5d0df9540a029520f5df8fd9a6b343deef8b5663872805fcf,12.1.2,0x004626C4,0x00462684,0x00462190,DATA,true
01901cbf7196b0c5d0df9540a029520f5df8fd9a6b343deef8b5663872805fcf,12.1.2,0x004626C8,0x0046259F,0x00462190,DATA,true
01901cbf7196b0c5d0df9540a029520f5df8fd9a6b343deef8b5663872805fcf,12.1.2,0x004626CC,0x00462684,0x00462190,DATA,true
01901cbf7196b0c5d0df9540a029520f5df8fd9a6b343deef8b5663872805fcf,12.1.2,0x004626D0,0x00462684,0x00462190,DATA,true
01901cbf7196b0c5d0df9540a029520f5df8fd9a6b343deef8b5663872805fcf,12.1.2,0x004626D4,0x0046259F,0x00462190,DATA,true
01901cbf7196b0c5d0df9540a029520f5df8fd9a6b343deef8b5663872805fcf,12.1.2,0x004626D8,0x0046259F,0x00462190,DATA,true
01901cbf7196b0c5d0df9540a029520f5df8fd9a6b343deef8b5663872805fcf,12.1.2,0x00468BC8,0x00468A50,0x004688E0,DATA,true
01901cbf7196b0c5d0df9540a029520f5df8fd9a6b343deef8b5663872805fcf,12.1.2,0x00468BCC,0x00468A6C,0x004688E0,DATA,true
01901cbf7196b0c5d0df9540a029520f5df8fd9a6b343deef8b5663872805fcf,12.1.2,0x00468BD0,0x00468AE9,0x004688E0,DATA,true
01901cbf7196b0c5d0df9540a029520f5df8fd9a6b343deef8b5663872805fcf,12.1.2,0x00468BD4,0x00468AB7,0x004688E0,DATA,true
01901cbf7196b0c5d0df9540a029520f5df8fd9a6b343deef8b5663872805fcf,12.1.2,0x00468BD8,0x00468A9E,0x004688E0,DATA,true
01901cbf7196b0c5d0df9540a029520f5df8fd9a6b343deef8b5663872805fcf,12.1.2,0x00468BDC,0x00468A85,0x004688E0,DATA,true
01901cbf7196b0c5d0df9540a029520f5df8fd9a6b343deef8b5663872805fcf,12.1.2,0x00468BE0,0x00468AD0,0x004688E0,DATA,true
01901cbf7196b0c5d0df9540a029520f5df8fd9a6b343deef8b5663872805fcf,12.1.2,0x00468BE4,0x00468B00,0x004688E0,DATA,true
01901cbf7196b0c5d0df9540a029520f5df8fd9a6b343deef8b5663872805fcf,12.1.2,0x0046BFD0,0x0046B66A,0x0046B510,DATA,true
01901cbf7196b0c5d0df9540a029520f5df8fd9a6b343deef8b5663872805fcf,12.1.2,0x0046BFD4,0x0046B72D,0x0046B510,DATA,true
01901cbf7196b0c5d0df9540a029520f5df8fd9a6b343deef8b5663872805fcf,12.1.2,0x0046BFD8,0x0046B7C0,0x0046B510,DATA,true
01901cbf7196b0c5d0df9540a029520f5df8fd9a6b343deef8b5663872805fcf,12.1.2,0x0046BFDC,0x0046B83B,0x0046B510,DATA,true
01901cbf7196b0c5d0df9540a029520f5df8fd9a6b343deef8b5663872805fcf,12.1.2,0x0046BFE0,0x0046B93C,0x0046B510,DATA,true
01901cbf7196b0c5d0df9540a029520f5df8fd9a6b343deef8b5663872805fcf,12.1.2,0x0046BFE4,0x0046B9D7,0x0046B510,DATA,true
01901cbf7196b0c5d0df9540a029520f5df8fd9a6b343deef8b5663872805fcf,12.1.2,0x0046BFE8,0x0046BB02,0x0046B510,DATA,true
01901cbf7196b0c5d0df9540a029520f5df8fd9a6b343deef8b5663872805fcf,12.1.2,0x0046BFEC,0x0046BBB8,0x0046B510,DATA,true
01901cbf7196b0c5d0df9540a029520f5df8fd9a6b343deef8b5663872805fcf,12.1.2,0x0046BFF0,0x0046BC34,0x0046B510,DATA,true
01901cbf7196b0c5d0df9540a029520f5df8fd9a6b343deef8b5663872805fcf,12.1.2,0x0046BFF4,0x0046BCB0,0x0046B510,DATA,true
01901cbf7196b0c5d0df9540a029520f5df8fd9a6b343deef8b5663872805fcf,12.1.2,0x0046BFF8,0x0046BD4D,0x0046B510,DATA,true
01901cbf7196b0c5d0df9540a029520f5df8fd9a6b343deef8b5663872805fcf,12.1.2,0x0046D554,0x0046C36D,0x0046C0D0,DATA,true
01901cbf7196b0c5d0df9540a029520f5df8fd9a6b343deef8b5663872805fcf,12.1.2,0x0046D558,0x0046C3A2,0x0046C0D0,DATA,true
01901cbf7196b0c5d0df9540a029520f5df8fd9a6b343deef8b5663872805fcf,12.1.2,0x0046D55C,0x0046C3BF,0x0046C0D0,DATA,true
01901cbf7196b0c5d0df9540a029520f5df8fd9a6b343deef8b5663872805fcf,12.1.2,0x0046D560,0x0046C3D8,0x0046C0D0,DATA,true
01901cbf7196b0c5d0df9540a029520f5df8fd9a6b343deef8b5663872805fcf,12.1.2,0x0046D564,0x0046C3E7,0x0046C0D0,DATA,true
01901cbf7196b0c5d0df9540a029520f5df8fd9a6b343deef8b5663872805fcf,12.1.2,0x0046D568,0x0046C3F7,0x0046C0D0,DATA,true
01901cbf7196b0c5d0df9540a029520f5df8fd9a6b343deef8b5663872805fcf,12.1.2,0x0046D56C,0x0046CFA6,0x0046C0D0,DATA,true
01901cbf7196b0c5d0df9540a029520f5df8fd9a6b343deef8b5663872805fcf,12.1.2,0x0046D570,0x0046D025,0x0046C0D0,DATA,true
01901cbf7196b0c5d0df9540a029520f5df8fd9a6b343deef8b5663872805fcf,12.1.2,0x0046D574,0x0046D054,0x0046C0D0,DATA,true
01901cbf7196b0c5d0df9540a029520f5df8fd9a6b343deef8b5663872805fcf,12.1.2,0x0046D578,0x0046D091,0x0046C0D0,DATA,true
01901cbf7196b0c5d0df9540a029520f5df8fd9a6b343deef8b5663872805fcf,12.1.2,0x0046D57C,0x0046D0BE,0x0046C0D0,DATA,true
01901cbf7196b0c5d0df9540a029520f5df8fd9a6b343deef8b5663872805fcf,12.1.2,0x0046D580,0x0046D0D3,0x0046C0D0,DATA,true
01901cbf7196b0c5d0df9540a029520f5df8fd9a6b343deef8b5663872805fcf,12.1.2,0x0046D584,0x0046D115,0x0046C0D0,DATA,true
01901cbf7196b0c5d0df9540a029520f5df8fd9a6b343deef8b5663872805fcf,12.1.2,0x0046D588,0x0046D144,0x0046C0D0,DATA,true
01901cbf7196b0c5d0df9540a029520f5df8fd9a6b343deef8b5663872805fcf,12.1.2,0x0046D58C,0x0046D1B8,0x0046C0D0,DATA,true
01901cbf7196b0c5d0df9540a029520f5df8fd9a6b343deef8b5663872805fcf,12.1.2,0x0046D590,0x0046D1AE,0x0046C0D0,DATA,true
01901cbf7196b0c5d0df9540a029520f5df8fd9a6b343deef8b5663872805fcf,12.1.2,0x0046D594,0x0046D1DF,0x0046C0D0,DATA,true
01901cbf7196b0c5d0df9540a029520f5df8fd9a6b343deef8b5663872805fcf,12.1.2,0x0046D598,0x0046D257,0x0046C0D0,DATA,true
01901cbf7196b0c5d0df9540a029520f5df8fd9a6b343deef8b5663872805fcf,12.1.2,0x0046D59C,0x0046D284,0x0046C0D0,DATA,true
01901cbf7196b0c5d0df9540a029520f5df8fd9a6b343deef8b5663872805fcf,12.1.2,0x0046D5A0,0x0046D2B6,0x0046C0D0,DATA,true
01901cbf7196b0c5d0df9540a029520f5df8fd9a6b343deef8b5663872805fcf,12.1.2,0x0046D5A4,0x0046D2E8,0x0046C0D0,DATA,true
01901cbf7196b0c5d0df9540a029520f5df8fd9a6b343deef8b5663872805fcf,12.1.2,0x0046D5A8,0x0046D31A,0x0046C0D0,DATA,true
01901cbf7196b0c5d0df9540a029520f5df8fd9a6b343deef8b5663872805fcf,12.1.2,0x0046D5AC,0x0046D34C,0x0046C0D0,DATA,true
01901cbf7196b0c5d0df9540a029520f5df8fd9a6b343deef8b5663872805fcf,12.1.2,0x0046D5B0,0x0046D3BE,0x0046C0D0,DATA,true
01901cbf7196b0c5d0df9540a029520f5df8fd9a6b343deef8b5663872805fcf,12.1.2,0x0046D5B4,0x0046D3E8,0x0046C0D0,DATA,true
01901cbf7196b0c5d0df9540a029520f5df8fd9a6b343deef8b5663872805fcf,12.1.2,0x0046D5B8,0x0046D413,0x0046C0D0,DATA,true
01901cbf7196b0c5d0df9540a029520f5df8fd9a6b343deef8b5663872805fcf,12.1.2,0x0046D5BC,0x0046D43C,0x0046C0D0,DATA,true
01901cbf7196b0c5d0df9540a029520f5df8fd9a6b343deef8b5663872805fcf,12.1.2,0x0046D5C0,0x0046D465,0x0046C0D0,DATA,true
01901cbf7196b0c5d0df9540a029520f5df8fd9a6b343deef8b5663872805fcf,12.1.2,0x0046E1ED,0x0046E216,0x0046D5D0,UNCONDITIONAL_JUMP,true
01901cbf7196b0c5d0df9540a029520f5df8fd9a6b343deef8b5663872805fcf,12.1.2,0x0046EB68,0x0046E1CD,0x0046D5D0,DATA,true
01901cbf7196b0c5d0df9540a029520f5df8fd9a6b343deef8b5663872805fcf,12.1.2,0x0046EB70,0x0046E1BE,0x0046D5D0,DATA,true
01901cbf7196b0c5d0df9540a029520f5df8fd9a6b343deef8b5663872805fcf,12.1.2,0x0046EB74,0x0046E216,0x0046D5D0,DATA,true
01901cbf7196b0c5d0df9540a029520f5df8fd9a6b343deef8b5663872805fcf,12.1.2,0x0046EB78,0x0046E216,0x0046D5D0,DATA,true
01901cbf7196b0c5d0df9540a029520f5df8fd9a6b343deef8b5663872805fcf,12.1.2,0x0046EB7C,0x0046E216,0x0046D5D0,DATA,true
01901cbf7196b0c5d0df9540a029520f5df8fd9a6b343deef8b5663872805fcf,12.1.2,0x0046EB80,0x0046E1EF,0x0046D5D0,DATA,true
01901cbf7196b0c5d0df9540a029520f5df8fd9a6b343deef8b5663872805fcf,12.1.2,0x0046EB84,0x0046E216,0x0046D5D0,DATA,true
01901cbf7196b0c5d0df9540a029520f5df8fd9a6b343deef8b5663872805fcf,12.1.2,0x0046EB88,0x0046E1FC,0x0046D5D0,DATA,true
01901cbf7196b0c5d0df9540a029520f5df8fd9a6b343deef8b5663872805fcf,12.1.2,0x0046F9E8,0x0046F8ED,0x0046F8C0,DATA,true
01901cbf7196b0c5d0df9540a029520f5df8fd9a6b343deef8b5663872805fcf,12.1.2,0x0046F9EC,0x0046F936,0x0046F8C0,DATA,true
01901cbf7196b0c5d0df9540a029520f5df8fd9a6b343deef8b5663872805fcf,12.1.2,0x0046F9F0,0x0046F951,0x0046F8C0,DATA,true
01901cbf7196b0c5d0df9540a029520f5df8fd9a6b343deef8b5663872805fcf,12.1.2,0x0046F9F4,0x0046F96C,0x0046F8C0,DATA,true
01901cbf7196b0c5d0df9540a029520f5df8fd9a6b343deef8b5663872805fcf,12.1.2,0x00470538,0x0047048A,0x00470420,DATA,true
01901cbf7196b0c5d0df9540a029520f5df8fd9a6b343deef8b5663872805fcf,12.1.2,0x0047053C,0x00470490,0x00470420,DATA,true
01901cbf7196b0c5d0df9540a029520f5df8fd9a6b343deef8b5663872805fcf,12.1.2,0x00470540,0x00470496,0x00470420,DATA,true
01901cbf7196b0c5d0df9540a029520f5df8fd9a6b343deef8b5663872805fcf,12.1.2,0x00470544,0x0047049D,0x00470420,DATA,true
01901cbf7196b0c5d0df9540a029520f5df8fd9a6b343deef8b5663872805fcf,12.1.2,0x00470778,0x004706F5,0x00470550,DATA,true
01901cbf7196b0c5d0df9540a029520f5df8fd9a6b343deef8b5663872805fcf,12.1.2,0x0047077C,0x0047070E,0x00470550,DATA,true
01901cbf7196b0c5d0df9540a029520f5df8fd9a6b343deef8b5663872805fcf,12.1.2,0x00470780,0x00470727,0x00470550,DATA,true
01901cbf7196b0c5d0df9540a029520f5df8fd9a6b343deef8b5663872805fcf,12.1.2,0x00470784,0x00470740,0x00470550,DATA,true
01901cbf7196b0c5d0df9540a029520f5df8fd9a6b343deef8b5663872805fcf,12.1.2,0x00476704,0x0047382E,0x004736E0,DATA,true
01901cbf7196b0c5d0df9540a029520f5df8fd9a6b343deef8b5663872805fcf,12.1.2,0x00476708,0x00473A8B,0x004736E0,DATA,true
01901cbf7196b0c5d0df9540a029520f5df8fd9a6b343deef8b5663872805fcf,12.1.2,0x0047670C,0x00473B94,0x004736E0,DATA,true
01901cbf7196b0c5d0df9540a029520f5df8fd9a6b343deef8b5663872805fcf,12.1.2,0x00476710,0x00473D53,0x004736E0,DATA,true
01901cbf7196b0c5d0df9540a029520f5df8fd9a6b343deef8b5663872805fcf,12.1.2,0x00476714,0x00473FB7,0x004736E0,DATA,true
01901cbf7196b0c5d0df9540a029520f5df8fd9a6b343deef8b5663872805fcf,12.1.2,0x00476718,0x004741E0,0x004736E0,DATA,true
01901cbf7196b0c5d0df9540a029520f5df8fd9a6b343deef8b5663872805fcf,12.1.2,0x0047671C,0x0047447A,0x004736E0,DATA,true
01901cbf7196b0c5d0df9540a029520f5df8fd9a6b343deef8b5663872805fcf,12.1.2,0x00476720,0x004747BF,0x004736E0,DATA,true
01901cbf7196b0c5d0df9540a029520f5df8fd9a6b343deef8b5663872805fcf,12.1.2,0x00476724,0x00474AA3,0x004736E0,DATA,true
01901cbf7196b0c5d0df9540a029520f5df8fd9a6b343deef8b5663872805fcf,12.1.2,0x00476728,0x00474D3F,0x004736E0,DATA,true
01901cbf7196b0c5d0df9540a029520f5df8fd9a6b343deef8b5663872805fcf,12.1.2,0x0047672C,0x00474FDB,0x004736E0,DATA,true
01901cbf7196b0c5d0df9540a029520f5df8fd9a6b343deef8b5663872805fcf,12.1.2,0x00476730,0x0047523F,0x004736E0,DATA,true
01901cbf7196b0c5d0df9540a029520f5df8fd9a6b343deef8b5663872805fcf,12.1.2,0x00476734,0x00475575,0x004736E0,DATA,true
01901cbf7196b0c5d0df9540a029520f5df8fd9a6b343deef8b5663872805fcf,12.1.2,0x00476738,0x004757AD,0x004736E0,DATA,true
01901cbf7196b0c5d0df9540a029520f5df8fd9a6b343deef8b5663872805fcf,12.1.2,0x0047673C,0x00475A22,0x004736E0,DATA,true
01901cbf7196b0c5d0df9540a029520f5df8fd9a6b343deef8b5663872805fcf,12.1.2,0x00476740,0x00475CCF,0x004736E0,DATA,true
01901cbf7196b0c5d0df9540a029520f5df8fd9a6b343deef8b5663872805fcf,12.1.2,0x00476744,0x00475CCF,0x004736E0,DATA,true
01901cbf7196b0c5d0df9540a029520f5df8fd9a6b343deef8b5663872805fcf,12.1.2,0x00476748,0x00475CCF,0x004736E0,DATA,true
01901cbf7196b0c5d0df9540a029520f5df8fd9a6b343deef8b5663872805fcf,12.1.2,0x0047674C,0x00475CCF,0x004736E0,DATA,true
01901cbf7196b0c5d0df9540a029520f5df8fd9a6b343deef8b5663872805fcf,12.1.2,0x00476750,0x00475CCF,0x004736E0,DATA,true
01901cbf7196b0c5d0df9540a029520f5df8fd9a6b343deef8b5663872805fcf,12.1.2,0x00476754,0x00475CCF,0x004736E0,DATA,true
01901cbf7196b0c5d0df9540a029520f5df8fd9a6b343deef8b5663872805fcf,12.1.2,0x004785FC,0x00478511,0x00478150,DATA,true
01901cbf7196b0c5d0df9540a029520f5df8fd9a6b343deef8b5663872805fcf,12.1.2,0x00478600,0x0047851F,0x00478150,DATA,true
01901cbf7196b0c5d0df9540a029520f5df8fd9a6b343deef8b5663872805fcf,12.1.2,0x00478604,0x0047852D,0x00478150,DATA,true
01901cbf7196b0c5d0df9540a029520f5df8fd9a6b343deef8b5663872805fcf,12.1.2,0x00478608,0x004785D6,0x00478150,DATA,true
01901cbf7196b0c5d0df9540a029520f5df8fd9a6b343deef8b5663872805fcf,12.1.2,0x0047860C,0x004785D6,0x00478150,DATA,true
01901cbf7196b0c5d0df9540a029520f5df8fd9a6b343deef8b5663872805fcf,12.1.2,0x00478610,0x004785D6,0x00478150,DATA,true
01901cbf7196b0c5d0df9540a029520f5df8fd9a6b343deef8b5663872805fcf,12.1.2,0x00478614,0x004785D6,0x00478150,DATA,true
01901cbf7196b0c5d0df9540a029520f5df8fd9a6b343deef8b5663872805fcf,12.1.2,0x00478618,0x00478541,0x00478150,DATA,true
01901cbf7196b0c5d0df9540a029520f5df8fd9a6b343deef8b5663872805fcf,12.1.2,0x0047861C,0x00478555,0x00478150,DATA,true
01901cbf7196b0c5d0df9540a029520f5df8fd9a6b343deef8b5663872805fcf,12.1.2,0x00478620,0x00478567,0x00478150,DATA,true
01901cbf7196b0c5d0df9540a029520f5df8fd9a6b343deef8b5663872805fcf,12.1.2,0x00478624,0x004785CB,0x00478150,DATA,true
01901cbf7196b0c5d0df9540a029520f5df8fd9a6b343deef8b5663872805fcf,12.1.2,0x0047BAF8,0x0047B798,0x0047B760,DATA,true
01901cbf7196b0c5d0df9540a029520f5df8fd9a6b343deef8b5663872805fcf,12.1.2,0x0047BAFC,0x0047B8A7,0x0047B760,DATA,true
01901cbf7196b0c5d0df9540a029520f5df8fd9a6b343deef8b5663872805fcf,12.1.2,0x0047BB00,0x0047BA31,0x0047B760,DATA,true
01901cbf7196b0c5d0df9540a029520f5df8fd9a6b343deef8b5663872805fcf,12.1.2,0x0047BB04,0x0047BA64,0x0047B760,DATA,true
01901cbf7196b0c5d0df9540a029520f5df8fd9a6b343deef8b5663872805fcf,12.1.2,0x0047BB08,0x0047BAAD,0x0047B760,DATA,true
01901cbf7196b0c5d0df9540a029520f5df8fd9a6b343deef8b5663872805fcf,12.1.2,0x0047BB0C,0x0047B9EA,0x0047B760,DATA,true
01901cbf7196b0c5d0df9540a029520f5df8fd9a6b343deef8b5663872805fcf,12.1.2,0x0047BB10,0x0047B7C7,0x0047B760,DATA,true
01901cbf7196b0c5d0df9540a029520f5df8fd9a6b343deef8b5663872805fcf,12.1.2,0x0047BB14,0x0047B7E3,0x0047B760,DATA,true
01901cbf7196b0c5d0df9540a029520f5df8fd9a6b343deef8b5663872805fcf,12.1.2,0x0047BB18,0x0047B7FF,0x0047B760,DATA,true
01901cbf7196b0c5d0df9540a029520f5df8fd9a6b343deef8b5663872805fcf,12.1.2,0x0047BB1C,0x0047B7AB,0x0047B760,DATA,true
01901cbf7196b0c5d0df9540a029520f5df8fd9a6b343deef8b5663872805fcf,12.1.2,0x0047BB20,0x0047B81B,0x0047B760,DATA,true
01901cbf7196b0c5d0df9540a029520f5df8fd9a6b343deef8b5663872805fcf,12.1.2,0x0047BB24,0x0047B837,0x0047B760,DATA,true
01901cbf7196b0c5d0df9540a029520f5df8fd9a6b343deef8b5663872805fcf,12.1.2,0x0047BB28,0x0047B853,0x0047B760,DATA,true
01901cbf7196b0c5d0df9540a029520f5df8fd9a6b343deef8b5663872805fcf,12.1.2,0x0047BB2C,0x0047B86F,0x0047B760,DATA,true
01901cbf7196b0c5d0df9540a029520f5df8fd9a6b343deef8b5663872805fcf,12.1.2,0x0047BB30,0x0047B88B,0x0047B760,DATA,true
01901cbf7196b0c5d0df9540a029520f5df8fd9a6b343deef8b5663872805fcf,12.1.2,0x0047BB34,0x0047B8DB,0x0047B760,DATA,true
01901cbf7196b0c5d0df9540a029520f5df8fd9a6b343deef8b5663872805fcf,12.1.2,0x0047BB38,0x0047B8EA,0x0047B760,DATA,true
01901cbf7196b0c5d0df9540a029520f5df8fd9a6b343deef8b5663872805fcf,12.1.2,0x0047BB3C,0x0047B8F6,0x0047B760,DATA,true
01901cbf7196b0c5d0df9540a029520f5df8fd9a6b343deef8b5663872805fcf,12.1.2,0x0047BB40,0x0047B902,0x0047B760,DATA,true
01901cbf7196b0c5d0df9540a029520f5df8fd9a6b343deef8b5663872805fcf,12.1.2,0x0047BB44,0x0047B90E,0x0047B760,DATA,true
01901cbf7196b0c5d0df9540a029520f5df8fd9a6b343deef8b5663872805fcf,12.1.2,0x0047BB48,0x0047B91D,0x0047B760,DATA,true
01901cbf7196b0c5d0df9540a029520f5df8fd9a6b343deef8b5663872805fcf,12.1.2,0x0047BB4C,0x0047B926,0x0047B760,DATA,true
01901cbf7196b0c5d0df9540a029520f5df8fd9a6b343deef8b5663872805fcf,12.1.2,0x0047BB50,0x0047B92F,0x0047B760,DATA,true
01901cbf7196b0c5d0df9540a029520f5df8fd9a6b343deef8b5663872805fcf,12.1.2,0x0047BB54,0x0047B938,0x0047B760,DATA,true
01901cbf7196b0c5d0df9540a029520f5df8fd9a6b343deef8b5663872805fcf,12.1.2,0x0047BB58,0x0047B944,0x0047B760,DATA,true
01901cbf7196b0c5d0df9540a029520f5df8fd9a6b343deef8b5663872805fcf,12.1.2,0x0047BB5C,0x0047B950,0x0047B760,DATA,true
01901cbf7196b0c5d0df9540a029520f5df8fd9a6b343deef8b5663872805fcf,12.1.2,0x0047BB60,0x0047B959,0x0047B760,DATA,true
01901cbf7196b0c5d0df9540a029520f5df8fd9a6b343deef8b5663872805fcf,12.1.2,0x0047BB64,0x0047B965,0x0047B760,DATA,true
01901cbf7196b0c5d0df9540a029520f5df8fd9a6b343deef8b5663872805fcf,12.1.2,0x0047BB68,0x0047B971,0x0047B760,DATA,true
01901cbf7196b0c5d0df9540a029520f5df8fd9a6b343deef8b5663872805fcf,12.1.2,0x0047BB6C,0x0047B97D,0x0047B760,DATA,true
01901cbf7196b0c5d0df9540a029520f5df8fd9a6b343deef8b5663872805fcf,12.1.2,0x0047BB70,0x0047B989,0x0047B760,DATA,true
01901cbf7196b0c5d0df9540a029520f5df8fd9a6b343deef8b5663872805fcf,12.1.2,0x0047BB74,0x0047B995,0x0047B760,DATA,true
01901cbf7196b0c5d0df9540a029520f5df8fd9a6b343deef8b5663872805fcf,12.1.2,0x0047BB78,0x0047B8CF,0x0047B760,DATA,true
01901cbf7196b0c5d0df9540a029520f5df8fd9a6b343deef8b5663872805fcf,12.1.2,0x0047BB7C,0x0047B9A4,0x0047B760,DATA,true
01901cbf7196b0c5d0df9540a029520f5df8fd9a6b343deef8b5663872805fcf,12.1.2,0x0047FE30,0x0047FC09,0x0047F960,DATA,true
01901cbf7196b0c5d0df9540a029520f5df8fd9a6b343deef8b5663872805fcf,12.1.2,0x0047FE34,0x0047FC1A,0x0047F960,DATA,true
01901cbf7196b0c5d0df9540a029520f5df8fd9a6b343deef8b5663872805fcf,12.1.2,0x0047FE38,0x0047FC28,0x0047F960,DATA,true
01901cbf7196b0c5d0df9540a029520f5df8fd9a6b343deef8b5663872805fcf,12.1.2,0x0047FE3C,0x0047FC36,0x0047F960,DATA,true
01901cbf7196b0c5d0df9540a029520f5df8fd9a6b343deef8b5663872805fcf,12.1.2,0x0047FE40,0x0047FC44,0x0047F960,DATA,true
01901cbf7196b0c5d0df9540a029520f5df8fd9a6b343deef8b5663872805fcf,12.1.2,0x0047FE44,0x0047FC55,0x0047F960,DATA,true
01901cbf7196b0c5d0df9540a029520f5df8fd9a6b343deef8b5663872805fcf,12.1.2,0x0047FE48,0x0047FC63,0x0047F960,DATA,true
01901cbf7196b0c5d0df9540a029520f5df8fd9a6b343deef8b5663872805fcf,12.1.2,0x0047FE4C,0x0047FC71,0x0047F960,DATA,true
01901cbf7196b0c5d0df9540a029520f5df8fd9a6b343deef8b5663872805fcf,12.1.2,0x0047FE50,0x0047FC7C,0x0047F960,DATA,true
01901cbf7196b0c5d0df9540a029520f5df8fd9a6b343deef8b5663872805fcf,12.1.2,0x0047FE54,0x0047FC8A,0x0047F960,DATA,true
01901cbf7196b0c5d0df9540a029520f5df8fd9a6b343deef8b5663872805fcf,12.1.2,0x0047FE58,0x0047FC98,0x0047F960,DATA,true
01901cbf7196b0c5d0df9540a029520f5df8fd9a6b343deef8b5663872805fcf,12.1.2,0x0047FE5C,0x0047FCA3,0x0047F960,DATA,true
01901cbf7196b0c5d0df9540a029520f5df8fd9a6b343deef8b5663872805fcf,12.1.2,0x0047FE60,0x0047FCB3,0x0047F960,DATA,true
01901cbf7196b0c5d0df9540a029520f5df8fd9a6b343deef8b5663872805fcf,12.1.2,0x0047FE64,0x0047FCC1,0x0047F960,DATA,true
01901cbf7196b0c5d0df9540a029520f5df8fd9a6b343deef8b5663872805fcf,12.1.2,0x0047FE68,0x0047FCCF,0x0047F960,DATA,true
01901cbf7196b0c5d0df9540a029520f5df8fd9a6b343deef8b5663872805fcf,12.1.2,0x0047FE6C,0x0047FE0D,0x0047F960,DATA,true
01901cbf7196b0c5d0df9540a029520f5df8fd9a6b343deef8b5663872805fcf,12.1.2,0x0047FE70,0x0047FCDD,0x0047F960,DATA,true
01901cbf7196b0c5d0df9540a029520f5df8fd9a6b343deef8b5663872805fcf,12.1.2,0x0047FE74,0x0047FCEB,0x0047F960,DATA,true
01901cbf7196b0c5d0df9540a029520f5df8fd9a6b343deef8b5663872805fcf,12.1.2,0x004863B0,0x004861DA,0x00486170,DATA,true
01901cbf7196b0c5d0df9540a029520f5df8fd9a6b343deef8b5663872805fcf,12.1.2,0x004863B4,0x00486204,0x00486170,DATA,true
01901cbf7196b0c5d0df9540a029520f5df8fd9a6b343deef8b5663872805fcf,12.1.2,0x004863B8,0x0048622F,0x00486170,DATA,true
01901cbf7196b0c5d0df9540a029520f5df8fd9a6b343deef8b5663872805fcf,12.1.2,0x004863BC,0x004862DD,0x00486170,DATA,true
01901cbf7196b0c5d0df9540a029520f5df8fd9a6b343deef8b5663872805fcf,12.1.2,0x004863C0,0x004862F0,0x00486170,DATA,true
01901cbf7196b0c5d0df9540a029520f5df8fd9a6b343deef8b5663872805fcf,12.1.2,0x0048A798,0x00489C32,0x00489BA0,DATA,true
01901cbf7196b0c5d0df9540a029520f5df8fd9a6b343deef8b5663872805fcf,12.1.2,0x0048A79C,0x00489FE5,0x00489BA0,DATA,true
01901cbf7196b0c5d0df9540a029520f5df8fd9a6b343deef8b5663872805fcf,12.1.2,0x0048A7A0,0x00489F8E,0x00489BA0,DATA,true
01901cbf7196b0c5d0df9540a029520f5df8fd9a6b343deef8b5663872805fcf,12.1.2,0x0048A7A4,0x0048A004,0x00489BA0,DATA,true
01901cbf7196b0c5d0df9540a029520f5df8fd9a6b343deef8b5663872805fcf,12.1.2,0x0048FD98,0x0048FCF1,0x0048FCD0,DATA,true
01901cbf7196b0c5d0df9540a029520f5df8fd9a6b343deef8b5663872805fcf,12.1.2,0x0048FD9C,0x0048FCFB,0x0048FCD0,DATA,true
01901cbf7196b0c5d0df9540a029520f5df8fd9a6b343deef8b5663872805fcf,12.1.2,0x0048FDA0,0x0048FD09,0x0048FCD0,DATA,true
01901cbf7196b0c5d0df9540a029520f5df8fd9a6b343deef8b5663872805fcf,12.1.2,0x0048FDA4,0x0048FD50,0x0048FCD0,DATA,true
01901cbf7196b0c5d0df9540a029520f5df8fd9a6b343deef8b5663872805fcf,12.1.2,0x0048FDA8,0x0048FD8F,0x0048FCD0,DATA,true
01901cbf7196b0c5d0df9540a029520f5df8fd9a6b343deef8b5663872805fcf,12.1.2,0x00490124,0x0048FFC9,0x0048FFB0,DATA,true
01901cbf7196b0c5d0df9540a029520f5df8fd9a6b343deef8b5663872805fcf,12.1.2,0x00490128,0x0048FFE5,0x0048FFB0,DATA,true
01901cbf7196b0c5d0df9540a029520f5df8fd9a6b343deef8b5663872805fcf,12.1.2,0x0049012C,0x004900B1,0x0048FFB0,DATA,true
01901cbf7196b0c5d0df9540a029520f5df8fd9a6b343deef8b5663872805fcf,12.1.2,0x00490130,0x00490001,0x0048FFB0,DATA,true
01901cbf7196b0c5d0df9540a029520f5df8fd9a6b343deef8b5663872805fcf,12.1.2,0x00490134,0x0049001D,0x0048FFB0,DATA,true
01901cbf7196b0c5d0df9540a029520f5df8fd9a6b343deef8b5663872805fcf,12.1.2,0x00490138,0x00490107,0x0048FFB0,DATA,true
01901cbf7196b0c5d0df9540a029520f5df8fd9a6b343deef8b5663872805fcf,12.1.2,0x0049013C,0x004900DC,0x0048FFB0,DATA,true
01901cbf7196b0c5d0df9540a029520f5df8fd9a6b343deef8b5663872805fcf,12.1.2,0x00490328,0x00490159,0x00490140,DATA,true
01901cbf7196b0c5d0df9540a029520f5df8fd9a6b343deef8b5663872805fcf,12.1.2,0x0049032C,0x00490177,0x00490140,DATA,true
01901cbf7196b0c5d0df9540a029520f5df8fd9a6b343deef8b5663872805fcf,12.1.2,0x00490330,0x00490195,0x00490140,DATA,true
01901cbf7196b0c5d0df9540a029520f5df8fd9a6b343deef8b5663872805fcf,12.1.2,0x00490334,0x00490244,0x00490140,DATA,true
01901cbf7196b0c5d0df9540a029520f5df8fd9a6b343deef8b5663872805fcf,12.1.2,0x00490338,0x00490262,0x00490140,DATA,true
01901cbf7196b0c5d0df9540a029520f5df8fd9a6b343deef8b5663872805fcf,12.1.2,0x0049033C,0x00490308,0x00490140,DATA,true
01901cbf7196b0c5d0df9540a029520f5df8fd9a6b343deef8b5663872805fcf,12.1.2,0x00490340,0x004901E0,0x00490140,DATA,true
01901cbf7196b0c5d0df9540a029520f5df8fd9a6b343deef8b5663872805fcf,12.1.2,0x00491200,0x00490B2F,0x00490B00,DATA,true
01901cbf7196b0c5d0df9540a029520f5df8fd9a6b343deef8b5663872805fcf,12.1.2,0x00491204,0x00490B42,0x00490B00,DATA,true
01901cbf7196b0c5d0df9540a029520f5df8fd9a6b343deef8b5663872805fcf,12.1.2,0x00491208,0x00490B4E,0x00490B00,DATA,true
01901cbf7196b0c5d0df9540a029520f5df8fd9a6b343deef8b5663872805fcf,12.1.2,0x0049120C,0x00490B5A,0x00490B00,DATA,true
01901cbf7196b0c5d0df9540a029520f5df8fd9a6b343deef8b5663872805fcf,12.1.2,0x00491210,0x00490B66,0x00490B00,DATA,true
01901cbf7196b0c5d0df9540a029520f5df8fd9a6b343deef8b5663872805fcf,12.1.2,0x00491214,0x00490B72,0x00490B00,DATA,true
01901cbf7196b0c5d0df9540a029520f5df8fd9a6b343deef8b5663872805fcf,12.1.2,0x00491218,0x00490B7E,0x00490B00,DATA,true
01901cbf7196b0c5d0df9540a029520f5df8fd9a6b343deef8b5663872805fcf,12.1.2,0x0049121C,0x00490B8A,0x00490B00,DATA,true
01901cbf7196b0c5d0df9540a029520f5df8fd9a6b343deef8b5663872805fcf,12.1.2,0x00491220,0x00490BFC,0x00490B00,DATA,true
01901cbf7196b0c5d0df9540a029520f5df8fd9a6b343deef8b5663872805fcf,12.1.2,0x00491224,0x00490C0B,0x00490B00,DATA,true
01901cbf7196b0c5d0df9540a029520f5df8fd9a6b343deef8b5663872805fcf,12.1.2,0x00491228,0x00490C17,0x00490B00,DATA,true
01901cbf7196b0c5d0df9540a029520f5df8fd9a6b343deef8b5663872805fcf,12.1.2,0x0049122C,0x00490C23,0x00490B00,DATA,true
01901cbf7196b0c5d0df9540a029520f5df8fd9a6b343deef8b5663872805fcf,12.1.2,0x00491230,0x00490C2F,0x00490B00,DATA,true
01901cbf7196b0c5d0df9540a029520f5df8fd9a6b343deef8b5663872805fcf,12.1.2,0x00491234,0x00490C3B,0x00490B00,DATA,true
01901cbf7196b0c5d0df9540a029520f5df8fd9a6b343deef8b5663872805fcf,12.1.2,0x00491238,0x00490C47,0x00490B00,DATA,true
01901cbf7196b0c5d0df9540a029520f5df8fd9a6b343deef8b5663872805fcf,12.1.2,0x0049123C,0x00490C53,0x00490B00,DATA,true
01901cbf7196b0c5d0df9540a029520f5df8fd9a6b343deef8b5663872805fcf,12.1.2,0x00491240,0x00490C5F,0x00490B00,DATA,true
01901cbf7196b0c5d0df9540a029520f5df8fd9a6b343deef8b5663872805fcf,12.1.2,0x00491244,0x00490C6B,0x00490B00,DATA,true
01901cbf7196b0c5d0df9540a029520f5df8fd9a6b343deef8b5663872805fcf,12.1.2,0x00491248,0x00490C77,0x00490B00,DATA,true
01901cbf7196b0c5d0df9540a029520f5df8fd9a6b343deef8b5663872805fcf,12.1.2,0x0049124C,0x00490C83,0x00490B00,DATA,true
01901cbf7196b0c5d0df9540a029520f5df8fd9a6b343deef8b5663872805fcf,12.1.2,0x00491250,0x00490D27,0x00490B00,DATA,true
01901cbf7196b0c5d0df9540a029520f5df8fd9a6b343deef8b5663872805fcf,12.1.2,0x00491254,0x00490D36,0x00490B00,DATA,true
01901cbf7196b0c5d0df9540a029520f5df8fd9a6b343deef8b5663872805fcf,12.1.2,0x00491258,0x00490D45,0x00490B00,DATA,true
01901cbf7196b0c5d0df9540a029520f5df8fd9a6b343deef8b5663872805fcf,12.1.2,0x0049125C,0x00490D51,0x00490B00,DATA,true
01901cbf7196b0c5d0df9540a029520f5df8fd9a6b343deef8b5663872805fcf,12.1.2,0x00491260,0x00490D5D,0x00490B00,DATA,true
01901cbf7196b0c5d0df9540a029520f5df8fd9a6b343deef8b5663872805fcf,12.1.2,0x00491264,0x00490D69,0x00490B00,DATA,true
01901cbf7196b0c5d0df9540a029520f5df8fd9a6b343deef8b5663872805fcf,12.1.2,0x00491268,0x00490D75,0x00490B00,DATA,true
01901cbf7196b0c5d0df9540a029520f5df8fd9a6b343deef8b5663872805fcf,12.1.2,0x0049126C,0x00490D81,0x00490B00,DATA,true
01901cbf7196b0c5d0df9540a029520f5df8fd9a6b343deef8b5663872805fcf,12.1.2,0x00491270,0x00490D8D,0x00490B00,DATA,true
01901cbf7196b0c5d0df9540a029520f5df8fd9a6b343deef8b5663872805fcf,12.1.2,0x00491274,0x00490D94,0x00490B00,DATA,true
01901cbf7196b0c5d0df9540a029520f5df8fd9a6b343deef8b5663872805fcf,12.1.2,0x00491278,0x00490DA0,0x00490B00,DATA,true
01901cbf7196b0c5d0df9540a029520f5df8fd9a6b343deef8b5663872805fcf,12.1.2,0x0049127C,0x00490DAC,0x00490B00,DATA,true
01901cbf7196b0c5d0df9540a029520f5df8fd9a6b343deef8b5663872805fcf,12.1.2,0x00491280,0x00490DB8,0x00490B00,DATA,true
01901cbf7196b0c5d0df9540a029520f5df8fd9a6b343deef8b5663872805fcf,12.1.2,0x00491284,0x00490DC4,0x00490B00,DATA,true
01901cbf7196b0c5d0df9540a029520f5df8fd9a6b343deef8b5663872805fcf,12.1.2,0x00491288,0x00490DE5,0x00490B00,DATA,true
01901cbf7196b0c5d0df9540a029520f5df8fd9a6b343deef8b5663872805fcf,12.1.2,0x0049128C,0x00490E05,0x00490B00,DATA,true
01901cbf7196b0c5d0df9540a029520f5df8fd9a6b343deef8b5663872805fcf,12.1.2,0x00491290,0x00490E17,0x00490B00,DATA,true
01901cbf7196b0c5d0df9540a029520f5df8fd9a6b343deef8b5663872805fcf,12.1.2,0x004912A0,0x00490E6D,0x00490B00,DATA,true
01901cbf7196b0c5d0df9540a029520f5df8fd9a6b343deef8b5663872805fcf,12.1.2,0x004912A4,0x00490E79,0x00490B00,DATA,true
01901cbf7196b0c5d0df9540a029520f5df8fd9a6b343deef8b5663872805fcf,12.1.2,0x004912A8,0x00490E85,0x00490B00,DATA,true
01901cbf7196b0c5d0df9540a029520f5df8fd9a6b343deef8b5663872805fcf,12.1.2,0x004912AC,0x00490E91,0x00490B00,DATA,true
01901cbf7196b0c5d0df9540a029520f5df8fd9a6b343deef8b5663872805fcf,12.1.2,0x004912B0,0x00490E9D,0x00490B00,DATA,true
01901cbf7196b0c5d0df9540a029520f5df8fd9a6b343deef8b5663872805fcf,12.1.2,0x004912B4,0x00490EA9,0x00490B00,DATA,true
01901cbf7196b0c5d0df9540a029520f5df8fd9a6b343deef8b5663872805fcf,12.1.2,0x004912B8,0x00490EB5,0x00490B00,DATA,true
01901cbf7196b0c5d0df9540a029520f5df8fd9a6b343deef8b5663872805fcf,12.1.2,0x004912BC,0x00490EC1,0x00490B00,DATA,true
01901cbf7196b0c5d0df9540a029520f5df8fd9a6b343deef8b5663872805fcf,12.1.2,0x004912C0,0x00490ECD,0x00490B00,DATA,true
01901cbf7196b0c5d0df9540a029520f5df8fd9a6b343deef8b5663872805fcf,12.1.2,0x004912C4,0x00490ED9,0x00490B00,DATA,true
01901cbf7196b0c5d0df9540a029520f5df8fd9a6b343deef8b5663872805fcf,12.1.2,0x004912C8,0x00490EE5,0x00490B00,DATA,true
01901cbf7196b0c5d0df9540a029520f5df8fd9a6b343deef8b5663872805fcf,12.1.2,0x004912CC,0x00490FB6,0x00490B00,DATA,true
01901cbf7196b0c5d0df9540a029520f5df8fd9a6b343deef8b5663872805fcf,12.1.2,0x004912D0,0x00490F72,0x00490B00,DATA,true
01901cbf7196b0c5d0df9540a029520f5df8fd9a6b343deef8b5663872805fcf,12.1.2,0x004912D4,0x00490F44,0x00490B00,DATA,true
01901cbf7196b0c5d0df9540a029520f5df8fd9a6b343deef8b5663872805fcf,12.1.2,0x004912D8,0x00490F0A,0x00490B00,DATA,true
01901cbf7196b0c5d0df9540a029520f5df8fd9a6b343deef8b5663872805fcf,12.1.2,0x004912DC,0x00490FA0,0x00490B00,DATA,true
01901cbf7196b0c5d0df9540a029520f5df8fd9a6b343deef8b5663872805fcf,12.1.2,0x004912E0,0x00490FA8,0x00490B00,DATA,true
01901cbf7196b0c5d0df9540a029520f5df8fd9a6b343deef8b5663872805fcf,12.1.2,0x004912E4,0x00490FC4,0x00490B00,DATA,true
01901cbf7196b0c5d0df9540a029520f5df8fd9a6b343deef8b5663872805fcf,12.1.2,0x0049131C,0x00491005,0x00490B00,DATA,true
01901cbf7196b0c5d0df9540a029520f5df8fd9a6b343deef8b5663872805fcf,12.1.2,0x00491320,0x00491014,0x00490B00,DATA,true
01901cbf7196b0c5d0df9540a029520f5df8fd9a6b343deef8b5663872805fcf,12.1.2,0x00491324,0x00491023,0x00490B00,DATA,true
01901cbf7196b0c5d0df9540a029520f5df8fd9a6b343deef8b5663872805fcf,12.1.2,0x00491328,0x0049102F,0x00490B00,DATA,true
01901cbf7196b0c5d0df9540a029520f5df8fd9a6b343deef8b5663872805fcf,12.1.2,0x0049132C,0x0049103B,0x00490B00,DATA,true
01901cbf7196b0c5d0df9540a029520f5df8fd9a6b343deef8b5663872805fcf,12.1.2,0x00491330,0x00491047,0x00490B00,DATA,true
01901cbf7196b0c5d0df9540a029520f5df8fd9a6b343deef8b5663872805fcf,12.1.2,0x00491334,0x00491053,0x00490B00,DATA,true
01901cbf7196b0c5d0df9540a029520f5df8fd9a6b343deef8b5663872805fcf,12.1.2,0x00491338,0x0049105F,0x00490B00,DATA,true
01901cbf7196b0c5d0df9540a029520f5df8fd9a6b343deef8b5663872805fcf,12.1.2,0x0049133C,0x0049106B,0x00490B00,DATA,true
01901cbf7196b0c5d0df9540a029520f5df8fd9a6b343deef8b5663872805fcf,12.1.2,0x00491340,0x00491077,0x00490B00,DATA,true
01901cbf7196b0c5d0df9540a029520f5df8fd9a6b343deef8b5663872805fcf,12.1.2,0x00491344,0x00491083,0x00490B00,DATA,true
01901cbf7196b0c5d0df9540a029520f5df8fd9a6b343deef8b5663872805fcf,12.1.2,0x00491348,0x0049108F,0x00490B00,DATA,true
01901cbf7196b0c5d0df9540a029520f5df8fd9a6b343deef8b5663872805fcf,12.1.2,0x0049134C,0x0049109B,0x00490B00,DATA,true
01901cbf7196b0c5d0df9540a029520f5df8fd9a6b343deef8b5663872805fcf,12.1.2,0x00491350,0x004910DC,0x00490B00,DATA,true
01901cbf7196b0c5d0df9540a029520f5df8fd9a6b343deef8b5663872805fcf,12.1.2,0x00491354,0x004910E8,0x00490B00,DATA,true
01901cbf7196b0c5d0df9540a029520f5df8fd9a6b343deef8b5663872805fcf,12.1.2,0x00491358,0x004910F4,0x00490B00,DATA,true
01901cbf7196b0c5d0df9540a029520f5df8fd9a6b343deef8b5663872805fcf,12.1.2,0x0049135C,0x00491100,0x00490B00,DATA,true
01901cbf7196b0c5d0df9540a029520f5df8fd9a6b343deef8b5663872805fcf,12.1.2,0x00491360,0x0049114D,0x00490B00,DATA,true
01901cbf7196b0c5d0df9540a029520f5df8fd9a6b343deef8b5663872805fcf,12.1.2,0x00491364,0x0049115F,0x00490B00,DATA,true
01901cbf7196b0c5d0df9540a029520f5df8fd9a6b343deef8b5663872805fcf,12.1.2,0x00491368,0x00491171,0x00490B00,DATA,true
01901cbf7196b0c5d0df9540a029520f5df8fd9a6b343deef8b5663872805fcf,12.1.2,0x0049136C,0x0049117D,0x00490B00,DATA,true
01901cbf7196b0c5d0df9540a029520f5df8fd9a6b343deef8b5663872805fcf,12.1.2,0x00491370,0x00491189,0x00490B00,DATA,true
01901cbf7196b0c5d0df9540a029520f5df8fd9a6b343deef8b5663872805fcf,12.1.2,0x00491374,0x00491195,0x00490B00,DATA,true
01901cbf7196b0c5d0df9540a029520f5df8fd9a6b343deef8b5663872805fcf,12.1.2,0x00491378,0x004911A1,0x00490B00,DATA,true
01901cbf7196b0c5d0df9540a029520f5df8fd9a6b343deef8b5663872805fcf,12.1.2,0x0049137C,0x004911AD,0x00490B00,DATA,true
01901cbf7196b0c5d0df9540a029520f5df8fd9a6b343deef8b5663872805fcf,12.1.2,0x004913E8,0x00491395,0x00491380,DATA,true
01901cbf7196b0c5d0df9540a029520f5df8fd9a6b343deef8b5663872805fcf,12.1.2,0x004913EC,0x004913A7,0x00491380,DATA,true
01901cbf7196b0c5d0df9540a029520f5df8fd9a6b343deef8b5663872805fcf,12.1.2,0x004913F0,0x004913BB,0x00491380,DATA,true
01901cbf7196b0c5d0df9540a029520f5df8fd9a6b343deef8b5663872805fcf,12.1.2,0x004913F4,0x004913CF,0x00491380,DATA,true
01901cbf7196b0c5d0df9540a029520f5df8fd9a6b343deef8b5663872805fcf,12.1.2,0x00491794,0x0049145C,0x00491400,DATA,true
01901cbf7196b0c5d0df9540a029520f5df8fd9a6b343deef8b5663872805fcf,12.1.2,0x00491798,0x004914FB,0x00491400,DATA,true
01901cbf7196b0c5d0df9540a029520f5df8fd9a6b343deef8b5663872805fcf,12.1.2,0x0049179C,0x004914EF,0x00491400,DATA,true
01901cbf7196b0c5d0df9540a029520f5df8fd9a6b343deef8b5663872805fcf,12.1.2,0x004917A0,0x004914E9,0x00491400,DATA,true
01901cbf7196b0c5d0df9540a029520f5df8fd9a6b343deef8b5663872805fcf,12.1.2,0x004917A4,0x004914B0,0x00491400,DATA,true
01901cbf7196b0c5d0df9540a029520f5df8fd9a6b343deef8b5663872805fcf,12.1.2,0x004917A8,0x004915FF,0x00491400,DATA,true
01901cbf7196b0c5d0df9540a029520f5df8fd9a6b343deef8b5663872805fcf,12.1.2,0x004919E0,0x0049199D,0x004918C0,DATA,true
01901cbf7196b0c5d0df9540a029520f5df8fd9a6b343deef8b5663872805fcf,12.1.2,0x004919E4,0x0049191C,0x004918C0,DATA,true
01901cbf7196b0c5d0df9540a029520f5df8fd9a6b343deef8b5663872805fcf,12.1.2,0x004919E8,0x004918DC,0x004918C0,DATA,true
01901cbf7196b0c5d0df9540a029520f5df8fd9a6b343deef8b5663872805fcf,12.1.2,0x004919EC,0x0049195D,0x004918C0,DATA,true
01901cbf7196b0c5d0df9540a029520f5df8fd9a6b343deef8b5663872805fcf,12.1.2,0x00491BEC,0x00491B54,0x004919F0,DATA,true
01901cbf7196b0c5d0df9540a029520f5df8fd9a6b343deef8b5663872805fcf,12.1.2,0x00491BF0,0x00491A68,0x004919F0,DATA,true
01901cbf7196b0c5d0df9540a029520f5df8fd9a6b343deef8b5663872805fcf,12.1.2,0x00491BF4,0x00491A0E,0x004919F0,DATA,true
01901cbf7196b0c5d0df9540a029520f5df8fd9a6b343deef8b5663872805fcf,12.1.2,0x00491BF8,0x00491AC3,0x004919F0,DATA,true
01901cbf7196b0c5d0df9540a029520f5df8fd9a6b343deef8b5663872805fcf,12.1.2,0x00493A70,0x004934BF,0x00492FA0,DATA,true
01901cbf7196b0c5d0df9540a029520f5df8fd9a6b343deef8b5663872805fcf,12.1.2,0x00493A74,0x004934CA,0x00492FA0,DATA,true
01901cbf7196b0c5d0df9540a029520f5df8fd9a6b343deef8b5663872805fcf,12.1.2,0x00493A78,0x004934CA,0x00492FA0,DATA,true
01901cbf7196b0c5d0df9540a029520f5df8fd9a6b343deef8b5663872805fcf,12.1.2,0x00493A7C,0x004934CA,0x00492FA0,DATA,true
01901cbf7196b0c5d0df9540a029520f5df8fd9a6b343deef8b5663872805fcf,12.1.2,0x00493A80,0x004934BF,0x00492FA0,DATA,true
01901cbf7196b0c5d0df9540a029520f5df8fd9a6b343deef8b5663872805fcf,12.1.2,0x00493A84,0x004934BF,0x00492FA0,DATA,true
01901cbf7196b0c5d0df9540a029520f5df8fd9a6b343deef8b5663872805fcf,12.1.2,0x00493A88,0x004934C3,0x00492FA0,DATA,true
01901cbf7196b0c5d0df9540a029520f5df8fd9a6b343deef8b5663872805fcf,12.1.2,0x00493A8C,0x004934C3,0x00492FA0,DATA,true
01901cbf7196b0c5d0df9540a029520f5df8fd9a6b343deef8b5663872805fcf,12.1.2,0x00493A90,0x0049349E,0x00492FA0,DATA,true
01901cbf7196b0c5d0df9540a029520f5df8fd9a6b343deef8b5663872805fcf,12.1.2,0x00493A94,0x004938AA,0x00492FA0,DATA,true
01901cbf7196b0c5d0df9540a029520f5df8fd9a6b343deef8b5663872805fcf,12.1.2,0x00493A98,0x004938A3,0x00492FA0,DATA,true
01901cbf7196b0c5d0df9540a029520f5df8fd9a6b343deef8b5663872805fcf,12.1.2,0x00493A9C,0x00493885,0x00492FA0,DATA,true
01901cbf7196b0c5d0df9540a029520f5df8fd9a6b343deef8b5663872805fcf,12.1.2,0x00493AA0,0x004938AE,0x00492FA0,DATA,true
01901cbf7196b0c5d0df9540a029520f5df8fd9a6b343deef8b5663872805fcf,12.1.2,0x00493B4C,0x00493B32,0x00493AF0,DATA,true
01901cbf7196b0c5d0df9540a029520f5df8fd9a6b343deef8b5663872805fcf,12.1.2,0x00493B50,0x00493B41,0x00493AF0,DATA,true
01901cbf7196b0c5d0df9540a029520f5df8fd9a6b343deef8b5663872805fcf,12.1.2,0x00493B54,0x00493B41,0x00493AF0,DATA,true
01901cbf7196b0c5d0df9540a029520f5df8fd9a6b343deef8b5663872805fcf,12.1.2,0x00493B58,0x00493B41,0x00493AF0,DATA,true
01901cbf7196b0c5d0df9540a029520f5df8fd9a6b343deef8b5663872805fcf,12.1.2,0x00493B5C,0x00493B32,0x00493AF0,DATA,true
01901cbf7196b0c5d0df9540a029520f5df8fd9a6b343deef8b5663872805fcf,12.1.2,0x00493B60,0x00493B32,0x00493AF0,DATA,true
01901cbf7196b0c5d0df9540a029520f5df8fd9a6b343deef8b5663872805fcf,12.1.2,0x00493B64,0x00493B38,0x00493AF0,DATA,true
01901cbf7196b0c5d0df9540a029520f5df8fd9a6b343deef8b5663872805fcf,12.1.2,0x00493B68,0x00493B38,0x00493AF0,DATA,true
01901cbf7196b0c5d0df9540a029520f5df8fd9a6b343deef8b5663872805fcf,12.1.2,0x00493B6C,0x00493B0B,0x00493AF0,DATA,true
01901cbf7196b0c5d0df9540a029520f5df8fd9a6b343deef8b5663872805fcf,12.1.2,0x00493BB4,0x00493BA4,0x00493B70,DATA,true
01901cbf7196b0c5d0df9540a029520f5df8fd9a6b343deef8b5663872805fcf,12.1.2,0x00493BB8,0x00493B9B,0x00493B70,DATA,true
01901cbf7196b0c5d0df9540a029520f5df8fd9a6b343deef8b5663872805fcf,12.1.2,0x00493BBC,0x00493B7B,0x00493B70,DATA,true
01901cbf7196b0c5d0df9540a029520f5df8fd9a6b343deef8b5663872805fcf,12.1.2,0x00493BC0,0x00493BAA,0x00493B70,DATA,true
01901cbf7196b0c5d0df9540a029520f5df8fd9a6b343deef8b5663872805fcf,12.1.2,0x004941A0,0x004940EF,0x00493EA0,DATA,true
01901cbf7196b0c5d0df9540a029520f5df8fd9a6b343deef8b5663872805fcf,12.1.2,0x004941A4,0x00494114,0x00493EA0,DATA,true
01901cbf7196b0c5d0df9540a029520f5df8fd9a6b343deef8b5663872805fcf,12.1.2,0x004941A8,0x00494122,0x00493EA0,DATA,true
01901cbf7196b0c5d0df9540a029520f5df8fd9a6b343deef8b5663872805fcf,12.1.2,0x004941AC,0x00494160,0x00493EA0,DATA,true
01901cbf7196b0c5d0df9540a029520f5df8fd9a6b343deef8b5663872805fcf,12.1.2,0x004941B0,0x0049416E,0x00493EA0,DATA,true
01901cbf7196b0c5d0df9540a029520f5df8fd9a6b343deef8b5663872805fcf,12.1.2,0x00494548,0x00494485,0x00494280,DATA,true
01901cbf7196b0c5d0df9540a029520f5df8fd9a6b343deef8b5663872805fcf,12.1.2,0x0049454C,0x004944A9,0x00494280,DATA,true
01901cbf7196b0c5d0df9540a029520f5df8fd9a6b343deef8b5663872805fcf,12.1.2,0x00494550,0x0049441C,0x00494280,DATA,true
01901cbf7196b0c5d0df9540a029520f5df8fd9a6b343deef8b5663872805fcf,12.1.2,0x00494554,0x00494468,0x00494280,DATA,true
01901cbf7196b0c5d0df9540a029520f5df8fd9a6b343deef8b5663872805fcf,12.1.2,0x00494558,0x00494398,0x00494280,DATA,true
01901cbf7196b0c5d0df9540a029520f5df8fd9a6b343deef8b5663872805fcf,12.1.2,0x0049455C,0x004942B6,0x00494280,DATA,true
01901cbf7196b0c5d0df9540a029520f5df8fd9a6b343deef8b5663872805fcf,12.1.2,0x00494560,0x004943D9,0x00494280,DATA,true
01901cbf7196b0c5d0df9540a029520f5df8fd9a6b343deef8b5663872805fcf,12.1.2,0x00494564,0x00494308,0x00494280,DATA,true
01901cbf7196b0c5d0df9540a029520f5df8fd9a6b343deef8b5663872805fcf,12.1.2,0x00494568,0x004944E6,0x00494280,DATA,true
01901cbf7196b0c5d0df9540a029520f5df8fd9a6b343deef8b5663872805fcf,12.1.2,0x004946A4,0x0049468F,0x004945D0,DATA,true
01901cbf7196b0c5d0df9540a029520f5df8fd9a6b343deef8b5663872805fcf,12.1.2,0x004946A8,0x00494683,0x004945D0,DATA,true
01901cbf7196b0c5d0df9540a029520f5df8fd9a6b343deef8b5663872805fcf,12.1.2,0x004946AC,0x004945EC,0x004945D0,DATA,true
01901cbf7196b0c5d0df9540a029520f5df8fd9a6b343deef8b5663872805fcf,12.1.2,0x004946B0,0x00494600,0x004945D0,DATA,true
01901cbf7196b0c5d0df9540a029520f5df8fd9a6b343deef8b5663872805fcf,12.1.2,0x004946B4,0x00494618,0x004945D0,DATA,true
01901cbf7196b0c5d0df9540a029520f5df8fd9a6b343deef8b5663872805fcf,12.1.2,0x004946B8,0x0049460C,0x004945D0,DATA,true
01901cbf7196b0c5d0df9540a029520f5df8fd9a6b343deef8b5663872805fcf,12.1.2,0x004946BC,0x00494657,0x004945D0,DATA,true
01901cbf7196b0c5d0df9540a029520f5df8fd9a6b343deef8b5663872805fcf,12.1.2,0x004946C0,0x00494663,0x004945D0,DATA,true
01901cbf7196b0c5d0df9540a029520f5df8fd9a6b343deef8b5663872805fcf,12.1.2,0x004946C4,0x00494677,0x004945D0,DATA,true
01901cbf7196b0c5d0df9540a029520f5df8fd9a6b343deef8b5663872805fcf,12.1.2,0x004946C8,0x00494620,0x004945D0,DATA,true
01901cbf7196b0c5d0df9540a029520f5df8fd9a6b343deef8b5663872805fcf,12.1.2,0x00496DE4,0x00496DCF,0x00496D00,DATA,true
01901cbf7196b0c5d0df9540a029520f5df8fd9a6b343deef8b5663872805fcf,12.1.2,0x00496DE8,0x00496DD6,0x00496D00,DATA,true
01901cbf7196b0c5d0df9540a029520f5df8fd9a6b343deef8b5663872805fcf,12.1.2,0x00496DEC,0x00496D3C,0x00496D00,DATA,true
01901cbf7196b0c5d0df9540a029520f5df8fd9a6b343deef8b5663872805fcf,12.1.2,0x00496DF0,0x00496D51,0x00496D00,DATA,true
01901cbf7196b0c5d0df9540a029520f5df8fd9a6b343deef8b5663872805fcf,12.1.2,0x00496DF4,0x00496D66,0x00496D00,DATA,true
01901cbf7196b0c5d0df9540a029520f5df8fd9a6b343deef8b5663872805fcf,12.1.2,0x00496DF8,0x00496D7B,0x00496D00,DATA,true
01901cbf7196b0c5d0df9540a029520f5df8fd9a6b343deef8b5663872805fcf,12.1.2,0x00496DFC,0x00496D90,0x00496D00,DATA,true
01901cbf7196b0c5d0df9540a029520f5df8fd9a6b343deef8b5663872805fcf,12.1.2,0x00496E00,0x00496DA5,0x00496D00,DATA,true
01901cbf7196b0c5d0df9540a029520f5df8fd9a6b343deef8b5663872805fcf,12.1.2,0x00496E04,0x00496DBA,0x00496D00,DATA,true
01901cbf7196b0c5d0df9540a029520f5df8fd9a6b343deef8b5663872805fcf,12.1.2,0x00497A30,0x00496E96,0x00496E10,DATA,true
01901cbf7196b0c5d0df9540a029520f5df8fd9a6b343deef8b5663872805fcf,12.1.2,0x00497A34,0x00497A27,0x00496E10,DATA,true
01901cbf7196b0c5d0df9540a029520f5df8fd9a6b343deef8b5663872805fcf,12.1.2,0x00497A38,0x00496F8B,0x00496E10,DATA,true
01901cbf7196b0c5d0df9540a029520f5df8fd9a6b343deef8b5663872805fcf,12.1.2,0x00497A3C,0x00497515,0x00496E10,DATA,true
01901cbf7196b0c5d0df9540a029520f5df8fd9a6b343deef8b5663872805fcf,12.1.2,0x00497A40,0x00497A27,0x00496E10,DATA,true
01901cbf7196b0c5d0df9540a029520f5df8fd9a6b343deef8b5663872805fcf,12.1.2,0x00497A44,0x004975BA,0x00496E10,DATA,true
01901cbf7196b0c5d0df9540a029520f5df8fd9a6b343deef8b5663872805fcf,12.1.2,0x00497A48,0x00497092,0x00496E10,DATA,true
01901cbf7196b0c5d0df9540a029520f5df8fd9a6b343deef8b5663872805fcf,12.1.2,0x00497A4C,0x004970A2,0x00496E10,DATA,true
01901cbf7196b0c5d0df9540a029520f5df8fd9a6b343deef8b5663872805fcf,12.1.2,0x00497A50,0x004970B2,0x00496E10,DATA,true
01901cbf7196b0c5d0df9540a029520f5df8fd9a6b343deef8b5663872805fcf,12.1.2,0x00497A54,0x004970C2,0x00496E10,DATA,true
01901cbf7196b0c5d0df9540a029520f5df8fd9a6b343deef8b5663872805fcf,12.1.2,0x00497E6C,0x00497D64,0x00497AC0,DATA,true
01901cbf7196b0c5d0df9540a029520f5df8fd9a6b343deef8b5663872805fcf,12.1.2,0x00497E70,0x00497D76,0x00497AC0,DATA,true
01901cbf7196b0c5d0df9540a029520f5df8fd9a6b343deef8b5663872805fcf,12.1.2,0x00497E74,0x00497D9D,0x00497AC0,DATA,true
01901cbf7196b0c5d0df9540a029520f5df8fd9a6b343deef8b5663872805fcf,12.1.2,0x00497E78,0x00497DAC,0x00497AC0,DATA,true
01901cbf7196b0c5d0df9540a029520f5df8fd9a6b343deef8b5663872805fcf,12.1.2,0x00497E7C,0x00497DBD,0x00497AC0,DATA,true
01901cbf7196b0c5d0df9540a029520f5df8fd9a6b343deef8b5663872805fcf,12.1.2,0x00497E80,0x00497DCE,0x00497AC0,DATA,true
01901cbf7196b0c5d0df9540a029520f5df8fd9a6b343deef8b5663872805fcf,12.1.2,0x00497E84,0x00497DDF,0x00497AC0,DATA,true
01901cbf7196b0c5d0df9540a029520f5df8fd9a6b343deef8b5663872805fcf,12.1.2,0x00497E88,0x00497DF0,0x00497AC0,DATA,true
01901cbf7196b0c5d0df9540a029520f5df8fd9a6b343deef8b5663872805fcf,12.1.2,0x00497E8C,0x00497DFE,0x00497AC0,DATA,true
01901cbf7196b0c5d0df9540a029520f5df8fd9a6b343deef8b5663872805fcf,12.1.2,0x00497E90,0x00497E0C,0x00497AC0,DATA,true
01901cbf7196b0c5d0df9540a029520f5df8fd9a6b343deef8b5663872805fcf,12.1.2,0x00497E94,0x00497E3B,0x00497AC0,DATA,true
01901cbf7196b0c5d0df9540a029520f5df8fd9a6b343deef8b5663872805fcf,12.1.2,0x004981D8,0x004981C9,0x00498180,DATA,true
01901cbf7196b0c5d0df9540a029520f5df8fd9a6b343deef8b5663872805fcf,12.1.2,0x004981DC,0x004981D3,0x00498180,DATA,true
01901cbf7196b0c5d0df9540a029520f5df8fd9a6b343deef8b5663872805fcf,12.1.2,0x004981E0,0x004981C9,0x00498180,DATA,true
01901cbf7196b0c5d0df9540a029520f5df8fd9a6b343deef8b5663872805fcf,12.1.2,0x004981E4,0x004981BA,0x00498180,DATA,true
01901cbf7196b0c5d0df9540a029520f5df8fd9a6b343deef8b5663872805fcf,12.1.2,0x004981E8,0x004981C9,0x00498180,DATA,true
01901cbf7196b0c5d0df9540a029520f5df8fd9a6b343deef8b5663872805fcf,12.1.2,0x004981EC,0x004981A0,0x00498180,DATA,true
01901cbf7196b0c5d0df9540a029520f5df8fd9a6b343deef8b5663872805fcf,12.1.2,0x004981F0,0x004981BA,0x00498180,DATA,true
01901cbf7196b0c5d0df9540a029520f5df8fd9a6b343deef8b5663872805fcf,12.1.2,0x004981F4,0x004981C9,0x00498180,DATA,true
01901cbf7196b0c5d0df9540a029520f5df8fd9a6b343deef8b5663872805fcf,12.1.2,0x004981F8,0x004981BA,0x00498180,DATA,true
01901cbf7196b0c5d0df9540a029520f5df8fd9a6b343deef8b5663872805fcf,12.1.2,0x00498258,0x00498249,0x00498200,DATA,true
01901cbf7196b0c5d0df9540a029520f5df8fd9a6b343deef8b5663872805fcf,12.1.2,0x0049825C,0x00498253,0x00498200,DATA,true
01901cbf7196b0c5d0df9540a029520f5df8fd9a6b343deef8b5663872805fcf,12.1.2,0x00498260,0x00498249,0x00498200,DATA,true
01901cbf7196b0c5d0df9540a029520f5df8fd9a6b343deef8b5663872805fcf,12.1.2,0x00498264,0x0049823A,0x00498200,DATA,true
01901cbf7196b0c5d0df9540a029520f5df8fd9a6b343deef8b5663872805fcf,12.1.2,0x00498268,0x00498249,0x00498200,DATA,true
01901cbf7196b0c5d0df9540a029520f5df8fd9a6b343deef8b5663872805fcf,12.1.2,0x0049826C,0x00498220,0x00498200,DATA,true
01901cbf7196b0c5d0df9540a029520f5df8fd9a6b343deef8b5663872805fcf,12.1.2,0x00498270,0x0049823A,0x00498200,DATA,true
01901cbf7196b0c5d0df9540a029520f5df8fd9a6b343deef8b5663872805fcf,12.1.2,0x00498274,0x00498249,0x00498200,DATA,true
01901cbf7196b0c5d0df9540a029520f5df8fd9a6b343deef8b5663872805fcf,12.1.2,0x00498278,0x0049823A,0x00498200,DATA,true
01901cbf7196b0c5d0df9540a029520f5df8fd9a6b343deef8b5663872805fcf,12.1.2,0x00498694,0x004985AD,0x00498280,DATA,true
01901cbf7196b0c5d0df9540a029520f5df8fd9a6b343deef8b5663872805fcf,12.1.2,0x00498698,0x004985D7,0x00498280,DATA,true
01901cbf7196b0c5d0df9540a029520f5df8fd9a6b343deef8b5663872805fcf,12.1.2,0x0049869C,0x0049861C,0x00498280,DATA,true
01901cbf7196b0c5d0df9540a029520f5df8fd9a6b343deef8b5663872805fcf,12.1.2,0x004986A0,0x00498604,0x00498280,DATA,true
01901cbf7196b0c5d0df9540a029520f5df8fd9a6b343deef8b5663872805fcf,12.1.2,0x004986A4,0x00498477,0x00498280,DATA,true
01901cbf7196b0c5d0df9540a029520f5df8fd9a6b343deef8b5663872805fcf,12.1.2,0x004986A8,0x0049854B,0x00498280,DATA,true
01901cbf7196b0c5d0df9540a029520f5df8fd9a6b343deef8b5663872805fcf,12.1.2,0x004986AC,0x00498482,0x00498280,DATA,true
01901cbf7196b0c5d0df9540a029520f5df8fd9a6b343deef8b5663872805fcf,12.1.2,0x004986B0,0x0049858A,0x00498280,DATA,true
01901cbf7196b0c5d0df9540a029520f5df8fd9a6b343deef8b5663872805fcf,12.1.2,0x004986B4,0x004984AF,0x00498280,DATA,true
01901cbf7196b0c5d0df9540a029520f5df8fd9a6b343deef8b5663872805fcf,12.1.2,0x004986B8,0x004982DE,0x00498280,DATA,true
01901cbf7196b0c5d0df9540a029520f5df8fd9a6b343deef8b5663872805fcf,12.1.2,0x004986BC,0x00498321,0x00498280,DATA,true
01901cbf7196b0c5d0df9540a029520f5df8fd9a6b343deef8b5663872805fcf,12.1.2,0x004986C0,0x00498364,0x00498280,DATA,true
01901cbf7196b0c5d0df9540a029520f5df8fd9a6b343deef8b5663872805fcf,12.1.2,0x004986C4,0x004983A5,0x00498280,DATA,true
01901cbf7196b0c5d0df9540a029520f5df8fd9a6b343deef8b5663872805fcf,12.1.2,0x004986C8,0x004984ED,0x00498280,DATA,true
01901cbf7196b0c5d0df9540a029520f5df8fd9a6b343deef8b5663872805fcf,12.1.2,0x004986CC,0x00498432,0x00498280,DATA,true
01901cbf7196b0c5d0df9540a029520f5df8fd9a6b343deef8b5663872805fcf,12.1.2,0x004989A8,0x0049884F,0x004986D0,DATA,true
01901cbf7196b0c5d0df9540a029520f5df8fd9a6b343deef8b5663872805fcf,12.1.2,0x004989AC,0x0049899F,0x004986D0,DATA,true
01901cbf7196b0c5d0df9540a029520f5df8fd9a6b343deef8b5663872805fcf,12.1.2,0x004989B0,0x0049874C,0x004986D0,DATA,true
01901cbf7196b0c5d0df9540a029520f5df8fd9a6b343deef8b5663872805fcf,12.1.2,0x004989B4,0x00498774,0x004986D0,DATA,true
01901cbf7196b0c5d0df9540a029520f5df8fd9a6b343deef8b5663872805fcf,12.1.2,0x004989B8,0x0049878B,0x004986D0,DATA,true
01901cbf7196b0c5d0df9540a029520f5df8fd9a6b343deef8b5663872805fcf,12.1.2,0x004989BC,0x004987A2,0x004986D0,DATA,true
01901cbf7196b0c5d0df9540a029520f5df8fd9a6b343deef8b5663872805fcf,12.1.2,0x004989C0,0x00498806,0x004986D0,DATA,true
01901cbf7196b0c5d0df9540a029520f5df8fd9a6b343deef8b5663872805fcf,12.1.2,0x004989C4,0x00498821,0x004986D0,DATA,true
01901cbf7196b0c5d0df9540a029520f5df8fd9a6b343deef8b5663872805fcf,12.1.2,0x004989C8,0x00498838,0x004986D0,DATA,true
01901cbf7196b0c5d0df9540a029520f5df8fd9a6b343deef8b5663872805fcf,12.1.2,0x004989CC,0x00498894,0x004986D0,DATA,true
01901cbf7196b0c5d0df9540a029520f5df8fd9a6b343deef8b5663872805fcf,12.1.2,0x004989D0,0x004988A9,0x004986D0,DATA,true
01901cbf7196b0c5d0df9540a029520f5df8fd9a6b343deef8b5663872805fcf,12.1.2,0x004989D4,0x004988BE,0x004986D0,DATA,true
01901cbf7196b0c5d0df9540a029520f5df8fd9a6b343deef8b5663872805fcf,12.1.2,0x004989D8,0x004988BE,0x004986D0,DATA,true
01901cbf7196b0c5d0df9540a029520f5df8fd9a6b343deef8b5663872805fcf,12.1.2,0x004989DC,0x004988BE,0x004986D0,DATA,true
01901cbf7196b0c5d0df9540a029520f5df8fd9a6b343deef8b5663872805fcf,12.1.2,0x004989E0,0x004988BE,0x004986D0,DATA,true
01901cbf7196b0c5d0df9540a029520f5df8fd9a6b343deef8b5663872805fcf,12.1.2,0x00498B08,0x00498AEE,0x004989F0,DATA,true
01901cbf7196b0c5d0df9540a029520f5df8fd9a6b343deef8b5663872805fcf,12.1.2,0x00498B0C,0x00498AF8,0x004989F0,DATA,true
01901cbf7196b0c5d0df9540a029520f5df8fd9a6b343deef8b5663872805fcf,12.1.2,0x00498B10,0x00498A46,0x004989F0,DATA,true
01901cbf7196b0c5d0df9540a029520f5df8fd9a6b343deef8b5663872805fcf,12.1.2,0x00498B14,0x00498A5E,0x004989F0,DATA,true
01901cbf7196b0c5d0df9540a029520f5df8fd9a6b343deef8b5663872805fcf,12.1.2,0x00498B18,0x00498A76,0x004989F0,DATA,true
01901cbf7196b0c5d0df9540a029520f5df8fd9a6b343deef8b5663872805fcf,12.1.2,0x00498B1C,0x00498A8E,0x004989F0,DATA,true
01901cbf7196b0c5d0df9540a029520f5df8fd9a6b343deef8b5663872805fcf,12.1.2,0x00498B20,0x00498AA6,0x004989F0,DATA,true
01901cbf7196b0c5d0df9540a029520f5df8fd9a6b343deef8b5663872805fcf,12.1.2,0x00498B24,0x00498ABE,0x004989F0,DATA,true
01901cbf7196b0c5d0df9540a029520f5df8fd9a6b343deef8b5663872805fcf,12.1.2,0x00498B28,0x00498AD6,0x004989F0,DATA,true
01901cbf7196b0c5d0df9540a029520f5df8fd9a6b343deef8b5663872805fcf,12.1.2,0x0049B1DC,0x004991A0,0x00498B30,DATA,true
01901cbf7196b0c5d0df9540a029520f5df8fd9a6b343deef8b5663872805fcf,12.1.2,0x0049B1E0,0x004991A7,0x00498B30,DATA,true
01901cbf7196b0c5d0df9540a029520f5df8fd9a6b343deef8b5663872805fcf,12.1.2,0x0049B1E4,0x004991B2,0x00498B30,DATA,true
01901cbf7196b0c5d0df9540a029520f5df8fd9a6b343deef8b5663872805fcf,12.1.2,0x0049B1E8,0x004991BD,0x00498B30,DATA,true
01901cbf7196b0c5d0df9540a029520f5df8fd9a6b343deef8b5663872805fcf,12.1.2,0x0049B1EC,0x0049922B,0x00498B30,DATA,true
01901cbf7196b0c5d0df9540a029520f5df8fd9a6b343deef8b5663872805fcf,12.1.2,0x0049B1F0,0x00499232,0x00498B30,DATA,true
01901cbf7196b0c5d0df9540a029520f5df8fd9a6b343deef8b5663872805fcf,12.1.2,0x0049B1F4,0x0049923D,0x00498B30,DATA,true
01901cbf7196b0c5d0df9540a029520f5df8fd9a6b343deef8b5663872805fcf,12.1.2,0x0049B1F8,0x00499248,0x00498B30,DATA,true
01901cbf7196b0c5d0df9540a029520f5df8fd9a6b343deef8b5663872805fcf,12.1.2,0x0049B1FC,0x00499300,0x00498B30,DATA,true
01901cbf7196b0c5d0df9540a029520f5df8fd9a6b343deef8b5663872805fcf,12.1.2,0x0049B200,0x00499307,0x00498B30,DATA,true
01901cbf7196b0c5d0df9540a029520f5df8fd9a6b343deef8b5663872805fcf,12.1.2,0x0049B204,0x00499312,0x00498B30,DATA,true
01901cbf7196b0c5d0df9540a029520f5df8fd9a6b343deef8b5663872805fcf,12.1.2,0x0049B208,0x0049931D,0x00498B30,DATA,true
01901cbf7196b0c5d0df9540a029520f5df8fd9a6b343deef8b5663872805fcf,12.1.2,0x0049B20C,0x004993C4,0x00498B30,DATA,true
01901cbf7196b0c5d0df9540a029520f5df8fd9a6b343deef8b5663872805fcf,12.1.2,0x0049B210,0x004993CB,0x00498B30,DATA,true
01901cbf7196b0c5d0df9540a029520f5df8fd9a6b343deef8b5663872805fcf,12.1.2,0x0049B214,0x004993D6,0x00498B30,DATA,true
01901cbf7196b0c5d0df9540a029520f5df8fd9a6b343deef8b5663872805fcf,12.1.2,0x0049B218,0x004993E1,0x00498B30,DATA,true
01901cbf7196b0c5d0df9540a029520f5df8fd9a6b343deef8b5663872805fcf,12.1.2,0x0049EAEC,0x0049D889,0x0049D540,DATA,true
01901cbf7196b0c5d0df9540a029520f5df8fd9a6b343deef8b5663872805fcf,12.1.2,0x0049EAF0,0x0049D897,0x0049D540,DATA,true
01901cbf7196b0c5d0df9540a029520f5df8fd9a6b343deef8b5663872805fcf,12.1.2,0x0049EAF4,0x0049D8A4,0x0049D540,DATA,true
01901cbf7196b0c5d0df9540a029520f5df8fd9a6b343deef8b5663872805fcf,12.1.2,0x0049EAF8,0x0049D8B2,0x0049D540,DATA,true
01901cbf7196b0c5d0df9540a029520f5df8fd9a6b343deef8b5663872805fcf,12.1.2,0x0049EAFC,0x0049D8C0,0x0049D540,DATA,true
01901cbf7196b0c5d0df9540a029520f5df8fd9a6b343deef8b5663872805fcf,12.1.2,0x0049EB00,0x0049D8CD,0x0049D540,DATA,true
01901cbf7196b0c5d0df9540a029520f5df8fd9a6b343deef8b5663872805fcf,12.1.2,0x0049EB04,0x0049D8DB,0x0049D540,DATA,true
01901cbf7196b0c5d0df9540a029520f5df8fd9a6b343deef8b5663872805fcf,12.1.2,0x0049EB08,0x0049D8E9,0x0049D540,DATA,true
01901cbf7196b0c5d0df9540a029520f5df8fd9a6b343deef8b5663872805fcf,12.1.2,0x0049FE20,0x0049F75F,0x0049F350,DATA,true
01901cbf7196b0c5d0df9540a029520f5df8fd9a6b343deef8b5663872805fcf,12.1.2,0x0049FE24,0x0049F76C,0x0049F350,DATA,true
01901cbf7196b0c5d0df9540a029520f5df8fd9a6b343deef8b5663872805fcf,12.1.2,0x0049FE28,0x0049F779,0x0049F350,DATA,true
01901cbf7196b0c5d0df9540a029520f5df8fd9a6b343deef8b5663872805fcf,12.1.2,0x0049FE2C,0x0049F783,0x0049F350,DATA,true
01901cbf7196b0c5d0df9540a029520f5df8fd9a6b343deef8b5663872805fcf,12.1.2,0x0049FE30,0x0049F790,0x0049F350,DATA,true
01901cbf7196b0c5d0df9540a029520f5df8fd9a6b343deef8b5663872805fcf,12.1.2,0x004A3CD4,0x004A399E,0x004A3950,DATA,true
01901cbf7196b0c5d0df9540a029520f5df8fd9a6b343deef8b5663872805fcf,12.1.2,0x004A3CD8,0x004A39B4,0x004A3950,DATA,true
01901cbf7196b0c5d0df9540a029520f5df8fd9a6b343deef8b5663872805fcf,12.1.2,0x004A3CDC,0x004A3969,0x004A3950,DATA,true
01901cbf7196b0c5d0df9540a029520f5df8fd9a6b343deef8b5663872805fcf,12.1.2,0x004A3CE0,0x004A3994,0x004A3950,DATA,true
01901cbf7196b0c5d0df9540a029520f5df8fd9a6b343deef8b5663872805fcf,12.1.2,0x004A3CE4,0x004A3AC2,0x004A3950,DATA,true
01901cbf7196b0c5d0df9540a029520f5df8fd9a6b343deef8b5663872805fcf,12.1.2,0x004A3CE8,0x004A3ACE,0x004A3950,DATA,true
01901cbf7196b0c5d0df9540a029520f5df8fd9a6b343deef8b5663872805fcf,12.1.2,0x004A3CEC,0x004A3B0C,0x004A3950,DATA,true
01901cbf7196b0c5d0df9540a029520f5df8fd9a6b343deef8b5663872805fcf,12.1.2,0x004A3CF0,0x004A3B18,0x004A3950,DATA,true
01901cbf7196b0c5d0df9540a029520f5df8fd9a6b343deef8b5663872805fcf,12.1.2,0x004A3CF4,0x004A39B4,0x004A3950,DATA,true
01901cbf7196b0c5d0df9540a029520f5df8fd9a6b343deef8b5663872805fcf,12.1.2,0x004A3CF8,0x004A3C7D,0x004A3950,DATA,true
01901cbf7196b0c5d0df9540a029520f5df8fd9a6b343deef8b5663872805fcf,12.1.2,0x004A3CFC,0x004A3C84,0x004A3950,DATA,true
01901cbf7196b0c5d0df9540a029520f5df8fd9a6b343deef8b5663872805fcf,12.1.2,0x004A3D00,0x004A3C3E,0x004A3950,DATA,true
01901cbf7196b0c5d0df9540a029520f5df8fd9a6b343deef8b5663872805fcf,12.1.2,0x004A3D04,0x004A3C47,0x004A3950,DATA,true
01901cbf7196b0c5d0df9540a029520f5df8fd9a6b343deef8b5663872805fcf,12.1.2,0x004A3D08,0x004A3C50,0x004A3950,DATA,true
01901cbf7196b0c5d0df9540a029520f5df8fd9a6b343deef8b5663872805fcf,12.1.2,0x004A3D0C,0x004A3C59,0x004A3950,DATA,true
01901cbf7196b0c5d0df9540a029520f5df8fd9a6b343deef8b5663872805fcf,12.1.2,0x004A3D10,0x004A3C62,0x004A3950,DATA,true
01901cbf7196b0c5d0df9540a029520f5df8fd9a6b343deef8b5663872805fcf,12.1.2,0x004A3D14,0x004A3C6B,0x004A3950,DATA,true
01901cbf7196b0c5d0df9540a029520f5df8fd9a6b343deef8b5663872805fcf,12.1.2,0x004A3D18,0x004A3C74,0x004A3950,DATA,true
01901cbf7196b0c5d0df9540a029520f5df8fd9a6b343deef8b5663872805fcf,12.1.2,0x004A4020,0x004A4016,0x004A3FC0,DATA,true
01901cbf7196b0c5d0df9540a029520f5df8fd9a6b343deef8b5663872805fcf,12.1.2,0x004A4024,0x004A401D,0x004A3FC0,DATA,true
01901cbf7196b0c5d0df9540a029520f5df8fd9a6b343deef8b5663872805fcf,12.1.2,0x004A4028,0x004A3FD7,0x004A3FC0,DATA,true
01901cbf7196b0c5d0df9540a029520f5df8fd9a6b343deef8b5663872805fcf,12.1.2,0x004A402C,0x004A3FE0,0x004A3FC0,DATA,true
01901cbf7196b0c5d0df9540a029520f5df8fd9a6b343deef8b5663872805fcf,12.1.2,0x004A4030,0x004A3FE9,0x004A3FC0,DATA,true
01901cbf7196b0c5d0df9540a029520f5df8fd9a6b343deef8b5663872805fcf,12.1.2,0x004A4034,0x004A3FF2,0x004A3FC0,DATA,true
01901cbf7196b0c5d0df9540a029520f5df8fd9a6b343deef8b5663872805fcf,12.1.2,0x004A4038,0x004A3FFB,0x004A3FC0,DATA,true
01901cbf7196b0c5d0df9540a029520f5df8fd9a6b343deef8b5663872805fcf,12.1.2,0x004A403C,0x004A4004,0x004A3FC0,DATA,true
01901cbf7196b0c5d0df9540a029520f5df8fd9a6b343deef8b5663872805fcf,12.1.2,0x004A4040,0x004A400D,0x004A3FC0,DATA,true
01901cbf7196b0c5d0df9540a029520f5df8fd9a6b343deef8b5663872805fcf,12.1.2,0x004A4194,0x004A4084,0x004A4060,DATA,true
01901cbf7196b0c5d0df9540a029520f5df8fd9a6b343deef8b5663872805fcf,12.1.2,0x004A4198,0x004A4084,0x004A4060,DATA,true
01901cbf7196b0c5d0df9540a029520f5df8fd9a6b343deef8b5663872805fcf,12.1.2,0x004A419C,0x004A413B,0x004A4060,DATA,true
01901cbf7196b0c5d0df9540a029520f5df8fd9a6b343deef8b5663872805fcf,12.1.2,0x004A41A0,0x004A40FE,0x004A4060,DATA,true
01901cbf7196b0c5d0df9540a029520f5df8fd9a6b343deef8b5663872805fcf,12.1.2,0x004A41A4,0x004A40C1,0x004A4060,DATA,true
01901cbf7196b0c5d0df9540a029520f5df8fd9a6b343deef8b5663872805fcf,12.1.2,0x004A41A8,0x004A40FE,0x004A4060,DATA,true
01901cbf7196b0c5d0df9540a029520f5df8fd9a6b343deef8b5663872805fcf,12.1.2,0x004A41AC,0x004A40C1,0x004A4060,DATA,true
01901cbf7196b0c5d0df9540a029520f5df8fd9a6b343deef8b5663872805fcf,12.1.2,0x004A41B0,0x004A40FE,0x004A4060,DATA,true
01901cbf7196b0c5d0df9540a029520f5df8fd9a6b343deef8b5663872805fcf,12.1.2,0x004A41B4,0x004A413B,0x004A4060,DATA,true
01901cbf7196b0c5d0df9540a029520f5df8fd9a6b343deef8b5663872805fcf,12.1.2,0x004A41B8,0x004A4084,0x004A4060,DATA,true
01901cbf7196b0c5d0df9540a029520f5df8fd9a6b343deef8b5663872805fcf,12.1.2,0x004A41BC,0x004A4084,0x004A4060,DATA,true
01901cbf7196b0c5d0df9540a029520f5df8fd9a6b343deef8b5663872805fcf,12.1.2,0x004A41C0,0x004A4178,0x004A4060,DATA,true
01901cbf7196b0c5d0df9540a029520f5df8fd9a6b343deef8b5663872805fcf,12.1.2,0x004A5ED4,0x004A5E4E,0x004A41D0,DATA,true
01901cbf7196b0c5d0df9540a029520f5df8fd9a6b343deef8b5663872805fcf,12.1.2,0x004A5ED8,0x004A5E64,0x004A41D0,DATA,true
01901cbf7196b0c5d0df9540a029520f5df8fd9a6b343deef8b5663872805fcf,12.1.2,0x004A5EDC,0x004A5E19,0x004A41D0,DATA,true
01901cbf7196b0c5d0df9540a029520f5df8fd9a6b343deef8b5663872805fcf,12.1.2,0x004A5EE0,0x004A5E44,0x004A41D0,DATA,true
01901cbf7196b0c5d0df9540a029520f5df8fd9a6b343deef8b5663872805fcf,12.1.2,0x004A5EE4,0x004A5E91,0x004A41D0,DATA,true
01901cbf7196b0c5d0df9540a029520f5df8fd9a6b343deef8b5663872805fcf,12.1.2,0x004A5EE8,0x004A5E64,0x004A41D0,DATA,true
01901cbf7196b0c5d0df9540a029520f5df8fd9a6b343deef8b5663872805fcf,12.1.2,0x004A5EEC,0x004A5E9A,0x004A41D0,DATA,true
01901cbf7196b0c5d0df9540a029520f5df8fd9a6b343deef8b5663872805fcf,12.1.2,0x004A5EF0,0x004A5EA3,0x004A41D0,DATA,true
01901cbf7196b0c5d0df9540a029520f5df8fd9a6b343deef8b5663872805fcf,12.1.2,0x004A5EF4,0x004A5E64,0x004A41D0,DATA,true
01901cbf7196b0c5d0df9540a029520f5df8fd9a6b343deef8b5663872805fcf,12.1.2,0x004A62F4,0x004A60E2,0x004A6050,DATA,true
01901cbf7196b0c5d0df9540a029520f5df8fd9a6b343deef8b5663872805fcf,12.1.2,0x004A62F8,0x004A60F4,0x004A6050,DATA,true
01901cbf7196b0c5d0df9540a029520f5df8fd9a6b343deef8b5663872805fcf,12.1.2,0x004A62FC,0x004A6107,0x004A6050,DATA,true
01901cbf7196b0c5d0df9540a029520f5df8fd9a6b343deef8b5663872805fcf,12.1.2,0x004A6300,0x004A611A,0x004A6050,DATA,true
01901cbf7196b0c5d0df9540a029520f5df8fd9a6b343deef8b5663872805fcf,12.1.2,0x004A6304,0x004A612C,0x004A6050,DATA,true
01901cbf7196b0c5d0df9540a029520f5df8fd9a6b343deef8b5663872805fcf,12.1.2,0x004A6308,0x004A613F,0x004A6050,DATA,true
01901cbf7196b0c5d0df9540a029520f5df8fd9a6b343deef8b5663872805fcf,12.1.2,0x004A630C,0x004A6150,0x004A6050,DATA,true
01901cbf7196b0c5d0df9540a029520f5df8fd9a6b343deef8b5663872805fcf,12.1.2,0x004A6310,0x004A61B4,0x004A6050,DATA,true
01901cbf7196b0c5d0df9540a029520f5df8fd9a6b343deef8b5663872805fcf,12.1.2,0x004A6D10,0x004A6419,0x004A6330,DATA,true
01901cbf7196b0c5d0df9540a029520f5df8fd9a6b343deef8b5663872805fcf,12.1.2,0x004A6D14,0x004A64B3,0x004A6330,DATA,true
01901cbf7196b0c5d0df9540a029520f5df8fd9a6b343deef8b5663872805fcf,12.1.2,0x004A6D18,0x004A64B3,0x004A6330,DATA,true
01901cbf7196b0c5d0df9540a029520f5df8fd9a6b343deef8b5663872805fcf,12.1.2,0x004A6D1C,0x004A64B3,0x004A6330,DATA,true
01901cbf7196b0c5d0df9540a029520f5df8fd9a6b343deef8b5663872805fcf,12.1.2,0x004A6D20,0x004A64B3,0x004A6330,DATA,true
01901cbf7196b0c5d0df9540a029520f5df8fd9a6b343deef8b5663872805fcf,12.1.2,0x004A6D24,0x004A65DF,0x004A6330,DATA,true
01901cbf7196b0c5d0df9540a029520f5df8fd9a6b343deef8b5663872805fcf,12.1.2,0x004A6D28,0x004A66F0,0x004A6330,DATA,true
01901cbf7196b0c5d0df9540a029520f5df8fd9a6b343deef8b5663872805fcf,12.1.2,0x004A6D2C,0x004A656A,0x004A6330,DATA,true
01901cbf7196b0c5d0df9540a029520f5df8fd9a6b343deef8b5663872805fcf,12.1.2,0x004A6D30,0x004A657A,0x004A6330,DATA,true
01901cbf7196b0c5d0df9540a029520f5df8fd9a6b343deef8b5663872805fcf,12.1.2,0x004A6D34,0x004A658A,0x004A6330,DATA,true
01901cbf7196b0c5d0df9540a029520f5df8fd9a6b343deef8b5663872805fcf,12.1.2,0x004A6D38,0x004A659A,0x004A6330,DATA,true
01901cbf7196b0c5d0df9540a029520f5df8fd9a6b343deef8b5663872805fcf,12.1.2,0x004A6D3C,0x004A6B48,0x004A6330,DATA,true
01901cbf7196b0c5d0df9540a029520f5df8fd9a6b343deef8b5663872805fcf,12.1.2,0x004A6D40,0x004A6B81,0x004A6330,DATA,true
01901cbf7196b0c5d0df9540a029520f5df8fd9a6b343deef8b5663872805fcf,12.1.2,0x004A6D44,0x004A6BB7,0x004A6330,DATA,true
01901cbf7196b0c5d0df9540a029520f5df8fd9a6b343deef8b5663872805fcf,12.1.2,0x004A6D48,0x004A6BED,0x004A6330,DATA,true
01901cbf7196b0c5d0df9540a029520f5df8fd9a6b343deef8b5663872805fcf,12.1.2,0x004A6D4C,0x004A6C47,0x004A6330,DATA,true
01901cbf7196b0c5d0df9540a029520f5df8fd9a6b343deef8b5663872805fcf,12.1.2,0x004A6D50,0x004A6C7E,0x004A6330,DATA,true
01901cbf7196b0c5d0df9540a029520f5df8fd9a6b343deef8b5663872805fcf,12.1.2,0x004A6D54,0x004A6CD9,0x004A6330,DATA,true
01901cbf7196b0c5d0df9540a029520f5df8fd9a6b343deef8b5663872805fcf,12.1.2,0x004A6FD8,0x004A6FC0,0x004A6D70,DATA,true
01901cbf7196b0c5d0df9540a029520f5df8fd9a6b343deef8b5663872805fcf,12.1.2,0x004A6FDC,0x004A6FC7,0x004A6D70,DATA,true
01901cbf7196b0c5d0df9540a029520f5df8fd9a6b343deef8b5663872805fcf,12.1.2,0x004A6FE0,0x004A6F1F,0x004A6D70,DATA,true
01901cbf7196b0c5d0df9540a029520f5df8fd9a6b343deef8b5663872805fcf,12.1.2,0x004A6FE4,0x004A6F36,0x004A6D70,DATA,true
01901cbf7196b0c5d0df9540a029520f5df8fd9a6b343deef8b5663872805fcf,12.1.2,0x004A6FE8,0x004A6F4D,0x004A6D70,DATA,true
01901cbf7196b0c5d0df9540a029520f5df8fd9a6b343deef8b5663872805fcf,12.1.2,0x004A6FEC,0x004A6F64,0x004A6D70,DATA,true
01901cbf7196b0c5d0df9540a029520f5df8fd9a6b343deef8b5663872805fcf,12.1.2,0x004A6FF0,0x004A6F7B,0x004A6D70,DATA,true
01901cbf7196b0c5d0df9540a029520f5df8fd9a6b343deef8b5663872805fcf,12.1.2,0x004A6FF4,0x004A6F92,0x004A6D70,DATA,true
01901cbf7196b0c5d0df9540a029520f5df8fd9a6b343deef8b5663872805fcf,12.1.2,0x004A6FF8,0x004A6FA9,0x004A6D70,DATA,true
01901cbf7196b0c5d0df9540a029520f5df8fd9a6b343deef8b5663872805fcf,12.1.2,0x004A8430,0x004A7D19,0x004A7000,DATA,true
01901cbf7196b0c5d0df9540a029520f5df8fd9a6b343deef8b5663872805fcf,12.1.2,0x004A8434,0x004A7D3C,0x004A7000,DATA,true
01901cbf7196b0c5d0df9540a029520f5df8fd9a6b343deef8b5663872805fcf,12.1.2,0x004A8438,0x004A7D5F,0x004A7000,DATA,true
01901cbf7196b0c5d0df9540a029520f5df8fd9a6b343deef8b5663872805fcf,12.1.2,0x004A843C,0x004A7D82,0x004A7000,DATA,true
01901cbf7196b0c5d0df9540a029520f5df8fd9a6b343deef8b5663872805fcf,12.1.2,0x004AE4A0,0x004AE480,0x004AE3E0,DATA,true
01901cbf7196b0c5d0df9540a029520f5df8fd9a6b343deef8b5663872805fcf,12.1.2,0x004AE4A4,0x004AE461,0x004AE3E0,DATA,true
01901cbf7196b0c5d0df9540a029520f5df8fd9a6b343deef8b5663872805fcf,12.1.2,0x004AE4A8,0x004AE405,0x004AE3E0,DATA,true
01901cbf7196b0c5d0df9540a029520f5df8fd9a6b343deef8b5663872805fcf,12.1.2,0x004AE4AC,0x004AE41D,0x004AE3E0,DATA,true
01901cbf7196b0c5d0df9540a029520f5df8fd9a6b343deef8b5663872805fcf,12.1.2,0x004AE4B0,0x004AE495,0x004AE3E0,DATA,true
01901cbf7196b0c5d0df9540a029520f5df8fd9a6b343deef8b5663872805fcf,12.1.2,0x004B1E4C,0x004B1E2A,0x004B1E00,DATA,true
01901cbf7196b0c5d0df9540a029520f5df8fd9a6b343deef8b5663872805fcf,12.1.2,0x004B1E50,0x004B1E31,0x004B1E00,DATA,true
01901cbf7196b0c5d0df9540a029520f5df8fd9a6b343deef8b5663872805fcf,12.1.2,0x004B1E54,0x004B1E3D,0x004B1E00,DATA,true
01901cbf7196b0c5d0df9540a029520f5df8fd9a6b343deef8b5663872805fcf,12.1.2,0x004B1E58,0x004B1E38,0x004B1E00,DATA,true
01901cbf7196b0c5d0df9540a029520f5df8fd9a6b343deef8b5663872805fcf,12.1.2,0x004B2650,0x004B2497,0x004B2470,DATA,true
01901cbf7196b0c5d0df9540a029520f5df8fd9a6b343deef8b5663872805fcf,12.1.2,0x004B2654,0x004B249E,0x004B2470,DATA,true
01901cbf7196b0c5d0df9540a029520f5df8fd9a6b343deef8b5663872805fcf,12.1.2,0x004B2658,0x004B24A2,0x004B2470,DATA,true
01901cbf7196b0c5d0df9540a029520f5df8fd9a6b343deef8b5663872805fcf,12.1.2,0x004B265C,0x004B24AC,0x004B2470,DATA,true
01901cbf7196b0c5d0df9540a029520f5df8fd9a6b343deef8b5663872805fcf,12.1.2,0x004B2660,0x004B24B3,0x004B2470,DATA,true
01901cbf7196b0c5d0df9540a029520f5df8fd9a6b343deef8b5663872805fcf,12.1.2,0x004B2664,0x004B24BD,0x004B2470,DATA,true
01901cbf7196b0c5d0df9540a029520f5df8fd9a6b343deef8b5663872805fcf,12.1.2,0x004B8FD4,0x004B8EC0,0x004B8E40,DATA,true
01901cbf7196b0c5d0df9540a029520f5df8fd9a6b343deef8b5663872805fcf,12.1.2,0x004B8FD8,0x004B8F34,0x004B8E40,DATA,true
01901cbf7196b0c5d0df9540a029520f5df8fd9a6b343deef8b5663872805fcf,12.1.2,0x004B8FDC,0x004B8FCB,0x004B8E40,DATA,true
01901cbf7196b0c5d0df9540a029520f5df8fd9a6b343deef8b5663872805fcf,12.1.2,0x004B8FE0,0x004B8FAC,0x004B8E40,DATA,true
01901cbf7196b0c5d0df9540a029520f5df8fd9a6b343deef8b5663872805fcf,12.1.2,0x004B8FE4,0x004B8FCB,0x004B8E40,DATA,true
01901cbf7196b0c5d0df9540a029520f5df8fd9a6b343deef8b5663872805fcf,12.1.2,0x004B8FE8,0x004B8FCB,0x004B8E40,DATA,true
01901cbf7196b0c5d0df9540a029520f5df8fd9a6b343deef8b5663872805fcf,12.1.2,0x004B8FEC,0x004B8FCB,0x004B8E40,DATA,true
01901cbf7196b0c5d0df9540a029520f5df8fd9a6b343deef8b5663872805fcf,12.1.2,0x004B8FF0,0x004B8FCB,0x004B8E40,DATA,true
01901cbf7196b0c5d0df9540a029520f5df8fd9a6b343deef8b5663872805fcf,12.1.2,0x004B8FF4,0x004B8FCB,0x004B8E40,DATA,true
01901cbf7196b0c5d0df9540a029520f5df8fd9a6b343deef8b5663872805fcf,12.1.2,0x004B8FF8,0x004B8FCB,0x004B8E40,DATA,true
01901cbf7196b0c5d0df9540a029520f5df8fd9a6b343deef8b5663872805fcf,12.1.2,0x004B8FFC,0x004B8EC0,0x004B8E40,DATA,true
01901cbf7196b0c5d0df9540a029520f5df8fd9a6b343deef8b5663872805fcf,12.1.2,0x004B9000,0x004B8F34,0x004B8E40,DATA,true
01901cbf7196b0c5d0df9540a029520f5df8fd9a6b343deef8b5663872805fcf,12.1.2,0x004B9DF8,0x004B9666,0x004B9010,DATA,true
01901cbf7196b0c5d0df9540a029520f5df8fd9a6b343deef8b5663872805fcf,12.1.2,0x004B9DFC,0x004B9747,0x004B9010,DATA,true
01901cbf7196b0c5d0df9540a029520f5df8fd9a6b343deef8b5663872805fcf,12.1.2,0x004B9E00,0x004B9828,0x004B9010,DATA,true
01901cbf7196b0c5d0df9540a029520f5df8fd9a6b343deef8b5663872805fcf,12.1.2,0x004B9E04,0x004B9960,0x004B9010,DATA,true
01901cbf7196b0c5d0df9540a029520f5df8fd9a6b343deef8b5663872805fcf,12.1.2,0x004B9E08,0x004B99CE,0x004B9010,DATA,true
01901cbf7196b0c5d0df9540a029520f5df8fd9a6b343deef8b5663872805fcf,12.1.2,0x004B9E0C,0x004B9AA2,0x004B9010,DATA,true
01901cbf7196b0c5d0df9540a029520f5df8fd9a6b343deef8b5663872805fcf,12.1.2,0x004B9E10,0x004B983C,0x004B9010,DATA,true
01901cbf7196b0c5d0df9540a029520f5df8fd9a6b343deef8b5663872805fcf,12.1.2,0x004B9E14,0x004B986B,0x004B9010,DATA,true
01901cbf7196b0c5d0df9540a029520f5df8fd9a6b343deef8b5663872805fcf,12.1.2,0x004B9E18,0x004B9898,0x004B9010,DATA,true
01901cbf7196b0c5d0df9540a029520f5df8fd9a6b343deef8b5663872805fcf,12.1.2,0x004B9E1C,0x004B98CA,0x004B9010,DATA,true
01901cbf7196b0c5d0df9540a029520f5df8fd9a6b343deef8b5663872805fcf,12.1.2,0x004B9E20,0x004B98FC,0x004B9010,DATA,true
01901cbf7196b0c5d0df9540a029520f5df8fd9a6b343deef8b5663872805fcf,12.1.2,0x004B9E24,0x004B992E,0x004B9010,DATA,true
01901cbf7196b0c5d0df9540a029520f5df8fd9a6b343deef8b5663872805fcf,12.1.2,0x004B9E28,0x004B9AA9,0x004B9010,DATA,true
01901cbf7196b0c5d0df9540a029520f5df8fd9a6b343deef8b5663872805fcf,12.1.2,0x004B9E2C,0x004B9AB7,0x004B9010,DATA,true
01901cbf7196b0c5d0df9540a029520f5df8fd9a6b343deef8b5663872805fcf,12.1.2,0x004C0F24,0x004C02C1,0x004BFE00,DATA,true
01901cbf7196b0c5d0df9540a029520f5df8fd9a6b343deef8b5663872805fcf,12.1.2,0x004C0F28,0x004C0384,0x004BFE00,DATA,true
01901cbf7196b0c5d0df9540a029520f5df8fd9a6b343deef8b5663872805fcf,12.1.2,0x004C0F2C,0x004C05CC,0x004BFE00,DATA,true
01901cbf7196b0c5d0df9540a029520f5df8fd9a6b343deef8b5663872805fcf,12.1.2,0x004C0F30,0x004C068F,0x004BFE00,DATA,true
01901cbf7196b0c5d0df9540a029520f5df8fd9a6b343deef8b5663872805fcf,12.1.2,0x004C0F34,0x004C0845,0x004BFE00,DATA,true
01901cbf7196b0c5d0df9540a029520f5df8fd9a6b343deef8b5663872805fcf,12.1.2,0x004C0F38,0x004C0908,0x004BFE00,DATA,true
01901cbf7196b0c5d0df9540a029520f5df8fd9a6b343deef8b5663872805fcf,12.1.2,0x004C0F3C,0x004C0B4C,0x004BFE00,DATA,true
01901cbf7196b0c5d0df9540a029520f5df8fd9a6b343deef8b5663872805fcf,12.1.2,0x004C0F40,0x004C0C0F,0x004BFE00,DATA,true
01901cbf7196b0c5d0df9540a029520f5df8fd9a6b343deef8b5663872805fcf,12.1.2,0x004C25C5,0x004C2C80,0x004C2470,CONDITIONAL_JUMP,true
01901cbf7196b0c5d0df9540a029520f5df8fd9a6b343deef8b5663872805fcf,12.1.2,0x004C2686,0x004C2C80,0x004C2470,CONDITIONAL_JUMP,true
01901cbf7196b0c5d0df9540a029520f5df8fd9a6b343deef8b5663872805fcf,12.1.2,0x004C26A4,0x004C2C80,0x004C2470,CONDITIONAL_JUMP,true
01901cbf7196b0c5d0df9540a029520f5df8fd9a6b343deef8b5663872805fcf,12.1.2,0x004C2990,0x004C2C80,0x004C2470,CONDITIONAL_JUMP,true
01901cbf7196b0c5d0df9540a029520f5df8fd9a6b343deef8b5663872805fcf,12.1.2,0x004C2AFB,0x004C2C80,0x004C2470,CONDITIONAL_JUMP,true
01901cbf7196b0c5d0df9540a029520f5df8fd9a6b343deef8b5663872805fcf,12.1.2,0x004C2BFA,0x004C2C80,0x004C2470,CONDITIONAL_JUMP,true
01901cbf7196b0c5d0df9540a029520f5df8fd9a6b343deef8b5663872805fcf,12.1.2,0x004C2C88,0x004C24AE,0x004C2470,DATA,true
01901cbf7196b0c5d0df9540a029520f5df8fd9a6b343deef8b5663872805fcf,12.1.2,0x004C2C8C,0x004C24B7,0x004C2470,DATA,true
01901cbf7196b0c5d0df9540a029520f5df8fd9a6b343deef8b5663872805fcf,12.1.2,0x004C2C90,0x004C24C3,0x004C2470,DATA,true
01901cbf7196b0c5d0df9540a029520f5df8fd9a6b343deef8b5663872805fcf,12.1.2,0x004C2C94,0x004C24D2,0x004C2470,DATA,true
01901cbf7196b0c5d0df9540a029520f5df8fd9a6b343deef8b5663872805fcf,12.1.2,0x004C2C98,0x004C2506,0x004C2470,DATA,true
01901cbf7196b0c5d0df9540a029520f5df8fd9a6b343deef8b5663872805fcf,12.1.2,0x004C2C9C,0x004C24E1,0x004C2470,DATA,true
01901cbf7196b0c5d0df9540a029520f5df8fd9a6b343deef8b5663872805fcf,12.1.2,0x004C2CA0,0x004C24EB,0x004C2470,DATA,true
01901cbf7196b0c5d0df9540a029520f5df8fd9a6b343deef8b5663872805fcf,12.1.2,0x004C2CA4,0x004C24FA,0x004C2470,DATA,true
01901cbf7196b0c5d0df9540a029520f5df8fd9a6b343deef8b5663872805fcf,12.1.2,0x004C2CA8,0x004C2506,0x004C2470,DATA,true
01901cbf7196b0c5d0df9540a029520f5df8fd9a6b343deef8b5663872805fcf,12.1.2,0x004C2CAC,0x004C24AE,0x004C2470,DATA,true
01901cbf7196b0c5d0df9540a029520f5df8fd9a6b343deef8b5663872805fcf,12.1.2,0x004C2CB0,0x004C250F,0x004C2470,DATA,true
01901cbf7196b0c5d0df9540a029520f5df8fd9a6b343deef8b5663872805fcf,12.1.2,0x004C2CB4,0x004C251B,0x004C2470,DATA,true
01901cbf7196b0c5d0df9540a029520f5df8fd9a6b343deef8b5663872805fcf,12.1.2,0x004C2CB8,0x004C2527,0x004C2470,DATA,true
01901cbf7196b0c5d0df9540a029520f5df8fd9a6b343deef8b5663872805fcf,12.1.2,0x004C2CBC,0x004C2533,0x004C2470,DATA,true
01901cbf7196b0c5d0df9540a029520f5df8fd9a6b343deef8b5663872805fcf,12.1.2,0x004C306C,0x004C2FE0,0x004C2CF0,DATA,true
01901cbf7196b0c5d0df9540a029520f5df8fd9a6b343deef8b5663872805fcf,12.1.2,0x004C3070,0x004C2F16,0x004C2CF0,DATA,true
01901cbf7196b0c5d0df9540a029520f5df8fd9a6b343deef8b5663872805fcf,12.1.2,0x004C3074,0x004C2F7C,0x004C2CF0,DATA,true
01901cbf7196b0c5d0df9540a029520f5df8fd9a6b343deef8b5663872805fcf,12.1.2,0x004C3078,0x004C2FF9,0x004C2CF0,DATA,true
01901cbf7196b0c5d0df9540a029520f5df8fd9a6b343deef8b5663872805fcf,12.1.2,0x004C307C,0x004C2FE9,0x004C2CF0,DATA,true
01901cbf7196b0c5d0df9540a029520f5df8fd9a6b343deef8b5663872805fcf,12.1.2,0x004C3080,0x004C3002,0x004C2CF0,DATA,true
01901cbf7196b0c5d0df9540a029520f5df8fd9a6b343deef8b5663872805fcf,12.1.2,0x004C3798,0x004C3246,0x004C3090,DATA,true
01901cbf7196b0c5d0df9540a029520f5df8fd9a6b343deef8b5663872805fcf,12.1.2,0x004C379C,0x004C30B5,0x004C3090,DATA,true
01901cbf7196b0c5d0df9540a029520f5df8fd9a6b343deef8b5663872805fcf,12.1.2,0x004C37A0,0x004C322E,0x004C3090,DATA,true
01901cbf7196b0c5d0df9540a029520f5df8fd9a6b343deef8b5663872805fcf,12.1.2,0x004C37A4,0x004C30BF,0x004C3090,DATA,true
01901cbf7196b0c5d0df9540a029520f5df8fd9a6b343deef8b5663872805fcf,12.1.2,0x004C37A8,0x004C30CE,0x004C3090,DATA,true
01901cbf7196b0c5d0df9540a029520f5df8fd9a6b343deef8b5663872805fcf,12.1.2,0x004C37AC,0x004C3136,0x004C3090,DATA,true
01901cbf7196b0c5d0df9540a029520f5df8fd9a6b343deef8b5663872805fcf,12.1.2,0x004C37B0,0x004C323A,0x004C3090,DATA,true
01901cbf7196b0c5d0df9540a029520f5df8fd9a6b343deef8b5663872805fcf,12.1.2,0x004C37B4,0x004C3156,0x004C3090,DATA,true
01901cbf7196b0c5d0df9540a029520f5df8fd9a6b343deef8b5663872805fcf,12.1.2,0x004C37B8,0x004C3165,0x004C3090,DATA,true
01901cbf7196b0c5d0df9540a029520f5df8fd9a6b343deef8b5663872805fcf,12.1.2,0x004C37BC,0x004C31CB,0x004C3090,DATA,true
01901cbf7196b0c5d0df9540a029520f5df8fd9a6b343deef8b5663872805fcf,12.1.2,0x004C37C0,0x004C322E,0x004C3090,DATA,true
01901cbf7196b0c5d0df9540a029520f5df8fd9a6b343deef8b5663872805fcf,12.1.2,0x004C37C4,0x004C322E,0x004C3090,DATA,true
01901cbf7196b0c5d0df9540a029520f5df8fd9a6b343deef8b5663872805fcf,12.1.2,0x004C37C8,0x004C323A,0x004C3090,DATA,true
01901cbf7196b0c5d0df9540a029520f5df8fd9a6b343deef8b5663872805fcf,12.1.2,0x004C37CC,0x004C323A,0x004C3090,DATA,true
01901cbf7196b0c5d0df9540a029520f5df8fd9a6b343deef8b5663872805fcf,12.1.2,0x004C37D0,0x004C373D,0x004C3090,DATA,true
01901cbf7196b0c5d0df9540a029520f5df8fd9a6b343deef8b5663872805fcf,12.1.2,0x004C37D4,0x004C325E,0x004C3090,DATA,true
01901cbf7196b0c5d0df9540a029520f5df8fd9a6b343deef8b5663872805fcf,12.1.2,0x004C37D8,0x004C3366,0x004C3090,DATA,true
01901cbf7196b0c5d0df9540a029520f5df8fd9a6b343deef8b5663872805fcf,12.1.2,0x004C37DC,0x004C3426,0x004C3090,DATA,true
01901cbf7196b0c5d0df9540a029520f5df8fd9a6b343deef8b5663872805fcf,12.1.2,0x004C37E0,0x004C3499,0x004C3090,DATA,true
01901cbf7196b0c5d0df9540a029520f5df8fd9a6b343deef8b5663872805fcf,12.1.2,0x004C37E4,0x004C35C0,0x004C3090,DATA,true
01901cbf7196b0c5d0df9540a029520f5df8fd9a6b343deef8b5663872805fcf,12.1.2,0x004C37E8,0x004C34CA,0x004C3090,DATA,true
01901cbf7196b0c5d0df9540a029520f5df8fd9a6b343deef8b5663872805fcf,12.1.2,0x004C37EC,0x004C3612,0x004C3090,DATA,true
01901cbf7196b0c5d0df9540a029520f5df8fd9a6b343deef8b5663872805fcf,12.1.2,0x004C37F0,0x004C3709,0x004C3090,DATA,true
01901cbf7196b0c5d0df9540a029520f5df8fd9a6b343deef8b5663872805fcf,12.1.2,0x004C3D0C,0x004C3C4C,0x004C3AB0,DATA,true
01901cbf7196b0c5d0df9540a029520f5df8fd9a6b343deef8b5663872805fcf,12.1.2,0x004C3D10,0x004C3C66,0x004C3AB0,DATA,true
01901cbf7196b0c5d0df9540a029520f5df8fd9a6b343deef8b5663872805fcf,12.1.2,0x004C3D14,0x004C3C76,0x004C3AB0,DATA,true
01901cbf7196b0c5d0df9540a029520f5df8fd9a6b343deef8b5663872805fcf,12.1.2,0x004C3D18,0x004C3CE3,0x004C3AB0,DATA,true
01901cbf7196b0c5d0df9540a029520f5df8fd9a6b343deef8b5663872805fcf,12.1.2,0x004C3D1C,0x004C3CE8,0x004C3AB0,DATA,true
01901cbf7196b0c5d0df9540a029520f5df8fd9a6b343deef8b5663872805fcf,12.1.2,0x004C6260,0x004C6215,0x004C61E0,DATA,true
01901cbf7196b0c5d0df9540a029520f5df8fd9a6b343deef8b5663872805fcf,12.1.2,0x004C6264,0x004C6205,0x004C61E0,DATA,true
01901cbf7196b0c5d0df9540a029520f5df8fd9a6b343deef8b5663872805fcf,12.1.2,0x004C6268,0x004C6255,0x004C61E0,DATA,true
01901cbf7196b0c5d0df9540a029520f5df8fd9a6b343deef8b5663872805fcf,12.1.2,0x004C626C,0x004C61F5,0x004C61E0,DATA,true
01901cbf7196b0c5d0df9540a029520f5df8fd9a6b343deef8b5663872805fcf,12.1.2,0x004C6270,0x004C6225,0x004C61E0,DATA,true
01901cbf7196b0c5d0df9540a029520f5df8fd9a6b343deef8b5663872805fcf,12.1.2,0x004C6274,0x004C6235,0x004C61E0,DATA,true
01901cbf7196b0c5d0df9540a029520f5df8fd9a6b343deef8b5663872805fcf,12.1.2,0x004C6278,0x004C6245,0x004C61E0,DATA,true
01901cbf7196b0c5d0df9540a029520f5df8fd9a6b343deef8b5663872805fcf,12.1.2,0x004CA76C,0x004C9C98,0x004C9B00,DATA,true
01901cbf7196b0c5d0df9540a029520f5df8fd9a6b343deef8b5663872805fcf,12.1.2,0x004CA770,0x004C9CBF,0x004C9B00,DATA,true
01901cbf7196b0c5d0df9540a029520f5df8fd9a6b343deef8b5663872805fcf,12.1.2,0x004CA774,0x004C9C14,0x004C9B00,DATA,true
01901cbf7196b0c5d0df9540a029520f5df8fd9a6b343deef8b5663872805fcf,12.1.2,0x004CA778,0x004C9C14,0x004C9B00,DATA,true
01901cbf7196b0c5d0df9540a029520f5df8fd9a6b343deef8b5663872805fcf,12.1.2,0x004CA77C,0x004C9CBF,0x004C9B00,DATA,true
01901cbf7196b0c5d0df9540a029520f5df8fd9a6b343deef8b5663872805fcf,12.1.2,0x004CA780,0x004C9CBF,0x004C9B00,DATA,true
01901cbf7196b0c5d0df9540a029520f5df8fd9a6b343deef8b5663872805fcf,12.1.2,0x004CA784,0x004C9CBF,0x004C9B00,DATA,true
01901cbf7196b0c5d0df9540a029520f5df8fd9a6b343deef8b5663872805fcf,12.1.2,0x004CA788,0x004C9C71,0x004C9B00,DATA,true
01901cbf7196b0c5d0df9540a029520f5df8fd9a6b343deef8b5663872805fcf,12.1.2,0x004CA78C,0x004CA0ED,0x004C9B00,DATA,true
01901cbf7196b0c5d0df9540a029520f5df8fd9a6b343deef8b5663872805fcf,12.1.2,0x004CA790,0x004CA0ED,0x004C9B00,DATA,true
01901cbf7196b0c5d0df9540a029520f5df8fd9a6b343deef8b5663872805fcf,12.1.2,0x004CA794,0x004CA190,0x004C9B00,DATA,true
01901cbf7196b0c5d0df9540a029520f5df8fd9a6b343deef8b5663872805fcf,12.1.2,0x004CA798,0x004CA1A8,0x004C9B00,DATA,true
01901cbf7196b0c5d0df9540a029520f5df8fd9a6b343deef8b5663872805fcf,12.1.2,0x004CA79C,0x004CA190,0x004C9B00,DATA,true
01901cbf7196b0c5d0df9540a029520f5df8fd9a6b343deef8b5663872805fcf,12.1.2,0x004CA7A0,0x004CA0FE,0x004C9B00,DATA,true
01901cbf7196b0c5d0df9540a029520f5df8fd9a6b343deef8b5663872805fcf,12.1.2,0x004CA7A4,0x004CA120,0x004C9B00,DATA,true
01901cbf7196b0c5d0df9540a029520f5df8fd9a6b343deef8b5663872805fcf,12.1.2,0x004CA7A8,0x004CA138,0x004C9B00,DATA,true
01901cbf7196b0c5d0df9540a029520f5df8fd9a6b343deef8b5663872805fcf,12.1.2,0x004CA7AC,0x004CA150,0x004C9B00,DATA,true
01901cbf7196b0c5d0df9540a029520f5df8fd9a6b343deef8b5663872805fcf,12.1.2,0x004CA7B0,0x004CA5B0,0x004C9B00,DATA,true
01901cbf7196b0c5d0df9540a029520f5df8fd9a6b343deef8b5663872805fcf,12.1.2,0x004CA7B4,0x004CA5C9,0x004C9B00,DATA,true
01901cbf7196b0c5d0df9540a029520f5df8fd9a6b343deef8b5663872805fcf,12.1.2,0x004CA7B8,0x004CA5E2,0x004C9B00,DATA,true
01901cbf7196b0c5d0df9540a029520f5df8fd9a6b343deef8b5663872805fcf,12.1.2,0x004CA7BC,0x004CA5FB,0x004C9B00,DATA,true
01901cbf7196b0c5d0df9540a029520f5df8fd9a6b343deef8b5663872805fcf,12.1.2,0x004CA7C0,0x004CA614,0x004C9B00,DATA,true
01901cbf7196b0c5d0df9540a029520f5df8fd9a6b343deef8b5663872805fcf,12.1.2,0x004CA7C4,0x004CA629,0x004C9B00,DATA,true
01901cbf7196b0c5d0df9540a029520f5df8fd9a6b343deef8b5663872805fcf,12.1.2,0x004CA7C8,0x004CA63E,0x004C9B00,DATA,true
01901cbf7196b0c5d0df9540a029520f5df8fd9a6b343deef8b5663872805fcf,12.1.2,0x004CA7CC,0x004CA6A1,0x004C9B00,DATA,true
01901cbf7196b0c5d0df9540a029520f5df8fd9a6b343deef8b5663872805fcf,12.1.2,0x004CA7D0,0x004CA6A1,0x004C9B00,DATA,true
01901cbf7196b0c5d0df9540a029520f5df8fd9a6b343deef8b5663872805fcf,12.1.2,0x004CA7D4,0x004CA653,0x004C9B00,DATA,true
01901cbf7196b0c5d0df9540a029520f5df8fd9a6b343deef8b5663872805fcf,12.1.2,0x004CA7D8,0x004CA6A1,0x004C9B00,DATA,true
01901cbf7196b0c5d0df9540a029520f5df8fd9a6b343deef8b5663872805fcf,12.1.2,0x004CA7DC,0x004CA6A1,0x004C9B00,DATA,true
01901cbf7196b0c5d0df9540a029520f5df8fd9a6b343deef8b5663872805fcf,12.1.2,0x004CA7E0,0x004CA67D,0x004C9B00,DATA,true
01901cbf7196b0c5d0df9540a029520f5df8fd9a6b343deef8b5663872805fcf,12.1.2,0x004CA7E4,0x004CA6A1,0x004C9B00,DATA,true
01901cbf7196b0c5d0df9540a029520f5df8fd9a6b343deef8b5663872805fcf,12.1.2,0x004CA7E8,0x004CA68F,0x004C9B00,DATA,true
01901cbf7196b0c5d0df9540a029520f5df8fd9a6b343deef8b5663872805fcf,12.1.2,0x004CA7EC,0x004CA668,0x004C9B00,DATA,true
01901cbf7196b0c5d0df9540a029520f5df8fd9a6b343deef8b5663872805fcf,12.1.2,0x004D1148,0x00418000,0x00417040,DATA,true
01901cbf7196b0c5d0df9540a029520f5df8fd9a6b343deef8b5663872805fcf,12.1.2,0x004D4923,0x004F8360,0x004F81A0,READ,true
01901cbf7196b0c5d0df9540a029520f5df8fd9a6b343deef8b5663872805fcf,12.1.2,0x004D4923,0x004F85A3,0x004F81A0,READ,false
01901cbf7196b0c5d0df9540a029520f5df8fd9a6b343deef8b5663872805fcf,12.1.2,0x004D493C,0x004F8360,0x004F81A0,READ,true
01901cbf7196b0c5d0df9540a029520f5df8fd9a6b343deef8b5663872805fcf,12.1.2,0x004D4985,0x004F8360,0x004F81A0,READ,true
01901cbf7196b0c5d0df9540a029520f5df8fd9a6b343deef8b5663872805fcf,12.1.2,0x004D49A8,0x004F8360,0x004F81A0,READ,true
01901cbf7196b0c5d0df9540a029520f5df8fd9a6b343deef8b5663872805fcf,12.1.2,0x004D49D1,0x004F8360,0x004F81A0,READ,true
01901cbf7196b0c5d0df9540a029520f5df8fd9a6b343deef8b5663872805fcf,12.1.2,0x004D4AA4,0x004F8360,0x004F81A0,READ,true
01901cbf7196b0c5d0df9540a029520f5df8fd9a6b343deef8b5663872805fcf,12.1.2,0x004D4ACA,0x004F8360,0x004F81A0,READ,true
01901cbf7196b0c5d0df9540a029520f5df8fd9a6b343deef8b5663872805fcf,12.1.2,0x004D4B8E,0x004F8360,0x004F81A0,READ,true
01901cbf7196b0c5d0df9540a029520f5df8fd9a6b343deef8b5663872805fcf,12.1.2,0x004D4BB4,0x004F8360,0x004F81A0,READ,true
01901cbf7196b0c5d0df9540a029520f5df8fd9a6b343deef8b5663872805fcf,12.1.2,0x004D5278,0x004D3E46,0x004D3470,DATA,true
01901cbf7196b0c5d0df9540a029520f5df8fd9a6b343deef8b5663872805fcf,12.1.2,0x004D527C,0x004D3EBC,0x004D3470,DATA,true
01901cbf7196b0c5d0df9540a029520f5df8fd9a6b343deef8b5663872805fcf,12.1.2,0x004D5280,0x004D4159,0x004D3470,DATA,true
01901cbf7196b0c5d0df9540a029520f5df8fd9a6b343deef8b5663872805fcf,12.1.2,0x004D5284,0x004D4314,0x004D3470,DATA,true
01901cbf7196b0c5d0df9540a029520f5df8fd9a6b343deef8b5663872805fcf,12.1.2,0x004D5288,0x004D4270,0x004D3470,DATA,true
01901cbf7196b0c5d0df9540a029520f5df8fd9a6b343deef8b5663872805fcf,12.1.2,0x004D528C,0x004D4A2B,0x004D3470,DATA,true
01901cbf7196b0c5d0df9540a029520f5df8fd9a6b343deef8b5663872805fcf,12.1.2,0x004D7B3C,0x004D6E86,0x004D61A0,DATA,true
01901cbf7196b0c5d0df9540a029520f5df8fd9a6b343deef8b5663872805fcf,12.1.2,0x004D7B40,0x004D6E7F,0x004D61A0,DATA,true
01901cbf7196b0c5d0df9540a029520f5df8fd9a6b343deef8b5663872805fcf,12.1.2,0x004D7B44,0x004D6E78,0x004D61A0,DATA,true
01901cbf7196b0c5d0df9540a029520f5df8fd9a6b343deef8b5663872805fcf,12.1.2,0x004D7B48,0x004D6E4F,0x004D61A0,DATA,true
01901cbf7196b0c5d0df9540a029520f5df8fd9a6b343deef8b5663872805fcf,12.1.2,0x004D7B4C,0x004D6E63,0x004D61A0,DATA,true
01901cbf7196b0c5d0df9540a029520f5df8fd9a6b343deef8b5663872805fcf,12.1.2,0x004D7B50,0x004D6E6A,0x004D61A0,DATA,true
01901cbf7196b0c5d0df9540a029520f5df8fd9a6b343deef8b5663872805fcf,12.1.2,0x004D7B54,0x004D6E71,0x004D61A0,DATA,true
01901cbf7196b0c5d0df9540a029520f5df8fd9a6b343deef8b5663872805fcf,12.1.2,0x004D7B58,0x004D6E98,0x004D61A0,DATA,true
01901cbf7196b0c5d0df9540a029520f5df8fd9a6b343deef8b5663872805fcf,12.1.2,0x004E1E9C,0x004E1622,0x004E14D0,DATA,true
01901cbf7196b0c5d0df9540a029520f5df8fd9a6b343deef8b5663872805fcf,12.1.2,0x004E1EA0,0x004E162E,0x004E14D0,DATA,true
01901cbf7196b0c5d0df9540a029520f5df8fd9a6b343deef8b5663872805fcf,12.1.2,0x004E1EA4,0x004E163C,0x004E14D0,DATA,true
01901cbf7196b0c5d0df9540a029520f5df8fd9a6b343deef8b5663872805fcf,12.1.2,0x004E1EA8,0x004E1645,0x004E14D0,DATA,true
01901cbf7196b0c5d0df9540a029520f5df8fd9a6b343deef8b5663872805fcf,12.1.2,0x004E1EAC,0x004E164E,0x004E14D0,DATA,true
01901cbf7196b0c5d0df9540a029520f5df8fd9a6b343deef8b5663872805fcf,12.1.2,0x004E1EB0,0x004E1657,0x004E14D0,DATA,true
01901cbf7196b0c5d0df9540a029520f5df8fd9a6b343deef8b5663872805fcf,12.1.2,0x004E1EB4,0x004E1684,0x004E14D0,DATA,true
01901cbf7196b0c5d0df9540a029520f5df8fd9a6b343deef8b5663872805fcf,12.1.2,0x004E1EB8,0x004E168D,0x004E14D0,DATA,true
01901cbf7196b0c5d0df9540a029520f5df8fd9a6b343deef8b5663872805fcf,12.1.2,0x004E1EBC,0x004E1696,0x004E14D0,DATA,true
01901cbf7196b0c5d0df9540a029520f5df8fd9a6b343deef8b5663872805fcf,12.1.2,0x004E1EC0,0x004E169F,0x004E14D0,DATA,true
01901cbf7196b0c5d0df9540a029520f5df8fd9a6b343deef8b5663872805fcf,12.1.2,0x004E1EC4,0x004E16B1,0x004E14D0,DATA,true
01901cbf7196b0c5d0df9540a029520f5df8fd9a6b343deef8b5663872805fcf,12.1.2,0x004E1EC8,0x004E16A8,0x004E14D0,DATA,true
01901cbf7196b0c5d0df9540a029520f5df8fd9a6b343deef8b5663872805fcf,12.1.2,0x004E1ECC,0x004E1660,0x004E14D0,DATA,true
01901cbf7196b0c5d0df9540a029520f5df8fd9a6b343deef8b5663872805fcf,12.1.2,0x004E1ED0,0x004E167B,0x004E14D0,DATA,true
01901cbf7196b0c5d0df9540a029520f5df8fd9a6b343deef8b5663872805fcf,12.1.2,0x004E1ED4,0x004E1669,0x004E14D0,DATA,true
01901cbf7196b0c5d0df9540a029520f5df8fd9a6b343deef8b5663872805fcf,12.1.2,0x004E1ED8,0x004E1672,0x004E14D0,DATA,true
01901cbf7196b0c5d0df9540a029520f5df8fd9a6b343deef8b5663872805fcf,12.1.2,0x004E1EDC,0x004E18D9,0x004E14D0,DATA,true
01901cbf7196b0c5d0df9540a029520f5df8fd9a6b343deef8b5663872805fcf,12.1.2,0x004E1EE0,0x004E18EE,0x004E14D0,DATA,true
01901cbf7196b0c5d0df9540a029520f5df8fd9a6b343deef8b5663872805fcf,12.1.2,0x004E1EE4,0x004E18E0,0x004E14D0,DATA,true
01901cbf7196b0c5d0df9540a029520f5df8fd9a6b343deef8b5663872805fcf,12.1.2,0x004E1EE8,0x004E18F5,0x004E14D0,DATA,true
01901cbf7196b0c5d0df9540a029520f5df8fd9a6b343deef8b5663872805fcf,12.1.2,0x004E1EEC,0x004E18E7,0x004E14D0,DATA,true
01901cbf7196b0c5d0df9540a029520f5df8fd9a6b343deef8b5663872805fcf,12.1.2,0x004E1EF0,0x004E18F5,0x004E14D0,DATA,true
01901cbf7196b0c5d0df9540a029520f5df8fd9a6b343deef8b5663872805fcf,12.1.2,0x004E1EF4,0x004E18F5,0x004E14D0,DATA,true
01901cbf7196b0c5d0df9540a029520f5df8fd9a6b343deef8b5663872805fcf,12.1.2,0x004E1EF8,0x004E18FC,0x004E14D0,DATA,true
01901cbf7196b0c5d0df9540a029520f5df8fd9a6b343deef8b5663872805fcf,12.1.2,0x004E1EFC,0x004E18F5,0x004E14D0,DATA,true
01901cbf7196b0c5d0df9540a029520f5df8fd9a6b343deef8b5663872805fcf,12.1.2,0x004E1F00,0x004E18F5,0x004E14D0,DATA,true
01901cbf7196b0c5d0df9540a029520f5df8fd9a6b343deef8b5663872805fcf,12.1.2,0x004E1F04,0x004E18F5,0x004E14D0,DATA,true
01901cbf7196b0c5d0df9540a029520f5df8fd9a6b343deef8b5663872805fcf,12.1.2,0x004E1F08,0x004E18F5,0x004E14D0,DATA,true
01901cbf7196b0c5d0df9540a029520f5df8fd9a6b343deef8b5663872805fcf,12.1.2,0x004E1F0C,0x004E18EE,0x004E14D0,DATA,true
01901cbf7196b0c5d0df9540a029520f5df8fd9a6b343deef8b5663872805fcf,12.1.2,0x004E1F10,0x004E18EE,0x004E14D0,DATA,true
01901cbf7196b0c5d0df9540a029520f5df8fd9a6b343deef8b5663872805fcf,12.1.2,0x004E1F14,0x004E18F5,0x004E14D0,DATA,true
01901cbf7196b0c5d0df9540a029520f5df8fd9a6b343deef8b5663872805fcf,12.1.2,0x004E1F18,0x004E18EE,0x004E14D0,DATA,true
01901cbf7196b0c5d0df9540a029520f5df8fd9a6b343deef8b5663872805fcf,12.1.2,0x004E46C4,0x004E45E6,0x004E4430,DATA,true
01901cbf7196b0c5d0df9540a029520f5df8fd9a6b343deef8b5663872805fcf,12.1.2,0x004E46C8,0x004E45E6,0x004E4430,DATA,true
01901cbf7196b0c5d0df9540a029520f5df8fd9a6b343deef8b5663872805fcf,12.1.2,0x004E46CC,0x004E45E6,0x004E4430,DATA,true
01901cbf7196b0c5d0df9540a029520f5df8fd9a6b343deef8b5663872805fcf,12.1.2,0x004E46D0,0x004E45E6,0x004E4430,DATA,true
01901cbf7196b0c5d0df9540a029520f5df8fd9a6b343deef8b5663872805fcf,12.1.2,0x004E46D4,0x004E45E6,0x004E4430,DATA,true
01901cbf7196b0c5d0df9540a029520f5df8fd9a6b343deef8b5663872805fcf,12.1.2,0x004E46D8,0x004E4606,0x004E4430,DATA,true
01901cbf7196b0c5d0df9540a029520f5df8fd9a6b343deef8b5663872805fcf,12.1.2,0x004E46DC,0x004E4626,0x004E4430,DATA,true
01901cbf7196b0c5d0df9540a029520f5df8fd9a6b343deef8b5663872805fcf,12.1.2,0x004E46E0,0x004E46BB,0x004E4430,DATA,true
01901cbf7196b0c5d0df9540a029520f5df8fd9a6b343deef8b5663872805fcf,12.1.2,0x004E46E4,0x004E4647,0x004E4430,DATA,true
01901cbf7196b0c5d0df9540a029520f5df8fd9a6b343deef8b5663872805fcf,12.1.2,0x004E46E8,0x004E4665,0x004E4430,DATA,true
01901cbf7196b0c5d0df9540a029520f5df8fd9a6b343deef8b5663872805fcf,12.1.2,0x004E46EC,0x004E466E,0x004E4430,DATA,true
01901cbf7196b0c5d0df9540a029520f5df8fd9a6b343deef8b5663872805fcf,12.1.2,0x004E46F0,0x004E4694,0x004E4430,DATA,true
01901cbf7196b0c5d0df9540a029520f5df8fd9a6b343deef8b5663872805fcf,12.1.2,0x004E7E34,0x004E7DD2,0x004E7DC0,DATA,true
01901cbf7196b0c5d0df9540a029520f5df8fd9a6b343deef8b5663872805fcf,12.1.2,0x004E7E38,0x004E7DEE,0x004E7DC0,DATA,true
01901cbf7196b0c5d0df9540a029520f5df8fd9a6b343deef8b5663872805fcf,12.1.2,0x004E7E3C,0x004E7E0A,0x004E7DC0,DATA,true
01901cbf7196b0c5d0df9540a029520f5df8fd9a6b343deef8b5663872805fcf,12.1.2,0x004E7E40,0x004E7E26,0x004E7DC0,DATA,true
01901cbf7196b0c5d0df9540a029520f5df8fd9a6b343deef8b5663872805fcf,12.1.2,0x004E7F64,0x004E7EFE,0x004E7E50,DATA,true
01901cbf7196b0c5d0df9540a029520f5df8fd9a6b343deef8b5663872805fcf,12.1.2,0x004E7F68,0x004E7F0E,0x004E7E50,DATA,true
01901cbf7196b0c5d0df9540a029520f5df8fd9a6b343deef8b5663872805fcf,12.1.2,0x004E7F6C,0x004E7F1E,0x004E7E50,DATA,true
01901cbf7196b0c5d0df9540a029520f5df8fd9a6b343deef8b5663872805fcf,12.1.2,0x004E7F70,0x004E7F2E,0x004E7E50,DATA,true
01901cbf7196b0c5d0df9540a029520f5df8fd9a6b343deef8b5663872805fcf,12.1.2,0x004E8094,0x004E802E,0x004E7F80,DATA,true
01901cbf7196b0c5d0df9540a029520f5df8fd9a6b343deef8b5663872805fcf,12.1.2,0x004E8098,0x004E803E,0x004E7F80,DATA,true
01901cbf7196b0c5d0df9540a029520f5df8fd9a6b343deef8b5663872805fcf,12.1.2,0x004E809C,0x004E804E,0x004E7F80,DATA,true
01901cbf7196b0c5d0df9540a029520f5df8fd9a6b343deef8b5663872805fcf,12.1.2,0x004E80A0,0x004E805E,0x004E7F80,DATA,true
01901cbf7196b0c5d0df9540a029520f5df8fd9a6b343deef8b5663872805fcf,12.1.2,0x004E9B4C,0x004E96E8,0x004E9550,DATA,true
01901cbf7196b0c5d0df9540a029520f5df8fd9a6b343deef8b5663872805fcf,12.1.2,0x004E9B50,0x004E96FE,0x004E9550,DATA,true
01901cbf7196b0c5d0df9540a029520f5df8fd9a6b343deef8b5663872805fcf,12.1.2,0x004E9B54,0x004E9714,0x004E9550,DATA,true
01901cbf7196b0c5d0df9540a029520f5df8fd9a6b343deef8b5663872805fcf,12.1.2,0x004E9B58,0x004E9729,0x004E9550,DATA,true
01901cbf7196b0c5d0df9540a029520f5df8fd9a6b343deef8b5663872805fcf,12.1.2,0x004EEF64,0x004EE85C,0x004ECBF0,DATA,true
01901cbf7196b0c5d0df9540a029520f5df8fd9a6b343deef8b5663872805fcf,12.1.2,0x004EEF68,0x004EE98A,0x004ECBF0,DATA,true
01901cbf7196b0c5d0df9540a029520f5df8fd9a6b343deef8b5663872805fcf,12.1.2,0x004EEF6C,0x004EE8C0,0x004ECBF0,DATA,true
01901cbf7196b0c5d0df9540a029520f5df8fd9a6b343deef8b5663872805fcf,12.1.2,0x004EEF70,0x004EE916,0x004ECBF0,DATA,true
01901cbf7196b0c5d0df9540a029520f5df8fd9a6b343deef8b5663872805fcf,12.1.2,0x004EEF74,0x004EE832,0x004ECBF0,DATA,true
01901cbf7196b0c5d0df9540a029520f5df8fd9a6b343deef8b5663872805fcf,12.1.2,0x004FFFB8,0x004FA575,0x004F81A0,DATA,true
01901cbf7196b0c5d0df9540a029520f5df8fd9a6b343deef8b5663872805fcf,12.1.2,0x004FFFBC,0x004FA91A,0x004F81A0,DATA,true
01901cbf7196b0c5d0df9540a029520f5df8fd9a6b343deef8b5663872805fcf,12.1.2,0x004FFFC0,0x004FA9CA,0x004F81A0,DATA,true
01901cbf7196b0c5d0df9540a029520f5df8fd9a6b343deef8b5663872805fcf,12.1.2,0x004FFFC4,0x004FAB4D,0x004F81A0,DATA,true
01901cbf7196b0c5d0df9540a029520f5df8fd9a6b343deef8b5663872805fcf,12.1.2,0x004FFFC8,0x004FAF7E,0x004F81A0,DATA,true
01901cbf7196b0c5d0df9540a029520f5df8fd9a6b343deef8b5663872805fcf,12.1.2,0x004FFFCC,0x004FB0A2,0x004F81A0,DATA,true
01901cbf7196b0c5d0df9540a029520f5df8fd9a6b343deef8b5663872805fcf,12.1.2,0x004FFFD0,0x004FAD54,0x004F81A0,DATA,true
01901cbf7196b0c5d0df9540a029520f5df8fd9a6b343deef8b5663872805fcf,12.1.2,0x004FFFD4,0x004FB2CA,0x004F81A0,DATA,true
01901cbf7196b0c5d0df9540a029520f5df8fd9a6b343deef8b5663872805fcf,12.1.2,0x004FFFD8,0x004FB542,0x004F81A0,DATA,true
01901cbf7196b0c5d0df9540a029520f5df8fd9a6b343deef8b5663872805fcf,12.1.2,0x004FFFDC,0x004FBB37,0x004F81A0,DATA,true
01901cbf7196b0c5d0df9540a029520f5df8fd9a6b343deef8b5663872805fcf,12.1.2,0x004FFFE0,0x004FC5C6,0x004F81A0,DATA,true
01901cbf7196b0c5d0df9540a029520f5df8fd9a6b343deef8b5663872805fcf,12.1.2,0x004FFFE4,0x004FBF0A,0x004F81A0,DATA,true
01901cbf7196b0c5d0df9540a029520f5df8fd9a6b343deef8b5663872805fcf,12.1.2,0x004FFFE8,0x004FC68F,0x004F81A0,DATA,true
01901cbf7196b0c5d0df9540a029520f5df8fd9a6b343deef8b5663872805fcf,12.1.2,0x004FFFEC,0x004FB1F1,0x004F81A0,DATA,true
01901cbf7196b0c5d0df9540a029520f5df8fd9a6b343deef8b5663872805fcf,12.1.2,0x004FFFF0,0x004FB251,0x004F81A0,DATA,true
01901cbf7196b0c5d0df9540a029520f5df8fd9a6b343deef8b5663872805fcf,12.1.2,0x004FFFF4,0x004FCB33,0x004F81A0,DATA,true
01901cbf7196b0c5d0df9540a029520f5df8fd9a6b343deef8b5663872805fcf,12.1.2,0x004FFFF8,0x004FCBBF,0x004F81A0,DATA,true
01901cbf7196b0c5d0df9540a029520f5df8fd9a6b343deef8b5663872805fcf,12.1.2,0x004FFFFC,0x004FCB33,0x004F81A0,DATA,true
01901cbf7196b0c5d0df9540a029520f5df8fd9a6b343deef8b5663872805fcf,12.1.2,0x00500000,0x004FCBBF,0x004F81A0,DATA,true
01901cbf7196b0c5d0df9540a029520f5df8fd9a6b343deef8b5663872805fcf,12.1.2,0x00500004,0x004FCBBF,0x004F81A0,DATA,true
01901cbf7196b0c5d0df9540a029520f5df8fd9a6b343deef8b5663872805fcf,12.1.2,0x00500008,0x004FCBBF,0x004F81A0,DATA,true
01901cbf7196b0c5d0df9540a029520f5df8fd9a6b343deef8b5663872805fcf,12.1.2,0x0050000C,0x004FCBBF,0x004F81A0,DATA,true
01901cbf7196b0c5d0df9540a029520f5df8fd9a6b343deef8b5663872805fcf,12.1.2,0x00500010,0x004FCB85,0x004F81A0,DATA,true
01901cbf7196b0c5d0df9540a029520f5df8fd9a6b343deef8b5663872805fcf,12.1.2,0x00500014,0x004FCB4E,0x004F81A0,DATA,true
01901cbf7196b0c5d0df9540a029520f5df8fd9a6b343deef8b5663872805fcf,12.1.2,0x00500018,0x004FD77E,0x004F81A0,DATA,true
01901cbf7196b0c5d0df9540a029520f5df8fd9a6b343deef8b5663872805fcf,12.1.2,0x0050001C,0x004FD785,0x004F81A0,DATA,true
01901cbf7196b0c5d0df9540a029520f5df8fd9a6b343deef8b5663872805fcf,12.1.2,0x00500020,0x004FD7A2,0x004F81A0,DATA,true
01901cbf7196b0c5d0df9540a029520f5df8fd9a6b343deef8b5663872805fcf,12.1.2,0x00500024,0x004FD7A9,0x004F81A0,DATA,true
01901cbf7196b0c5d0df9540a029520f5df8fd9a6b343deef8b5663872805fcf,12.1.2,0x00500028,0x004FD7CA,0x004F81A0,DATA,true
01901cbf7196b0c5d0df9540a029520f5df8fd9a6b343deef8b5663872805fcf,12.1.2,0x0050002C,0x004FD7D1,0x004F81A0,DATA,true
01901cbf7196b0c5d0df9540a029520f5df8fd9a6b343deef8b5663872805fcf,12.1.2,0x00500030,0x004FD7D8,0x004F81A0,DATA,true
01901cbf7196b0c5d0df9540a029520f5df8fd9a6b343deef8b5663872805fcf,12.1.2,0x00500034,0x004FD7ED,0x004F81A0,DATA,true
01901cbf7196b0c5d0df9540a029520f5df8fd9a6b343deef8b5663872805fcf,12.1.2,0x00500038,0x004FD7DF,0x004F81A0,DATA,true
01901cbf7196b0c5d0df9540a029520f5df8fd9a6b343deef8b5663872805fcf,12.1.2,0x0050003C,0x004FD7E6,0x004F81A0,DATA,true
01901cbf7196b0c5d0df9540a029520f5df8fd9a6b343deef8b5663872805fcf,12.1.2,0x00500040,0x004FD7ED,0x004F81A0,DATA,true
01901cbf7196b0c5d0df9540a029520f5df8fd9a6b343deef8b5663872805fcf,12.1.2,0x00500044,0x004FD7F4,0x004F81A0,DATA,true
01901cbf7196b0c5d0df9540a029520f5df8fd9a6b343deef8b5663872805fcf,12.1.2,0x00500048,0x004FD983,0x004F81A0,DATA,true
01901cbf7196b0c5d0df9540a029520f5df8fd9a6b343deef8b5663872805fcf,12.1.2,0x0050004C,0x004FD9DA,0x004F81A0,DATA,true
01901cbf7196b0c5d0df9540a029520f5df8fd9a6b343deef8b5663872805fcf,12.1.2,0x00500050,0x004FDAF9,0x004F81A0,DATA,true
01901cbf7196b0c5d0df9540a029520f5df8fd9a6b343deef8b5663872805fcf,12.1.2,0x00500054,0x004FDD00,0x004F81A0,DATA,true
01901cbf7196b0c5d0df9540a029520f5df8fd9a6b343deef8b5663872805fcf,12.1.2,0x00500058,0x004FDE62,0x004F81A0,DATA,true
01901cbf7196b0c5d0df9540a029520f5df8fd9a6b343deef8b5663872805fcf,12.1.2,0x0050005C,0x004FE0E7,0x004F81A0,DATA,true
01901cbf7196b0c5d0df9540a029520f5df8fd9a6b343deef8b5663872805fcf,12.1.2,0x00500060,0x004FDF80,0x004F81A0,DATA,true
01901cbf7196b0c5d0df9540a029520f5df8fd9a6b343deef8b5663872805fcf,12.1.2,0x00500064,0x004FE2AA,0x004F81A0,DATA,true
01901cbf7196b0c5d0df9540a029520f5df8fd9a6b343deef8b5663872805fcf,12.1.2,0x00500068,0x004FE34F,0x004F81A0,DATA,true
01901cbf7196b0c5d0df9540a029520f5df8fd9a6b343deef8b5663872805fcf,12.1.2,0x0050006C,0x004FE417,0x004F81A0,DATA,true
01901cbf7196b0c5d0df9540a029520f5df8fd9a6b343deef8b5663872805fcf,12.1.2,0x00500070,0x004FE15F,0x004F81A0,DATA,true
01901cbf7196b0c5d0df9540a029520f5df8fd9a6b343deef8b5663872805fcf,12.1.2,0x00500074,0x004FE284,0x004F81A0,DATA,true
01901cbf7196b0c5d0df9540a029520f5df8fd9a6b343deef8b5663872805fcf,12.1.2,0x00500078,0x004FE505,0x004F81A0,DATA,true
01901cbf7196b0c5d0df9540a029520f5df8fd9a6b343deef8b5663872805fcf,12.1.2,0x0050007C,0x004FE571,0x004F81A0,DATA,true
01901cbf7196b0c5d0df9540a029520f5df8fd9a6b343deef8b5663872805fcf,12.1.2,0x00500080,0x004FE4A3,0x004F81A0,DATA,true
01901cbf7196b0c5d0df9540a029520f5df8fd9a6b343deef8b5663872805fcf,12.1.2,0x00500084,0x004FE4CC,0x004F81A0,DATA,true
01901cbf7196b0c5d0df9540a029520f5df8fd9a6b343deef8b5663872805fcf,12.1.2,0x00500088,0x004FE1AA,0x004F81A0,DATA,true
01901cbf7196b0c5d0df9540a029520f5df8fd9a6b343deef8b5663872805fcf,12.1.2,0x0050008C,0x004FE213,0x004F81A0,DATA,true
01901cbf7196b0c5d0df9540a029520f5df8fd9a6b343deef8b5663872805fcf,12.1.2,0x00500090,0x004FEBFB,0x004F81A0,DATA,true
01901cbf7196b0c5d0df9540a029520f5df8fd9a6b343deef8b5663872805fcf,12.1.2,0x00500094,0x004FEC5B,0x004F81A0,DATA,true
01901cbf7196b0c5d0df9540a029520f5df8fd9a6b343deef8b5663872805fcf,12.1.2,0x00500098,0x004FEC3F,0x004F81A0,DATA,true
01901cbf7196b0c5d0df9540a029520f5df8fd9a6b343deef8b5663872805fcf,12.1.2,0x0050009C,0x004FEB01,0x004F81A0,DATA,true
01901cbf7196b0c5d0df9540a029520f5df8fd9a6b343deef8b5663872805fcf,12.1.2,0x005000A0,0x004FEB76,0x004F81A0,DATA,true
01901cbf7196b0c5d0df9540a029520f5df8fd9a6b343deef8b5663872805fcf,12.1.2,0x005000A4,0x004FDFD1,0x004F81A0,DATA,true
01901cbf7196b0c5d0df9540a029520f5df8fd9a6b343deef8b5663872805fcf,12.1.2,0x005000A8,0x004FE949,0x004F81A0,DATA,true
01901cbf7196b0c5d0df9540a029520f5df8fd9a6b343deef8b5663872805fcf,12.1.2,0x005000AC,0x004FE620,0x004F81A0,DATA,true
01901cbf7196b0c5d0df9540a029520f5df8fd9a6b343deef8b5663872805fcf,12.1.2,0x005000B0,0x004FE772,0x004F81A0,DATA,true
01901cbf7196b0c5d0df9540a029520f5df8fd9a6b343deef8b5663872805fcf,12.1.2,0x005000B4,0x004FE849,0x004F81A0,DATA,true
01901cbf7196b0c5d0df9540a029520f5df8fd9a6b343deef8b5663872805fcf,12.1.2,0x005000B8,0x004FEC77,0x004F81A0,DATA,true
01901cbf7196b0c5d0df9540a029520f5df8fd9a6b343deef8b5663872805fcf,12.1.2,0x005000BC,0x004FEF13,0x004F81A0,DATA,true
01901cbf7196b0c5d0df9540a029520f5df8fd9a6b343deef8b5663872805fcf,12.1.2,0x005000C0,0x004FE5BC,0x004F81A0,DATA,true
01901cbf7196b0c5d0df9540a029520f5df8fd9a6b343deef8b5663872805fcf,12.1.2,0x005000C4,0x004FEA7A,0x004F81A0,DATA,true
01901cbf7196b0c5d0df9540a029520f5df8fd9a6b343deef8b5663872805fcf,12.1.2,0x005000C8,0x004FE5DA,0x004F81A0,DATA,true
01901cbf7196b0c5d0df9540a029520f5df8fd9a6b343deef8b5663872805fcf,12.1.2,0x005000CC,0x004FED36,0x004F81A0,DATA,true
01901cbf7196b0c5d0df9540a029520f5df8fd9a6b343deef8b5663872805fcf,12.1.2,0x005000D0,0x004FEDB8,0x004F81A0,DATA,true
01901cbf7196b0c5d0df9540a029520f5df8fd9a6b343deef8b5663872805fcf,12.1.2,0x005000D4,0x004FEF49,0x004F81A0,DATA,true
01901cbf7196b0c5d0df9540a029520f5df8fd9a6b343deef8b5663872805fcf,12.1.2,0x005153E0,0x00515359,0x005150D0,DATA,true
01901cbf7196b0c5d0df9540a029520f5df8fd9a6b343deef8b5663872805fcf,12.1.2,0x005153E4,0x0051536F,0x005150D0,DATA,true
01901cbf7196b0c5d0df9540a029520f5df8fd9a6b343deef8b5663872805fcf,12.1.2,0x005153E8,0x00515385,0x005150D0,DATA,true
01901cbf7196b0c5d0df9540a029520f5df8fd9a6b343deef8b5663872805fcf,12.1.2,0x005153EC,0x00515391,0x005150D0,DATA,true
01901cbf7196b0c5d0df9540a029520f5df8fd9a6b343deef8b5663872805fcf,12.1.2,0x005153F0,0x0051539D,0x005150D0,DATA,true
01901cbf7196b0c5d0df9540a029520f5df8fd9a6b343deef8b5663872805fcf,12.1.2,0x005153F4,0x005153A9,0x005150D0,DATA,true
01901cbf7196b0c5d0df9540a029520f5df8fd9a6b343deef8b5663872805fcf,12.1.2,0x005168B8,0x005166F9,0x005166D0,DATA,true
01901cbf7196b0c5d0df9540a029520f5df8fd9a6b343deef8b5663872805fcf,12.1.2,0x005168BC,0x00516779,0x005166D0,DATA,true
01901cbf7196b0c5d0df9540a029520f5df8fd9a6b343deef8b5663872805fcf,12.1.2,0x005168C0,0x005167AC,0x005166D0,DATA,true
01901cbf7196b0c5d0df9540a029520f5df8fd9a6b343deef8b5663872805fcf,12.1.2,0x005168C4,0x005167ED,0x005166D0,DATA,true
01901cbf7196b0c5d0df9540a029520f5df8fd9a6b343deef8b5663872805fcf,12.1.2,0x005168C8,0x00516840,0x005166D0,DATA,true
01901cbf7196b0c5d0df9540a029520f5df8fd9a6b343deef8b5663872805fcf,12.1.2,0x005168CC,0x005168AF,0x005166D0,DATA,true
01901cbf7196b0c5d0df9540a029520f5df8fd9a6b343deef8b5663872805fcf,12.1.2,0x00517034,0x00516EBB,0x00516DA0,DATA,true
01901cbf7196b0c5d0df9540a029520f5df8fd9a6b343deef8b5663872805fcf,12.1.2,0x00517038,0x00516EE5,0x00516DA0,DATA,true
01901cbf7196b0c5d0df9540a029520f5df8fd9a6b343deef8b5663872805fcf,12.1.2,0x0051703C,0x00516EE5,0x00516DA0,DATA,true
01901cbf7196b0c5d0df9540a029520f5df8fd9a6b343deef8b5663872805fcf,12.1.2,0x00517040,0x00516EE5,0x00516DA0,DATA,true
01901cbf7196b0c5d0df9540a029520f5df8fd9a6b343deef8b5663872805fcf,12.1.2,0x00517044,0x00516EE5,0x00516DA0,DATA,true
01901cbf7196b0c5d0df9540a029520f5df8fd9a6b343deef8b5663872805fcf,12.1.2,0x00517048,0x00516F94,0x00516DA0,DATA,true
01901cbf7196b0c5d0df9540a029520f5df8fd9a6b343deef8b5663872805fcf,12.1.2,0x0051704C,0x00516F16,0x00516DA0,DATA,true
01901cbf7196b0c5d0df9540a029520f5df8fd9a6b343deef8b5663872805fcf,12.1.2,0x00517050,0x00516F38,0x00516DA0,DATA,true
01901cbf7196b0c5d0df9540a029520f5df8fd9a6b343deef8b5663872805fcf,12.1.2,0x00517054,0x00516F57,0x00516DA0,DATA,true
01901cbf7196b0c5d0df9540a029520f5df8fd9a6b343deef8b5663872805fcf,12.1.2,0x00517058,0x00516F75,0x00516DA0,DATA,true
01901cbf7196b0c5d0df9540a029520f5df8fd9a6b343deef8b5663872805fcf,12.1.2,0x0051778C,0x00517323,0x005171D0,DATA,true
01901cbf7196b0c5d0df9540a029520f5df8fd9a6b343deef8b5663872805fcf,12.1.2,0x00517790,0x0051732A,0x005171D0,DATA,true
01901cbf7196b0c5d0df9540a029520f5df8fd9a6b343deef8b5663872805fcf,12.1.2,0x00517794,0x0051737C,0x005171D0,DATA,true
01901cbf7196b0c5d0df9540a029520f5df8fd9a6b343deef8b5663872805fcf,12.1.2,0x00517798,0x005173A1,0x005171D0,DATA,true
01901cbf7196b0c5d0df9540a029520f5df8fd9a6b343deef8b5663872805fcf,12.1.2,0x0051779C,0x005173C9,0x005171D0,DATA,true
01901cbf7196b0c5d0df9540a029520f5df8fd9a6b343deef8b5663872805fcf,12.1.2,0x005177A0,0x005173F1,0x005171D0,DATA,true
01901cbf7196b0c5d0df9540a029520f5df8fd9a6b343deef8b5663872805fcf,12.1.2,0x005177A4,0x00517448,0x005171D0,DATA,true
01901cbf7196b0c5d0df9540a029520f5df8fd9a6b343deef8b5663872805fcf,12.1.2,0x005177A8,0x00517485,0x005171D0,DATA,true
01901cbf7196b0c5d0df9540a029520f5df8fd9a6b343deef8b5663872805fcf,12.1.2,0x005177AC,0x005174F9,0x005171D0,DATA,true
01901cbf7196b0c5d0df9540a029520f5df8fd9a6b343deef8b5663872805fcf,12.1.2,0x005177B0,0x00517238,0x005171D0,DATA,true
01901cbf7196b0c5d0df9540a029520f5df8fd9a6b343deef8b5663872805fcf,12.1.2,0x005177B4,0x0051726D,0x005171D0,DATA,true
01901cbf7196b0c5d0df9540a029520f5df8fd9a6b343deef8b5663872805fcf,12.1.2,0x005177B8,0x00517338,0x005171D0,DATA,true
01901cbf7196b0c5d0df9540a029520f5df8fd9a6b343deef8b5663872805fcf,12.1.2,0x005177BC,0x0051738A,0x005171D0,DATA,true
01901cbf7196b0c5d0df9540a029520f5df8fd9a6b343deef8b5663872805fcf,12.1.2,0x005177C0,0x005173B4,0x005171D0,DATA,true
01901cbf7196b0c5d0df9540a029520f5df8fd9a6b343deef8b5663872805fcf,12.1.2,0x005177C4,0x005173DE,0x005171D0,DATA,true
01901cbf7196b0c5d0df9540a029520f5df8fd9a6b343deef8b5663872805fcf,12.1.2,0x005177C8,0x0051745D,0x005171D0,DATA,true
01901cbf7196b0c5d0df9540a029520f5df8fd9a6b343deef8b5663872805fcf,12.1.2,0x005177CC,0x00517408,0x005171D0,DATA,true
01901cbf7196b0c5d0df9540a029520f5df8fd9a6b343deef8b5663872805fcf,12.1.2,0x005177D0,0x0051740F,0x005171D0,DATA,true
01901cbf7196b0c5d0df9540a029520f5df8fd9a6b343deef8b5663872805fcf,12.1.2,0x005177D4,0x00517472,0x005171D0,DATA,true
01901cbf7196b0c5d0df9540a029520f5df8fd9a6b343deef8b5663872805fcf,12.1.2,0x005177D8,0x00517315,0x005171D0,DATA,true
01901cbf7196b0c5d0df9540a029520f5df8fd9a6b343deef8b5663872805fcf,12.1.2,0x005177DC,0x00517509,0x005171D0,DATA,true
01901cbf7196b0c5d0df9540a029520f5df8fd9a6b343deef8b5663872805fcf,12.1.2,0x005177E0,0x00517519,0x005171D0,DATA,true
01901cbf7196b0c5d0df9540a029520f5df8fd9a6b343deef8b5663872805fcf,12.1.2,0x00517818,0x00517556,0x005171D0,DATA,true
01901cbf7196b0c5d0df9540a029520f5df8fd9a6b343deef8b5663872805fcf,12.1.2,0x0051781C,0x0051759B,0x005171D0,DATA,true
01901cbf7196b0c5d0df9540a029520f5df8fd9a6b343deef8b5663872805fcf,12.1.2,0x00517820,0x00517546,0x005171D0,DATA,true
01901cbf7196b0c5d0df9540a029520f5df8fd9a6b343deef8b5663872805fcf,12.1.2,0x00517824,0x00517571,0x005171D0,DATA,true
01901cbf7196b0c5d0df9540a029520f5df8fd9a6b343deef8b5663872805fcf,12.1.2,0x00517828,0x00517566,0x005171D0,DATA,true
01901cbf7196b0c5d0df9540a029520f5df8fd9a6b343deef8b5663872805fcf,12.1.2,0x0051782C,0x0051757C,0x005171D0,DATA,true
01901cbf7196b0c5d0df9540a029520f5df8fd9a6b343deef8b5663872805fcf,12.1.2,0x00517830,0x00517580,0x005171D0,DATA,true
01901cbf7196b0c5d0df9540a029520f5df8fd9a6b343deef8b5663872805fcf,12.1.2,0x00517834,0x00517590,0x005171D0,DATA,true
01901cbf7196b0c5d0df9540a029520f5df8fd9a6b343deef8b5663872805fcf,12.1.2,0x00517838,0x00517537,0x005171D0,DATA,true
01901cbf7196b0c5d0df9540a029520f5df8fd9a6b343deef8b5663872805fcf,12.1.2,0x0051783C,0x0051753B,0x005171D0,DATA,true
01901cbf7196b0c5d0df9540a029520f5df8fd9a6b343deef8b5663872805fcf,12.1.2,0x00517840,0x005175AB,0x005171D0,DATA,true
01901cbf7196b0c5d0df9540a029520f5df8fd9a6b343deef8b5663872805fcf,12.1.2,0x00517898,0x00517708,0x005171D0,DATA,true
01901cbf7196b0c5d0df9540a029520f5df8fd9a6b343deef8b5663872805fcf,12.1.2,0x0051789C,0x00517784,0x005171D0,DATA,true
01901cbf7196b0c5d0df9540a029520f5df8fd9a6b343deef8b5663872805fcf,12.1.2,0x005178A0,0x00517760,0x005171D0,DATA,true
01901cbf7196b0c5d0df9540a029520f5df8fd9a6b343deef8b5663872805fcf,12.1.2,0x005178A4,0x00517784,0x005171D0,DATA,true
01901cbf7196b0c5d0df9540a029520f5df8fd9a6b343deef8b5663872805fcf,12.1.2,0x005178A8,0x00517784,0x005171D0,DATA,true
01901cbf7196b0c5d0df9540a029520f5df8fd9a6b343deef8b5663872805fcf,12.1.2,0x005178AC,0x00517734,0x005171D0,DATA,true
01901cbf7196b0c5d0df9540a029520f5df8fd9a6b343deef8b5663872805fcf,12.1.2,0x005178B0,0x0051771E,0x005171D0,DATA,true
01901cbf7196b0c5d0df9540a029520f5df8fd9a6b343deef8b5663872805fcf,12.1.2,0x005178B4,0x0051774A,0x005171D0,DATA,true
01901cbf7196b0c5d0df9540a029520f5df8fd9a6b343deef8b5663872805fcf,12.1.2,0x005178B8,0x00517776,0x005171D0,DATA,true
01901cbf7196b0c5d0df9540a029520f5df8fd9a6b343deef8b5663872805fcf,12.1.2,0x0051B670,0x0051794B,0x005178C0,DATA,true
01901cbf7196b0c5d0df9540a029520f5df8fd9a6b343deef8b5663872805fcf,12.1.2,0x0051B674,0x0051795D,0x005178C0,DATA,true
01901cbf7196b0c5d0df9540a029520f5df8fd9a6b343deef8b5663872805fcf,12.1.2,0x0051B678,0x00517939,0x005178C0,DATA,true
01901cbf7196b0c5d0df9540a029520f5df8fd9a6b343deef8b5663872805fcf,12.1.2,0x0051B67C,0x00517930,0x005178C0,DATA,true
01901cbf7196b0c5d0df9540a029520f5df8fd9a6b343deef8b5663872805fcf,12.1.2,0x0051B680,0x00517942,0x005178C0,DATA,true
01901cbf7196b0c5d0df9540a029520f5df8fd9a6b343deef8b5663872805fcf,12.1.2,0x0051B684,0x00517954,0x005178C0,DATA,true
01901cbf7196b0c5d0df9540a029520f5df8fd9a6b343deef8b5663872805fcf,12.1.2,0x0051B688,0x00517966,0x005178C0,DATA,true
01901cbf7196b0c5d0df9540a029520f5df8fd9a6b343deef8b5663872805fcf,12.1.2,0x0051B68C,0x0051799B,0x005178C0,DATA,true
01901cbf7196b0c5d0df9540a029520f5df8fd9a6b343deef8b5663872805fcf,12.1.2,0x0051B6CC,0x00517FE4,0x005178C0,DATA,true
01901cbf7196b0c5d0df9540a029520f5df8fd9a6b343deef8b5663872805fcf,12.1.2,0x0051B6D0,0x005180D3,0x005178C0,DATA,true
01901cbf7196b0c5d0df9540a029520f5df8fd9a6b343deef8b5663872805fcf,12.1.2,0x0051B6D4,0x005180E2,0x005178C0,DATA,true
01901cbf7196b0c5d0df9540a029520f5df8fd9a6b343deef8b5663872805fcf,12.1.2,0x0051B6D8,0x00517FF3,0x005178C0,DATA,true
01901cbf7196b0c5d0df9540a029520f5df8fd9a6b343deef8b5663872805fcf,12.1.2,0x0051B73C,0x00518140,0x005178C0,DATA,true
01901cbf7196b0c5d0df9540a029520f5df8fd9a6b343deef8b5663872805fcf,12.1.2,0x0051B740,0x005180D3,0x005178C0,DATA,true
01901cbf7196b0c5d0df9540a029520f5df8fd9a6b343deef8b5663872805fcf,12.1.2,0x0051B744,0x0051811C,0x005178C0,DATA,true
01901cbf7196b0c5d0df9540a029520f5df8fd9a6b343deef8b5663872805fcf,12.1.2,0x0051B748,0x005180E2,0x005178C0,DATA,true
01901cbf7196b0c5d0df9540a029520f5df8fd9a6b343deef8b5663872805fcf,12.1.2,0x0051B74C,0x00518080,0x005178C0,DATA,true
01901cbf7196b0c5d0df9540a029520f5df8fd9a6b343deef8b5663872805fcf,12.1.2,0x0051B750,0x00518100,0x005178C0,DATA,true
01901cbf7196b0c5d0df9540a029520f5df8fd9a6b343deef8b5663872805fcf,12.1.2,0x0051B754,0x005180BB,0x005178C0,DATA,true
01901cbf7196b0c5d0df9540a029520f5df8fd9a6b343deef8b5663872805fcf,12.1.2,0x0051B758,0x00518059,0x005178C0,DATA,true
01901cbf7196b0c5d0df9540a029520f5df8fd9a6b343deef8b5663872805fcf,12.1.2,0x0051B75C,0x005180F1,0x005178C0,DATA,true
01901cbf7196b0c5d0df9540a029520f5df8fd9a6b343deef8b5663872805fcf,12.1.2,0x0051B760,0x00518170,0x005178C0,DATA,true
01901cbf7196b0c5d0df9540a029520f5df8fd9a6b343deef8b5663872805fcf,12.1.2,0x0051B7AC,0x00518331,0x005178C0,DATA,true
01901cbf7196b0c5d0df9540a029520f5df8fd9a6b343deef8b5663872805fcf,12.1.2,0x0051B7B0,0x005182E4,0x005178C0,DATA,true
01901cbf7196b0c5d0df9540a029520f5df8fd9a6b343deef8b5663872805fcf,12.1.2,0x0051B7B4,0x005182FD,0x005178C0,DATA,true
01901cbf7196b0c5d0df9540a029520f5df8fd9a6b343deef8b5663872805fcf,12.1.2,0x0051B7B8,0x0051828F,0x005178C0,DATA,true
01901cbf7196b0c5d0df9540a029520f5df8fd9a6b343deef8b5663872805fcf,12.1.2,0x0051B7BC,0x005181F2,0x005178C0,DATA,true
01901cbf7196b0c5d0df9540a029520f5df8fd9a6b343deef8b5663872805fcf,12.1.2,0x0051B7C0,0x005181EA,0x005178C0,DATA,true
01901cbf7196b0c5d0df9540a029520f5df8fd9a6b343deef8b5663872805fcf,12.1.2,0x0051B7C4,0x00518268,0x005178C0,DATA,true
01901cbf7196b0c5d0df9540a029520f5df8fd9a6b343deef8b5663872805fcf,12.1.2,0x0051B7C8,0x0051822D,0x005178C0,DATA,true
01901cbf7196b0c5d0df9540a029520f5df8fd9a6b343deef8b5663872805fcf,12.1.2,0x0051B7CC,0x0051821D,0x005178C0,DATA,true
01901cbf7196b0c5d0df9540a029520f5df8fd9a6b343deef8b5663872805fcf,12.1.2,0x0051B7D0,0x00518249,0x005178C0,DATA,true
01901cbf7196b0c5d0df9540a029520f5df8fd9a6b343deef8b5663872805fcf,12.1.2,0x0051B7D4,0x00518202,0x005178C0,DATA,true
01901cbf7196b0c5d0df9540a029520f5df8fd9a6b343deef8b5663872805fcf,12.1.2,0x0051B7D8,0x005181FA,0x005178C0,DATA,true
01901cbf7196b0c5d0df9540a029520f5df8fd9a6b343deef8b5663872805fcf,12.1.2,0x0051B7DC,0x00518341,0x005178C0,DATA,true
01901cbf7196b0c5d0df9540a029520f5df8fd9a6b343deef8b5663872805fcf,12.1.2,0x0051B830,0x005183A2,0x005178C0,DATA,true
01901cbf7196b0c5d0df9540a029520f5df8fd9a6b343deef8b5663872805fcf,12.1.2,0x0051B834,0x005183F4,0x005178C0,DATA,true
01901cbf7196b0c5d0df9540a029520f5df8fd9a6b343deef8b5663872805fcf,12.1.2,0x0051B838,0x005183BF,0x005178C0,DATA,true
01901cbf7196b0c5d0df9540a029520f5df8fd9a6b343deef8b5663872805fcf,12.1.2,0x0051B83C,0x00518417,0x005178C0,DATA,true
01901cbf7196b0c5d0df9540a029520f5df8fd9a6b343deef8b5663872805fcf,12.1.2,0x0051B840,0x005183DC,0x005178C0,DATA,true
01901cbf7196b0c5d0df9540a029520f5df8fd9a6b343deef8b5663872805fcf,12.1.2,0x0051B844,0x005183E8,0x005178C0,DATA,true
01901cbf7196b0c5d0df9540a029520f5df8fd9a6b343deef8b5663872805fcf,12.1.2,0x0051B848,0x00518400,0x005178C0,DATA,true
01901cbf7196b0c5d0df9540a029520f5df8fd9a6b343deef8b5663872805fcf,12.1.2,0x0051B84C,0x005184FA,0x005178C0,DATA,true
01901cbf7196b0c5d0df9540a029520f5df8fd9a6b343deef8b5663872805fcf,12.1.2,0x0051B850,0x005185B0,0x005178C0,DATA,true
01901cbf7196b0c5d0df9540a029520f5df8fd9a6b343deef8b5663872805fcf,12.1.2,0x0051B88C,0x00518BB1,0x005178C0,DATA,true
01901cbf7196b0c5d0df9540a029520f5df8fd9a6b343deef8b5663872805fcf,12.1.2,0x0051B890,0x005188C7,0x005178C0,DATA,true
01901cbf7196b0c5d0df9540a029520f5df8fd9a6b343deef8b5663872805fcf,12.1.2,0x0051B894,0x00518863,0x005178C0,DATA,true
01901cbf7196b0c5d0df9540a029520f5df8fd9a6b343deef8b5663872805fcf,12.1.2,0x0051B898,0x0051872B,0x005178C0,DATA,true
01901cbf7196b0c5d0df9540a029520f5df8fd9a6b343deef8b5663872805fcf,12.1.2,0x0051B89C,0x005186AE,0x005178C0,DATA,true
01901cbf7196b0c5d0df9540a029520f5df8fd9a6b343deef8b5663872805fcf,12.1.2,0x0051B8A0,0x00519F9C,0x005178C0,DATA,true
01901cbf7196b0c5d0df9540a029520f5df8fd9a6b343deef8b5663872805fcf,12.1.2,0x0051B900,0x00519FC5,0x005178C0,DATA,true
01901cbf7196b0c5d0df9540a029520f5df8fd9a6b343deef8b5663872805fcf,12.1.2,0x0051B904,0x00519FD5,0x005178C0,DATA,true
01901cbf7196b0c5d0df9540a029520f5df8fd9a6b343deef8b5663872805fcf,12.1.2,0x0051B908,0x00519FE8,0x005178C0,DATA,true
01901cbf7196b0c5d0df9540a029520f5df8fd9a6b343deef8b5663872805fcf,12.1.2,0x0051B90C,0x00519FF8,0x005178C0,DATA,true
01901cbf7196b0c5d0df9540a029520f5df8fd9a6b343deef8b5663872805fcf,12.1.2,0x0051B910,0x0051A008,0x005178C0,DATA,true
01901cbf7196b0c5d0df9540a029520f5df8fd9a6b343deef8b5663872805fcf,12.1.2,0x0051B914,0x0051A018,0x005178C0,DATA,true
01901cbf7196b0c5d0df9540a029520f5df8fd9a6b343deef8b5663872805fcf,12.1.2,0x0051B918,0x0051A028,0x005178C0,DATA,true
01901cbf7196b0c5d0df9540a029520f5df8fd9a6b343deef8b5663872805fcf,12.1.2,0x0051B91C,0x0051A032,0x005178C0,DATA,true
01901cbf7196b0c5d0df9540a029520f5df8fd9a6b343deef8b5663872805fcf,12.1.2,0x0051B920,0x0051A042,0x005178C0,DATA,true
01901cbf7196b0c5d0df9540a029520f5df8fd9a6b343deef8b5663872805fcf,12.1.2,0x0051B924,0x0051A052,0x005178C0,DATA,true
01901cbf7196b0c5d0df9540a029520f5df8fd9a6b343deef8b5663872805fcf,12.1.2,0x0051B928,0x0051A062,0x005178C0,DATA,true
01901cbf7196b0c5d0df9540a029520f5df8fd9a6b343deef8b5663872805fcf,12.1.2,0x0051B92C,0x0051A072,0x005178C0,DATA,true
01901cbf7196b0c5d0df9540a029520f5df8fd9a6b343deef8b5663872805fcf,12.1.2,0x0051B930,0x0051A0B0,0x005178C0,DATA,true
01901cbf7196b0c5d0df9540a029520f5df8fd9a6b343deef8b5663872805fcf,12.1.2,0x0051B934,0x0051A0C0,0x005178C0,DATA,true
01901cbf7196b0c5d0df9540a029520f5df8fd9a6b343deef8b5663872805fcf,12.1.2,0x0051B938,0x0051A0F0,0x005178C0,DATA,true
01901cbf7196b0c5d0df9540a029520f5df8fd9a6b343deef8b5663872805fcf,12.1.2,0x0051B93C,0x0051A0D0,0x005178C0,DATA,true
01901cbf7196b0c5d0df9540a029520f5df8fd9a6b343deef8b5663872805fcf,12.1.2,0x0051B940,0x0051A0E0,0x005178C0,DATA,true
01901cbf7196b0c5d0df9540a029520f5df8fd9a6b343deef8b5663872805fcf,12.1.2,0x0051B944,0x0051A137,0x005178C0,DATA,true
01901cbf7196b0c5d0df9540a029520f5df8fd9a6b343deef8b5663872805fcf,12.1.2,0x0051B948,0x0051A24C,0x005178C0,DATA,true
01901cbf7196b0c5d0df9540a029520f5df8fd9a6b343deef8b5663872805fcf,12.1.2,0x0051B94C,0x0051A2C2,0x005178C0,DATA,true
01901cbf7196b0c5d0df9540a029520f5df8fd9a6b343deef8b5663872805fcf,12.1.2,0x0051B950,0x0051A259,0x005178C0,DATA,true
01901cbf7196b0c5d0df9540a029520f5df8fd9a6b343deef8b5663872805fcf,12.1.2,0x0051B954,0x0051A266,0x005178C0,DATA,true
01901cbf7196b0c5d0df9540a029520f5df8fd9a6b343deef8b5663872805fcf,12.1.2,0x0051B958,0x0051A29A,0x005178C0,DATA,true
01901cbf7196b0c5d0df9540a029520f5df8fd9a6b343deef8b5663872805fcf,12.1.2,0x0051B95C,0x0051A273,0x005178C0,DATA,true
01901cbf7196b0c5d0df9540a029520f5df8fd9a6b343deef8b5663872805fcf,12.1.2,0x0051B960,0x0051A280,0x005178C0,DATA,true
01901cbf7196b0c5d0df9540a029520f5df8fd9a6b343deef8b5663872805fcf,12.1.2,0x0051B964,0x0051A2AA,0x005178C0,DATA,true
01901cbf7196b0c5d0df9540a029520f5df8fd9a6b343deef8b5663872805fcf,12.1.2,0x0051B968,0x0051A2C2,0x005178C0,DATA,true
01901cbf7196b0c5d0df9540a029520f5df8fd9a6b343deef8b5663872805fcf,12.1.2,0x0051B96C,0x0051A28D,0x005178C0,DATA,true
01901cbf7196b0c5d0df9540a029520f5df8fd9a6b343deef8b5663872805fcf,12.1.2,0x0051B970,0x0051A396,0x005178C0,DATA,true
01901cbf7196b0c5d0df9540a029520f5df8fd9a6b343deef8b5663872805fcf,12.1.2,0x0051B974,0x0051A3B0,0x005178C0,DATA,true
01901cbf7196b0c5d0df9540a029520f5df8fd9a6b343deef8b5663872805fcf,12.1.2,0x0051B978,0x0051A3CD,0x005178C0,DATA,true
01901cbf7196b0c5d0df9540a029520f5df8fd9a6b343deef8b5663872805fcf,12.1.2,0x0051B97C,0x0051A389,0x005178C0,DATA,true
01901cbf7196b0c5d0df9540a029520f5df8fd9a6b343deef8b5663872805fcf,12.1.2,0x0051B980,0x0051A2F6,0x005178C0,DATA,true
01901cbf7196b0c5d0df9540a029520f5df8fd9a6b343deef8b5663872805fcf,12.1.2,0x0051B984,0x0051A307,0x005178C0,DATA,true
01901cbf7196b0c5d0df9540a029520f5df8fd9a6b343deef8b5663872805fcf,12.1.2,0x0051B988,0x0051A319,0x005178C0,DATA,true
01901cbf7196b0c5d0df9540a029520f5df8fd9a6b343deef8b5663872805fcf,12.1.2,0x0051B98C,0x0051A32B,0x005178C0,DATA,true
01901cbf7196b0c5d0df9540a029520f5df8fd9a6b343deef8b5663872805fcf,12.1.2,0x0051B990,0x0051A33D,0x005178C0,DATA,true
01901cbf7196b0c5d0df9540a029520f5df8fd9a6b343deef8b5663872805fcf,12.1.2,0x0051B994,0x0051A34F,0x005178C0,DATA,true
01901cbf7196b0c5d0df9540a029520f5df8fd9a6b343deef8b5663872805fcf,12.1.2,0x0051B998,0x0051A35F,0x005178C0,DATA,true
01901cbf7196b0c5d0df9540a029520f5df8fd9a6b343deef8b5663872805fcf,12.1.2,0x0051B99C,0x0051A36F,0x005178C0,DATA,true
01901cbf7196b0c5d0df9540a029520f5df8fd9a6b343deef8b5663872805fcf,12.1.2,0x0051B9A0,0x0051A37C,0x005178C0,DATA,true
01901cbf7196b0c5d0df9540a029520f5df8fd9a6b343deef8b5663872805fcf,12.1.2,0x0051B9A4,0x0051A3F8,0x005178C0,DATA,true
01901cbf7196b0c5d0df9540a029520f5df8fd9a6b343deef8b5663872805fcf,12.1.2,0x0051B9C0,0x0051A6AE,0x005178C0,DATA,true
01901cbf7196b0c5d0df9540a029520f5df8fd9a6b343deef8b5663872805fcf,12.1.2,0x0051B9C4,0x0051A910,0x005178C0,DATA,true
01901cbf7196b0c5d0df9540a029520f5df8fd9a6b343deef8b5663872805fcf,12.1.2,0x0051B9C8,0x0051A57A,0x005178C0,DATA,true
01901cbf7196b0c5d0df9540a029520f5df8fd9a6b343deef8b5663872805fcf,12.1.2,0x0051B9CC,0x0051A5F6,0x005178C0,DATA,true
01901cbf7196b0c5d0df9540a029520f5df8fd9a6b343deef8b5663872805fcf,12.1.2,0x0051B9D0,0x0051A7BE,0x005178C0,DATA,true
01901cbf7196b0c5d0df9540a029520f5df8fd9a6b343deef8b5663872805fcf,12.1.2,0x0051B9D4,0x0051A7D0,0x005178C0,DATA,true
01901cbf7196b0c5d0df9540a029520f5df8fd9a6b343deef8b5663872805fcf,12.1.2,0x0051B9D8,0x0051A7DA,0x005178C0,DATA,true
01901cbf7196b0c5d0df9540a029520f5df8fd9a6b343deef8b5663872805fcf,12.1.2,0x0051B9DC,0x0051A7E4,0x005178C0,DATA,true
01901cbf7196b0c5d0df9540a029520f5df8fd9a6b343deef8b5663872805fcf,12.1.2,0x0051B9E0,0x0051A7EE,0x005178C0,DATA,true
01901cbf7196b0c5d0df9540a029520f5df8fd9a6b343deef8b5663872805fcf,12.1.2,0x0051B9E4,0x0051A7F8,0x005178C0,DATA,true
01901cbf7196b0c5d0df9540a029520f5df8fd9a6b343deef8b5663872805fcf,12.1.2,0x0051B9E8,0x0051A802,0x005178C0,DATA,true
01901cbf7196b0c5d0df9540a029520f5df8fd9a6b343deef8b5663872805fcf,12.1.2,0x0051B9EC,0x0051B078,0x005178C0,DATA,true
01901cbf7196b0c5d0df9540a029520f5df8fd9a6b343deef8b5663872805fcf,12.1.2,0x0051BA60,0x0051AD52,0x005178C0,DATA,true
01901cbf7196b0c5d0df9540a029520f5df8fd9a6b343deef8b5663872805fcf,12.1.2,0x0051BA64,0x0051B078,0x005178C0,DATA,true
01901cbf7196b0c5d0df9540a029520f5df8fd9a6b343deef8b5663872805fcf,12.1.2,0x0051BA68,0x0051ACA7,0x005178C0,DATA,true
01901cbf7196b0c5d0df9540a029520f5df8fd9a6b343deef8b5663872805fcf,12.1.2,0x0051BA6C,0x0051B078,0x005178C0,DATA,true
01901cbf7196b0c5d0df9540a029520f5df8fd9a6b343deef8b5663872805fcf,12.1.2,0x0051BA70,0x0051ACC7,0x005178C0,DATA,true
01901cbf7196b0c5d0df9540a029520f5df8fd9a6b343deef8b5663872805fcf,12.1.2,0x0051BA74,0x0051ACE5,0x005178C0,DATA,true
01901cbf7196b0c5d0df9540a029520f5df8fd9a6b343deef8b5663872805fcf,12.1.2,0x0051BA78,0x0051ACB7,0x005178C0,DATA,true
01901cbf7196b0c5d0df9540a029520f5df8fd9a6b343deef8b5663872805fcf,12.1.2,0x0051BA7C,0x0051AD0D,0x005178C0,DATA,true
01901cbf7196b0c5d0df9540a029520f5df8fd9a6b343deef8b5663872805fcf,12.1.2,0x0051BA80,0x0051AC87,0x005178C0,DATA,true
01901cbf7196b0c5d0df9540a029520f5df8fd9a6b343deef8b5663872805fcf,12.1.2,0x0051BA84,0x0051AC77,0x005178C0,DATA,true
01901cbf7196b0c5d0df9540a029520f5df8fd9a6b343deef8b5663872805fcf,12.1.2,0x0051BA88,0x0051AA0D,0x005178C0,DATA,true
01901cbf7196b0c5d0df9540a029520f5df8fd9a6b343deef8b5663872805fcf,12.1.2,0x0051BA8C,0x0051B078,0x005178C0,DATA,true
01901cbf7196b0c5d0df9540a029520f5df8fd9a6b343deef8b5663872805fcf,12.1.2,0x0051BA90,0x0051ACD7,0x005178C0,DATA,true
01901cbf7196b0c5d0df9540a029520f5df8fd9a6b343deef8b5663872805fcf,12.1.2,0x0051BA94,0x0051B078,0x005178C0,DATA,true
01901cbf7196b0c5d0df9540a029520f5df8fd9a6b343deef8b5663872805fcf,12.1.2,0x0051BA98,0x0051B078,0x005178C0,DATA,true
01901cbf7196b0c5d0df9540a029520f5df8fd9a6b343deef8b5663872805fcf,12.1.2,0x0051BA9C,0x0051B078,0x005178C0,DATA,true
01901cbf7196b0c5d0df9540a029520f5df8fd9a6b343deef8b5663872805fcf,12.1.2,0x0051BAA0,0x0051AC97,0x005178C0,DATA,true
01901cbf7196b0c5d0df9540a029520f5df8fd9a6b343deef8b5663872805fcf,12.1.2,0x0051BAA4,0x0051AC58,0x005178C0,DATA,true
01901cbf7196b0c5d0df9540a029520f5df8fd9a6b343deef8b5663872805fcf,12.1.2,0x0051BAA8,0x0051B078,0x005178C0,DATA,true
01901cbf7196b0c5d0df9540a029520f5df8fd9a6b343deef8b5663872805fcf,12.1.2,0x0051BAAC,0x0051AC39,0x005178C0,DATA,true
01901cbf7196b0c5d0df9540a029520f5df8fd9a6b343deef8b5663872805fcf,12.1.2,0x0051BAB0,0x0051B058,0x005178C0,DATA,true
01901cbf7196b0c5d0df9540a029520f5df8fd9a6b343deef8b5663872805fcf,12.1.2,0x0051BAB4,0x0051B00F,0x005178C0,DATA,true
01901cbf7196b0c5d0df9540a029520f5df8fd9a6b343deef8b5663872805fcf,12.1.2,0x0051BAB8,0x0051ACFB,0x005178C0,DATA,true
01901cbf7196b0c5d0df9540a029520f5df8fd9a6b343deef8b5663872805fcf,12.1.2,0x0051BABC,0x0051AFF5,0x005178C0,DATA,true
01901cbf7196b0c5d0df9540a029520f5df8fd9a6b343deef8b5663872805fcf,12.1.2,0x0051BAC0,0x0051AE3F,0x005178C0,DATA,true
01901cbf7196b0c5d0df9540a029520f5df8fd9a6b343deef8b5663872805fcf,12.1.2,0x0051BAC4,0x0051AE1D,0x005178C0,DATA,true
01901cbf7196b0c5d0df9540a029520f5df8fd9a6b343deef8b5663872805fcf,12.1.2,0x0051BAC8,0x0051ADCE,0x005178C0,DATA,true
01901cbf7196b0c5d0df9540a029520f5df8fd9a6b343deef8b5663872805fcf,12.1.2,0x0051BACC,0x0051B073,0x005178C0,DATA,true
01901cbf7196b0c5d0df9540a029520f5df8fd9a6b343deef8b5663872805fcf,12.1.2,0x0051BAD0,0x0051B078,0x005178C0,DATA,true
01901cbf7196b0c5d0df9540a029520f5df8fd9a6b343deef8b5663872805fcf,12.1.2,0x0051BB08,0x0051B106,0x005178C0,DATA,true
01901cbf7196b0c5d0df9540a029520f5df8fd9a6b343deef8b5663872805fcf,12.1.2,0x0051BB0C,0x0051B111,0x005178C0,DATA,true
01901cbf7196b0c5d0df9540a029520f5df8fd9a6b343deef8b5663872805fcf,12.1.2,0x0051BB10,0x0051B0B2,0x005178C0,DATA,true
01901cbf7196b0c5d0df9540a029520f5df8fd9a6b343deef8b5663872805fcf,12.1.2,0x0051BB14,0x0051B126,0x005178C0,DATA,true
01901cbf7196b0c5d0df9540a029520f5df8fd9a6b343deef8b5663872805fcf,12.1.2,0x0051BB18,0x0051B11F,0x005178C0,DATA,true
01901cbf7196b0c5d0df9540a029520f5df8fd9a6b343deef8b5663872805fcf,12.1.2,0x0051BB1C,0x0051B12D,0x005178C0,DATA,true
01901cbf7196b0c5d0df9540a029520f5df8fd9a6b343deef8b5663872805fcf,12.1.2,0x0051BB20,0x0051B10A,0x005178C0,DATA,true
01901cbf7196b0c5d0df9540a029520f5df8fd9a6b343deef8b5663872805fcf,12.1.2,0x0051BB24,0x0051B118,0x005178C0,DATA,true
01901cbf7196b0c5d0df9540a029520f5df8fd9a6b343deef8b5663872805fcf,12.1.2,0x0051BB28,0x0051B118,0x005178C0,DATA,true
01901cbf7196b0c5d0df9540a029520f5df8fd9a6b343deef8b5663872805fcf,12.1.2,0x0051BB2C,0x0051B111,0x005178C0,DATA,true
01901cbf7196b0c5d0df9540a029520f5df8fd9a6b343deef8b5663872805fcf,12.1.2,0x0051BB30,0x0051B11F,0x005178C0,DATA,true
01901cbf7196b0c5d0df9540a029520f5df8fd9a6b343deef8b5663872805fcf,12.1.2,0x0051BB34,0x0051B1A4,0x005178C0,DATA,true
01901cbf7196b0c5d0df9540a029520f5df8fd9a6b343deef8b5663872805fcf,12.1.2,0x0051BB38,0x0051B10A,0x005178C0,DATA,true
01901cbf7196b0c5d0df9540a029520f5df8fd9a6b343deef8b5663872805fcf,12.1.2,0x0051BB3C,0x0051B126,0x005178C0,DATA,true
01901cbf7196b0c5d0df9540a029520f5df8fd9a6b343deef8b5663872805fcf,12.1.2,0x0051BB40,0x0051B12D,0x005178C0,DATA,true
01901cbf7196b0c5d0df9540a029520f5df8fd9a6b343deef8b5663872805fcf,12.1.2,0x0051BB44,0x0051B106,0x005178C0,DATA,true
01901cbf7196b0c5d0df9540a029520f5df8fd9a6b343deef8b5663872805fcf,12.1.2,0x0051BB48,0x0051B14D,0x005178C0,DATA,true
01901cbf7196b0c5d0df9540a029520f5df8fd9a6b343deef8b5663872805fcf,12.1.2,0x0051BB4C,0x0051B2AC,0x005178C0,DATA,true
01901cbf7196b0c5d0df9540a029520f5df8fd9a6b343deef8b5663872805fcf,12.1.2,0x0051BB50,0x0051B1E9,0x005178C0,DATA,true
01901cbf7196b0c5d0df9540a029520f5df8fd9a6b343deef8b5663872805fcf,12.1.2,0x0051BB54,0x0051B248,0x005178C0,DATA,true
01901cbf7196b0c5d0df9540a029520f5df8fd9a6b343deef8b5663872805fcf,12.1.2,0x0051BB58,0x0051B1A4,0x005178C0,DATA,true
01901cbf7196b0c5d0df9540a029520f5df8fd9a6b343deef8b5663872805fcf,12.1.2,0x0051D240,0x0051BEA5,0x0051BC70,DATA,true
01901cbf7196b0c5d0df9540a029520f5df8fd9a6b343deef8b5663872805fcf,12.1.2,0x0051D244,0x0051BEDC,0x0051BC70,DATA,true
01901cbf7196b0c5d0df9540a029520f5df8fd9a6b343deef8b5663872805fcf,12.1.2,0x0051D248,0x0051BF13,0x0051BC70,DATA,true
01901cbf7196b0c5d0df9540a029520f5df8fd9a6b343deef8b5663872805fcf,12.1.2,0x0051D24C,0x0051BF2B,0x0051BC70,DATA,true
01901cbf7196b0c5d0df9540a029520f5df8fd9a6b343deef8b5663872805fcf,12.1.2,0x0051D250,0x0051BF1F,0x0051BC70,DATA,true
01901cbf7196b0c5d0df9540a029520f5df8fd9a6b343deef8b5663872805fcf,12.1.2,0x0051D254,0x0051BF37,0x0051BC70,DATA,true
01901cbf7196b0c5d0df9540a029520f5df8fd9a6b343deef8b5663872805fcf,12.1.2,0x0051D258,0x0051BF43,0x0051BC70,DATA,true
01901cbf7196b0c5d0df9540a029520f5df8fd9a6b343deef8b5663872805fcf,12.1.2,0x0051D25C,0x0051BF4F,0x0051BC70,DATA,true
01901cbf7196b0c5d0df9540a029520f5df8fd9a6b343deef8b5663872805fcf,12.1.2,0x0051D260,0x0051BF5B,0x0051BC70,DATA,true
01901cbf7196b0c5d0df9540a029520f5df8fd9a6b343deef8b5663872805fcf,12.1.2,0x0051D264,0x0051BF69,0x0051BC70,DATA,true
01901cbf7196b0c5d0df9540a029520f5df8fd9a6b343deef8b5663872805fcf,12.1.2,0x0051D268,0x0051BF77,0x0051BC70,DATA,true
01901cbf7196b0c5d0df9540a029520f5df8fd9a6b343deef8b5663872805fcf,12.1.2,0x0051D26C,0x0051BF83,0x0051BC70,DATA,true
01901cbf7196b0c5d0df9540a029520f5df8fd9a6b343deef8b5663872805fcf,12.1.2,0x0051D270,0x0051C05E,0x0051BC70,DATA,true
01901cbf7196b0c5d0df9540a029520f5df8fd9a6b343deef8b5663872805fcf,12.1.2,0x0051D274,0x0051C161,0x0051BC70,DATA,true
01901cbf7196b0c5d0df9540a029520f5df8fd9a6b343deef8b5663872805fcf,12.1.2,0x0051D278,0x0051C175,0x0051BC70,DATA,true
01901cbf7196b0c5d0df9540a029520f5df8fd9a6b343deef8b5663872805fcf,12.1.2,0x0051D27C,0x0051C2A9,0x0051BC70,DATA,true
01901cbf7196b0c5d0df9540a029520f5df8fd9a6b343deef8b5663872805fcf,12.1.2,0x0051D280,0x0051CB1E,0x0051BC70,DATA,true
01901cbf7196b0c5d0df9540a029520f5df8fd9a6b343deef8b5663872805fcf,12.1.2,0x0051D284,0x0051C2DC,0x0051BC70,DATA,true
01901cbf7196b0c5d0df9540a029520f5df8fd9a6b343deef8b5663872805fcf,12.1.2,0x0051D288,0x0051C2E6,0x0051BC70,DATA,true
01901cbf7196b0c5d0df9540a029520f5df8fd9a6b343deef8b5663872805fcf,12.1.2,0x0051D28C,0x0051C2F0,0x0051BC70,DATA,true
01901cbf7196b0c5d0df9540a029520f5df8fd9a6b343deef8b5663872805fcf,12.1.2,0x0051D290,0x0051C2FA,0x0051BC70,DATA,true
01901cbf7196b0c5d0df9540a029520f5df8fd9a6b343deef8b5663872805fcf,12.1.2,0x0051D294,0x0051C304,0x0051BC70,DATA,true
01901cbf7196b0c5d0df9540a029520f5df8fd9a6b343deef8b5663872805fcf,12.1.2,0x0051D298,0x0051C30E,0x0051BC70,DATA,true
01901cbf7196b0c5d0df9540a029520f5df8fd9a6b343deef8b5663872805fcf,12.1.2,0x0051D29C,0x0051C318,0x0051BC70,DATA,true
01901cbf7196b0c5d0df9540a029520f5df8fd9a6b343deef8b5663872805fcf,12.1.2,0x0051D2A0,0x0051C326,0x0051BC70,DATA,true
01901cbf7196b0c5d0df9540a029520f5df8fd9a6b343deef8b5663872805fcf,12.1.2,0x0051D2A4,0x0051C334,0x0051BC70,DATA,true
01901cbf7196b0c5d0df9540a029520f5df8fd9a6b343deef8b5663872805fcf,12.1.2,0x0051D2A8,0x0051C23B,0x0051BC70,DATA,true
01901cbf7196b0c5d0df9540a029520f5df8fd9a6b343deef8b5663872805fcf,12.1.2,0x0051D2AC,0x0051C342,0x0051BC70,DATA,true
01901cbf7196b0c5d0df9540a029520f5df8fd9a6b343deef8b5663872805fcf,12.1.2,0x0051D2B0,0x0051C2C4,0x0051BC70,DATA,true
01901cbf7196b0c5d0df9540a029520f5df8fd9a6b343deef8b5663872805fcf,12.1.2,0x0051D2B4,0x0051C2D0,0x0051BC70,DATA,true
01901cbf7196b0c5d0df9540a029520f5df8fd9a6b343deef8b5663872805fcf,12.1.2,0x0051D2B8,0x0051C270,0x0051BC70,DATA,true
01901cbf7196b0c5d0df9540a029520f5df8fd9a6b343deef8b5663872805fcf,12.1.2,0x0051D2BC,0x0051CEF7,0x0051BC70,DATA,true
01901cbf7196b0c5d0df9540a029520f5df8fd9a6b343deef8b5663872805fcf,12.1.2,0x0051D2C0,0x0051CF05,0x0051BC70,DATA,true
01901cbf7196b0c5d0df9540a029520f5df8fd9a6b343deef8b5663872805fcf,12.1.2,0x0051D2C4,0x0051CF15,0x0051BC70,DATA,true
01901cbf7196b0c5d0df9540a029520f5df8fd9a6b343deef8b5663872805fcf,12.1.2,0x0051D2C8,0x0051CF2B,0x0051BC70,DATA,true
01901cbf7196b0c5d0df9540a029520f5df8fd9a6b343deef8b5663872805fcf,12.1.2,0x0051D2CC,0x0051CF39,0x0051BC70,DATA,true
01901cbf7196b0c5d0df9540a029520f5df8fd9a6b343deef8b5663872805fcf,12.1.2,0x0051D2D0,0x0051CF47,0x0051BC70,DATA,true
01901cbf7196b0c5d0df9540a029520f5df8fd9a6b343deef8b5663872805fcf,12.1.2,0x0051D2D4,0x0051CF55,0x0051BC70,DATA,true
01901cbf7196b0c5d0df9540a029520f5df8fd9a6b343deef8b5663872805fcf,12.1.2,0x0051D2D8,0x0051CF63,0x0051BC70,DATA,true
01901cbf7196b0c5d0df9540a029520f5df8fd9a6b343deef8b5663872805fcf,12.1.2,0x0051D2DC,0x0051CF71,0x0051BC70,DATA,true
01901cbf7196b0c5d0df9540a029520f5df8fd9a6b343deef8b5663872805fcf,12.1.2,0x0051D2E0,0x0051CF7F,0x0051BC70,DATA,true
01901cbf7196b0c5d0df9540a029520f5df8fd9a6b343deef8b5663872805fcf,12.1.2,0x0051D2E4,0x0051CF8D,0x0051BC70,DATA,true
01901cbf7196b0c5d0df9540a029520f5df8fd9a6b343deef8b5663872805fcf,12.1.2,0x0051D2E8,0x0051CF9B,0x0051BC70,DATA,true
01901cbf7196b0c5d0df9540a029520f5df8fd9a6b343deef8b5663872805fcf,12.1.2,0x0051D2EC,0x0051CFA7,0x0051BC70,DATA,true
01901cbf7196b0c5d0df9540a029520f5df8fd9a6b343deef8b5663872805fcf,12.1.2,0x0051D2F0,0x0051CFB5,0x0051BC70,DATA,true
01901cbf7196b0c5d0df9540a029520f5df8fd9a6b343deef8b5663872805fcf,12.1.2,0x0051D2F4,0x0051CFC3,0x0051BC70,DATA,true
01901cbf7196b0c5d0df9540a029520f5df8fd9a6b343deef8b5663872805fcf,12.1.2,0x0051D2F8,0x0051CFD1,0x0051BC70,DATA,true
01901cbf7196b0c5d0df9540a029520f5df8fd9a6b343deef8b5663872805fcf,12.1.2,0x0051D2FC,0x0051CFDF,0x0051BC70,DATA,true
01901cbf7196b0c5d0df9540a029520f5df8fd9a6b343deef8b5663872805fcf,12.1.2,0x0051D300,0x0051CFED,0x0051BC70,DATA,true
01901cbf7196b0c5d0df9540a029520f5df8fd9a6b343deef8b5663872805fcf,12.1.2,0x0051D304,0x0051CFFB,0x0051BC70,DATA,true
01901cbf7196b0c5d0df9540a029520f5df8fd9a6b343deef8b5663872805fcf,12.1.2,0x0051D308,0x0051D009,0x0051BC70,DATA,true
01901cbf7196b0c5d0df9540a029520f5df8fd9a6b343deef8b5663872805fcf,12.1.2,0x0051D30C,0x0051D017,0x0051BC70,DATA,true
01901cbf7196b0c5d0df9540a029520f5df8fd9a6b343deef8b5663872805fcf,12.1.2,0x0051D310,0x0051D025,0x0051BC70,DATA,true
01901cbf7196b0c5d0df9540a029520f5df8fd9a6b343deef8b5663872805fcf,12.1.2,0x0051D314,0x0051D033,0x0051BC70,DATA,true
01901cbf7196b0c5d0df9540a029520f5df8fd9a6b343deef8b5663872805fcf,12.1.2,0x0051D318,0x0051D041,0x0051BC70,DATA,true
01901cbf7196b0c5d0df9540a029520f5df8fd9a6b343deef8b5663872805fcf,12.1.2,0x0051D31C,0x0051D060,0x0051BC70,DATA,true
01901cbf7196b0c5d0df9540a029520f5df8fd9a6b343deef8b5663872805fcf,12.1.2,0x0051D320,0x0051D04F,0x0051BC70,DATA,true
01901cbf7196b0c5d0df9540a029520f5df8fd9a6b343deef8b5663872805fcf,12.1.2,0x0051D324,0x0051C3E2,0x0051BC70,DATA,true
01901cbf7196b0c5d0df9540a029520f5df8fd9a6b343deef8b5663872805fcf,12.1.2,0x0051D328,0x0051C23B,0x0051BC70,DATA,true
01901cbf7196b0c5d0df9540a029520f5df8fd9a6b343deef8b5663872805fcf,12.1.2,0x0051D32C,0x0051C463,0x0051BC70,DATA,true
01901cbf7196b0c5d0df9540a029520f5df8fd9a6b343deef8b5663872805fcf,12.1.2,0x0051D330,0x0051C463,0x0051BC70,DATA,true
01901cbf7196b0c5d0df9540a029520f5df8fd9a6b343deef8b5663872805fcf,12.1.2,0x0051D334,0x0051C463,0x0051BC70,DATA,true
01901cbf7196b0c5d0df9540a029520f5df8fd9a6b343deef8b5663872805fcf,12.1.2,0x0051D338,0x0051C463,0x0051BC70,DATA,true
01901cbf7196b0c5d0df9540a029520f5df8fd9a6b343deef8b5663872805fcf,12.1.2,0x0051D33C,0x0051C463,0x0051BC70,DATA,true
01901cbf7196b0c5d0df9540a029520f5df8fd9a6b343deef8b5663872805fcf,12.1.2,0x0051D340,0x0051C463,0x0051BC70,DATA,true
01901cbf7196b0c5d0df9540a029520f5df8fd9a6b343deef8b5663872805fcf,12.1.2,0x0051D344,0x0051C471,0x0051BC70,DATA,true
01901cbf7196b0c5d0df9540a029520f5df8fd9a6b343deef8b5663872805fcf,12.1.2,0x0051D348,0x0051C4C1,0x0051BC70,DATA,true
01901cbf7196b0c5d0df9540a029520f5df8fd9a6b343deef8b5663872805fcf,12.1.2,0x0051D34C,0x0051C50F,0x0051BC70,DATA,true
01901cbf7196b0c5d0df9540a029520f5df8fd9a6b343deef8b5663872805fcf,12.1.2,0x0051D350,0x0051C557,0x0051BC70,DATA,true
01901cbf7196b0c5d0df9540a029520f5df8fd9a6b343deef8b5663872805fcf,12.1.2,0x0051D354,0x0051C5CC,0x0051BC70,DATA,true
01901cbf7196b0c5d0df9540a029520f5df8fd9a6b343deef8b5663872805fcf,12.1.2,0x0051D358,0x0051C23B,0x0051BC70,DATA,true
01901cbf7196b0c5d0df9540a029520f5df8fd9a6b343deef8b5663872805fcf,12.1.2,0x0051D35C,0x0051C575,0x0051BC70,DATA,true
01901cbf7196b0c5d0df9540a029520f5df8fd9a6b343deef8b5663872805fcf,12.1.2,0x0051D360,0x0051C581,0x0051BC70,DATA,true
01901cbf7196b0c5d0df9540a029520f5df8fd9a6b343deef8b5663872805fcf,12.1.2,0x0051D364,0x0051C5BC,0x0051BC70,DATA,true
01901cbf7196b0c5d0df9540a029520f5df8fd9a6b343deef8b5663872805fcf,12.1.2,0x0051D368,0x0051C686,0x0051BC70,DATA,true
01901cbf7196b0c5d0df9540a029520f5df8fd9a6b343deef8b5663872805fcf,12.1.2,0x0051D36C,0x0051C697,0x0051BC70,DATA,true
01901cbf7196b0c5d0df9540a029520f5df8fd9a6b343deef8b5663872805fcf,12.1.2,0x0051D370,0x0051C611,0x0051BC70,DATA,true
01901cbf7196b0c5d0df9540a029520f5df8fd9a6b343deef8b5663872805fcf,12.1.2,0x0051D374,0x0051C6BE,0x0051BC70,DATA,true
01901cbf7196b0c5d0df9540a029520f5df8fd9a6b343deef8b5663872805fcf,12.1.2,0x0051D378,0x0051C7C6,0x0051BC70,DATA,true
01901cbf7196b0c5d0df9540a029520f5df8fd9a6b343deef8b5663872805fcf,12.1.2,0x0051D37C,0x0051C7D2,0x0051BC70,DATA,true
01901cbf7196b0c5d0df9540a029520f5df8fd9a6b343deef8b5663872805fcf,12.1.2,0x0051D380,0x0051C844,0x0051BC70,DATA,true
01901cbf7196b0c5d0df9540a029520f5df8fd9a6b343deef8b5663872805fcf,12.1.2,0x0051D384,0x0051C7E5,0x0051BC70,DATA,true
01901cbf7196b0c5d0df9540a029520f5df8fd9a6b343deef8b5663872805fcf,12.1.2,0x0051D388,0x0051C857,0x0051BC70,DATA,true
01901cbf7196b0c5d0df9540a029520f5df8fd9a6b343deef8b5663872805fcf,12.1.2,0x0051D38C,0x0051C86A,0x0051BC70,DATA,true
01901cbf7196b0c5d0df9540a029520f5df8fd9a6b343deef8b5663872805fcf,12.1.2,0x0051D390,0x0051C23B,0x0051BC70,DATA,true
01901cbf7196b0c5d0df9540a029520f5df8fd9a6b343deef8b5663872805fcf,12.1.2,0x0051D488,0x0051C8F9,0x0051BC70,DATA,true
01901cbf7196b0c5d0df9540a029520f5df8fd9a6b343deef8b5663872805fcf,12.1.2,0x0051D48C,0x0051C8AA,0x0051BC70,DATA,true
01901cbf7196b0c5d0df9540a029520f5df8fd9a6b343deef8b5663872805fcf,12.1.2,0x0051D490,0x0051C8BD,0x0051BC70,DATA,true
01901cbf7196b0c5d0df9540a029520f5df8fd9a6b343deef8b5663872805fcf,12.1.2,0x0051D494,0x0051C23B,0x0051BC70,DATA,true
01901cbf7196b0c5d0df9540a029520f5df8fd9a6b343deef8b5663872805fcf,12.1.2,0x0051D498,0x0051C23B,0x0051BC70,DATA,true
01901cbf7196b0c5d0df9540a029520f5df8fd9a6b343deef8b5663872805fcf,12.1.2,0x0051D49C,0x0051C23B,0x0051BC70,DATA,true
01901cbf7196b0c5d0df9540a029520f5df8fd9a6b343deef8b5663872805fcf,12.1.2,0x0051D4A0,0x0051C23B,0x0051BC70,DATA,true
01901cbf7196b0c5d0df9540a029520f5df8fd9a6b343deef8b5663872805fcf,12.1.2,0x0051D4A4,0x0051C23B,0x0051BC70,DATA,true
01901cbf7196b0c5d0df9540a029520f5df8fd9a6b343deef8b5663872805fcf,12.1.2,0x0051D4A8,0x0051C8D0,0x0051BC70,DATA,true
01901cbf7196b0c5d0df9540a029520f5df8fd9a6b343deef8b5663872805fcf,12.1.2,0x0051D4AC,0x0051C8E6,0x0051BC70,DATA,true
01901cbf7196b0c5d0df9540a029520f5df8fd9a6b343deef8b5663872805fcf,12.1.2,0x0051D4B0,0x0051C90C,0x0051BC70,DATA,true
01901cbf7196b0c5d0df9540a029520f5df8fd9a6b343deef8b5663872805fcf,12.1.2,0x0051D4B4,0x0051C944,0x0051BC70,DATA,true
01901cbf7196b0c5d0df9540a029520f5df8fd9a6b343deef8b5663872805fcf,12.1.2,0x0051D4B8,0x0051C98D,0x0051BC70,DATA,true
01901cbf7196b0c5d0df9540a029520f5df8fd9a6b343deef8b5663872805fcf,12.1.2,0x0051D4BC,0x0051C9A1,0x0051BC70,DATA,true
01901cbf7196b0c5d0df9540a029520f5df8fd9a6b343deef8b5663872805fcf,12.1.2,0x0051D4C0,0x0051CA2A,0x0051BC70,DATA,true
01901cbf7196b0c5d0df9540a029520f5df8fd9a6b343deef8b5663872805fcf,12.1.2,0x0051D4C4,0x0051CA2A,0x0051BC70,DATA,true
01901cbf7196b0c5d0df9540a029520f5df8fd9a6b343deef8b5663872805fcf,12.1.2,0x0051D4C8,0x0051CA3D,0x0051BC70,DATA,true
01901cbf7196b0c5d0df9540a029520f5df8fd9a6b343deef8b5663872805fcf,12.1.2,0x0051D4CC,0x0051CA66,0x0051BC70,DATA,true
01901cbf7196b0c5d0df9540a029520f5df8fd9a6b343deef8b5663872805fcf,12.1.2,0x0051D4D0,0x0051CA7D,0x0051BC70,DATA,true
01901cbf7196b0c5d0df9540a029520f5df8fd9a6b343deef8b5663872805fcf,12.1.2,0x0051D4D4,0x0051CA53,0x0051BC70,DATA,true
01901cbf7196b0c5d0df9540a029520f5df8fd9a6b343deef8b5663872805fcf,12.1.2,0x0051D4D8,0x0051CA89,0x0051BC70,DATA,true
01901cbf7196b0c5d0df9540a029520f5df8fd9a6b343deef8b5663872805fcf,12.1.2,0x0051D4DC,0x0051C9B5,0x0051BC70,DATA,true
01901cbf7196b0c5d0df9540a029520f5df8fd9a6b343deef8b5663872805fcf,12.1.2,0x0051D4E0,0x0051C9C8,0x0051BC70,DATA,true
01901cbf7196b0c5d0df9540a029520f5df8fd9a6b343deef8b5663872805fcf,12.1.2,0x0051D4E4,0x0051C9DB,0x0051BC70,DATA,true
01901cbf7196b0c5d0df9540a029520f5df8fd9a6b343deef8b5663872805fcf,12.1.2,0x0051D4E8,0x0051C9EE,0x0051BC70,DATA,true
01901cbf7196b0c5d0df9540a029520f5df8fd9a6b343deef8b5663872805fcf,12.1.2,0x0051D4EC,0x0051CA01,0x0051BC70,DATA,true
01901cbf7196b0c5d0df9540a029520f5df8fd9a6b343deef8b5663872805fcf,12.1.2,0x0051D4F0,0x0051CA15,0x0051BC70,DATA,true
01901cbf7196b0c5d0df9540a029520f5df8fd9a6b343deef8b5663872805fcf,12.1.2,0x0051D4F4,0x0051CB83,0x0051BC70,DATA,true
01901cbf7196b0c5d0df9540a029520f5df8fd9a6b343deef8b5663872805fcf,12.1.2,0x0051D4F8,0x0051CB93,0x0051BC70,DATA,true
01901cbf7196b0c5d0df9540a029520f5df8fd9a6b343deef8b5663872805fcf,12.1.2,0x0051D4FC,0x0051CBA3,0x0051BC70,DATA,true
01901cbf7196b0c5d0df9540a029520f5df8fd9a6b343deef8b5663872805fcf,12.1.2,0x0051D500,0x0051CBB3,0x0051BC70,DATA,true
01901cbf7196b0c5d0df9540a029520f5df8fd9a6b343deef8b5663872805fcf,12.1.2,0x0051D504,0x0051CBF1,0x0051BC70,DATA,true
01901cbf7196b0c5d0df9540a029520f5df8fd9a6b343deef8b5663872805fcf,12.1.2,0x0051D508,0x0051CC01,0x0051BC70,DATA,true
01901cbf7196b0c5d0df9540a029520f5df8fd9a6b343deef8b5663872805fcf,12.1.2,0x0051D50C,0x0051CC11,0x0051BC70,DATA,true
01901cbf7196b0c5d0df9540a029520f5df8fd9a6b343deef8b5663872805fcf,12.1.2,0x0051D510,0x0051CC21,0x0051BC70,DATA,true
01901cbf7196b0c5d0df9540a029520f5df8fd9a6b343deef8b5663872805fcf,12.1.2,0x0051D514,0x0051CC31,0x0051BC70,DATA,true
01901cbf7196b0c5d0df9540a029520f5df8fd9a6b343deef8b5663872805fcf,12.1.2,0x0051D518,0x0051CC41,0x0051BC70,DATA,true
01901cbf7196b0c5d0df9540a029520f5df8fd9a6b343deef8b5663872805fcf,12.1.2,0x0051D51C,0x0051CC6F,0x0051BC70,DATA,true
01901cbf7196b0c5d0df9540a029520f5df8fd9a6b343deef8b5663872805fcf,12.1.2,0x0051D520,0x0051CC56,0x0051BC70,DATA,true
01901cbf7196b0c5d0df9540a029520f5df8fd9a6b343deef8b5663872805fcf,12.1.2,0x0051D524,0x0051CC88,0x0051BC70,DATA,true
01901cbf7196b0c5d0df9540a029520f5df8fd9a6b343deef8b5663872805fcf,12.1.2,0x0051D528,0x0051CCA1,0x0051BC70,DATA,true
01901cbf7196b0c5d0df9540a029520f5df8fd9a6b343deef8b5663872805fcf,12.1.2,0x0051D52C,0x0051C23B,0x0051BC70,DATA,true
01901cbf7196b0c5d0df9540a029520f5df8fd9a6b343deef8b5663872805fcf,12.1.2,0x0051D54C,0x0051CD76,0x0051BC70,DATA,true
01901cbf7196b0c5d0df9540a029520f5df8fd9a6b343deef8b5663872805fcf,12.1.2,0x0051D550,0x0051CD80,0x0051BC70,DATA,true
01901cbf7196b0c5d0df9540a029520f5df8fd9a6b343deef8b5663872805fcf,12.1.2,0x0051D554,0x0051CD05,0x0051BC70,DATA,true
01901cbf7196b0c5d0df9540a029520f5df8fd9a6b343deef8b5663872805fcf,12.1.2,0x0051D558,0x0051CD12,0x0051BC70,DATA,true
01901cbf7196b0c5d0df9540a029520f5df8fd9a6b343deef8b5663872805fcf,12.1.2,0x0051D55C,0x0051CD29,0x0051BC70,DATA,true
01901cbf7196b0c5d0df9540a029520f5df8fd9a6b343deef8b5663872805fcf,12.1.2,0x0051D560,0x0051CD3A,0x0051BC70,DATA,true
01901cbf7196b0c5d0df9540a029520f5df8fd9a6b343deef8b5663872805fcf,12.1.2,0x0051D564,0x0051CD46,0x0051BC70,DATA,true
01901cbf7196b0c5d0df9540a029520f5df8fd9a6b343deef8b5663872805fcf,12.1.2,0x0051D568,0x0051CD52,0x0051BC70,DATA,true
01901cbf7196b0c5d0df9540a029520f5df8fd9a6b343deef8b5663872805fcf,12.1.2,0x0051D56C,0x0051CD5E,0x0051BC70,DATA,true
01901cbf7196b0c5d0df9540a029520f5df8fd9a6b343deef8b5663872805fcf,12.1.2,0x0051D570,0x0051CD6A,0x0051BC70,DATA,true
01901cbf7196b0c5d0df9540a029520f5df8fd9a6b343deef8b5663872805fcf,12.1.2,0x0051D574,0x0051C23B,0x0051BC70,DATA,true
01901cbf7196b0c5d0df9540a029520f5df8fd9a6b343deef8b5663872805fcf,12.1.2,0x0051D634,0x0051CE17,0x0051BC70,DATA,true
01901cbf7196b0c5d0df9540a029520f5df8fd9a6b343deef8b5663872805fcf,12.1.2,0x0051D638,0x0051CE2C,0x0051BC70,DATA,true
01901cbf7196b0c5d0df9540a029520f5df8fd9a6b343deef8b5663872805fcf,12.1.2,0x0051D63C,0x0051CE40,0x0051BC70,DATA,true
01901cbf7196b0c5d0df9540a029520f5df8fd9a6b343deef8b5663872805fcf,12.1.2,0x0051D640,0x0051CE6A,0x0051BC70,DATA,true
01901cbf7196b0c5d0df9540a029520f5df8fd9a6b343deef8b5663872805fcf,12.1.2,0x0051D644,0x0051CE7F,0x0051BC70,DATA,true
01901cbf7196b0c5d0df9540a029520f5df8fd9a6b343deef8b5663872805fcf,12.1.2,0x0051D648,0x0051CE55,0x0051BC70,DATA,true
01901cbf7196b0c5d0df9540a029520f5df8fd9a6b343deef8b5663872805fcf,12.1.2,0x0051D64C,0x0051CE94,0x0051BC70,DATA,true
01901cbf7196b0c5d0df9540a029520f5df8fd9a6b343deef8b5663872805fcf,12.1.2,0x0051D650,0x0051CDED,0x0051BC70,DATA,true
01901cbf7196b0c5d0df9540a029520f5df8fd9a6b343deef8b5663872805fcf,12.1.2,0x0051D654,0x0051CE02,0x0051BC70,DATA,true
01901cbf7196b0c5d0df9540a029520f5df8fd9a6b343deef8b5663872805fcf,12.1.2,0x0051D658,0x0051D09E,0x0051BC70,DATA,true
01901cbf7196b0c5d0df9540a029520f5df8fd9a6b343deef8b5663872805fcf,12.1.2,0x0051D65C,0x0051D0AC,0x0051BC70,DATA,true
01901cbf7196b0c5d0df9540a029520f5df8fd9a6b343deef8b5663872805fcf,12.1.2,0x0051D660,0x0051D0BC,0x0051BC70,DATA,true
01901cbf7196b0c5d0df9540a029520f5df8fd9a6b343deef8b5663872805fcf,12.1.2,0x0051D664,0x0051D0CC,0x0051BC70,DATA,true
01901cbf7196b0c5d0df9540a029520f5df8fd9a6b343deef8b5663872805fcf,12.1.2,0x0051D668,0x0051D0DC,0x0051BC70,DATA,true
01901cbf7196b0c5d0df9540a029520f5df8fd9a6b343deef8b5663872805fcf,12.1.2,0x0051D66C,0x0051D0EC,0x0051BC70,DATA,true
01901cbf7196b0c5d0df9540a029520f5df8fd9a6b343deef8b5663872805fcf,12.1.2,0x0051D670,0x0051D0FC,0x0051BC70,DATA,true
01901cbf7196b0c5d0df9540a029520f5df8fd9a6b343deef8b5663872805fcf,12.1.2,0x0051D674,0x0051D10A,0x0051BC70,DATA,true
01901cbf7196b0c5d0df9540a029520f5df8fd9a6b343deef8b5663872805fcf,12.1.2,0x0051D678,0x0051D11A,0x0051BC70,DATA,true
01901cbf7196b0c5d0df9540a029520f5df8fd9a6b343deef8b5663872805fcf,12.1.2,0x0051D67C,0x0051D12A,0x0051BC70,DATA,true
01901cbf7196b0c5d0df9540a029520f5df8fd9a6b343deef8b5663872805fcf,12.1.2,0x0051D680,0x0051D13A,0x0051BC70,DATA,true
01901cbf7196b0c5d0df9540a029520f5df8fd9a6b343deef8b5663872805fcf,12.1.2,0x0051D684,0x0051D148,0x0051BC70,DATA,true
01901cbf7196b0c5d0df9540a029520f5df8fd9a6b343deef8b5663872805fcf,12.1.2,0x0051D688,0x0051D151,0x0051BC70,DATA,true
01901cbf7196b0c5d0df9540a029520f5df8fd9a6b343deef8b5663872805fcf,12.1.2,0x0051D68C,0x0051D17A,0x0051BC70,DATA,true
01901cbf7196b0c5d0df9540a029520f5df8fd9a6b343deef8b5663872805fcf,12.1.2,0x0051D690,0x0051D196,0x0051BC70,DATA,true
01901cbf7196b0c5d0df9540a029520f5df8fd9a6b343deef8b5663872805fcf,12.1.2,0x0051D694,0x0051D1A4,0x0051BC70,DATA,true
01901cbf7196b0c5d0df9540a029520f5df8fd9a6b343deef8b5663872805fcf,12.1.2,0x0051D698,0x0051D1B2,0x0051BC70,DATA,true
01901cbf7196b0c5d0df9540a029520f5df8fd9a6b343deef8b5663872805fcf,12.1.2,0x0051D69C,0x0051D1C0,0x0051BC70,DATA,true
01901cbf7196b0c5d0df9540a029520f5df8fd9a6b343deef8b5663872805fcf,12.1.2,0x0051D6A0,0x0051D1CE,0x0051BC70,DATA,true
01901cbf7196b0c5d0df9540a029520f5df8fd9a6b343deef8b5663872805fcf,12.1.2,0x0051D6A4,0x0051D1DC,0x0051BC70,DATA,true
01901cbf7196b0c5d0df9540a029520f5df8fd9a6b343deef8b5663872805fcf,12.1.2,0x0051D6A8,0x0051D1EA,0x0051BC70,DATA,true
01901cbf7196b0c5d0df9540a029520f5df8fd9a6b343deef8b5663872805fcf,12.1.2,0x0051D6AC,0x0051D188,0x0051BC70,DATA,true
01901cbf7196b0c5d0df9540a029520f5df8fd9a6b343deef8b5663872805fcf,12.1.2,0x0051D6B0,0x0051D1F8,0x0051BC70,DATA,true
01901cbf7196b0c5d0df9540a029520f5df8fd9a6b343deef8b5663872805fcf,12.1.2,0x0051D6B4,0x0051D206,0x0051BC70,DATA,true
01901cbf7196b0c5d0df9540a029520f5df8fd9a6b343deef8b5663872805fcf,12.1.2,0x0051D6B8,0x0051D214,0x0051BC70,DATA,true
01901cbf7196b0c5d0df9540a029520f5df8fd9a6b343deef8b5663872805fcf,12.1.2,0x0051D6BC,0x0051D222,0x0051BC70,DATA,true
01901cbf7196b0c5d0df9540a029520f5df8fd9a6b343deef8b5663872805fcf,12.1.2,0x0051D6C0,0x0051D230,0x0051BC70,DATA,true
01901cbf7196b0c5d0df9540a029520f5df8fd9a6b343deef8b5663872805fcf,12.1.2,0x0051D6C4,0x0051D237,0x0051BC70,DATA,true
01901cbf7196b0c5d0df9540a029520f5df8fd9a6b343deef8b5663872805fcf,12.1.2,0x0051F0A8,0x0051E7B4,0x0051E760,DATA,true
01901cbf7196b0c5d0df9540a029520f5df8fd9a6b343deef8b5663872805fcf,12.1.2,0x0051F0AC,0x0051E7CC,0x0051E760,DATA,true
01901cbf7196b0c5d0df9540a029520f5df8fd9a6b343deef8b5663872805fcf,12.1.2,0x0051F0B0,0x0051E7E4,0x0051E760,DATA,true
01901cbf7196b0c5d0df9540a029520f5df8fd9a6b343deef8b5663872805fcf,12.1.2,0x0051F0B4,0x0051E7FB,0x0051E760,DATA,true
01901cbf7196b0c5d0df9540a029520f5df8fd9a6b343deef8b5663872805fcf,12.1.2,0x0051F0B8,0x0051E813,0x0051E760,DATA,true
01901cbf7196b0c5d0df9540a029520f5df8fd9a6b343deef8b5663872805fcf,12.1.2,0x00522120,0x0051F5FB,0x0051F2E0,DATA,true
01901cbf7196b0c5d0df9540a029520f5df8fd9a6b343deef8b5663872805fcf,12.1.2,0x00522124,0x0051F6C0,0x0051F2E0,DATA,true
01901cbf7196b0c5d0df9540a029520f5df8fd9a6b343deef8b5663872805fcf,12.1.2,0x00522128,0x0051F7A2,0x0051F2E0,DATA,true
01901cbf7196b0c5d0df9540a029520f5df8fd9a6b343deef8b5663872805fcf,12.1.2,0x0052212C,0x0051F867,0x0051F2E0,DATA,true
01901cbf7196b0c5d0df9540a029520f5df8fd9a6b343deef8b5663872805fcf,12.1.2,0x00522130,0x0051F917,0x0051F2E0,DATA,true
01901cbf7196b0c5d0df9540a029520f5df8fd9a6b343deef8b5663872805fcf,12.1.2,0x00522134,0x0051F9DC,0x0051F2E0,DATA,true
01901cbf7196b0c5d0df9540a029520f5df8fd9a6b343deef8b5663872805fcf,12.1.2,0x00522138,0x0051FA8C,0x0051F2E0,DATA,true
01901cbf7196b0c5d0df9540a029520f5df8fd9a6b343deef8b5663872805fcf,12.1.2,0x0052213C,0x0051FFB1,0x0051F2E0,DATA,true
01901cbf7196b0c5d0df9540a029520f5df8fd9a6b343deef8b5663872805fcf,12.1.2,0x00522140,0x0051FFB1,0x0051F2E0,DATA,true
01901cbf7196b0c5d0df9540a029520f5df8fd9a6b343deef8b5663872805fcf,12.1.2,0x00522144,0x00520529,0x0051F2E0,DATA,true
01901cbf7196b0c5d0df9540a029520f5df8fd9a6b343deef8b5663872805fcf,12.1.2,0x00522148,0x005205B3,0x0051F2E0,DATA,true
01901cbf7196b0c5d0df9540a029520f5df8fd9a6b343deef8b5663872805fcf,12.1.2,0x0052214C,0x0052060D,0x0051F2E0,DATA,true
01901cbf7196b0c5d0df9540a029520f5df8fd9a6b343deef8b5663872805fcf,12.1.2,0x00522150,0x0052067D,0x0051F2E0,DATA,true
01901cbf7196b0c5d0df9540a029520f5df8fd9a6b343deef8b5663872805fcf,12.1.2,0x00522154,0x0052079F,0x0051F2E0,DATA,true
01901cbf7196b0c5d0df9540a029520f5df8fd9a6b343deef8b5663872805fcf,12.1.2,0x00522158,0x00520A37,0x0051F2E0,DATA,true
01901cbf7196b0c5d0df9540a029520f5df8fd9a6b343deef8b5663872805fcf,12.1.2,0x0052215C,0x00520ED4,0x0051F2E0,DATA,true
01901cbf7196b0c5d0df9540a029520f5df8fd9a6b343deef8b5663872805fcf,12.1.2,0x00522160,0x005211FF,0x0051F2E0,DATA,true
01901cbf7196b0c5d0df9540a029520f5df8fd9a6b343deef8b5663872805fcf,12.1.2,0x00522164,0x00521515,0x0051F2E0,DATA,true
01901cbf7196b0c5d0df9540a029520f5df8fd9a6b343deef8b5663872805fcf,12.1.2,0x00522168,0x00521846,0x0051F2E0,DATA,true
01901cbf7196b0c5d0df9540a029520f5df8fd9a6b343deef8b5663872805fcf,12.1.2,0x0052216C,0x005219A5,0x0051F2E0,DATA,true
01901cbf7196b0c5d0df9540a029520f5df8fd9a6b343deef8b5663872805fcf,12.1.2,0x00522170,0x00521BAB,0x0051F2E0,DATA,true
01901cbf7196b0c5d0df9540a029520f5df8fd9a6b343deef8b5663872805fcf,12.1.2,0x00522174,0x00521E6F,0x0051F2E0,DATA,true
01901cbf7196b0c5d0df9540a029520f5df8fd9a6b343deef8b5663872805fcf,12.1.2,0x00525820,0x00524CC8,0x00524870,DATA,true
01901cbf7196b0c5d0df9540a029520f5df8fd9a6b343deef8b5663872805fcf,12.1.2,0x00525824,0x00524CC8,0x00524870,DATA,true
01901cbf7196b0c5d0df9540a029520f5df8fd9a6b343deef8b5663872805fcf,12.1.2,0x00525828,0x00524CC8,0x00524870,DATA,true
01901cbf7196b0c5d0df9540a029520f5df8fd9a6b343deef8b5663872805fcf,12.1.2,0x0052582C,0x0052559C,0x00524870,DATA,true
01901cbf7196b0c5d0df9540a029520f5df8fd9a6b343deef8b5663872805fcf,12.1.2,0x00525830,0x0052559C,0x00524870,DATA,true
01901cbf7196b0c5d0df9540a029520f5df8fd9a6b343deef8b5663872805fcf,12.1.2,0x00525834,0x00524F17,0x00524870,DATA,true
01901cbf7196b0c5d0df9540a029520f5df8fd9a6b343deef8b5663872805fcf,12.1.2,0x00525838,0x00524CD4,0x00524870,DATA,true
01901cbf7196b0c5d0df9540a029520f5df8fd9a6b343deef8b5663872805fcf,12.1.2,0x0052583C,0x00524D56,0x00524870,DATA,true
01901cbf7196b0c5d0df9540a029520f5df8fd9a6b343deef8b5663872805fcf,12.1.2,0x00525840,0x00525226,0x00524870,DATA,true
01901cbf7196b0c5d0df9540a029520f5df8fd9a6b343deef8b5663872805fcf,12.1.2,0x00525844,0x00524F39,0x00524870,DATA,true
01901cbf7196b0c5d0df9540a029520f5df8fd9a6b343deef8b5663872805fcf,12.1.2,0x00525848,0x00524FD0,0x00524870,DATA,true
01901cbf7196b0c5d0df9540a029520f5df8fd9a6b343deef8b5663872805fcf,12.1.2,0x0052584C,0x0052509F,0x00524870,DATA,true
01901cbf7196b0c5d0df9540a029520f5df8fd9a6b343deef8b5663872805fcf,12.1.2,0x00525850,0x005250C1,0x00524870,DATA,true
01901cbf7196b0c5d0df9540a029520f5df8fd9a6b343deef8b5663872805fcf,12.1.2,0x00525854,0x00525159,0x00524870,DATA,true
01901cbf7196b0c5d0df9540a029520f5df8fd9a6b343deef8b5663872805fcf,12.1.2,0x00525858,0x00524D35,0x00524870,DATA,true
01901cbf7196b0c5d0df9540a029520f5df8fd9a6b343deef8b5663872805fcf,12.1.2,0x0052585C,0x005252EC,0x00524870,DATA,true
01901cbf7196b0c5d0df9540a029520f5df8fd9a6b343deef8b5663872805fcf,12.1.2,0x00525860,0x00525414,0x00524870,DATA,true
01901cbf7196b0c5d0df9540a029520f5df8fd9a6b343deef8b5663872805fcf,12.1.2,0x00525864,0x005254AC,0x00524870,DATA,true
01901cbf7196b0c5d0df9540a029520f5df8fd9a6b343deef8b5663872805fcf,12.1.2,0x00525868,0x005255B0,0x00524870,DATA,true
01901cbf7196b0c5d0df9540a029520f5df8fd9a6b343deef8b5663872805fcf,12.1.2,0x0052586C,0x005255B0,0x00524870,DATA,true
01901cbf7196b0c5d0df9540a029520f5df8fd9a6b343deef8b5663872805fcf,12.1.2,0x00525870,0x005255B0,0x00524870,DATA,true
01901cbf7196b0c5d0df9540a029520f5df8fd9a6b343deef8b5663872805fcf,12.1.2,0x00525874,0x005255E0,0x00524870,DATA,true
01901cbf7196b0c5d0df9540a029520f5df8fd9a6b343deef8b5663872805fcf,12.1.2,0x00525878,0x005255E0,0x00524870,DATA,true
01901cbf7196b0c5d0df9540a029520f5df8fd9a6b343deef8b5663872805fcf,12.1.2,0x0052587C,0x005255E0,0x00524870,DATA,true
01901cbf7196b0c5d0df9540a029520f5df8fd9a6b343deef8b5663872805fcf,12.1.2,0x00525880,0x005255BB,0x00524870,DATA,true
01901cbf7196b0c5d0df9540a029520f5df8fd9a6b343deef8b5663872805fcf,12.1.2,0x00525884,0x005255D5,0x00524870,DATA,true
01901cbf7196b0c5d0df9540a029520f5df8fd9a6b343deef8b5663872805fcf,12.1.2,0x00525888,0x005255B0,0x00524870,DATA,true
01901cbf7196b0c5d0df9540a029520f5df8fd9a6b343deef8b5663872805fcf,12.1.2,0x0052588C,0x005255BB,0x00524870,DATA,true
01901cbf7196b0c5d0df9540a029520f5df8fd9a6b343deef8b5663872805fcf,12.1.2,0x00525890,0x005255D5,0x00524870,DATA,true
01901cbf7196b0c5d0df9540a029520f5df8fd9a6b343deef8b5663872805fcf,12.1.2,0x00525894,0x00525600,0x00524870,DATA,true
01901cbf7196b0c5d0df9540a029520f5df8fd9a6b343deef8b5663872805fcf,12.1.2,0x00525898,0x00525649,0x00524870,DATA,true
01901cbf7196b0c5d0df9540a029520f5df8fd9a6b343deef8b5663872805fcf,12.1.2,0x0052589C,0x00525600,0x00524870,DATA,true
01901cbf7196b0c5d0df9540a029520f5df8fd9a6b343deef8b5663872805fcf,12.1.2,0x005258A0,0x00525660,0x00524870,DATA,true
01901cbf7196b0c5d0df9540a029520f5df8fd9a6b343deef8b5663872805fcf,12.1.2,0x005258A4,0x00525660,0x00524870,DATA,true
01901cbf7196b0c5d0df9540a029520f5df8fd9a6b343deef8b5663872805fcf,12.1.2,0x005258A8,0x00525660,0x00524870,DATA,true
01901cbf7196b0c5d0df9540a029520f5df8fd9a6b343deef8b5663872805fcf,12.1.2,0x005258AC,0x00525649,0x00524870,DATA,true
01901cbf7196b0c5d0df9540a029520f5df8fd9a6b343deef8b5663872805fcf,12.1.2,0x005258B0,0x00525660,0x00524870,DATA,true
01901cbf7196b0c5d0df9540a029520f5df8fd9a6b343deef8b5663872805fcf,12.1.2,0x005258B4,0x00525600,0x00524870,DATA,true
01901cbf7196b0c5d0df9540a029520f5df8fd9a6b343deef8b5663872805fcf,12.1.2,0x005258B8,0x00525649,0x00524870,DATA,true
01901cbf7196b0c5d0df9540a029520f5df8fd9a6b343deef8b5663872805fcf,12.1.2,0x00529BE4,0x005297F6,0x005290A0,DATA,true
01901cbf7196b0c5d0df9540a029520f5df8fd9a6b343deef8b5663872805fcf,12.1.2,0x00529BE8,0x00529888,0x005290A0,DATA,true
01901cbf7196b0c5d0df9540a029520f5df8fd9a6b343deef8b5663872805fcf,12.1.2,0x00529BEC,0x0052995E,0x005290A0,DATA,true
01901cbf7196b0c5d0df9540a029520f5df8fd9a6b343deef8b5663872805fcf,12.1.2,0x00529BF0,0x005299F2,0x005290A0,DATA,true
01901cbf7196b0c5d0df9540a029520f5df8fd9a6b343deef8b5663872805fcf,12.1.2,0x00529BF4,0x00529A84,0x005290A0,DATA,true
01901cbf7196b0c5d0df9540a029520f5df8fd9a6b343deef8b5663872805fcf,12.1.2,0x0052BE34,0x0052AED1,0x0052AEB0,DATA,true
01901cbf7196b0c5d0df9540a029520f5df8fd9a6b343deef8b5663872805fcf,12.1.2,0x0052BE38,0x0052B4AC,0x0052AEB0,DATA,true
01901cbf7196b0c5d0df9540a029520f5df8fd9a6b343deef8b5663872805fcf,12.1.2,0x0052BE3C,0x0052B724,0x0052AEB0,DATA,true
01901cbf7196b0c5d0df9540a029520f5df8fd9a6b343deef8b5663872805fcf,12.1.2,0x0052BE40,0x0052B7E5,0x0052AEB0,DATA,true
01901cbf7196b0c5d0df9540a029520f5df8fd9a6b343deef8b5663872805fcf,12.1.2,0x0052BE44,0x0052B7E5,0x0052AEB0,DATA,true
01901cbf7196b0c5d0df9540a029520f5df8fd9a6b343deef8b5663872805fcf,12.1.2,0x0052BE48,0x0052B8CE,0x0052AEB0,DATA,true
01901cbf7196b0c5d0df9540a029520f5df8fd9a6b343deef8b5663872805fcf,12.1.2,0x0052BE4C,0x0052B8CE,0x0052AEB0,DATA,true
01901cbf7196b0c5d0df9540a029520f5df8fd9a6b343deef8b5663872805fcf,12.1.2,0x0052BE50,0x0052B8CE,0x0052AEB0,DATA,true
01901cbf7196b0c5d0df9540a029520f5df8fd9a6b343deef8b5663872805fcf,12.1.2,0x0052BE54,0x0052BC1F,0x0052AEB0,DATA,true
01901cbf7196b0c5d0df9540a029520f5df8fd9a6b343deef8b5663872805fcf,12.1.2,0x0052BE58,0x0052BD23,0x0052AEB0,DATA,true
01901cbf7196b0c5d0df9540a029520f5df8fd9a6b343deef8b5663872805fcf,12.1.2,0x0052BE5C,0x0052BE21,0x0052AEB0,DATA,true
01901cbf7196b0c5d0df9540a029520f5df8fd9a6b343deef8b5663872805fcf,12.1.2,0x0052C650,0x0052C17B,0x0052BF60,DATA,true
01901cbf7196b0c5d0df9540a029520f5df8fd9a6b343deef8b5663872805fcf,12.1.2,0x0052C654,0x0052BF97,0x0052BF60,DATA,true
01901cbf7196b0c5d0df9540a029520f5df8fd9a6b343deef8b5663872805fcf,12.1.2,0x0052C658,0x0052C44F,0x0052BF60,DATA,true
01901cbf7196b0c5d0df9540a029520f5df8fd9a6b343deef8b5663872805fcf,12.1.2,0x0052C65C,0x0052C44F,0x0052BF60,DATA,true
01901cbf7196b0c5d0df9540a029520f5df8fd9a6b343deef8b5663872805fcf,12.1.2,0x0052C660,0x0052BFD1,0x0052BF60,DATA,true
01901cbf7196b0c5d0df9540a029520f5df8fd9a6b343deef8b5663872805fcf,12.1.2,0x0052C664,0x0052BFD1,0x0052BF60,DATA,true
01901cbf7196b0c5d0df9540a029520f5df8fd9a6b343deef8b5663872805fcf,12.1.2,0x0052C668,0x0052C0A6,0x0052BF60,DATA,true
01901cbf7196b0c5d0df9540a029520f5df8fd9a6b343deef8b5663872805fcf,12.1.2,0x0052DA98,0x0052CE07,0x0052C880,DATA,true
01901cbf7196b0c5d0df9540a029520f5df8fd9a6b343deef8b5663872805fcf,12.1.2,0x0052DA9C,0x0052D01F,0x0052C880,DATA,true
01901cbf7196b0c5d0df9540a029520f5df8fd9a6b343deef8b5663872805fcf,12.1.2,0x0052DAA0,0x0052D00B,0x0052C880,DATA,true
01901cbf7196b0c5d0df9540a029520f5df8fd9a6b343deef8b5663872805fcf,12.1.2,0x0052DAA4,0x0052D11D,0x0052C880,DATA,true
01901cbf7196b0c5d0df9540a029520f5df8fd9a6b343deef8b5663872805fcf,12.1.2,0x0052DAA8,0x0052D132,0x0052C880,DATA,true
01901cbf7196b0c5d0df9540a029520f5df8fd9a6b343deef8b5663872805fcf,12.1.2,0x0052DAAC,0x0052D00B,0x0052C880,DATA,true
01901cbf7196b0c5d0df9540a029520f5df8fd9a6b343deef8b5663872805fcf,12.1.2,0x0052DAB0,0x0052D147,0x0052C880,DATA,true
01901cbf7196b0c5d0df9540a029520f5df8fd9a6b343deef8b5663872805fcf,12.1.2,0x0052DAB4,0x0052D154,0x0052C880,DATA,true
01901cbf7196b0c5d0df9540a029520f5df8fd9a6b343deef8b5663872805fcf,12.1.2,0x0052DAB8,0x0052D0F3,0x0052C880,DATA,true
01901cbf7196b0c5d0df9540a029520f5df8fd9a6b343deef8b5663872805fcf,12.1.2,0x0052DABC,0x0052D108,0x0052C880,DATA,true
01901cbf7196b0c5d0df9540a029520f5df8fd9a6b343deef8b5663872805fcf,12.1.2,0x00532DA4,0x00532C4E,0x00532C30,DATA,true
01901cbf7196b0c5d0df9540a029520f5df8fd9a6b343deef8b5663872805fcf,12.1.2,0x00532DA8,0x00532CC3,0x00532C30,DATA,true
01901cbf7196b0c5d0df9540a029520f5df8fd9a6b343deef8b5663872805fcf,12.1.2,0x00532DAC,0x00532C83,0x00532C30,DATA,true
01901cbf7196b0c5d0df9540a029520f5df8fd9a6b343deef8b5663872805fcf,12.1.2,0x00532DB0,0x00532D38,0x00532C30,DATA,true
01901cbf7196b0c5d0df9540a029520f5df8fd9a6b343deef8b5663872805fcf,12.1.2,0x00532DB4,0x00532D6D,0x00532C30,DATA,true
01901cbf7196b0c5d0df9540a029520f5df8fd9a6b343deef8b5663872805fcf,12.1.2,0x00532DB8,0x00532CF8,0x00532C30,DATA,true
01901cbf7196b0c5d0df9540a029520f5df8fd9a6b343deef8b5663872805fcf,12.1.2,0x00532DBC,0x00532DA0,0x00532C30,DATA,true
01901cbf7196b0c5d0df9540a029520f5df8fd9a6b343deef8b5663872805fcf,12.1.2,0x0053412C,0x00532E55,0x00532E00,DATA,true
01901cbf7196b0c5d0df9540a029520f5df8fd9a6b343deef8b5663872805fcf,12.1.2,0x00534130,0x00532F93,0x00532E00,DATA,true
01901cbf7196b0c5d0df9540a029520f5df8fd9a6b343deef8b5663872805fcf,12.1.2,0x00534134,0x00533342,0x00532E00,DATA,true
01901cbf7196b0c5d0df9540a029520f5df8fd9a6b343deef8b5663872805fcf,12.1.2,0x00534138,0x00533349,0x00532E00,DATA,true
01901cbf7196b0c5d0df9540a029520f5df8fd9a6b343deef8b5663872805fcf,12.1.2,0x0053413C,0x00532EBC,0x00532E00,DATA,true
01901cbf7196b0c5d0df9540a029520f5df8fd9a6b343deef8b5663872805fcf,12.1.2,0x00534140,0x00532EFF,0x00532E00,DATA,true
01901cbf7196b0c5d0df9540a029520f5df8fd9a6b343deef8b5663872805fcf,12.1.2,0x00534144,0x00532F38,0x00532E00,DATA,true
01901cbf7196b0c5d0df9540a029520f5df8fd9a6b343deef8b5663872805fcf,12.1.2,0x00534148,0x00532F71,0x00532E00,DATA,true
01901cbf7196b0c5d0df9540a029520f5df8fd9a6b343deef8b5663872805fcf,12.1.2,0x0053414C,0x005330C0,0x00532E00,DATA,true
01901cbf7196b0c5d0df9540a029520f5df8fd9a6b343deef8b5663872805fcf,12.1.2,0x00534150,0x0053334C,0x00532E00,DATA,true
01901cbf7196b0c5d0df9540a029520f5df8fd9a6b343deef8b5663872805fcf,12.1.2,0x00534154,0x00532EB2,0x00532E00,DATA,true
01901cbf7196b0c5d0df9540a029520f5df8fd9a6b343deef8b5663872805fcf,12.1.2,0x00534158,0x00532EB2,0x00532E00,DATA,true
01901cbf7196b0c5d0df9540a029520f5df8fd9a6b343deef8b5663872805fcf,12.1.2,0x0053415C,0x0053334C,0x00532E00,DATA,true
01901cbf7196b0c5d0df9540a029520f5df8fd9a6b343deef8b5663872805fcf,12.1.2,0x00534160,0x005330C0,0x00532E00,DATA,true
01901cbf7196b0c5d0df9540a029520f5df8fd9a6b343deef8b5663872805fcf,12.1.2,0x00534164,0x00532F7B,0x00532E00,DATA,true
01901cbf7196b0c5d0df9540a029520f5df8fd9a6b343deef8b5663872805fcf,12.1.2,0x00534168,0x00532F85,0x00532E00,DATA,true
01901cbf7196b0c5d0df9540a029520f5df8fd9a6b343deef8b5663872805fcf,12.1.2,0x0053416C,0x00532F93,0x00532E00,DATA,true
01901cbf7196b0c5d0df9540a029520f5df8fd9a6b343deef8b5663872805fcf,12.1.2,0x00534170,0x00532F9D,0x00532E00,DATA,true
01901cbf7196b0c5d0df9540a029520f5df8fd9a6b343deef8b5663872805fcf,12.1.2,0x00534174,0x00532FFD,0x00532E00,DATA,true
01901cbf7196b0c5d0df9540a029520f5df8fd9a6b343deef8b5663872805fcf,12.1.2,0x00534178,0x00533048,0x00532E00,DATA,true
01901cbf7196b0c5d0df9540a029520f5df8fd9a6b343deef8b5663872805fcf,12.1.2,0x0053417C,0x005330A1,0x00532E00,DATA,true
01901cbf7196b0c5d0df9540a029520f5df8fd9a6b343deef8b5663872805fcf,12.1.2,0x00534180,0x00532E99,0x00532E00,DATA,true
01901cbf7196b0c5d0df9540a029520f5df8fd9a6b343deef8b5663872805fcf,12.1.2,0x00534184,0x005330CA,0x00532E00,DATA,true
01901cbf7196b0c5d0df9540a029520f5df8fd9a6b343deef8b5663872805fcf,12.1.2,0x00534188,0x00532EB2,0x00532E00,DATA,true
01901cbf7196b0c5d0df9540a029520f5df8fd9a6b343deef8b5663872805fcf,12.1.2,0x0053418C,0x005330D4,0x00532E00,DATA,true
01901cbf7196b0c5d0df9540a029520f5df8fd9a6b343deef8b5663872805fcf,12.1.2,0x00534190,0x005330DE,0x00532E00,DATA,true
01901cbf7196b0c5d0df9540a029520f5df8fd9a6b343deef8b5663872805fcf,12.1.2,0x00534194,0x00533349,0x00532E00,DATA,true
01901cbf7196b0c5d0df9540a029520f5df8fd9a6b343deef8b5663872805fcf,12.1.2,0x00534198,0x00533349,0x00532E00,DATA,true
01901cbf7196b0c5d0df9540a029520f5df8fd9a6b343deef8b5663872805fcf,12.1.2,0x0053419C,0x00533349,0x00532E00,DATA,true
01901cbf7196b0c5d0df9540a029520f5df8fd9a6b343deef8b5663872805fcf,12.1.2,0x005341A0,0x00533349,0x00532E00,DATA,true
01901cbf7196b0c5d0df9540a029520f5df8fd9a6b343deef8b5663872805fcf,12.1.2,0x005341A4,0x00533349,0x00532E00,DATA,true
01901cbf7196b0c5d0df9540a029520f5df8fd9a6b343deef8b5663872805fcf,12.1.2,0x005341A8,0x00533349,0x00532E00,DATA,true
01901cbf7196b0c5d0df9540a029520f5df8fd9a6b343deef8b5663872805fcf,12.1.2,0x005341AC,0x00533117,0x00532E00,DATA,true
01901cbf7196b0c5d0df9540a029520f5df8fd9a6b343deef8b5663872805fcf,12.1.2,0x005341B0,0x00533125,0x00532E00,DATA,true
01901cbf7196b0c5d0df9540a029520f5df8fd9a6b343deef8b5663872805fcf,12.1.2,0x005341B4,0x00533166,0x00532E00,DATA,true
01901cbf7196b0c5d0df9540a029520f5df8fd9a6b343deef8b5663872805fcf,12.1.2,0x005341B8,0x005330C0,0x00532E00,DATA,true
01901cbf7196b0c5d0df9540a029520f5df8fd9a6b343deef8b5663872805fcf,12.1.2,0x005341BC,0x00532E8F,0x00532E00,DATA,true
01901cbf7196b0c5d0df9540a029520f5df8fd9a6b343deef8b5663872805fcf,12.1.2,0x005341C0,0x00532EB2,0x00532E00,DATA,true
01901cbf7196b0c5d0df9540a029520f5df8fd9a6b343deef8b5663872805fcf,12.1.2,0x005341C4,0x00532EB2,0x00532E00,DATA,true
01901cbf7196b0c5d0df9540a029520f5df8fd9a6b343deef8b5663872805fcf,12.1.2,0x005341C8,0x00533178,0x00532E00,DATA,true
01901cbf7196b0c5d0df9540a029520f5df8fd9a6b343deef8b5663872805fcf,12.1.2,0x005341CC,0x00533171,0x00532E00,DATA,true
01901cbf7196b0c5d0df9540a029520f5df8fd9a6b343deef8b5663872805fcf,12.1.2,0x005341D0,0x00533182,0x00532E00,DATA,true
01901cbf7196b0c5d0df9540a029520f5df8fd9a6b343deef8b5663872805fcf,12.1.2,0x005341D4,0x005331EC,0x00532E00,DATA,true
01901cbf7196b0c5d0df9540a029520f5df8fd9a6b343deef8b5663872805fcf,12.1.2,0x005341D8,0x00533226,0x00532E00,DATA,true
01901cbf7196b0c5d0df9540a029520f5df8fd9a6b343deef8b5663872805fcf,12.1.2,0x005341DC,0x00533230,0x00532E00,DATA,true
01901cbf7196b0c5d0df9540a029520f5df8fd9a6b343deef8b5663872805fcf,12.1.2,0x005341E0,0x0053323A,0x00532E00,DATA,true
01901cbf7196b0c5d0df9540a029520f5df8fd9a6b343deef8b5663872805fcf,12.1.2,0x005341E4,0x00533273,0x00532E00,DATA,true
01901cbf7196b0c5d0df9540a029520f5df8fd9a6b343deef8b5663872805fcf,12.1.2,0x005341E8,0x0053327D,0x00532E00,DATA,true
01901cbf7196b0c5d0df9540a029520f5df8fd9a6b343deef8b5663872805fcf,12.1.2,0x005341EC,0x00533287,0x00532E00,DATA,true
01901cbf7196b0c5d0df9540a029520f5df8fd9a6b343deef8b5663872805fcf,12.1.2,0x005341F0,0x00532FF3,0x00532E00,DATA,true
01901cbf7196b0c5d0df9540a029520f5df8fd9a6b343deef8b5663872805fcf,12.1.2,0x005341F4,0x005332C0,0x00532E00,DATA,true
01901cbf7196b0c5d0df9540a029520f5df8fd9a6b343deef8b5663872805fcf,12.1.2,0x005341F8,0x005332CA,0x00532E00,DATA,true
01901cbf7196b0c5d0df9540a029520f5df8fd9a6b343deef8b5663872805fcf,12.1.2,0x005341FC,0x005332D1,0x00532E00,DATA,true
01901cbf7196b0c5d0df9540a029520f5df8fd9a6b343deef8b5663872805fcf,12.1.2,0x00534200,0x005332D8,0x00532E00,DATA,true
01901cbf7196b0c5d0df9540a029520f5df8fd9a6b343deef8b5663872805fcf,12.1.2,0x00534204,0x0053330E,0x00532E00,DATA,true
01901cbf7196b0c5d0df9540a029520f5df8fd9a6b343deef8b5663872805fcf,12.1.2,0x00534208,0x00533315,0x00532E00,DATA,true
01901cbf7196b0c5d0df9540a029520f5df8fd9a6b343deef8b5663872805fcf,12.1.2,0x0053420C,0x00533454,0x00532E00,DATA,true
01901cbf7196b0c5d0df9540a029520f5df8fd9a6b343deef8b5663872805fcf,12.1.2,0x00534210,0x0053345F,0x00532E00,DATA,true
01901cbf7196b0c5d0df9540a029520f5df8fd9a6b343deef8b5663872805fcf,12.1.2,0x00534214,0x00533A71,0x00532E00,DATA,true
01901cbf7196b0c5d0df9540a029520f5df8fd9a6b343deef8b5663872805fcf,12.1.2,0x00534218,0x00533A77,0x00532E00,DATA,true
01901cbf7196b0c5d0df9540a029520f5df8fd9a6b343deef8b5663872805fcf,12.1.2,0x0053421C,0x00533480,0x00532E00,DATA,true
01901cbf7196b0c5d0df9540a029520f5df8fd9a6b343deef8b5663872805fcf,12.1.2,0x00534220,0x0053348B,0x00532E00,DATA,true
01901cbf7196b0c5d0df9540a029520f5df8fd9a6b343deef8b5663872805fcf,12.1.2,0x00534224,0x0053372A,0x00532E00,DATA,true
01901cbf7196b0c5d0df9540a029520f5df8fd9a6b343deef8b5663872805fcf,12.1.2,0x00534228,0x00533496,0x00532E00,DATA,true
01901cbf7196b0c5d0df9540a029520f5df8fd9a6b343deef8b5663872805fcf,12.1.2,0x0053422C,0x005334AD,0x00532E00,DATA,true
01901cbf7196b0c5d0df9540a029520f5df8fd9a6b343deef8b5663872805fcf,12.1.2,0x00534230,0x005334C9,0x00532E00,DATA,true
01901cbf7196b0c5d0df9540a029520f5df8fd9a6b343deef8b5663872805fcf,12.1.2,0x00534234,0x005334E5,0x00532E00,DATA,true
01901cbf7196b0c5d0df9540a029520f5df8fd9a6b343deef8b5663872805fcf,12.1.2,0x00534238,0x00533501,0x00532E00,DATA,true
01901cbf7196b0c5d0df9540a029520f5df8fd9a6b343deef8b5663872805fcf,12.1.2,0x0053423C,0x0053351D,0x00532E00,DATA,true
01901cbf7196b0c5d0df9540a029520f5df8fd9a6b343deef8b5663872805fcf,12.1.2,0x00534240,0x00533539,0x00532E00,DATA,true
01901cbf7196b0c5d0df9540a029520f5df8fd9a6b343deef8b5663872805fcf,12.1.2,0x00534244,0x00533555,0x00532E00,DATA,true
01901cbf7196b0c5d0df9540a029520f5df8fd9a6b343deef8b5663872805fcf,12.1.2,0x00534248,0x00533567,0x00532E00,DATA,true
01901cbf7196b0c5d0df9540a029520f5df8fd9a6b343deef8b5663872805fcf,12.1.2,0x0053424C,0x00533579,0x00532E00,DATA,true
01901cbf7196b0c5d0df9540a029520f5df8fd9a6b343deef8b5663872805fcf,12.1.2,0x00534250,0x0053358B,0x00532E00,DATA,true
01901cbf7196b0c5d0df9540a029520f5df8fd9a6b343deef8b5663872805fcf,12.1.2,0x00534254,0x005335B5,0x00532E00,DATA,true
01901cbf7196b0c5d0df9540a029520f5df8fd9a6b343deef8b5663872805fcf,12.1.2,0x00534258,0x005335C0,0x00532E00,DATA,true
01901cbf7196b0c5d0df9540a029520f5df8fd9a6b343deef8b5663872805fcf,12.1.2,0x0053425C,0x005335ED,0x00532E00,DATA,true
01901cbf7196b0c5d0df9540a029520f5df8fd9a6b343deef8b5663872805fcf,12.1.2,0x00534260,0x0053346A,0x00532E00,DATA,true
01901cbf7196b0c5d0df9540a029520f5df8fd9a6b343deef8b5663872805fcf,12.1.2,0x00534264,0x0053360D,0x00532E00,DATA,true
01901cbf7196b0c5d0df9540a029520f5df8fd9a6b343deef8b5663872805fcf,12.1.2,0x00534268,0x0053372A,0x00532E00,DATA,true
01901cbf7196b0c5d0df9540a029520f5df8fd9a6b343deef8b5663872805fcf,12.1.2,0x0053426C,0x00533746,0x00532E00,DATA,true
01901cbf7196b0c5d0df9540a029520f5df8fd9a6b343deef8b5663872805fcf,12.1.2,0x00534270,0x00533762,0x00532E00,DATA,true
01901cbf7196b0c5d0df9540a029520f5df8fd9a6b343deef8b5663872805fcf,12.1.2,0x00534274,0x00533A77,0x00532E00,DATA,true
01901cbf7196b0c5d0df9540a029520f5df8fd9a6b343deef8b5663872805fcf,12.1.2,0x00534278,0x00533A77,0x00532E00,DATA,true
01901cbf7196b0c5d0df9540a029520f5df8fd9a6b343deef8b5663872805fcf,12.1.2,0x0053427C,0x00533A77,0x00532E00,DATA,true
01901cbf7196b0c5d0df9540a029520f5df8fd9a6b343deef8b5663872805fcf,12.1.2,0x00534280,0x00533A77,0x00532E00,DATA,true
01901cbf7196b0c5d0df9540a029520f5df8fd9a6b343deef8b5663872805fcf,12.1.2,0x00534284,0x00533A77,0x00532E00,DATA,true
01901cbf7196b0c5d0df9540a029520f5df8fd9a6b343deef8b5663872805fcf,12.1.2,0x00534288,0x00533A77,0x00532E00,DATA,true
01901cbf7196b0c5d0df9540a029520f5df8fd9a6b343deef8b5663872805fcf,12.1.2,0x0053428C,0x0053376D,0x00532E00,DATA,true
01901cbf7196b0c5d0df9540a029520f5df8fd9a6b343deef8b5663872805fcf,12.1.2,0x00534290,0x00533778,0x00532E00,DATA,true
01901cbf7196b0c5d0df9540a029520f5df8fd9a6b343deef8b5663872805fcf,12.1.2,0x00534294,0x00533782,0x00532E00,DATA,true
01901cbf7196b0c5d0df9540a029520f5df8fd9a6b343deef8b5663872805fcf,12.1.2,0x00534298,0x005335F8,0x00532E00,DATA,true
01901cbf7196b0c5d0df9540a029520f5df8fd9a6b343deef8b5663872805fcf,12.1.2,0x0053429C,0x00533475,0x00532E00,DATA,true
01901cbf7196b0c5d0df9540a029520f5df8fd9a6b343deef8b5663872805fcf,12.1.2,0x005342A0,0x0053378D,0x00532E00,DATA,true
01901cbf7196b0c5d0df9540a029520f5df8fd9a6b343deef8b5663872805fcf,12.1.2,0x005342A4,0x00533797,0x00532E00,DATA,true
01901cbf7196b0c5d0df9540a029520f5df8fd9a6b343deef8b5663872805fcf,12.1.2,0x005342A8,0x005337AB,0x00532E00,DATA,true
01901cbf7196b0c5d0df9540a029520f5df8fd9a6b343deef8b5663872805fcf,12.1.2,0x005342AC,0x005337A1,0x00532E00,DATA,true
01901cbf7196b0c5d0df9540a029520f5df8fd9a6b343deef8b5663872805fcf,12.1.2,0x005342B0,0x005337B5,0x00532E00,DATA,true
01901cbf7196b0c5d0df9540a029520f5df8fd9a6b343deef8b5663872805fcf,12.1.2,0x005342B4,0x0053380A,0x00532E00,DATA,true
01901cbf7196b0c5d0df9540a029520f5df8fd9a6b343deef8b5663872805fcf,12.1.2,0x005342B8,0x00533A5C,0x00532E00,DATA,true
01901cbf7196b0c5d0df9540a029520f5df8fd9a6b343deef8b5663872805fcf,12.1.2,0x005342BC,0x00533A63,0x00532E00,DATA,true
01901cbf7196b0c5d0df9540a029520f5df8fd9a6b343deef8b5663872805fcf,12.1.2,0x005342C0,0x00533820,0x00532E00,DATA,true
01901cbf7196b0c5d0df9540a029520f5df8fd9a6b343deef8b5663872805fcf,12.1.2,0x005342C4,0x00533A6A,0x00532E00,DATA,true
01901cbf7196b0c5d0df9540a029520f5df8fd9a6b343deef8b5663872805fcf,12.1.2,0x005342C8,0x00533836,0x00532E00,DATA,true
01901cbf7196b0c5d0df9540a029520f5df8fd9a6b343deef8b5663872805fcf,12.1.2,0x005342CC,0x0053384C,0x00532E00,DATA,true
01901cbf7196b0c5d0df9540a029520f5df8fd9a6b343deef8b5663872805fcf,12.1.2,0x005342D0,0x00533862,0x00532E00,DATA,true
01901cbf7196b0c5d0df9540a029520f5df8fd9a6b343deef8b5663872805fcf,12.1.2,0x005342D4,0x00533874,0x00532E00,DATA,true
01901cbf7196b0c5d0df9540a029520f5df8fd9a6b343deef8b5663872805fcf,12.1.2,0x005342D8,0x00533886,0x00532E00,DATA,true
01901cbf7196b0c5d0df9540a029520f5df8fd9a6b343deef8b5663872805fcf,12.1.2,0x005342DC,0x00533898,0x00532E00,DATA,true
01901cbf7196b0c5d0df9540a029520f5df8fd9a6b343deef8b5663872805fcf,12.1.2,0x005342E0,0x005338AA,0x00532E00,DATA,true
01901cbf7196b0c5d0df9540a029520f5df8fd9a6b343deef8b5663872805fcf,12.1.2,0x005342E4,0x005338BC,0x00532E00,DATA,true
01901cbf7196b0c5d0df9540a029520f5df8fd9a6b343deef8b5663872805fcf,12.1.2,0x005342E8,0x005338CE,0x00532E00,DATA,true
01901cbf7196b0c5d0df9540a029520f5df8fd9a6b343deef8b5663872805fcf,12.1.2,0x005342EC,0x00533CAB,0x00532E00,DATA,true
01901cbf7196b0c5d0df9540a029520f5df8fd9a6b343deef8b5663872805fcf,12.1.2,0x005342F0,0x00533F66,0x00532E00,DATA,true
01901cbf7196b0c5d0df9540a029520f5df8fd9a6b343deef8b5663872805fcf,12.1.2,0x005342F4,0x00533F66,0x00532E00,DATA,true
01901cbf7196b0c5d0df9540a029520f5df8fd9a6b343deef8b5663872805fcf,12.1.2,0x005342F8,0x00533CF0,0x00532E00,DATA,true
01901cbf7196b0c5d0df9540a029520f5df8fd9a6b343deef8b5663872805fcf,12.1.2,0x005342FC,0x00533F66,0x00532E00,DATA,true
01901cbf7196b0c5d0df9540a029520f5df8fd9a6b343deef8b5663872805fcf,12.1.2,0x00534300,0x00533D2E,0x00532E00,DATA,true
01901cbf7196b0c5d0df9540a029520f5df8fd9a6b343deef8b5663872805fcf,12.1.2,0x00534304,0x00533D60,0x00532E00,DATA,true
01901cbf7196b0c5d0df9540a029520f5df8fd9a6b343deef8b5663872805fcf,12.1.2,0x00534308,0x00533DAB,0x00532E00,DATA,true
01901cbf7196b0c5d0df9540a029520f5df8fd9a6b343deef8b5663872805fcf,12.1.2,0x0053430C,0x00533DCD,0x00532E00,DATA,true
01901cbf7196b0c5d0df9540a029520f5df8fd9a6b343deef8b5663872805fcf,12.1.2,0x00534310,0x00533E07,0x00532E00,DATA,true
01901cbf7196b0c5d0df9540a029520f5df8fd9a6b343deef8b5663872805fcf,12.1.2,0x00534314,0x00533E3B,0x00532E00,DATA,true
01901cbf7196b0c5d0df9540a029520f5df8fd9a6b343deef8b5663872805fcf,12.1.2,0x00534318,0x00533E70,0x00532E00,DATA,true
01901cbf7196b0c5d0df9540a029520f5df8fd9a6b343deef8b5663872805fcf,12.1.2,0x0053431C,0x00533EAE,0x00532E00,DATA,true
01901cbf7196b0c5d0df9540a029520f5df8fd9a6b343deef8b5663872805fcf,12.1.2,0x00534320,0x00533EE7,0x00532E00,DATA,true
01901cbf7196b0c5d0df9540a029520f5df8fd9a6b343deef8b5663872805fcf,12.1.2,0x005388BC,0x005346AF,0x00534400,DATA,true
01901cbf7196b0c5d0df9540a029520f5df8fd9a6b343deef8b5663872805fcf,12.1.2,0x005388C0,0x0053492D,0x00534400,DATA,true
01901cbf7196b0c5d0df9540a029520f5df8fd9a6b343deef8b5663872805fcf,12.1.2,0x005388C4,0x005347C6,0x00534400,DATA,true
01901cbf7196b0c5d0df9540a029520f5df8fd9a6b343deef8b5663872805fcf,12.1.2,0x005388C8,0x00534AE7,0x00534400,DATA,true
01901cbf7196b0c5d0df9540a029520f5df8fd9a6b343deef8b5663872805fcf,12.1.2,0x005388CC,0x00537F7A,0x00534400,DATA,true
01901cbf7196b0c5d0df9540a029520f5df8fd9a6b343deef8b5663872805fcf,12.1.2,0x005388D0,0x005348F3,0x00534400,DATA,true
01901cbf7196b0c5d0df9540a029520f5df8fd9a6b343deef8b5663872805fcf,12.1.2,0x005388D4,0x00534B1D,0x00534400,DATA,true
01901cbf7196b0c5d0df9540a029520f5df8fd9a6b343deef8b5663872805fcf,12.1.2,0x005388D8,0x00534910,0x00534400,DATA,true
01901cbf7196b0c5d0df9540a029520f5df8fd9a6b343deef8b5663872805fcf,12.1.2,0x005388DC,0x005345A2,0x00534400,DATA,true
01901cbf7196b0c5d0df9540a029520f5df8fd9a6b343deef8b5663872805fcf,12.1.2,0x005388E0,0x005345B2,0x00534400,DATA,true
01901cbf7196b0c5d0df9540a029520f5df8fd9a6b343deef8b5663872805fcf,12.1.2,0x005388E4,0x005345D5,0x00534400,DATA,true
01901cbf7196b0c5d0df9540a029520f5df8fd9a6b343deef8b5663872805fcf,12.1.2,0x005388E8,0x00534E23,0x00534400,DATA,true
01901cbf7196b0c5d0df9540a029520f5df8fd9a6b343deef8b5663872805fcf,12.1.2,0x005388EC,0x00534E50,0x00534400,DATA,true
01901cbf7196b0c5d0df9540a029520f5df8fd9a6b343deef8b5663872805fcf,12.1.2,0x005388F0,0x00534E7E,0x00534400,DATA,true
01901cbf7196b0c5d0df9540a029520f5df8fd9a6b343deef8b5663872805fcf,12.1.2,0x005388F4,0x00534E9D,0x00534400,DATA,true
01901cbf7196b0c5d0df9540a029520f5df8fd9a6b343deef8b5663872805fcf,12.1.2,0x005388F8,0x00534EFA,0x00534400,DATA,true
01901cbf7196b0c5d0df9540a029520f5df8fd9a6b343deef8b5663872805fcf,12.1.2,0x005388FC,0x00534F1C,0x00534400,DATA,true
01901cbf7196b0c5d0df9540a029520f5df8fd9a6b343deef8b5663872805fcf,12.1.2,0x00538900,0x00534F71,0x00534400,DATA,true
01901cbf7196b0c5d0df9540a029520f5df8fd9a6b343deef8b5663872805fcf,12.1.2,0x00538904,0x00534F4F,0x00534400,DATA,true
01901cbf7196b0c5d0df9540a029520f5df8fd9a6b343deef8b5663872805fcf,12.1.2,0x00538908,0x00535818,0x00534400,DATA,true
01901cbf7196b0c5d0df9540a029520f5df8fd9a6b343deef8b5663872805fcf,12.1.2,0x0053890C,0x005358DA,0x00534400,DATA,true
01901cbf7196b0c5d0df9540a029520f5df8fd9a6b343deef8b5663872805fcf,12.1.2,0x00538910,0x00535916,0x00534400,DATA,true
01901cbf7196b0c5d0df9540a029520f5df8fd9a6b343deef8b5663872805fcf,12.1.2,0x00538914,0x0053594C,0x00534400,DATA,true
01901cbf7196b0c5d0df9540a029520f5df8fd9a6b343deef8b5663872805fcf,12.1.2,0x00538918,0x0053597A,0x00534400,DATA,true
01901cbf7196b0c5d0df9540a029520f5df8fd9a6b343deef8b5663872805fcf,12.1.2,0x0053891C,0x00535A73,0x00534400,DATA,true
01901cbf7196b0c5d0df9540a029520f5df8fd9a6b343deef8b5663872805fcf,12.1.2,0x00538920,0x00535A3D,0x00534400,DATA,true
01901cbf7196b0c5d0df9540a029520f5df8fd9a6b343deef8b5663872805fcf,12.1.2,0x00538924,0x00535A97,0x00534400,DATA,true
01901cbf7196b0c5d0df9540a029520f5df8fd9a6b343deef8b5663872805fcf,12.1.2,0x00538928,0x00535ABB,0x00534400,DATA,true
01901cbf7196b0c5d0df9540a029520f5df8fd9a6b343deef8b5663872805fcf,12.1.2,0x0053892C,0x00535AD5,0x00534400,DATA,true
01901cbf7196b0c5d0df9540a029520f5df8fd9a6b343deef8b5663872805fcf,12.1.2,0x00538930,0x00535DCA,0x00534400,DATA,true
01901cbf7196b0c5d0df9540a029520f5df8fd9a6b343deef8b5663872805fcf,12.1.2,0x00538934,0x00535DED,0x00534400,DATA,true
01901cbf7196b0c5d0df9540a029520f5df8fd9a6b343deef8b5663872805fcf,12.1.2,0x00538938,0x00535F03,0x00534400,DATA,true
01901cbf7196b0c5d0df9540a029520f5df8fd9a6b343deef8b5663872805fcf,12.1.2,0x0053893C,0x00535F2B,0x00534400,DATA,true
01901cbf7196b0c5d0df9540a029520f5df8fd9a6b343deef8b5663872805fcf,12.1.2,0x00538940,0x00535D96,0x00534400,DATA,true
01901cbf7196b0c5d0df9540a029520f5df8fd9a6b343deef8b5663872805fcf,12.1.2,0x00538944,0x0053662D,0x00534400,DATA,true
01901cbf7196b0c5d0df9540a029520f5df8fd9a6b343deef8b5663872805fcf,12.1.2,0x00538948,0x0053664E,0x00534400,DATA,true
01901cbf7196b0c5d0df9540a029520f5df8fd9a6b343deef8b5663872805fcf,12.1.2,0x0053894C,0x0053667D,0x00534400,DATA,true
01901cbf7196b0c5d0df9540a029520f5df8fd9a6b343deef8b5663872805fcf,12.1.2,0x00538950,0x0053675D,0x00534400,DATA,true
01901cbf7196b0c5d0df9540a029520f5df8fd9a6b343deef8b5663872805fcf,12.1.2,0x00538954,0x00537F7A,0x00534400,DATA,true
01901cbf7196b0c5d0df9540a029520f5df8fd9a6b343deef8b5663872805fcf,12.1.2,0x00538958,0x00536414,0x00534400,DATA,true
01901cbf7196b0c5d0df9540a029520f5df8fd9a6b343deef8b5663872805fcf,12.1.2,0x0053895C,0x005369F2,0x00534400,DATA,true
01901cbf7196b0c5d0df9540a029520f5df8fd9a6b343deef8b5663872805fcf,12.1.2,0x00538960,0x00536A51,0x00534400,DATA,true
01901cbf7196b0c5d0df9540a029520f5df8fd9a6b343deef8b5663872805fcf,12.1.2,0x00538964,0x00536AC3,0x00534400,DATA,true
01901cbf7196b0c5d0df9540a029520f5df8fd9a6b343deef8b5663872805fcf,12.1.2,0x00538968,0x00536B40,0x00534400,DATA,true
01901cbf7196b0c5d0df9540a029520f5df8fd9a6b343deef8b5663872805fcf,12.1.2,0x0053896C,0x00536B73,0x00534400,DATA,true
01901cbf7196b0c5d0df9540a029520f5df8fd9a6b343deef8b5663872805fcf,12.1.2,0x00538970,0x00537F7A,0x00534400,DATA,true
01901cbf7196b0c5d0df9540a029520f5df8fd9a6b343deef8b5663872805fcf,12.1.2,0x00538974,0x00537F7A,0x00534400,DATA,true
01901cbf7196b0c5d0df9540a029520f5df8fd9a6b343deef8b5663872805fcf,12.1.2,0x00538978,0x00537F7A,0x00534400,DATA,true
01901cbf7196b0c5d0df9540a029520f5df8fd9a6b343deef8b5663872805fcf,12.1.2,0x0053897C,0x00537F7A,0x00534400,DATA,true
01901cbf7196b0c5d0df9540a029520f5df8fd9a6b343deef8b5663872805fcf,12.1.2,0x00538980,0x00537F7A,0x00534400,DATA,true
01901cbf7196b0c5d0df9540a029520f5df8fd9a6b343deef8b5663872805fcf,12.1.2,0x00538984,0x00537F7A,0x00534400,DATA,true
01901cbf7196b0c5d0df9540a029520f5df8fd9a6b343deef8b5663872805fcf,12.1.2,0x00538988,0x00536BB4,0x00534400,DATA,true
01901cbf7196b0c5d0df9540a029520f5df8fd9a6b343deef8b5663872805fcf,12.1.2,0x0053898C,0x00536C09,0x00534400,DATA,true
01901cbf7196b0c5d0df9540a029520f5df8fd9a6b343deef8b5663872805fcf,12.1.2,0x00538990,0x00536C75,0x00534400,DATA,true
01901cbf7196b0c5d0df9540a029520f5df8fd9a6b343deef8b5663872805fcf,12.1.2,0x00538994,0x00536A89,0x00534400,DATA,true
01901cbf7196b0c5d0df9540a029520f5df8fd9a6b343deef8b5663872805fcf,12.1.2,0x00538998,0x00536CD3,0x00534400,DATA,true
01901cbf7196b0c5d0df9540a029520f5df8fd9a6b343deef8b5663872805fcf,12.1.2,0x0053899C,0x00536C41,0x00534400,DATA,true
01901cbf7196b0c5d0df9540a029520f5df8fd9a6b343deef8b5663872805fcf,12.1.2,0x005389A0,0x00536B0C,0x00534400,DATA,true
01901cbf7196b0c5d0df9540a029520f5df8fd9a6b343deef8b5663872805fcf,12.1.2,0x005389A4,0x0053695F,0x00534400,DATA,true
01901cbf7196b0c5d0df9540a029520f5df8fd9a6b343deef8b5663872805fcf,12.1.2,0x005389A8,0x005369BD,0x00534400,DATA,true
01901cbf7196b0c5d0df9540a029520f5df8fd9a6b343deef8b5663872805fcf,12.1.2,0x005389AC,0x00536DCB,0x00534400,DATA,true
01901cbf7196b0c5d0df9540a029520f5df8fd9a6b343deef8b5663872805fcf,12.1.2,0x005389B0,0x00536F51,0x00534400,DATA,true
01901cbf7196b0c5d0df9540a029520f5df8fd9a6b343deef8b5663872805fcf,12.1.2,0x005389B4,0x00536F80,0x00534400,DATA,true
01901cbf7196b0c5d0df9540a029520f5df8fd9a6b343deef8b5663872805fcf,12.1.2,0x005389B8,0x00536FB3,0x00534400,DATA,true
01901cbf7196b0c5d0df9540a029520f5df8fd9a6b343deef8b5663872805fcf,12.1.2,0x005389BC,0x00536FE2,0x00534400,DATA,true
01901cbf7196b0c5d0df9540a029520f5df8fd9a6b343deef8b5663872805fcf,12.1.2,0x005389C0,0x00537011,0x00534400,DATA,true
01901cbf7196b0c5d0df9540a029520f5df8fd9a6b343deef8b5663872805fcf,12.1.2,0x005389C4,0x00537044,0x00534400,DATA,true
01901cbf7196b0c5d0df9540a029520f5df8fd9a6b343deef8b5663872805fcf,12.1.2,0x005389C8,0x0053710A,0x00534400,DATA,true
01901cbf7196b0c5d0df9540a029520f5df8fd9a6b343deef8b5663872805fcf,12.1.2,0x005389CC,0x00537133,0x00534400,DATA,true
01901cbf7196b0c5d0df9540a029520f5df8fd9a6b343deef8b5663872805fcf,12.1.2,0x005389D0,0x00537165,0x00534400,DATA,true
01901cbf7196b0c5d0df9540a029520f5df8fd9a6b343deef8b5663872805fcf,12.1.2,0x005389D4,0x00537197,0x00534400,DATA,true
01901cbf7196b0c5d0df9540a029520f5df8fd9a6b343deef8b5663872805fcf,12.1.2,0x005389D8,0x00537197,0x00534400,DATA,true
01901cbf7196b0c5d0df9540a029520f5df8fd9a6b343deef8b5663872805fcf,12.1.2,0x005389DC,0x0053725D,0x00534400,DATA,true
01901cbf7196b0c5d0df9540a029520f5df8fd9a6b343deef8b5663872805fcf,12.1.2,0x005389E0,0x005370A8,0x00534400,DATA,true
01901cbf7196b0c5d0df9540a029520f5df8fd9a6b343deef8b5663872805fcf,12.1.2,0x005389E4,0x0053728F,0x00534400,DATA,true
01901cbf7196b0c5d0df9540a029520f5df8fd9a6b343deef8b5663872805fcf,12.1.2,0x0053DCBC,0x0053D55B,0x0053D360,DATA,true
01901cbf7196b0c5d0df9540a029520f5df8fd9a6b343deef8b5663872805fcf,12.1.2,0x0053DCC0,0x0053D58C,0x0053D360,DATA,true
01901cbf7196b0c5d0df9540a029520f5df8fd9a6b343deef8b5663872805fcf,12.1.2,0x0053DCC4,0x0053D575,0x0053D360,DATA,true
01901cbf7196b0c5d0df9540a029520f5df8fd9a6b343deef8b5663872805fcf,12.1.2,0x0053DCC8,0x0053D5F4,0x0053D360,DATA,true
01901cbf7196b0c5d0df9540a029520f5df8fd9a6b343deef8b5663872805fcf,12.1.2,0x0053DCCC,0x0053D5B8,0x0053D360,DATA,true
01901cbf7196b0c5d0df9540a029520f5df8fd9a6b343deef8b5663872805fcf,12.1.2,0x0053DCD0,0x0053D652,0x0053D360,DATA,true
01901cbf7196b0c5d0df9540a029520f5df8fd9a6b343deef8b5663872805fcf,12.1.2,0x0053DCD4,0x0053D66C,0x0053D360,DATA,true
01901cbf7196b0c5d0df9540a029520f5df8fd9a6b343deef8b5663872805fcf,12.1.2,0x0053DCD8,0x0053D682,0x0053D360,DATA,true
01901cbf7196b0c5d0df9540a029520f5df8fd9a6b343deef8b5663872805fcf,12.1.2,0x0053DCDC,0x0053D696,0x0053D360,DATA,true
01901cbf7196b0c5d0df9540a029520f5df8fd9a6b343deef8b5663872805fcf,12.1.2,0x0054FFAC,0x0054FA82,0x0054F420,DATA,true
01901cbf7196b0c5d0df9540a029520f5df8fd9a6b343deef8b5663872805fcf,12.1.2,0x0054FFB0,0x0054FA6E,0x0054F420,DATA,true
01901cbf7196b0c5d0df9540a029520f5df8fd9a6b343deef8b5663872805fcf,12.1.2,0x0054FFB4,0x0054FADA,0x0054F420,DATA,true
01901cbf7196b0c5d0df9540a029520f5df8fd9a6b343deef8b5663872805fcf,12.1.2,0x0054FFB8,0x0054FAF0,0x0054F420,DATA,true
01901cbf7196b0c5d0df9540a029520f5df8fd9a6b343deef8b5663872805fcf,12.1.2,0x0054FFBC,0x0054FA6E,0x0054F420,DATA,true
01901cbf7196b0c5d0df9540a029520f5df8fd9a6b343deef8b5663872805fcf,12.1.2,0x0054FFC0,0x0054FB03,0x0054F420,DATA,true
01901cbf7196b0c5d0df9540a029520f5df8fd9a6b343deef8b5663872805fcf,12.1.2,0x0054FFC4,0x0054FB0C,0x0054F420,DATA,true
01901cbf7196b0c5d0df9540a029520f5df8fd9a6b343deef8b5663872805fcf,12.1.2,0x0054FFC8,0x0054FAAD,0x0054F420,DATA,true
01901cbf7196b0c5d0df9540a029520f5df8fd9a6b343deef8b5663872805fcf,12.1.2,0x0054FFCC,0x0054FAC4,0x0054F420,DATA,true
01901cbf7196b0c5d0df9540a029520f5df8fd9a6b343deef8b5663872805fcf,12.1.2,0x00558980,0x00553B14,0x0054FFD0,DATA,true
01901cbf7196b0c5d0df9540a029520f5df8fd9a6b343deef8b5663872805fcf,12.1.2,0x00558984,0x00553B6F,0x0054FFD0,DATA,true
01901cbf7196b0c5d0df9540a029520f5df8fd9a6b343deef8b5663872805fcf,12.1.2,0x00558988,0x00553B9A,0x0054FFD0,DATA,true
01901cbf7196b0c5d0df9540a029520f5df8fd9a6b343deef8b5663872805fcf,12.1.2,0x0055898C,0x00553BED,0x0054FFD0,DATA,true
01901cbf7196b0c5d0df9540a029520f5df8fd9a6b343deef8b5663872805fcf,12.1.2,0x00558990,0x00553C76,0x0054FFD0,DATA,true
01901cbf7196b0c5d0df9540a029520f5df8fd9a6b343deef8b5663872805fcf,12.1.2,0x00558994,0x00553BFB,0x0054FFD0,DATA,true
01901cbf7196b0c5d0df9540a029520f5df8fd9a6b343deef8b5663872805fcf,12.1.2,0x00558998,0x00553C5C,0x0054FFD0,DATA,true
01901cbf7196b0c5d0df9540a029520f5df8fd9a6b343deef8b5663872805fcf,12.1.2,0x0055899C,0x0055458D,0x0054FFD0,DATA,true
01901cbf7196b0c5d0df9540a029520f5df8fd9a6b343deef8b5663872805fcf,12.1.2,0x005589A0,0x0055459B,0x0054FFD0,DATA,true
01901cbf7196b0c5d0df9540a029520f5df8fd9a6b343deef8b5663872805fcf,12.1.2,0x005589A4,0x005545F6,0x0054FFD0,DATA,true
01901cbf7196b0c5d0df9540a029520f5df8fd9a6b343deef8b5663872805fcf,12.1.2,0x005589A8,0x005545FE,0x0054FFD0,DATA,true
01901cbf7196b0c5d0df9540a029520f5df8fd9a6b343deef8b5663872805fcf,12.1.2,0x005589AC,0x0055461A,0x0054FFD0,DATA,true
01901cbf7196b0c5d0df9540a029520f5df8fd9a6b343deef8b5663872805fcf,12.1.2,0x005589BC,0x005587C8,0x0054FFD0,DATA,true
01901cbf7196b0c5d0df9540a029520f5df8fd9a6b343deef8b5663872805fcf,12.1.2,0x005589C0,0x0055858C,0x0054FFD0,DATA,true
01901cbf7196b0c5d0df9540a029520f5df8fd9a6b343deef8b5663872805fcf,12.1.2,0x005589C4,0x0055858C,0x0054FFD0,DATA,true
01901cbf7196b0c5d0df9540a029520f5df8fd9a6b343deef8b5663872805fcf,12.1.2,0x005589C8,0x005585B2,0x0054FFD0,DATA,true
01901cbf7196b0c5d0df9540a029520f5df8fd9a6b343deef8b5663872805fcf,12.1.2,0x005589CC,0x005586BD,0x0054FFD0,DATA,true
01901cbf7196b0c5d0df9540a029520f5df8fd9a6b343deef8b5663872805fcf,12.1.2,0x005589D0,0x005586C9,0x0054FFD0,DATA,true
01901cbf7196b0c5d0df9540a029520f5df8fd9a6b343deef8b5663872805fcf,12.1.2,0x005589D4,0x005586D5,0x0054FFD0,DATA,true
01901cbf7196b0c5d0df9540a029520f5df8fd9a6b343deef8b5663872805fcf,12.1.2,0x005589D8,0x005586E1,0x0054FFD0,DATA,true
01901cbf7196b0c5d0df9540a029520f5df8fd9a6b343deef8b5663872805fcf,12.1.2,0x00579208,0x00577DDA,0x0056B5B0,DATA,true
01901cbf7196b0c5d0df9540a029520f5df8fd9a6b343deef8b5663872805fcf,12.1.2,0x0057920C,0x00577E45,0x0056B5B0,DATA,true
01901cbf7196b0c5d0df9540a029520f5df8fd9a6b343deef8b5663872805fcf,12.1.2,0x00579210,0x00577E77,0x0056B5B0,DATA,true
01901cbf7196b0c5d0df9540a029520f5df8fd9a6b343deef8b5663872805fcf,12.1.2,0x00579214,0x00577EF4,0x0056B5B0,DATA,true
01901cbf7196b0c5d0df9540a029520f5df8fd9a6b343deef8b5663872805fcf,12.1.2,0x00579218,0x00578067,0x0056B5B0,DATA,true
01901cbf7196b0c5d0df9540a029520f5df8fd9a6b343deef8b5663872805fcf,12.1.2,0x0057921C,0x00578067,0x0056B5B0,DATA,true
01901cbf7196b0c5d0df9540a029520f5df8fd9a6b343deef8b5663872805fcf,12.1.2,0x00579220,0x00577F27,0x0056B5B0,DATA,true
01901cbf7196b0c5d0df9540a029520f5df8fd9a6b343deef8b5663872805fcf,12.1.2,0x00579224,0x00577F53,0x0056B5B0,DATA,true
01901cbf7196b0c5d0df9540a029520f5df8fd9a6b343deef8b5663872805fcf,12.1.2,0x00579228,0x00577F92,0x0056B5B0,DATA,true
01901cbf7196b0c5d0df9540a029520f5df8fd9a6b343deef8b5663872805fcf,12.1.2,0x0057922C,0x00578067,0x0056B5B0,DATA,true
01901cbf7196b0c5d0df9540a029520f5df8fd9a6b343deef8b5663872805fcf,12.1.2,0x00579230,0x00578067,0x0056B5B0,DATA,true
01901cbf7196b0c5d0df9540a029520f5df8fd9a6b343deef8b5663872805fcf,12.1.2,0x00579234,0x00578049,0x0056B5B0,DATA,true
01901cbf7196b0c5d0df9540a029520f5df8fd9a6b343deef8b5663872805fcf,12.1.2,0x005792DA,0x0057930B,0x00579240,UNCONDITIONAL_JUMP,true
01901cbf7196b0c5d0df9540a029520f5df8fd9a6b343deef8b5663872805fcf,12.1.2,0x005792E1,0x0057930B,0x00579240,UNCONDITIONAL_JUMP,true
01901cbf7196b0c5d0df9540a029520f5df8fd9a6b343deef8b5663872805fcf,12.1.2,0x005792E8,0x0057930B,0x00579240,UNCONDITIONAL_JUMP,true
01901cbf7196b0c5d0df9540a029520f5df8fd9a6b343deef8b5663872805fcf,12.1.2,0x005792EF,0x0057930B,0x00579240,UNCONDITIONAL_JUMP,true
01901cbf7196b0c5d0df9540a029520f5df8fd9a6b343deef8b5663872805fcf,12.1.2,0x005792F6,0x0057930B,0x00579240,UNCONDITIONAL_JUMP,true
01901cbf7196b0c5d0df9540a029520f5df8fd9a6b343deef8b5663872805fcf,12.1.2,0x005792FD,0x0057930B,0x00579240,UNCONDITIONAL_JUMP,true
01901cbf7196b0c5d0df9540a029520f5df8fd9a6b343deef8b5663872805fcf,12.1.2,0x00579304,0x0057930B,0x00579240,UNCONDITIONAL_JUMP,true
01901cbf7196b0c5d0df9540a029520f5df8fd9a6b343deef8b5663872805fcf,12.1.2,0x005794C8,0x0057929E,0x00579240,DATA,true
01901cbf7196b0c5d0df9540a029520f5df8fd9a6b343deef8b5663872805fcf,12.1.2,0x005794CC,0x005792A2,0x00579240,DATA,true
01901cbf7196b0c5d0df9540a029520f5df8fd9a6b343deef8b5663872805fcf,12.1.2,0x005794D0,0x005792A9,0x00579240,DATA,true
01901cbf7196b0c5d0df9540a029520f5df8fd9a6b343deef8b5663872805fcf,12.1.2,0x005794D4,0x005792B0,0x00579240,DATA,true
01901cbf7196b0c5d0df9540a029520f5df8fd9a6b343deef8b5663872805fcf,12.1.2,0x005794D8,0x005792B7,0x00579240,DATA,true
01901cbf7196b0c5d0df9540a029520f5df8fd9a6b343deef8b5663872805fcf,12.1.2,0x005794DC,0x005792BE,0x00579240,DATA,true
01901cbf7196b0c5d0df9540a029520f5df8fd9a6b343deef8b5663872805fcf,12.1.2,0x005794E0,0x005792C5,0x00579240,DATA,true
01901cbf7196b0c5d0df9540a029520f5df8fd9a6b343deef8b5663872805fcf,12.1.2,0x005794E4,0x005792CC,0x00579240,DATA,true
01901cbf7196b0c5d0df9540a029520f5df8fd9a6b343deef8b5663872805fcf,12.1.2,0x0057CDE8,0x0057AFBC,0x0057A660,DATA,true
01901cbf7196b0c5d0df9540a029520f5df8fd9a6b343deef8b5663872805fcf,12.1.2,0x0057CDEC,0x0057B08A,0x0057A660,DATA,true
01901cbf7196b0c5d0df9540a029520f5df8fd9a6b343deef8b5663872805fcf,12.1.2,0x0057CDF0,0x0057A9C6,0x0057A660,DATA,true
01901cbf7196b0c5d0df9540a029520f5df8fd9a6b343deef8b5663872805fcf,12.1.2,0x0057CDF4,0x0057B2D1,0x0057A660,DATA,true
01901cbf7196b0c5d0df9540a029520f5df8fd9a6b343deef8b5663872805fcf,12.1.2,0x0057CDF8,0x0057AA21,0x0057A660,DATA,true
01901cbf7196b0c5d0df9540a029520f5df8fd9a6b343deef8b5663872805fcf,12.1.2,0x0057CDFC,0x0057AAB7,0x0057A660,DATA,true
01901cbf7196b0c5d0df9540a029520f5df8fd9a6b343deef8b5663872805fcf,12.1.2,0x0057CE00,0x0057AC52,0x0057A660,DATA,true
01901cbf7196b0c5d0df9540a029520f5df8fd9a6b343deef8b5663872805fcf,12.1.2,0x0057CE04,0x0057AC84,0x0057A660,DATA,true
01901cbf7196b0c5d0df9540a029520f5df8fd9a6b343deef8b5663872805fcf,12.1.2,0x0057CE08,0x0057BC0C,0x0057A660,DATA,true
01901cbf7196b0c5d0df9540a029520f5df8fd9a6b343deef8b5663872805fcf,12.1.2,0x0057CE0C,0x0057ACCD,0x0057A660,DATA,true
01901cbf7196b0c5d0df9540a029520f5df8fd9a6b343deef8b5663872805fcf,12.1.2,0x0057CE10,0x0057BE77,0x0057A660,DATA,true
01901cbf7196b0c5d0df9540a029520f5df8fd9a6b343deef8b5663872805fcf,12.1.2,0x0057CE14,0x0057AF45,0x0057A660,DATA,true
01901cbf7196b0c5d0df9540a029520f5df8fd9a6b343deef8b5663872805fcf,12.1.2,0x0057CE18,0x0057C5C8,0x0057A660,DATA,true
01901cbf7196b0c5d0df9540a029520f5df8fd9a6b343deef8b5663872805fcf,12.1.2,0x0057CE1C,0x0057C5C8,0x0057A660,DATA,true
01901cbf7196b0c5d0df9540a029520f5df8fd9a6b343deef8b5663872805fcf,12.1.2,0x0057CE20,0x0057C5C8,0x0057A660,DATA,true
01901cbf7196b0c5d0df9540a029520f5df8fd9a6b343deef8b5663872805fcf,12.1.2,0x0057CE24,0x0057C5C8,0x0057A660,DATA,true
01901cbf7196b0c5d0df9540a029520f5df8fd9a6b343deef8b5663872805fcf,12.1.2,0x0057CE28,0x0057C5C8,0x0057A660,DATA,true
01901cbf7196b0c5d0df9540a029520f5df8fd9a6b343deef8b5663872805fcf,12.1.2,0x0057CE2C,0x0057C5C8,0x0057A660,DATA,true
01901cbf7196b0c5d0df9540a029520f5df8fd9a6b343deef8b5663872805fcf,12.1.2,0x0057CE30,0x0057C458,0x0057A660,DATA,true
01901cbf7196b0c5d0df9540a029520f5df8fd9a6b343deef8b5663872805fcf,12.1.2,0x0057CE34,0x0057C46F,0x0057A660,DATA,true
01901cbf7196b0c5d0df9540a029520f5df8fd9a6b343deef8b5663872805fcf,12.1.2,0x0057CE38,0x0057C486,0x0057A660,DATA,true
01901cbf7196b0c5d0df9540a029520f5df8fd9a6b343deef8b5663872805fcf,12.1.2,0x0057CE3C,0x0057C49A,0x0057A660,DATA,true
01901cbf7196b0c5d0df9540a029520f5df8fd9a6b343deef8b5663872805fcf,12.1.2,0x0057CE40,0x0057C538,0x0057A660,DATA,true
01901cbf7196b0c5d0df9540a029520f5df8fd9a6b343deef8b5663872805fcf,12.1.2,0x0057CE44,0x0057C55C,0x0057A660,DATA,true
01901cbf7196b0c5d0df9540a029520f5df8fd9a6b343deef8b5663872805fcf,12.1.2,0x0057CE48,0x0057C580,0x0057A660,DATA,true
01901cbf7196b0c5d0df9540a029520f5df8fd9a6b343deef8b5663872805fcf,12.1.2,0x0057CE4C,0x0057C5A4,0x0057A660,DATA,true
01901cbf7196b0c5d0df9540a029520f5df8fd9a6b343deef8b5663872805fcf,12.1.2,0x00583C90,0x0058162F,0x00581260,DATA,true
01901cbf7196b0c5d0df9540a029520f5df8fd9a6b343deef8b5663872805fcf,12.1.2,0x00583C94,0x00581659,0x00581260,DATA,true
01901cbf7196b0c5d0df9540a029520f5df8fd9a6b343deef8b5663872805fcf,12.1.2,0x00583C98,0x0058174D,0x00581260,DATA,true
01901cbf7196b0c5d0df9540a029520f5df8fd9a6b343deef8b5663872805fcf,12.1.2,0x00583C9C,0x00581895,0x00581260,DATA,true
01901cbf7196b0c5d0df9540a029520f5df8fd9a6b343deef8b5663872805fcf,12.1.2,0x00583CA0,0x0058162F,0x00581260,DATA,true
01901cbf7196b0c5d0df9540a029520f5df8fd9a6b343deef8b5663872805fcf,12.1.2,0x00583CA4,0x00581895,0x00581260,DATA,true
01901cbf7196b0c5d0df9540a029520f5df8fd9a6b343deef8b5663872805fcf,12.1.2,0x00583CA8,0x00581777,0x00581260,DATA,true
01901cbf7196b0c5d0df9540a029520f5df8fd9a6b343deef8b5663872805fcf,12.1.2,0x0058CE9C,0x0058C3D0,0x0058C2A0,DATA,true
01901cbf7196b0c5d0df9540a029520f5df8fd9a6b343deef8b5663872805fcf,12.1.2,0x0058CEA0,0x0058C74A,0x0058C2A0,DATA,true
01901cbf7196b0c5d0df9540a029520f5df8fd9a6b343deef8b5663872805fcf,12.1.2,0x0058CEA4,0x0058C4AA,0x0058C2A0,DATA,true
01901cbf7196b0c5d0df9540a029520f5df8fd9a6b343deef8b5663872805fcf,12.1.2,0x0058CEA8,0x0058C552,0x0058C2A0,DATA,true
01901cbf7196b0c5d0df9540a029520f5df8fd9a6b343deef8b5663872805fcf,12.1.2,0x0058CEAC,0x0058C55C,0x0058C2A0,DATA,true
01901cbf7196b0c5d0df9540a029520f5df8fd9a6b343deef8b5663872805fcf,12.1.2,0x0058CEB0,0x0058C636,0x0058C2A0,DATA,true
01901cbf7196b0c5d0df9540a029520f5df8fd9a6b343deef8b5663872805fcf,12.1.2,0x0058CEB4,0x0058C71C,0x0058C2A0,DATA,true
01901cbf7196b0c5d0df9540a029520f5df8fd9a6b343deef8b5663872805fcf,12.1.2,0x0058CEB8,0x0058C74A,0x0058C2A0,DATA,true
01901cbf7196b0c5d0df9540a029520f5df8fd9a6b343deef8b5663872805fcf,12.1.2,0x0058CEBC,0x0058C723,0x0058C2A0,DATA,true
01901cbf7196b0c5d0df9540a029520f5df8fd9a6b343deef8b5663872805fcf,12.1.2,0x0058CEC0,0x0058C72A,0x0058C2A0,DATA,true
01901cbf7196b0c5d0df9540a029520f5df8fd9a6b343deef8b5663872805fcf,12.1.2,0x0058CEC4,0x0058C731,0x0058C2A0,DATA,true
01901cbf7196b0c5d0df9540a029520f5df8fd9a6b343deef8b5663872805fcf,12.1.2,0x0058CEC8,0x0058C738,0x0058C2A0,DATA,true
01901cbf7196b0c5d0df9540a029520f5df8fd9a6b343deef8b5663872805fcf,12.1.2,0x0058DB18,0x0058D77F,0x0058D6B0,DATA,true
01901cbf7196b0c5d0df9540a029520f5df8fd9a6b343deef8b5663872805fcf,12.1.2,0x0058DB1C,0x0058D77F,0x0058D6B0,DATA,true
01901cbf7196b0c5d0df9540a029520f5df8fd9a6b343deef8b5663872805fcf,12.1.2,0x0058DB20,0x0058D840,0x0058D6B0,DATA,true
01901cbf7196b0c5d0df9540a029520f5df8fd9a6b343deef8b5663872805fcf,12.1.2,0x0058DB24,0x0058D847,0x0058D6B0,DATA,true
01901cbf7196b0c5d0df9540a029520f5df8fd9a6b343deef8b5663872805fcf,12.1.2,0x0058DB28,0x0058D877,0x0058D6B0,DATA,true
01901cbf7196b0c5d0df9540a029520f5df8fd9a6b343deef8b5663872805fcf,12.1.2,0x0058EE34,0x0058E75F,0x0058E360,DATA,true
01901cbf7196b0c5d0df9540a029520f5df8fd9a6b343deef8b5663872805fcf,12.1.2,0x0058EE38,0x0058E75F,0x0058E360,DATA,true
01901cbf7196b0c5d0df9540a029520f5df8fd9a6b343deef8b5663872805fcf,12.1.2,0x0058EE3C,0x0058E7F6,0x0058E360,DATA,true
01901cbf7196b0c5d0df9540a029520f5df8fd9a6b343deef8b5663872805fcf,12.1.2,0x0058EE40,0x0058E796,0x0058E360,DATA,true
01901cbf7196b0c5d0df9540a029520f5df8fd9a6b343deef8b5663872805fcf,12.1.2,0x0058EE44,0x0058E903,0x0058E360,DATA,true
01901cbf7196b0c5d0df9540a029520f5df8fd9a6b343deef8b5663872805fcf,12.1.2,0x0058EE48,0x0058E90E,0x0058E360,DATA,true
01901cbf7196b0c5d0df9540a029520f5df8fd9a6b343deef8b5663872805fcf,12.1.2,0x00592008,0x00591FE4,0x00591F00,DATA,true
01901cbf7196b0c5d0df9540a029520f5df8fd9a6b343deef8b5663872805fcf,12.1.2,0x0059200C,0x00591FD1,0x00591F00,DATA,true
01901cbf7196b0c5d0df9540a029520f5df8fd9a6b343deef8b5663872805fcf,12.1.2,0x00592010,0x00591FBB,0x00591F00,DATA,true
01901cbf7196b0c5d0df9540a029520f5df8fd9a6b343deef8b5663872805fcf,12.1.2,0x00592014,0x00591FAA,0x00591F00,DATA,true
01901cbf7196b0c5d0df9540a029520f5df8fd9a6b343deef8b5663872805fcf,12.1.2,0x00592018,0x00591FB3,0x00591F00,DATA,true
01901cbf7196b0c5d0df9540a029520f5df8fd9a6b343deef8b5663872805fcf,12.1.2,0x0059201C,0x00591FCC,0x00591F00,DATA,true
01901cbf7196b0c5d0df9540a029520f5df8fd9a6b343deef8b5663872805fcf,12.1.2,0x00592020,0x00591FF0,0x00591F00,DATA,true
01901cbf7196b0c5d0df9540a029520f5df8fd9a6b343deef8b5663872805fcf,12.1.2,0x00592024,0x00591FCC,0x00591F00,DATA,true
01901cbf7196b0c5d0df9540a029520f5df8fd9a6b343deef8b5663872805fcf,12.1.2,0x005A5838,0x005A179C,0x0059F120,DATA,true
01901cbf7196b0c5d0df9540a029520f5df8fd9a6b343deef8b5663872805fcf,12.1.2,0x005A583C,0x005A17A7,0x0059F120,DATA,true
01901cbf7196b0c5d0df9540a029520f5df8fd9a6b343deef8b5663872805fcf,12.1.2,0x005A5840,0x005A1B14,0x0059F120,DATA,true
01901cbf7196b0c5d0df9540a029520f5df8fd9a6b343deef8b5663872805fcf,12.1.2,0x005A5844,0x005A1B20,0x0059F120,DATA,true
01901cbf7196b0c5d0df9540a029520f5df8fd9a6b343deef8b5663872805fcf,12.1.2,0x005A5848,0x005A1B27,0x0059F120,DATA,true
01901cbf7196b0c5d0df9540a029520f5df8fd9a6b343deef8b5663872805fcf,12.1.2,0x005A584C,0x005A17B9,0x0059F120,DATA,true
01901cbf7196b0c5d0df9540a029520f5df8fd9a6b343deef8b5663872805fcf,12.1.2,0x005A5860,0x005A23AE,0x0059F120,DATA,true
01901cbf7196b0c5d0df9540a029520f5df8fd9a6b343deef8b5663872805fcf,12.1.2,0x005A5864,0x005A23B9,0x0059F120,DATA,true
01901cbf7196b0c5d0df9540a029520f5df8fd9a6b343deef8b5663872805fcf,12.1.2,0x005A5868,0x005A23C8,0x0059F120,DATA,true
01901cbf7196b0c5d0df9540a029520f5df8fd9a6b343deef8b5663872805fcf,12.1.2,0x005A586C,0x005A2435,0x0059F120,DATA,true
01901cbf7196b0c5d0df9540a029520f5df8fd9a6b343deef8b5663872805fcf,12.1.2,0x005A5870,0x005A243E,0x0059F120,DATA,true
01901cbf7196b0c5d0df9540a029520f5df8fd9a6b343deef8b5663872805fcf,12.1.2,0x005A5874,0x005A2442,0x0059F120,DATA,true
01901cbf7196b0c5d0df9540a029520f5df8fd9a6b343deef8b5663872805fcf,12.1.2,0x005A5CE4,0x005A5B43,0x005A5A60,DATA,true
01901cbf7196b0c5d0df9540a029520f5df8fd9a6b343deef8b5663872805fcf,12.1.2,0x005A5CE8,0x005A5B38,0x005A5A60,DATA,true
01901cbf7196b0c5d0df9540a029520f5df8fd9a6b343deef8b5663872805fcf,12.1.2,0x005A5CEC,0x005A5B33,0x005A5A60,DATA,true
01901cbf7196b0c5d0df9540a029520f5df8fd9a6b343deef8b5663872805fcf,12.1.2,0x005A5CF0,0x005A5B2A,0x005A5A60,DATA,true
01901cbf7196b0c5d0df9540a029520f5df8fd9a6b343deef8b5663872805fcf,12.1.2,0x005A5CF4,0x005A5B24,0x005A5A60,DATA,true
01901cbf7196b0c5d0df9540a029520f5df8fd9a6b343deef8b5663872805fcf,12.1.2,0x005A5CF8,0x005A5B1E,0x005A5A60,DATA,true
01901cbf7196b0c5d0df9540a029520f5df8fd9a6b343deef8b5663872805fcf,12.1.2,0x005A5CFC,0x005A5AFB,0x005A5A60,DATA,true
01901cbf7196b0c5d0df9540a029520f5df8fd9a6b343deef8b5663872805fcf,12.1.2,0x005AB5E4,0x005AB2EF,0x005AAAB0,DATA,true
01901cbf7196b0c5d0df9540a029520f5df8fd9a6b343deef8b5663872805fcf,12.1.2,0x005AB5E8,0x005AB2F6,0x005AAAB0,DATA,true
01901cbf7196b0c5d0df9540a029520f5df8fd9a6b343deef8b5663872805fcf,12.1.2,0x005AB5EC,0x005AB2FD,0x005AAAB0,DATA,true
01901cbf7196b0c5d0df9540a029520f5df8fd9a6b343deef8b5663872805fcf,12.1.2,0x005AB5F0,0x005AB304,0x005AAAB0,DATA,true
01901cbf7196b0c5d0df9540a029520f5df8fd9a6b343deef8b5663872805fcf,12.1.2,0x005AB5F4,0x005AB30B,0x005AAAB0,DATA,true
01901cbf7196b0c5d0df9540a029520f5df8fd9a6b343deef8b5663872805fcf,12.1.2,0x005B9BB8,0x005B95DE,0x005B9580,DATA,true
01901cbf7196b0c5d0df9540a029520f5df8fd9a6b343deef8b5663872805fcf,12.1.2,0x005B9BBC,0x005B9617,0x005B9580,DATA,true
01901cbf7196b0c5d0df9540a029520f5df8fd9a6b343deef8b5663872805fcf,12.1.2,0x005B9BC0,0x005B963B,0x005B9580,DATA,true
01901cbf7196b0c5d0df9540a029520f5df8fd9a6b343deef8b5663872805fcf,12.1.2,0x005B9BC4,0x005B9683,0x005B9580,DATA,true
01901cbf7196b0c5d0df9540a029520f5df8fd9a6b343deef8b5663872805fcf,12.1.2,0x005B9BC8,0x005B96DB,0x005B9580,DATA,true
01901cbf7196b0c5d0df9540a029520f5df8fd9a6b343deef8b5663872805fcf,12.1.2,0x005B9BCC,0x005B9727,0x005B9580,DATA,true
01901cbf7196b0c5d0df9540a029520f5df8fd9a6b343deef8b5663872805fcf,12.1.2,0x005B9BD0,0x005B9773,0x005B9580,DATA,true
01901cbf7196b0c5d0df9540a029520f5df8fd9a6b343deef8b5663872805fcf,12.1.2,0x005B9BD4,0x005B97B6,0x005B9580,DATA,true
01901cbf7196b0c5d0df9540a029520f5df8fd9a6b343deef8b5663872805fcf,12.1.2,0x005B9BD8,0x005B97F8,0x005B9580,DATA,true
01901cbf7196b0c5d0df9540a029520f5df8fd9a6b343deef8b5663872805fcf,12.1.2,0x005B9BDC,0x005B986B,0x005B9580,DATA,true
01901cbf7196b0c5d0df9540a029520f5df8fd9a6b343deef8b5663872805fcf,12.1.2,0x005B9BE0,0x005B98A4,0x005B9580,DATA,true
01901cbf7196b0c5d0df9540a029520f5df8fd9a6b343deef8b5663872805fcf,12.1.2,0x005B9BE4,0x005B98C0,0x005B9580,DATA,true
01901cbf7196b0c5d0df9540a029520f5df8fd9a6b343deef8b5663872805fcf,12.1.2,0x005B9BE8,0x005B98FD,0x005B9580,DATA,true
01901cbf7196b0c5d0df9540a029520f5df8fd9a6b343deef8b5663872805fcf,12.1.2,0x005B9BEC,0x005B99D6,0x005B9580,DATA,true
01901cbf7196b0c5d0df9540a029520f5df8fd9a6b343deef8b5663872805fcf,12.1.2,0x005B9BF0,0x005B9A27,0x005B9580,DATA,true
01901cbf7196b0c5d0df9540a029520f5df8fd9a6b343deef8b5663872805fcf,12.1.2,0x005B9BF4,0x005B9A72,0x005B9580,DATA,true
01901cbf7196b0c5d0df9540a029520f5df8fd9a6b343deef8b5663872805fcf,12.1.2,0x005B9BF8,0x005B9983,0x005B9580,DATA,true
01901cbf7196b0c5d0df9540a029520f5df8fd9a6b343deef8b5663872805fcf,12.1.2,0x005B9BFC,0x005B9AB3,0x005B9580,DATA,true
01901cbf7196b0c5d0df9540a029520f5df8fd9a6b343deef8b5663872805fcf,12.1.2,0x005B9C00,0x005B9AFB,0x005B9580,DATA,true
01901cbf7196b0c5d0df9540a029520f5df8fd9a6b343deef8b5663872805fcf,12.1.2,0x005B9C04,0x005B9B49,0x005B9580,DATA,true
01901cbf7196b0c5d0df9540a029520f5df8fd9a6b343deef8b5663872805fcf,12.1.2,0x005BEFE0,0x005BED77,0x005BED20,DATA,true
01901cbf7196b0c5d0df9540a029520f5df8fd9a6b343deef8b5663872805fcf,12.1.2,0x005BEFE4,0x005BEE16,0x005BED20,DATA,true
01901cbf7196b0c5d0df9540a029520f5df8fd9a6b343deef8b5663872805fcf,12.1.2,0x005BEFE8,0x005BEE94,0x005BED20,DATA,true
01901cbf7196b0c5d0df9540a029520f5df8fd9a6b343deef8b5663872805fcf,12.1.2,0x005BEFEC,0x005BEFD8,0x005BED20,DATA,true
01901cbf7196b0c5d0df9540a029520f5df8fd9a6b343deef8b5663872805fcf,12.1.2,0x005CA95C,0x005CA777,0x005CA6C0,DATA,true
01901cbf7196b0c5d0df9540a029520f5df8fd9a6b343deef8b5663872805fcf,12.1.2,0x005CA960,0x005CA7E4,0x005CA6C0,DATA,true
01901cbf7196b0c5d0df9540a029520f5df8fd9a6b343deef8b5663872805fcf,12.1.2,0x005CA964,0x005CA8BE,0x005CA6C0,DATA,true
01901cbf7196b0c5d0df9540a029520f5df8fd9a6b343deef8b5663872805fcf,12.1.2,0x005CA968,0x005CA851,0x005CA6C0,DATA,true
01901cbf7196b0c5d0df9540a029520f5df8fd9a6b343deef8b5663872805fcf,12.1.2,0x005CD28C,0x005CC9D4,0x005CC940,DATA,true
01901cbf7196b0c5d0df9540a029520f5df8fd9a6b343deef8b5663872805fcf,12.1.2,0x005CD290,0x005CC9EF,0x005CC940,DATA,true
01901cbf7196b0c5d0df9540a029520f5df8fd9a6b343deef8b5663872805fcf,12.1.2,0x005CD294,0x005CC98C,0x005CC940,DATA,true
01901cbf7196b0c5d0df9540a029520f5df8fd9a6b343deef8b5663872805fcf,12.1.2,0x005CD298,0x005CC9A7,0x005CC940,DATA,true
01901cbf7196b0c5d0df9540a029520f5df8fd9a6b343deef8b5663872805fcf,12.1.2,0x005CD29C,0x005CC9DD,0x005CC940,DATA,true
01901cbf7196b0c5d0df9540a029520f5df8fd9a6b343deef8b5663872805fcf,12.1.2,0x005CD2A0,0x005CC9DD,0x005CC940,DATA,true
01901cbf7196b0c5d0df9540a029520f5df8fd9a6b343deef8b5663872805fcf,12.1.2,0x005CD2A4,0x005CC9DD,0x005CC940,DATA,true
01901cbf7196b0c5d0df9540a029520f5df8fd9a6b343deef8b5663872805fcf,12.1.2,0x005CD2A8,0x005CD1A1,0x005CC940,DATA,true
01901cbf7196b0c5d0df9540a029520f5df8fd9a6b343deef8b5663872805fcf,12.1.2,0x005CD2AC,0x005CD1CB,0x005CC940,DATA,true
01901cbf7196b0c5d0df9540a029520f5df8fd9a6b343deef8b5663872805fcf,12.1.2,0x005CD2B0,0x005CCE14,0x005CC940,DATA,true
01901cbf7196b0c5d0df9540a029520f5df8fd9a6b343deef8b5663872805fcf,12.1.2,0x005CD2B4,0x005CD101,0x005CC940,DATA,true
01901cbf7196b0c5d0df9540a029520f5df8fd9a6b343deef8b5663872805fcf,12.1.2,0x005CD2B8,0x005CD1E6,0x005CC940,DATA,true
01901cbf7196b0c5d0df9540a029520f5df8fd9a6b343deef8b5663872805fcf,12.1.2,0x005CD2BC,0x005CD1E6,0x005CC940,DATA,true
01901cbf7196b0c5d0df9540a029520f5df8fd9a6b343deef8b5663872805fcf,12.1.2,0x005CD2C0,0x005CD1E6,0x005CC940,DATA,true
01901cbf7196b0c5d0df9540a029520f5df8fd9a6b343deef8b5663872805fcf,12.1.2,0x005DC70C,0x005DC522,0x005DC410,DATA,true
01901cbf7196b0c5d0df9540a029520f5df8fd9a6b343deef8b5663872805fcf,12.1.2,0x005DC710,0x005DC516,0x005DC410,DATA,true
01901cbf7196b0c5d0df9540a029520f5df8fd9a6b343deef8b5663872805fcf,12.1.2,0x005DC714,0x005DC595,0x005DC410,DATA,true
01901cbf7196b0c5d0df9540a029520f5df8fd9a6b343deef8b5663872805fcf,12.1.2,0x005DC718,0x005DC5A2,0x005DC410,DATA,true
01901cbf7196b0c5d0df9540a029520f5df8fd9a6b343deef8b5663872805fcf,12.1.2,0x005DC71C,0x005DC547,0x005DC410,DATA,true
01901cbf7196b0c5d0df9540a029520f5df8fd9a6b343deef8b5663872805fcf,12.1.2,0x005DC720,0x005DC554,0x005DC410,DATA,true
01901cbf7196b0c5d0df9540a029520f5df8fd9a6b343deef8b5663872805fcf,12.1.2,0x005DC724,0x005DC562,0x005DC410,DATA,true
01901cbf7196b0c5d0df9540a029520f5df8fd9a6b343deef8b5663872805fcf,12.1.2,0x005DCA04,0x005DC8CB,0x005DC7C0,DATA,true
01901cbf7196b0c5d0df9540a029520f5df8fd9a6b343deef8b5663872805fcf,12.1.2,0x005DCA08,0x005DC8BF,0x005DC7C0,DATA,true
01901cbf7196b0c5d0df9540a029520f5df8fd9a6b343deef8b5663872805fcf,12.1.2,0x005DCA0C,0x005DC92D,0x005DC7C0,DATA,true
01901cbf7196b0c5d0df9540a029520f5df8fd9a6b343deef8b5663872805fcf,12.1.2,0x005DCA10,0x005DC93A,0x005DC7C0,DATA,true
01901cbf7196b0c5d0df9540a029520f5df8fd9a6b343deef8b5663872805fcf,12.1.2,0x005DCA14,0x005DC8F0,0x005DC7C0,DATA,true
01901cbf7196b0c5d0df9540a029520f5df8fd9a6b343deef8b5663872805fcf,12.1.2,0x005DCA18,0x005DC8FD,0x005DC7C0,DATA,true
01901cbf7196b0c5d0df9540a029520f5df8fd9a6b343deef8b5663872805fcf,12.1.2,0x005DCA1C,0x005DC90B,0x005DC7C0,DATA,true
01901cbf7196b0c5d0df9540a029520f5df8fd9a6b343deef8b5663872805fcf,12.1.2,0x005DCE24,0x005DCBE3,0x005DCAE0,DATA,true
01901cbf7196b0c5d0df9540a029520f5df8fd9a6b343deef8b5663872805fcf,12.1.2,0x005DCE28,0x005DCBD7,0x005DCAE0,DATA,true
01901cbf7196b0c5d0df9540a029520f5df8fd9a6b343deef8b5663872805fcf,12.1.2,0x005DCE2C,0x005DCD51,0x005DCAE0,DATA,true
01901cbf7196b0c5d0df9540a029520f5df8fd9a6b343deef8b5663872805fcf,12.1.2,0x005DCE30,0x005DCD65,0x005DCAE0,DATA,true
01901cbf7196b0c5d0df9540a029520f5df8fd9a6b343deef8b5663872805fcf,12.1.2,0x005DCE34,0x005DCC30,0x005DCAE0,DATA,true
01901cbf7196b0c5d0df9540a029520f5df8fd9a6b343deef8b5663872805fcf,12.1.2,0x005DCE38,0x005DCC3D,0x005DCAE0,DATA,true
01901cbf7196b0c5d0df9540a029520f5df8fd9a6b343deef8b5663872805fcf,12.1.2,0x005DCE3C,0x005DCC4F,0x005DCAE0,DATA,true
01901cbf7196b0c5d0df9540a029520f5df8fd9a6b343deef8b5663872805fcf,12.1.2,0x005F2200,0x005F2131,0x005F1820,DATA,true
01901cbf7196b0c5d0df9540a029520f5df8fd9a6b343deef8b5663872805fcf,12.1.2,0x005F2204,0x005F2131,0x005F1820,DATA,true
01901cbf7196b0c5d0df9540a029520f5df8fd9a6b343deef8b5663872805fcf,12.1.2,0x005F2208,0x005F1B43,0x005F1820,DATA,true
01901cbf7196b0c5d0df9540a029520f5df8fd9a6b343deef8b5663872805fcf,12.1.2,0x005F220C,0x005F2131,0x005F1820,DATA,true
01901cbf7196b0c5d0df9540a029520f5df8fd9a6b343deef8b5663872805fcf,12.1.2,0x005F2210,0x005F1BAC,0x005F1820,DATA,true
01901cbf7196b0c5d0df9540a029520f5df8fd9a6b343deef8b5663872805fcf,12.1.2,0x005F2214,0x005F2088,0x005F1820,DATA,true
01901cbf7196b0c5d0df9540a029520f5df8fd9a6b343deef8b5663872805fcf,12.1.2,0x005F2218,0x005F2088,0x005F1820,DATA,true
01901cbf7196b0c5d0df9540a029520f5df8fd9a6b343deef8b5663872805fcf,12.1.2,0x005F221C,0x005F2088,0x005F1820,DATA,true
01901cbf7196b0c5d0df9540a029520f5df8fd9a6b343deef8b5663872805fcf,12.1.2,0x005F2220,0x005F2088,0x005F1820,DATA,true
01901cbf7196b0c5d0df9540a029520f5df8fd9a6b343deef8b5663872805fcf,12.1.2,0x005F2224,0x005F2088,0x005F1820,DATA,true
01901cbf7196b0c5d0df9540a029520f5df8fd9a6b343deef8b5663872805fcf,12.1.2,0x005F2228,0x005F2088,0x005F1820,DATA,true
01901cbf7196b0c5d0df9540a029520f5df8fd9a6b343deef8b5663872805fcf,12.1.2,0x005F222C,0x005F2088,0x005F1820,DATA,true
01901cbf7196b0c5d0df9540a029520f5df8fd9a6b343deef8b5663872805fcf,12.1.2,0x005F2230,0x005F1C4F,0x005F1820,DATA,true
01901cbf7196b0c5d0df9540a029520f5df8fd9a6b343deef8b5663872805fcf,12.1.2,0x005F2234,0x005F1CB8,0x005F1820,DATA,true
01901cbf7196b0c5d0df9540a029520f5df8fd9a6b343deef8b5663872805fcf,12.1.2,0x005F2238,0x005F1D5D,0x005F1820,DATA,true
01901cbf7196b0c5d0df9540a029520f5df8fd9a6b343deef8b5663872805fcf,12.1.2,0x005F223C,0x005F1DC6,0x005F1820,DATA,true
01901cbf7196b0c5d0df9540a029520f5df8fd9a6b343deef8b5663872805fcf,12.1.2,0x005F2240,0x005F1E2F,0x005F1820,DATA,true
01901cbf7196b0c5d0df9540a029520f5df8fd9a6b343deef8b5663872805fcf,12.1.2,0x005F2244,0x005F1E98,0x005F1820,DATA,true
01901cbf7196b0c5d0df9540a029520f5df8fd9a6b343deef8b5663872805fcf,12.1.2,0x005F2248,0x005F1F3E,0x005F1820,DATA,true
01901cbf7196b0c5d0df9540a029520f5df8fd9a6b343deef8b5663872805fcf,12.1.2,0x005F224C,0x005F1FE3,0x005F1820,DATA,true
01901cbf7196b0c5d0df9540a029520f5df8fd9a6b343deef8b5663872805fcf,12.1.2,0x005F4C84,0x005F4C4F,0x005F4C30,DATA,true
01901cbf7196b0c5d0df9540a029520f5df8fd9a6b343deef8b5663872805fcf,12.1.2,0x005F4C88,0x005F4C5A,0x005F4C30,DATA,true
01901cbf7196b0c5d0df9540a029520f5df8fd9a6b343deef8b5663872805fcf,12.1.2,0x005F4C8C,0x005F4C65,0x005F4C30,DATA,true
01901cbf7196b0c5d0df9540a029520f5df8fd9a6b343deef8b5663872805fcf,12.1.2,0x005F4C90,0x005F4C70,0x005F4C30,DATA,true
01901cbf7196b0c5d0df9540a029520f5df8fd9a6b343deef8b5663872805fcf,12.1.2,0x005F7E48,0x005F77E6,0x005F7580,DATA,true
01901cbf7196b0c5d0df9540a029520f5df8fd9a6b343deef8b5663872805fcf,12.1.2,0x005F7E4C,0x005F7E3D,0x005F7580,DATA,true
01901cbf7196b0c5d0df9540a029520f5df8fd9a6b343deef8b5663872805fcf,12.1.2,0x005F7E50,0x005F7E3D,0x005F7580,DATA,true
01901cbf7196b0c5d0df9540a029520f5df8fd9a6b343deef8b5663872805fcf,12.1.2,0x005F7E54,0x005F7E3D,0x005F7580,DATA,true
01901cbf7196b0c5d0df9540a029520f5df8fd9a6b343deef8b5663872805fcf,12.1.2,0x005F7E58,0x005F7E3D,0x005F7580,DATA,true
01901cbf7196b0c5d0df9540a029520f5df8fd9a6b343deef8b5663872805fcf,12.1.2,0x005F7E5C,0x005F7E3D,0x005F7580,DATA,true
01901cbf7196b0c5d0df9540a029520f5df8fd9a6b343deef8b5663872805fcf,12.1.2,0x005F7E60,0x005F7E3D,0x005F7580,DATA,true
01901cbf7196b0c5d0df9540a029520f5df8fd9a6b343deef8b5663872805fcf,12.1.2,0x005F7E64,0x005F7E3D,0x005F7580,DATA,true
01901cbf7196b0c5d0df9540a029520f5df8fd9a6b343deef8b5663872805fcf,12.1.2,0x005F7E68,0x005F7878,0x005F7580,DATA,true
01901cbf7196b0c5d0df9540a029520f5df8fd9a6b343deef8b5663872805fcf,12.1.2,0x005F7E6C,0x005F78D6,0x005F7580,DATA,true
01901cbf7196b0c5d0df9540a029520f5df8fd9a6b343deef8b5663872805fcf,12.1.2,0x005F7E70,0x005F7919,0x005F7580,DATA,true
01901cbf7196b0c5d0df9540a029520f5df8fd9a6b343deef8b5663872805fcf,12.1.2,0x005F7E74,0x005F79DD,0x005F7580,DATA,true
01901cbf7196b0c5d0df9540a029520f5df8fd9a6b343deef8b5663872805fcf,12.1.2,0x005F7E78,0x005F7A59,0x005F7580,DATA,true
01901cbf7196b0c5d0df9540a029520f5df8fd9a6b343deef8b5663872805fcf,12.1.2,0x005F7E7C,0x005F7959,0x005F7580,DATA,true
01901cbf7196b0c5d0df9540a029520f5df8fd9a6b343deef8b5663872805fcf,12.1.2,0x005F7E80,0x005F7AC4,0x005F7580,DATA,true
01901cbf7196b0c5d0df9540a029520f5df8fd9a6b343deef8b5663872805fcf,12.1.2,0x005F7E84,0x005F7B6A,0x005F7580,DATA,true
01901cbf7196b0c5d0df9540a029520f5df8fd9a6b343deef8b5663872805fcf,12.1.2,0x006042D4,0x00603D61,0x00603800,DATA,true
01901cbf7196b0c5d0df9540a029520f5df8fd9a6b343deef8b5663872805fcf,12.1.2,0x006042D8,0x00603D2E,0x00603800,DATA,true
01901cbf7196b0c5d0df9540a029520f5df8fd9a6b343deef8b5663872805fcf,12.1.2,0x006042DC,0x00603C8C,0x00603800,DATA,true
01901cbf7196b0c5d0df9540a029520f5df8fd9a6b343deef8b5663872805fcf,12.1.2,0x006042E0,0x00603C9B,0x00603800,DATA,true
01901cbf7196b0c5d0df9540a029520f5df8fd9a6b343deef8b5663872805fcf,12.1.2,0x006042E4,0x00603D2E,0x00603800,DATA,true
01901cbf7196b0c5d0df9540a029520f5df8fd9a6b343deef8b5663872805fcf,12.1.2,0x006042E8,0x00603CD7,0x00603800,DATA,true
01901cbf7196b0c5d0df9540a029520f5df8fd9a6b343deef8b5663872805fcf,12.1.2,0x006042EC,0x00603D2E,0x00603800,DATA,true
01901cbf7196b0c5d0df9540a029520f5df8fd9a6b343deef8b5663872805fcf,12.1.2,0x006042F0,0x00603D2E,0x00603800,DATA,true
01901cbf7196b0c5d0df9540a029520f5df8fd9a6b343deef8b5663872805fcf,12.1.2,0x006042F4,0x00603D2E,0x00603800,DATA,true
01901cbf7196b0c5d0df9540a029520f5df8fd9a6b343deef8b5663872805fcf,12.1.2,0x006042F8,0x00603CF0,0x00603800,DATA,true
01901cbf7196b0c5d0df9540a029520f5df8fd9a6b343deef8b5663872805fcf,12.1.2,0x0060B4D8,0x0060B126,0x0060AF90,DATA,true
01901cbf7196b0c5d0df9540a029520f5df8fd9a6b343deef8b5663872805fcf,12.1.2,0x0060B4DC,0x0060B038,0x0060AF90,DATA,true
01901cbf7196b0c5d0df9540a029520f5df8fd9a6b343deef8b5663872805fcf,12.1.2,0x0060B4E0,0x0060B170,0x0060AF90,DATA,true
01901cbf7196b0c5d0df9540a029520f5df8fd9a6b343deef8b5663872805fcf,12.1.2,0x0060B4E4,0x0060B08A,0x0060AF90,DATA,true
01901cbf7196b0c5d0df9540a029520f5df8fd9a6b343deef8b5663872805fcf,12.1.2,0x0060B4E8,0x0060B34F,0x0060AF90,DATA,true
01901cbf7196b0c5d0df9540a029520f5df8fd9a6b343deef8b5663872805fcf,12.1.2,0x0060E184,0x0060E0C2,0x0060E020,DATA,true
01901cbf7196b0c5d0df9540a029520f5df8fd9a6b343deef8b5663872805fcf,12.1.2,0x0060E188,0x0060E06B,0x0060E020,DATA,true
01901cbf7196b0c5d0df9540a029520f5df8fd9a6b343deef8b5663872805fcf,12.1.2,0x0060E18C,0x0060E0F2,0x0060E020,DATA,true
01901cbf7196b0c5d0df9540a029520f5df8fd9a6b343deef8b5663872805fcf,12.1.2,0x0060E190,0x0060E096,0x0060E020,DATA,true
01901cbf7196b0c5d0df9540a029520f5df8fd9a6b343deef8b5663872805fcf,12.1.2,0x0060E194,0x0060E17A,0x0060E020,DATA,true
01901cbf7196b0c5d0df9540a029520f5df8fd9a6b343deef8b5663872805fcf,12.1.2,0x0060FA18,0x0060F995,0x0060F8B0,DATA,true
01901cbf7196b0c5d0df9540a029520f5df8fd9a6b343deef8b5663872805fcf,12.1.2,0x0060FA1C,0x0060F946,0x0060F8B0,DATA,true
01901cbf7196b0c5d0df9540a029520f5df8fd9a6b343deef8b5663872805fcf,12.1.2,0x0060FA20,0x0060F90C,0x0060F8B0,DATA,true
01901cbf7196b0c5d0df9540a029520f5df8fd9a6b343deef8b5663872805fcf,12.1.2,0x0060FA24,0x0060F972,0x0060F8B0,DATA,true
01901cbf7196b0c5d0df9540a029520f5df8fd9a6b343deef8b5663872805fcf,12.1.2,0x0060FA28,0x0060F927,0x0060F8B0,DATA,true
01901cbf7196b0c5d0df9540a029520f5df8fd9a6b343deef8b5663872805fcf,12.1.2,0x0060FA2C,0x0060FA11,0x0060F8B0,DATA,true
01901cbf7196b0c5d0df9540a029520f5df8fd9a6b343deef8b5663872805fcf,12.1.2,0x00611580,0x00611494,0x00611400,DATA,true
01901cbf7196b0c5d0df9540a029520f5df8fd9a6b343deef8b5663872805fcf,12.1.2,0x00611584,0x00611424,0x00611400,DATA,true
01901cbf7196b0c5d0df9540a029520f5df8fd9a6b343deef8b5663872805fcf,12.1.2,0x00611588,0x00611513,0x00611400,DATA,true
01901cbf7196b0c5d0df9540a029520f5df8fd9a6b343deef8b5663872805fcf,12.1.2,0x0061158C,0x0061145A,0x00611400,DATA,true
01901cbf7196b0c5d0df9540a029520f5df8fd9a6b343deef8b5663872805fcf,12.1.2,0x00611590,0x00611578,0x00611400,DATA,true
01901cbf7196b0c5d0df9540a029520f5df8fd9a6b343deef8b5663872805fcf,12.1.2,0x00612A48,0x006129DA,0x00612970,DATA,true
01901cbf7196b0c5d0df9540a029520f5df8fd9a6b343deef8b5663872805fcf,12.1.2,0x00612A4C,0x006129B8,0x00612970,DATA,true
01901cbf7196b0c5d0df9540a029520f5df8fd9a6b343deef8b5663872805fcf,12.1.2,0x00612A50,0x00612A1E,0x00612970,DATA,true
01901cbf7196b0c5d0df9540a029520f5df8fd9a6b343deef8b5663872805fcf,12.1.2,0x00612A54,0x006129FC,0x00612970,DATA,true
01901cbf7196b0c5d0df9540a029520f5df8fd9a6b343deef8b5663872805fcf,12.1.2,0x00612A58,0x00612996,0x00612970,DATA,true
01901cbf7196b0c5d0df9540a029520f5df8fd9a6b343deef8b5663872805fcf,12.1.2,0x00612A5C,0x00612A40,0x00612970,DATA,true
01901cbf7196b0c5d0df9540a029520f5df8fd9a6b343deef8b5663872805fcf,12.1.2,0x00612AC0,0x00612AA1,0x00612A70,DATA,true
01901cbf7196b0c5d0df9540a029520f5df8fd9a6b343deef8b5663872805fcf,12.1.2,0x00612AC4,0x00612A8D,0x00612A70,DATA,true
01901cbf7196b0c5d0df9540a029520f5df8fd9a6b343deef8b5663872805fcf,12.1.2,0x00612AC8,0x00612ABA,0x00612A70,DATA,true
01901cbf7196b0c5d0df9540a029520f5df8fd9a6b343deef8b5663872805fcf,12.1.2,0x00612B58,0x00612B28,0x00612AE0,DATA,true
01901cbf7196b0c5d0df9540a029520f5df8fd9a6b343deef8b5663872805fcf,12.1.2,0x00612B5C,0x00612B10,0x00612AE0,DATA,true
01901cbf7196b0c5d0df9540a029520f5df8fd9a6b343deef8b5663872805fcf,12.1.2,0x00612B60,0x00612B55,0x00612AE0,DATA,true
01901cbf7196b0c5d0df9540a029520f5df8fd9a6b343deef8b5663872805fcf,12.1.2,0x00612B64,0x00612B40,0x00612AE0,DATA,true
01901cbf7196b0c5d0df9540a029520f5df8fd9a6b343deef8b5663872805fcf,12.1.2,0x00612B68,0x00612AF8,0x00612AE0,DATA,true
01901cbf7196b0c5d0df9540a029520f5df8fd9a6b343deef8b5663872805fcf,12.1.2,0x00612B6C,0x00612B55,0x00612AE0,DATA,true
01901cbf7196b0c5d0df9540a029520f5df8fd9a6b343deef8b5663872805fcf,12.1.2,0x00612BF8,0x00612BC8,0x00612B80,DATA,true
01901cbf7196b0c5d0df9540a029520f5df8fd9a6b343deef8b5663872805fcf,12.1.2,0x00612BFC,0x00612BB0,0x00612B80,DATA,true
01901cbf7196b0c5d0df9540a029520f5df8fd9a6b343deef8b5663872805fcf,12.1.2,0x00612C00,0x00612BE0,0x00612B80,DATA,true
01901cbf7196b0c5d0df9540a029520f5df8fd9a6b343deef8b5663872805fcf,12.1.2,0x00612C04,0x00612B98,0x00612B80,DATA,true
01901cbf7196b0c5d0df9540a029520f5df8fd9a6b343deef8b5663872805fcf,12.1.2,0x00612C08,0x00612BF5,0x00612B80,DATA,true
01901cbf7196b0c5d0df9540a029520f5df8fd9a6b343deef8b5663872805fcf,12.1.2,0x00612C98,0x00612C68,0x00612C20,DATA,true
01901cbf7196b0c5d0df9540a029520f5df8fd9a6b343deef8b5663872805fcf,12.1.2,0x00612C9C,0x00612C50,0x00612C20,DATA,true
01901cbf7196b0c5d0df9540a029520f5df8fd9a6b343deef8b5663872805fcf,12.1.2,0x00612CA0,0x00612C95,0x00612C20,DATA,true
01901cbf7196b0c5d0df9540a029520f5df8fd9a6b343deef8b5663872805fcf,12.1.2,0x00612CA4,0x00612C80,0x00612C20,DATA,true
01901cbf7196b0c5d0df9540a029520f5df8fd9a6b343deef8b5663872805fcf,12.1.2,0x00612CA8,0x00612C38,0x00612C20,DATA,true
01901cbf7196b0c5d0df9540a029520f5df8fd9a6b343deef8b5663872805fcf,12.1.2,0x00612CAC,0x00612C95,0x00612C20,DATA,true
01901cbf7196b0c5d0df9540a029520f5df8fd9a6b343deef8b5663872805fcf,12.1.2,0x00612D2C,0x00612CFE,0x00612CC0,DATA,true
01901cbf7196b0c5d0df9540a029520f5df8fd9a6b343deef8b5663872805fcf,12.1.2,0x00612D30,0x00612CEB,0x00612CC0,DATA,true
01901cbf7196b0c5d0df9540a029520f5df8fd9a6b343deef8b5663872805fcf,12.1.2,0x00612D34,0x00612D24,0x00612CC0,DATA,true
01901cbf7196b0c5d0df9540a029520f5df8fd9a6b343deef8b5663872805fcf,12.1.2,0x00612D38,0x00612D11,0x00612CC0,DATA,true
01901cbf7196b0c5d0df9540a029520f5df8fd9a6b343deef8b5663872805fcf,12.1.2,0x00612D3C,0x00612CD8,0x00612CC0,DATA,true
01901cbf7196b0c5d0df9540a029520f5df8fd9a6b343deef8b5663872805fcf,12.1.2,0x00612D40,0x00612D24,0x00612CC0,DATA,true
01901cbf7196b0c5d0df9540a029520f5df8fd9a6b343deef8b5663872805fcf,12.1.2,0x00612DD8,0x00612DA8,0x00612D60,DATA,true
01901cbf7196b0c5d0df9540a029520f5df8fd9a6b343deef8b5663872805fcf,12.1.2,0x00612DDC,0x00612D90,0x00612D60,DATA,true
01901cbf7196b0c5d0df9540a029520f5df8fd9a6b343deef8b5663872805fcf,12.1.2,0x00612DE0,0x00612DC0,0x00612D60,DATA,true
01901cbf7196b0c5d0df9540a029520f5df8fd9a6b343deef8b5663872805fcf,12.1.2,0x00612DE4,0x00612D78,0x00612D60,DATA,true
01901cbf7196b0c5d0df9540a029520f5df8fd9a6b343deef8b5663872805fcf,12.1.2,0x00612DE8,0x00612DD5,0x00612D60,DATA,true
01901cbf7196b0c5d0df9540a029520f5df8fd9a6b343deef8b5663872805fcf,12.1.2,0x00612E50,0x00612E2E,0x00612E00,DATA,true
01901cbf7196b0c5d0df9540a029520f5df8fd9a6b343deef8b5663872805fcf,12.1.2,0x00612E54,0x00612E23,0x00612E00,DATA,true
01901cbf7196b0c5d0df9540a029520f5df8fd9a6b343deef8b5663872805fcf,12.1.2,0x00612E58,0x00612E44,0x00612E00,DATA,true
01901cbf7196b0c5d0df9540a029520f5df8fd9a6b343deef8b5663872805fcf,12.1.2,0x00612E5C,0x00612E39,0x00612E00,DATA,true
01901cbf7196b0c5d0df9540a029520f5df8fd9a6b343deef8b5663872805fcf,12.1.2,0x00612E60,0x00612E18,0x00612E00,DATA,true
01901cbf7196b0c5d0df9540a029520f5df8fd9a6b343deef8b5663872805fcf,12.1.2,0x00612E64,0x00612E4C,0x00612E00,DATA,true
01901cbf7196b0c5d0df9540a029520f5df8fd9a6b343deef8b5663872805fcf,12.1.2,0x00612EB0,0x00612EAD,0x00612E80,DATA,true
01901cbf7196b0c5d0df9540a029520f5df8fd9a6b343deef8b5663872805fcf,12.1.2,0x00612EB4,0x00612E98,0x00612E80,DATA,true
01901cbf7196b0c5d0df9540a029520f5df8fd9a6b343deef8b5663872805fcf,12.1.2,0x00612EB8,0x00612EAD,0x00612E80,DATA,true
01901cbf7196b0c5d0df9540a029520f5df8fd9a6b343deef8b5663872805fcf,12.1.2,0x00613154,0x0061311E,0x006130E0,DATA,true
01901cbf7196b0c5d0df9540a029520f5df8fd9a6b343deef8b5663872805fcf,12.1.2,0x00613158,0x0061310B,0x006130E0,DATA,true
01901cbf7196b0c5d0df9540a029520f5df8fd9a6b343deef8b5663872805fcf,12.1.2,0x0061315C,0x00613144,0x006130E0,DATA,true
01901cbf7196b0c5d0df9540a029520f5df8fd9a6b343deef8b5663872805fcf,12.1.2,0x00613160,0x00613131,0x006130E0,DATA,true
01901cbf7196b0c5d0df9540a029520f5df8fd9a6b343deef8b5663872805fcf,12.1.2,0x00613164,0x006130F8,0x006130E0,DATA,true
01901cbf7196b0c5d0df9540a029520f5df8fd9a6b343deef8b5663872805fcf,12.1.2,0x00613168,0x00613151,0x006130E0,DATA,true
01901cbf7196b0c5d0df9540a029520f5df8fd9a6b343deef8b5663872805fcf,12.1.2,0x006131F8,0x006131C2,0x00613180,DATA,true
01901cbf7196b0c5d0df9540a029520f5df8fd9a6b343deef8b5663872805fcf,12.1.2,0x006131FC,0x006131AD,0x00613180,DATA,true
01901cbf7196b0c5d0df9540a029520f5df8fd9a6b343deef8b5663872805fcf,12.1.2,0x00613200,0x006131EC,0x00613180,DATA,true
01901cbf7196b0c5d0df9540a029520f5df8fd9a6b343deef8b5663872805fcf,12.1.2,0x00613204,0x006131D7,0x00613180,DATA,true
01901cbf7196b0c5d0df9540a029520f5df8fd9a6b343deef8b5663872805fcf,12.1.2,0x00613208,0x00613198,0x00613180,DATA,true
01901cbf7196b0c5d0df9540a029520f5df8fd9a6b343deef8b5663872805fcf,12.1.2,0x0061320C,0x006131F4,0x00613180,DATA,true
01901cbf7196b0c5d0df9540a029520f5df8fd9a6b343deef8b5663872805fcf,12.1.2,0x006132F8,0x006132C8,0x006132A0,DATA,true
01901cbf7196b0c5d0df9540a029520f5df8fd9a6b343deef8b5663872805fcf,12.1.2,0x006132FC,0x006132C3,0x006132A0,DATA,true
01901cbf7196b0c5d0df9540a029520f5df8fd9a6b343deef8b5663872805fcf,12.1.2,0x00613300,0x006132D8,0x006132A0,DATA,true
01901cbf7196b0c5d0df9540a029520f5df8fd9a6b343deef8b5663872805fcf,12.1.2,0x00613304,0x006132D0,0x006132A0,DATA,true
01901cbf7196b0c5d0df9540a029520f5df8fd9a6b343deef8b5663872805fcf,12.1.2,0x00613308,0x006132BB,0x006132A0,DATA,true
01901cbf7196b0c5d0df9540a029520f5df8fd9a6b343deef8b5663872805fcf,12.1.2,0x0061330C,0x006132E3,0x006132A0,DATA,true
01901cbf7196b0c5d0df9540a029520f5df8fd9a6b343deef8b5663872805fcf,12.1.2,0x00613774,0x0061375B,0x00613740,DATA,true
01901cbf7196b0c5d0df9540a029520f5df8fd9a6b343deef8b5663872805fcf,12.1.2,0x00613778,0x00613768,0x00613740,DATA,true
01901cbf7196b0c5d0df9540a029520f5df8fd9a6b343deef8b5663872805fcf,12.1.2,0x0061377C,0x0061376F,0x00613740,DATA,true
01901cbf7196b0c5d0df9540a029520f5df8fd9a6b343deef8b5663872805fcf,12.1.2,0x00625DE0,0x00625A87,0x00625880,DATA,true
01901cbf7196b0c5d0df9540a029520f5df8fd9a6b343deef8b5663872805fcf,12.1.2,0x00625DE4,0x00625AA8,0x00625880,DATA,true
01901cbf7196b0c5d0df9540a029520f5df8fd9a6b343deef8b5663872805fcf,12.1.2,0x00625DE8,0x006259F8,0x00625880,DATA,true
01901cbf7196b0c5d0df9540a029520f5df8fd9a6b343deef8b5663872805fcf,12.1.2,0x00625DEC,0x00625C77,0x00625880,DATA,true
01901cbf7196b0c5d0df9540a029520f5df8fd9a6b343deef8b5663872805fcf,12.1.2,0x00625DF0,0x006258EA,0x00625880,DATA,true
01901cbf7196b0c5d0df9540a029520f5df8fd9a6b343deef8b5663872805fcf,12.1.2,0x00625DF4,0x00625CA9,0x00625880,DATA,true
01901cbf7196b0c5d0df9540a029520f5df8fd9a6b343deef8b5663872805fcf,12.1.2,0x00628A00,0x0062897D,0x00628950,DATA,true
01901cbf7196b0c5d0df9540a029520f5df8fd9a6b343deef8b5663872805fcf,12.1.2,0x00628A04,0x006289F3,0x00628950,DATA,true
01901cbf7196b0c5d0df9540a029520f5df8fd9a6b343deef8b5663872805fcf,12.1.2,0x00628A08,0x00628998,0x00628950,DATA,true
01901cbf7196b0c5d0df9540a029520f5df8fd9a6b343deef8b5663872805fcf,12.1.2,0x00628A0C,0x006289F4,0x00628950,DATA,true
01901cbf7196b0c5d0df9540a029520f5df8fd9a6b343deef8b5663872805fcf,12.1.2,0x00628D94,0x00628C6C,0x00628B70,DATA,true
01901cbf7196b0c5d0df9540a029520f5df8fd9a6b343deef8b5663872805fcf,12.1.2,0x00628D98,0x00628C95,0x00628B70,DATA,true
01901cbf7196b0c5d0df9540a029520f5df8fd9a6b343deef8b5663872805fcf,12.1.2,0x00628D9C,0x00628CBE,0x00628B70,DATA,true
01901cbf7196b0c5d0df9540a029520f5df8fd9a6b343deef8b5663872805fcf,12.1.2,0x00628DA0,0x00628CE4,0x00628B70,DATA,true
01901cbf7196b0c5d0df9540a029520f5df8fd9a6b343deef8b5663872805fcf,12.1.2,0x00628DA4,0x00628D0A,0x00628B70,DATA,true
01901cbf7196b0c5d0df9540a029520f5df8fd9a6b343deef8b5663872805fcf,12.1.2,0x00628DA8,0x00628D30,0x00628B70,DATA,true
01901cbf7196b0c5d0df9540a029520f5df8fd9a6b343deef8b5663872805fcf,12.1.2,0x0062AEF0,0x0062AEA1,0x0062ACD0,DATA,true
01901cbf7196b0c5d0df9540a029520f5df8fd9a6b343deef8b5663872805fcf,12.1.2,0x0062AEF4,0x0062AD6E,0x0062ACD0,DATA,true
01901cbf7196b0c5d0df9540a029520f5df8fd9a6b343deef8b5663872805fcf,12.1.2,0x0062AEF8,0x0062AD86,0x0062ACD0,DATA,true
01901cbf7196b0c5d0df9540a029520f5df8fd9a6b343deef8b5663872805fcf,12.1.2,0x0062AEFC,0x0062AD7A,0x0062ACD0,DATA,true
01901cbf7196b0c5d0df9540a029520f5df8fd9a6b343deef8b5663872805fcf,12.1.2,0x0062AF00,0x0062ADF7,0x0062ACD0,DATA,true
01901cbf7196b0c5d0df9540a029520f5df8fd9a6b343deef8b5663872805fcf,12.1.2,0x0062AF04,0x0062AEA1,0x0062ACD0,DATA,true
01901cbf7196b0c5d0df9540a029520f5df8fd9a6b343deef8b5663872805fcf,12.1.2,0x0062AF18,0x0062AEA1,0x0062ACD0,DATA,true
01901cbf7196b0c5d0df9540a029520f5df8fd9a6b343deef8b5663872805fcf,12.1.2,0x0062AF1C,0x0062AE24,0x0062ACD0,DATA,true
01901cbf7196b0c5d0df9540a029520f5df8fd9a6b343deef8b5663872805fcf,12.1.2,0x0062AF20,0x0062AE39,0x0062ACD0,DATA,true
01901cbf7196b0c5d0df9540a029520f5df8fd9a6b343deef8b5663872805fcf,12.1.2,0x0062AF24,0x0062AE30,0x0062ACD0,DATA,true
01901cbf7196b0c5d0df9540a029520f5df8fd9a6b343deef8b5663872805fcf,12.1.2,0x0062AF28,0x0062AE98,0x0062ACD0,DATA,true
01901cbf7196b0c5d0df9540a029520f5df8fd9a6b343deef8b5663872805fcf,12.1.2,0x0062AF2C,0x0062AEA1,0x0062ACD0,DATA,true
01901cbf7196b0c5d0df9540a029520f5df8fd9a6b343deef8b5663872805fcf,12.1.2,0x00631EDC,0x00631C58,0x00631BA0,DATA,true
01901cbf7196b0c5d0df9540a029520f5df8fd9a6b343deef8b5663872805fcf,12.1.2,0x00631EE0,0x00631C66,0x00631BA0,DATA,true
01901cbf7196b0c5d0df9540a029520f5df8fd9a6b343deef8b5663872805fcf,12.1.2,0x00631EE4,0x00631C74,0x00631BA0,DATA,true
01901cbf7196b0c5d0df9540a029520f5df8fd9a6b343deef8b5663872805fcf,12.1.2,0x00631EE8,0x00631C82,0x00631BA0,DATA,true
01901cbf7196b0c5d0df9540a029520f5df8fd9a6b343deef8b5663872805fcf,12.1.2,0x00631EEC,0x00631EB0,0x00631BA0,DATA,true
01901cbf7196b0c5d0df9540a029520f5df8fd9a6b343deef8b5663872805fcf,12.1.2,0x00631F0C,0x00631CBB,0x00631BA0,DATA,true
01901cbf7196b0c5d0df9540a029520f5df8fd9a6b343deef8b5663872805fcf,12.1.2,0x00631F10,0x00631CC9,0x00631BA0,DATA,true
01901cbf7196b0c5d0df9540a029520f5df8fd9a6b343deef8b5663872805fcf,12.1.2,0x00631F14,0x00631CD7,0x00631BA0,DATA,true
01901cbf7196b0c5d0df9540a029520f5df8fd9a6b343deef8b5663872805fcf,12.1.2,0x00631F18,0x00631CE5,0x00631BA0,DATA,true
01901cbf7196b0c5d0df9540a029520f5df8fd9a6b343deef8b5663872805fcf,12.1.2,0x00631F1C,0x00631CF3,0x00631BA0,DATA,true
01901cbf7196b0c5d0df9540a029520f5df8fd9a6b343deef8b5663872805fcf,12.1.2,0x00631F20,0x00631D01,0x00631BA0,DATA,true
01901cbf7196b0c5d0df9540a029520f5df8fd9a6b343deef8b5663872805fcf,12.1.2,0x00631F24,0x00631D0F,0x00631BA0,DATA,true
01901cbf7196b0c5d0df9540a029520f5df8fd9a6b343deef8b5663872805fcf,12.1.2,0x00631F28,0x00631D1D,0x00631BA0,DATA,true
01901cbf7196b0c5d0df9540a029520f5df8fd9a6b343deef8b5663872805fcf,12.1.2,0x00631F2C,0x00631D2B,0x00631BA0,DATA,true
01901cbf7196b0c5d0df9540a029520f5df8fd9a6b343deef8b5663872805fcf,12.1.2,0x00631F30,0x00631EB0,0x00631BA0,DATA,true
01901cbf7196b0c5d0df9540a029520f5df8fd9a6b343deef8b5663872805fcf,12.1.2,0x00631FA4,0x00631D75,0x00631BA0,DATA,true
01901cbf7196b0c5d0df9540a029520f5df8fd9a6b343deef8b5663872805fcf,12.1.2,0x00631FA8,0x00631D83,0x00631BA0,DATA,true
01901cbf7196b0c5d0df9540a029520f5df8fd9a6b343deef8b5663872805fcf,12.1.2,0x00631FAC,0x00631D91,0x00631BA0,DATA,true
01901cbf7196b0c5d0df9540a029520f5df8fd9a6b343deef8b5663872805fcf,12.1.2,0x00631FB0,0x00631D9F,0x00631BA0,DATA,true
01901cbf7196b0c5d0df9540a029520f5df8fd9a6b343deef8b5663872805fcf,12.1.2,0x00631FB4,0x00631DAD,0x00631BA0,DATA,true
01901cbf7196b0c5d0df9540a029520f5df8fd9a6b343deef8b5663872805fcf,12.1.2,0x00631FB8,0x00631DBB,0x00631BA0,DATA,true
01901cbf7196b0c5d0df9540a029520f5df8fd9a6b343deef8b5663872805fcf,12.1.2,0x00631FBC,0x00631DC9,0x00631BA0,DATA,true
01901cbf7196b0c5d0df9540a029520f5df8fd9a6b343deef8b5663872805fcf,12.1.2,0x00631FC0,0x00631DD7,0x00631BA0,DATA,true
01901cbf7196b0c5d0df9540a029520f5df8fd9a6b343deef8b5663872805fcf,12.1.2,0x00631FC4,0x00631DE5,0x00631BA0,DATA,true
01901cbf7196b0c5d0df9540a029520f5df8fd9a6b343deef8b5663872805fcf,12.1.2,0x00631FC8,0x00631EB0,0x00631BA0,DATA,true
01901cbf7196b0c5d0df9540a029520f5df8fd9a6b343deef8b5663872805fcf,12.1.2,0x00632028,0x00631E7C,0x00631BA0,DATA,true
01901cbf7196b0c5d0df9540a029520f5df8fd9a6b343deef8b5663872805fcf,12.1.2,0x0063202C,0x00631E87,0x00631BA0,DATA,true
01901cbf7196b0c5d0df9540a029520f5df8fd9a6b343deef8b5663872805fcf,12.1.2,0x00632030,0x00631E92,0x00631BA0,DATA,true
01901cbf7196b0c5d0df9540a029520f5df8fd9a6b343deef8b5663872805fcf,12.1.2,0x00632034,0x00631E9D,0x00631BA0,DATA,true
01901cbf7196b0c5d0df9540a029520f5df8fd9a6b343deef8b5663872805fcf,12.1.2,0x00632038,0x00631EB0,0x00631BA0,DATA,true
01901cbf7196b0c5d0df9540a029520f5df8fd9a6b343deef8b5663872805fcf,12.1.2,0x00632718,0x0063252F,0x00632350,DATA,true
01901cbf7196b0c5d0df9540a029520f5df8fd9a6b343deef8b5663872805fcf,12.1.2,0x0063271C,0x00632547,0x00632350,DATA,true
01901cbf7196b0c5d0df9540a029520f5df8fd9a6b343deef8b5663872805fcf,12.1.2,0x00632720,0x0063255F,0x00632350,DATA,true
01901cbf7196b0c5d0df9540a029520f5df8fd9a6b343deef8b5663872805fcf,12.1.2,0x00632724,0x00632577,0x00632350,DATA,true
01901cbf7196b0c5d0df9540a029520f5df8fd9a6b343deef8b5663872805fcf,12.1.2,0x00632728,0x0063252F,0x00632350,DATA,true
01901cbf7196b0c5d0df9540a029520f5df8fd9a6b343deef8b5663872805fcf,12.1.2,0x0063272C,0x00632547,0x00632350,DATA,true
01901cbf7196b0c5d0df9540a029520f5df8fd9a6b343deef8b5663872805fcf,12.1.2,0x00632730,0x0063255F,0x00632350,DATA,true
01901cbf7196b0c5d0df9540a029520f5df8fd9a6b343deef8b5663872805fcf,12.1.2,0x00632734,0x00632577,0x00632350,DATA,true
01901cbf7196b0c5d0df9540a029520f5df8fd9a6b343deef8b5663872805fcf,12.1.2,0x00635F0C,0x0063596B,0x00635870,DATA,true
01901cbf7196b0c5d0df9540a029520f5df8fd9a6b343deef8b5663872805fcf,12.1.2,0x00635F10,0x00635979,0x00635870,DATA,true
01901cbf7196b0c5d0df9540a029520f5df8fd9a6b343deef8b5663872805fcf,12.1.2,0x00635F14,0x00635987,0x00635870,DATA,true
01901cbf7196b0c5d0df9540a029520f5df8fd9a6b343deef8b5663872805fcf,12.1.2,0x00635F18,0x00635995,0x00635870,DATA,true
01901cbf7196b0c5d0df9540a029520f5df8fd9a6b343deef8b5663872805fcf,12.1.2,0x00635F1C,0x006359A3,0x00635870,DATA,true
01901cbf7196b0c5d0df9540a029520f5df8fd9a6b343deef8b5663872805fcf,12.1.2,0x00635F20,0x00635EE0,0x00635870,DATA,true
01901cbf7196b0c5d0df9540a029520f5df8fd9a6b343deef8b5663872805fcf,12.1.2,0x00635F70,0x006359DC,0x00635870,DATA,true
01901cbf7196b0c5d0df9540a029520f5df8fd9a6b343deef8b5663872805fcf,12.1.2,0x00635F74,0x006359EA,0x00635870,DATA,true
01901cbf7196b0c5d0df9540a029520f5df8fd9a6b343deef8b5663872805fcf,12.1.2,0x00635F78,0x006359F8,0x00635870,DATA,true
01901cbf7196b0c5d0df9540a029520f5df8fd9a6b343deef8b5663872805fcf,12.1.2,0x00635F7C,0x00635A06,0x00635870,DATA,true
01901cbf7196b0c5d0df9540a029520f5df8fd9a6b343deef8b5663872805fcf,12.1.2,0x00635F80,0x00635A14,0x00635870,DATA,true
01901cbf7196b0c5d0df9540a029520f5df8fd9a6b343deef8b5663872805fcf,12.1.2,0x00635F84,0x00635A22,0x00635870,DATA,true
01901cbf7196b0c5d0df9540a029520f5df8fd9a6b343deef8b5663872805fcf,12.1.2,0x00635F88,0x00635A30,0x00635870,DATA,true
01901cbf7196b0c5d0df9540a029520f5df8fd9a6b343deef8b5663872805fcf,12.1.2,0x00635F8C,0x00635A3E,0x00635870,DATA,true
01901cbf7196b0c5d0df9540a029520f5df8fd9a6b343deef8b5663872805fcf,12.1.2,0x00635F90,0x00635A4C,0x00635870,DATA,true
01901cbf7196b0c5d0df9540a029520f5df8fd9a6b343deef8b5663872805fcf,12.1.2,0x00635F94,0x00635A5A,0x00635870,DATA,true
01901cbf7196b0c5d0df9540a029520f5df8fd9a6b343deef8b5663872805fcf,12.1.2,0x00635F98,0x00635A68,0x00635870,DATA,true
01901cbf7196b0c5d0df9540a029520f5df8fd9a6b343deef8b5663872805fcf,12.1.2,0x00635F9C,0x00635EE0,0x00635870,DATA,true
01901cbf7196b0c5d0df9540a029520f5df8fd9a6b343deef8b5663872805fcf,12.1.2,0x00636008,0x00635AA3,0x00635870,DATA,true
01901cbf7196b0c5d0df9540a029520f5df8fd9a6b343deef8b5663872805fcf,12.1.2,0x0063600C,0x00635AB1,0x00635870,DATA,true
01901cbf7196b0c5d0df9540a029520f5df8fd9a6b343deef8b5663872805fcf,12.1.2,0x00636010,0x00635ABF,0x00635870,DATA,true
01901cbf7196b0c5d0df9540a029520f5df8fd9a6b343deef8b5663872805fcf,12.1.2,0x00636014,0x00635ACD,0x00635870,DATA,true
01901cbf7196b0c5d0df9540a029520f5df8fd9a6b343deef8b5663872805fcf,12.1.2,0x00636018,0x00635ADB,0x00635870,DATA,true
01901cbf7196b0c5d0df9540a029520f5df8fd9a6b343deef8b5663872805fcf,12.1.2,0x0063601C,0x00635AE9,0x00635870,DATA,true
01901cbf7196b0c5d0df9540a029520f5df8fd9a6b343deef8b5663872805fcf,12.1.2,0x00636020,0x00635AF7,0x00635870,DATA,true
01901cbf7196b0c5d0df9540a029520f5df8fd9a6b343deef8b5663872805fcf,12.1.2,0x00636024,0x00635B05,0x00635870,DATA,true
01901cbf7196b0c5d0df9540a029520f5df8fd9a6b343deef8b5663872805fcf,12.1.2,0x00636028,0x00635B13,0x00635870,DATA,true
01901cbf7196b0c5d0df9540a029520f5df8fd9a6b343deef8b5663872805fcf,12.1.2,0x0063602C,0x00635B21,0x00635870,DATA,true
01901cbf7196b0c5d0df9540a029520f5df8fd9a6b343deef8b5663872805fcf,12.1.2,0x00636030,0x00635B2F,0x00635870,DATA,true
01901cbf7196b0c5d0df9540a029520f5df8fd9a6b343deef8b5663872805fcf,12.1.2,0x00636034,0x00635B3D,0x00635870,DATA,true
01901cbf7196b0c5d0df9540a029520f5df8fd9a6b343deef8b5663872805fcf,12.1.2,0x00636038,0x00635B4B,0x00635870,DATA,true
01901cbf7196b0c5d0df9540a029520f5df8fd9a6b343deef8b5663872805fcf,12.1.2,0x0063603C,0x00635B59,0x00635870,DATA,true
01901cbf7196b0c5d0df9540a029520f5df8fd9a6b343deef8b5663872805fcf,12.1.2,0x00636040,0x00635B67,0x00635870,DATA,true
01901cbf7196b0c5d0df9540a029520f5df8fd9a6b343deef8b5663872805fcf,12.1.2,0x00636044,0x00635B75,0x00635870,DATA,true
01901cbf7196b0c5d0df9540a029520f5df8fd9a6b343deef8b5663872805fcf,12.1.2,0x00636048,0x00635B83,0x00635870,DATA,true
01901cbf7196b0c5d0df9540a029520f5df8fd9a6b343deef8b5663872805fcf,12.1.2,0x0063604C,0x00635B91,0x00635870,DATA,true
01901cbf7196b0c5d0df9540a029520f5df8fd9a6b343deef8b5663872805fcf,12.1.2,0x00636050,0x00635B9F,0x00635870,DATA,true
01901cbf7196b0c5d0df9540a029520f5df8fd9a6b343deef8b5663872805fcf,12.1.2,0x00636054,0x00635BAD,0x00635870,DATA,true
01901cbf7196b0c5d0df9540a029520f5df8fd9a6b343deef8b5663872805fcf,12.1.2,0x00636058,0x00635BBB,0x00635870,DATA,true
01901cbf7196b0c5d0df9540a029520f5df8fd9a6b343deef8b5663872805fcf,12.1.2,0x0063605C,0x00635BC9,0x00635870,DATA,true
01901cbf7196b0c5d0df9540a029520f5df8fd9a6b343deef8b5663872805fcf,12.1.2,0x00636060,0x00635BD7,0x00635870,DATA,true
01901cbf7196b0c5d0df9540a029520f5df8fd9a6b343deef8b5663872805fcf,12.1.2,0x00636064,0x00635BE5,0x00635870,DATA,true
01901cbf7196b0c5d0df9540a029520f5df8fd9a6b343deef8b5663872805fcf,12.1.2,0x00636068,0x00635EE0,0x00635870,DATA,true
01901cbf7196b0c5d0df9540a029520f5df8fd9a6b343deef8b5663872805fcf,12.1.2,0x00636124,0x00635C31,0x00635870,DATA,true
01901cbf7196b0c5d0df9540a029520f5df8fd9a6b343deef8b5663872805fcf,12.1.2,0x00636128,0x00635C3F,0x00635870,DATA,true
01901cbf7196b0c5d0df9540a029520f5df8fd9a6b343deef8b5663872805fcf,12.1.2,0x0063612C,0x00635C4D,0x00635870,DATA,true
01901cbf7196b0c5d0df9540a029520f5df8fd9a6b343deef8b5663872805fcf,12.1.2,0x00636130,0x00635C5B,0x00635870,DATA,true
01901cbf7196b0c5d0df9540a029520f5df8fd9a6b343deef8b5663872805fcf,12.1.2,0x00636134,0x00635C69,0x00635870,DATA,true
01901cbf7196b0c5d0df9540a029520f5df8fd9a6b343deef8b5663872805fcf,12.1.2,0x00636138,0x00635C77,0x00635870,DATA,true
01901cbf7196b0c5d0df9540a029520f5df8fd9a6b343deef8b5663872805fcf,12.1.2,0x0063613C,0x00635C85,0x00635870,DATA,true
01901cbf7196b0c5d0df9540a029520f5df8fd9a6b343deef8b5663872805fcf,12.1.2,0x00636140,0x00635C93,0x00635870,DATA,true
01901cbf7196b0c5d0df9540a029520f5df8fd9a6b343deef8b5663872805fcf,12.1.2,0x00636144,0x00635CA1,0x00635870,DATA,true
01901cbf7196b0c5d0df9540a029520f5df8fd9a6b343deef8b5663872805fcf,12.1.2,0x00636148,0x00635CAF,0x00635870,DATA,true
01901cbf7196b0c5d0df9540a029520f5df8fd9a6b343deef8b5663872805fcf,12.1.2,0x0063614C,0x00635CBD,0x00635870,DATA,true
01901cbf7196b0c5d0df9540a029520f5df8fd9a6b343deef8b5663872805fcf,12.1.2,0x00636150,0x00635CCB,0x00635870,DATA,true
01901cbf7196b0c5d0df9540a029520f5df8fd9a6b343deef8b5663872805fcf,12.1.2,0x00636154,0x00635CD9,0x00635870,DATA,true
01901cbf7196b0c5d0df9540a029520f5df8fd9a6b343deef8b5663872805fcf,12.1.2,0x00636158,0x00635CE7,0x00635870,DATA,true
01901cbf7196b0c5d0df9540a029520f5df8fd9a6b343deef8b5663872805fcf,12.1.2,0x0063615C,0x00635CF5,0x00635870,DATA,true
01901cbf7196b0c5d0df9540a029520f5df8fd9a6b343deef8b5663872805fcf,12.1.2,0x00636160,0x00635D03,0x00635870,DATA,true
01901cbf7196b0c5d0df9540a029520f5df8fd9a6b343deef8b5663872805fcf,12.1.2,0x00636164,0x00635D11,0x00635870,DATA,true
01901cbf7196b0c5d0df9540a029520f5df8fd9a6b343deef8b5663872805fcf,12.1.2,0x00636168,0x00635D1F,0x00635870,DATA,true
01901cbf7196b0c5d0df9540a029520f5df8fd9a6b343deef8b5663872805fcf,12.1.2,0x0063616C,0x00635D2D,0x00635870,DATA,true
01901cbf7196b0c5d0df9540a029520f5df8fd9a6b343deef8b5663872805fcf,12.1.2,0x00636170,0x00635D3B,0x00635870,DATA,true
01901cbf7196b0c5d0df9540a029520f5df8fd9a6b343deef8b5663872805fcf,12.1.2,0x00636174,0x00635D49,0x00635870,DATA,true
01901cbf7196b0c5d0df9540a029520f5df8fd9a6b343deef8b5663872805fcf,12.1.2,0x00636178,0x00635D57,0x00635870,DATA,true
01901cbf7196b0c5d0df9540a029520f5df8fd9a6b343deef8b5663872805fcf,12.1.2,0x0063617C,0x00635D65,0x00635870,DATA,true
01901cbf7196b0c5d0df9540a029520f5df8fd9a6b343deef8b5663872805fcf,12.1.2,0x00636180,0x00635D73,0x00635870,DATA,true
01901cbf7196b0c5d0df9540a029520f5df8fd9a6b343deef8b5663872805fcf,12.1.2,0x00636184,0x00635EE0,0x00635870,DATA,true
01901cbf7196b0c5d0df9540a029520f5df8fd9a6b343deef8b5663872805fcf,12.1.2,0x00636220,0x00635DAC,0x00635870,DATA,true
01901cbf7196b0c5d0df9540a029520f5df8fd9a6b343deef8b5663872805fcf,12.1.2,0x00636224,0x00635DBA,0x00635870,DATA,true
01901cbf7196b0c5d0df9540a029520f5df8fd9a6b343deef8b5663872805fcf,12.1.2,0x00636228,0x00635DC8,0x00635870,DATA,true
01901cbf7196b0c5d0df9540a029520f5df8fd9a6b343deef8b5663872805fcf,12.1.2,0x0063622C,0x00635DD6,0x00635870,DATA,true
01901cbf7196b0c5d0df9540a029520f5df8fd9a6b343deef8b5663872805fcf,12.1.2,0x00636230,0x00635DE4,0x00635870,DATA,true
01901cbf7196b0c5d0df9540a029520f5df8fd9a6b343deef8b5663872805fcf,12.1.2,0x00636234,0x00635DF2,0x00635870,DATA,true
01901cbf7196b0c5d0df9540a029520f5df8fd9a6b343deef8b5663872805fcf,12.1.2,0x00636238,0x00635E00,0x00635870,DATA,true
01901cbf7196b0c5d0df9540a029520f5df8fd9a6b343deef8b5663872805fcf,12.1.2,0x0063623C,0x00635E0E,0x00635870,DATA,true
01901cbf7196b0c5d0df9540a029520f5df8fd9a6b343deef8b5663872805fcf,12.1.2,0x00636240,0x00635E1C,0x00635870,DATA,true
01901cbf7196b0c5d0df9540a029520f5df8fd9a6b343deef8b5663872805fcf,12.1.2,0x00636244,0x00635E2A,0x00635870,DATA,true
01901cbf7196b0c5d0df9540a029520f5df8fd9a6b343deef8b5663872805fcf,12.1.2,0x00636248,0x00635E38,0x00635870,DATA,true
01901cbf7196b0c5d0df9540a029520f5df8fd9a6b343deef8b5663872805fcf,12.1.2,0x0063624C,0x00635E46,0x00635870,DATA,true
01901cbf7196b0c5d0df9540a029520f5df8fd9a6b343deef8b5663872805fcf,12.1.2,0x00636250,0x00635E54,0x00635870,DATA,true
01901cbf7196b0c5d0df9540a029520f5df8fd9a6b343deef8b5663872805fcf,12.1.2,0x00636254,0x00635E5F,0x00635870,DATA,true
01901cbf7196b0c5d0df9540a029520f5df8fd9a6b343deef8b5663872805fcf,12.1.2,0x00636258,0x00635E6A,0x00635870,DATA,true
01901cbf7196b0c5d0df9540a029520f5df8fd9a6b343deef8b5663872805fcf,12.1.2,0x0063625C,0x00635E75,0x00635870,DATA,true
01901cbf7196b0c5d0df9540a029520f5df8fd9a6b343deef8b5663872805fcf,12.1.2,0x00636260,0x00635E80,0x00635870,DATA,true
01901cbf7196b0c5d0df9540a029520f5df8fd9a6b343deef8b5663872805fcf,12.1.2,0x00636264,0x00635E8B,0x00635870,DATA,true
01901cbf7196b0c5d0df9540a029520f5df8fd9a6b343deef8b5663872805fcf,12.1.2,0x00636268,0x00635E96,0x00635870,DATA,true
01901cbf7196b0c5d0df9540a029520f5df8fd9a6b343deef8b5663872805fcf,12.1.2,0x0063626C,0x00635EA1,0x00635870,DATA,true
01901cbf7196b0c5d0df9540a029520f5df8fd9a6b343deef8b5663872805fcf,12.1.2,0x00636270,0x00635EAC,0x00635870,DATA,true
01901cbf7196b0c5d0df9540a029520f5df8fd9a6b343deef8b5663872805fcf,12.1.2,0x00636274,0x00635EB7,0x00635870,DATA,true
01901cbf7196b0c5d0df9540a029520f5df8fd9a6b343deef8b5663872805fcf,12.1.2,0x00636278,0x00635EC2,0x00635870,DATA,true
01901cbf7196b0c5d0df9540a029520f5df8fd9a6b343deef8b5663872805fcf,12.1.2,0x0063627C,0x00635ECD,0x00635870,DATA,true
01901cbf7196b0c5d0df9540a029520f5df8fd9a6b343deef8b5663872805fcf,12.1.2,0x00636280,0x00635EE0,0x00635870,DATA,true
01901cbf7196b0c5d0df9540a029520f5df8fd9a6b343deef8b5663872805fcf,12.1.2,0x00639614,0x006395BC,0x006393C0,DATA,true
01901cbf7196b0c5d0df9540a029520f5df8fd9a6b343deef8b5663872805fcf,12.1.2,0x00639618,0x006395BC,0x006393C0,DATA,true
01901cbf7196b0c5d0df9540a029520f5df8fd9a6b343deef8b5663872805fcf,12.1.2,0x0063961C,0x006395C4,0x006393C0,DATA,true
01901cbf7196b0c5d0df9540a029520f5df8fd9a6b343deef8b5663872805fcf,12.1.2,0x00639620,0x006395BC,0x006393C0,DATA,true
01901cbf7196b0c5d0df9540a029520f5df8fd9a6b343deef8b5663872805fcf,12.1.2,0x00639624,0x006395C4,0x006393C0,DATA,true
01901cbf7196b0c5d0df9540a029520f5df8fd9a6b343deef8b5663872805fcf,12.1.2,0x0063E4E8,0x0063E15F,0x0063E110,DATA,true
01901cbf7196b0c5d0df9540a029520f5df8fd9a6b343deef8b5663872805fcf,12.1.2,0x0063E4EC,0x0063E1D6,0x0063E110,DATA,true
01901cbf7196b0c5d0df9540a029520f5df8fd9a6b343deef8b5663872805fcf,12.1.2,0x0063E4F0,0x0063E3B1,0x0063E110,DATA,true
01901cbf7196b0c5d0df9540a029520f5df8fd9a6b343deef8b5663872805fcf,12.1.2,0x0063E4F4,0x0063E3E9,0x0063E110,DATA,true
01901cbf7196b0c5d0df9540a029520f5df8fd9a6b343deef8b5663872805fcf,12.1.2,0x0063E4F8,0x0063E426,0x0063E110,DATA,true
01901cbf7196b0c5d0df9540a029520f5df8fd9a6b343deef8b5663872805fcf,12.1.2,0x0063E4FC,0x0063E45F,0x0063E110,DATA,true
01901cbf7196b0c5d0df9540a029520f5df8fd9a6b343deef8b5663872805fcf,12.1.2,0x0063E500,0x0063E4A7,0x0063E110,DATA,true
01901cbf7196b0c5d0df9540a029520f5df8fd9a6b343deef8b5663872805fcf,12.1.2,0x0063E504,0x0063E240,0x0063E110,DATA,true
01901cbf7196b0c5d0df9540a029520f5df8fd9a6b343deef8b5663872805fcf,12.1.2,0x0063E508,0x0063E2A7,0x0063E110,DATA,true
01901cbf7196b0c5d0df9540a029520f5df8fd9a6b343deef8b5663872805fcf,12.1.2,0x0063E50C,0x0063E2DC,0x0063E110,DATA,true
01901cbf7196b0c5d0df9540a029520f5df8fd9a6b343deef8b5663872805fcf,12.1.2,0x0063E510,0x0063E316,0x0063E110,DATA,true
01901cbf7196b0c5d0df9540a029520f5df8fd9a6b343deef8b5663872805fcf,12.1.2,0x0063E514,0x0063E350,0x0063E110,DATA,true
01901cbf7196b0c5d0df9540a029520f5df8fd9a6b343deef8b5663872805fcf,12.1.2,0x0063E518,0x0063E4D4,0x0063E110,DATA,true
01901cbf7196b0c5d0df9540a029520f5df8fd9a6b343deef8b5663872805fcf,12.1.2,0x0063E51C,0x0063E4DE,0x0063E110,DATA,true
01901cbf7196b0c5d0df9540a029520f5df8fd9a6b343deef8b5663872805fcf,12.1.2,0x00643910,0x00642C74,0x00642C20,DATA,true
01901cbf7196b0c5d0df9540a029520f5df8fd9a6b343deef8b5663872805fcf,12.1.2,0x00643914,0x00642D6D,0x00642C20,DATA,true
01901cbf7196b0c5d0df9540a029520f5df8fd9a6b343deef8b5663872805fcf,12.1.2,0x00643918,0x00642DDC,0x00642C20,DATA,true
01901cbf7196b0c5d0df9540a029520f5df8fd9a6b343deef8b5663872805fcf,12.1.2,0x0064391C,0x00642F0B,0x00642C20,DATA,true
01901cbf7196b0c5d0df9540a029520f5df8fd9a6b343deef8b5663872805fcf,12.1.2,0x00643920,0x00642FBE,0x00642C20,DATA,true
01901cbf7196b0c5d0df9540a029520f5df8fd9a6b343deef8b5663872805fcf,12.1.2,0x00643924,0x0064309D,0x00642C20,DATA,true
01901cbf7196b0c5d0df9540a029520f5df8fd9a6b343deef8b5663872805fcf,12.1.2,0x00643928,0x00643304,0x00642C20,DATA,true
01901cbf7196b0c5d0df9540a029520f5df8fd9a6b343deef8b5663872805fcf,12.1.2,0x0064392C,0x006437DA,0x00642C20,DATA,true
01901cbf7196b0c5d0df9540a029520f5df8fd9a6b343deef8b5663872805fcf,12.1.2,0x00643930,0x00643841,0x00642C20,DATA,true
01901cbf7196b0c5d0df9540a029520f5df8fd9a6b343deef8b5663872805fcf,12.1.2,0x00643934,0x00643885,0x00642C20,DATA,true
01901cbf7196b0c5d0df9540a029520f5df8fd9a6b343deef8b5663872805fcf,12.1.2,0x00643938,0x00642CD8,0x00642C20,DATA,true
01901cbf7196b0c5d0df9540a029520f5df8fd9a6b343deef8b5663872805fcf,12.1.2,0x0064393C,0x00642CF6,0x00642C20,DATA,true
01901cbf7196b0c5d0df9540a029520f5df8fd9a6b343deef8b5663872805fcf,12.1.2,0x00643940,0x00642D58,0x00642C20,DATA,true
01901cbf7196b0c5d0df9540a029520f5df8fd9a6b343deef8b5663872805fcf,12.1.2,0x00643944,0x00643439,0x00642C20,DATA,true
01901cbf7196b0c5d0df9540a029520f5df8fd9a6b343deef8b5663872805fcf,12.1.2,0x006448E8,0x006441D3,0x00644180,DATA,true
01901cbf7196b0c5d0df9540a029520f5df8fd9a6b343deef8b5663872805fcf,12.1.2,0x006448EC,0x00644295,0x00644180,DATA,true
01901cbf7196b0c5d0df9540a029520f5df8fd9a6b343deef8b5663872805fcf,12.1.2,0x006448F0,0x00644382,0x00644180,DATA,true
01901cbf7196b0c5d0df9540a029520f5df8fd9a6b343deef8b5663872805fcf,12.1.2,0x006448F4,0x00644403,0x00644180,DATA,true
01901cbf7196b0c5d0df9540a029520f5df8fd9a6b343deef8b5663872805fcf,12.1.2,0x006448F8,0x006444B0,0x00644180,DATA,true
01901cbf7196b0c5d0df9540a029520f5df8fd9a6b343deef8b5663872805fcf,12.1.2,0x006448FC,0x00644523,0x00644180,DATA,true
01901cbf7196b0c5d0df9540a029520f5df8fd9a6b343deef8b5663872805fcf,12.1.2,0x00644900,0x00644650,0x00644180,DATA,true
01901cbf7196b0c5d0df9540a029520f5df8fd9a6b343deef8b5663872805fcf,12.1.2,0x00644904,0x006447E1,0x00644180,DATA,true
01901cbf7196b0c5d0df9540a029520f5df8fd9a6b343deef8b5663872805fcf,12.1.2,0x00644908,0x0064483E,0x00644180,DATA,true
01901cbf7196b0c5d0df9540a029520f5df8fd9a6b343deef8b5663872805fcf,12.1.2,0x0064490C,0x00644876,0x00644180,DATA,true
01901cbf7196b0c5d0df9540a029520f5df8fd9a6b343deef8b5663872805fcf,12.1.2,0x00645300,0x0064530C,0x00645302,UNCONDITIONAL_JUMP,true
01901cbf7196b0c5d0df9540a029520f5df8fd9a6b343deef8b5663872805fcf,12.1.2,0x00645465,0x006454D1,0x00645470,UNCONDITIONAL_JUMP,true
01901cbf7196b0c5d0df9540a029520f5df8fd9a6b343deef8b5663872805fcf,12.1.2,0x00645994,0x006459A0,0x00645930,DATA,true
01901cbf7196b0c5d0df9540a029520f5df8fd9a6b343deef8b5663872805fcf,12.1.2,0x00645998,0x006459CC,0x00645930,DATA,true
01901cbf7196b0c5d0df9540a029520f5df8fd9a6b343deef8b5663872805fcf,12.1.2,0x0064599C,0x006459F0,0x00645930,DATA,true
01901cbf7196b0c5d0df9540a029520f5df8fd9a6b343deef8b5663872805fcf,12.1.2,0x00645A0C,0x00645A6F,0x00645930,DATA,true
01901cbf7196b0c5d0df9540a029520f5df8fd9a6b343deef8b5663872805fcf,12.1.2,0x00645A10,0x00645A5C,0x00645930,DATA,true
01901cbf7196b0c5d0df9540a029520f5df8fd9a6b343deef8b5663872805fcf,12.1.2,0x00645A14,0x00645A54,0x00645930,DATA,true
01901cbf7196b0c5d0df9540a029520f5df8fd9a6b343deef8b5663872805fcf,12.1.2,0x00645A18,0x00645A4C,0x00645930,DATA,true
01901cbf7196b0c5d0df9540a029520f5df8fd9a6b343deef8b5663872805fcf,12.1.2,0x00645A1C,0x00645A44,0x00645930,DATA,true
01901cbf7196b0c5d0df9540a029520f5df8fd9a6b343deef8b5663872805fcf,12.1.2,0x00645A20,0x00645A3C,0x00645930,DATA,true
01901cbf7196b0c5d0df9540a029520f5df8fd9a6b343deef8b5663872805fcf,12.1.2,0x00645A24,0x00645A34,0x00645930,DATA,true
01901cbf7196b0c5d0df9540a029520f5df8fd9a6b343deef8b5663872805fcf,12.1.2,0x00645A28,0x00645A2C,0x00645930,DATA,true
01901cbf7196b0c5d0df9540a029520f5df8fd9a6b343deef8b5663872805fcf,12.1.2,0x00645A78,0x00645A88,0x00645930,DATA,true
01901cbf7196b0c5d0df9540a029520f5df8fd9a6b343deef8b5663872805fcf,12.1.2,0x00645A7C,0x00645A90,0x00645930,DATA,true
01901cbf7196b0c5d0df9540a029520f5df8fd9a6b343deef8b5663872805fcf,12.1.2,0x00645A80,0x00645A9C,0x00645930,DATA,true
01901cbf7196b0c5d0df9540a029520f5df8fd9a6b343deef8b5663872805fcf,12.1.2,0x00645A84,0x00645AB0,0x00645930,DATA,true
01901cbf7196b0c5d0df9540a029520f5df8fd9a6b343deef8b5663872805fcf,12.1.2,0x00645B1C,0x00645B28,0x00645930,DATA,true
01901cbf7196b0c5d0df9540a029520f5df8fd9a6b343deef8b5663872805fcf,12.1.2,0x00645B20,0x00645B48,0x00645930,DATA,true
01901cbf7196b0c5d0df9540a029520f5df8fd9a6b343deef8b5663872805fcf,12.1.2,0x00645B24,0x00645B70,0x00645930,DATA,true
01901cbf7196b0c5d0df9540a029520f5df8fd9a6b343deef8b5663872805fcf,12.1.2,0x00645BA4,0x00645BC4,0x00645930,DATA,true
01901cbf7196b0c5d0df9540a029520f5df8fd9a6b343deef8b5663872805fcf,12.1.2,0x00645BA8,0x00645BCC,0x00645930,DATA,true
01901cbf7196b0c5d0df9540a029520f5df8fd9a6b343deef8b5663872805fcf,12.1.2,0x00645BAC,0x00645BD4,0x00645930,DATA,true
01901cbf7196b0c5d0df9540a029520f5df8fd9a6b343deef8b5663872805fcf,12.1.2,0x00645BB0,0x00645BDC,0x00645930,DATA,true
01901cbf7196b0c5d0df9540a029520f5df8fd9a6b343deef8b5663872805fcf,12.1.2,0x00645BB4,0x00645BE4,0x00645930,DATA,true
01901cbf7196b0c5d0df9540a029520f5df8fd9a6b343deef8b5663872805fcf,12.1.2,0x00645BB8,0x00645BEC,0x00645930,DATA,true
01901cbf7196b0c5d0df9540a029520f5df8fd9a6b343deef8b5663872805fcf,12.1.2,0x00645BBC,0x00645BF4,0x00645930,DATA,true
01901cbf7196b0c5d0df9540a029520f5df8fd9a6b343deef8b5663872805fcf,12.1.2,0x00645BC0,0x00645C07,0x00645930,DATA,true
01901cbf7196b0c5d0df9540a029520f5df8fd9a6b343deef8b5663872805fcf,12.1.2,0x00645C10,0x00645C20,0x00645930,DATA,true
01901cbf7196b0c5d0df9540a029520f5df8fd9a6b343deef8b5663872805fcf,12.1.2,0x00645C14,0x00645C28,0x00645930,DATA,true
01901cbf7196b0c5d0df9540a029520f5df8fd9a6b343deef8b5663872805fcf,12.1.2,0x00645C18,0x00645C38,0x00645930,DATA,true
01901cbf7196b0c5d0df9540a029520f5df8fd9a6b343deef8b5663872805fcf,12.1.2,0x00645C1C,0x00645C4C,0x00645930,DATA,true
01901cbf7196b0c5d0df9540a029520f5df8fd9a6b343deef8b5663872805fcf,12.1.2,0x0064693E,0x00645DD6,0x00645DD0,UNCONDITIONAL_JUMP,true
01901cbf7196b0c5d0df9540a029520f5df8fd9a6b343deef8b5663872805fcf,12.1.2,0x00647544,0x00647550,0x006474E0,DATA,true
01901cbf7196b0c5d0df9540a029520f5df8fd9a6b343deef8b5663872805fcf,12.1.2,0x00647548,0x0064757C,0x006474E0,DATA,true
01901cbf7196b0c5d0df9540a029520f5df8fd9a6b343deef8b5663872805fcf,12.1.2,0x0064754C,0x006475A0,0x006474E0,DATA,true
01901cbf7196b0c5d0df9540a029520f5df8fd9a6b343deef8b5663872805fcf,12.1.2,0x006475BC,0x0064761F,0x006474E0,DATA,true
01901cbf7196b0c5d0df9540a029520f5df8fd9a6b343deef8b5663872805fcf,12.1.2,0x006475C0,0x0064760C,0x006474E0,DATA,true
01901cbf7196b0c5d0df9540a029520f5df8fd9a6b343deef8b5663872805fcf,12.1.2,0x006475C4,0x00647604,0x006474E0,DATA,true
01901cbf7196b0c5d0df9540a029520f5df8fd9a6b343deef8b5663872805fcf,12.1.2,0x006475C8,0x006475FC,0x006474E0,DATA,true
01901cbf7196b0c5d0df9540a029520f5df8fd9a6b343deef8b5663872805fcf,12.1.2,0x006475CC,0x006475F4,0x006474E0,DATA,true
01901cbf7196b0c5d0df9540a029520f5df8fd9a6b343deef8b5663872805fcf,12.1.2,0x006475D0,0x006475EC,0x006474E0,DATA,true
01901cbf7196b0c5d0df9540a029520f5df8fd9a6b343deef8b5663872805fcf,12.1.2,0x006475D4,0x006475E4,0x006474E0,DATA,true
01901cbf7196b0c5d0df9540a029520f5df8fd9a6b343deef8b5663872805fcf,12.1.2,0x006475D8,0x006475DC,0x006474E0,DATA,true
01901cbf7196b0c5d0df9540a029520f5df8fd9a6b343deef8b5663872805fcf,12.1.2,0x00647628,0x00647638,0x006474E0,DATA,true
01901cbf7196b0c5d0df9540a029520f5df8fd9a6b343deef8b5663872805fcf,12.1.2,0x0064762C,0x00647640,0x006474E0,DATA,true
01901cbf7196b0c5d0df9540a029520f5df8fd9a6b343deef8b5663872805fcf,12.1.2,0x00647630,0x0064764C,0x006474E0,DATA,true
01901cbf7196b0c5d0df9540a029520f5df8fd9a6b343deef8b5663872805fcf,12.1.2,0x00647634,0x00647660,0x006474E0,DATA,true
01901cbf7196b0c5d0df9540a029520f5df8fd9a6b343deef8b5663872805fcf,12.1.2,0x006476CC,0x006476D8,0x006474E0,DATA,true
01901cbf7196b0c5d0df9540a029520f5df8fd9a6b343deef8b5663872805fcf,12.1.2,0x006476D0,0x006476F8,0x006474E0,DATA,true
01901cbf7196b0c5d0df9540a029520f5df8fd9a6b343deef8b5663872805fcf,12.1.2,0x006476D4,0x00647720,0x006474E0,DATA,true
01901cbf7196b0c5d0df9540a029520f5df8fd9a6b343deef8b5663872805fcf,12.1.2,0x00647754,0x00647774,0x006474E0,DATA,true
01901cbf7196b0c5d0df9540a029520f5df8fd9a6b343deef8b5663872805fcf,12.1.2,0x00647758,0x0064777C,0x006474E0,DATA,true
01901cbf7196b0c5d0df9540a029520f5df8fd9a6b343deef8b5663872805fcf,12.1.2,0x0064775C,0x00647784,0x006474E0,DATA,true
01901cbf7196b0c5d0df9540a029520f5df8fd9a6b343deef8b5663872805fcf,12.1.2,0x00647760,0x0064778C,0x006474E0,DATA,true
01901cbf7196b0c5d0df9540a029520f5df8fd9a6b343deef8b5663872805fcf,12.1.2,0x00647764,0x00647794,0x006474E0,DATA,true
01901cbf7196b0c5d0df9540a029520f5df8fd9a6b343deef8b5663872805fcf,12.1.2,0x00647768,0x0064779C,0x006474E0,DATA,true
01901cbf7196b0c5d0df9540a029520f5df8fd9a6b343deef8b5663872805fcf,12.1.2,0x0064776C,0x006477A4,0x006474E0,DATA,true
01901cbf7196b0c5d0df9540a029520f5df8fd9a6b343deef8b5663872805fcf,12.1.2,0x00647770,0x006477B7,0x006474E0,DATA,true
01901cbf7196b0c5d0df9540a029520f5df8fd9a6b343deef8b5663872805fcf,12.1.2,0x006477C0,0x006477D0,0x006474E0,DATA,true
01901cbf7196b0c5d0df9540a029520f5df8fd9a6b343deef8b5663872805fcf,12.1.2,0x006477C4,0x006477D8,0x006474E0,DATA,true
01901cbf7196b0c5d0df9540a029520f5df8fd9a6b343deef8b5663872805fcf,12.1.2,0x006477C8,0x006477E8,0x006474E0,DATA,true
01901cbf7196b0c5d0df9540a029520f5df8fd9a6b343deef8b5663872805fcf,12.1.2,0x006477CC,0x006477FC,0x006474E0,DATA,true
01901cbf7196b0c5d0df9540a029520f5df8fd9a6b343deef8b5663872805fcf,12.1.2,0x0064A985,0x0064A990,0x0064A987,UNCONDITIONAL_JUMP,true
01901cbf7196b0c5d0df9540a029520f5df8fd9a6b343deef8b5663872805fcf,12.1.2,0x0064B169,0x0064ABE7,0x0064AA48,DATA,true
01901cbf7196b0c5d0df9540a029520f5df8fd9a6b343deef8b5663872805fcf,12.1.2,0x0064B16D,0x0064AABD,0x0064AA48,DATA,true
01901cbf7196b0c5d0df9540a029520f5df8fd9a6b343deef8b5663872805fcf,12.1.2,0x0064B171,0x0064AAD8,0x0064AA48,DATA,true
01901cbf7196b0c5d0df9540a029520f5df8fd9a6b343deef8b5663872805fcf,12.1.2,0x0064B175,0x0064AB24,0x0064AA48,DATA,true
01901cbf7196b0c5d0df9540a029520f5df8fd9a6b343deef8b5663872805fcf,12.1.2,0x0064B179,0x0064AB5B,0x0064AA48,DATA,true
01901cbf7196b0c5d0df9540a029520f5df8fd9a6b343deef8b5663872805fcf,12.1.2,0x0064B17D,0x0064AB63,0x0064AA48,DATA,true
01901cbf7196b0c5d0df9540a029520f5df8fd9a6b343deef8b5663872805fcf,12.1.2,0x0064B181,0x0064AB98,0x0064AA48,DATA,true
01901cbf7196b0c5d0df9540a029520f5df8fd9a6b343deef8b5663872805fcf,12.1.2,0x0064B185,0x0064AC2B,0x0064AA48,DATA,true
01901cbf7196b0c5d0df9540a029520f5df8fd9a6b343deef8b5663872805fcf,12.1.2,0x0064F9C5,0x0064F58E,0x0064F524,DATA,true
01901cbf7196b0c5d0df9540a029520f5df8fd9a6b343deef8b5663872805fcf,12.1.2,0x0064F9C9,0x0064F5DD,0x0064F524,DATA,true
01901cbf7196b0c5d0df9540a029520f5df8fd9a6b343deef8b5663872805fcf,12.1.2,0x0064F9CD,0x0064F634,0x0064F524,DATA,true
01901cbf7196b0c5d0df9540a029520f5df8fd9a6b343deef8b5663872805fcf,12.1.2,0x0064F9D1,0x0064F65E,0x0064F524,DATA,true
01901cbf7196b0c5d0df9540a029520f5df8fd9a6b343deef8b5663872805fcf,12.1.2,0x0064F9D5,0x0064F6B9,0x0064F524,DATA,true
01901cbf7196b0c5d0df9540a029520f5df8fd9a6b343deef8b5663872805fcf,12.1.2,0x0064F9D9,0x0064F730,0x0064F524,DATA,true
01901cbf7196b0c5d0df9540a029520f5df8fd9a6b343deef8b5663872805fcf,12.1.2,0x0064F9DD,0x0064F766,0x0064F524,DATA,true
01901cbf7196b0c5d0df9540a029520f5df8fd9a6b343deef8b5663872805fcf,12.1.2,0x0064F9E1,0x0064F7B0,0x0064F524,DATA,true
01901cbf7196b0c5d0df9540a029520f5df8fd9a6b343deef8b5663872805fcf,12.1.2,0x0064F9E5,0x0064F78F,0x0064F524,DATA,true
01901cbf7196b0c5d0df9540a029520f5df8fd9a6b343deef8b5663872805fcf,12.1.2,0x0064F9E9,0x0064F814,0x0064F524,DATA,true
01901cbf7196b0c5d0df9540a029520f5df8fd9a6b343deef8b5663872805fcf,12.1.2,0x0064F9ED,0x0064F7FE,0x0064F524,DATA,true
01901cbf7196b0c5d0df9540a029520f5df8fd9a6b343deef8b5663872805fcf,12.1.2,0x0064F9F1,0x0064F7CA,0x0064F524,DATA,true
01901cbf7196b0c5d0df9540a029520f5df8fd9a6b343deef8b5663872805fcf,12.1.2,0x009C9AA8,0x005CF1CE,0x005CF150,DATA,true
01901cbf7196b0c5d0df9540a029520f5df8fd9a6b343deef8b5663872805fcf,12.1.2,0x009C9AAC,0x005CF239,0x005CF150,DATA,true
01901cbf7196b0c5d0df9540a029520f5df8fd9a6b343deef8b5663872805fcf,12.1.2,0x009C9AB0,0x005CF1AC,0x005CF150,DATA,true
01901cbf7196b0c5d0df9540a029520f5df8fd9a6b343deef8b5663872805fcf,12.1.2,0x009C9AB4,0x005CF26A,0x005CF150,DATA,true
01901cbf7196b0c5d0df9540a029520f5df8fd9a6b343deef8b5663872805fcf,12.1.2,0x009C9AB8,0x005CF1DB,0x005CF150,DATA,true
01901cbf7196b0c5d0df9540a029520f5df8fd9a6b343deef8b5663872805fcf,12.1.2,0x009C9ABC,0x005CF226,0x005CF150,DATA,true
01901cbf7196b0c5d0df9540a029520f5df8fd9a6b343deef8b5663872805fcf,12.1.2,0x009C9AC0,0x005CF1BC,0x005CF150,DATA,true
01901cbf7196b0c5d0df9540a029520f5df8fd9a6b343deef8b5663872805fcf,12.1.2,0x009C9AC4,0x005CF26A,0x005CF150,DATA,true
