source_idc_sha256,address,end_address,size,body_ranges,name,prototype,flags,binary_kind
42032fc2807f7dec6de1ed6efb9d18a70668a015f23e32d58149c9d9952bc0a7,0x00401000,0x00401058,88,0x00401000-0x00401058,sub_401000,,0x5410,game
42032fc2807f7dec6de1ed6efb9d18a70668a015f23e32d58149c9d9952bc0a7,0x00401060,0x004010F9,153,0x00401060-0x004010F9,sub_401060,,0x5410,game
42032fc2807f7dec6de1ed6efb9d18a70668a015f23e32d58149c9d9952bc0a7,0x00401100,0x00401513,1043,0x00401100-0x00401513,sub_401100,,0x5410,game
42032fc2807f7dec6de1ed6efb9d18a70668a015f23e32d58149c9d9952bc0a7,0x00401520,0x0040155E,62,0x00401520-0x0040155E,sub_401520,"int __thiscall sub_401520(void *Block, char);",0x5410,game
42032fc2807f7dec6de1ed6efb9d18a70668a015f23e32d58149c9d9952bc0a7,0x00401560,0x004015AE,78,0x00401560-0x004015AE,sub_401560,,0x5410,game
42032fc2807f7dec6de1ed6efb9d18a70668a015f23e32d58149c9d9952bc0a7,0x004015B0,0x00401636,134,0x004015B0-0x00401636,sub_4015B0,int __stdcall sub_4015B0(int Number);,0x5410,game
42032fc2807f7dec6de1ed6efb9d18a70668a015f23e32d58149c9d9952bc0a7,0x00401640,0x00401651,17,0x00401640-0x00401651,sub_401640,,0x5400,game
42032fc2807f7dec6de1ed6efb9d18a70668a015f23e32d58149c9d9952bc0a7,0x00401660,0x004016B8,88,0x00401660-0x004016B8,sub_401660,,0x5410,game
42032fc2807f7dec6de1ed6efb9d18a70668a015f23e32d58149c9d9952bc0a7,0x004016C0,0x00401759,153,0x004016C0-0x00401759,sub_4016C0,,0x5410,game
42032fc2807f7dec6de1ed6efb9d18a70668a015f23e32d58149c9d9952bc0a7,0x00401760,0x00401B73,1043,0x00401760-0x00401B73,sub_401760,,0x5410,game
42032fc2807f7dec6de1ed6efb9d18a70668a015f23e32d58149c9d9952bc0a7,0x00401B80,0x00401BD8,88,0x00401B80-0x00401BD8,sub_401B80,,0x5410,game
42032fc2807f7dec6de1ed6efb9d18a70668a015f23e32d58149c9d9952bc0a7,0x00401BE0,0x00401C79,153,0x00401BE0-0x00401C79,sub_401BE0,,0x5410,game
42032fc2807f7dec6de1ed6efb9d18a70668a015f23e32d58149c9d9952bc0a7,0x00401C80,0x00401CD8,88,0x00401C80-0x00401CD8,sub_401C80,,0x5410,game
42032fc2807f7dec6de1ed6efb9d18a70668a015f23e32d58149c9d9952bc0a7,0x00401CE0,0x00401D79,153,0x00401CE0-0x00401D79,sub_401CE0,,0x5410,game
42032fc2807f7dec6de1ed6efb9d18a70668a015f23e32d58149c9d9952bc0a7,0x00401D80,0x0040230F,1568,0x00401D80-0x0040230F;0x006504E0-0x00650571,sub_401D80,int __stdcall sub_401D80(void *Block);,0x5410,game
42032fc2807f7dec6de1ed6efb9d18a70668a015f23e32d58149c9d9952bc0a7,0x00402310,0x0040231F,15,0x00402310-0x0040231F,sub_402310,,0x5400,game
42032fc2807f7dec6de1ed6efb9d18a70668a015f23e32d58149c9d9952bc0a7,0x00402320,0x00402349,41,0x00402320-0x00402349,sub_402320,int __cdecl sub_402320(void *Block);,0x5410,game
42032fc2807f7dec6de1ed6efb9d18a70668a015f23e32d58149c9d9952bc0a7,0x00402350,0x0040239B,75,0x00402350-0x0040239B,sub_402350,,0x5410,game
42032fc2807f7dec6de1ed6efb9d18a70668a015f23e32d58149c9d9952bc0a7,0x004023A0,0x004024F8,365,0x004023A0-0x004024F8;0x00650580-0x00650595,sub_4023A0,,0x5410,game
42032fc2807f7dec6de1ed6efb9d18a70668a015f23e32d58149c9d9952bc0a7,0x00402500,0x0040252F,47,0x00402500-0x0040252F,sub_402500,,0x5400,game
42032fc2807f7dec6de1ed6efb9d18a70668a015f23e32d58149c9d9952bc0a7,0x00402530,0x00402541,17,0x00402530-0x00402541,sub_402530,,0x5400,game
42032fc2807f7dec6de1ed6efb9d18a70668a015f23e32d58149c9d9952bc0a7,0x00402550,0x00402963,1043,0x00402550-0x00402963,sub_402550,,0x5410,game
42032fc2807f7dec6de1ed6efb9d18a70668a015f23e32d58149c9d9952bc0a7,0x00402970,0x004029E3,115,0x00402970-0x004029E3,sub_402970,,0x5400,game
42032fc2807f7dec6de1ed6efb9d18a70668a015f23e32d58149c9d9952bc0a7,0x004029F0,0x00402A56,102,0x004029F0-0x00402A56,sub_4029F0,,0x5410,game
42032fc2807f7dec6de1ed6efb9d18a70668a015f23e32d58149c9d9952bc0a7,0x00402A60,0x00402AC6,102,0x00402A60-0x00402AC6,sub_402A60,,0x5410,game
42032fc2807f7dec6de1ed6efb9d18a70668a015f23e32d58149c9d9952bc0a7,0x00402AD0,0x00402B36,102,0x00402AD0-0x00402B36,sub_402AD0,,0x5410,game
42032fc2807f7dec6de1ed6efb9d18a70668a015f23e32d58149c9d9952bc0a7,0x00402B40,0x00402BA6,102,0x00402B40-0x00402BA6,sub_402B40,,0x5410,game
42032fc2807f7dec6de1ed6efb9d18a70668a015f23e32d58149c9d9952bc0a7,0x00402BB0,0x00402C16,102,0x00402BB0-0x00402C16,sub_402BB0,,0x5410,game
42032fc2807f7dec6de1ed6efb9d18a70668a015f23e32d58149c9d9952bc0a7,0x00402C20,0x00402C62,66,0x00402C20-0x00402C62,sub_402C20,,0x5410,game
42032fc2807f7dec6de1ed6efb9d18a70668a015f23e32d58149c9d9952bc0a7,0x00402C70,0x00402CB2,66,0x00402C70-0x00402CB2,sub_402C70,,0x5410,game
42032fc2807f7dec6de1ed6efb9d18a70668a015f23e32d58149c9d9952bc0a7,0x00402CC0,0x00402D0B,75,0x00402CC0-0x00402D0B,sub_402CC0,,0x5410,game
42032fc2807f7dec6de1ed6efb9d18a70668a015f23e32d58149c9d9952bc0a7,0x00402D10,0x00402D7C,108,0x00402D10-0x00402D7C,sub_402D10,,0x5410,game
42032fc2807f7dec6de1ed6efb9d18a70668a015f23e32d58149c9d9952bc0a7,0x00402D80,0x00402DC2,66,0x00402D80-0x00402DC2,sub_402D80,,0x5410,game
42032fc2807f7dec6de1ed6efb9d18a70668a015f23e32d58149c9d9952bc0a7,0x00402DD0,0x00402ED2,279,0x00402DD0-0x00402ED2;0x006505A0-0x006505B5,sub_402DD0,,0x5410,game
42032fc2807f7dec6de1ed6efb9d18a70668a015f23e32d58149c9d9952bc0a7,0x00402EE0,0x00402F08,40,0x00402EE0-0x00402F08,sub_402EE0,,0x5410,game
42032fc2807f7dec6de1ed6efb9d18a70668a015f23e32d58149c9d9952bc0a7,0x00402F10,0x00402F26,22,0x00402F10-0x00402F26,sub_402F10,,0x5400,game
42032fc2807f7dec6de1ed6efb9d18a70668a015f23e32d58149c9d9952bc0a7,0x00402F30,0x00402F3A,10,0x00402F30-0x00402F3A,unknown_libname_1,void __cdecl unknown_libname_1();,0x5444,library
42032fc2807f7dec6de1ed6efb9d18a70668a015f23e32d58149c9d9952bc0a7,0x00402F40,0x00403199,622,0x00402F40-0x00403199;0x006505C0-0x006505D5,sub_402F40,,0x5410,game
42032fc2807f7dec6de1ed6efb9d18a70668a015f23e32d58149c9d9952bc0a7,0x004031A0,0x00403292,242,0x004031A0-0x00403292,sub_4031A0,,0x5410,game
42032fc2807f7dec6de1ed6efb9d18a70668a015f23e32d58149c9d9952bc0a7,0x004032A0,0x00403335,149,0x004032A0-0x00403335,sub_4032A0,,0x5400,game
42032fc2807f7dec6de1ed6efb9d18a70668a015f23e32d58149c9d9952bc0a7,0x00403340,0x00403544,516,0x00403340-0x00403544,sub_403340,,0x5410,game
42032fc2807f7dec6de1ed6efb9d18a70668a015f23e32d58149c9d9952bc0a7,0x00403550,0x0040360F,191,0x00403550-0x0040360F,sub_403550,,0x5410,game
42032fc2807f7dec6de1ed6efb9d18a70668a015f23e32d58149c9d9952bc0a7,0x00403610,0x00403613,3,0x00403610-0x00403613,sub_403610,,0x5400,game
42032fc2807f7dec6de1ed6efb9d18a70668a015f23e32d58149c9d9952bc0a7,0x00403620,0x00403677,87,0x00403620-0x00403677,sub_403620,,0x5410,game
42032fc2807f7dec6de1ed6efb9d18a70668a015f23e32d58149c9d9952bc0a7,0x00403680,0x0040382F,431,0x00403680-0x0040382F,sub_403680,,0x5410,game
42032fc2807f7dec6de1ed6efb9d18a70668a015f23e32d58149c9d9952bc0a7,0x00403830,0x00403AE5,693,0x00403830-0x00403AE5,sub_403830,,0x5410,game
42032fc2807f7dec6de1ed6efb9d18a70668a015f23e32d58149c9d9952bc0a7,0x00403AF0,0x00403B70,128,0x00403AF0-0x00403B70,sub_403AF0,,0x5410,game
42032fc2807f7dec6de1ed6efb9d18a70668a015f23e32d58149c9d9952bc0a7,0x00403B70,0x00403B94,36,0x00403B70-0x00403B94,sub_403B70,,0x5410,game
42032fc2807f7dec6de1ed6efb9d18a70668a015f23e32d58149c9d9952bc0a7,0x00403BA0,0x00403BDF,63,0x00403BA0-0x00403BDF,sub_403BA0,,0x5410,game
42032fc2807f7dec6de1ed6efb9d18a70668a015f23e32d58149c9d9952bc0a7,0x00403BE0,0x0040400D,1321,0x00403BE0-0x0040400D;0x006505E0-0x006506DC,sub_403BE0,int __cdecl sub_403BE0(char *Source);,0x5410,game
42032fc2807f7dec6de1ed6efb9d18a70668a015f23e32d58149c9d9952bc0a7,0x00404010,0x00404067,105,0x00404010-0x00404067;0x006506DC-0x006506EE,sub_404010,,0x5410,game
42032fc2807f7dec6de1ed6efb9d18a70668a015f23e32d58149c9d9952bc0a7,0x00404070,0x004041BF,335,0x00404070-0x004041BF,sub_404070,"int __thiscall sub_404070(int, char *Source);",0x5410,game
42032fc2807f7dec6de1ed6efb9d18a70668a015f23e32d58149c9d9952bc0a7,0x004041C0,0x004041D2,18,0x004041C0-0x004041D2,sub_4041C0,,0x5400,game
42032fc2807f7dec6de1ed6efb9d18a70668a015f23e32d58149c9d9952bc0a7,0x00404210,0x00404220,16,0x00404210-0x00404220,sub_404210,,0x5400,game
42032fc2807f7dec6de1ed6efb9d18a70668a015f23e32d58149c9d9952bc0a7,0x00404220,0x00404225,5,0x00404220-0x00404225,sub_404220,,0x5400,game
42032fc2807f7dec6de1ed6efb9d18a70668a015f23e32d58149c9d9952bc0a7,0x00404230,0x0040423A,10,0x00404230-0x0040423A,unknown_libname_2,,0x5454,library
42032fc2807f7dec6de1ed6efb9d18a70668a015f23e32d58149c9d9952bc0a7,0x00404240,0x00404245,5,0x00404240-0x00404245,sub_404240,,0x5400,game
42032fc2807f7dec6de1ed6efb9d18a70668a015f23e32d58149c9d9952bc0a7,0x00404250,0x00404255,5,0x00404250-0x00404255,sub_404250,,0x5400,game
42032fc2807f7dec6de1ed6efb9d18a70668a015f23e32d58149c9d9952bc0a7,0x00404260,0x00404263,3,0x00404260-0x00404263,nullsub_20,,0x5440,game
42032fc2807f7dec6de1ed6efb9d18a70668a015f23e32d58149c9d9952bc0a7,0x00404270,0x00404273,3,0x00404270-0x00404273,nullsub_21,,0x5440,game
42032fc2807f7dec6de1ed6efb9d18a70668a015f23e32d58149c9d9952bc0a7,0x00404280,0x00404281,1,0x00404280-0x00404281,nullsub_22,,0x5440,game
42032fc2807f7dec6de1ed6efb9d18a70668a015f23e32d58149c9d9952bc0a7,0x00404290,0x00404298,8,0x00404290-0x00404298,sub_404290,,0x5400,game
42032fc2807f7dec6de1ed6efb9d18a70668a015f23e32d58149c9d9952bc0a7,0x004042A0,0x004042A8,8,0x004042A0-0x004042A8,sub_4042A0,,0x5400,game
42032fc2807f7dec6de1ed6efb9d18a70668a015f23e32d58149c9d9952bc0a7,0x004042B0,0x004042B3,3,0x004042B0-0x004042B3,??0Iostream_init@@QAE@XZ,Iostream_init *__thiscall Iostream_init__Iostream_init(Iostream_init *__hidden this);,0x5444,library
42032fc2807f7dec6de1ed6efb9d18a70668a015f23e32d58149c9d9952bc0a7,0x004042C0,0x00404309,94,0x004042C0-0x00404309;0x006506F0-0x00650705,sub_4042C0,,0x5410,game
42032fc2807f7dec6de1ed6efb9d18a70668a015f23e32d58149c9d9952bc0a7,0x00404310,0x00404395,176,0x00404310-0x00404395;0x00650710-0x0065073B,sub_404310,,0x5410,game
42032fc2807f7dec6de1ed6efb9d18a70668a015f23e32d58149c9d9952bc0a7,0x004043A0,0x004043C1,33,0x004043A0-0x004043C1,sub_4043A0,"int __thiscall sub_4043A0(void *Block, char);",0x5410,game
42032fc2807f7dec6de1ed6efb9d18a70668a015f23e32d58149c9d9952bc0a7,0x004043D0,0x0040441C,100,0x004043D0-0x0040441C;0x00650740-0x00650758,sub_4043D0,,0x5410,game
42032fc2807f7dec6de1ed6efb9d18a70668a015f23e32d58149c9d9952bc0a7,0x00404420,0x0040442B,11,0x00404420-0x0040442B,sub_404420,,0x5400,game
42032fc2807f7dec6de1ed6efb9d18a70668a015f23e32d58149c9d9952bc0a7,0x00404440,0x00404456,22,0x00404440-0x00404456,sub_404440,,0x5400,game
42032fc2807f7dec6de1ed6efb9d18a70668a015f23e32d58149c9d9952bc0a7,0x00404460,0x0040446A,10,0x00404460-0x0040446A,unknown_libname_3,void __cdecl unknown_libname_3();,0x5444,library
42032fc2807f7dec6de1ed6efb9d18a70668a015f23e32d58149c9d9952bc0a7,0x00404470,0x00404486,22,0x00404470-0x00404486,sub_404470,,0x5400,game
42032fc2807f7dec6de1ed6efb9d18a70668a015f23e32d58149c9d9952bc0a7,0x00404490,0x0040449A,10,0x00404490-0x0040449A,unknown_libname_4,void __cdecl unknown_libname_4();,0x5444,library
42032fc2807f7dec6de1ed6efb9d18a70668a015f23e32d58149c9d9952bc0a7,0x004044A0,0x004044B6,22,0x004044A0-0x004044B6,sub_4044A0,,0x5400,game
42032fc2807f7dec6de1ed6efb9d18a70668a015f23e32d58149c9d9952bc0a7,0x004044C0,0x004044CA,10,0x004044C0-0x004044CA,unknown_libname_5,void __cdecl unknown_libname_5();,0x5444,library
42032fc2807f7dec6de1ed6efb9d18a70668a015f23e32d58149c9d9952bc0a7,0x004044D0,0x004044E6,22,0x004044D0-0x004044E6,sub_4044D0,,0x5400,game
42032fc2807f7dec6de1ed6efb9d18a70668a015f23e32d58149c9d9952bc0a7,0x004044F0,0x004044FA,10,0x004044F0-0x004044FA,unknown_libname_6,void __cdecl unknown_libname_6();,0x5444,library
42032fc2807f7dec6de1ed6efb9d18a70668a015f23e32d58149c9d9952bc0a7,0x00404500,0x00404516,22,0x00404500-0x00404516,sub_404500,,0x5400,game
42032fc2807f7dec6de1ed6efb9d18a70668a015f23e32d58149c9d9952bc0a7,0x00404520,0x0040452A,10,0x00404520-0x0040452A,unknown_libname_7,void __cdecl unknown_libname_7();,0x5444,library
42032fc2807f7dec6de1ed6efb9d18a70668a015f23e32d58149c9d9952bc0a7,0x00404530,0x00404546,22,0x00404530-0x00404546,sub_404530,,0x5400,game
42032fc2807f7dec6de1ed6efb9d18a70668a015f23e32d58149c9d9952bc0a7,0x00404550,0x0040455A,10,0x00404550-0x0040455A,unknown_libname_8,void __cdecl unknown_libname_8();,0x5444,library
42032fc2807f7dec6de1ed6efb9d18a70668a015f23e32d58149c9d9952bc0a7,0x00404560,0x00404576,22,0x00404560-0x00404576,sub_404560,,0x5400,game
42032fc2807f7dec6de1ed6efb9d18a70668a015f23e32d58149c9d9952bc0a7,0x00404580,0x0040458A,10,0x00404580-0x0040458A,unknown_libname_9,void __cdecl unknown_libname_9();,0x5444,library
42032fc2807f7dec6de1ed6efb9d18a70668a015f23e32d58149c9d9952bc0a7,0x00404590,0x004045A6,22,0x00404590-0x004045A6,sub_404590,,0x5400,game
42032fc2807f7dec6de1ed6efb9d18a70668a015f23e32d58149c9d9952bc0a7,0x004045B0,0x004045BA,10,0x004045B0-0x004045BA,unknown_libname_10,void __cdecl unknown_libname_10();,0x5444,library
42032fc2807f7dec6de1ed6efb9d18a70668a015f23e32d58149c9d9952bc0a7,0x004045C0,0x004045D6,22,0x004045C0-0x004045D6,sub_4045C0,,0x5400,game
42032fc2807f7dec6de1ed6efb9d18a70668a015f23e32d58149c9d9952bc0a7,0x004045E0,0x004045EA,10,0x004045E0-0x004045EA,unknown_libname_11,void __cdecl unknown_libname_11();,0x5444,library
42032fc2807f7dec6de1ed6efb9d18a70668a015f23e32d58149c9d9952bc0a7,0x004045F0,0x00404606,22,0x004045F0-0x00404606,sub_4045F0,,0x5400,game
42032fc2807f7dec6de1ed6efb9d18a70668a015f23e32d58149c9d9952bc0a7,0x00404610,0x0040461A,10,0x00404610-0x0040461A,unknown_libname_12,void __cdecl unknown_libname_12();,0x5444,library
42032fc2807f7dec6de1ed6efb9d18a70668a015f23e32d58149c9d9952bc0a7,0x00404620,0x00404636,22,0x00404620-0x00404636,sub_404620,,0x5400,game
42032fc2807f7dec6de1ed6efb9d18a70668a015f23e32d58149c9d9952bc0a7,0x00404640,0x0040464A,10,0x00404640-0x0040464A,unknown_libname_13,void __cdecl unknown_libname_13();,0x5444,library
42032fc2807f7dec6de1ed6efb9d18a70668a015f23e32d58149c9d9952bc0a7,0x00404650,0x00404666,22,0x00404650-0x00404666,sub_404650,,0x5400,game
42032fc2807f7dec6de1ed6efb9d18a70668a015f23e32d58149c9d9952bc0a7,0x00404670,0x0040467A,10,0x00404670-0x0040467A,unknown_libname_14,void __cdecl unknown_libname_14();,0x5444,library
42032fc2807f7dec6de1ed6efb9d18a70668a015f23e32d58149c9d9952bc0a7,0x00404680,0x00404696,22,0x00404680-0x00404696,sub_404680,,0x5400,game
42032fc2807f7dec6de1ed6efb9d18a70668a015f23e32d58149c9d9952bc0a7,0x004046A0,0x004046AA,10,0x004046A0-0x004046AA,unknown_libname_15,void __cdecl unknown_libname_15();,0x5444,library
42032fc2807f7dec6de1ed6efb9d18a70668a015f23e32d58149c9d9952bc0a7,0x004046B0,0x004046C6,22,0x004046B0-0x004046C6,sub_4046B0,,0x5400,game
42032fc2807f7dec6de1ed6efb9d18a70668a015f23e32d58149c9d9952bc0a7,0x004046D0,0x004046DA,10,0x004046D0-0x004046DA,unknown_libname_16,void __cdecl unknown_libname_16();,0x5444,library
42032fc2807f7dec6de1ed6efb9d18a70668a015f23e32d58149c9d9952bc0a7,0x004046E0,0x004046F6,22,0x004046E0-0x004046F6,sub_4046E0,,0x5400,game
42032fc2807f7dec6de1ed6efb9d18a70668a015f23e32d58149c9d9952bc0a7,0x00404700,0x0040470A,10,0x00404700-0x0040470A,unknown_libname_17,void __cdecl unknown_libname_17();,0x5444,library
42032fc2807f7dec6de1ed6efb9d18a70668a015f23e32d58149c9d9952bc0a7,0x00404710,0x00404726,22,0x00404710-0x00404726,sub_404710,,0x5400,game
42032fc2807f7dec6de1ed6efb9d18a70668a015f23e32d58149c9d9952bc0a7,0x00404730,0x0040473A,10,0x00404730-0x0040473A,unknown_libname_18,void __cdecl unknown_libname_18();,0x5444,library
42032fc2807f7dec6de1ed6efb9d18a70668a015f23e32d58149c9d9952bc0a7,0x00404740,0x00404756,22,0x00404740-0x00404756,sub_404740,,0x5400,game
42032fc2807f7dec6de1ed6efb9d18a70668a015f23e32d58149c9d9952bc0a7,0x00404760,0x0040476A,10,0x00404760-0x0040476A,unknown_libname_19,void __cdecl unknown_libname_19();,0x5444,library
42032fc2807f7dec6de1ed6efb9d18a70668a015f23e32d58149c9d9952bc0a7,0x00404770,0x00404786,22,0x00404770-0x00404786,sub_404770,,0x5400,game
42032fc2807f7dec6de1ed6efb9d18a70668a015f23e32d58149c9d9952bc0a7,0x00404790,0x0040479A,10,0x00404790-0x0040479A,unknown_libname_20,void __cdecl unknown_libname_20();,0x5444,library
42032fc2807f7dec6de1ed6efb9d18a70668a015f23e32d58149c9d9952bc0a7,0x004047A0,0x004047B6,22,0x004047A0-0x004047B6,sub_4047A0,,0x5400,game
42032fc2807f7dec6de1ed6efb9d18a70668a015f23e32d58149c9d9952bc0a7,0x004047C0,0x004047CA,10,0x004047C0-0x004047CA,unknown_libname_21,void __cdecl unknown_libname_21();,0x5444,library
42032fc2807f7dec6de1ed6efb9d18a70668a015f23e32d58149c9d9952bc0a7,0x004047D0,0x004047E6,22,0x004047D0-0x004047E6,sub_4047D0,,0x5400,game
42032fc2807f7dec6de1ed6efb9d18a70668a015f23e32d58149c9d9952bc0a7,0x004047F0,0x004047FA,10,0x004047F0-0x004047FA,unknown_libname_22,void __cdecl unknown_libname_22();,0x5444,library
42032fc2807f7dec6de1ed6efb9d18a70668a015f23e32d58149c9d9952bc0a7,0x00404800,0x00404816,22,0x00404800-0x00404816,sub_404800,,0x5400,game
42032fc2807f7dec6de1ed6efb9d18a70668a015f23e32d58149c9d9952bc0a7,0x00404820,0x0040482A,10,0x00404820-0x0040482A,unknown_libname_23,void __cdecl unknown_libname_23();,0x5444,library
42032fc2807f7dec6de1ed6efb9d18a70668a015f23e32d58149c9d9952bc0a7,0x00404830,0x00404846,22,0x00404830-0x00404846,sub_404830,,0x5400,game
42032fc2807f7dec6de1ed6efb9d18a70668a015f23e32d58149c9d9952bc0a7,0x00404850,0x0040485A,10,0x00404850-0x0040485A,unknown_libname_24,void __cdecl unknown_libname_24();,0x5444,library
42032fc2807f7dec6de1ed6efb9d18a70668a015f23e32d58149c9d9952bc0a7,0x00404860,0x00404896,54,0x00404860-0x00404896,sub_404860,,0x5410,game
42032fc2807f7dec6de1ed6efb9d18a70668a015f23e32d58149c9d9952bc0a7,0x004048A0,0x004048F7,105,0x004048A0-0x004048F7;0x00650760-0x00650772,sub_4048A0,,0x5410,game
42032fc2807f7dec6de1ed6efb9d18a70668a015f23e32d58149c9d9952bc0a7,0x00404900,0x00404917,23,0x00404900-0x00404917,sub_404900,,0x5400,game
42032fc2807f7dec6de1ed6efb9d18a70668a015f23e32d58149c9d9952bc0a7,0x00404920,0x00404A7C,348,0x00404920-0x00404A7C,sub_404920,,0x5410,game
42032fc2807f7dec6de1ed6efb9d18a70668a015f23e32d58149c9d9952bc0a7,0x00404A80,0x00404AFF,127,0x00404A80-0x00404AFF,sub_404A80,,0x5400,game
42032fc2807f7dec6de1ed6efb9d18a70668a015f23e32d58149c9d9952bc0a7,0x00404B00,0x00404B05,5,0x00404B00-0x00404B05,sub_404B00,,0x5480,thunk
42032fc2807f7dec6de1ed6efb9d18a70668a015f23e32d58149c9d9952bc0a7,0x00404B10,0x00404EEF,991,0x00404B10-0x00404EEF,sub_404B10,,0x5400,game
42032fc2807f7dec6de1ed6efb9d18a70668a015f23e32d58149c9d9952bc0a7,0x00404EF0,0x00404F7A,138,0x00404EF0-0x00404F7A,sub_404EF0,,0x5400,game
42032fc2807f7dec6de1ed6efb9d18a70668a015f23e32d58149c9d9952bc0a7,0x00404F80,0x00404F83,3,0x00404F80-0x00404F83,nullsub_23,,0x5440,game
42032fc2807f7dec6de1ed6efb9d18a70668a015f23e32d58149c9d9952bc0a7,0x00404F90,0x00404FA4,20,0x00404F90-0x00404FA4,sub_404F90,,0x5410,game
42032fc2807f7dec6de1ed6efb9d18a70668a015f23e32d58149c9d9952bc0a7,0x00404FB0,0x0040501C,137,0x00404FB0-0x0040501C;0x00650772-0x0065078F,sub_404FB0,,0x5410,game
42032fc2807f7dec6de1ed6efb9d18a70668a015f23e32d58149c9d9952bc0a7,0x00405020,0x0040504A,42,0x00405020-0x0040504A,sub_405020,,0x5400,game
42032fc2807f7dec6de1ed6efb9d18a70668a015f23e32d58149c9d9952bc0a7,0x00405050,0x00405093,67,0x00405050-0x00405093,sub_405050,,0x5410,game
42032fc2807f7dec6de1ed6efb9d18a70668a015f23e32d58149c9d9952bc0a7,0x004050A0,0x00405131,145,0x004050A0-0x00405131,sub_4050A0,"int __stdcall sub_4050A0(int, char *String1);",0x5410,game
42032fc2807f7dec6de1ed6efb9d18a70668a015f23e32d58149c9d9952bc0a7,0x00405140,0x0040559B,1285,0x00405140-0x0040559B;0x0065078F-0x00650839,sub_405140,"int __cdecl sub_405140(int, char *Str, int);",0x5410,game
42032fc2807f7dec6de1ed6efb9d18a70668a015f23e32d58149c9d9952bc0a7,0x004055A0,0x00405910,1028,0x004055A0-0x00405910;0x00650839-0x006508CD,sub_4055A0,,0x5410,game
42032fc2807f7dec6de1ed6efb9d18a70668a015f23e32d58149c9d9952bc0a7,0x00405910,0x00405B01,497,0x00405910-0x00405B01,sub_405910,,0x5410,game
42032fc2807f7dec6de1ed6efb9d18a70668a015f23e32d58149c9d9952bc0a7,0x00405B10,0x00405B15,5,0x00405B10-0x00405B15,sub_405B10,,0x5400,game
42032fc2807f7dec6de1ed6efb9d18a70668a015f23e32d58149c9d9952bc0a7,0x00405B20,0x00405C72,338,0x00405B20-0x00405C72,sub_405B20,,0x5410,game
42032fc2807f7dec6de1ed6efb9d18a70668a015f23e32d58149c9d9952bc0a7,0x00405C80,0x00406251,1489,0x00405C80-0x00406251,sub_405C80,,0x5410,game
42032fc2807f7dec6de1ed6efb9d18a70668a015f23e32d58149c9d9952bc0a7,0x00406260,0x00406323,195,0x00406260-0x00406323,sub_406260,,0x5410,game
42032fc2807f7dec6de1ed6efb9d18a70668a015f23e32d58149c9d9952bc0a7,0x00406330,0x0040637C,76,0x00406330-0x0040637C,sub_406330,,0x5410,game
42032fc2807f7dec6de1ed6efb9d18a70668a015f23e32d58149c9d9952bc0a7,0x00406380,0x004064CC,332,0x00406380-0x004064CC,sub_406380,"int __stdcall sub_406380(char *Str1, int, int, int, int, int);",0x5410,game
42032fc2807f7dec6de1ed6efb9d18a70668a015f23e32d58149c9d9952bc0a7,0x004064D0,0x0040666F,583,0x004064D0-0x0040666F;0x006508D0-0x00650978,sub_4064D0,,0x5410,game
42032fc2807f7dec6de1ed6efb9d18a70668a015f23e32d58149c9d9952bc0a7,0x00406670,0x004066BB,75,0x00406670-0x004066BB,sub_406670,,0x5410,game
42032fc2807f7dec6de1ed6efb9d18a70668a015f23e32d58149c9d9952bc0a7,0x004066C0,0x00406818,365,0x004066C0-0x00406818;0x00650980-0x00650995,sub_4066C0,,0x5410,game
42032fc2807f7dec6de1ed6efb9d18a70668a015f23e32d58149c9d9952bc0a7,0x00406820,0x0040683B,27,0x00406820-0x0040683B,sub_406820,void __thiscall sub_406820(void *);,0x5400,game
42032fc2807f7dec6de1ed6efb9d18a70668a015f23e32d58149c9d9952bc0a7,0x00406840,0x00406846,6,0x00406840-0x00406846,sub_406840,,0x5400,game
42032fc2807f7dec6de1ed6efb9d18a70668a015f23e32d58149c9d9952bc0a7,0x00406850,0x00406855,5,0x00406850-0x00406855,sub_406850,void __thiscall sub_406850(void *);,0x5480,thunk
42032fc2807f7dec6de1ed6efb9d18a70668a015f23e32d58149c9d9952bc0a7,0x00406860,0x00406879,25,0x00406860-0x00406879,sub_406860,,0x5400,game
42032fc2807f7dec6de1ed6efb9d18a70668a015f23e32d58149c9d9952bc0a7,0x00406880,0x004068D8,106,0x00406880-0x004068D8;0x006509A0-0x006509B2,sub_406880,void __thiscall sub_406880(void *);,0x5410,game
42032fc2807f7dec6de1ed6efb9d18a70668a015f23e32d58149c9d9952bc0a7,0x004068E0,0x00406901,33,0x004068E0-0x00406901,sub_4068E0,"int __thiscall sub_4068E0(void *Block, char);",0x5410,game
42032fc2807f7dec6de1ed6efb9d18a70668a015f23e32d58149c9d9952bc0a7,0x00406910,0x00406A74,590,0x00406910-0x00406A74;0x006509C0-0x00650AAA,sub_406910,,0x5410,game
42032fc2807f7dec6de1ed6efb9d18a70668a015f23e32d58149c9d9952bc0a7,0x00406A80,0x00406A85,5,0x00406A80-0x00406A85,sub_406A80,,0x5400,game
42032fc2807f7dec6de1ed6efb9d18a70668a015f23e32d58149c9d9952bc0a7,0x00406A90,0x00406AE3,83,0x00406A90-0x00406AE3,sub_406A90,,0x5400,game
42032fc2807f7dec6de1ed6efb9d18a70668a015f23e32d58149c9d9952bc0a7,0x00406AF0,0x00406B16,38,0x00406AF0-0x00406B16,sub_406AF0,,0x5400,game
42032fc2807f7dec6de1ed6efb9d18a70668a015f23e32d58149c9d9952bc0a7,0x00406B20,0x00406B23,3,0x00406B20-0x00406B23,nullsub_24,,0x5440,game
42032fc2807f7dec6de1ed6efb9d18a70668a015f23e32d58149c9d9952bc0a7,0x00406B30,0x00406B33,3,0x00406B30-0x00406B33,sub_406B30,,0x5400,game
42032fc2807f7dec6de1ed6efb9d18a70668a015f23e32d58149c9d9952bc0a7,0x00406B40,0x00406B61,33,0x00406B40-0x00406B61,sub_406B40,"int __thiscall sub_406B40(void *Block, char);",0x5410,game
42032fc2807f7dec6de1ed6efb9d18a70668a015f23e32d58149c9d9952bc0a7,0x00406B70,0x00406B9C,44,0x00406B70-0x00406B9C,sub_406B70,,0x5410,game
42032fc2807f7dec6de1ed6efb9d18a70668a015f23e32d58149c9d9952bc0a7,0x00406BA0,0x00406BCC,44,0x00406BA0-0x00406BCC,sub_406BA0,,0x5410,game
42032fc2807f7dec6de1ed6efb9d18a70668a015f23e32d58149c9d9952bc0a7,0x00406BD0,0x00406BF1,33,0x00406BD0-0x00406BF1,sub_406BD0,"int __thiscall sub_406BD0(void *Block, char);",0x5410,game
42032fc2807f7dec6de1ed6efb9d18a70668a015f23e32d58149c9d9952bc0a7,0x00406C00,0x00406E52,836,0x00406C00-0x00406E52;0x00650AB0-0x00650BA2,sub_406C00,,0x5410,game
42032fc2807f7dec6de1ed6efb9d18a70668a015f23e32d58149c9d9952bc0a7,0x00406E60,0x00406F1A,248,0x00406E60-0x00406F1A;0x00650BB0-0x00650BEE,sub_406E60,,0x5410,game
42032fc2807f7dec6de1ed6efb9d18a70668a015f23e32d58149c9d9952bc0a7,0x00406F20,0x00406F41,33,0x00406F20-0x00406F41,sub_406F20,"int __thiscall sub_406F20(void *Block, char);",0x5410,game
42032fc2807f7dec6de1ed6efb9d18a70668a015f23e32d58149c9d9952bc0a7,0x00406FF0,0x00406FF8,8,0x00406FF0-0x00406FF8,sub_406FF0,,0x5400,game
42032fc2807f7dec6de1ed6efb9d18a70668a015f23e32d58149c9d9952bc0a7,0x00407000,0x00407008,8,0x00407000-0x00407008,sub_407000,,0x5400,game
42032fc2807f7dec6de1ed6efb9d18a70668a015f23e32d58149c9d9952bc0a7,0x00407010,0x00407018,8,0x00407010-0x00407018,sub_407010,,0x5400,game
42032fc2807f7dec6de1ed6efb9d18a70668a015f23e32d58149c9d9952bc0a7,0x00407020,0x00407028,8,0x00407020-0x00407028,sub_407020,,0x5400,game
42032fc2807f7dec6de1ed6efb9d18a70668a015f23e32d58149c9d9952bc0a7,0x00407030,0x00407038,8,0x00407030-0x00407038,sub_407030,,0x5400,game
42032fc2807f7dec6de1ed6efb9d18a70668a015f23e32d58149c9d9952bc0a7,0x00407040,0x00407048,8,0x00407040-0x00407048,sub_407040,,0x5400,game
42032fc2807f7dec6de1ed6efb9d18a70668a015f23e32d58149c9d9952bc0a7,0x00407050,0x00407058,8,0x00407050-0x00407058,sub_407050,,0x5400,game
42032fc2807f7dec6de1ed6efb9d18a70668a015f23e32d58149c9d9952bc0a7,0x00407090,0x00407098,8,0x00407090-0x00407098,sub_407090,,0x5400,game
42032fc2807f7dec6de1ed6efb9d18a70668a015f23e32d58149c9d9952bc0a7,0x004070A0,0x004070AE,14,0x004070A0-0x004070AE,sub_4070A0,,0x5400,game
42032fc2807f7dec6de1ed6efb9d18a70668a015f23e32d58149c9d9952bc0a7,0x00407150,0x00407158,60,0x00407150-0x00407158;0x00613220-0x00613254,sub_407150,,0x5400,game
42032fc2807f7dec6de1ed6efb9d18a70668a015f23e32d58149c9d9952bc0a7,0x00407160,0x00407168,71,0x00407160-0x00407168;0x00613260-0x0061329F,sub_407160,,0x5400,game
42032fc2807f7dec6de1ed6efb9d18a70668a015f23e32d58149c9d9952bc0a7,0x00407170,0x00407178,85,0x00407170-0x00407178;0x00612E00-0x00612E4D,sub_407170,,0x5400,game
42032fc2807f7dec6de1ed6efb9d18a70668a015f23e32d58149c9d9952bc0a7,0x00407180,0x00407188,35,0x00407180-0x00407188;0x00612FC0-0x00612FDB,sub_407180,,0x5400,game
42032fc2807f7dec6de1ed6efb9d18a70668a015f23e32d58149c9d9952bc0a7,0x00407190,0x00407198,128,0x00407190-0x00407198;0x00612B80-0x00612BF8,sub_407190,,0x5400,game
42032fc2807f7dec6de1ed6efb9d18a70668a015f23e32d58149c9d9952bc0a7,0x004071A0,0x004071A8,128,0x004071A0-0x004071A8;0x00612AE0-0x00612B58,sub_4071A0,,0x5400,game
42032fc2807f7dec6de1ed6efb9d18a70668a015f23e32d58149c9d9952bc0a7,0x004071B0,0x004071B8,56,0x004071B0-0x004071B8;0x00612E80-0x00612EB0,sub_4071B0,,0x5400,game
42032fc2807f7dec6de1ed6efb9d18a70668a015f23e32d58149c9d9952bc0a7,0x004071C0,0x004071C8,128,0x004071C0-0x004071C8;0x00612C20-0x00612C98,sub_4071C0,,0x5400,game
42032fc2807f7dec6de1ed6efb9d18a70668a015f23e32d58149c9d9952bc0a7,0x004071D0,0x004071D8,45,0x004071D0-0x004071D8;0x00612F10-0x00612F35,sub_4071D0,,0x5400,game
42032fc2807f7dec6de1ed6efb9d18a70668a015f23e32d58149c9d9952bc0a7,0x004071E0,0x004071E8,38,0x004071E0-0x004071E8;0x00612F60-0x00612F7E,sub_4071E0,,0x5400,game
42032fc2807f7dec6de1ed6efb9d18a70668a015f23e32d58149c9d9952bc0a7,0x004071F0,0x004071F8,38,0x004071F0-0x004071F8;0x00612ED0-0x00612EEE,sub_4071F0,,0x5400,game
42032fc2807f7dec6de1ed6efb9d18a70668a015f23e32d58149c9d9952bc0a7,0x00407200,0x00407208,38,0x00407200-0x00407208;0x00612F40-0x00612F5E,sub_407200,,0x5400,game
42032fc2807f7dec6de1ed6efb9d18a70668a015f23e32d58149c9d9952bc0a7,0x00407210,0x00407218,113,0x00407210-0x00407218;0x00612CC0-0x00612D29,sub_407210,,0x5400,game
42032fc2807f7dec6de1ed6efb9d18a70668a015f23e32d58149c9d9952bc0a7,0x00407220,0x00407228,128,0x00407220-0x00407228;0x00612D60-0x00612DD8,sub_407220,,0x5400,game
42032fc2807f7dec6de1ed6efb9d18a70668a015f23e32d58149c9d9952bc0a7,0x00407230,0x00407238,38,0x00407230-0x00407238;0x00612EF0-0x00612F0E,sub_407230,,0x5400,game
42032fc2807f7dec6de1ed6efb9d18a70668a015f23e32d58149c9d9952bc0a7,0x00407240,0x00407248,40,0x00407240-0x00407248;0x00612F80-0x00612FA0,sub_407240,,0x5400,game
42032fc2807f7dec6de1ed6efb9d18a70668a015f23e32d58149c9d9952bc0a7,0x00407250,0x00407258,40,0x00407250-0x00407258;0x00612FA0-0x00612FC0,sub_407250,,0x5400,game
42032fc2807f7dec6de1ed6efb9d18a70668a015f23e32d58149c9d9952bc0a7,0x00407260,0x00407268,124,0x00407260-0x00407268;0x006130E0-0x00613154,sub_407260,,0x5400,game
42032fc2807f7dec6de1ed6efb9d18a70668a015f23e32d58149c9d9952bc0a7,0x00407270,0x00407278,181,0x00407270-0x00407278;0x006126C0-0x006126F8;0x00613180-0x006131F5,sub_407270,,0x5400,game
42032fc2807f7dec6de1ed6efb9d18a70668a015f23e32d58149c9d9952bc0a7,0x004072D0,0x00407348,120,0x004072D0-0x00407348,sub_4072D0,,0x5410,game
42032fc2807f7dec6de1ed6efb9d18a70668a015f23e32d58149c9d9952bc0a7,0x00407350,0x00407410,304,0x00407350-0x00407410;0x00650BF0-0x00650C60,sub_407350,,0x5410,game
42032fc2807f7dec6de1ed6efb9d18a70668a015f23e32d58149c9d9952bc0a7,0x00407410,0x00407906,1291,0x00407410-0x00407906;0x00650C60-0x00650C75,sub_407410,,0x5410,game
42032fc2807f7dec6de1ed6efb9d18a70668a015f23e32d58149c9d9952bc0a7,0x00407910,0x00407915,5,0x00407910-0x00407915,sub_407910,,0x5480,thunk
42032fc2807f7dec6de1ed6efb9d18a70668a015f23e32d58149c9d9952bc0a7,0x00407920,0x00407A7E,350,0x00407920-0x00407A7E,sub_407920,,0x5410,game
42032fc2807f7dec6de1ed6efb9d18a70668a015f23e32d58149c9d9952bc0a7,0x00407A80,0x00407BDE,350,0x00407A80-0x00407BDE,sub_407A80,,0x5410,game
42032fc2807f7dec6de1ed6efb9d18a70668a015f23e32d58149c9d9952bc0a7,0x00407BE0,0x00407C57,119,0x00407BE0-0x00407C57,sub_407BE0,,0x5400,game
42032fc2807f7dec6de1ed6efb9d18a70668a015f23e32d58149c9d9952bc0a7,0x00407C60,0x00407CC4,100,0x00407C60-0x00407CC4,sub_407C60,,0x5400,game
42032fc2807f7dec6de1ed6efb9d18a70668a015f23e32d58149c9d9952bc0a7,0x00407CD0,0x00407CE6,22,0x00407CD0-0x00407CE6,sub_407CD0,,0x5410,game
42032fc2807f7dec6de1ed6efb9d18a70668a015f23e32d58149c9d9952bc0a7,0x00407CF0,0x00407D06,22,0x00407CF0-0x00407D06,sub_407CF0,,0x5410,game
42032fc2807f7dec6de1ed6efb9d18a70668a015f23e32d58149c9d9952bc0a7,0x00407D10,0x00407D62,82,0x00407D10-0x00407D62,sub_407D10,,0x5410,game
42032fc2807f7dec6de1ed6efb9d18a70668a015f23e32d58149c9d9952bc0a7,0x00407D90,0x00407E7B,235,0x00407D90-0x00407E7B,sub_407D90,,0x5400,game
42032fc2807f7dec6de1ed6efb9d18a70668a015f23e32d58149c9d9952bc0a7,0x00407E80,0x00407ECA,74,0x00407E80-0x00407ECA,sub_407E80,,0x5400,game
42032fc2807f7dec6de1ed6efb9d18a70668a015f23e32d58149c9d9952bc0a7,0x00407ED0,0x00407EF3,35,0x00407ED0-0x00407EF3,sub_407ED0,,0x5410,game
42032fc2807f7dec6de1ed6efb9d18a70668a015f23e32d58149c9d9952bc0a7,0x00407F00,0x00408003,363,0x00407F00-0x00408003;0x00650C80-0x00650CE8,sub_407F00,,0x5410,game
42032fc2807f7dec6de1ed6efb9d18a70668a015f23e32d58149c9d9952bc0a7,0x00408010,0x00408077,135,0x00408010-0x00408077;0x00650CF0-0x00650D10,sub_408010,,0x5410,game
42032fc2807f7dec6de1ed6efb9d18a70668a015f23e32d58149c9d9952bc0a7,0x00408080,0x004080A1,33,0x00408080-0x004080A1,sub_408080,"int __thiscall sub_408080(void *Block, char);",0x5410,game
42032fc2807f7dec6de1ed6efb9d18a70668a015f23e32d58149c9d9952bc0a7,0x004080B0,0x004080D3,35,0x004080B0-0x004080D3,sub_4080B0,,0x5400,game
42032fc2807f7dec6de1ed6efb9d18a70668a015f23e32d58149c9d9952bc0a7,0x004080E0,0x0040810C,44,0x004080E0-0x0040810C,sub_4080E0,,0x5410,game
42032fc2807f7dec6de1ed6efb9d18a70668a015f23e32d58149c9d9952bc0a7,0x00408110,0x0040813C,44,0x00408110-0x0040813C,sub_408110,,0x5410,game
42032fc2807f7dec6de1ed6efb9d18a70668a015f23e32d58149c9d9952bc0a7,0x00408140,0x00408161,33,0x00408140-0x00408161,sub_408140,"int __thiscall sub_408140(void *Block, char);",0x5410,game
42032fc2807f7dec6de1ed6efb9d18a70668a015f23e32d58149c9d9952bc0a7,0x00408170,0x00408383,803,0x00408170-0x00408383;0x00650D10-0x00650E20,sub_408170,,0x5410,game
42032fc2807f7dec6de1ed6efb9d18a70668a015f23e32d58149c9d9952bc0a7,0x004083B0,0x004083C6,22,0x004083B0-0x004083C6,sub_4083B0,,0x5400,game
42032fc2807f7dec6de1ed6efb9d18a70668a015f23e32d58149c9d9952bc0a7,0x004083D0,0x004083DA,10,0x004083D0-0x004083DA,unknown_libname_25,void __cdecl unknown_libname_25();,0x5444,library
42032fc2807f7dec6de1ed6efb9d18a70668a015f23e32d58149c9d9952bc0a7,0x004083E0,0x004083F6,22,0x004083E0-0x004083F6,sub_4083E0,,0x5400,game
42032fc2807f7dec6de1ed6efb9d18a70668a015f23e32d58149c9d9952bc0a7,0x00408400,0x0040840A,10,0x00408400-0x0040840A,unknown_libname_26,void __cdecl unknown_libname_26();,0x5444,library
42032fc2807f7dec6de1ed6efb9d18a70668a015f23e32d58149c9d9952bc0a7,0x00408490,0x0040870D,1147,0x00408490-0x0040870D;0x004210D0-0x004210E7;0x00651380-0x00651567,sub_408490,,0x5410,game
42032fc2807f7dec6de1ed6efb9d18a70668a015f23e32d58149c9d9952bc0a7,0x00408710,0x00408711,1,0x00408710-0x00408711,nullsub_1,,0x5440,game
42032fc2807f7dec6de1ed6efb9d18a70668a015f23e32d58149c9d9952bc0a7,0x00408720,0x00408B1B,1037,0x00408720-0x00408B1B;0x00651567-0x00651579,sub_408720,,0x5410,game
42032fc2807f7dec6de1ed6efb9d18a70668a015f23e32d58149c9d9952bc0a7,0x00408B20,0x00408E93,901,0x00408B20-0x00408E93;0x00651579-0x0065158B,sub_408B20,,0x5410,game
42032fc2807f7dec6de1ed6efb9d18a70668a015f23e32d58149c9d9952bc0a7,0x00408EB0,0x004090BF,527,0x00408EB0-0x004090BF,sub_408EB0,,0x5410,game
42032fc2807f7dec6de1ed6efb9d18a70668a015f23e32d58149c9d9952bc0a7,0x00409100,0x004091FB,251,0x00409100-0x004091FB,sub_409100,,0x5410,game
42032fc2807f7dec6de1ed6efb9d18a70668a015f23e32d58149c9d9952bc0a7,0x00409200,0x0040A1B9,4888,0x00409200-0x0040A1B9;0x0065158B-0x006518EA,sub_409200,,0x5410,game
42032fc2807f7dec6de1ed6efb9d18a70668a015f23e32d58149c9d9952bc0a7,0x0040A1D0,0x0040A87F,1711,0x0040A1D0-0x0040A87F,sub_40A1D0,,0x5410,game
42032fc2807f7dec6de1ed6efb9d18a70668a015f23e32d58149c9d9952bc0a7,0x0040A880,0x0040B11A,2600,0x0040A880-0x0040B11A;0x006518EA-0x00651A78,sub_40A880,,0x5410,game
42032fc2807f7dec6de1ed6efb9d18a70668a015f23e32d58149c9d9952bc0a7,0x0040B140,0x0040BFE3,3768,0x0040B140-0x0040BFE3;0x00651A78-0x00651A8D,sub_40B140,,0x5410,game
42032fc2807f7dec6de1ed6efb9d18a70668a015f23e32d58149c9d9952bc0a7,0x0040C070,0x0040C842,2002,0x0040C070-0x0040C842,sub_40C070,,0x5410,game
42032fc2807f7dec6de1ed6efb9d18a70668a015f23e32d58149c9d9952bc0a7,0x0040C850,0x0040D24C,2577,0x0040C850-0x0040D24C;0x00651A8D-0x00651AA2,sub_40C850,,0x5410,game
42032fc2807f7dec6de1ed6efb9d18a70668a015f23e32d58149c9d9952bc0a7,0x0040D250,0x0040E35B,4406,0x0040D250-0x0040E35B;0x00651AA2-0x00651ACD,sub_40D250,,0x5410,game
42032fc2807f7dec6de1ed6efb9d18a70668a015f23e32d58149c9d9952bc0a7,0x0040E360,0x0040F0E5,3504,0x0040E360-0x0040F0E5;0x00651ACD-0x00651AF8,sub_40E360,,0x5410,game
42032fc2807f7dec6de1ed6efb9d18a70668a015f23e32d58149c9d9952bc0a7,0x0040F0F0,0x0040FCB3,3011,0x0040F0F0-0x0040FCB3,sub_40F0F0,,0x5410,game
42032fc2807f7dec6de1ed6efb9d18a70668a015f23e32d58149c9d9952bc0a7,0x0040FCC0,0x004103A7,1788,0x0040FCC0-0x004103A7;0x00651AF8-0x00651B0D,sub_40FCC0,,0x5410,game
42032fc2807f7dec6de1ed6efb9d18a70668a015f23e32d58149c9d9952bc0a7,0x004103B0,0x00410868,1229,0x004103B0-0x00410868;0x00651B0D-0x00651B22,sub_4103B0,,0x5410,game
42032fc2807f7dec6de1ed6efb9d18a70668a015f23e32d58149c9d9952bc0a7,0x00410870,0x00411235,2522,0x00410870-0x00411235;0x00651B22-0x00651B37,sub_410870,,0x5410,game
42032fc2807f7dec6de1ed6efb9d18a70668a015f23e32d58149c9d9952bc0a7,0x00411240,0x00411973,1864,0x00411240-0x00411973;0x00651B37-0x00651B4C,sub_411240,,0x5410,game
42032fc2807f7dec6de1ed6efb9d18a70668a015f23e32d58149c9d9952bc0a7,0x00411980,0x00412A96,4395,0x00411980-0x00412A96;0x00651B4C-0x00651B61,sub_411980,,0x5410,game
42032fc2807f7dec6de1ed6efb9d18a70668a015f23e32d58149c9d9952bc0a7,0x00412AA0,0x00414B38,8365,0x00412AA0-0x00414B38;0x00651B61-0x00651B76,sub_412AA0,,0x5410,game
42032fc2807f7dec6de1ed6efb9d18a70668a015f23e32d58149c9d9952bc0a7,0x00414B40,0x00415078,1365,0x00414B40-0x00415078;0x00651B76-0x00651B93,sub_414B40,,0x5410,game
42032fc2807f7dec6de1ed6efb9d18a70668a015f23e32d58149c9d9952bc0a7,0x00415080,0x00415724,1729,0x00415080-0x00415724;0x00651B93-0x00651BB0,sub_415080,,0x5410,game
42032fc2807f7dec6de1ed6efb9d18a70668a015f23e32d58149c9d9952bc0a7,0x00415730,0x00415B15,997,0x00415730-0x00415B15,sub_415730,,0x5410,game
42032fc2807f7dec6de1ed6efb9d18a70668a015f23e32d58149c9d9952bc0a7,0x00415B20,0x00415DCE,686,0x00415B20-0x00415DCE,sub_415B20,,0x5410,game
42032fc2807f7dec6de1ed6efb9d18a70668a015f23e32d58149c9d9952bc0a7,0x00415DD0,0x00415E52,130,0x00415DD0-0x00415E52,sub_415DD0,,0x5400,game
42032fc2807f7dec6de1ed6efb9d18a70668a015f23e32d58149c9d9952bc0a7,0x00415F00,0x00415F70,112,0x00415F00-0x00415F70,sub_415F00,,0x5400,game
42032fc2807f7dec6de1ed6efb9d18a70668a015f23e32d58149c9d9952bc0a7,0x00415F70,0x004160E1,369,0x00415F70-0x004160E1,sub_415F70,,0x5410,game
42032fc2807f7dec6de1ed6efb9d18a70668a015f23e32d58149c9d9952bc0a7,0x004160F0,0x00416512,1058,0x004160F0-0x00416512,sub_4160F0,,0x5410,game
42032fc2807f7dec6de1ed6efb9d18a70668a015f23e32d58149c9d9952bc0a7,0x004165D0,0x00416D83,1971,0x004165D0-0x00416D83,sub_4165D0,,0x5410,game
42032fc2807f7dec6de1ed6efb9d18a70668a015f23e32d58149c9d9952bc0a7,0x00416D90,0x00416DCA,58,0x00416D90-0x00416DCA,sub_416D90,,0x5400,game
42032fc2807f7dec6de1ed6efb9d18a70668a015f23e32d58149c9d9952bc0a7,0x00416DD0,0x00416DD1,1,0x00416DD0-0x00416DD1,nullsub_28,,0x5440,game
42032fc2807f7dec6de1ed6efb9d18a70668a015f23e32d58149c9d9952bc0a7,0x00416DE0,0x00416FA8,456,0x00416DE0-0x00416FA8,sub_416DE0,,0x5410,game
42032fc2807f7dec6de1ed6efb9d18a70668a015f23e32d58149c9d9952bc0a7,0x00417040,0x00418DBD,9193,0x00417040-0x00418DBD;0x00651BB0-0x0065221C,sub_417040,,0x5410,game
42032fc2807f7dec6de1ed6efb9d18a70668a015f23e32d58149c9d9952bc0a7,0x00418DF0,0x00419A8E,3870,0x00418DF0-0x00419A8E;0x0065221C-0x0065249C,sub_418DF0,,0x5410,game
42032fc2807f7dec6de1ed6efb9d18a70668a015f23e32d58149c9d9952bc0a7,0x00419A90,0x0041A010,1408,0x00419A90-0x0041A010,sub_419A90,,0x5410,game
42032fc2807f7dec6de1ed6efb9d18a70668a015f23e32d58149c9d9952bc0a7,0x0041A010,0x0041A15D,333,0x0041A010-0x0041A15D,sub_41A010,,0x5410,game
42032fc2807f7dec6de1ed6efb9d18a70668a015f23e32d58149c9d9952bc0a7,0x0041A160,0x0041A2AD,333,0x0041A160-0x0041A2AD,sub_41A160,,0x5410,game
42032fc2807f7dec6de1ed6efb9d18a70668a015f23e32d58149c9d9952bc0a7,0x0041A2B0,0x0041A4B6,518,0x0041A2B0-0x0041A4B6,sub_41A2B0,,0x5400,game
42032fc2807f7dec6de1ed6efb9d18a70668a015f23e32d58149c9d9952bc0a7,0x0041A4C0,0x0041A609,329,0x0041A4C0-0x0041A609,sub_41A4C0,,0x5400,game
42032fc2807f7dec6de1ed6efb9d18a70668a015f23e32d58149c9d9952bc0a7,0x0041A610,0x0041A613,3,0x0041A610-0x0041A613,nullsub_29,,0x5440,game
42032fc2807f7dec6de1ed6efb9d18a70668a015f23e32d58149c9d9952bc0a7,0x0041A620,0x0041A79D,381,0x0041A620-0x0041A79D,sub_41A620,,0x5410,game
42032fc2807f7dec6de1ed6efb9d18a70668a015f23e32d58149c9d9952bc0a7,0x0041A7A0,0x0041A7DF,63,0x0041A7A0-0x0041A7DF,sub_41A7A0,,0x5410,game
42032fc2807f7dec6de1ed6efb9d18a70668a015f23e32d58149c9d9952bc0a7,0x0041A7E0,0x0041A8A7,199,0x0041A7E0-0x0041A8A7,sub_41A7E0,,0x5410,game
42032fc2807f7dec6de1ed6efb9d18a70668a015f23e32d58149c9d9952bc0a7,0x0041A8B0,0x0041A91D,109,0x0041A8B0-0x0041A91D,sub_41A8B0,,0x5410,game
42032fc2807f7dec6de1ed6efb9d18a70668a015f23e32d58149c9d9952bc0a7,0x0041A920,0x0041AE40,1312,0x0041A920-0x0041AE40,sub_41A920,,0x5410,game
42032fc2807f7dec6de1ed6efb9d18a70668a015f23e32d58149c9d9952bc0a7,0x0041AE40,0x0041AF12,210,0x0041AE40-0x0041AF12,sub_41AE40,,0x5410,game
42032fc2807f7dec6de1ed6efb9d18a70668a015f23e32d58149c9d9952bc0a7,0x0041AF20,0x0041AF21,1,0x0041AF20-0x0041AF21,nullsub_30,,0x5440,game
42032fc2807f7dec6de1ed6efb9d18a70668a015f23e32d58149c9d9952bc0a7,0x0041AF30,0x0041AF31,1,0x0041AF30-0x0041AF31,nullsub_31,,0x5440,game
42032fc2807f7dec6de1ed6efb9d18a70668a015f23e32d58149c9d9952bc0a7,0x0041AF40,0x0041AF41,1,0x0041AF40-0x0041AF41,nullsub_2,,0x5440,game
42032fc2807f7dec6de1ed6efb9d18a70668a015f23e32d58149c9d9952bc0a7,0x0041AF50,0x0041AF69,25,0x0041AF50-0x0041AF69,sub_41AF50,,0x5410,game
42032fc2807f7dec6de1ed6efb9d18a70668a015f23e32d58149c9d9952bc0a7,0x0041AF70,0x0041AF88,24,0x0041AF70-0x0041AF88,sub_41AF70,,0x5410,game
42032fc2807f7dec6de1ed6efb9d18a70668a015f23e32d58149c9d9952bc0a7,0x0041AF90,0x0041AFA8,24,0x0041AF90-0x0041AFA8,sub_41AF90,,0x5410,game
42032fc2807f7dec6de1ed6efb9d18a70668a015f23e32d58149c9d9952bc0a7,0x0041AFB0,0x0041AFC8,24,0x0041AFB0-0x0041AFC8,sub_41AFB0,,0x5410,game
42032fc2807f7dec6de1ed6efb9d18a70668a015f23e32d58149c9d9952bc0a7,0x0041AFD0,0x0041B10D,317,0x0041AFD0-0x0041B10D,sub_41AFD0,,0x5410,game
42032fc2807f7dec6de1ed6efb9d18a70668a015f23e32d58149c9d9952bc0a7,0x0041B110,0x0041B1D9,201,0x0041B110-0x0041B1D9,sub_41B110,,0x5410,game
42032fc2807f7dec6de1ed6efb9d18a70668a015f23e32d58149c9d9952bc0a7,0x0041B1E0,0x0041B1ED,13,0x0041B1E0-0x0041B1ED,sub_41B1E0,,0x5400,game
42032fc2807f7dec6de1ed6efb9d18a70668a015f23e32d58149c9d9952bc0a7,0x0041B1F0,0x0041B491,673,0x0041B1F0-0x0041B491,sub_41B1F0,,0x5410,game
42032fc2807f7dec6de1ed6efb9d18a70668a015f23e32d58149c9d9952bc0a7,0x0041B4A0,0x0041B4BD,29,0x0041B4A0-0x0041B4BD,sub_41B4A0,,0x5410,game
42032fc2807f7dec6de1ed6efb9d18a70668a015f23e32d58149c9d9952bc0a7,0x0041B4C0,0x0041B4D7,23,0x0041B4C0-0x0041B4D7,sub_41B4C0,,0x5410,game
42032fc2807f7dec6de1ed6efb9d18a70668a015f23e32d58149c9d9952bc0a7,0x0041B4E0,0x0041B4E3,3,0x0041B4E0-0x0041B4E3,nullsub_32,,0x5440,game
42032fc2807f7dec6de1ed6efb9d18a70668a015f23e32d58149c9d9952bc0a7,0x0041B4F0,0x0041B78D,669,0x0041B4F0-0x0041B78D,sub_41B4F0,,0x5400,game
42032fc2807f7dec6de1ed6efb9d18a70668a015f23e32d58149c9d9952bc0a7,0x0041B790,0x0041BBBC,1262,0x0041B790-0x0041BBBC;0x0065249C-0x0065255E,sub_41B790,,0x5410,game
42032fc2807f7dec6de1ed6efb9d18a70668a015f23e32d58149c9d9952bc0a7,0x0041BBC0,0x0041C231,2038,0x0041BBC0-0x0041C231;0x0065255E-0x006526E3,sub_41BBC0,,0x5410,game
42032fc2807f7dec6de1ed6efb9d18a70668a015f23e32d58149c9d9952bc0a7,0x0041C240,0x0041C798,1636,0x0041C240-0x0041C798;0x006526E3-0x006527EF,sub_41C240,,0x5410,game
42032fc2807f7dec6de1ed6efb9d18a70668a015f23e32d58149c9d9952bc0a7,0x0041C7A0,0x0041D4BA,4031,0x0041C7A0-0x0041D4BA;0x006527EF-0x00652A94,sub_41C7A0,,0x5410,game
42032fc2807f7dec6de1ed6efb9d18a70668a015f23e32d58149c9d9952bc0a7,0x0041D500,0x0041DA6C,1388,0x0041D500-0x0041DA6C,sub_41D500,,0x5410,game
42032fc2807f7dec6de1ed6efb9d18a70668a015f23e32d58149c9d9952bc0a7,0x0041DAD0,0x0041DC7F,431,0x0041DAD0-0x0041DC7F,sub_41DAD0,,0x5410,game
42032fc2807f7dec6de1ed6efb9d18a70668a015f23e32d58149c9d9952bc0a7,0x0041DC80,0x0041DCA5,37,0x0041DC80-0x0041DCA5,sub_41DC80,,0x5410,game
42032fc2807f7dec6de1ed6efb9d18a70668a015f23e32d58149c9d9952bc0a7,0x0041DCB0,0x0041DCC4,20,0x0041DCB0-0x0041DCC4,sub_41DCB0,,0x5410,game
42032fc2807f7dec6de1ed6efb9d18a70668a015f23e32d58149c9d9952bc0a7,0x0041DCD0,0x0041DCEE,30,0x0041DCD0-0x0041DCEE,sub_41DCD0,,0x5410,game
42032fc2807f7dec6de1ed6efb9d18a70668a015f23e32d58149c9d9952bc0a7,0x0041DCF0,0x0041DD0E,30,0x0041DCF0-0x0041DD0E,sub_41DCF0,,0x5410,game
42032fc2807f7dec6de1ed6efb9d18a70668a015f23e32d58149c9d9952bc0a7,0x0041DD10,0x0041DE5B,331,0x0041DD10-0x0041DE5B,sub_41DD10,,0x5410,game
42032fc2807f7dec6de1ed6efb9d18a70668a015f23e32d58149c9d9952bc0a7,0x0041DE60,0x0041DF38,216,0x0041DE60-0x0041DF38,sub_41DE60,,0x5410,game
42032fc2807f7dec6de1ed6efb9d18a70668a015f23e32d58149c9d9952bc0a7,0x0041DF40,0x0041DF43,3,0x0041DF40-0x0041DF43,nullsub_33,,0x5440,game
42032fc2807f7dec6de1ed6efb9d18a70668a015f23e32d58149c9d9952bc0a7,0x0041DF50,0x0041E3DC,1164,0x0041DF50-0x0041E3DC,sub_41DF50,,0x5410,game
42032fc2807f7dec6de1ed6efb9d18a70668a015f23e32d58149c9d9952bc0a7,0x0041E3E0,0x0041E4C0,224,0x0041E3E0-0x0041E4C0,sub_41E3E0,,0x5400,game
42032fc2807f7dec6de1ed6efb9d18a70668a015f23e32d58149c9d9952bc0a7,0x0041E4C0,0x0041E4C3,3,0x0041E4C0-0x0041E4C3,nullsub_34,,0x5440,game
42032fc2807f7dec6de1ed6efb9d18a70668a015f23e32d58149c9d9952bc0a7,0x0041E4D0,0x0041E4EE,30,0x0041E4D0-0x0041E4EE,sub_41E4D0,,0x5410,game
42032fc2807f7dec6de1ed6efb9d18a70668a015f23e32d58149c9d9952bc0a7,0x0041E4F0,0x0041E50E,30,0x0041E4F0-0x0041E50E,sub_41E4F0,,0x5410,game
42032fc2807f7dec6de1ed6efb9d18a70668a015f23e32d58149c9d9952bc0a7,0x0041E510,0x0041E52D,29,0x0041E510-0x0041E52D,sub_41E510,,0x5410,game
42032fc2807f7dec6de1ed6efb9d18a70668a015f23e32d58149c9d9952bc0a7,0x0041E530,0x0041E551,33,0x0041E530-0x0041E551,sub_41E530,,0x5410,game
42032fc2807f7dec6de1ed6efb9d18a70668a015f23e32d58149c9d9952bc0a7,0x0041E560,0x0041E788,552,0x0041E560-0x0041E788,sub_41E560,,0x5410,game
42032fc2807f7dec6de1ed6efb9d18a70668a015f23e32d58149c9d9952bc0a7,0x0041E790,0x0041E885,245,0x0041E790-0x0041E885,sub_41E790,,0x5400,game
42032fc2807f7dec6de1ed6efb9d18a70668a015f23e32d58149c9d9952bc0a7,0x0041E890,0x0041E8AB,27,0x0041E890-0x0041E8AB,sub_41E890,,0x5400,game
42032fc2807f7dec6de1ed6efb9d18a70668a015f23e32d58149c9d9952bc0a7,0x0041E8B0,0x0041E8C9,25,0x0041E8B0-0x0041E8C9,sub_41E8B0,,0x5400,game
42032fc2807f7dec6de1ed6efb9d18a70668a015f23e32d58149c9d9952bc0a7,0x0041E8D0,0x00420A3D,8578,0x0041E8D0-0x00420A3D;0x00652A94-0x00652AA9,sub_41E8D0,,0x5410,game
42032fc2807f7dec6de1ed6efb9d18a70668a015f23e32d58149c9d9952bc0a7,0x00420A40,0x00420A6F,47,0x00420A40-0x00420A6F,sub_420A40,,0x5410,game
42032fc2807f7dec6de1ed6efb9d18a70668a015f23e32d58149c9d9952bc0a7,0x00420A70,0x00420F8E,2201,0x00420A70-0x00420F8E;0x004210D0-0x004210E7;0x00650E20-0x00651184,sub_420A70,,0x5410,game
42032fc2807f7dec6de1ed6efb9d18a70668a015f23e32d58149c9d9952bc0a7,0x00420F90,0x004210CB,507,0x00420F90-0x004210CB;0x00651190-0x00651250,sub_420F90,,0x5410,game
42032fc2807f7dec6de1ed6efb9d18a70668a015f23e32d58149c9d9952bc0a7,0x004210F0,0x004210F5,5,0x004210F0-0x004210F5,sub_4210F0,,0x5480,thunk
42032fc2807f7dec6de1ed6efb9d18a70668a015f23e32d58149c9d9952bc0a7,0x00421100,0x00421392,952,0x00421100-0x00421392;0x00651250-0x00651376,sub_421100,,0x5410,game
42032fc2807f7dec6de1ed6efb9d18a70668a015f23e32d58149c9d9952bc0a7,0x004213A0,0x004213C1,33,0x004213A0-0x004213C1,sub_4213A0,"int __thiscall sub_4213A0(void *Block, char);",0x5410,game
42032fc2807f7dec6de1ed6efb9d18a70668a015f23e32d58149c9d9952bc0a7,0x004213D0,0x004213F1,33,0x004213D0-0x004213F1,sub_4213D0,"int __thiscall sub_4213D0(void *Block, char);",0x5410,game
42032fc2807f7dec6de1ed6efb9d18a70668a015f23e32d58149c9d9952bc0a7,0x00421400,0x00421634,803,0x00421400-0x00421634;0x00652AB0-0x00652B9F,sub_421400,,0x5410,game
42032fc2807f7dec6de1ed6efb9d18a70668a015f23e32d58149c9d9952bc0a7,0x00421640,0x00421661,33,0x00421640-0x00421661,sub_421640,"int __thiscall sub_421640(void *Block, char);",0x5410,game
42032fc2807f7dec6de1ed6efb9d18a70668a015f23e32d58149c9d9952bc0a7,0x00421670,0x004216E9,121,0x00421670-0x004216E9,sub_421670,,0x5410,game
42032fc2807f7dec6de1ed6efb9d18a70668a015f23e32d58149c9d9952bc0a7,0x004216F0,0x0042180C,284,0x004216F0-0x0042180C,sub_4216F0,,0x5410,game
42032fc2807f7dec6de1ed6efb9d18a70668a015f23e32d58149c9d9952bc0a7,0x00421870,0x00421878,8,0x00421870-0x00421878,sub_421870,,0x5400,game
42032fc2807f7dec6de1ed6efb9d18a70668a015f23e32d58149c9d9952bc0a7,0x00421880,0x00421888,32,0x00421880-0x00421888;0x0046B1D0-0x0046B1E8,sub_421880,,0x5400,game
42032fc2807f7dec6de1ed6efb9d18a70668a015f23e32d58149c9d9952bc0a7,0x00421890,0x00421898,34,0x00421890-0x00421898;0x0046FA00-0x0046FA1A,sub_421890,,0x5400,game
42032fc2807f7dec6de1ed6efb9d18a70668a015f23e32d58149c9d9952bc0a7,0x004218A0,0x004218A8,72,0x004218A0-0x004218A8;0x0046F880-0x0046F8C0,sub_4218A0,,0x5400,game
42032fc2807f7dec6de1ed6efb9d18a70668a015f23e32d58149c9d9952bc0a7,0x004218B0,0x004218B8,8,0x004218B0-0x004218B8,sub_4218B0,,0x5400,game
42032fc2807f7dec6de1ed6efb9d18a70668a015f23e32d58149c9d9952bc0a7,0x004218C0,0x004218C8,8,0x004218C0-0x004218C8,sub_4218C0,,0x5400,game
42032fc2807f7dec6de1ed6efb9d18a70668a015f23e32d58149c9d9952bc0a7,0x004218D0,0x004218D8,8,0x004218D0-0x004218D8,sub_4218D0,,0x5400,game
42032fc2807f7dec6de1ed6efb9d18a70668a015f23e32d58149c9d9952bc0a7,0x004218E0,0x004218E8,8,0x004218E0-0x004218E8,sub_4218E0,,0x5400,game
42032fc2807f7dec6de1ed6efb9d18a70668a015f23e32d58149c9d9952bc0a7,0x004218F0,0x004218F8,8,0x004218F0-0x004218F8,sub_4218F0,,0x5400,game
42032fc2807f7dec6de1ed6efb9d18a70668a015f23e32d58149c9d9952bc0a7,0x00421900,0x00421908,8,0x00421900-0x00421908,sub_421900,,0x5400,game
42032fc2807f7dec6de1ed6efb9d18a70668a015f23e32d58149c9d9952bc0a7,0x00421910,0x00421918,8,0x00421910-0x00421918,sub_421910,,0x5400,game
42032fc2807f7dec6de1ed6efb9d18a70668a015f23e32d58149c9d9952bc0a7,0x00421920,0x00421928,8,0x00421920-0x00421928,sub_421920,,0x5400,game
42032fc2807f7dec6de1ed6efb9d18a70668a015f23e32d58149c9d9952bc0a7,0x00421930,0x00421938,8,0x00421930-0x00421938,sub_421930,,0x5400,game
42032fc2807f7dec6de1ed6efb9d18a70668a015f23e32d58149c9d9952bc0a7,0x00421940,0x00421948,8,0x00421940-0x00421948,sub_421940,,0x5400,game
42032fc2807f7dec6de1ed6efb9d18a70668a015f23e32d58149c9d9952bc0a7,0x004219B0,0x004219C6,22,0x004219B0-0x004219C6,sub_4219B0,,0x5400,game
42032fc2807f7dec6de1ed6efb9d18a70668a015f23e32d58149c9d9952bc0a7,0x004219D0,0x004219DA,18,0x004219D0-0x004219DA;0x00422ED0-0x00422ED8,unknown_libname_27,void __cdecl unknown_libname_27();,0x5444,library
42032fc2807f7dec6de1ed6efb9d18a70668a015f23e32d58149c9d9952bc0a7,0x004219E0,0x00421B1F,319,0x004219E0-0x00421B1F,sub_4219E0,,0x5410,game
42032fc2807f7dec6de1ed6efb9d18a70668a015f23e32d58149c9d9952bc0a7,0x00421B20,0x00421B37,23,0x00421B20-0x00421B37,sub_421B20,,0x5400,game
42032fc2807f7dec6de1ed6efb9d18a70668a015f23e32d58149c9d9952bc0a7,0x00421B40,0x00421B48,8,0x00421B40-0x00421B48,sub_421B40,,0x5400,game
42032fc2807f7dec6de1ed6efb9d18a70668a015f23e32d58149c9d9952bc0a7,0x00421B50,0x00422BFC,4311,0x00421B50-0x00422BFC;0x00652BA0-0x00652BCB,sub_421B50,"int __stdcall sub_421B50(int Value, int, int, int, char);",0x5410,game
42032fc2807f7dec6de1ed6efb9d18a70668a015f23e32d58149c9d9952bc0a7,0x00422C50,0x00422CB5,101,0x00422C50-0x00422CB5,sub_422C50,,0x5400,game
42032fc2807f7dec6de1ed6efb9d18a70668a015f23e32d58149c9d9952bc0a7,0x00422CC0,0x00422DB9,249,0x00422CC0-0x00422DB9,sub_422CC0,,0x5410,game
42032fc2807f7dec6de1ed6efb9d18a70668a015f23e32d58149c9d9952bc0a7,0x00422DC0,0x00422DDA,26,0x00422DC0-0x00422DDA,sub_422DC0,,0x5410,game
42032fc2807f7dec6de1ed6efb9d18a70668a015f23e32d58149c9d9952bc0a7,0x00422DE0,0x00422E06,38,0x00422DE0-0x00422E06,sub_422DE0,,0x5410,game
42032fc2807f7dec6de1ed6efb9d18a70668a015f23e32d58149c9d9952bc0a7,0x00422E10,0x00422E13,3,0x00422E10-0x00422E13,nullsub_35,,0x5440,game
42032fc2807f7dec6de1ed6efb9d18a70668a015f23e32d58149c9d9952bc0a7,0x00422E20,0x00422E23,3,0x00422E20-0x00422E23,nullsub_36,,0x5440,game
42032fc2807f7dec6de1ed6efb9d18a70668a015f23e32d58149c9d9952bc0a7,0x00422E30,0x00422E64,52,0x00422E30-0x00422E64,sub_422E30,,0x5410,game
42032fc2807f7dec6de1ed6efb9d18a70668a015f23e32d58149c9d9952bc0a7,0x00422E70,0x00422E73,3,0x00422E70-0x00422E73,nullsub_37,,0x5440,game
42032fc2807f7dec6de1ed6efb9d18a70668a015f23e32d58149c9d9952bc0a7,0x00422E80,0x00422E83,3,0x00422E80-0x00422E83,nullsub_38,,0x5440,game
42032fc2807f7dec6de1ed6efb9d18a70668a015f23e32d58149c9d9952bc0a7,0x00422E90,0x00422E93,3,0x00422E90-0x00422E93,nullsub_39,,0x5440,game
42032fc2807f7dec6de1ed6efb9d18a70668a015f23e32d58149c9d9952bc0a7,0x00422EA0,0x00422EA3,3,0x00422EA0-0x00422EA3,nullsub_40,,0x5440,game
42032fc2807f7dec6de1ed6efb9d18a70668a015f23e32d58149c9d9952bc0a7,0x00422EB0,0x00422EBA,10,0x00422EB0-0x00422EBA,unknown_libname_28,,0x5444,library
42032fc2807f7dec6de1ed6efb9d18a70668a015f23e32d58149c9d9952bc0a7,0x00422EC0,0x00422ECA,10,0x00422EC0-0x00422ECA,unknown_libname_29,,0x5444,library
42032fc2807f7dec6de1ed6efb9d18a70668a015f23e32d58149c9d9952bc0a7,0x00422EE0,0x00422EFB,27,0x00422EE0-0x00422EFB,sub_422EE0,,0x5400,game
42032fc2807f7dec6de1ed6efb9d18a70668a015f23e32d58149c9d9952bc0a7,0x00422F00,0x00422F1E,30,0x00422F00-0x00422F1E,sub_422F00,,0x5410,game
42032fc2807f7dec6de1ed6efb9d18a70668a015f23e32d58149c9d9952bc0a7,0x00422F20,0x00422FFA,236,0x00422F20-0x00422FFA;0x00652BD0-0x00652BE2,sub_422F20,,0x5410,game
42032fc2807f7dec6de1ed6efb9d18a70668a015f23e32d58149c9d9952bc0a7,0x00423000,0x00423566,1422,0x00423000-0x00423566;0x00652BE2-0x00652C0A,sub_423000,,0x5410,game
42032fc2807f7dec6de1ed6efb9d18a70668a015f23e32d58149c9d9952bc0a7,0x00423570,0x0042439F,3671,0x00423570-0x0042439F;0x00652C0A-0x00652C32,sub_423570,,0x5410,game
42032fc2807f7dec6de1ed6efb9d18a70668a015f23e32d58149c9d9952bc0a7,0x004243A0,0x004243B6,22,0x004243A0-0x004243B6,sub_4243A0,,0x5400,game
42032fc2807f7dec6de1ed6efb9d18a70668a015f23e32d58149c9d9952bc0a7,0x004243C0,0x004243CA,10,0x004243C0-0x004243CA,unknown_libname_30,void __cdecl unknown_libname_30();,0x5444,library
42032fc2807f7dec6de1ed6efb9d18a70668a015f23e32d58149c9d9952bc0a7,0x004243D0,0x004243E8,24,0x004243D0-0x004243E8,sub_4243D0,,0x5410,game
42032fc2807f7dec6de1ed6efb9d18a70668a015f23e32d58149c9d9952bc0a7,0x004243F0,0x0042440D,29,0x004243F0-0x0042440D,sub_4243F0,,0x5400,game
42032fc2807f7dec6de1ed6efb9d18a70668a015f23e32d58149c9d9952bc0a7,0x00424410,0x0042471F,783,0x00424410-0x0042471F,sub_424410,,0x5410,game
42032fc2807f7dec6de1ed6efb9d18a70668a015f23e32d58149c9d9952bc0a7,0x00424720,0x0042486C,332,0x00424720-0x0042486C,sub_424720,,0x5410,game
42032fc2807f7dec6de1ed6efb9d18a70668a015f23e32d58149c9d9952bc0a7,0x00424870,0x0042502F,2374,0x00424870-0x0042502F;0x00652D40-0x00652EC7,sub_424870,,0x5410,game
42032fc2807f7dec6de1ed6efb9d18a70668a015f23e32d58149c9d9952bc0a7,0x00425050,0x00425B92,3439,0x00425050-0x00425B92;0x00652EC7-0x006530F4,sub_425050,,0x5410,game
42032fc2807f7dec6de1ed6efb9d18a70668a015f23e32d58149c9d9952bc0a7,0x00425BA0,0x00425D8D,493,0x00425BA0-0x00425D8D,sub_425BA0,,0x5410,game
42032fc2807f7dec6de1ed6efb9d18a70668a015f23e32d58149c9d9952bc0a7,0x00425DB0,0x00426459,1705,0x00425DB0-0x00426459,sub_425DB0,int __stdcall sub_425DB0(int y);,0x5410,game
42032fc2807f7dec6de1ed6efb9d18a70668a015f23e32d58149c9d9952bc0a7,0x00426470,0x00426A95,1573,0x00426470-0x00426A95,sub_426470,,0x5410,game
42032fc2807f7dec6de1ed6efb9d18a70668a015f23e32d58149c9d9952bc0a7,0x00426AA0,0x00426EA1,1025,0x00426AA0-0x00426EA1,sub_426AA0,,0x5410,game
42032fc2807f7dec6de1ed6efb9d18a70668a015f23e32d58149c9d9952bc0a7,0x00426EB0,0x00426EB3,3,0x00426EB0-0x00426EB3,nullsub_41,,0x5440,game
42032fc2807f7dec6de1ed6efb9d18a70668a015f23e32d58149c9d9952bc0a7,0x00426EC0,0x00426EDE,30,0x00426EC0-0x00426EDE,sub_426EC0,,0x5400,game
42032fc2807f7dec6de1ed6efb9d18a70668a015f23e32d58149c9d9952bc0a7,0x00426EE0,0x00426F78,152,0x00426EE0-0x00426F78,sub_426EE0,"int __stdcall sub_426EE0(int, int y);",0x5410,game
42032fc2807f7dec6de1ed6efb9d18a70668a015f23e32d58149c9d9952bc0a7,0x00426F80,0x00426F83,3,0x00426F80-0x00426F83,nullsub_42,,0x5440,game
42032fc2807f7dec6de1ed6efb9d18a70668a015f23e32d58149c9d9952bc0a7,0x00426F90,0x00426F95,5,0x00426F90-0x00426F95,sub_426F90,,0x5400,game
42032fc2807f7dec6de1ed6efb9d18a70668a015f23e32d58149c9d9952bc0a7,0x00426FA0,0x00427054,180,0x00426FA0-0x00427054,sub_426FA0,,0x5410,game
42032fc2807f7dec6de1ed6efb9d18a70668a015f23e32d58149c9d9952bc0a7,0x00427060,0x00427063,3,0x00427060-0x00427063,nullsub_43,,0x5440,game
42032fc2807f7dec6de1ed6efb9d18a70668a015f23e32d58149c9d9952bc0a7,0x00427070,0x00427073,3,0x00427070-0x00427073,nullsub_44,,0x5440,game
42032fc2807f7dec6de1ed6efb9d18a70668a015f23e32d58149c9d9952bc0a7,0x00427080,0x00427083,3,0x00427080-0x00427083,nullsub_45,,0x5440,game
42032fc2807f7dec6de1ed6efb9d18a70668a015f23e32d58149c9d9952bc0a7,0x00427090,0x00427093,3,0x00427090-0x00427093,nullsub_46,,0x5440,game
42032fc2807f7dec6de1ed6efb9d18a70668a015f23e32d58149c9d9952bc0a7,0x004270A0,0x004270A3,3,0x004270A0-0x004270A3,nullsub_47,,0x5440,game
42032fc2807f7dec6de1ed6efb9d18a70668a015f23e32d58149c9d9952bc0a7,0x004270B0,0x004270B3,3,0x004270B0-0x004270B3,nullsub_48,,0x5440,game
42032fc2807f7dec6de1ed6efb9d18a70668a015f23e32d58149c9d9952bc0a7,0x004270C0,0x004270C3,3,0x004270C0-0x004270C3,nullsub_49,,0x5440,game
42032fc2807f7dec6de1ed6efb9d18a70668a015f23e32d58149c9d9952bc0a7,0x004270D0,0x004270D3,3,0x004270D0-0x004270D3,nullsub_50,,0x5440,game
42032fc2807f7dec6de1ed6efb9d18a70668a015f23e32d58149c9d9952bc0a7,0x004270E0,0x004270E3,3,0x004270E0-0x004270E3,nullsub_51,,0x5440,game
42032fc2807f7dec6de1ed6efb9d18a70668a015f23e32d58149c9d9952bc0a7,0x004270F0,0x0042710D,29,0x004270F0-0x0042710D,sub_4270F0,,0x5410,game
42032fc2807f7dec6de1ed6efb9d18a70668a015f23e32d58149c9d9952bc0a7,0x00427110,0x00427113,3,0x00427110-0x00427113,nullsub_52,,0x5440,game
42032fc2807f7dec6de1ed6efb9d18a70668a015f23e32d58149c9d9952bc0a7,0x00427120,0x00427123,3,0x00427120-0x00427123,nullsub_53,,0x5440,game
42032fc2807f7dec6de1ed6efb9d18a70668a015f23e32d58149c9d9952bc0a7,0x00427130,0x0042714B,27,0x00427130-0x0042714B,sub_427130,,0x5400,game
42032fc2807f7dec6de1ed6efb9d18a70668a015f23e32d58149c9d9952bc0a7,0x00427150,0x00427155,5,0x00427150-0x00427155,sub_427150,,0x5480,thunk
42032fc2807f7dec6de1ed6efb9d18a70668a015f23e32d58149c9d9952bc0a7,0x00427160,0x004271BE,94,0x00427160-0x004271BE,sub_427160,,0x5400,game
42032fc2807f7dec6de1ed6efb9d18a70668a015f23e32d58149c9d9952bc0a7,0x004271C0,0x0042722D,109,0x004271C0-0x0042722D,sub_4271C0,,0x5410,game
42032fc2807f7dec6de1ed6efb9d18a70668a015f23e32d58149c9d9952bc0a7,0x00427230,0x00428347,4396,0x00427230-0x00428347;0x006530F4-0x00653109,sub_427230,,0x5410,game
42032fc2807f7dec6de1ed6efb9d18a70668a015f23e32d58149c9d9952bc0a7,0x00428350,0x0042854E,510,0x00428350-0x0042854E,sub_428350,,0x5410,game
42032fc2807f7dec6de1ed6efb9d18a70668a015f23e32d58149c9d9952bc0a7,0x00428550,0x00428614,312,0x00428550-0x00428614;0x00652C40-0x00652CB4,sub_428550,,0x5410,game
42032fc2807f7dec6de1ed6efb9d18a70668a015f23e32d58149c9d9952bc0a7,0x00428620,0x00428706,346,0x00428620-0x00428706;0x00652CC0-0x00652D34,sub_428620,,0x5410,game
42032fc2807f7dec6de1ed6efb9d18a70668a015f23e32d58149c9d9952bc0a7,0x00428710,0x00428731,33,0x00428710-0x00428731,sub_428710,"int __thiscall sub_428710(void *Block, char);",0x5410,game
42032fc2807f7dec6de1ed6efb9d18a70668a015f23e32d58149c9d9952bc0a7,0x00428750,0x00428766,22,0x00428750-0x00428766,sub_428750,,0x5400,game
42032fc2807f7dec6de1ed6efb9d18a70668a015f23e32d58149c9d9952bc0a7,0x00428770,0x0042877A,10,0x00428770-0x0042877A,unknown_libname_31,void __cdecl unknown_libname_31();,0x5444,library
42032fc2807f7dec6de1ed6efb9d18a70668a015f23e32d58149c9d9952bc0a7,0x00428780,0x00428830,250,0x00428780-0x00428830;0x00653110-0x0065315A,sub_428780,,0x5410,game
42032fc2807f7dec6de1ed6efb9d18a70668a015f23e32d58149c9d9952bc0a7,0x00428830,0x0042887D,77,0x00428830-0x0042887D,sub_428830,,0x5400,game
42032fc2807f7dec6de1ed6efb9d18a70668a015f23e32d58149c9d9952bc0a7,0x00428880,0x004289BA,314,0x00428880-0x004289BA,sub_428880,,0x5410,game
42032fc2807f7dec6de1ed6efb9d18a70668a015f23e32d58149c9d9952bc0a7,0x004289F0,0x00428BF2,514,0x004289F0-0x00428BF2,sub_4289F0,int __thiscall sub_4289F0(int);,0x5410,game
42032fc2807f7dec6de1ed6efb9d18a70668a015f23e32d58149c9d9952bc0a7,0x00428C00,0x00428D5C,348,0x00428C00-0x00428D5C,sub_428C00,,0x5410,game
42032fc2807f7dec6de1ed6efb9d18a70668a015f23e32d58149c9d9952bc0a7,0x00428D60,0x00428D70,16,0x00428D60-0x00428D70,sub_428D60,,0x5400,game
42032fc2807f7dec6de1ed6efb9d18a70668a015f23e32d58149c9d9952bc0a7,0x00428D70,0x00428D7B,11,0x00428D70-0x00428D7B,sub_428D70,,0x5400,game
42032fc2807f7dec6de1ed6efb9d18a70668a015f23e32d58149c9d9952bc0a7,0x00428D80,0x00428D83,3,0x00428D80-0x00428D83,nullsub_54,,0x5440,game
42032fc2807f7dec6de1ed6efb9d18a70668a015f23e32d58149c9d9952bc0a7,0x00428D90,0x00428D93,3,0x00428D90-0x00428D93,nullsub_55,,0x5440,game
42032fc2807f7dec6de1ed6efb9d18a70668a015f23e32d58149c9d9952bc0a7,0x00428DA0,0x00428DA3,3,0x00428DA0-0x00428DA3,nullsub_56,,0x5440,game
42032fc2807f7dec6de1ed6efb9d18a70668a015f23e32d58149c9d9952bc0a7,0x00428DB0,0x00428DB3,3,0x00428DB0-0x00428DB3,nullsub_57,,0x5440,game
42032fc2807f7dec6de1ed6efb9d18a70668a015f23e32d58149c9d9952bc0a7,0x00428DC0,0x00428DCB,11,0x00428DC0-0x00428DCB,sub_428DC0,,0x5400,game
42032fc2807f7dec6de1ed6efb9d18a70668a015f23e32d58149c9d9952bc0a7,0x00428DD0,0x00428DE7,23,0x00428DD0-0x00428DE7,sub_428DD0,,0x5410,game
42032fc2807f7dec6de1ed6efb9d18a70668a015f23e32d58149c9d9952bc0a7,0x00428DF0,0x00428E5B,128,0x00428DF0-0x00428E5B;0x0065315A-0x0065316F,sub_428DF0,,0x5410,game
42032fc2807f7dec6de1ed6efb9d18a70668a015f23e32d58149c9d9952bc0a7,0x00428E60,0x00428E81,33,0x00428E60-0x00428E81,sub_428E60,"int __thiscall sub_428E60(void *Block, char);",0x5410,game
42032fc2807f7dec6de1ed6efb9d18a70668a015f23e32d58149c9d9952bc0a7,0x00428E90,0x00428F72,322,0x00428E90-0x00428F72;0x00653170-0x006531D0,sub_428E90,,0x5410,game
42032fc2807f7dec6de1ed6efb9d18a70668a015f23e32d58149c9d9952bc0a7,0x00428F90,0x00428FA6,22,0x00428F90-0x00428FA6,sub_428F90,,0x5400,game
42032fc2807f7dec6de1ed6efb9d18a70668a015f23e32d58149c9d9952bc0a7,0x00428FB0,0x00428FBA,10,0x00428FB0-0x00428FBA,unknown_libname_32,void __cdecl unknown_libname_32();,0x5444,library
42032fc2807f7dec6de1ed6efb9d18a70668a015f23e32d58149c9d9952bc0a7,0x00428FC0,0x00429178,737,0x00428FC0-0x00429178;0x00653450-0x00653579,sub_428FC0,,0x5410,game
42032fc2807f7dec6de1ed6efb9d18a70668a015f23e32d58149c9d9952bc0a7,0x00429180,0x004292FC,380,0x00429180-0x004292FC,sub_429180,,0x5410,game
42032fc2807f7dec6de1ed6efb9d18a70668a015f23e32d58149c9d9952bc0a7,0x00429300,0x0042A012,3367,0x00429300-0x0042A012;0x00653579-0x0065358E,sub_429300,,0x5410,game
42032fc2807f7dec6de1ed6efb9d18a70668a015f23e32d58149c9d9952bc0a7,0x0042A040,0x0042A076,54,0x0042A040-0x0042A076,sub_42A040,,0x5410,game
42032fc2807f7dec6de1ed6efb9d18a70668a015f23e32d58149c9d9952bc0a7,0x0042A080,0x0042A0AD,45,0x0042A080-0x0042A0AD,sub_42A080,"int __stdcall sub_42A080(char *Buffer, int, int);",0x5410,game
42032fc2807f7dec6de1ed6efb9d18a70668a015f23e32d58149c9d9952bc0a7,0x0042A100,0x0042A150,80,0x0042A100-0x0042A150,sub_42A100,,0x5410,game
42032fc2807f7dec6de1ed6efb9d18a70668a015f23e32d58149c9d9952bc0a7,0x0042A150,0x0042A260,272,0x0042A150-0x0042A260,sub_42A150,,0x5410,game
42032fc2807f7dec6de1ed6efb9d18a70668a015f23e32d58149c9d9952bc0a7,0x0042A2C0,0x0042A4AC,492,0x0042A2C0-0x0042A4AC,sub_42A2C0,,0x5410,game
42032fc2807f7dec6de1ed6efb9d18a70668a015f23e32d58149c9d9952bc0a7,0x0042A4F0,0x0042A621,305,0x0042A4F0-0x0042A621,sub_42A4F0,,0x5410,game
42032fc2807f7dec6de1ed6efb9d18a70668a015f23e32d58149c9d9952bc0a7,0x0042A630,0x0042A78E,350,0x0042A630-0x0042A78E,sub_42A630,,0x5410,game
42032fc2807f7dec6de1ed6efb9d18a70668a015f23e32d58149c9d9952bc0a7,0x0042A790,0x0042A8F4,356,0x0042A790-0x0042A8F4,sub_42A790,,0x5410,game
42032fc2807f7dec6de1ed6efb9d18a70668a015f23e32d58149c9d9952bc0a7,0x0042A900,0x0042AA5A,346,0x0042A900-0x0042AA5A,sub_42A900,,0x5410,game
42032fc2807f7dec6de1ed6efb9d18a70668a015f23e32d58149c9d9952bc0a7,0x0042AA60,0x0042ABBA,346,0x0042AA60-0x0042ABBA,sub_42AA60,,0x5410,game
42032fc2807f7dec6de1ed6efb9d18a70668a015f23e32d58149c9d9952bc0a7,0x0042ABC0,0x0042AD1A,346,0x0042ABC0-0x0042AD1A,sub_42ABC0,,0x5410,game
42032fc2807f7dec6de1ed6efb9d18a70668a015f23e32d58149c9d9952bc0a7,0x0042AD20,0x0042AE7A,346,0x0042AD20-0x0042AE7A,sub_42AD20,,0x5410,game
42032fc2807f7dec6de1ed6efb9d18a70668a015f23e32d58149c9d9952bc0a7,0x0042AE80,0x0042AFD9,345,0x0042AE80-0x0042AFD9,sub_42AE80,,0x5410,game
42032fc2807f7dec6de1ed6efb9d18a70668a015f23e32d58149c9d9952bc0a7,0x0042AFE0,0x0042B18A,426,0x0042AFE0-0x0042B18A,sub_42AFE0,,0x5410,game
42032fc2807f7dec6de1ed6efb9d18a70668a015f23e32d58149c9d9952bc0a7,0x0042B190,0x0042B2F3,355,0x0042B190-0x0042B2F3,sub_42B190,,0x5410,game
42032fc2807f7dec6de1ed6efb9d18a70668a015f23e32d58149c9d9952bc0a7,0x0042B300,0x0042B487,391,0x0042B300-0x0042B487,sub_42B300,,0x5410,game
42032fc2807f7dec6de1ed6efb9d18a70668a015f23e32d58149c9d9952bc0a7,0x0042B490,0x0042B62A,410,0x0042B490-0x0042B62A,sub_42B490,,0x5410,game
42032fc2807f7dec6de1ed6efb9d18a70668a015f23e32d58149c9d9952bc0a7,0x0042B630,0x0042B7D5,421,0x0042B630-0x0042B7D5,sub_42B630,,0x5410,game
42032fc2807f7dec6de1ed6efb9d18a70668a015f23e32d58149c9d9952bc0a7,0x0042B7E0,0x0042B934,340,0x0042B7E0-0x0042B934,sub_42B7E0,,0x5410,game
42032fc2807f7dec6de1ed6efb9d18a70668a015f23e32d58149c9d9952bc0a7,0x0042B940,0x0042BAA3,355,0x0042B940-0x0042BAA3,sub_42B940,,0x5410,game
42032fc2807f7dec6de1ed6efb9d18a70668a015f23e32d58149c9d9952bc0a7,0x0042BAB0,0x0042BCB1,513,0x0042BAB0-0x0042BCB1,sub_42BAB0,,0x5410,game
42032fc2807f7dec6de1ed6efb9d18a70668a015f23e32d58149c9d9952bc0a7,0x0042BCC0,0x0042BD14,84,0x0042BCC0-0x0042BD14,sub_42BCC0,,0x5410,game
42032fc2807f7dec6de1ed6efb9d18a70668a015f23e32d58149c9d9952bc0a7,0x0042BD20,0x0042BD35,21,0x0042BD20-0x0042BD35,sub_42BD20,,0x5400,game
42032fc2807f7dec6de1ed6efb9d18a70668a015f23e32d58149c9d9952bc0a7,0x0042BD40,0x0042BD5B,27,0x0042BD40-0x0042BD5B,sub_42BD40,,0x5400,game
42032fc2807f7dec6de1ed6efb9d18a70668a015f23e32d58149c9d9952bc0a7,0x0042BD60,0x0042BD79,25,0x0042BD60-0x0042BD79,sub_42BD60,,0x5400,game
42032fc2807f7dec6de1ed6efb9d18a70668a015f23e32d58149c9d9952bc0a7,0x0042BEA0,0x0042BEA1,1,0x0042BEA0-0x0042BEA1,nullsub_58,,0x5440,game
42032fc2807f7dec6de1ed6efb9d18a70668a015f23e32d58149c9d9952bc0a7,0x0042BF00,0x0042BF01,1,0x0042BF00-0x0042BF01,nullsub_59,,0x5440,game
42032fc2807f7dec6de1ed6efb9d18a70668a015f23e32d58149c9d9952bc0a7,0x0042BF10,0x0042C29A,906,0x0042BF10-0x0042C29A,sub_42BF10,,0x5410,game
42032fc2807f7dec6de1ed6efb9d18a70668a015f23e32d58149c9d9952bc0a7,0x0042C2E0,0x0042C64D,1071,0x0042C2E0-0x0042C64D;0x0065358E-0x00653650,sub_42C2E0,,0x5410,game
42032fc2807f7dec6de1ed6efb9d18a70668a015f23e32d58149c9d9952bc0a7,0x0042C650,0x0042C9C0,1074,0x0042C650-0x0042C9C0;0x00653650-0x00653712,sub_42C650,,0x5410,game
42032fc2807f7dec6de1ed6efb9d18a70668a015f23e32d58149c9d9952bc0a7,0x0042C9C0,0x0042D608,3196,0x0042C9C0-0x0042D608;0x00653712-0x00653746,sub_42C9C0,,0x5410,game
42032fc2807f7dec6de1ed6efb9d18a70668a015f23e32d58149c9d9952bc0a7,0x0042D610,0x0042DEEF,2323,0x0042D610-0x0042DEEF;0x00653746-0x0065377A,sub_42D610,,0x5410,game
42032fc2807f7dec6de1ed6efb9d18a70668a015f23e32d58149c9d9952bc0a7,0x0042DEF0,0x0042E2D3,1047,0x0042DEF0-0x0042E2D3;0x0065377A-0x006537AE,sub_42DEF0,,0x5410,game
42032fc2807f7dec6de1ed6efb9d18a70668a015f23e32d58149c9d9952bc0a7,0x0042E2E0,0x0042E8D3,1575,0x0042E2E0-0x0042E8D3;0x006537AE-0x006537E2,sub_42E2E0,,0x5410,game
42032fc2807f7dec6de1ed6efb9d18a70668a015f23e32d58149c9d9952bc0a7,0x0042E8E0,0x0042EE26,1402,0x0042E8E0-0x0042EE26;0x006537E2-0x00653816,sub_42E8E0,,0x5410,game
42032fc2807f7dec6de1ed6efb9d18a70668a015f23e32d58149c9d9952bc0a7,0x0042EE30,0x0042F468,1644,0x0042EE30-0x0042F468;0x00653816-0x0065384A,sub_42EE30,,0x5410,game
42032fc2807f7dec6de1ed6efb9d18a70668a015f23e32d58149c9d9952bc0a7,0x0042F490,0x0042FAC5,1810,0x0042F490-0x0042FAC5;0x0065384A-0x00653927,sub_42F490,,0x5410,game
42032fc2807f7dec6de1ed6efb9d18a70668a015f23e32d58149c9d9952bc0a7,0x0042FAD0,0x00430087,1673,0x0042FAD0-0x00430087;0x00653927-0x006539F9,sub_42FAD0,,0x5410,game
42032fc2807f7dec6de1ed6efb9d18a70668a015f23e32d58149c9d9952bc0a7,0x00430090,0x00430765,1970,0x00430090-0x00430765;0x006539F9-0x00653AD6,sub_430090,,0x5410,game
42032fc2807f7dec6de1ed6efb9d18a70668a015f23e32d58149c9d9952bc0a7,0x00430770,0x00430B30,1170,0x00430770-0x00430B30;0x00653AD6-0x00653BA8,sub_430770,,0x5410,game
42032fc2807f7dec6de1ed6efb9d18a70668a015f23e32d58149c9d9952bc0a7,0x00430C80,0x0043117E,1488,0x00430C80-0x0043117E;0x00653BA8-0x00653C7A,sub_430C80,,0x5410,game
42032fc2807f7dec6de1ed6efb9d18a70668a015f23e32d58149c9d9952bc0a7,0x00431180,0x00431D51,3517,0x00431180-0x00431D51;0x00653C7A-0x00653E66,sub_431180,,0x5410,game
42032fc2807f7dec6de1ed6efb9d18a70668a015f23e32d58149c9d9952bc0a7,0x00431DB0,0x00431DB1,1,0x00431DB0-0x00431DB1,nullsub_60,,0x5440,game
42032fc2807f7dec6de1ed6efb9d18a70668a015f23e32d58149c9d9952bc0a7,0x00431DC0,0x00431E61,161,0x00431DC0-0x00431E61,sub_431DC0,"int __stdcall sub_431DC0(int, char *String);",0x5410,game
42032fc2807f7dec6de1ed6efb9d18a70668a015f23e32d58149c9d9952bc0a7,0x00431E70,0x00431EA6,54,0x00431E70-0x00431EA6,sub_431E70,,0x5400,game
42032fc2807f7dec6de1ed6efb9d18a70668a015f23e32d58149c9d9952bc0a7,0x00431EB0,0x00431EB3,3,0x00431EB0-0x00431EB3,nullsub_61,,0x5440,game
42032fc2807f7dec6de1ed6efb9d18a70668a015f23e32d58149c9d9952bc0a7,0x00431EC0,0x00431FA9,233,0x00431EC0-0x00431FA9,sub_431EC0,,0x5410,game
42032fc2807f7dec6de1ed6efb9d18a70668a015f23e32d58149c9d9952bc0a7,0x00431FB0,0x00431FB3,3,0x00431FB0-0x00431FB3,nullsub_62,,0x5440,game
42032fc2807f7dec6de1ed6efb9d18a70668a015f23e32d58149c9d9952bc0a7,0x00431FC0,0x00431FFB,59,0x00431FC0-0x00431FFB,sub_431FC0,,0x5410,game
42032fc2807f7dec6de1ed6efb9d18a70668a015f23e32d58149c9d9952bc0a7,0x00432000,0x00432003,3,0x00432000-0x00432003,nullsub_63,,0x5440,game
42032fc2807f7dec6de1ed6efb9d18a70668a015f23e32d58149c9d9952bc0a7,0x00432010,0x00432032,34,0x00432010-0x00432032,sub_432010,,0x5410,game
42032fc2807f7dec6de1ed6efb9d18a70668a015f23e32d58149c9d9952bc0a7,0x00432040,0x00432052,18,0x00432040-0x00432052,sub_432040,,0x5400,game
42032fc2807f7dec6de1ed6efb9d18a70668a015f23e32d58149c9d9952bc0a7,0x00432060,0x00432152,242,0x00432060-0x00432152,sub_432060,,0x5410,game
42032fc2807f7dec6de1ed6efb9d18a70668a015f23e32d58149c9d9952bc0a7,0x00432160,0x00432163,3,0x00432160-0x00432163,nullsub_64,,0x5440,game
42032fc2807f7dec6de1ed6efb9d18a70668a015f23e32d58149c9d9952bc0a7,0x00432170,0x00432173,3,0x00432170-0x00432173,nullsub_65,,0x5440,game
42032fc2807f7dec6de1ed6efb9d18a70668a015f23e32d58149c9d9952bc0a7,0x00432180,0x00432183,3,0x00432180-0x00432183,nullsub_66,,0x5440,game
42032fc2807f7dec6de1ed6efb9d18a70668a015f23e32d58149c9d9952bc0a7,0x00432190,0x00432193,3,0x00432190-0x00432193,nullsub_67,,0x5440,game
42032fc2807f7dec6de1ed6efb9d18a70668a015f23e32d58149c9d9952bc0a7,0x004321A0,0x004321A3,3,0x004321A0-0x004321A3,nullsub_68,,0x5440,game
42032fc2807f7dec6de1ed6efb9d18a70668a015f23e32d58149c9d9952bc0a7,0x004321B0,0x004321B3,3,0x004321B0-0x004321B3,nullsub_69,,0x5440,game
42032fc2807f7dec6de1ed6efb9d18a70668a015f23e32d58149c9d9952bc0a7,0x004321C0,0x004321C3,3,0x004321C0-0x004321C3,nullsub_70,,0x5440,game
42032fc2807f7dec6de1ed6efb9d18a70668a015f23e32d58149c9d9952bc0a7,0x004321D0,0x004321D3,3,0x004321D0-0x004321D3,nullsub_71,,0x5440,game
42032fc2807f7dec6de1ed6efb9d18a70668a015f23e32d58149c9d9952bc0a7,0x004321E0,0x004321E3,3,0x004321E0-0x004321E3,nullsub_72,,0x5440,game
42032fc2807f7dec6de1ed6efb9d18a70668a015f23e32d58149c9d9952bc0a7,0x004321F0,0x004321F3,3,0x004321F0-0x004321F3,nullsub_73,,0x5440,game
42032fc2807f7dec6de1ed6efb9d18a70668a015f23e32d58149c9d9952bc0a7,0x00432200,0x00432203,3,0x00432200-0x00432203,nullsub_74,,0x5440,game
42032fc2807f7dec6de1ed6efb9d18a70668a015f23e32d58149c9d9952bc0a7,0x00432210,0x0043228B,123,0x00432210-0x0043228B,sub_432210,,0x5410,game
42032fc2807f7dec6de1ed6efb9d18a70668a015f23e32d58149c9d9952bc0a7,0x00432290,0x004325AA,1260,0x00432290-0x004325AA;0x006531D0-0x006533A2,sub_432290,,0x5410,game
42032fc2807f7dec6de1ed6efb9d18a70668a015f23e32d58149c9d9952bc0a7,0x004325B0,0x004325B5,5,0x004325B0-0x004325B5,sub_4325B0,void __thiscall sub_4325B0(void *);,0x5480,thunk
42032fc2807f7dec6de1ed6efb9d18a70668a015f23e32d58149c9d9952bc0a7,0x004325C0,0x00432713,448,0x004325C0-0x00432713;0x006533B0-0x0065341D,sub_4325C0,void __thiscall sub_4325C0(void *);,0x5410,game
42032fc2807f7dec6de1ed6efb9d18a70668a015f23e32d58149c9d9952bc0a7,0x00432720,0x00432761,65,0x00432720-0x00432761,sub_432720,,0x5410,game
42032fc2807f7dec6de1ed6efb9d18a70668a015f23e32d58149c9d9952bc0a7,0x00432770,0x00432791,33,0x00432770-0x00432791,sub_432770,"int __thiscall sub_432770(void *Block, char);",0x5410,game
42032fc2807f7dec6de1ed6efb9d18a70668a015f23e32d58149c9d9952bc0a7,0x004327A0,0x004327F8,123,0x004327A0-0x004327F8;0x00653420-0x00653443,sub_4327A0,void __thiscall sub_4327A0(void *);,0x5410,game
42032fc2807f7dec6de1ed6efb9d18a70668a015f23e32d58149c9d9952bc0a7,0x00432800,0x00432821,33,0x00432800-0x00432821,sub_432800,"int __thiscall sub_432800(void *Block, char);",0x5410,game
42032fc2807f7dec6de1ed6efb9d18a70668a015f23e32d58149c9d9952bc0a7,0x00432850,0x00432866,22,0x00432850-0x00432866,sub_432850,,0x5400,game
42032fc2807f7dec6de1ed6efb9d18a70668a015f23e32d58149c9d9952bc0a7,0x00432870,0x0043287A,10,0x00432870-0x0043287A,unknown_libname_33,void __cdecl unknown_libname_33();,0x5444,library
42032fc2807f7dec6de1ed6efb9d18a70668a015f23e32d58149c9d9952bc0a7,0x00432880,0x00432896,22,0x00432880-0x00432896,sub_432880,,0x5400,game
42032fc2807f7dec6de1ed6efb9d18a70668a015f23e32d58149c9d9952bc0a7,0x004328A0,0x004328AA,10,0x004328A0-0x004328AA,unknown_libname_34,void __cdecl unknown_libname_34();,0x5444,library
42032fc2807f7dec6de1ed6efb9d18a70668a015f23e32d58149c9d9952bc0a7,0x004328B0,0x00432961,251,0x004328B0-0x00432961;0x00653F10-0x00653F5A,sub_4328B0,,0x5410,game
42032fc2807f7dec6de1ed6efb9d18a70668a015f23e32d58149c9d9952bc0a7,0x004329B0,0x00432CB1,769,0x004329B0-0x00432CB1,sub_4329B0,,0x5410,game
42032fc2807f7dec6de1ed6efb9d18a70668a015f23e32d58149c9d9952bc0a7,0x00432CC0,0x00433167,1191,0x00432CC0-0x00433167,sub_432CC0,,0x5410,game
42032fc2807f7dec6de1ed6efb9d18a70668a015f23e32d58149c9d9952bc0a7,0x00433170,0x0043351C,940,0x00433170-0x0043351C,sub_433170,,0x5410,game
42032fc2807f7dec6de1ed6efb9d18a70668a015f23e32d58149c9d9952bc0a7,0x00433520,0x00433811,753,0x00433520-0x00433811,sub_433520,,0x5410,game
42032fc2807f7dec6de1ed6efb9d18a70668a015f23e32d58149c9d9952bc0a7,0x00433820,0x00433934,276,0x00433820-0x00433934,sub_433820,,0x5410,game
42032fc2807f7dec6de1ed6efb9d18a70668a015f23e32d58149c9d9952bc0a7,0x00433940,0x004339BF,127,0x00433940-0x004339BF,sub_433940,,0x5410,game
42032fc2807f7dec6de1ed6efb9d18a70668a015f23e32d58149c9d9952bc0a7,0x004339C0,0x00433A02,66,0x004339C0-0x00433A02,sub_4339C0,,0x5400,game
42032fc2807f7dec6de1ed6efb9d18a70668a015f23e32d58149c9d9952bc0a7,0x00433A10,0x00433CD0,704,0x00433A10-0x00433CD0,sub_433A10,,0x5410,game
42032fc2807f7dec6de1ed6efb9d18a70668a015f23e32d58149c9d9952bc0a7,0x00433D60,0x00433F1D,445,0x00433D60-0x00433F1D,sub_433D60,,0x5410,game
42032fc2807f7dec6de1ed6efb9d18a70668a015f23e32d58149c9d9952bc0a7,0x00433F30,0x00433F4F,31,0x00433F30-0x00433F4F,sub_433F30,,0x5410,game
42032fc2807f7dec6de1ed6efb9d18a70668a015f23e32d58149c9d9952bc0a7,0x00433F50,0x00433F67,23,0x00433F50-0x00433F67,sub_433F50,,0x5410,game
42032fc2807f7dec6de1ed6efb9d18a70668a015f23e32d58149c9d9952bc0a7,0x00433F70,0x0043446F,1300,0x00433F70-0x0043446F;0x00653F5A-0x00653F6F,sub_433F70,,0x5410,game
42032fc2807f7dec6de1ed6efb9d18a70668a015f23e32d58149c9d9952bc0a7,0x00434480,0x004345B5,452,0x00434480-0x004345B5;0x00653F6F-0x00653FFE,sub_434480,,0x5410,game
42032fc2807f7dec6de1ed6efb9d18a70668a015f23e32d58149c9d9952bc0a7,0x004345C0,0x004345C1,1,0x004345C0-0x004345C1,nullsub_75,,0x5440,game
42032fc2807f7dec6de1ed6efb9d18a70668a015f23e32d58149c9d9952bc0a7,0x00434650,0x00434691,65,0x00434650-0x00434691,sub_434650,,0x5400,game
42032fc2807f7dec6de1ed6efb9d18a70668a015f23e32d58149c9d9952bc0a7,0x004346A0,0x00434BB4,1318,0x004346A0-0x00434BB4;0x00653FFE-0x00654010,sub_4346A0,,0x5410,game
42032fc2807f7dec6de1ed6efb9d18a70668a015f23e32d58149c9d9952bc0a7,0x00434BC0,0x00434F36,886,0x00434BC0-0x00434F36,sub_434BC0,,0x5410,game
42032fc2807f7dec6de1ed6efb9d18a70668a015f23e32d58149c9d9952bc0a7,0x00434F40,0x004353FF,1215,0x00434F40-0x004353FF,sub_434F40,,0x5410,game
42032fc2807f7dec6de1ed6efb9d18a70668a015f23e32d58149c9d9952bc0a7,0x00435400,0x00435800,1024,0x00435400-0x00435800,sub_435400,,0x5410,game
42032fc2807f7dec6de1ed6efb9d18a70668a015f23e32d58149c9d9952bc0a7,0x00435800,0x00435B29,809,0x00435800-0x00435B29,sub_435800,,0x5410,game
42032fc2807f7dec6de1ed6efb9d18a70668a015f23e32d58149c9d9952bc0a7,0x00435B30,0x00435DD1,673,0x00435B30-0x00435DD1,sub_435B30,,0x5410,game
42032fc2807f7dec6de1ed6efb9d18a70668a015f23e32d58149c9d9952bc0a7,0x00435DE0,0x00436081,673,0x00435DE0-0x00436081,sub_435DE0,,0x5410,game
42032fc2807f7dec6de1ed6efb9d18a70668a015f23e32d58149c9d9952bc0a7,0x00436090,0x00437999,6409,0x00436090-0x00437999,sub_436090,,0x5410,game
42032fc2807f7dec6de1ed6efb9d18a70668a015f23e32d58149c9d9952bc0a7,0x004379A0,0x00437B95,501,0x004379A0-0x00437B95,sub_4379A0,,0x5410,game
42032fc2807f7dec6de1ed6efb9d18a70668a015f23e32d58149c9d9952bc0a7,0x00437BA0,0x00437BD5,53,0x00437BA0-0x00437BD5,sub_437BA0,,0x5410,game
42032fc2807f7dec6de1ed6efb9d18a70668a015f23e32d58149c9d9952bc0a7,0x00437BE0,0x00437BED,13,0x00437BE0-0x00437BED,sub_437BE0,,0x5400,game
42032fc2807f7dec6de1ed6efb9d18a70668a015f23e32d58149c9d9952bc0a7,0x00437BF0,0x00438455,2149,0x00437BF0-0x00438455,sub_437BF0,,0x5410,game
42032fc2807f7dec6de1ed6efb9d18a70668a015f23e32d58149c9d9952bc0a7,0x00438460,0x004395E1,4973,0x00438460-0x004395E1;0x00654010-0x006541FC,sub_438460,,0x5410,game
42032fc2807f7dec6de1ed6efb9d18a70668a015f23e32d58149c9d9952bc0a7,0x00439700,0x00439948,584,0x00439700-0x00439948,sub_439700,,0x5410,game
42032fc2807f7dec6de1ed6efb9d18a70668a015f23e32d58149c9d9952bc0a7,0x00439960,0x004399FA,154,0x00439960-0x004399FA,sub_439960,,0x5410,game
42032fc2807f7dec6de1ed6efb9d18a70668a015f23e32d58149c9d9952bc0a7,0x00439A20,0x00439B3B,283,0x00439A20-0x00439B3B,sub_439A20,,0x5410,game
42032fc2807f7dec6de1ed6efb9d18a70668a015f23e32d58149c9d9952bc0a7,0x00439C00,0x00439D24,292,0x00439C00-0x00439D24,sub_439C00,,0x5400,game
42032fc2807f7dec6de1ed6efb9d18a70668a015f23e32d58149c9d9952bc0a7,0x00439D30,0x00439EA3,371,0x00439D30-0x00439EA3,sub_439D30,,0x5410,game
42032fc2807f7dec6de1ed6efb9d18a70668a015f23e32d58149c9d9952bc0a7,0x00439F20,0x0043A300,1125,0x00439F20-0x0043A300;0x006541FC-0x00654281,sub_439F20,,0x5410,game
42032fc2807f7dec6de1ed6efb9d18a70668a015f23e32d58149c9d9952bc0a7,0x0043A300,0x0043A754,1241,0x0043A300-0x0043A754;0x00654281-0x00654306,sub_43A300,,0x5410,game
42032fc2807f7dec6de1ed6efb9d18a70668a015f23e32d58149c9d9952bc0a7,0x0043A760,0x0043A9F8,797,0x0043A760-0x0043A9F8;0x00654306-0x0065438B,sub_43A760,,0x5410,game
42032fc2807f7dec6de1ed6efb9d18a70668a015f23e32d58149c9d9952bc0a7,0x0043AA00,0x0043AC69,750,0x0043AA00-0x0043AC69;0x0065438B-0x00654410,sub_43AA00,,0x5410,game
42032fc2807f7dec6de1ed6efb9d18a70668a015f23e32d58149c9d9952bc0a7,0x0043AC70,0x0043BDE9,5166,0x0043AC70-0x0043BDE9;0x00654410-0x006546C5,sub_43AC70,,0x5410,game
42032fc2807f7dec6de1ed6efb9d18a70668a015f23e32d58149c9d9952bc0a7,0x0043BE30,0x0043BF4C,284,0x0043BE30-0x0043BF4C,sub_43BE30,,0x5410,game
42032fc2807f7dec6de1ed6efb9d18a70668a015f23e32d58149c9d9952bc0a7,0x0043BF50,0x0043C062,274,0x0043BF50-0x0043C062,sub_43BF50,,0x5400,game
42032fc2807f7dec6de1ed6efb9d18a70668a015f23e32d58149c9d9952bc0a7,0x0043C170,0x0043C19B,43,0x0043C170-0x0043C19B,sub_43C170,,0x5400,game
42032fc2807f7dec6de1ed6efb9d18a70668a015f23e32d58149c9d9952bc0a7,0x0043C1A0,0x0043C261,193,0x0043C1A0-0x0043C261,sub_43C1A0,,0x5400,game
42032fc2807f7dec6de1ed6efb9d18a70668a015f23e32d58149c9d9952bc0a7,0x0043C270,0x0043D0B7,3676,0x0043C270-0x0043D0B7;0x006546C5-0x006546DA,sub_43C270,,0x5410,game
42032fc2807f7dec6de1ed6efb9d18a70668a015f23e32d58149c9d9952bc0a7,0x0043D0C0,0x0043D0E8,40,0x0043D0C0-0x0043D0E8,sub_43D0C0,,0x5400,game
42032fc2807f7dec6de1ed6efb9d18a70668a015f23e32d58149c9d9952bc0a7,0x0043D0F0,0x0043D116,38,0x0043D0F0-0x0043D116,sub_43D0F0,,0x5400,game
42032fc2807f7dec6de1ed6efb9d18a70668a015f23e32d58149c9d9952bc0a7,0x0043D120,0x0043D215,245,0x0043D120-0x0043D215,sub_43D120,,0x5410,game
42032fc2807f7dec6de1ed6efb9d18a70668a015f23e32d58149c9d9952bc0a7,0x0043D220,0x0043D281,97,0x0043D220-0x0043D281,sub_43D220,,0x5410,game
42032fc2807f7dec6de1ed6efb9d18a70668a015f23e32d58149c9d9952bc0a7,0x0043D290,0x0043D327,151,0x0043D290-0x0043D327,sub_43D290,,0x5410,game
42032fc2807f7dec6de1ed6efb9d18a70668a015f23e32d58149c9d9952bc0a7,0x0043D330,0x0043D333,3,0x0043D330-0x0043D333,nullsub_76,,0x5440,game
42032fc2807f7dec6de1ed6efb9d18a70668a015f23e32d58149c9d9952bc0a7,0x0043D340,0x0043D343,3,0x0043D340-0x0043D343,nullsub_77,,0x5440,game
42032fc2807f7dec6de1ed6efb9d18a70668a015f23e32d58149c9d9952bc0a7,0x0043D350,0x0043D3B9,105,0x0043D350-0x0043D3B9,sub_43D350,,0x5410,game
42032fc2807f7dec6de1ed6efb9d18a70668a015f23e32d58149c9d9952bc0a7,0x0043D3C0,0x0043D3F1,49,0x0043D3C0-0x0043D3F1,sub_43D3C0,,0x5400,game
42032fc2807f7dec6de1ed6efb9d18a70668a015f23e32d58149c9d9952bc0a7,0x0043D400,0x0043D403,3,0x0043D400-0x0043D403,nullsub_78,,0x5440,game
42032fc2807f7dec6de1ed6efb9d18a70668a015f23e32d58149c9d9952bc0a7,0x0043D410,0x0043D413,3,0x0043D410-0x0043D413,nullsub_79,,0x5440,game
42032fc2807f7dec6de1ed6efb9d18a70668a015f23e32d58149c9d9952bc0a7,0x0043D420,0x0043D423,3,0x0043D420-0x0043D423,nullsub_80,,0x5440,game
42032fc2807f7dec6de1ed6efb9d18a70668a015f23e32d58149c9d9952bc0a7,0x0043D430,0x0043D44D,29,0x0043D430-0x0043D44D,sub_43D430,,0x5410,game
42032fc2807f7dec6de1ed6efb9d18a70668a015f23e32d58149c9d9952bc0a7,0x0043D450,0x0043D46F,31,0x0043D450-0x0043D46F,sub_43D450,,0x5410,game
42032fc2807f7dec6de1ed6efb9d18a70668a015f23e32d58149c9d9952bc0a7,0x0043D470,0x0043D473,3,0x0043D470-0x0043D473,nullsub_81,,0x5440,game
42032fc2807f7dec6de1ed6efb9d18a70668a015f23e32d58149c9d9952bc0a7,0x0043D480,0x0043D483,3,0x0043D480-0x0043D483,nullsub_82,,0x5440,game
42032fc2807f7dec6de1ed6efb9d18a70668a015f23e32d58149c9d9952bc0a7,0x0043D510,0x0043DD43,2117,0x0043D510-0x0043DD43;0x006546DA-0x006546EC,sub_43D510,,0x5410,game
42032fc2807f7dec6de1ed6efb9d18a70668a015f23e32d58149c9d9952bc0a7,0x0043DD50,0x0043E486,1875,0x0043DD50-0x0043E486;0x006546EC-0x00654709,sub_43DD50,,0x5410,game
42032fc2807f7dec6de1ed6efb9d18a70668a015f23e32d58149c9d9952bc0a7,0x0043E490,0x0043E952,1218,0x0043E490-0x0043E952,sub_43E490,,0x5410,game
42032fc2807f7dec6de1ed6efb9d18a70668a015f23e32d58149c9d9952bc0a7,0x0043E960,0x0043E99D,61,0x0043E960-0x0043E99D,sub_43E960,,0x5400,game
42032fc2807f7dec6de1ed6efb9d18a70668a015f23e32d58149c9d9952bc0a7,0x0043E9A0,0x0043ECAD,802,0x0043E9A0-0x0043ECAD;0x00654709-0x0065471E,sub_43E9A0,,0x5410,game
42032fc2807f7dec6de1ed6efb9d18a70668a015f23e32d58149c9d9952bc0a7,0x0043ECB0,0x0043EDA6,403,0x0043ECB0-0x0043EDA6;0x00653E70-0x00653F0D,sub_43ECB0,,0x5410,game
42032fc2807f7dec6de1ed6efb9d18a70668a015f23e32d58149c9d9952bc0a7,0x0043EDB0,0x0043EDD1,33,0x0043EDB0-0x0043EDD1,sub_43EDB0,"int __thiscall sub_43EDB0(void *Block, char);",0x5410,game
42032fc2807f7dec6de1ed6efb9d18a70668a015f23e32d58149c9d9952bc0a7,0x0043EDE0,0x0043EE01,33,0x0043EDE0-0x0043EE01,sub_43EDE0,"int __thiscall sub_43EDE0(void *Block, char);",0x5410,game
42032fc2807f7dec6de1ed6efb9d18a70668a015f23e32d58149c9d9952bc0a7,0x0043EE10,0x0043EF6A,486,0x0043EE10-0x0043EF6A;0x00654720-0x006547AC,sub_43EE10,,0x5410,game
42032fc2807f7dec6de1ed6efb9d18a70668a015f23e32d58149c9d9952bc0a7,0x0043EF70,0x0043EF92,34,0x0043EF70-0x0043EF92,sub_43EF70,"int __stdcall sub_43EF70(char *Str1, int, int, int, int);",0x5410,game
42032fc2807f7dec6de1ed6efb9d18a70668a015f23e32d58149c9d9952bc0a7,0x0043EFC0,0x0043EFD6,22,0x0043EFC0-0x0043EFD6,sub_43EFC0,,0x5400,game
42032fc2807f7dec6de1ed6efb9d18a70668a015f23e32d58149c9d9952bc0a7,0x0043EFE0,0x0043EFEA,10,0x0043EFE0-0x0043EFEA,unknown_libname_35,void __cdecl unknown_libname_35();,0x5444,library
42032fc2807f7dec6de1ed6efb9d18a70668a015f23e32d58149c9d9952bc0a7,0x0043EFF0,0x0043F0EA,366,0x0043EFF0-0x0043F0EA;0x00654880-0x006548F4,sub_43EFF0,,0x5410,game
42032fc2807f7dec6de1ed6efb9d18a70668a015f23e32d58149c9d9952bc0a7,0x0043F140,0x0043F162,34,0x0043F140-0x0043F162,sub_43F140,,0x5400,game
42032fc2807f7dec6de1ed6efb9d18a70668a015f23e32d58149c9d9952bc0a7,0x0043F170,0x0043F185,21,0x0043F170-0x0043F185,sub_43F170,,0x5400,game
42032fc2807f7dec6de1ed6efb9d18a70668a015f23e32d58149c9d9952bc0a7,0x0043F200,0x0043F245,69,0x0043F200-0x0043F245,sub_43F200,,0x5410,game
42032fc2807f7dec6de1ed6efb9d18a70668a015f23e32d58149c9d9952bc0a7,0x0043F250,0x0043F288,56,0x0043F250-0x0043F288,sub_43F250,,0x5410,game
42032fc2807f7dec6de1ed6efb9d18a70668a015f23e32d58149c9d9952bc0a7,0x0043F290,0x0043F2AD,29,0x0043F290-0x0043F2AD,sub_43F290,,0x5410,game
42032fc2807f7dec6de1ed6efb9d18a70668a015f23e32d58149c9d9952bc0a7,0x0043F2B0,0x0043F5B5,773,0x0043F2B0-0x0043F5B5,sub_43F2B0,,0x5410,game
42032fc2807f7dec6de1ed6efb9d18a70668a015f23e32d58149c9d9952bc0a7,0x0043F5C0,0x0043F5F0,48,0x0043F5C0-0x0043F5F0,sub_43F5C0,,0x5400,game
42032fc2807f7dec6de1ed6efb9d18a70668a015f23e32d58149c9d9952bc0a7,0x0043F5F0,0x0043F784,404,0x0043F5F0-0x0043F784,sub_43F5F0,,0x5410,game
42032fc2807f7dec6de1ed6efb9d18a70668a015f23e32d58149c9d9952bc0a7,0x0043F790,0x0043FA8E,766,0x0043F790-0x0043FA8E,sub_43F790,,0x5410,game
42032fc2807f7dec6de1ed6efb9d18a70668a015f23e32d58149c9d9952bc0a7,0x0043FA90,0x0044007F,1519,0x0043FA90-0x0044007F,sub_43FA90,,0x5410,game
42032fc2807f7dec6de1ed6efb9d18a70668a015f23e32d58149c9d9952bc0a7,0x00440080,0x00440291,529,0x00440080-0x00440291,sub_440080,,0x5410,game
42032fc2807f7dec6de1ed6efb9d18a70668a015f23e32d58149c9d9952bc0a7,0x004402A0,0x00440379,217,0x004402A0-0x00440379,sub_4402A0,,0x5410,game
42032fc2807f7dec6de1ed6efb9d18a70668a015f23e32d58149c9d9952bc0a7,0x00440380,0x004404B4,308,0x00440380-0x004404B4,sub_440380,,0x5410,game
42032fc2807f7dec6de1ed6efb9d18a70668a015f23e32d58149c9d9952bc0a7,0x004404C0,0x004404C3,3,0x004404C0-0x004404C3,nullsub_83,,0x5440,game
42032fc2807f7dec6de1ed6efb9d18a70668a015f23e32d58149c9d9952bc0a7,0x004404D0,0x004404D3,3,0x004404D0-0x004404D3,nullsub_84,,0x5440,game
42032fc2807f7dec6de1ed6efb9d18a70668a015f23e32d58149c9d9952bc0a7,0x004404E0,0x004404E3,3,0x004404E0-0x004404E3,nullsub_85,,0x5440,game
42032fc2807f7dec6de1ed6efb9d18a70668a015f23e32d58149c9d9952bc0a7,0x004404F0,0x004404F3,3,0x004404F0-0x004404F3,nullsub_86,,0x5440,game
42032fc2807f7dec6de1ed6efb9d18a70668a015f23e32d58149c9d9952bc0a7,0x00440500,0x00440503,3,0x00440500-0x00440503,nullsub_87,,0x5440,game
42032fc2807f7dec6de1ed6efb9d18a70668a015f23e32d58149c9d9952bc0a7,0x00440510,0x00440513,3,0x00440510-0x00440513,nullsub_88,,0x5440,game
42032fc2807f7dec6de1ed6efb9d18a70668a015f23e32d58149c9d9952bc0a7,0x00440520,0x00440523,3,0x00440520-0x00440523,nullsub_89,,0x5440,game
42032fc2807f7dec6de1ed6efb9d18a70668a015f23e32d58149c9d9952bc0a7,0x00440530,0x00440533,3,0x00440530-0x00440533,nullsub_90,,0x5440,game
42032fc2807f7dec6de1ed6efb9d18a70668a015f23e32d58149c9d9952bc0a7,0x00440540,0x00440543,3,0x00440540-0x00440543,nullsub_91,,0x5440,game
42032fc2807f7dec6de1ed6efb9d18a70668a015f23e32d58149c9d9952bc0a7,0x00440550,0x00440604,180,0x00440550-0x00440604,sub_440550,,0x5410,game
42032fc2807f7dec6de1ed6efb9d18a70668a015f23e32d58149c9d9952bc0a7,0x00440610,0x00440613,3,0x00440610-0x00440613,nullsub_92,,0x5440,game
42032fc2807f7dec6de1ed6efb9d18a70668a015f23e32d58149c9d9952bc0a7,0x00440620,0x004406CB,171,0x00440620-0x004406CB,sub_440620,,0x5410,game
42032fc2807f7dec6de1ed6efb9d18a70668a015f23e32d58149c9d9952bc0a7,0x004406D0,0x004406EC,28,0x004406D0-0x004406EC,sub_4406D0,,0x5410,game
42032fc2807f7dec6de1ed6efb9d18a70668a015f23e32d58149c9d9952bc0a7,0x004406F0,0x004406F5,5,0x004406F0-0x004406F5,sub_4406F0,,0x5480,thunk
42032fc2807f7dec6de1ed6efb9d18a70668a015f23e32d58149c9d9952bc0a7,0x00440700,0x00440D4B,1654,0x00440700-0x00440D4B;0x006548F4-0x0065491F,sub_440700,,0x5410,game
42032fc2807f7dec6de1ed6efb9d18a70668a015f23e32d58149c9d9952bc0a7,0x00440D50,0x00440EB8,553,0x00440D50-0x00440EB8;0x006547B0-0x00654871,sub_440D50,,0x5410,game
42032fc2807f7dec6de1ed6efb9d18a70668a015f23e32d58149c9d9952bc0a7,0x00440EC0,0x00440EE1,33,0x00440EC0-0x00440EE1,sub_440EC0,"int __thiscall sub_440EC0(void *Block, char);",0x5410,game
42032fc2807f7dec6de1ed6efb9d18a70668a015f23e32d58149c9d9952bc0a7,0x00440F00,0x00440F16,22,0x00440F00-0x00440F16,sub_440F00,,0x5400,game
42032fc2807f7dec6de1ed6efb9d18a70668a015f23e32d58149c9d9952bc0a7,0x00440F20,0x00440F2A,10,0x00440F20-0x00440F2A,unknown_libname_36,void __cdecl unknown_libname_36();,0x5444,library
42032fc2807f7dec6de1ed6efb9d18a70668a015f23e32d58149c9d9952bc0a7,0x00440F30,0x00440F54,36,0x00440F30-0x00440F54,sub_440F30,,0x5400,game
42032fc2807f7dec6de1ed6efb9d18a70668a015f23e32d58149c9d9952bc0a7,0x00440F60,0x00440F74,20,0x00440F60-0x00440F74,sub_440F60,void __cdecl sub_440F60();,0x5400,game
42032fc2807f7dec6de1ed6efb9d18a70668a015f23e32d58149c9d9952bc0a7,0x00440F80,0x00441033,179,0x00440F80-0x00441033,sub_440F80,,0x5410,game
42032fc2807f7dec6de1ed6efb9d18a70668a015f23e32d58149c9d9952bc0a7,0x00441100,0x004411EC,236,0x00441100-0x004411EC,sub_441100,,0x5410,game
42032fc2807f7dec6de1ed6efb9d18a70668a015f23e32d58149c9d9952bc0a7,0x00441250,0x00441296,70,0x00441250-0x00441296,sub_441250,,0x5400,game
42032fc2807f7dec6de1ed6efb9d18a70668a015f23e32d58149c9d9952bc0a7,0x004412A0,0x004412D0,48,0x004412A0-0x004412D0,sub_4412A0,,0x5410,game
42032fc2807f7dec6de1ed6efb9d18a70668a015f23e32d58149c9d9952bc0a7,0x004412F0,0x004413A7,183,0x004412F0-0x004413A7,sub_4412F0,"int __stdcall sub_4412F0(char *Source, int);",0x5410,game
42032fc2807f7dec6de1ed6efb9d18a70668a015f23e32d58149c9d9952bc0a7,0x004413B0,0x004413BE,14,0x004413B0-0x004413BE,sub_4413B0,,0x5400,game
42032fc2807f7dec6de1ed6efb9d18a70668a015f23e32d58149c9d9952bc0a7,0x004413F0,0x0044148C,156,0x004413F0-0x0044148C,sub_4413F0,,0x5410,game
42032fc2807f7dec6de1ed6efb9d18a70668a015f23e32d58149c9d9952bc0a7,0x00441490,0x004415B9,297,0x00441490-0x004415B9,sub_441490,,0x5410,game
42032fc2807f7dec6de1ed6efb9d18a70668a015f23e32d58149c9d9952bc0a7,0x004415C0,0x004424C6,4512,0x004415C0-0x004424C6;0x00654A50-0x00654CEA,sub_4415C0,,0x5410,game
42032fc2807f7dec6de1ed6efb9d18a70668a015f23e32d58149c9d9952bc0a7,0x00442510,0x00442558,72,0x00442510-0x00442558,sub_442510,,0x5410,game
42032fc2807f7dec6de1ed6efb9d18a70668a015f23e32d58149c9d9952bc0a7,0x00442560,0x0044258A,42,0x00442560-0x0044258A,sub_442560,,0x5410,game
42032fc2807f7dec6de1ed6efb9d18a70668a015f23e32d58149c9d9952bc0a7,0x00442590,0x004426ED,349,0x00442590-0x004426ED,sub_442590,,0x5410,game
42032fc2807f7dec6de1ed6efb9d18a70668a015f23e32d58149c9d9952bc0a7,0x004426F0,0x00442736,70,0x004426F0-0x00442736,sub_4426F0,,0x5400,game
42032fc2807f7dec6de1ed6efb9d18a70668a015f23e32d58149c9d9952bc0a7,0x00442740,0x0044299D,605,0x00442740-0x0044299D,sub_442740,,0x5410,game
42032fc2807f7dec6de1ed6efb9d18a70668a015f23e32d58149c9d9952bc0a7,0x004429C0,0x004429E7,39,0x004429C0-0x004429E7,sub_4429C0,,0x1400,game
42032fc2807f7dec6de1ed6efb9d18a70668a015f23e32d58149c9d9952bc0a7,0x004429F0,0x004429F3,3,0x004429F0-0x004429F3,nullsub_93,,0x5440,game
42032fc2807f7dec6de1ed6efb9d18a70668a015f23e32d58149c9d9952bc0a7,0x00442A00,0x00442A01,1,0x00442A00-0x00442A01,nullsub_94,,0x5440,game
42032fc2807f7dec6de1ed6efb9d18a70668a015f23e32d58149c9d9952bc0a7,0x00442A10,0x00442D98,904,0x00442A10-0x00442D98,sub_442A10,,0x5410,game
42032fc2807f7dec6de1ed6efb9d18a70668a015f23e32d58149c9d9952bc0a7,0x00442DC0,0x00443149,905,0x00442DC0-0x00443149,sub_442DC0,,0x5410,game
42032fc2807f7dec6de1ed6efb9d18a70668a015f23e32d58149c9d9952bc0a7,0x00443170,0x0044369F,1327,0x00443170-0x0044369F,sub_443170,,0x5410,game
42032fc2807f7dec6de1ed6efb9d18a70668a015f23e32d58149c9d9952bc0a7,0x004436C0,0x00443C25,1381,0x004436C0-0x00443C25,sub_4436C0,,0x5410,game
42032fc2807f7dec6de1ed6efb9d18a70668a015f23e32d58149c9d9952bc0a7,0x00443C30,0x00443C4B,27,0x00443C30-0x00443C4B,sub_443C30,,0x5400,game
42032fc2807f7dec6de1ed6efb9d18a70668a015f23e32d58149c9d9952bc0a7,0x00443C50,0x00443C68,24,0x00443C50-0x00443C68,sub_443C50,,0x5400,game
42032fc2807f7dec6de1ed6efb9d18a70668a015f23e32d58149c9d9952bc0a7,0x00443C70,0x00443D77,263,0x00443C70-0x00443D77,sub_443C70,,0x5410,game
42032fc2807f7dec6de1ed6efb9d18a70668a015f23e32d58149c9d9952bc0a7,0x00443D80,0x00443D83,3,0x00443D80-0x00443D83,nullsub_95,,0x5440,game
42032fc2807f7dec6de1ed6efb9d18a70668a015f23e32d58149c9d9952bc0a7,0x00443D90,0x00443D93,3,0x00443D90-0x00443D93,nullsub_96,,0x5440,game
42032fc2807f7dec6de1ed6efb9d18a70668a015f23e32d58149c9d9952bc0a7,0x00443DA0,0x00443DA3,3,0x00443DA0-0x00443DA3,nullsub_97,,0x5440,game
42032fc2807f7dec6de1ed6efb9d18a70668a015f23e32d58149c9d9952bc0a7,0x00443DB0,0x00443DB3,3,0x00443DB0-0x00443DB3,nullsub_98,,0x5440,game
42032fc2807f7dec6de1ed6efb9d18a70668a015f23e32d58149c9d9952bc0a7,0x00443DC0,0x00443DC3,3,0x00443DC0-0x00443DC3,nullsub_99,,0x5440,game
42032fc2807f7dec6de1ed6efb9d18a70668a015f23e32d58149c9d9952bc0a7,0x00443DD0,0x00443DD3,3,0x00443DD0-0x00443DD3,nullsub_100,,0x5440,game
42032fc2807f7dec6de1ed6efb9d18a70668a015f23e32d58149c9d9952bc0a7,0x00443DE0,0x00443DE3,3,0x00443DE0-0x00443DE3,nullsub_101,,0x5440,game
42032fc2807f7dec6de1ed6efb9d18a70668a015f23e32d58149c9d9952bc0a7,0x00443DF0,0x00443DF3,3,0x00443DF0-0x00443DF3,nullsub_102,,0x5440,game
42032fc2807f7dec6de1ed6efb9d18a70668a015f23e32d58149c9d9952bc0a7,0x00443E00,0x00443E03,3,0x00443E00-0x00443E03,nullsub_103,,0x5440,game
42032fc2807f7dec6de1ed6efb9d18a70668a015f23e32d58149c9d9952bc0a7,0x00443E10,0x00443E13,3,0x00443E10-0x00443E13,nullsub_104,,0x5440,game
42032fc2807f7dec6de1ed6efb9d18a70668a015f23e32d58149c9d9952bc0a7,0x00443E20,0x00443E23,3,0x00443E20-0x00443E23,nullsub_105,,0x5440,game
42032fc2807f7dec6de1ed6efb9d18a70668a015f23e32d58149c9d9952bc0a7,0x00443E30,0x00443E33,3,0x00443E30-0x00443E33,nullsub_106,,0x5440,game
42032fc2807f7dec6de1ed6efb9d18a70668a015f23e32d58149c9d9952bc0a7,0x00443E40,0x00443E45,5,0x00443E40-0x00443E45,sub_443E40,,0x5400,game
42032fc2807f7dec6de1ed6efb9d18a70668a015f23e32d58149c9d9952bc0a7,0x00443E50,0x00443F0C,188,0x00443E50-0x00443F0C,sub_443E50,"int __stdcall sub_443E50(int, int, int, RECT *lprcSrc1);",0x5410,game
42032fc2807f7dec6de1ed6efb9d18a70668a015f23e32d58149c9d9952bc0a7,0x00443F10,0x00444D8B,3707,0x00443F10-0x00444D8B,sub_443F10,"int __stdcall sub_443F10(RECT *lprcSrc2, int);",0x5410,game
42032fc2807f7dec6de1ed6efb9d18a70668a015f23e32d58149c9d9952bc0a7,0x00444D90,0x00444DA7,23,0x00444D90-0x00444DA7,sub_444D90,"int __cdecl sub_444D90(RECT *lprcSrc2, int);",0x5410,game
42032fc2807f7dec6de1ed6efb9d18a70668a015f23e32d58149c9d9952bc0a7,0x00444DB0,0x00444FB2,722,0x00444DB0-0x00444FB2;0x00654920-0x006549F0,sub_444DB0,,0x5410,game
42032fc2807f7dec6de1ed6efb9d18a70668a015f23e32d58149c9d9952bc0a7,0x00444FC0,0x0044507B,274,0x00444FC0-0x0044507B;0x006549F0-0x00654A47,sub_444FC0,,0x5410,game
42032fc2807f7dec6de1ed6efb9d18a70668a015f23e32d58149c9d9952bc0a7,0x00445080,0x004450A1,33,0x00445080-0x004450A1,sub_445080,"int __thiscall sub_445080(void *Block, char);",0x5410,game
42032fc2807f7dec6de1ed6efb9d18a70668a015f23e32d58149c9d9952bc0a7,0x004450B0,0x0044511C,108,0x004450B0-0x0044511C,sub_4450B0,void __thiscall sub_4450B0(void *);,0x5410,game
42032fc2807f7dec6de1ed6efb9d18a70668a015f23e32d58149c9d9952bc0a7,0x00445130,0x00445433,771,0x00445130-0x00445433,sub_445130,,0x5410,game
42032fc2807f7dec6de1ed6efb9d18a70668a015f23e32d58149c9d9952bc0a7,0x00445440,0x00445446,6,0x00445440-0x00445446,sub_445440,,0x5400,game
42032fc2807f7dec6de1ed6efb9d18a70668a015f23e32d58149c9d9952bc0a7,0x00445450,0x00445474,36,0x00445450-0x00445474,sub_445450,,0x5400,game
42032fc2807f7dec6de1ed6efb9d18a70668a015f23e32d58149c9d9952bc0a7,0x00445480,0x00445494,20,0x00445480-0x00445494,sub_445480,void __cdecl sub_445480();,0x5400,game
42032fc2807f7dec6de1ed6efb9d18a70668a015f23e32d58149c9d9952bc0a7,0x004454A0,0x004454B6,22,0x004454A0-0x004454B6,sub_4454A0,,0x5400,game
42032fc2807f7dec6de1ed6efb9d18a70668a015f23e32d58149c9d9952bc0a7,0x004454C0,0x004454CA,10,0x004454C0-0x004454CA,unknown_libname_37,void __cdecl unknown_libname_37();,0x5444,library
42032fc2807f7dec6de1ed6efb9d18a70668a015f23e32d58149c9d9952bc0a7,0x004454D0,0x004454E6,22,0x004454D0-0x004454E6,sub_4454D0,,0x5400,game
42032fc2807f7dec6de1ed6efb9d18a70668a015f23e32d58149c9d9952bc0a7,0x004454F0,0x004454FA,10,0x004454F0-0x004454FA,unknown_libname_38,void __cdecl unknown_libname_38();,0x5444,library
42032fc2807f7dec6de1ed6efb9d18a70668a015f23e32d58149c9d9952bc0a7,0x00445500,0x00445516,22,0x00445500-0x00445516,sub_445500,,0x5400,game
42032fc2807f7dec6de1ed6efb9d18a70668a015f23e32d58149c9d9952bc0a7,0x00445520,0x0044552A,10,0x00445520-0x0044552A,unknown_libname_39,void __cdecl unknown_libname_39();,0x5444,library
42032fc2807f7dec6de1ed6efb9d18a70668a015f23e32d58149c9d9952bc0a7,0x00445530,0x00445546,22,0x00445530-0x00445546,sub_445530,,0x5400,game
42032fc2807f7dec6de1ed6efb9d18a70668a015f23e32d58149c9d9952bc0a7,0x00445550,0x0044555A,10,0x00445550-0x0044555A,unknown_libname_40,void __cdecl unknown_libname_40();,0x5444,library
42032fc2807f7dec6de1ed6efb9d18a70668a015f23e32d58149c9d9952bc0a7,0x00445560,0x00445576,22,0x00445560-0x00445576,sub_445560,,0x5400,game
42032fc2807f7dec6de1ed6efb9d18a70668a015f23e32d58149c9d9952bc0a7,0x00445580,0x0044558A,10,0x00445580-0x0044558A,unknown_libname_41,void __cdecl unknown_libname_41();,0x5444,library
42032fc2807f7dec6de1ed6efb9d18a70668a015f23e32d58149c9d9952bc0a7,0x00445590,0x004455A6,22,0x00445590-0x004455A6,sub_445590,,0x5400,game
42032fc2807f7dec6de1ed6efb9d18a70668a015f23e32d58149c9d9952bc0a7,0x004455B0,0x004455BA,26,0x004455B0-0x004455BA;0x00448290-0x004482A0,unknown_libname_42,void __cdecl unknown_libname_42();,0x5444,library
42032fc2807f7dec6de1ed6efb9d18a70668a015f23e32d58149c9d9952bc0a7,0x004455C0,0x004455D6,22,0x004455C0-0x004455D6,sub_4455C0,,0x5400,game
42032fc2807f7dec6de1ed6efb9d18a70668a015f23e32d58149c9d9952bc0a7,0x004455E0,0x004455EA,10,0x004455E0-0x004455EA,unknown_libname_43,void __cdecl unknown_libname_43();,0x5444,library
42032fc2807f7dec6de1ed6efb9d18a70668a015f23e32d58149c9d9952bc0a7,0x004455F0,0x0044564D,93,0x004455F0-0x0044564D,sub_4455F0,,0x5410,game
42032fc2807f7dec6de1ed6efb9d18a70668a015f23e32d58149c9d9952bc0a7,0x00445650,0x0044569D,77,0x00445650-0x0044569D,sub_445650,,0x5400,game
42032fc2807f7dec6de1ed6efb9d18a70668a015f23e32d58149c9d9952bc0a7,0x004456A0,0x004456AA,10,0x004456A0-0x004456AA,unknown_libname_44,,0x5444,library
42032fc2807f7dec6de1ed6efb9d18a70668a015f23e32d58149c9d9952bc0a7,0x004456B0,0x004457BE,270,0x004456B0-0x004457BE,sub_4456B0,,0x5410,game
42032fc2807f7dec6de1ed6efb9d18a70668a015f23e32d58149c9d9952bc0a7,0x004457E0,0x00445BA4,1062,0x004457E0-0x00445BA4;0x00654CF0-0x00654D52,sub_4457E0,int __cdecl sub_4457E0(void *Block);,0x5410,game
42032fc2807f7dec6de1ed6efb9d18a70668a015f23e32d58149c9d9952bc0a7,0x00445BB0,0x00445CC6,278,0x00445BB0-0x00445CC6,sub_445BB0,"int __stdcall sub_445BB0(char *Source, int);",0x5410,game
42032fc2807f7dec6de1ed6efb9d18a70668a015f23e32d58149c9d9952bc0a7,0x00445CD0,0x004468E1,3089,0x00445CD0-0x004468E1,sub_445CD0,,0x5400,game
42032fc2807f7dec6de1ed6efb9d18a70668a015f23e32d58149c9d9952bc0a7,0x00446960,0x004469F9,153,0x00446960-0x004469F9,sub_446960,,0x5410,game
42032fc2807f7dec6de1ed6efb9d18a70668a015f23e32d58149c9d9952bc0a7,0x00446A00,0x00446A8E,142,0x00446A00-0x00446A8E,sub_446A00,,0x5410,game
42032fc2807f7dec6de1ed6efb9d18a70668a015f23e32d58149c9d9952bc0a7,0x00446A90,0x00446AA9,25,0x00446A90-0x00446AA9,sub_446A90,,0x5410,game
42032fc2807f7dec6de1ed6efb9d18a70668a015f23e32d58149c9d9952bc0a7,0x00446AD0,0x00446AE9,25,0x00446AD0-0x00446AE9,sub_446AD0,,0x5410,game
42032fc2807f7dec6de1ed6efb9d18a70668a015f23e32d58149c9d9952bc0a7,0x00446B10,0x00446B37,39,0x00446B10-0x00446B37,sub_446B10,,0x5410,game
42032fc2807f7dec6de1ed6efb9d18a70668a015f23e32d58149c9d9952bc0a7,0x00446B40,0x00446CD6,406,0x00446B40-0x00446CD6,sub_446B40,,0x5410,game
42032fc2807f7dec6de1ed6efb9d18a70668a015f23e32d58149c9d9952bc0a7,0x00446D10,0x004471EE,1246,0x00446D10-0x004471EE,sub_446D10,,0x5410,game
42032fc2807f7dec6de1ed6efb9d18a70668a015f23e32d58149c9d9952bc0a7,0x004471F0,0x00447219,41,0x004471F0-0x00447219,sub_4471F0,,0x5400,game
42032fc2807f7dec6de1ed6efb9d18a70668a015f23e32d58149c9d9952bc0a7,0x00447220,0x00447221,1,0x00447220-0x00447221,nullsub_107,,0x5440,game
42032fc2807f7dec6de1ed6efb9d18a70668a015f23e32d58149c9d9952bc0a7,0x00447230,0x00447231,1,0x00447230-0x00447231,nullsub_108,,0x5440,game
42032fc2807f7dec6de1ed6efb9d18a70668a015f23e32d58149c9d9952bc0a7,0x00447240,0x00447241,1,0x00447240-0x00447241,nullsub_109,,0x5440,game
42032fc2807f7dec6de1ed6efb9d18a70668a015f23e32d58149c9d9952bc0a7,0x00447250,0x00447251,1,0x00447250-0x00447251,nullsub_110,,0x5440,game
42032fc2807f7dec6de1ed6efb9d18a70668a015f23e32d58149c9d9952bc0a7,0x00447260,0x00447261,1,0x00447260-0x00447261,nullsub_111,,0x5440,game
42032fc2807f7dec6de1ed6efb9d18a70668a015f23e32d58149c9d9952bc0a7,0x00447270,0x00447275,5,0x00447270-0x00447275,sub_447270,,0x5400,game
42032fc2807f7dec6de1ed6efb9d18a70668a015f23e32d58149c9d9952bc0a7,0x00447280,0x00447285,5,0x00447280-0x00447285,sub_447280,,0x5400,game
42032fc2807f7dec6de1ed6efb9d18a70668a015f23e32d58149c9d9952bc0a7,0x00447290,0x00447295,5,0x00447290-0x00447295,sub_447290,,0x5400,game
42032fc2807f7dec6de1ed6efb9d18a70668a015f23e32d58149c9d9952bc0a7,0x004472A0,0x004472A5,5,0x004472A0-0x004472A5,sub_4472A0,,0x5400,game
42032fc2807f7dec6de1ed6efb9d18a70668a015f23e32d58149c9d9952bc0a7,0x004472B0,0x004472B1,1,0x004472B0-0x004472B1,nullsub_112,,0x5440,game
42032fc2807f7dec6de1ed6efb9d18a70668a015f23e32d58149c9d9952bc0a7,0x004472C0,0x004472C1,1,0x004472C0-0x004472C1,nullsub_113,,0x5440,game
42032fc2807f7dec6de1ed6efb9d18a70668a015f23e32d58149c9d9952bc0a7,0x004472D0,0x004472D1,1,0x004472D0-0x004472D1,nullsub_114,,0x5440,game
42032fc2807f7dec6de1ed6efb9d18a70668a015f23e32d58149c9d9952bc0a7,0x004472E0,0x004472E1,1,0x004472E0-0x004472E1,nullsub_115,,0x5440,game
42032fc2807f7dec6de1ed6efb9d18a70668a015f23e32d58149c9d9952bc0a7,0x004472F0,0x004472F1,1,0x004472F0-0x004472F1,nullsub_116,,0x5440,game
42032fc2807f7dec6de1ed6efb9d18a70668a015f23e32d58149c9d9952bc0a7,0x00447300,0x00447301,1,0x00447300-0x00447301,nullsub_117,,0x5440,game
42032fc2807f7dec6de1ed6efb9d18a70668a015f23e32d58149c9d9952bc0a7,0x00447340,0x00447356,22,0x00447340-0x00447356,sub_447340,,0x5400,game
42032fc2807f7dec6de1ed6efb9d18a70668a015f23e32d58149c9d9952bc0a7,0x00447360,0x0044746A,266,0x00447360-0x0044746A,sub_447360,,0x5400,game
42032fc2807f7dec6de1ed6efb9d18a70668a015f23e32d58149c9d9952bc0a7,0x00447470,0x0044748F,31,0x00447470-0x0044748F,sub_447470,,0x5400,game
42032fc2807f7dec6de1ed6efb9d18a70668a015f23e32d58149c9d9952bc0a7,0x00447490,0x004474AF,31,0x00447490-0x004474AF,sub_447490,,0x5400,game
42032fc2807f7dec6de1ed6efb9d18a70668a015f23e32d58149c9d9952bc0a7,0x004474B0,0x004474DF,47,0x004474B0-0x004474DF,sub_4474B0,,0x5400,game
42032fc2807f7dec6de1ed6efb9d18a70668a015f23e32d58149c9d9952bc0a7,0x004474E0,0x00447507,39,0x004474E0-0x00447507,sub_4474E0,,0x5400,game
42032fc2807f7dec6de1ed6efb9d18a70668a015f23e32d58149c9d9952bc0a7,0x00447510,0x00447526,22,0x00447510-0x00447526,sub_447510,,0x5400,game
42032fc2807f7dec6de1ed6efb9d18a70668a015f23e32d58149c9d9952bc0a7,0x00447530,0x0044754A,26,0x00447530-0x0044754A,sub_447530,,0x5400,game
42032fc2807f7dec6de1ed6efb9d18a70668a015f23e32d58149c9d9952bc0a7,0x00447550,0x00447563,19,0x00447550-0x00447563,sub_447550,,0x5400,game
42032fc2807f7dec6de1ed6efb9d18a70668a015f23e32d58149c9d9952bc0a7,0x00447570,0x00447684,276,0x00447570-0x00447684,sub_447570,,0x5400,game
42032fc2807f7dec6de1ed6efb9d18a70668a015f23e32d58149c9d9952bc0a7,0x00447690,0x00447691,1,0x00447690-0x00447691,nullsub_118,,0x5440,game
42032fc2807f7dec6de1ed6efb9d18a70668a015f23e32d58149c9d9952bc0a7,0x004476A0,0x004476A1,1,0x004476A0-0x004476A1,nullsub_119,,0x5440,game
42032fc2807f7dec6de1ed6efb9d18a70668a015f23e32d58149c9d9952bc0a7,0x004476B0,0x004476B1,1,0x004476B0-0x004476B1,nullsub_120,,0x5440,game
42032fc2807f7dec6de1ed6efb9d18a70668a015f23e32d58149c9d9952bc0a7,0x004476C0,0x004476D6,22,0x004476C0-0x004476D6,sub_4476C0,,0x5400,game
42032fc2807f7dec6de1ed6efb9d18a70668a015f23e32d58149c9d9952bc0a7,0x004476E0,0x004476E4,4,0x004476E0-0x004476E4,sub_4476E0,,0x5400,game
42032fc2807f7dec6de1ed6efb9d18a70668a015f23e32d58149c9d9952bc0a7,0x004476F0,0x004477A9,185,0x004476F0-0x004477A9,sub_4476F0,,0x5400,game
42032fc2807f7dec6de1ed6efb9d18a70668a015f23e32d58149c9d9952bc0a7,0x004477B0,0x00447831,129,0x004477B0-0x00447831,sub_4477B0,,0x5400,game
42032fc2807f7dec6de1ed6efb9d18a70668a015f23e32d58149c9d9952bc0a7,0x00447840,0x0044784B,11,0x00447840-0x0044784B,sub_447840,,0x5400,game
42032fc2807f7dec6de1ed6efb9d18a70668a015f23e32d58149c9d9952bc0a7,0x00447880,0x004478C3,67,0x00447880-0x004478C3,sub_447880,,0x5400,game
42032fc2807f7dec6de1ed6efb9d18a70668a015f23e32d58149c9d9952bc0a7,0x00447920,0x00447936,22,0x00447920-0x00447936,sub_447920,,0x5400,game
42032fc2807f7dec6de1ed6efb9d18a70668a015f23e32d58149c9d9952bc0a7,0x00447940,0x00447AA9,361,0x00447940-0x00447AA9,sub_447940,,0x5400,game
42032fc2807f7dec6de1ed6efb9d18a70668a015f23e32d58149c9d9952bc0a7,0x00447AB0,0x00447AB5,5,0x00447AB0-0x00447AB5,sub_447AB0,,0x5400,game
42032fc2807f7dec6de1ed6efb9d18a70668a015f23e32d58149c9d9952bc0a7,0x00447AC0,0x00447AEB,43,0x00447AC0-0x00447AEB,sub_447AC0,,0x5400,game
42032fc2807f7dec6de1ed6efb9d18a70668a015f23e32d58149c9d9952bc0a7,0x00447AF0,0x00447B2D,61,0x00447AF0-0x00447B2D,sub_447AF0,,0x5400,game
42032fc2807f7dec6de1ed6efb9d18a70668a015f23e32d58149c9d9952bc0a7,0x00447B30,0x00447B58,40,0x00447B30-0x00447B58,sub_447B30,,0x5400,game
42032fc2807f7dec6de1ed6efb9d18a70668a015f23e32d58149c9d9952bc0a7,0x00447B60,0x00447B8B,43,0x00447B60-0x00447B8B,sub_447B60,,0x5400,game
42032fc2807f7dec6de1ed6efb9d18a70668a015f23e32d58149c9d9952bc0a7,0x00447BC0,0x00447BDD,29,0x00447BC0-0x00447BDD,sub_447BC0,,0x5400,game
42032fc2807f7dec6de1ed6efb9d18a70668a015f23e32d58149c9d9952bc0a7,0x00447BE0,0x00447BEC,12,0x00447BE0-0x00447BEC,sub_447BE0,,0x5400,game
42032fc2807f7dec6de1ed6efb9d18a70668a015f23e32d58149c9d9952bc0a7,0x00447BF0,0x00447BF5,5,0x00447BF0-0x00447BF5,sub_447BF0,,0x5400,game
42032fc2807f7dec6de1ed6efb9d18a70668a015f23e32d58149c9d9952bc0a7,0x00447C00,0x00447C58,88,0x00447C00-0x00447C58,sub_447C00,,0x5400,game
42032fc2807f7dec6de1ed6efb9d18a70668a015f23e32d58149c9d9952bc0a7,0x00447C60,0x00447C61,1,0x00447C60-0x00447C61,nullsub_121,,0x5440,game
42032fc2807f7dec6de1ed6efb9d18a70668a015f23e32d58149c9d9952bc0a7,0x00447C70,0x00447C9A,42,0x00447C70-0x00447C9A,sub_447C70,,0x5400,game
42032fc2807f7dec6de1ed6efb9d18a70668a015f23e32d58149c9d9952bc0a7,0x00447CA0,0x00447CA1,1,0x00447CA0-0x00447CA1,nullsub_122,,0x5440,game
42032fc2807f7dec6de1ed6efb9d18a70668a015f23e32d58149c9d9952bc0a7,0x00447CB0,0x00447CB1,1,0x00447CB0-0x00447CB1,nullsub_123,,0x5440,game
42032fc2807f7dec6de1ed6efb9d18a70668a015f23e32d58149c9d9952bc0a7,0x00447CC0,0x00447CC1,1,0x00447CC0-0x00447CC1,nullsub_124,,0x5440,game
42032fc2807f7dec6de1ed6efb9d18a70668a015f23e32d58149c9d9952bc0a7,0x00447CD0,0x00447D07,55,0x00447CD0-0x00447D07,sub_447CD0,,0x5400,game
42032fc2807f7dec6de1ed6efb9d18a70668a015f23e32d58149c9d9952bc0a7,0x00447D10,0x00447D15,5,0x00447D10-0x00447D15,?SpinYield@ExternalContextBase@details@Concurrency@@UAEXXZ,void __thiscall Concurrency__details__ExternalContextBase__SpinYield(Concurrency::details::ExternalContextBase *__hidden this);,0x5444,library
42032fc2807f7dec6de1ed6efb9d18a70668a015f23e32d58149c9d9952bc0a7,0x00447DB0,0x00447DC6,22,0x00447DB0-0x00447DC6,sub_447DB0,,0x5400,game
42032fc2807f7dec6de1ed6efb9d18a70668a015f23e32d58149c9d9952bc0a7,0x00447DD0,0x00448273,1187,0x00447DD0-0x00448273,sub_447DD0,,0x5400,game
42032fc2807f7dec6de1ed6efb9d18a70668a015f23e32d58149c9d9952bc0a7,0x00448280,0x00448284,4,0x00448280-0x00448284,sub_448280,,0x5400,game
42032fc2807f7dec6de1ed6efb9d18a70668a015f23e32d58149c9d9952bc0a7,0x004482A0,0x004482BB,27,0x004482A0-0x004482BB,sub_4482A0,int __thiscall sub_4482A0(void *);,0x5400,game
42032fc2807f7dec6de1ed6efb9d18a70668a015f23e32d58149c9d9952bc0a7,0x004482C0,0x004482C5,5,0x004482C0-0x004482C5,sub_4482C0,void __thiscall sub_4482C0(void *);,0x5480,thunk
42032fc2807f7dec6de1ed6efb9d18a70668a015f23e32d58149c9d9952bc0a7,0x004482D0,0x004482E2,18,0x004482D0-0x004482E2,sub_4482D0,void __thiscall sub_4482D0(void *);,0x5400,game
42032fc2807f7dec6de1ed6efb9d18a70668a015f23e32d58149c9d9952bc0a7,0x004482F0,0x0044830C,28,0x004482F0-0x0044830C,sub_4482F0,,0x5410,game
42032fc2807f7dec6de1ed6efb9d18a70668a015f23e32d58149c9d9952bc0a7,0x00448310,0x00448314,4,0x00448310-0x00448314,sub_448310,,0x5400,game
42032fc2807f7dec6de1ed6efb9d18a70668a015f23e32d58149c9d9952bc0a7,0x00448320,0x00448324,4,0x00448320-0x00448324,sub_448320,,0x5400,game
42032fc2807f7dec6de1ed6efb9d18a70668a015f23e32d58149c9d9952bc0a7,0x00448330,0x00448334,4,0x00448330-0x00448334,sub_448330,,0x5400,game
42032fc2807f7dec6de1ed6efb9d18a70668a015f23e32d58149c9d9952bc0a7,0x00448340,0x0044834F,15,0x00448340-0x0044834F,sub_448340,,0x5400,game
42032fc2807f7dec6de1ed6efb9d18a70668a015f23e32d58149c9d9952bc0a7,0x00448350,0x00448371,33,0x00448350-0x00448371,sub_448350,"int __thiscall sub_448350(void *Block, char);",0x5410,game
42032fc2807f7dec6de1ed6efb9d18a70668a015f23e32d58149c9d9952bc0a7,0x00448380,0x0044838A,10,0x00448380-0x0044838A,sub_448380,,0x5400,game
42032fc2807f7dec6de1ed6efb9d18a70668a015f23e32d58149c9d9952bc0a7,0x00448390,0x004483B1,33,0x00448390-0x004483B1,sub_448390,"int __thiscall sub_448390(void *Block, char);",0x5410,game
42032fc2807f7dec6de1ed6efb9d18a70668a015f23e32d58149c9d9952bc0a7,0x004483C0,0x004483C5,5,0x004483C0-0x004483C5,sub_4483C0,,0x5480,thunk
42032fc2807f7dec6de1ed6efb9d18a70668a015f23e32d58149c9d9952bc0a7,0x004483D0,0x004483E6,22,0x004483D0-0x004483E6,sub_4483D0,,0x5400,game
42032fc2807f7dec6de1ed6efb9d18a70668a015f23e32d58149c9d9952bc0a7,0x004483F0,0x004483FA,10,0x004483F0-0x004483FA,unknown_libname_45,void __cdecl unknown_libname_45();,0x5444,library
42032fc2807f7dec6de1ed6efb9d18a70668a015f23e32d58149c9d9952bc0a7,0x00448400,0x00448D60,2421,0x00448400-0x00448D60;0x00654E90-0x00654EA5,sub_448400,,0x5410,game
42032fc2807f7dec6de1ed6efb9d18a70668a015f23e32d58149c9d9952bc0a7,0x00448D90,0x0044A4AD,5938,0x00448D90-0x0044A4AD;0x00654EA5-0x00654EBA,sub_448D90,,0x5410,game
42032fc2807f7dec6de1ed6efb9d18a70668a015f23e32d58149c9d9952bc0a7,0x0044A4B0,0x0044A4F3,67,0x0044A4B0-0x0044A4F3,sub_44A4B0,,0x5410,game
42032fc2807f7dec6de1ed6efb9d18a70668a015f23e32d58149c9d9952bc0a7,0x0044A500,0x0044A563,99,0x0044A500-0x0044A563,sub_44A500,,0x5410,game
42032fc2807f7dec6de1ed6efb9d18a70668a015f23e32d58149c9d9952bc0a7,0x0044A570,0x0044A640,208,0x0044A570-0x0044A640,sub_44A570,,0x5410,game
42032fc2807f7dec6de1ed6efb9d18a70668a015f23e32d58149c9d9952bc0a7,0x0044A640,0x0044A655,21,0x0044A640-0x0044A655,sub_44A640,,0x5400,game
42032fc2807f7dec6de1ed6efb9d18a70668a015f23e32d58149c9d9952bc0a7,0x0044A660,0x0044AC05,1445,0x0044A660-0x0044AC05,sub_44A660,,0x5410,game
42032fc2807f7dec6de1ed6efb9d18a70668a015f23e32d58149c9d9952bc0a7,0x0044AC10,0x0044AE42,583,0x0044AC10-0x0044AE42;0x00654EBA-0x00654ECF,sub_44AC10,,0x5410,game
42032fc2807f7dec6de1ed6efb9d18a70668a015f23e32d58149c9d9952bc0a7,0x0044AE50,0x0044AF6D,285,0x0044AE50-0x0044AF6D,sub_44AE50,,0x5410,game
42032fc2807f7dec6de1ed6efb9d18a70668a015f23e32d58149c9d9952bc0a7,0x0044AF70,0x0044AF8D,29,0x0044AF70-0x0044AF8D,sub_44AF70,,0x5400,game
42032fc2807f7dec6de1ed6efb9d18a70668a015f23e32d58149c9d9952bc0a7,0x0044B100,0x0044B1FF,405,0x0044B100-0x0044B1FF;0x00654D60-0x00654DF6,sub_44B100,,0x5410,game
42032fc2807f7dec6de1ed6efb9d18a70668a015f23e32d58149c9d9952bc0a7,0x0044B200,0x0044B2F3,385,0x0044B200-0x0044B2F3;0x00654E00-0x00654E8E,sub_44B200,,0x5410,game
42032fc2807f7dec6de1ed6efb9d18a70668a015f23e32d58149c9d9952bc0a7,0x0044B300,0x0044B321,33,0x0044B300-0x0044B321,sub_44B300,"int __thiscall sub_44B300(void *Block, char);",0x5410,game
42032fc2807f7dec6de1ed6efb9d18a70668a015f23e32d58149c9d9952bc0a7,0x0044B380,0x0044B9DC,1628,0x0044B380-0x0044B9DC,sub_44B380,,0x5410,game
42032fc2807f7dec6de1ed6efb9d18a70668a015f23e32d58149c9d9952bc0a7,0x0044B9E0,0x0044C7C9,3561,0x0044B9E0-0x0044C7C9,sub_44B9E0,,0x5410,game
42032fc2807f7dec6de1ed6efb9d18a70668a015f23e32d58149c9d9952bc0a7,0x0044C7D0,0x0044C7E4,20,0x0044C7D0-0x0044C7E4,sub_44C7D0,,0x5410,game
42032fc2807f7dec6de1ed6efb9d18a70668a015f23e32d58149c9d9952bc0a7,0x0044C7F0,0x0044C814,36,0x0044C7F0-0x0044C814,sub_44C7F0,,0x5410,game
42032fc2807f7dec6de1ed6efb9d18a70668a015f23e32d58149c9d9952bc0a7,0x0044C820,0x0044C821,1,0x0044C820-0x0044C821,nullsub_3,,0x5440,game
42032fc2807f7dec6de1ed6efb9d18a70668a015f23e32d58149c9d9952bc0a7,0x0044C850,0x0044C851,1,0x0044C850-0x0044C851,nullsub_125,,0x5440,game
42032fc2807f7dec6de1ed6efb9d18a70668a015f23e32d58149c9d9952bc0a7,0x0044C870,0x0044C878,8,0x0044C870-0x0044C878,sub_44C870,,0x5400,game
42032fc2807f7dec6de1ed6efb9d18a70668a015f23e32d58149c9d9952bc0a7,0x0044C880,0x0044C895,21,0x0044C880-0x0044C895,sub_44C880,,0x5410,game
42032fc2807f7dec6de1ed6efb9d18a70668a015f23e32d58149c9d9952bc0a7,0x0044C8A0,0x0044C8A1,1,0x0044C8A0-0x0044C8A1,nullsub_126,,0x5440,game
42032fc2807f7dec6de1ed6efb9d18a70668a015f23e32d58149c9d9952bc0a7,0x0044C8B0,0x0044C8B1,1,0x0044C8B0-0x0044C8B1,nullsub_127,,0x5440,game
42032fc2807f7dec6de1ed6efb9d18a70668a015f23e32d58149c9d9952bc0a7,0x0044C8C0,0x0044C8C3,3,0x0044C8C0-0x0044C8C3,sub_44C8C0,,0x5400,game
42032fc2807f7dec6de1ed6efb9d18a70668a015f23e32d58149c9d9952bc0a7,0x0044C8D0,0x0044C8D1,1,0x0044C8D0-0x0044C8D1,nullsub_128,,0x5440,game
42032fc2807f7dec6de1ed6efb9d18a70668a015f23e32d58149c9d9952bc0a7,0x0044C8E0,0x0044C8E1,1,0x0044C8E0-0x0044C8E1,nullsub_129,,0x5440,game
42032fc2807f7dec6de1ed6efb9d18a70668a015f23e32d58149c9d9952bc0a7,0x0044C8F0,0x0044C8F1,1,0x0044C8F0-0x0044C8F1,nullsub_130,,0x5440,game
42032fc2807f7dec6de1ed6efb9d18a70668a015f23e32d58149c9d9952bc0a7,0x0044C900,0x0044C901,1,0x0044C900-0x0044C901,nullsub_131,,0x5440,game
42032fc2807f7dec6de1ed6efb9d18a70668a015f23e32d58149c9d9952bc0a7,0x0044C910,0x0044C925,21,0x0044C910-0x0044C925,sub_44C910,,0x5410,game
42032fc2807f7dec6de1ed6efb9d18a70668a015f23e32d58149c9d9952bc0a7,0x0044C930,0x0044C931,1,0x0044C930-0x0044C931,nullsub_132,,0x5440,game
42032fc2807f7dec6de1ed6efb9d18a70668a015f23e32d58149c9d9952bc0a7,0x0044C940,0x0044C955,21,0x0044C940-0x0044C955,sub_44C940,,0x5410,game
42032fc2807f7dec6de1ed6efb9d18a70668a015f23e32d58149c9d9952bc0a7,0x0044C960,0x0044C961,1,0x0044C960-0x0044C961,nullsub_133,,0x5440,game
42032fc2807f7dec6de1ed6efb9d18a70668a015f23e32d58149c9d9952bc0a7,0x0044C970,0x0044C973,3,0x0044C970-0x0044C973,sub_44C970,,0x5400,game
42032fc2807f7dec6de1ed6efb9d18a70668a015f23e32d58149c9d9952bc0a7,0x0044C980,0x0044C995,21,0x0044C980-0x0044C995,sub_44C980,,0x5410,game
42032fc2807f7dec6de1ed6efb9d18a70668a015f23e32d58149c9d9952bc0a7,0x0044C9A0,0x0044C9A1,1,0x0044C9A0-0x0044C9A1,nullsub_134,,0x5440,game
42032fc2807f7dec6de1ed6efb9d18a70668a015f23e32d58149c9d9952bc0a7,0x0044C9B0,0x0044C9C5,21,0x0044C9B0-0x0044C9C5,sub_44C9B0,,0x5410,game
42032fc2807f7dec6de1ed6efb9d18a70668a015f23e32d58149c9d9952bc0a7,0x0044C9D0,0x0044C9D1,1,0x0044C9D0-0x0044C9D1,nullsub_135,,0x5440,game
42032fc2807f7dec6de1ed6efb9d18a70668a015f23e32d58149c9d9952bc0a7,0x0044C9E0,0x0044C9F8,24,0x0044C9E0-0x0044C9F8,sub_44C9E0,,0x5410,game
42032fc2807f7dec6de1ed6efb9d18a70668a015f23e32d58149c9d9952bc0a7,0x0044CA00,0x0044CA01,1,0x0044CA00-0x0044CA01,nullsub_136,,0x5440,game
42032fc2807f7dec6de1ed6efb9d18a70668a015f23e32d58149c9d9952bc0a7,0x0044CA10,0x0044CA25,21,0x0044CA10-0x0044CA25,sub_44CA10,,0x5410,game
42032fc2807f7dec6de1ed6efb9d18a70668a015f23e32d58149c9d9952bc0a7,0x0044CA30,0x0044CA31,1,0x0044CA30-0x0044CA31,nullsub_137,,0x5440,game
42032fc2807f7dec6de1ed6efb9d18a70668a015f23e32d58149c9d9952bc0a7,0x0044CA40,0x0044CA55,21,0x0044CA40-0x0044CA55,sub_44CA40,,0x5410,game
42032fc2807f7dec6de1ed6efb9d18a70668a015f23e32d58149c9d9952bc0a7,0x0044CA60,0x0044CA61,1,0x0044CA60-0x0044CA61,nullsub_138,,0x5440,game
42032fc2807f7dec6de1ed6efb9d18a70668a015f23e32d58149c9d9952bc0a7,0x0044CAC0,0x0044CAC1,1,0x0044CAC0-0x0044CAC1,nullsub_139,,0x5440,game
42032fc2807f7dec6de1ed6efb9d18a70668a015f23e32d58149c9d9952bc0a7,0x0044CAD0,0x0044CAE5,21,0x0044CAD0-0x0044CAE5,sub_44CAD0,,0x5410,game
42032fc2807f7dec6de1ed6efb9d18a70668a015f23e32d58149c9d9952bc0a7,0x0044CAF0,0x0044CAF1,1,0x0044CAF0-0x0044CAF1,nullsub_140,,0x5440,game
42032fc2807f7dec6de1ed6efb9d18a70668a015f23e32d58149c9d9952bc0a7,0x0044CB00,0x0044CB01,1,0x0044CB00-0x0044CB01,nullsub_141,,0x5440,game
42032fc2807f7dec6de1ed6efb9d18a70668a015f23e32d58149c9d9952bc0a7,0x0044CB10,0x0044CB11,1,0x0044CB10-0x0044CB11,nullsub_142,,0x5440,game
42032fc2807f7dec6de1ed6efb9d18a70668a015f23e32d58149c9d9952bc0a7,0x0044CB20,0x0044CB21,1,0x0044CB20-0x0044CB21,nullsub_143,,0x5440,game
42032fc2807f7dec6de1ed6efb9d18a70668a015f23e32d58149c9d9952bc0a7,0x0044CB30,0x0044CB3F,15,0x0044CB30-0x0044CB3F,sub_44CB30,,0x5400,game
42032fc2807f7dec6de1ed6efb9d18a70668a015f23e32d58149c9d9952bc0a7,0x0044CB40,0x0044CB56,22,0x0044CB40-0x0044CB56,sub_44CB40,,0x5410,game
42032fc2807f7dec6de1ed6efb9d18a70668a015f23e32d58149c9d9952bc0a7,0x0044CB60,0x0044CB77,23,0x0044CB60-0x0044CB77,sub_44CB60,,0x5410,game
42032fc2807f7dec6de1ed6efb9d18a70668a015f23e32d58149c9d9952bc0a7,0x0044CB80,0x0044CBC2,66,0x0044CB80-0x0044CBC2,sub_44CB80,"int __cdecl sub_44CB80(char *Destination, char *Source, char *);",0x5410,game
42032fc2807f7dec6de1ed6efb9d18a70668a015f23e32d58149c9d9952bc0a7,0x0044CC20,0x0044CC36,22,0x0044CC20-0x0044CC36,sub_44CC20,,0x5400,game
42032fc2807f7dec6de1ed6efb9d18a70668a015f23e32d58149c9d9952bc0a7,0x0044CC40,0x0044CC4A,10,0x0044CC40-0x0044CC4A,unknown_libname_46,void __cdecl unknown_libname_46();,0x5444,library
42032fc2807f7dec6de1ed6efb9d18a70668a015f23e32d58149c9d9952bc0a7,0x0044CC50,0x0044CC77,39,0x0044CC50-0x0044CC77,sub_44CC50,,0x5400,game
42032fc2807f7dec6de1ed6efb9d18a70668a015f23e32d58149c9d9952bc0a7,0x0044CC80,0x0044CC97,23,0x0044CC80-0x0044CC97,sub_44CC80,void __cdecl sub_44CC80();,0x5400,game
42032fc2807f7dec6de1ed6efb9d18a70668a015f23e32d58149c9d9952bc0a7,0x0044CCA0,0x0044CCC4,36,0x0044CCA0-0x0044CCC4,sub_44CCA0,,0x5400,game
42032fc2807f7dec6de1ed6efb9d18a70668a015f23e32d58149c9d9952bc0a7,0x0044CCD0,0x0044CCE4,20,0x0044CCD0-0x0044CCE4,sub_44CCD0,void __cdecl sub_44CCD0();,0x5400,game
42032fc2807f7dec6de1ed6efb9d18a70668a015f23e32d58149c9d9952bc0a7,0x0044CCF0,0x0044CD14,36,0x0044CCF0-0x0044CD14,sub_44CCF0,,0x5400,game
42032fc2807f7dec6de1ed6efb9d18a70668a015f23e32d58149c9d9952bc0a7,0x0044CD20,0x0044CD34,20,0x0044CD20-0x0044CD34,sub_44CD20,void __cdecl sub_44CD20();,0x5400,game
42032fc2807f7dec6de1ed6efb9d18a70668a015f23e32d58149c9d9952bc0a7,0x0044CD40,0x0044CD64,36,0x0044CD40-0x0044CD64,sub_44CD40,,0x5400,game
42032fc2807f7dec6de1ed6efb9d18a70668a015f23e32d58149c9d9952bc0a7,0x0044CD70,0x0044CD84,20,0x0044CD70-0x0044CD84,sub_44CD70,void __cdecl sub_44CD70();,0x5400,game
42032fc2807f7dec6de1ed6efb9d18a70668a015f23e32d58149c9d9952bc0a7,0x0044CD90,0x0044CDB4,36,0x0044CD90-0x0044CDB4,sub_44CD90,,0x5400,game
42032fc2807f7dec6de1ed6efb9d18a70668a015f23e32d58149c9d9952bc0a7,0x0044CDC0,0x0044CDD4,20,0x0044CDC0-0x0044CDD4,sub_44CDC0,void __cdecl sub_44CDC0();,0x5400,game
42032fc2807f7dec6de1ed6efb9d18a70668a015f23e32d58149c9d9952bc0a7,0x0044CDE0,0x0044CE04,36,0x0044CDE0-0x0044CE04,sub_44CDE0,,0x5400,game
42032fc2807f7dec6de1ed6efb9d18a70668a015f23e32d58149c9d9952bc0a7,0x0044CE10,0x0044CE24,20,0x0044CE10-0x0044CE24,sub_44CE10,void __cdecl sub_44CE10();,0x5400,game
42032fc2807f7dec6de1ed6efb9d18a70668a015f23e32d58149c9d9952bc0a7,0x0044CE30,0x0044CE54,36,0x0044CE30-0x0044CE54,sub_44CE30,,0x5400,game
42032fc2807f7dec6de1ed6efb9d18a70668a015f23e32d58149c9d9952bc0a7,0x0044CE60,0x0044CE74,20,0x0044CE60-0x0044CE74,sub_44CE60,void __cdecl sub_44CE60();,0x5400,game
42032fc2807f7dec6de1ed6efb9d18a70668a015f23e32d58149c9d9952bc0a7,0x0044CE80,0x0044CEA4,36,0x0044CE80-0x0044CEA4,sub_44CE80,,0x5400,game
42032fc2807f7dec6de1ed6efb9d18a70668a015f23e32d58149c9d9952bc0a7,0x0044CEB0,0x0044CEC4,20,0x0044CEB0-0x0044CEC4,sub_44CEB0,void __cdecl sub_44CEB0();,0x5400,game
42032fc2807f7dec6de1ed6efb9d18a70668a015f23e32d58149c9d9952bc0a7,0x0044CED0,0x0044CEF4,36,0x0044CED0-0x0044CEF4,sub_44CED0,,0x5400,game
42032fc2807f7dec6de1ed6efb9d18a70668a015f23e32d58149c9d9952bc0a7,0x0044CF00,0x0044CF14,20,0x0044CF00-0x0044CF14,sub_44CF00,void __cdecl sub_44CF00();,0x5400,game
42032fc2807f7dec6de1ed6efb9d18a70668a015f23e32d58149c9d9952bc0a7,0x0044CF20,0x0044CF44,36,0x0044CF20-0x0044CF44,sub_44CF20,,0x5400,game
42032fc2807f7dec6de1ed6efb9d18a70668a015f23e32d58149c9d9952bc0a7,0x0044CF50,0x0044CF64,20,0x0044CF50-0x0044CF64,sub_44CF50,void __cdecl sub_44CF50();,0x5400,game
42032fc2807f7dec6de1ed6efb9d18a70668a015f23e32d58149c9d9952bc0a7,0x0044CF70,0x0044CF97,39,0x0044CF70-0x0044CF97,sub_44CF70,,0x5400,game
42032fc2807f7dec6de1ed6efb9d18a70668a015f23e32d58149c9d9952bc0a7,0x0044CFA0,0x0044CFB7,23,0x0044CFA0-0x0044CFB7,sub_44CFA0,void __cdecl sub_44CFA0();,0x5400,game
42032fc2807f7dec6de1ed6efb9d18a70668a015f23e32d58149c9d9952bc0a7,0x0044CFC0,0x0044CFD6,22,0x0044CFC0-0x0044CFD6,sub_44CFC0,,0x5400,game
42032fc2807f7dec6de1ed6efb9d18a70668a015f23e32d58149c9d9952bc0a7,0x0044CFE0,0x0044CFEA,10,0x0044CFE0-0x0044CFEA,unknown_libname_47,void __cdecl unknown_libname_47();,0x5444,library
42032fc2807f7dec6de1ed6efb9d18a70668a015f23e32d58149c9d9952bc0a7,0x0044CFF0,0x0044D006,22,0x0044CFF0-0x0044D006,sub_44CFF0,,0x5400,game
42032fc2807f7dec6de1ed6efb9d18a70668a015f23e32d58149c9d9952bc0a7,0x0044D010,0x0044D01A,10,0x0044D010-0x0044D01A,unknown_libname_48,void __cdecl unknown_libname_48();,0x5444,library
42032fc2807f7dec6de1ed6efb9d18a70668a015f23e32d58149c9d9952bc0a7,0x0044D020,0x0044D036,22,0x0044D020-0x0044D036,sub_44D020,,0x5400,game
42032fc2807f7dec6de1ed6efb9d18a70668a015f23e32d58149c9d9952bc0a7,0x0044D040,0x0044D04A,10,0x0044D040-0x0044D04A,unknown_libname_49,void __cdecl unknown_libname_49();,0x5444,library
42032fc2807f7dec6de1ed6efb9d18a70668a015f23e32d58149c9d9952bc0a7,0x0044D050,0x0044D066,22,0x0044D050-0x0044D066,sub_44D050,,0x5400,game
42032fc2807f7dec6de1ed6efb9d18a70668a015f23e32d58149c9d9952bc0a7,0x0044D070,0x0044D07A,10,0x0044D070-0x0044D07A,unknown_libname_50,void __cdecl unknown_libname_50();,0x5444,library
42032fc2807f7dec6de1ed6efb9d18a70668a015f23e32d58149c9d9952bc0a7,0x0044D080,0x0044D096,22,0x0044D080-0x0044D096,sub_44D080,,0x5400,game
42032fc2807f7dec6de1ed6efb9d18a70668a015f23e32d58149c9d9952bc0a7,0x0044D0A0,0x0044D0AA,10,0x0044D0A0-0x0044D0AA,unknown_libname_51,void __cdecl unknown_libname_51();,0x5444,library
42032fc2807f7dec6de1ed6efb9d18a70668a015f23e32d58149c9d9952bc0a7,0x0044D0B0,0x0044D0C6,22,0x0044D0B0-0x0044D0C6,sub_44D0B0,,0x5400,game
42032fc2807f7dec6de1ed6efb9d18a70668a015f23e32d58149c9d9952bc0a7,0x0044D0D0,0x0044D0DA,10,0x0044D0D0-0x0044D0DA,unknown_libname_52,void __cdecl unknown_libname_52();,0x5444,library
42032fc2807f7dec6de1ed6efb9d18a70668a015f23e32d58149c9d9952bc0a7,0x0044D0E0,0x0044D0F6,22,0x0044D0E0-0x0044D0F6,sub_44D0E0,,0x5400,game
42032fc2807f7dec6de1ed6efb9d18a70668a015f23e32d58149c9d9952bc0a7,0x0044D100,0x0044D10A,10,0x0044D100-0x0044D10A,unknown_libname_53,void __cdecl unknown_libname_53();,0x5444,library
42032fc2807f7dec6de1ed6efb9d18a70668a015f23e32d58149c9d9952bc0a7,0x0044D110,0x0044D126,22,0x0044D110-0x0044D126,sub_44D110,,0x5400,game
42032fc2807f7dec6de1ed6efb9d18a70668a015f23e32d58149c9d9952bc0a7,0x0044D130,0x0044D13A,10,0x0044D130-0x0044D13A,unknown_libname_54,void __cdecl unknown_libname_54();,0x5444,library
42032fc2807f7dec6de1ed6efb9d18a70668a015f23e32d58149c9d9952bc0a7,0x0044D140,0x0044D156,22,0x0044D140-0x0044D156,sub_44D140,,0x5400,game
42032fc2807f7dec6de1ed6efb9d18a70668a015f23e32d58149c9d9952bc0a7,0x0044D160,0x0044D16A,10,0x0044D160-0x0044D16A,unknown_libname_55,void __cdecl unknown_libname_55();,0x5444,library
42032fc2807f7dec6de1ed6efb9d18a70668a015f23e32d58149c9d9952bc0a7,0x0044D170,0x0044D186,22,0x0044D170-0x0044D186,sub_44D170,,0x5400,game
42032fc2807f7dec6de1ed6efb9d18a70668a015f23e32d58149c9d9952bc0a7,0x0044D190,0x0044D19A,10,0x0044D190-0x0044D19A,unknown_libname_56,void __cdecl unknown_libname_56();,0x5444,library
42032fc2807f7dec6de1ed6efb9d18a70668a015f23e32d58149c9d9952bc0a7,0x0044D1A0,0x0044D1B6,22,0x0044D1A0-0x0044D1B6,sub_44D1A0,,0x5400,game
42032fc2807f7dec6de1ed6efb9d18a70668a015f23e32d58149c9d9952bc0a7,0x0044D1C0,0x0044D1CA,10,0x0044D1C0-0x0044D1CA,unknown_libname_57,void __cdecl unknown_libname_57();,0x5444,library
42032fc2807f7dec6de1ed6efb9d18a70668a015f23e32d58149c9d9952bc0a7,0x0044D1D0,0x0044D1E6,22,0x0044D1D0-0x0044D1E6,sub_44D1D0,,0x5400,game
42032fc2807f7dec6de1ed6efb9d18a70668a015f23e32d58149c9d9952bc0a7,0x0044D1F0,0x0044D1FA,10,0x0044D1F0-0x0044D1FA,unknown_libname_58,void __cdecl unknown_libname_58();,0x5444,library
42032fc2807f7dec6de1ed6efb9d18a70668a015f23e32d58149c9d9952bc0a7,0x0044D200,0x0044D216,22,0x0044D200-0x0044D216,sub_44D200,,0x5400,game
42032fc2807f7dec6de1ed6efb9d18a70668a015f23e32d58149c9d9952bc0a7,0x0044D220,0x0044D22A,10,0x0044D220-0x0044D22A,unknown_libname_59,void __cdecl unknown_libname_59();,0x5444,library
42032fc2807f7dec6de1ed6efb9d18a70668a015f23e32d58149c9d9952bc0a7,0x0044D230,0x0044D246,22,0x0044D230-0x0044D246,sub_44D230,,0x5400,game
42032fc2807f7dec6de1ed6efb9d18a70668a015f23e32d58149c9d9952bc0a7,0x0044D250,0x0044D25A,10,0x0044D250-0x0044D25A,unknown_libname_60,void __cdecl unknown_libname_60();,0x5444,library
42032fc2807f7dec6de1ed6efb9d18a70668a015f23e32d58149c9d9952bc0a7,0x0044D260,0x0044D276,22,0x0044D260-0x0044D276,sub_44D260,,0x5400,game
42032fc2807f7dec6de1ed6efb9d18a70668a015f23e32d58149c9d9952bc0a7,0x0044D280,0x0044D28A,10,0x0044D280-0x0044D28A,unknown_libname_61,void __cdecl unknown_libname_61();,0x5444,library
42032fc2807f7dec6de1ed6efb9d18a70668a015f23e32d58149c9d9952bc0a7,0x0044D290,0x0044D2A6,22,0x0044D290-0x0044D2A6,sub_44D290,,0x5400,game
42032fc2807f7dec6de1ed6efb9d18a70668a015f23e32d58149c9d9952bc0a7,0x0044D2B0,0x0044D2BA,10,0x0044D2B0-0x0044D2BA,unknown_libname_62,void __cdecl unknown_libname_62();,0x5444,library
42032fc2807f7dec6de1ed6efb9d18a70668a015f23e32d58149c9d9952bc0a7,0x0044D2C0,0x0044D2D6,22,0x0044D2C0-0x0044D2D6,sub_44D2C0,,0x5400,game
42032fc2807f7dec6de1ed6efb9d18a70668a015f23e32d58149c9d9952bc0a7,0x0044D2E0,0x0044D2EA,10,0x0044D2E0-0x0044D2EA,unknown_libname_63,void __cdecl unknown_libname_63();,0x5444,library
42032fc2807f7dec6de1ed6efb9d18a70668a015f23e32d58149c9d9952bc0a7,0x0044D2F0,0x0044D306,22,0x0044D2F0-0x0044D306,sub_44D2F0,,0x5400,game
42032fc2807f7dec6de1ed6efb9d18a70668a015f23e32d58149c9d9952bc0a7,0x0044D310,0x0044D31A,10,0x0044D310-0x0044D31A,unknown_libname_64,void __cdecl unknown_libname_64();,0x5444,library
42032fc2807f7dec6de1ed6efb9d18a70668a015f23e32d58149c9d9952bc0a7,0x0044D320,0x0044D336,22,0x0044D320-0x0044D336,sub_44D320,,0x5400,game
42032fc2807f7dec6de1ed6efb9d18a70668a015f23e32d58149c9d9952bc0a7,0x0044D340,0x0044D34A,10,0x0044D340-0x0044D34A,unknown_libname_65,void __cdecl unknown_libname_65();,0x5444,library
42032fc2807f7dec6de1ed6efb9d18a70668a015f23e32d58149c9d9952bc0a7,0x0044D350,0x0044D366,22,0x0044D350-0x0044D366,sub_44D350,,0x5400,game
42032fc2807f7dec6de1ed6efb9d18a70668a015f23e32d58149c9d9952bc0a7,0x0044D370,0x0044D37A,10,0x0044D370-0x0044D37A,unknown_libname_66,void __cdecl unknown_libname_66();,0x5444,library
42032fc2807f7dec6de1ed6efb9d18a70668a015f23e32d58149c9d9952bc0a7,0x0044D380,0x0044D396,22,0x0044D380-0x0044D396,sub_44D380,,0x5400,game
42032fc2807f7dec6de1ed6efb9d18a70668a015f23e32d58149c9d9952bc0a7,0x0044D3A0,0x0044D3AA,10,0x0044D3A0-0x0044D3AA,unknown_libname_67,void __cdecl unknown_libname_67();,0x5444,library
42032fc2807f7dec6de1ed6efb9d18a70668a015f23e32d58149c9d9952bc0a7,0x0044D3B0,0x0044D3C6,22,0x0044D3B0-0x0044D3C6,sub_44D3B0,,0x5400,game
42032fc2807f7dec6de1ed6efb9d18a70668a015f23e32d58149c9d9952bc0a7,0x0044D3D0,0x0044D3DA,10,0x0044D3D0-0x0044D3DA,unknown_libname_68,void __cdecl unknown_libname_68();,0x5444,library
42032fc2807f7dec6de1ed6efb9d18a70668a015f23e32d58149c9d9952bc0a7,0x0044D3E0,0x0044D3F6,22,0x0044D3E0-0x0044D3F6,sub_44D3E0,,0x5400,game
42032fc2807f7dec6de1ed6efb9d18a70668a015f23e32d58149c9d9952bc0a7,0x0044D400,0x0044D40A,10,0x0044D400-0x0044D40A,unknown_libname_69,void __cdecl unknown_libname_69();,0x5444,library
42032fc2807f7dec6de1ed6efb9d18a70668a015f23e32d58149c9d9952bc0a7,0x0044D410,0x0044D426,22,0x0044D410-0x0044D426,sub_44D410,,0x5400,game
42032fc2807f7dec6de1ed6efb9d18a70668a015f23e32d58149c9d9952bc0a7,0x0044D430,0x0044D43A,10,0x0044D430-0x0044D43A,unknown_libname_70,void __cdecl unknown_libname_70();,0x5444,library
42032fc2807f7dec6de1ed6efb9d18a70668a015f23e32d58149c9d9952bc0a7,0x0044D440,0x0044D456,22,0x0044D440-0x0044D456,sub_44D440,,0x5400,game
42032fc2807f7dec6de1ed6efb9d18a70668a015f23e32d58149c9d9952bc0a7,0x0044D460,0x0044D46A,10,0x0044D460-0x0044D46A,unknown_libname_71,void __cdecl unknown_libname_71();,0x5444,library
42032fc2807f7dec6de1ed6efb9d18a70668a015f23e32d58149c9d9952bc0a7,0x0044D470,0x0044D486,22,0x0044D470-0x0044D486,sub_44D470,,0x5400,game
42032fc2807f7dec6de1ed6efb9d18a70668a015f23e32d58149c9d9952bc0a7,0x0044D490,0x0044D49A,10,0x0044D490-0x0044D49A,unknown_libname_72,void __cdecl unknown_libname_72();,0x5444,library
42032fc2807f7dec6de1ed6efb9d18a70668a015f23e32d58149c9d9952bc0a7,0x0044D4A0,0x0044D4B6,22,0x0044D4A0-0x0044D4B6,sub_44D4A0,,0x5400,game
42032fc2807f7dec6de1ed6efb9d18a70668a015f23e32d58149c9d9952bc0a7,0x0044D4C0,0x0044D4CA,10,0x0044D4C0-0x0044D4CA,unknown_libname_73,void __cdecl unknown_libname_73();,0x5444,library
42032fc2807f7dec6de1ed6efb9d18a70668a015f23e32d58149c9d9952bc0a7,0x0044D4D0,0x0044D4E6,22,0x0044D4D0-0x0044D4E6,sub_44D4D0,,0x5400,game
42032fc2807f7dec6de1ed6efb9d18a70668a015f23e32d58149c9d9952bc0a7,0x0044D4F0,0x0044D4FA,10,0x0044D4F0-0x0044D4FA,unknown_libname_74,void __cdecl unknown_libname_74();,0x5444,library
42032fc2807f7dec6de1ed6efb9d18a70668a015f23e32d58149c9d9952bc0a7,0x0044D500,0x0044D516,22,0x0044D500-0x0044D516,sub_44D500,,0x5400,game
42032fc2807f7dec6de1ed6efb9d18a70668a015f23e32d58149c9d9952bc0a7,0x0044D520,0x0044D52A,10,0x0044D520-0x0044D52A,unknown_libname_75,void __cdecl unknown_libname_75();,0x5444,library
42032fc2807f7dec6de1ed6efb9d18a70668a015f23e32d58149c9d9952bc0a7,0x0044D530,0x0044D546,22,0x0044D530-0x0044D546,sub_44D530,,0x5400,game
42032fc2807f7dec6de1ed6efb9d18a70668a015f23e32d58149c9d9952bc0a7,0x0044D550,0x0044D55A,10,0x0044D550-0x0044D55A,unknown_libname_76,void __cdecl unknown_libname_76();,0x5444,library
42032fc2807f7dec6de1ed6efb9d18a70668a015f23e32d58149c9d9952bc0a7,0x0044D560,0x0044D576,22,0x0044D560-0x0044D576,sub_44D560,,0x5400,game
42032fc2807f7dec6de1ed6efb9d18a70668a015f23e32d58149c9d9952bc0a7,0x0044D580,0x0044D58A,10,0x0044D580-0x0044D58A,unknown_libname_77,void __cdecl unknown_libname_77();,0x5444,library
42032fc2807f7dec6de1ed6efb9d18a70668a015f23e32d58149c9d9952bc0a7,0x0044D590,0x0044D5B4,36,0x0044D590-0x0044D5B4,sub_44D590,,0x5400,game
42032fc2807f7dec6de1ed6efb9d18a70668a015f23e32d58149c9d9952bc0a7,0x0044D5C0,0x0044D5D4,20,0x0044D5C0-0x0044D5D4,sub_44D5C0,void __cdecl sub_44D5C0();,0x5400,game
42032fc2807f7dec6de1ed6efb9d18a70668a015f23e32d58149c9d9952bc0a7,0x0044D5E0,0x0044D604,36,0x0044D5E0-0x0044D604,sub_44D5E0,,0x5400,game
42032fc2807f7dec6de1ed6efb9d18a70668a015f23e32d58149c9d9952bc0a7,0x0044D610,0x0044D624,20,0x0044D610-0x0044D624,sub_44D610,void __cdecl sub_44D610();,0x5400,game
42032fc2807f7dec6de1ed6efb9d18a70668a015f23e32d58149c9d9952bc0a7,0x0044D630,0x0044D646,22,0x0044D630-0x0044D646,sub_44D630,,0x5400,game
42032fc2807f7dec6de1ed6efb9d18a70668a015f23e32d58149c9d9952bc0a7,0x0044D650,0x0044D65A,10,0x0044D650-0x0044D65A,unknown_libname_78,void __cdecl unknown_libname_78();,0x5444,library
42032fc2807f7dec6de1ed6efb9d18a70668a015f23e32d58149c9d9952bc0a7,0x0044D660,0x0044D676,22,0x0044D660-0x0044D676,sub_44D660,,0x5400,game
42032fc2807f7dec6de1ed6efb9d18a70668a015f23e32d58149c9d9952bc0a7,0x0044D680,0x0044D68A,10,0x0044D680-0x0044D68A,unknown_libname_79,void __cdecl unknown_libname_79();,0x5444,library
42032fc2807f7dec6de1ed6efb9d18a70668a015f23e32d58149c9d9952bc0a7,0x0044D690,0x0044D6A6,22,0x0044D690-0x0044D6A6,sub_44D690,,0x5400,game
42032fc2807f7dec6de1ed6efb9d18a70668a015f23e32d58149c9d9952bc0a7,0x0044D6B0,0x0044D6BA,10,0x0044D6B0-0x0044D6BA,unknown_libname_80,void __cdecl unknown_libname_80();,0x5444,library
42032fc2807f7dec6de1ed6efb9d18a70668a015f23e32d58149c9d9952bc0a7,0x0044D6C0,0x0044D6D6,22,0x0044D6C0-0x0044D6D6,sub_44D6C0,,0x5400,game
42032fc2807f7dec6de1ed6efb9d18a70668a015f23e32d58149c9d9952bc0a7,0x0044D6E0,0x0044D6EA,10,0x0044D6E0-0x0044D6EA,unknown_libname_81,void __cdecl unknown_libname_81();,0x5444,library
42032fc2807f7dec6de1ed6efb9d18a70668a015f23e32d58149c9d9952bc0a7,0x0044D6F0,0x0044D706,22,0x0044D6F0-0x0044D706,sub_44D6F0,,0x5400,game
42032fc2807f7dec6de1ed6efb9d18a70668a015f23e32d58149c9d9952bc0a7,0x0044D710,0x0044D71A,10,0x0044D710-0x0044D71A,unknown_libname_82,void __cdecl unknown_libname_82();,0x5444,library
42032fc2807f7dec6de1ed6efb9d18a70668a015f23e32d58149c9d9952bc0a7,0x0044D720,0x0044D736,22,0x0044D720-0x0044D736,sub_44D720,,0x5400,game
42032fc2807f7dec6de1ed6efb9d18a70668a015f23e32d58149c9d9952bc0a7,0x0044D740,0x0044D74A,10,0x0044D740-0x0044D74A,unknown_libname_83,void __cdecl unknown_libname_83();,0x5444,library
42032fc2807f7dec6de1ed6efb9d18a70668a015f23e32d58149c9d9952bc0a7,0x0044D750,0x0044D766,22,0x0044D750-0x0044D766,sub_44D750,,0x5400,game
42032fc2807f7dec6de1ed6efb9d18a70668a015f23e32d58149c9d9952bc0a7,0x0044D770,0x0044D77A,10,0x0044D770-0x0044D77A,unknown_libname_84,void __cdecl unknown_libname_84();,0x5444,library
42032fc2807f7dec6de1ed6efb9d18a70668a015f23e32d58149c9d9952bc0a7,0x0044D780,0x0044D796,22,0x0044D780-0x0044D796,sub_44D780,,0x5400,game
42032fc2807f7dec6de1ed6efb9d18a70668a015f23e32d58149c9d9952bc0a7,0x0044D7A0,0x0044D7AA,10,0x0044D7A0-0x0044D7AA,unknown_libname_85,void __cdecl unknown_libname_85();,0x5444,library
42032fc2807f7dec6de1ed6efb9d18a70668a015f23e32d58149c9d9952bc0a7,0x0044D7B0,0x0044D7C6,22,0x0044D7B0-0x0044D7C6,sub_44D7B0,,0x5400,game
42032fc2807f7dec6de1ed6efb9d18a70668a015f23e32d58149c9d9952bc0a7,0x0044D7D0,0x0044D7DA,10,0x0044D7D0-0x0044D7DA,unknown_libname_86,void __cdecl unknown_libname_86();,0x5444,library
42032fc2807f7dec6de1ed6efb9d18a70668a015f23e32d58149c9d9952bc0a7,0x0044D7E0,0x0044D7F6,22,0x0044D7E0-0x0044D7F6,sub_44D7E0,,0x5400,game
42032fc2807f7dec6de1ed6efb9d18a70668a015f23e32d58149c9d9952bc0a7,0x0044D800,0x0044D80A,10,0x0044D800-0x0044D80A,unknown_libname_87,void __cdecl unknown_libname_87();,0x5444,library
42032fc2807f7dec6de1ed6efb9d18a70668a015f23e32d58149c9d9952bc0a7,0x0044D810,0x0044D826,22,0x0044D810-0x0044D826,sub_44D810,,0x5400,game
42032fc2807f7dec6de1ed6efb9d18a70668a015f23e32d58149c9d9952bc0a7,0x0044D830,0x0044D83A,10,0x0044D830-0x0044D83A,unknown_libname_88,void __cdecl unknown_libname_88();,0x5444,library
42032fc2807f7dec6de1ed6efb9d18a70668a015f23e32d58149c9d9952bc0a7,0x0044D840,0x0044D856,22,0x0044D840-0x0044D856,sub_44D840,,0x5400,game
42032fc2807f7dec6de1ed6efb9d18a70668a015f23e32d58149c9d9952bc0a7,0x0044D860,0x0044D86A,10,0x0044D860-0x0044D86A,unknown_libname_89,void __cdecl unknown_libname_89();,0x5444,library
42032fc2807f7dec6de1ed6efb9d18a70668a015f23e32d58149c9d9952bc0a7,0x0044D870,0x0044D894,36,0x0044D870-0x0044D894,sub_44D870,,0x5400,game
42032fc2807f7dec6de1ed6efb9d18a70668a015f23e32d58149c9d9952bc0a7,0x0044D8A0,0x0044D8B4,20,0x0044D8A0-0x0044D8B4,sub_44D8A0,void __cdecl sub_44D8A0();,0x5400,game
42032fc2807f7dec6de1ed6efb9d18a70668a015f23e32d58149c9d9952bc0a7,0x0044D8C0,0x0044D8E4,36,0x0044D8C0-0x0044D8E4,sub_44D8C0,,0x5400,game
42032fc2807f7dec6de1ed6efb9d18a70668a015f23e32d58149c9d9952bc0a7,0x0044D8F0,0x0044D904,20,0x0044D8F0-0x0044D904,sub_44D8F0,void __cdecl sub_44D8F0();,0x5400,game
42032fc2807f7dec6de1ed6efb9d18a70668a015f23e32d58149c9d9952bc0a7,0x0044D910,0x0044D926,22,0x0044D910-0x0044D926,sub_44D910,,0x5400,game
42032fc2807f7dec6de1ed6efb9d18a70668a015f23e32d58149c9d9952bc0a7,0x0044D930,0x0044D93A,10,0x0044D930-0x0044D93A,unknown_libname_90,void __cdecl unknown_libname_90();,0x5444,library
42032fc2807f7dec6de1ed6efb9d18a70668a015f23e32d58149c9d9952bc0a7,0x0044D940,0x0044D956,22,0x0044D940-0x0044D956,sub_44D940,,0x5400,game
42032fc2807f7dec6de1ed6efb9d18a70668a015f23e32d58149c9d9952bc0a7,0x0044D960,0x0044D96A,10,0x0044D960-0x0044D96A,unknown_libname_91,void __cdecl unknown_libname_91();,0x5444,library
42032fc2807f7dec6de1ed6efb9d18a70668a015f23e32d58149c9d9952bc0a7,0x0044D970,0x0044D986,22,0x0044D970-0x0044D986,sub_44D970,,0x5400,game
42032fc2807f7dec6de1ed6efb9d18a70668a015f23e32d58149c9d9952bc0a7,0x0044D990,0x0044D99A,10,0x0044D990-0x0044D99A,unknown_libname_92,void __cdecl unknown_libname_92();,0x5444,library
42032fc2807f7dec6de1ed6efb9d18a70668a015f23e32d58149c9d9952bc0a7,0x0044D9A0,0x0044D9B6,22,0x0044D9A0-0x0044D9B6,sub_44D9A0,,0x5400,game
42032fc2807f7dec6de1ed6efb9d18a70668a015f23e32d58149c9d9952bc0a7,0x0044D9C0,0x0044D9CA,10,0x0044D9C0-0x0044D9CA,unknown_libname_93,void __cdecl unknown_libname_93();,0x5444,library
42032fc2807f7dec6de1ed6efb9d18a70668a015f23e32d58149c9d9952bc0a7,0x0044D9D0,0x0044D9E6,22,0x0044D9D0-0x0044D9E6,sub_44D9D0,,0x5400,game
42032fc2807f7dec6de1ed6efb9d18a70668a015f23e32d58149c9d9952bc0a7,0x0044D9F0,0x0044D9FA,10,0x0044D9F0-0x0044D9FA,unknown_libname_94,void __cdecl unknown_libname_94();,0x5444,library
42032fc2807f7dec6de1ed6efb9d18a70668a015f23e32d58149c9d9952bc0a7,0x0044DA00,0x0044DA16,22,0x0044DA00-0x0044DA16,sub_44DA00,,0x5400,game
42032fc2807f7dec6de1ed6efb9d18a70668a015f23e32d58149c9d9952bc0a7,0x0044DA20,0x0044DA2A,10,0x0044DA20-0x0044DA2A,unknown_libname_95,void __cdecl unknown_libname_95();,0x5444,library
42032fc2807f7dec6de1ed6efb9d18a70668a015f23e32d58149c9d9952bc0a7,0x0044DA30,0x0044DA46,22,0x0044DA30-0x0044DA46,sub_44DA30,,0x5400,game
42032fc2807f7dec6de1ed6efb9d18a70668a015f23e32d58149c9d9952bc0a7,0x0044DA50,0x0044DA5A,10,0x0044DA50-0x0044DA5A,unknown_libname_96,void __cdecl unknown_libname_96();,0x5444,library
42032fc2807f7dec6de1ed6efb9d18a70668a015f23e32d58149c9d9952bc0a7,0x0044DA60,0x0044DA76,22,0x0044DA60-0x0044DA76,sub_44DA60,,0x5400,game
42032fc2807f7dec6de1ed6efb9d18a70668a015f23e32d58149c9d9952bc0a7,0x0044DA80,0x0044DA8A,10,0x0044DA80-0x0044DA8A,unknown_libname_97,void __cdecl unknown_libname_97();,0x5444,library
42032fc2807f7dec6de1ed6efb9d18a70668a015f23e32d58149c9d9952bc0a7,0x0044DA90,0x0044DAA6,22,0x0044DA90-0x0044DAA6,sub_44DA90,,0x5400,game
42032fc2807f7dec6de1ed6efb9d18a70668a015f23e32d58149c9d9952bc0a7,0x0044DAB0,0x0044DABA,10,0x0044DAB0-0x0044DABA,unknown_libname_98,void __cdecl unknown_libname_98();,0x5444,library
42032fc2807f7dec6de1ed6efb9d18a70668a015f23e32d58149c9d9952bc0a7,0x0044DAC0,0x0044DAD6,22,0x0044DAC0-0x0044DAD6,sub_44DAC0,,0x5400,game
42032fc2807f7dec6de1ed6efb9d18a70668a015f23e32d58149c9d9952bc0a7,0x0044DAE0,0x0044DAEA,10,0x0044DAE0-0x0044DAEA,unknown_libname_99,void __cdecl unknown_libname_99();,0x5444,library
42032fc2807f7dec6de1ed6efb9d18a70668a015f23e32d58149c9d9952bc0a7,0x0044DAF0,0x0044DB06,22,0x0044DAF0-0x0044DB06,sub_44DAF0,,0x5400,game
42032fc2807f7dec6de1ed6efb9d18a70668a015f23e32d58149c9d9952bc0a7,0x0044DB10,0x0044DB1A,10,0x0044DB10-0x0044DB1A,unknown_libname_100,void __cdecl unknown_libname_100();,0x5444,library
42032fc2807f7dec6de1ed6efb9d18a70668a015f23e32d58149c9d9952bc0a7,0x0044DB20,0x0044DB36,22,0x0044DB20-0x0044DB36,sub_44DB20,,0x5400,game
42032fc2807f7dec6de1ed6efb9d18a70668a015f23e32d58149c9d9952bc0a7,0x0044DB40,0x0044DB4A,10,0x0044DB40-0x0044DB4A,unknown_libname_101,void __cdecl unknown_libname_101();,0x5444,library
42032fc2807f7dec6de1ed6efb9d18a70668a015f23e32d58149c9d9952bc0a7,0x0044DB50,0x0044DB74,36,0x0044DB50-0x0044DB74,sub_44DB50,,0x5400,game
42032fc2807f7dec6de1ed6efb9d18a70668a015f23e32d58149c9d9952bc0a7,0x0044DB80,0x0044DB94,20,0x0044DB80-0x0044DB94,sub_44DB80,void __cdecl sub_44DB80();,0x5400,game
42032fc2807f7dec6de1ed6efb9d18a70668a015f23e32d58149c9d9952bc0a7,0x0044DBA0,0x0044DBB6,22,0x0044DBA0-0x0044DBB6,sub_44DBA0,,0x5400,game
42032fc2807f7dec6de1ed6efb9d18a70668a015f23e32d58149c9d9952bc0a7,0x0044DBC0,0x0044DBCA,10,0x0044DBC0-0x0044DBCA,unknown_libname_102,void __cdecl unknown_libname_102();,0x5444,library
42032fc2807f7dec6de1ed6efb9d18a70668a015f23e32d58149c9d9952bc0a7,0x0044DBD0,0x0044DBF4,36,0x0044DBD0-0x0044DBF4,sub_44DBD0,,0x5400,game
42032fc2807f7dec6de1ed6efb9d18a70668a015f23e32d58149c9d9952bc0a7,0x0044DC00,0x0044DC14,20,0x0044DC00-0x0044DC14,sub_44DC00,void __cdecl sub_44DC00();,0x5400,game
42032fc2807f7dec6de1ed6efb9d18a70668a015f23e32d58149c9d9952bc0a7,0x0044DC20,0x0044DC36,22,0x0044DC20-0x0044DC36,sub_44DC20,,0x5400,game
42032fc2807f7dec6de1ed6efb9d18a70668a015f23e32d58149c9d9952bc0a7,0x0044DC40,0x0044DC4A,10,0x0044DC40-0x0044DC4A,unknown_libname_103,void __cdecl unknown_libname_103();,0x5444,library
42032fc2807f7dec6de1ed6efb9d18a70668a015f23e32d58149c9d9952bc0a7,0x0044DC50,0x0044DC66,22,0x0044DC50-0x0044DC66,sub_44DC50,,0x5400,game
42032fc2807f7dec6de1ed6efb9d18a70668a015f23e32d58149c9d9952bc0a7,0x0044DC70,0x0044DC7A,10,0x0044DC70-0x0044DC7A,unknown_libname_104,void __cdecl unknown_libname_104();,0x5444,library
42032fc2807f7dec6de1ed6efb9d18a70668a015f23e32d58149c9d9952bc0a7,0x0044DC80,0x0044DC96,22,0x0044DC80-0x0044DC96,sub_44DC80,,0x5400,game
42032fc2807f7dec6de1ed6efb9d18a70668a015f23e32d58149c9d9952bc0a7,0x0044DCA0,0x0044DCAA,10,0x0044DCA0-0x0044DCAA,unknown_libname_105,void __cdecl unknown_libname_105();,0x5444,library
42032fc2807f7dec6de1ed6efb9d18a70668a015f23e32d58149c9d9952bc0a7,0x0044DCB0,0x0044DCC6,22,0x0044DCB0-0x0044DCC6,sub_44DCB0,,0x5400,game
42032fc2807f7dec6de1ed6efb9d18a70668a015f23e32d58149c9d9952bc0a7,0x0044DCD0,0x0044DCDA,10,0x0044DCD0-0x0044DCDA,unknown_libname_106,void __cdecl unknown_libname_106();,0x5444,library
42032fc2807f7dec6de1ed6efb9d18a70668a015f23e32d58149c9d9952bc0a7,0x0044DCE0,0x0044DCF6,22,0x0044DCE0-0x0044DCF6,sub_44DCE0,,0x5400,game
42032fc2807f7dec6de1ed6efb9d18a70668a015f23e32d58149c9d9952bc0a7,0x0044DD00,0x0044DD0A,10,0x0044DD00-0x0044DD0A,unknown_libname_107,void __cdecl unknown_libname_107();,0x5444,library
42032fc2807f7dec6de1ed6efb9d18a70668a015f23e32d58149c9d9952bc0a7,0x0044DD10,0x0044DD26,22,0x0044DD10-0x0044DD26,sub_44DD10,,0x5400,game
42032fc2807f7dec6de1ed6efb9d18a70668a015f23e32d58149c9d9952bc0a7,0x0044DD30,0x0044DD3A,10,0x0044DD30-0x0044DD3A,unknown_libname_108,void __cdecl unknown_libname_108();,0x5444,library
42032fc2807f7dec6de1ed6efb9d18a70668a015f23e32d58149c9d9952bc0a7,0x0044DD40,0x0044DD56,22,0x0044DD40-0x0044DD56,sub_44DD40,,0x5400,game
42032fc2807f7dec6de1ed6efb9d18a70668a015f23e32d58149c9d9952bc0a7,0x0044DD60,0x0044DD6A,10,0x0044DD60-0x0044DD6A,unknown_libname_109,void __cdecl unknown_libname_109();,0x5444,library
42032fc2807f7dec6de1ed6efb9d18a70668a015f23e32d58149c9d9952bc0a7,0x0044DD70,0x0044DD86,22,0x0044DD70-0x0044DD86,sub_44DD70,,0x5400,game
42032fc2807f7dec6de1ed6efb9d18a70668a015f23e32d58149c9d9952bc0a7,0x0044DD90,0x0044DD9A,10,0x0044DD90-0x0044DD9A,unknown_libname_110,void __cdecl unknown_libname_110();,0x5444,library
42032fc2807f7dec6de1ed6efb9d18a70668a015f23e32d58149c9d9952bc0a7,0x0044DDA0,0x0044DDB6,22,0x0044DDA0-0x0044DDB6,sub_44DDA0,,0x5400,game
42032fc2807f7dec6de1ed6efb9d18a70668a015f23e32d58149c9d9952bc0a7,0x0044DDC0,0x0044DDCA,10,0x0044DDC0-0x0044DDCA,unknown_libname_111,void __cdecl unknown_libname_111();,0x5444,library
42032fc2807f7dec6de1ed6efb9d18a70668a015f23e32d58149c9d9952bc0a7,0x0044DDD0,0x0044DDF4,36,0x0044DDD0-0x0044DDF4,sub_44DDD0,,0x5400,game
42032fc2807f7dec6de1ed6efb9d18a70668a015f23e32d58149c9d9952bc0a7,0x0044DE00,0x0044DE14,20,0x0044DE00-0x0044DE14,sub_44DE00,void __cdecl sub_44DE00();,0x5400,game
42032fc2807f7dec6de1ed6efb9d18a70668a015f23e32d58149c9d9952bc0a7,0x0044DE20,0x0044DE36,22,0x0044DE20-0x0044DE36,sub_44DE20,,0x5400,game
42032fc2807f7dec6de1ed6efb9d18a70668a015f23e32d58149c9d9952bc0a7,0x0044DE40,0x0044DE4A,10,0x0044DE40-0x0044DE4A,unknown_libname_112,void __cdecl unknown_libname_112();,0x5444,library
42032fc2807f7dec6de1ed6efb9d18a70668a015f23e32d58149c9d9952bc0a7,0x0044DE50,0x0044DE66,22,0x0044DE50-0x0044DE66,sub_44DE50,,0x5400,game
42032fc2807f7dec6de1ed6efb9d18a70668a015f23e32d58149c9d9952bc0a7,0x0044DE70,0x0044DE7A,10,0x0044DE70-0x0044DE7A,unknown_libname_113,void __cdecl unknown_libname_113();,0x5444,library
42032fc2807f7dec6de1ed6efb9d18a70668a015f23e32d58149c9d9952bc0a7,0x0044DE80,0x0044DE96,22,0x0044DE80-0x0044DE96,sub_44DE80,,0x5400,game
42032fc2807f7dec6de1ed6efb9d18a70668a015f23e32d58149c9d9952bc0a7,0x0044DEA0,0x0044DEAA,10,0x0044DEA0-0x0044DEAA,unknown_libname_114,void __cdecl unknown_libname_114();,0x5444,library
42032fc2807f7dec6de1ed6efb9d18a70668a015f23e32d58149c9d9952bc0a7,0x0044DEB0,0x0044DED4,36,0x0044DEB0-0x0044DED4,sub_44DEB0,,0x5400,game
42032fc2807f7dec6de1ed6efb9d18a70668a015f23e32d58149c9d9952bc0a7,0x0044DEE0,0x0044DEF4,20,0x0044DEE0-0x0044DEF4,sub_44DEE0,void __cdecl sub_44DEE0();,0x5400,game
42032fc2807f7dec6de1ed6efb9d18a70668a015f23e32d58149c9d9952bc0a7,0x0044DF00,0x0044DF16,22,0x0044DF00-0x0044DF16,sub_44DF00,,0x5400,game
42032fc2807f7dec6de1ed6efb9d18a70668a015f23e32d58149c9d9952bc0a7,0x0044DF20,0x0044DF2A,10,0x0044DF20-0x0044DF2A,unknown_libname_115,void __cdecl unknown_libname_115();,0x5444,library
42032fc2807f7dec6de1ed6efb9d18a70668a015f23e32d58149c9d9952bc0a7,0x0044DF30,0x0044DF54,36,0x0044DF30-0x0044DF54,sub_44DF30,,0x5400,game
42032fc2807f7dec6de1ed6efb9d18a70668a015f23e32d58149c9d9952bc0a7,0x0044DF60,0x0044DF74,20,0x0044DF60-0x0044DF74,sub_44DF60,void __cdecl sub_44DF60();,0x5400,game
42032fc2807f7dec6de1ed6efb9d18a70668a015f23e32d58149c9d9952bc0a7,0x0044DF80,0x0044DF96,22,0x0044DF80-0x0044DF96,sub_44DF80,,0x5400,game
42032fc2807f7dec6de1ed6efb9d18a70668a015f23e32d58149c9d9952bc0a7,0x0044DFA0,0x0044DFAA,10,0x0044DFA0-0x0044DFAA,unknown_libname_116,void __cdecl unknown_libname_116();,0x5444,library
42032fc2807f7dec6de1ed6efb9d18a70668a015f23e32d58149c9d9952bc0a7,0x0044DFB0,0x0044DFD4,36,0x0044DFB0-0x0044DFD4,sub_44DFB0,,0x5400,game
42032fc2807f7dec6de1ed6efb9d18a70668a015f23e32d58149c9d9952bc0a7,0x0044DFE0,0x0044DFF4,20,0x0044DFE0-0x0044DFF4,sub_44DFE0,void __cdecl sub_44DFE0();,0x5400,game
42032fc2807f7dec6de1ed6efb9d18a70668a015f23e32d58149c9d9952bc0a7,0x0044E000,0x0044E016,22,0x0044E000-0x0044E016,sub_44E000,,0x5400,game
42032fc2807f7dec6de1ed6efb9d18a70668a015f23e32d58149c9d9952bc0a7,0x0044E020,0x0044E02A,10,0x0044E020-0x0044E02A,unknown_libname_117,void __cdecl unknown_libname_117();,0x5444,library
42032fc2807f7dec6de1ed6efb9d18a70668a015f23e32d58149c9d9952bc0a7,0x0044E030,0x0044E046,22,0x0044E030-0x0044E046,sub_44E030,,0x5400,game
42032fc2807f7dec6de1ed6efb9d18a70668a015f23e32d58149c9d9952bc0a7,0x0044E050,0x0044E05A,10,0x0044E050-0x0044E05A,unknown_libname_118,void __cdecl unknown_libname_118();,0x5444,library
42032fc2807f7dec6de1ed6efb9d18a70668a015f23e32d58149c9d9952bc0a7,0x0044E060,0x0044E076,22,0x0044E060-0x0044E076,sub_44E060,,0x5400,game
42032fc2807f7dec6de1ed6efb9d18a70668a015f23e32d58149c9d9952bc0a7,0x0044E080,0x0044E08A,10,0x0044E080-0x0044E08A,unknown_libname_119,void __cdecl unknown_libname_119();,0x5444,library
42032fc2807f7dec6de1ed6efb9d18a70668a015f23e32d58149c9d9952bc0a7,0x0044E090,0x0044E0A6,22,0x0044E090-0x0044E0A6,sub_44E090,,0x5400,game
42032fc2807f7dec6de1ed6efb9d18a70668a015f23e32d58149c9d9952bc0a7,0x0044E0B0,0x0044E0BA,10,0x0044E0B0-0x0044E0BA,unknown_libname_120,void __cdecl unknown_libname_120();,0x5444,library
42032fc2807f7dec6de1ed6efb9d18a70668a015f23e32d58149c9d9952bc0a7,0x0044E0C0,0x0044E0D6,22,0x0044E0C0-0x0044E0D6,sub_44E0C0,,0x5400,game
42032fc2807f7dec6de1ed6efb9d18a70668a015f23e32d58149c9d9952bc0a7,0x0044E0E0,0x0044E0EA,10,0x0044E0E0-0x0044E0EA,unknown_libname_121,void __cdecl unknown_libname_121();,0x5444,library
42032fc2807f7dec6de1ed6efb9d18a70668a015f23e32d58149c9d9952bc0a7,0x0044E0F0,0x0044E106,22,0x0044E0F0-0x0044E106,sub_44E0F0,,0x5400,game
42032fc2807f7dec6de1ed6efb9d18a70668a015f23e32d58149c9d9952bc0a7,0x0044E110,0x0044E11A,10,0x0044E110-0x0044E11A,unknown_libname_122,void __cdecl unknown_libname_122();,0x5444,library
42032fc2807f7dec6de1ed6efb9d18a70668a015f23e32d58149c9d9952bc0a7,0x0044E120,0x0044E144,36,0x0044E120-0x0044E144,sub_44E120,,0x5400,game
42032fc2807f7dec6de1ed6efb9d18a70668a015f23e32d58149c9d9952bc0a7,0x0044E150,0x0044E164,20,0x0044E150-0x0044E164,sub_44E150,void __cdecl sub_44E150();,0x5400,game
42032fc2807f7dec6de1ed6efb9d18a70668a015f23e32d58149c9d9952bc0a7,0x0044E170,0x0044E186,22,0x0044E170-0x0044E186,sub_44E170,,0x5400,game
42032fc2807f7dec6de1ed6efb9d18a70668a015f23e32d58149c9d9952bc0a7,0x0044E190,0x0044E19A,10,0x0044E190-0x0044E19A,unknown_libname_123,void __cdecl unknown_libname_123();,0x5444,library
42032fc2807f7dec6de1ed6efb9d18a70668a015f23e32d58149c9d9952bc0a7,0x0044E1A0,0x0044E1B6,22,0x0044E1A0-0x0044E1B6,sub_44E1A0,,0x5400,game
42032fc2807f7dec6de1ed6efb9d18a70668a015f23e32d58149c9d9952bc0a7,0x0044E1C0,0x0044E1CA,10,0x0044E1C0-0x0044E1CA,unknown_libname_124,void __cdecl unknown_libname_124();,0x5444,library
42032fc2807f7dec6de1ed6efb9d18a70668a015f23e32d58149c9d9952bc0a7,0x0044E1D0,0x0044E1F4,36,0x0044E1D0-0x0044E1F4,sub_44E1D0,,0x5400,game
42032fc2807f7dec6de1ed6efb9d18a70668a015f23e32d58149c9d9952bc0a7,0x0044E200,0x0044E214,20,0x0044E200-0x0044E214,sub_44E200,void __cdecl sub_44E200();,0x5400,game
42032fc2807f7dec6de1ed6efb9d18a70668a015f23e32d58149c9d9952bc0a7,0x0044E220,0x0044E236,22,0x0044E220-0x0044E236,sub_44E220,,0x5400,game
42032fc2807f7dec6de1ed6efb9d18a70668a015f23e32d58149c9d9952bc0a7,0x0044E240,0x0044E24A,10,0x0044E240-0x0044E24A,unknown_libname_125,void __cdecl unknown_libname_125();,0x5444,library
42032fc2807f7dec6de1ed6efb9d18a70668a015f23e32d58149c9d9952bc0a7,0x0044E250,0x0044E266,22,0x0044E250-0x0044E266,sub_44E250,,0x5400,game
42032fc2807f7dec6de1ed6efb9d18a70668a015f23e32d58149c9d9952bc0a7,0x0044E270,0x0044E27A,10,0x0044E270-0x0044E27A,unknown_libname_126,void __cdecl unknown_libname_126();,0x5444,library
42032fc2807f7dec6de1ed6efb9d18a70668a015f23e32d58149c9d9952bc0a7,0x0044E280,0x0044E296,22,0x0044E280-0x0044E296,sub_44E280,,0x5400,game
42032fc2807f7dec6de1ed6efb9d18a70668a015f23e32d58149c9d9952bc0a7,0x0044E2A0,0x0044E2AA,10,0x0044E2A0-0x0044E2AA,unknown_libname_127,void __cdecl unknown_libname_127();,0x5444,library
42032fc2807f7dec6de1ed6efb9d18a70668a015f23e32d58149c9d9952bc0a7,0x0044E2B0,0x0044E2C6,22,0x0044E2B0-0x0044E2C6,sub_44E2B0,,0x5400,game
42032fc2807f7dec6de1ed6efb9d18a70668a015f23e32d58149c9d9952bc0a7,0x0044E2D0,0x0044E2DA,10,0x0044E2D0-0x0044E2DA,unknown_libname_128,void __cdecl unknown_libname_128();,0x5444,library
42032fc2807f7dec6de1ed6efb9d18a70668a015f23e32d58149c9d9952bc0a7,0x0044E2E0,0x0044E304,36,0x0044E2E0-0x0044E304,sub_44E2E0,,0x5400,game
42032fc2807f7dec6de1ed6efb9d18a70668a015f23e32d58149c9d9952bc0a7,0x0044E310,0x0044E324,20,0x0044E310-0x0044E324,sub_44E310,void __cdecl sub_44E310();,0x5400,game
42032fc2807f7dec6de1ed6efb9d18a70668a015f23e32d58149c9d9952bc0a7,0x0044E330,0x0044E346,22,0x0044E330-0x0044E346,sub_44E330,,0x5400,game
42032fc2807f7dec6de1ed6efb9d18a70668a015f23e32d58149c9d9952bc0a7,0x0044E350,0x0044E35A,10,0x0044E350-0x0044E35A,unknown_libname_129,void __cdecl unknown_libname_129();,0x5444,library
42032fc2807f7dec6de1ed6efb9d18a70668a015f23e32d58149c9d9952bc0a7,0x0044E360,0x0044E376,22,0x0044E360-0x0044E376,sub_44E360,,0x5400,game
42032fc2807f7dec6de1ed6efb9d18a70668a015f23e32d58149c9d9952bc0a7,0x0044E380,0x0044E38A,10,0x0044E380-0x0044E38A,unknown_libname_130,void __cdecl unknown_libname_130();,0x5444,library
42032fc2807f7dec6de1ed6efb9d18a70668a015f23e32d58149c9d9952bc0a7,0x0044E390,0x0044E3A6,22,0x0044E390-0x0044E3A6,sub_44E390,,0x5400,game
42032fc2807f7dec6de1ed6efb9d18a70668a015f23e32d58149c9d9952bc0a7,0x0044E3B0,0x0044E3BA,10,0x0044E3B0-0x0044E3BA,unknown_libname_131,void __cdecl unknown_libname_131();,0x5444,library
42032fc2807f7dec6de1ed6efb9d18a70668a015f23e32d58149c9d9952bc0a7,0x0044E3C0,0x0044E3E4,36,0x0044E3C0-0x0044E3E4,sub_44E3C0,,0x5400,game
42032fc2807f7dec6de1ed6efb9d18a70668a015f23e32d58149c9d9952bc0a7,0x0044E3F0,0x0044E404,20,0x0044E3F0-0x0044E404,sub_44E3F0,void __cdecl sub_44E3F0();,0x5400,game
42032fc2807f7dec6de1ed6efb9d18a70668a015f23e32d58149c9d9952bc0a7,0x0044E410,0x0044E426,22,0x0044E410-0x0044E426,sub_44E410,,0x5400,game
42032fc2807f7dec6de1ed6efb9d18a70668a015f23e32d58149c9d9952bc0a7,0x0044E430,0x0044E43A,10,0x0044E430-0x0044E43A,unknown_libname_132,void __cdecl unknown_libname_132();,0x5444,library
42032fc2807f7dec6de1ed6efb9d18a70668a015f23e32d58149c9d9952bc0a7,0x0044E440,0x0044E456,22,0x0044E440-0x0044E456,sub_44E440,,0x5400,game
42032fc2807f7dec6de1ed6efb9d18a70668a015f23e32d58149c9d9952bc0a7,0x0044E460,0x0044E46A,10,0x0044E460-0x0044E46A,unknown_libname_133,void __cdecl unknown_libname_133();,0x5444,library
42032fc2807f7dec6de1ed6efb9d18a70668a015f23e32d58149c9d9952bc0a7,0x0044E470,0x0044E494,36,0x0044E470-0x0044E494,sub_44E470,,0x5400,game
42032fc2807f7dec6de1ed6efb9d18a70668a015f23e32d58149c9d9952bc0a7,0x0044E4A0,0x0044E4B4,20,0x0044E4A0-0x0044E4B4,sub_44E4A0,void __cdecl sub_44E4A0();,0x5400,game
42032fc2807f7dec6de1ed6efb9d18a70668a015f23e32d58149c9d9952bc0a7,0x0044E4C0,0x0044E4E4,36,0x0044E4C0-0x0044E4E4,sub_44E4C0,,0x5400,game
42032fc2807f7dec6de1ed6efb9d18a70668a015f23e32d58149c9d9952bc0a7,0x0044E4F0,0x0044E504,20,0x0044E4F0-0x0044E504,sub_44E4F0,void __cdecl sub_44E4F0();,0x5400,game
42032fc2807f7dec6de1ed6efb9d18a70668a015f23e32d58149c9d9952bc0a7,0x0044E510,0x0044E526,22,0x0044E510-0x0044E526,sub_44E510,,0x5400,game
42032fc2807f7dec6de1ed6efb9d18a70668a015f23e32d58149c9d9952bc0a7,0x0044E530,0x0044E53A,10,0x0044E530-0x0044E53A,unknown_libname_134,void __cdecl unknown_libname_134();,0x5444,library
42032fc2807f7dec6de1ed6efb9d18a70668a015f23e32d58149c9d9952bc0a7,0x0044E540,0x0044E556,22,0x0044E540-0x0044E556,sub_44E540,,0x5400,game
42032fc2807f7dec6de1ed6efb9d18a70668a015f23e32d58149c9d9952bc0a7,0x0044E560,0x0044E56A,10,0x0044E560-0x0044E56A,unknown_libname_135,void __cdecl unknown_libname_135();,0x5444,library
42032fc2807f7dec6de1ed6efb9d18a70668a015f23e32d58149c9d9952bc0a7,0x0044E570,0x0044E586,22,0x0044E570-0x0044E586,sub_44E570,,0x5400,game
42032fc2807f7dec6de1ed6efb9d18a70668a015f23e32d58149c9d9952bc0a7,0x0044E590,0x0044E59A,10,0x0044E590-0x0044E59A,unknown_libname_136,void __cdecl unknown_libname_136();,0x5444,library
42032fc2807f7dec6de1ed6efb9d18a70668a015f23e32d58149c9d9952bc0a7,0x0044E5A0,0x0044E5C4,36,0x0044E5A0-0x0044E5C4,sub_44E5A0,,0x5400,game
42032fc2807f7dec6de1ed6efb9d18a70668a015f23e32d58149c9d9952bc0a7,0x0044E5D0,0x0044E5E4,20,0x0044E5D0-0x0044E5E4,sub_44E5D0,void __cdecl sub_44E5D0();,0x5400,game
42032fc2807f7dec6de1ed6efb9d18a70668a015f23e32d58149c9d9952bc0a7,0x0044E5F0,0x0044E606,22,0x0044E5F0-0x0044E606,sub_44E5F0,,0x5400,game
42032fc2807f7dec6de1ed6efb9d18a70668a015f23e32d58149c9d9952bc0a7,0x0044E610,0x0044E61A,10,0x0044E610-0x0044E61A,unknown_libname_137,void __cdecl unknown_libname_137();,0x5444,library
42032fc2807f7dec6de1ed6efb9d18a70668a015f23e32d58149c9d9952bc0a7,0x0044E620,0x0044E636,22,0x0044E620-0x0044E636,sub_44E620,,0x5400,game
42032fc2807f7dec6de1ed6efb9d18a70668a015f23e32d58149c9d9952bc0a7,0x0044E640,0x0044E64A,10,0x0044E640-0x0044E64A,unknown_libname_138,void __cdecl unknown_libname_138();,0x5444,library
42032fc2807f7dec6de1ed6efb9d18a70668a015f23e32d58149c9d9952bc0a7,0x0044E650,0x0044E674,36,0x0044E650-0x0044E674,sub_44E650,,0x5400,game
42032fc2807f7dec6de1ed6efb9d18a70668a015f23e32d58149c9d9952bc0a7,0x0044E680,0x0044E694,20,0x0044E680-0x0044E694,sub_44E680,void __cdecl sub_44E680();,0x5400,game
42032fc2807f7dec6de1ed6efb9d18a70668a015f23e32d58149c9d9952bc0a7,0x0044E6A0,0x0044E6C4,36,0x0044E6A0-0x0044E6C4,sub_44E6A0,,0x5400,game
42032fc2807f7dec6de1ed6efb9d18a70668a015f23e32d58149c9d9952bc0a7,0x0044E6D0,0x0044E6E4,20,0x0044E6D0-0x0044E6E4,sub_44E6D0,void __cdecl sub_44E6D0();,0x5400,game
42032fc2807f7dec6de1ed6efb9d18a70668a015f23e32d58149c9d9952bc0a7,0x0044E6F0,0x0044E706,22,0x0044E6F0-0x0044E706,sub_44E6F0,,0x5400,game
42032fc2807f7dec6de1ed6efb9d18a70668a015f23e32d58149c9d9952bc0a7,0x0044E710,0x0044E71A,10,0x0044E710-0x0044E71A,unknown_libname_139,void __cdecl unknown_libname_139();,0x5444,library
42032fc2807f7dec6de1ed6efb9d18a70668a015f23e32d58149c9d9952bc0a7,0x0044E720,0x0044E744,36,0x0044E720-0x0044E744,sub_44E720,,0x5400,game
42032fc2807f7dec6de1ed6efb9d18a70668a015f23e32d58149c9d9952bc0a7,0x0044E750,0x0044E764,20,0x0044E750-0x0044E764,sub_44E750,void __cdecl sub_44E750();,0x5400,game
42032fc2807f7dec6de1ed6efb9d18a70668a015f23e32d58149c9d9952bc0a7,0x0044E770,0x0044E794,36,0x0044E770-0x0044E794,sub_44E770,,0x5400,game
42032fc2807f7dec6de1ed6efb9d18a70668a015f23e32d58149c9d9952bc0a7,0x0044E7A0,0x0044E7B4,20,0x0044E7A0-0x0044E7B4,sub_44E7A0,void __cdecl sub_44E7A0();,0x5400,game
42032fc2807f7dec6de1ed6efb9d18a70668a015f23e32d58149c9d9952bc0a7,0x0044E7C0,0x0044E7E4,36,0x0044E7C0-0x0044E7E4,sub_44E7C0,,0x5400,game
42032fc2807f7dec6de1ed6efb9d18a70668a015f23e32d58149c9d9952bc0a7,0x0044E7F0,0x0044E804,20,0x0044E7F0-0x0044E804,sub_44E7F0,void __cdecl sub_44E7F0();,0x5400,game
42032fc2807f7dec6de1ed6efb9d18a70668a015f23e32d58149c9d9952bc0a7,0x0044E810,0x0044E826,22,0x0044E810-0x0044E826,sub_44E810,,0x5400,game
42032fc2807f7dec6de1ed6efb9d18a70668a015f23e32d58149c9d9952bc0a7,0x0044E830,0x0044E83A,10,0x0044E830-0x0044E83A,unknown_libname_140,void __cdecl unknown_libname_140();,0x5444,library
42032fc2807f7dec6de1ed6efb9d18a70668a015f23e32d58149c9d9952bc0a7,0x0044E840,0x0044E864,36,0x0044E840-0x0044E864,sub_44E840,,0x5400,game
42032fc2807f7dec6de1ed6efb9d18a70668a015f23e32d58149c9d9952bc0a7,0x0044E870,0x0044E884,20,0x0044E870-0x0044E884,sub_44E870,void __cdecl sub_44E870();,0x5400,game
42032fc2807f7dec6de1ed6efb9d18a70668a015f23e32d58149c9d9952bc0a7,0x0044E890,0x0044E8B4,36,0x0044E890-0x0044E8B4,sub_44E890,,0x5400,game
42032fc2807f7dec6de1ed6efb9d18a70668a015f23e32d58149c9d9952bc0a7,0x0044E8C0,0x0044E8D4,20,0x0044E8C0-0x0044E8D4,sub_44E8C0,void __cdecl sub_44E8C0();,0x5400,game
42032fc2807f7dec6de1ed6efb9d18a70668a015f23e32d58149c9d9952bc0a7,0x0044E8E0,0x0044E904,36,0x0044E8E0-0x0044E904,sub_44E8E0,,0x5400,game
42032fc2807f7dec6de1ed6efb9d18a70668a015f23e32d58149c9d9952bc0a7,0x0044E910,0x0044E924,20,0x0044E910-0x0044E924,sub_44E910,void __cdecl sub_44E910();,0x5400,game
42032fc2807f7dec6de1ed6efb9d18a70668a015f23e32d58149c9d9952bc0a7,0x0044E930,0x0044E954,36,0x0044E930-0x0044E954,sub_44E930,,0x5400,game
42032fc2807f7dec6de1ed6efb9d18a70668a015f23e32d58149c9d9952bc0a7,0x0044E960,0x0044E974,20,0x0044E960-0x0044E974,sub_44E960,void __cdecl sub_44E960();,0x5400,game
42032fc2807f7dec6de1ed6efb9d18a70668a015f23e32d58149c9d9952bc0a7,0x0044E980,0x0044E9A4,36,0x0044E980-0x0044E9A4,sub_44E980,,0x5400,game
42032fc2807f7dec6de1ed6efb9d18a70668a015f23e32d58149c9d9952bc0a7,0x0044E9B0,0x0044E9C4,20,0x0044E9B0-0x0044E9C4,sub_44E9B0,void __cdecl sub_44E9B0();,0x5400,game
42032fc2807f7dec6de1ed6efb9d18a70668a015f23e32d58149c9d9952bc0a7,0x0044E9D0,0x0044E9F4,36,0x0044E9D0-0x0044E9F4,sub_44E9D0,,0x5400,game
42032fc2807f7dec6de1ed6efb9d18a70668a015f23e32d58149c9d9952bc0a7,0x0044EA00,0x0044EA14,20,0x0044EA00-0x0044EA14,sub_44EA00,void __cdecl sub_44EA00();,0x5400,game
42032fc2807f7dec6de1ed6efb9d18a70668a015f23e32d58149c9d9952bc0a7,0x0044EA20,0x0044EA44,36,0x0044EA20-0x0044EA44,sub_44EA20,,0x5400,game
42032fc2807f7dec6de1ed6efb9d18a70668a015f23e32d58149c9d9952bc0a7,0x0044EA50,0x0044EA64,20,0x0044EA50-0x0044EA64,sub_44EA50,void __cdecl sub_44EA50();,0x5400,game
42032fc2807f7dec6de1ed6efb9d18a70668a015f23e32d58149c9d9952bc0a7,0x0044EA70,0x0044EA94,36,0x0044EA70-0x0044EA94,sub_44EA70,,0x5400,game
42032fc2807f7dec6de1ed6efb9d18a70668a015f23e32d58149c9d9952bc0a7,0x0044EAA0,0x0044EAB4,20,0x0044EAA0-0x0044EAB4,sub_44EAA0,void __cdecl sub_44EAA0();,0x5400,game
42032fc2807f7dec6de1ed6efb9d18a70668a015f23e32d58149c9d9952bc0a7,0x0044EAC0,0x0044EAE4,36,0x0044EAC0-0x0044EAE4,sub_44EAC0,,0x5400,game
42032fc2807f7dec6de1ed6efb9d18a70668a015f23e32d58149c9d9952bc0a7,0x0044EAF0,0x0044EB04,20,0x0044EAF0-0x0044EB04,sub_44EAF0,void __cdecl sub_44EAF0();,0x5400,game
42032fc2807f7dec6de1ed6efb9d18a70668a015f23e32d58149c9d9952bc0a7,0x0044EB10,0x0044EB34,36,0x0044EB10-0x0044EB34,sub_44EB10,,0x5400,game
42032fc2807f7dec6de1ed6efb9d18a70668a015f23e32d58149c9d9952bc0a7,0x0044EB40,0x0044EB54,20,0x0044EB40-0x0044EB54,sub_44EB40,void __cdecl sub_44EB40();,0x5400,game
42032fc2807f7dec6de1ed6efb9d18a70668a015f23e32d58149c9d9952bc0a7,0x0044EB60,0x0044EB76,22,0x0044EB60-0x0044EB76,sub_44EB60,,0x5400,game
42032fc2807f7dec6de1ed6efb9d18a70668a015f23e32d58149c9d9952bc0a7,0x0044EB80,0x0044EB8A,10,0x0044EB80-0x0044EB8A,unknown_libname_141,void __cdecl unknown_libname_141();,0x5444,library
42032fc2807f7dec6de1ed6efb9d18a70668a015f23e32d58149c9d9952bc0a7,0x0044EB90,0x0044EBB4,36,0x0044EB90-0x0044EBB4,sub_44EB90,,0x5400,game
42032fc2807f7dec6de1ed6efb9d18a70668a015f23e32d58149c9d9952bc0a7,0x0044EBC0,0x0044EBD4,20,0x0044EBC0-0x0044EBD4,sub_44EBC0,void __cdecl sub_44EBC0();,0x5400,game
42032fc2807f7dec6de1ed6efb9d18a70668a015f23e32d58149c9d9952bc0a7,0x0044EBE0,0x0044EC04,36,0x0044EBE0-0x0044EC04,sub_44EBE0,,0x5400,game
42032fc2807f7dec6de1ed6efb9d18a70668a015f23e32d58149c9d9952bc0a7,0x0044EC10,0x0044EC24,20,0x0044EC10-0x0044EC24,sub_44EC10,void __cdecl sub_44EC10();,0x5400,game
42032fc2807f7dec6de1ed6efb9d18a70668a015f23e32d58149c9d9952bc0a7,0x0044EC30,0x0044EC54,36,0x0044EC30-0x0044EC54,sub_44EC30,,0x5400,game
42032fc2807f7dec6de1ed6efb9d18a70668a015f23e32d58149c9d9952bc0a7,0x0044EC60,0x0044EC74,20,0x0044EC60-0x0044EC74,sub_44EC60,void __cdecl sub_44EC60();,0x5400,game
42032fc2807f7dec6de1ed6efb9d18a70668a015f23e32d58149c9d9952bc0a7,0x0044EC80,0x0044EC96,22,0x0044EC80-0x0044EC96,sub_44EC80,,0x5400,game
42032fc2807f7dec6de1ed6efb9d18a70668a015f23e32d58149c9d9952bc0a7,0x0044ECA0,0x0044ECAA,10,0x0044ECA0-0x0044ECAA,unknown_libname_142,void __cdecl unknown_libname_142();,0x5444,library
42032fc2807f7dec6de1ed6efb9d18a70668a015f23e32d58149c9d9952bc0a7,0x0044ECB0,0x0044ECC6,22,0x0044ECB0-0x0044ECC6,sub_44ECB0,,0x5400,game
42032fc2807f7dec6de1ed6efb9d18a70668a015f23e32d58149c9d9952bc0a7,0x0044ECD0,0x0044ECDA,10,0x0044ECD0-0x0044ECDA,unknown_libname_143,void __cdecl unknown_libname_143();,0x5444,library
42032fc2807f7dec6de1ed6efb9d18a70668a015f23e32d58149c9d9952bc0a7,0x0044ECE0,0x0044ECF6,22,0x0044ECE0-0x0044ECF6,sub_44ECE0,,0x5400,game
42032fc2807f7dec6de1ed6efb9d18a70668a015f23e32d58149c9d9952bc0a7,0x0044ED00,0x0044ED0A,10,0x0044ED00-0x0044ED0A,unknown_libname_144,void __cdecl unknown_libname_144();,0x5444,library
42032fc2807f7dec6de1ed6efb9d18a70668a015f23e32d58149c9d9952bc0a7,0x0044ED10,0x0044ED26,22,0x0044ED10-0x0044ED26,sub_44ED10,,0x5400,game
42032fc2807f7dec6de1ed6efb9d18a70668a015f23e32d58149c9d9952bc0a7,0x0044ED30,0x0044ED3A,10,0x0044ED30-0x0044ED3A,unknown_libname_145,void __cdecl unknown_libname_145();,0x5444,library
42032fc2807f7dec6de1ed6efb9d18a70668a015f23e32d58149c9d9952bc0a7,0x0044ED40,0x0044ED56,22,0x0044ED40-0x0044ED56,sub_44ED40,,0x5400,game
42032fc2807f7dec6de1ed6efb9d18a70668a015f23e32d58149c9d9952bc0a7,0x0044ED60,0x0044ED6A,10,0x0044ED60-0x0044ED6A,unknown_libname_146,void __cdecl unknown_libname_146();,0x5444,library
42032fc2807f7dec6de1ed6efb9d18a70668a015f23e32d58149c9d9952bc0a7,0x0044ED70,0x0044ED86,22,0x0044ED70-0x0044ED86,sub_44ED70,,0x5400,game
42032fc2807f7dec6de1ed6efb9d18a70668a015f23e32d58149c9d9952bc0a7,0x0044ED90,0x0044ED9A,10,0x0044ED90-0x0044ED9A,unknown_libname_147,void __cdecl unknown_libname_147();,0x5444,library
42032fc2807f7dec6de1ed6efb9d18a70668a015f23e32d58149c9d9952bc0a7,0x0044EDA0,0x0044EDB6,22,0x0044EDA0-0x0044EDB6,sub_44EDA0,,0x5400,game
42032fc2807f7dec6de1ed6efb9d18a70668a015f23e32d58149c9d9952bc0a7,0x0044EDC0,0x0044EDCA,10,0x0044EDC0-0x0044EDCA,unknown_libname_148,void __cdecl unknown_libname_148();,0x5444,library
42032fc2807f7dec6de1ed6efb9d18a70668a015f23e32d58149c9d9952bc0a7,0x0044EDD0,0x0044EDE6,22,0x0044EDD0-0x0044EDE6,sub_44EDD0,,0x5400,game
42032fc2807f7dec6de1ed6efb9d18a70668a015f23e32d58149c9d9952bc0a7,0x0044EDF0,0x0044EDFA,10,0x0044EDF0-0x0044EDFA,unknown_libname_149,void __cdecl unknown_libname_149();,0x5444,library
42032fc2807f7dec6de1ed6efb9d18a70668a015f23e32d58149c9d9952bc0a7,0x0044EE00,0x0044EE16,22,0x0044EE00-0x0044EE16,sub_44EE00,,0x5400,game
42032fc2807f7dec6de1ed6efb9d18a70668a015f23e32d58149c9d9952bc0a7,0x0044EE20,0x0044EE2A,10,0x0044EE20-0x0044EE2A,unknown_libname_150,void __cdecl unknown_libname_150();,0x5444,library
42032fc2807f7dec6de1ed6efb9d18a70668a015f23e32d58149c9d9952bc0a7,0x0044EE30,0x0044EE46,22,0x0044EE30-0x0044EE46,sub_44EE30,,0x5400,game
42032fc2807f7dec6de1ed6efb9d18a70668a015f23e32d58149c9d9952bc0a7,0x0044EE50,0x0044EE5A,10,0x0044EE50-0x0044EE5A,unknown_libname_151,void __cdecl unknown_libname_151();,0x5444,library
42032fc2807f7dec6de1ed6efb9d18a70668a015f23e32d58149c9d9952bc0a7,0x0044EE60,0x0044EE84,36,0x0044EE60-0x0044EE84,sub_44EE60,,0x5400,game
42032fc2807f7dec6de1ed6efb9d18a70668a015f23e32d58149c9d9952bc0a7,0x0044EE90,0x0044EEA4,20,0x0044EE90-0x0044EEA4,sub_44EE90,void __cdecl sub_44EE90();,0x5400,game
42032fc2807f7dec6de1ed6efb9d18a70668a015f23e32d58149c9d9952bc0a7,0x0044EEB0,0x0044EED4,36,0x0044EEB0-0x0044EED4,sub_44EEB0,,0x5400,game
42032fc2807f7dec6de1ed6efb9d18a70668a015f23e32d58149c9d9952bc0a7,0x0044EEE0,0x0044EEF4,20,0x0044EEE0-0x0044EEF4,sub_44EEE0,void __cdecl sub_44EEE0();,0x5400,game
42032fc2807f7dec6de1ed6efb9d18a70668a015f23e32d58149c9d9952bc0a7,0x0044EF00,0x0044EF24,36,0x0044EF00-0x0044EF24,sub_44EF00,,0x5400,game
42032fc2807f7dec6de1ed6efb9d18a70668a015f23e32d58149c9d9952bc0a7,0x0044EF30,0x0044EF44,20,0x0044EF30-0x0044EF44,sub_44EF30,void __cdecl sub_44EF30();,0x5400,game
42032fc2807f7dec6de1ed6efb9d18a70668a015f23e32d58149c9d9952bc0a7,0x0044EF50,0x0044EF74,36,0x0044EF50-0x0044EF74,sub_44EF50,,0x5400,game
42032fc2807f7dec6de1ed6efb9d18a70668a015f23e32d58149c9d9952bc0a7,0x0044EF80,0x0044EF94,20,0x0044EF80-0x0044EF94,sub_44EF80,void __cdecl sub_44EF80();,0x5400,game
42032fc2807f7dec6de1ed6efb9d18a70668a015f23e32d58149c9d9952bc0a7,0x0044EFA0,0x0044EFC4,36,0x0044EFA0-0x0044EFC4,sub_44EFA0,,0x5400,game
42032fc2807f7dec6de1ed6efb9d18a70668a015f23e32d58149c9d9952bc0a7,0x0044EFD0,0x0044EFE4,20,0x0044EFD0-0x0044EFE4,sub_44EFD0,void __cdecl sub_44EFD0();,0x5400,game
42032fc2807f7dec6de1ed6efb9d18a70668a015f23e32d58149c9d9952bc0a7,0x0044EFF0,0x0044F014,36,0x0044EFF0-0x0044F014,sub_44EFF0,,0x5400,game
42032fc2807f7dec6de1ed6efb9d18a70668a015f23e32d58149c9d9952bc0a7,0x0044F020,0x0044F034,20,0x0044F020-0x0044F034,sub_44F020,void __cdecl sub_44F020();,0x5400,game
42032fc2807f7dec6de1ed6efb9d18a70668a015f23e32d58149c9d9952bc0a7,0x0044F040,0x0044F064,36,0x0044F040-0x0044F064,sub_44F040,,0x5400,game
42032fc2807f7dec6de1ed6efb9d18a70668a015f23e32d58149c9d9952bc0a7,0x0044F070,0x0044F084,20,0x0044F070-0x0044F084,sub_44F070,void __cdecl sub_44F070();,0x5400,game
42032fc2807f7dec6de1ed6efb9d18a70668a015f23e32d58149c9d9952bc0a7,0x0044F090,0x0044F0B4,36,0x0044F090-0x0044F0B4,sub_44F090,,0x5400,game
42032fc2807f7dec6de1ed6efb9d18a70668a015f23e32d58149c9d9952bc0a7,0x0044F0C0,0x0044F0D4,20,0x0044F0C0-0x0044F0D4,sub_44F0C0,void __cdecl sub_44F0C0();,0x5400,game
42032fc2807f7dec6de1ed6efb9d18a70668a015f23e32d58149c9d9952bc0a7,0x0044F0E0,0x0044F104,36,0x0044F0E0-0x0044F104,sub_44F0E0,,0x5400,game
42032fc2807f7dec6de1ed6efb9d18a70668a015f23e32d58149c9d9952bc0a7,0x0044F110,0x0044F124,20,0x0044F110-0x0044F124,sub_44F110,void __cdecl sub_44F110();,0x5400,game
42032fc2807f7dec6de1ed6efb9d18a70668a015f23e32d58149c9d9952bc0a7,0x0044F130,0x0044F154,36,0x0044F130-0x0044F154,sub_44F130,,0x5400,game
42032fc2807f7dec6de1ed6efb9d18a70668a015f23e32d58149c9d9952bc0a7,0x0044F160,0x0044F174,20,0x0044F160-0x0044F174,sub_44F160,void __cdecl sub_44F160();,0x5400,game
42032fc2807f7dec6de1ed6efb9d18a70668a015f23e32d58149c9d9952bc0a7,0x0044F180,0x0044F1A4,36,0x0044F180-0x0044F1A4,sub_44F180,,0x5400,game
42032fc2807f7dec6de1ed6efb9d18a70668a015f23e32d58149c9d9952bc0a7,0x0044F1B0,0x0044F1C4,20,0x0044F1B0-0x0044F1C4,sub_44F1B0,void __cdecl sub_44F1B0();,0x5400,game
42032fc2807f7dec6de1ed6efb9d18a70668a015f23e32d58149c9d9952bc0a7,0x0044F1D0,0x0044F1E6,22,0x0044F1D0-0x0044F1E6,sub_44F1D0,,0x5400,game
42032fc2807f7dec6de1ed6efb9d18a70668a015f23e32d58149c9d9952bc0a7,0x0044F1F0,0x0044F1FA,10,0x0044F1F0-0x0044F1FA,unknown_libname_152,void __cdecl unknown_libname_152();,0x5444,library
42032fc2807f7dec6de1ed6efb9d18a70668a015f23e32d58149c9d9952bc0a7,0x0044F200,0x0044F216,22,0x0044F200-0x0044F216,sub_44F200,,0x5400,game
42032fc2807f7dec6de1ed6efb9d18a70668a015f23e32d58149c9d9952bc0a7,0x0044F220,0x0044F22A,10,0x0044F220-0x0044F22A,unknown_libname_153,void __cdecl unknown_libname_153();,0x5444,library
42032fc2807f7dec6de1ed6efb9d18a70668a015f23e32d58149c9d9952bc0a7,0x0044F230,0x0044F246,22,0x0044F230-0x0044F246,sub_44F230,,0x5400,game
42032fc2807f7dec6de1ed6efb9d18a70668a015f23e32d58149c9d9952bc0a7,0x0044F250,0x0044F25A,10,0x0044F250-0x0044F25A,unknown_libname_154,void __cdecl unknown_libname_154();,0x5444,library
42032fc2807f7dec6de1ed6efb9d18a70668a015f23e32d58149c9d9952bc0a7,0x0044F260,0x0044F276,22,0x0044F260-0x0044F276,sub_44F260,,0x5400,game
42032fc2807f7dec6de1ed6efb9d18a70668a015f23e32d58149c9d9952bc0a7,0x0044F280,0x0044F28A,10,0x0044F280-0x0044F28A,unknown_libname_155,void __cdecl unknown_libname_155();,0x5444,library
42032fc2807f7dec6de1ed6efb9d18a70668a015f23e32d58149c9d9952bc0a7,0x0044F290,0x0044F2B4,36,0x0044F290-0x0044F2B4,sub_44F290,,0x5400,game
42032fc2807f7dec6de1ed6efb9d18a70668a015f23e32d58149c9d9952bc0a7,0x0044F2C0,0x0044F2D4,20,0x0044F2C0-0x0044F2D4,sub_44F2C0,void __cdecl sub_44F2C0();,0x5400,game
42032fc2807f7dec6de1ed6efb9d18a70668a015f23e32d58149c9d9952bc0a7,0x0044F2E0,0x0044F307,39,0x0044F2E0-0x0044F307,sub_44F2E0,,0x5400,game
42032fc2807f7dec6de1ed6efb9d18a70668a015f23e32d58149c9d9952bc0a7,0x0044F310,0x0044F327,23,0x0044F310-0x0044F327,sub_44F310,void __cdecl sub_44F310();,0x5400,game
42032fc2807f7dec6de1ed6efb9d18a70668a015f23e32d58149c9d9952bc0a7,0x0044F330,0x0044F354,36,0x0044F330-0x0044F354,sub_44F330,,0x5400,game
42032fc2807f7dec6de1ed6efb9d18a70668a015f23e32d58149c9d9952bc0a7,0x0044F360,0x0044F374,20,0x0044F360-0x0044F374,sub_44F360,void __cdecl sub_44F360();,0x5400,game
42032fc2807f7dec6de1ed6efb9d18a70668a015f23e32d58149c9d9952bc0a7,0x0044F380,0x0044F3A4,36,0x0044F380-0x0044F3A4,sub_44F380,,0x5400,game
42032fc2807f7dec6de1ed6efb9d18a70668a015f23e32d58149c9d9952bc0a7,0x0044F3B0,0x0044F3C4,20,0x0044F3B0-0x0044F3C4,sub_44F3B0,void __cdecl sub_44F3B0();,0x5400,game
42032fc2807f7dec6de1ed6efb9d18a70668a015f23e32d58149c9d9952bc0a7,0x0044F3D0,0x0044F3F4,36,0x0044F3D0-0x0044F3F4,sub_44F3D0,,0x5400,game
42032fc2807f7dec6de1ed6efb9d18a70668a015f23e32d58149c9d9952bc0a7,0x0044F400,0x0044F414,20,0x0044F400-0x0044F414,sub_44F400,void __cdecl sub_44F400();,0x5400,game
42032fc2807f7dec6de1ed6efb9d18a70668a015f23e32d58149c9d9952bc0a7,0x0044F420,0x0044F444,36,0x0044F420-0x0044F444,sub_44F420,,0x5400,game
42032fc2807f7dec6de1ed6efb9d18a70668a015f23e32d58149c9d9952bc0a7,0x0044F450,0x0044F464,20,0x0044F450-0x0044F464,sub_44F450,void __cdecl sub_44F450();,0x5400,game
42032fc2807f7dec6de1ed6efb9d18a70668a015f23e32d58149c9d9952bc0a7,0x0044F470,0x0044F494,36,0x0044F470-0x0044F494,sub_44F470,,0x5400,game
42032fc2807f7dec6de1ed6efb9d18a70668a015f23e32d58149c9d9952bc0a7,0x0044F4A0,0x0044F4B4,20,0x0044F4A0-0x0044F4B4,sub_44F4A0,void __cdecl sub_44F4A0();,0x5400,game
42032fc2807f7dec6de1ed6efb9d18a70668a015f23e32d58149c9d9952bc0a7,0x0044F4C0,0x0044F4E4,36,0x0044F4C0-0x0044F4E4,sub_44F4C0,,0x5400,game
42032fc2807f7dec6de1ed6efb9d18a70668a015f23e32d58149c9d9952bc0a7,0x0044F4F0,0x0044F504,20,0x0044F4F0-0x0044F504,sub_44F4F0,void __cdecl sub_44F4F0();,0x5400,game
42032fc2807f7dec6de1ed6efb9d18a70668a015f23e32d58149c9d9952bc0a7,0x0044F510,0x0044F534,36,0x0044F510-0x0044F534,sub_44F510,,0x5400,game
42032fc2807f7dec6de1ed6efb9d18a70668a015f23e32d58149c9d9952bc0a7,0x0044F540,0x0044F554,20,0x0044F540-0x0044F554,sub_44F540,void __cdecl sub_44F540();,0x5400,game
42032fc2807f7dec6de1ed6efb9d18a70668a015f23e32d58149c9d9952bc0a7,0x0044F560,0x0044F584,36,0x0044F560-0x0044F584,sub_44F560,,0x5400,game
42032fc2807f7dec6de1ed6efb9d18a70668a015f23e32d58149c9d9952bc0a7,0x0044F590,0x0044F5A4,20,0x0044F590-0x0044F5A4,sub_44F590,void __cdecl sub_44F590();,0x5400,game
42032fc2807f7dec6de1ed6efb9d18a70668a015f23e32d58149c9d9952bc0a7,0x0044F5B0,0x0044F5D4,36,0x0044F5B0-0x0044F5D4,sub_44F5B0,,0x5400,game
42032fc2807f7dec6de1ed6efb9d18a70668a015f23e32d58149c9d9952bc0a7,0x0044F5E0,0x0044F5F4,20,0x0044F5E0-0x0044F5F4,sub_44F5E0,void __cdecl sub_44F5E0();,0x5400,game
42032fc2807f7dec6de1ed6efb9d18a70668a015f23e32d58149c9d9952bc0a7,0x0044F600,0x0044F624,36,0x0044F600-0x0044F624,sub_44F600,,0x5400,game
42032fc2807f7dec6de1ed6efb9d18a70668a015f23e32d58149c9d9952bc0a7,0x0044F630,0x0044F644,20,0x0044F630-0x0044F644,sub_44F630,void __cdecl sub_44F630();,0x5400,game
42032fc2807f7dec6de1ed6efb9d18a70668a015f23e32d58149c9d9952bc0a7,0x0044F650,0x0044F674,36,0x0044F650-0x0044F674,sub_44F650,,0x5400,game
42032fc2807f7dec6de1ed6efb9d18a70668a015f23e32d58149c9d9952bc0a7,0x0044F680,0x0044F694,20,0x0044F680-0x0044F694,sub_44F680,void __cdecl sub_44F680();,0x5400,game
42032fc2807f7dec6de1ed6efb9d18a70668a015f23e32d58149c9d9952bc0a7,0x0044F6A0,0x0044F6B6,22,0x0044F6A0-0x0044F6B6,sub_44F6A0,,0x5400,game
42032fc2807f7dec6de1ed6efb9d18a70668a015f23e32d58149c9d9952bc0a7,0x0044F6C0,0x0044F6CA,10,0x0044F6C0-0x0044F6CA,unknown_libname_156,void __cdecl unknown_libname_156();,0x5444,library
42032fc2807f7dec6de1ed6efb9d18a70668a015f23e32d58149c9d9952bc0a7,0x0044F6D0,0x0044F6F4,36,0x0044F6D0-0x0044F6F4,sub_44F6D0,,0x5400,game
42032fc2807f7dec6de1ed6efb9d18a70668a015f23e32d58149c9d9952bc0a7,0x0044F700,0x0044F714,20,0x0044F700-0x0044F714,sub_44F700,void __cdecl sub_44F700();,0x5400,game
42032fc2807f7dec6de1ed6efb9d18a70668a015f23e32d58149c9d9952bc0a7,0x0044F720,0x0044F744,36,0x0044F720-0x0044F744,sub_44F720,,0x5400,game
42032fc2807f7dec6de1ed6efb9d18a70668a015f23e32d58149c9d9952bc0a7,0x0044F750,0x0044F764,20,0x0044F750-0x0044F764,sub_44F750,void __cdecl sub_44F750();,0x5400,game
42032fc2807f7dec6de1ed6efb9d18a70668a015f23e32d58149c9d9952bc0a7,0x0044F770,0x0044F786,22,0x0044F770-0x0044F786,sub_44F770,,0x5400,game
42032fc2807f7dec6de1ed6efb9d18a70668a015f23e32d58149c9d9952bc0a7,0x0044F790,0x0044F79A,10,0x0044F790-0x0044F79A,unknown_libname_157,void __cdecl unknown_libname_157();,0x5444,library
42032fc2807f7dec6de1ed6efb9d18a70668a015f23e32d58149c9d9952bc0a7,0x0044F7A0,0x0044F7B6,22,0x0044F7A0-0x0044F7B6,sub_44F7A0,,0x5400,game
42032fc2807f7dec6de1ed6efb9d18a70668a015f23e32d58149c9d9952bc0a7,0x0044F7C0,0x0044F7CA,10,0x0044F7C0-0x0044F7CA,unknown_libname_158,void __cdecl unknown_libname_158();,0x5444,library
42032fc2807f7dec6de1ed6efb9d18a70668a015f23e32d58149c9d9952bc0a7,0x0044F7D0,0x0044F7F4,36,0x0044F7D0-0x0044F7F4,sub_44F7D0,,0x5400,game
42032fc2807f7dec6de1ed6efb9d18a70668a015f23e32d58149c9d9952bc0a7,0x0044F800,0x0044F814,20,0x0044F800-0x0044F814,sub_44F800,void __cdecl sub_44F800();,0x5400,game
42032fc2807f7dec6de1ed6efb9d18a70668a015f23e32d58149c9d9952bc0a7,0x0044F820,0x0044F836,22,0x0044F820-0x0044F836,sub_44F820,,0x5400,game
42032fc2807f7dec6de1ed6efb9d18a70668a015f23e32d58149c9d9952bc0a7,0x0044F840,0x0044F84A,10,0x0044F840-0x0044F84A,unknown_libname_159,void __cdecl unknown_libname_159();,0x5444,library
42032fc2807f7dec6de1ed6efb9d18a70668a015f23e32d58149c9d9952bc0a7,0x0044F850,0x0044F877,39,0x0044F850-0x0044F877,sub_44F850,,0x5400,game
42032fc2807f7dec6de1ed6efb9d18a70668a015f23e32d58149c9d9952bc0a7,0x0044F880,0x0044F897,23,0x0044F880-0x0044F897,sub_44F880,void __cdecl sub_44F880();,0x5400,game
42032fc2807f7dec6de1ed6efb9d18a70668a015f23e32d58149c9d9952bc0a7,0x0044F8A0,0x0044F8C4,36,0x0044F8A0-0x0044F8C4,sub_44F8A0,,0x5400,game
42032fc2807f7dec6de1ed6efb9d18a70668a015f23e32d58149c9d9952bc0a7,0x0044F8D0,0x0044F8E4,20,0x0044F8D0-0x0044F8E4,sub_44F8D0,void __cdecl sub_44F8D0();,0x5400,game
42032fc2807f7dec6de1ed6efb9d18a70668a015f23e32d58149c9d9952bc0a7,0x0044F8F0,0x0044F906,22,0x0044F8F0-0x0044F906,sub_44F8F0,,0x5400,game
42032fc2807f7dec6de1ed6efb9d18a70668a015f23e32d58149c9d9952bc0a7,0x0044F910,0x0044F91A,10,0x0044F910-0x0044F91A,unknown_libname_160,void __cdecl unknown_libname_160();,0x5444,library
42032fc2807f7dec6de1ed6efb9d18a70668a015f23e32d58149c9d9952bc0a7,0x0044F920,0x0044F936,22,0x0044F920-0x0044F936,sub_44F920,,0x5400,game
42032fc2807f7dec6de1ed6efb9d18a70668a015f23e32d58149c9d9952bc0a7,0x0044F940,0x0044F94A,10,0x0044F940-0x0044F94A,unknown_libname_161,void __cdecl unknown_libname_161();,0x5444,library
42032fc2807f7dec6de1ed6efb9d18a70668a015f23e32d58149c9d9952bc0a7,0x0044F950,0x0044F966,22,0x0044F950-0x0044F966,sub_44F950,,0x5400,game
42032fc2807f7dec6de1ed6efb9d18a70668a015f23e32d58149c9d9952bc0a7,0x0044F970,0x0044F97A,10,0x0044F970-0x0044F97A,unknown_libname_162,void __cdecl unknown_libname_162();,0x5444,library
42032fc2807f7dec6de1ed6efb9d18a70668a015f23e32d58149c9d9952bc0a7,0x0044F980,0x0044F996,22,0x0044F980-0x0044F996,sub_44F980,,0x5400,game
42032fc2807f7dec6de1ed6efb9d18a70668a015f23e32d58149c9d9952bc0a7,0x0044F9A0,0x0044F9AA,10,0x0044F9A0-0x0044F9AA,unknown_libname_163,void __cdecl unknown_libname_163();,0x5444,library
42032fc2807f7dec6de1ed6efb9d18a70668a015f23e32d58149c9d9952bc0a7,0x0044F9B0,0x0044F9C6,22,0x0044F9B0-0x0044F9C6,sub_44F9B0,,0x5400,game
42032fc2807f7dec6de1ed6efb9d18a70668a015f23e32d58149c9d9952bc0a7,0x0044F9D0,0x0044F9DA,10,0x0044F9D0-0x0044F9DA,unknown_libname_164,void __cdecl unknown_libname_164();,0x5444,library
42032fc2807f7dec6de1ed6efb9d18a70668a015f23e32d58149c9d9952bc0a7,0x0044F9E0,0x0044F9F6,22,0x0044F9E0-0x0044F9F6,sub_44F9E0,,0x5400,game
42032fc2807f7dec6de1ed6efb9d18a70668a015f23e32d58149c9d9952bc0a7,0x0044FA00,0x0044FA0A,10,0x0044FA00-0x0044FA0A,unknown_libname_165,void __cdecl unknown_libname_165();,0x5444,library
42032fc2807f7dec6de1ed6efb9d18a70668a015f23e32d58149c9d9952bc0a7,0x0044FA10,0x0044FA34,36,0x0044FA10-0x0044FA34,sub_44FA10,,0x5400,game
42032fc2807f7dec6de1ed6efb9d18a70668a015f23e32d58149c9d9952bc0a7,0x0044FA40,0x0044FA54,20,0x0044FA40-0x0044FA54,sub_44FA40,void __cdecl sub_44FA40();,0x5400,game
42032fc2807f7dec6de1ed6efb9d18a70668a015f23e32d58149c9d9952bc0a7,0x0044FA60,0x0044FA84,36,0x0044FA60-0x0044FA84,sub_44FA60,,0x5400,game
42032fc2807f7dec6de1ed6efb9d18a70668a015f23e32d58149c9d9952bc0a7,0x0044FA90,0x0044FAA4,20,0x0044FA90-0x0044FAA4,sub_44FA90,void __cdecl sub_44FA90();,0x5400,game
42032fc2807f7dec6de1ed6efb9d18a70668a015f23e32d58149c9d9952bc0a7,0x0044FAB0,0x0044FAD4,36,0x0044FAB0-0x0044FAD4,sub_44FAB0,,0x5400,game
42032fc2807f7dec6de1ed6efb9d18a70668a015f23e32d58149c9d9952bc0a7,0x0044FAE0,0x0044FAF4,20,0x0044FAE0-0x0044FAF4,sub_44FAE0,void __cdecl sub_44FAE0();,0x5400,game
42032fc2807f7dec6de1ed6efb9d18a70668a015f23e32d58149c9d9952bc0a7,0x0044FB00,0x0044FB24,36,0x0044FB00-0x0044FB24,sub_44FB00,,0x5400,game
42032fc2807f7dec6de1ed6efb9d18a70668a015f23e32d58149c9d9952bc0a7,0x0044FB30,0x0044FB44,20,0x0044FB30-0x0044FB44,sub_44FB30,void __cdecl sub_44FB30();,0x5400,game
42032fc2807f7dec6de1ed6efb9d18a70668a015f23e32d58149c9d9952bc0a7,0x0044FB50,0x0044FB74,36,0x0044FB50-0x0044FB74,sub_44FB50,,0x5400,game
42032fc2807f7dec6de1ed6efb9d18a70668a015f23e32d58149c9d9952bc0a7,0x0044FB80,0x0044FB94,20,0x0044FB80-0x0044FB94,sub_44FB80,void __cdecl sub_44FB80();,0x5400,game
42032fc2807f7dec6de1ed6efb9d18a70668a015f23e32d58149c9d9952bc0a7,0x0044FBA0,0x0044FBC4,36,0x0044FBA0-0x0044FBC4,sub_44FBA0,,0x5400,game
42032fc2807f7dec6de1ed6efb9d18a70668a015f23e32d58149c9d9952bc0a7,0x0044FBD0,0x0044FBE4,20,0x0044FBD0-0x0044FBE4,sub_44FBD0,void __cdecl sub_44FBD0();,0x5400,game
42032fc2807f7dec6de1ed6efb9d18a70668a015f23e32d58149c9d9952bc0a7,0x0044FBF0,0x0044FC06,22,0x0044FBF0-0x0044FC06,sub_44FBF0,,0x5400,game
42032fc2807f7dec6de1ed6efb9d18a70668a015f23e32d58149c9d9952bc0a7,0x0044FC10,0x0044FC1A,10,0x0044FC10-0x0044FC1A,unknown_libname_166,void __cdecl unknown_libname_166();,0x5444,library
42032fc2807f7dec6de1ed6efb9d18a70668a015f23e32d58149c9d9952bc0a7,0x0044FC20,0x0044FC36,22,0x0044FC20-0x0044FC36,sub_44FC20,,0x5400,game
42032fc2807f7dec6de1ed6efb9d18a70668a015f23e32d58149c9d9952bc0a7,0x0044FC40,0x0044FC4A,10,0x0044FC40-0x0044FC4A,unknown_libname_167,void __cdecl unknown_libname_167();,0x5444,library
42032fc2807f7dec6de1ed6efb9d18a70668a015f23e32d58149c9d9952bc0a7,0x0044FC50,0x0044FC74,36,0x0044FC50-0x0044FC74,sub_44FC50,,0x5400,game
42032fc2807f7dec6de1ed6efb9d18a70668a015f23e32d58149c9d9952bc0a7,0x0044FC80,0x0044FC94,20,0x0044FC80-0x0044FC94,sub_44FC80,void __cdecl sub_44FC80();,0x5400,game
42032fc2807f7dec6de1ed6efb9d18a70668a015f23e32d58149c9d9952bc0a7,0x0044FCA0,0x0044FCC4,36,0x0044FCA0-0x0044FCC4,sub_44FCA0,,0x5400,game
42032fc2807f7dec6de1ed6efb9d18a70668a015f23e32d58149c9d9952bc0a7,0x0044FCD0,0x0044FCE4,20,0x0044FCD0-0x0044FCE4,sub_44FCD0,void __cdecl sub_44FCD0();,0x5400,game
42032fc2807f7dec6de1ed6efb9d18a70668a015f23e32d58149c9d9952bc0a7,0x0044FCF0,0x0044FD06,22,0x0044FCF0-0x0044FD06,sub_44FCF0,,0x5400,game
42032fc2807f7dec6de1ed6efb9d18a70668a015f23e32d58149c9d9952bc0a7,0x0044FD10,0x0044FD1A,10,0x0044FD10-0x0044FD1A,unknown_libname_168,void __cdecl unknown_libname_168();,0x5444,library
42032fc2807f7dec6de1ed6efb9d18a70668a015f23e32d58149c9d9952bc0a7,0x0044FD20,0x0044FD36,22,0x0044FD20-0x0044FD36,sub_44FD20,,0x5400,game
42032fc2807f7dec6de1ed6efb9d18a70668a015f23e32d58149c9d9952bc0a7,0x0044FD40,0x0044FD4A,10,0x0044FD40-0x0044FD4A,unknown_libname_169,void __cdecl unknown_libname_169();,0x5444,library
42032fc2807f7dec6de1ed6efb9d18a70668a015f23e32d58149c9d9952bc0a7,0x0044FD50,0x0044FD66,22,0x0044FD50-0x0044FD66,sub_44FD50,,0x5400,game
42032fc2807f7dec6de1ed6efb9d18a70668a015f23e32d58149c9d9952bc0a7,0x0044FD70,0x0044FD7A,10,0x0044FD70-0x0044FD7A,unknown_libname_170,void __cdecl unknown_libname_170();,0x5444,library
42032fc2807f7dec6de1ed6efb9d18a70668a015f23e32d58149c9d9952bc0a7,0x0044FD80,0x0044FD96,22,0x0044FD80-0x0044FD96,sub_44FD80,,0x5400,game
42032fc2807f7dec6de1ed6efb9d18a70668a015f23e32d58149c9d9952bc0a7,0x0044FDA0,0x0044FDAA,10,0x0044FDA0-0x0044FDAA,unknown_libname_171,void __cdecl unknown_libname_171();,0x5444,library
42032fc2807f7dec6de1ed6efb9d18a70668a015f23e32d58149c9d9952bc0a7,0x0044FDB0,0x0044FDC6,22,0x0044FDB0-0x0044FDC6,sub_44FDB0,,0x5400,game
42032fc2807f7dec6de1ed6efb9d18a70668a015f23e32d58149c9d9952bc0a7,0x0044FDD0,0x0044FDDA,10,0x0044FDD0-0x0044FDDA,unknown_libname_172,void __cdecl unknown_libname_172();,0x5444,library
42032fc2807f7dec6de1ed6efb9d18a70668a015f23e32d58149c9d9952bc0a7,0x0044FDE0,0x0044FDF6,22,0x0044FDE0-0x0044FDF6,sub_44FDE0,,0x5400,game
42032fc2807f7dec6de1ed6efb9d18a70668a015f23e32d58149c9d9952bc0a7,0x0044FE00,0x0044FE0A,10,0x0044FE00-0x0044FE0A,unknown_libname_173,void __cdecl unknown_libname_173();,0x5444,library
42032fc2807f7dec6de1ed6efb9d18a70668a015f23e32d58149c9d9952bc0a7,0x0044FE10,0x0044FE26,22,0x0044FE10-0x0044FE26,sub_44FE10,,0x5400,game
42032fc2807f7dec6de1ed6efb9d18a70668a015f23e32d58149c9d9952bc0a7,0x0044FE30,0x0044FE3A,10,0x0044FE30-0x0044FE3A,unknown_libname_174,void __cdecl unknown_libname_174();,0x5444,library
42032fc2807f7dec6de1ed6efb9d18a70668a015f23e32d58149c9d9952bc0a7,0x0044FE40,0x0044FE56,22,0x0044FE40-0x0044FE56,sub_44FE40,,0x5400,game
42032fc2807f7dec6de1ed6efb9d18a70668a015f23e32d58149c9d9952bc0a7,0x0044FE60,0x0044FE6A,10,0x0044FE60-0x0044FE6A,unknown_libname_175,void __cdecl unknown_libname_175();,0x5444,library
42032fc2807f7dec6de1ed6efb9d18a70668a015f23e32d58149c9d9952bc0a7,0x0044FE70,0x0044FE86,22,0x0044FE70-0x0044FE86,sub_44FE70,,0x5400,game
42032fc2807f7dec6de1ed6efb9d18a70668a015f23e32d58149c9d9952bc0a7,0x0044FE90,0x0044FE9A,10,0x0044FE90-0x0044FE9A,unknown_libname_176,void __cdecl unknown_libname_176();,0x5444,library
42032fc2807f7dec6de1ed6efb9d18a70668a015f23e32d58149c9d9952bc0a7,0x0044FEA0,0x0044FEB6,22,0x0044FEA0-0x0044FEB6,sub_44FEA0,,0x5400,game
42032fc2807f7dec6de1ed6efb9d18a70668a015f23e32d58149c9d9952bc0a7,0x0044FEC0,0x0044FECA,10,0x0044FEC0-0x0044FECA,unknown_libname_177,void __cdecl unknown_libname_177();,0x5444,library
42032fc2807f7dec6de1ed6efb9d18a70668a015f23e32d58149c9d9952bc0a7,0x0044FED0,0x0044FEE6,22,0x0044FED0-0x0044FEE6,sub_44FED0,,0x5400,game
42032fc2807f7dec6de1ed6efb9d18a70668a015f23e32d58149c9d9952bc0a7,0x0044FEF0,0x0044FEFA,10,0x0044FEF0-0x0044FEFA,unknown_libname_178,void __cdecl unknown_libname_178();,0x5444,library
42032fc2807f7dec6de1ed6efb9d18a70668a015f23e32d58149c9d9952bc0a7,0x0044FF00,0x0044FF16,22,0x0044FF00-0x0044FF16,sub_44FF00,,0x5400,game
42032fc2807f7dec6de1ed6efb9d18a70668a015f23e32d58149c9d9952bc0a7,0x0044FF20,0x0044FF2A,10,0x0044FF20-0x0044FF2A,unknown_libname_179,void __cdecl unknown_libname_179();,0x5444,library
42032fc2807f7dec6de1ed6efb9d18a70668a015f23e32d58149c9d9952bc0a7,0x0044FF30,0x0044FF46,22,0x0044FF30-0x0044FF46,sub_44FF30,,0x5400,game
42032fc2807f7dec6de1ed6efb9d18a70668a015f23e32d58149c9d9952bc0a7,0x0044FF50,0x0044FF5A,10,0x0044FF50-0x0044FF5A,unknown_libname_180,void __cdecl unknown_libname_180();,0x5444,library
42032fc2807f7dec6de1ed6efb9d18a70668a015f23e32d58149c9d9952bc0a7,0x0044FF60,0x0044FF76,22,0x0044FF60-0x0044FF76,sub_44FF60,,0x5400,game
42032fc2807f7dec6de1ed6efb9d18a70668a015f23e32d58149c9d9952bc0a7,0x0044FF80,0x0044FF8A,10,0x0044FF80-0x0044FF8A,unknown_libname_181,void __cdecl unknown_libname_181();,0x5444,library
42032fc2807f7dec6de1ed6efb9d18a70668a015f23e32d58149c9d9952bc0a7,0x0044FF90,0x0044FFA6,22,0x0044FF90-0x0044FFA6,sub_44FF90,,0x5400,game
42032fc2807f7dec6de1ed6efb9d18a70668a015f23e32d58149c9d9952bc0a7,0x0044FFB0,0x0044FFBA,10,0x0044FFB0-0x0044FFBA,unknown_libname_182,void __cdecl unknown_libname_182();,0x5444,library
42032fc2807f7dec6de1ed6efb9d18a70668a015f23e32d58149c9d9952bc0a7,0x0044FFC0,0x0044FFD6,22,0x0044FFC0-0x0044FFD6,sub_44FFC0,,0x5400,game
42032fc2807f7dec6de1ed6efb9d18a70668a015f23e32d58149c9d9952bc0a7,0x0044FFE0,0x0044FFEA,10,0x0044FFE0-0x0044FFEA,unknown_libname_183,void __cdecl unknown_libname_183();,0x5444,library
42032fc2807f7dec6de1ed6efb9d18a70668a015f23e32d58149c9d9952bc0a7,0x0044FFF0,0x00450006,22,0x0044FFF0-0x00450006,sub_44FFF0,,0x5400,game
42032fc2807f7dec6de1ed6efb9d18a70668a015f23e32d58149c9d9952bc0a7,0x00450010,0x0045001A,10,0x00450010-0x0045001A,unknown_libname_184,void __cdecl unknown_libname_184();,0x5444,library
42032fc2807f7dec6de1ed6efb9d18a70668a015f23e32d58149c9d9952bc0a7,0x00450020,0x00450036,22,0x00450020-0x00450036,sub_450020,,0x5400,game
42032fc2807f7dec6de1ed6efb9d18a70668a015f23e32d58149c9d9952bc0a7,0x00450040,0x0045004A,10,0x00450040-0x0045004A,unknown_libname_185,void __cdecl unknown_libname_185();,0x5444,library
42032fc2807f7dec6de1ed6efb9d18a70668a015f23e32d58149c9d9952bc0a7,0x00450050,0x00450066,22,0x00450050-0x00450066,sub_450050,,0x5400,game
42032fc2807f7dec6de1ed6efb9d18a70668a015f23e32d58149c9d9952bc0a7,0x00450070,0x0045007A,10,0x00450070-0x0045007A,unknown_libname_186,void __cdecl unknown_libname_186();,0x5444,library
42032fc2807f7dec6de1ed6efb9d18a70668a015f23e32d58149c9d9952bc0a7,0x00450080,0x00450096,22,0x00450080-0x00450096,sub_450080,,0x5400,game
42032fc2807f7dec6de1ed6efb9d18a70668a015f23e32d58149c9d9952bc0a7,0x004500A0,0x004500AA,10,0x004500A0-0x004500AA,unknown_libname_187,void __cdecl unknown_libname_187();,0x5444,library
42032fc2807f7dec6de1ed6efb9d18a70668a015f23e32d58149c9d9952bc0a7,0x004500B0,0x004500C6,22,0x004500B0-0x004500C6,sub_4500B0,,0x5400,game
42032fc2807f7dec6de1ed6efb9d18a70668a015f23e32d58149c9d9952bc0a7,0x004500D0,0x004500DA,10,0x004500D0-0x004500DA,unknown_libname_188,void __cdecl unknown_libname_188();,0x5444,library
42032fc2807f7dec6de1ed6efb9d18a70668a015f23e32d58149c9d9952bc0a7,0x004500E0,0x004500F6,22,0x004500E0-0x004500F6,sub_4500E0,,0x5400,game
42032fc2807f7dec6de1ed6efb9d18a70668a015f23e32d58149c9d9952bc0a7,0x00450100,0x0045010A,10,0x00450100-0x0045010A,unknown_libname_189,void __cdecl unknown_libname_189();,0x5444,library
42032fc2807f7dec6de1ed6efb9d18a70668a015f23e32d58149c9d9952bc0a7,0x00450110,0x00450126,22,0x00450110-0x00450126,sub_450110,,0x5400,game
42032fc2807f7dec6de1ed6efb9d18a70668a015f23e32d58149c9d9952bc0a7,0x00450130,0x0045013A,10,0x00450130-0x0045013A,unknown_libname_190,void __cdecl unknown_libname_190();,0x5444,library
42032fc2807f7dec6de1ed6efb9d18a70668a015f23e32d58149c9d9952bc0a7,0x00450140,0x00450156,22,0x00450140-0x00450156,sub_450140,,0x5400,game
42032fc2807f7dec6de1ed6efb9d18a70668a015f23e32d58149c9d9952bc0a7,0x00450160,0x0045016A,10,0x00450160-0x0045016A,unknown_libname_191,void __cdecl unknown_libname_191();,0x5444,library
42032fc2807f7dec6de1ed6efb9d18a70668a015f23e32d58149c9d9952bc0a7,0x00450170,0x00450186,22,0x00450170-0x00450186,sub_450170,,0x5400,game
42032fc2807f7dec6de1ed6efb9d18a70668a015f23e32d58149c9d9952bc0a7,0x00450190,0x0045019A,10,0x00450190-0x0045019A,unknown_libname_192,void __cdecl unknown_libname_192();,0x5444,library
42032fc2807f7dec6de1ed6efb9d18a70668a015f23e32d58149c9d9952bc0a7,0x004501A0,0x004501B6,22,0x004501A0-0x004501B6,sub_4501A0,,0x5400,game
42032fc2807f7dec6de1ed6efb9d18a70668a015f23e32d58149c9d9952bc0a7,0x004501C0,0x004501CA,10,0x004501C0-0x004501CA,unknown_libname_193,void __cdecl unknown_libname_193();,0x5444,library
42032fc2807f7dec6de1ed6efb9d18a70668a015f23e32d58149c9d9952bc0a7,0x004501D0,0x004501E6,22,0x004501D0-0x004501E6,sub_4501D0,,0x5400,game
42032fc2807f7dec6de1ed6efb9d18a70668a015f23e32d58149c9d9952bc0a7,0x004501F0,0x004501FA,10,0x004501F0-0x004501FA,unknown_libname_194,void __cdecl unknown_libname_194();,0x5444,library
42032fc2807f7dec6de1ed6efb9d18a70668a015f23e32d58149c9d9952bc0a7,0x00450200,0x00450216,22,0x00450200-0x00450216,sub_450200,,0x5400,game
42032fc2807f7dec6de1ed6efb9d18a70668a015f23e32d58149c9d9952bc0a7,0x00450220,0x0045022A,10,0x00450220-0x0045022A,unknown_libname_195,void __cdecl unknown_libname_195();,0x5444,library
42032fc2807f7dec6de1ed6efb9d18a70668a015f23e32d58149c9d9952bc0a7,0x00450230,0x00450246,22,0x00450230-0x00450246,sub_450230,,0x5400,game
42032fc2807f7dec6de1ed6efb9d18a70668a015f23e32d58149c9d9952bc0a7,0x00450250,0x0045025A,10,0x00450250-0x0045025A,unknown_libname_196,void __cdecl unknown_libname_196();,0x5444,library
42032fc2807f7dec6de1ed6efb9d18a70668a015f23e32d58149c9d9952bc0a7,0x00450260,0x00450276,22,0x00450260-0x00450276,sub_450260,,0x5400,game
42032fc2807f7dec6de1ed6efb9d18a70668a015f23e32d58149c9d9952bc0a7,0x00450280,0x0045028A,10,0x00450280-0x0045028A,unknown_libname_197,void __cdecl unknown_libname_197();,0x5444,library
42032fc2807f7dec6de1ed6efb9d18a70668a015f23e32d58149c9d9952bc0a7,0x00450290,0x004502A6,22,0x00450290-0x004502A6,sub_450290,,0x5400,game
42032fc2807f7dec6de1ed6efb9d18a70668a015f23e32d58149c9d9952bc0a7,0x004502B0,0x004502BA,10,0x004502B0-0x004502BA,unknown_libname_198,void __cdecl unknown_libname_198();,0x5444,library
42032fc2807f7dec6de1ed6efb9d18a70668a015f23e32d58149c9d9952bc0a7,0x004502C0,0x004502D6,22,0x004502C0-0x004502D6,sub_4502C0,,0x5400,game
42032fc2807f7dec6de1ed6efb9d18a70668a015f23e32d58149c9d9952bc0a7,0x004502E0,0x004502EA,10,0x004502E0-0x004502EA,unknown_libname_199,void __cdecl unknown_libname_199();,0x5444,library
42032fc2807f7dec6de1ed6efb9d18a70668a015f23e32d58149c9d9952bc0a7,0x004502F0,0x00450306,22,0x004502F0-0x00450306,sub_4502F0,,0x5400,game
42032fc2807f7dec6de1ed6efb9d18a70668a015f23e32d58149c9d9952bc0a7,0x00450310,0x0045031A,10,0x00450310-0x0045031A,unknown_libname_200,void __cdecl unknown_libname_200();,0x5444,library
42032fc2807f7dec6de1ed6efb9d18a70668a015f23e32d58149c9d9952bc0a7,0x00450320,0x00450336,22,0x00450320-0x00450336,sub_450320,,0x5400,game
42032fc2807f7dec6de1ed6efb9d18a70668a015f23e32d58149c9d9952bc0a7,0x00450340,0x0045034A,10,0x00450340-0x0045034A,unknown_libname_201,void __cdecl unknown_libname_201();,0x5444,library
42032fc2807f7dec6de1ed6efb9d18a70668a015f23e32d58149c9d9952bc0a7,0x00450350,0x00450366,22,0x00450350-0x00450366,sub_450350,,0x5400,game
42032fc2807f7dec6de1ed6efb9d18a70668a015f23e32d58149c9d9952bc0a7,0x00450370,0x0045037A,10,0x00450370-0x0045037A,unknown_libname_202,void __cdecl unknown_libname_202();,0x5444,library
42032fc2807f7dec6de1ed6efb9d18a70668a015f23e32d58149c9d9952bc0a7,0x00450380,0x004503A4,36,0x00450380-0x004503A4,sub_450380,,0x5400,game
42032fc2807f7dec6de1ed6efb9d18a70668a015f23e32d58149c9d9952bc0a7,0x004503B0,0x004503C4,20,0x004503B0-0x004503C4,sub_4503B0,void __cdecl sub_4503B0();,0x5400,game
42032fc2807f7dec6de1ed6efb9d18a70668a015f23e32d58149c9d9952bc0a7,0x004503D0,0x004503E6,22,0x004503D0-0x004503E6,sub_4503D0,,0x5400,game
42032fc2807f7dec6de1ed6efb9d18a70668a015f23e32d58149c9d9952bc0a7,0x004503F0,0x004503FA,10,0x004503F0-0x004503FA,unknown_libname_203,void __cdecl unknown_libname_203();,0x5444,library
42032fc2807f7dec6de1ed6efb9d18a70668a015f23e32d58149c9d9952bc0a7,0x00450400,0x00450416,22,0x00450400-0x00450416,sub_450400,,0x5400,game
42032fc2807f7dec6de1ed6efb9d18a70668a015f23e32d58149c9d9952bc0a7,0x00450420,0x0045042A,10,0x00450420-0x0045042A,unknown_libname_204,void __cdecl unknown_libname_204();,0x5444,library
42032fc2807f7dec6de1ed6efb9d18a70668a015f23e32d58149c9d9952bc0a7,0x00450430,0x00450446,22,0x00450430-0x00450446,sub_450430,,0x5400,game
42032fc2807f7dec6de1ed6efb9d18a70668a015f23e32d58149c9d9952bc0a7,0x00450450,0x0045045A,10,0x00450450-0x0045045A,unknown_libname_205,void __cdecl unknown_libname_205();,0x5444,library
42032fc2807f7dec6de1ed6efb9d18a70668a015f23e32d58149c9d9952bc0a7,0x00450460,0x00450476,22,0x00450460-0x00450476,sub_450460,,0x5400,game
42032fc2807f7dec6de1ed6efb9d18a70668a015f23e32d58149c9d9952bc0a7,0x00450480,0x0045048A,10,0x00450480-0x0045048A,unknown_libname_206,void __cdecl unknown_libname_206();,0x5444,library
42032fc2807f7dec6de1ed6efb9d18a70668a015f23e32d58149c9d9952bc0a7,0x00450490,0x004504A6,22,0x00450490-0x004504A6,sub_450490,,0x5400,game
42032fc2807f7dec6de1ed6efb9d18a70668a015f23e32d58149c9d9952bc0a7,0x004504B0,0x004504BA,10,0x004504B0-0x004504BA,unknown_libname_207,void __cdecl unknown_libname_207();,0x5444,library
42032fc2807f7dec6de1ed6efb9d18a70668a015f23e32d58149c9d9952bc0a7,0x004504C0,0x004504D6,22,0x004504C0-0x004504D6,sub_4504C0,,0x5400,game
42032fc2807f7dec6de1ed6efb9d18a70668a015f23e32d58149c9d9952bc0a7,0x004504E0,0x004504EA,10,0x004504E0-0x004504EA,unknown_libname_208,void __cdecl unknown_libname_208();,0x5444,library
42032fc2807f7dec6de1ed6efb9d18a70668a015f23e32d58149c9d9952bc0a7,0x004504F0,0x00450506,22,0x004504F0-0x00450506,sub_4504F0,,0x5400,game
42032fc2807f7dec6de1ed6efb9d18a70668a015f23e32d58149c9d9952bc0a7,0x00450510,0x0045051A,10,0x00450510-0x0045051A,unknown_libname_209,void __cdecl unknown_libname_209();,0x5444,library
42032fc2807f7dec6de1ed6efb9d18a70668a015f23e32d58149c9d9952bc0a7,0x00450520,0x00450536,22,0x00450520-0x00450536,sub_450520,,0x5400,game
42032fc2807f7dec6de1ed6efb9d18a70668a015f23e32d58149c9d9952bc0a7,0x00450540,0x0045054A,10,0x00450540-0x0045054A,unknown_libname_210,void __cdecl unknown_libname_210();,0x5444,library
42032fc2807f7dec6de1ed6efb9d18a70668a015f23e32d58149c9d9952bc0a7,0x00450550,0x00450566,22,0x00450550-0x00450566,sub_450550,,0x5400,game
42032fc2807f7dec6de1ed6efb9d18a70668a015f23e32d58149c9d9952bc0a7,0x00450570,0x0045057A,10,0x00450570-0x0045057A,unknown_libname_211,void __cdecl unknown_libname_211();,0x5444,library
42032fc2807f7dec6de1ed6efb9d18a70668a015f23e32d58149c9d9952bc0a7,0x00450580,0x00450596,22,0x00450580-0x00450596,sub_450580,,0x5400,game
42032fc2807f7dec6de1ed6efb9d18a70668a015f23e32d58149c9d9952bc0a7,0x004505A0,0x004505AA,10,0x004505A0-0x004505AA,unknown_libname_212,void __cdecl unknown_libname_212();,0x5444,library
42032fc2807f7dec6de1ed6efb9d18a70668a015f23e32d58149c9d9952bc0a7,0x004505B0,0x004505C6,22,0x004505B0-0x004505C6,sub_4505B0,,0x5400,game
42032fc2807f7dec6de1ed6efb9d18a70668a015f23e32d58149c9d9952bc0a7,0x004505D0,0x004505DA,10,0x004505D0-0x004505DA,unknown_libname_213,void __cdecl unknown_libname_213();,0x5444,library
42032fc2807f7dec6de1ed6efb9d18a70668a015f23e32d58149c9d9952bc0a7,0x004505E0,0x004505F6,22,0x004505E0-0x004505F6,sub_4505E0,,0x5400,game
42032fc2807f7dec6de1ed6efb9d18a70668a015f23e32d58149c9d9952bc0a7,0x00450600,0x0045060A,10,0x00450600-0x0045060A,unknown_libname_214,void __cdecl unknown_libname_214();,0x5444,library
42032fc2807f7dec6de1ed6efb9d18a70668a015f23e32d58149c9d9952bc0a7,0x00450610,0x00450626,22,0x00450610-0x00450626,sub_450610,,0x5400,game
42032fc2807f7dec6de1ed6efb9d18a70668a015f23e32d58149c9d9952bc0a7,0x00450630,0x0045063A,10,0x00450630-0x0045063A,unknown_libname_215,void __cdecl unknown_libname_215();,0x5444,library
42032fc2807f7dec6de1ed6efb9d18a70668a015f23e32d58149c9d9952bc0a7,0x00450640,0x00450656,22,0x00450640-0x00450656,sub_450640,,0x5400,game
42032fc2807f7dec6de1ed6efb9d18a70668a015f23e32d58149c9d9952bc0a7,0x00450660,0x0045066A,10,0x00450660-0x0045066A,unknown_libname_216,void __cdecl unknown_libname_216();,0x5444,library
42032fc2807f7dec6de1ed6efb9d18a70668a015f23e32d58149c9d9952bc0a7,0x00450670,0x00450686,22,0x00450670-0x00450686,sub_450670,,0x5400,game
42032fc2807f7dec6de1ed6efb9d18a70668a015f23e32d58149c9d9952bc0a7,0x00450690,0x0045069A,10,0x00450690-0x0045069A,unknown_libname_217,void __cdecl unknown_libname_217();,0x5444,library
42032fc2807f7dec6de1ed6efb9d18a70668a015f23e32d58149c9d9952bc0a7,0x004506A0,0x004506B6,22,0x004506A0-0x004506B6,sub_4506A0,,0x5400,game
42032fc2807f7dec6de1ed6efb9d18a70668a015f23e32d58149c9d9952bc0a7,0x004506C0,0x004506CA,10,0x004506C0-0x004506CA,unknown_libname_218,void __cdecl unknown_libname_218();,0x5444,library
42032fc2807f7dec6de1ed6efb9d18a70668a015f23e32d58149c9d9952bc0a7,0x004506D0,0x004506E6,22,0x004506D0-0x004506E6,sub_4506D0,,0x5400,game
42032fc2807f7dec6de1ed6efb9d18a70668a015f23e32d58149c9d9952bc0a7,0x004506F0,0x004506FA,10,0x004506F0-0x004506FA,unknown_libname_219,void __cdecl unknown_libname_219();,0x5444,library
42032fc2807f7dec6de1ed6efb9d18a70668a015f23e32d58149c9d9952bc0a7,0x00450700,0x00450716,22,0x00450700-0x00450716,sub_450700,,0x5400,game
42032fc2807f7dec6de1ed6efb9d18a70668a015f23e32d58149c9d9952bc0a7,0x00450720,0x0045072A,10,0x00450720-0x0045072A,unknown_libname_220,void __cdecl unknown_libname_220();,0x5444,library
42032fc2807f7dec6de1ed6efb9d18a70668a015f23e32d58149c9d9952bc0a7,0x00450730,0x00450746,22,0x00450730-0x00450746,sub_450730,,0x5400,game
42032fc2807f7dec6de1ed6efb9d18a70668a015f23e32d58149c9d9952bc0a7,0x00450750,0x0045075A,10,0x00450750-0x0045075A,unknown_libname_221,void __cdecl unknown_libname_221();,0x5444,library
42032fc2807f7dec6de1ed6efb9d18a70668a015f23e32d58149c9d9952bc0a7,0x00450760,0x00450776,22,0x00450760-0x00450776,sub_450760,,0x5400,game
42032fc2807f7dec6de1ed6efb9d18a70668a015f23e32d58149c9d9952bc0a7,0x00450780,0x0045078A,10,0x00450780-0x0045078A,unknown_libname_222,void __cdecl unknown_libname_222();,0x5444,library
42032fc2807f7dec6de1ed6efb9d18a70668a015f23e32d58149c9d9952bc0a7,0x00450790,0x004507A6,22,0x00450790-0x004507A6,sub_450790,,0x5400,game
42032fc2807f7dec6de1ed6efb9d18a70668a015f23e32d58149c9d9952bc0a7,0x004507B0,0x004507BA,10,0x004507B0-0x004507BA,unknown_libname_223,void __cdecl unknown_libname_223();,0x5444,library
42032fc2807f7dec6de1ed6efb9d18a70668a015f23e32d58149c9d9952bc0a7,0x004507C0,0x004507D6,22,0x004507C0-0x004507D6,sub_4507C0,,0x5400,game
42032fc2807f7dec6de1ed6efb9d18a70668a015f23e32d58149c9d9952bc0a7,0x004507E0,0x004507EA,10,0x004507E0-0x004507EA,unknown_libname_224,void __cdecl unknown_libname_224();,0x5444,library
42032fc2807f7dec6de1ed6efb9d18a70668a015f23e32d58149c9d9952bc0a7,0x004507F0,0x00450806,22,0x004507F0-0x00450806,sub_4507F0,,0x5400,game
42032fc2807f7dec6de1ed6efb9d18a70668a015f23e32d58149c9d9952bc0a7,0x00450810,0x0045081A,10,0x00450810-0x0045081A,unknown_libname_225,void __cdecl unknown_libname_225();,0x5444,library
42032fc2807f7dec6de1ed6efb9d18a70668a015f23e32d58149c9d9952bc0a7,0x00450820,0x00450836,22,0x00450820-0x00450836,sub_450820,,0x5400,game
42032fc2807f7dec6de1ed6efb9d18a70668a015f23e32d58149c9d9952bc0a7,0x00450840,0x0045084A,10,0x00450840-0x0045084A,unknown_libname_226,void __cdecl unknown_libname_226();,0x5444,library
42032fc2807f7dec6de1ed6efb9d18a70668a015f23e32d58149c9d9952bc0a7,0x00450850,0x00450866,22,0x00450850-0x00450866,sub_450850,,0x5400,game
42032fc2807f7dec6de1ed6efb9d18a70668a015f23e32d58149c9d9952bc0a7,0x00450870,0x0045087A,10,0x00450870-0x0045087A,unknown_libname_227,void __cdecl unknown_libname_227();,0x5444,library
42032fc2807f7dec6de1ed6efb9d18a70668a015f23e32d58149c9d9952bc0a7,0x00450880,0x00450896,22,0x00450880-0x00450896,sub_450880,,0x5400,game
42032fc2807f7dec6de1ed6efb9d18a70668a015f23e32d58149c9d9952bc0a7,0x004508A0,0x004508AA,10,0x004508A0-0x004508AA,unknown_libname_228,void __cdecl unknown_libname_228();,0x5444,library
42032fc2807f7dec6de1ed6efb9d18a70668a015f23e32d58149c9d9952bc0a7,0x004508B0,0x004508C6,22,0x004508B0-0x004508C6,sub_4508B0,,0x5400,game
42032fc2807f7dec6de1ed6efb9d18a70668a015f23e32d58149c9d9952bc0a7,0x004508D0,0x004508DA,10,0x004508D0-0x004508DA,unknown_libname_229,void __cdecl unknown_libname_229();,0x5444,library
42032fc2807f7dec6de1ed6efb9d18a70668a015f23e32d58149c9d9952bc0a7,0x004508E0,0x004508F6,22,0x004508E0-0x004508F6,sub_4508E0,,0x5400,game
42032fc2807f7dec6de1ed6efb9d18a70668a015f23e32d58149c9d9952bc0a7,0x00450900,0x0045090A,10,0x00450900-0x0045090A,unknown_libname_230,void __cdecl unknown_libname_230();,0x5444,library
42032fc2807f7dec6de1ed6efb9d18a70668a015f23e32d58149c9d9952bc0a7,0x00450910,0x00450934,36,0x00450910-0x00450934,sub_450910,,0x5400,game
42032fc2807f7dec6de1ed6efb9d18a70668a015f23e32d58149c9d9952bc0a7,0x00450940,0x00450954,20,0x00450940-0x00450954,sub_450940,void __cdecl sub_450940();,0x5400,game
42032fc2807f7dec6de1ed6efb9d18a70668a015f23e32d58149c9d9952bc0a7,0x00450960,0x00450984,36,0x00450960-0x00450984,sub_450960,,0x5400,game
42032fc2807f7dec6de1ed6efb9d18a70668a015f23e32d58149c9d9952bc0a7,0x00450990,0x004509A4,20,0x00450990-0x004509A4,sub_450990,void __cdecl sub_450990();,0x5400,game
42032fc2807f7dec6de1ed6efb9d18a70668a015f23e32d58149c9d9952bc0a7,0x004509B0,0x004509D4,36,0x004509B0-0x004509D4,sub_4509B0,,0x5400,game
42032fc2807f7dec6de1ed6efb9d18a70668a015f23e32d58149c9d9952bc0a7,0x004509E0,0x004509F4,20,0x004509E0-0x004509F4,sub_4509E0,void __cdecl sub_4509E0();,0x5400,game
42032fc2807f7dec6de1ed6efb9d18a70668a015f23e32d58149c9d9952bc0a7,0x00450A00,0x00450A24,36,0x00450A00-0x00450A24,sub_450A00,,0x5400,game
42032fc2807f7dec6de1ed6efb9d18a70668a015f23e32d58149c9d9952bc0a7,0x00450A30,0x00450A44,20,0x00450A30-0x00450A44,sub_450A30,void __cdecl sub_450A30();,0x5400,game
42032fc2807f7dec6de1ed6efb9d18a70668a015f23e32d58149c9d9952bc0a7,0x00450A50,0x00450A74,36,0x00450A50-0x00450A74,sub_450A50,,0x5400,game
42032fc2807f7dec6de1ed6efb9d18a70668a015f23e32d58149c9d9952bc0a7,0x00450A80,0x00450A94,20,0x00450A80-0x00450A94,sub_450A80,void __cdecl sub_450A80();,0x5400,game
42032fc2807f7dec6de1ed6efb9d18a70668a015f23e32d58149c9d9952bc0a7,0x00450AA0,0x00450AC4,36,0x00450AA0-0x00450AC4,sub_450AA0,,0x5400,game
42032fc2807f7dec6de1ed6efb9d18a70668a015f23e32d58149c9d9952bc0a7,0x00450AD0,0x00450AE4,20,0x00450AD0-0x00450AE4,sub_450AD0,void __cdecl sub_450AD0();,0x5400,game
42032fc2807f7dec6de1ed6efb9d18a70668a015f23e32d58149c9d9952bc0a7,0x00450AF0,0x00450B14,36,0x00450AF0-0x00450B14,sub_450AF0,,0x5400,game
42032fc2807f7dec6de1ed6efb9d18a70668a015f23e32d58149c9d9952bc0a7,0x00450B20,0x00450B34,20,0x00450B20-0x00450B34,sub_450B20,void __cdecl sub_450B20();,0x5400,game
42032fc2807f7dec6de1ed6efb9d18a70668a015f23e32d58149c9d9952bc0a7,0x00450B40,0x00450B64,36,0x00450B40-0x00450B64,sub_450B40,,0x5400,game
42032fc2807f7dec6de1ed6efb9d18a70668a015f23e32d58149c9d9952bc0a7,0x00450B70,0x00450B84,20,0x00450B70-0x00450B84,sub_450B70,void __cdecl sub_450B70();,0x5400,game
42032fc2807f7dec6de1ed6efb9d18a70668a015f23e32d58149c9d9952bc0a7,0x00450B90,0x00450BB4,36,0x00450B90-0x00450BB4,sub_450B90,,0x5400,game
42032fc2807f7dec6de1ed6efb9d18a70668a015f23e32d58149c9d9952bc0a7,0x00450BC0,0x00450BD4,20,0x00450BC0-0x00450BD4,sub_450BC0,void __cdecl sub_450BC0();,0x5400,game
42032fc2807f7dec6de1ed6efb9d18a70668a015f23e32d58149c9d9952bc0a7,0x00450BE0,0x00450BF6,22,0x00450BE0-0x00450BF6,sub_450BE0,,0x5400,game
42032fc2807f7dec6de1ed6efb9d18a70668a015f23e32d58149c9d9952bc0a7,0x00450C00,0x00450C0A,10,0x00450C00-0x00450C0A,unknown_libname_231,void __cdecl unknown_libname_231();,0x5444,library
42032fc2807f7dec6de1ed6efb9d18a70668a015f23e32d58149c9d9952bc0a7,0x00450C10,0x00450C26,22,0x00450C10-0x00450C26,sub_450C10,,0x5400,game
42032fc2807f7dec6de1ed6efb9d18a70668a015f23e32d58149c9d9952bc0a7,0x00450C30,0x00450C3A,10,0x00450C30-0x00450C3A,unknown_libname_232,void __cdecl unknown_libname_232();,0x5444,library
42032fc2807f7dec6de1ed6efb9d18a70668a015f23e32d58149c9d9952bc0a7,0x00450C40,0x00450C56,22,0x00450C40-0x00450C56,sub_450C40,,0x5400,game
42032fc2807f7dec6de1ed6efb9d18a70668a015f23e32d58149c9d9952bc0a7,0x00450C60,0x00450C6A,10,0x00450C60-0x00450C6A,unknown_libname_233,void __cdecl unknown_libname_233();,0x5444,library
42032fc2807f7dec6de1ed6efb9d18a70668a015f23e32d58149c9d9952bc0a7,0x00450C70,0x00450C86,22,0x00450C70-0x00450C86,sub_450C70,,0x5400,game
42032fc2807f7dec6de1ed6efb9d18a70668a015f23e32d58149c9d9952bc0a7,0x00450C90,0x00450C9A,10,0x00450C90-0x00450C9A,unknown_libname_234,void __cdecl unknown_libname_234();,0x5444,library
42032fc2807f7dec6de1ed6efb9d18a70668a015f23e32d58149c9d9952bc0a7,0x00450CA0,0x00450CB6,22,0x00450CA0-0x00450CB6,sub_450CA0,,0x5400,game
42032fc2807f7dec6de1ed6efb9d18a70668a015f23e32d58149c9d9952bc0a7,0x00450CC0,0x00450CCA,10,0x00450CC0-0x00450CCA,unknown_libname_235,void __cdecl unknown_libname_235();,0x5444,library
42032fc2807f7dec6de1ed6efb9d18a70668a015f23e32d58149c9d9952bc0a7,0x00450CD0,0x00450CE6,22,0x00450CD0-0x00450CE6,sub_450CD0,,0x5400,game
42032fc2807f7dec6de1ed6efb9d18a70668a015f23e32d58149c9d9952bc0a7,0x00450CF0,0x00450CFA,10,0x00450CF0-0x00450CFA,unknown_libname_236,void __cdecl unknown_libname_236();,0x5444,library
42032fc2807f7dec6de1ed6efb9d18a70668a015f23e32d58149c9d9952bc0a7,0x00450D00,0x00450D16,22,0x00450D00-0x00450D16,sub_450D00,,0x5400,game
42032fc2807f7dec6de1ed6efb9d18a70668a015f23e32d58149c9d9952bc0a7,0x00450D20,0x00450D2A,10,0x00450D20-0x00450D2A,unknown_libname_237,void __cdecl unknown_libname_237();,0x5444,library
42032fc2807f7dec6de1ed6efb9d18a70668a015f23e32d58149c9d9952bc0a7,0x00450D30,0x00450D46,22,0x00450D30-0x00450D46,sub_450D30,,0x5400,game
42032fc2807f7dec6de1ed6efb9d18a70668a015f23e32d58149c9d9952bc0a7,0x00450D50,0x00450D5A,10,0x00450D50-0x00450D5A,unknown_libname_238,void __cdecl unknown_libname_238();,0x5444,library
42032fc2807f7dec6de1ed6efb9d18a70668a015f23e32d58149c9d9952bc0a7,0x00450D60,0x00450D76,22,0x00450D60-0x00450D76,sub_450D60,,0x5400,game
42032fc2807f7dec6de1ed6efb9d18a70668a015f23e32d58149c9d9952bc0a7,0x00450D80,0x00450D8A,10,0x00450D80-0x00450D8A,unknown_libname_239,void __cdecl unknown_libname_239();,0x5444,library
42032fc2807f7dec6de1ed6efb9d18a70668a015f23e32d58149c9d9952bc0a7,0x00450D90,0x00450DB4,36,0x00450D90-0x00450DB4,sub_450D90,,0x5400,game
42032fc2807f7dec6de1ed6efb9d18a70668a015f23e32d58149c9d9952bc0a7,0x00450DC0,0x00450DD4,20,0x00450DC0-0x00450DD4,sub_450DC0,void __cdecl sub_450DC0();,0x5400,game
42032fc2807f7dec6de1ed6efb9d18a70668a015f23e32d58149c9d9952bc0a7,0x00451030,0x00451A09,2539,0x00451030-0x00451A09;0x00655030-0x00655042,sub_451030,,0x5410,game
42032fc2807f7dec6de1ed6efb9d18a70668a015f23e32d58149c9d9952bc0a7,0x00451A10,0x00451C44,747,0x00451A10-0x00451C44;0x00655042-0x006550F9,sub_451A10,,0x5410,game
42032fc2807f7dec6de1ed6efb9d18a70668a015f23e32d58149c9d9952bc0a7,0x00451C50,0x0045370C,6909,0x00451C50-0x0045370C;0x006550F9-0x0065513A,sub_451C50,,0x5410,game
42032fc2807f7dec6de1ed6efb9d18a70668a015f23e32d58149c9d9952bc0a7,0x00453710,0x00453A17,775,0x00453710-0x00453A17,sub_453710,,0x5410,game
42032fc2807f7dec6de1ed6efb9d18a70668a015f23e32d58149c9d9952bc0a7,0x00453A20,0x00453A6A,74,0x00453A20-0x00453A6A,sub_453A20,,0x5400,game
42032fc2807f7dec6de1ed6efb9d18a70668a015f23e32d58149c9d9952bc0a7,0x00453A70,0x00453F6F,1279,0x00453A70-0x00453F6F,sub_453A70,,0x5410,game
42032fc2807f7dec6de1ed6efb9d18a70668a015f23e32d58149c9d9952bc0a7,0x00453F70,0x00454261,785,0x00453F70-0x00454261;0x0065513A-0x0065515A,sub_453F70,,0x5410,game
42032fc2807f7dec6de1ed6efb9d18a70668a015f23e32d58149c9d9952bc0a7,0x00454270,0x004547DB,1427,0x00454270-0x004547DB;0x0065515A-0x00655182,sub_454270,,0x5410,game
42032fc2807f7dec6de1ed6efb9d18a70668a015f23e32d58149c9d9952bc0a7,0x004547E0,0x00454D0C,1324,0x004547E0-0x00454D0C,sub_4547E0,,0x5410,game
42032fc2807f7dec6de1ed6efb9d18a70668a015f23e32d58149c9d9952bc0a7,0x00454D10,0x00454FB6,678,0x00454D10-0x00454FB6,sub_454D10,,0x5410,game
42032fc2807f7dec6de1ed6efb9d18a70668a015f23e32d58149c9d9952bc0a7,0x00454FC0,0x004553F3,1075,0x00454FC0-0x004553F3,sub_454FC0,,0x5410,game
42032fc2807f7dec6de1ed6efb9d18a70668a015f23e32d58149c9d9952bc0a7,0x00455400,0x004554C0,192,0x00455400-0x004554C0,sub_455400,,0x5410,game
42032fc2807f7dec6de1ed6efb9d18a70668a015f23e32d58149c9d9952bc0a7,0x004554C0,0x00455606,326,0x004554C0-0x00455606,sub_4554C0,"int __cdecl sub_4554C0(int, char *Str, int);",0x5410,game
42032fc2807f7dec6de1ed6efb9d18a70668a015f23e32d58149c9d9952bc0a7,0x00455610,0x00455E41,2097,0x00455610-0x00455E41,sub_455610,,0x5410,game
42032fc2807f7dec6de1ed6efb9d18a70668a015f23e32d58149c9d9952bc0a7,0x00455E50,0x00455E73,35,0x00455E50-0x00455E73,sub_455E50,,0x5410,game
42032fc2807f7dec6de1ed6efb9d18a70668a015f23e32d58149c9d9952bc0a7,0x00455E80,0x00455EA8,40,0x00455E80-0x00455EA8,sub_455E80,,0x5400,game
42032fc2807f7dec6de1ed6efb9d18a70668a015f23e32d58149c9d9952bc0a7,0x00455EB0,0x00455F0E,94,0x00455EB0-0x00455F0E,sub_455EB0,,0x5400,game
42032fc2807f7dec6de1ed6efb9d18a70668a015f23e32d58149c9d9952bc0a7,0x00455F10,0x0045600B,412,0x00455F10-0x0045600B;0x00654ED0-0x00654F71,sub_455F10,int __thiscall sub_455F10(void *);,0x5410,game
42032fc2807f7dec6de1ed6efb9d18a70668a015f23e32d58149c9d9952bc0a7,0x00456010,0x004560FC,397,0x00456010-0x004560FC;0x00654F80-0x00655021,sub_456010,int __thiscall sub_456010(void *);,0x5410,game
42032fc2807f7dec6de1ed6efb9d18a70668a015f23e32d58149c9d9952bc0a7,0x00456100,0x00456105,5,0x00456100-0x00456105,sub_456100,void __thiscall sub_456100(void *);,0x5480,thunk
42032fc2807f7dec6de1ed6efb9d18a70668a015f23e32d58149c9d9952bc0a7,0x00456110,0x00456275,533,0x00456110-0x00456275;0x00655190-0x00655240,sub_456110,,0x5410,game
42032fc2807f7dec6de1ed6efb9d18a70668a015f23e32d58149c9d9952bc0a7,0x00456280,0x004562A1,33,0x00456280-0x004562A1,sub_456280,"int __thiscall sub_456280(void *Block, char);",0x5410,game
42032fc2807f7dec6de1ed6efb9d18a70668a015f23e32d58149c9d9952bc0a7,0x004562C0,0x004562D6,22,0x004562C0-0x004562D6,sub_4562C0,,0x5400,game
42032fc2807f7dec6de1ed6efb9d18a70668a015f23e32d58149c9d9952bc0a7,0x004562E0,0x004562EA,10,0x004562E0-0x004562EA,unknown_libname_240,void __cdecl unknown_libname_240();,0x5444,library
42032fc2807f7dec6de1ed6efb9d18a70668a015f23e32d58149c9d9952bc0a7,0x004562F0,0x004562F1,1,0x004562F0-0x004562F1,nullsub_144,,0x5440,game
42032fc2807f7dec6de1ed6efb9d18a70668a015f23e32d58149c9d9952bc0a7,0x00456300,0x0045838D,8333,0x00456300-0x0045838D,sub_456300,,0x5410,game
42032fc2807f7dec6de1ed6efb9d18a70668a015f23e32d58149c9d9952bc0a7,0x00458420,0x004588A9,1161,0x00458420-0x004588A9,sub_458420,,0x5410,game
42032fc2807f7dec6de1ed6efb9d18a70668a015f23e32d58149c9d9952bc0a7,0x00458900,0x00458903,3,0x00458900-0x00458903,nullsub_4,,0x5440,game
42032fc2807f7dec6de1ed6efb9d18a70668a015f23e32d58149c9d9952bc0a7,0x00458910,0x00458911,1,0x00458910-0x00458911,nullsub_5,,0x5440,game
42032fc2807f7dec6de1ed6efb9d18a70668a015f23e32d58149c9d9952bc0a7,0x00458920,0x00458923,3,0x00458920-0x00458923,nullsub_145,,0x5440,game
42032fc2807f7dec6de1ed6efb9d18a70668a015f23e32d58149c9d9952bc0a7,0x00458930,0x004589C0,144,0x00458930-0x004589C0,sub_458930,,0x5400,game
42032fc2807f7dec6de1ed6efb9d18a70668a015f23e32d58149c9d9952bc0a7,0x004589C0,0x00458D3A,911,0x004589C0-0x00458D3A;0x00655280-0x00655295,sub_4589C0,,0x5410,game
42032fc2807f7dec6de1ed6efb9d18a70668a015f23e32d58149c9d9952bc0a7,0x00458D40,0x00458D54,20,0x00458D40-0x00458D54,sub_458D40,,0x5410,game
42032fc2807f7dec6de1ed6efb9d18a70668a015f23e32d58149c9d9952bc0a7,0x00458DC0,0x00458EDA,282,0x00458DC0-0x00458EDA,sub_458DC0,,0x5410,game
42032fc2807f7dec6de1ed6efb9d18a70668a015f23e32d58149c9d9952bc0a7,0x00458F10,0x00458FEA,218,0x00458F10-0x00458FEA,sub_458F10,,0x5410,game
42032fc2807f7dec6de1ed6efb9d18a70668a015f23e32d58149c9d9952bc0a7,0x00458FF0,0x00459141,337,0x00458FF0-0x00459141,sub_458FF0,,0x5410,game
42032fc2807f7dec6de1ed6efb9d18a70668a015f23e32d58149c9d9952bc0a7,0x00459150,0x00459260,272,0x00459150-0x00459260,sub_459150,,0x5410,game
42032fc2807f7dec6de1ed6efb9d18a70668a015f23e32d58149c9d9952bc0a7,0x00459260,0x0045927C,28,0x00459260-0x0045927C,sub_459260,,0x5410,game
42032fc2807f7dec6de1ed6efb9d18a70668a015f23e32d58149c9d9952bc0a7,0x00459280,0x0045929C,28,0x00459280-0x0045929C,sub_459280,,0x5400,game
42032fc2807f7dec6de1ed6efb9d18a70668a015f23e32d58149c9d9952bc0a7,0x004592A0,0x00459414,372,0x004592A0-0x00459414,sub_4592A0,int __thiscall sub_4592A0(LPRECT lprcDst);,0x5400,game
42032fc2807f7dec6de1ed6efb9d18a70668a015f23e32d58149c9d9952bc0a7,0x00459420,0x0045949B,160,0x00459420-0x0045949B;0x00655295-0x006552BA,sub_459420,,0x5410,game
42032fc2807f7dec6de1ed6efb9d18a70668a015f23e32d58149c9d9952bc0a7,0x004594A0,0x004594FB,123,0x004594A0-0x004594FB;0x00655240-0x00655260,sub_4594A0,,0x5410,game
42032fc2807f7dec6de1ed6efb9d18a70668a015f23e32d58149c9d9952bc0a7,0x00459500,0x00459556,118,0x00459500-0x00459556;0x00655260-0x00655280,sub_459500,,0x5410,game
42032fc2807f7dec6de1ed6efb9d18a70668a015f23e32d58149c9d9952bc0a7,0x00459560,0x00459576,22,0x00459560-0x00459576,sub_459560,,0x5400,game
42032fc2807f7dec6de1ed6efb9d18a70668a015f23e32d58149c9d9952bc0a7,0x00459580,0x0045958A,10,0x00459580-0x0045958A,unknown_libname_241,void __cdecl unknown_libname_241();,0x5444,library
42032fc2807f7dec6de1ed6efb9d18a70668a015f23e32d58149c9d9952bc0a7,0x00459590,0x004595A6,22,0x00459590-0x004595A6,sub_459590,,0x5400,game
42032fc2807f7dec6de1ed6efb9d18a70668a015f23e32d58149c9d9952bc0a7,0x004595B0,0x004595BA,10,0x004595B0-0x004595BA,unknown_libname_242,void __cdecl unknown_libname_242();,0x5444,library
42032fc2807f7dec6de1ed6efb9d18a70668a015f23e32d58149c9d9952bc0a7,0x004595C0,0x0045967F,191,0x004595C0-0x0045967F,sub_4595C0,,0x5400,game
42032fc2807f7dec6de1ed6efb9d18a70668a015f23e32d58149c9d9952bc0a7,0x00459680,0x0045B500,7829,0x00459680-0x0045B500;0x00655730-0x00655745,sub_459680,,0x5410,game
42032fc2807f7dec6de1ed6efb9d18a70668a015f23e32d58149c9d9952bc0a7,0x0045B550,0x0045BBF7,1703,0x0045B550-0x0045BBF7,sub_45B550,,0x5410,game
42032fc2807f7dec6de1ed6efb9d18a70668a015f23e32d58149c9d9952bc0a7,0x0045BC50,0x0045BE7D,557,0x0045BC50-0x0045BE7D,sub_45BC50,,0x5410,game
42032fc2807f7dec6de1ed6efb9d18a70668a015f23e32d58149c9d9952bc0a7,0x0045BE80,0x0045C0AF,559,0x0045BE80-0x0045C0AF,sub_45BE80,,0x5410,game
42032fc2807f7dec6de1ed6efb9d18a70668a015f23e32d58149c9d9952bc0a7,0x0045C0B0,0x0045C0E5,53,0x0045C0B0-0x0045C0E5,sub_45C0B0,,0x5410,game
42032fc2807f7dec6de1ed6efb9d18a70668a015f23e32d58149c9d9952bc0a7,0x0045C0F0,0x0045C162,132,0x0045C0F0-0x0045C162;0x00655745-0x00655757,sub_45C0F0,,0x5410,game
42032fc2807f7dec6de1ed6efb9d18a70668a015f23e32d58149c9d9952bc0a7,0x0045C170,0x0045C171,1,0x0045C170-0x0045C171,nullsub_6,,0x5440,game
42032fc2807f7dec6de1ed6efb9d18a70668a015f23e32d58149c9d9952bc0a7,0x0045C200,0x0045C273,115,0x0045C200-0x0045C273,sub_45C200,,0x5410,game
42032fc2807f7dec6de1ed6efb9d18a70668a015f23e32d58149c9d9952bc0a7,0x0045C280,0x0045C283,3,0x0045C280-0x0045C283,nullsub_146,,0x5440,game
42032fc2807f7dec6de1ed6efb9d18a70668a015f23e32d58149c9d9952bc0a7,0x0045C290,0x0045C393,259,0x0045C290-0x0045C393,sub_45C290,,0x5410,game
42032fc2807f7dec6de1ed6efb9d18a70668a015f23e32d58149c9d9952bc0a7,0x0045C3A0,0x0045C5AF,527,0x0045C3A0-0x0045C5AF,sub_45C3A0,,0x5410,game
42032fc2807f7dec6de1ed6efb9d18a70668a015f23e32d58149c9d9952bc0a7,0x0045C5B0,0x0045C5B1,1,0x0045C5B0-0x0045C5B1,nullsub_147,,0x5440,game
42032fc2807f7dec6de1ed6efb9d18a70668a015f23e32d58149c9d9952bc0a7,0x0045C5C0,0x0045C5F4,52,0x0045C5C0-0x0045C5F4,sub_45C5C0,,0x5410,game
42032fc2807f7dec6de1ed6efb9d18a70668a015f23e32d58149c9d9952bc0a7,0x0045C600,0x0045C634,52,0x0045C600-0x0045C634,sub_45C600,,0x5410,game
42032fc2807f7dec6de1ed6efb9d18a70668a015f23e32d58149c9d9952bc0a7,0x0045C640,0x0045C674,52,0x0045C640-0x0045C674,sub_45C640,,0x5410,game
42032fc2807f7dec6de1ed6efb9d18a70668a015f23e32d58149c9d9952bc0a7,0x0045C680,0x0045C6B4,52,0x0045C680-0x0045C6B4,sub_45C680,,0x5410,game
42032fc2807f7dec6de1ed6efb9d18a70668a015f23e32d58149c9d9952bc0a7,0x0045C6C0,0x0045C6F4,52,0x0045C6C0-0x0045C6F4,sub_45C6C0,,0x5410,game
42032fc2807f7dec6de1ed6efb9d18a70668a015f23e32d58149c9d9952bc0a7,0x0045C700,0x0045C734,52,0x0045C700-0x0045C734,sub_45C700,,0x5410,game
42032fc2807f7dec6de1ed6efb9d18a70668a015f23e32d58149c9d9952bc0a7,0x0045C740,0x0045C774,52,0x0045C740-0x0045C774,sub_45C740,,0x5410,game
42032fc2807f7dec6de1ed6efb9d18a70668a015f23e32d58149c9d9952bc0a7,0x0045C780,0x0045C7B4,52,0x0045C780-0x0045C7B4,sub_45C780,,0x5410,game
42032fc2807f7dec6de1ed6efb9d18a70668a015f23e32d58149c9d9952bc0a7,0x0045C7C0,0x0045C7F4,52,0x0045C7C0-0x0045C7F4,sub_45C7C0,,0x5410,game
42032fc2807f7dec6de1ed6efb9d18a70668a015f23e32d58149c9d9952bc0a7,0x0045C800,0x0045C830,48,0x0045C800-0x0045C830,sub_45C800,,0x5410,game
42032fc2807f7dec6de1ed6efb9d18a70668a015f23e32d58149c9d9952bc0a7,0x0045C830,0x0045C866,54,0x0045C830-0x0045C866,sub_45C830,,0x5410,game
42032fc2807f7dec6de1ed6efb9d18a70668a015f23e32d58149c9d9952bc0a7,0x0045C870,0x0045C8A4,52,0x0045C870-0x0045C8A4,sub_45C870,,0x5410,game
42032fc2807f7dec6de1ed6efb9d18a70668a015f23e32d58149c9d9952bc0a7,0x0045C8B0,0x0045C8E6,54,0x0045C8B0-0x0045C8E6,sub_45C8B0,,0x5410,game
42032fc2807f7dec6de1ed6efb9d18a70668a015f23e32d58149c9d9952bc0a7,0x0045C8F0,0x0045C932,66,0x0045C8F0-0x0045C932,sub_45C8F0,,0x5410,game
42032fc2807f7dec6de1ed6efb9d18a70668a015f23e32d58149c9d9952bc0a7,0x0045C940,0x0045C978,56,0x0045C940-0x0045C978,sub_45C940,,0x5410,game
42032fc2807f7dec6de1ed6efb9d18a70668a015f23e32d58149c9d9952bc0a7,0x0045C980,0x0045C9B4,52,0x0045C980-0x0045C9B4,sub_45C980,,0x5410,game
42032fc2807f7dec6de1ed6efb9d18a70668a015f23e32d58149c9d9952bc0a7,0x0045C9C0,0x0045C9F4,52,0x0045C9C0-0x0045C9F4,sub_45C9C0,,0x5410,game
42032fc2807f7dec6de1ed6efb9d18a70668a015f23e32d58149c9d9952bc0a7,0x0045CA00,0x0045CA34,52,0x0045CA00-0x0045CA34,sub_45CA00,,0x5410,game
42032fc2807f7dec6de1ed6efb9d18a70668a015f23e32d58149c9d9952bc0a7,0x0045CA40,0x0045CC78,568,0x0045CA40-0x0045CC78,sub_45CA40,,0x5410,game
42032fc2807f7dec6de1ed6efb9d18a70668a015f23e32d58149c9d9952bc0a7,0x0045CC80,0x0045CC83,3,0x0045CC80-0x0045CC83,nullsub_148,,0x5440,game
42032fc2807f7dec6de1ed6efb9d18a70668a015f23e32d58149c9d9952bc0a7,0x0045CC90,0x0045CC93,3,0x0045CC90-0x0045CC93,nullsub_149,,0x5440,game
42032fc2807f7dec6de1ed6efb9d18a70668a015f23e32d58149c9d9952bc0a7,0x0045CCA0,0x0045CCA3,3,0x0045CCA0-0x0045CCA3,nullsub_150,,0x5440,game
42032fc2807f7dec6de1ed6efb9d18a70668a015f23e32d58149c9d9952bc0a7,0x0045CCB0,0x0045CD75,197,0x0045CCB0-0x0045CD75,sub_45CCB0,,0x5410,game
42032fc2807f7dec6de1ed6efb9d18a70668a015f23e32d58149c9d9952bc0a7,0x0045CD80,0x0045CDB0,48,0x0045CD80-0x0045CDB0,sub_45CD80,,0x5410,game
42032fc2807f7dec6de1ed6efb9d18a70668a015f23e32d58149c9d9952bc0a7,0x0045CDB0,0x0045CDB3,3,0x0045CDB0-0x0045CDB3,nullsub_151,,0x5440,game
42032fc2807f7dec6de1ed6efb9d18a70668a015f23e32d58149c9d9952bc0a7,0x0045CDC0,0x0045CE72,178,0x0045CDC0-0x0045CE72,sub_45CDC0,,0x5410,game
42032fc2807f7dec6de1ed6efb9d18a70668a015f23e32d58149c9d9952bc0a7,0x0045CE80,0x0045CF38,184,0x0045CE80-0x0045CF38,sub_45CE80,,0x5410,game
42032fc2807f7dec6de1ed6efb9d18a70668a015f23e32d58149c9d9952bc0a7,0x0045CF40,0x0045CF75,53,0x0045CF40-0x0045CF75,sub_45CF40,,0x5410,game
42032fc2807f7dec6de1ed6efb9d18a70668a015f23e32d58149c9d9952bc0a7,0x0045CF80,0x0045CFFD,125,0x0045CF80-0x0045CFFD,sub_45CF80,,0x5410,game
42032fc2807f7dec6de1ed6efb9d18a70668a015f23e32d58149c9d9952bc0a7,0x0045D000,0x0045D105,261,0x0045D000-0x0045D105,sub_45D000,,0x5410,game
42032fc2807f7dec6de1ed6efb9d18a70668a015f23e32d58149c9d9952bc0a7,0x0045D110,0x0045D13F,47,0x0045D110-0x0045D13F,sub_45D110,,0x5400,game
42032fc2807f7dec6de1ed6efb9d18a70668a015f23e32d58149c9d9952bc0a7,0x0045D140,0x0045D159,25,0x0045D140-0x0045D159,sub_45D140,,0x5410,game
42032fc2807f7dec6de1ed6efb9d18a70668a015f23e32d58149c9d9952bc0a7,0x0045D160,0x0045D165,5,0x0045D160-0x0045D165,sub_45D160,,0x5400,game
42032fc2807f7dec6de1ed6efb9d18a70668a015f23e32d58149c9d9952bc0a7,0x0045D170,0x0045D271,257,0x0045D170-0x0045D271,sub_45D170,,0x5410,game
42032fc2807f7dec6de1ed6efb9d18a70668a015f23e32d58149c9d9952bc0a7,0x0045D2A0,0x0045D2D1,49,0x0045D2A0-0x0045D2D1,sub_45D2A0,,0x5410,game
42032fc2807f7dec6de1ed6efb9d18a70668a015f23e32d58149c9d9952bc0a7,0x0045D2E0,0x0045D303,35,0x0045D2E0-0x0045D303,sub_45D2E0,,0x5400,game
42032fc2807f7dec6de1ed6efb9d18a70668a015f23e32d58149c9d9952bc0a7,0x0045D310,0x0045D37D,109,0x0045D310-0x0045D37D,sub_45D310,,0x5400,game
42032fc2807f7dec6de1ed6efb9d18a70668a015f23e32d58149c9d9952bc0a7,0x0045D380,0x0045D43F,191,0x0045D380-0x0045D43F,sub_45D380,,0x5410,game
42032fc2807f7dec6de1ed6efb9d18a70668a015f23e32d58149c9d9952bc0a7,0x0045D440,0x0045D966,1350,0x0045D440-0x0045D966;0x00655757-0x00655777,sub_45D440,,0x5410,game
42032fc2807f7dec6de1ed6efb9d18a70668a015f23e32d58149c9d9952bc0a7,0x0045D970,0x0045DEA0,1371,0x0045D970-0x0045DEA0;0x00655777-0x006557A2,sub_45D970,,0x5410,game
42032fc2807f7dec6de1ed6efb9d18a70668a015f23e32d58149c9d9952bc0a7,0x0045DEA0,0x0045E535,1728,0x0045DEA0-0x0045E535;0x006557A2-0x006557CD,sub_45DEA0,,0x5410,game
42032fc2807f7dec6de1ed6efb9d18a70668a015f23e32d58149c9d9952bc0a7,0x0045E540,0x0045EB5A,1605,0x0045E540-0x0045EB5A;0x006557CD-0x006557F8,sub_45E540,,0x5410,game
42032fc2807f7dec6de1ed6efb9d18a70668a015f23e32d58149c9d9952bc0a7,0x0045EB60,0x0045EB61,1,0x0045EB60-0x0045EB61,nullsub_152,,0x5440,game
42032fc2807f7dec6de1ed6efb9d18a70668a015f23e32d58149c9d9952bc0a7,0x0045EB70,0x0045EB71,1,0x0045EB70-0x0045EB71,nullsub_153,,0x5440,game
42032fc2807f7dec6de1ed6efb9d18a70668a015f23e32d58149c9d9952bc0a7,0x0045EB80,0x0045EF0A,1529,0x0045EB80-0x0045EF0A;0x006552C0-0x0065552F,sub_45EB80,,0x5410,game
42032fc2807f7dec6de1ed6efb9d18a70668a015f23e32d58149c9d9952bc0a7,0x0045EF10,0x0045F1BE,1185,0x0045EF10-0x0045F1BE;0x00655530-0x00655723,sub_45EF10,,0x5410,game
42032fc2807f7dec6de1ed6efb9d18a70668a015f23e32d58149c9d9952bc0a7,0x0045F1C0,0x0045F1E1,33,0x0045F1C0-0x0045F1E1,sub_45F1C0,"int __thiscall sub_45F1C0(void *Block, char);",0x5410,game
42032fc2807f7dec6de1ed6efb9d18a70668a015f23e32d58149c9d9952bc0a7,0x0045F200,0x0045F2DF,255,0x0045F200-0x0045F2DF;0x00655800-0x00655820,sub_45F200,,0x5410,game
42032fc2807f7dec6de1ed6efb9d18a70668a015f23e32d58149c9d9952bc0a7,0x0045F2E0,0x0045F5C0,736,0x0045F2E0-0x0045F5C0,sub_45F2E0,int __stdcall sub_45F2E0(char *Str1);,0x5410,game
42032fc2807f7dec6de1ed6efb9d18a70668a015f23e32d58149c9d9952bc0a7,0x0045F5C0,0x0045F63E,126,0x0045F5C0-0x0045F63E,sub_45F5C0,,0x5400,game
42032fc2807f7dec6de1ed6efb9d18a70668a015f23e32d58149c9d9952bc0a7,0x0045F640,0x0045F6E5,165,0x0045F640-0x0045F6E5,sub_45F640,,0x5410,game
42032fc2807f7dec6de1ed6efb9d18a70668a015f23e32d58149c9d9952bc0a7,0x0045F6F0,0x0045F700,16,0x0045F6F0-0x0045F700,sub_45F6F0,,0x5400,game
42032fc2807f7dec6de1ed6efb9d18a70668a015f23e32d58149c9d9952bc0a7,0x0045F700,0x0045F70B,11,0x0045F700-0x0045F70B,sub_45F700,,0x5400,game
42032fc2807f7dec6de1ed6efb9d18a70668a015f23e32d58149c9d9952bc0a7,0x0045F710,0x0045F731,33,0x0045F710-0x0045F731,sub_45F710,"int __thiscall sub_45F710(void *Block, char);",0x5410,game
42032fc2807f7dec6de1ed6efb9d18a70668a015f23e32d58149c9d9952bc0a7,0x0045F740,0x0045F905,510,0x0045F740-0x0045F905;0x00655820-0x00655859,sub_45F740,,0x5410,game
42032fc2807f7dec6de1ed6efb9d18a70668a015f23e32d58149c9d9952bc0a7,0x0045F920,0x0045F936,22,0x0045F920-0x0045F936,sub_45F920,,0x5400,game
42032fc2807f7dec6de1ed6efb9d18a70668a015f23e32d58149c9d9952bc0a7,0x0045F940,0x0045F94A,10,0x0045F940-0x0045F94A,unknown_libname_243,void __cdecl unknown_libname_243();,0x5444,library
42032fc2807f7dec6de1ed6efb9d18a70668a015f23e32d58149c9d9952bc0a7,0x0045F950,0x0045FB1B,459,0x0045F950-0x0045FB1B,_WinMain@16,"int __stdcall WinMain(HINSTANCE hInstance, HINSTANCE hPrevInstance, LPSTR lpCmdLine, int nShowCmd);",0x5410,game
42032fc2807f7dec6de1ed6efb9d18a70668a015f23e32d58149c9d9952bc0a7,0x0045FB20,0x00460DD0,4784,0x0045FB20-0x00460DD0,sub_45FB20,,0x5410,game
42032fc2807f7dec6de1ed6efb9d18a70668a015f23e32d58149c9d9952bc0a7,0x00460DD0,0x0046207E,4782,0x00460DD0-0x0046207E,sub_460DD0,,0x5410,game
42032fc2807f7dec6de1ed6efb9d18a70668a015f23e32d58149c9d9952bc0a7,0x00462080,0x00462098,24,0x00462080-0x00462098,sub_462080,,0x5400,game
42032fc2807f7dec6de1ed6efb9d18a70668a015f23e32d58149c9d9952bc0a7,0x004620A0,0x004620B4,20,0x004620A0-0x004620B4,unknown_libname_244,void __cdecl unknown_libname_244();,0x5444,library
42032fc2807f7dec6de1ed6efb9d18a70668a015f23e32d58149c9d9952bc0a7,0x00462190,0x00462699,1289,0x00462190-0x00462699,sub_462190,,0x5410,game
42032fc2807f7dec6de1ed6efb9d18a70668a015f23e32d58149c9d9952bc0a7,0x004626E0,0x00462868,584,0x004626E0-0x00462868;0x00655860-0x00655920,sub_4626E0,,0x5410,game
42032fc2807f7dec6de1ed6efb9d18a70668a015f23e32d58149c9d9952bc0a7,0x00462870,0x00462959,233,0x00462870-0x00462959,sub_462870,,0x5410,game
42032fc2807f7dec6de1ed6efb9d18a70668a015f23e32d58149c9d9952bc0a7,0x00462970,0x00462973,3,0x00462970-0x00462973,sub_462970,,0x5400,game
42032fc2807f7dec6de1ed6efb9d18a70668a015f23e32d58149c9d9952bc0a7,0x00462980,0x00462EFA,1402,0x00462980-0x00462EFA,sub_462980,,0x5400,game
42032fc2807f7dec6de1ed6efb9d18a70668a015f23e32d58149c9d9952bc0a7,0x00462F00,0x0046303C,316,0x00462F00-0x0046303C,sub_462F00,,0x5410,game
42032fc2807f7dec6de1ed6efb9d18a70668a015f23e32d58149c9d9952bc0a7,0x00463040,0x004632CC,652,0x00463040-0x004632CC,sub_463040,,0x5410,game
42032fc2807f7dec6de1ed6efb9d18a70668a015f23e32d58149c9d9952bc0a7,0x004632D0,0x00466C92,14804,0x004632D0-0x00466C92;0x00655920-0x00655932,sub_4632D0,"int __cdecl sub_4632D0(int, int, int, int, int, int, int Value, int, int, int);",0x5410,game
42032fc2807f7dec6de1ed6efb9d18a70668a015f23e32d58149c9d9952bc0a7,0x00466CA0,0x0046718F,1263,0x00466CA0-0x0046718F,sub_466CA0,,0x5410,game
42032fc2807f7dec6de1ed6efb9d18a70668a015f23e32d58149c9d9952bc0a7,0x00467190,0x004672B8,296,0x00467190-0x004672B8,sub_467190,,0x5410,game
42032fc2807f7dec6de1ed6efb9d18a70668a015f23e32d58149c9d9952bc0a7,0x004672C0,0x0046742C,364,0x004672C0-0x0046742C,sub_4672C0,,0x5410,game
42032fc2807f7dec6de1ed6efb9d18a70668a015f23e32d58149c9d9952bc0a7,0x00467430,0x00467958,1320,0x00467430-0x00467958,sub_467430,,0x5410,game
42032fc2807f7dec6de1ed6efb9d18a70668a015f23e32d58149c9d9952bc0a7,0x00467960,0x00467961,1,0x00467960-0x00467961,nullsub_154,,0x5440,game
42032fc2807f7dec6de1ed6efb9d18a70668a015f23e32d58149c9d9952bc0a7,0x00467970,0x00467DD9,1129,0x00467970-0x00467DD9,sub_467970,,0x5410,game
42032fc2807f7dec6de1ed6efb9d18a70668a015f23e32d58149c9d9952bc0a7,0x00467DE0,0x004688E0,2816,0x00467DE0-0x004688E0,sub_467DE0,,0x5410,game
42032fc2807f7dec6de1ed6efb9d18a70668a015f23e32d58149c9d9952bc0a7,0x004688E0,0x00468BC5,741,0x004688E0-0x00468BC5,sub_4688E0,,0x5410,game
42032fc2807f7dec6de1ed6efb9d18a70668a015f23e32d58149c9d9952bc0a7,0x00468CD0,0x00468F8D,701,0x00468CD0-0x00468F8D,sub_468CD0,"int __stdcall sub_468CD0(int, int, int, LPRECT lprcDst);",0x5410,game
42032fc2807f7dec6de1ed6efb9d18a70668a015f23e32d58149c9d9952bc0a7,0x00468F90,0x00469183,499,0x00468F90-0x00469183,sub_468F90,,0x5410,game
42032fc2807f7dec6de1ed6efb9d18a70668a015f23e32d58149c9d9952bc0a7,0x00469190,0x00469718,1416,0x00469190-0x00469718,sub_469190,"int __thiscall sub_469190(int, int, int, int, int, int);",0x5410,game
42032fc2807f7dec6de1ed6efb9d18a70668a015f23e32d58149c9d9952bc0a7,0x00469720,0x004698C8,442,0x00469720-0x004698C8;0x00655932-0x00655944,sub_469720,,0x5410,game
42032fc2807f7dec6de1ed6efb9d18a70668a015f23e32d58149c9d9952bc0a7,0x004698D0,0x00469B32,610,0x004698D0-0x00469B32,sub_4698D0,,0x5410,game
42032fc2807f7dec6de1ed6efb9d18a70668a015f23e32d58149c9d9952bc0a7,0x00469B40,0x00469C9F,351,0x00469B40-0x00469C9F,sub_469B40,,0x5410,game
42032fc2807f7dec6de1ed6efb9d18a70668a015f23e32d58149c9d9952bc0a7,0x00469CA0,0x0046A292,1522,0x00469CA0-0x0046A292,sub_469CA0,"int __thiscall sub_469CA0(int, int, int);",0x5410,game
42032fc2807f7dec6de1ed6efb9d18a70668a015f23e32d58149c9d9952bc0a7,0x0046A2A0,0x0046A496,502,0x0046A2A0-0x0046A496,sub_46A2A0,"int __thiscall sub_46A2A0(int, int, int, int, int);",0x5410,game
42032fc2807f7dec6de1ed6efb9d18a70668a015f23e32d58149c9d9952bc0a7,0x0046A4A0,0x0046A52F,143,0x0046A4A0-0x0046A52F,sub_46A4A0,,0x5410,game
42032fc2807f7dec6de1ed6efb9d18a70668a015f23e32d58149c9d9952bc0a7,0x0046A550,0x0046AD51,2049,0x0046A550-0x0046AD51,sub_46A550,"int __thiscall sub_46A550(int, int);",0x5410,game
42032fc2807f7dec6de1ed6efb9d18a70668a015f23e32d58149c9d9952bc0a7,0x0046AD60,0x0046ADF1,145,0x0046AD60-0x0046ADF1,sub_46AD60,,0x5400,game
42032fc2807f7dec6de1ed6efb9d18a70668a015f23e32d58149c9d9952bc0a7,0x0046AE00,0x0046AEED,237,0x0046AE00-0x0046AEED,sub_46AE00,,0x5410,game
42032fc2807f7dec6de1ed6efb9d18a70668a015f23e32d58149c9d9952bc0a7,0x0046AEF0,0x0046AF38,72,0x0046AEF0-0x0046AF38,sub_46AEF0,,0x5410,game
42032fc2807f7dec6de1ed6efb9d18a70668a015f23e32d58149c9d9952bc0a7,0x0046AF40,0x0046AF86,70,0x0046AF40-0x0046AF86,sub_46AF40,,0x5410,game
42032fc2807f7dec6de1ed6efb9d18a70668a015f23e32d58149c9d9952bc0a7,0x0046AF90,0x0046B031,161,0x0046AF90-0x0046B031,sub_46AF90,,0x5410,game
42032fc2807f7dec6de1ed6efb9d18a70668a015f23e32d58149c9d9952bc0a7,0x0046B040,0x0046B132,242,0x0046B040-0x0046B132,sub_46B040,,0x5410,game
42032fc2807f7dec6de1ed6efb9d18a70668a015f23e32d58149c9d9952bc0a7,0x0046B140,0x0046B186,70,0x0046B140-0x0046B186,sub_46B140,,0x5410,game
42032fc2807f7dec6de1ed6efb9d18a70668a015f23e32d58149c9d9952bc0a7,0x0046B190,0x0046B1CA,58,0x0046B190-0x0046B1CA,sub_46B190,,0x5410,game
42032fc2807f7dec6de1ed6efb9d18a70668a015f23e32d58149c9d9952bc0a7,0x0046B1F0,0x0046B303,275,0x0046B1F0-0x0046B303,sub_46B1F0,"int __thiscall sub_46B1F0(int, int, int, int);",0x5410,game
42032fc2807f7dec6de1ed6efb9d18a70668a015f23e32d58149c9d9952bc0a7,0x0046B310,0x0046B50C,508,0x0046B310-0x0046B50C,sub_46B310,"int __thiscall sub_46B310(int, int, int);",0x5410,game
42032fc2807f7dec6de1ed6efb9d18a70668a015f23e32d58149c9d9952bc0a7,0x0046B510,0x0046BFCF,2751,0x0046B510-0x0046BFCF,sub_46B510,,0x5410,game
42032fc2807f7dec6de1ed6efb9d18a70668a015f23e32d58149c9d9952bc0a7,0x0046C0D0,0x0046D552,5271,0x0046C0D0-0x0046D552;0x00655944-0x00655959,sub_46C0D0,"int __thiscall sub_46C0D0(int, int, int, int, int);",0x5410,game
42032fc2807f7dec6de1ed6efb9d18a70668a015f23e32d58149c9d9952bc0a7,0x0046D5D0,0x0046EB68,6865,0x0046D5D0-0x0046EB68;0x00655959-0x00655E92,sub_46D5D0,,0x5410,game
42032fc2807f7dec6de1ed6efb9d18a70668a015f23e32d58149c9d9952bc0a7,0x0046EB90,0x0046EB95,5,0x0046EB90-0x0046EB95,sub_46EB90,,0x5480,thunk
42032fc2807f7dec6de1ed6efb9d18a70668a015f23e32d58149c9d9952bc0a7,0x0046EBA0,0x0046EBC5,37,0x0046EBA0-0x0046EBC5,sub_46EBA0,,0x5410,game
42032fc2807f7dec6de1ed6efb9d18a70668a015f23e32d58149c9d9952bc0a7,0x0046EBD0,0x0046EBD3,3,0x0046EBD0-0x0046EBD3,nullsub_257,,0x5440,game
42032fc2807f7dec6de1ed6efb9d18a70668a015f23e32d58149c9d9952bc0a7,0x0046EBE0,0x0046EC05,37,0x0046EBE0-0x0046EC05,sub_46EBE0,,0x5410,game
42032fc2807f7dec6de1ed6efb9d18a70668a015f23e32d58149c9d9952bc0a7,0x0046EC10,0x0046ED21,273,0x0046EC10-0x0046ED21,sub_46EC10,,0x5410,game
42032fc2807f7dec6de1ed6efb9d18a70668a015f23e32d58149c9d9952bc0a7,0x0046ED30,0x0046EFE1,689,0x0046ED30-0x0046EFE1,sub_46ED30,,0x5410,game
42032fc2807f7dec6de1ed6efb9d18a70668a015f23e32d58149c9d9952bc0a7,0x0046EFF0,0x0046EFF3,3,0x0046EFF0-0x0046EFF3,nullsub_256,,0x5440,game
42032fc2807f7dec6de1ed6efb9d18a70668a015f23e32d58149c9d9952bc0a7,0x0046F000,0x0046F651,1617,0x0046F000-0x0046F651,sub_46F000,,0x5410,game
42032fc2807f7dec6de1ed6efb9d18a70668a015f23e32d58149c9d9952bc0a7,0x0046F660,0x0046F6F9,153,0x0046F660-0x0046F6F9,sub_46F660,,0x5410,game
42032fc2807f7dec6de1ed6efb9d18a70668a015f23e32d58149c9d9952bc0a7,0x0046F700,0x0046F880,384,0x0046F700-0x0046F880,sub_46F700,,0x5410,game
42032fc2807f7dec6de1ed6efb9d18a70668a015f23e32d58149c9d9952bc0a7,0x0046F8C0,0x0046F9E6,294,0x0046F8C0-0x0046F9E6,sub_46F8C0,,0x5410,game
42032fc2807f7dec6de1ed6efb9d18a70668a015f23e32d58149c9d9952bc0a7,0x0046FA20,0x0046FB10,240,0x0046FA20-0x0046FB10,sub_46FA20,,0x5410,game
42032fc2807f7dec6de1ed6efb9d18a70668a015f23e32d58149c9d9952bc0a7,0x0046FB10,0x0046FB20,16,0x0046FB10-0x0046FB20,sub_46FB10,,0x5400,game
42032fc2807f7dec6de1ed6efb9d18a70668a015f23e32d58149c9d9952bc0a7,0x0046FB80,0x0046FB81,1,0x0046FB80-0x0046FB81,nullsub_7,,0x5440,game
42032fc2807f7dec6de1ed6efb9d18a70668a015f23e32d58149c9d9952bc0a7,0x0046FB90,0x0046FC29,153,0x0046FB90-0x0046FC29,sub_46FB90,,0x5410,game
42032fc2807f7dec6de1ed6efb9d18a70668a015f23e32d58149c9d9952bc0a7,0x0046FD90,0x0046FDFE,110,0x0046FD90-0x0046FDFE,sub_46FD90,,0x5400,game
42032fc2807f7dec6de1ed6efb9d18a70668a015f23e32d58149c9d9952bc0a7,0x0046FE00,0x0046FE67,103,0x0046FE00-0x0046FE67,sub_46FE00,,0x5410,game
42032fc2807f7dec6de1ed6efb9d18a70668a015f23e32d58149c9d9952bc0a7,0x0046FE70,0x00470414,1444,0x0046FE70-0x00470414,sub_46FE70,,0x5410,game
42032fc2807f7dec6de1ed6efb9d18a70668a015f23e32d58149c9d9952bc0a7,0x00470420,0x00470536,278,0x00470420-0x00470536,sub_470420,,0x5410,game
42032fc2807f7dec6de1ed6efb9d18a70668a015f23e32d58149c9d9952bc0a7,0x00470550,0x00470776,550,0x00470550-0x00470776,sub_470550,,0x5410,game
42032fc2807f7dec6de1ed6efb9d18a70668a015f23e32d58149c9d9952bc0a7,0x00470790,0x00470917,391,0x00470790-0x00470917,sub_470790,,0x5410,game
42032fc2807f7dec6de1ed6efb9d18a70668a015f23e32d58149c9d9952bc0a7,0x00470920,0x00470A90,368,0x00470920-0x00470A90,sub_470920,,0x5410,game
42032fc2807f7dec6de1ed6efb9d18a70668a015f23e32d58149c9d9952bc0a7,0x00470A90,0x00470EC2,1074,0x00470A90-0x00470EC2,sub_470A90,,0x5410,game
42032fc2807f7dec6de1ed6efb9d18a70668a015f23e32d58149c9d9952bc0a7,0x00470ED0,0x00470F68,152,0x00470ED0-0x00470F68,sub_470ED0,,0x5400,game
42032fc2807f7dec6de1ed6efb9d18a70668a015f23e32d58149c9d9952bc0a7,0x00470F70,0x00470F98,40,0x00470F70-0x00470F98,sub_470F70,,0x5400,game
42032fc2807f7dec6de1ed6efb9d18a70668a015f23e32d58149c9d9952bc0a7,0x00471030,0x004710DF,175,0x00471030-0x004710DF,sub_471030,,0x5410,game
42032fc2807f7dec6de1ed6efb9d18a70668a015f23e32d58149c9d9952bc0a7,0x004710E0,0x0047115F,127,0x004710E0-0x0047115F,sub_4710E0,,0x5400,game
42032fc2807f7dec6de1ed6efb9d18a70668a015f23e32d58149c9d9952bc0a7,0x00471160,0x00471163,3,0x00471160-0x00471163,nullsub_155,,0x5440,game
42032fc2807f7dec6de1ed6efb9d18a70668a015f23e32d58149c9d9952bc0a7,0x00471170,0x00471173,3,0x00471170-0x00471173,nullsub_156,,0x5440,game
42032fc2807f7dec6de1ed6efb9d18a70668a015f23e32d58149c9d9952bc0a7,0x00471180,0x00471183,3,0x00471180-0x00471183,nullsub_157,,0x5440,game
42032fc2807f7dec6de1ed6efb9d18a70668a015f23e32d58149c9d9952bc0a7,0x00471190,0x00471193,3,0x00471190-0x00471193,nullsub_158,,0x5440,game
42032fc2807f7dec6de1ed6efb9d18a70668a015f23e32d58149c9d9952bc0a7,0x004711A0,0x0047123B,155,0x004711A0-0x0047123B,sub_4711A0,,0x5410,game
42032fc2807f7dec6de1ed6efb9d18a70668a015f23e32d58149c9d9952bc0a7,0x00471240,0x00471293,83,0x00471240-0x00471293,sub_471240,,0x5400,game
42032fc2807f7dec6de1ed6efb9d18a70668a015f23e32d58149c9d9952bc0a7,0x004712A0,0x004712CC,44,0x004712A0-0x004712CC,sub_4712A0,,0x5410,game
42032fc2807f7dec6de1ed6efb9d18a70668a015f23e32d58149c9d9952bc0a7,0x004712D0,0x00471316,70,0x004712D0-0x00471316,sub_4712D0,"int __cdecl sub_4712D0(int, int, int, int, int, int Value, int, int, int);",0x5410,game
42032fc2807f7dec6de1ed6efb9d18a70668a015f23e32d58149c9d9952bc0a7,0x00471320,0x00471336,22,0x00471320-0x00471336,sub_471320,,0x5400,game
42032fc2807f7dec6de1ed6efb9d18a70668a015f23e32d58149c9d9952bc0a7,0x00471340,0x0047134A,10,0x00471340-0x0047134A,unknown_libname_245,void __cdecl unknown_libname_245();,0x5444,library
42032fc2807f7dec6de1ed6efb9d18a70668a015f23e32d58149c9d9952bc0a7,0x00471350,0x00471374,36,0x00471350-0x00471374,sub_471350,,0x5400,game
42032fc2807f7dec6de1ed6efb9d18a70668a015f23e32d58149c9d9952bc0a7,0x00471380,0x00471394,20,0x00471380-0x00471394,sub_471380,void __cdecl sub_471380();,0x5400,game
42032fc2807f7dec6de1ed6efb9d18a70668a015f23e32d58149c9d9952bc0a7,0x004713A0,0x004713A3,3,0x004713A0-0x004713A3,nullsub_159,,0x5440,game
42032fc2807f7dec6de1ed6efb9d18a70668a015f23e32d58149c9d9952bc0a7,0x004713B0,0x00471461,177,0x004713B0-0x00471461,sub_4713B0,"int __stdcall sub_4713B0(int, char *Str, int);",0x5410,game
42032fc2807f7dec6de1ed6efb9d18a70668a015f23e32d58149c9d9952bc0a7,0x00471530,0x00471794,612,0x00471530-0x00471794,sub_471530,"int __stdcall sub_471530(char *Str1, int);",0x5410,game
42032fc2807f7dec6de1ed6efb9d18a70668a015f23e32d58149c9d9952bc0a7,0x004717A0,0x00471864,196,0x004717A0-0x00471864,sub_4717A0,,0x5410,game
42032fc2807f7dec6de1ed6efb9d18a70668a015f23e32d58149c9d9952bc0a7,0x00471870,0x004718BF,79,0x00471870-0x004718BF,sub_471870,,0x5410,game
42032fc2807f7dec6de1ed6efb9d18a70668a015f23e32d58149c9d9952bc0a7,0x004718C0,0x00471D36,1163,0x004718C0-0x00471D36;0x00655F60-0x00655F75,sub_4718C0,,0x5410,game
42032fc2807f7dec6de1ed6efb9d18a70668a015f23e32d58149c9d9952bc0a7,0x00471D40,0x00471D43,3,0x00471D40-0x00471D43,nullsub_160,,0x5440,game
42032fc2807f7dec6de1ed6efb9d18a70668a015f23e32d58149c9d9952bc0a7,0x00471D50,0x00471F66,555,0x00471D50-0x00471F66;0x00655F75-0x00655F8A,sub_471D50,,0x5410,game
42032fc2807f7dec6de1ed6efb9d18a70668a015f23e32d58149c9d9952bc0a7,0x00471F70,0x00471FC2,82,0x00471F70-0x00471FC2,sub_471F70,,0x5410,game
42032fc2807f7dec6de1ed6efb9d18a70668a015f23e32d58149c9d9952bc0a7,0x00471FD0,0x0047201F,79,0x00471FD0-0x0047201F,sub_471FD0,,0x5410,game
42032fc2807f7dec6de1ed6efb9d18a70668a015f23e32d58149c9d9952bc0a7,0x00472020,0x00472184,487,0x00472020-0x00472184;0x00655EA0-0x00655F23,sub_472020,,0x5410,game
42032fc2807f7dec6de1ed6efb9d18a70668a015f23e32d58149c9d9952bc0a7,0x00472190,0x004721F1,137,0x00472190-0x004721F1;0x00655F30-0x00655F58,sub_472190,,0x5410,game
42032fc2807f7dec6de1ed6efb9d18a70668a015f23e32d58149c9d9952bc0a7,0x00472200,0x00472216,22,0x00472200-0x00472216,sub_472200,,0x5400,game
42032fc2807f7dec6de1ed6efb9d18a70668a015f23e32d58149c9d9952bc0a7,0x00472220,0x0047222A,10,0x00472220-0x0047222A,unknown_libname_246,void __cdecl unknown_libname_246();,0x5444,library
42032fc2807f7dec6de1ed6efb9d18a70668a015f23e32d58149c9d9952bc0a7,0x00472230,0x004736DA,5432,0x00472230-0x004736DA;0x00656160-0x006561EE,sub_472230,,0x5410,game
42032fc2807f7dec6de1ed6efb9d18a70668a015f23e32d58149c9d9952bc0a7,0x004736E0,0x00476704,12387,0x004736E0-0x00476704;0x006561EE-0x0065622D,sub_4736E0,,0x5410,game
42032fc2807f7dec6de1ed6efb9d18a70668a015f23e32d58149c9d9952bc0a7,0x00476780,0x00476841,193,0x00476780-0x00476841,sub_476780,,0x5410,game
42032fc2807f7dec6de1ed6efb9d18a70668a015f23e32d58149c9d9952bc0a7,0x00476850,0x004769A9,345,0x00476850-0x004769A9,sub_476850,,0x5410,game
42032fc2807f7dec6de1ed6efb9d18a70668a015f23e32d58149c9d9952bc0a7,0x004769B0,0x004769F7,71,0x004769B0-0x004769F7,sub_4769B0,,0x5410,game
42032fc2807f7dec6de1ed6efb9d18a70668a015f23e32d58149c9d9952bc0a7,0x00476A00,0x00476A42,66,0x00476A00-0x00476A42,sub_476A00,,0x5400,game
42032fc2807f7dec6de1ed6efb9d18a70668a015f23e32d58149c9d9952bc0a7,0x00476A50,0x00476B22,210,0x00476A50-0x00476B22,sub_476A50,,0x5410,game
42032fc2807f7dec6de1ed6efb9d18a70668a015f23e32d58149c9d9952bc0a7,0x00476B30,0x00476B61,49,0x00476B30-0x00476B61,sub_476B30,,0x5400,game
42032fc2807f7dec6de1ed6efb9d18a70668a015f23e32d58149c9d9952bc0a7,0x00476B70,0x00476C84,276,0x00476B70-0x00476C84,sub_476B70,"int __cdecl sub_476B70(int, char *Source);",0x5410,game
42032fc2807f7dec6de1ed6efb9d18a70668a015f23e32d58149c9d9952bc0a7,0x00476C90,0x00476D93,259,0x00476C90-0x00476D93,sub_476C90,,0x5410,game
42032fc2807f7dec6de1ed6efb9d18a70668a015f23e32d58149c9d9952bc0a7,0x00476DA0,0x00476EDD,317,0x00476DA0-0x00476EDD,sub_476DA0,,0x5410,game
42032fc2807f7dec6de1ed6efb9d18a70668a015f23e32d58149c9d9952bc0a7,0x00476EE0,0x00476FDE,254,0x00476EE0-0x00476FDE,sub_476EE0,,0x5410,game
42032fc2807f7dec6de1ed6efb9d18a70668a015f23e32d58149c9d9952bc0a7,0x00476FE0,0x004770F2,274,0x00476FE0-0x004770F2,sub_476FE0,"int __cdecl sub_476FE0(int, char *Source);",0x5410,game
42032fc2807f7dec6de1ed6efb9d18a70668a015f23e32d58149c9d9952bc0a7,0x00477100,0x00477207,263,0x00477100-0x00477207,sub_477100,,0x5410,game
42032fc2807f7dec6de1ed6efb9d18a70668a015f23e32d58149c9d9952bc0a7,0x00477210,0x00477320,272,0x00477210-0x00477320,sub_477210,,0x5410,game
42032fc2807f7dec6de1ed6efb9d18a70668a015f23e32d58149c9d9952bc0a7,0x00477320,0x00477434,276,0x00477320-0x00477434,sub_477320,"int __cdecl sub_477320(int, char *Source);",0x5410,game
42032fc2807f7dec6de1ed6efb9d18a70668a015f23e32d58149c9d9952bc0a7,0x00477440,0x0047753E,254,0x00477440-0x0047753E,sub_477440,,0x5410,game
42032fc2807f7dec6de1ed6efb9d18a70668a015f23e32d58149c9d9952bc0a7,0x00477540,0x0047763E,254,0x00477540-0x0047763E,sub_477540,,0x5410,game
42032fc2807f7dec6de1ed6efb9d18a70668a015f23e32d58149c9d9952bc0a7,0x00477640,0x0047773E,254,0x00477640-0x0047773E,sub_477640,,0x5410,game
42032fc2807f7dec6de1ed6efb9d18a70668a015f23e32d58149c9d9952bc0a7,0x00477740,0x0047783E,254,0x00477740-0x0047783E,sub_477740,,0x5410,game
42032fc2807f7dec6de1ed6efb9d18a70668a015f23e32d58149c9d9952bc0a7,0x00477840,0x0047793E,254,0x00477840-0x0047793E,sub_477840,,0x5410,game
42032fc2807f7dec6de1ed6efb9d18a70668a015f23e32d58149c9d9952bc0a7,0x00477940,0x004779C7,135,0x00477940-0x004779C7,sub_477940,,0x5410,game
42032fc2807f7dec6de1ed6efb9d18a70668a015f23e32d58149c9d9952bc0a7,0x004779D0,0x00477A57,135,0x004779D0-0x00477A57,sub_4779D0,,0x5410,game
42032fc2807f7dec6de1ed6efb9d18a70668a015f23e32d58149c9d9952bc0a7,0x00477A60,0x00477B0F,175,0x00477A60-0x00477B0F,sub_477A60,,0x5410,game
42032fc2807f7dec6de1ed6efb9d18a70668a015f23e32d58149c9d9952bc0a7,0x00477B10,0x00477C79,599,0x00477B10-0x00477C79;0x00655F90-0x0065607E,sub_477B10,,0x5410,game
42032fc2807f7dec6de1ed6efb9d18a70668a015f23e32d58149c9d9952bc0a7,0x00477C80,0x00477DC7,549,0x00477C80-0x00477DC7;0x00656080-0x0065615E,sub_477C80,,0x5410,game
42032fc2807f7dec6de1ed6efb9d18a70668a015f23e32d58149c9d9952bc0a7,0x00477DD0,0x00477DF1,33,0x00477DD0-0x00477DF1,sub_477DD0,"int __thiscall sub_477DD0(void *Block, char);",0x5410,game
42032fc2807f7dec6de1ed6efb9d18a70668a015f23e32d58149c9d9952bc0a7,0x00477E10,0x00477E26,22,0x00477E10-0x00477E26,sub_477E10,,0x5400,game
42032fc2807f7dec6de1ed6efb9d18a70668a015f23e32d58149c9d9952bc0a7,0x00477E30,0x00477E3A,10,0x00477E30-0x00477E3A,unknown_libname_247,void __cdecl unknown_libname_247();,0x5444,library
42032fc2807f7dec6de1ed6efb9d18a70668a015f23e32d58149c9d9952bc0a7,0x00477E40,0x00477E56,22,0x00477E40-0x00477E56,sub_477E40,,0x5400,game
42032fc2807f7dec6de1ed6efb9d18a70668a015f23e32d58149c9d9952bc0a7,0x00477E60,0x00477E6A,10,0x00477E60-0x00477E6A,unknown_libname_248,void __cdecl unknown_libname_248();,0x5444,library
42032fc2807f7dec6de1ed6efb9d18a70668a015f23e32d58149c9d9952bc0a7,0x00477E70,0x00477EDB,107,0x00477E70-0x00477EDB,sub_477E70,,0x5410,game
42032fc2807f7dec6de1ed6efb9d18a70668a015f23e32d58149c9d9952bc0a7,0x00477EE0,0x00477EFE,30,0x00477EE0-0x00477EFE,sub_477EE0,,0x5400,game
42032fc2807f7dec6de1ed6efb9d18a70668a015f23e32d58149c9d9952bc0a7,0x00477F00,0x00477F30,48,0x00477F00-0x00477F30,sub_477F00,,0x5410,game
42032fc2807f7dec6de1ed6efb9d18a70668a015f23e32d58149c9d9952bc0a7,0x00477F30,0x00478148,536,0x00477F30-0x00478148,sub_477F30,,0x5410,game
42032fc2807f7dec6de1ed6efb9d18a70668a015f23e32d58149c9d9952bc0a7,0x00478150,0x004785FA,1215,0x00478150-0x004785FA;0x006563E0-0x006563F5,sub_478150,,0x5410,game
42032fc2807f7dec6de1ed6efb9d18a70668a015f23e32d58149c9d9952bc0a7,0x00478630,0x00478BDB,1451,0x00478630-0x00478BDB,sub_478630,"int __stdcall sub_478630(int, int Value, int);",0x5410,game
42032fc2807f7dec6de1ed6efb9d18a70668a015f23e32d58149c9d9952bc0a7,0x00478BE0,0x00479269,1673,0x00478BE0-0x00479269,sub_478BE0,,0x5410,game
42032fc2807f7dec6de1ed6efb9d18a70668a015f23e32d58149c9d9952bc0a7,0x00479330,0x004798EC,1468,0x00479330-0x004798EC,sub_479330,,0x5410,game
42032fc2807f7dec6de1ed6efb9d18a70668a015f23e32d58149c9d9952bc0a7,0x004798F0,0x004798F8,8,0x004798F0-0x004798F8,sub_4798F0,,0x5400,game
42032fc2807f7dec6de1ed6efb9d18a70668a015f23e32d58149c9d9952bc0a7,0x00479970,0x00479BF1,662,0x00479970-0x00479BF1;0x006563F5-0x0065640A,sub_479970,int __thiscall sub_479970(int);,0x5410,game
42032fc2807f7dec6de1ed6efb9d18a70668a015f23e32d58149c9d9952bc0a7,0x00479C00,0x00479F8E,931,0x00479C00-0x00479F8E;0x0065640A-0x0065641F,sub_479C00,int __thiscall sub_479C00(int);,0x5410,game
42032fc2807f7dec6de1ed6efb9d18a70668a015f23e32d58149c9d9952bc0a7,0x00479F90,0x0047A429,1198,0x00479F90-0x0047A429;0x0065641F-0x00656434,sub_479F90,,0x5410,game
42032fc2807f7dec6de1ed6efb9d18a70668a015f23e32d58149c9d9952bc0a7,0x0047A430,0x0047A58A,568,0x0047A430-0x0047A58A;0x00656230-0x0065630E,sub_47A430,,0x5410,game
42032fc2807f7dec6de1ed6efb9d18a70668a015f23e32d58149c9d9952bc0a7,0x0047A590,0x0047A6B9,503,0x0047A590-0x0047A6B9;0x00656310-0x006563DE,sub_47A590,,0x5410,game
42032fc2807f7dec6de1ed6efb9d18a70668a015f23e32d58149c9d9952bc0a7,0x0047A6C0,0x0047A6E1,33,0x0047A6C0-0x0047A6E1,sub_47A6C0,"int __thiscall sub_47A6C0(void *Block, char);",0x5410,game
42032fc2807f7dec6de1ed6efb9d18a70668a015f23e32d58149c9d9952bc0a7,0x0047A6F0,0x0047A71E,46,0x0047A6F0-0x0047A71E,sub_47A6F0,,0x5410,game
42032fc2807f7dec6de1ed6efb9d18a70668a015f23e32d58149c9d9952bc0a7,0x0047A720,0x0047A752,50,0x0047A720-0x0047A752,sub_47A720,"int __stdcall sub_47A720(char *Str, int);",0x5410,game
42032fc2807f7dec6de1ed6efb9d18a70668a015f23e32d58149c9d9952bc0a7,0x0047A770,0x0047A78F,31,0x0047A770-0x0047A78F,sub_47A770,,0x5400,game
42032fc2807f7dec6de1ed6efb9d18a70668a015f23e32d58149c9d9952bc0a7,0x0047A790,0x0047A79A,10,0x0047A790-0x0047A79A,unknown_libname_249,void __cdecl unknown_libname_249();,0x5444,library
42032fc2807f7dec6de1ed6efb9d18a70668a015f23e32d58149c9d9952bc0a7,0x0047A7A0,0x0047A7BC,28,0x0047A7A0-0x0047A7BC,sub_47A7A0,,0x5400,game
42032fc2807f7dec6de1ed6efb9d18a70668a015f23e32d58149c9d9952bc0a7,0x0047A7C0,0x0047A7CA,10,0x0047A7C0-0x0047A7CA,unknown_libname_250,void __cdecl unknown_libname_250();,0x5444,library
42032fc2807f7dec6de1ed6efb9d18a70668a015f23e32d58149c9d9952bc0a7,0x0047A7D0,0x0047A7FB,43,0x0047A7D0-0x0047A7FB,sub_47A7D0,,0x5400,game
42032fc2807f7dec6de1ed6efb9d18a70668a015f23e32d58149c9d9952bc0a7,0x0047A800,0x0047A85F,95,0x0047A800-0x0047A85F,sub_47A800,,0x5410,game
42032fc2807f7dec6de1ed6efb9d18a70668a015f23e32d58149c9d9952bc0a7,0x0047A860,0x0047A88D,45,0x0047A860-0x0047A88D,sub_47A860,,0x5400,game
42032fc2807f7dec6de1ed6efb9d18a70668a015f23e32d58149c9d9952bc0a7,0x0047A890,0x0047ACE3,1359,0x0047A890-0x0047ACE3;0x00656550-0x0065664C,sub_47A890,"int __stdcall sub_47A890(int, UINT uDelay, int, char *Str);",0x5410,game
42032fc2807f7dec6de1ed6efb9d18a70668a015f23e32d58149c9d9952bc0a7,0x0047ACF0,0x0047AD6E,144,0x0047ACF0-0x0047AD6E;0x00656440-0x00656452,sub_47ACF0,,0x5410,game
42032fc2807f7dec6de1ed6efb9d18a70668a015f23e32d58149c9d9952bc0a7,0x0047AD70,0x0047AD91,33,0x0047AD70-0x0047AD91,sub_47AD70,"int __thiscall sub_47AD70(void *Block, char);",0x5410,game
42032fc2807f7dec6de1ed6efb9d18a70668a015f23e32d58149c9d9952bc0a7,0x0047ADA0,0x0047AFD2,801,0x0047ADA0-0x0047AFD2;0x00656460-0x0065654F,sub_47ADA0,,0x5410,game
42032fc2807f7dec6de1ed6efb9d18a70668a015f23e32d58149c9d9952bc0a7,0x0047AFF0,0x0047B006,22,0x0047AFF0-0x0047B006,sub_47AFF0,,0x5400,game
42032fc2807f7dec6de1ed6efb9d18a70668a015f23e32d58149c9d9952bc0a7,0x0047B010,0x0047B01A,10,0x0047B010-0x0047B01A,unknown_libname_251,void __cdecl unknown_libname_251();,0x5444,library
42032fc2807f7dec6de1ed6efb9d18a70668a015f23e32d58149c9d9952bc0a7,0x0047B020,0x0047B0E1,193,0x0047B020-0x0047B0E1,sub_47B020,,0x5410,game
42032fc2807f7dec6de1ed6efb9d18a70668a015f23e32d58149c9d9952bc0a7,0x0047B0F0,0x0047B1CE,222,0x0047B0F0-0x0047B1CE,sub_47B0F0,,0x5410,game
42032fc2807f7dec6de1ed6efb9d18a70668a015f23e32d58149c9d9952bc0a7,0x0047B260,0x0047B2DE,126,0x0047B260-0x0047B2DE,sub_47B260,,0x5410,game
42032fc2807f7dec6de1ed6efb9d18a70668a015f23e32d58149c9d9952bc0a7,0x0047B2E0,0x0047B379,153,0x0047B2E0-0x0047B379,sub_47B2E0,,0x5410,game
42032fc2807f7dec6de1ed6efb9d18a70668a015f23e32d58149c9d9952bc0a7,0x0047B380,0x0047B442,194,0x0047B380-0x0047B442,sub_47B380,,0x5410,game
42032fc2807f7dec6de1ed6efb9d18a70668a015f23e32d58149c9d9952bc0a7,0x0047B450,0x0047B746,758,0x0047B450-0x0047B746,sub_47B450,,0x5410,game
42032fc2807f7dec6de1ed6efb9d18a70668a015f23e32d58149c9d9952bc0a7,0x0047B750,0x0047B758,8,0x0047B750-0x0047B758,sub_47B750,,0x5400,game
42032fc2807f7dec6de1ed6efb9d18a70668a015f23e32d58149c9d9952bc0a7,0x0047B760,0x0047BAF6,918,0x0047B760-0x0047BAF6,sub_47B760,,0x5410,game
42032fc2807f7dec6de1ed6efb9d18a70668a015f23e32d58149c9d9952bc0a7,0x0047BBF0,0x0047C527,2800,0x0047BBF0-0x0047C527;0x00656740-0x006568F9,sub_47BBF0,,0x5410,game
42032fc2807f7dec6de1ed6efb9d18a70668a015f23e32d58149c9d9952bc0a7,0x0047C530,0x0047C965,1280,0x0047C530-0x0047C965;0x006568F9-0x006569C4,sub_47C530,,0x5410,game
42032fc2807f7dec6de1ed6efb9d18a70668a015f23e32d58149c9d9952bc0a7,0x0047C970,0x0047CF32,1771,0x0047C970-0x0047CF32;0x006569C4-0x00656AED,sub_47C970,,0x5410,game
42032fc2807f7dec6de1ed6efb9d18a70668a015f23e32d58149c9d9952bc0a7,0x0047CF40,0x0047D2F4,1164,0x0047CF40-0x0047D2F4;0x00656AED-0x00656BC5,sub_47CF40,,0x5410,game
42032fc2807f7dec6de1ed6efb9d18a70668a015f23e32d58149c9d9952bc0a7,0x0047D300,0x0047E003,3803,0x0047D300-0x0047E003;0x00656BC5-0x00656D9D,sub_47D300,,0x5410,game
42032fc2807f7dec6de1ed6efb9d18a70668a015f23e32d58149c9d9952bc0a7,0x0047E010,0x0047E33B,1027,0x0047E010-0x0047E33B;0x00656D9D-0x00656E75,sub_47E010,,0x5410,game
42032fc2807f7dec6de1ed6efb9d18a70668a015f23e32d58149c9d9952bc0a7,0x0047E340,0x0047E640,984,0x0047E340-0x0047E640;0x00656E75-0x00656F4D,sub_47E340,,0x5410,game
42032fc2807f7dec6de1ed6efb9d18a70668a015f23e32d58149c9d9952bc0a7,0x0047E640,0x0047E924,956,0x0047E640-0x0047E924;0x00656F4D-0x00657025,sub_47E640,,0x5410,game
42032fc2807f7dec6de1ed6efb9d18a70668a015f23e32d58149c9d9952bc0a7,0x0047E930,0x0047EC60,1032,0x0047E930-0x0047EC60;0x00657025-0x006570FD,sub_47E930,,0x5410,game
42032fc2807f7dec6de1ed6efb9d18a70668a015f23e32d58149c9d9952bc0a7,0x0047EC60,0x0047EF8C,1028,0x0047EC60-0x0047EF8C;0x006570FD-0x006571D5,sub_47EC60,,0x5410,game
42032fc2807f7dec6de1ed6efb9d18a70668a015f23e32d58149c9d9952bc0a7,0x0047EF90,0x0047F2BC,1028,0x0047EF90-0x0047F2BC;0x006571D5-0x006572AD,sub_47EF90,,0x5410,game
42032fc2807f7dec6de1ed6efb9d18a70668a015f23e32d58149c9d9952bc0a7,0x0047F2C0,0x0047F5EC,1028,0x0047F2C0-0x0047F5EC;0x006572AD-0x00657385,sub_47F2C0,,0x5410,game
42032fc2807f7dec6de1ed6efb9d18a70668a015f23e32d58149c9d9952bc0a7,0x0047F5F0,0x0047F91C,1028,0x0047F5F0-0x0047F91C;0x00657385-0x0065745D,sub_47F5F0,,0x5410,game
42032fc2807f7dec6de1ed6efb9d18a70668a015f23e32d58149c9d9952bc0a7,0x0047F920,0x0047F921,1,0x0047F920-0x0047F921,nullsub_161,,0x5440,game
42032fc2807f7dec6de1ed6efb9d18a70668a015f23e32d58149c9d9952bc0a7,0x0047F930,0x0047F931,1,0x0047F930-0x0047F931,nullsub_162,,0x5440,game
42032fc2807f7dec6de1ed6efb9d18a70668a015f23e32d58149c9d9952bc0a7,0x0047F940,0x0047F943,3,0x0047F940-0x0047F943,nullsub_163,,0x5440,game
42032fc2807f7dec6de1ed6efb9d18a70668a015f23e32d58149c9d9952bc0a7,0x0047F950,0x0047F953,3,0x0047F950-0x0047F953,nullsub_164,,0x5440,game
42032fc2807f7dec6de1ed6efb9d18a70668a015f23e32d58149c9d9952bc0a7,0x0047F960,0x0047FE2E,1230,0x0047F960-0x0047FE2E,sub_47F960,,0x5410,game
42032fc2807f7dec6de1ed6efb9d18a70668a015f23e32d58149c9d9952bc0a7,0x0047FED0,0x00480173,675,0x0047FED0-0x00480173,sub_47FED0,,0x5410,game
42032fc2807f7dec6de1ed6efb9d18a70668a015f23e32d58149c9d9952bc0a7,0x00480180,0x0048036F,495,0x00480180-0x0048036F,sub_480180,,0x5410,game
42032fc2807f7dec6de1ed6efb9d18a70668a015f23e32d58149c9d9952bc0a7,0x00480370,0x004808F2,1410,0x00480370-0x004808F2,sub_480370,,0x5410,game
42032fc2807f7dec6de1ed6efb9d18a70668a015f23e32d58149c9d9952bc0a7,0x00480900,0x00481AC2,4598,0x00480900-0x00481AC2;0x0065745D-0x00657491,sub_480900,,0x5410,game
42032fc2807f7dec6de1ed6efb9d18a70668a015f23e32d58149c9d9952bc0a7,0x00481AD0,0x00481C50,384,0x00481AD0-0x00481C50,sub_481AD0,,0x5410,game
42032fc2807f7dec6de1ed6efb9d18a70668a015f23e32d58149c9d9952bc0a7,0x00481C50,0x00481D08,272,0x00481C50-0x00481D08;0x00657491-0x006574E9,sub_481C50,,0x5410,game
42032fc2807f7dec6de1ed6efb9d18a70668a015f23e32d58149c9d9952bc0a7,0x00481DA0,0x00481E8D,237,0x00481DA0-0x00481E8D,sub_481DA0,,0x5410,game
42032fc2807f7dec6de1ed6efb9d18a70668a015f23e32d58149c9d9952bc0a7,0x00481E90,0x00481FC9,313,0x00481E90-0x00481FC9,sub_481E90,,0x5400,game
42032fc2807f7dec6de1ed6efb9d18a70668a015f23e32d58149c9d9952bc0a7,0x00481FD0,0x00482488,1229,0x00481FD0-0x00482488;0x006574E9-0x006574FE,sub_481FD0,,0x5410,game
42032fc2807f7dec6de1ed6efb9d18a70668a015f23e32d58149c9d9952bc0a7,0x00482490,0x00482D84,2292,0x00482490-0x00482D84,sub_482490,,0x5410,game
42032fc2807f7dec6de1ed6efb9d18a70668a015f23e32d58149c9d9952bc0a7,0x00482D90,0x0048318E,1040,0x00482D90-0x0048318E;0x006574FE-0x00657510,sub_482D90,,0x5410,game
42032fc2807f7dec6de1ed6efb9d18a70668a015f23e32d58149c9d9952bc0a7,0x00483240,0x004832CF,143,0x00483240-0x004832CF,sub_483240,,0x5400,game
42032fc2807f7dec6de1ed6efb9d18a70668a015f23e32d58149c9d9952bc0a7,0x004832D0,0x00483302,50,0x004832D0-0x00483302,sub_4832D0,,0x5410,game
42032fc2807f7dec6de1ed6efb9d18a70668a015f23e32d58149c9d9952bc0a7,0x00483310,0x00483414,260,0x00483310-0x00483414,sub_483310,,0x5410,game
42032fc2807f7dec6de1ed6efb9d18a70668a015f23e32d58149c9d9952bc0a7,0x00483420,0x004834C5,165,0x00483420-0x004834C5,sub_483420,"int __stdcall sub_483420(char *Source, int);",0x5410,game
42032fc2807f7dec6de1ed6efb9d18a70668a015f23e32d58149c9d9952bc0a7,0x004834D0,0x004834D1,1,0x004834D0-0x004834D1,nullsub_165,,0x5440,game
42032fc2807f7dec6de1ed6efb9d18a70668a015f23e32d58149c9d9952bc0a7,0x004834E0,0x004837B4,963,0x004834E0-0x004837B4;0x00656650-0x0065673F,sub_4834E0,,0x5410,game
42032fc2807f7dec6de1ed6efb9d18a70668a015f23e32d58149c9d9952bc0a7,0x004837C0,0x004837E1,33,0x004837C0-0x004837E1,sub_4837C0,"int __thiscall sub_4837C0(void *Block, char);",0x5410,game
42032fc2807f7dec6de1ed6efb9d18a70668a015f23e32d58149c9d9952bc0a7,0x004837F0,0x00483813,35,0x004837F0-0x00483813,sub_4837F0,,0x5400,game
42032fc2807f7dec6de1ed6efb9d18a70668a015f23e32d58149c9d9952bc0a7,0x00483820,0x0048383C,28,0x00483820-0x0048383C,sub_483820,,0x5400,game
42032fc2807f7dec6de1ed6efb9d18a70668a015f23e32d58149c9d9952bc0a7,0x00483850,0x00483866,22,0x00483850-0x00483866,sub_483850,,0x5400,game
42032fc2807f7dec6de1ed6efb9d18a70668a015f23e32d58149c9d9952bc0a7,0x00483870,0x0048387A,10,0x00483870-0x0048387A,unknown_libname_252,void __cdecl unknown_libname_252();,0x5444,library
42032fc2807f7dec6de1ed6efb9d18a70668a015f23e32d58149c9d9952bc0a7,0x00483880,0x004838A4,36,0x00483880-0x004838A4,sub_483880,,0x5400,game
42032fc2807f7dec6de1ed6efb9d18a70668a015f23e32d58149c9d9952bc0a7,0x004838B0,0x004838D8,40,0x004838B0-0x004838D8,sub_4838B0,void __cdecl sub_4838B0();,0x5400,game
42032fc2807f7dec6de1ed6efb9d18a70668a015f23e32d58149c9d9952bc0a7,0x004838E0,0x0048391F,63,0x004838E0-0x0048391F,sub_4838E0,"int __stdcall sub_4838E0(int, char *String);",0x5410,game
42032fc2807f7dec6de1ed6efb9d18a70668a015f23e32d58149c9d9952bc0a7,0x00483920,0x00483950,48,0x00483920-0x00483950,sub_483920,,0x5410,game
42032fc2807f7dec6de1ed6efb9d18a70668a015f23e32d58149c9d9952bc0a7,0x00483950,0x00483E7F,1327,0x00483950-0x00483E7F,sub_483950,,0x5410,game
42032fc2807f7dec6de1ed6efb9d18a70668a015f23e32d58149c9d9952bc0a7,0x00483E80,0x00483E8B,11,0x00483E80-0x00483E8B,sub_483E80,,0x5400,game
42032fc2807f7dec6de1ed6efb9d18a70668a015f23e32d58149c9d9952bc0a7,0x00483E90,0x00483E93,3,0x00483E90-0x00483E93,nullsub_166,,0x5440,game
42032fc2807f7dec6de1ed6efb9d18a70668a015f23e32d58149c9d9952bc0a7,0x00483EA0,0x00483EA8,8,0x00483EA0-0x00483EA8,sub_483EA0,,0x5400,game
42032fc2807f7dec6de1ed6efb9d18a70668a015f23e32d58149c9d9952bc0a7,0x00483EB0,0x00483F8C,220,0x00483EB0-0x00483F8C,sub_483EB0,,0x5410,game
42032fc2807f7dec6de1ed6efb9d18a70668a015f23e32d58149c9d9952bc0a7,0x00483F90,0x0048480F,2175,0x00483F90-0x0048480F,sub_483F90,,0x5410,game
42032fc2807f7dec6de1ed6efb9d18a70668a015f23e32d58149c9d9952bc0a7,0x00484810,0x004849CD,630,0x00484810-0x004849CD;0x00657510-0x006575C9,sub_484810,,0x5410,game
42032fc2807f7dec6de1ed6efb9d18a70668a015f23e32d58149c9d9952bc0a7,0x004849D0,0x00484A78,254,0x004849D0-0x00484A78;0x006575D0-0x00657626,sub_4849D0,,0x5410,game
42032fc2807f7dec6de1ed6efb9d18a70668a015f23e32d58149c9d9952bc0a7,0x00484A80,0x00484AA1,33,0x00484A80-0x00484AA1,sub_484A80,"int __thiscall sub_484A80(void *Block, char);",0x5410,game
42032fc2807f7dec6de1ed6efb9d18a70668a015f23e32d58149c9d9952bc0a7,0x00484AC0,0x00484B5C,216,0x00484AC0-0x00484B5C;0x00657630-0x0065766C,sub_484AC0,,0x5410,game
42032fc2807f7dec6de1ed6efb9d18a70668a015f23e32d58149c9d9952bc0a7,0x00484B60,0x00484B7F,31,0x00484B60-0x00484B7F,sub_484B60,,0x5400,game
42032fc2807f7dec6de1ed6efb9d18a70668a015f23e32d58149c9d9952bc0a7,0x00484B80,0x00484C5D,221,0x00484B80-0x00484C5D,sub_484B80,int __stdcall sub_484B80(char *Str);,0x5410,game
42032fc2807f7dec6de1ed6efb9d18a70668a015f23e32d58149c9d9952bc0a7,0x00484C60,0x00485FBD,5009,0x00484C60-0x00485FBD;0x0065766C-0x006576A0,sub_484C60,,0x5410,game
42032fc2807f7dec6de1ed6efb9d18a70668a015f23e32d58149c9d9952bc0a7,0x00485FC0,0x004860A6,230,0x00485FC0-0x004860A6,sub_485FC0,,0x5410,game
42032fc2807f7dec6de1ed6efb9d18a70668a015f23e32d58149c9d9952bc0a7,0x004860B0,0x00486109,89,0x004860B0-0x00486109,sub_4860B0,,0x5410,game
42032fc2807f7dec6de1ed6efb9d18a70668a015f23e32d58149c9d9952bc0a7,0x00486110,0x0048616A,90,0x00486110-0x0048616A,sub_486110,,0x5410,game
42032fc2807f7dec6de1ed6efb9d18a70668a015f23e32d58149c9d9952bc0a7,0x00486170,0x004863AD,573,0x00486170-0x004863AD,sub_486170,"int __stdcall sub_486170(int C, int);",0x5410,game
42032fc2807f7dec6de1ed6efb9d18a70668a015f23e32d58149c9d9952bc0a7,0x004863F0,0x0048650C,284,0x004863F0-0x0048650C,sub_4863F0,,0x5410,game
42032fc2807f7dec6de1ed6efb9d18a70668a015f23e32d58149c9d9952bc0a7,0x00486510,0x00488655,9911,0x00486510-0x00488655;0x006576A0-0x00657C12,sub_486510,,0x5410,game
42032fc2807f7dec6de1ed6efb9d18a70668a015f23e32d58149c9d9952bc0a7,0x00488660,0x00488681,33,0x00488660-0x00488681,sub_488660,"int __thiscall sub_488660(void *Block, char);",0x5410,game
42032fc2807f7dec6de1ed6efb9d18a70668a015f23e32d58149c9d9952bc0a7,0x00488690,0x0048873F,249,0x00488690-0x0048873F;0x00657C20-0x00657C6A,sub_488690,,0x5410,game
42032fc2807f7dec6de1ed6efb9d18a70668a015f23e32d58149c9d9952bc0a7,0x00488750,0x00488766,22,0x00488750-0x00488766,sub_488750,,0x5400,game
42032fc2807f7dec6de1ed6efb9d18a70668a015f23e32d58149c9d9952bc0a7,0x00488770,0x0048877A,10,0x00488770-0x0048877A,unknown_libname_253,void __cdecl unknown_libname_253();,0x5444,library
42032fc2807f7dec6de1ed6efb9d18a70668a015f23e32d58149c9d9952bc0a7,0x00488780,0x0048879D,29,0x00488780-0x0048879D,sub_488780,,0x5410,game
42032fc2807f7dec6de1ed6efb9d18a70668a015f23e32d58149c9d9952bc0a7,0x004887A0,0x0048965F,3796,0x004887A0-0x0048965F;0x00657F70-0x00657F85,sub_4887A0,,0x5410,game
42032fc2807f7dec6de1ed6efb9d18a70668a015f23e32d58149c9d9952bc0a7,0x00489660,0x00489AF7,1175,0x00489660-0x00489AF7,sub_489660,,0x5410,game
42032fc2807f7dec6de1ed6efb9d18a70668a015f23e32d58149c9d9952bc0a7,0x00489B00,0x00489B05,5,0x00489B00-0x00489B05,sub_489B00,,0x5480,thunk
42032fc2807f7dec6de1ed6efb9d18a70668a015f23e32d58149c9d9952bc0a7,0x00489B10,0x00489B13,3,0x00489B10-0x00489B13,nullsub_167,,0x5440,game
42032fc2807f7dec6de1ed6efb9d18a70668a015f23e32d58149c9d9952bc0a7,0x00489B20,0x00489B94,116,0x00489B20-0x00489B94,sub_489B20,,0x5410,game
42032fc2807f7dec6de1ed6efb9d18a70668a015f23e32d58149c9d9952bc0a7,0x00489BA0,0x0048A798,3644,0x00489BA0-0x0048A798;0x00657F85-0x006581C9,sub_489BA0,int __stdcall sub_489BA0(char *Source);,0x5410,game
42032fc2807f7dec6de1ed6efb9d18a70668a015f23e32d58149c9d9952bc0a7,0x0048A7C0,0x0048A80D,77,0x0048A7C0-0x0048A80D,sub_48A7C0,,0x5410,game
42032fc2807f7dec6de1ed6efb9d18a70668a015f23e32d58149c9d9952bc0a7,0x0048A810,0x0048A83C,44,0x0048A810-0x0048A83C,sub_48A810,,0x5400,game
42032fc2807f7dec6de1ed6efb9d18a70668a015f23e32d58149c9d9952bc0a7,0x0048A840,0x0048A8D3,147,0x0048A840-0x0048A8D3,sub_48A840,,0x5410,game
42032fc2807f7dec6de1ed6efb9d18a70668a015f23e32d58149c9d9952bc0a7,0x0048A8E0,0x0048AC09,1256,0x0048A8E0-0x0048AC09;0x00657C70-0x00657E2F,sub_48A8E0,,0x5410,game
42032fc2807f7dec6de1ed6efb9d18a70668a015f23e32d58149c9d9952bc0a7,0x0048AC10,0x0048ADB6,731,0x0048AC10-0x0048ADB6;0x00657E30-0x00657F65,sub_48AC10,,0x5410,game
42032fc2807f7dec6de1ed6efb9d18a70668a015f23e32d58149c9d9952bc0a7,0x0048ADC0,0x0048ADE1,33,0x0048ADC0-0x0048ADE1,sub_48ADC0,"int __thiscall sub_48ADC0(void *Block, char);",0x5410,game
42032fc2807f7dec6de1ed6efb9d18a70668a015f23e32d58149c9d9952bc0a7,0x0048AE00,0x0048AE18,24,0x0048AE00-0x0048AE18,sub_48AE00,,0x5400,game
42032fc2807f7dec6de1ed6efb9d18a70668a015f23e32d58149c9d9952bc0a7,0x0048AE20,0x0048AE34,20,0x0048AE20-0x0048AE34,unknown_libname_254,void __cdecl unknown_libname_254();,0x5444,library
42032fc2807f7dec6de1ed6efb9d18a70668a015f23e32d58149c9d9952bc0a7,0x0048AE40,0x0048AE90,80,0x0048AE40-0x0048AE90,sub_48AE40,,0x5410,game
42032fc2807f7dec6de1ed6efb9d18a70668a015f23e32d58149c9d9952bc0a7,0x0048AE90,0x0048AF14,132,0x0048AE90-0x0048AF14,sub_48AE90,,0x5410,game
42032fc2807f7dec6de1ed6efb9d18a70668a015f23e32d58149c9d9952bc0a7,0x0048AF20,0x0048AF2B,11,0x0048AF20-0x0048AF2B,sub_48AF20,,0x5400,game
42032fc2807f7dec6de1ed6efb9d18a70668a015f23e32d58149c9d9952bc0a7,0x0048AF30,0x0048B3B7,1159,0x0048AF30-0x0048B3B7,sub_48AF30,,0x5410,game
42032fc2807f7dec6de1ed6efb9d18a70668a015f23e32d58149c9d9952bc0a7,0x0048B3F0,0x0048B445,85,0x0048B3F0-0x0048B445,sub_48B3F0,int __thiscall sub_48B3F0(int);,0x5400,game
42032fc2807f7dec6de1ed6efb9d18a70668a015f23e32d58149c9d9952bc0a7,0x0048B450,0x0048B629,473,0x0048B450-0x0048B629,sub_48B450,,0x5410,game
42032fc2807f7dec6de1ed6efb9d18a70668a015f23e32d58149c9d9952bc0a7,0x0048B630,0x0048B8D6,678,0x0048B630-0x0048B8D6,sub_48B630,"int __thiscall sub_48B630(int, int, int, int, int, int);",0x5410,game
42032fc2807f7dec6de1ed6efb9d18a70668a015f23e32d58149c9d9952bc0a7,0x0048B8E0,0x0048BAA1,449,0x0048B8E0-0x0048BAA1,sub_48B8E0,"int __thiscall sub_48B8E0(int, int, int, int);",0x5410,game
42032fc2807f7dec6de1ed6efb9d18a70668a015f23e32d58149c9d9952bc0a7,0x0048BC20,0x0048BC4B,43,0x0048BC20-0x0048BC4B,sub_48BC20,,0x5400,game
42032fc2807f7dec6de1ed6efb9d18a70668a015f23e32d58149c9d9952bc0a7,0x0048BC50,0x0048BC5F,15,0x0048BC50-0x0048BC5F,sub_48BC50,,0x5400,game
42032fc2807f7dec6de1ed6efb9d18a70668a015f23e32d58149c9d9952bc0a7,0x0048BC60,0x0048BCC5,101,0x0048BC60-0x0048BCC5,sub_48BC60,,0x5400,game
42032fc2807f7dec6de1ed6efb9d18a70668a015f23e32d58149c9d9952bc0a7,0x0048BCD0,0x0048BD7E,227,0x0048BCD0-0x0048BD7E;0x006581D0-0x00658205,sub_48BCD0,,0x5410,game
42032fc2807f7dec6de1ed6efb9d18a70668a015f23e32d58149c9d9952bc0a7,0x0048BD80,0x0048BED6,548,0x0048BD80-0x0048BED6;0x00658210-0x006582DE,sub_48BD80,,0x5410,game
42032fc2807f7dec6de1ed6efb9d18a70668a015f23e32d58149c9d9952bc0a7,0x0048BEE0,0x0048BF05,37,0x0048BEE0-0x0048BF05,sub_48BEE0,,0x5410,game
42032fc2807f7dec6de1ed6efb9d18a70668a015f23e32d58149c9d9952bc0a7,0x0048BF60,0x0048BF6E,14,0x0048BF60-0x0048BF6E,sub_48BF60,,0x5400,game
42032fc2807f7dec6de1ed6efb9d18a70668a015f23e32d58149c9d9952bc0a7,0x0048BF70,0x0048BF78,8,0x0048BF70-0x0048BF78,sub_48BF70,,0x5400,game
42032fc2807f7dec6de1ed6efb9d18a70668a015f23e32d58149c9d9952bc0a7,0x0048BF80,0x0048BF8E,40,0x0046FA00-0x0046FA1A;0x0048BF80-0x0048BF8E,sub_48BF80,,0x5400,game
42032fc2807f7dec6de1ed6efb9d18a70668a015f23e32d58149c9d9952bc0a7,0x0048BF90,0x0048BF9E,78,0x0046F880-0x0046F8C0;0x0048BF90-0x0048BF9E,sub_48BF90,,0x5400,game
42032fc2807f7dec6de1ed6efb9d18a70668a015f23e32d58149c9d9952bc0a7,0x0048BFA0,0x0048BFAE,14,0x0048BFA0-0x0048BFAE,sub_48BFA0,,0x5400,game
42032fc2807f7dec6de1ed6efb9d18a70668a015f23e32d58149c9d9952bc0a7,0x0048BFB0,0x0048BFBE,14,0x0048BFB0-0x0048BFBE,sub_48BFB0,,0x5400,game
42032fc2807f7dec6de1ed6efb9d18a70668a015f23e32d58149c9d9952bc0a7,0x0048BFC0,0x0048BFCE,14,0x0048BFC0-0x0048BFCE,sub_48BFC0,,0x5400,game
42032fc2807f7dec6de1ed6efb9d18a70668a015f23e32d58149c9d9952bc0a7,0x0048BFD0,0x0048BFDE,14,0x0048BFD0-0x0048BFDE,sub_48BFD0,,0x5400,game
42032fc2807f7dec6de1ed6efb9d18a70668a015f23e32d58149c9d9952bc0a7,0x0048BFE0,0x0048BFEE,14,0x0048BFE0-0x0048BFEE,sub_48BFE0,,0x5400,game
42032fc2807f7dec6de1ed6efb9d18a70668a015f23e32d58149c9d9952bc0a7,0x0048BFF0,0x0048BFFE,14,0x0048BFF0-0x0048BFFE,sub_48BFF0,,0x5400,game
42032fc2807f7dec6de1ed6efb9d18a70668a015f23e32d58149c9d9952bc0a7,0x0048C000,0x0048C00E,14,0x0048C000-0x0048C00E,sub_48C000,,0x5400,game
42032fc2807f7dec6de1ed6efb9d18a70668a015f23e32d58149c9d9952bc0a7,0x0048C010,0x0048C01E,14,0x0048C010-0x0048C01E,sub_48C010,,0x5400,game
42032fc2807f7dec6de1ed6efb9d18a70668a015f23e32d58149c9d9952bc0a7,0x0048C020,0x0048C02E,14,0x0048C020-0x0048C02E,sub_48C020,,0x5400,game
42032fc2807f7dec6de1ed6efb9d18a70668a015f23e32d58149c9d9952bc0a7,0x0048C030,0x0048C03E,14,0x0048C030-0x0048C03E,sub_48C030,,0x5400,game
42032fc2807f7dec6de1ed6efb9d18a70668a015f23e32d58149c9d9952bc0a7,0x0048C060,0x0048C099,57,0x0048C060-0x0048C099,sub_48C060,"int __cdecl sub_48C060(char *Str1, char *String1);",0x5410,game
42032fc2807f7dec6de1ed6efb9d18a70668a015f23e32d58149c9d9952bc0a7,0x0048C0A0,0x0048C31F,726,0x0048C0A0-0x0048C31F;0x006582E0-0x00658337,sub_48C0A0,"int __cdecl sub_48C0A0(char *Str1, int, int, char *Str, int);",0x5410,game
42032fc2807f7dec6de1ed6efb9d18a70668a015f23e32d58149c9d9952bc0a7,0x0048C320,0x0048C353,51,0x0048C320-0x0048C353,sub_48C320,,0x5410,game
42032fc2807f7dec6de1ed6efb9d18a70668a015f23e32d58149c9d9952bc0a7,0x0048C360,0x0048C648,962,0x0048C360-0x0048C648;0x00658337-0x00658411,sub_48C360,"int __cdecl sub_48C360(char *Str1, int, int, int);",0x5410,game
42032fc2807f7dec6de1ed6efb9d18a70668a015f23e32d58149c9d9952bc0a7,0x0048C650,0x0048CEA2,2572,0x0048C650-0x0048CEA2;0x00658411-0x006585CB,sub_48C650,"int __cdecl sub_48C650(char *Source, int, int, char *Str, int);",0x5410,game
42032fc2807f7dec6de1ed6efb9d18a70668a015f23e32d58149c9d9952bc0a7,0x0048CEB0,0x0048CEF2,66,0x0048CEB0-0x0048CEF2,sub_48CEB0,,0x5410,game
42032fc2807f7dec6de1ed6efb9d18a70668a015f23e32d58149c9d9952bc0a7,0x0048CF50,0x0048D006,182,0x0048CF50-0x0048D006,sub_48CF50,,0x5410,game
42032fc2807f7dec6de1ed6efb9d18a70668a015f23e32d58149c9d9952bc0a7,0x0048D010,0x0048D0CD,189,0x0048D010-0x0048D0CD,sub_48D010,,0x5410,game
42032fc2807f7dec6de1ed6efb9d18a70668a015f23e32d58149c9d9952bc0a7,0x0048D0D0,0x0048D4EA,1282,0x0048D0D0-0x0048D4EA;0x006585CB-0x006586B3,sub_48D0D0,,0x5410,game
42032fc2807f7dec6de1ed6efb9d18a70668a015f23e32d58149c9d9952bc0a7,0x0048D4F0,0x0048D506,22,0x0048D4F0-0x0048D506,sub_48D4F0,,0x5400,game
42032fc2807f7dec6de1ed6efb9d18a70668a015f23e32d58149c9d9952bc0a7,0x0048D510,0x0048D51A,10,0x0048D510-0x0048D51A,unknown_libname_255,void __cdecl unknown_libname_255();,0x5444,library
42032fc2807f7dec6de1ed6efb9d18a70668a015f23e32d58149c9d9952bc0a7,0x0048D520,0x0048D536,22,0x0048D520-0x0048D536,sub_48D520,,0x5400,game
42032fc2807f7dec6de1ed6efb9d18a70668a015f23e32d58149c9d9952bc0a7,0x0048D540,0x0048D54A,10,0x0048D540-0x0048D54A,unknown_libname_256,void __cdecl unknown_libname_256();,0x5444,library
42032fc2807f7dec6de1ed6efb9d18a70668a015f23e32d58149c9d9952bc0a7,0x0048D550,0x0048D55E,14,0x0048D550-0x0048D55E,sub_48D550,,0x5400,game
42032fc2807f7dec6de1ed6efb9d18a70668a015f23e32d58149c9d9952bc0a7,0x0048D560,0x0048D56B,11,0x0048D560-0x0048D56B,sub_48D560,,0x5400,game
42032fc2807f7dec6de1ed6efb9d18a70668a015f23e32d58149c9d9952bc0a7,0x0048D570,0x0048D587,23,0x0048D570-0x0048D587,sub_48D570,,0x5400,game
42032fc2807f7dec6de1ed6efb9d18a70668a015f23e32d58149c9d9952bc0a7,0x0048D590,0x0048D5A7,23,0x0048D590-0x0048D5A7,sub_48D590,,0x5400,game
42032fc2807f7dec6de1ed6efb9d18a70668a015f23e32d58149c9d9952bc0a7,0x0048D5B0,0x0048D5C4,20,0x0048D5B0-0x0048D5C4,sub_48D5B0,,0x5400,game
42032fc2807f7dec6de1ed6efb9d18a70668a015f23e32d58149c9d9952bc0a7,0x0048D5D0,0x0048D5E4,20,0x0048D5D0-0x0048D5E4,sub_48D5D0,,0x5400,game
42032fc2807f7dec6de1ed6efb9d18a70668a015f23e32d58149c9d9952bc0a7,0x0048D5F0,0x0048D607,23,0x0048D5F0-0x0048D607,sub_48D5F0,,0x5400,game
42032fc2807f7dec6de1ed6efb9d18a70668a015f23e32d58149c9d9952bc0a7,0x0048D610,0x0048D62B,27,0x0048D610-0x0048D62B,sub_48D610,,0x5400,game
42032fc2807f7dec6de1ed6efb9d18a70668a015f23e32d58149c9d9952bc0a7,0x0048D630,0x0048D644,20,0x0048D630-0x0048D644,sub_48D630,,0x5400,game
42032fc2807f7dec6de1ed6efb9d18a70668a015f23e32d58149c9d9952bc0a7,0x0048D650,0x0048D66E,30,0x0048D650-0x0048D66E,sub_48D650,,0x5400,game
42032fc2807f7dec6de1ed6efb9d18a70668a015f23e32d58149c9d9952bc0a7,0x0048D670,0x0048D687,23,0x0048D670-0x0048D687,sub_48D670,,0x5400,game
42032fc2807f7dec6de1ed6efb9d18a70668a015f23e32d58149c9d9952bc0a7,0x0048D690,0x0048D6A4,20,0x0048D690-0x0048D6A4,sub_48D690,,0x5400,game
42032fc2807f7dec6de1ed6efb9d18a70668a015f23e32d58149c9d9952bc0a7,0x0048D6B0,0x0048D6C4,20,0x0048D6B0-0x0048D6C4,sub_48D6B0,,0x5400,game
42032fc2807f7dec6de1ed6efb9d18a70668a015f23e32d58149c9d9952bc0a7,0x0048D6D0,0x0048D6E7,23,0x0048D6D0-0x0048D6E7,sub_48D6D0,,0x5400,game
42032fc2807f7dec6de1ed6efb9d18a70668a015f23e32d58149c9d9952bc0a7,0x0048D6F0,0x0048D704,20,0x0048D6F0-0x0048D704,sub_48D6F0,,0x5400,game
42032fc2807f7dec6de1ed6efb9d18a70668a015f23e32d58149c9d9952bc0a7,0x0048D710,0x0048D724,20,0x0048D710-0x0048D724,sub_48D710,,0x5400,game
42032fc2807f7dec6de1ed6efb9d18a70668a015f23e32d58149c9d9952bc0a7,0x0048D730,0x0048D747,23,0x0048D730-0x0048D747,sub_48D730,,0x5400,game
42032fc2807f7dec6de1ed6efb9d18a70668a015f23e32d58149c9d9952bc0a7,0x0048D750,0x0048D75B,11,0x0048D750-0x0048D75B,sub_48D750,,0x5400,game
42032fc2807f7dec6de1ed6efb9d18a70668a015f23e32d58149c9d9952bc0a7,0x0048D760,0x0048D770,16,0x0048D760-0x0048D770,sub_48D760,,0x5400,game
42032fc2807f7dec6de1ed6efb9d18a70668a015f23e32d58149c9d9952bc0a7,0x0048D770,0x0048D787,23,0x0048D770-0x0048D787,sub_48D770,,0x5400,game
42032fc2807f7dec6de1ed6efb9d18a70668a015f23e32d58149c9d9952bc0a7,0x0048D790,0x0048D7AB,27,0x0048D790-0x0048D7AB,sub_48D790,,0x5400,game
42032fc2807f7dec6de1ed6efb9d18a70668a015f23e32d58149c9d9952bc0a7,0x0048D7B0,0x0048D7C4,20,0x0048D7B0-0x0048D7C4,sub_48D7B0,,0x5400,game
42032fc2807f7dec6de1ed6efb9d18a70668a015f23e32d58149c9d9952bc0a7,0x0048D7D0,0x0048D7E4,20,0x0048D7D0-0x0048D7E4,sub_48D7D0,,0x5400,game
42032fc2807f7dec6de1ed6efb9d18a70668a015f23e32d58149c9d9952bc0a7,0x0048D7F0,0x0048D80B,27,0x0048D7F0-0x0048D80B,sub_48D7F0,,0x5400,game
42032fc2807f7dec6de1ed6efb9d18a70668a015f23e32d58149c9d9952bc0a7,0x0048D810,0x0048D81E,14,0x0048D810-0x0048D81E,sub_48D810,,0x5400,game
42032fc2807f7dec6de1ed6efb9d18a70668a015f23e32d58149c9d9952bc0a7,0x0048D820,0x0048D83E,30,0x0048D820-0x0048D83E,sub_48D820,,0x5400,game
42032fc2807f7dec6de1ed6efb9d18a70668a015f23e32d58149c9d9952bc0a7,0x0048D840,0x0048F9F5,8629,0x0048D840-0x0048F9F5,sub_48D840,,0x5410,game
42032fc2807f7dec6de1ed6efb9d18a70668a015f23e32d58149c9d9952bc0a7,0x0048FA00,0x0048FCC5,709,0x0048FA00-0x0048FCC5,sub_48FA00,,0x5410,game
42032fc2807f7dec6de1ed6efb9d18a70668a015f23e32d58149c9d9952bc0a7,0x0048FCD0,0x0048FD98,200,0x0048FCD0-0x0048FD98,sub_48FCD0,,0x5410,game
42032fc2807f7dec6de1ed6efb9d18a70668a015f23e32d58149c9d9952bc0a7,0x0048FDD0,0x0048FF51,385,0x0048FDD0-0x0048FF51,sub_48FDD0,,0x5400,game
42032fc2807f7dec6de1ed6efb9d18a70668a015f23e32d58149c9d9952bc0a7,0x0048FF60,0x0048FFA1,65,0x0048FF60-0x0048FFA1,sub_48FF60,,0x5410,game
42032fc2807f7dec6de1ed6efb9d18a70668a015f23e32d58149c9d9952bc0a7,0x0048FFB0,0x00490123,371,0x0048FFB0-0x00490123,sub_48FFB0,,0x5400,game
42032fc2807f7dec6de1ed6efb9d18a70668a015f23e32d58149c9d9952bc0a7,0x00490140,0x00490326,486,0x00490140-0x00490326,sub_490140,,0x5400,game
42032fc2807f7dec6de1ed6efb9d18a70668a015f23e32d58149c9d9952bc0a7,0x00490350,0x00490AFA,1962,0x00490350-0x00490AFA,sub_490350,,0x5400,game
42032fc2807f7dec6de1ed6efb9d18a70668a015f23e32d58149c9d9952bc0a7,0x00490B00,0x004911FD,1789,0x00490B00-0x004911FD,sub_490B00,,0x5410,game
42032fc2807f7dec6de1ed6efb9d18a70668a015f23e32d58149c9d9952bc0a7,0x00491380,0x004913E6,102,0x00491380-0x004913E6,sub_491380,,0x5410,game
42032fc2807f7dec6de1ed6efb9d18a70668a015f23e32d58149c9d9952bc0a7,0x00491400,0x00491794,1088,0x00491400-0x00491794;0x00658AC0-0x00658B6C,sub_491400,,0x5410,game
42032fc2807f7dec6de1ed6efb9d18a70668a015f23e32d58149c9d9952bc0a7,0x004918C0,0x004919DD,285,0x004918C0-0x004919DD,sub_4918C0,,0x5410,game
42032fc2807f7dec6de1ed6efb9d18a70668a015f23e32d58149c9d9952bc0a7,0x004919F0,0x00491BE9,505,0x004919F0-0x00491BE9,sub_4919F0,,0x5410,game
42032fc2807f7dec6de1ed6efb9d18a70668a015f23e32d58149c9d9952bc0a7,0x00491C00,0x00491DEE,494,0x00491C00-0x00491DEE,sub_491C00,,0x5410,game
42032fc2807f7dec6de1ed6efb9d18a70668a015f23e32d58149c9d9952bc0a7,0x00491DF0,0x004921DF,1619,0x00491DF0-0x004921DF;0x006586C0-0x00658924,sub_491DF0,,0x5410,game
42032fc2807f7dec6de1ed6efb9d18a70668a015f23e32d58149c9d9952bc0a7,0x004921E0,0x004923DA,902,0x004921E0-0x004923DA;0x00658930-0x00658ABC,sub_4921E0,,0x5410,game
42032fc2807f7dec6de1ed6efb9d18a70668a015f23e32d58149c9d9952bc0a7,0x004923E0,0x00492401,33,0x004923E0-0x00492401,sub_4923E0,"int __thiscall sub_4923E0(void *Block, char);",0x5410,game
42032fc2807f7dec6de1ed6efb9d18a70668a015f23e32d58149c9d9952bc0a7,0x00492420,0x004926AD,806,0x00492420-0x004926AD;0x00658B70-0x00658C09,sub_492420,,0x5410,game
42032fc2807f7dec6de1ed6efb9d18a70668a015f23e32d58149c9d9952bc0a7,0x004926B0,0x004926BF,15,0x004926B0-0x004926BF,sub_4926B0,,0x5400,game
42032fc2807f7dec6de1ed6efb9d18a70668a015f23e32d58149c9d9952bc0a7,0x004926C0,0x00492735,117,0x004926C0-0x00492735,sub_4926C0,,0x5400,game
42032fc2807f7dec6de1ed6efb9d18a70668a015f23e32d58149c9d9952bc0a7,0x00492740,0x004927B1,113,0x00492740-0x004927B1,sub_492740,,0x5400,game
42032fc2807f7dec6de1ed6efb9d18a70668a015f23e32d58149c9d9952bc0a7,0x004927C0,0x00492F9F,2015,0x004927C0-0x00492F9F,sub_4927C0,"int __stdcall sub_4927C0(int Number, int);",0x5410,game
42032fc2807f7dec6de1ed6efb9d18a70668a015f23e32d58149c9d9952bc0a7,0x00492FA0,0x00493A6D,2765,0x00492FA0-0x00493A6D,sub_492FA0,,0x5410,game
42032fc2807f7dec6de1ed6efb9d18a70668a015f23e32d58149c9d9952bc0a7,0x00493AF0,0x00493B4A,90,0x00493AF0-0x00493B4A,sub_493AF0,,0x5410,game
42032fc2807f7dec6de1ed6efb9d18a70668a015f23e32d58149c9d9952bc0a7,0x00493B70,0x00493BB3,67,0x00493B70-0x00493BB3,sub_493B70,,0x5410,game
42032fc2807f7dec6de1ed6efb9d18a70668a015f23e32d58149c9d9952bc0a7,0x00493C10,0x00493C18,8,0x00493C10-0x00493C18,sub_493C10,,0x5400,game
42032fc2807f7dec6de1ed6efb9d18a70668a015f23e32d58149c9d9952bc0a7,0x00493C20,0x00493C68,72,0x00493C20-0x00493C68,sub_493C20,,0x5410,game
42032fc2807f7dec6de1ed6efb9d18a70668a015f23e32d58149c9d9952bc0a7,0x00493C70,0x00493CA6,54,0x00493C70-0x00493CA6,sub_493C70,,0x5400,game
42032fc2807f7dec6de1ed6efb9d18a70668a015f23e32d58149c9d9952bc0a7,0x00493CB0,0x00493E6F,447,0x00493CB0-0x00493E6F,sub_493CB0,,0x5410,game
42032fc2807f7dec6de1ed6efb9d18a70668a015f23e32d58149c9d9952bc0a7,0x00493E70,0x00493E87,23,0x00493E70-0x00493E87,sub_493E70,,0x5410,game
42032fc2807f7dec6de1ed6efb9d18a70668a015f23e32d58149c9d9952bc0a7,0x00493E90,0x00493E93,3,0x00493E90-0x00493E93,nullsub_168,,0x5440,game
42032fc2807f7dec6de1ed6efb9d18a70668a015f23e32d58149c9d9952bc0a7,0x00493EA0,0x0049419F,788,0x00493EA0-0x0049419F;0x00658C09-0x00658C1E,sub_493EA0,,0x5410,game
42032fc2807f7dec6de1ed6efb9d18a70668a015f23e32d58149c9d9952bc0a7,0x004941C0,0x0049422F,111,0x004941C0-0x0049422F,sub_4941C0,,0x5410,game
42032fc2807f7dec6de1ed6efb9d18a70668a015f23e32d58149c9d9952bc0a7,0x00494230,0x00494271,65,0x00494230-0x00494271,sub_494230,,0x5410,game
42032fc2807f7dec6de1ed6efb9d18a70668a015f23e32d58149c9d9952bc0a7,0x00494280,0x00494545,709,0x00494280-0x00494545,sub_494280,,0x5410,game
42032fc2807f7dec6de1ed6efb9d18a70668a015f23e32d58149c9d9952bc0a7,0x004945C0,0x004945C3,3,0x004945C0-0x004945C3,nullsub_169,,0x5440,game
42032fc2807f7dec6de1ed6efb9d18a70668a015f23e32d58149c9d9952bc0a7,0x004945D0,0x004946A1,209,0x004945D0-0x004946A1,sub_4945D0,,0x5410,game
42032fc2807f7dec6de1ed6efb9d18a70668a015f23e32d58149c9d9952bc0a7,0x00494700,0x0049515F,2687,0x00494700-0x0049515F;0x00658C1E-0x00658C3E,sub_494700,,0x5410,game
42032fc2807f7dec6de1ed6efb9d18a70668a015f23e32d58149c9d9952bc0a7,0x00495160,0x00495163,3,0x00495160-0x00495163,nullsub_170,,0x5440,game
42032fc2807f7dec6de1ed6efb9d18a70668a015f23e32d58149c9d9952bc0a7,0x00495170,0x00495186,22,0x00495170-0x00495186,sub_495170,,0x5400,game
42032fc2807f7dec6de1ed6efb9d18a70668a015f23e32d58149c9d9952bc0a7,0x00495190,0x0049519A,10,0x00495190-0x0049519A,unknown_libname_257,void __cdecl unknown_libname_257();,0x5444,library
42032fc2807f7dec6de1ed6efb9d18a70668a015f23e32d58149c9d9952bc0a7,0x004951A0,0x004956C1,1313,0x004951A0-0x004956C1,sub_4951A0,,0x5400,game
42032fc2807f7dec6de1ed6efb9d18a70668a015f23e32d58149c9d9952bc0a7,0x004956D0,0x0049649D,3596,0x004956D0-0x0049649D;0x00658D10-0x00658D4F,sub_4956D0,,0x5410,game
42032fc2807f7dec6de1ed6efb9d18a70668a015f23e32d58149c9d9952bc0a7,0x004964D0,0x00496533,99,0x004964D0-0x00496533,sub_4964D0,,0x5410,game
42032fc2807f7dec6de1ed6efb9d18a70668a015f23e32d58149c9d9952bc0a7,0x00496540,0x00496558,24,0x00496540-0x00496558,sub_496540,,0x5410,game
42032fc2807f7dec6de1ed6efb9d18a70668a015f23e32d58149c9d9952bc0a7,0x00496560,0x004965B1,81,0x00496560-0x004965B1,sub_496560,,0x5410,game
42032fc2807f7dec6de1ed6efb9d18a70668a015f23e32d58149c9d9952bc0a7,0x004965C0,0x0049660C,76,0x004965C0-0x0049660C,sub_4965C0,,0x5400,game
42032fc2807f7dec6de1ed6efb9d18a70668a015f23e32d58149c9d9952bc0a7,0x00496670,0x0049670F,159,0x00496670-0x0049670F,sub_496670,,0x5410,game
42032fc2807f7dec6de1ed6efb9d18a70668a015f23e32d58149c9d9952bc0a7,0x00496710,0x00496801,345,0x00496710-0x00496801;0x00658C40-0x00658CA8,sub_496710,,0x5410,game
42032fc2807f7dec6de1ed6efb9d18a70668a015f23e32d58149c9d9952bc0a7,0x00496810,0x004968B4,252,0x00496810-0x004968B4;0x00658CB0-0x00658D08,sub_496810,,0x5410,game
42032fc2807f7dec6de1ed6efb9d18a70668a015f23e32d58149c9d9952bc0a7,0x004968C0,0x004968E1,33,0x004968C0-0x004968E1,sub_4968C0,"int __thiscall sub_4968C0(void *Block, char);",0x5410,game
42032fc2807f7dec6de1ed6efb9d18a70668a015f23e32d58149c9d9952bc0a7,0x00496900,0x00496916,22,0x00496900-0x00496916,sub_496900,,0x5400,game
42032fc2807f7dec6de1ed6efb9d18a70668a015f23e32d58149c9d9952bc0a7,0x00496920,0x0049692A,10,0x00496920-0x0049692A,unknown_libname_258,void __cdecl unknown_libname_258();,0x5444,library
42032fc2807f7dec6de1ed6efb9d18a70668a015f23e32d58149c9d9952bc0a7,0x00496930,0x00496946,22,0x00496930-0x00496946,sub_496930,,0x5400,game
42032fc2807f7dec6de1ed6efb9d18a70668a015f23e32d58149c9d9952bc0a7,0x00496950,0x0049695A,10,0x00496950-0x0049695A,unknown_libname_259,void __cdecl unknown_libname_259();,0x5444,library
42032fc2807f7dec6de1ed6efb9d18a70668a015f23e32d58149c9d9952bc0a7,0x00496960,0x00496BA5,581,0x00496960-0x00496BA5,sub_496960,,0x5400,game
42032fc2807f7dec6de1ed6efb9d18a70668a015f23e32d58149c9d9952bc0a7,0x00496BB0,0x00496CFC,332,0x00496BB0-0x00496CFC,sub_496BB0,,0x5400,game
42032fc2807f7dec6de1ed6efb9d18a70668a015f23e32d58149c9d9952bc0a7,0x00496D00,0x00496DE4,228,0x00496D00-0x00496DE4,sub_496D00,,0x5400,game
42032fc2807f7dec6de1ed6efb9d18a70668a015f23e32d58149c9d9952bc0a7,0x00496E10,0x00497A30,3104,0x00496E10-0x00497A30,sub_496E10,,0x5410,game
42032fc2807f7dec6de1ed6efb9d18a70668a015f23e32d58149c9d9952bc0a7,0x00497A60,0x00497AB2,82,0x00497A60-0x00497AB2,sub_497A60,,0x5410,game
42032fc2807f7dec6de1ed6efb9d18a70668a015f23e32d58149c9d9952bc0a7,0x00497AC0,0x00497E69,958,0x00497AC0-0x00497E69;0x00659420-0x00659435,sub_497AC0,,0x5410,game
42032fc2807f7dec6de1ed6efb9d18a70668a015f23e32d58149c9d9952bc0a7,0x00497F00,0x004980EF,495,0x00497F00-0x004980EF,sub_497F00,,0x5410,game
42032fc2807f7dec6de1ed6efb9d18a70668a015f23e32d58149c9d9952bc0a7,0x004980F0,0x004980F3,3,0x004980F0-0x004980F3,nullsub_171,,0x5440,game
42032fc2807f7dec6de1ed6efb9d18a70668a015f23e32d58149c9d9952bc0a7,0x00498100,0x00498103,3,0x00498100-0x00498103,nullsub_172,,0x5440,game
42032fc2807f7dec6de1ed6efb9d18a70668a015f23e32d58149c9d9952bc0a7,0x00498180,0x004981D8,88,0x00498180-0x004981D8,sub_498180,,0x5410,game
42032fc2807f7dec6de1ed6efb9d18a70668a015f23e32d58149c9d9952bc0a7,0x00498200,0x00498258,88,0x00498200-0x00498258,sub_498200,,0x5410,game
42032fc2807f7dec6de1ed6efb9d18a70668a015f23e32d58149c9d9952bc0a7,0x00498280,0x00498691,1041,0x00498280-0x00498691,sub_498280,,0x5410,game
42032fc2807f7dec6de1ed6efb9d18a70668a015f23e32d58149c9d9952bc0a7,0x004986D0,0x004989A8,728,0x004986D0-0x004989A8,sub_4986D0,,0x5410,game
42032fc2807f7dec6de1ed6efb9d18a70668a015f23e32d58149c9d9952bc0a7,0x004989F0,0x00498B06,278,0x004989F0-0x00498B06,sub_4989F0,,0x5410,game
42032fc2807f7dec6de1ed6efb9d18a70668a015f23e32d58149c9d9952bc0a7,0x00498B30,0x0049B1DC,9900,0x00498B30-0x0049B1DC,sub_498B30,,0x5410,game
42032fc2807f7dec6de1ed6efb9d18a70668a015f23e32d58149c9d9952bc0a7,0x0049B220,0x0049B446,550,0x0049B220-0x0049B446,sub_49B220,,0x5410,game
42032fc2807f7dec6de1ed6efb9d18a70668a015f23e32d58149c9d9952bc0a7,0x0049B450,0x0049BCC7,2167,0x0049B450-0x0049BCC7,sub_49B450,,0x5410,game
42032fc2807f7dec6de1ed6efb9d18a70668a015f23e32d58149c9d9952bc0a7,0x0049BCD0,0x0049D481,6065,0x0049BCD0-0x0049D481,sub_49BCD0,,0x5410,game
42032fc2807f7dec6de1ed6efb9d18a70668a015f23e32d58149c9d9952bc0a7,0x0049D490,0x0049D535,165,0x0049D490-0x0049D535,sub_49D490,,0x5410,game
42032fc2807f7dec6de1ed6efb9d18a70668a015f23e32d58149c9d9952bc0a7,0x0049D540,0x0049EAEB,5565,0x0049D540-0x0049EAEB;0x00659435-0x00659447,sub_49D540,,0x5410,game
42032fc2807f7dec6de1ed6efb9d18a70668a015f23e32d58149c9d9952bc0a7,0x0049EB10,0x0049F343,2099,0x0049EB10-0x0049F343,sub_49EB10,,0x5410,game
42032fc2807f7dec6de1ed6efb9d18a70668a015f23e32d58149c9d9952bc0a7,0x0049F350,0x0049FE1E,2766,0x0049F350-0x0049FE1E,sub_49F350,,0x5410,game
42032fc2807f7dec6de1ed6efb9d18a70668a015f23e32d58149c9d9952bc0a7,0x0049FE40,0x0049FFB7,375,0x0049FE40-0x0049FFB7,sub_49FE40,,0x5400,game
42032fc2807f7dec6de1ed6efb9d18a70668a015f23e32d58149c9d9952bc0a7,0x0049FFC0,0x0049FFCD,13,0x0049FFC0-0x0049FFCD,sub_49FFC0,,0x5410,game
42032fc2807f7dec6de1ed6efb9d18a70668a015f23e32d58149c9d9952bc0a7,0x0049FFD0,0x004A00F1,289,0x0049FFD0-0x004A00F1,sub_49FFD0,,0x5410,game
42032fc2807f7dec6de1ed6efb9d18a70668a015f23e32d58149c9d9952bc0a7,0x004A0100,0x004A0248,328,0x004A0100-0x004A0248,sub_4A0100,,0x5400,game
42032fc2807f7dec6de1ed6efb9d18a70668a015f23e32d58149c9d9952bc0a7,0x004A0250,0x004A025D,13,0x004A0250-0x004A025D,sub_4A0250,,0x5410,game
42032fc2807f7dec6de1ed6efb9d18a70668a015f23e32d58149c9d9952bc0a7,0x004A0260,0x004A080C,1765,0x004A0260-0x004A080C;0x00659447-0x00659580,sub_4A0260,,0x5410,game
42032fc2807f7dec6de1ed6efb9d18a70668a015f23e32d58149c9d9952bc0a7,0x004A0810,0x004A08D2,194,0x004A0810-0x004A08D2,sub_4A0810,,0x5410,game
42032fc2807f7dec6de1ed6efb9d18a70668a015f23e32d58149c9d9952bc0a7,0x004A08E0,0x004A1134,2132,0x004A08E0-0x004A1134,sub_4A08E0,,0x5410,game
42032fc2807f7dec6de1ed6efb9d18a70668a015f23e32d58149c9d9952bc0a7,0x004A1140,0x004A2208,4296,0x004A1140-0x004A2208,sub_4A1140,,0x5410,game
42032fc2807f7dec6de1ed6efb9d18a70668a015f23e32d58149c9d9952bc0a7,0x004A2210,0x004A345F,4687,0x004A2210-0x004A345F,sub_4A2210,,0x5410,game
42032fc2807f7dec6de1ed6efb9d18a70668a015f23e32d58149c9d9952bc0a7,0x004A3460,0x004A3927,1244,0x004A3460-0x004A3927;0x00659580-0x00659595,sub_4A3460,,0x5410,game
42032fc2807f7dec6de1ed6efb9d18a70668a015f23e32d58149c9d9952bc0a7,0x004A3930,0x004A3946,22,0x004A3930-0x004A3946,sub_4A3930,,0x5400,game
42032fc2807f7dec6de1ed6efb9d18a70668a015f23e32d58149c9d9952bc0a7,0x004A3950,0x004A3CD3,899,0x004A3950-0x004A3CD3,sub_4A3950,,0x5410,game
42032fc2807f7dec6de1ed6efb9d18a70668a015f23e32d58149c9d9952bc0a7,0x004A3D20,0x004A3FBF,671,0x004A3D20-0x004A3FBF,sub_4A3D20,,0x5410,game
42032fc2807f7dec6de1ed6efb9d18a70668a015f23e32d58149c9d9952bc0a7,0x004A3FC0,0x004A401F,95,0x004A3FC0-0x004A401F,sub_4A3FC0,,0x5400,game
42032fc2807f7dec6de1ed6efb9d18a70668a015f23e32d58149c9d9952bc0a7,0x004A4050,0x004A405D,13,0x004A4050-0x004A405D,sub_4A4050,,0x5410,game
42032fc2807f7dec6de1ed6efb9d18a70668a015f23e32d58149c9d9952bc0a7,0x004A4060,0x004A4191,305,0x004A4060-0x004A4191,sub_4A4060,,0x5400,game
42032fc2807f7dec6de1ed6efb9d18a70668a015f23e32d58149c9d9952bc0a7,0x004A41D0,0x004A5ED2,7426,0x004A41D0-0x004A5ED2,sub_4A41D0,,0x5410,game
42032fc2807f7dec6de1ed6efb9d18a70668a015f23e32d58149c9d9952bc0a7,0x004A5F00,0x004A5F16,22,0x004A5F00-0x004A5F16,sub_4A5F00,,0x5400,game
42032fc2807f7dec6de1ed6efb9d18a70668a015f23e32d58149c9d9952bc0a7,0x004A5F20,0x004A5F34,20,0x004A5F20-0x004A5F34,sub_4A5F20,,0x5400,game
42032fc2807f7dec6de1ed6efb9d18a70668a015f23e32d58149c9d9952bc0a7,0x004A5F40,0x004A5FD6,150,0x004A5F40-0x004A5FD6,sub_4A5F40,,0x5410,game
42032fc2807f7dec6de1ed6efb9d18a70668a015f23e32d58149c9d9952bc0a7,0x004A5FE0,0x004A5FE3,3,0x004A5FE0-0x004A5FE3,nullsub_173,,0x5440,game
42032fc2807f7dec6de1ed6efb9d18a70668a015f23e32d58149c9d9952bc0a7,0x004A5FF0,0x004A5FF3,3,0x004A5FF0-0x004A5FF3,nullsub_174,,0x5440,game
42032fc2807f7dec6de1ed6efb9d18a70668a015f23e32d58149c9d9952bc0a7,0x004A6000,0x004A6003,3,0x004A6000-0x004A6003,nullsub_175,,0x5440,game
42032fc2807f7dec6de1ed6efb9d18a70668a015f23e32d58149c9d9952bc0a7,0x004A6010,0x004A6013,3,0x004A6010-0x004A6013,nullsub_176,,0x5440,game
42032fc2807f7dec6de1ed6efb9d18a70668a015f23e32d58149c9d9952bc0a7,0x004A6020,0x004A6023,3,0x004A6020-0x004A6023,nullsub_177,,0x5440,game
42032fc2807f7dec6de1ed6efb9d18a70668a015f23e32d58149c9d9952bc0a7,0x004A6030,0x004A6033,3,0x004A6030-0x004A6033,nullsub_178,,0x5440,game
42032fc2807f7dec6de1ed6efb9d18a70668a015f23e32d58149c9d9952bc0a7,0x004A6040,0x004A6043,3,0x004A6040-0x004A6043,nullsub_179,,0x5440,game
42032fc2807f7dec6de1ed6efb9d18a70668a015f23e32d58149c9d9952bc0a7,0x004A6050,0x004A62F3,675,0x004A6050-0x004A62F3,sub_4A6050,,0x5410,game
42032fc2807f7dec6de1ed6efb9d18a70668a015f23e32d58149c9d9952bc0a7,0x004A6320,0x004A6328,8,0x004A6320-0x004A6328,sub_4A6320,,0x5400,game
42032fc2807f7dec6de1ed6efb9d18a70668a015f23e32d58149c9d9952bc0a7,0x004A6330,0x004A6D10,2528,0x004A6330-0x004A6D10,sub_4A6330,,0x5410,game
42032fc2807f7dec6de1ed6efb9d18a70668a015f23e32d58149c9d9952bc0a7,0x004A6D60,0x004A6D63,3,0x004A6D60-0x004A6D63,nullsub_180,,0x5440,game
42032fc2807f7dec6de1ed6efb9d18a70668a015f23e32d58149c9d9952bc0a7,0x004A6D70,0x004A6FD7,615,0x004A6D70-0x004A6FD7,sub_4A6D70,,0x5410,game
42032fc2807f7dec6de1ed6efb9d18a70668a015f23e32d58149c9d9952bc0a7,0x004A7000,0x004A842F,5167,0x004A7000-0x004A842F,sub_4A7000,,0x5410,game
42032fc2807f7dec6de1ed6efb9d18a70668a015f23e32d58149c9d9952bc0a7,0x004A8440,0x004A846E,46,0x004A8440-0x004A846E,sub_4A8440,,0x5410,game
42032fc2807f7dec6de1ed6efb9d18a70668a015f23e32d58149c9d9952bc0a7,0x004A84A0,0x004A9017,2935,0x004A84A0-0x004A9017,sub_4A84A0,,0x5410,game
42032fc2807f7dec6de1ed6efb9d18a70668a015f23e32d58149c9d9952bc0a7,0x004A9050,0x004A9F85,3893,0x004A9050-0x004A9F85,sub_4A9050,,0x5410,game
42032fc2807f7dec6de1ed6efb9d18a70668a015f23e32d58149c9d9952bc0a7,0x004A9F90,0x004AA0AF,287,0x004A9F90-0x004AA0AF,sub_4A9F90,,0x5400,game
42032fc2807f7dec6de1ed6efb9d18a70668a015f23e32d58149c9d9952bc0a7,0x004AA0B0,0x004AA921,2213,0x004AA0B0-0x004AA921;0x00659595-0x006595C9,sub_4AA0B0,,0x5410,game
42032fc2807f7dec6de1ed6efb9d18a70668a015f23e32d58149c9d9952bc0a7,0x004AA970,0x004AB54B,3035,0x004AA970-0x004AB54B,sub_4AA970,,0x5410,game
42032fc2807f7dec6de1ed6efb9d18a70668a015f23e32d58149c9d9952bc0a7,0x004AB550,0x004AB5F9,169,0x004AB550-0x004AB5F9,sub_4AB550,,0x5400,game
42032fc2807f7dec6de1ed6efb9d18a70668a015f23e32d58149c9d9952bc0a7,0x004AB600,0x004ABE24,2084,0x004AB600-0x004ABE24,sub_4AB600,,0x5410,game
42032fc2807f7dec6de1ed6efb9d18a70668a015f23e32d58149c9d9952bc0a7,0x004ABE70,0x004AC127,695,0x004ABE70-0x004AC127,sub_4ABE70,,0x5410,game
42032fc2807f7dec6de1ed6efb9d18a70668a015f23e32d58149c9d9952bc0a7,0x004AC130,0x004AC131,1,0x004AC130-0x004AC131,nullsub_181,,0x5440,game
42032fc2807f7dec6de1ed6efb9d18a70668a015f23e32d58149c9d9952bc0a7,0x004AC140,0x004AC977,2103,0x004AC140-0x004AC977,sub_4AC140,,0x5410,game
42032fc2807f7dec6de1ed6efb9d18a70668a015f23e32d58149c9d9952bc0a7,0x004AC9A0,0x004AC9EC,76,0x004AC9A0-0x004AC9EC,sub_4AC9A0,,0x5400,game
42032fc2807f7dec6de1ed6efb9d18a70668a015f23e32d58149c9d9952bc0a7,0x004AC9F0,0x004ACA3C,76,0x004AC9F0-0x004ACA3C,sub_4AC9F0,,0x5400,game
42032fc2807f7dec6de1ed6efb9d18a70668a015f23e32d58149c9d9952bc0a7,0x004ACA40,0x004ACA8C,76,0x004ACA40-0x004ACA8C,sub_4ACA40,,0x5400,game
42032fc2807f7dec6de1ed6efb9d18a70668a015f23e32d58149c9d9952bc0a7,0x004ACA90,0x004ACADC,76,0x004ACA90-0x004ACADC,sub_4ACA90,,0x5400,game
42032fc2807f7dec6de1ed6efb9d18a70668a015f23e32d58149c9d9952bc0a7,0x004ACAE0,0x004ACB2C,76,0x004ACAE0-0x004ACB2C,sub_4ACAE0,,0x5400,game
42032fc2807f7dec6de1ed6efb9d18a70668a015f23e32d58149c9d9952bc0a7,0x004ACB30,0x004ACB7C,76,0x004ACB30-0x004ACB7C,sub_4ACB30,,0x5400,game
42032fc2807f7dec6de1ed6efb9d18a70668a015f23e32d58149c9d9952bc0a7,0x004ACB80,0x004ACBCC,76,0x004ACB80-0x004ACBCC,sub_4ACB80,,0x5400,game
42032fc2807f7dec6de1ed6efb9d18a70668a015f23e32d58149c9d9952bc0a7,0x004ACBD0,0x004ACC29,89,0x004ACBD0-0x004ACC29,sub_4ACBD0,,0x5410,game
42032fc2807f7dec6de1ed6efb9d18a70668a015f23e32d58149c9d9952bc0a7,0x004ACC30,0x004ACD98,360,0x004ACC30-0x004ACD98,sub_4ACC30,,0x5410,game
42032fc2807f7dec6de1ed6efb9d18a70668a015f23e32d58149c9d9952bc0a7,0x004ACDA0,0x004AD16C,1520,0x004ACDA0-0x004AD16C;0x00658D50-0x00658F74,sub_4ACDA0,,0x5410,game
42032fc2807f7dec6de1ed6efb9d18a70668a015f23e32d58149c9d9952bc0a7,0x004AD170,0x004AD3AA,1006,0x004AD170-0x004AD3AA;0x00658F80-0x00659134,sub_4AD170,,0x5410,game
42032fc2807f7dec6de1ed6efb9d18a70668a015f23e32d58149c9d9952bc0a7,0x004AD3B0,0x004AD6A9,1191,0x004AD3B0-0x004AD6A9;0x00659140-0x006592EE,sub_4AD3B0,,0x5410,game
42032fc2807f7dec6de1ed6efb9d18a70668a015f23e32d58149c9d9952bc0a7,0x004AD6B0,0x004AD838,689,0x004AD6B0-0x004AD838;0x006592F0-0x00659419,sub_4AD6B0,,0x5410,game
42032fc2807f7dec6de1ed6efb9d18a70668a015f23e32d58149c9d9952bc0a7,0x004AD840,0x004AD861,33,0x004AD840-0x004AD861,sub_4AD840,"int __thiscall sub_4AD840(void *Block, char);",0x5410,game
42032fc2807f7dec6de1ed6efb9d18a70668a015f23e32d58149c9d9952bc0a7,0x004AD880,0x004AD9C0,380,0x004AD880-0x004AD9C0;0x006595D0-0x0065960C,sub_4AD880,,0x5410,game
42032fc2807f7dec6de1ed6efb9d18a70668a015f23e32d58149c9d9952bc0a7,0x004AD9C0,0x004ADA7B,187,0x004AD9C0-0x004ADA7B,sub_4AD9C0,,0x5410,game
42032fc2807f7dec6de1ed6efb9d18a70668a015f23e32d58149c9d9952bc0a7,0x004ADAD0,0x004ADAD5,5,0x004ADAD0-0x004ADAD5,sub_4ADAD0,,0x5400,game
42032fc2807f7dec6de1ed6efb9d18a70668a015f23e32d58149c9d9952bc0a7,0x004ADAE0,0x004ADAE5,5,0x004ADAE0-0x004ADAE5,sub_4ADAE0,,0x5400,game
42032fc2807f7dec6de1ed6efb9d18a70668a015f23e32d58149c9d9952bc0a7,0x004ADAF0,0x004ADB11,33,0x004ADAF0-0x004ADB11,sub_4ADAF0,,0x5410,game
42032fc2807f7dec6de1ed6efb9d18a70668a015f23e32d58149c9d9952bc0a7,0x004ADB20,0x004ADB66,70,0x004ADB20-0x004ADB66,sub_4ADB20,,0x5410,game
42032fc2807f7dec6de1ed6efb9d18a70668a015f23e32d58149c9d9952bc0a7,0x004ADB70,0x004AE336,2129,0x004ADB70-0x004AE336;0x0065960C-0x00659697,sub_4ADB70,"int __stdcall sub_4ADB70(char *String1, int);",0x5410,game
42032fc2807f7dec6de1ed6efb9d18a70668a015f23e32d58149c9d9952bc0a7,0x004AE340,0x004AE380,64,0x004AE340-0x004AE380,sub_4AE340,,0x5410,game
42032fc2807f7dec6de1ed6efb9d18a70668a015f23e32d58149c9d9952bc0a7,0x004AE380,0x004AE3DA,90,0x004AE380-0x004AE3DA,sub_4AE380,,0x5410,game
42032fc2807f7dec6de1ed6efb9d18a70668a015f23e32d58149c9d9952bc0a7,0x004AE3E0,0x004AE49D,189,0x004AE3E0-0x004AE49D,sub_4AE3E0,,0x5410,game
42032fc2807f7dec6de1ed6efb9d18a70668a015f23e32d58149c9d9952bc0a7,0x004AE4D0,0x004AE757,647,0x004AE4D0-0x004AE757,sub_4AE4D0,,0x5410,game
42032fc2807f7dec6de1ed6efb9d18a70668a015f23e32d58149c9d9952bc0a7,0x004AE760,0x004AE781,33,0x004AE760-0x004AE781,sub_4AE760,"int __thiscall sub_4AE760(void *Block, char);",0x5410,game
42032fc2807f7dec6de1ed6efb9d18a70668a015f23e32d58149c9d9952bc0a7,0x004AE790,0x004AE99E,611,0x004AE790-0x004AE99E;0x006596A0-0x006596F5,sub_4AE790,,0x5410,game
42032fc2807f7dec6de1ed6efb9d18a70668a015f23e32d58149c9d9952bc0a7,0x004AE9B0,0x004AE9C6,22,0x004AE9B0-0x004AE9C6,sub_4AE9B0,,0x5400,game
42032fc2807f7dec6de1ed6efb9d18a70668a015f23e32d58149c9d9952bc0a7,0x004AE9D0,0x004AE9DA,10,0x004AE9D0-0x004AE9DA,unknown_libname_260,void __cdecl unknown_libname_260();,0x5444,library
42032fc2807f7dec6de1ed6efb9d18a70668a015f23e32d58149c9d9952bc0a7,0x004AE9E0,0x004AEBE7,881,0x004AE9E0-0x004AEBE7;0x006598A0-0x00659A0A,sub_4AE9E0,,0x5410,game
42032fc2807f7dec6de1ed6efb9d18a70668a015f23e32d58149c9d9952bc0a7,0x004AEBF0,0x004AECD2,226,0x004AEBF0-0x004AECD2,sub_4AEBF0,,0x5410,game
42032fc2807f7dec6de1ed6efb9d18a70668a015f23e32d58149c9d9952bc0a7,0x004AECE0,0x004AEEF1,529,0x004AECE0-0x004AEEF1,sub_4AECE0,,0x5410,game
42032fc2807f7dec6de1ed6efb9d18a70668a015f23e32d58149c9d9952bc0a7,0x004AEF00,0x004AEF01,1,0x004AEF00-0x004AEF01,nullsub_182,,0x5440,game
42032fc2807f7dec6de1ed6efb9d18a70668a015f23e32d58149c9d9952bc0a7,0x004AEF10,0x004AF10C,508,0x004AEF10-0x004AF10C,sub_4AEF10,,0x5400,game
42032fc2807f7dec6de1ed6efb9d18a70668a015f23e32d58149c9d9952bc0a7,0x004AF110,0x004AF1D7,199,0x004AF110-0x004AF1D7,sub_4AF110,,0x5410,game
42032fc2807f7dec6de1ed6efb9d18a70668a015f23e32d58149c9d9952bc0a7,0x004AF1E0,0x004AF307,295,0x004AF1E0-0x004AF307,sub_4AF1E0,,0x5410,game
42032fc2807f7dec6de1ed6efb9d18a70668a015f23e32d58149c9d9952bc0a7,0x004AF310,0x004AF8BC,1452,0x004AF310-0x004AF8BC,sub_4AF310,,0x5410,game
42032fc2807f7dec6de1ed6efb9d18a70668a015f23e32d58149c9d9952bc0a7,0x004AF8C0,0x004AFB5D,669,0x004AF8C0-0x004AFB5D,sub_4AF8C0,,0x5410,game
42032fc2807f7dec6de1ed6efb9d18a70668a015f23e32d58149c9d9952bc0a7,0x004AFB60,0x004B0405,2213,0x004AFB60-0x004B0405,sub_4AFB60,,0x5410,game
42032fc2807f7dec6de1ed6efb9d18a70668a015f23e32d58149c9d9952bc0a7,0x004B0410,0x004B089A,1162,0x004B0410-0x004B089A,sub_4B0410,,0x5410,game
42032fc2807f7dec6de1ed6efb9d18a70668a015f23e32d58149c9d9952bc0a7,0x004B08A0,0x004B0AF2,594,0x004B08A0-0x004B0AF2,sub_4B08A0,,0x5410,game
42032fc2807f7dec6de1ed6efb9d18a70668a015f23e32d58149c9d9952bc0a7,0x004B0B00,0x004B0D42,578,0x004B0B00-0x004B0D42,sub_4B0B00,,0x5410,game
42032fc2807f7dec6de1ed6efb9d18a70668a015f23e32d58149c9d9952bc0a7,0x004B0D50,0x004B0F92,578,0x004B0D50-0x004B0F92,sub_4B0D50,,0x5410,game
42032fc2807f7dec6de1ed6efb9d18a70668a015f23e32d58149c9d9952bc0a7,0x004B1080,0x004B178F,1807,0x004B1080-0x004B178F,sub_4B1080,,0x5410,game
42032fc2807f7dec6de1ed6efb9d18a70668a015f23e32d58149c9d9952bc0a7,0x004B1790,0x004B1791,1,0x004B1790-0x004B1791,nullsub_183,,0x5440,game
42032fc2807f7dec6de1ed6efb9d18a70668a015f23e32d58149c9d9952bc0a7,0x004B17A0,0x004B1991,497,0x004B17A0-0x004B1991,sub_4B17A0,"int __stdcall sub_4B17A0(int, char *Str, int);",0x5410,game
42032fc2807f7dec6de1ed6efb9d18a70668a015f23e32d58149c9d9952bc0a7,0x004B19A0,0x004B1B19,377,0x004B19A0-0x004B1B19,sub_4B19A0,,0x5410,game
42032fc2807f7dec6de1ed6efb9d18a70668a015f23e32d58149c9d9952bc0a7,0x004B1B20,0x004B1B2D,13,0x004B1B20-0x004B1B2D,sub_4B1B20,,0x5400,game
42032fc2807f7dec6de1ed6efb9d18a70668a015f23e32d58149c9d9952bc0a7,0x004B1BC0,0x004B1CD1,273,0x004B1BC0-0x004B1CD1,sub_4B1BC0,,0x5410,game
42032fc2807f7dec6de1ed6efb9d18a70668a015f23e32d58149c9d9952bc0a7,0x004B1CE0,0x004B1D64,132,0x004B1CE0-0x004B1D64,sub_4B1CE0,,0x5410,game
42032fc2807f7dec6de1ed6efb9d18a70668a015f23e32d58149c9d9952bc0a7,0x004B1D70,0x004B1DF3,131,0x004B1D70-0x004B1DF3,sub_4B1D70,,0x5410,game
42032fc2807f7dec6de1ed6efb9d18a70668a015f23e32d58149c9d9952bc0a7,0x004B1E00,0x004B1E49,73,0x004B1E00-0x004B1E49,sub_4B1E00,,0x5410,game
42032fc2807f7dec6de1ed6efb9d18a70668a015f23e32d58149c9d9952bc0a7,0x004B1E80,0x004B1EB5,53,0x004B1E80-0x004B1EB5,sub_4B1E80,,0x5410,game
42032fc2807f7dec6de1ed6efb9d18a70668a015f23e32d58149c9d9952bc0a7,0x004B1EC0,0x004B1FB2,242,0x004B1EC0-0x004B1FB2,sub_4B1EC0,,0x5410,game
42032fc2807f7dec6de1ed6efb9d18a70668a015f23e32d58149c9d9952bc0a7,0x004B1FC0,0x004B1FEC,44,0x004B1FC0-0x004B1FEC,sub_4B1FC0,,0x5400,game
42032fc2807f7dec6de1ed6efb9d18a70668a015f23e32d58149c9d9952bc0a7,0x004B1FF0,0x004B211C,300,0x004B1FF0-0x004B211C,sub_4B1FF0,,0x5410,game
42032fc2807f7dec6de1ed6efb9d18a70668a015f23e32d58149c9d9952bc0a7,0x004B2120,0x004B2204,228,0x004B2120-0x004B2204,sub_4B2120,,0x5410,game
42032fc2807f7dec6de1ed6efb9d18a70668a015f23e32d58149c9d9952bc0a7,0x004B2210,0x004B221D,13,0x004B2210-0x004B221D,sub_4B2210,,0x5400,game
42032fc2807f7dec6de1ed6efb9d18a70668a015f23e32d58149c9d9952bc0a7,0x004B2220,0x004B23FA,474,0x004B2220-0x004B23FA,sub_4B2220,,0x5410,game
42032fc2807f7dec6de1ed6efb9d18a70668a015f23e32d58149c9d9952bc0a7,0x004B2400,0x004B2403,3,0x004B2400-0x004B2403,nullsub_184,,0x5440,game
42032fc2807f7dec6de1ed6efb9d18a70668a015f23e32d58149c9d9952bc0a7,0x004B2410,0x004B2413,3,0x004B2410-0x004B2413,nullsub_185,,0x5440,game
42032fc2807f7dec6de1ed6efb9d18a70668a015f23e32d58149c9d9952bc0a7,0x004B2420,0x004B242D,13,0x004B2420-0x004B242D,sub_4B2420,,0x5400,game
42032fc2807f7dec6de1ed6efb9d18a70668a015f23e32d58149c9d9952bc0a7,0x004B2430,0x004B243D,13,0x004B2430-0x004B243D,sub_4B2430,,0x5400,game
42032fc2807f7dec6de1ed6efb9d18a70668a015f23e32d58149c9d9952bc0a7,0x004B2440,0x004B2443,3,0x004B2440-0x004B2443,nullsub_186,,0x5440,game
42032fc2807f7dec6de1ed6efb9d18a70668a015f23e32d58149c9d9952bc0a7,0x004B2450,0x004B2453,3,0x004B2450-0x004B2453,nullsub_187,,0x5440,game
42032fc2807f7dec6de1ed6efb9d18a70668a015f23e32d58149c9d9952bc0a7,0x004B2460,0x004B2463,3,0x004B2460-0x004B2463,nullsub_188,,0x5440,game
42032fc2807f7dec6de1ed6efb9d18a70668a015f23e32d58149c9d9952bc0a7,0x004B2470,0x004B264E,478,0x004B2470-0x004B264E,sub_4B2470,,0x5410,game
42032fc2807f7dec6de1ed6efb9d18a70668a015f23e32d58149c9d9952bc0a7,0x004B2670,0x004B2673,3,0x004B2670-0x004B2673,nullsub_189,,0x5440,game
42032fc2807f7dec6de1ed6efb9d18a70668a015f23e32d58149c9d9952bc0a7,0x004B2680,0x004B2683,3,0x004B2680-0x004B2683,nullsub_190,,0x5440,game
42032fc2807f7dec6de1ed6efb9d18a70668a015f23e32d58149c9d9952bc0a7,0x004B2690,0x004B26AB,27,0x004B2690-0x004B26AB,sub_4B2690,,0x5400,game
42032fc2807f7dec6de1ed6efb9d18a70668a015f23e32d58149c9d9952bc0a7,0x004B26B0,0x004B26C9,25,0x004B26B0-0x004B26C9,sub_4B26B0,,0x5400,game
42032fc2807f7dec6de1ed6efb9d18a70668a015f23e32d58149c9d9952bc0a7,0x004B26D0,0x004B273C,108,0x004B26D0-0x004B273C,sub_4B26D0,,0x5400,game
42032fc2807f7dec6de1ed6efb9d18a70668a015f23e32d58149c9d9952bc0a7,0x004B2740,0x004B3C7D,5458,0x004B2740-0x004B3C7D;0x00659A0A-0x00659A1F,sub_4B2740,,0x5410,game
42032fc2807f7dec6de1ed6efb9d18a70668a015f23e32d58149c9d9952bc0a7,0x004B3C80,0x004B3EB7,943,0x004B3C80-0x004B3EB7;0x00659700-0x00659878,sub_4B3C80,,0x5410,game
42032fc2807f7dec6de1ed6efb9d18a70668a015f23e32d58149c9d9952bc0a7,0x004B3EC0,0x004B3F18,106,0x004B3EC0-0x004B3F18;0x00659880-0x00659892,sub_4B3EC0,void __thiscall sub_4B3EC0(void *);,0x5410,game
42032fc2807f7dec6de1ed6efb9d18a70668a015f23e32d58149c9d9952bc0a7,0x004B3F20,0x004B3F41,33,0x004B3F20-0x004B3F41,sub_4B3F20,"int __thiscall sub_4B3F20(void *Block, char);",0x5410,game
42032fc2807f7dec6de1ed6efb9d18a70668a015f23e32d58149c9d9952bc0a7,0x004B3F50,0x004B3F71,33,0x004B3F50-0x004B3F71,sub_4B3F50,"int __thiscall sub_4B3F50(void *Block, char);",0x5410,game
42032fc2807f7dec6de1ed6efb9d18a70668a015f23e32d58149c9d9952bc0a7,0x004B3FA0,0x004B3FB6,22,0x004B3FA0-0x004B3FB6,sub_4B3FA0,,0x5400,game
42032fc2807f7dec6de1ed6efb9d18a70668a015f23e32d58149c9d9952bc0a7,0x004B3FC0,0x004B3FCA,10,0x004B3FC0-0x004B3FCA,unknown_libname_261,void __cdecl unknown_libname_261();,0x5444,library
42032fc2807f7dec6de1ed6efb9d18a70668a015f23e32d58149c9d9952bc0a7,0x004B3FD0,0x004B43BF,1007,0x004B3FD0-0x004B43BF,sub_4B3FD0,"int __cdecl sub_4B3FD0(char *Destination, int, int);",0x5410,game
42032fc2807f7dec6de1ed6efb9d18a70668a015f23e32d58149c9d9952bc0a7,0x004B43C0,0x004B43DA,26,0x004B43C0-0x004B43DA,sub_4B43C0,,0x5410,game
42032fc2807f7dec6de1ed6efb9d18a70668a015f23e32d58149c9d9952bc0a7,0x004B43E0,0x004B496D,1421,0x004B43E0-0x004B496D,sub_4B43E0,"int __cdecl sub_4B43E0(char *Destination, int);",0x5410,game
42032fc2807f7dec6de1ed6efb9d18a70668a015f23e32d58149c9d9952bc0a7,0x004B4970,0x004B4986,22,0x004B4970-0x004B4986,sub_4B4970,,0x5410,game
42032fc2807f7dec6de1ed6efb9d18a70668a015f23e32d58149c9d9952bc0a7,0x004B4A20,0x004B4BE3,451,0x004B4A20-0x004B4BE3,sub_4B4A20,,0x5410,game
42032fc2807f7dec6de1ed6efb9d18a70668a015f23e32d58149c9d9952bc0a7,0x004B4BF0,0x004B4CC5,213,0x004B4BF0-0x004B4CC5,sub_4B4BF0,,0x5410,game
42032fc2807f7dec6de1ed6efb9d18a70668a015f23e32d58149c9d9952bc0a7,0x004B4CF0,0x004B652B,6203,0x004B4CF0-0x004B652B,sub_4B4CF0,"int __stdcall sub_4B4CF0(int Value, int y, int);",0x5410,game
42032fc2807f7dec6de1ed6efb9d18a70668a015f23e32d58149c9d9952bc0a7,0x004B6530,0x004B6569,57,0x004B6530-0x004B6569,sub_4B6530,,0x5400,game
42032fc2807f7dec6de1ed6efb9d18a70668a015f23e32d58149c9d9952bc0a7,0x004B6570,0x004B8825,8885,0x004B6570-0x004B8825,sub_4B6570,"int __stdcall sub_4B6570(int, int y, int, int Value, int x);",0x5410,game
42032fc2807f7dec6de1ed6efb9d18a70668a015f23e32d58149c9d9952bc0a7,0x004B8830,0x004B888A,90,0x004B8830-0x004B888A,sub_4B8830,"int __stdcall sub_4B8830(int, int y, int, int Value, int x);",0x5410,game
42032fc2807f7dec6de1ed6efb9d18a70668a015f23e32d58149c9d9952bc0a7,0x004B8890,0x004B896B,219,0x004B8890-0x004B896B,sub_4B8890,,0x5410,game
42032fc2807f7dec6de1ed6efb9d18a70668a015f23e32d58149c9d9952bc0a7,0x004B8970,0x004B898F,31,0x004B8970-0x004B898F,sub_4B8970,,0x5400,game
42032fc2807f7dec6de1ed6efb9d18a70668a015f23e32d58149c9d9952bc0a7,0x004B8990,0x004B89BE,46,0x004B8990-0x004B89BE,sub_4B8990,,0x5410,game
42032fc2807f7dec6de1ed6efb9d18a70668a015f23e32d58149c9d9952bc0a7,0x004B89C0,0x004B8BC5,517,0x004B89C0-0x004B8BC5,sub_4B89C0,,0x5410,game
42032fc2807f7dec6de1ed6efb9d18a70668a015f23e32d58149c9d9952bc0a7,0x004B8BD0,0x004B8DF0,544,0x004B8BD0-0x004B8DF0,sub_4B8BD0,,0x5410,game
42032fc2807f7dec6de1ed6efb9d18a70668a015f23e32d58149c9d9952bc0a7,0x004B8E40,0x004B8FD3,403,0x004B8E40-0x004B8FD3,sub_4B8E40,,0x5410,game
42032fc2807f7dec6de1ed6efb9d18a70668a015f23e32d58149c9d9952bc0a7,0x004B9010,0x004B9DF8,3858,0x004B9010-0x004B9DF8;0x00659AA0-0x00659BCA,sub_4B9010,,0x5410,game
42032fc2807f7dec6de1ed6efb9d18a70668a015f23e32d58149c9d9952bc0a7,0x004B9E90,0x004B9E9D,13,0x004B9E90-0x004B9E9D,sub_4B9E90,,0x5400,game
42032fc2807f7dec6de1ed6efb9d18a70668a015f23e32d58149c9d9952bc0a7,0x004B9EA0,0x004B9F7B,219,0x004B9EA0-0x004B9F7B,sub_4B9EA0,,0x5410,game
42032fc2807f7dec6de1ed6efb9d18a70668a015f23e32d58149c9d9952bc0a7,0x004B9F80,0x004B9F81,1,0x004B9F80-0x004B9F81,nullsub_8,,0x5440,game
42032fc2807f7dec6de1ed6efb9d18a70668a015f23e32d58149c9d9952bc0a7,0x004B9F90,0x004B9FB8,40,0x004B9F90-0x004B9FB8,sub_4B9F90,,0x5410,game
42032fc2807f7dec6de1ed6efb9d18a70668a015f23e32d58149c9d9952bc0a7,0x004B9FC0,0x004BA11E,350,0x004B9FC0-0x004BA11E,sub_4B9FC0,,0x5410,game
42032fc2807f7dec6de1ed6efb9d18a70668a015f23e32d58149c9d9952bc0a7,0x004BA120,0x004BA19C,187,0x004BA120-0x004BA19C;0x00659A20-0x00659A5F,sub_4BA120,,0x5410,game
42032fc2807f7dec6de1ed6efb9d18a70668a015f23e32d58149c9d9952bc0a7,0x004BA1A0,0x004BA217,182,0x004BA1A0-0x004BA217;0x00659A60-0x00659A9F,sub_4BA1A0,,0x5410,game
42032fc2807f7dec6de1ed6efb9d18a70668a015f23e32d58149c9d9952bc0a7,0x004BA220,0x004BA5B3,936,0x004BA220-0x004BA5B3;0x00659BD0-0x00659BE5,sub_4BA220,,0x5410,game
42032fc2807f7dec6de1ed6efb9d18a70668a015f23e32d58149c9d9952bc0a7,0x004BA5C0,0x004BA5D6,22,0x004BA5C0-0x004BA5D6,sub_4BA5C0,,0x5400,game
42032fc2807f7dec6de1ed6efb9d18a70668a015f23e32d58149c9d9952bc0a7,0x004BA5E0,0x004BA5EA,10,0x004BA5E0-0x004BA5EA,unknown_libname_263,void __cdecl unknown_libname_263();,0x5444,library
42032fc2807f7dec6de1ed6efb9d18a70668a015f23e32d58149c9d9952bc0a7,0x004BA5F0,0x004BA64E,94,0x004BA5F0-0x004BA64E,sub_4BA5F0,,0x5410,game
42032fc2807f7dec6de1ed6efb9d18a70668a015f23e32d58149c9d9952bc0a7,0x004BA650,0x004BA6AE,94,0x004BA650-0x004BA6AE,sub_4BA650,,0x5410,game
42032fc2807f7dec6de1ed6efb9d18a70668a015f23e32d58149c9d9952bc0a7,0x004BA6B0,0x004BA71E,110,0x004BA6B0-0x004BA71E,sub_4BA6B0,,0x5400,game
42032fc2807f7dec6de1ed6efb9d18a70668a015f23e32d58149c9d9952bc0a7,0x004BA720,0x004BA761,65,0x004BA720-0x004BA761,sub_4BA720,,0x5400,game
42032fc2807f7dec6de1ed6efb9d18a70668a015f23e32d58149c9d9952bc0a7,0x004BA770,0x004BA82E,190,0x004BA770-0x004BA82E,sub_4BA770,,0x5410,game
42032fc2807f7dec6de1ed6efb9d18a70668a015f23e32d58149c9d9952bc0a7,0x004BA870,0x004BA8EB,123,0x004BA870-0x004BA8EB,sub_4BA870,,0x5410,game
42032fc2807f7dec6de1ed6efb9d18a70668a015f23e32d58149c9d9952bc0a7,0x004BA8F0,0x004BA96B,123,0x004BA8F0-0x004BA96B,sub_4BA8F0,,0x5410,game
42032fc2807f7dec6de1ed6efb9d18a70668a015f23e32d58149c9d9952bc0a7,0x004BA970,0x004BA9EB,123,0x004BA970-0x004BA9EB,sub_4BA970,,0x5410,game
42032fc2807f7dec6de1ed6efb9d18a70668a015f23e32d58149c9d9952bc0a7,0x004BA9F0,0x004BAA6B,123,0x004BA9F0-0x004BAA6B,sub_4BA9F0,,0x5410,game
42032fc2807f7dec6de1ed6efb9d18a70668a015f23e32d58149c9d9952bc0a7,0x004BAA70,0x004BAF12,1186,0x004BAA70-0x004BAF12,sub_4BAA70,,0x5410,game
42032fc2807f7dec6de1ed6efb9d18a70668a015f23e32d58149c9d9952bc0a7,0x004BAF20,0x004BB373,1107,0x004BAF20-0x004BB373,sub_4BAF20,,0x5410,game
42032fc2807f7dec6de1ed6efb9d18a70668a015f23e32d58149c9d9952bc0a7,0x004BB380,0x004BB791,1041,0x004BB380-0x004BB791,sub_4BB380,,0x5410,game
42032fc2807f7dec6de1ed6efb9d18a70668a015f23e32d58149c9d9952bc0a7,0x004BB7A0,0x004BC591,3569,0x004BB7A0-0x004BC591,sub_4BB7A0,,0x5410,game
42032fc2807f7dec6de1ed6efb9d18a70668a015f23e32d58149c9d9952bc0a7,0x004BC5A0,0x004BC5E3,67,0x004BC5A0-0x004BC5E3,sub_4BC5A0,,0x5410,game
42032fc2807f7dec6de1ed6efb9d18a70668a015f23e32d58149c9d9952bc0a7,0x004BC5F0,0x004BC633,67,0x004BC5F0-0x004BC633,sub_4BC5F0,,0x5410,game
42032fc2807f7dec6de1ed6efb9d18a70668a015f23e32d58149c9d9952bc0a7,0x004BC640,0x004BC683,67,0x004BC640-0x004BC683,sub_4BC640,,0x5410,game
42032fc2807f7dec6de1ed6efb9d18a70668a015f23e32d58149c9d9952bc0a7,0x004BC690,0x004BC6D3,67,0x004BC690-0x004BC6D3,sub_4BC690,,0x5410,game
42032fc2807f7dec6de1ed6efb9d18a70668a015f23e32d58149c9d9952bc0a7,0x004BC6E0,0x004BDCBE,5598,0x004BC6E0-0x004BDCBE,sub_4BC6E0,,0x5410,game
42032fc2807f7dec6de1ed6efb9d18a70668a015f23e32d58149c9d9952bc0a7,0x004BDCC0,0x004BDDA2,226,0x004BDCC0-0x004BDDA2,sub_4BDCC0,,0x5410,game
42032fc2807f7dec6de1ed6efb9d18a70668a015f23e32d58149c9d9952bc0a7,0x004BDDB0,0x004BDDC5,21,0x004BDDB0-0x004BDDC5,sub_4BDDB0,,0x5400,game
42032fc2807f7dec6de1ed6efb9d18a70668a015f23e32d58149c9d9952bc0a7,0x004BDDE0,0x004BDE97,183,0x004BDDE0-0x004BDE97,sub_4BDDE0,,0x5400,game
42032fc2807f7dec6de1ed6efb9d18a70668a015f23e32d58149c9d9952bc0a7,0x004BDEA0,0x004BDF16,118,0x004BDEA0-0x004BDF16,sub_4BDEA0,,0x5400,game
42032fc2807f7dec6de1ed6efb9d18a70668a015f23e32d58149c9d9952bc0a7,0x004BDF20,0x004BDF66,70,0x004BDF20-0x004BDF66,sub_4BDF20,,0x5410,game
42032fc2807f7dec6de1ed6efb9d18a70668a015f23e32d58149c9d9952bc0a7,0x004BDF70,0x004BDFA0,48,0x004BDF70-0x004BDFA0,sub_4BDF70,,0x5410,game
42032fc2807f7dec6de1ed6efb9d18a70668a015f23e32d58149c9d9952bc0a7,0x004BDFA0,0x004BDFDD,61,0x004BDFA0-0x004BDFDD,sub_4BDFA0,,0x5410,game
42032fc2807f7dec6de1ed6efb9d18a70668a015f23e32d58149c9d9952bc0a7,0x004BDFE0,0x004BE643,1653,0x004BDFE0-0x004BE643;0x00659CE0-0x00659CF2,sub_4BDFE0,,0x5410,game
42032fc2807f7dec6de1ed6efb9d18a70668a015f23e32d58149c9d9952bc0a7,0x004BE650,0x004BE7C6,374,0x004BE650-0x004BE7C6,sub_4BE650,,0x5410,game
42032fc2807f7dec6de1ed6efb9d18a70668a015f23e32d58149c9d9952bc0a7,0x004BE7D0,0x004BE9EE,773,0x004BE7D0-0x004BE9EE;0x00659BF0-0x00659CD7,sub_4BE7D0,,0x5410,game
42032fc2807f7dec6de1ed6efb9d18a70668a015f23e32d58149c9d9952bc0a7,0x004BE9F0,0x004BEA11,33,0x004BE9F0-0x004BEA11,sub_4BE9F0,"int __thiscall sub_4BE9F0(void *Block, char);",0x5410,game
42032fc2807f7dec6de1ed6efb9d18a70668a015f23e32d58149c9d9952bc0a7,0x004BEA30,0x004BEA4C,28,0x004BEA30-0x004BEA4C,sub_4BEA30,,0x5400,game
42032fc2807f7dec6de1ed6efb9d18a70668a015f23e32d58149c9d9952bc0a7,0x004BEA50,0x004BEDB5,869,0x004BEA50-0x004BEDB5,sub_4BEA50,"int __thiscall sub_4BEA50(char *String1, char *Source, int, int, int);",0x5410,game
42032fc2807f7dec6de1ed6efb9d18a70668a015f23e32d58149c9d9952bc0a7,0x004BEE60,0x004BEEFD,157,0x004BEE60-0x004BEEFD,sub_4BEE60,"int __cdecl sub_4BEE60(int, int, int y, int);",0x5410,game
42032fc2807f7dec6de1ed6efb9d18a70668a015f23e32d58149c9d9952bc0a7,0x004BEF00,0x004BF380,1237,0x004BEF00-0x004BF380;0x00659D00-0x00659D55,sub_4BEF00,int __thiscall sub_4BEF00(char *String1);,0x5410,game
42032fc2807f7dec6de1ed6efb9d18a70668a015f23e32d58149c9d9952bc0a7,0x004BF380,0x004BF383,3,0x004BF380-0x004BF383,sub_4BF380,,0x5400,game
42032fc2807f7dec6de1ed6efb9d18a70668a015f23e32d58149c9d9952bc0a7,0x004BF390,0x004BF3FE,110,0x004BF390-0x004BF3FE,sub_4BF390,,0x5410,game
42032fc2807f7dec6de1ed6efb9d18a70668a015f23e32d58149c9d9952bc0a7,0x004BF400,0x004BF4A2,162,0x004BF400-0x004BF4A2,sub_4BF400,,0x5400,game
42032fc2807f7dec6de1ed6efb9d18a70668a015f23e32d58149c9d9952bc0a7,0x004BF4B0,0x004BF6D1,545,0x004BF4B0-0x004BF6D1,sub_4BF4B0,,0x5410,game
42032fc2807f7dec6de1ed6efb9d18a70668a015f23e32d58149c9d9952bc0a7,0x004BF6E0,0x004BF6F6,22,0x004BF6E0-0x004BF6F6,sub_4BF6E0,,0x5400,game
42032fc2807f7dec6de1ed6efb9d18a70668a015f23e32d58149c9d9952bc0a7,0x004BF700,0x004BF70A,10,0x004BF700-0x004BF70A,unknown_libname_264,void __cdecl unknown_libname_264();,0x5444,library
42032fc2807f7dec6de1ed6efb9d18a70668a015f23e32d58149c9d9952bc0a7,0x004BF710,0x004BF726,22,0x004BF710-0x004BF726,sub_4BF710,,0x5400,game
42032fc2807f7dec6de1ed6efb9d18a70668a015f23e32d58149c9d9952bc0a7,0x004BF730,0x004BF73A,10,0x004BF730-0x004BF73A,unknown_libname_265,void __cdecl unknown_libname_265();,0x5444,library
42032fc2807f7dec6de1ed6efb9d18a70668a015f23e32d58149c9d9952bc0a7,0x004BF740,0x004BF8C1,385,0x004BF740-0x004BF8C1,sub_4BF740,,0x5410,game
42032fc2807f7dec6de1ed6efb9d18a70668a015f23e32d58149c9d9952bc0a7,0x004BF8D0,0x004BFC67,919,0x004BF8D0-0x004BFC67,sub_4BF8D0,,0x5410,game
42032fc2807f7dec6de1ed6efb9d18a70668a015f23e32d58149c9d9952bc0a7,0x004BFC70,0x004BFDFA,394,0x004BFC70-0x004BFDFA,sub_4BFC70,,0x5410,game
42032fc2807f7dec6de1ed6efb9d18a70668a015f23e32d58149c9d9952bc0a7,0x004BFE00,0x004C0F24,4388,0x004BFE00-0x004C0F24,sub_4BFE00,,0x5410,game
42032fc2807f7dec6de1ed6efb9d18a70668a015f23e32d58149c9d9952bc0a7,0x004C0F50,0x004C1296,838,0x004C0F50-0x004C1296,sub_4C0F50,,0x5410,game
42032fc2807f7dec6de1ed6efb9d18a70668a015f23e32d58149c9d9952bc0a7,0x004C12A0,0x004C1732,1170,0x004C12A0-0x004C1732,sub_4C12A0,,0x5410,game
42032fc2807f7dec6de1ed6efb9d18a70668a015f23e32d58149c9d9952bc0a7,0x004C1B10,0x004C1CF7,487,0x004C1B10-0x004C1CF7,sub_4C1B10,,0x5410,game
42032fc2807f7dec6de1ed6efb9d18a70668a015f23e32d58149c9d9952bc0a7,0x004C1D00,0x004C1D01,1,0x004C1D00-0x004C1D01,nullsub_191,,0x5440,game
42032fc2807f7dec6de1ed6efb9d18a70668a015f23e32d58149c9d9952bc0a7,0x004C1D10,0x004C1D15,5,0x004C1D10-0x004C1D15,sub_4C1D10,,0x5480,thunk
42032fc2807f7dec6de1ed6efb9d18a70668a015f23e32d58149c9d9952bc0a7,0x004C1D20,0x004C202D,781,0x004C1D20-0x004C202D,sub_4C1D20,,0x5410,game
42032fc2807f7dec6de1ed6efb9d18a70668a015f23e32d58149c9d9952bc0a7,0x004C2030,0x004C2360,816,0x004C2030-0x004C2360,sub_4C2030,,0x5410,game
42032fc2807f7dec6de1ed6efb9d18a70668a015f23e32d58149c9d9952bc0a7,0x004C2470,0x004C2C87,2071,0x004C2470-0x004C2C87,sub_4C2470,,0x5410,game
42032fc2807f7dec6de1ed6efb9d18a70668a015f23e32d58149c9d9952bc0a7,0x004C2CF0,0x004C306A,890,0x004C2CF0-0x004C306A,sub_4C2CF0,,0x5410,game
42032fc2807f7dec6de1ed6efb9d18a70668a015f23e32d58149c9d9952bc0a7,0x004C3090,0x004C3795,1797,0x004C3090-0x004C3795,sub_4C3090,,0x5410,game
42032fc2807f7dec6de1ed6efb9d18a70668a015f23e32d58149c9d9952bc0a7,0x004C3800,0x004C3896,150,0x004C3800-0x004C3896,sub_4C3800,,0x5410,game
42032fc2807f7dec6de1ed6efb9d18a70668a015f23e32d58149c9d9952bc0a7,0x004C38A0,0x004C38A1,1,0x004C38A0-0x004C38A1,nullsub_192,,0x5440,game
42032fc2807f7dec6de1ed6efb9d18a70668a015f23e32d58149c9d9952bc0a7,0x004C38B0,0x004C38C6,22,0x004C38B0-0x004C38C6,sub_4C38B0,,0x5400,game
42032fc2807f7dec6de1ed6efb9d18a70668a015f23e32d58149c9d9952bc0a7,0x004C38D0,0x004C38DA,10,0x004C38D0-0x004C38DA,unknown_libname_266,void __cdecl unknown_libname_266();,0x5444,library
42032fc2807f7dec6de1ed6efb9d18a70668a015f23e32d58149c9d9952bc0a7,0x004C3950,0x004C398A,58,0x004C3950-0x004C398A,sub_4C3950,,0x5400,game
42032fc2807f7dec6de1ed6efb9d18a70668a015f23e32d58149c9d9952bc0a7,0x004C3990,0x004C39CB,59,0x004C3990-0x004C39CB,sub_4C3990,,0x5400,game
42032fc2807f7dec6de1ed6efb9d18a70668a015f23e32d58149c9d9952bc0a7,0x004C39D0,0x004C3A39,105,0x004C39D0-0x004C3A39,sub_4C39D0,,0x5400,game
42032fc2807f7dec6de1ed6efb9d18a70668a015f23e32d58149c9d9952bc0a7,0x004C3A40,0x004C3A6B,43,0x004C3A40-0x004C3A6B,sub_4C3A40,,0x5400,game
42032fc2807f7dec6de1ed6efb9d18a70668a015f23e32d58149c9d9952bc0a7,0x004C3A70,0x004C3AA9,57,0x004C3A70-0x004C3AA9,sub_4C3A70,,0x5400,game
42032fc2807f7dec6de1ed6efb9d18a70668a015f23e32d58149c9d9952bc0a7,0x004C3AB0,0x004C3D0C,625,0x004C3AB0-0x004C3D0C;0x00659E80-0x00659E95,sub_4C3AB0,,0x5410,game
42032fc2807f7dec6de1ed6efb9d18a70668a015f23e32d58149c9d9952bc0a7,0x004C3D40,0x004C3E48,264,0x004C3D40-0x004C3E48,sub_4C3D40,,0x5410,game
42032fc2807f7dec6de1ed6efb9d18a70668a015f23e32d58149c9d9952bc0a7,0x004C3E50,0x004C3E68,24,0x004C3E50-0x004C3E68,sub_4C3E50,,0x5410,game
42032fc2807f7dec6de1ed6efb9d18a70668a015f23e32d58149c9d9952bc0a7,0x004C3E70,0x004C3E88,24,0x004C3E70-0x004C3E88,sub_4C3E70,,0x5410,game
42032fc2807f7dec6de1ed6efb9d18a70668a015f23e32d58149c9d9952bc0a7,0x004C3E90,0x004C3E93,3,0x004C3E90-0x004C3E93,nullsub_193,,0x5440,game
42032fc2807f7dec6de1ed6efb9d18a70668a015f23e32d58149c9d9952bc0a7,0x004C3EA0,0x004C3EB3,19,0x004C3EA0-0x004C3EB3,sub_4C3EA0,,0x5400,game
42032fc2807f7dec6de1ed6efb9d18a70668a015f23e32d58149c9d9952bc0a7,0x004C3EC0,0x004C4227,871,0x004C3EC0-0x004C4227,sub_4C3EC0,,0x5400,game
42032fc2807f7dec6de1ed6efb9d18a70668a015f23e32d58149c9d9952bc0a7,0x004C43F0,0x004C44D3,227,0x004C43F0-0x004C44D3,sub_4C43F0,,0x5410,game
42032fc2807f7dec6de1ed6efb9d18a70668a015f23e32d58149c9d9952bc0a7,0x004C44E0,0x004C45D2,242,0x004C44E0-0x004C45D2,sub_4C44E0,,0x5410,game
42032fc2807f7dec6de1ed6efb9d18a70668a015f23e32d58149c9d9952bc0a7,0x004C45E0,0x004C45E1,1,0x004C45E0-0x004C45E1,nullsub_9,,0x5440,game
42032fc2807f7dec6de1ed6efb9d18a70668a015f23e32d58149c9d9952bc0a7,0x004C45F0,0x004C4603,19,0x004C45F0-0x004C4603,sub_4C45F0,,0x5400,game
42032fc2807f7dec6de1ed6efb9d18a70668a015f23e32d58149c9d9952bc0a7,0x004C4630,0x004C47E7,439,0x004C4630-0x004C47E7,sub_4C4630,,0x5410,game
42032fc2807f7dec6de1ed6efb9d18a70668a015f23e32d58149c9d9952bc0a7,0x004C49A0,0x004C4A66,198,0x004C49A0-0x004C4A66,sub_4C49A0,,0x5410,game
42032fc2807f7dec6de1ed6efb9d18a70668a015f23e32d58149c9d9952bc0a7,0x004C4A70,0x004C4BEC,608,0x004C4A70-0x004C4BEC;0x00659D60-0x00659E44,sub_4C4A70,,0x5410,game
42032fc2807f7dec6de1ed6efb9d18a70668a015f23e32d58149c9d9952bc0a7,0x004C4BF0,0x004C4C67,165,0x004C4BF0-0x004C4C67;0x00659E50-0x00659E7E,sub_4C4BF0,,0x5410,game
42032fc2807f7dec6de1ed6efb9d18a70668a015f23e32d58149c9d9952bc0a7,0x004C4C70,0x004C4C91,33,0x004C4C70-0x004C4C91,sub_4C4C70,"int __thiscall sub_4C4C70(void *Block, char);",0x5410,game
42032fc2807f7dec6de1ed6efb9d18a70668a015f23e32d58149c9d9952bc0a7,0x004C4DD0,0x004C4E5E,179,0x004C4DB0-0x004C4DC3;0x004C4DD0-0x004C4E5E;0x00659EA0-0x00659EB2,sub_4C4DD0,,0x5410,game
42032fc2807f7dec6de1ed6efb9d18a70668a015f23e32d58149c9d9952bc0a7,0x004C4E60,0x004C4EC6,139,0x004C4DB0-0x004C4DC3;0x004C4E60-0x004C4EC6;0x00659EB2-0x00659EC4,sub_4C4E60,,0x5410,game
42032fc2807f7dec6de1ed6efb9d18a70668a015f23e32d58149c9d9952bc0a7,0x004C4ED0,0x004C4F07,55,0x004C4ED0-0x004C4F07,sub_4C4ED0,,0x5410,game
42032fc2807f7dec6de1ed6efb9d18a70668a015f23e32d58149c9d9952bc0a7,0x004C4F10,0x004C4F37,39,0x004C4F10-0x004C4F37,sub_4C4F10,,0x5400,game
42032fc2807f7dec6de1ed6efb9d18a70668a015f23e32d58149c9d9952bc0a7,0x004C4F40,0x004C4F7D,61,0x004C4F40-0x004C4F7D,sub_4C4F40,,0x5410,game
42032fc2807f7dec6de1ed6efb9d18a70668a015f23e32d58149c9d9952bc0a7,0x004C4F80,0x004C4FB3,51,0x004C4F80-0x004C4FB3,sub_4C4F80,,0x5400,game
42032fc2807f7dec6de1ed6efb9d18a70668a015f23e32d58149c9d9952bc0a7,0x004C4FC0,0x004C4FCD,13,0x004C4FC0-0x004C4FCD,sub_4C4FC0,,0x5400,game
42032fc2807f7dec6de1ed6efb9d18a70668a015f23e32d58149c9d9952bc0a7,0x004C4FD0,0x004C4FDD,13,0x004C4FD0-0x004C4FDD,sub_4C4FD0,,0x5400,game
42032fc2807f7dec6de1ed6efb9d18a70668a015f23e32d58149c9d9952bc0a7,0x004C4FE0,0x004C4FED,13,0x004C4FE0-0x004C4FED,sub_4C4FE0,,0x5400,game
42032fc2807f7dec6de1ed6efb9d18a70668a015f23e32d58149c9d9952bc0a7,0x004C4FF0,0x004C4FFF,15,0x004C4FF0-0x004C4FFF,sub_4C4FF0,,0x5400,game
42032fc2807f7dec6de1ed6efb9d18a70668a015f23e32d58149c9d9952bc0a7,0x004C5000,0x004C5020,32,0x004C5000-0x004C5020,sub_4C5000,,0x5410,game
42032fc2807f7dec6de1ed6efb9d18a70668a015f23e32d58149c9d9952bc0a7,0x004C5020,0x004C502F,15,0x004C5020-0x004C502F,sub_4C5020,,0x5400,game
42032fc2807f7dec6de1ed6efb9d18a70668a015f23e32d58149c9d9952bc0a7,0x004C5030,0x004C50EF,191,0x004C5030-0x004C50EF,sub_4C5030,,0x5410,game
42032fc2807f7dec6de1ed6efb9d18a70668a015f23e32d58149c9d9952bc0a7,0x004C50F0,0x004C5111,33,0x004C50F0-0x004C5111,sub_4C50F0,,0x5410,game
42032fc2807f7dec6de1ed6efb9d18a70668a015f23e32d58149c9d9952bc0a7,0x004C5120,0x004C5137,23,0x004C5120-0x004C5137,sub_4C5120,,0x5410,game
42032fc2807f7dec6de1ed6efb9d18a70668a015f23e32d58149c9d9952bc0a7,0x004C5140,0x004C514F,15,0x004C5140-0x004C514F,sub_4C5140,,0x5400,game
42032fc2807f7dec6de1ed6efb9d18a70668a015f23e32d58149c9d9952bc0a7,0x004C5150,0x004C5167,23,0x004C5150-0x004C5167,sub_4C5150,,0x5410,game
42032fc2807f7dec6de1ed6efb9d18a70668a015f23e32d58149c9d9952bc0a7,0x004C5170,0x004C5173,3,0x004C5170-0x004C5173,sub_4C5170,,0x5400,game
42032fc2807f7dec6de1ed6efb9d18a70668a015f23e32d58149c9d9952bc0a7,0x004C5180,0x004C5183,3,0x004C5180-0x004C5183,nullsub_194,,0x5440,game
42032fc2807f7dec6de1ed6efb9d18a70668a015f23e32d58149c9d9952bc0a7,0x004C5190,0x004C519F,15,0x004C5190-0x004C519F,sub_4C5190,,0x5400,game
42032fc2807f7dec6de1ed6efb9d18a70668a015f23e32d58149c9d9952bc0a7,0x004C51A0,0x004C51A5,5,0x004C51A0-0x004C51A5,sub_4C51A0,,0x5400,game
42032fc2807f7dec6de1ed6efb9d18a70668a015f23e32d58149c9d9952bc0a7,0x004C51B0,0x004C51B3,3,0x004C51B0-0x004C51B3,sub_4C51B0,,0x5400,game
42032fc2807f7dec6de1ed6efb9d18a70668a015f23e32d58149c9d9952bc0a7,0x004C51C0,0x004C51CF,15,0x004C51C0-0x004C51CF,sub_4C51C0,,0x5400,game
42032fc2807f7dec6de1ed6efb9d18a70668a015f23e32d58149c9d9952bc0a7,0x004C51D0,0x004C51DF,15,0x004C51D0-0x004C51DF,sub_4C51D0,,0x5400,game
42032fc2807f7dec6de1ed6efb9d18a70668a015f23e32d58149c9d9952bc0a7,0x004C51E0,0x004C51F2,18,0x004C51E0-0x004C51F2,sub_4C51E0,,0x5400,game
42032fc2807f7dec6de1ed6efb9d18a70668a015f23e32d58149c9d9952bc0a7,0x004C5200,0x004C5220,32,0x004C5200-0x004C5220,sub_4C5200,,0x5410,game
42032fc2807f7dec6de1ed6efb9d18a70668a015f23e32d58149c9d9952bc0a7,0x004C5220,0x004C5232,18,0x004C5220-0x004C5232,sub_4C5220,,0x5400,game
42032fc2807f7dec6de1ed6efb9d18a70668a015f23e32d58149c9d9952bc0a7,0x004C5240,0x004C5277,55,0x004C5240-0x004C5277,sub_4C5240,,0x5410,game
42032fc2807f7dec6de1ed6efb9d18a70668a015f23e32d58149c9d9952bc0a7,0x004C5280,0x004C531C,156,0x004C5280-0x004C531C,sub_4C5280,,0x5410,game
42032fc2807f7dec6de1ed6efb9d18a70668a015f23e32d58149c9d9952bc0a7,0x004C5320,0x004C537F,95,0x004C5320-0x004C537F,sub_4C5320,,0x5410,game
42032fc2807f7dec6de1ed6efb9d18a70668a015f23e32d58149c9d9952bc0a7,0x004C5380,0x004C539C,28,0x004C5380-0x004C539C,sub_4C5380,,0x5410,game
42032fc2807f7dec6de1ed6efb9d18a70668a015f23e32d58149c9d9952bc0a7,0x004C53A0,0x004C5400,96,0x004C53A0-0x004C5400,sub_4C53A0,,0x5410,game
42032fc2807f7dec6de1ed6efb9d18a70668a015f23e32d58149c9d9952bc0a7,0x004C5400,0x004C545D,93,0x004C5400-0x004C545D,sub_4C5400,,0x5410,game
42032fc2807f7dec6de1ed6efb9d18a70668a015f23e32d58149c9d9952bc0a7,0x004C5460,0x004C5481,33,0x004C5460-0x004C5481,sub_4C5460,,0x5410,game
42032fc2807f7dec6de1ed6efb9d18a70668a015f23e32d58149c9d9952bc0a7,0x004C5490,0x004C54AB,27,0x004C5490-0x004C54AB,sub_4C5490,void __thiscall sub_4C5490(void *);,0x5400,game
42032fc2807f7dec6de1ed6efb9d18a70668a015f23e32d58149c9d9952bc0a7,0x004C54B0,0x004C54BF,15,0x004C54B0-0x004C54BF,sub_4C54B0,,0x5400,game
42032fc2807f7dec6de1ed6efb9d18a70668a015f23e32d58149c9d9952bc0a7,0x004C54C0,0x004C54E0,32,0x004C54C0-0x004C54E0,sub_4C54C0,,0x5410,game
42032fc2807f7dec6de1ed6efb9d18a70668a015f23e32d58149c9d9952bc0a7,0x004C54E0,0x004C5500,32,0x004C54E0-0x004C5500,sub_4C54E0,,0x5410,game
42032fc2807f7dec6de1ed6efb9d18a70668a015f23e32d58149c9d9952bc0a7,0x004C5500,0x004C5523,35,0x004C5500-0x004C5523,sub_4C5500,,0x5410,game
42032fc2807f7dec6de1ed6efb9d18a70668a015f23e32d58149c9d9952bc0a7,0x004C5530,0x004C5542,18,0x004C5530-0x004C5542,sub_4C5530,,0x5400,game
42032fc2807f7dec6de1ed6efb9d18a70668a015f23e32d58149c9d9952bc0a7,0x004C5550,0x004C557B,43,0x004C5550-0x004C557B,sub_4C5550,,0x5410,game
42032fc2807f7dec6de1ed6efb9d18a70668a015f23e32d58149c9d9952bc0a7,0x004C5580,0x004C55AB,43,0x004C5580-0x004C55AB,sub_4C5580,,0x5410,game
42032fc2807f7dec6de1ed6efb9d18a70668a015f23e32d58149c9d9952bc0a7,0x004C55B0,0x004C55D3,35,0x004C55B0-0x004C55D3,sub_4C55B0,,0x5410,game
42032fc2807f7dec6de1ed6efb9d18a70668a015f23e32d58149c9d9952bc0a7,0x004C55E0,0x004C5603,35,0x004C55E0-0x004C5603,sub_4C55E0,,0x5410,game
42032fc2807f7dec6de1ed6efb9d18a70668a015f23e32d58149c9d9952bc0a7,0x004C5610,0x004C5633,35,0x004C5610-0x004C5633,sub_4C5610,,0x5410,game
42032fc2807f7dec6de1ed6efb9d18a70668a015f23e32d58149c9d9952bc0a7,0x004C5640,0x004C5663,35,0x004C5640-0x004C5663,sub_4C5640,,0x5410,game
42032fc2807f7dec6de1ed6efb9d18a70668a015f23e32d58149c9d9952bc0a7,0x004C5670,0x004C5693,35,0x004C5670-0x004C5693,sub_4C5670,,0x5410,game
42032fc2807f7dec6de1ed6efb9d18a70668a015f23e32d58149c9d9952bc0a7,0x004C56A0,0x004C56C3,35,0x004C56A0-0x004C56C3,sub_4C56A0,,0x5410,game
42032fc2807f7dec6de1ed6efb9d18a70668a015f23e32d58149c9d9952bc0a7,0x004C56D0,0x004C5707,55,0x004C56D0-0x004C5707,sub_4C56D0,,0x5410,game
42032fc2807f7dec6de1ed6efb9d18a70668a015f23e32d58149c9d9952bc0a7,0x004C5710,0x004C5737,39,0x004C5710-0x004C5737,sub_4C5710,,0x5400,game
42032fc2807f7dec6de1ed6efb9d18a70668a015f23e32d58149c9d9952bc0a7,0x004C5740,0x004C577C,60,0x004C5740-0x004C577C,sub_4C5740,,0x5400,game
42032fc2807f7dec6de1ed6efb9d18a70668a015f23e32d58149c9d9952bc0a7,0x004C57A0,0x004C57E4,68,0x004C57A0-0x004C57E4,sub_4C57A0,,0x5410,game
42032fc2807f7dec6de1ed6efb9d18a70668a015f23e32d58149c9d9952bc0a7,0x004C57F0,0x004C5823,51,0x004C57F0-0x004C5823,sub_4C57F0,,0x5400,game
42032fc2807f7dec6de1ed6efb9d18a70668a015f23e32d58149c9d9952bc0a7,0x004C5830,0x004C5833,3,0x004C5830-0x004C5833,sub_4C5830,,0x5400,game
42032fc2807f7dec6de1ed6efb9d18a70668a015f23e32d58149c9d9952bc0a7,0x004C5840,0x004C5845,5,0x004C5840-0x004C5845,sub_4C5840,,0x5400,game
42032fc2807f7dec6de1ed6efb9d18a70668a015f23e32d58149c9d9952bc0a7,0x004C5850,0x004C5855,5,0x004C5850-0x004C5855,sub_4C5850,,0x5400,game
42032fc2807f7dec6de1ed6efb9d18a70668a015f23e32d58149c9d9952bc0a7,0x004C5860,0x004C5863,3,0x004C5860-0x004C5863,nullsub_195,,0x5440,game
42032fc2807f7dec6de1ed6efb9d18a70668a015f23e32d58149c9d9952bc0a7,0x004C5870,0x004C5873,3,0x004C5870-0x004C5873,sub_4C5870,,0x5400,game
42032fc2807f7dec6de1ed6efb9d18a70668a015f23e32d58149c9d9952bc0a7,0x004C5880,0x004C5883,3,0x004C5880-0x004C5883,nullsub_196,,0x5440,game
42032fc2807f7dec6de1ed6efb9d18a70668a015f23e32d58149c9d9952bc0a7,0x004C5890,0x004C5895,5,0x004C5890-0x004C5895,sub_4C5890,,0x5400,game
42032fc2807f7dec6de1ed6efb9d18a70668a015f23e32d58149c9d9952bc0a7,0x004C58A0,0x004C58A3,3,0x004C58A0-0x004C58A3,sub_4C58A0,,0x5400,game
42032fc2807f7dec6de1ed6efb9d18a70668a015f23e32d58149c9d9952bc0a7,0x004C58B0,0x004C58B1,1,0x004C58B0-0x004C58B1,nullsub_197,,0x5440,game
42032fc2807f7dec6de1ed6efb9d18a70668a015f23e32d58149c9d9952bc0a7,0x004C58C0,0x004C58C3,3,0x004C58C0-0x004C58C3,nullsub_198,,0x5440,game
42032fc2807f7dec6de1ed6efb9d18a70668a015f23e32d58149c9d9952bc0a7,0x004C58D0,0x004C58D3,3,0x004C58D0-0x004C58D3,sub_4C58D0,,0x5400,game
42032fc2807f7dec6de1ed6efb9d18a70668a015f23e32d58149c9d9952bc0a7,0x004C58E0,0x004C58E1,1,0x004C58E0-0x004C58E1,nullsub_199,,0x5440,game
42032fc2807f7dec6de1ed6efb9d18a70668a015f23e32d58149c9d9952bc0a7,0x004C58F0,0x004C58F1,1,0x004C58F0-0x004C58F1,nullsub_200,,0x5440,game
42032fc2807f7dec6de1ed6efb9d18a70668a015f23e32d58149c9d9952bc0a7,0x004C5900,0x004C590F,15,0x004C5900-0x004C590F,sub_4C5900,,0x5400,game
42032fc2807f7dec6de1ed6efb9d18a70668a015f23e32d58149c9d9952bc0a7,0x004C5910,0x004C591F,15,0x004C5910-0x004C591F,sub_4C5910,,0x5400,game
42032fc2807f7dec6de1ed6efb9d18a70668a015f23e32d58149c9d9952bc0a7,0x004C5920,0x004C5932,18,0x004C5920-0x004C5932,sub_4C5920,,0x5400,game
42032fc2807f7dec6de1ed6efb9d18a70668a015f23e32d58149c9d9952bc0a7,0x004C5940,0x004C597C,60,0x004C5940-0x004C597C,sub_4C5940,,0x5400,game
42032fc2807f7dec6de1ed6efb9d18a70668a015f23e32d58149c9d9952bc0a7,0x004C59A0,0x004C59D7,55,0x004C59A0-0x004C59D7,sub_4C59A0,,0x5410,game
42032fc2807f7dec6de1ed6efb9d18a70668a015f23e32d58149c9d9952bc0a7,0x004C59E0,0x004C5A07,39,0x004C59E0-0x004C5A07,sub_4C59E0,,0x5400,game
42032fc2807f7dec6de1ed6efb9d18a70668a015f23e32d58149c9d9952bc0a7,0x004C5A10,0x004C5A4D,61,0x004C5A10-0x004C5A4D,sub_4C5A10,,0x5410,game
42032fc2807f7dec6de1ed6efb9d18a70668a015f23e32d58149c9d9952bc0a7,0x004C5A50,0x004C5A71,33,0x004C5A50-0x004C5A71,sub_4C5A50,,0x5400,game
42032fc2807f7dec6de1ed6efb9d18a70668a015f23e32d58149c9d9952bc0a7,0x004C5A80,0x004C5AA0,32,0x004C5A80-0x004C5AA0,sub_4C5A80,,0x5410,game
42032fc2807f7dec6de1ed6efb9d18a70668a015f23e32d58149c9d9952bc0a7,0x004C5AA0,0x004C5AC0,32,0x004C5AA0-0x004C5AC0,sub_4C5AA0,,0x5410,game
42032fc2807f7dec6de1ed6efb9d18a70668a015f23e32d58149c9d9952bc0a7,0x004C5AC0,0x004C5AC3,3,0x004C5AC0-0x004C5AC3,sub_4C5AC0,,0x5400,game
42032fc2807f7dec6de1ed6efb9d18a70668a015f23e32d58149c9d9952bc0a7,0x004C5AD0,0x004C5AD5,5,0x004C5AD0-0x004C5AD5,sub_4C5AD0,,0x5400,game
42032fc2807f7dec6de1ed6efb9d18a70668a015f23e32d58149c9d9952bc0a7,0x004C5AE0,0x004C5AE5,5,0x004C5AE0-0x004C5AE5,sub_4C5AE0,,0x5400,game
42032fc2807f7dec6de1ed6efb9d18a70668a015f23e32d58149c9d9952bc0a7,0x004C5AF0,0x004C5AF5,5,0x004C5AF0-0x004C5AF5,sub_4C5AF0,,0x5400,game
42032fc2807f7dec6de1ed6efb9d18a70668a015f23e32d58149c9d9952bc0a7,0x004C5B00,0x004C5B03,3,0x004C5B00-0x004C5B03,sub_4C5B00,,0x5400,game
42032fc2807f7dec6de1ed6efb9d18a70668a015f23e32d58149c9d9952bc0a7,0x004C5B10,0x004C5B11,1,0x004C5B10-0x004C5B11,nullsub_201,,0x5440,game
42032fc2807f7dec6de1ed6efb9d18a70668a015f23e32d58149c9d9952bc0a7,0x004C5B20,0x004C5B23,3,0x004C5B20-0x004C5B23,nullsub_202,,0x5440,game
42032fc2807f7dec6de1ed6efb9d18a70668a015f23e32d58149c9d9952bc0a7,0x004C5B30,0x004C5B33,3,0x004C5B30-0x004C5B33,sub_4C5B30,,0x5400,game
42032fc2807f7dec6de1ed6efb9d18a70668a015f23e32d58149c9d9952bc0a7,0x004C5B40,0x004C5B41,1,0x004C5B40-0x004C5B41,nullsub_203,,0x5440,game
42032fc2807f7dec6de1ed6efb9d18a70668a015f23e32d58149c9d9952bc0a7,0x004C5B50,0x004C5B51,1,0x004C5B50-0x004C5B51,nullsub_204,,0x5440,game
42032fc2807f7dec6de1ed6efb9d18a70668a015f23e32d58149c9d9952bc0a7,0x004C5B60,0x004C5B6F,15,0x004C5B60-0x004C5B6F,sub_4C5B60,,0x5400,game
42032fc2807f7dec6de1ed6efb9d18a70668a015f23e32d58149c9d9952bc0a7,0x004C5B70,0x004C5B7F,15,0x004C5B70-0x004C5B7F,sub_4C5B70,,0x5400,game
42032fc2807f7dec6de1ed6efb9d18a70668a015f23e32d58149c9d9952bc0a7,0x004C5B80,0x004C5BEF,111,0x004C5B80-0x004C5BEF,sub_4C5B80,void __thiscall sub_4C5B80(void *);,0x5400,game
42032fc2807f7dec6de1ed6efb9d18a70668a015f23e32d58149c9d9952bc0a7,0x004C5BF0,0x004C5C4A,90,0x004C5BF0-0x004C5C4A,sub_4C5BF0,,0x5410,game
42032fc2807f7dec6de1ed6efb9d18a70668a015f23e32d58149c9d9952bc0a7,0x004C5C50,0x004C5C66,22,0x004C5C50-0x004C5C66,sub_4C5C50,,0x5400,game
42032fc2807f7dec6de1ed6efb9d18a70668a015f23e32d58149c9d9952bc0a7,0x004C5C70,0x004C5C7A,10,0x004C5C70-0x004C5C7A,unknown_libname_268,void __cdecl unknown_libname_268();,0x5444,library
42032fc2807f7dec6de1ed6efb9d18a70668a015f23e32d58149c9d9952bc0a7,0x004C5C80,0x004C5C96,22,0x004C5C80-0x004C5C96,sub_4C5C80,,0x5400,game
42032fc2807f7dec6de1ed6efb9d18a70668a015f23e32d58149c9d9952bc0a7,0x004C5CA0,0x004C5CAA,29,0x004C5780-0x004C5793;0x004C5CA0-0x004C5CAA,unknown_libname_269,void __cdecl unknown_libname_269();,0x5444,library
42032fc2807f7dec6de1ed6efb9d18a70668a015f23e32d58149c9d9952bc0a7,0x004C5CB0,0x004C5CC6,22,0x004C5CB0-0x004C5CC6,sub_4C5CB0,,0x5400,game
42032fc2807f7dec6de1ed6efb9d18a70668a015f23e32d58149c9d9952bc0a7,0x004C5CD0,0x004C5CDA,29,0x004C5980-0x004C5993;0x004C5CD0-0x004C5CDA,unknown_libname_270,void __cdecl unknown_libname_270();,0x5444,library
42032fc2807f7dec6de1ed6efb9d18a70668a015f23e32d58149c9d9952bc0a7,0x004C5CE0,0x004C5D8E,174,0x004C5CE0-0x004C5D8E,sub_4C5CE0,,0x5410,game
42032fc2807f7dec6de1ed6efb9d18a70668a015f23e32d58149c9d9952bc0a7,0x004C5D90,0x004C5E42,178,0x004C5D90-0x004C5E42,sub_4C5D90,,0x5400,game
42032fc2807f7dec6de1ed6efb9d18a70668a015f23e32d58149c9d9952bc0a7,0x004C5E50,0x004C5F68,280,0x004C5E50-0x004C5F68,sub_4C5E50,,0x5400,game
42032fc2807f7dec6de1ed6efb9d18a70668a015f23e32d58149c9d9952bc0a7,0x004C5FE0,0x004C5FF2,18,0x004C5FE0-0x004C5FF2,sub_4C5FE0,,0x5400,game
42032fc2807f7dec6de1ed6efb9d18a70668a015f23e32d58149c9d9952bc0a7,0x004C6080,0x004C611A,172,0x004C6080-0x004C611A;0x00659ED0-0x00659EE2,sub_4C6080,,0x5410,game
42032fc2807f7dec6de1ed6efb9d18a70668a015f23e32d58149c9d9952bc0a7,0x004C6120,0x004C61D4,198,0x004C6120-0x004C61D4;0x00659EE2-0x00659EF4,sub_4C6120,,0x5410,game
42032fc2807f7dec6de1ed6efb9d18a70668a015f23e32d58149c9d9952bc0a7,0x004C61E0,0x004C6260,128,0x004C61E0-0x004C6260,sub_4C61E0,,0x5410,game
42032fc2807f7dec6de1ed6efb9d18a70668a015f23e32d58149c9d9952bc0a7,0x004C6280,0x004C6361,225,0x004C6280-0x004C6361,sub_4C6280,int __stdcall sub_4C6280(char *Source);,0x5410,game
42032fc2807f7dec6de1ed6efb9d18a70668a015f23e32d58149c9d9952bc0a7,0x004C6370,0x004C63C1,81,0x004C6370-0x004C63C1,sub_4C6370,,0x5400,game
42032fc2807f7dec6de1ed6efb9d18a70668a015f23e32d58149c9d9952bc0a7,0x004C63D0,0x004C642C,92,0x004C63D0-0x004C642C,sub_4C63D0,,0x5400,game
42032fc2807f7dec6de1ed6efb9d18a70668a015f23e32d58149c9d9952bc0a7,0x004C6430,0x004C6438,8,0x004C6430-0x004C6438,sub_4C6430,,0x5400,game
42032fc2807f7dec6de1ed6efb9d18a70668a015f23e32d58149c9d9952bc0a7,0x004C6440,0x004C6472,50,0x004C6440-0x004C6472,sub_4C6440,,0x5400,game
42032fc2807f7dec6de1ed6efb9d18a70668a015f23e32d58149c9d9952bc0a7,0x004C6480,0x004C6492,18,0x004C6480-0x004C6492,sub_4C6480,,0x5400,game
42032fc2807f7dec6de1ed6efb9d18a70668a015f23e32d58149c9d9952bc0a7,0x004C64A0,0x004C64BC,28,0x004C64A0-0x004C64BC,sub_4C64A0,,0x5410,game
42032fc2807f7dec6de1ed6efb9d18a70668a015f23e32d58149c9d9952bc0a7,0x004C64C0,0x004C64CF,15,0x004C64C0-0x004C64CF,sub_4C64C0,,0x5400,game
42032fc2807f7dec6de1ed6efb9d18a70668a015f23e32d58149c9d9952bc0a7,0x004C64D0,0x004C64E2,18,0x004C64D0-0x004C64E2,sub_4C64D0,,0x5400,game
42032fc2807f7dec6de1ed6efb9d18a70668a015f23e32d58149c9d9952bc0a7,0x004C64F0,0x004C6502,18,0x004C64F0-0x004C6502,sub_4C64F0,,0x5400,game
42032fc2807f7dec6de1ed6efb9d18a70668a015f23e32d58149c9d9952bc0a7,0x004C6510,0x004C6532,34,0x004C6510-0x004C6532,sub_4C6510,,0x5410,game
42032fc2807f7dec6de1ed6efb9d18a70668a015f23e32d58149c9d9952bc0a7,0x004C6540,0x004C655A,26,0x004C6540-0x004C655A,sub_4C6540,,0x5410,game
42032fc2807f7dec6de1ed6efb9d18a70668a015f23e32d58149c9d9952bc0a7,0x004C6560,0x004C657A,26,0x004C6560-0x004C657A,sub_4C6560,,0x5410,game
42032fc2807f7dec6de1ed6efb9d18a70668a015f23e32d58149c9d9952bc0a7,0x004C6580,0x004C65A8,40,0x004C6580-0x004C65A8,sub_4C6580,,0x5410,game
42032fc2807f7dec6de1ed6efb9d18a70668a015f23e32d58149c9d9952bc0a7,0x004C65B0,0x004C65D9,41,0x004C65B0-0x004C65D9,sub_4C65B0,,0x5410,game
42032fc2807f7dec6de1ed6efb9d18a70668a015f23e32d58149c9d9952bc0a7,0x004C65E0,0x004C65F9,25,0x004C65E0-0x004C65F9,sub_4C65E0,,0x5400,game
42032fc2807f7dec6de1ed6efb9d18a70668a015f23e32d58149c9d9952bc0a7,0x004C6600,0x004C6620,32,0x004C6600-0x004C6620,sub_4C6600,,0x5410,game
42032fc2807f7dec6de1ed6efb9d18a70668a015f23e32d58149c9d9952bc0a7,0x004C6620,0x004C6639,25,0x004C6620-0x004C6639,sub_4C6620,,0x5400,game
42032fc2807f7dec6de1ed6efb9d18a70668a015f23e32d58149c9d9952bc0a7,0x004C6640,0x004C665F,31,0x004C6640-0x004C665F,sub_4C6640,,0x5410,game
42032fc2807f7dec6de1ed6efb9d18a70668a015f23e32d58149c9d9952bc0a7,0x004C6660,0x004C6681,33,0x004C6660-0x004C6681,sub_4C6660,,0x5410,game
42032fc2807f7dec6de1ed6efb9d18a70668a015f23e32d58149c9d9952bc0a7,0x004C6690,0x004C669F,15,0x004C6690-0x004C669F,sub_4C6690,,0x5400,game
42032fc2807f7dec6de1ed6efb9d18a70668a015f23e32d58149c9d9952bc0a7,0x004C66A0,0x004C66AF,15,0x004C66A0-0x004C66AF,sub_4C66A0,,0x5400,game
42032fc2807f7dec6de1ed6efb9d18a70668a015f23e32d58149c9d9952bc0a7,0x004C66B0,0x004C66E0,48,0x004C66B0-0x004C66E0,sub_4C66B0,,0x5410,game
42032fc2807f7dec6de1ed6efb9d18a70668a015f23e32d58149c9d9952bc0a7,0x004C66E0,0x004C67B6,232,0x004C66E0-0x004C67B6;0x00659EF4-0x00659F06,sub_4C66E0,void __thiscall sub_4C66E0(void *);,0x5410,game
42032fc2807f7dec6de1ed6efb9d18a70668a015f23e32d58149c9d9952bc0a7,0x004C67C0,0x004C68EC,326,0x004C67C0-0x004C68EC;0x00659F06-0x00659F20,sub_4C67C0,void __thiscall sub_4C67C0(void *);,0x5410,game
42032fc2807f7dec6de1ed6efb9d18a70668a015f23e32d58149c9d9952bc0a7,0x004C68F0,0x004C6913,35,0x004C68F0-0x004C6913,sub_4C68F0,,0x5410,game
42032fc2807f7dec6de1ed6efb9d18a70668a015f23e32d58149c9d9952bc0a7,0x004C6920,0x004C69AD,141,0x004C6920-0x004C69AD,sub_4C6920,,0x5400,game
42032fc2807f7dec6de1ed6efb9d18a70668a015f23e32d58149c9d9952bc0a7,0x004C69B0,0x004C6AD5,293,0x004C69B0-0x004C6AD5,sub_4C69B0,"int __stdcall sub_4C69B0(char *Source, int);",0x5410,game
42032fc2807f7dec6de1ed6efb9d18a70668a015f23e32d58149c9d9952bc0a7,0x004C6AE0,0x004C6AF2,18,0x004C6AE0-0x004C6AF2,sub_4C6AE0,,0x5400,game
42032fc2807f7dec6de1ed6efb9d18a70668a015f23e32d58149c9d9952bc0a7,0x004C6B00,0x004C6B04,4,0x004C6B00-0x004C6B04,sub_4C6B00,,0x5400,game
42032fc2807f7dec6de1ed6efb9d18a70668a015f23e32d58149c9d9952bc0a7,0x004C6B10,0x004C6B53,67,0x004C6B10-0x004C6B53,sub_4C6B10,,0x5400,game
42032fc2807f7dec6de1ed6efb9d18a70668a015f23e32d58149c9d9952bc0a7,0x004C6C20,0x004C6CD8,184,0x004C6C20-0x004C6CD8,sub_4C6C20,int __stdcall sub_4C6C20(char *Source);,0x5410,game
42032fc2807f7dec6de1ed6efb9d18a70668a015f23e32d58149c9d9952bc0a7,0x004C6CE0,0x004C6DAC,204,0x004C6CE0-0x004C6DAC,sub_4C6CE0,,0x5410,game
42032fc2807f7dec6de1ed6efb9d18a70668a015f23e32d58149c9d9952bc0a7,0x004C6DB0,0x004C6DE6,54,0x004C6DB0-0x004C6DE6,sub_4C6DB0,,0x5410,game
42032fc2807f7dec6de1ed6efb9d18a70668a015f23e32d58149c9d9952bc0a7,0x004C6DF0,0x004C6E95,165,0x004C6DF0-0x004C6E95,sub_4C6DF0,,0x5400,game
42032fc2807f7dec6de1ed6efb9d18a70668a015f23e32d58149c9d9952bc0a7,0x004C6EA0,0x004C6ED9,57,0x004C6EA0-0x004C6ED9,sub_4C6EA0,,0x5400,game
42032fc2807f7dec6de1ed6efb9d18a70668a015f23e32d58149c9d9952bc0a7,0x004C6EE0,0x004C6F19,57,0x004C6EE0-0x004C6F19,sub_4C6EE0,,0x5410,game
42032fc2807f7dec6de1ed6efb9d18a70668a015f23e32d58149c9d9952bc0a7,0x004C6F20,0x004C6F80,96,0x004C6F20-0x004C6F80,sub_4C6F20,,0x5410,game
42032fc2807f7dec6de1ed6efb9d18a70668a015f23e32d58149c9d9952bc0a7,0x004C6F80,0x004C6FCA,74,0x004C6F80-0x004C6FCA,sub_4C6F80,,0x5400,game
42032fc2807f7dec6de1ed6efb9d18a70668a015f23e32d58149c9d9952bc0a7,0x004C6FD0,0x004C6FF0,32,0x004C6FD0-0x004C6FF0,sub_4C6FD0,,0x5410,game
42032fc2807f7dec6de1ed6efb9d18a70668a015f23e32d58149c9d9952bc0a7,0x004C6FF0,0x004C6FFF,15,0x004C6FF0-0x004C6FFF,sub_4C6FF0,,0x1400,game
42032fc2807f7dec6de1ed6efb9d18a70668a015f23e32d58149c9d9952bc0a7,0x004C6FFF,0x004C7003,4,0x004C6FFF-0x004C7003,?underflow@?$basic_streambuf@DU?$char_traits@D@std@@@std@@MAEHXZ,,0x5444,library
42032fc2807f7dec6de1ed6efb9d18a70668a015f23e32d58149c9d9952bc0a7,0x004C7010,0x004C701F,15,0x004C7010-0x004C701F,sub_4C7010,,0x5400,game
42032fc2807f7dec6de1ed6efb9d18a70668a015f23e32d58149c9d9952bc0a7,0x004C7020,0x004C7032,18,0x004C7020-0x004C7032,sub_4C7020,,0x5400,game
42032fc2807f7dec6de1ed6efb9d18a70668a015f23e32d58149c9d9952bc0a7,0x004C7040,0x004C7078,56,0x004C7040-0x004C7078,sub_4C7040,,0x5410,game
42032fc2807f7dec6de1ed6efb9d18a70668a015f23e32d58149c9d9952bc0a7,0x004C70A0,0x004C70C6,38,0x004C70A0-0x004C70C6,sub_4C70A0,,0x5410,game
42032fc2807f7dec6de1ed6efb9d18a70668a015f23e32d58149c9d9952bc0a7,0x004C70D0,0x004C70D8,8,0x004C70D0-0x004C70D8,sub_4C70D0,,0x5400,game
42032fc2807f7dec6de1ed6efb9d18a70668a015f23e32d58149c9d9952bc0a7,0x004C70E0,0x004C70E6,6,0x004C70E0-0x004C70E6,sub_4C70E0,,0x5400,game
42032fc2807f7dec6de1ed6efb9d18a70668a015f23e32d58149c9d9952bc0a7,0x004C70F0,0x004C70F8,8,0x004C70F0-0x004C70F8,sub_4C70F0,,0x5400,game
42032fc2807f7dec6de1ed6efb9d18a70668a015f23e32d58149c9d9952bc0a7,0x004C7100,0x004C7108,8,0x004C7100-0x004C7108,sub_4C7100,,0x5400,game
42032fc2807f7dec6de1ed6efb9d18a70668a015f23e32d58149c9d9952bc0a7,0x004C7110,0x004C7118,8,0x004C7110-0x004C7118,sub_4C7110,,0x5400,game
42032fc2807f7dec6de1ed6efb9d18a70668a015f23e32d58149c9d9952bc0a7,0x004C7120,0x004C7128,8,0x004C7120-0x004C7128,sub_4C7120,,0x5400,game
42032fc2807f7dec6de1ed6efb9d18a70668a015f23e32d58149c9d9952bc0a7,0x004C7130,0x004C718D,93,0x004C7130-0x004C718D,sub_4C7130,,0x5410,game
42032fc2807f7dec6de1ed6efb9d18a70668a015f23e32d58149c9d9952bc0a7,0x004C7190,0x004C71BB,43,0x004C7190-0x004C71BB,sub_4C7190,,0x5410,game
42032fc2807f7dec6de1ed6efb9d18a70668a015f23e32d58149c9d9952bc0a7,0x004C71C0,0x004C71E3,35,0x004C71C0-0x004C71E3,sub_4C71C0,,0x5410,game
42032fc2807f7dec6de1ed6efb9d18a70668a015f23e32d58149c9d9952bc0a7,0x004C71F0,0x004C7213,35,0x004C71F0-0x004C7213,sub_4C71F0,,0x5410,game
42032fc2807f7dec6de1ed6efb9d18a70668a015f23e32d58149c9d9952bc0a7,0x004C7220,0x004C7243,35,0x004C7220-0x004C7243,sub_4C7220,,0x5410,game
42032fc2807f7dec6de1ed6efb9d18a70668a015f23e32d58149c9d9952bc0a7,0x004C7250,0x004C7262,18,0x004C7250-0x004C7262,sub_4C7250,,0x5400,game
42032fc2807f7dec6de1ed6efb9d18a70668a015f23e32d58149c9d9952bc0a7,0x004C72A0,0x004C72F5,85,0x004C72A0-0x004C72F5,sub_4C72A0,int __thiscall sub_4C72A0(void *);,0x5400,game
42032fc2807f7dec6de1ed6efb9d18a70668a015f23e32d58149c9d9952bc0a7,0x004C75A0,0x004C75A7,7,0x004C75A0-0x004C75A7,sub_4C75A0,,0x5400,game
42032fc2807f7dec6de1ed6efb9d18a70668a015f23e32d58149c9d9952bc0a7,0x004C75B0,0x004C766D,207,0x004C75B0-0x004C766D;0x00659F20-0x00659F32,sub_4C75B0,,0x5410,game
42032fc2807f7dec6de1ed6efb9d18a70668a015f23e32d58149c9d9952bc0a7,0x004C7670,0x004C7760,266,0x004C7670-0x004C7760;0x00659F32-0x00659F4C,sub_4C7670,,0x5410,game
42032fc2807f7dec6de1ed6efb9d18a70668a015f23e32d58149c9d9952bc0a7,0x004C7760,0x004C7772,18,0x004C7760-0x004C7772,sub_4C7760,,0x5400,game
42032fc2807f7dec6de1ed6efb9d18a70668a015f23e32d58149c9d9952bc0a7,0x004C7780,0x004C77A3,35,0x004C7780-0x004C77A3,sub_4C7780,,0x5410,game
42032fc2807f7dec6de1ed6efb9d18a70668a015f23e32d58149c9d9952bc0a7,0x004C77B0,0x004C77CA,26,0x004C77B0-0x004C77CA,sub_4C77B0,,0x5410,game
42032fc2807f7dec6de1ed6efb9d18a70668a015f23e32d58149c9d9952bc0a7,0x004C77D0,0x004C77F3,35,0x004C77D0-0x004C77F3,sub_4C77D0,,0x5410,game
42032fc2807f7dec6de1ed6efb9d18a70668a015f23e32d58149c9d9952bc0a7,0x004C7800,0x004C7827,39,0x004C7800-0x004C7827,sub_4C7800,,0x5410,game
42032fc2807f7dec6de1ed6efb9d18a70668a015f23e32d58149c9d9952bc0a7,0x004C7830,0x004C7853,35,0x004C7830-0x004C7853,sub_4C7830,,0x5410,game
42032fc2807f7dec6de1ed6efb9d18a70668a015f23e32d58149c9d9952bc0a7,0x004C7860,0x004C788B,43,0x004C7860-0x004C788B,sub_4C7860,,0x5410,game
42032fc2807f7dec6de1ed6efb9d18a70668a015f23e32d58149c9d9952bc0a7,0x004C7890,0x004C78B7,39,0x004C7890-0x004C78B7,sub_4C7890,,0x5410,game
42032fc2807f7dec6de1ed6efb9d18a70668a015f23e32d58149c9d9952bc0a7,0x004C78C0,0x004C78DA,26,0x004C78C0-0x004C78DA,sub_4C78C0,,0x5410,game
42032fc2807f7dec6de1ed6efb9d18a70668a015f23e32d58149c9d9952bc0a7,0x004C78E0,0x004C7903,35,0x004C78E0-0x004C7903,sub_4C78E0,,0x5410,game
42032fc2807f7dec6de1ed6efb9d18a70668a015f23e32d58149c9d9952bc0a7,0x004C7910,0x004C7925,21,0x004C7910-0x004C7925,sub_4C7910,,0x5400,game
42032fc2807f7dec6de1ed6efb9d18a70668a015f23e32d58149c9d9952bc0a7,0x004C7930,0x004C7957,39,0x004C7930-0x004C7957,sub_4C7930,,0x5410,game
42032fc2807f7dec6de1ed6efb9d18a70668a015f23e32d58149c9d9952bc0a7,0x004C7960,0x004C7983,35,0x004C7960-0x004C7983,sub_4C7960,,0x5410,game
42032fc2807f7dec6de1ed6efb9d18a70668a015f23e32d58149c9d9952bc0a7,0x004C7990,0x004C79B3,35,0x004C7990-0x004C79B3,sub_4C7990,,0x5410,game
42032fc2807f7dec6de1ed6efb9d18a70668a015f23e32d58149c9d9952bc0a7,0x004C79C0,0x004C79E7,39,0x004C79C0-0x004C79E7,sub_4C79C0,,0x5410,game
42032fc2807f7dec6de1ed6efb9d18a70668a015f23e32d58149c9d9952bc0a7,0x004C79F0,0x004C7A13,35,0x004C79F0-0x004C7A13,sub_4C79F0,,0x5410,game
42032fc2807f7dec6de1ed6efb9d18a70668a015f23e32d58149c9d9952bc0a7,0x004C7A20,0x004C7A43,35,0x004C7A20-0x004C7A43,sub_4C7A20,,0x5410,game
42032fc2807f7dec6de1ed6efb9d18a70668a015f23e32d58149c9d9952bc0a7,0x004C7A50,0x004C7A77,39,0x004C7A50-0x004C7A77,sub_4C7A50,,0x5410,game
42032fc2807f7dec6de1ed6efb9d18a70668a015f23e32d58149c9d9952bc0a7,0x004C7A80,0x004C7AA3,35,0x004C7A80-0x004C7AA3,sub_4C7A80,,0x5410,game
42032fc2807f7dec6de1ed6efb9d18a70668a015f23e32d58149c9d9952bc0a7,0x004C7AB0,0x004C7AD0,32,0x004C7AB0-0x004C7AD0,sub_4C7AB0,,0x5410,game
42032fc2807f7dec6de1ed6efb9d18a70668a015f23e32d58149c9d9952bc0a7,0x004C7AD0,0x004C7AF3,35,0x004C7AD0-0x004C7AF3,sub_4C7AD0,,0x5410,game
42032fc2807f7dec6de1ed6efb9d18a70668a015f23e32d58149c9d9952bc0a7,0x004C7B00,0x004C7B27,39,0x004C7B00-0x004C7B27,sub_4C7B00,,0x5410,game
42032fc2807f7dec6de1ed6efb9d18a70668a015f23e32d58149c9d9952bc0a7,0x004C7B30,0x004C7B57,39,0x004C7B30-0x004C7B57,sub_4C7B30,,0x5410,game
42032fc2807f7dec6de1ed6efb9d18a70668a015f23e32d58149c9d9952bc0a7,0x004C7B60,0x004C7B83,35,0x004C7B60-0x004C7B83,sub_4C7B60,,0x5410,game
42032fc2807f7dec6de1ed6efb9d18a70668a015f23e32d58149c9d9952bc0a7,0x004C7B90,0x004C7BB0,32,0x004C7B90-0x004C7BB0,sub_4C7B90,,0x5410,game
42032fc2807f7dec6de1ed6efb9d18a70668a015f23e32d58149c9d9952bc0a7,0x004C7BB0,0x004C7BC2,18,0x004C7BB0-0x004C7BC2,sub_4C7BB0,,0x5400,game
42032fc2807f7dec6de1ed6efb9d18a70668a015f23e32d58149c9d9952bc0a7,0x004C7BD0,0x004C7BF3,35,0x004C7BD0-0x004C7BF3,sub_4C7BD0,,0x5410,game
42032fc2807f7dec6de1ed6efb9d18a70668a015f23e32d58149c9d9952bc0a7,0x004C7C00,0x004C7C23,35,0x004C7C00-0x004C7C23,sub_4C7C00,,0x5410,game
42032fc2807f7dec6de1ed6efb9d18a70668a015f23e32d58149c9d9952bc0a7,0x004C7C30,0x004C7C57,39,0x004C7C30-0x004C7C57,sub_4C7C30,,0x5410,game
42032fc2807f7dec6de1ed6efb9d18a70668a015f23e32d58149c9d9952bc0a7,0x004C7C60,0x004C7CB5,85,0x004C7C60-0x004C7CB5,sub_4C7C60,"int __stdcall sub_4C7C60(char *Str, int);",0x5410,game
42032fc2807f7dec6de1ed6efb9d18a70668a015f23e32d58149c9d9952bc0a7,0x004C7CC0,0x004C7CEA,42,0x004C7CC0-0x004C7CEA,sub_4C7CC0,,0x5410,game
42032fc2807f7dec6de1ed6efb9d18a70668a015f23e32d58149c9d9952bc0a7,0x004C7D50,0x004C7D73,35,0x004C7D50-0x004C7D73,sub_4C7D50,,0x5410,game
42032fc2807f7dec6de1ed6efb9d18a70668a015f23e32d58149c9d9952bc0a7,0x004C7D80,0x004C7DCD,77,0x004C7D80-0x004C7DCD,sub_4C7D80,int __stdcall sub_4C7D80(char *Source);,0x5410,game
42032fc2807f7dec6de1ed6efb9d18a70668a015f23e32d58149c9d9952bc0a7,0x004C7DD0,0x004C7E1B,75,0x004C7DD0-0x004C7E1B,sub_4C7DD0,,0x5400,game
42032fc2807f7dec6de1ed6efb9d18a70668a015f23e32d58149c9d9952bc0a7,0x004C7E20,0x004C7E79,89,0x004C7E20-0x004C7E79,sub_4C7E20,,0x5400,game
42032fc2807f7dec6de1ed6efb9d18a70668a015f23e32d58149c9d9952bc0a7,0x004C7E80,0x004C7EA0,32,0x004C7E80-0x004C7EA0,sub_4C7E80,,0x5410,game
42032fc2807f7dec6de1ed6efb9d18a70668a015f23e32d58149c9d9952bc0a7,0x004C7EA0,0x004C7EB2,18,0x004C7EA0-0x004C7EB2,sub_4C7EA0,,0x5400,game
42032fc2807f7dec6de1ed6efb9d18a70668a015f23e32d58149c9d9952bc0a7,0x004C7EC0,0x004C7EE0,32,0x004C7EC0-0x004C7EE0,sub_4C7EC0,,0x5410,game
42032fc2807f7dec6de1ed6efb9d18a70668a015f23e32d58149c9d9952bc0a7,0x004C7EE0,0x004C7F03,35,0x004C7EE0-0x004C7F03,sub_4C7EE0,,0x5410,game
42032fc2807f7dec6de1ed6efb9d18a70668a015f23e32d58149c9d9952bc0a7,0x004C7F10,0x004C7F33,35,0x004C7F10-0x004C7F33,sub_4C7F10,,0x5410,game
42032fc2807f7dec6de1ed6efb9d18a70668a015f23e32d58149c9d9952bc0a7,0x004C7F40,0x004C7F63,35,0x004C7F40-0x004C7F63,sub_4C7F40,,0x5410,game
42032fc2807f7dec6de1ed6efb9d18a70668a015f23e32d58149c9d9952bc0a7,0x004C7F70,0x004C7F97,39,0x004C7F70-0x004C7F97,sub_4C7F70,,0x5410,game
42032fc2807f7dec6de1ed6efb9d18a70668a015f23e32d58149c9d9952bc0a7,0x004C7FA0,0x004C7FC0,32,0x004C7FA0-0x004C7FC0,sub_4C7FA0,,0x5410,game
42032fc2807f7dec6de1ed6efb9d18a70668a015f23e32d58149c9d9952bc0a7,0x004C7FC0,0x004C7FE7,39,0x004C7FC0-0x004C7FE7,sub_4C7FC0,,0x5410,game
42032fc2807f7dec6de1ed6efb9d18a70668a015f23e32d58149c9d9952bc0a7,0x004C7FF0,0x004C8017,39,0x004C7FF0-0x004C8017,sub_4C7FF0,,0x5410,game
42032fc2807f7dec6de1ed6efb9d18a70668a015f23e32d58149c9d9952bc0a7,0x004C8020,0x004C8043,35,0x004C8020-0x004C8043,sub_4C8020,,0x5410,game
42032fc2807f7dec6de1ed6efb9d18a70668a015f23e32d58149c9d9952bc0a7,0x004C8050,0x004C806A,26,0x004C8050-0x004C806A,sub_4C8050,,0x5410,game
42032fc2807f7dec6de1ed6efb9d18a70668a015f23e32d58149c9d9952bc0a7,0x004C8070,0x004C8089,25,0x004C8070-0x004C8089,sub_4C8070,,0x5400,game
42032fc2807f7dec6de1ed6efb9d18a70668a015f23e32d58149c9d9952bc0a7,0x004C8090,0x004C80B3,35,0x004C8090-0x004C80B3,sub_4C8090,,0x5400,game
42032fc2807f7dec6de1ed6efb9d18a70668a015f23e32d58149c9d9952bc0a7,0x004C8100,0x004C810B,11,0x004C8100-0x004C810B,sub_4C8100,,0x5400,game
42032fc2807f7dec6de1ed6efb9d18a70668a015f23e32d58149c9d9952bc0a7,0x004C8140,0x004C8141,1,0x004C8140-0x004C8141,nullsub_205,,0x5440,game
42032fc2807f7dec6de1ed6efb9d18a70668a015f23e32d58149c9d9952bc0a7,0x004C8290,0x004C8348,184,0x004C8290-0x004C8348,sub_4C8290,int __stdcall sub_4C8290(char *Source);,0x5410,game
42032fc2807f7dec6de1ed6efb9d18a70668a015f23e32d58149c9d9952bc0a7,0x004C8450,0x004C8457,7,0x004C8450-0x004C8457,sub_4C8450,,0x5400,game
42032fc2807f7dec6de1ed6efb9d18a70668a015f23e32d58149c9d9952bc0a7,0x004C8460,0x004C852D,223,0x004C8460-0x004C852D;0x00659F4C-0x00659F5E,sub_4C8460,,0x5410,game
42032fc2807f7dec6de1ed6efb9d18a70668a015f23e32d58149c9d9952bc0a7,0x004C8530,0x004C85EF,191,0x004C8530-0x004C85EF,sub_4C8530,int __stdcall sub_4C8530(char *Source);,0x5410,game
42032fc2807f7dec6de1ed6efb9d18a70668a015f23e32d58149c9d9952bc0a7,0x004C85F0,0x004C861C,44,0x004C85F0-0x004C861C,sub_4C85F0,,0x5400,game
42032fc2807f7dec6de1ed6efb9d18a70668a015f23e32d58149c9d9952bc0a7,0x004C8620,0x004C86C9,187,0x004C8620-0x004C86C9;0x00659F5E-0x00659F70,sub_4C8620,,0x5410,game
42032fc2807f7dec6de1ed6efb9d18a70668a015f23e32d58149c9d9952bc0a7,0x004C86D0,0x004C87A2,236,0x004C86D0-0x004C87A2;0x00659F70-0x00659F8A,sub_4C86D0,,0x5410,game
42032fc2807f7dec6de1ed6efb9d18a70668a015f23e32d58149c9d9952bc0a7,0x004C87B0,0x004C8839,137,0x004C87B0-0x004C8839,sub_4C87B0,,0x5410,game
42032fc2807f7dec6de1ed6efb9d18a70668a015f23e32d58149c9d9952bc0a7,0x004C8840,0x004C8888,72,0x004C8840-0x004C8888,sub_4C8840,,0x5400,game
42032fc2807f7dec6de1ed6efb9d18a70668a015f23e32d58149c9d9952bc0a7,0x004C8890,0x004C88AC,28,0x004C8890-0x004C88AC,sub_4C8890,,0x5410,game
42032fc2807f7dec6de1ed6efb9d18a70668a015f23e32d58149c9d9952bc0a7,0x004C88B0,0x004C88BF,15,0x004C88B0-0x004C88BF,sub_4C88B0,,0x5400,game
42032fc2807f7dec6de1ed6efb9d18a70668a015f23e32d58149c9d9952bc0a7,0x004C88C0,0x004C88E0,32,0x004C88C0-0x004C88E0,sub_4C88C0,,0x5410,game
42032fc2807f7dec6de1ed6efb9d18a70668a015f23e32d58149c9d9952bc0a7,0x004C88E0,0x004C8903,35,0x004C88E0-0x004C8903,sub_4C88E0,,0x5410,game
42032fc2807f7dec6de1ed6efb9d18a70668a015f23e32d58149c9d9952bc0a7,0x004C8910,0x004C891F,15,0x004C8910-0x004C891F,sub_4C8910,,0x1400,game
42032fc2807f7dec6de1ed6efb9d18a70668a015f23e32d58149c9d9952bc0a7,0x004C891F,0x004C8923,4,0x004C891F-0x004C8923,?underflow@?$basic_streambuf@DU?$char_traits@D@std@@@std@@MAEHXZ_0,,0x5444,library
42032fc2807f7dec6de1ed6efb9d18a70668a015f23e32d58149c9d9952bc0a7,0x004C8930,0x004C8942,18,0x004C8930-0x004C8942,sub_4C8930,,0x5400,game
42032fc2807f7dec6de1ed6efb9d18a70668a015f23e32d58149c9d9952bc0a7,0x004C8950,0x004C8953,3,0x004C8950-0x004C8953,sub_4C8950,,0x5400,game
42032fc2807f7dec6de1ed6efb9d18a70668a015f23e32d58149c9d9952bc0a7,0x004C8960,0x004C8A43,253,0x004C8960-0x004C8A43;0x00659F8A-0x00659FA4,sub_4C8960,,0x5410,game
42032fc2807f7dec6de1ed6efb9d18a70668a015f23e32d58149c9d9952bc0a7,0x004C8A50,0x004C8B35,255,0x004C8A50-0x004C8B35;0x00659FA4-0x00659FBE,sub_4C8A50,,0x5410,game
42032fc2807f7dec6de1ed6efb9d18a70668a015f23e32d58149c9d9952bc0a7,0x004C8B40,0x004C8BC5,133,0x004C8B40-0x004C8BC5,sub_4C8B40,,0x5410,game
42032fc2807f7dec6de1ed6efb9d18a70668a015f23e32d58149c9d9952bc0a7,0x004C8BD0,0x004C8C18,72,0x004C8BD0-0x004C8C18,sub_4C8BD0,,0x5400,game
42032fc2807f7dec6de1ed6efb9d18a70668a015f23e32d58149c9d9952bc0a7,0x004C8C20,0x004C8C32,18,0x004C8C20-0x004C8C32,sub_4C8C20,,0x5400,game
42032fc2807f7dec6de1ed6efb9d18a70668a015f23e32d58149c9d9952bc0a7,0x004C8C40,0x004C8C4F,15,0x004C8C40-0x004C8C4F,sub_4C8C40,,0x5400,game
42032fc2807f7dec6de1ed6efb9d18a70668a015f23e32d58149c9d9952bc0a7,0x004C8C50,0x004C8C62,18,0x004C8C50-0x004C8C62,sub_4C8C50,,0x5400,game
42032fc2807f7dec6de1ed6efb9d18a70668a015f23e32d58149c9d9952bc0a7,0x004C8C70,0x004C8C93,35,0x004C8C70-0x004C8C93,sub_4C8C70,,0x5410,game
42032fc2807f7dec6de1ed6efb9d18a70668a015f23e32d58149c9d9952bc0a7,0x004C8CA0,0x004C8CB2,18,0x004C8CA0-0x004C8CB2,sub_4C8CA0,,0x5400,game
42032fc2807f7dec6de1ed6efb9d18a70668a015f23e32d58149c9d9952bc0a7,0x004C8CC0,0x004C8DAF,265,0x004C8CC0-0x004C8DAF;0x00659FBE-0x00659FD8,sub_4C8CC0,,0x5410,game
42032fc2807f7dec6de1ed6efb9d18a70668a015f23e32d58149c9d9952bc0a7,0x004C8DB0,0x004C8EA0,266,0x004C8DB0-0x004C8EA0;0x00659FD8-0x00659FF2,sub_4C8DB0,,0x5410,game
42032fc2807f7dec6de1ed6efb9d18a70668a015f23e32d58149c9d9952bc0a7,0x004C8EA0,0x004C8EAF,15,0x004C8EA0-0x004C8EAF,sub_4C8EA0,,0x5400,game
42032fc2807f7dec6de1ed6efb9d18a70668a015f23e32d58149c9d9952bc0a7,0x004C8EB0,0x004C8EF4,68,0x004C8EB0-0x004C8EF4,sub_4C8EB0,,0x5400,game
42032fc2807f7dec6de1ed6efb9d18a70668a015f23e32d58149c9d9952bc0a7,0x004C8F00,0x004C8F3C,60,0x004C8F00-0x004C8F3C,sub_4C8F00,,0x5400,game
42032fc2807f7dec6de1ed6efb9d18a70668a015f23e32d58149c9d9952bc0a7,0x004C8F40,0x004C8F70,48,0x004C8F40-0x004C8F70,sub_4C8F40,,0x5400,game
42032fc2807f7dec6de1ed6efb9d18a70668a015f23e32d58149c9d9952bc0a7,0x004C8F70,0x004C9007,151,0x004C8F70-0x004C9007,sub_4C8F70,,0x5410,game
42032fc2807f7dec6de1ed6efb9d18a70668a015f23e32d58149c9d9952bc0a7,0x004C9010,0x004C9022,18,0x004C9010-0x004C9022,sub_4C9010,,0x5400,game
42032fc2807f7dec6de1ed6efb9d18a70668a015f23e32d58149c9d9952bc0a7,0x004C9030,0x004C9042,18,0x004C9030-0x004C9042,sub_4C9030,,0x5400,game
42032fc2807f7dec6de1ed6efb9d18a70668a015f23e32d58149c9d9952bc0a7,0x004C9050,0x004C9073,35,0x004C9050-0x004C9073,sub_4C9050,,0x5410,game
42032fc2807f7dec6de1ed6efb9d18a70668a015f23e32d58149c9d9952bc0a7,0x004C9080,0x004C92CF,749,0x004C9080-0x004C92CF;0x00659FF2-0x0065A090,sub_4C9080,"int __cdecl sub_4C9080(char *Source, char *);",0x5410,game
42032fc2807f7dec6de1ed6efb9d18a70668a015f23e32d58149c9d9952bc0a7,0x004C92D0,0x004C92F1,33,0x004C92D0-0x004C92F1,sub_4C92D0,"int __thiscall sub_4C92D0(void *Block, char);",0x5410,game
42032fc2807f7dec6de1ed6efb9d18a70668a015f23e32d58149c9d9952bc0a7,0x004C9300,0x004C9321,33,0x004C9300-0x004C9321,sub_4C9300,"int __thiscall sub_4C9300(void *Block, char);",0x5410,game
42032fc2807f7dec6de1ed6efb9d18a70668a015f23e32d58149c9d9952bc0a7,0x004C9330,0x004C9351,33,0x004C9330-0x004C9351,sub_4C9330,"int __thiscall sub_4C9330(void *Block, char);",0x5410,game
42032fc2807f7dec6de1ed6efb9d18a70668a015f23e32d58149c9d9952bc0a7,0x004C9360,0x004C9381,33,0x004C9360-0x004C9381,sub_4C9360,"int __thiscall sub_4C9360(void *Block, char);",0x5410,game
42032fc2807f7dec6de1ed6efb9d18a70668a015f23e32d58149c9d9952bc0a7,0x004C9390,0x004C93A2,18,0x004C9390-0x004C93A2,sub_4C9390,,0x5400,game
42032fc2807f7dec6de1ed6efb9d18a70668a015f23e32d58149c9d9952bc0a7,0x004C93B0,0x004C93D1,33,0x004C93B0-0x004C93D1,sub_4C93B0,"int __thiscall sub_4C93B0(void *Block, char);",0x5410,game
42032fc2807f7dec6de1ed6efb9d18a70668a015f23e32d58149c9d9952bc0a7,0x004C93E0,0x004C93E8,8,0x004C93E0-0x004C93E8,sub_4C93E0,,0x5400,game
42032fc2807f7dec6de1ed6efb9d18a70668a015f23e32d58149c9d9952bc0a7,0x004C93F0,0x004C9411,33,0x004C93F0-0x004C9411,sub_4C93F0,"int __thiscall sub_4C93F0(void *Block, char);",0x5410,game
42032fc2807f7dec6de1ed6efb9d18a70668a015f23e32d58149c9d9952bc0a7,0x004C9420,0x004C96D6,694,0x004C9420-0x004C96D6,sub_4C9420,,0x5410,game
42032fc2807f7dec6de1ed6efb9d18a70668a015f23e32d58149c9d9952bc0a7,0x004C96E0,0x004C99C5,741,0x004C96E0-0x004C99C5,sub_4C96E0,"int __cdecl sub_4C96E0(int, char *Str);",0x5410,game
42032fc2807f7dec6de1ed6efb9d18a70668a015f23e32d58149c9d9952bc0a7,0x004C9A50,0x004C9AFB,171,0x004C9A50-0x004C9AFB,sub_4C9A50,,0x5410,game
42032fc2807f7dec6de1ed6efb9d18a70668a015f23e32d58149c9d9952bc0a7,0x004C9B00,0x004CA76B,3179,0x004C9B00-0x004CA76B,sub_4C9B00,,0x5410,game
42032fc2807f7dec6de1ed6efb9d18a70668a015f23e32d58149c9d9952bc0a7,0x004CA7F0,0x004CAA4B,603,0x004CA7F0-0x004CAA4B,sub_4CA7F0,,0x5410,game
42032fc2807f7dec6de1ed6efb9d18a70668a015f23e32d58149c9d9952bc0a7,0x004CAA50,0x004CB302,2226,0x004CAA50-0x004CB302,sub_4CAA50,,0x5410,game
42032fc2807f7dec6de1ed6efb9d18a70668a015f23e32d58149c9d9952bc0a7,0x004CB310,0x004CB57F,623,0x004CB310-0x004CB57F,sub_4CB310,,0x5410,game
42032fc2807f7dec6de1ed6efb9d18a70668a015f23e32d58149c9d9952bc0a7,0x004CB580,0x004CBA98,1304,0x004CB580-0x004CBA98,sub_4CB580,,0x5410,game
42032fc2807f7dec6de1ed6efb9d18a70668a015f23e32d58149c9d9952bc0a7,0x004CBAA0,0x004CC35F,2239,0x004CBAA0-0x004CC35F,sub_4CBAA0,,0x5410,game
42032fc2807f7dec6de1ed6efb9d18a70668a015f23e32d58149c9d9952bc0a7,0x004CC360,0x004CD051,3313,0x004CC360-0x004CD051,sub_4CC360,,0x5410,game
42032fc2807f7dec6de1ed6efb9d18a70668a015f23e32d58149c9d9952bc0a7,0x004CD090,0x004CD2ED,605,0x004CD090-0x004CD2ED,sub_4CD090,,0x5410,game
42032fc2807f7dec6de1ed6efb9d18a70668a015f23e32d58149c9d9952bc0a7,0x004CD2F0,0x004CD4D1,481,0x004CD2F0-0x004CD4D1,sub_4CD2F0,,0x5410,game
42032fc2807f7dec6de1ed6efb9d18a70668a015f23e32d58149c9d9952bc0a7,0x004CD4E0,0x004CD69D,445,0x004CD4E0-0x004CD69D,sub_4CD4E0,,0x5410,game
42032fc2807f7dec6de1ed6efb9d18a70668a015f23e32d58149c9d9952bc0a7,0x004CD6A0,0x004CDA23,899,0x004CD6A0-0x004CDA23,sub_4CD6A0,,0x5410,game
42032fc2807f7dec6de1ed6efb9d18a70668a015f23e32d58149c9d9952bc0a7,0x004CDA30,0x004CDAEA,186,0x004CDA30-0x004CDAEA,sub_4CDA30,,0x5410,game
42032fc2807f7dec6de1ed6efb9d18a70668a015f23e32d58149c9d9952bc0a7,0x004CDAF0,0x004CE206,1814,0x004CDAF0-0x004CE206,sub_4CDAF0,,0x5410,game
42032fc2807f7dec6de1ed6efb9d18a70668a015f23e32d58149c9d9952bc0a7,0x004CE210,0x004CE6A1,1169,0x004CE210-0x004CE6A1,sub_4CE210,,0x5410,game
42032fc2807f7dec6de1ed6efb9d18a70668a015f23e32d58149c9d9952bc0a7,0x004CE790,0x004CEDDB,1611,0x004CE790-0x004CEDDB,sub_4CE790,,0x5410,game
42032fc2807f7dec6de1ed6efb9d18a70668a015f23e32d58149c9d9952bc0a7,0x004CEDE0,0x004CF379,1433,0x004CEDE0-0x004CF379,sub_4CEDE0,,0x5410,game
42032fc2807f7dec6de1ed6efb9d18a70668a015f23e32d58149c9d9952bc0a7,0x004CF380,0x004CF477,247,0x004CF380-0x004CF477,sub_4CF380,,0x5410,game
42032fc2807f7dec6de1ed6efb9d18a70668a015f23e32d58149c9d9952bc0a7,0x004CF480,0x004CF73E,702,0x004CF480-0x004CF73E,sub_4CF480,,0x5410,game
42032fc2807f7dec6de1ed6efb9d18a70668a015f23e32d58149c9d9952bc0a7,0x004CF740,0x004CF7B4,116,0x004CF740-0x004CF7B4,sub_4CF740,,0x5410,game
42032fc2807f7dec6de1ed6efb9d18a70668a015f23e32d58149c9d9952bc0a7,0x004CF7C0,0x004D0442,3202,0x004CF7C0-0x004D0442,sub_4CF7C0,,0x5410,game
42032fc2807f7dec6de1ed6efb9d18a70668a015f23e32d58149c9d9952bc0a7,0x004D0450,0x004D0494,68,0x004D0450-0x004D0494,sub_4D0450,,0x5410,game
42032fc2807f7dec6de1ed6efb9d18a70668a015f23e32d58149c9d9952bc0a7,0x004D04A0,0x004D04E0,64,0x004D04A0-0x004D04E0,sub_4D04A0,,0x5410,game
42032fc2807f7dec6de1ed6efb9d18a70668a015f23e32d58149c9d9952bc0a7,0x004D04E0,0x004D06B6,470,0x004D04E0-0x004D06B6,sub_4D04E0,,0x5410,game
42032fc2807f7dec6de1ed6efb9d18a70668a015f23e32d58149c9d9952bc0a7,0x004D06C0,0x004D2218,8225,0x004D06C0-0x004D2218;0x0065A090-0x0065A559,sub_4D06C0,,0x5410,game
42032fc2807f7dec6de1ed6efb9d18a70668a015f23e32d58149c9d9952bc0a7,0x004D2220,0x004D24BB,667,0x004D2220-0x004D24BB,sub_4D2220,,0x5410,game
42032fc2807f7dec6de1ed6efb9d18a70668a015f23e32d58149c9d9952bc0a7,0x004D24C0,0x004D2697,471,0x004D24C0-0x004D2697,sub_4D24C0,,0x5410,game
42032fc2807f7dec6de1ed6efb9d18a70668a015f23e32d58149c9d9952bc0a7,0x004D26A0,0x004D2ABC,1052,0x004D26A0-0x004D2ABC,sub_4D26A0,,0x5410,game
42032fc2807f7dec6de1ed6efb9d18a70668a015f23e32d58149c9d9952bc0a7,0x004D2AC0,0x004D2DDC,796,0x004D2AC0-0x004D2DDC,sub_4D2AC0,,0x5410,game
42032fc2807f7dec6de1ed6efb9d18a70668a015f23e32d58149c9d9952bc0a7,0x004D2DE0,0x004D2EF3,275,0x004D2DE0-0x004D2EF3,sub_4D2DE0,,0x5410,game
42032fc2807f7dec6de1ed6efb9d18a70668a015f23e32d58149c9d9952bc0a7,0x004D2F00,0x004D3467,1383,0x004D2F00-0x004D3467,sub_4D2F00,,0x5410,game
42032fc2807f7dec6de1ed6efb9d18a70668a015f23e32d58149c9d9952bc0a7,0x004D3470,0x004D5277,9136,0x004D3470-0x004D5277;0x0065A559-0x0065AB02,sub_4D3470,,0x5410,game
42032fc2807f7dec6de1ed6efb9d18a70668a015f23e32d58149c9d9952bc0a7,0x004D52A0,0x004D5D23,3307,0x004D52A0-0x004D5D23;0x0065AB02-0x0065AD6A,sub_4D52A0,,0x5410,game
42032fc2807f7dec6de1ed6efb9d18a70668a015f23e32d58149c9d9952bc0a7,0x004D5D30,0x004D5F64,564,0x004D5D30-0x004D5F64,sub_4D5D30,,0x5410,game
42032fc2807f7dec6de1ed6efb9d18a70668a015f23e32d58149c9d9952bc0a7,0x004D6070,0x004D6196,294,0x004D6070-0x004D6196,sub_4D6070,,0x5410,game
42032fc2807f7dec6de1ed6efb9d18a70668a015f23e32d58149c9d9952bc0a7,0x004D61A0,0x004D7B3C,7172,0x004D61A0-0x004D7B3C;0x0065AD6A-0x0065AFD2,sub_4D61A0,,0x5410,game
42032fc2807f7dec6de1ed6efb9d18a70668a015f23e32d58149c9d9952bc0a7,0x004D7BE0,0x004D7CED,269,0x004D7BE0-0x004D7CED,sub_4D7BE0,,0x5410,game
42032fc2807f7dec6de1ed6efb9d18a70668a015f23e32d58149c9d9952bc0a7,0x004D7CF0,0x004D7DD8,232,0x004D7CF0-0x004D7DD8,sub_4D7CF0,,0x5410,game
42032fc2807f7dec6de1ed6efb9d18a70668a015f23e32d58149c9d9952bc0a7,0x004D7DE0,0x004D7EDA,250,0x004D7DE0-0x004D7EDA,sub_4D7DE0,,0x5410,game
42032fc2807f7dec6de1ed6efb9d18a70668a015f23e32d58149c9d9952bc0a7,0x004D7EE0,0x004D7F5F,127,0x004D7EE0-0x004D7F5F,sub_4D7EE0,,0x5410,game
42032fc2807f7dec6de1ed6efb9d18a70668a015f23e32d58149c9d9952bc0a7,0x004D7F60,0x004D8A62,3493,0x004D7F60-0x004D8A62;0x0065AFD2-0x0065B275,sub_4D7F60,,0x5410,game
42032fc2807f7dec6de1ed6efb9d18a70668a015f23e32d58149c9d9952bc0a7,0x004D8A70,0x004D8CC9,601,0x004D8A70-0x004D8CC9,sub_4D8A70,,0x5410,game
42032fc2807f7dec6de1ed6efb9d18a70668a015f23e32d58149c9d9952bc0a7,0x004D8CD0,0x004D8DBE,238,0x004D8CD0-0x004D8DBE,sub_4D8CD0,,0x5410,game
42032fc2807f7dec6de1ed6efb9d18a70668a015f23e32d58149c9d9952bc0a7,0x004D8DC0,0x004D8F37,375,0x004D8DC0-0x004D8F37,sub_4D8DC0,,0x5410,game
42032fc2807f7dec6de1ed6efb9d18a70668a015f23e32d58149c9d9952bc0a7,0x004D8F40,0x004D8FA0,96,0x004D8F40-0x004D8FA0,sub_4D8F40,,0x5410,game
42032fc2807f7dec6de1ed6efb9d18a70668a015f23e32d58149c9d9952bc0a7,0x004D8FA0,0x004D916D,461,0x004D8FA0-0x004D916D,sub_4D8FA0,,0x5410,game
42032fc2807f7dec6de1ed6efb9d18a70668a015f23e32d58149c9d9952bc0a7,0x004D9170,0x004D92CD,349,0x004D9170-0x004D92CD,sub_4D9170,,0x5410,game
42032fc2807f7dec6de1ed6efb9d18a70668a015f23e32d58149c9d9952bc0a7,0x004D92D0,0x004D95E7,791,0x004D92D0-0x004D95E7,sub_4D92D0,,0x5410,game
42032fc2807f7dec6de1ed6efb9d18a70668a015f23e32d58149c9d9952bc0a7,0x004D95F0,0x004D9970,896,0x004D95F0-0x004D9970,sub_4D95F0,,0x5410,game
42032fc2807f7dec6de1ed6efb9d18a70668a015f23e32d58149c9d9952bc0a7,0x004D9970,0x004D9AC5,341,0x004D9970-0x004D9AC5,sub_4D9970,,0x5400,game
42032fc2807f7dec6de1ed6efb9d18a70668a015f23e32d58149c9d9952bc0a7,0x004D9AD0,0x004D9DB4,950,0x004D9AD0-0x004D9DB4;0x0065B275-0x0065B347,sub_4D9AD0,,0x5410,game
42032fc2807f7dec6de1ed6efb9d18a70668a015f23e32d58149c9d9952bc0a7,0x004D9DC0,0x004D9DC3,3,0x004D9DC0-0x004D9DC3,nullsub_206,,0x5440,game
42032fc2807f7dec6de1ed6efb9d18a70668a015f23e32d58149c9d9952bc0a7,0x004D9DD0,0x004D9DD1,1,0x004D9DD0-0x004D9DD1,nullsub_207,,0x5440,game
42032fc2807f7dec6de1ed6efb9d18a70668a015f23e32d58149c9d9952bc0a7,0x004D9DE0,0x004DA73F,2689,0x004D9DE0-0x004DA73F;0x0065B347-0x0065B469,sub_4D9DE0,,0x5410,game
42032fc2807f7dec6de1ed6efb9d18a70668a015f23e32d58149c9d9952bc0a7,0x004DA740,0x004DA760,32,0x004DA740-0x004DA760,sub_4DA740,,0x5410,game
42032fc2807f7dec6de1ed6efb9d18a70668a015f23e32d58149c9d9952bc0a7,0x004DA7E0,0x004DA867,135,0x004DA7E0-0x004DA867,sub_4DA7E0,,0x5410,game
42032fc2807f7dec6de1ed6efb9d18a70668a015f23e32d58149c9d9952bc0a7,0x004DA870,0x004DA8F4,132,0x004DA870-0x004DA8F4,sub_4DA870,,0x5410,game
42032fc2807f7dec6de1ed6efb9d18a70668a015f23e32d58149c9d9952bc0a7,0x004DA900,0x004DA98B,139,0x004DA900-0x004DA98B,sub_4DA900,,0x5410,game
42032fc2807f7dec6de1ed6efb9d18a70668a015f23e32d58149c9d9952bc0a7,0x004DA990,0x004DAD9B,1035,0x004DA990-0x004DAD9B,sub_4DA990,,0x5400,game
42032fc2807f7dec6de1ed6efb9d18a70668a015f23e32d58149c9d9952bc0a7,0x004DADA0,0x004DB071,721,0x004DADA0-0x004DB071,sub_4DADA0,,0x5400,game
42032fc2807f7dec6de1ed6efb9d18a70668a015f23e32d58149c9d9952bc0a7,0x004DB080,0x004DB868,2024,0x004DB080-0x004DB868,sub_4DB080,,0x5410,game
42032fc2807f7dec6de1ed6efb9d18a70668a015f23e32d58149c9d9952bc0a7,0x004DB870,0x004DBB40,966,0x004DB870-0x004DBB40;0x0065B469-0x0065B55F,sub_4DB870,,0x5410,game
42032fc2807f7dec6de1ed6efb9d18a70668a015f23e32d58149c9d9952bc0a7,0x004DBB40,0x004DBC32,242,0x004DBB40-0x004DBC32,sub_4DBB40,,0x5410,game
42032fc2807f7dec6de1ed6efb9d18a70668a015f23e32d58149c9d9952bc0a7,0x004DBC40,0x004DBD18,216,0x004DBC40-0x004DBD18,sub_4DBC40,,0x5400,game
42032fc2807f7dec6de1ed6efb9d18a70668a015f23e32d58149c9d9952bc0a7,0x004DBD20,0x004DBFA8,648,0x004DBD20-0x004DBFA8,sub_4DBD20,,0x5400,game
42032fc2807f7dec6de1ed6efb9d18a70668a015f23e32d58149c9d9952bc0a7,0x004DBFB0,0x004DC225,629,0x004DBFB0-0x004DC225,sub_4DBFB0,,0x5400,game
42032fc2807f7dec6de1ed6efb9d18a70668a015f23e32d58149c9d9952bc0a7,0x004DC230,0x004DC515,741,0x004DC230-0x004DC515,sub_4DC230,,0x5400,game
42032fc2807f7dec6de1ed6efb9d18a70668a015f23e32d58149c9d9952bc0a7,0x004DC520,0x004DC852,927,0x004DC520-0x004DC852;0x0065B55F-0x0065B5CC,sub_4DC520,,0x5410,game
42032fc2807f7dec6de1ed6efb9d18a70668a015f23e32d58149c9d9952bc0a7,0x004DC860,0x004DCCB4,1324,0x004DC860-0x004DCCB4;0x0065B5CC-0x0065B6A4,sub_4DC860,,0x5410,game
42032fc2807f7dec6de1ed6efb9d18a70668a015f23e32d58149c9d9952bc0a7,0x004DCCC0,0x004DD1A1,1517,0x004DCCC0-0x004DD1A1;0x0065B6A4-0x0065B7B0,sub_4DCCC0,,0x5410,game
42032fc2807f7dec6de1ed6efb9d18a70668a015f23e32d58149c9d9952bc0a7,0x004DD1B0,0x004DD6E5,1527,0x004DD1B0-0x004DD6E5;0x0065B7B0-0x0065B872,sub_4DD1B0,,0x5410,game
42032fc2807f7dec6de1ed6efb9d18a70668a015f23e32d58149c9d9952bc0a7,0x004DD6F0,0x004DDA4E,1130,0x004DD6F0-0x004DDA4E;0x0065B872-0x0065B97E,sub_4DD6F0,,0x5410,game
42032fc2807f7dec6de1ed6efb9d18a70668a015f23e32d58149c9d9952bc0a7,0x004DDA50,0x004DE95B,4512,0x004DDA50-0x004DE95B;0x0065B97E-0x0065BC13,sub_4DDA50,int __stdcall sub_4DDA50(int Value);,0x5410,game
42032fc2807f7dec6de1ed6efb9d18a70668a015f23e32d58149c9d9952bc0a7,0x004DE960,0x004DECF7,1204,0x004DE960-0x004DECF7;0x0065BC13-0x0065BD30,sub_4DE960,,0x5410,game
42032fc2807f7dec6de1ed6efb9d18a70668a015f23e32d58149c9d9952bc0a7,0x004DED00,0x004DF4E5,2344,0x004DED00-0x004DF4E5;0x0065BD30-0x0065BE73,sub_4DED00,,0x5410,game
42032fc2807f7dec6de1ed6efb9d18a70668a015f23e32d58149c9d9952bc0a7,0x004DF4F0,0x004DFAD0,1822,0x004DF4F0-0x004DFAD0;0x0065BE73-0x0065BFB1,sub_4DF4F0,,0x5410,game
42032fc2807f7dec6de1ed6efb9d18a70668a015f23e32d58149c9d9952bc0a7,0x004DFAD0,0x004E0118,1618,0x004DFAD0-0x004E0118;0x0065C0BE-0x0065C0C8,sub_4DFAD0,,0x5410,game
42032fc2807f7dec6de1ed6efb9d18a70668a015f23e32d58149c9d9952bc0a7,0x004E0120,0x004E020E,238,0x004E0120-0x004E020E,sub_4E0120,,0x5410,game
42032fc2807f7dec6de1ed6efb9d18a70668a015f23e32d58149c9d9952bc0a7,0x004E0210,0x004E0282,114,0x004E0210-0x004E0282,sub_4E0210,,0x5400,game
42032fc2807f7dec6de1ed6efb9d18a70668a015f23e32d58149c9d9952bc0a7,0x004E0290,0x004E05D9,1068,0x004E0290-0x004E05D9;0x0065C0C8-0x0065C1AB,sub_4E0290,,0x5410,game
42032fc2807f7dec6de1ed6efb9d18a70668a015f23e32d58149c9d9952bc0a7,0x004E05E0,0x004E09A1,1221,0x004E05E0-0x004E09A1;0x0065C1AB-0x0065C2AF,sub_4E05E0,,0x5410,game
42032fc2807f7dec6de1ed6efb9d18a70668a015f23e32d58149c9d9952bc0a7,0x004E09B0,0x004E09D9,41,0x004E09B0-0x004E09D9,sub_4E09B0,,0x5400,game
42032fc2807f7dec6de1ed6efb9d18a70668a015f23e32d58149c9d9952bc0a7,0x004E09E0,0x004E09F9,25,0x004E09E0-0x004E09F9,sub_4E09E0,,0x5400,game
42032fc2807f7dec6de1ed6efb9d18a70668a015f23e32d58149c9d9952bc0a7,0x004E0A00,0x004E0A50,80,0x004E0A00-0x004E0A50,sub_4E0A00,,0x5400,game
42032fc2807f7dec6de1ed6efb9d18a70668a015f23e32d58149c9d9952bc0a7,0x004E0A50,0x004E0ACF,127,0x004E0A50-0x004E0ACF,sub_4E0A50,,0x5410,game
42032fc2807f7dec6de1ed6efb9d18a70668a015f23e32d58149c9d9952bc0a7,0x004E0AD0,0x004E0AF5,37,0x004E0AD0-0x004E0AF5,sub_4E0AD0,,0x5400,game
42032fc2807f7dec6de1ed6efb9d18a70668a015f23e32d58149c9d9952bc0a7,0x004E0B00,0x004E0E9E,1147,0x004E0B00-0x004E0E9E;0x0065C2AF-0x0065C38C,sub_4E0B00,,0x5410,game
42032fc2807f7dec6de1ed6efb9d18a70668a015f23e32d58149c9d9952bc0a7,0x004E0EA0,0x004E0F22,130,0x004E0EA0-0x004E0F22,sub_4E0EA0,,0x5400,game
42032fc2807f7dec6de1ed6efb9d18a70668a015f23e32d58149c9d9952bc0a7,0x004E0F30,0x004E0F7D,77,0x004E0F30-0x004E0F7D,sub_4E0F30,,0x5400,game
42032fc2807f7dec6de1ed6efb9d18a70668a015f23e32d58149c9d9952bc0a7,0x004E0F80,0x004E0F98,24,0x004E0F80-0x004E0F98,sub_4E0F80,,0x5400,game
42032fc2807f7dec6de1ed6efb9d18a70668a015f23e32d58149c9d9952bc0a7,0x004E0FA0,0x004E0FC3,35,0x004E0FA0-0x004E0FC3,sub_4E0FA0,,0x5400,game
42032fc2807f7dec6de1ed6efb9d18a70668a015f23e32d58149c9d9952bc0a7,0x004E0FD0,0x004E10BC,236,0x004E0FD0-0x004E10BC,sub_4E0FD0,,0x5400,game
42032fc2807f7dec6de1ed6efb9d18a70668a015f23e32d58149c9d9952bc0a7,0x004E10C0,0x004E118D,205,0x004E10C0-0x004E118D,sub_4E10C0,,0x5400,game
42032fc2807f7dec6de1ed6efb9d18a70668a015f23e32d58149c9d9952bc0a7,0x004E1190,0x004E11F7,103,0x004E1190-0x004E11F7,sub_4E1190,,0x5400,game
42032fc2807f7dec6de1ed6efb9d18a70668a015f23e32d58149c9d9952bc0a7,0x004E1200,0x004E128B,139,0x004E1200-0x004E128B,sub_4E1200,,0x5400,game
42032fc2807f7dec6de1ed6efb9d18a70668a015f23e32d58149c9d9952bc0a7,0x004E1290,0x004E12FB,107,0x004E1290-0x004E12FB,sub_4E1290,,0x5400,game
42032fc2807f7dec6de1ed6efb9d18a70668a015f23e32d58149c9d9952bc0a7,0x004E1300,0x004E137F,127,0x004E1300-0x004E137F,sub_4E1300,,0x5400,game
42032fc2807f7dec6de1ed6efb9d18a70668a015f23e32d58149c9d9952bc0a7,0x004E1380,0x004E13D2,82,0x004E1380-0x004E13D2,sub_4E1380,,0x5400,game
42032fc2807f7dec6de1ed6efb9d18a70668a015f23e32d58149c9d9952bc0a7,0x004E13E0,0x004E149B,187,0x004E13E0-0x004E149B,sub_4E13E0,,0x5400,game
42032fc2807f7dec6de1ed6efb9d18a70668a015f23e32d58149c9d9952bc0a7,0x004E14A0,0x004E14C8,40,0x004E14A0-0x004E14C8,sub_4E14A0,,0x5400,game
42032fc2807f7dec6de1ed6efb9d18a70668a015f23e32d58149c9d9952bc0a7,0x004E14D0,0x004E1E99,2977,0x004E14D0-0x004E1E99;0x0065C38C-0x0065C564,sub_4E14D0,,0x5410,game
42032fc2807f7dec6de1ed6efb9d18a70668a015f23e32d58149c9d9952bc0a7,0x004E1F20,0x004E1F29,9,0x004E1F20-0x004E1F29,sub_4E1F20,,0x5400,game
42032fc2807f7dec6de1ed6efb9d18a70668a015f23e32d58149c9d9952bc0a7,0x004E1F30,0x004E1F39,9,0x004E1F30-0x004E1F39,sub_4E1F30,,0x5400,game
42032fc2807f7dec6de1ed6efb9d18a70668a015f23e32d58149c9d9952bc0a7,0x004E1F40,0x004E1F70,48,0x004E1F40-0x004E1F70,sub_4E1F40,,0x5400,game
42032fc2807f7dec6de1ed6efb9d18a70668a015f23e32d58149c9d9952bc0a7,0x004E1F70,0x004E1FF6,134,0x004E1F70-0x004E1FF6,sub_4E1F70,,0x5400,game
42032fc2807f7dec6de1ed6efb9d18a70668a015f23e32d58149c9d9952bc0a7,0x004E2000,0x004E2235,565,0x004E2000-0x004E2235,sub_4E2000,,0x5410,game
42032fc2807f7dec6de1ed6efb9d18a70668a015f23e32d58149c9d9952bc0a7,0x004E2240,0x004E23BA,534,0x004E2240-0x004E23BA;0x0065C570-0x0065C60C,sub_4E2240,,0x5410,game
42032fc2807f7dec6de1ed6efb9d18a70668a015f23e32d58149c9d9952bc0a7,0x004E23C0,0x004E23E1,33,0x004E23C0-0x004E23E1,sub_4E23C0,"int __thiscall sub_4E23C0(void *Block, char);",0x5410,game
42032fc2807f7dec6de1ed6efb9d18a70668a015f23e32d58149c9d9952bc0a7,0x004E2400,0x004E2444,68,0x004E2400-0x004E2444,sub_4E2400,,0x5400,game
42032fc2807f7dec6de1ed6efb9d18a70668a015f23e32d58149c9d9952bc0a7,0x004E2450,0x004E245D,13,0x004E2450-0x004E245D,sub_4E2450,,0x5400,game
42032fc2807f7dec6de1ed6efb9d18a70668a015f23e32d58149c9d9952bc0a7,0x004E2460,0x004E248F,47,0x004E2460-0x004E248F,sub_4E2460,,0x5400,game
42032fc2807f7dec6de1ed6efb9d18a70668a015f23e32d58149c9d9952bc0a7,0x004E2490,0x004E25A5,309,0x004E2490-0x004E25A5;0x0065C610-0x0065C630,sub_4E2490,,0x5410,game
42032fc2807f7dec6de1ed6efb9d18a70668a015f23e32d58149c9d9952bc0a7,0x004E25B0,0x004E25D8,40,0x004E25B0-0x004E25D8,sub_4E25B0,,0x5400,game
42032fc2807f7dec6de1ed6efb9d18a70668a015f23e32d58149c9d9952bc0a7,0x004E25E0,0x004E2607,39,0x004E25E0-0x004E2607,sub_4E25E0,,0x5410,game
42032fc2807f7dec6de1ed6efb9d18a70668a015f23e32d58149c9d9952bc0a7,0x004E2610,0x004E2653,67,0x004E2610-0x004E2653,sub_4E2610,,0x5410,game
42032fc2807f7dec6de1ed6efb9d18a70668a015f23e32d58149c9d9952bc0a7,0x004E2660,0x004E26A8,72,0x004E2660-0x004E26A8,sub_4E2660,,0x5410,game
42032fc2807f7dec6de1ed6efb9d18a70668a015f23e32d58149c9d9952bc0a7,0x004E26B0,0x004E26DC,44,0x004E26B0-0x004E26DC,sub_4E26B0,,0x5410,game
42032fc2807f7dec6de1ed6efb9d18a70668a015f23e32d58149c9d9952bc0a7,0x004E26E0,0x004E29DF,846,0x004E26E0-0x004E29DF;0x004E38E0-0x004E38FB;0x0065C630-0x0065C664,sub_4E26E0,,0x5410,game
42032fc2807f7dec6de1ed6efb9d18a70668a015f23e32d58149c9d9952bc0a7,0x004E2A30,0x004E2E4B,1320,0x004E2A30-0x004E2E4B;0x0065C664-0x0065C771,sub_4E2A30,,0x5410,game
42032fc2807f7dec6de1ed6efb9d18a70668a015f23e32d58149c9d9952bc0a7,0x004E2E50,0x004E31D6,1025,0x004E2E50-0x004E31D6;0x0065C771-0x0065C7EC,sub_4E2E50,,0x5410,game
42032fc2807f7dec6de1ed6efb9d18a70668a015f23e32d58149c9d9952bc0a7,0x004E31E0,0x004E32BA,218,0x004E31E0-0x004E32BA,sub_4E31E0,,0x5410,game
42032fc2807f7dec6de1ed6efb9d18a70668a015f23e32d58149c9d9952bc0a7,0x004E32C0,0x004E32C3,3,0x004E32C0-0x004E32C3,nullsub_208,,0x5440,game
42032fc2807f7dec6de1ed6efb9d18a70668a015f23e32d58149c9d9952bc0a7,0x004E32D0,0x004E32D1,1,0x004E32D0-0x004E32D1,nullsub_209,,0x5440,game
42032fc2807f7dec6de1ed6efb9d18a70668a015f23e32d58149c9d9952bc0a7,0x004E32E0,0x004E32E1,1,0x004E32E0-0x004E32E1,nullsub_210,,0x5440,game
42032fc2807f7dec6de1ed6efb9d18a70668a015f23e32d58149c9d9952bc0a7,0x004E32F0,0x004E32F3,3,0x004E32F0-0x004E32F3,nullsub_19,,0x5440,game
42032fc2807f7dec6de1ed6efb9d18a70668a015f23e32d58149c9d9952bc0a7,0x004E3300,0x004E334B,75,0x004E3300-0x004E334B,sub_4E3300,,0x5410,game
42032fc2807f7dec6de1ed6efb9d18a70668a015f23e32d58149c9d9952bc0a7,0x004E3350,0x004E34A8,365,0x004E3350-0x004E34A8;0x0065C7F0-0x0065C805,sub_4E3350,,0x5410,game
42032fc2807f7dec6de1ed6efb9d18a70668a015f23e32d58149c9d9952bc0a7,0x004E34B0,0x004E34CB,27,0x004E34B0-0x004E34CB,sub_4E34B0,,0x5400,game
42032fc2807f7dec6de1ed6efb9d18a70668a015f23e32d58149c9d9952bc0a7,0x004E34D0,0x004E365C,525,0x004E34D0-0x004E365C;0x004E3710-0x004E372B;0x0065C810-0x0065C876,sub_4E34D0,,0x5410,game
42032fc2807f7dec6de1ed6efb9d18a70668a015f23e32d58149c9d9952bc0a7,0x004E3660,0x004E370C,172,0x004E3660-0x004E370C,sub_4E3660,,0x5410,game
42032fc2807f7dec6de1ed6efb9d18a70668a015f23e32d58149c9d9952bc0a7,0x004E3730,0x004E3888,365,0x004E3730-0x004E3888;0x0065C880-0x0065C895,sub_4E3730,,0x5410,game
42032fc2807f7dec6de1ed6efb9d18a70668a015f23e32d58149c9d9952bc0a7,0x004E3890,0x004E38DB,75,0x004E3890-0x004E38DB,sub_4E3890,,0x5410,game
42032fc2807f7dec6de1ed6efb9d18a70668a015f23e32d58149c9d9952bc0a7,0x004E3900,0x004E39CF,207,0x004E3900-0x004E39CF,sub_4E3900,,0x5410,game
42032fc2807f7dec6de1ed6efb9d18a70668a015f23e32d58149c9d9952bc0a7,0x004E39D0,0x004E39F3,35,0x004E39D0-0x004E39F3,sub_4E39D0,,0x5410,game
42032fc2807f7dec6de1ed6efb9d18a70668a015f23e32d58149c9d9952bc0a7,0x004E3A00,0x004E3A4B,75,0x004E3A00-0x004E3A4B,sub_4E3A00,"int __cdecl sub_4E3A00(char *Destination, int);",0x5410,game
42032fc2807f7dec6de1ed6efb9d18a70668a015f23e32d58149c9d9952bc0a7,0x004E3A50,0x004E3B7F,303,0x004E3A50-0x004E3B7F,sub_4E3A50,,0x5410,game
42032fc2807f7dec6de1ed6efb9d18a70668a015f23e32d58149c9d9952bc0a7,0x004E3B80,0x004E3C5F,223,0x004E3B80-0x004E3C5F,sub_4E3B80,,0x5410,game
42032fc2807f7dec6de1ed6efb9d18a70668a015f23e32d58149c9d9952bc0a7,0x004E3C60,0x004E3D4B,235,0x004E3C60-0x004E3D4B,sub_4E3C60,,0x5410,game
42032fc2807f7dec6de1ed6efb9d18a70668a015f23e32d58149c9d9952bc0a7,0x004E3D50,0x004E3EEB,411,0x004E3D50-0x004E3EEB,sub_4E3D50,,0x5410,game
42032fc2807f7dec6de1ed6efb9d18a70668a015f23e32d58149c9d9952bc0a7,0x004E3EF0,0x004E3F9D,173,0x004E3EF0-0x004E3F9D,sub_4E3EF0,,0x5410,game
42032fc2807f7dec6de1ed6efb9d18a70668a015f23e32d58149c9d9952bc0a7,0x004E3FA0,0x004E4017,119,0x004E3FA0-0x004E4017,sub_4E3FA0,,0x5410,game
42032fc2807f7dec6de1ed6efb9d18a70668a015f23e32d58149c9d9952bc0a7,0x004E4020,0x004E4090,112,0x004E4020-0x004E4090,sub_4E4020,,0x5410,game
42032fc2807f7dec6de1ed6efb9d18a70668a015f23e32d58149c9d9952bc0a7,0x004E4090,0x004E4350,704,0x004E4090-0x004E4350,sub_4E4090,"int __cdecl sub_4E4090(char *, char *Destination, int, int);",0x5410,game
42032fc2807f7dec6de1ed6efb9d18a70668a015f23e32d58149c9d9952bc0a7,0x004E4350,0x004E442D,221,0x004E4350-0x004E442D,sub_4E4350,,0x5410,game
42032fc2807f7dec6de1ed6efb9d18a70668a015f23e32d58149c9d9952bc0a7,0x004E4430,0x004E46C2,658,0x004E4430-0x004E46C2,sub_4E4430,,0x5410,game
42032fc2807f7dec6de1ed6efb9d18a70668a015f23e32d58149c9d9952bc0a7,0x004E4700,0x004E4802,258,0x004E4700-0x004E4802,sub_4E4700,,0x5410,game
42032fc2807f7dec6de1ed6efb9d18a70668a015f23e32d58149c9d9952bc0a7,0x004E4810,0x004E48B0,160,0x004E4810-0x004E48B0,sub_4E4810,,0x5410,game
42032fc2807f7dec6de1ed6efb9d18a70668a015f23e32d58149c9d9952bc0a7,0x004E48B0,0x004E48FA,74,0x004E48B0-0x004E48FA,sub_4E48B0,,0x5410,game
42032fc2807f7dec6de1ed6efb9d18a70668a015f23e32d58149c9d9952bc0a7,0x004E49D0,0x004E4A91,193,0x004E49D0-0x004E4A91,sub_4E49D0,,0x5410,game
42032fc2807f7dec6de1ed6efb9d18a70668a015f23e32d58149c9d9952bc0a7,0x004E4AA0,0x004E4B7B,219,0x004E4AA0-0x004E4B7B,sub_4E4AA0,,0x5410,game
42032fc2807f7dec6de1ed6efb9d18a70668a015f23e32d58149c9d9952bc0a7,0x004E4B80,0x004E5250,1744,0x004E4B80-0x004E5250,sub_4E4B80,"int __cdecl sub_4E4B80(char *, int, int);",0x5410,game
42032fc2807f7dec6de1ed6efb9d18a70668a015f23e32d58149c9d9952bc0a7,0x004E5250,0x004E5A58,2056,0x004E5250-0x004E5A58,sub_4E5250,,0x5410,game
42032fc2807f7dec6de1ed6efb9d18a70668a015f23e32d58149c9d9952bc0a7,0x004E5A60,0x004E5FDC,1404,0x004E5A60-0x004E5FDC,sub_4E5A60,,0x5410,game
42032fc2807f7dec6de1ed6efb9d18a70668a015f23e32d58149c9d9952bc0a7,0x004E5FE0,0x004E62FB,795,0x004E5FE0-0x004E62FB,sub_4E5FE0,,0x5410,game
42032fc2807f7dec6de1ed6efb9d18a70668a015f23e32d58149c9d9952bc0a7,0x004E6300,0x004E63FC,252,0x004E6300-0x004E63FC,sub_4E6300,,0x5410,game
42032fc2807f7dec6de1ed6efb9d18a70668a015f23e32d58149c9d9952bc0a7,0x004E6400,0x004E65B1,433,0x004E6400-0x004E65B1,sub_4E6400,,0x5410,game
42032fc2807f7dec6de1ed6efb9d18a70668a015f23e32d58149c9d9952bc0a7,0x004E65C0,0x004E673D,381,0x004E65C0-0x004E673D,sub_4E65C0,,0x5410,game
42032fc2807f7dec6de1ed6efb9d18a70668a015f23e32d58149c9d9952bc0a7,0x004E6740,0x004E68AB,363,0x004E6740-0x004E68AB,sub_4E6740,,0x5410,game
42032fc2807f7dec6de1ed6efb9d18a70668a015f23e32d58149c9d9952bc0a7,0x004E68B0,0x004E6E4E,1438,0x004E68B0-0x004E6E4E,sub_4E68B0,,0x5410,game
42032fc2807f7dec6de1ed6efb9d18a70668a015f23e32d58149c9d9952bc0a7,0x004E6E50,0x004E7306,1206,0x004E6E50-0x004E7306,sub_4E6E50,,0x5410,game
42032fc2807f7dec6de1ed6efb9d18a70668a015f23e32d58149c9d9952bc0a7,0x004E7310,0x004E7748,1080,0x004E7310-0x004E7748,sub_4E7310,,0x5410,game
42032fc2807f7dec6de1ed6efb9d18a70668a015f23e32d58149c9d9952bc0a7,0x004E7750,0x004E7DA3,1619,0x004E7750-0x004E7DA3,sub_4E7750,,0x5410,game
42032fc2807f7dec6de1ed6efb9d18a70668a015f23e32d58149c9d9952bc0a7,0x004E7DB0,0x004E7DBD,13,0x004E7DB0-0x004E7DBD,sub_4E7DB0,,0x5400,game
42032fc2807f7dec6de1ed6efb9d18a70668a015f23e32d58149c9d9952bc0a7,0x004E7DC0,0x004E7E34,116,0x004E7DC0-0x004E7E34,sub_4E7DC0,,0x5410,game
42032fc2807f7dec6de1ed6efb9d18a70668a015f23e32d58149c9d9952bc0a7,0x004E80B0,0x004E954B,5275,0x004E80B0-0x004E954B,sub_4E80B0,,0x5410,game
42032fc2807f7dec6de1ed6efb9d18a70668a015f23e32d58149c9d9952bc0a7,0x004E9550,0x004E9B4A,1530,0x004E9550-0x004E9B4A,sub_4E9550,,0x5410,game
42032fc2807f7dec6de1ed6efb9d18a70668a015f23e32d58149c9d9952bc0a7,0x004E9B60,0x004E9B61,1,0x004E9B60-0x004E9B61,nullsub_211,,0x5440,game
42032fc2807f7dec6de1ed6efb9d18a70668a015f23e32d58149c9d9952bc0a7,0x004E9B70,0x004E9CAD,317,0x004E9B70-0x004E9CAD,sub_4E9B70,,0x5410,game
42032fc2807f7dec6de1ed6efb9d18a70668a015f23e32d58149c9d9952bc0a7,0x004E9CB0,0x004EA1EF,1343,0x004E9CB0-0x004EA1EF,sub_4E9CB0,,0x5410,game
42032fc2807f7dec6de1ed6efb9d18a70668a015f23e32d58149c9d9952bc0a7,0x004EA1F0,0x004EA495,677,0x004EA1F0-0x004EA495,sub_4EA1F0,,0x5410,game
42032fc2807f7dec6de1ed6efb9d18a70668a015f23e32d58149c9d9952bc0a7,0x004EA4A0,0x004EA533,147,0x004EA4A0-0x004EA533,sub_4EA4A0,,0x5410,game
42032fc2807f7dec6de1ed6efb9d18a70668a015f23e32d58149c9d9952bc0a7,0x004EA540,0x004EB481,3905,0x004EA540-0x004EB481,sub_4EA540,,0x5410,game
42032fc2807f7dec6de1ed6efb9d18a70668a015f23e32d58149c9d9952bc0a7,0x004EB490,0x004EB551,193,0x004EB490-0x004EB551,sub_4EB490,,0x5410,game
42032fc2807f7dec6de1ed6efb9d18a70668a015f23e32d58149c9d9952bc0a7,0x004EB560,0x004EC3A6,3654,0x004EB560-0x004EC3A6,sub_4EB560,,0x5410,game
42032fc2807f7dec6de1ed6efb9d18a70668a015f23e32d58149c9d9952bc0a7,0x004EC3B0,0x004EC3E7,55,0x004EC3B0-0x004EC3E7,sub_4EC3B0,,0x5410,game
42032fc2807f7dec6de1ed6efb9d18a70668a015f23e32d58149c9d9952bc0a7,0x004EC3F0,0x004ECB84,1940,0x004EC3F0-0x004ECB84,sub_4EC3F0,,0x5410,game
42032fc2807f7dec6de1ed6efb9d18a70668a015f23e32d58149c9d9952bc0a7,0x004ECBF0,0x004EEF61,9073,0x004ECBF0-0x004EEF61,sub_4ECBF0,,0x5410,game
42032fc2807f7dec6de1ed6efb9d18a70668a015f23e32d58149c9d9952bc0a7,0x004EF090,0x004EF1B2,290,0x004EF090-0x004EF1B2,sub_4EF090,,0x5410,game
42032fc2807f7dec6de1ed6efb9d18a70668a015f23e32d58149c9d9952bc0a7,0x004EF1C0,0x004EFB4E,2446,0x004EF1C0-0x004EFB4E,sub_4EF1C0,,0x5410,game
42032fc2807f7dec6de1ed6efb9d18a70668a015f23e32d58149c9d9952bc0a7,0x004EFB50,0x004EFD4A,506,0x004EFB50-0x004EFD4A,sub_4EFB50,,0x5410,game
42032fc2807f7dec6de1ed6efb9d18a70668a015f23e32d58149c9d9952bc0a7,0x004EFD50,0x004EFE7F,303,0x004EFD50-0x004EFE7F,sub_4EFD50,,0x5410,game
42032fc2807f7dec6de1ed6efb9d18a70668a015f23e32d58149c9d9952bc0a7,0x004EFE80,0x004F045B,1499,0x004EFE80-0x004F045B,sub_4EFE80,,0x5410,game
42032fc2807f7dec6de1ed6efb9d18a70668a015f23e32d58149c9d9952bc0a7,0x004F0460,0x004F0645,485,0x004F0460-0x004F0645,sub_4F0460,,0x5410,game
42032fc2807f7dec6de1ed6efb9d18a70668a015f23e32d58149c9d9952bc0a7,0x004F0650,0x004F06D3,131,0x004F0650-0x004F06D3,sub_4F0650,,0x5410,game
42032fc2807f7dec6de1ed6efb9d18a70668a015f23e32d58149c9d9952bc0a7,0x004F06E0,0x004F07D8,248,0x004F06E0-0x004F07D8,sub_4F06E0,,0x5410,game
42032fc2807f7dec6de1ed6efb9d18a70668a015f23e32d58149c9d9952bc0a7,0x004F07E0,0x004F3FD8,16430,0x004F07E0-0x004F3FD8;0x0065C8A0-0x0065D0D6,sub_4F07E0,,0x5410,game
42032fc2807f7dec6de1ed6efb9d18a70668a015f23e32d58149c9d9952bc0a7,0x004F3FE0,0x004F4826,2118,0x004F3FE0-0x004F4826,sub_4F3FE0,,0x5410,game
42032fc2807f7dec6de1ed6efb9d18a70668a015f23e32d58149c9d9952bc0a7,0x004F4830,0x004F4DBB,1419,0x004F4830-0x004F4DBB,sub_4F4830,,0x5410,game
42032fc2807f7dec6de1ed6efb9d18a70668a015f23e32d58149c9d9952bc0a7,0x004F4DC0,0x004F4E73,179,0x004F4DC0-0x004F4E73,sub_4F4DC0,,0x5410,game
42032fc2807f7dec6de1ed6efb9d18a70668a015f23e32d58149c9d9952bc0a7,0x004F4E80,0x004F4FAB,299,0x004F4E80-0x004F4FAB,sub_4F4E80,,0x5410,game
42032fc2807f7dec6de1ed6efb9d18a70668a015f23e32d58149c9d9952bc0a7,0x004F4FB0,0x004F5CD6,3366,0x004F4FB0-0x004F5CD6,sub_4F4FB0,,0x5410,game
42032fc2807f7dec6de1ed6efb9d18a70668a015f23e32d58149c9d9952bc0a7,0x004F5CE0,0x004F5F25,581,0x004F5CE0-0x004F5F25,sub_4F5CE0,,0x5400,game
42032fc2807f7dec6de1ed6efb9d18a70668a015f23e32d58149c9d9952bc0a7,0x004F5F30,0x004F650C,1500,0x004F5F30-0x004F650C,sub_4F5F30,,0x5410,game
42032fc2807f7dec6de1ed6efb9d18a70668a015f23e32d58149c9d9952bc0a7,0x004F6510,0x004F65E7,215,0x004F6510-0x004F65E7,sub_4F6510,,0x5410,game
42032fc2807f7dec6de1ed6efb9d18a70668a015f23e32d58149c9d9952bc0a7,0x004F65F0,0x004F67E3,499,0x004F65F0-0x004F67E3,sub_4F65F0,,0x5410,game
42032fc2807f7dec6de1ed6efb9d18a70668a015f23e32d58149c9d9952bc0a7,0x004F67F0,0x004F79B3,4547,0x004F67F0-0x004F79B3,sub_4F67F0,,0x5410,game
42032fc2807f7dec6de1ed6efb9d18a70668a015f23e32d58149c9d9952bc0a7,0x004F79C0,0x004F7FDA,1562,0x004F79C0-0x004F7FDA,sub_4F79C0,,0x5410,game
42032fc2807f7dec6de1ed6efb9d18a70668a015f23e32d58149c9d9952bc0a7,0x004F7FE0,0x004F8087,167,0x004F7FE0-0x004F8087,sub_4F7FE0,,0x5410,game
42032fc2807f7dec6de1ed6efb9d18a70668a015f23e32d58149c9d9952bc0a7,0x004F8090,0x004F80CB,59,0x004F8090-0x004F80CB,sub_4F8090,"int __cdecl sub_4F8090(int Number, int);",0x5410,game
42032fc2807f7dec6de1ed6efb9d18a70668a015f23e32d58149c9d9952bc0a7,0x004F80D0,0x004F8103,51,0x004F80D0-0x004F8103,sub_4F80D0,,0x5410,game
42032fc2807f7dec6de1ed6efb9d18a70668a015f23e32d58149c9d9952bc0a7,0x004F8110,0x004F8195,133,0x004F8110-0x004F8195,sub_4F8110,,0x5410,game
42032fc2807f7dec6de1ed6efb9d18a70668a015f23e32d58149c9d9952bc0a7,0x004F81A0,0x004FFFB8,32280,0x004F81A0-0x004FFFB8,sub_4F81A0,,0x5410,game
42032fc2807f7dec6de1ed6efb9d18a70668a015f23e32d58149c9d9952bc0a7,0x00500120,0x00500128,8,0x00500120-0x00500128,sub_500120,,0x5400,game
42032fc2807f7dec6de1ed6efb9d18a70668a015f23e32d58149c9d9952bc0a7,0x00500130,0x00500146,22,0x00500130-0x00500146,sub_500130,int __cdecl sub_500130(char *Source);,0x5410,game
42032fc2807f7dec6de1ed6efb9d18a70668a015f23e32d58149c9d9952bc0a7,0x00500150,0x0050017B,43,0x00500150-0x0050017B,sub_500150,,0x5410,game
42032fc2807f7dec6de1ed6efb9d18a70668a015f23e32d58149c9d9952bc0a7,0x00500180,0x005001A9,41,0x00500180-0x005001A9,sub_500180,,0x5410,game
42032fc2807f7dec6de1ed6efb9d18a70668a015f23e32d58149c9d9952bc0a7,0x005001B0,0x005001D5,37,0x005001B0-0x005001D5,sub_5001B0,,0x5410,game
42032fc2807f7dec6de1ed6efb9d18a70668a015f23e32d58149c9d9952bc0a7,0x005001E0,0x00500211,49,0x005001E0-0x00500211,sub_5001E0,,0x5410,game
42032fc2807f7dec6de1ed6efb9d18a70668a015f23e32d58149c9d9952bc0a7,0x00500220,0x00500249,41,0x00500220-0x00500249,sub_500220,,0x5410,game
42032fc2807f7dec6de1ed6efb9d18a70668a015f23e32d58149c9d9952bc0a7,0x00500250,0x00500288,56,0x00500250-0x00500288,sub_500250,,0x5410,game
42032fc2807f7dec6de1ed6efb9d18a70668a015f23e32d58149c9d9952bc0a7,0x00500290,0x005002DE,78,0x00500290-0x005002DE,sub_500290,,0x5410,game
42032fc2807f7dec6de1ed6efb9d18a70668a015f23e32d58149c9d9952bc0a7,0x005002E0,0x005002EF,15,0x005002E0-0x005002EF,?_Get_future_error_what@std@@YAPBDH@Z,const char *__cdecl std___Get_future_error_what(int);,0x5454,library
42032fc2807f7dec6de1ed6efb9d18a70668a015f23e32d58149c9d9952bc0a7,0x005002F0,0x00500319,41,0x005002F0-0x00500319,sub_5002F0,,0x5410,game
42032fc2807f7dec6de1ed6efb9d18a70668a015f23e32d58149c9d9952bc0a7,0x00500320,0x0050037C,92,0x00500320-0x0050037C,sub_500320,,0x5410,game
42032fc2807f7dec6de1ed6efb9d18a70668a015f23e32d58149c9d9952bc0a7,0x005004F0,0x00500518,40,0x005004F0-0x00500518,sub_5004F0,,0x5410,game
42032fc2807f7dec6de1ed6efb9d18a70668a015f23e32d58149c9d9952bc0a7,0x00500520,0x00500556,54,0x00500520-0x00500556,sub_500520,,0x5410,game
42032fc2807f7dec6de1ed6efb9d18a70668a015f23e32d58149c9d9952bc0a7,0x00500560,0x00500B51,1521,0x00500560-0x00500B51,sub_500560,,0x5410,game
42032fc2807f7dec6de1ed6efb9d18a70668a015f23e32d58149c9d9952bc0a7,0x00500B60,0x005010BB,1371,0x00500B60-0x005010BB,sub_500B60,,0x5410,game
42032fc2807f7dec6de1ed6efb9d18a70668a015f23e32d58149c9d9952bc0a7,0x005010C0,0x0050134F,655,0x005010C0-0x0050134F,sub_5010C0,,0x5410,game
42032fc2807f7dec6de1ed6efb9d18a70668a015f23e32d58149c9d9952bc0a7,0x00501350,0x005014F1,417,0x00501350-0x005014F1,sub_501350,,0x5410,game
42032fc2807f7dec6de1ed6efb9d18a70668a015f23e32d58149c9d9952bc0a7,0x00501500,0x005015AB,171,0x00501500-0x005015AB,sub_501500,,0x5410,game
42032fc2807f7dec6de1ed6efb9d18a70668a015f23e32d58149c9d9952bc0a7,0x005015B0,0x00501940,912,0x005015B0-0x00501940,sub_5015B0,,0x5410,game
42032fc2807f7dec6de1ed6efb9d18a70668a015f23e32d58149c9d9952bc0a7,0x00501940,0x00501D26,998,0x00501940-0x00501D26,sub_501940,,0x5410,game
42032fc2807f7dec6de1ed6efb9d18a70668a015f23e32d58149c9d9952bc0a7,0x00501D30,0x00501D47,23,0x00501D30-0x00501D47,sub_501D30,,0x5400,game
42032fc2807f7dec6de1ed6efb9d18a70668a015f23e32d58149c9d9952bc0a7,0x00501DA0,0x005044C4,10020,0x00501DA0-0x005044C4,sub_501DA0,,0x5410,game
42032fc2807f7dec6de1ed6efb9d18a70668a015f23e32d58149c9d9952bc0a7,0x005044D0,0x00504A9B,1483,0x005044D0-0x00504A9B,sub_5044D0,,0x5410,game
42032fc2807f7dec6de1ed6efb9d18a70668a015f23e32d58149c9d9952bc0a7,0x00504AA0,0x00505D1B,4731,0x00504AA0-0x00505D1B,sub_504AA0,,0x5410,game
42032fc2807f7dec6de1ed6efb9d18a70668a015f23e32d58149c9d9952bc0a7,0x00505D20,0x00505D2A,10,0x00505D20-0x00505D2A,unknown_libname_271,void __cdecl unknown_libname_271();,0x5444,library
42032fc2807f7dec6de1ed6efb9d18a70668a015f23e32d58149c9d9952bc0a7,0x00505D30,0x00505D3A,10,0x00505D30-0x00505D3A,unknown_libname_272,void __cdecl unknown_libname_272();,0x5444,library
42032fc2807f7dec6de1ed6efb9d18a70668a015f23e32d58149c9d9952bc0a7,0x00505D40,0x00505D57,23,0x00505D40-0x00505D57,sub_505D40,void __cdecl sub_505D40();,0x5400,game
42032fc2807f7dec6de1ed6efb9d18a70668a015f23e32d58149c9d9952bc0a7,0x00505D60,0x00505D77,23,0x00505D60-0x00505D77,sub_505D60,void __cdecl sub_505D60();,0x5400,game
42032fc2807f7dec6de1ed6efb9d18a70668a015f23e32d58149c9d9952bc0a7,0x00505D80,0x0050612A,938,0x00505D80-0x0050612A,sub_505D80,,0x5410,game
42032fc2807f7dec6de1ed6efb9d18a70668a015f23e32d58149c9d9952bc0a7,0x00506130,0x005061AE,126,0x00506130-0x005061AE,sub_506130,,0x5410,game
42032fc2807f7dec6de1ed6efb9d18a70668a015f23e32d58149c9d9952bc0a7,0x005062B0,0x0050648B,475,0x005062B0-0x0050648B,sub_5062B0,,0x5410,game
42032fc2807f7dec6de1ed6efb9d18a70668a015f23e32d58149c9d9952bc0a7,0x00506490,0x00506646,438,0x00506490-0x00506646,sub_506490,,0x5410,game
42032fc2807f7dec6de1ed6efb9d18a70668a015f23e32d58149c9d9952bc0a7,0x00506650,0x00506A53,1027,0x00506650-0x00506A53,sub_506650,,0x5410,game
42032fc2807f7dec6de1ed6efb9d18a70668a015f23e32d58149c9d9952bc0a7,0x00506A60,0x00506AEB,139,0x00506A60-0x00506AEB,sub_506A60,,0x5410,game
42032fc2807f7dec6de1ed6efb9d18a70668a015f23e32d58149c9d9952bc0a7,0x00506AF0,0x0050B893,19875,0x00506AF0-0x0050B893,sub_506AF0,"int __cdecl sub_506AF0(int, int, int, int, int x, int, int);",0x5410,game
42032fc2807f7dec6de1ed6efb9d18a70668a015f23e32d58149c9d9952bc0a7,0x0050B8A0,0x0050B8CA,42,0x0050B8A0-0x0050B8CA,sub_50B8A0,int __cdecl sub_50B8A0(int Value);,0x5410,game
42032fc2807f7dec6de1ed6efb9d18a70668a015f23e32d58149c9d9952bc0a7,0x0050B8D0,0x0050B8EF,31,0x0050B8D0-0x0050B8EF,sub_50B8D0,,0x5410,game
42032fc2807f7dec6de1ed6efb9d18a70668a015f23e32d58149c9d9952bc0a7,0x0050B8F0,0x0050B90A,26,0x0050B8F0-0x0050B90A,sub_50B8F0,,0x5410,game
42032fc2807f7dec6de1ed6efb9d18a70668a015f23e32d58149c9d9952bc0a7,0x0050B910,0x0050B92A,26,0x0050B910-0x0050B92A,sub_50B910,,0x5410,game
42032fc2807f7dec6de1ed6efb9d18a70668a015f23e32d58149c9d9952bc0a7,0x0050B930,0x0050B964,52,0x0050B930-0x0050B964,sub_50B930,,0x5410,game
42032fc2807f7dec6de1ed6efb9d18a70668a015f23e32d58149c9d9952bc0a7,0x0050B970,0x0050B991,33,0x0050B970-0x0050B991,sub_50B970,"int __cdecl sub_50B970(int, char *Str, int);",0x5410,game
42032fc2807f7dec6de1ed6efb9d18a70668a015f23e32d58149c9d9952bc0a7,0x0050B9A0,0x0050B9B6,22,0x0050B9A0-0x0050B9B6,sub_50B9A0,,0x5410,game
42032fc2807f7dec6de1ed6efb9d18a70668a015f23e32d58149c9d9952bc0a7,0x0050B9C0,0x0050B9DE,30,0x0050B9C0-0x0050B9DE,sub_50B9C0,"int __cdecl sub_50B9C0(int, char *Str);",0x5410,game
42032fc2807f7dec6de1ed6efb9d18a70668a015f23e32d58149c9d9952bc0a7,0x0050B9E0,0x0050B9FE,30,0x0050B9E0-0x0050B9FE,sub_50B9E0,"int __cdecl sub_50B9E0(int, char *Str);",0x5410,game
42032fc2807f7dec6de1ed6efb9d18a70668a015f23e32d58149c9d9952bc0a7,0x0050BA00,0x0050BA27,39,0x0050BA00-0x0050BA27,sub_50BA00,,0x5410,game
42032fc2807f7dec6de1ed6efb9d18a70668a015f23e32d58149c9d9952bc0a7,0x0050BA30,0x0050BA4E,30,0x0050BA30-0x0050BA4E,sub_50BA30,,0x5410,game
42032fc2807f7dec6de1ed6efb9d18a70668a015f23e32d58149c9d9952bc0a7,0x0050BA50,0x0050BCB6,614,0x0050BA50-0x0050BCB6,sub_50BA50,,0x5410,game
42032fc2807f7dec6de1ed6efb9d18a70668a015f23e32d58149c9d9952bc0a7,0x0050BCC0,0x0050C2D7,1559,0x0050BCC0-0x0050C2D7,sub_50BCC0,,0x5410,game
42032fc2807f7dec6de1ed6efb9d18a70668a015f23e32d58149c9d9952bc0a7,0x0050C2E0,0x0050C332,82,0x0050C2E0-0x0050C332,sub_50C2E0,,0x5410,game
42032fc2807f7dec6de1ed6efb9d18a70668a015f23e32d58149c9d9952bc0a7,0x0050C340,0x0050C4AF,367,0x0050C340-0x0050C4AF,sub_50C340,,0x5410,game
42032fc2807f7dec6de1ed6efb9d18a70668a015f23e32d58149c9d9952bc0a7,0x0050C4B0,0x0050C504,84,0x0050C4B0-0x0050C504,sub_50C4B0,,0x5410,game
42032fc2807f7dec6de1ed6efb9d18a70668a015f23e32d58149c9d9952bc0a7,0x0050C510,0x0050DD8F,6271,0x0050C510-0x0050DD8F,sub_50C510,,0x5410,game
42032fc2807f7dec6de1ed6efb9d18a70668a015f23e32d58149c9d9952bc0a7,0x0050DD90,0x0050DDBA,42,0x0050DD90-0x0050DDBA,sub_50DD90,,0x5410,game
42032fc2807f7dec6de1ed6efb9d18a70668a015f23e32d58149c9d9952bc0a7,0x0050DDC0,0x0050DE00,64,0x0050DDC0-0x0050DE00,sub_50DDC0,,0x5410,game
42032fc2807f7dec6de1ed6efb9d18a70668a015f23e32d58149c9d9952bc0a7,0x0050DE00,0x0050DE49,73,0x0050DE00-0x0050DE49,sub_50DE00,,0x5410,game
42032fc2807f7dec6de1ed6efb9d18a70668a015f23e32d58149c9d9952bc0a7,0x0050DE50,0x0050DF28,216,0x0050DE50-0x0050DF28,sub_50DE50,,0x5410,game
42032fc2807f7dec6de1ed6efb9d18a70668a015f23e32d58149c9d9952bc0a7,0x0050DF30,0x0050E021,241,0x0050DF30-0x0050E021,sub_50DF30,,0x5410,game
42032fc2807f7dec6de1ed6efb9d18a70668a015f23e32d58149c9d9952bc0a7,0x0050E030,0x0050E15A,298,0x0050E030-0x0050E15A,sub_50E030,,0x5410,game
42032fc2807f7dec6de1ed6efb9d18a70668a015f23e32d58149c9d9952bc0a7,0x0050E160,0x0050E306,422,0x0050E160-0x0050E306,sub_50E160,,0x5410,game
42032fc2807f7dec6de1ed6efb9d18a70668a015f23e32d58149c9d9952bc0a7,0x0050E310,0x0050E3BD,173,0x0050E310-0x0050E3BD,sub_50E310,,0x5410,game
42032fc2807f7dec6de1ed6efb9d18a70668a015f23e32d58149c9d9952bc0a7,0x0050E3C0,0x0050E5BE,510,0x0050E3C0-0x0050E5BE,sub_50E3C0,,0x5410,game
42032fc2807f7dec6de1ed6efb9d18a70668a015f23e32d58149c9d9952bc0a7,0x0050E5C0,0x0050E81C,604,0x0050E5C0-0x0050E81C,sub_50E5C0,,0x5410,game
42032fc2807f7dec6de1ed6efb9d18a70668a015f23e32d58149c9d9952bc0a7,0x0050E820,0x0050E84D,45,0x0050E820-0x0050E84D,sub_50E820,,0x5410,game
42032fc2807f7dec6de1ed6efb9d18a70668a015f23e32d58149c9d9952bc0a7,0x0050E850,0x0050E868,24,0x0050E850-0x0050E868,sub_50E850,,0x5400,game
42032fc2807f7dec6de1ed6efb9d18a70668a015f23e32d58149c9d9952bc0a7,0x0050E870,0x0050E884,20,0x0050E870-0x0050E884,unknown_libname_273,void __cdecl unknown_libname_273();,0x5444,library
42032fc2807f7dec6de1ed6efb9d18a70668a015f23e32d58149c9d9952bc0a7,0x0050E890,0x0050E97E,238,0x0050E890-0x0050E97E,sub_50E890,,0x5400,game
42032fc2807f7dec6de1ed6efb9d18a70668a015f23e32d58149c9d9952bc0a7,0x0050E980,0x0050E996,22,0x0050E980-0x0050E996,sub_50E980,,0x5400,game
42032fc2807f7dec6de1ed6efb9d18a70668a015f23e32d58149c9d9952bc0a7,0x0050E9A0,0x0050E9AA,10,0x0050E9A0-0x0050E9AA,unknown_libname_274,void __cdecl unknown_libname_274();,0x5444,library
42032fc2807f7dec6de1ed6efb9d18a70668a015f23e32d58149c9d9952bc0a7,0x0050E9B0,0x0050E9EE,62,0x0050E9B0-0x0050E9EE,sub_50E9B0,,0x5400,game
42032fc2807f7dec6de1ed6efb9d18a70668a015f23e32d58149c9d9952bc0a7,0x0050E9F0,0x0050EA22,50,0x0050E9F0-0x0050EA22,sub_50E9F0,void __cdecl sub_50E9F0();,0x5400,game
42032fc2807f7dec6de1ed6efb9d18a70668a015f23e32d58149c9d9952bc0a7,0x0050EA30,0x0050EA3E,14,0x0050EA30-0x0050EA3E,?Reinitialize@?$StructuredWorkStealingQueue@V_UnrealizedChore@details@Concurrency@@V_CriticalNonReentrantLock@23@@details@Concurrency@@QAEXXZ,,0x5444,library
42032fc2807f7dec6de1ed6efb9d18a70668a015f23e32d58149c9d9952bc0a7,0x0050EA40,0x0050EE25,997,0x0050EA40-0x0050EE25,sub_50EA40,,0x5410,game
42032fc2807f7dec6de1ed6efb9d18a70668a015f23e32d58149c9d9952bc0a7,0x0050EE30,0x0050EE7D,77,0x0050EE30-0x0050EE7D,sub_50EE30,,0x5400,game
42032fc2807f7dec6de1ed6efb9d18a70668a015f23e32d58149c9d9952bc0a7,0x0050EF10,0x0050EF42,50,0x0050EF10-0x0050EF42,sub_50EF10,,0x5400,game
42032fc2807f7dec6de1ed6efb9d18a70668a015f23e32d58149c9d9952bc0a7,0x0050EF50,0x0050F166,534,0x0050EF50-0x0050F166,sub_50EF50,,0x5410,game
42032fc2807f7dec6de1ed6efb9d18a70668a015f23e32d58149c9d9952bc0a7,0x0050F170,0x0050F3C4,596,0x0050F170-0x0050F3C4,sub_50F170,,0x5410,game
42032fc2807f7dec6de1ed6efb9d18a70668a015f23e32d58149c9d9952bc0a7,0x0050F3D0,0x0050F431,97,0x0050F3D0-0x0050F431,sub_50F3D0,,0x5400,game
42032fc2807f7dec6de1ed6efb9d18a70668a015f23e32d58149c9d9952bc0a7,0x0050F440,0x0050F45E,30,0x0050F440-0x0050F45E,sub_50F440,,0x5400,game
42032fc2807f7dec6de1ed6efb9d18a70668a015f23e32d58149c9d9952bc0a7,0x0050F460,0x0050F629,616,0x0050F460-0x0050F629;0x0065D250-0x0065D2EF,sub_50F460,,0x5410,game
42032fc2807f7dec6de1ed6efb9d18a70668a015f23e32d58149c9d9952bc0a7,0x0050F640,0x0050F643,3,0x0050F640-0x0050F643,nullsub_212,,0x5440,game
42032fc2807f7dec6de1ed6efb9d18a70668a015f23e32d58149c9d9952bc0a7,0x0050F650,0x0050F67B,43,0x0050F650-0x0050F67B,sub_50F650,,0x5400,game
42032fc2807f7dec6de1ed6efb9d18a70668a015f23e32d58149c9d9952bc0a7,0x0050F680,0x0050F951,721,0x0050F680-0x0050F951,sub_50F680,,0x5410,game
42032fc2807f7dec6de1ed6efb9d18a70668a015f23e32d58149c9d9952bc0a7,0x0050F960,0x0050FB08,424,0x0050F960-0x0050FB08,sub_50F960,,0x5410,game
42032fc2807f7dec6de1ed6efb9d18a70668a015f23e32d58149c9d9952bc0a7,0x0050FB10,0x0050FE69,857,0x0050FB10-0x0050FE69,sub_50FB10,,0x5410,game
42032fc2807f7dec6de1ed6efb9d18a70668a015f23e32d58149c9d9952bc0a7,0x0050FE70,0x0051010A,666,0x0050FE70-0x0051010A,sub_50FE70,,0x5410,game
42032fc2807f7dec6de1ed6efb9d18a70668a015f23e32d58149c9d9952bc0a7,0x00510110,0x005103FF,751,0x00510110-0x005103FF,sub_510110,,0x5410,game
42032fc2807f7dec6de1ed6efb9d18a70668a015f23e32d58149c9d9952bc0a7,0x00510490,0x0051051D,141,0x00510490-0x0051051D,sub_510490,,0x5410,game
42032fc2807f7dec6de1ed6efb9d18a70668a015f23e32d58149c9d9952bc0a7,0x00510520,0x005105BE,158,0x00510520-0x005105BE,sub_510520,,0x5400,game
42032fc2807f7dec6de1ed6efb9d18a70668a015f23e32d58149c9d9952bc0a7,0x005105C0,0x005107D5,533,0x005105C0-0x005107D5,sub_5105C0,,0x5410,game
42032fc2807f7dec6de1ed6efb9d18a70668a015f23e32d58149c9d9952bc0a7,0x005107E0,0x00510899,185,0x005107E0-0x00510899,sub_5107E0,,0x5410,game
42032fc2807f7dec6de1ed6efb9d18a70668a015f23e32d58149c9d9952bc0a7,0x005108A0,0x005109A3,259,0x005108A0-0x005109A3,sub_5108A0,,0x5410,game
42032fc2807f7dec6de1ed6efb9d18a70668a015f23e32d58149c9d9952bc0a7,0x005109B0,0x00510A59,169,0x005109B0-0x00510A59,sub_5109B0,,0x5410,game
42032fc2807f7dec6de1ed6efb9d18a70668a015f23e32d58149c9d9952bc0a7,0x00510B70,0x00510C89,281,0x00510B70-0x00510C89,sub_510B70,,0x5400,game
42032fc2807f7dec6de1ed6efb9d18a70668a015f23e32d58149c9d9952bc0a7,0x00510CE0,0x00510F48,616,0x00510CE0-0x00510F48,sub_510CE0,,0x5410,game
42032fc2807f7dec6de1ed6efb9d18a70668a015f23e32d58149c9d9952bc0a7,0x00510F50,0x00511471,1313,0x00510F50-0x00511471,sub_510F50,int __thiscall sub_510F50(int);,0x5410,game
42032fc2807f7dec6de1ed6efb9d18a70668a015f23e32d58149c9d9952bc0a7,0x00511480,0x00511518,152,0x00511480-0x00511518,sub_511480,,0x5410,game
42032fc2807f7dec6de1ed6efb9d18a70668a015f23e32d58149c9d9952bc0a7,0x00511520,0x005117FD,733,0x00511520-0x005117FD,sub_511520,"int __thiscall sub_511520(int, int);",0x5410,game
42032fc2807f7dec6de1ed6efb9d18a70668a015f23e32d58149c9d9952bc0a7,0x00511800,0x00511BA8,936,0x00511800-0x00511BA8,sub_511800,,0x5410,game
42032fc2807f7dec6de1ed6efb9d18a70668a015f23e32d58149c9d9952bc0a7,0x00511BB0,0x00513B85,8149,0x00511BB0-0x00513B85,sub_511BB0,,0x5410,game
42032fc2807f7dec6de1ed6efb9d18a70668a015f23e32d58149c9d9952bc0a7,0x00513B90,0x00513FB9,1065,0x00513B90-0x00513FB9,sub_513B90,,0x5410,game
42032fc2807f7dec6de1ed6efb9d18a70668a015f23e32d58149c9d9952bc0a7,0x00513FC0,0x0051404E,142,0x00513FC0-0x0051404E,sub_513FC0,,0x5400,game
42032fc2807f7dec6de1ed6efb9d18a70668a015f23e32d58149c9d9952bc0a7,0x00514050,0x005147DA,1930,0x00514050-0x005147DA,sub_514050,int __thiscall sub_514050(int);,0x5410,game
42032fc2807f7dec6de1ed6efb9d18a70668a015f23e32d58149c9d9952bc0a7,0x005147E0,0x0051487D,157,0x005147E0-0x0051487D,sub_5147E0,,0x5410,game
42032fc2807f7dec6de1ed6efb9d18a70668a015f23e32d58149c9d9952bc0a7,0x00514880,0x005148AA,42,0x00514880-0x005148AA,sub_514880,,0x5410,game
42032fc2807f7dec6de1ed6efb9d18a70668a015f23e32d58149c9d9952bc0a7,0x00514B30,0x00514D2B,507,0x00514B30-0x00514D2B,sub_514B30,,0x5400,game
42032fc2807f7dec6de1ed6efb9d18a70668a015f23e32d58149c9d9952bc0a7,0x00514EF0,0x00514EFD,13,0x00514EF0-0x00514EFD,unknown_libname_276,,0x5444,library
42032fc2807f7dec6de1ed6efb9d18a70668a015f23e32d58149c9d9952bc0a7,0x00514F00,0x00514F0D,13,0x00514F00-0x00514F0D,sub_514F00,,0x5400,game
42032fc2807f7dec6de1ed6efb9d18a70668a015f23e32d58149c9d9952bc0a7,0x00514F10,0x00514F1D,13,0x00514F10-0x00514F1D,sub_514F10,,0x5400,game
42032fc2807f7dec6de1ed6efb9d18a70668a015f23e32d58149c9d9952bc0a7,0x00514F20,0x00514F2D,13,0x00514F20-0x00514F2D,sub_514F20,,0x5400,game
42032fc2807f7dec6de1ed6efb9d18a70668a015f23e32d58149c9d9952bc0a7,0x00514F30,0x00514F3D,13,0x00514F30-0x00514F3D,sub_514F30,,0x5400,game
42032fc2807f7dec6de1ed6efb9d18a70668a015f23e32d58149c9d9952bc0a7,0x00514F40,0x00514F4D,13,0x00514F40-0x00514F4D,sub_514F40,,0x5400,game
42032fc2807f7dec6de1ed6efb9d18a70668a015f23e32d58149c9d9952bc0a7,0x00514F50,0x0051500F,191,0x00514F50-0x0051500F,sub_514F50,,0x5410,game
42032fc2807f7dec6de1ed6efb9d18a70668a015f23e32d58149c9d9952bc0a7,0x00515010,0x005150C2,178,0x00515010-0x005150C2,sub_515010,,0x5410,game
42032fc2807f7dec6de1ed6efb9d18a70668a015f23e32d58149c9d9952bc0a7,0x005150D0,0x005153DF,783,0x005150D0-0x005153DF,sub_5150D0,,0x5410,game
42032fc2807f7dec6de1ed6efb9d18a70668a015f23e32d58149c9d9952bc0a7,0x00515400,0x00515423,35,0x00515400-0x00515423,sub_515400,,0x5400,game
42032fc2807f7dec6de1ed6efb9d18a70668a015f23e32d58149c9d9952bc0a7,0x00515450,0x0051552B,219,0x00515450-0x0051552B,sub_515450,,0x5400,game
42032fc2807f7dec6de1ed6efb9d18a70668a015f23e32d58149c9d9952bc0a7,0x00515760,0x00515761,1,0x00515760-0x00515761,nullsub_213,,0x5440,game
42032fc2807f7dec6de1ed6efb9d18a70668a015f23e32d58149c9d9952bc0a7,0x00515770,0x005158F4,388,0x00515770-0x005158F4,sub_515770,,0x5410,game
42032fc2807f7dec6de1ed6efb9d18a70668a015f23e32d58149c9d9952bc0a7,0x00515900,0x00515EE6,1770,0x00515900-0x00515EE6;0x0065D2EF-0x0065D3F3,sub_515900,,0x5410,game
42032fc2807f7dec6de1ed6efb9d18a70668a015f23e32d58149c9d9952bc0a7,0x00515F70,0x00516291,1022,0x00515F70-0x00516291;0x0065D3F3-0x0065D4D0,sub_515F70,,0x5410,game
42032fc2807f7dec6de1ed6efb9d18a70668a015f23e32d58149c9d9952bc0a7,0x005162A0,0x0051648F,495,0x005162A0-0x0051648F,sub_5162A0,,0x5410,game
42032fc2807f7dec6de1ed6efb9d18a70668a015f23e32d58149c9d9952bc0a7,0x00516490,0x005165A6,278,0x00516490-0x005165A6,sub_516490,,0x5410,game
42032fc2807f7dec6de1ed6efb9d18a70668a015f23e32d58149c9d9952bc0a7,0x005165B0,0x005166C3,275,0x005165B0-0x005166C3,sub_5165B0,,0x5410,game
42032fc2807f7dec6de1ed6efb9d18a70668a015f23e32d58149c9d9952bc0a7,0x005166D0,0x005168B7,487,0x005166D0-0x005168B7,sub_5166D0,,0x5410,game
42032fc2807f7dec6de1ed6efb9d18a70668a015f23e32d58149c9d9952bc0a7,0x005169F0,0x00516C4D,605,0x005169F0-0x00516C4D,sub_5169F0,int __thiscall sub_5169F0(int);,0x5400,game
42032fc2807f7dec6de1ed6efb9d18a70668a015f23e32d58149c9d9952bc0a7,0x00516C50,0x00516D98,328,0x00516C50-0x00516D98,sub_516C50,,0x5400,game
42032fc2807f7dec6de1ed6efb9d18a70668a015f23e32d58149c9d9952bc0a7,0x00517060,0x00517173,275,0x00517060-0x00517173,sub_517060,,0x5400,game
42032fc2807f7dec6de1ed6efb9d18a70668a015f23e32d58149c9d9952bc0a7,0x005171D0,0x0051778A,1466,0x005171D0-0x0051778A,sub_5171D0,,0x5410,game
42032fc2807f7dec6de1ed6efb9d18a70668a015f23e32d58149c9d9952bc0a7,0x005178C0,0x0051B66F,15809,0x005178C0-0x0051B66F;0x0065D4D0-0x0065D4E2,sub_5178C0,"int __stdcall sub_5178C0(int C, int);",0x5410,game
42032fc2807f7dec6de1ed6efb9d18a70668a015f23e32d58149c9d9952bc0a7,0x0051BBA0,0x0051BC62,194,0x0051BBA0-0x0051BC62,sub_51BBA0,,0x5410,game
42032fc2807f7dec6de1ed6efb9d18a70668a015f23e32d58149c9d9952bc0a7,0x0051BC70,0x0051D23E,5582,0x0051BC70-0x0051D23E,sub_51BC70,"int __thiscall sub_51BC70(int, int);",0x5410,game
42032fc2807f7dec6de1ed6efb9d18a70668a015f23e32d58149c9d9952bc0a7,0x0051D720,0x0051D733,19,0x0051D720-0x0051D733,sub_51D720,,0x5410,game
42032fc2807f7dec6de1ed6efb9d18a70668a015f23e32d58149c9d9952bc0a7,0x0051D7C0,0x0051D7CB,11,0x0051D7C0-0x0051D7CB,___setargv,,0x5444,library
42032fc2807f7dec6de1ed6efb9d18a70668a015f23e32d58149c9d9952bc0a7,0x0051D7D0,0x0051D88E,190,0x0051D7D0-0x0051D88E,sub_51D7D0,,0x5400,game
42032fc2807f7dec6de1ed6efb9d18a70668a015f23e32d58149c9d9952bc0a7,0x0051D890,0x0051D9CF,319,0x0051D890-0x0051D9CF,sub_51D890,,0x5400,game
42032fc2807f7dec6de1ed6efb9d18a70668a015f23e32d58149c9d9952bc0a7,0x0051D9D0,0x0051D9D1,1,0x0051D9D0-0x0051D9D1,nullsub_214,,0x5440,game
42032fc2807f7dec6de1ed6efb9d18a70668a015f23e32d58149c9d9952bc0a7,0x0051D9E0,0x0051D9E1,1,0x0051D9E0-0x0051D9E1,nullsub_215,,0x5440,game
42032fc2807f7dec6de1ed6efb9d18a70668a015f23e32d58149c9d9952bc0a7,0x0051D9F0,0x0051DC10,864,0x0051D9F0-0x0051DC10;0x0065D0E0-0x0065D220,sub_51D9F0,,0x5410,game
42032fc2807f7dec6de1ed6efb9d18a70668a015f23e32d58149c9d9952bc0a7,0x0051DC10,0x0051DC86,164,0x0051DC10-0x0051DC86;0x0065D220-0x0065D24E,sub_51DC10,,0x5410,game
42032fc2807f7dec6de1ed6efb9d18a70668a015f23e32d58149c9d9952bc0a7,0x0051DC90,0x0051DCB1,33,0x0051DC90-0x0051DCB1,sub_51DC90,"int __thiscall sub_51DC90(void *Block, char);",0x5410,game
42032fc2807f7dec6de1ed6efb9d18a70668a015f23e32d58149c9d9952bc0a7,0x0051DCC0,0x0051DCF6,54,0x0051DCC0-0x0051DCF6,sub_51DCC0,,0x5410,game
42032fc2807f7dec6de1ed6efb9d18a70668a015f23e32d58149c9d9952bc0a7,0x0051DD00,0x0051DDE0,224,0x0051DD00-0x0051DDE0,sub_51DD00,,0x5400,game
42032fc2807f7dec6de1ed6efb9d18a70668a015f23e32d58149c9d9952bc0a7,0x0051DDE0,0x0051DE26,70,0x0051DDE0-0x0051DE26,sub_51DDE0,,0x5400,game
42032fc2807f7dec6de1ed6efb9d18a70668a015f23e32d58149c9d9952bc0a7,0x0051DE30,0x0051DE3E,14,0x0051DE30-0x0051DE3E,sub_51DE30,,0x5400,game
42032fc2807f7dec6de1ed6efb9d18a70668a015f23e32d58149c9d9952bc0a7,0x0051DE40,0x0051DE4E,38,0x0046B1D0-0x0046B1E8;0x0051DE40-0x0051DE4E,sub_51DE40,,0x5400,game
42032fc2807f7dec6de1ed6efb9d18a70668a015f23e32d58149c9d9952bc0a7,0x0051DE50,0x0051DE5E,40,0x0046FA00-0x0046FA1A;0x0051DE50-0x0051DE5E,sub_51DE50,,0x5400,game
42032fc2807f7dec6de1ed6efb9d18a70668a015f23e32d58149c9d9952bc0a7,0x0051DE60,0x0051DE68,8,0x0051DE60-0x0051DE68,sub_51DE60,,0x5400,game
42032fc2807f7dec6de1ed6efb9d18a70668a015f23e32d58149c9d9952bc0a7,0x0051DE70,0x0051DE7E,14,0x0051DE70-0x0051DE7E,sub_51DE70,,0x5400,game
42032fc2807f7dec6de1ed6efb9d18a70668a015f23e32d58149c9d9952bc0a7,0x0051DE80,0x0051DE8E,14,0x0051DE80-0x0051DE8E,sub_51DE80,,0x5400,game
42032fc2807f7dec6de1ed6efb9d18a70668a015f23e32d58149c9d9952bc0a7,0x0051DE90,0x0051DE9E,14,0x0051DE90-0x0051DE9E,sub_51DE90,,0x5400,game
42032fc2807f7dec6de1ed6efb9d18a70668a015f23e32d58149c9d9952bc0a7,0x0051DEA0,0x0051DEAE,14,0x0051DEA0-0x0051DEAE,sub_51DEA0,,0x5400,game
42032fc2807f7dec6de1ed6efb9d18a70668a015f23e32d58149c9d9952bc0a7,0x0051DEB0,0x0051DEBE,14,0x0051DEB0-0x0051DEBE,sub_51DEB0,,0x5400,game
42032fc2807f7dec6de1ed6efb9d18a70668a015f23e32d58149c9d9952bc0a7,0x0051DEC0,0x0051DECE,14,0x0051DEC0-0x0051DECE,sub_51DEC0,,0x5400,game
42032fc2807f7dec6de1ed6efb9d18a70668a015f23e32d58149c9d9952bc0a7,0x0051DED0,0x0051DED8,8,0x0051DED0-0x0051DED8,sub_51DED0,,0x5400,game
42032fc2807f7dec6de1ed6efb9d18a70668a015f23e32d58149c9d9952bc0a7,0x0051DEE0,0x0051DEEE,14,0x0051DEE0-0x0051DEEE,sub_51DEE0,,0x5400,game
42032fc2807f7dec6de1ed6efb9d18a70668a015f23e32d58149c9d9952bc0a7,0x0051DEF0,0x0051DEF8,8,0x0051DEF0-0x0051DEF8,sub_51DEF0,,0x5400,game
42032fc2807f7dec6de1ed6efb9d18a70668a015f23e32d58149c9d9952bc0a7,0x0051DF00,0x0051DF08,8,0x0051DF00-0x0051DF08,sub_51DF00,,0x5400,game
42032fc2807f7dec6de1ed6efb9d18a70668a015f23e32d58149c9d9952bc0a7,0x0051DF10,0x0051DF18,8,0x0051DF10-0x0051DF18,sub_51DF10,,0x5400,game
42032fc2807f7dec6de1ed6efb9d18a70668a015f23e32d58149c9d9952bc0a7,0x0051DF20,0x0051DF2E,14,0x0051DF20-0x0051DF2E,sub_51DF20,,0x5400,game
42032fc2807f7dec6de1ed6efb9d18a70668a015f23e32d58149c9d9952bc0a7,0x0051DF30,0x0051DF38,8,0x0051DF30-0x0051DF38,sub_51DF30,,0x5400,game
42032fc2807f7dec6de1ed6efb9d18a70668a015f23e32d58149c9d9952bc0a7,0x0051DF40,0x0051DF48,8,0x0051DF40-0x0051DF48,sub_51DF40,,0x5400,game
42032fc2807f7dec6de1ed6efb9d18a70668a015f23e32d58149c9d9952bc0a7,0x0051DF80,0x0051DFA4,36,0x0051DF80-0x0051DFA4,sub_51DF80,,0x5400,game
42032fc2807f7dec6de1ed6efb9d18a70668a015f23e32d58149c9d9952bc0a7,0x0051DFB0,0x0051DFC4,20,0x0051DFB0-0x0051DFC4,sub_51DFB0,void __cdecl sub_51DFB0();,0x5400,game
42032fc2807f7dec6de1ed6efb9d18a70668a015f23e32d58149c9d9952bc0a7,0x0051E110,0x0051E38B,635,0x0051E110-0x0051E38B,sub_51E110,,0x5410,game
42032fc2807f7dec6de1ed6efb9d18a70668a015f23e32d58149c9d9952bc0a7,0x0051E390,0x0051E3BC,44,0x0051E390-0x0051E3BC,sub_51E390,,0x5400,game
42032fc2807f7dec6de1ed6efb9d18a70668a015f23e32d58149c9d9952bc0a7,0x0051E3C0,0x0051E479,185,0x0051E3C0-0x0051E479,sub_51E3C0,,0x5410,game
42032fc2807f7dec6de1ed6efb9d18a70668a015f23e32d58149c9d9952bc0a7,0x0051E530,0x0051E6ED,445,0x0051E530-0x0051E6ED,sub_51E530,,0x5410,game
42032fc2807f7dec6de1ed6efb9d18a70668a015f23e32d58149c9d9952bc0a7,0x0051E760,0x0051F0A7,2375,0x0051E760-0x0051F0A7,sub_51E760,,0x5410,game
42032fc2807f7dec6de1ed6efb9d18a70668a015f23e32d58149c9d9952bc0a7,0x0051F1B0,0x0051F1F2,300,0x0051F0C0-0x0051F1AA;0x0051F1B0-0x0051F1F2,sub_51F1B0,,0x5400,game
42032fc2807f7dec6de1ed6efb9d18a70668a015f23e32d58149c9d9952bc0a7,0x0051F200,0x0051F2BF,191,0x0051F200-0x0051F2BF,sub_51F200,,0x5400,game
42032fc2807f7dec6de1ed6efb9d18a70668a015f23e32d58149c9d9952bc0a7,0x0051F2C0,0x0051F2D8,24,0x0051F2C0-0x0051F2D8,sub_51F2C0,,0x5400,game
42032fc2807f7dec6de1ed6efb9d18a70668a015f23e32d58149c9d9952bc0a7,0x0051F2E0,0x0052211D,11837,0x0051F2E0-0x0052211D,sub_51F2E0,,0x5410,game
42032fc2807f7dec6de1ed6efb9d18a70668a015f23e32d58149c9d9952bc0a7,0x00522180,0x00522EFC,3452,0x00522180-0x00522EFC,sub_522180,,0x5410,game
42032fc2807f7dec6de1ed6efb9d18a70668a015f23e32d58149c9d9952bc0a7,0x00522F00,0x005230DD,477,0x00522F00-0x005230DD,sub_522F00,,0x5410,game
42032fc2807f7dec6de1ed6efb9d18a70668a015f23e32d58149c9d9952bc0a7,0x005230E0,0x00523B4E,3142,0x005230E0-0x00523B4E;0x0065D4F0-0x0065D6C8,sub_5230E0,"int __cdecl sub_5230E0(int, char *, int, int);",0x5410,game
42032fc2807f7dec6de1ed6efb9d18a70668a015f23e32d58149c9d9952bc0a7,0x00523C60,0x00523DC9,361,0x00523C60-0x00523DC9,sub_523C60,,0x5410,game
42032fc2807f7dec6de1ed6efb9d18a70668a015f23e32d58149c9d9952bc0a7,0x00523DD0,0x00524202,1074,0x00523DD0-0x00524202,sub_523DD0,,0x5410,game
42032fc2807f7dec6de1ed6efb9d18a70668a015f23e32d58149c9d9952bc0a7,0x00524340,0x00524363,35,0x00524340-0x00524363,sub_524340,,0x5410,game
42032fc2807f7dec6de1ed6efb9d18a70668a015f23e32d58149c9d9952bc0a7,0x00524460,0x005247A6,859,0x00524460-0x005247A6;0x0065D6C8-0x0065D6DD,sub_524460,int __thiscall sub_524460(int);,0x5410,game
42032fc2807f7dec6de1ed6efb9d18a70668a015f23e32d58149c9d9952bc0a7,0x005247B0,0x00524862,178,0x005247B0-0x00524862,sub_5247B0,,0x5410,game
42032fc2807f7dec6de1ed6efb9d18a70668a015f23e32d58149c9d9952bc0a7,0x00524870,0x0052581F,4015,0x00524870-0x0052581F,sub_524870,,0x5410,game
42032fc2807f7dec6de1ed6efb9d18a70668a015f23e32d58149c9d9952bc0a7,0x005258C0,0x0052602D,1901,0x005258C0-0x0052602D,sub_5258C0,,0x5410,game
42032fc2807f7dec6de1ed6efb9d18a70668a015f23e32d58149c9d9952bc0a7,0x00526030,0x005267A9,1913,0x00526030-0x005267A9,sub_526030,,0x5410,game
42032fc2807f7dec6de1ed6efb9d18a70668a015f23e32d58149c9d9952bc0a7,0x005267B0,0x00526E63,1715,0x005267B0-0x00526E63,sub_5267B0,,0x5410,game
42032fc2807f7dec6de1ed6efb9d18a70668a015f23e32d58149c9d9952bc0a7,0x00526E70,0x00527285,1045,0x00526E70-0x00527285,sub_526E70,,0x5410,game
42032fc2807f7dec6de1ed6efb9d18a70668a015f23e32d58149c9d9952bc0a7,0x00527290,0x005275AC,796,0x00527290-0x005275AC,sub_527290,,0x5410,game
42032fc2807f7dec6de1ed6efb9d18a70668a015f23e32d58149c9d9952bc0a7,0x005275B0,0x00528E94,7534,0x005275B0-0x00528E94;0x0065D6DD-0x0065DB67,sub_5275B0,,0x5410,game
42032fc2807f7dec6de1ed6efb9d18a70668a015f23e32d58149c9d9952bc0a7,0x00528EA0,0x00529097,503,0x00528EA0-0x00529097,sub_528EA0,int __cdecl sub_528EA0(int Value);,0x5410,game
42032fc2807f7dec6de1ed6efb9d18a70668a015f23e32d58149c9d9952bc0a7,0x005290A0,0x00529BE2,2882,0x005290A0-0x00529BE2,sub_5290A0,,0x5410,game
42032fc2807f7dec6de1ed6efb9d18a70668a015f23e32d58149c9d9952bc0a7,0x00529C00,0x00529E67,615,0x00529C00-0x00529E67,sub_529C00,,0x5410,game
42032fc2807f7dec6de1ed6efb9d18a70668a015f23e32d58149c9d9952bc0a7,0x00529F30,0x0052A2D3,931,0x00529F30-0x0052A2D3,sub_529F30,,0x5410,game
42032fc2807f7dec6de1ed6efb9d18a70668a015f23e32d58149c9d9952bc0a7,0x0052A2E0,0x0052A971,1681,0x0052A2E0-0x0052A971,sub_52A2E0,,0x5410,game
42032fc2807f7dec6de1ed6efb9d18a70668a015f23e32d58149c9d9952bc0a7,0x0052AA30,0x0052AD2D,765,0x0052AA30-0x0052AD2D,sub_52AA30,,0x5410,game
42032fc2807f7dec6de1ed6efb9d18a70668a015f23e32d58149c9d9952bc0a7,0x0052AD30,0x0052AE19,233,0x0052AD30-0x0052AE19,sub_52AD30,,0x5410,game
42032fc2807f7dec6de1ed6efb9d18a70668a015f23e32d58149c9d9952bc0a7,0x0052AE20,0x0052AEA4,132,0x0052AE20-0x0052AEA4,sub_52AE20,,0x5410,game
42032fc2807f7dec6de1ed6efb9d18a70668a015f23e32d58149c9d9952bc0a7,0x0052AEB0,0x0052BE32,3970,0x0052AEB0-0x0052BE32,sub_52AEB0,,0x5410,game
42032fc2807f7dec6de1ed6efb9d18a70668a015f23e32d58149c9d9952bc0a7,0x0052BE60,0x0052BF58,248,0x0052BE60-0x0052BF58,sub_52BE60,,0x5410,game
42032fc2807f7dec6de1ed6efb9d18a70668a015f23e32d58149c9d9952bc0a7,0x0052BF60,0x0052C650,1776,0x0052BF60-0x0052C650,sub_52BF60,,0x5410,game
42032fc2807f7dec6de1ed6efb9d18a70668a015f23e32d58149c9d9952bc0a7,0x0052C670,0x0052C87D,525,0x0052C670-0x0052C87D,sub_52C670,,0x5410,game
42032fc2807f7dec6de1ed6efb9d18a70668a015f23e32d58149c9d9952bc0a7,0x0052C880,0x0052DA98,5613,0x0052C880-0x0052DA98;0x0065DB70-0x0065DF45,sub_52C880,,0x5410,game
42032fc2807f7dec6de1ed6efb9d18a70668a015f23e32d58149c9d9952bc0a7,0x0052DAC0,0x0052DAE4,36,0x0052DAC0-0x0052DAE4,sub_52DAC0,,0x5400,game
42032fc2807f7dec6de1ed6efb9d18a70668a015f23e32d58149c9d9952bc0a7,0x0052DAF0,0x0052DB04,20,0x0052DAF0-0x0052DB04,sub_52DAF0,void __cdecl sub_52DAF0();,0x5400,game
42032fc2807f7dec6de1ed6efb9d18a70668a015f23e32d58149c9d9952bc0a7,0x0052DB10,0x0052DB26,22,0x0052DB10-0x0052DB26,sub_52DB10,,0x5400,game
42032fc2807f7dec6de1ed6efb9d18a70668a015f23e32d58149c9d9952bc0a7,0x0052DB30,0x0052DB3A,10,0x0052DB30-0x0052DB3A,unknown_libname_277,void __cdecl unknown_libname_277();,0x5444,library
42032fc2807f7dec6de1ed6efb9d18a70668a015f23e32d58149c9d9952bc0a7,0x0052DB40,0x0052DB67,39,0x0052DB40-0x0052DB67,sub_52DB40,,0x5400,game
42032fc2807f7dec6de1ed6efb9d18a70668a015f23e32d58149c9d9952bc0a7,0x0052DBA0,0x0052DBE6,70,0x0052DBA0-0x0052DBE6,sub_52DBA0,,0x5400,game
42032fc2807f7dec6de1ed6efb9d18a70668a015f23e32d58149c9d9952bc0a7,0x0052DBF0,0x0052DC68,120,0x0052DBF0-0x0052DC68,sub_52DBF0,,0x5400,game
42032fc2807f7dec6de1ed6efb9d18a70668a015f23e32d58149c9d9952bc0a7,0x0052DC70,0x0052DC9C,44,0x0052DC70-0x0052DC9C,sub_52DC70,,0x5400,game
42032fc2807f7dec6de1ed6efb9d18a70668a015f23e32d58149c9d9952bc0a7,0x0052DCD0,0x0052DCEC,28,0x0052DCD0-0x0052DCEC,sub_52DCD0,,0x5410,game
42032fc2807f7dec6de1ed6efb9d18a70668a015f23e32d58149c9d9952bc0a7,0x0052DDC0,0x0052DE65,165,0x0052DDC0-0x0052DE65,sub_52DDC0,,0x5410,game
42032fc2807f7dec6de1ed6efb9d18a70668a015f23e32d58149c9d9952bc0a7,0x0052DE70,0x0052DF2E,190,0x0052DE70-0x0052DF2E,sub_52DE70,,0x5410,game
42032fc2807f7dec6de1ed6efb9d18a70668a015f23e32d58149c9d9952bc0a7,0x0052DF30,0x0052E041,273,0x0052DF30-0x0052E041,sub_52DF30,,0x5410,game
42032fc2807f7dec6de1ed6efb9d18a70668a015f23e32d58149c9d9952bc0a7,0x0052E050,0x0052E151,257,0x0052E050-0x0052E151,sub_52E050,,0x5400,game
42032fc2807f7dec6de1ed6efb9d18a70668a015f23e32d58149c9d9952bc0a7,0x0052E160,0x0052E364,516,0x0052E160-0x0052E364,sub_52E160,"int __stdcall sub_52E160(char *Source, int);",0x5410,game
42032fc2807f7dec6de1ed6efb9d18a70668a015f23e32d58149c9d9952bc0a7,0x0052E370,0x0052E8FD,1421,0x0052E370-0x0052E8FD,sub_52E370,,0x5410,game
42032fc2807f7dec6de1ed6efb9d18a70668a015f23e32d58149c9d9952bc0a7,0x0052E900,0x0052ED33,1075,0x0052E900-0x0052ED33,sub_52E900,,0x5410,game
42032fc2807f7dec6de1ed6efb9d18a70668a015f23e32d58149c9d9952bc0a7,0x0052ED40,0x0052F517,2025,0x0052ED40-0x0052F517;0x0065E0B0-0x0065E0C2,sub_52ED40,,0x5410,game
42032fc2807f7dec6de1ed6efb9d18a70668a015f23e32d58149c9d9952bc0a7,0x0052F520,0x0052F8D6,950,0x0052F520-0x0052F8D6,sub_52F520,,0x5410,game
42032fc2807f7dec6de1ed6efb9d18a70668a015f23e32d58149c9d9952bc0a7,0x0052F8E0,0x0053031E,2622,0x0052F8E0-0x0053031E,sub_52F8E0,,0x5410,game
42032fc2807f7dec6de1ed6efb9d18a70668a015f23e32d58149c9d9952bc0a7,0x00530320,0x0053035E,62,0x00530320-0x0053035E,sub_530320,,0x5410,game
42032fc2807f7dec6de1ed6efb9d18a70668a015f23e32d58149c9d9952bc0a7,0x00530360,0x005303A9,73,0x00530360-0x005303A9,sub_530360,,0x5410,game
42032fc2807f7dec6de1ed6efb9d18a70668a015f23e32d58149c9d9952bc0a7,0x005303B0,0x00530493,227,0x005303B0-0x00530493,sub_5303B0,,0x5410,game
42032fc2807f7dec6de1ed6efb9d18a70668a015f23e32d58149c9d9952bc0a7,0x005304A0,0x005305FF,351,0x005304A0-0x005305FF,sub_5304A0,,0x5410,game
42032fc2807f7dec6de1ed6efb9d18a70668a015f23e32d58149c9d9952bc0a7,0x00530600,0x0053062F,47,0x00530600-0x0053062F,sub_530600,,0x5400,game
42032fc2807f7dec6de1ed6efb9d18a70668a015f23e32d58149c9d9952bc0a7,0x00530630,0x0053091E,750,0x00530630-0x0053091E,sub_530630,,0x5410,game
42032fc2807f7dec6de1ed6efb9d18a70668a015f23e32d58149c9d9952bc0a7,0x00530920,0x00530A91,369,0x00530920-0x00530A91,sub_530920,,0x5410,game
42032fc2807f7dec6de1ed6efb9d18a70668a015f23e32d58149c9d9952bc0a7,0x00530AA0,0x00530CFF,607,0x00530AA0-0x00530CFF,sub_530AA0,,0x5410,game
42032fc2807f7dec6de1ed6efb9d18a70668a015f23e32d58149c9d9952bc0a7,0x00530D00,0x00530D4E,78,0x00530D00-0x00530D4E,sub_530D00,,0x5400,game
42032fc2807f7dec6de1ed6efb9d18a70668a015f23e32d58149c9d9952bc0a7,0x00530D50,0x00530E48,248,0x00530D50-0x00530E48,sub_530D50,,0x5410,game
42032fc2807f7dec6de1ed6efb9d18a70668a015f23e32d58149c9d9952bc0a7,0x00530E50,0x0053101F,463,0x00530E50-0x0053101F,sub_530E50,,0x5410,game
42032fc2807f7dec6de1ed6efb9d18a70668a015f23e32d58149c9d9952bc0a7,0x00531020,0x005310EB,203,0x00531020-0x005310EB,sub_531020,,0x5410,game
42032fc2807f7dec6de1ed6efb9d18a70668a015f23e32d58149c9d9952bc0a7,0x005310F0,0x0053114A,90,0x005310F0-0x0053114A,sub_5310F0,,0x5400,game
42032fc2807f7dec6de1ed6efb9d18a70668a015f23e32d58149c9d9952bc0a7,0x00531150,0x005312F6,422,0x00531150-0x005312F6,sub_531150,,0x5410,game
42032fc2807f7dec6de1ed6efb9d18a70668a015f23e32d58149c9d9952bc0a7,0x00531300,0x00531477,375,0x00531300-0x00531477,sub_531300,,0x5410,game
42032fc2807f7dec6de1ed6efb9d18a70668a015f23e32d58149c9d9952bc0a7,0x00531480,0x005315B6,310,0x00531480-0x005315B6,sub_531480,,0x5410,game
42032fc2807f7dec6de1ed6efb9d18a70668a015f23e32d58149c9d9952bc0a7,0x005315C0,0x005316F9,313,0x005315C0-0x005316F9,sub_5315C0,,0x5410,game
42032fc2807f7dec6de1ed6efb9d18a70668a015f23e32d58149c9d9952bc0a7,0x00531700,0x00531780,128,0x00531700-0x00531780,sub_531700,,0x5410,game
42032fc2807f7dec6de1ed6efb9d18a70668a015f23e32d58149c9d9952bc0a7,0x00531780,0x00532135,2485,0x00531780-0x00532135,sub_531780,,0x5410,game
42032fc2807f7dec6de1ed6efb9d18a70668a015f23e32d58149c9d9952bc0a7,0x00532140,0x00532563,1059,0x00532140-0x00532563,sub_532140,,0x5410,game
42032fc2807f7dec6de1ed6efb9d18a70668a015f23e32d58149c9d9952bc0a7,0x00532570,0x005328BA,842,0x00532570-0x005328BA,sub_532570,,0x5410,game
42032fc2807f7dec6de1ed6efb9d18a70668a015f23e32d58149c9d9952bc0a7,0x00532940,0x00532A44,260,0x00532940-0x00532A44,sub_532940,,0x5410,game
42032fc2807f7dec6de1ed6efb9d18a70668a015f23e32d58149c9d9952bc0a7,0x00532A90,0x00532B63,211,0x00532A90-0x00532B63,sub_532A90,,0x5410,game
42032fc2807f7dec6de1ed6efb9d18a70668a015f23e32d58149c9d9952bc0a7,0x00532B70,0x00532C2B,187,0x00532B70-0x00532C2B,sub_532B70,,0x5410,game
42032fc2807f7dec6de1ed6efb9d18a70668a015f23e32d58149c9d9952bc0a7,0x00532C30,0x00532DA2,370,0x00532C30-0x00532DA2,sub_532C30,,0x5410,game
42032fc2807f7dec6de1ed6efb9d18a70668a015f23e32d58149c9d9952bc0a7,0x00532E00,0x00534129,4905,0x00532E00-0x00534129,sub_532E00,"int __stdcall sub_532E00(__int16, size_t Size, int, int, int, UINT uDelay, __int16);",0x5410,game
42032fc2807f7dec6de1ed6efb9d18a70668a015f23e32d58149c9d9952bc0a7,0x00534330,0x005343FC,204,0x00534330-0x005343FC,sub_534330,,0x5410,game
42032fc2807f7dec6de1ed6efb9d18a70668a015f23e32d58149c9d9952bc0a7,0x00534400,0x005388B9,18489,0x00534400-0x005388B9;0x0065E0C2-0x0065E442,sub_534400,"int __stdcall sub_534400(int, int, CHAR sz);",0x5410,game
42032fc2807f7dec6de1ed6efb9d18a70668a015f23e32d58149c9d9952bc0a7,0x005389F0,0x00538B58,378,0x005389F0-0x00538B58;0x0065DF50-0x0065DF62,sub_5389F0,,0x5410,game
42032fc2807f7dec6de1ed6efb9d18a70668a015f23e32d58149c9d9952bc0a7,0x00538B60,0x00538D0E,606,0x004E3710-0x004E372B;0x00538B60-0x00538D0E;0x0065DF70-0x0065E005,sub_538B60,,0x5410,game
42032fc2807f7dec6de1ed6efb9d18a70668a015f23e32d58149c9d9952bc0a7,0x00538D10,0x00538EBE,606,0x004E3710-0x004E372B;0x00538D10-0x00538EBE;0x0065E010-0x0065E0A5,sub_538D10,,0x5410,game
42032fc2807f7dec6de1ed6efb9d18a70668a015f23e32d58149c9d9952bc0a7,0x00538EC0,0x00538F2E,110,0x00538EC0-0x00538F2E,sub_538EC0,,0x5400,game
42032fc2807f7dec6de1ed6efb9d18a70668a015f23e32d58149c9d9952bc0a7,0x00538F30,0x00538FAA,122,0x00538F30-0x00538FAA,sub_538F30,"int __cdecl sub_538F30(char *Source, char *, int, int, int);",0x5410,game
42032fc2807f7dec6de1ed6efb9d18a70668a015f23e32d58149c9d9952bc0a7,0x00538FB0,0x00538FD2,34,0x00538FB0-0x00538FD2,sub_538FB0,int __cdecl sub_538FB0(unsigned int Seed);,0x5410,game
42032fc2807f7dec6de1ed6efb9d18a70668a015f23e32d58149c9d9952bc0a7,0x00538FE0,0x0053908F,193,0x00538FE0-0x0053908F;0x0065E450-0x0065E462,sub_538FE0,int __cdecl sub_538FE0(char *Source);,0x5410,game
42032fc2807f7dec6de1ed6efb9d18a70668a015f23e32d58149c9d9952bc0a7,0x00539090,0x005390B4,36,0x00539090-0x005390B4,sub_539090,,0x5410,game
42032fc2807f7dec6de1ed6efb9d18a70668a015f23e32d58149c9d9952bc0a7,0x005390C0,0x00539157,151,0x005390C0-0x00539157,sub_5390C0,int __cdecl sub_5390C0(char *Str);,0x5410,game
42032fc2807f7dec6de1ed6efb9d18a70668a015f23e32d58149c9d9952bc0a7,0x00539160,0x00539193,51,0x00539160-0x00539193,sub_539160,,0x5400,game
42032fc2807f7dec6de1ed6efb9d18a70668a015f23e32d58149c9d9952bc0a7,0x005391C0,0x0053922A,106,0x005391C0-0x0053922A,sub_5391C0,,0x5410,game
42032fc2807f7dec6de1ed6efb9d18a70668a015f23e32d58149c9d9952bc0a7,0x00539230,0x0053929A,106,0x00539230-0x0053929A,sub_539230,,0x5410,game
42032fc2807f7dec6de1ed6efb9d18a70668a015f23e32d58149c9d9952bc0a7,0x005392A0,0x00539310,112,0x005392A0-0x00539310,sub_5392A0,,0x5410,game
42032fc2807f7dec6de1ed6efb9d18a70668a015f23e32d58149c9d9952bc0a7,0x00539380,0x005393EA,106,0x00539380-0x005393EA,sub_539380,,0x5410,game
42032fc2807f7dec6de1ed6efb9d18a70668a015f23e32d58149c9d9952bc0a7,0x005393F0,0x00539460,112,0x005393F0-0x00539460,sub_5393F0,,0x5410,game
42032fc2807f7dec6de1ed6efb9d18a70668a015f23e32d58149c9d9952bc0a7,0x00539460,0x00539506,166,0x00539460-0x00539506,sub_539460,,0x5410,game
42032fc2807f7dec6de1ed6efb9d18a70668a015f23e32d58149c9d9952bc0a7,0x00539510,0x0053957F,111,0x00539510-0x0053957F,sub_539510,,0x5410,game
42032fc2807f7dec6de1ed6efb9d18a70668a015f23e32d58149c9d9952bc0a7,0x00539580,0x005395E3,99,0x00539580-0x005395E3,sub_539580,,0x5410,game
42032fc2807f7dec6de1ed6efb9d18a70668a015f23e32d58149c9d9952bc0a7,0x005395F0,0x0053965C,108,0x005395F0-0x0053965C,sub_5395F0,,0x5410,game
42032fc2807f7dec6de1ed6efb9d18a70668a015f23e32d58149c9d9952bc0a7,0x00539660,0x005396C1,97,0x00539660-0x005396C1,sub_539660,,0x5410,game
42032fc2807f7dec6de1ed6efb9d18a70668a015f23e32d58149c9d9952bc0a7,0x00539740,0x005397A3,99,0x00539740-0x005397A3,sub_539740,,0x5410,game
42032fc2807f7dec6de1ed6efb9d18a70668a015f23e32d58149c9d9952bc0a7,0x005397B0,0x0053981A,106,0x005397B0-0x0053981A,sub_5397B0,,0x5410,game
42032fc2807f7dec6de1ed6efb9d18a70668a015f23e32d58149c9d9952bc0a7,0x00539820,0x005398BF,159,0x00539820-0x005398BF,sub_539820,,0x5410,game
42032fc2807f7dec6de1ed6efb9d18a70668a015f23e32d58149c9d9952bc0a7,0x005398C0,0x005398DD,29,0x005398C0-0x005398DD,sub_5398C0,,0x5400,game
42032fc2807f7dec6de1ed6efb9d18a70668a015f23e32d58149c9d9952bc0a7,0x005398E0,0x00539914,52,0x005398E0-0x00539914,sub_5398E0,,0x5400,game
42032fc2807f7dec6de1ed6efb9d18a70668a015f23e32d58149c9d9952bc0a7,0x00539920,0x00539961,65,0x00539920-0x00539961,sub_539920,,0x5400,game
42032fc2807f7dec6de1ed6efb9d18a70668a015f23e32d58149c9d9952bc0a7,0x005399A0,0x00539B6B,459,0x005399A0-0x00539B6B,sub_5399A0,,0x5410,game
42032fc2807f7dec6de1ed6efb9d18a70668a015f23e32d58149c9d9952bc0a7,0x00539B70,0x00539BF2,130,0x00539B70-0x00539BF2,sub_539B70,,0x5410,game
42032fc2807f7dec6de1ed6efb9d18a70668a015f23e32d58149c9d9952bc0a7,0x00539C00,0x00539D3B,315,0x00539C00-0x00539D3B,sub_539C00,,0x5410,game
42032fc2807f7dec6de1ed6efb9d18a70668a015f23e32d58149c9d9952bc0a7,0x00539D40,0x00539E3E,254,0x00539D40-0x00539E3E,sub_539D40,,0x5410,game
42032fc2807f7dec6de1ed6efb9d18a70668a015f23e32d58149c9d9952bc0a7,0x00539E40,0x00539EE4,164,0x00539E40-0x00539EE4,sub_539E40,,0x5400,game
42032fc2807f7dec6de1ed6efb9d18a70668a015f23e32d58149c9d9952bc0a7,0x00539EF0,0x0053A022,306,0x00539EF0-0x0053A022,sub_539EF0,,0x5410,game
42032fc2807f7dec6de1ed6efb9d18a70668a015f23e32d58149c9d9952bc0a7,0x0053A030,0x0053A08D,93,0x0053A030-0x0053A08D,sub_53A030,,0x5410,game
42032fc2807f7dec6de1ed6efb9d18a70668a015f23e32d58149c9d9952bc0a7,0x0053A090,0x0053A0F5,101,0x0053A090-0x0053A0F5,sub_53A090,,0x5410,game
42032fc2807f7dec6de1ed6efb9d18a70668a015f23e32d58149c9d9952bc0a7,0x0053A100,0x0053A14D,77,0x0053A100-0x0053A14D,sub_53A100,,0x5410,game
42032fc2807f7dec6de1ed6efb9d18a70668a015f23e32d58149c9d9952bc0a7,0x0053A150,0x0053A1B8,104,0x0053A150-0x0053A1B8,sub_53A150,,0x5410,game
42032fc2807f7dec6de1ed6efb9d18a70668a015f23e32d58149c9d9952bc0a7,0x0053A1C0,0x0053A228,104,0x0053A1C0-0x0053A228,sub_53A1C0,,0x5410,game
42032fc2807f7dec6de1ed6efb9d18a70668a015f23e32d58149c9d9952bc0a7,0x0053A230,0x0053A496,614,0x0053A230-0x0053A496,sub_53A230,,0x5410,game
42032fc2807f7dec6de1ed6efb9d18a70668a015f23e32d58149c9d9952bc0a7,0x0053A4A0,0x0053A774,724,0x0053A4A0-0x0053A774,sub_53A4A0,,0x5410,game
42032fc2807f7dec6de1ed6efb9d18a70668a015f23e32d58149c9d9952bc0a7,0x0053A780,0x0053A97C,508,0x0053A780-0x0053A97C,sub_53A780,,0x5410,game
42032fc2807f7dec6de1ed6efb9d18a70668a015f23e32d58149c9d9952bc0a7,0x0053A980,0x0053C36E,6638,0x0053A980-0x0053C36E,sub_53A980,,0x5410,game
42032fc2807f7dec6de1ed6efb9d18a70668a015f23e32d58149c9d9952bc0a7,0x0053C370,0x0053C649,729,0x0053C370-0x0053C649,sub_53C370,,0x5410,game
42032fc2807f7dec6de1ed6efb9d18a70668a015f23e32d58149c9d9952bc0a7,0x0053C650,0x0053CAE6,1376,0x0053C650-0x0053CAE6;0x0065E470-0x0065E53A,sub_53C650,,0x5410,game
42032fc2807f7dec6de1ed6efb9d18a70668a015f23e32d58149c9d9952bc0a7,0x0053CAF0,0x0053CE05,789,0x0053CAF0-0x0053CE05,sub_53CAF0,,0x5410,game
42032fc2807f7dec6de1ed6efb9d18a70668a015f23e32d58149c9d9952bc0a7,0x0053CE10,0x0053D158,840,0x0053CE10-0x0053D158,sub_53CE10,,0x5410,game
42032fc2807f7dec6de1ed6efb9d18a70668a015f23e32d58149c9d9952bc0a7,0x0053D160,0x0053D351,497,0x0053D160-0x0053D351,sub_53D160,,0x5410,game
42032fc2807f7dec6de1ed6efb9d18a70668a015f23e32d58149c9d9952bc0a7,0x0053D360,0x0053DCB9,2625,0x0053D360-0x0053DCB9;0x0065E53A-0x0065E622,sub_53D360,,0x5410,game
42032fc2807f7dec6de1ed6efb9d18a70668a015f23e32d58149c9d9952bc0a7,0x0053DCE0,0x0053E46C,2244,0x0053DCE0-0x0053E46C;0x0065E622-0x0065E75A,sub_53DCE0,"int __cdecl sub_53DCE0(int, CHAR sz);",0x5410,game
42032fc2807f7dec6de1ed6efb9d18a70668a015f23e32d58149c9d9952bc0a7,0x0053E470,0x0053E4BC,76,0x0053E470-0x0053E4BC,sub_53E470,,0x5410,game
42032fc2807f7dec6de1ed6efb9d18a70668a015f23e32d58149c9d9952bc0a7,0x0053E4C0,0x0053E5B6,246,0x0053E4C0-0x0053E5B6,sub_53E4C0,,0x5410,game
42032fc2807f7dec6de1ed6efb9d18a70668a015f23e32d58149c9d9952bc0a7,0x0053E5C0,0x0053E7F8,568,0x0053E5C0-0x0053E7F8,sub_53E5C0,,0x5410,game
42032fc2807f7dec6de1ed6efb9d18a70668a015f23e32d58149c9d9952bc0a7,0x0053E800,0x0053EB42,834,0x0053E800-0x0053EB42,sub_53E800,,0x5410,game
42032fc2807f7dec6de1ed6efb9d18a70668a015f23e32d58149c9d9952bc0a7,0x0053EB50,0x00540193,6684,0x0053EB50-0x00540193;0x0065E75A-0x0065EB33,sub_53EB50,,0x5410,game
42032fc2807f7dec6de1ed6efb9d18a70668a015f23e32d58149c9d9952bc0a7,0x005401A0,0x00540626,1158,0x005401A0-0x00540626,sub_5401A0,,0x5410,game
42032fc2807f7dec6de1ed6efb9d18a70668a015f23e32d58149c9d9952bc0a7,0x00540630,0x005410F3,2755,0x00540630-0x005410F3,sub_540630,,0x5410,game
42032fc2807f7dec6de1ed6efb9d18a70668a015f23e32d58149c9d9952bc0a7,0x00541100,0x00543A20,12193,0x00541100-0x00543A20;0x0065EB33-0x0065F1B4,sub_541100,"int __cdecl sub_541100(int, CHAR sz, int, int, int);",0x5410,game
42032fc2807f7dec6de1ed6efb9d18a70668a015f23e32d58149c9d9952bc0a7,0x00543A20,0x00543BC0,416,0x00543A20-0x00543BC0,sub_543A20,,0x5410,game
42032fc2807f7dec6de1ed6efb9d18a70668a015f23e32d58149c9d9952bc0a7,0x00543BC0,0x00544E36,4726,0x00543BC0-0x00544E36,sub_543BC0,,0x5410,game
42032fc2807f7dec6de1ed6efb9d18a70668a015f23e32d58149c9d9952bc0a7,0x00544E40,0x00545D55,3861,0x00544E40-0x00545D55,sub_544E40,,0x5410,game
42032fc2807f7dec6de1ed6efb9d18a70668a015f23e32d58149c9d9952bc0a7,0x00545E80,0x00547C08,8344,0x00545E80-0x00547C08;0x0065F1B4-0x0065F4C4,sub_545E80,,0x5410,game
42032fc2807f7dec6de1ed6efb9d18a70668a015f23e32d58149c9d9952bc0a7,0x00547C10,0x00548DC8,4950,0x00547C10-0x00548DC8;0x0065F4C4-0x0065F662,sub_547C10,"int __cdecl sub_547C10(int, char *Str1);",0x5410,game
42032fc2807f7dec6de1ed6efb9d18a70668a015f23e32d58149c9d9952bc0a7,0x00548DD0,0x00548F7D,429,0x00548DD0-0x00548F7D,sub_548DD0,,0x5410,game
42032fc2807f7dec6de1ed6efb9d18a70668a015f23e32d58149c9d9952bc0a7,0x00548F80,0x00549264,740,0x00548F80-0x00549264,sub_548F80,,0x5410,game
42032fc2807f7dec6de1ed6efb9d18a70668a015f23e32d58149c9d9952bc0a7,0x00549270,0x00549923,1715,0x00549270-0x00549923,sub_549270,,0x5410,game
42032fc2807f7dec6de1ed6efb9d18a70668a015f23e32d58149c9d9952bc0a7,0x00549930,0x0054ACB9,5001,0x00549930-0x0054ACB9,sub_549930,,0x5410,game
42032fc2807f7dec6de1ed6efb9d18a70668a015f23e32d58149c9d9952bc0a7,0x0054ACC0,0x0054AF9D,733,0x0054ACC0-0x0054AF9D,sub_54ACC0,,0x5410,game
42032fc2807f7dec6de1ed6efb9d18a70668a015f23e32d58149c9d9952bc0a7,0x0054AFA0,0x0054B137,407,0x0054AFA0-0x0054B137,sub_54AFA0,"int __cdecl sub_54AFA0(int Number, int);",0x5410,game
42032fc2807f7dec6de1ed6efb9d18a70668a015f23e32d58149c9d9952bc0a7,0x0054B140,0x0054B1B6,118,0x0054B140-0x0054B1B6,sub_54B140,int __cdecl sub_54B140(int Number);,0x5410,game
42032fc2807f7dec6de1ed6efb9d18a70668a015f23e32d58149c9d9952bc0a7,0x0054B1C0,0x0054BEBE,3992,0x0054B1C0-0x0054BEBE;0x0065F662-0x0065F8FC,sub_54B1C0,"int __cdecl sub_54B1C0(int, int Number);",0x5410,game
42032fc2807f7dec6de1ed6efb9d18a70668a015f23e32d58149c9d9952bc0a7,0x0054BEC0,0x0054C552,1943,0x0054BEC0-0x0054C552;0x0065F8FC-0x0065FA01,sub_54BEC0,,0x5410,game
42032fc2807f7dec6de1ed6efb9d18a70668a015f23e32d58149c9d9952bc0a7,0x0054C560,0x0054CB46,1742,0x0054C560-0x0054CB46;0x0065FA01-0x0065FAE9,sub_54C560,,0x5410,game
42032fc2807f7dec6de1ed6efb9d18a70668a015f23e32d58149c9d9952bc0a7,0x0054CB50,0x0054CF39,1001,0x0054CB50-0x0054CF39,sub_54CB50,,0x5410,game
42032fc2807f7dec6de1ed6efb9d18a70668a015f23e32d58149c9d9952bc0a7,0x0054CF40,0x0054D410,1232,0x0054CF40-0x0054D410,sub_54CF40,,0x5410,game
42032fc2807f7dec6de1ed6efb9d18a70668a015f23e32d58149c9d9952bc0a7,0x0054D410,0x0054DC8C,2172,0x0054D410-0x0054DC8C,sub_54D410,,0x5410,game
42032fc2807f7dec6de1ed6efb9d18a70668a015f23e32d58149c9d9952bc0a7,0x0054DCF0,0x0054F412,6552,0x0054DCF0-0x0054F412;0x0065FAE9-0x0065FD5F,sub_54DCF0,,0x5410,game
42032fc2807f7dec6de1ed6efb9d18a70668a015f23e32d58149c9d9952bc0a7,0x0054F420,0x0054FFAB,3451,0x0054F420-0x0054FFAB;0x0065FD5F-0x0065FF4F,sub_54F420,"int __cdecl sub_54F420(int, CHAR sz, int);",0x5410,game
42032fc2807f7dec6de1ed6efb9d18a70668a015f23e32d58149c9d9952bc0a7,0x0054FFD0,0x00558980,35269,0x0054FFD0-0x00558980;0x0065FF4F-0x0065FF64,sub_54FFD0,"int __cdecl sub_54FFD0(int, int Value, int);",0x5410,game
42032fc2807f7dec6de1ed6efb9d18a70668a015f23e32d58149c9d9952bc0a7,0x005589E0,0x00558C55,629,0x005589E0-0x00558C55,sub_5589E0,"int __cdecl sub_5589E0(RECT *lprcSrc2, int);",0x5410,game
42032fc2807f7dec6de1ed6efb9d18a70668a015f23e32d58149c9d9952bc0a7,0x00558C60,0x00558FB4,852,0x00558C60-0x00558FB4,sub_558C60,int __cdecl sub_558C60(int Value);,0x5410,game
42032fc2807f7dec6de1ed6efb9d18a70668a015f23e32d58149c9d9952bc0a7,0x00558FC0,0x00558FD2,18,0x00558FC0-0x00558FD2,sub_558FC0,,0x5410,game
42032fc2807f7dec6de1ed6efb9d18a70668a015f23e32d58149c9d9952bc0a7,0x00558FE0,0x00558FFA,26,0x00558FE0-0x00558FFA,sub_558FE0,"int __stdcall sub_558FE0(char *Str, int);",0x5410,game
42032fc2807f7dec6de1ed6efb9d18a70668a015f23e32d58149c9d9952bc0a7,0x00559000,0x0055903A,58,0x00559000-0x0055903A,sub_559000,,0x5410,game
42032fc2807f7dec6de1ed6efb9d18a70668a015f23e32d58149c9d9952bc0a7,0x00559040,0x0055905F,31,0x00559040-0x0055905F,sub_559040,,0x5410,game
42032fc2807f7dec6de1ed6efb9d18a70668a015f23e32d58149c9d9952bc0a7,0x00559060,0x00559092,50,0x00559060-0x00559092,sub_559060,,0x5410,game
42032fc2807f7dec6de1ed6efb9d18a70668a015f23e32d58149c9d9952bc0a7,0x005590A0,0x005590D2,50,0x005590A0-0x005590D2,sub_5590A0,,0x5410,game
42032fc2807f7dec6de1ed6efb9d18a70668a015f23e32d58149c9d9952bc0a7,0x005590E0,0x005590FA,26,0x005590E0-0x005590FA,sub_5590E0,,0x5410,game
42032fc2807f7dec6de1ed6efb9d18a70668a015f23e32d58149c9d9952bc0a7,0x00559100,0x0055911A,26,0x00559100-0x0055911A,sub_559100,,0x5410,game
42032fc2807f7dec6de1ed6efb9d18a70668a015f23e32d58149c9d9952bc0a7,0x00559120,0x0055913A,26,0x00559120-0x0055913A,sub_559120,,0x5410,game
42032fc2807f7dec6de1ed6efb9d18a70668a015f23e32d58149c9d9952bc0a7,0x00559140,0x0055915A,26,0x00559140-0x0055915A,sub_559140,,0x5410,game
42032fc2807f7dec6de1ed6efb9d18a70668a015f23e32d58149c9d9952bc0a7,0x00559160,0x00559192,50,0x00559160-0x00559192,sub_559160,,0x5410,game
42032fc2807f7dec6de1ed6efb9d18a70668a015f23e32d58149c9d9952bc0a7,0x005591A0,0x005591BA,26,0x005591A0-0x005591BA,sub_5591A0,,0x5410,game
42032fc2807f7dec6de1ed6efb9d18a70668a015f23e32d58149c9d9952bc0a7,0x005591C0,0x005591DD,29,0x005591C0-0x005591DD,sub_5591C0,,0x5410,game
42032fc2807f7dec6de1ed6efb9d18a70668a015f23e32d58149c9d9952bc0a7,0x005591E0,0x00559209,41,0x005591E0-0x00559209,sub_5591E0,,0x5410,game
42032fc2807f7dec6de1ed6efb9d18a70668a015f23e32d58149c9d9952bc0a7,0x00559210,0x00559221,17,0x00559210-0x00559221,sub_559210,,0x5410,game
42032fc2807f7dec6de1ed6efb9d18a70668a015f23e32d58149c9d9952bc0a7,0x00559230,0x00559246,22,0x00559230-0x00559246,sub_559230,,0x5400,game
42032fc2807f7dec6de1ed6efb9d18a70668a015f23e32d58149c9d9952bc0a7,0x00559250,0x0055925A,26,0x00559250-0x0055925A;0x0055B740-0x0055B750,unknown_libname_278,void __cdecl unknown_libname_278();,0x5444,library
42032fc2807f7dec6de1ed6efb9d18a70668a015f23e32d58149c9d9952bc0a7,0x00559260,0x00559276,22,0x00559260-0x00559276,sub_559260,,0x5400,game
42032fc2807f7dec6de1ed6efb9d18a70668a015f23e32d58149c9d9952bc0a7,0x00559280,0x0055928A,26,0x00559280-0x0055928A;0x0055B740-0x0055B750,unknown_libname_279,void __cdecl unknown_libname_279();,0x5444,library
42032fc2807f7dec6de1ed6efb9d18a70668a015f23e32d58149c9d9952bc0a7,0x00559290,0x005592CD,61,0x00559290-0x005592CD,sub_559290,int __thiscall sub_559290(void *);,0x5400,game
42032fc2807f7dec6de1ed6efb9d18a70668a015f23e32d58149c9d9952bc0a7,0x005592D0,0x005593D9,265,0x005592D0-0x005593D9,sub_5592D0,,0x5410,game
42032fc2807f7dec6de1ed6efb9d18a70668a015f23e32d58149c9d9952bc0a7,0x005593E0,0x005594EB,267,0x005593E0-0x005594EB,sub_5593E0,,0x5410,game
42032fc2807f7dec6de1ed6efb9d18a70668a015f23e32d58149c9d9952bc0a7,0x005594F0,0x0055A14E,3166,0x005594F0-0x0055A14E,sub_5594F0,,0x5410,game
42032fc2807f7dec6de1ed6efb9d18a70668a015f23e32d58149c9d9952bc0a7,0x0055A150,0x0055AF11,3608,0x0055A150-0x0055AF11;0x0065FF70-0x0065FFC7,sub_55A150,,0x5410,game
42032fc2807f7dec6de1ed6efb9d18a70668a015f23e32d58149c9d9952bc0a7,0x0055AF20,0x0055B739,2073,0x0055AF20-0x0055B739,sub_55AF20,,0x5410,game
42032fc2807f7dec6de1ed6efb9d18a70668a015f23e32d58149c9d9952bc0a7,0x0055B750,0x0055B755,5,0x0055B750-0x0055B755,j_unknown_libname_296,void __thiscall j_unknown_libname_296(void *);,0x54C0,thunk
42032fc2807f7dec6de1ed6efb9d18a70668a015f23e32d58149c9d9952bc0a7,0x0055B760,0x0055B818,184,0x0055B760-0x0055B818,sub_55B760,,0x5410,game
42032fc2807f7dec6de1ed6efb9d18a70668a015f23e32d58149c9d9952bc0a7,0x0055B820,0x0055B870,80,0x0055B820-0x0055B870,sub_55B820,,0x5410,game
42032fc2807f7dec6de1ed6efb9d18a70668a015f23e32d58149c9d9952bc0a7,0x0055B870,0x0055BA76,518,0x0055B870-0x0055BA76,sub_55B870,,0x5410,game
42032fc2807f7dec6de1ed6efb9d18a70668a015f23e32d58149c9d9952bc0a7,0x0055BA80,0x0055BB29,169,0x0055BA80-0x0055BB29,sub_55BA80,,0x5410,game
42032fc2807f7dec6de1ed6efb9d18a70668a015f23e32d58149c9d9952bc0a7,0x0055BB30,0x0055BB98,104,0x0055BB30-0x0055BB98,sub_55BB30,,0x5410,game
42032fc2807f7dec6de1ed6efb9d18a70668a015f23e32d58149c9d9952bc0a7,0x0055BBA0,0x0055BBF1,81,0x0055BBA0-0x0055BBF1,sub_55BBA0,,0x5410,game
42032fc2807f7dec6de1ed6efb9d18a70668a015f23e32d58149c9d9952bc0a7,0x0055BC00,0x0055BC7C,124,0x0055BC00-0x0055BC7C,sub_55BC00,,0x5410,game
42032fc2807f7dec6de1ed6efb9d18a70668a015f23e32d58149c9d9952bc0a7,0x0055BC80,0x0055C42B,1963,0x0055BC80-0x0055C42B,sub_55BC80,,0x5410,game
42032fc2807f7dec6de1ed6efb9d18a70668a015f23e32d58149c9d9952bc0a7,0x0055C430,0x0055C726,758,0x0055C430-0x0055C726,sub_55C430,"int __cdecl sub_55C430(int, int Value);",0x5410,game
42032fc2807f7dec6de1ed6efb9d18a70668a015f23e32d58149c9d9952bc0a7,0x0055C840,0x0055CC9A,1114,0x0055C840-0x0055CC9A,sub_55C840,"int __cdecl sub_55C840(CHAR sz, CHAR);",0x5410,game
42032fc2807f7dec6de1ed6efb9d18a70668a015f23e32d58149c9d9952bc0a7,0x0055CCA0,0x0055CE15,373,0x0055CCA0-0x0055CE15,sub_55CCA0,"int __cdecl sub_55CCA0(CHAR sz, int);",0x5410,game
42032fc2807f7dec6de1ed6efb9d18a70668a015f23e32d58149c9d9952bc0a7,0x0055CE20,0x0055D031,529,0x0055CE20-0x0055D031,sub_55CE20,"int __cdecl sub_55CE20(int, CHAR sz);",0x5410,game
42032fc2807f7dec6de1ed6efb9d18a70668a015f23e32d58149c9d9952bc0a7,0x0055D2A0,0x0055D425,389,0x0055D2A0-0x0055D425,sub_55D2A0,,0x5410,game
42032fc2807f7dec6de1ed6efb9d18a70668a015f23e32d58149c9d9952bc0a7,0x0055D430,0x0055D753,803,0x0055D430-0x0055D753,sub_55D430,,0x5410,game
42032fc2807f7dec6de1ed6efb9d18a70668a015f23e32d58149c9d9952bc0a7,0x0055D760,0x0055E370,3088,0x0055D760-0x0055E370,sub_55D760,"int __cdecl sub_55D760(CHAR sz, CHAR, int);",0x5410,game
42032fc2807f7dec6de1ed6efb9d18a70668a015f23e32d58149c9d9952bc0a7,0x0055E370,0x0055EB7A,2058,0x0055E370-0x0055EB7A,sub_55E370,"int __cdecl sub_55E370(int Value, CHAR, int, int, int, int);",0x5410,game
42032fc2807f7dec6de1ed6efb9d18a70668a015f23e32d58149c9d9952bc0a7,0x0055EB80,0x0055EEDE,862,0x0055EB80-0x0055EEDE,sub_55EB80,,0x5410,game
42032fc2807f7dec6de1ed6efb9d18a70668a015f23e32d58149c9d9952bc0a7,0x0055EEE0,0x0055F44F,1391,0x0055EEE0-0x0055F44F,sub_55EEE0,,0x5410,game
42032fc2807f7dec6de1ed6efb9d18a70668a015f23e32d58149c9d9952bc0a7,0x0055F450,0x0055F76A,794,0x0055F450-0x0055F76A,sub_55F450,,0x5410,game
42032fc2807f7dec6de1ed6efb9d18a70668a015f23e32d58149c9d9952bc0a7,0x0055F770,0x0055F923,435,0x0055F770-0x0055F923,sub_55F770,,0x5410,game
42032fc2807f7dec6de1ed6efb9d18a70668a015f23e32d58149c9d9952bc0a7,0x0055F930,0x00560ACD,4509,0x0055F930-0x00560ACD,sub_55F930,int __cdecl sub_55F930(int Value);,0x5410,game
42032fc2807f7dec6de1ed6efb9d18a70668a015f23e32d58149c9d9952bc0a7,0x00560AD0,0x00560B25,85,0x00560AD0-0x00560B25,sub_560AD0,,0x5410,game
42032fc2807f7dec6de1ed6efb9d18a70668a015f23e32d58149c9d9952bc0a7,0x00560B30,0x00560D30,512,0x00560B30-0x00560D30,sub_560B30,,0x5410,game
42032fc2807f7dec6de1ed6efb9d18a70668a015f23e32d58149c9d9952bc0a7,0x00560D30,0x00560D4D,29,0x00560D30-0x00560D4D,sub_560D30,,0x5410,game
42032fc2807f7dec6de1ed6efb9d18a70668a015f23e32d58149c9d9952bc0a7,0x00560D50,0x00560DC3,115,0x00560D50-0x00560DC3,sub_560D50,,0x5410,game
42032fc2807f7dec6de1ed6efb9d18a70668a015f23e32d58149c9d9952bc0a7,0x00560DD0,0x00561076,678,0x00560DD0-0x00561076,sub_560DD0,,0x5410,game
42032fc2807f7dec6de1ed6efb9d18a70668a015f23e32d58149c9d9952bc0a7,0x00561080,0x00564888,14344,0x00561080-0x00564888,sub_561080,,0x5410,game
42032fc2807f7dec6de1ed6efb9d18a70668a015f23e32d58149c9d9952bc0a7,0x00564890,0x00564B82,754,0x00564890-0x00564B82,sub_564890,,0x5410,game
42032fc2807f7dec6de1ed6efb9d18a70668a015f23e32d58149c9d9952bc0a7,0x00564B90,0x00564D90,512,0x00564B90-0x00564D90,sub_564B90,,0x5410,game
42032fc2807f7dec6de1ed6efb9d18a70668a015f23e32d58149c9d9952bc0a7,0x00564D90,0x00564EAA,282,0x00564D90-0x00564EAA,sub_564D90,,0x5410,game
42032fc2807f7dec6de1ed6efb9d18a70668a015f23e32d58149c9d9952bc0a7,0x00564EB0,0x00565157,679,0x00564EB0-0x00565157,sub_564EB0,,0x5410,game
42032fc2807f7dec6de1ed6efb9d18a70668a015f23e32d58149c9d9952bc0a7,0x00565320,0x00565F1E,3070,0x00565320-0x00565F1E,sub_565320,,0x5410,game
42032fc2807f7dec6de1ed6efb9d18a70668a015f23e32d58149c9d9952bc0a7,0x00565F20,0x005665CC,1708,0x00565F20-0x005665CC,sub_565F20,,0x5410,game
42032fc2807f7dec6de1ed6efb9d18a70668a015f23e32d58149c9d9952bc0a7,0x005665D0,0x00566802,562,0x005665D0-0x00566802,sub_5665D0,,0x5410,game
42032fc2807f7dec6de1ed6efb9d18a70668a015f23e32d58149c9d9952bc0a7,0x00566810,0x005678B9,4265,0x00566810-0x005678B9,sub_566810,,0x5410,game
42032fc2807f7dec6de1ed6efb9d18a70668a015f23e32d58149c9d9952bc0a7,0x005678C0,0x0056A89E,12254,0x005678C0-0x0056A89E,sub_5678C0,,0x5410,game
42032fc2807f7dec6de1ed6efb9d18a70668a015f23e32d58149c9d9952bc0a7,0x0056A8A0,0x0056B31A,2682,0x0056A8A0-0x0056B31A,sub_56A8A0,,0x5410,game
42032fc2807f7dec6de1ed6efb9d18a70668a015f23e32d58149c9d9952bc0a7,0x0056B320,0x0056B47D,349,0x0056B320-0x0056B47D,sub_56B320,,0x5410,game
42032fc2807f7dec6de1ed6efb9d18a70668a015f23e32d58149c9d9952bc0a7,0x0056B480,0x0056B5A9,297,0x0056B480-0x0056B5A9,sub_56B480,,0x5410,game
42032fc2807f7dec6de1ed6efb9d18a70668a015f23e32d58149c9d9952bc0a7,0x0056B5B0,0x00579208,56408,0x0056B5B0-0x00579208,sub_56B5B0,,0x5410,game
42032fc2807f7dec6de1ed6efb9d18a70668a015f23e32d58149c9d9952bc0a7,0x00579240,0x005794C8,648,0x00579240-0x005794C8,sub_579240,int __cdecl sub_579240(int Value);,0x5410,game
42032fc2807f7dec6de1ed6efb9d18a70668a015f23e32d58149c9d9952bc0a7,0x00579510,0x00579769,601,0x00579510-0x00579769,sub_579510,,0x5410,game
42032fc2807f7dec6de1ed6efb9d18a70668a015f23e32d58149c9d9952bc0a7,0x00579770,0x00579790,32,0x00579770-0x00579790,sub_579770,,0x5410,game
42032fc2807f7dec6de1ed6efb9d18a70668a015f23e32d58149c9d9952bc0a7,0x00579790,0x005797C7,55,0x00579790-0x005797C7,sub_579790,,0x5410,game
42032fc2807f7dec6de1ed6efb9d18a70668a015f23e32d58149c9d9952bc0a7,0x005797D0,0x00579832,98,0x005797D0-0x00579832,sub_5797D0,,0x5410,game
42032fc2807f7dec6de1ed6efb9d18a70668a015f23e32d58149c9d9952bc0a7,0x00579840,0x00579896,86,0x00579840-0x00579896,sub_579840,,0x5410,game
42032fc2807f7dec6de1ed6efb9d18a70668a015f23e32d58149c9d9952bc0a7,0x005798A0,0x005798D8,56,0x005798A0-0x005798D8,sub_5798A0,,0x5410,game
42032fc2807f7dec6de1ed6efb9d18a70668a015f23e32d58149c9d9952bc0a7,0x005798E0,0x00579918,56,0x005798E0-0x00579918,sub_5798E0,,0x5410,game
42032fc2807f7dec6de1ed6efb9d18a70668a015f23e32d58149c9d9952bc0a7,0x00579920,0x0057995A,58,0x00579920-0x0057995A,sub_579920,,0x5410,game
42032fc2807f7dec6de1ed6efb9d18a70668a015f23e32d58149c9d9952bc0a7,0x00579960,0x00579998,56,0x00579960-0x00579998,sub_579960,,0x5410,game
42032fc2807f7dec6de1ed6efb9d18a70668a015f23e32d58149c9d9952bc0a7,0x005799A0,0x005799F9,89,0x005799A0-0x005799F9,sub_5799A0,,0x5410,game
42032fc2807f7dec6de1ed6efb9d18a70668a015f23e32d58149c9d9952bc0a7,0x00579A00,0x00579A30,48,0x00579A00-0x00579A30,sub_579A00,,0x5410,game
42032fc2807f7dec6de1ed6efb9d18a70668a015f23e32d58149c9d9952bc0a7,0x00579A30,0x00579B64,308,0x00579A30-0x00579B64,sub_579A30,,0x5410,game
42032fc2807f7dec6de1ed6efb9d18a70668a015f23e32d58149c9d9952bc0a7,0x00579B70,0x00579CB5,325,0x00579B70-0x00579CB5,sub_579B70,,0x5410,game
42032fc2807f7dec6de1ed6efb9d18a70668a015f23e32d58149c9d9952bc0a7,0x00579CC0,0x00579D16,86,0x00579CC0-0x00579D16,sub_579CC0,,0x5410,game
42032fc2807f7dec6de1ed6efb9d18a70668a015f23e32d58149c9d9952bc0a7,0x00579D20,0x00579D76,86,0x00579D20-0x00579D76,sub_579D20,,0x5410,game
42032fc2807f7dec6de1ed6efb9d18a70668a015f23e32d58149c9d9952bc0a7,0x00579D80,0x00579DFC,124,0x00579D80-0x00579DFC,sub_579D80,,0x5410,game
42032fc2807f7dec6de1ed6efb9d18a70668a015f23e32d58149c9d9952bc0a7,0x00579E00,0x00579E66,102,0x00579E00-0x00579E66,sub_579E00,,0x5410,game
42032fc2807f7dec6de1ed6efb9d18a70668a015f23e32d58149c9d9952bc0a7,0x00579E70,0x00579F73,259,0x00579E70-0x00579F73,sub_579E70,,0x5410,game
42032fc2807f7dec6de1ed6efb9d18a70668a015f23e32d58149c9d9952bc0a7,0x00579F80,0x00579FE6,102,0x00579F80-0x00579FE6,sub_579F80,,0x5410,game
42032fc2807f7dec6de1ed6efb9d18a70668a015f23e32d58149c9d9952bc0a7,0x0057A050,0x0057A659,1545,0x0057A050-0x0057A659,sub_57A050,,0x5410,game
42032fc2807f7dec6de1ed6efb9d18a70668a015f23e32d58149c9d9952bc0a7,0x0057A660,0x0057CDE6,10118,0x0057A660-0x0057CDE6,sub_57A660,,0x5410,game
42032fc2807f7dec6de1ed6efb9d18a70668a015f23e32d58149c9d9952bc0a7,0x0057CE50,0x0057CF9E,334,0x0057CE50-0x0057CF9E,sub_57CE50,,0x5410,game
42032fc2807f7dec6de1ed6efb9d18a70668a015f23e32d58149c9d9952bc0a7,0x0057CFA0,0x0057D1E8,584,0x0057CFA0-0x0057D1E8,sub_57CFA0,,0x5410,game
42032fc2807f7dec6de1ed6efb9d18a70668a015f23e32d58149c9d9952bc0a7,0x0057D1F0,0x0057D235,69,0x0057D1F0-0x0057D235,sub_57D1F0,"int __cdecl sub_57D1F0(int, FILE *Stream);",0x5410,game
42032fc2807f7dec6de1ed6efb9d18a70668a015f23e32d58149c9d9952bc0a7,0x0057D240,0x0057D270,48,0x0057D240-0x0057D270,sub_57D240,"int __cdecl sub_57D240(int, FILE *Stream);",0x5410,game
42032fc2807f7dec6de1ed6efb9d18a70668a015f23e32d58149c9d9952bc0a7,0x0057D270,0x0057D2D5,101,0x0057D270-0x0057D2D5,sub_57D270,,0x5410,game
42032fc2807f7dec6de1ed6efb9d18a70668a015f23e32d58149c9d9952bc0a7,0x0057D2E0,0x0057D35D,125,0x0057D2E0-0x0057D35D,sub_57D2E0,,0x5410,game
42032fc2807f7dec6de1ed6efb9d18a70668a015f23e32d58149c9d9952bc0a7,0x0057D360,0x0057D3ED,141,0x0057D360-0x0057D3ED,sub_57D360,,0x5410,game
42032fc2807f7dec6de1ed6efb9d18a70668a015f23e32d58149c9d9952bc0a7,0x0057D3F0,0x0057D471,129,0x0057D3F0-0x0057D471,sub_57D3F0,,0x5410,game
42032fc2807f7dec6de1ed6efb9d18a70668a015f23e32d58149c9d9952bc0a7,0x0057D480,0x0057D50D,141,0x0057D480-0x0057D50D,sub_57D480,,0x5410,game
42032fc2807f7dec6de1ed6efb9d18a70668a015f23e32d58149c9d9952bc0a7,0x0057D510,0x0057D556,70,0x0057D510-0x0057D556,sub_57D510,,0x5410,game
42032fc2807f7dec6de1ed6efb9d18a70668a015f23e32d58149c9d9952bc0a7,0x0057D560,0x0057D6C5,357,0x0057D560-0x0057D6C5,sub_57D560,"int __cdecl sub_57D560(char *Destination, int);",0x5410,game
42032fc2807f7dec6de1ed6efb9d18a70668a015f23e32d58149c9d9952bc0a7,0x0057D6D0,0x0057D7C4,244,0x0057D6D0-0x0057D7C4,sub_57D6D0,"int __cdecl sub_57D6D0(char *Destination, int);",0x5410,game
42032fc2807f7dec6de1ed6efb9d18a70668a015f23e32d58149c9d9952bc0a7,0x0057D7D0,0x0057D8D3,259,0x0057D7D0-0x0057D8D3,sub_57D7D0,"int __cdecl sub_57D7D0(char *Destination, int);",0x5410,game
42032fc2807f7dec6de1ed6efb9d18a70668a015f23e32d58149c9d9952bc0a7,0x0057D8E0,0x0057DA94,436,0x0057D8E0-0x0057DA94,sub_57D8E0,"int __cdecl sub_57D8E0(char *Destination, int);",0x5410,game
42032fc2807f7dec6de1ed6efb9d18a70668a015f23e32d58149c9d9952bc0a7,0x0057DAA0,0x0057DED8,1080,0x0057DAA0-0x0057DED8,sub_57DAA0,"int __cdecl sub_57DAA0(char *Destination, int, char *Source);",0x5410,game
42032fc2807f7dec6de1ed6efb9d18a70668a015f23e32d58149c9d9952bc0a7,0x0057DF00,0x0057DF2F,47,0x0057DF00-0x0057DF2F,sub_57DF00,,0x5410,game
42032fc2807f7dec6de1ed6efb9d18a70668a015f23e32d58149c9d9952bc0a7,0x0057DF30,0x0057DFB2,130,0x0057DF30-0x0057DFB2,sub_57DF30,,0x5410,game
42032fc2807f7dec6de1ed6efb9d18a70668a015f23e32d58149c9d9952bc0a7,0x0057DFC0,0x0057E037,119,0x0057DFC0-0x0057E037,sub_57DFC0,,0x5410,game
42032fc2807f7dec6de1ed6efb9d18a70668a015f23e32d58149c9d9952bc0a7,0x0057E040,0x0057EF95,3925,0x0057E040-0x0057EF95,sub_57E040,"int __cdecl sub_57E040(char *Str, int, int, int, int, int, int, int);",0x5410,game
42032fc2807f7dec6de1ed6efb9d18a70668a015f23e32d58149c9d9952bc0a7,0x0057EFA0,0x0057EFE2,66,0x0057EFA0-0x0057EFE2,sub_57EFA0,,0x5410,game
42032fc2807f7dec6de1ed6efb9d18a70668a015f23e32d58149c9d9952bc0a7,0x0057EFF0,0x0057F0A1,177,0x0057EFF0-0x0057F0A1,sub_57EFF0,,0x5410,game
42032fc2807f7dec6de1ed6efb9d18a70668a015f23e32d58149c9d9952bc0a7,0x0057F0B0,0x0057F142,146,0x0057F0B0-0x0057F142,sub_57F0B0,,0x5410,game
42032fc2807f7dec6de1ed6efb9d18a70668a015f23e32d58149c9d9952bc0a7,0x0057F1D0,0x0057F4B0,736,0x0057F1D0-0x0057F4B0,sub_57F1D0,,0x5410,game
42032fc2807f7dec6de1ed6efb9d18a70668a015f23e32d58149c9d9952bc0a7,0x0057F4B0,0x00580859,5033,0x0057F4B0-0x00580859,sub_57F4B0,,0x5410,game
42032fc2807f7dec6de1ed6efb9d18a70668a015f23e32d58149c9d9952bc0a7,0x00580860,0x00581168,2312,0x00580860-0x00581168,sub_580860,"int __cdecl sub_580860(int, int, int, int, int, int, int, char *Source);",0x5410,game
42032fc2807f7dec6de1ed6efb9d18a70668a015f23e32d58149c9d9952bc0a7,0x00581170,0x00581187,23,0x00581170-0x00581187,sub_581170,,0x5410,game
42032fc2807f7dec6de1ed6efb9d18a70668a015f23e32d58149c9d9952bc0a7,0x00581190,0x00581259,201,0x00581190-0x00581259,sub_581190,,0x5410,game
42032fc2807f7dec6de1ed6efb9d18a70668a015f23e32d58149c9d9952bc0a7,0x00581260,0x00583C8F,10799,0x00581260-0x00583C8F,sub_581260,,0x5410,game
42032fc2807f7dec6de1ed6efb9d18a70668a015f23e32d58149c9d9952bc0a7,0x00583CB0,0x00583CC7,23,0x00583CB0-0x00583CC7,sub_583CB0,,0x5410,game
42032fc2807f7dec6de1ed6efb9d18a70668a015f23e32d58149c9d9952bc0a7,0x00583CD0,0x00583E2A,346,0x00583CD0-0x00583E2A,sub_583CD0,,0x5410,game
42032fc2807f7dec6de1ed6efb9d18a70668a015f23e32d58149c9d9952bc0a7,0x00583E30,0x00584B4B,3972,0x00583E30-0x00584B4B;0x0065FFD0-0x00660239,sub_583E30,,0x5410,game
42032fc2807f7dec6de1ed6efb9d18a70668a015f23e32d58149c9d9952bc0a7,0x00584B50,0x00584CFF,431,0x00584B50-0x00584CFF,sub_584B50,,0x5410,game
42032fc2807f7dec6de1ed6efb9d18a70668a015f23e32d58149c9d9952bc0a7,0x00584D00,0x00584D16,22,0x00584D00-0x00584D16,sub_584D00,,0x5400,game
42032fc2807f7dec6de1ed6efb9d18a70668a015f23e32d58149c9d9952bc0a7,0x00584D20,0x00584D2A,10,0x00584D20-0x00584D2A,unknown_libname_280,void __cdecl unknown_libname_280();,0x5444,library
42032fc2807f7dec6de1ed6efb9d18a70668a015f23e32d58149c9d9952bc0a7,0x00584D60,0x00584E3B,219,0x00584D60-0x00584E3B,sub_584D60,int __cdecl sub_584D60(char *Str);,0x5410,game
42032fc2807f7dec6de1ed6efb9d18a70668a015f23e32d58149c9d9952bc0a7,0x00584E40,0x00584F33,243,0x00584E40-0x00584F33,sub_584E40,int __cdecl sub_584E40(char *Str);,0x5410,game
42032fc2807f7dec6de1ed6efb9d18a70668a015f23e32d58149c9d9952bc0a7,0x00584F40,0x00585030,240,0x00584F40-0x00585030,sub_584F40,int __cdecl sub_584F40(char *Str);,0x5410,game
42032fc2807f7dec6de1ed6efb9d18a70668a015f23e32d58149c9d9952bc0a7,0x00585030,0x00585120,240,0x00585030-0x00585120,sub_585030,int __cdecl sub_585030(char *Str);,0x5410,game
42032fc2807f7dec6de1ed6efb9d18a70668a015f23e32d58149c9d9952bc0a7,0x00585170,0x00585E26,3254,0x00585170-0x00585E26,sub_585170,,0x5400,game
42032fc2807f7dec6de1ed6efb9d18a70668a015f23e32d58149c9d9952bc0a7,0x00585E30,0x00585FDB,427,0x00585E30-0x00585FDB,sub_585E30,,0x5410,game
42032fc2807f7dec6de1ed6efb9d18a70668a015f23e32d58149c9d9952bc0a7,0x00586050,0x00586081,49,0x00586050-0x00586081,sub_586050,,0x5410,game
42032fc2807f7dec6de1ed6efb9d18a70668a015f23e32d58149c9d9952bc0a7,0x00586090,0x00586F2B,3739,0x00586090-0x00586F2B,sub_586090,,0x5410,game
42032fc2807f7dec6de1ed6efb9d18a70668a015f23e32d58149c9d9952bc0a7,0x00586F30,0x005871C9,665,0x00586F30-0x005871C9,sub_586F30,,0x5410,game
42032fc2807f7dec6de1ed6efb9d18a70668a015f23e32d58149c9d9952bc0a7,0x00587240,0x005873B1,369,0x00587240-0x005873B1,sub_587240,,0x5410,game
42032fc2807f7dec6de1ed6efb9d18a70668a015f23e32d58149c9d9952bc0a7,0x005873C0,0x0058829C,3804,0x005873C0-0x0058829C,sub_5873C0,,0x5410,game
42032fc2807f7dec6de1ed6efb9d18a70668a015f23e32d58149c9d9952bc0a7,0x005882A0,0x005882C4,36,0x005882A0-0x005882C4,sub_5882A0,,0x5400,game
42032fc2807f7dec6de1ed6efb9d18a70668a015f23e32d58149c9d9952bc0a7,0x005882D0,0x005882E4,20,0x005882D0-0x005882E4,sub_5882D0,void __cdecl sub_5882D0();,0x5400,game
42032fc2807f7dec6de1ed6efb9d18a70668a015f23e32d58149c9d9952bc0a7,0x005882F0,0x0058833B,75,0x005882F0-0x0058833B,sub_5882F0,,0x5410,game
42032fc2807f7dec6de1ed6efb9d18a70668a015f23e32d58149c9d9952bc0a7,0x00588340,0x005883CD,141,0x00588340-0x005883CD,__cfltcvt_init,,0x5444,library
42032fc2807f7dec6de1ed6efb9d18a70668a015f23e32d58149c9d9952bc0a7,0x005883D0,0x0058845D,141,0x005883D0-0x0058845D,__cfltcvt_init_0,,0x5444,library
42032fc2807f7dec6de1ed6efb9d18a70668a015f23e32d58149c9d9952bc0a7,0x00588460,0x005887F2,914,0x00588460-0x005887F2,sub_588460,,0x5400,game
42032fc2807f7dec6de1ed6efb9d18a70668a015f23e32d58149c9d9952bc0a7,0x005888E0,0x005889BE,222,0x005888E0-0x005889BE,sub_5888E0,,0x5400,game
42032fc2807f7dec6de1ed6efb9d18a70668a015f23e32d58149c9d9952bc0a7,0x005889C0,0x00588A2A,106,0x005889C0-0x00588A2A,sub_5889C0,,0x5400,game
42032fc2807f7dec6de1ed6efb9d18a70668a015f23e32d58149c9d9952bc0a7,0x00588AA0,0x00588F8E,1262,0x00588AA0-0x00588F8E,sub_588AA0,,0x5410,game
42032fc2807f7dec6de1ed6efb9d18a70668a015f23e32d58149c9d9952bc0a7,0x00588F90,0x0058917C,492,0x00588F90-0x0058917C,sub_588F90,,0x5410,game
42032fc2807f7dec6de1ed6efb9d18a70668a015f23e32d58149c9d9952bc0a7,0x00589180,0x00589329,425,0x00589180-0x00589329,sub_589180,,0x5410,game
42032fc2807f7dec6de1ed6efb9d18a70668a015f23e32d58149c9d9952bc0a7,0x00589330,0x0058954A,538,0x00589330-0x0058954A,sub_589330,,0x5410,game
42032fc2807f7dec6de1ed6efb9d18a70668a015f23e32d58149c9d9952bc0a7,0x00589550,0x00589555,5,0x00589550-0x00589555,sub_589550,,0x5480,thunk
42032fc2807f7dec6de1ed6efb9d18a70668a015f23e32d58149c9d9952bc0a7,0x00589760,0x0058986A,287,0x00589760-0x0058986A;0x00660240-0x00660255,sub_589760,,0x5410,game
42032fc2807f7dec6de1ed6efb9d18a70668a015f23e32d58149c9d9952bc0a7,0x00589870,0x00589886,22,0x00589870-0x00589886,sub_589870,,0x5400,game
42032fc2807f7dec6de1ed6efb9d18a70668a015f23e32d58149c9d9952bc0a7,0x00589890,0x0058989A,10,0x00589890-0x0058989A,unknown_libname_281,void __cdecl unknown_libname_281();,0x5444,library
42032fc2807f7dec6de1ed6efb9d18a70668a015f23e32d58149c9d9952bc0a7,0x005898A0,0x00589A24,388,0x005898A0-0x00589A24,sub_5898A0,,0x5410,game
42032fc2807f7dec6de1ed6efb9d18a70668a015f23e32d58149c9d9952bc0a7,0x00589A30,0x00589B1D,258,0x00589A30-0x00589B1D;0x00660255-0x0066026A,sub_589A30,int __cdecl sub_589A30(char *Str);,0x5410,game
42032fc2807f7dec6de1ed6efb9d18a70668a015f23e32d58149c9d9952bc0a7,0x00589B20,0x00589B57,55,0x00589B20-0x00589B57,sub_589B20,,0x5400,game
42032fc2807f7dec6de1ed6efb9d18a70668a015f23e32d58149c9d9952bc0a7,0x00589B60,0x00589D29,489,0x00589B60-0x00589D29;0x0066026A-0x0066028A,sub_589B60,int __cdecl sub_589B60(char *Str);,0x5410,game
42032fc2807f7dec6de1ed6efb9d18a70668a015f23e32d58149c9d9952bc0a7,0x00589D30,0x0058C29D,10376,0x00589D30-0x0058C29D;0x0066028A-0x006605A5,sub_589D30,,0x5410,game
42032fc2807f7dec6de1ed6efb9d18a70668a015f23e32d58149c9d9952bc0a7,0x0058C2A0,0x0058CE9C,3630,0x0058C2A0-0x0058CE9C;0x006605A5-0x006607D7,sub_58C2A0,,0x5410,game
42032fc2807f7dec6de1ed6efb9d18a70668a015f23e32d58149c9d9952bc0a7,0x0058CED0,0x0058D6A4,2438,0x0058CED0-0x0058D6A4;0x006607D7-0x00660989,sub_58CED0,,0x5410,game
42032fc2807f7dec6de1ed6efb9d18a70668a015f23e32d58149c9d9952bc0a7,0x0058D6B0,0x0058DB17,1396,0x0058D6B0-0x0058DB17;0x00660989-0x00660A96,sub_58D6B0,,0x5410,game
42032fc2807f7dec6de1ed6efb9d18a70668a015f23e32d58149c9d9952bc0a7,0x0058DB30,0x0058E35E,2094,0x0058DB30-0x0058E35E,sub_58DB30,,0x5410,game
42032fc2807f7dec6de1ed6efb9d18a70668a015f23e32d58149c9d9952bc0a7,0x0058E360,0x0058EE31,3090,0x0058E360-0x0058EE31;0x00660A96-0x00660BD7,sub_58E360,,0x5410,game
42032fc2807f7dec6de1ed6efb9d18a70668a015f23e32d58149c9d9952bc0a7,0x0058EE50,0x0058EE51,1,0x0058EE50-0x0058EE51,nullsub_10,,0x5440,game
42032fc2807f7dec6de1ed6efb9d18a70668a015f23e32d58149c9d9952bc0a7,0x0058EE60,0x0058EFEB,395,0x0058EE60-0x0058EFEB,sub_58EE60,,0x5410,game
42032fc2807f7dec6de1ed6efb9d18a70668a015f23e32d58149c9d9952bc0a7,0x0058EFF0,0x0058F031,65,0x0058EFF0-0x0058F031,sub_58EFF0,,0x5400,game
42032fc2807f7dec6de1ed6efb9d18a70668a015f23e32d58149c9d9952bc0a7,0x0058F040,0x0058F245,538,0x0058F040-0x0058F245;0x00660BD7-0x00660BEC,sub_58F040,,0x5410,game
42032fc2807f7dec6de1ed6efb9d18a70668a015f23e32d58149c9d9952bc0a7,0x0058F250,0x0058F2E6,150,0x0058F250-0x0058F2E6,sub_58F250,,0x5400,game
42032fc2807f7dec6de1ed6efb9d18a70668a015f23e32d58149c9d9952bc0a7,0x0058F2F0,0x0058F421,305,0x0058F2F0-0x0058F421,sub_58F2F0,,0x5410,game
42032fc2807f7dec6de1ed6efb9d18a70668a015f23e32d58149c9d9952bc0a7,0x0058F430,0x0058F444,20,0x0058F430-0x0058F444,sub_58F430,,0x5400,game
42032fc2807f7dec6de1ed6efb9d18a70668a015f23e32d58149c9d9952bc0a7,0x0058F450,0x0058F4E7,151,0x0058F450-0x0058F4E7,sub_58F450,,0x5410,game
42032fc2807f7dec6de1ed6efb9d18a70668a015f23e32d58149c9d9952bc0a7,0x0058F610,0x0058F6F6,230,0x0058F610-0x0058F6F6,sub_58F610,"int __cdecl sub_58F610(char *, char *Source, int);",0x5410,game
42032fc2807f7dec6de1ed6efb9d18a70668a015f23e32d58149c9d9952bc0a7,0x0058F700,0x0058F80A,266,0x0058F700-0x0058F80A,sub_58F700,"int __cdecl sub_58F700(char *, char *Source, int);",0x5410,game
42032fc2807f7dec6de1ed6efb9d18a70668a015f23e32d58149c9d9952bc0a7,0x0058F810,0x0058F8A2,146,0x0058F810-0x0058F8A2,sub_58F810,,0x5410,game
42032fc2807f7dec6de1ed6efb9d18a70668a015f23e32d58149c9d9952bc0a7,0x0058F8B0,0x0058F9C9,281,0x0058F8B0-0x0058F9C9,sub_58F8B0,,0x5410,game
42032fc2807f7dec6de1ed6efb9d18a70668a015f23e32d58149c9d9952bc0a7,0x0058F9D0,0x0058FA19,73,0x0058F9D0-0x0058FA19,sub_58F9D0,,0x5410,game
42032fc2807f7dec6de1ed6efb9d18a70668a015f23e32d58149c9d9952bc0a7,0x0058FA20,0x0058FA69,73,0x0058FA20-0x0058FA69,sub_58FA20,,0x5410,game
42032fc2807f7dec6de1ed6efb9d18a70668a015f23e32d58149c9d9952bc0a7,0x0058FA70,0x0058FAFA,138,0x0058FA70-0x0058FAFA,sub_58FA70,,0x5410,game
42032fc2807f7dec6de1ed6efb9d18a70668a015f23e32d58149c9d9952bc0a7,0x0058FB00,0x0058FB61,97,0x0058FB00-0x0058FB61,sub_58FB00,,0x5410,game
42032fc2807f7dec6de1ed6efb9d18a70668a015f23e32d58149c9d9952bc0a7,0x0058FBC0,0x0058FC4B,139,0x0058FBC0-0x0058FC4B,sub_58FBC0,"int __cdecl sub_58FBC0(CHAR sz, int);",0x5410,game
42032fc2807f7dec6de1ed6efb9d18a70668a015f23e32d58149c9d9952bc0a7,0x0058FC50,0x0058FCDB,139,0x0058FC50-0x0058FCDB,sub_58FC50,"int __cdecl sub_58FC50(CHAR sz, int);",0x5410,game
42032fc2807f7dec6de1ed6efb9d18a70668a015f23e32d58149c9d9952bc0a7,0x0058FCE0,0x0058FD6B,139,0x0058FCE0-0x0058FD6B,sub_58FCE0,"int __cdecl sub_58FCE0(CHAR sz, int);",0x5410,game
42032fc2807f7dec6de1ed6efb9d18a70668a015f23e32d58149c9d9952bc0a7,0x0058FD70,0x0058FD85,21,0x0058FD70-0x0058FD85,sub_58FD70,,0x5400,game
42032fc2807f7dec6de1ed6efb9d18a70668a015f23e32d58149c9d9952bc0a7,0x0058FD90,0x0058FE77,231,0x0058FD90-0x0058FE77,sub_58FD90,,0x5410,game
42032fc2807f7dec6de1ed6efb9d18a70668a015f23e32d58149c9d9952bc0a7,0x0058FE80,0x0058FF68,232,0x0058FE80-0x0058FF68,sub_58FE80,,0x5410,game
42032fc2807f7dec6de1ed6efb9d18a70668a015f23e32d58149c9d9952bc0a7,0x0058FF70,0x0058FF96,38,0x0058FF70-0x0058FF96,sub_58FF70,,0x5400,game
42032fc2807f7dec6de1ed6efb9d18a70668a015f23e32d58149c9d9952bc0a7,0x0058FFA0,0x0058FFBC,28,0x0058FFA0-0x0058FFBC,sub_58FFA0,,0x5400,game
42032fc2807f7dec6de1ed6efb9d18a70668a015f23e32d58149c9d9952bc0a7,0x005900D0,0x0059013D,109,0x005900D0-0x0059013D,sub_5900D0,,0x5400,game
42032fc2807f7dec6de1ed6efb9d18a70668a015f23e32d58149c9d9952bc0a7,0x00590170,0x005901C3,83,0x00590170-0x005901C3,sub_590170,,0x5410,game
42032fc2807f7dec6de1ed6efb9d18a70668a015f23e32d58149c9d9952bc0a7,0x005901D0,0x00590239,105,0x005901D0-0x00590239,sub_5901D0,,0x5400,game
42032fc2807f7dec6de1ed6efb9d18a70668a015f23e32d58149c9d9952bc0a7,0x00590240,0x005902BE,126,0x00590240-0x005902BE,sub_590240,,0x5410,game
42032fc2807f7dec6de1ed6efb9d18a70668a015f23e32d58149c9d9952bc0a7,0x005902C0,0x005902F3,51,0x005902C0-0x005902F3,sub_5902C0,,0x5410,game
42032fc2807f7dec6de1ed6efb9d18a70668a015f23e32d58149c9d9952bc0a7,0x00590300,0x00590469,361,0x00590300-0x00590469,sub_590300,,0x5410,game
42032fc2807f7dec6de1ed6efb9d18a70668a015f23e32d58149c9d9952bc0a7,0x00590470,0x0059049B,43,0x00590470-0x0059049B,sub_590470,,0x5410,game
42032fc2807f7dec6de1ed6efb9d18a70668a015f23e32d58149c9d9952bc0a7,0x005904A0,0x005904FE,94,0x005904A0-0x005904FE,sub_5904A0,,0x5400,game
42032fc2807f7dec6de1ed6efb9d18a70668a015f23e32d58149c9d9952bc0a7,0x00590500,0x0059050A,153,0x00590500-0x0059050A;0x00590C20-0x00590CAF,unknown_libname_282,,0x5444,library
42032fc2807f7dec6de1ed6efb9d18a70668a015f23e32d58149c9d9952bc0a7,0x00590510,0x005905B5,165,0x00590510-0x005905B5,sub_590510,"int __cdecl sub_590510(char *Destination, int, int);",0x5410,game
42032fc2807f7dec6de1ed6efb9d18a70668a015f23e32d58149c9d9952bc0a7,0x005905C0,0x005906EC,300,0x005905C0-0x005906EC,sub_5905C0,"int __cdecl sub_5905C0(char *Destination, int, int);",0x5410,game
42032fc2807f7dec6de1ed6efb9d18a70668a015f23e32d58149c9d9952bc0a7,0x005906F0,0x005907F5,261,0x005906F0-0x005907F5,sub_5906F0,"int __cdecl sub_5906F0(char *Destination, int, int);",0x5410,game
42032fc2807f7dec6de1ed6efb9d18a70668a015f23e32d58149c9d9952bc0a7,0x00590800,0x0059090D,269,0x00590800-0x0059090D,sub_590800,"int __cdecl sub_590800(char *Destination, int, int);",0x5410,game
42032fc2807f7dec6de1ed6efb9d18a70668a015f23e32d58149c9d9952bc0a7,0x00590910,0x0059098E,126,0x00590910-0x0059098E,sub_590910,"int __cdecl sub_590910(char *Destination, int, int);",0x5410,game
42032fc2807f7dec6de1ed6efb9d18a70668a015f23e32d58149c9d9952bc0a7,0x00590990,0x00590A0E,126,0x00590990-0x00590A0E,sub_590990,"int __cdecl sub_590990(char *Destination, int, int);",0x5410,game
42032fc2807f7dec6de1ed6efb9d18a70668a015f23e32d58149c9d9952bc0a7,0x00590A10,0x00590A93,131,0x00590A10-0x00590A93,sub_590A10,"int __cdecl sub_590A10(char *Destination, int, int);",0x5410,game
42032fc2807f7dec6de1ed6efb9d18a70668a015f23e32d58149c9d9952bc0a7,0x00590AA0,0x00590B22,130,0x00590AA0-0x00590B22,sub_590AA0,"int __cdecl sub_590AA0(char *Destination, int, int);",0x5410,game
42032fc2807f7dec6de1ed6efb9d18a70668a015f23e32d58149c9d9952bc0a7,0x00590B30,0x00590B9A,106,0x00590B30-0x00590B9A,sub_590B30,"int __cdecl sub_590B30(char *Destination, int, int);",0x5410,game
42032fc2807f7dec6de1ed6efb9d18a70668a015f23e32d58149c9d9952bc0a7,0x00590BA0,0x00590C14,116,0x00590BA0-0x00590C14,sub_590BA0,"int __cdecl sub_590BA0(char *Destination, int, int);",0x5410,game
42032fc2807f7dec6de1ed6efb9d18a70668a015f23e32d58149c9d9952bc0a7,0x00590D60,0x00590D6B,11,0x00590D60-0x00590D6B,sub_590D60,,0x5400,game
42032fc2807f7dec6de1ed6efb9d18a70668a015f23e32d58149c9d9952bc0a7,0x00590E90,0x00590EC5,53,0x00590E90-0x00590EC5,sub_590E90,,0x5400,game
42032fc2807f7dec6de1ed6efb9d18a70668a015f23e32d58149c9d9952bc0a7,0x00590ED0,0x00591036,358,0x00590ED0-0x00591036,sub_590ED0,,0x5400,game
42032fc2807f7dec6de1ed6efb9d18a70668a015f23e32d58149c9d9952bc0a7,0x00591040,0x005910B0,112,0x00591040-0x005910B0,sub_591040,,0x5400,game
42032fc2807f7dec6de1ed6efb9d18a70668a015f23e32d58149c9d9952bc0a7,0x005910B0,0x00591125,117,0x005910B0-0x00591125,sub_5910B0,int __cdecl sub_5910B0(FILE *Stream);,0x5410,game
42032fc2807f7dec6de1ed6efb9d18a70668a015f23e32d58149c9d9952bc0a7,0x00591130,0x00591208,216,0x00591130-0x00591208,sub_591130,int __cdecl sub_591130(FILE *Stream);,0x5410,game
42032fc2807f7dec6de1ed6efb9d18a70668a015f23e32d58149c9d9952bc0a7,0x00591210,0x00591230,32,0x00591210-0x00591230,sub_591210,,0x5410,game
42032fc2807f7dec6de1ed6efb9d18a70668a015f23e32d58149c9d9952bc0a7,0x00591230,0x00591253,35,0x00591230-0x00591253,sub_591230,,0x5410,game
42032fc2807f7dec6de1ed6efb9d18a70668a015f23e32d58149c9d9952bc0a7,0x00591260,0x00591288,40,0x00591260-0x00591288,sub_591260,,0x5410,game
42032fc2807f7dec6de1ed6efb9d18a70668a015f23e32d58149c9d9952bc0a7,0x00591290,0x00591894,1540,0x00591290-0x00591894,sub_591290,,0x5410,game
42032fc2807f7dec6de1ed6efb9d18a70668a015f23e32d58149c9d9952bc0a7,0x005918A0,0x005918EF,79,0x005918A0-0x005918EF,sub_5918A0,,0x5410,game
42032fc2807f7dec6de1ed6efb9d18a70668a015f23e32d58149c9d9952bc0a7,0x005918F0,0x005919C0,208,0x005918F0-0x005919C0,sub_5918F0,,0x5410,game
42032fc2807f7dec6de1ed6efb9d18a70668a015f23e32d58149c9d9952bc0a7,0x005919C0,0x00591A77,183,0x005919C0-0x00591A77,sub_5919C0,,0x5410,game
42032fc2807f7dec6de1ed6efb9d18a70668a015f23e32d58149c9d9952bc0a7,0x00591A80,0x00591ACE,78,0x00591A80-0x00591ACE,sub_591A80,,0x5410,game
42032fc2807f7dec6de1ed6efb9d18a70668a015f23e32d58149c9d9952bc0a7,0x00591AD0,0x00591B05,53,0x00591AD0-0x00591B05,sub_591AD0,,0x5410,game
42032fc2807f7dec6de1ed6efb9d18a70668a015f23e32d58149c9d9952bc0a7,0x00591B10,0x00591B48,56,0x00591B10-0x00591B48,sub_591B10,,0x5410,game
42032fc2807f7dec6de1ed6efb9d18a70668a015f23e32d58149c9d9952bc0a7,0x00591B50,0x00591B86,54,0x00591B50-0x00591B86,sub_591B50,,0x5410,game
42032fc2807f7dec6de1ed6efb9d18a70668a015f23e32d58149c9d9952bc0a7,0x00591B90,0x00591BB8,40,0x00591B90-0x00591BB8,sub_591B90,,0x5410,game
42032fc2807f7dec6de1ed6efb9d18a70668a015f23e32d58149c9d9952bc0a7,0x00591BC0,0x00591C0E,78,0x00591BC0-0x00591C0E,sub_591BC0,,0x5410,game
42032fc2807f7dec6de1ed6efb9d18a70668a015f23e32d58149c9d9952bc0a7,0x00591C10,0x00591C48,56,0x00591C10-0x00591C48,sub_591C10,,0x5410,game
42032fc2807f7dec6de1ed6efb9d18a70668a015f23e32d58149c9d9952bc0a7,0x00591C90,0x00591CE2,82,0x00591C90-0x00591CE2,sub_591C90,,0x5410,game
42032fc2807f7dec6de1ed6efb9d18a70668a015f23e32d58149c9d9952bc0a7,0x00591CF0,0x00591D29,57,0x00591CF0-0x00591D29,sub_591CF0,,0x5410,game
42032fc2807f7dec6de1ed6efb9d18a70668a015f23e32d58149c9d9952bc0a7,0x00591D30,0x00591D58,40,0x00591D30-0x00591D58,sub_591D30,,0x5410,game
42032fc2807f7dec6de1ed6efb9d18a70668a015f23e32d58149c9d9952bc0a7,0x00591D60,0x00591DA2,66,0x00591D60-0x00591DA2,sub_591D60,,0x5410,game
42032fc2807f7dec6de1ed6efb9d18a70668a015f23e32d58149c9d9952bc0a7,0x00591DB0,0x00591DF2,66,0x00591DB0-0x00591DF2,sub_591DB0,,0x5410,game
42032fc2807f7dec6de1ed6efb9d18a70668a015f23e32d58149c9d9952bc0a7,0x00591E00,0x00591E45,69,0x00591E00-0x00591E45,sub_591E00,,0x5410,game
42032fc2807f7dec6de1ed6efb9d18a70668a015f23e32d58149c9d9952bc0a7,0x00591E50,0x00591E82,50,0x00591E50-0x00591E82,sub_591E50,,0x5410,game
42032fc2807f7dec6de1ed6efb9d18a70668a015f23e32d58149c9d9952bc0a7,0x00591F00,0x00592007,263,0x00591F00-0x00592007,sub_591F00,,0x5410,game
42032fc2807f7dec6de1ed6efb9d18a70668a015f23e32d58149c9d9952bc0a7,0x00592030,0x00592135,261,0x00592030-0x00592135,sub_592030,,0x5410,game
42032fc2807f7dec6de1ed6efb9d18a70668a015f23e32d58149c9d9952bc0a7,0x00592140,0x00592248,264,0x00592140-0x00592248,sub_592140,,0x5410,game
42032fc2807f7dec6de1ed6efb9d18a70668a015f23e32d58149c9d9952bc0a7,0x00592250,0x005923FD,429,0x00592250-0x005923FD,sub_592250,"int __cdecl sub_592250(char *Destination, int Value, int, int, int, int);",0x5410,game
42032fc2807f7dec6de1ed6efb9d18a70668a015f23e32d58149c9d9952bc0a7,0x00592400,0x00592480,128,0x00592400-0x00592480,sub_592400,,0x5410,game
42032fc2807f7dec6de1ed6efb9d18a70668a015f23e32d58149c9d9952bc0a7,0x00592550,0x005925F8,168,0x00592550-0x005925F8,sub_592550,,0x5410,game
42032fc2807f7dec6de1ed6efb9d18a70668a015f23e32d58149c9d9952bc0a7,0x00592600,0x0059264B,75,0x00592600-0x0059264B,sub_592600,"int __cdecl sub_592600(int, int, char *Source);",0x5410,game
42032fc2807f7dec6de1ed6efb9d18a70668a015f23e32d58149c9d9952bc0a7,0x00592650,0x005926EF,159,0x00592650-0x005926EF,sub_592650,,0x5410,game
42032fc2807f7dec6de1ed6efb9d18a70668a015f23e32d58149c9d9952bc0a7,0x005926F0,0x005927D0,224,0x005926F0-0x005927D0,sub_5926F0,,0x5410,game
42032fc2807f7dec6de1ed6efb9d18a70668a015f23e32d58149c9d9952bc0a7,0x005927D0,0x00592938,360,0x005927D0-0x00592938,sub_5927D0,,0x5410,game
42032fc2807f7dec6de1ed6efb9d18a70668a015f23e32d58149c9d9952bc0a7,0x00592940,0x00592A74,308,0x00592940-0x00592A74,sub_592940,,0x5410,game
42032fc2807f7dec6de1ed6efb9d18a70668a015f23e32d58149c9d9952bc0a7,0x00592A80,0x00592AE6,102,0x00592A80-0x00592AE6,sub_592A80,,0x5400,game
42032fc2807f7dec6de1ed6efb9d18a70668a015f23e32d58149c9d9952bc0a7,0x00592AF0,0x00592B3C,76,0x00592AF0-0x00592B3C,sub_592AF0,,0x5400,game
42032fc2807f7dec6de1ed6efb9d18a70668a015f23e32d58149c9d9952bc0a7,0x00592E10,0x00592E70,96,0x00592E10-0x00592E70,sub_592E10,,0x5410,game
42032fc2807f7dec6de1ed6efb9d18a70668a015f23e32d58149c9d9952bc0a7,0x00592E70,0x00592EDA,106,0x00592E70-0x00592EDA,sub_592E70,"int __cdecl sub_592E70(__int16, int, char *Source, int);",0x5410,game
42032fc2807f7dec6de1ed6efb9d18a70668a015f23e32d58149c9d9952bc0a7,0x00592EE0,0x00592F4C,108,0x00592EE0-0x00592F4C,sub_592EE0,,0x5410,game
42032fc2807f7dec6de1ed6efb9d18a70668a015f23e32d58149c9d9952bc0a7,0x00592FF0,0x00593089,153,0x00592FF0-0x00593089,sub_592FF0,,0x5410,game
42032fc2807f7dec6de1ed6efb9d18a70668a015f23e32d58149c9d9952bc0a7,0x00593090,0x00593108,120,0x00593090-0x00593108,sub_593090,,0x5410,game
42032fc2807f7dec6de1ed6efb9d18a70668a015f23e32d58149c9d9952bc0a7,0x00593110,0x00593190,128,0x00593110-0x00593190,sub_593110,"int __cdecl sub_593110(__int16, int, char *Source, int, int, int, int);",0x5410,game
42032fc2807f7dec6de1ed6efb9d18a70668a015f23e32d58149c9d9952bc0a7,0x00593190,0x00593215,133,0x00593190-0x00593215,sub_593190,"int __cdecl sub_593190(__int16, int, char *Source);",0x5410,game
42032fc2807f7dec6de1ed6efb9d18a70668a015f23e32d58149c9d9952bc0a7,0x00593220,0x00593242,34,0x00593220-0x00593242,sub_593220,int __cdecl sub_593220(size_t Size);,0x5410,game
42032fc2807f7dec6de1ed6efb9d18a70668a015f23e32d58149c9d9952bc0a7,0x00593250,0x00593272,34,0x00593250-0x00593272,sub_593250,int __cdecl sub_593250(size_t Size);,0x5410,game
42032fc2807f7dec6de1ed6efb9d18a70668a015f23e32d58149c9d9952bc0a7,0x00593280,0x005932A2,34,0x00593280-0x005932A2,sub_593280,int __cdecl sub_593280(size_t Size);,0x5410,game
42032fc2807f7dec6de1ed6efb9d18a70668a015f23e32d58149c9d9952bc0a7,0x005932B0,0x005932D2,34,0x005932B0-0x005932D2,sub_5932B0,int __cdecl sub_5932B0(size_t Size);,0x5410,game
42032fc2807f7dec6de1ed6efb9d18a70668a015f23e32d58149c9d9952bc0a7,0x005932E0,0x00593302,34,0x005932E0-0x00593302,sub_5932E0,int __cdecl sub_5932E0(size_t Size);,0x5410,game
42032fc2807f7dec6de1ed6efb9d18a70668a015f23e32d58149c9d9952bc0a7,0x00593310,0x00593332,34,0x00593310-0x00593332,sub_593310,int __cdecl sub_593310(size_t Size);,0x5410,game
42032fc2807f7dec6de1ed6efb9d18a70668a015f23e32d58149c9d9952bc0a7,0x00593340,0x00593362,34,0x00593340-0x00593362,sub_593340,int __cdecl sub_593340(size_t Size);,0x5410,game
42032fc2807f7dec6de1ed6efb9d18a70668a015f23e32d58149c9d9952bc0a7,0x00593390,0x005933B2,34,0x00593390-0x005933B2,sub_593390,int __cdecl sub_593390(size_t Size);,0x5410,game
42032fc2807f7dec6de1ed6efb9d18a70668a015f23e32d58149c9d9952bc0a7,0x005933C0,0x005933E2,34,0x005933C0-0x005933E2,sub_5933C0,int __cdecl sub_5933C0(size_t Size);,0x5410,game
42032fc2807f7dec6de1ed6efb9d18a70668a015f23e32d58149c9d9952bc0a7,0x005933F0,0x00593412,34,0x005933F0-0x00593412,sub_5933F0,int __cdecl sub_5933F0(size_t Size);,0x5410,game
42032fc2807f7dec6de1ed6efb9d18a70668a015f23e32d58149c9d9952bc0a7,0x00593420,0x00593442,34,0x00593420-0x00593442,sub_593420,int __cdecl sub_593420(size_t Size);,0x5410,game
42032fc2807f7dec6de1ed6efb9d18a70668a015f23e32d58149c9d9952bc0a7,0x00593450,0x00593474,36,0x00593450-0x00593474,sub_593450,"int __cdecl sub_593450(size_t Size, int);",0x5410,game
42032fc2807f7dec6de1ed6efb9d18a70668a015f23e32d58149c9d9952bc0a7,0x005934B0,0x005934D2,34,0x005934B0-0x005934D2,sub_5934B0,int __cdecl sub_5934B0(size_t Size);,0x5410,game
42032fc2807f7dec6de1ed6efb9d18a70668a015f23e32d58149c9d9952bc0a7,0x005934E0,0x00593502,34,0x005934E0-0x00593502,sub_5934E0,int __cdecl sub_5934E0(size_t Size);,0x5410,game
42032fc2807f7dec6de1ed6efb9d18a70668a015f23e32d58149c9d9952bc0a7,0x00593510,0x0059382F,799,0x00593510-0x0059382F,sub_593510,,0x5410,game
42032fc2807f7dec6de1ed6efb9d18a70668a015f23e32d58149c9d9952bc0a7,0x00593830,0x005939FC,460,0x00593830-0x005939FC,sub_593830,,0x5410,game
42032fc2807f7dec6de1ed6efb9d18a70668a015f23e32d58149c9d9952bc0a7,0x00593A00,0x005947BF,4374,0x00593A00-0x005947BF;0x00660BF0-0x00660F47,sub_593A00,"int __cdecl sub_593A00(int, size_t Size);",0x5410,game
42032fc2807f7dec6de1ed6efb9d18a70668a015f23e32d58149c9d9952bc0a7,0x005947C0,0x0059A1AB,23716,0x005947C0-0x0059A1AB;0x00660F47-0x00661200,sub_5947C0,"int __cdecl sub_5947C0(size_t Size, int, int);",0x5410,game
42032fc2807f7dec6de1ed6efb9d18a70668a015f23e32d58149c9d9952bc0a7,0x0059A1B0,0x0059A1BC,12,0x0059A1B0-0x0059A1BC,sub_59A1B0,,0x5400,game
42032fc2807f7dec6de1ed6efb9d18a70668a015f23e32d58149c9d9952bc0a7,0x0059A1C0,0x0059A215,85,0x0059A1C0-0x0059A215,sub_59A1C0,void __cdecl sub_59A1C0();,0x5400,game
42032fc2807f7dec6de1ed6efb9d18a70668a015f23e32d58149c9d9952bc0a7,0x0059A220,0x0059A2C3,163,0x0059A220-0x0059A2C3,sub_59A220,,0x5400,game
42032fc2807f7dec6de1ed6efb9d18a70668a015f23e32d58149c9d9952bc0a7,0x0059A2D0,0x0059A318,72,0x0059A2D0-0x0059A318,sub_59A2D0,,0x5400,game
42032fc2807f7dec6de1ed6efb9d18a70668a015f23e32d58149c9d9952bc0a7,0x0059A370,0x0059A527,439,0x0059A370-0x0059A527,sub_59A370,,0x5410,game
42032fc2807f7dec6de1ed6efb9d18a70668a015f23e32d58149c9d9952bc0a7,0x0059A530,0x0059BC05,5845,0x0059A530-0x0059BC05,sub_59A530,,0x5410,game
42032fc2807f7dec6de1ed6efb9d18a70668a015f23e32d58149c9d9952bc0a7,0x0059BC10,0x0059C1F3,1507,0x0059BC10-0x0059C1F3,sub_59BC10,,0x5410,game
42032fc2807f7dec6de1ed6efb9d18a70668a015f23e32d58149c9d9952bc0a7,0x0059C200,0x0059C33F,319,0x0059C200-0x0059C33F,sub_59C200,,0x5410,game
42032fc2807f7dec6de1ed6efb9d18a70668a015f23e32d58149c9d9952bc0a7,0x0059C3C0,0x0059C51B,347,0x0059C3C0-0x0059C51B,sub_59C3C0,,0x5410,game
42032fc2807f7dec6de1ed6efb9d18a70668a015f23e32d58149c9d9952bc0a7,0x0059C520,0x0059C781,609,0x0059C520-0x0059C781,sub_59C520,,0x5410,game
42032fc2807f7dec6de1ed6efb9d18a70668a015f23e32d58149c9d9952bc0a7,0x0059C790,0x0059CC9D,1293,0x0059C790-0x0059CC9D,sub_59C790,,0x5410,game
42032fc2807f7dec6de1ed6efb9d18a70668a015f23e32d58149c9d9952bc0a7,0x0059CCA0,0x0059D22A,1418,0x0059CCA0-0x0059D22A,sub_59CCA0,,0x5410,game
42032fc2807f7dec6de1ed6efb9d18a70668a015f23e32d58149c9d9952bc0a7,0x0059D250,0x0059D392,322,0x0059D250-0x0059D392,sub_59D250,,0x5410,game
42032fc2807f7dec6de1ed6efb9d18a70668a015f23e32d58149c9d9952bc0a7,0x0059D3A0,0x0059D3AA,10,0x0059D3A0-0x0059D3AA,sub_59D3A0,,0x5400,game
42032fc2807f7dec6de1ed6efb9d18a70668a015f23e32d58149c9d9952bc0a7,0x0059D3B0,0x0059D690,968,0x0059D3B0-0x0059D690;0x00661200-0x006612E8,sub_59D3B0,"int __cdecl sub_59D3B0(char *Str1, int, int, int, int);",0x5410,game
42032fc2807f7dec6de1ed6efb9d18a70668a015f23e32d58149c9d9952bc0a7,0x0059D690,0x0059D971,969,0x0059D690-0x0059D971;0x006612E8-0x006613D0,sub_59D690,,0x5410,game
42032fc2807f7dec6de1ed6efb9d18a70668a015f23e32d58149c9d9952bc0a7,0x0059D980,0x0059DA19,153,0x0059D980-0x0059DA19,sub_59D980,"int __cdecl sub_59D980(LPCSTR lpKeyName, LPCSTR lpDefault, int);",0x5410,game
42032fc2807f7dec6de1ed6efb9d18a70668a015f23e32d58149c9d9952bc0a7,0x0059DA20,0x0059DA99,121,0x0059DA20-0x0059DA99,sub_59DA20,,0x5410,game
42032fc2807f7dec6de1ed6efb9d18a70668a015f23e32d58149c9d9952bc0a7,0x0059DAA0,0x0059DB19,121,0x0059DAA0-0x0059DB19,sub_59DAA0,,0x5410,game
42032fc2807f7dec6de1ed6efb9d18a70668a015f23e32d58149c9d9952bc0a7,0x0059DB20,0x0059DB26,6,0x0059DB20-0x0059DB26,sub_59DB20,,0x5400,game
42032fc2807f7dec6de1ed6efb9d18a70668a015f23e32d58149c9d9952bc0a7,0x0059DB30,0x0059DB36,6,0x0059DB30-0x0059DB36,sub_59DB30,,0x5400,game
42032fc2807f7dec6de1ed6efb9d18a70668a015f23e32d58149c9d9952bc0a7,0x0059DB40,0x0059DBC9,137,0x0059DB40-0x0059DBC9,sub_59DB40,"int __cdecl sub_59DB40(LPCSTR lpKeyName, int Value, int);",0x5410,game
42032fc2807f7dec6de1ed6efb9d18a70668a015f23e32d58149c9d9952bc0a7,0x0059DBD0,0x0059DCE8,280,0x0059DBD0-0x0059DCE8,sub_59DBD0,,0x5410,game
42032fc2807f7dec6de1ed6efb9d18a70668a015f23e32d58149c9d9952bc0a7,0x0059DCF0,0x0059E502,2066,0x0059DCF0-0x0059E502,sub_59DCF0,,0x5410,game
42032fc2807f7dec6de1ed6efb9d18a70668a015f23e32d58149c9d9952bc0a7,0x0059E510,0x0059E52F,31,0x0059E510-0x0059E52F,sub_59E510,"int __cdecl sub_59E510(LPCSTR lpKeyName, LPCSTR lpString);",0x5410,game
42032fc2807f7dec6de1ed6efb9d18a70668a015f23e32d58149c9d9952bc0a7,0x0059E530,0x0059E5CD,157,0x0059E530-0x0059E5CD,sub_59E530,"int __cdecl sub_59E530(LPCSTR lpKeyName, int Value, int);",0x5410,game
42032fc2807f7dec6de1ed6efb9d18a70668a015f23e32d58149c9d9952bc0a7,0x0059E5D0,0x0059E946,886,0x0059E5D0-0x0059E946,sub_59E5D0,,0x5410,game
42032fc2807f7dec6de1ed6efb9d18a70668a015f23e32d58149c9d9952bc0a7,0x0059E950,0x0059E973,35,0x0059E950-0x0059E973,sub_59E950,,0x5400,game
42032fc2807f7dec6de1ed6efb9d18a70668a015f23e32d58149c9d9952bc0a7,0x0059E980,0x0059EA73,243,0x0059E980-0x0059EA73,sub_59E980,,0x5410,game
42032fc2807f7dec6de1ed6efb9d18a70668a015f23e32d58149c9d9952bc0a7,0x0059EA80,0x0059EE42,962,0x0059EA80-0x0059EE42,sub_59EA80,,0x5410,game
42032fc2807f7dec6de1ed6efb9d18a70668a015f23e32d58149c9d9952bc0a7,0x0059EE50,0x0059EEDD,141,0x0059EE50-0x0059EEDD,sub_59EE50,,0x5410,game
42032fc2807f7dec6de1ed6efb9d18a70668a015f23e32d58149c9d9952bc0a7,0x0059EEE0,0x0059F11E,574,0x0059EEE0-0x0059F11E,sub_59EEE0,,0x5410,game
42032fc2807f7dec6de1ed6efb9d18a70668a015f23e32d58149c9d9952bc0a7,0x0059F120,0x005A5837,28292,0x0059F120-0x005A5837;0x006613D0-0x00661B3D,sub_59F120,"int __cdecl sub_59F120(int, char *Source, int, int);",0x5410,game
42032fc2807f7dec6de1ed6efb9d18a70668a015f23e32d58149c9d9952bc0a7,0x005A5880,0x005A58AA,42,0x005A5880-0x005A58AA,sub_5A5880,,0x5410,game
42032fc2807f7dec6de1ed6efb9d18a70668a015f23e32d58149c9d9952bc0a7,0x005A58B0,0x005A58C3,19,0x005A58B0-0x005A58C3,sub_5A58B0,,0x5400,game
42032fc2807f7dec6de1ed6efb9d18a70668a015f23e32d58149c9d9952bc0a7,0x005A58D0,0x005A58D6,6,0x005A58D0-0x005A58D6,timeGetTime,DWORD __stdcall timeGetTime();,0x54C0,thunk
42032fc2807f7dec6de1ed6efb9d18a70668a015f23e32d58149c9d9952bc0a7,0x005A58E0,0x005A58F6,22,0x005A58E0-0x005A58F6,sub_5A58E0,,0x5410,game
42032fc2807f7dec6de1ed6efb9d18a70668a015f23e32d58149c9d9952bc0a7,0x005A5900,0x005A590A,10,0x005A5900-0x005A590A,sub_5A5900,,0x5400,game
42032fc2807f7dec6de1ed6efb9d18a70668a015f23e32d58149c9d9952bc0a7,0x005A5910,0x005A5987,119,0x005A5910-0x005A5987,sub_5A5910,,0x5410,game
42032fc2807f7dec6de1ed6efb9d18a70668a015f23e32d58149c9d9952bc0a7,0x005A5990,0x005A59AD,29,0x005A5990-0x005A59AD,sub_5A5990,,0x5410,game
42032fc2807f7dec6de1ed6efb9d18a70668a015f23e32d58149c9d9952bc0a7,0x005A59B0,0x005A59D2,34,0x005A59B0-0x005A59D2,sub_5A59B0,,0x5410,game
42032fc2807f7dec6de1ed6efb9d18a70668a015f23e32d58149c9d9952bc0a7,0x005A59E0,0x005A5A52,114,0x005A59E0-0x005A5A52,sub_5A59E0,,0x5410,game
42032fc2807f7dec6de1ed6efb9d18a70668a015f23e32d58149c9d9952bc0a7,0x005A5A60,0x005A5CE1,641,0x005A5A60-0x005A5CE1,sub_5A5A60,,0x5410,game
42032fc2807f7dec6de1ed6efb9d18a70668a015f23e32d58149c9d9952bc0a7,0x005A5D00,0x005A5D3F,63,0x005A5D00-0x005A5D3F,sub_5A5D00,,0x5410,game
42032fc2807f7dec6de1ed6efb9d18a70668a015f23e32d58149c9d9952bc0a7,0x005A5D40,0x005A6269,1321,0x005A5D40-0x005A6269,sub_5A5D40,,0x5410,game
42032fc2807f7dec6de1ed6efb9d18a70668a015f23e32d58149c9d9952bc0a7,0x005A6270,0x005A63C9,345,0x005A6270-0x005A63C9,sub_5A6270,,0x5410,game
42032fc2807f7dec6de1ed6efb9d18a70668a015f23e32d58149c9d9952bc0a7,0x005A63D0,0x005A650B,315,0x005A63D0-0x005A650B,sub_5A63D0,,0x5410,game
42032fc2807f7dec6de1ed6efb9d18a70668a015f23e32d58149c9d9952bc0a7,0x005A65A0,0x005A65D0,48,0x005A65A0-0x005A65D0,sub_5A65A0,,0x5410,game
42032fc2807f7dec6de1ed6efb9d18a70668a015f23e32d58149c9d9952bc0a7,0x005A65D0,0x005A662C,92,0x005A65D0-0x005A662C,sub_5A65D0,,0x5410,game
42032fc2807f7dec6de1ed6efb9d18a70668a015f23e32d58149c9d9952bc0a7,0x005A6630,0x005A66E0,176,0x005A6630-0x005A66E0,sub_5A6630,,0x5410,game
42032fc2807f7dec6de1ed6efb9d18a70668a015f23e32d58149c9d9952bc0a7,0x005A66E0,0x005A67A8,200,0x005A66E0-0x005A67A8,sub_5A66E0,"int __cdecl sub_5A66E0(int, int, int, FILE *Stream);",0x5410,game
42032fc2807f7dec6de1ed6efb9d18a70668a015f23e32d58149c9d9952bc0a7,0x005A67B0,0x005A6886,214,0x005A67B0-0x005A6886,sub_5A67B0,"int __cdecl sub_5A67B0(int, int, int, FILE *Stream);",0x5410,game
42032fc2807f7dec6de1ed6efb9d18a70668a015f23e32d58149c9d9952bc0a7,0x005A6890,0x005A6AC0,560,0x005A6890-0x005A6AC0,sub_5A6890,"int __cdecl sub_5A6890(int, FILE *Stream);",0x5410,game
42032fc2807f7dec6de1ed6efb9d18a70668a015f23e32d58149c9d9952bc0a7,0x005A6AC0,0x005A9279,10169,0x005A6AC0-0x005A9279,sub_5A6AC0,"int __cdecl sub_5A6AC0(FILE *Stream, int);",0x5410,game
42032fc2807f7dec6de1ed6efb9d18a70668a015f23e32d58149c9d9952bc0a7,0x005A9280,0x005A94ED,621,0x005A9280-0x005A94ED,sub_5A9280,"int __cdecl sub_5A9280(FILE *Stream, int, int);",0x5410,game
42032fc2807f7dec6de1ed6efb9d18a70668a015f23e32d58149c9d9952bc0a7,0x005A94F0,0x005A96C3,467,0x005A94F0-0x005A96C3,sub_5A94F0,int __cdecl sub_5A94F0(char *Source);,0x5410,game
42032fc2807f7dec6de1ed6efb9d18a70668a015f23e32d58149c9d9952bc0a7,0x005A96D0,0x005A9753,131,0x005A96D0-0x005A9753,sub_5A96D0,,0x5410,game
42032fc2807f7dec6de1ed6efb9d18a70668a015f23e32d58149c9d9952bc0a7,0x005A9760,0x005A9B19,953,0x005A9760-0x005A9B19,sub_5A9760,"int __cdecl sub_5A9760(char *Str, int);",0x5410,game
42032fc2807f7dec6de1ed6efb9d18a70668a015f23e32d58149c9d9952bc0a7,0x005A9B20,0x005A9C05,229,0x005A9B20-0x005A9C05,sub_5A9B20,int __cdecl sub_5A9B20(char *Source);,0x5410,game
42032fc2807f7dec6de1ed6efb9d18a70668a015f23e32d58149c9d9952bc0a7,0x005A9C10,0x005A9DAD,413,0x005A9C10-0x005A9DAD,sub_5A9C10,int __cdecl sub_5A9C10(char *Str);,0x5410,game
42032fc2807f7dec6de1ed6efb9d18a70668a015f23e32d58149c9d9952bc0a7,0x005A9DB0,0x005A9EB0,256,0x005A9DB0-0x005A9EB0,sub_5A9DB0,,0x5410,game
42032fc2807f7dec6de1ed6efb9d18a70668a015f23e32d58149c9d9952bc0a7,0x005A9EB0,0x005AAAA9,3901,0x005A9EB0-0x005AAAA9;0x00661B40-0x00661E84,sub_5A9EB0,,0x5410,game
42032fc2807f7dec6de1ed6efb9d18a70668a015f23e32d58149c9d9952bc0a7,0x005AAAB0,0x005AB5E3,3414,0x005AAAB0-0x005AB5E3;0x00661E84-0x006620A7,sub_5AAAB0,,0x5410,game
42032fc2807f7dec6de1ed6efb9d18a70668a015f23e32d58149c9d9952bc0a7,0x005AB600,0x005ABB8D,1797,0x005AB600-0x005ABB8D;0x006620A7-0x0066221F,sub_5AB600,,0x5410,game
42032fc2807f7dec6de1ed6efb9d18a70668a015f23e32d58149c9d9952bc0a7,0x005ABB90,0x005ABD0C,401,0x005ABB90-0x005ABD0C;0x0066221F-0x00662234,sub_5ABB90,,0x5410,game
42032fc2807f7dec6de1ed6efb9d18a70668a015f23e32d58149c9d9952bc0a7,0x005ABD10,0x005ABD1C,12,0x005ABD10-0x005ABD1C,sub_5ABD10,,0x5400,game
42032fc2807f7dec6de1ed6efb9d18a70668a015f23e32d58149c9d9952bc0a7,0x005ABD20,0x005ABE39,281,0x005ABD20-0x005ABE39,sub_5ABD20,,0x5400,game
42032fc2807f7dec6de1ed6efb9d18a70668a015f23e32d58149c9d9952bc0a7,0x005ABE40,0x005ABEBF,127,0x005ABE40-0x005ABEBF,sub_5ABE40,,0x5410,game
42032fc2807f7dec6de1ed6efb9d18a70668a015f23e32d58149c9d9952bc0a7,0x005ABEC0,0x005ABF14,84,0x005ABEC0-0x005ABF14,sub_5ABEC0,,0x5410,game
42032fc2807f7dec6de1ed6efb9d18a70668a015f23e32d58149c9d9952bc0a7,0x005ABF20,0x005ABFEF,207,0x005ABF20-0x005ABFEF,sub_5ABF20,,0x5410,game
42032fc2807f7dec6de1ed6efb9d18a70668a015f23e32d58149c9d9952bc0a7,0x005ABFF0,0x005AC051,97,0x005ABFF0-0x005AC051,sub_5ABFF0,,0x5410,game
42032fc2807f7dec6de1ed6efb9d18a70668a015f23e32d58149c9d9952bc0a7,0x005AC060,0x005AC10B,171,0x005AC060-0x005AC10B,sub_5AC060,,0x5410,game
42032fc2807f7dec6de1ed6efb9d18a70668a015f23e32d58149c9d9952bc0a7,0x005AC110,0x005AC599,1161,0x005AC110-0x005AC599,sub_5AC110,,0x5410,game
42032fc2807f7dec6de1ed6efb9d18a70668a015f23e32d58149c9d9952bc0a7,0x005AC5A0,0x005AC62F,143,0x005AC5A0-0x005AC62F,sub_5AC5A0,,0x5410,game
42032fc2807f7dec6de1ed6efb9d18a70668a015f23e32d58149c9d9952bc0a7,0x005AC680,0x005AC68F,15,0x005AC680-0x005AC68F,sub_5AC680,,0x5400,game
42032fc2807f7dec6de1ed6efb9d18a70668a015f23e32d58149c9d9952bc0a7,0x005AC690,0x005ACBD6,1350,0x005AC690-0x005ACBD6,sub_5AC690,,0x5410,game
42032fc2807f7dec6de1ed6efb9d18a70668a015f23e32d58149c9d9952bc0a7,0x005ACBE0,0x005AD3AD,1997,0x005ACBE0-0x005AD3AD,sub_5ACBE0,,0x5410,game
42032fc2807f7dec6de1ed6efb9d18a70668a015f23e32d58149c9d9952bc0a7,0x005AD3B0,0x005AD3BB,11,0x005AD3B0-0x005AD3BB,sub_5AD3B0,,0x5400,game
42032fc2807f7dec6de1ed6efb9d18a70668a015f23e32d58149c9d9952bc0a7,0x005AD3C0,0x005AD3CB,11,0x005AD3C0-0x005AD3CB,sub_5AD3C0,,0x5400,game
42032fc2807f7dec6de1ed6efb9d18a70668a015f23e32d58149c9d9952bc0a7,0x005AD3D0,0x005AD3D3,3,0x005AD3D0-0x005AD3D3,nullsub_216,,0x5440,game
42032fc2807f7dec6de1ed6efb9d18a70668a015f23e32d58149c9d9952bc0a7,0x005AD3E0,0x005AD3E3,3,0x005AD3E0-0x005AD3E3,nullsub_217,,0x5440,game
42032fc2807f7dec6de1ed6efb9d18a70668a015f23e32d58149c9d9952bc0a7,0x005AD3F0,0x005AD3F3,3,0x005AD3F0-0x005AD3F3,nullsub_218,,0x5440,game
42032fc2807f7dec6de1ed6efb9d18a70668a015f23e32d58149c9d9952bc0a7,0x005AD400,0x005AD403,3,0x005AD400-0x005AD403,nullsub_219,,0x5440,game
42032fc2807f7dec6de1ed6efb9d18a70668a015f23e32d58149c9d9952bc0a7,0x005AD410,0x005AD413,3,0x005AD410-0x005AD413,nullsub_220,,0x5440,game
42032fc2807f7dec6de1ed6efb9d18a70668a015f23e32d58149c9d9952bc0a7,0x005AD420,0x005AD423,3,0x005AD420-0x005AD423,nullsub_221,,0x5440,game
42032fc2807f7dec6de1ed6efb9d18a70668a015f23e32d58149c9d9952bc0a7,0x005AD430,0x005AD43B,11,0x005AD430-0x005AD43B,sub_5AD430,,0x5400,game
42032fc2807f7dec6de1ed6efb9d18a70668a015f23e32d58149c9d9952bc0a7,0x005AD440,0x005AD450,16,0x005AD440-0x005AD450,sub_5AD440,,0x5400,game
42032fc2807f7dec6de1ed6efb9d18a70668a015f23e32d58149c9d9952bc0a7,0x005AD560,0x005AD607,167,0x005AD560-0x005AD607,sub_5AD560,,0x5400,game
42032fc2807f7dec6de1ed6efb9d18a70668a015f23e32d58149c9d9952bc0a7,0x005AD610,0x005AD71F,271,0x005AD610-0x005AD71F,sub_5AD610,,0x5410,game
42032fc2807f7dec6de1ed6efb9d18a70668a015f23e32d58149c9d9952bc0a7,0x005AD720,0x005AD99A,634,0x005AD720-0x005AD99A,sub_5AD720,int __thiscall sub_5AD720(int);,0x5410,game
42032fc2807f7dec6de1ed6efb9d18a70668a015f23e32d58149c9d9952bc0a7,0x005AD9E0,0x005ADBCC,492,0x005AD9E0-0x005ADBCC,sub_5AD9E0,,0x5410,game
42032fc2807f7dec6de1ed6efb9d18a70668a015f23e32d58149c9d9952bc0a7,0x005ADBD0,0x005ADBE1,17,0x005ADBD0-0x005ADBE1,sub_5ADBD0,,0x5410,game
42032fc2807f7dec6de1ed6efb9d18a70668a015f23e32d58149c9d9952bc0a7,0x005ADBF0,0x005ADE7B,951,0x004210D0-0x004210E7;0x005ADBF0-0x005ADE7B;0x00662240-0x00662355,sub_5ADBF0,,0x5410,game
42032fc2807f7dec6de1ed6efb9d18a70668a015f23e32d58149c9d9952bc0a7,0x005ADE80,0x005ADF03,131,0x005ADE80-0x005ADF03,sub_5ADE80,,0x5410,game
42032fc2807f7dec6de1ed6efb9d18a70668a015f23e32d58149c9d9952bc0a7,0x005ADF10,0x005AE0A8,667,0x004210D0-0x004210E7;0x005ADF10-0x005AE0A8;0x00662360-0x0066244C,sub_5ADF10,,0x5410,game
42032fc2807f7dec6de1ed6efb9d18a70668a015f23e32d58149c9d9952bc0a7,0x005AE0B0,0x005AE0D1,33,0x005AE0B0-0x005AE0D1,sub_5AE0B0,"int __thiscall sub_5AE0B0(void *Block, char);",0x5410,game
42032fc2807f7dec6de1ed6efb9d18a70668a015f23e32d58149c9d9952bc0a7,0x005AE0F0,0x005AE106,22,0x005AE0F0-0x005AE106,sub_5AE0F0,,0x5400,game
42032fc2807f7dec6de1ed6efb9d18a70668a015f23e32d58149c9d9952bc0a7,0x005AE110,0x005AE11A,10,0x005AE110-0x005AE11A,unknown_libname_283,void __cdecl unknown_libname_283();,0x5444,library
42032fc2807f7dec6de1ed6efb9d18a70668a015f23e32d58149c9d9952bc0a7,0x005AE120,0x005AED43,3800,0x005AE120-0x005AED43;0x00662450-0x00662705,sub_5AE120,,0x5410,game
42032fc2807f7dec6de1ed6efb9d18a70668a015f23e32d58149c9d9952bc0a7,0x005AEDE0,0x005B0412,5682,0x005AEDE0-0x005B0412,sub_5AEDE0,,0x5410,game
42032fc2807f7dec6de1ed6efb9d18a70668a015f23e32d58149c9d9952bc0a7,0x005B0420,0x005B0A2C,1548,0x005B0420-0x005B0A2C,sub_5B0420,,0x5410,game
42032fc2807f7dec6de1ed6efb9d18a70668a015f23e32d58149c9d9952bc0a7,0x005B0A30,0x005B0D69,825,0x005B0A30-0x005B0D69,sub_5B0A30,,0x5410,game
42032fc2807f7dec6de1ed6efb9d18a70668a015f23e32d58149c9d9952bc0a7,0x005B0D70,0x005B0DF3,131,0x005B0D70-0x005B0DF3,sub_5B0D70,,0x5410,game
42032fc2807f7dec6de1ed6efb9d18a70668a015f23e32d58149c9d9952bc0a7,0x005B0E00,0x005B337C,9596,0x005B0E00-0x005B337C,sub_5B0E00,"int __cdecl sub_5B0E00(char *, int, int);",0x5410,game
42032fc2807f7dec6de1ed6efb9d18a70668a015f23e32d58149c9d9952bc0a7,0x005B3380,0x005B38C6,1350,0x005B3380-0x005B38C6,sub_5B3380,"int __cdecl sub_5B3380(CHAR sz, int);",0x5410,game
42032fc2807f7dec6de1ed6efb9d18a70668a015f23e32d58149c9d9952bc0a7,0x005B38D0,0x005B3919,73,0x005B38D0-0x005B3919,sub_5B38D0,,0x5400,game
42032fc2807f7dec6de1ed6efb9d18a70668a015f23e32d58149c9d9952bc0a7,0x005B3920,0x005B4201,2273,0x005B3920-0x005B4201,sub_5B3920,,0x5410,game
42032fc2807f7dec6de1ed6efb9d18a70668a015f23e32d58149c9d9952bc0a7,0x005B4210,0x005B44C9,697,0x005B4210-0x005B44C9,sub_5B4210,,0x5410,game
42032fc2807f7dec6de1ed6efb9d18a70668a015f23e32d58149c9d9952bc0a7,0x005B44D0,0x005B4550,128,0x005B44D0-0x005B4550,sub_5B44D0,,0x5410,game
42032fc2807f7dec6de1ed6efb9d18a70668a015f23e32d58149c9d9952bc0a7,0x005B4550,0x005B45F8,168,0x005B4550-0x005B45F8,sub_5B4550,,0x5410,game
42032fc2807f7dec6de1ed6efb9d18a70668a015f23e32d58149c9d9952bc0a7,0x005B4600,0x005B4721,289,0x005B4600-0x005B4721,sub_5B4600,,0x5410,game
42032fc2807f7dec6de1ed6efb9d18a70668a015f23e32d58149c9d9952bc0a7,0x005B4730,0x005B4786,86,0x005B4730-0x005B4786,sub_5B4730,,0x5410,game
42032fc2807f7dec6de1ed6efb9d18a70668a015f23e32d58149c9d9952bc0a7,0x005B4790,0x005B5612,3714,0x005B4790-0x005B5612,sub_5B4790,,0x5410,game
42032fc2807f7dec6de1ed6efb9d18a70668a015f23e32d58149c9d9952bc0a7,0x005B5620,0x005B5688,104,0x005B5620-0x005B5688,sub_5B5620,,0x5410,game
42032fc2807f7dec6de1ed6efb9d18a70668a015f23e32d58149c9d9952bc0a7,0x005B5690,0x005B56F5,101,0x005B5690-0x005B56F5,sub_5B5690,,0x5410,game
42032fc2807f7dec6de1ed6efb9d18a70668a015f23e32d58149c9d9952bc0a7,0x005B5700,0x005B57CA,202,0x005B5700-0x005B57CA,sub_5B5700,,0x5410,game
42032fc2807f7dec6de1ed6efb9d18a70668a015f23e32d58149c9d9952bc0a7,0x005B57D0,0x005B58D2,258,0x005B57D0-0x005B58D2,sub_5B57D0,,0x5410,game
42032fc2807f7dec6de1ed6efb9d18a70668a015f23e32d58149c9d9952bc0a7,0x005B58E0,0x005B5A61,385,0x005B58E0-0x005B5A61,sub_5B58E0,,0x5410,game
42032fc2807f7dec6de1ed6efb9d18a70668a015f23e32d58149c9d9952bc0a7,0x005B5A70,0x005B5AC5,85,0x005B5A70-0x005B5AC5,sub_5B5A70,,0x5410,game
42032fc2807f7dec6de1ed6efb9d18a70668a015f23e32d58149c9d9952bc0a7,0x005B5AD0,0x005B5E05,821,0x005B5AD0-0x005B5E05,sub_5B5AD0,,0x5410,game
42032fc2807f7dec6de1ed6efb9d18a70668a015f23e32d58149c9d9952bc0a7,0x005B5EA0,0x005B6060,448,0x005B5EA0-0x005B6060,sub_5B5EA0,,0x5410,game
42032fc2807f7dec6de1ed6efb9d18a70668a015f23e32d58149c9d9952bc0a7,0x005B6060,0x005B619A,314,0x005B6060-0x005B619A,sub_5B6060,,0x5410,game
42032fc2807f7dec6de1ed6efb9d18a70668a015f23e32d58149c9d9952bc0a7,0x005B6260,0x005B8AE2,10370,0x005B6260-0x005B8AE2,sub_5B6260,,0x5410,game
42032fc2807f7dec6de1ed6efb9d18a70668a015f23e32d58149c9d9952bc0a7,0x005B8AF0,0x005B8B5D,109,0x005B8AF0-0x005B8B5D,sub_5B8AF0,,0x5410,game
42032fc2807f7dec6de1ed6efb9d18a70668a015f23e32d58149c9d9952bc0a7,0x005B8B60,0x005B8C8D,301,0x005B8B60-0x005B8C8D,sub_5B8B60,,0x5410,game
42032fc2807f7dec6de1ed6efb9d18a70668a015f23e32d58149c9d9952bc0a7,0x005B8C90,0x005B8E0A,378,0x005B8C90-0x005B8E0A,sub_5B8C90,,0x5410,game
42032fc2807f7dec6de1ed6efb9d18a70668a015f23e32d58149c9d9952bc0a7,0x005B8E10,0x005B8ED9,201,0x005B8E10-0x005B8ED9,sub_5B8E10,,0x5410,game
42032fc2807f7dec6de1ed6efb9d18a70668a015f23e32d58149c9d9952bc0a7,0x005B8EE0,0x005B950F,1583,0x005B8EE0-0x005B950F,sub_5B8EE0,,0x5410,game
42032fc2807f7dec6de1ed6efb9d18a70668a015f23e32d58149c9d9952bc0a7,0x005B9510,0x005B9577,103,0x005B9510-0x005B9577,sub_5B9510,,0x5410,game
42032fc2807f7dec6de1ed6efb9d18a70668a015f23e32d58149c9d9952bc0a7,0x005B9580,0x005B9BB8,1592,0x005B9580-0x005B9BB8,sub_5B9580,,0x5410,game
42032fc2807f7dec6de1ed6efb9d18a70668a015f23e32d58149c9d9952bc0a7,0x005B9C10,0x005B9C26,22,0x005B9C10-0x005B9C26,sub_5B9C10,,0x5400,game
42032fc2807f7dec6de1ed6efb9d18a70668a015f23e32d58149c9d9952bc0a7,0x005B9C30,0x005B9C3A,10,0x005B9C30-0x005B9C3A,unknown_libname_284,void __cdecl unknown_libname_284();,0x5444,library
42032fc2807f7dec6de1ed6efb9d18a70668a015f23e32d58149c9d9952bc0a7,0x005B9C40,0x005B9EF0,688,0x005B9C40-0x005B9EF0,sub_5B9C40,"int __cdecl sub_5B9C40(char *Destination, int, int);",0x5410,game
42032fc2807f7dec6de1ed6efb9d18a70668a015f23e32d58149c9d9952bc0a7,0x005B9EF0,0x005B9F16,38,0x005B9EF0-0x005B9F16,sub_5B9EF0,,0x5410,game
42032fc2807f7dec6de1ed6efb9d18a70668a015f23e32d58149c9d9952bc0a7,0x005B9F20,0x005B9F89,105,0x005B9F20-0x005B9F89,sub_5B9F20,,0x5410,game
42032fc2807f7dec6de1ed6efb9d18a70668a015f23e32d58149c9d9952bc0a7,0x005B9F90,0x005B9FE0,80,0x005B9F90-0x005B9FE0,sub_5B9F90,,0x5410,game
42032fc2807f7dec6de1ed6efb9d18a70668a015f23e32d58149c9d9952bc0a7,0x005B9FE0,0x005BA02C,76,0x005B9FE0-0x005BA02C,sub_5B9FE0,,0x5410,game
42032fc2807f7dec6de1ed6efb9d18a70668a015f23e32d58149c9d9952bc0a7,0x005BA030,0x005BA0DD,173,0x005BA030-0x005BA0DD,sub_5BA030,,0x5410,game
42032fc2807f7dec6de1ed6efb9d18a70668a015f23e32d58149c9d9952bc0a7,0x005BA0E0,0x005BA90A,2090,0x005BA0E0-0x005BA90A,sub_5BA0E0,,0x5410,game
42032fc2807f7dec6de1ed6efb9d18a70668a015f23e32d58149c9d9952bc0a7,0x005BA910,0x005BAB39,553,0x005BA910-0x005BAB39,sub_5BA910,,0x5410,game
42032fc2807f7dec6de1ed6efb9d18a70668a015f23e32d58149c9d9952bc0a7,0x005BAB40,0x005BAC13,211,0x005BAB40-0x005BAC13,sub_5BAB40,,0x5410,game
42032fc2807f7dec6de1ed6efb9d18a70668a015f23e32d58149c9d9952bc0a7,0x005BAC20,0x005BADBF,415,0x005BAC20-0x005BADBF,sub_5BAC20,,0x5410,game
42032fc2807f7dec6de1ed6efb9d18a70668a015f23e32d58149c9d9952bc0a7,0x005BAE60,0x005BAFFB,411,0x005BAE60-0x005BAFFB,sub_5BAE60,,0x5410,game
42032fc2807f7dec6de1ed6efb9d18a70668a015f23e32d58149c9d9952bc0a7,0x005BB000,0x005BCB55,7779,0x005BB000-0x005BCB55;0x00662710-0x00662A1E,sub_5BB000,"int __cdecl sub_5BB000(int, int Value, int, int);",0x5410,game
42032fc2807f7dec6de1ed6efb9d18a70668a015f23e32d58149c9d9952bc0a7,0x005BCB60,0x005BCBDB,123,0x005BCB60-0x005BCBDB,sub_5BCB60,,0x5410,game
42032fc2807f7dec6de1ed6efb9d18a70668a015f23e32d58149c9d9952bc0a7,0x005BCBE0,0x005BDC05,4133,0x005BCBE0-0x005BDC05,sub_5BCBE0,,0x5410,game
42032fc2807f7dec6de1ed6efb9d18a70668a015f23e32d58149c9d9952bc0a7,0x005BDC10,0x005BDD64,340,0x005BDC10-0x005BDD64,sub_5BDC10,,0x5410,game
42032fc2807f7dec6de1ed6efb9d18a70668a015f23e32d58149c9d9952bc0a7,0x005BDD70,0x005BDD8E,30,0x005BDD70-0x005BDD8E,sub_5BDD70,,0x5410,game
42032fc2807f7dec6de1ed6efb9d18a70668a015f23e32d58149c9d9952bc0a7,0x005BDD90,0x005BDDB1,33,0x005BDD90-0x005BDDB1,sub_5BDD90,,0x5410,game
42032fc2807f7dec6de1ed6efb9d18a70668a015f23e32d58149c9d9952bc0a7,0x005BDDC0,0x005BDDE1,33,0x005BDDC0-0x005BDDE1,sub_5BDDC0,,0x5410,game
42032fc2807f7dec6de1ed6efb9d18a70668a015f23e32d58149c9d9952bc0a7,0x005BDDF0,0x005BDE11,33,0x005BDDF0-0x005BDE11,sub_5BDDF0,,0x5410,game
42032fc2807f7dec6de1ed6efb9d18a70668a015f23e32d58149c9d9952bc0a7,0x005BE100,0x005BE29D,413,0x005BE100-0x005BE29D,sub_5BE100,,0x5410,game
42032fc2807f7dec6de1ed6efb9d18a70668a015f23e32d58149c9d9952bc0a7,0x005BE380,0x005BE52A,426,0x005BE380-0x005BE52A,sub_5BE380,int __cdecl sub_5BE380(size_t Size);,0x5410,game
42032fc2807f7dec6de1ed6efb9d18a70668a015f23e32d58149c9d9952bc0a7,0x005BE530,0x005BE6A5,373,0x005BE530-0x005BE6A5,sub_5BE530,int __cdecl sub_5BE530(size_t Size);,0x5410,game
42032fc2807f7dec6de1ed6efb9d18a70668a015f23e32d58149c9d9952bc0a7,0x005BE6B0,0x005BE931,641,0x005BE6B0-0x005BE931,sub_5BE6B0,,0x5410,game
42032fc2807f7dec6de1ed6efb9d18a70668a015f23e32d58149c9d9952bc0a7,0x005BE940,0x005BEB70,560,0x005BE940-0x005BEB70,sub_5BE940,"int __cdecl sub_5BE940(size_t Size, int);",0x5410,game
42032fc2807f7dec6de1ed6efb9d18a70668a015f23e32d58149c9d9952bc0a7,0x005BEB70,0x005BEC3D,275,0x005BEB70-0x005BEC3D;0x00662A1E-0x00662A64,sub_5BEB70,,0x5410,game
42032fc2807f7dec6de1ed6efb9d18a70668a015f23e32d58149c9d9952bc0a7,0x005BEC40,0x005BEC56,22,0x005BEC40-0x005BEC56,sub_5BEC40,,0x5400,game
42032fc2807f7dec6de1ed6efb9d18a70668a015f23e32d58149c9d9952bc0a7,0x005BEC60,0x005BEC6A,10,0x005BEC60-0x005BEC6A,unknown_libname_285,void __cdecl unknown_libname_285();,0x5444,library
42032fc2807f7dec6de1ed6efb9d18a70668a015f23e32d58149c9d9952bc0a7,0x005BEC70,0x005BEC86,22,0x005BEC70-0x005BEC86,sub_5BEC70,,0x5400,game
42032fc2807f7dec6de1ed6efb9d18a70668a015f23e32d58149c9d9952bc0a7,0x005BEC90,0x005BEC9A,10,0x005BEC90-0x005BEC9A,unknown_libname_286,void __cdecl unknown_libname_286();,0x5444,library
42032fc2807f7dec6de1ed6efb9d18a70668a015f23e32d58149c9d9952bc0a7,0x005BECA0,0x005BED17,119,0x005BECA0-0x005BED17,sub_5BECA0,"int __cdecl sub_5BECA0(char *Str1, char *String1);",0x5410,game
42032fc2807f7dec6de1ed6efb9d18a70668a015f23e32d58149c9d9952bc0a7,0x005BED20,0x005BEFDF,703,0x005BED20-0x005BEFDF,sub_5BED20,,0x5410,game
42032fc2807f7dec6de1ed6efb9d18a70668a015f23e32d58149c9d9952bc0a7,0x005BF010,0x005BF12D,285,0x005BF010-0x005BF12D,sub_5BF010,,0x5410,game
42032fc2807f7dec6de1ed6efb9d18a70668a015f23e32d58149c9d9952bc0a7,0x005BF130,0x005BF1EE,190,0x005BF130-0x005BF1EE,sub_5BF130,,0x5410,game
42032fc2807f7dec6de1ed6efb9d18a70668a015f23e32d58149c9d9952bc0a7,0x005BF1F0,0x005BF310,288,0x005BF1F0-0x005BF310,sub_5BF1F0,,0x5410,game
42032fc2807f7dec6de1ed6efb9d18a70668a015f23e32d58149c9d9952bc0a7,0x005BF310,0x005BF330,32,0x005BF310-0x005BF330,sub_5BF310,,0x5410,game
42032fc2807f7dec6de1ed6efb9d18a70668a015f23e32d58149c9d9952bc0a7,0x005BF330,0x005BF34F,31,0x005BF330-0x005BF34F,sub_5BF330,,0x5410,game
42032fc2807f7dec6de1ed6efb9d18a70668a015f23e32d58149c9d9952bc0a7,0x005BF390,0x005BF3B4,36,0x005BF390-0x005BF3B4,sub_5BF390,,0x5410,game
42032fc2807f7dec6de1ed6efb9d18a70668a015f23e32d58149c9d9952bc0a7,0x005BF3C0,0x005BF3E3,35,0x005BF3C0-0x005BF3E3,sub_5BF3C0,,0x5410,game
42032fc2807f7dec6de1ed6efb9d18a70668a015f23e32d58149c9d9952bc0a7,0x005BF3F0,0x005BF412,34,0x005BF3F0-0x005BF412,sub_5BF3F0,,0x5410,game
42032fc2807f7dec6de1ed6efb9d18a70668a015f23e32d58149c9d9952bc0a7,0x005BF420,0x005BF441,33,0x005BF420-0x005BF441,sub_5BF420,,0x5410,game
42032fc2807f7dec6de1ed6efb9d18a70668a015f23e32d58149c9d9952bc0a7,0x005BF480,0x005BF5C2,322,0x005BF480-0x005BF5C2,sub_5BF480,"int __cdecl sub_5BF480(char *Str1, int, int, int, int, int);",0x5410,game
42032fc2807f7dec6de1ed6efb9d18a70668a015f23e32d58149c9d9952bc0a7,0x005BF5D0,0x005BF5F8,40,0x005BF5D0-0x005BF5F8,sub_5BF5D0,,0x5410,game
42032fc2807f7dec6de1ed6efb9d18a70668a015f23e32d58149c9d9952bc0a7,0x005BF7D0,0x005BF7FA,42,0x005BF7D0-0x005BF7FA,sub_5BF7D0,,0x5410,game
42032fc2807f7dec6de1ed6efb9d18a70668a015f23e32d58149c9d9952bc0a7,0x005BF830,0x005BF859,41,0x005BF830-0x005BF859,sub_5BF830,,0x5410,game
42032fc2807f7dec6de1ed6efb9d18a70668a015f23e32d58149c9d9952bc0a7,0x005BF930,0x005BFAA2,370,0x005BF930-0x005BFAA2,sub_5BF930,"int __cdecl sub_5BF930(char *Str1, int, int, int, int, int, int, int, int);",0x5410,game
42032fc2807f7dec6de1ed6efb9d18a70668a015f23e32d58149c9d9952bc0a7,0x005BFAB0,0x005BFAD6,38,0x005BFAB0-0x005BFAD6,sub_5BFAB0,,0x5410,game
42032fc2807f7dec6de1ed6efb9d18a70668a015f23e32d58149c9d9952bc0a7,0x005BFBC0,0x005BFD02,322,0x005BFBC0-0x005BFD02,sub_5BFBC0,"int __cdecl sub_5BFBC0(char *Str1, int, int, int, int, int);",0x5410,game
42032fc2807f7dec6de1ed6efb9d18a70668a015f23e32d58149c9d9952bc0a7,0x005BFD10,0x005BFD2E,30,0x005BFD10-0x005BFD2E,sub_5BFD10,,0x5410,game
42032fc2807f7dec6de1ed6efb9d18a70668a015f23e32d58149c9d9952bc0a7,0x005BFD70,0x005BFE8E,286,0x005BFD70-0x005BFE8E,sub_5BFD70,"int __cdecl sub_5BFD70(char *Str1, int, int, int);",0x5410,game
42032fc2807f7dec6de1ed6efb9d18a70668a015f23e32d58149c9d9952bc0a7,0x005BFE90,0x005BFF9E,270,0x005BFE90-0x005BFF9E,sub_5BFE90,,0x5410,game
42032fc2807f7dec6de1ed6efb9d18a70668a015f23e32d58149c9d9952bc0a7,0x005BFFA0,0x005C007F,223,0x005BFFA0-0x005C007F,sub_5BFFA0,,0x5410,game
42032fc2807f7dec6de1ed6efb9d18a70668a015f23e32d58149c9d9952bc0a7,0x005C0080,0x005C019C,284,0x005C0080-0x005C019C,sub_5C0080,,0x5410,game
42032fc2807f7dec6de1ed6efb9d18a70668a015f23e32d58149c9d9952bc0a7,0x005C01A0,0x005C01CA,42,0x005C01A0-0x005C01CA,sub_5C01A0,,0x5410,game
42032fc2807f7dec6de1ed6efb9d18a70668a015f23e32d58149c9d9952bc0a7,0x005C01D0,0x005C0256,134,0x005C01D0-0x005C0256,sub_5C01D0,,0x5410,game
42032fc2807f7dec6de1ed6efb9d18a70668a015f23e32d58149c9d9952bc0a7,0x005C0260,0x005C02CE,110,0x005C0260-0x005C02CE,sub_5C0260,,0x5410,game
42032fc2807f7dec6de1ed6efb9d18a70668a015f23e32d58149c9d9952bc0a7,0x005C02D0,0x005C03C3,243,0x005C02D0-0x005C03C3,sub_5C02D0,,0x5410,game
42032fc2807f7dec6de1ed6efb9d18a70668a015f23e32d58149c9d9952bc0a7,0x005C03D0,0x005C08C0,1264,0x005C03D0-0x005C08C0,sub_5C03D0,"int __cdecl sub_5C03D0(int, int, int, int Number);",0x5410,game
42032fc2807f7dec6de1ed6efb9d18a70668a015f23e32d58149c9d9952bc0a7,0x005C08C0,0x005C0AF4,564,0x005C08C0-0x005C0AF4,sub_5C08C0,,0x5410,game
42032fc2807f7dec6de1ed6efb9d18a70668a015f23e32d58149c9d9952bc0a7,0x005C0B00,0x005C0CB0,432,0x005C0B00-0x005C0CB0,sub_5C0B00,,0x5410,game
42032fc2807f7dec6de1ed6efb9d18a70668a015f23e32d58149c9d9952bc0a7,0x005C0CB0,0x005C0DA9,249,0x005C0CB0-0x005C0DA9,sub_5C0CB0,,0x5410,game
42032fc2807f7dec6de1ed6efb9d18a70668a015f23e32d58149c9d9952bc0a7,0x005C0DB0,0x005C0E35,133,0x005C0DB0-0x005C0E35,sub_5C0DB0,,0x5410,game
42032fc2807f7dec6de1ed6efb9d18a70668a015f23e32d58149c9d9952bc0a7,0x005C0E40,0x005C1143,771,0x005C0E40-0x005C1143,sub_5C0E40,,0x5410,game
42032fc2807f7dec6de1ed6efb9d18a70668a015f23e32d58149c9d9952bc0a7,0x005C1150,0x005C128F,319,0x005C1150-0x005C128F,sub_5C1150,,0x5410,game
42032fc2807f7dec6de1ed6efb9d18a70668a015f23e32d58149c9d9952bc0a7,0x005C1290,0x005C13AD,285,0x005C1290-0x005C13AD,sub_5C1290,,0x5410,game
42032fc2807f7dec6de1ed6efb9d18a70668a015f23e32d58149c9d9952bc0a7,0x005C13B0,0x005C1532,386,0x005C13B0-0x005C1532,sub_5C13B0,,0x5410,game
42032fc2807f7dec6de1ed6efb9d18a70668a015f23e32d58149c9d9952bc0a7,0x005C1540,0x005C1752,530,0x005C1540-0x005C1752,sub_5C1540,,0x5410,game
42032fc2807f7dec6de1ed6efb9d18a70668a015f23e32d58149c9d9952bc0a7,0x005C1760,0x005C17C4,100,0x005C1760-0x005C17C4,sub_5C1760,,0x5410,game
42032fc2807f7dec6de1ed6efb9d18a70668a015f23e32d58149c9d9952bc0a7,0x005C17D0,0x005C184F,127,0x005C17D0-0x005C184F,sub_5C17D0,,0x5410,game
42032fc2807f7dec6de1ed6efb9d18a70668a015f23e32d58149c9d9952bc0a7,0x005C1850,0x005C1A1D,461,0x005C1850-0x005C1A1D,sub_5C1850,,0x5410,game
42032fc2807f7dec6de1ed6efb9d18a70668a015f23e32d58149c9d9952bc0a7,0x005C1A20,0x005C1AAA,138,0x005C1A20-0x005C1AAA,sub_5C1A20,,0x5410,game
42032fc2807f7dec6de1ed6efb9d18a70668a015f23e32d58149c9d9952bc0a7,0x005C1AB0,0x005C1B6F,191,0x005C1AB0-0x005C1B6F,sub_5C1AB0,,0x5410,game
42032fc2807f7dec6de1ed6efb9d18a70668a015f23e32d58149c9d9952bc0a7,0x005C1B70,0x005C1C38,200,0x005C1B70-0x005C1C38,sub_5C1B70,,0x5410,game
42032fc2807f7dec6de1ed6efb9d18a70668a015f23e32d58149c9d9952bc0a7,0x005C1C40,0x005C1D16,214,0x005C1C40-0x005C1D16,sub_5C1C40,,0x5410,game
42032fc2807f7dec6de1ed6efb9d18a70668a015f23e32d58149c9d9952bc0a7,0x005C1D20,0x005C1D42,34,0x005C1D20-0x005C1D42,sub_5C1D20,,0x5410,game
42032fc2807f7dec6de1ed6efb9d18a70668a015f23e32d58149c9d9952bc0a7,0x005C1D50,0x005C1D6F,31,0x005C1D50-0x005C1D6F,sub_5C1D50,,0x5410,game
42032fc2807f7dec6de1ed6efb9d18a70668a015f23e32d58149c9d9952bc0a7,0x005C1D70,0x005C1E1F,175,0x005C1D70-0x005C1E1F,sub_5C1D70,,0x5410,game
42032fc2807f7dec6de1ed6efb9d18a70668a015f23e32d58149c9d9952bc0a7,0x005C1E20,0x005C1F12,242,0x005C1E20-0x005C1F12,sub_5C1E20,,0x5410,game
42032fc2807f7dec6de1ed6efb9d18a70668a015f23e32d58149c9d9952bc0a7,0x005C1F20,0x005C1FB9,153,0x005C1F20-0x005C1FB9,sub_5C1F20,,0x5410,game
42032fc2807f7dec6de1ed6efb9d18a70668a015f23e32d58149c9d9952bc0a7,0x005C2020,0x005C2374,852,0x005C2020-0x005C2374,sub_5C2020,,0x5410,game
42032fc2807f7dec6de1ed6efb9d18a70668a015f23e32d58149c9d9952bc0a7,0x005C2380,0x005C23DE,94,0x005C2380-0x005C23DE,sub_5C2380,,0x5410,game
42032fc2807f7dec6de1ed6efb9d18a70668a015f23e32d58149c9d9952bc0a7,0x005C23E0,0x005C243B,91,0x005C23E0-0x005C243B,sub_5C23E0,,0x5410,game
42032fc2807f7dec6de1ed6efb9d18a70668a015f23e32d58149c9d9952bc0a7,0x005C2440,0x005C27E1,929,0x005C2440-0x005C27E1,sub_5C2440,,0x5410,game
42032fc2807f7dec6de1ed6efb9d18a70668a015f23e32d58149c9d9952bc0a7,0x005C27F0,0x005C28E6,246,0x005C27F0-0x005C28E6,sub_5C27F0,,0x5410,game
42032fc2807f7dec6de1ed6efb9d18a70668a015f23e32d58149c9d9952bc0a7,0x005C28F0,0x005C2B3C,588,0x005C28F0-0x005C2B3C,sub_5C28F0,,0x5410,game
42032fc2807f7dec6de1ed6efb9d18a70668a015f23e32d58149c9d9952bc0a7,0x005C2B40,0x005C2CA8,360,0x005C2B40-0x005C2CA8,sub_5C2B40,,0x5410,game
42032fc2807f7dec6de1ed6efb9d18a70668a015f23e32d58149c9d9952bc0a7,0x005C2CB0,0x005C3299,1513,0x005C2CB0-0x005C3299,sub_5C2CB0,,0x5410,game
42032fc2807f7dec6de1ed6efb9d18a70668a015f23e32d58149c9d9952bc0a7,0x005C32A0,0x005C343F,415,0x005C32A0-0x005C343F,sub_5C32A0,,0x5400,game
42032fc2807f7dec6de1ed6efb9d18a70668a015f23e32d58149c9d9952bc0a7,0x005C3440,0x005C3678,568,0x005C3440-0x005C3678,sub_5C3440,,0x5410,game
42032fc2807f7dec6de1ed6efb9d18a70668a015f23e32d58149c9d9952bc0a7,0x005C3680,0x005C38AF,559,0x005C3680-0x005C38AF,sub_5C3680,,0x5410,game
42032fc2807f7dec6de1ed6efb9d18a70668a015f23e32d58149c9d9952bc0a7,0x005C38B0,0x005C3F66,1718,0x005C38B0-0x005C3F66,sub_5C38B0,,0x5410,game
42032fc2807f7dec6de1ed6efb9d18a70668a015f23e32d58149c9d9952bc0a7,0x005C3F70,0x005C40E3,371,0x005C3F70-0x005C40E3,sub_5C3F70,,0x5400,game
42032fc2807f7dec6de1ed6efb9d18a70668a015f23e32d58149c9d9952bc0a7,0x005C40F0,0x005C416B,123,0x005C40F0-0x005C416B,sub_5C40F0,,0x5400,game
42032fc2807f7dec6de1ed6efb9d18a70668a015f23e32d58149c9d9952bc0a7,0x005C4170,0x005C4401,657,0x005C4170-0x005C4401,sub_5C4170,,0x5410,game
42032fc2807f7dec6de1ed6efb9d18a70668a015f23e32d58149c9d9952bc0a7,0x005C4470,0x005C4FC1,2897,0x005C4470-0x005C4FC1,sub_5C4470,,0x5410,game
42032fc2807f7dec6de1ed6efb9d18a70668a015f23e32d58149c9d9952bc0a7,0x005C4FD0,0x005C55B5,1509,0x005C4FD0-0x005C55B5,sub_5C4FD0,,0x5410,game
42032fc2807f7dec6de1ed6efb9d18a70668a015f23e32d58149c9d9952bc0a7,0x005C55C0,0x005C58B8,760,0x005C55C0-0x005C58B8,sub_5C55C0,,0x5410,game
42032fc2807f7dec6de1ed6efb9d18a70668a015f23e32d58149c9d9952bc0a7,0x005C58E0,0x005C5A2F,335,0x005C58E0-0x005C5A2F,sub_5C58E0,,0x5400,game
42032fc2807f7dec6de1ed6efb9d18a70668a015f23e32d58149c9d9952bc0a7,0x005C5A30,0x005C5ADB,171,0x005C5A30-0x005C5ADB,sub_5C5A30,,0x5400,game
42032fc2807f7dec6de1ed6efb9d18a70668a015f23e32d58149c9d9952bc0a7,0x005C5AE0,0x005C5BC3,227,0x005C5AE0-0x005C5BC3,sub_5C5AE0,,0x5410,game
42032fc2807f7dec6de1ed6efb9d18a70668a015f23e32d58149c9d9952bc0a7,0x005C5BD0,0x005C5C61,145,0x005C5BD0-0x005C5C61,sub_5C5BD0,,0x5410,game
42032fc2807f7dec6de1ed6efb9d18a70668a015f23e32d58149c9d9952bc0a7,0x005C5C70,0x005C5EEF,639,0x005C5C70-0x005C5EEF,sub_5C5C70,,0x5410,game
42032fc2807f7dec6de1ed6efb9d18a70668a015f23e32d58149c9d9952bc0a7,0x005C5EF0,0x005C6200,784,0x005C5EF0-0x005C6200,sub_5C5EF0,,0x5410,game
42032fc2807f7dec6de1ed6efb9d18a70668a015f23e32d58149c9d9952bc0a7,0x005C6200,0x005C6498,664,0x005C6200-0x005C6498,sub_5C6200,,0x5410,game
42032fc2807f7dec6de1ed6efb9d18a70668a015f23e32d58149c9d9952bc0a7,0x005C64A0,0x005C6734,660,0x005C64A0-0x005C6734,sub_5C64A0,,0x5410,game
42032fc2807f7dec6de1ed6efb9d18a70668a015f23e32d58149c9d9952bc0a7,0x005C6740,0x005C69DB,667,0x005C6740-0x005C69DB,sub_5C6740,,0x5410,game
42032fc2807f7dec6de1ed6efb9d18a70668a015f23e32d58149c9d9952bc0a7,0x005C69E0,0x005C6C31,593,0x005C69E0-0x005C6C31,sub_5C69E0,,0x5410,game
42032fc2807f7dec6de1ed6efb9d18a70668a015f23e32d58149c9d9952bc0a7,0x005C6C40,0x005C6DA4,356,0x005C6C40-0x005C6DA4,sub_5C6C40,,0x5410,game
42032fc2807f7dec6de1ed6efb9d18a70668a015f23e32d58149c9d9952bc0a7,0x005C6DB0,0x005C7016,614,0x005C6DB0-0x005C7016,sub_5C6DB0,,0x5410,game
42032fc2807f7dec6de1ed6efb9d18a70668a015f23e32d58149c9d9952bc0a7,0x005C7020,0x005C753B,1307,0x005C7020-0x005C753B,sub_5C7020,,0x5410,game
42032fc2807f7dec6de1ed6efb9d18a70668a015f23e32d58149c9d9952bc0a7,0x005C7540,0x005C7749,521,0x005C7540-0x005C7749,sub_5C7540,,0x5410,game
42032fc2807f7dec6de1ed6efb9d18a70668a015f23e32d58149c9d9952bc0a7,0x005C7750,0x005C7A75,805,0x005C7750-0x005C7A75,sub_5C7750,,0x5410,game
42032fc2807f7dec6de1ed6efb9d18a70668a015f23e32d58149c9d9952bc0a7,0x005C7A80,0x005C7CA1,545,0x005C7A80-0x005C7CA1,sub_5C7A80,,0x5410,game
42032fc2807f7dec6de1ed6efb9d18a70668a015f23e32d58149c9d9952bc0a7,0x005C7CB0,0x005C7F38,648,0x005C7CB0-0x005C7F38,sub_5C7CB0,,0x5410,game
42032fc2807f7dec6de1ed6efb9d18a70668a015f23e32d58149c9d9952bc0a7,0x005C7F40,0x005C8148,520,0x005C7F40-0x005C8148,sub_5C7F40,,0x5410,game
42032fc2807f7dec6de1ed6efb9d18a70668a015f23e32d58149c9d9952bc0a7,0x005C8150,0x005C83AB,603,0x005C8150-0x005C83AB,sub_5C8150,,0x5410,game
42032fc2807f7dec6de1ed6efb9d18a70668a015f23e32d58149c9d9952bc0a7,0x005C83B0,0x005C8627,631,0x005C83B0-0x005C8627,sub_5C83B0,,0x5410,game
42032fc2807f7dec6de1ed6efb9d18a70668a015f23e32d58149c9d9952bc0a7,0x005C86E0,0x005C899D,701,0x005C86E0-0x005C899D,sub_5C86E0,,0x5410,game
42032fc2807f7dec6de1ed6efb9d18a70668a015f23e32d58149c9d9952bc0a7,0x005C89A0,0x005C89B0,16,0x005C89A0-0x005C89B0,sub_5C89A0,,0x5410,game
42032fc2807f7dec6de1ed6efb9d18a70668a015f23e32d58149c9d9952bc0a7,0x005C89B0,0x005C89E4,52,0x005C89B0-0x005C89E4,sub_5C89B0,int __cdecl sub_5C89B0(char *Destination);,0x5410,game
42032fc2807f7dec6de1ed6efb9d18a70668a015f23e32d58149c9d9952bc0a7,0x005C89F0,0x005C8AC0,208,0x005C89F0-0x005C8AC0,sub_5C89F0,,0x5410,game
42032fc2807f7dec6de1ed6efb9d18a70668a015f23e32d58149c9d9952bc0a7,0x005C8AC0,0x005C8B97,215,0x005C8AC0-0x005C8B97,sub_5C8AC0,,0x5410,game
42032fc2807f7dec6de1ed6efb9d18a70668a015f23e32d58149c9d9952bc0a7,0x005C8BA0,0x005C8D36,406,0x005C8BA0-0x005C8D36,sub_5C8BA0,,0x5410,game
42032fc2807f7dec6de1ed6efb9d18a70668a015f23e32d58149c9d9952bc0a7,0x005C8D40,0x005C8D96,86,0x005C8D40-0x005C8D96,sub_5C8D40,,0x5410,game
42032fc2807f7dec6de1ed6efb9d18a70668a015f23e32d58149c9d9952bc0a7,0x005C8DA0,0x005C8E60,280,0x005C8DA0-0x005C8E60;0x00662A70-0x00662AC8,sub_5C8DA0,,0x5410,game
42032fc2807f7dec6de1ed6efb9d18a70668a015f23e32d58149c9d9952bc0a7,0x005C8E60,0x005C9325,1221,0x005C8E60-0x005C9325,sub_5C8E60,,0x5410,game
42032fc2807f7dec6de1ed6efb9d18a70668a015f23e32d58149c9d9952bc0a7,0x005C9330,0x005C938B,91,0x005C9330-0x005C938B,sub_5C9330,,0x5400,game
42032fc2807f7dec6de1ed6efb9d18a70668a015f23e32d58149c9d9952bc0a7,0x005C9390,0x005C9398,8,0x005C9390-0x005C9398,sub_5C9390,,0x5400,game
42032fc2807f7dec6de1ed6efb9d18a70668a015f23e32d58149c9d9952bc0a7,0x005C93A0,0x005C93B7,23,0x005C93A0-0x005C93B7,sub_5C93A0,,0x5410,game
42032fc2807f7dec6de1ed6efb9d18a70668a015f23e32d58149c9d9952bc0a7,0x005C93C0,0x005C9406,70,0x005C93C0-0x005C9406,sub_5C93C0,,0x5410,game
42032fc2807f7dec6de1ed6efb9d18a70668a015f23e32d58149c9d9952bc0a7,0x005C9410,0x005C9418,8,0x005C9410-0x005C9418,sub_5C9410,,0x5400,game
42032fc2807f7dec6de1ed6efb9d18a70668a015f23e32d58149c9d9952bc0a7,0x005C9420,0x005C951D,253,0x005C9420-0x005C951D,sub_5C9420,,0x5410,game
42032fc2807f7dec6de1ed6efb9d18a70668a015f23e32d58149c9d9952bc0a7,0x005C9520,0x005C95E0,192,0x005C9520-0x005C95E0,sub_5C9520,,0x5410,game
42032fc2807f7dec6de1ed6efb9d18a70668a015f23e32d58149c9d9952bc0a7,0x005C95E0,0x005C97B1,465,0x005C95E0-0x005C97B1,sub_5C95E0,int __stdcall sub_5C95E0(double);,0x5410,game
42032fc2807f7dec6de1ed6efb9d18a70668a015f23e32d58149c9d9952bc0a7,0x005C97C0,0x005C97D6,22,0x005C97C0-0x005C97D6,sub_5C97C0,,0x5400,game
42032fc2807f7dec6de1ed6efb9d18a70668a015f23e32d58149c9d9952bc0a7,0x005C97E0,0x005C97EA,10,0x005C97E0-0x005C97EA,unknown_libname_287,void __cdecl unknown_libname_287();,0x5444,library
42032fc2807f7dec6de1ed6efb9d18a70668a015f23e32d58149c9d9952bc0a7,0x005C97F0,0x005C9860,144,0x005C97F0-0x005C9860;0x00662AF0-0x00662B10,sub_5C97F0,,0x5410,game
42032fc2807f7dec6de1ed6efb9d18a70668a015f23e32d58149c9d9952bc0a7,0x005C9860,0x005C98DB,123,0x005C9860-0x005C98DB,sub_5C9860,"int __thiscall sub_5C9860(int, int, int, int);",0x5410,game
42032fc2807f7dec6de1ed6efb9d18a70668a015f23e32d58149c9d9952bc0a7,0x005C98E0,0x005C98EB,11,0x005C98E0-0x005C98EB,sub_5C98E0,,0x5400,game
42032fc2807f7dec6de1ed6efb9d18a70668a015f23e32d58149c9d9952bc0a7,0x005C9900,0x005C9914,20,0x005C9900-0x005C9914,sub_5C9900,,0x5410,game
42032fc2807f7dec6de1ed6efb9d18a70668a015f23e32d58149c9d9952bc0a7,0x005C9920,0x005C9DF9,1241,0x005C9920-0x005C9DF9,sub_5C9920,,0x5410,game
42032fc2807f7dec6de1ed6efb9d18a70668a015f23e32d58149c9d9952bc0a7,0x005C9E00,0x005C9E77,151,0x005C9E00-0x005C9E77;0x00662AD0-0x00662AF0,sub_5C9E00,,0x5410,game
42032fc2807f7dec6de1ed6efb9d18a70668a015f23e32d58149c9d9952bc0a7,0x005C9E80,0x005C9EA1,33,0x005C9E80-0x005C9EA1,sub_5C9E80,"int __thiscall sub_5C9E80(void *Block, char);",0x5410,game
42032fc2807f7dec6de1ed6efb9d18a70668a015f23e32d58149c9d9952bc0a7,0x005C9EC0,0x005CA22C,876,0x005C9EC0-0x005CA22C,sub_5C9EC0,,0x5400,game
42032fc2807f7dec6de1ed6efb9d18a70668a015f23e32d58149c9d9952bc0a7,0x005CA230,0x005CA308,216,0x005CA230-0x005CA308,sub_5CA230,,0x5400,game
42032fc2807f7dec6de1ed6efb9d18a70668a015f23e32d58149c9d9952bc0a7,0x005CA310,0x005CA6BC,940,0x005CA310-0x005CA6BC,sub_5CA310,,0x5400,game
42032fc2807f7dec6de1ed6efb9d18a70668a015f23e32d58149c9d9952bc0a7,0x005CA6C0,0x005CA95B,667,0x005CA6C0-0x005CA95B,sub_5CA6C0,,0x5400,game
42032fc2807f7dec6de1ed6efb9d18a70668a015f23e32d58149c9d9952bc0a7,0x005CA970,0x005CAAA1,305,0x005CA970-0x005CAAA1,sub_5CA970,,0x5400,game
42032fc2807f7dec6de1ed6efb9d18a70668a015f23e32d58149c9d9952bc0a7,0x005CAAB0,0x005CADF9,841,0x005CAAB0-0x005CADF9,sub_5CAAB0,void __cdecl sub_5CAAB0(void *);,0x5400,game
42032fc2807f7dec6de1ed6efb9d18a70668a015f23e32d58149c9d9952bc0a7,0x005CAE00,0x005CAE79,121,0x005CAE00-0x005CAE79,sub_5CAE00,,0x5400,game
42032fc2807f7dec6de1ed6efb9d18a70668a015f23e32d58149c9d9952bc0a7,0x005CAE80,0x005CB03F,447,0x005CAE80-0x005CB03F,sub_5CAE80,"int __cdecl sub_5CAE80(LPSTR pszFileName, int, void *ArgList);",0x5400,game
42032fc2807f7dec6de1ed6efb9d18a70668a015f23e32d58149c9d9952bc0a7,0x005CB050,0x005CB220,464,0x005CB050-0x005CB220,sub_5CB050,int __thiscall sub_5CB050(LPSTR pszFileName);,0x5400,game
42032fc2807f7dec6de1ed6efb9d18a70668a015f23e32d58149c9d9952bc0a7,0x005CB220,0x005CB60B,1003,0x005CB220-0x005CB60B,sub_5CB220,,0x5400,game
42032fc2807f7dec6de1ed6efb9d18a70668a015f23e32d58149c9d9952bc0a7,0x005CB610,0x005CB652,66,0x005CB610-0x005CB652,sub_5CB610,,0x5400,game
42032fc2807f7dec6de1ed6efb9d18a70668a015f23e32d58149c9d9952bc0a7,0x005CB660,0x005CB6BF,95,0x005CB660-0x005CB6BF,sub_5CB660,,0x5400,game
42032fc2807f7dec6de1ed6efb9d18a70668a015f23e32d58149c9d9952bc0a7,0x005CB6C0,0x005CBAD1,1041,0x005CB6C0-0x005CBAD1,sub_5CB6C0,,0x5400,game
42032fc2807f7dec6de1ed6efb9d18a70668a015f23e32d58149c9d9952bc0a7,0x005CBAE0,0x005CBBB6,214,0x005CBAE0-0x005CBBB6,sub_5CBAE0,,0x5400,game
42032fc2807f7dec6de1ed6efb9d18a70668a015f23e32d58149c9d9952bc0a7,0x005CBBC0,0x005CBBF5,53,0x005CBBC0-0x005CBBF5,sub_5CBBC0,,0x5400,game
42032fc2807f7dec6de1ed6efb9d18a70668a015f23e32d58149c9d9952bc0a7,0x005CBC00,0x005CBE2A,554,0x005CBC00-0x005CBE2A,sub_5CBC00,,0x5400,game
42032fc2807f7dec6de1ed6efb9d18a70668a015f23e32d58149c9d9952bc0a7,0x005CBE30,0x005CC14A,794,0x005CBE30-0x005CC14A,sub_5CBE30,,0x5400,game
42032fc2807f7dec6de1ed6efb9d18a70668a015f23e32d58149c9d9952bc0a7,0x005CC150,0x005CC2A9,345,0x005CC150-0x005CC2A9,sub_5CC150,,0x5410,game
42032fc2807f7dec6de1ed6efb9d18a70668a015f23e32d58149c9d9952bc0a7,0x005CC2B0,0x005CC42C,380,0x005CC2B0-0x005CC42C,sub_5CC2B0,,0x5410,game
42032fc2807f7dec6de1ed6efb9d18a70668a015f23e32d58149c9d9952bc0a7,0x005CC430,0x005CC44B,27,0x005CC430-0x005CC44B,sub_5CC430,,0x5400,game
42032fc2807f7dec6de1ed6efb9d18a70668a015f23e32d58149c9d9952bc0a7,0x005CC450,0x005CC70D,701,0x005CC450-0x005CC70D,sub_5CC450,,0x5400,game
42032fc2807f7dec6de1ed6efb9d18a70668a015f23e32d58149c9d9952bc0a7,0x005CC710,0x005CC856,326,0x005CC710-0x005CC856,sub_5CC710,,0x5400,game
42032fc2807f7dec6de1ed6efb9d18a70668a015f23e32d58149c9d9952bc0a7,0x005CC860,0x005CC935,213,0x005CC860-0x005CC935,sub_5CC860,,0x5400,game
42032fc2807f7dec6de1ed6efb9d18a70668a015f23e32d58149c9d9952bc0a7,0x005CC940,0x005CD28C,2380,0x005CC940-0x005CD28C,sub_5CC940,,0x5410,game
42032fc2807f7dec6de1ed6efb9d18a70668a015f23e32d58149c9d9952bc0a7,0x005CD2D0,0x005CD3A2,210,0x005CD2D0-0x005CD3A2,sub_5CD2D0,,0x5410,game
42032fc2807f7dec6de1ed6efb9d18a70668a015f23e32d58149c9d9952bc0a7,0x005CD3B0,0x005CD556,422,0x005CD3B0-0x005CD556,sub_5CD3B0,,0x5410,game
42032fc2807f7dec6de1ed6efb9d18a70668a015f23e32d58149c9d9952bc0a7,0x005CD560,0x005CD74D,493,0x005CD560-0x005CD74D,sub_5CD560,,0x5410,game
42032fc2807f7dec6de1ed6efb9d18a70668a015f23e32d58149c9d9952bc0a7,0x005CD750,0x005CD8C5,373,0x005CD750-0x005CD8C5,sub_5CD750,,0x5410,game
42032fc2807f7dec6de1ed6efb9d18a70668a015f23e32d58149c9d9952bc0a7,0x005CD8D0,0x005CD97B,171,0x005CD8D0-0x005CD97B,sub_5CD8D0,,0x5400,game
42032fc2807f7dec6de1ed6efb9d18a70668a015f23e32d58149c9d9952bc0a7,0x005CD980,0x005CDA2C,172,0x005CD980-0x005CDA2C,sub_5CD980,,0x5400,game
42032fc2807f7dec6de1ed6efb9d18a70668a015f23e32d58149c9d9952bc0a7,0x005CDA30,0x005CDAC4,148,0x005CDA30-0x005CDAC4,sub_5CDA30,,0x5400,game
42032fc2807f7dec6de1ed6efb9d18a70668a015f23e32d58149c9d9952bc0a7,0x005CDAD0,0x005CDB83,179,0x005CDAD0-0x005CDB83,sub_5CDAD0,,0x5400,game
42032fc2807f7dec6de1ed6efb9d18a70668a015f23e32d58149c9d9952bc0a7,0x005CDB90,0x005CDD0C,380,0x005CDB90-0x005CDD0C,sub_5CDB90,,0x5400,game
42032fc2807f7dec6de1ed6efb9d18a70668a015f23e32d58149c9d9952bc0a7,0x005CDD10,0x005CDF93,643,0x005CDD10-0x005CDF93,sub_5CDD10,,0x5400,game
42032fc2807f7dec6de1ed6efb9d18a70668a015f23e32d58149c9d9952bc0a7,0x005CDFA0,0x005CE29D,765,0x005CDFA0-0x005CE29D,sub_5CDFA0,void __cdecl sub_5CDFA0(void *);,0x5401,game
42032fc2807f7dec6de1ed6efb9d18a70668a015f23e32d58149c9d9952bc0a7,0x005CE2B0,0x005CE2F0,64,0x005CE2B0-0x005CE2F0,sub_5CE2B0,int __thiscall sub_5CE2B0(void *ArgList);,0x5400,game
42032fc2807f7dec6de1ed6efb9d18a70668a015f23e32d58149c9d9952bc0a7,0x005CE2F0,0x005CE336,70,0x005CE2F0-0x005CE336,sub_5CE2F0,,0x5400,game
42032fc2807f7dec6de1ed6efb9d18a70668a015f23e32d58149c9d9952bc0a7,0x005CE340,0x005CE44B,267,0x005CE340-0x005CE44B,sub_5CE340,,0x5400,game
42032fc2807f7dec6de1ed6efb9d18a70668a015f23e32d58149c9d9952bc0a7,0x005CE450,0x005CE4A3,83,0x005CE450-0x005CE4A3,sub_5CE450,,0x5400,game
42032fc2807f7dec6de1ed6efb9d18a70668a015f23e32d58149c9d9952bc0a7,0x005CE4B0,0x005CE61A,362,0x005CE4B0-0x005CE61A,sub_5CE4B0,,0x5400,game
42032fc2807f7dec6de1ed6efb9d18a70668a015f23e32d58149c9d9952bc0a7,0x005CE620,0x005CE63F,31,0x005CE620-0x005CE63F,sub_5CE620,,0x5400,game
42032fc2807f7dec6de1ed6efb9d18a70668a015f23e32d58149c9d9952bc0a7,0x005CE6E3,0x005CE85A,375,0x005CE6E3-0x005CE85A,sub_5CE6E3,,0x5410,game
42032fc2807f7dec6de1ed6efb9d18a70668a015f23e32d58149c9d9952bc0a7,0x005CE85C,0x005CEA09,429,0x005CE85C-0x005CEA09,sub_5CE85C,,0x5400,game
42032fc2807f7dec6de1ed6efb9d18a70668a015f23e32d58149c9d9952bc0a7,0x005CEA09,0x005CEB12,265,0x005CEA09-0x005CEB12,sub_5CEA09,,0x5400,game
42032fc2807f7dec6de1ed6efb9d18a70668a015f23e32d58149c9d9952bc0a7,0x005CEB12,0x005CED1D,523,0x005CEB12-0x005CED1D,sub_5CEB12,,0x5400,game
42032fc2807f7dec6de1ed6efb9d18a70668a015f23e32d58149c9d9952bc0a7,0x005CED1D,0x005CEE80,355,0x005CED1D-0x005CEE80,sub_5CED1D,,0x5400,game
42032fc2807f7dec6de1ed6efb9d18a70668a015f23e32d58149c9d9952bc0a7,0x005CEE80,0x005CEF8A,266,0x005CEE80-0x005CEF8A,sub_5CEE80,,0x5400,game
42032fc2807f7dec6de1ed6efb9d18a70668a015f23e32d58149c9d9952bc0a7,0x005CEF8A,0x005CF11D,403,0x005CEF8A-0x005CF11D,sub_5CEF8A,,0x5400,game
42032fc2807f7dec6de1ed6efb9d18a70668a015f23e32d58149c9d9952bc0a7,0x005CF120,0x005CF144,36,0x005CF120-0x005CF144,sub_5CF120,,0x5400,game
42032fc2807f7dec6de1ed6efb9d18a70668a015f23e32d58149c9d9952bc0a7,0x005CF150,0x005CF2F0,416,0x005CF150-0x005CF2F0,sub_5CF150,,0x5400,game
42032fc2807f7dec6de1ed6efb9d18a70668a015f23e32d58149c9d9952bc0a7,0x005CF5C7,0x005CF852,651,0x005CF5C7-0x005CF852,sub_5CF5C7,,0x5400,game
42032fc2807f7dec6de1ed6efb9d18a70668a015f23e32d58149c9d9952bc0a7,0x005CF852,0x005CFAED,667,0x005CF852-0x005CFAED,sub_5CF852,,0x5400,game
42032fc2807f7dec6de1ed6efb9d18a70668a015f23e32d58149c9d9952bc0a7,0x005CFAED,0x005D02CC,2015,0x005CFAED-0x005D02CC,sub_5CFAED,,0x5400,game
42032fc2807f7dec6de1ed6efb9d18a70668a015f23e32d58149c9d9952bc0a7,0x005D02CC,0x005D0AAB,2015,0x005D02CC-0x005D0AAB,sub_5D02CC,,0x5400,game
42032fc2807f7dec6de1ed6efb9d18a70668a015f23e32d58149c9d9952bc0a7,0x005D0AAB,0x005D0D82,727,0x005D0AAB-0x005D0D82,sub_5D0AAB,,0x5400,game
42032fc2807f7dec6de1ed6efb9d18a70668a015f23e32d58149c9d9952bc0a7,0x005D0D82,0x005D1278,1270,0x005D0D82-0x005D1278,sub_5D0D82,,0x5400,game
42032fc2807f7dec6de1ed6efb9d18a70668a015f23e32d58149c9d9952bc0a7,0x005D1278,0x005D1466,494,0x005D1278-0x005D1466,sub_5D1278,,0x5400,game
42032fc2807f7dec6de1ed6efb9d18a70668a015f23e32d58149c9d9952bc0a7,0x005D1466,0x005D1654,494,0x005D1466-0x005D1654,sub_5D1466,,0x5400,game
42032fc2807f7dec6de1ed6efb9d18a70668a015f23e32d58149c9d9952bc0a7,0x005D1654,0x005D1842,494,0x005D1654-0x005D1842,sub_5D1654,,0x5400,game
42032fc2807f7dec6de1ed6efb9d18a70668a015f23e32d58149c9d9952bc0a7,0x005D1842,0x005D1A30,494,0x005D1842-0x005D1A30,sub_5D1842,,0x5400,game
42032fc2807f7dec6de1ed6efb9d18a70668a015f23e32d58149c9d9952bc0a7,0x005D1A30,0x005D1B88,344,0x005D1A30-0x005D1B88,sub_5D1A30,,0x5400,game
42032fc2807f7dec6de1ed6efb9d18a70668a015f23e32d58149c9d9952bc0a7,0x005D1B88,0x005D2037,1199,0x005D1B88-0x005D2037,sub_5D1B88,,0x5400,game
42032fc2807f7dec6de1ed6efb9d18a70668a015f23e32d58149c9d9952bc0a7,0x005D2037,0x005D2536,1279,0x005D2037-0x005D2536,sub_5D2037,,0x5400,game
42032fc2807f7dec6de1ed6efb9d18a70668a015f23e32d58149c9d9952bc0a7,0x005D2536,0x005D271D,487,0x005D2536-0x005D271D,sub_5D2536,,0x5400,game
42032fc2807f7dec6de1ed6efb9d18a70668a015f23e32d58149c9d9952bc0a7,0x005D271D,0x005D2761,68,0x005D271D-0x005D2761,sub_5D271D,,0x5400,game
42032fc2807f7dec6de1ed6efb9d18a70668a015f23e32d58149c9d9952bc0a7,0x005D2761,0x005D2834,211,0x005D2761-0x005D2834,sub_5D2761,,0x5400,game
42032fc2807f7dec6de1ed6efb9d18a70668a015f23e32d58149c9d9952bc0a7,0x005D2834,0x005D2901,205,0x005D2834-0x005D2901,sub_5D2834,,0x5400,game
42032fc2807f7dec6de1ed6efb9d18a70668a015f23e32d58149c9d9952bc0a7,0x005D2901,0x005D29E1,224,0x005D2901-0x005D29E1,sub_5D2901,,0x5400,game
42032fc2807f7dec6de1ed6efb9d18a70668a015f23e32d58149c9d9952bc0a7,0x005D29E1,0x005D2B20,319,0x005D29E1-0x005D2B20,sub_5D29E1,,0x5400,game
42032fc2807f7dec6de1ed6efb9d18a70668a015f23e32d58149c9d9952bc0a7,0x005D2B20,0x005D2C0A,234,0x005D2B20-0x005D2C0A,sub_5D2B20,"int __cdecl sub_5D2B20(int, double, double);",0x5400,game
42032fc2807f7dec6de1ed6efb9d18a70668a015f23e32d58149c9d9952bc0a7,0x005D2C0A,0x005D2D13,265,0x005D2C0A-0x005D2D13,sub_5D2C0A,,0x5400,game
42032fc2807f7dec6de1ed6efb9d18a70668a015f23e32d58149c9d9952bc0a7,0x005D2D20,0x005D2DF2,210,0x005D2D20-0x005D2DF2,sub_5D2D20,,0x5400,game
42032fc2807f7dec6de1ed6efb9d18a70668a015f23e32d58149c9d9952bc0a7,0x005D2E00,0x005D2E6E,110,0x005D2E00-0x005D2E6E,sub_5D2E00,,0x5400,game
42032fc2807f7dec6de1ed6efb9d18a70668a015f23e32d58149c9d9952bc0a7,0x005D2E70,0x005D35A4,1844,0x005D2E70-0x005D35A4,sub_5D2E70,,0x5400,game
42032fc2807f7dec6de1ed6efb9d18a70668a015f23e32d58149c9d9952bc0a7,0x005D35B0,0x005D3980,976,0x005D35B0-0x005D3980,sub_5D35B0,,0x5410,game
42032fc2807f7dec6de1ed6efb9d18a70668a015f23e32d58149c9d9952bc0a7,0x005D3980,0x005D3DF0,1136,0x005D3980-0x005D3DF0,sub_5D3980,,0x5410,game
42032fc2807f7dec6de1ed6efb9d18a70668a015f23e32d58149c9d9952bc0a7,0x005D3DF0,0x005D3F48,344,0x005D3DF0-0x005D3F48,sub_5D3DF0,,0x5400,game
42032fc2807f7dec6de1ed6efb9d18a70668a015f23e32d58149c9d9952bc0a7,0x005D3F50,0x005D4014,196,0x005D3F50-0x005D4014,sub_5D3F50,,0x5400,game
42032fc2807f7dec6de1ed6efb9d18a70668a015f23e32d58149c9d9952bc0a7,0x005D4020,0x005D4231,529,0x005D4020-0x005D4231,sub_5D4020,,0x5400,game
42032fc2807f7dec6de1ed6efb9d18a70668a015f23e32d58149c9d9952bc0a7,0x005D427C,0x005D439F,291,0x005D427C-0x005D439F,sub_5D427C,,0x5410,game
42032fc2807f7dec6de1ed6efb9d18a70668a015f23e32d58149c9d9952bc0a7,0x005D439F,0x005D4448,169,0x005D439F-0x005D4448,sub_5D439F,,0x5400,game
42032fc2807f7dec6de1ed6efb9d18a70668a015f23e32d58149c9d9952bc0a7,0x005D4448,0x005D44FC,180,0x005D4448-0x005D44FC,sub_5D4448,,0x5410,game
42032fc2807f7dec6de1ed6efb9d18a70668a015f23e32d58149c9d9952bc0a7,0x005D44FC,0x005D4502,6,0x005D44FC-0x005D4502,DirectDrawCreate,"HRESULT __stdcall DirectDrawCreate(GUID *lpGUID, LPDIRECTDRAW *lplpDD, IUnknown *pUnkOuter);",0x54C0,thunk
42032fc2807f7dec6de1ed6efb9d18a70668a015f23e32d58149c9d9952bc0a7,0x005D4510,0x005D453C,44,0x005D4510-0x005D453C,sub_5D4510,int __cdecl sub_5D4510(size_t Size);,0x5400,game
42032fc2807f7dec6de1ed6efb9d18a70668a015f23e32d58149c9d9952bc0a7,0x005D4540,0x005D4551,17,0x005D4540-0x005D4551,sub_5D4540,,0x5400,game
42032fc2807f7dec6de1ed6efb9d18a70668a015f23e32d58149c9d9952bc0a7,0x005D4560,0x005D4573,19,0x005D4560-0x005D4573,sub_5D4560,,0x5400,game
42032fc2807f7dec6de1ed6efb9d18a70668a015f23e32d58149c9d9952bc0a7,0x005D4580,0x005D45AA,42,0x005D4580-0x005D45AA,sub_5D4580,,0x5400,game
42032fc2807f7dec6de1ed6efb9d18a70668a015f23e32d58149c9d9952bc0a7,0x005D45B0,0x005D45DA,42,0x005D45B0-0x005D45DA,sub_5D45B0,,0x5400,game
42032fc2807f7dec6de1ed6efb9d18a70668a015f23e32d58149c9d9952bc0a7,0x005D45E0,0x005D4615,53,0x005D45E0-0x005D4615,sub_5D45E0,,0x5400,game
42032fc2807f7dec6de1ed6efb9d18a70668a015f23e32d58149c9d9952bc0a7,0x005D4620,0x005D4675,85,0x005D4620-0x005D4675,sub_5D4620,int __stdcall sub_5D4620(size_t Size);,0x5400,game
42032fc2807f7dec6de1ed6efb9d18a70668a015f23e32d58149c9d9952bc0a7,0x005D4680,0x005D47CB,331,0x005D4680-0x005D47CB,sub_5D4680,int __stdcall sub_5D4680(int Value);,0x5400,game
42032fc2807f7dec6de1ed6efb9d18a70668a015f23e32d58149c9d9952bc0a7,0x005D4860,0x005D4887,39,0x005D4860-0x005D4887,sub_5D4860,,0x5400,game
42032fc2807f7dec6de1ed6efb9d18a70668a015f23e32d58149c9d9952bc0a7,0x005D4990,0x005D49CE,62,0x005D4990-0x005D49CE,sub_5D4990,,0x5400,game
42032fc2807f7dec6de1ed6efb9d18a70668a015f23e32d58149c9d9952bc0a7,0x005D49D0,0x005D4BA7,471,0x005D49D0-0x005D4BA7,sub_5D49D0,,0x5400,game
42032fc2807f7dec6de1ed6efb9d18a70668a015f23e32d58149c9d9952bc0a7,0x005D4BB0,0x005D4C41,145,0x005D4BB0-0x005D4C41,sub_5D4BB0,,0x5400,game
42032fc2807f7dec6de1ed6efb9d18a70668a015f23e32d58149c9d9952bc0a7,0x005D4C50,0x005D4CBC,108,0x005D4C50-0x005D4CBC,sub_5D4C50,,0x5400,game
42032fc2807f7dec6de1ed6efb9d18a70668a015f23e32d58149c9d9952bc0a7,0x005D4CC0,0x005D4CE7,39,0x005D4CC0-0x005D4CE7,sub_5D4CC0,,0x5400,game
42032fc2807f7dec6de1ed6efb9d18a70668a015f23e32d58149c9d9952bc0a7,0x005D4CF0,0x005D4DC4,230,0x005D4CF0-0x005D4DC4;0x00662B10-0x00662B22,sub_5D4CF0,,0x5400,game
42032fc2807f7dec6de1ed6efb9d18a70668a015f23e32d58149c9d9952bc0a7,0x005D4DD0,0x005D4E37,121,0x005D4DD0-0x005D4E37;0x00662B22-0x00662B34,sub_5D4DD0,,0x5400,game
42032fc2807f7dec6de1ed6efb9d18a70668a015f23e32d58149c9d9952bc0a7,0x005D4E40,0x005D4EE6,166,0x005D4E40-0x005D4EE6,sub_5D4E40,,0x5400,game
42032fc2807f7dec6de1ed6efb9d18a70668a015f23e32d58149c9d9952bc0a7,0x005D4EF0,0x005D5096,443,0x005D4EF0-0x005D5096;0x00662B34-0x00662B49,sub_5D4EF0,,0x5400,game
42032fc2807f7dec6de1ed6efb9d18a70668a015f23e32d58149c9d9952bc0a7,0x005D50A0,0x005D50E8,72,0x005D50A0-0x005D50E8,sub_5D50A0,,0x5400,game
42032fc2807f7dec6de1ed6efb9d18a70668a015f23e32d58149c9d9952bc0a7,0x005D5240,0x005D5241,1,0x005D5240-0x005D5241,nullsub_222,,0x5440,game
42032fc2807f7dec6de1ed6efb9d18a70668a015f23e32d58149c9d9952bc0a7,0x005D5250,0x005D5346,246,0x005D5250-0x005D5346,sub_5D5250,,0x5400,game
42032fc2807f7dec6de1ed6efb9d18a70668a015f23e32d58149c9d9952bc0a7,0x005D5350,0x005D543E,238,0x005D5350-0x005D543E,sub_5D5350,"int __stdcall sub_5D5350(RECT *lprcSrc1, int);",0x5400,game
42032fc2807f7dec6de1ed6efb9d18a70668a015f23e32d58149c9d9952bc0a7,0x005D5440,0x005D5467,39,0x005D5440-0x005D5467,sub_5D5440,"int __stdcall sub_5D5440(int xLeft, int yTop, int, int, int);",0x5400,game
42032fc2807f7dec6de1ed6efb9d18a70668a015f23e32d58149c9d9952bc0a7,0x005D5500,0x005D5536,54,0x005D5500-0x005D5536,sub_5D5500,"int __stdcall sub_5D5500(char *Str, int, int, int);",0x5400,game
42032fc2807f7dec6de1ed6efb9d18a70668a015f23e32d58149c9d9952bc0a7,0x005D5540,0x005D5590,80,0x005D5540-0x005D5590,sub_5D5540,,0x5400,game
42032fc2807f7dec6de1ed6efb9d18a70668a015f23e32d58149c9d9952bc0a7,0x005D55D0,0x005D562F,95,0x005D55D0-0x005D562F,sub_5D55D0,"int __thiscall sub_5D55D0(int, int, int, int, int, int);",0x5400,game
42032fc2807f7dec6de1ed6efb9d18a70668a015f23e32d58149c9d9952bc0a7,0x005D5630,0x005D56AA,122,0x005D5630-0x005D56AA,sub_5D5630,,0x5400,game
42032fc2807f7dec6de1ed6efb9d18a70668a015f23e32d58149c9d9952bc0a7,0x005D56B0,0x005D571D,109,0x005D56B0-0x005D571D,sub_5D56B0,"int __thiscall sub_5D56B0(int, int);",0x5400,game
42032fc2807f7dec6de1ed6efb9d18a70668a015f23e32d58149c9d9952bc0a7,0x005D5720,0x005D588C,364,0x005D5720-0x005D588C,sub_5D5720,,0x5400,game
42032fc2807f7dec6de1ed6efb9d18a70668a015f23e32d58149c9d9952bc0a7,0x005D5890,0x005D592D,157,0x005D5890-0x005D592D,sub_5D5890,,0x5400,game
42032fc2807f7dec6de1ed6efb9d18a70668a015f23e32d58149c9d9952bc0a7,0x005D5930,0x005D5A6E,318,0x005D5930-0x005D5A6E,sub_5D5930,,0x5400,game
42032fc2807f7dec6de1ed6efb9d18a70668a015f23e32d58149c9d9952bc0a7,0x005D5A70,0x005D5B64,244,0x005D5A70-0x005D5B64,sub_5D5A70,,0x5400,game
42032fc2807f7dec6de1ed6efb9d18a70668a015f23e32d58149c9d9952bc0a7,0x005D5C50,0x005D5CEA,154,0x005D5C50-0x005D5CEA,sub_5D5C50,"LRESULT __stdcall sub_5D5C50(HWND, UINT, WPARAM, LPARAM);",0x5400,game
42032fc2807f7dec6de1ed6efb9d18a70668a015f23e32d58149c9d9952bc0a7,0x005D5CF0,0x005D620A,1306,0x005D5CF0-0x005D620A,sub_5D5CF0,int __stdcall sub_5D5CF0(RECT *lprcSrc2);,0x5400,game
42032fc2807f7dec6de1ed6efb9d18a70668a015f23e32d58149c9d9952bc0a7,0x005D6210,0x005D6308,248,0x005D6210-0x005D6308,sub_5D6210,,0x5400,game
42032fc2807f7dec6de1ed6efb9d18a70668a015f23e32d58149c9d9952bc0a7,0x005D6310,0x005D632C,28,0x005D6310-0x005D632C,sub_5D6310,,0x5400,game
42032fc2807f7dec6de1ed6efb9d18a70668a015f23e32d58149c9d9952bc0a7,0x005D6330,0x005D6350,32,0x005D6330-0x005D6350,sub_5D6330,,0x5400,game
42032fc2807f7dec6de1ed6efb9d18a70668a015f23e32d58149c9d9952bc0a7,0x005D63E0,0x005D63E5,5,0x005D63E0-0x005D63E5,sub_5D63E0,,0x5480,thunk
42032fc2807f7dec6de1ed6efb9d18a70668a015f23e32d58149c9d9952bc0a7,0x005D63F0,0x005D68B7,1223,0x005D63F0-0x005D68B7,sub_5D63F0,,0x5400,game
42032fc2807f7dec6de1ed6efb9d18a70668a015f23e32d58149c9d9952bc0a7,0x005D68C0,0x005D6A42,386,0x005D68C0-0x005D6A42,sub_5D68C0,,0x5400,game
42032fc2807f7dec6de1ed6efb9d18a70668a015f23e32d58149c9d9952bc0a7,0x005D6A50,0x005D6ABA,106,0x005D6A50-0x005D6ABA,sub_5D6A50,,0x5400,game
42032fc2807f7dec6de1ed6efb9d18a70668a015f23e32d58149c9d9952bc0a7,0x005D6AC0,0x005D6EB7,1015,0x005D6AC0-0x005D6EB7,sub_5D6AC0,int __stdcall sub_5D6AC0(RECT *lprcSrc2);,0x5400,game
42032fc2807f7dec6de1ed6efb9d18a70668a015f23e32d58149c9d9952bc0a7,0x005D6F50,0x005D7022,210,0x005D6F50-0x005D7022,sub_5D6F50,,0x5400,game
42032fc2807f7dec6de1ed6efb9d18a70668a015f23e32d58149c9d9952bc0a7,0x005D7030,0x005D7140,272,0x005D7030-0x005D7140,sub_5D7030,,0x5400,game
42032fc2807f7dec6de1ed6efb9d18a70668a015f23e32d58149c9d9952bc0a7,0x005D7170,0x005D7194,36,0x005D7170-0x005D7194,sub_5D7170,,0x5400,game
42032fc2807f7dec6de1ed6efb9d18a70668a015f23e32d58149c9d9952bc0a7,0x005D71A0,0x005D71C8,40,0x005D71A0-0x005D71C8,sub_5D71A0,void __cdecl sub_5D71A0();,0x5400,game
42032fc2807f7dec6de1ed6efb9d18a70668a015f23e32d58149c9d9952bc0a7,0x005D71D0,0x005D71E6,22,0x005D71D0-0x005D71E6,sub_5D71D0,,0x5400,game
42032fc2807f7dec6de1ed6efb9d18a70668a015f23e32d58149c9d9952bc0a7,0x005D71F0,0x005D720F,31,0x005D71F0-0x005D720F,sub_5D71F0,void __cdecl sub_5D71F0();,0x5400,game
42032fc2807f7dec6de1ed6efb9d18a70668a015f23e32d58149c9d9952bc0a7,0x005D7210,0x005D740A,530,0x005D7210-0x005D740A;0x00662B50-0x00662B68,sub_5D7210,void __thiscall sub_5D7210(void *);,0x5400,game
42032fc2807f7dec6de1ed6efb9d18a70668a015f23e32d58149c9d9952bc0a7,0x005D7410,0x005D7463,107,0x005D7410-0x005D7463;0x00662B68-0x00662B80,sub_5D7410,void __thiscall sub_5D7410(void *);,0x5400,game
42032fc2807f7dec6de1ed6efb9d18a70668a015f23e32d58149c9d9952bc0a7,0x005D7470,0x005D7665,501,0x005D7470-0x005D7665,sub_5D7470,,0x5400,game
42032fc2807f7dec6de1ed6efb9d18a70668a015f23e32d58149c9d9952bc0a7,0x005D7670,0x005D79BF,847,0x005D7670-0x005D79BF,sub_5D7670,,0x5400,game
42032fc2807f7dec6de1ed6efb9d18a70668a015f23e32d58149c9d9952bc0a7,0x005D79C0,0x005D7A05,69,0x005D79C0-0x005D7A05,sub_5D79C0,,0x5400,game
42032fc2807f7dec6de1ed6efb9d18a70668a015f23e32d58149c9d9952bc0a7,0x005D7A10,0x005D7A2F,31,0x005D7A10-0x005D7A2F,sub_5D7A10,,0x5400,game
42032fc2807f7dec6de1ed6efb9d18a70668a015f23e32d58149c9d9952bc0a7,0x005D7A30,0x005D7ADA,188,0x005D7A30-0x005D7ADA;0x00662B80-0x00662B92,sub_5D7A30,"int __stdcall sub_5D7A30(char *Source, int, int, int);",0x5400,game
42032fc2807f7dec6de1ed6efb9d18a70668a015f23e32d58149c9d9952bc0a7,0x005D7AE0,0x005D7B1D,61,0x005D7AE0-0x005D7B1D,sub_5D7AE0,,0x5400,game
42032fc2807f7dec6de1ed6efb9d18a70668a015f23e32d58149c9d9952bc0a7,0x005D7B40,0x005D7C78,333,0x005D7B40-0x005D7C78;0x00662B92-0x00662BA7,sub_5D7B40,"int __stdcall sub_5D7B40(char *Source, int, int, int);",0x5400,game
42032fc2807f7dec6de1ed6efb9d18a70668a015f23e32d58149c9d9952bc0a7,0x005D7CA0,0x005D7DD8,333,0x005D7CA0-0x005D7DD8;0x00662BA7-0x00662BBC,sub_5D7CA0,"int __stdcall sub_5D7CA0(char *Source, int, int, int);",0x5400,game
42032fc2807f7dec6de1ed6efb9d18a70668a015f23e32d58149c9d9952bc0a7,0x005D7DE0,0x005D7F1D,338,0x005D7DE0-0x005D7F1D;0x00662BBC-0x00662BD1,sub_5D7DE0,"int __stdcall sub_5D7DE0(char *Str, int, int, int);",0x5400,game
42032fc2807f7dec6de1ed6efb9d18a70668a015f23e32d58149c9d9952bc0a7,0x005D7F20,0x005D7FFB,262,0x005D7F20-0x005D7FFB;0x00662BD1-0x00662BFC,sub_5D7F20,"int __stdcall sub_5D7F20(char *Str, int, int, int);",0x5400,game
42032fc2807f7dec6de1ed6efb9d18a70668a015f23e32d58149c9d9952bc0a7,0x005D8000,0x005D81F3,499,0x005D8000-0x005D81F3,sub_5D8000,,0x5400,game
42032fc2807f7dec6de1ed6efb9d18a70668a015f23e32d58149c9d9952bc0a7,0x005D8200,0x005D823D,61,0x005D8200-0x005D823D,sub_5D8200,"int __stdcall sub_5D8200(int xLeft, int yTop, int, int);",0x5400,game
42032fc2807f7dec6de1ed6efb9d18a70668a015f23e32d58149c9d9952bc0a7,0x005D8240,0x005D8282,66,0x005D8240-0x005D8282,sub_5D8240,"int __stdcall sub_5D8240(int xLeft, int yTop, int, int, int);",0x5400,game
42032fc2807f7dec6de1ed6efb9d18a70668a015f23e32d58149c9d9952bc0a7,0x005D8360,0x005D836B,11,0x005D8360-0x005D836B,sub_5D8360,,0x5400,game
42032fc2807f7dec6de1ed6efb9d18a70668a015f23e32d58149c9d9952bc0a7,0x005D8370,0x005D84B7,327,0x005D8370-0x005D84B7,sub_5D8370,,0x5400,game
42032fc2807f7dec6de1ed6efb9d18a70668a015f23e32d58149c9d9952bc0a7,0x005D84C0,0x005D8646,390,0x005D84C0-0x005D8646,sub_5D84C0,,0x5400,game
42032fc2807f7dec6de1ed6efb9d18a70668a015f23e32d58149c9d9952bc0a7,0x005D8650,0x005D873E,238,0x005D8650-0x005D873E,sub_5D8650,,0x5400,game
42032fc2807f7dec6de1ed6efb9d18a70668a015f23e32d58149c9d9952bc0a7,0x005D8740,0x005D8838,248,0x005D8740-0x005D8838,sub_5D8740,,0x5400,game
42032fc2807f7dec6de1ed6efb9d18a70668a015f23e32d58149c9d9952bc0a7,0x005D8840,0x005D892E,238,0x005D8840-0x005D892E,sub_5D8840,,0x5400,game
42032fc2807f7dec6de1ed6efb9d18a70668a015f23e32d58149c9d9952bc0a7,0x005D8930,0x005D8A28,248,0x005D8930-0x005D8A28,sub_5D8930,,0x5400,game
42032fc2807f7dec6de1ed6efb9d18a70668a015f23e32d58149c9d9952bc0a7,0x005D8A30,0x005D8B1E,238,0x005D8A30-0x005D8B1E,sub_5D8A30,,0x5400,game
42032fc2807f7dec6de1ed6efb9d18a70668a015f23e32d58149c9d9952bc0a7,0x005D8B20,0x005D8C18,248,0x005D8B20-0x005D8C18,sub_5D8B20,,0x5400,game
42032fc2807f7dec6de1ed6efb9d18a70668a015f23e32d58149c9d9952bc0a7,0x005D8DF0,0x005D8EDE,238,0x005D8DF0-0x005D8EDE,sub_5D8DF0,,0x5400,game
42032fc2807f7dec6de1ed6efb9d18a70668a015f23e32d58149c9d9952bc0a7,0x005D8EE0,0x005D8FD8,248,0x005D8EE0-0x005D8FD8,sub_5D8EE0,,0x5400,game
42032fc2807f7dec6de1ed6efb9d18a70668a015f23e32d58149c9d9952bc0a7,0x005D8FE0,0x005D90CE,238,0x005D8FE0-0x005D90CE,sub_5D8FE0,,0x5400,game
42032fc2807f7dec6de1ed6efb9d18a70668a015f23e32d58149c9d9952bc0a7,0x005D90D0,0x005D91C8,248,0x005D90D0-0x005D91C8,sub_5D90D0,,0x5400,game
42032fc2807f7dec6de1ed6efb9d18a70668a015f23e32d58149c9d9952bc0a7,0x005D91D0,0x005D92BE,238,0x005D91D0-0x005D92BE,sub_5D91D0,,0x5400,game
42032fc2807f7dec6de1ed6efb9d18a70668a015f23e32d58149c9d9952bc0a7,0x005D92C0,0x005D93B8,248,0x005D92C0-0x005D93B8,sub_5D92C0,,0x5400,game
42032fc2807f7dec6de1ed6efb9d18a70668a015f23e32d58149c9d9952bc0a7,0x005D93C0,0x005D94AE,238,0x005D93C0-0x005D94AE,sub_5D93C0,,0x5400,game
42032fc2807f7dec6de1ed6efb9d18a70668a015f23e32d58149c9d9952bc0a7,0x005D94B0,0x005D95A8,248,0x005D94B0-0x005D95A8,sub_5D94B0,,0x5400,game
42032fc2807f7dec6de1ed6efb9d18a70668a015f23e32d58149c9d9952bc0a7,0x005D95B0,0x005D95D3,35,0x005D95B0-0x005D95D3,sub_5D95B0,,0x5400,game
42032fc2807f7dec6de1ed6efb9d18a70668a015f23e32d58149c9d9952bc0a7,0x005D95E0,0x005D960A,42,0x005D95E0-0x005D960A,sub_5D95E0,,0x5400,game
42032fc2807f7dec6de1ed6efb9d18a70668a015f23e32d58149c9d9952bc0a7,0x005D9610,0x005D98EA,730,0x005D9610-0x005D98EA,sub_5D9610,"int __stdcall sub_5D9610(HDC hdcSrc, int xSrc, int ySrc, int wSrc, int hSrc, int xDest, int yDest, int wDest, int hDest);",0x5400,game
42032fc2807f7dec6de1ed6efb9d18a70668a015f23e32d58149c9d9952bc0a7,0x005D98F0,0x005D9BD7,743,0x005D98F0-0x005D9BD7,sub_5D98F0,"int __stdcall sub_5D98F0(int, HDC hdcSrc, HDC hdcDest);",0x5400,game
42032fc2807f7dec6de1ed6efb9d18a70668a015f23e32d58149c9d9952bc0a7,0x005D9BE0,0x005D9FAF,975,0x005D9BE0-0x005D9FAF,sub_5D9BE0,"int __stdcall sub_5D9BE0(int, int x1, int y1, int, int, int, int);",0x5400,game
42032fc2807f7dec6de1ed6efb9d18a70668a015f23e32d58149c9d9952bc0a7,0x005D9FB0,0x005DA328,888,0x005D9FB0-0x005DA328,sub_5D9FB0,"int __stdcall sub_5D9FB0(int xSrc, RECT *lprcSrc1, int);",0x5400,game
42032fc2807f7dec6de1ed6efb9d18a70668a015f23e32d58149c9d9952bc0a7,0x005DA330,0x005DA4C1,401,0x005DA330-0x005DA4C1,sub_5DA330,,0x5410,game
42032fc2807f7dec6de1ed6efb9d18a70668a015f23e32d58149c9d9952bc0a7,0x005DA4D0,0x005DA67D,429,0x005DA4D0-0x005DA67D,sub_5DA4D0,,0x5410,game
42032fc2807f7dec6de1ed6efb9d18a70668a015f23e32d58149c9d9952bc0a7,0x005DA680,0x005DA69B,27,0x005DA680-0x005DA69B,sub_5DA680,,0x5400,game
42032fc2807f7dec6de1ed6efb9d18a70668a015f23e32d58149c9d9952bc0a7,0x005DA6A0,0x005DA6A8,8,0x005DA6A0-0x005DA6A8,sub_5DA6A0,,0x5400,game
42032fc2807f7dec6de1ed6efb9d18a70668a015f23e32d58149c9d9952bc0a7,0x005DA6B0,0x005DA6B8,8,0x005DA6B0-0x005DA6B8,sub_5DA6B0,,0x5400,game
42032fc2807f7dec6de1ed6efb9d18a70668a015f23e32d58149c9d9952bc0a7,0x005DA6C0,0x005DA851,401,0x005DA6C0-0x005DA851,sub_5DA6C0,,0x5400,game
42032fc2807f7dec6de1ed6efb9d18a70668a015f23e32d58149c9d9952bc0a7,0x005DA860,0x005DA9EC,396,0x005DA860-0x005DA9EC,sub_5DA860,,0x5400,game
42032fc2807f7dec6de1ed6efb9d18a70668a015f23e32d58149c9d9952bc0a7,0x005DA9F0,0x005DAB8A,410,0x005DA9F0-0x005DAB8A,sub_5DA9F0,,0x5400,game
42032fc2807f7dec6de1ed6efb9d18a70668a015f23e32d58149c9d9952bc0a7,0x005DAC70,0x005DACB0,64,0x005DAC70-0x005DACB0,sub_5DAC70,,0x5400,game
42032fc2807f7dec6de1ed6efb9d18a70668a015f23e32d58149c9d9952bc0a7,0x005DACB0,0x005DACDB,43,0x005DACB0-0x005DACDB,sub_5DACB0,,0x5400,game
42032fc2807f7dec6de1ed6efb9d18a70668a015f23e32d58149c9d9952bc0a7,0x005DACE0,0x005DAD0B,43,0x005DACE0-0x005DAD0B,sub_5DACE0,,0x5400,game
42032fc2807f7dec6de1ed6efb9d18a70668a015f23e32d58149c9d9952bc0a7,0x005DAD10,0x005DAD3B,43,0x005DAD10-0x005DAD3B,sub_5DAD10,,0x5400,game
42032fc2807f7dec6de1ed6efb9d18a70668a015f23e32d58149c9d9952bc0a7,0x005DAD40,0x005DAD6B,43,0x005DAD40-0x005DAD6B,sub_5DAD40,,0x5400,game
42032fc2807f7dec6de1ed6efb9d18a70668a015f23e32d58149c9d9952bc0a7,0x005DAD70,0x005DB03E,718,0x005DAD70-0x005DB03E,sub_5DAD70,,0x5400,game
42032fc2807f7dec6de1ed6efb9d18a70668a015f23e32d58149c9d9952bc0a7,0x005DB040,0x005DB3F6,950,0x005DB040-0x005DB3F6,sub_5DB040,"int __stdcall sub_5DB040(int, int, int y, int, char);",0x5400,game
42032fc2807f7dec6de1ed6efb9d18a70668a015f23e32d58149c9d9952bc0a7,0x005DB400,0x005DB44F,79,0x005DB400-0x005DB44F,sub_5DB400,"int __stdcall sub_5DB400(int, char *Str, char);",0x5400,game
42032fc2807f7dec6de1ed6efb9d18a70668a015f23e32d58149c9d9952bc0a7,0x005DB450,0x005DB571,289,0x005DB450-0x005DB571,sub_5DB450,"int __stdcall sub_5DB450(char *Str, char);",0x5400,game
42032fc2807f7dec6de1ed6efb9d18a70668a015f23e32d58149c9d9952bc0a7,0x005DB580,0x005DB65F,223,0x005DB580-0x005DB65F,sub_5DB580,"int __stdcall sub_5DB580(int, char *Str, int x, int y, int);",0x5400,game
42032fc2807f7dec6de1ed6efb9d18a70668a015f23e32d58149c9d9952bc0a7,0x005DB660,0x005DB6B4,84,0x005DB660-0x005DB6B4,sub_5DB660,"int __stdcall sub_5DB660(int, char *Str, int, int c);",0x5400,game
42032fc2807f7dec6de1ed6efb9d18a70668a015f23e32d58149c9d9952bc0a7,0x005DB6C0,0x005DB71E,94,0x005DB6C0-0x005DB71E,sub_5DB6C0,"int __stdcall sub_5DB6C0(int, char *Str, int, int y, int, int c);",0x5400,game
42032fc2807f7dec6de1ed6efb9d18a70668a015f23e32d58149c9d9952bc0a7,0x005DB720,0x005DB774,84,0x005DB720-0x005DB774,sub_5DB720,"int __stdcall sub_5DB720(int, char *Str, int, int c);",0x5400,game
42032fc2807f7dec6de1ed6efb9d18a70668a015f23e32d58149c9d9952bc0a7,0x005DB780,0x005DB806,134,0x005DB780-0x005DB806,sub_5DB780,"int __stdcall sub_5DB780(int, char *Str, int, int, int, int, int c);",0x5400,game
42032fc2807f7dec6de1ed6efb9d18a70668a015f23e32d58149c9d9952bc0a7,0x005DB810,0x005DB869,89,0x005DB810-0x005DB869,sub_5DB810,"int __stdcall sub_5DB810(int, char *Str, int, int y, int c);",0x5400,game
42032fc2807f7dec6de1ed6efb9d18a70668a015f23e32d58149c9d9952bc0a7,0x005DB870,0x005DB8CE,94,0x005DB870-0x005DB8CE,sub_5DB870,"int __stdcall sub_5DB870(int, char *Str, int, int y, int, int c);",0x5400,game
42032fc2807f7dec6de1ed6efb9d18a70668a015f23e32d58149c9d9952bc0a7,0x005DB8D0,0x005DB929,89,0x005DB8D0-0x005DB929,sub_5DB8D0,"int __stdcall sub_5DB8D0(int, char *Str, int, int y, int c);",0x5400,game
42032fc2807f7dec6de1ed6efb9d18a70668a015f23e32d58149c9d9952bc0a7,0x005DB930,0x005DB984,84,0x005DB930-0x005DB984,sub_5DB930,"int __stdcall sub_5DB930(int, char *Str, int, int c);",0x5400,game
42032fc2807f7dec6de1ed6efb9d18a70668a015f23e32d58149c9d9952bc0a7,0x005DB990,0x005DB9DF,79,0x005DB990-0x005DB9DF,sub_5DB990,"int __stdcall sub_5DB990(int, char *Str, int);",0x5400,game
42032fc2807f7dec6de1ed6efb9d18a70668a015f23e32d58149c9d9952bc0a7,0x005DB9E0,0x005DBAF5,277,0x005DB9E0-0x005DBAF5,sub_5DB9E0,"int __stdcall sub_5DB9E0(int, char *Str, int, int y, int);",0x5400,game
42032fc2807f7dec6de1ed6efb9d18a70668a015f23e32d58149c9d9952bc0a7,0x005DBB00,0x005DBBFA,250,0x005DBB00-0x005DBBFA,sub_5DBB00,"int __stdcall sub_5DBB00(int, char *Str, int, int y, int, int);",0x5400,game
42032fc2807f7dec6de1ed6efb9d18a70668a015f23e32d58149c9d9952bc0a7,0x005DBC00,0x005DBC4F,79,0x005DBC00-0x005DBC4F,sub_5DBC00,"int __stdcall sub_5DBC00(int, char *Str, int);",0x5400,game
42032fc2807f7dec6de1ed6efb9d18a70668a015f23e32d58149c9d9952bc0a7,0x005DBC50,0x005DBCA9,89,0x005DBC50-0x005DBCA9,sub_5DBC50,"int __stdcall sub_5DBC50(int, char *Str, int, int y, int);",0x5400,game
42032fc2807f7dec6de1ed6efb9d18a70668a015f23e32d58149c9d9952bc0a7,0x005DBCB0,0x005DBCFF,79,0x005DBCB0-0x005DBCFF,sub_5DBCB0,"int __stdcall sub_5DBCB0(int, char *Str, int);",0x5400,game
42032fc2807f7dec6de1ed6efb9d18a70668a015f23e32d58149c9d9952bc0a7,0x005DBD00,0x005DC2C3,1475,0x005DBD00-0x005DC2C3,sub_5DBD00,"int __stdcall sub_5DBD00(LPCSTR lpString, int x, int y, int c);",0x5400,game
42032fc2807f7dec6de1ed6efb9d18a70668a015f23e32d58149c9d9952bc0a7,0x005DC360,0x005DC40A,170,0x005DC360-0x005DC40A,sub_5DC360,"int __stdcall sub_5DC360(char *Str, int);",0x5400,game
42032fc2807f7dec6de1ed6efb9d18a70668a015f23e32d58149c9d9952bc0a7,0x005DC410,0x005DC70A,762,0x005DC410-0x005DC70A,sub_5DC410,"int __stdcall sub_5DC410(LPCSTR lpString, int, int c);",0x5410,game
42032fc2807f7dec6de1ed6efb9d18a70668a015f23e32d58149c9d9952bc0a7,0x005DC790,0x005DC7BA,42,0x005DC790-0x005DC7BA,sub_5DC790,int __stdcall sub_5DC790(char *Str);,0x5400,game
42032fc2807f7dec6de1ed6efb9d18a70668a015f23e32d58149c9d9952bc0a7,0x005DC7C0,0x005DCA02,578,0x005DC7C0-0x005DCA02,sub_5DC7C0,"int __stdcall sub_5DC7C0(LPCSTR lpString, int c);",0x5410,game
42032fc2807f7dec6de1ed6efb9d18a70668a015f23e32d58149c9d9952bc0a7,0x005DCA80,0x005DCAA5,37,0x005DCA80-0x005DCAA5,sub_5DCA80,,0x5400,game
42032fc2807f7dec6de1ed6efb9d18a70668a015f23e32d58149c9d9952bc0a7,0x005DCAB0,0x005DCADB,43,0x005DCAB0-0x005DCADB,sub_5DCAB0,,0x5400,game
42032fc2807f7dec6de1ed6efb9d18a70668a015f23e32d58149c9d9952bc0a7,0x005DCAE0,0x005DCE23,835,0x005DCAE0-0x005DCE23,sub_5DCAE0,"int __stdcall sub_5DCAE0(void *Src, int x, int y, int c);",0x5410,game
42032fc2807f7dec6de1ed6efb9d18a70668a015f23e32d58149c9d9952bc0a7,0x005DCEA0,0x005DCF34,148,0x005DCEA0-0x005DCF34,sub_5DCEA0,"int __stdcall sub_5DCEA0(char *Str, int x, int y, int c);",0x5400,game
42032fc2807f7dec6de1ed6efb9d18a70668a015f23e32d58149c9d9952bc0a7,0x005DCF40,0x005DD016,214,0x005DCF40-0x005DD016,sub_5DCF40,"int __stdcall sub_5DCF40(char *Str, int, int c);",0x5400,game
42032fc2807f7dec6de1ed6efb9d18a70668a015f23e32d58149c9d9952bc0a7,0x005DD020,0x005DD0D2,178,0x005DD020-0x005DD0D2,sub_5DD020,"int __stdcall sub_5DD020(char *Str, int, int y, int, int c);",0x5400,game
42032fc2807f7dec6de1ed6efb9d18a70668a015f23e32d58149c9d9952bc0a7,0x005DD0E0,0x005DD123,67,0x005DD0E0-0x005DD123,sub_5DD0E0,"int __stdcall sub_5DD0E0(char *Str, int, int, int, int, int c);",0x5400,game
42032fc2807f7dec6de1ed6efb9d18a70668a015f23e32d58149c9d9952bc0a7,0x005DD130,0x005DD24A,282,0x005DD130-0x005DD24A,sub_5DD130,"int __stdcall sub_5DD130(char *Str, int, int c);",0x5400,game
42032fc2807f7dec6de1ed6efb9d18a70668a015f23e32d58149c9d9952bc0a7,0x005DD250,0x005DD2F3,163,0x005DD250-0x005DD2F3,sub_5DD250,"int __stdcall sub_5DD250(char *Str, int, int y, int c);",0x5400,game
42032fc2807f7dec6de1ed6efb9d18a70668a015f23e32d58149c9d9952bc0a7,0x005DD300,0x005DD3A5,165,0x005DD300-0x005DD3A5,sub_5DD300,"int __stdcall sub_5DD300(char *Str, int, int y, int, int c);",0x5400,game
42032fc2807f7dec6de1ed6efb9d18a70668a015f23e32d58149c9d9952bc0a7,0x005DD3B0,0x005DD44F,159,0x005DD3B0-0x005DD44F,sub_5DD3B0,"int __stdcall sub_5DD3B0(char *Str, int, int y, int c);",0x5400,game
42032fc2807f7dec6de1ed6efb9d18a70668a015f23e32d58149c9d9952bc0a7,0x005DD450,0x005DD52B,219,0x005DD450-0x005DD52B,sub_5DD450,"int __stdcall sub_5DD450(char *Str, int, int c);",0x5400,game
42032fc2807f7dec6de1ed6efb9d18a70668a015f23e32d58149c9d9952bc0a7,0x005DD530,0x005DD730,512,0x005DD530-0x005DD730,sub_5DD530,"int __stdcall sub_5DD530(char *Str, int);",0x5400,game
42032fc2807f7dec6de1ed6efb9d18a70668a015f23e32d58149c9d9952bc0a7,0x005DD730,0x005DD91C,492,0x005DD730-0x005DD91C,sub_5DD730,"int __stdcall sub_5DD730(char *Str, int x, int y, int);",0x5400,game
42032fc2807f7dec6de1ed6efb9d18a70668a015f23e32d58149c9d9952bc0a7,0x005DD920,0x005DD9F2,210,0x005DD920-0x005DD9F2,sub_5DD920,"int __stdcall sub_5DD920(char *Str, int, int y, int);",0x5400,game
42032fc2807f7dec6de1ed6efb9d18a70668a015f23e32d58149c9d9952bc0a7,0x005DDA00,0x005DDAA2,162,0x005DDA00-0x005DDAA2,sub_5DDA00,"int __stdcall sub_5DDA00(char *Str, int, int y, int, int);",0x5400,game
42032fc2807f7dec6de1ed6efb9d18a70668a015f23e32d58149c9d9952bc0a7,0x005DDAB0,0x005DDBA6,246,0x005DDAB0-0x005DDBA6,sub_5DDAB0,"int __stdcall sub_5DDAB0(char *Str, int);",0x5400,game
42032fc2807f7dec6de1ed6efb9d18a70668a015f23e32d58149c9d9952bc0a7,0x005DDBB0,0x005DDC8F,223,0x005DDBB0-0x005DDC8F,sub_5DDBB0,"int __stdcall sub_5DDBB0(char *Str, int, int y, int);",0x5400,game
42032fc2807f7dec6de1ed6efb9d18a70668a015f23e32d58149c9d9952bc0a7,0x005DDC90,0x005DDD91,257,0x005DDC90-0x005DDD91,sub_5DDC90,"int __stdcall sub_5DDC90(char *Str, int);",0x5400,game
42032fc2807f7dec6de1ed6efb9d18a70668a015f23e32d58149c9d9952bc0a7,0x005DDDA0,0x005DDDD2,50,0x005DDDA0-0x005DDDD2,sub_5DDDA0,"int __stdcall sub_5DDDA0(char *Str, int);",0x5400,game
42032fc2807f7dec6de1ed6efb9d18a70668a015f23e32d58149c9d9952bc0a7,0x005DDDE0,0x005DDEEA,266,0x005DDDE0-0x005DDEEA,sub_5DDDE0,int __stdcall sub_5DDDE0(char *Str);,0x5400,game
42032fc2807f7dec6de1ed6efb9d18a70668a015f23e32d58149c9d9952bc0a7,0x005DDEF0,0x005DDF5F,111,0x005DDEF0-0x005DDF5F,sub_5DDEF0,,0x5400,game
42032fc2807f7dec6de1ed6efb9d18a70668a015f23e32d58149c9d9952bc0a7,0x005DDF60,0x005DDFA6,70,0x005DDF60-0x005DDFA6,sub_5DDF60,"int __stdcall sub_5DDF60(char *Str, int, int, int);",0x5400,game
42032fc2807f7dec6de1ed6efb9d18a70668a015f23e32d58149c9d9952bc0a7,0x005DDFB0,0x005DE1C8,536,0x005DDFB0-0x005DE1C8,sub_5DDFB0,int __stdcall sub_5DDFB0(char *Str);,0x5400,game
42032fc2807f7dec6de1ed6efb9d18a70668a015f23e32d58149c9d9952bc0a7,0x005DE1D0,0x005DE2DE,270,0x005DE1D0-0x005DE2DE,sub_5DE1D0,,0x5400,game
42032fc2807f7dec6de1ed6efb9d18a70668a015f23e32d58149c9d9952bc0a7,0x005DE320,0x005DE4C5,421,0x005DE320-0x005DE4C5,sub_5DE320,int __stdcall sub_5DE320(char *Str);,0x5400,game
42032fc2807f7dec6de1ed6efb9d18a70668a015f23e32d58149c9d9952bc0a7,0x005DE580,0x005DE721,417,0x005DE580-0x005DE721,sub_5DE580,,0x5410,game
42032fc2807f7dec6de1ed6efb9d18a70668a015f23e32d58149c9d9952bc0a7,0x005DE730,0x005DE8EB,443,0x005DE730-0x005DE8EB,sub_5DE730,,0x5410,game
42032fc2807f7dec6de1ed6efb9d18a70668a015f23e32d58149c9d9952bc0a7,0x005DE8F0,0x005DEA12,290,0x005DE8F0-0x005DEA12,sub_5DE8F0,,0x5400,game
42032fc2807f7dec6de1ed6efb9d18a70668a015f23e32d58149c9d9952bc0a7,0x005DEA20,0x005DEB1C,252,0x005DEA20-0x005DEB1C,sub_5DEA20,,0x5400,game
42032fc2807f7dec6de1ed6efb9d18a70668a015f23e32d58149c9d9952bc0a7,0x005DEF90,0x005DEFD4,68,0x005DEF90-0x005DEFD4,sub_5DEF90,,0x5400,game
42032fc2807f7dec6de1ed6efb9d18a70668a015f23e32d58149c9d9952bc0a7,0x005DF570,0x005DF573,3,0x005DF570-0x005DF573,sub_5DF570,,0x5400,game
42032fc2807f7dec6de1ed6efb9d18a70668a015f23e32d58149c9d9952bc0a7,0x005DF580,0x005DF581,1,0x005DF580-0x005DF581,nullsub_11,,0x5440,game
42032fc2807f7dec6de1ed6efb9d18a70668a015f23e32d58149c9d9952bc0a7,0x005DF590,0x005DF907,908,0x005DF590-0x005DF907;0x00662BFC-0x00662C11,sub_5DF590,int __stdcall sub_5DF590(char *Source);,0x5400,game
42032fc2807f7dec6de1ed6efb9d18a70668a015f23e32d58149c9d9952bc0a7,0x005DF910,0x005DFB3F,559,0x005DF910-0x005DFB3F,sub_5DF910,int __stdcall sub_5DF910(char *Source);,0x5400,game
42032fc2807f7dec6de1ed6efb9d18a70668a015f23e32d58149c9d9952bc0a7,0x005DFB40,0x005DFB48,8,0x005DFB40-0x005DFB48,sub_5DFB40,,0x5400,game
42032fc2807f7dec6de1ed6efb9d18a70668a015f23e32d58149c9d9952bc0a7,0x005DFB50,0x005DFCCD,381,0x005DFB50-0x005DFCCD,sub_5DFB50,,0x5410,game
42032fc2807f7dec6de1ed6efb9d18a70668a015f23e32d58149c9d9952bc0a7,0x005DFCD0,0x005DFEFC,556,0x005DFCD0-0x005DFEFC,sub_5DFCD0,"int __stdcall sub_5DFCD0(RECT *lprcSrc1, int);",0x5410,game
42032fc2807f7dec6de1ed6efb9d18a70668a015f23e32d58149c9d9952bc0a7,0x005DFF00,0x005E079B,2203,0x005DFF00-0x005E079B,sub_5DFF00,,0x5410,game
42032fc2807f7dec6de1ed6efb9d18a70668a015f23e32d58149c9d9952bc0a7,0x005E07A0,0x005E09CB,555,0x005E07A0-0x005E09CB,sub_5E07A0,,0x5400,game
42032fc2807f7dec6de1ed6efb9d18a70668a015f23e32d58149c9d9952bc0a7,0x005E09D0,0x005E10BA,1770,0x005E09D0-0x005E10BA,sub_5E09D0,,0x5410,game
42032fc2807f7dec6de1ed6efb9d18a70668a015f23e32d58149c9d9952bc0a7,0x005E10C0,0x005E134E,654,0x005E10C0-0x005E134E,sub_5E10C0,,0x5410,game
42032fc2807f7dec6de1ed6efb9d18a70668a015f23e32d58149c9d9952bc0a7,0x005E1350,0x005E15E7,663,0x005E1350-0x005E15E7,sub_5E1350,,0x5410,game
42032fc2807f7dec6de1ed6efb9d18a70668a015f23e32d58149c9d9952bc0a7,0x005E15F0,0x005E1A7F,1167,0x005E15F0-0x005E1A7F,sub_5E15F0,"int __stdcall sub_5E15F0(int, int, int, int, int Val);",0x5410,game
42032fc2807f7dec6de1ed6efb9d18a70668a015f23e32d58149c9d9952bc0a7,0x005E1A80,0x005E1BF0,368,0x005E1A80-0x005E1BF0,sub_5E1A80,"int __stdcall sub_5E1A80(int, int, int, int Val);",0x5400,game
42032fc2807f7dec6de1ed6efb9d18a70668a015f23e32d58149c9d9952bc0a7,0x005E1BF0,0x005E1D68,376,0x005E1BF0-0x005E1D68,sub_5E1BF0,,0x5410,game
42032fc2807f7dec6de1ed6efb9d18a70668a015f23e32d58149c9d9952bc0a7,0x005E1D70,0x005E1EE4,372,0x005E1D70-0x005E1EE4,sub_5E1D70,,0x5410,game
42032fc2807f7dec6de1ed6efb9d18a70668a015f23e32d58149c9d9952bc0a7,0x005E1EF0,0x005E2070,384,0x005E1EF0-0x005E2070,sub_5E1EF0,,0x5410,game
42032fc2807f7dec6de1ed6efb9d18a70668a015f23e32d58149c9d9952bc0a7,0x005E2070,0x005E220D,413,0x005E2070-0x005E220D,sub_5E2070,,0x5410,game
42032fc2807f7dec6de1ed6efb9d18a70668a015f23e32d58149c9d9952bc0a7,0x005E2210,0x005E232E,286,0x005E2210-0x005E232E,sub_5E2210,,0x5400,game
42032fc2807f7dec6de1ed6efb9d18a70668a015f23e32d58149c9d9952bc0a7,0x005E2330,0x005E2457,295,0x005E2330-0x005E2457,sub_5E2330,,0x5400,game
42032fc2807f7dec6de1ed6efb9d18a70668a015f23e32d58149c9d9952bc0a7,0x005E2460,0x005E2468,8,0x005E2460-0x005E2468,sub_5E2460,,0x5400,game
42032fc2807f7dec6de1ed6efb9d18a70668a015f23e32d58149c9d9952bc0a7,0x005E2470,0x005E2478,8,0x005E2470-0x005E2478,sub_5E2470,,0x5400,game
42032fc2807f7dec6de1ed6efb9d18a70668a015f23e32d58149c9d9952bc0a7,0x005E2480,0x005E2690,549,0x005E2480-0x005E2690;0x00662C11-0x00662C26,sub_5E2480,"int __cdecl sub_5E2480(char *Str, int, int);",0x5400,game
42032fc2807f7dec6de1ed6efb9d18a70668a015f23e32d58149c9d9952bc0a7,0x005E2690,0x005E2AF7,1127,0x005E2690-0x005E2AF7,sub_5E2690,"int __stdcall sub_5E2690(char *Str1, int, int, int, int);",0x5400,game
42032fc2807f7dec6de1ed6efb9d18a70668a015f23e32d58149c9d9952bc0a7,0x005E2B00,0x005E2DD3,723,0x005E2B00-0x005E2DD3,sub_5E2B00,,0x5410,game
42032fc2807f7dec6de1ed6efb9d18a70668a015f23e32d58149c9d9952bc0a7,0x005E2DD3,0x005E3188,949,0x005E2DD3-0x005E3188,sub_5E2DD3,,0x5400,game
42032fc2807f7dec6de1ed6efb9d18a70668a015f23e32d58149c9d9952bc0a7,0x005E3193,0x005E31FC,105,0x005E3193-0x005E31FC,sub_5E3193,"int __stdcall sub_5E3193(int, int, int, int, int Val, int);",0x5400,game
42032fc2807f7dec6de1ed6efb9d18a70668a015f23e32d58149c9d9952bc0a7,0x005E3203,0x005E3280,125,0x005E3203-0x005E3280,sub_5E3203,"int __stdcall sub_5E3203(int, int Val, int);",0x5400,game
42032fc2807f7dec6de1ed6efb9d18a70668a015f23e32d58149c9d9952bc0a7,0x005E3283,0x005E32E4,97,0x005E3283-0x005E32E4,sub_5E3283,,0x5400,game
42032fc2807f7dec6de1ed6efb9d18a70668a015f23e32d58149c9d9952bc0a7,0x005E32F3,0x005E3370,125,0x005E32F3-0x005E3370,sub_5E32F3,,0x5400,game
42032fc2807f7dec6de1ed6efb9d18a70668a015f23e32d58149c9d9952bc0a7,0x005E3373,0x005E33EA,119,0x005E3373-0x005E33EA,sub_5E3373,,0x5400,game
42032fc2807f7dec6de1ed6efb9d18a70668a015f23e32d58149c9d9952bc0a7,0x005E33F3,0x005E349D,170,0x005E33F3-0x005E349D,sub_5E33F3,,0x5400,game
42032fc2807f7dec6de1ed6efb9d18a70668a015f23e32d58149c9d9952bc0a7,0x005E34A3,0x005E34FB,88,0x005E34A3-0x005E34FB,sub_5E34A3,,0x5400,game
42032fc2807f7dec6de1ed6efb9d18a70668a015f23e32d58149c9d9952bc0a7,0x005E3503,0x005E355C,89,0x005E3503-0x005E355C,sub_5E3503,,0x5400,game
42032fc2807f7dec6de1ed6efb9d18a70668a015f23e32d58149c9d9952bc0a7,0x005E3563,0x005E35C3,96,0x005E3563-0x005E35C3,sub_5E3563,,0x5400,game
42032fc2807f7dec6de1ed6efb9d18a70668a015f23e32d58149c9d9952bc0a7,0x005E35D0,0x005E35EF,31,0x005E35D0-0x005E35EF,sub_5E35D0,void __thiscall sub_5E35D0(void *);,0x5400,game
42032fc2807f7dec6de1ed6efb9d18a70668a015f23e32d58149c9d9952bc0a7,0x005E35F0,0x005E360D,29,0x005E35F0-0x005E360D,sub_5E35F0,void __thiscall sub_5E35F0(void *);,0x5400,game
42032fc2807f7dec6de1ed6efb9d18a70668a015f23e32d58149c9d9952bc0a7,0x005E3630,0x005E3644,20,0x005E3630-0x005E3644,sub_5E3630,,0x5400,game
42032fc2807f7dec6de1ed6efb9d18a70668a015f23e32d58149c9d9952bc0a7,0x005E3650,0x005E3660,16,0x005E3650-0x005E3660,sub_5E3650,,0x5400,game
42032fc2807f7dec6de1ed6efb9d18a70668a015f23e32d58149c9d9952bc0a7,0x005E3660,0x005E368E,46,0x005E3660-0x005E368E,sub_5E3660,,0x5400,game
42032fc2807f7dec6de1ed6efb9d18a70668a015f23e32d58149c9d9952bc0a7,0x005E3690,0x005E372A,154,0x005E3690-0x005E372A,sub_5E3690,"int __stdcall sub_5E3690(char *Str, int x, int y);",0x5400,game
42032fc2807f7dec6de1ed6efb9d18a70668a015f23e32d58149c9d9952bc0a7,0x005E3730,0x005E376B,59,0x005E3730-0x005E376B,sub_5E3730,"int __stdcall sub_5E3730(char *Str, int, int y, int);",0x5400,game
42032fc2807f7dec6de1ed6efb9d18a70668a015f23e32d58149c9d9952bc0a7,0x005E3770,0x005E37A9,57,0x005E3770-0x005E37A9,sub_5E3770,"int __stdcall sub_5E3770(char *Str, int);",0x5400,game
42032fc2807f7dec6de1ed6efb9d18a70668a015f23e32d58149c9d9952bc0a7,0x005E37B0,0x005E37C6,22,0x005E37B0-0x005E37C6,sub_5E37B0,,0x5400,game
42032fc2807f7dec6de1ed6efb9d18a70668a015f23e32d58149c9d9952bc0a7,0x005E37D0,0x005E37DA,10,0x005E37D0-0x005E37DA,unknown_libname_288,void __cdecl unknown_libname_288();,0x5444,library
42032fc2807f7dec6de1ed6efb9d18a70668a015f23e32d58149c9d9952bc0a7,0x005E37E0,0x005E3815,53,0x005E37E0-0x005E3815,sub_5E37E0,void __thiscall sub_5E37E0(void *);,0x5400,game
42032fc2807f7dec6de1ed6efb9d18a70668a015f23e32d58149c9d9952bc0a7,0x005E3820,0x005E3884,100,0x005E3820-0x005E3884,sub_5E3820,,0x5400,game
42032fc2807f7dec6de1ed6efb9d18a70668a015f23e32d58149c9d9952bc0a7,0x005E3890,0x005E3953,195,0x005E3890-0x005E3953,sub_5E3890,"int __stdcall sub_5E3890(char *Str, int, int);",0x5400,game
42032fc2807f7dec6de1ed6efb9d18a70668a015f23e32d58149c9d9952bc0a7,0x005E3960,0x005E399E,62,0x005E3960-0x005E399E,sub_5E3960,,0x5400,game
42032fc2807f7dec6de1ed6efb9d18a70668a015f23e32d58149c9d9952bc0a7,0x005E39A0,0x005E3DF1,1105,0x005E39A0-0x005E3DF1,sub_5E39A0,,0x5400,game
42032fc2807f7dec6de1ed6efb9d18a70668a015f23e32d58149c9d9952bc0a7,0x005E3E00,0x005E3E50,80,0x005E3E00-0x005E3E50,sub_5E3E00,,0x5400,game
42032fc2807f7dec6de1ed6efb9d18a70668a015f23e32d58149c9d9952bc0a7,0x005E3E50,0x005E4ADA,3210,0x005E3E50-0x005E4ADA,sub_5E3E50,,0x5410,game
42032fc2807f7dec6de1ed6efb9d18a70668a015f23e32d58149c9d9952bc0a7,0x005E4ADA,0x005E4ADF,5,0x005E4ADA-0x005E4ADF,sub_5E4ADA,,0x5400,game
42032fc2807f7dec6de1ed6efb9d18a70668a015f23e32d58149c9d9952bc0a7,0x005E4AEA,0x005E4AEF,5,0x005E4AEA-0x005E4AEF,sub_5E4AEA,,0x5400,game
42032fc2807f7dec6de1ed6efb9d18a70668a015f23e32d58149c9d9952bc0a7,0x005E4AFA,0x005E4B4A,80,0x005E4AFA-0x005E4B4A,sub_5E4AFA,,0x5400,game
42032fc2807f7dec6de1ed6efb9d18a70668a015f23e32d58149c9d9952bc0a7,0x005E4B4A,0x005E4B95,75,0x005E4B4A-0x005E4B95,sub_5E4B4A,,0x5400,game
42032fc2807f7dec6de1ed6efb9d18a70668a015f23e32d58149c9d9952bc0a7,0x005E4B9A,0x005E5833,3225,0x005E4B9A-0x005E5833,sub_5E4B9A,,0x5410,game
42032fc2807f7dec6de1ed6efb9d18a70668a015f23e32d58149c9d9952bc0a7,0x005E5833,0x005E6652,3615,0x005E5833-0x005E6652,sub_5E5833,,0x5410,game
42032fc2807f7dec6de1ed6efb9d18a70668a015f23e32d58149c9d9952bc0a7,0x005E6652,0x005E66A2,80,0x005E6652-0x005E66A2,sub_5E6652,,0x5400,game
42032fc2807f7dec6de1ed6efb9d18a70668a015f23e32d58149c9d9952bc0a7,0x005E66A2,0x005E73CC,3370,0x005E66A2-0x005E73CC,sub_5E66A2,,0x5410,game
42032fc2807f7dec6de1ed6efb9d18a70668a015f23e32d58149c9d9952bc0a7,0x005E73CC,0x005E7417,75,0x005E73CC-0x005E7417,sub_5E73CC,,0x5400,game
42032fc2807f7dec6de1ed6efb9d18a70668a015f23e32d58149c9d9952bc0a7,0x005E741C,0x005E811C,3328,0x005E741C-0x005E811C,sub_5E741C,,0x5410,game
42032fc2807f7dec6de1ed6efb9d18a70668a015f23e32d58149c9d9952bc0a7,0x005E811C,0x005E816C,80,0x005E811C-0x005E816C,sub_5E811C,,0x5400,game
42032fc2807f7dec6de1ed6efb9d18a70668a015f23e32d58149c9d9952bc0a7,0x005E816C,0x005E81BC,80,0x005E816C-0x005E81BC,sub_5E816C,,0x5400,game
42032fc2807f7dec6de1ed6efb9d18a70668a015f23e32d58149c9d9952bc0a7,0x005E81BC,0x005E8FA5,3561,0x005E81BC-0x005E8FA5,sub_5E81BC,,0x5410,game
42032fc2807f7dec6de1ed6efb9d18a70668a015f23e32d58149c9d9952bc0a7,0x005E8FA5,0x005E8FF5,80,0x005E8FA5-0x005E8FF5,sub_5E8FA5,,0x5400,game
42032fc2807f7dec6de1ed6efb9d18a70668a015f23e32d58149c9d9952bc0a7,0x005E8FF5,0x005E9D44,3407,0x005E8FF5-0x005E9D44,sub_5E8FF5,,0x5410,game
42032fc2807f7dec6de1ed6efb9d18a70668a015f23e32d58149c9d9952bc0a7,0x005E9D44,0x005EAAFF,3515,0x005E9D44-0x005EAAFF,sub_5E9D44,,0x5410,game
42032fc2807f7dec6de1ed6efb9d18a70668a015f23e32d58149c9d9952bc0a7,0x005EAAFF,0x005EAB02,3,0x005EAAFF-0x005EAB02,nullsub_223,,0x5440,game
42032fc2807f7dec6de1ed6efb9d18a70668a015f23e32d58149c9d9952bc0a7,0x005EAB0F,0x005EABB7,168,0x005EAB0F-0x005EABB7,sub_5EAB0F,,0x5400,game
42032fc2807f7dec6de1ed6efb9d18a70668a015f23e32d58149c9d9952bc0a7,0x005EABBF,0x005EAC69,170,0x005EABBF-0x005EAC69,sub_5EABBF,,0x5400,game
42032fc2807f7dec6de1ed6efb9d18a70668a015f23e32d58149c9d9952bc0a7,0x005EAC6F,0x005EACFB,140,0x005EAC6F-0x005EACFB,sub_5EAC6F,,0x5400,game
42032fc2807f7dec6de1ed6efb9d18a70668a015f23e32d58149c9d9952bc0a7,0x005EACFF,0x005EAD8D,142,0x005EACFF-0x005EAD8D,sub_5EACFF,,0x5400,game
42032fc2807f7dec6de1ed6efb9d18a70668a015f23e32d58149c9d9952bc0a7,0x005EAD8F,0x005EAD92,3,0x005EAD8F-0x005EAD92,nullsub_224,,0x5440,game
42032fc2807f7dec6de1ed6efb9d18a70668a015f23e32d58149c9d9952bc0a7,0x005EAD9F,0x005EAE4E,175,0x005EAD9F-0x005EAE4E,sub_5EAD9F,,0x5410,game
42032fc2807f7dec6de1ed6efb9d18a70668a015f23e32d58149c9d9952bc0a7,0x005EAE4F,0x005EAF34,229,0x005EAE4F-0x005EAF34,sub_5EAE4F,,0x5400,game
42032fc2807f7dec6de1ed6efb9d18a70668a015f23e32d58149c9d9952bc0a7,0x005EAF3F,0x005EAF86,71,0x005EAF3F-0x005EAF86,sub_5EAF3F,,0x5400,game
42032fc2807f7dec6de1ed6efb9d18a70668a015f23e32d58149c9d9952bc0a7,0x005EAF8F,0x005EB0B2,309,0x005EAF8F-0x005EB0B2;0x00662C30-0x00662C42,sub_5EAF8F,int __stdcall sub_5EAF8F(LPCSTR lpFileName);,0x5400,game
42032fc2807f7dec6de1ed6efb9d18a70668a015f23e32d58149c9d9952bc0a7,0x005EB0BF,0x005EB205,344,0x005EB0BF-0x005EB205;0x00662C42-0x00662C54,sub_5EB0BF,int __stdcall sub_5EB0BF(char *Source);,0x5400,game
42032fc2807f7dec6de1ed6efb9d18a70668a015f23e32d58149c9d9952bc0a7,0x005EB20F,0x005EB294,133,0x005EB20F-0x005EB294,sub_5EB20F,,0x5400,game
42032fc2807f7dec6de1ed6efb9d18a70668a015f23e32d58149c9d9952bc0a7,0x005EB29F,0x005EB320,129,0x005EB29F-0x005EB320,sub_5EB29F,,0x5400,game
42032fc2807f7dec6de1ed6efb9d18a70668a015f23e32d58149c9d9952bc0a7,0x005EB32F,0x005EB34B,28,0x005EB32F-0x005EB34B,sub_5EB32F,,0x5400,game
42032fc2807f7dec6de1ed6efb9d18a70668a015f23e32d58149c9d9952bc0a7,0x005EB350,0x005EB366,22,0x005EB350-0x005EB366,sub_5EB350,,0x5400,game
42032fc2807f7dec6de1ed6efb9d18a70668a015f23e32d58149c9d9952bc0a7,0x005EB370,0x005EB38F,31,0x005EB370-0x005EB38F,sub_5EB370,void __cdecl sub_5EB370();,0x5400,game
42032fc2807f7dec6de1ed6efb9d18a70668a015f23e32d58149c9d9952bc0a7,0x005EB390,0x005EB3A6,22,0x005EB390-0x005EB3A6,sub_5EB390,,0x5400,game
42032fc2807f7dec6de1ed6efb9d18a70668a015f23e32d58149c9d9952bc0a7,0x005EB3B0,0x005EB3CF,31,0x005EB3B0-0x005EB3CF,sub_5EB3B0,void __cdecl sub_5EB3B0();,0x5400,game
42032fc2807f7dec6de1ed6efb9d18a70668a015f23e32d58149c9d9952bc0a7,0x005EB3D0,0x005EB63D,621,0x005EB3D0-0x005EB63D,sub_5EB3D0,,0x5400,game
42032fc2807f7dec6de1ed6efb9d18a70668a015f23e32d58149c9d9952bc0a7,0x005EB640,0x005EBC8A,1610,0x005EB640-0x005EBC8A,sub_5EB640,,0x5400,game
42032fc2807f7dec6de1ed6efb9d18a70668a015f23e32d58149c9d9952bc0a7,0x005EBC90,0x005EBD7F,390,0x005EBC90-0x005EBD7F;0x005F86F0-0x005F8767;0x00662C60-0x00662C80,??1strstreambuf@std@@UAE@XZ,void __thiscall std__strstreambuf___strstreambuf(std::strstreambuf *__hidden this);,0x5444,library
42032fc2807f7dec6de1ed6efb9d18a70668a015f23e32d58149c9d9952bc0a7,0x005EBD80,0x005EC621,2285,0x005EBD80-0x005EC621;0x00662C80-0x00662CCC,sub_5EBD80,"int __stdcall sub_5EBD80(int, int, int, int, char *Str, int, int, int, int);",0x5400,game
42032fc2807f7dec6de1ed6efb9d18a70668a015f23e32d58149c9d9952bc0a7,0x005EC680,0x005EC685,5,0x005EC680-0x005EC685,sub_5EC680,,0x5400,game
42032fc2807f7dec6de1ed6efb9d18a70668a015f23e32d58149c9d9952bc0a7,0x005EC690,0x005EC6E1,81,0x005EC690-0x005EC6E1,sub_5EC690,,0x5400,game
42032fc2807f7dec6de1ed6efb9d18a70668a015f23e32d58149c9d9952bc0a7,0x005EC6F0,0x005EC73C,76,0x005EC6F0-0x005EC73C,sub_5EC6F0,,0x5400,game
42032fc2807f7dec6de1ed6efb9d18a70668a015f23e32d58149c9d9952bc0a7,0x005EC740,0x005EC773,51,0x005EC740-0x005EC773,sub_5EC740,,0x5400,game
42032fc2807f7dec6de1ed6efb9d18a70668a015f23e32d58149c9d9952bc0a7,0x005EC7C0,0x005EC7FE,62,0x005EC7C0-0x005EC7FE,sub_5EC7C0,,0x5400,game
42032fc2807f7dec6de1ed6efb9d18a70668a015f23e32d58149c9d9952bc0a7,0x005EC8A0,0x005EC952,178,0x005EC8A0-0x005EC952,sub_5EC8A0,,0x5400,game
42032fc2807f7dec6de1ed6efb9d18a70668a015f23e32d58149c9d9952bc0a7,0x005EC960,0x005EC97B,27,0x005EC960-0x005EC97B,sub_5EC960,,0x5400,game
42032fc2807f7dec6de1ed6efb9d18a70668a015f23e32d58149c9d9952bc0a7,0x005ECC40,0x005ECD1B,219,0x005ECC40-0x005ECD1B,sub_5ECC40,,0x5400,game
42032fc2807f7dec6de1ed6efb9d18a70668a015f23e32d58149c9d9952bc0a7,0x005ECD20,0x005ECDBA,154,0x005ECD20-0x005ECDBA,sub_5ECD20,,0x5400,game
42032fc2807f7dec6de1ed6efb9d18a70668a015f23e32d58149c9d9952bc0a7,0x005ECDC0,0x005ECE15,85,0x005ECDC0-0x005ECE15,sub_5ECDC0,,0x5400,game
42032fc2807f7dec6de1ed6efb9d18a70668a015f23e32d58149c9d9952bc0a7,0x005ECE20,0x005ECE73,83,0x005ECE20-0x005ECE73,sub_5ECE20,,0x5400,game
42032fc2807f7dec6de1ed6efb9d18a70668a015f23e32d58149c9d9952bc0a7,0x005ECEC0,0x005ECF1C,92,0x005ECEC0-0x005ECF1C,sub_5ECEC0,,0x5400,game
42032fc2807f7dec6de1ed6efb9d18a70668a015f23e32d58149c9d9952bc0a7,0x005ECF20,0x005ECFD8,184,0x005ECF20-0x005ECFD8,sub_5ECF20,,0x5400,game
42032fc2807f7dec6de1ed6efb9d18a70668a015f23e32d58149c9d9952bc0a7,0x005ECFE0,0x005ED094,180,0x005ECFE0-0x005ED094,sub_5ECFE0,,0x5400,game
42032fc2807f7dec6de1ed6efb9d18a70668a015f23e32d58149c9d9952bc0a7,0x005ED0A0,0x005ED16A,202,0x005ED0A0-0x005ED16A,sub_5ED0A0,,0x5400,game
42032fc2807f7dec6de1ed6efb9d18a70668a015f23e32d58149c9d9952bc0a7,0x005ED170,0x005ED236,198,0x005ED170-0x005ED236,sub_5ED170,,0x5400,game
42032fc2807f7dec6de1ed6efb9d18a70668a015f23e32d58149c9d9952bc0a7,0x005ED240,0x005ED2C5,133,0x005ED240-0x005ED2C5,sub_5ED240,,0x5400,game
42032fc2807f7dec6de1ed6efb9d18a70668a015f23e32d58149c9d9952bc0a7,0x005ED2D0,0x005ED355,133,0x005ED2D0-0x005ED355,sub_5ED2D0,,0x5400,game
42032fc2807f7dec6de1ed6efb9d18a70668a015f23e32d58149c9d9952bc0a7,0x005ED360,0x005ED3E9,137,0x005ED360-0x005ED3E9,sub_5ED360,,0x5400,game
42032fc2807f7dec6de1ed6efb9d18a70668a015f23e32d58149c9d9952bc0a7,0x005ED3F0,0x005ED48D,157,0x005ED3F0-0x005ED48D,sub_5ED3F0,,0x5400,game
42032fc2807f7dec6de1ed6efb9d18a70668a015f23e32d58149c9d9952bc0a7,0x005ED490,0x005ED519,137,0x005ED490-0x005ED519,sub_5ED490,,0x5400,game
42032fc2807f7dec6de1ed6efb9d18a70668a015f23e32d58149c9d9952bc0a7,0x005ED520,0x005ED5BD,157,0x005ED520-0x005ED5BD,sub_5ED520,,0x5400,game
42032fc2807f7dec6de1ed6efb9d18a70668a015f23e32d58149c9d9952bc0a7,0x005ED5C0,0x005ED6F7,311,0x005ED5C0-0x005ED6F7,sub_5ED5C0,,0x5400,game
42032fc2807f7dec6de1ed6efb9d18a70668a015f23e32d58149c9d9952bc0a7,0x005ED700,0x005ED7B4,180,0x005ED700-0x005ED7B4,sub_5ED700,,0x5400,game
42032fc2807f7dec6de1ed6efb9d18a70668a015f23e32d58149c9d9952bc0a7,0x005ED7C0,0x005ED7C3,3,0x005ED7C0-0x005ED7C3,sub_5ED7C0,,0x5400,game
42032fc2807f7dec6de1ed6efb9d18a70668a015f23e32d58149c9d9952bc0a7,0x005ED7D0,0x005ED877,167,0x005ED7D0-0x005ED877,sub_5ED7D0,,0x5400,game
42032fc2807f7dec6de1ed6efb9d18a70668a015f23e32d58149c9d9952bc0a7,0x005ED880,0x005ED9B5,309,0x005ED880-0x005ED9B5,sub_5ED880,,0x5400,game
42032fc2807f7dec6de1ed6efb9d18a70668a015f23e32d58149c9d9952bc0a7,0x005ED9C0,0x005ED9C5,5,0x005ED9C0-0x005ED9C5,sub_5ED9C0,,0x5400,game
42032fc2807f7dec6de1ed6efb9d18a70668a015f23e32d58149c9d9952bc0a7,0x005ED9D0,0x005EDCCB,763,0x005ED9D0-0x005EDCCB,sub_5ED9D0,,0x5400,game
42032fc2807f7dec6de1ed6efb9d18a70668a015f23e32d58149c9d9952bc0a7,0x005EDCD0,0x005EDE56,390,0x005EDCD0-0x005EDE56,sub_5EDCD0,,0x5400,game
42032fc2807f7dec6de1ed6efb9d18a70668a015f23e32d58149c9d9952bc0a7,0x005EDE60,0x005EDEA8,72,0x005EDE60-0x005EDEA8,sub_5EDE60,,0x5400,game
42032fc2807f7dec6de1ed6efb9d18a70668a015f23e32d58149c9d9952bc0a7,0x005EDEB0,0x005EDEF8,72,0x005EDEB0-0x005EDEF8,sub_5EDEB0,,0x5400,game
42032fc2807f7dec6de1ed6efb9d18a70668a015f23e32d58149c9d9952bc0a7,0x005EDF50,0x005EDFD5,133,0x005EDF50-0x005EDFD5,sub_5EDF50,int __stdcall sub_5EDF50(char *Str);,0x5400,game
42032fc2807f7dec6de1ed6efb9d18a70668a015f23e32d58149c9d9952bc0a7,0x005EDFE0,0x005EDFE5,5,0x005EDFE0-0x005EDFE5,sub_5EDFE0,,0x5400,game
42032fc2807f7dec6de1ed6efb9d18a70668a015f23e32d58149c9d9952bc0a7,0x005EDFF0,0x005EE01D,45,0x005EDFF0-0x005EE01D,sub_5EDFF0,"int __stdcall sub_5EDFF0(int xLeft, int yTop, int, int);",0x5400,game
42032fc2807f7dec6de1ed6efb9d18a70668a015f23e32d58149c9d9952bc0a7,0x005EE020,0x005EE021,1,0x005EE020-0x005EE021,nullsub_225,,0x5440,game
42032fc2807f7dec6de1ed6efb9d18a70668a015f23e32d58149c9d9952bc0a7,0x005EE030,0x005EE047,23,0x005EE030-0x005EE047,sub_5EE030,,0x5400,game
42032fc2807f7dec6de1ed6efb9d18a70668a015f23e32d58149c9d9952bc0a7,0x005EE070,0x005EE087,23,0x005EE070-0x005EE087,sub_5EE070,,0x5400,game
42032fc2807f7dec6de1ed6efb9d18a70668a015f23e32d58149c9d9952bc0a7,0x005EE0B0,0x005EE0CC,28,0x005EE0B0-0x005EE0CC,sub_5EE0B0,,0x5400,game
42032fc2807f7dec6de1ed6efb9d18a70668a015f23e32d58149c9d9952bc0a7,0x005EE0D0,0x005EE0EC,28,0x005EE0D0-0x005EE0EC,sub_5EE0D0,,0x5400,game
42032fc2807f7dec6de1ed6efb9d18a70668a015f23e32d58149c9d9952bc0a7,0x005EE0F0,0x005EE107,23,0x005EE0F0-0x005EE107,sub_5EE0F0,,0x5400,game
42032fc2807f7dec6de1ed6efb9d18a70668a015f23e32d58149c9d9952bc0a7,0x005EE110,0x005EE127,23,0x005EE110-0x005EE127,sub_5EE110,,0x5400,game
42032fc2807f7dec6de1ed6efb9d18a70668a015f23e32d58149c9d9952bc0a7,0x005EE190,0x005EE27B,235,0x005EE190-0x005EE27B,sub_5EE190,,0x5400,game
42032fc2807f7dec6de1ed6efb9d18a70668a015f23e32d58149c9d9952bc0a7,0x005EE280,0x005EE327,167,0x005EE280-0x005EE327,sub_5EE280,,0x5400,game
42032fc2807f7dec6de1ed6efb9d18a70668a015f23e32d58149c9d9952bc0a7,0x005EE330,0x005EE454,292,0x005EE330-0x005EE454,sub_5EE330,,0x5400,game
42032fc2807f7dec6de1ed6efb9d18a70668a015f23e32d58149c9d9952bc0a7,0x005EE750,0x005EE802,178,0x005EE750-0x005EE802,sub_5EE750,,0x5400,game
42032fc2807f7dec6de1ed6efb9d18a70668a015f23e32d58149c9d9952bc0a7,0x005EEA90,0x005EEB81,241,0x005EEA90-0x005EEB81,sub_5EEA90,,0x5400,game
42032fc2807f7dec6de1ed6efb9d18a70668a015f23e32d58149c9d9952bc0a7,0x005EEB90,0x005EEDB9,553,0x005EEB90-0x005EEDB9,sub_5EEB90,,0x5400,game
42032fc2807f7dec6de1ed6efb9d18a70668a015f23e32d58149c9d9952bc0a7,0x005EEDC0,0x005EEE67,167,0x005EEDC0-0x005EEE67,sub_5EEDC0,,0x5400,game
42032fc2807f7dec6de1ed6efb9d18a70668a015f23e32d58149c9d9952bc0a7,0x005EEE70,0x005EEF56,230,0x005EEE70-0x005EEF56,sub_5EEE70,,0x5400,game
42032fc2807f7dec6de1ed6efb9d18a70668a015f23e32d58149c9d9952bc0a7,0x005EEF60,0x005EF050,240,0x005EEF60-0x005EF050,sub_5EEF60,,0x5400,game
42032fc2807f7dec6de1ed6efb9d18a70668a015f23e32d58149c9d9952bc0a7,0x005EF050,0x005EF10D,189,0x005EF050-0x005EF10D,sub_5EF050,,0x5400,game
42032fc2807f7dec6de1ed6efb9d18a70668a015f23e32d58149c9d9952bc0a7,0x005EF110,0x005EF1D1,193,0x005EF110-0x005EF1D1,sub_5EF110,,0x5400,game
42032fc2807f7dec6de1ed6efb9d18a70668a015f23e32d58149c9d9952bc0a7,0x005EF310,0x005EF63B,811,0x005EF310-0x005EF63B,sub_5EF310,"int __stdcall sub_5EF310(int x, int y, int, int, HGDIOBJ h, HGDIOBJ, int);",0x5400,game
42032fc2807f7dec6de1ed6efb9d18a70668a015f23e32d58149c9d9952bc0a7,0x005EF640,0x005EF946,774,0x005EF640-0x005EF946,sub_5EF640,"int __stdcall sub_5EF640(int y, HGDIOBJ h, HGDIOBJ, int);",0x5400,game
42032fc2807f7dec6de1ed6efb9d18a70668a015f23e32d58149c9d9952bc0a7,0x005EF950,0x005EFB99,585,0x005EF950-0x005EFB99,sub_5EF950,,0x5400,game
42032fc2807f7dec6de1ed6efb9d18a70668a015f23e32d58149c9d9952bc0a7,0x005EFBA0,0x005EFCF5,341,0x005EFBA0-0x005EFCF5,sub_5EFBA0,,0x5400,game
42032fc2807f7dec6de1ed6efb9d18a70668a015f23e32d58149c9d9952bc0a7,0x005EFD00,0x005EFD1B,27,0x005EFD00-0x005EFD1B,sub_5EFD00,,0x5400,game
42032fc2807f7dec6de1ed6efb9d18a70668a015f23e32d58149c9d9952bc0a7,0x005EFD20,0x005F01E7,1223,0x005EFD20-0x005F01E7,sub_5EFD20,int __cdecl sub_5EFD20(RECT *lprcSrc2);,0x5400,game
42032fc2807f7dec6de1ed6efb9d18a70668a015f23e32d58149c9d9952bc0a7,0x005F01F0,0x005F04D4,761,0x005F01F0-0x005F04D4;0x00662CCC-0x00662CE1,sub_5F01F0,int __cdecl sub_5F01F0(LPCSTR lpWindowName);,0x5400,game
42032fc2807f7dec6de1ed6efb9d18a70668a015f23e32d58149c9d9952bc0a7,0x005F04E0,0x005F0520,64,0x005F04E0-0x005F0520,sub_5F04E0,,0x5400,game
42032fc2807f7dec6de1ed6efb9d18a70668a015f23e32d58149c9d9952bc0a7,0x005F0540,0x005F0579,57,0x005F0540-0x005F0579,fn,"BOOL __stdcall fn(HWND, LPARAM);",0x5400,game
42032fc2807f7dec6de1ed6efb9d18a70668a015f23e32d58149c9d9952bc0a7,0x005F0580,0x005F05BD,61,0x005F0580-0x005F05BD,sub_5F0580,,0x5400,game
42032fc2807f7dec6de1ed6efb9d18a70668a015f23e32d58149c9d9952bc0a7,0x005F05C0,0x005F05CD,13,0x005F05C0-0x005F05CD,sub_5F05C0,,0x5400,game
42032fc2807f7dec6de1ed6efb9d18a70668a015f23e32d58149c9d9952bc0a7,0x005F05D0,0x005F060D,61,0x005F05D0-0x005F060D,sub_5F05D0,,0x5400,game
42032fc2807f7dec6de1ed6efb9d18a70668a015f23e32d58149c9d9952bc0a7,0x005F0610,0x005F064D,61,0x005F0610-0x005F064D,sub_5F0610,,0x5400,game
42032fc2807f7dec6de1ed6efb9d18a70668a015f23e32d58149c9d9952bc0a7,0x005F0650,0x005F0E27,2007,0x005F0650-0x005F0E27,PrevWndFunc,"LRESULT __stdcall PrevWndFunc(HWND, UINT, WPARAM, LPARAM);",0x5400,game
42032fc2807f7dec6de1ed6efb9d18a70668a015f23e32d58149c9d9952bc0a7,0x005F1060,0x005F106F,15,0x005F1060-0x005F106F,sub_5F1060,,0x5400,game
42032fc2807f7dec6de1ed6efb9d18a70668a015f23e32d58149c9d9952bc0a7,0x005F1340,0x005F13A2,98,0x005F1340-0x005F13A2,sub_5F1340,int __cdecl sub_5F1340(HWND hWnd);,0x5400,game
42032fc2807f7dec6de1ed6efb9d18a70668a015f23e32d58149c9d9952bc0a7,0x005F13B0,0x005F141B,107,0x005F13B0-0x005F141B,sub_5F13B0,int __cdecl sub_5F13B0(HWND hWnd);,0x5400,game
42032fc2807f7dec6de1ed6efb9d18a70668a015f23e32d58149c9d9952bc0a7,0x005F1750,0x005F1812,194,0x005F1750-0x005F1812,sub_5F1750,,0x5400,game
42032fc2807f7dec6de1ed6efb9d18a70668a015f23e32d58149c9d9952bc0a7,0x005F1820,0x005F2200,2528,0x005F1820-0x005F2200,sub_5F1820,,0x5400,game
42032fc2807f7dec6de1ed6efb9d18a70668a015f23e32d58149c9d9952bc0a7,0x005F2330,0x005F256B,571,0x005F2330-0x005F256B,sub_5F2330,,0x5400,game
42032fc2807f7dec6de1ed6efb9d18a70668a015f23e32d58149c9d9952bc0a7,0x005F2670,0x005F2676,6,0x005F2670-0x005F2676,sub_5F2670,,0x5400,game
42032fc2807f7dec6de1ed6efb9d18a70668a015f23e32d58149c9d9952bc0a7,0x005F2680,0x005F26FF,127,0x005F2680-0x005F26FF,sub_5F2680,"int __cdecl sub_5F2680(HWND hWnd, WPARAM wParam, int, int);",0x5400,game
42032fc2807f7dec6de1ed6efb9d18a70668a015f23e32d58149c9d9952bc0a7,0x005F2700,0x005F2753,83,0x005F2700-0x005F2753,sub_5F2700,,0x5400,game
42032fc2807f7dec6de1ed6efb9d18a70668a015f23e32d58149c9d9952bc0a7,0x005F2760,0x005F2822,194,0x005F2760-0x005F2822,sub_5F2760,,0x5400,game
42032fc2807f7dec6de1ed6efb9d18a70668a015f23e32d58149c9d9952bc0a7,0x005F2940,0x005F2ABA,378,0x005F2940-0x005F2ABA,sub_5F2940,,0x5400,game
42032fc2807f7dec6de1ed6efb9d18a70668a015f23e32d58149c9d9952bc0a7,0x005F2AC0,0x005F2C37,375,0x005F2AC0-0x005F2C37,sub_5F2AC0,"int __stdcall sub_5F2AC0(int, int, int x, int y, int, int, int);",0x5400,game
42032fc2807f7dec6de1ed6efb9d18a70668a015f23e32d58149c9d9952bc0a7,0x005F2C40,0x005F2C5F,31,0x005F2C40-0x005F2C5F,sub_5F2C40,,0x5400,game
42032fc2807f7dec6de1ed6efb9d18a70668a015f23e32d58149c9d9952bc0a7,0x005F2C60,0x005F2C94,52,0x005F2C60-0x005F2C94,sub_5F2C60,,0x5400,game
42032fc2807f7dec6de1ed6efb9d18a70668a015f23e32d58149c9d9952bc0a7,0x005F2CA0,0x005F2CDF,63,0x005F2CA0-0x005F2CDF,sub_5F2CA0,,0x5400,game
42032fc2807f7dec6de1ed6efb9d18a70668a015f23e32d58149c9d9952bc0a7,0x005F2CE0,0x005F2CEA,10,0x005F2CE0-0x005F2CEA,sub_5F2CE0,,0x5400,game
42032fc2807f7dec6de1ed6efb9d18a70668a015f23e32d58149c9d9952bc0a7,0x005F2CF0,0x005F37BA,2762,0x005F2CF0-0x005F37BA,sub_5F2CF0,,0x5400,game
42032fc2807f7dec6de1ed6efb9d18a70668a015f23e32d58149c9d9952bc0a7,0x005F37C0,0x005F3B73,947,0x005F37C0-0x005F3B73,sub_5F37C0,,0x5400,game
42032fc2807f7dec6de1ed6efb9d18a70668a015f23e32d58149c9d9952bc0a7,0x005F3B80,0x005F4AA7,3879,0x005F3B80-0x005F4AA7,sub_5F3B80,"int __stdcall sub_5F3B80(int, RECT *lprc, int);",0x5400,game
42032fc2807f7dec6de1ed6efb9d18a70668a015f23e32d58149c9d9952bc0a7,0x005F4AB0,0x005F4C24,372,0x005F4AB0-0x005F4C24,sub_5F4AB0,,0x5400,game
42032fc2807f7dec6de1ed6efb9d18a70668a015f23e32d58149c9d9952bc0a7,0x005F4C30,0x005F4C82,82,0x005F4C30-0x005F4C82,sub_5F4C30,,0x5400,game
42032fc2807f7dec6de1ed6efb9d18a70668a015f23e32d58149c9d9952bc0a7,0x005F4CA0,0x005F4CB2,18,0x005F4CA0-0x005F4CB2,sub_5F4CA0,,0x5400,game
42032fc2807f7dec6de1ed6efb9d18a70668a015f23e32d58149c9d9952bc0a7,0x005F4D90,0x005F4EB1,289,0x005F4D90-0x005F4EB1,sub_5F4D90,,0x5400,game
42032fc2807f7dec6de1ed6efb9d18a70668a015f23e32d58149c9d9952bc0a7,0x005F4EC0,0x005F5013,339,0x005F4EC0-0x005F5013,sub_5F4EC0,,0x5400,game
42032fc2807f7dec6de1ed6efb9d18a70668a015f23e32d58149c9d9952bc0a7,0x005F5020,0x005F5080,96,0x005F5020-0x005F5080,sub_5F5020,,0x5400,game
42032fc2807f7dec6de1ed6efb9d18a70668a015f23e32d58149c9d9952bc0a7,0x005F5140,0x005F51F7,183,0x005F5140-0x005F51F7,sub_5F5140,,0x5400,game
42032fc2807f7dec6de1ed6efb9d18a70668a015f23e32d58149c9d9952bc0a7,0x005F52E0,0x005F539C,188,0x005F52E0-0x005F539C,sub_5F52E0,,0x5400,game
42032fc2807f7dec6de1ed6efb9d18a70668a015f23e32d58149c9d9952bc0a7,0x005F53A0,0x005F5480,224,0x005F53A0-0x005F5480,sub_5F53A0,int __stdcall sub_5F53A0(LPARAM lParam);,0x5400,game
42032fc2807f7dec6de1ed6efb9d18a70668a015f23e32d58149c9d9952bc0a7,0x005F5480,0x005F54A1,33,0x005F5480-0x005F54A1,sub_5F5480,int __stdcall sub_5F5480(LPARAM lParam);,0x5400,game
42032fc2807f7dec6de1ed6efb9d18a70668a015f23e32d58149c9d9952bc0a7,0x005F54B0,0x005F54B3,3,0x005F54B0-0x005F54B3,nullsub_226,,0x5440,game
42032fc2807f7dec6de1ed6efb9d18a70668a015f23e32d58149c9d9952bc0a7,0x005F54C0,0x005F54C3,3,0x005F54C0-0x005F54C3,nullsub_227,,0x5440,game
42032fc2807f7dec6de1ed6efb9d18a70668a015f23e32d58149c9d9952bc0a7,0x005F54D0,0x005F54D3,3,0x005F54D0-0x005F54D3,nullsub_228,,0x5440,game
42032fc2807f7dec6de1ed6efb9d18a70668a015f23e32d58149c9d9952bc0a7,0x005F54E0,0x005F5803,803,0x005F54E0-0x005F5803,sub_5F54E0,"int __thiscall sub_5F54E0(int, RECT *lprc);",0x5400,game
42032fc2807f7dec6de1ed6efb9d18a70668a015f23e32d58149c9d9952bc0a7,0x005F5810,0x005F5ACA,698,0x005F5810-0x005F5ACA,sub_5F5810,,0x5400,game
42032fc2807f7dec6de1ed6efb9d18a70668a015f23e32d58149c9d9952bc0a7,0x005F5AD0,0x005F5BF6,294,0x005F5AD0-0x005F5BF6,sub_5F5AD0,,0x5400,game
42032fc2807f7dec6de1ed6efb9d18a70668a015f23e32d58149c9d9952bc0a7,0x005F5C00,0x005F5D05,261,0x005F5C00-0x005F5D05,sub_5F5C00,"int __stdcall sub_5F5C00(int, LPARAM lParam, int);",0x5400,game
42032fc2807f7dec6de1ed6efb9d18a70668a015f23e32d58149c9d9952bc0a7,0x005F5D10,0x005F5F53,579,0x005F5D10-0x005F5F53,sub_5F5D10,,0x5400,game
42032fc2807f7dec6de1ed6efb9d18a70668a015f23e32d58149c9d9952bc0a7,0x005F5FB0,0x005F622B,635,0x005F5FB0-0x005F622B,sub_5F5FB0,,0x5400,game
42032fc2807f7dec6de1ed6efb9d18a70668a015f23e32d58149c9d9952bc0a7,0x005F6230,0x005F62C8,152,0x005F6230-0x005F62C8,sub_5F6230,"int __stdcall sub_5F6230(WPARAM wParam, int, int, int);",0x5400,game
42032fc2807f7dec6de1ed6efb9d18a70668a015f23e32d58149c9d9952bc0a7,0x005F62D0,0x005F6317,71,0x005F62D0-0x005F6317,sub_5F62D0,,0x5400,game
42032fc2807f7dec6de1ed6efb9d18a70668a015f23e32d58149c9d9952bc0a7,0x005F6320,0x005F63BB,155,0x005F6320-0x005F63BB,sub_5F6320,,0x5400,game
42032fc2807f7dec6de1ed6efb9d18a70668a015f23e32d58149c9d9952bc0a7,0x005F63C0,0x005F654E,398,0x005F63C0-0x005F654E,sub_5F63C0,,0x5400,game
42032fc2807f7dec6de1ed6efb9d18a70668a015f23e32d58149c9d9952bc0a7,0x005F6550,0x005F670D,445,0x005F6550-0x005F670D,sub_5F6550,,0x5400,game
42032fc2807f7dec6de1ed6efb9d18a70668a015f23e32d58149c9d9952bc0a7,0x005F6710,0x005F687F,367,0x005F6710-0x005F687F,sub_5F6710,,0x5400,game
42032fc2807f7dec6de1ed6efb9d18a70668a015f23e32d58149c9d9952bc0a7,0x005F6880,0x005F6A21,417,0x005F6880-0x005F6A21,sub_5F6880,,0x5400,game
42032fc2807f7dec6de1ed6efb9d18a70668a015f23e32d58149c9d9952bc0a7,0x005F6A30,0x005F6A38,8,0x005F6A30-0x005F6A38,_DllMain@12,"BOOL __stdcall DllMain(HINSTANCE hinstDLL, DWORD fdwReason, LPVOID lpvReserved);",0x5444,library
42032fc2807f7dec6de1ed6efb9d18a70668a015f23e32d58149c9d9952bc0a7,0x005F6A40,0x005F6A43,3,0x005F6A40-0x005F6A43,nullsub_229,,0x5440,game
42032fc2807f7dec6de1ed6efb9d18a70668a015f23e32d58149c9d9952bc0a7,0x005F6A50,0x005F6AB0,96,0x005F6A50-0x005F6AB0,sub_5F6A50,,0x5400,game
42032fc2807f7dec6de1ed6efb9d18a70668a015f23e32d58149c9d9952bc0a7,0x005F6AB0,0x005F6F06,1110,0x005F6AB0-0x005F6F06,sub_5F6AB0,,0x5400,game
42032fc2807f7dec6de1ed6efb9d18a70668a015f23e32d58149c9d9952bc0a7,0x005F6F10,0x005F7319,1033,0x005F6F10-0x005F7319,sub_5F6F10,,0x5400,game
42032fc2807f7dec6de1ed6efb9d18a70668a015f23e32d58149c9d9952bc0a7,0x005F7320,0x005F749F,383,0x005F7320-0x005F749F,sub_5F7320,"int __cdecl sub_5F7320(RECT *lprcSrc2, int);",0x5400,game
42032fc2807f7dec6de1ed6efb9d18a70668a015f23e32d58149c9d9952bc0a7,0x005F74A0,0x005F757F,223,0x005F74A0-0x005F757F,sub_5F74A0,"int __thiscall sub_5F74A0(int, RECT *lprcSrc2);",0x5400,game
42032fc2807f7dec6de1ed6efb9d18a70668a015f23e32d58149c9d9952bc0a7,0x005F7580,0x005F7E47,2247,0x005F7580-0x005F7E47,sub_5F7580,,0x5400,game
42032fc2807f7dec6de1ed6efb9d18a70668a015f23e32d58149c9d9952bc0a7,0x005F7E90,0x005F7EB6,38,0x005F7E90-0x005F7EB6,sub_5F7E90,,0x5400,game
42032fc2807f7dec6de1ed6efb9d18a70668a015f23e32d58149c9d9952bc0a7,0x005F7EC0,0x005F813F,639,0x005F7EC0-0x005F813F,sub_5F7EC0,,0x5400,game
42032fc2807f7dec6de1ed6efb9d18a70668a015f23e32d58149c9d9952bc0a7,0x005F8140,0x005F83B0,624,0x005F8140-0x005F83B0,sub_5F8140,"int __thiscall sub_5F8140(int, int);",0x5400,game
42032fc2807f7dec6de1ed6efb9d18a70668a015f23e32d58149c9d9952bc0a7,0x005F83D0,0x005F84FB,299,0x005F83D0-0x005F84FB,sub_5F83D0,"int __stdcall sub_5F83D0(char *Str, int);",0x5400,game
42032fc2807f7dec6de1ed6efb9d18a70668a015f23e32d58149c9d9952bc0a7,0x005F8500,0x005F852F,47,0x005F8500-0x005F852F,sub_5F8500,,0x5400,game
42032fc2807f7dec6de1ed6efb9d18a70668a015f23e32d58149c9d9952bc0a7,0x005F85B0,0x005F85DD,45,0x005F85B0-0x005F85DD,sub_5F85B0,,0x5400,game
42032fc2807f7dec6de1ed6efb9d18a70668a015f23e32d58149c9d9952bc0a7,0x005F85E0,0x005F860D,45,0x005F85E0-0x005F860D,sub_5F85E0,,0x5400,game
42032fc2807f7dec6de1ed6efb9d18a70668a015f23e32d58149c9d9952bc0a7,0x005F8610,0x005F862E,30,0x005F8610-0x005F862E,??_Gstrstreambuf@std@@UAEPAXI@Z,"void *__thiscall std__strstreambuf___scalar_deleting_destructor_(std::strstreambuf *__hidden this, char);",0x5444,library
42032fc2807f7dec6de1ed6efb9d18a70668a015f23e32d58149c9d9952bc0a7,0x005F8630,0x005F863B,11,0x005F8630-0x005F863B,sub_5F8630,,0x5400,game
42032fc2807f7dec6de1ed6efb9d18a70668a015f23e32d58149c9d9952bc0a7,0x005F8670,0x005F869B,43,0x005F8670-0x005F869B,sub_5F8670,,0x5400,game
42032fc2807f7dec6de1ed6efb9d18a70668a015f23e32d58149c9d9952bc0a7,0x005F86A0,0x005F86BF,31,0x005F86A0-0x005F86BF,sub_5F86A0,,0x5400,game
42032fc2807f7dec6de1ed6efb9d18a70668a015f23e32d58149c9d9952bc0a7,0x005F86C0,0x005F86E6,38,0x005F86C0-0x005F86E6,sub_5F86C0,,0x5400,game
42032fc2807f7dec6de1ed6efb9d18a70668a015f23e32d58149c9d9952bc0a7,0x005F8800,0x005F8893,147,0x005F8800-0x005F8893,sub_5F8800,,0x5400,game
42032fc2807f7dec6de1ed6efb9d18a70668a015f23e32d58149c9d9952bc0a7,0x005F88A0,0x005F891B,123,0x005F88A0-0x005F891B,sub_5F88A0,,0x5400,game
42032fc2807f7dec6de1ed6efb9d18a70668a015f23e32d58149c9d9952bc0a7,0x005F8920,0x005F8967,71,0x005F8920-0x005F8967,sub_5F8920,,0x5400,game
42032fc2807f7dec6de1ed6efb9d18a70668a015f23e32d58149c9d9952bc0a7,0x005F89D0,0x005F8BDF,527,0x005F89D0-0x005F8BDF,sub_5F89D0,"int __stdcall sub_5F89D0(int, char *Str);",0x5400,game
42032fc2807f7dec6de1ed6efb9d18a70668a015f23e32d58149c9d9952bc0a7,0x005F8BE0,0x005F8C81,161,0x005F8BE0-0x005F8C81,sub_5F8BE0,,0x5400,game
42032fc2807f7dec6de1ed6efb9d18a70668a015f23e32d58149c9d9952bc0a7,0x005F8C90,0x005F8C98,8,0x005F8C90-0x005F8C98,sub_5F8C90,,0x5400,game
42032fc2807f7dec6de1ed6efb9d18a70668a015f23e32d58149c9d9952bc0a7,0x005F8CA0,0x005F8CA8,8,0x005F8CA0-0x005F8CA8,sub_5F8CA0,,0x5400,game
42032fc2807f7dec6de1ed6efb9d18a70668a015f23e32d58149c9d9952bc0a7,0x005F8CB0,0x005F8D1F,111,0x005F8CB0-0x005F8D1F,sub_5F8CB0,,0x5400,game
42032fc2807f7dec6de1ed6efb9d18a70668a015f23e32d58149c9d9952bc0a7,0x005F8D20,0x005F8D8F,111,0x005F8D20-0x005F8D8F,sub_5F8D20,,0x5400,game
42032fc2807f7dec6de1ed6efb9d18a70668a015f23e32d58149c9d9952bc0a7,0x005F8D90,0x005F8DEF,95,0x005F8D90-0x005F8DEF,sub_5F8D90,,0x5400,game
42032fc2807f7dec6de1ed6efb9d18a70668a015f23e32d58149c9d9952bc0a7,0x005F8DF0,0x005F8E4F,95,0x005F8DF0-0x005F8E4F,sub_5F8DF0,,0x5400,game
42032fc2807f7dec6de1ed6efb9d18a70668a015f23e32d58149c9d9952bc0a7,0x005F8E50,0x005F903E,494,0x005F8E50-0x005F903E,sub_5F8E50,"int __stdcall sub_5F8E50(int, char *Str);",0x5400,game
42032fc2807f7dec6de1ed6efb9d18a70668a015f23e32d58149c9d9952bc0a7,0x005F9040,0x005F909F,95,0x005F9040-0x005F909F,sub_5F9040,,0x5400,game
42032fc2807f7dec6de1ed6efb9d18a70668a015f23e32d58149c9d9952bc0a7,0x005F90A0,0x005F90FF,95,0x005F90A0-0x005F90FF,sub_5F90A0,,0x5400,game
42032fc2807f7dec6de1ed6efb9d18a70668a015f23e32d58149c9d9952bc0a7,0x005F9100,0x005F9165,101,0x005F9100-0x005F9165,sub_5F9100,,0x5400,game
42032fc2807f7dec6de1ed6efb9d18a70668a015f23e32d58149c9d9952bc0a7,0x005F9170,0x005F9397,551,0x005F9170-0x005F9397,sub_5F9170,,0x5400,game
42032fc2807f7dec6de1ed6efb9d18a70668a015f23e32d58149c9d9952bc0a7,0x005F93A0,0x005F93B9,25,0x005F93A0-0x005F93B9,sub_5F93A0,,0x5400,game
42032fc2807f7dec6de1ed6efb9d18a70668a015f23e32d58149c9d9952bc0a7,0x005F93C0,0x005F945B,155,0x005F93C0-0x005F945B,sub_5F93C0,int __stdcall sub_5F93C0(POINT pt);,0x5400,game
42032fc2807f7dec6de1ed6efb9d18a70668a015f23e32d58149c9d9952bc0a7,0x005F9460,0x005F9472,18,0x005F9460-0x005F9472,sub_5F9460,,0x5400,game
42032fc2807f7dec6de1ed6efb9d18a70668a015f23e32d58149c9d9952bc0a7,0x005F9480,0x005F9563,227,0x005F9480-0x005F9563,sub_5F9480,int __stdcall sub_5F9480(POINT pt);,0x5400,game
42032fc2807f7dec6de1ed6efb9d18a70668a015f23e32d58149c9d9952bc0a7,0x005F9570,0x005F9582,18,0x005F9570-0x005F9582,sub_5F9570,,0x5400,game
42032fc2807f7dec6de1ed6efb9d18a70668a015f23e32d58149c9d9952bc0a7,0x005F9590,0x005F9631,161,0x005F9590-0x005F9631,sub_5F9590,,0x5400,game
42032fc2807f7dec6de1ed6efb9d18a70668a015f23e32d58149c9d9952bc0a7,0x005F9640,0x005F9840,512,0x005F9640-0x005F9840,sub_5F9640,"int __stdcall sub_5F9640(int C, int);",0x5400,game
42032fc2807f7dec6de1ed6efb9d18a70668a015f23e32d58149c9d9952bc0a7,0x005F98B0,0x005F9CFF,1103,0x005F98B0-0x005F9CFF,sub_5F98B0,,0x5400,game
42032fc2807f7dec6de1ed6efb9d18a70668a015f23e32d58149c9d9952bc0a7,0x005F9D00,0x005F9D28,40,0x005F9D00-0x005F9D28,sub_5F9D00,,0x5400,game
42032fc2807f7dec6de1ed6efb9d18a70668a015f23e32d58149c9d9952bc0a7,0x005F9D30,0x005F9F34,516,0x005F9D30-0x005F9F34,sub_5F9D30,int __stdcall sub_5F9D30(char *Str);,0x5400,game
42032fc2807f7dec6de1ed6efb9d18a70668a015f23e32d58149c9d9952bc0a7,0x005F9F40,0x005F9F5C,28,0x005F9F40-0x005F9F5C,sub_5F9F40,,0x5400,game
42032fc2807f7dec6de1ed6efb9d18a70668a015f23e32d58149c9d9952bc0a7,0x005F9F60,0x005FA6AB,1867,0x005F9F60-0x005FA6AB,sub_5F9F60,,0x5400,game
42032fc2807f7dec6de1ed6efb9d18a70668a015f23e32d58149c9d9952bc0a7,0x005FA6B0,0x005FA736,134,0x005FA6B0-0x005FA736,sub_5FA6B0,,0x5400,game
42032fc2807f7dec6de1ed6efb9d18a70668a015f23e32d58149c9d9952bc0a7,0x005FA740,0x005FA743,3,0x005FA740-0x005FA743,nullsub_230,,0x5440,game
42032fc2807f7dec6de1ed6efb9d18a70668a015f23e32d58149c9d9952bc0a7,0x005FA750,0x005FA756,6,0x005FA750-0x005FA756,sub_5FA750,,0x5400,game
42032fc2807f7dec6de1ed6efb9d18a70668a015f23e32d58149c9d9952bc0a7,0x005FA760,0x005FA766,6,0x005FA760-0x005FA766,sub_5FA760,,0x5400,game
42032fc2807f7dec6de1ed6efb9d18a70668a015f23e32d58149c9d9952bc0a7,0x005FA7A0,0x005FA7DB,59,0x005FA7A0-0x005FA7DB,sub_5FA7A0,,0x5400,game
42032fc2807f7dec6de1ed6efb9d18a70668a015f23e32d58149c9d9952bc0a7,0x005FA7E0,0x005FA814,52,0x005FA7E0-0x005FA814,sub_5FA7E0,,0x5400,game
42032fc2807f7dec6de1ed6efb9d18a70668a015f23e32d58149c9d9952bc0a7,0x005FA820,0x005FA82B,11,0x005FA820-0x005FA82B,sub_5FA820,,0x5400,game
42032fc2807f7dec6de1ed6efb9d18a70668a015f23e32d58149c9d9952bc0a7,0x005FA830,0x005FA85E,46,0x005FA830-0x005FA85E,sub_5FA830,,0x5400,game
42032fc2807f7dec6de1ed6efb9d18a70668a015f23e32d58149c9d9952bc0a7,0x005FA860,0x005FA86D,13,0x005FA860-0x005FA86D,sub_5FA860,,0x5400,game
42032fc2807f7dec6de1ed6efb9d18a70668a015f23e32d58149c9d9952bc0a7,0x005FA870,0x005FA89E,46,0x005FA870-0x005FA89E,sub_5FA870,,0x5400,game
42032fc2807f7dec6de1ed6efb9d18a70668a015f23e32d58149c9d9952bc0a7,0x005FA8A0,0x005FA8F5,85,0x005FA8A0-0x005FA8F5,sub_5FA8A0,,0x5400,game
42032fc2807f7dec6de1ed6efb9d18a70668a015f23e32d58149c9d9952bc0a7,0x005FA960,0x005FA9C0,96,0x005FA960-0x005FA9C0,sub_5FA960,,0x5400,game
42032fc2807f7dec6de1ed6efb9d18a70668a015f23e32d58149c9d9952bc0a7,0x005FA9C0,0x005FAA04,68,0x005FA9C0-0x005FAA04,sub_5FA9C0,,0x5400,game
42032fc2807f7dec6de1ed6efb9d18a70668a015f23e32d58149c9d9952bc0a7,0x005FAA90,0x005FAAFD,109,0x005FAA90-0x005FAAFD,sub_5FAA90,,0x5400,game
42032fc2807f7dec6de1ed6efb9d18a70668a015f23e32d58149c9d9952bc0a7,0x005FAB00,0x005FAB69,105,0x005FAB00-0x005FAB69,sub_5FAB00,,0x5400,game
42032fc2807f7dec6de1ed6efb9d18a70668a015f23e32d58149c9d9952bc0a7,0x005FAB70,0x005FABFF,143,0x005FAB70-0x005FABFF,sub_5FAB70,,0x5400,game
42032fc2807f7dec6de1ed6efb9d18a70668a015f23e32d58149c9d9952bc0a7,0x005FAC00,0x005FAC5B,91,0x005FAC00-0x005FAC5B,sub_5FAC00,,0x5400,game
42032fc2807f7dec6de1ed6efb9d18a70668a015f23e32d58149c9d9952bc0a7,0x005FAC60,0x005FACF6,168,0x005FAC60-0x005FACF6;0x00662CF0-0x00662D02,sub_5FAC60,,0x5400,game
42032fc2807f7dec6de1ed6efb9d18a70668a015f23e32d58149c9d9952bc0a7,0x005FAD00,0x005FADC1,225,0x005FAD00-0x005FADC1;0x00662D02-0x00662D22,sub_5FAD00,,0x5400,game
42032fc2807f7dec6de1ed6efb9d18a70668a015f23e32d58149c9d9952bc0a7,0x005FADD0,0x005FAE69,153,0x005FADD0-0x005FAE69,sub_5FADD0,,0x5400,game
42032fc2807f7dec6de1ed6efb9d18a70668a015f23e32d58149c9d9952bc0a7,0x005FAE70,0x005FAED8,104,0x005FAE70-0x005FAED8,sub_5FAE70,,0x5400,game
42032fc2807f7dec6de1ed6efb9d18a70668a015f23e32d58149c9d9952bc0a7,0x005FAEE0,0x005FAEEE,35,0x005F0520-0x005F0535;0x005FAEE0-0x005FAEEE,sub_5FAEE0,,0x5400,game
42032fc2807f7dec6de1ed6efb9d18a70668a015f23e32d58149c9d9952bc0a7,0x005FAEF0,0x005FB0FA,543,0x005FAEF0-0x005FB0FA;0x00662D22-0x00662D37,sub_5FAEF0,"int __stdcall sub_5FAEF0(int, char *Str, int);",0x5400,game
42032fc2807f7dec6de1ed6efb9d18a70668a015f23e32d58149c9d9952bc0a7,0x005FB100,0x005FB159,89,0x005FB100-0x005FB159,sub_5FB100,"int __stdcall sub_5FB100(int, int, char *Str);",0x5400,game
42032fc2807f7dec6de1ed6efb9d18a70668a015f23e32d58149c9d9952bc0a7,0x005FB160,0x005FB1B6,86,0x005FB160-0x005FB1B6,sub_5FB160,,0x5400,game
42032fc2807f7dec6de1ed6efb9d18a70668a015f23e32d58149c9d9952bc0a7,0x005FB1C0,0x005FB1C5,5,0x005FB1C0-0x005FB1C5,sub_5FB1C0,,0x5400,game
42032fc2807f7dec6de1ed6efb9d18a70668a015f23e32d58149c9d9952bc0a7,0x005FB1D0,0x005FB224,84,0x005FB1D0-0x005FB224,sub_5FB1D0,,0x5400,game
42032fc2807f7dec6de1ed6efb9d18a70668a015f23e32d58149c9d9952bc0a7,0x005FB230,0x005FB235,5,0x005FB230-0x005FB235,sub_5FB230,,0x5400,game
42032fc2807f7dec6de1ed6efb9d18a70668a015f23e32d58149c9d9952bc0a7,0x005FB240,0x005FB29E,94,0x005FB240-0x005FB29E,sub_5FB240,,0x5400,game
42032fc2807f7dec6de1ed6efb9d18a70668a015f23e32d58149c9d9952bc0a7,0x005FB2A0,0x005FB300,96,0x005FB2A0-0x005FB300,sub_5FB2A0,,0x5400,game
42032fc2807f7dec6de1ed6efb9d18a70668a015f23e32d58149c9d9952bc0a7,0x005FB300,0x005FB354,84,0x005FB300-0x005FB354,sub_5FB300,,0x5400,game
42032fc2807f7dec6de1ed6efb9d18a70668a015f23e32d58149c9d9952bc0a7,0x005FB360,0x005FB3C0,96,0x005FB360-0x005FB3C0,sub_5FB360,,0x5400,game
42032fc2807f7dec6de1ed6efb9d18a70668a015f23e32d58149c9d9952bc0a7,0x005FB3C0,0x005FB414,84,0x005FB3C0-0x005FB414,sub_5FB3C0,,0x5400,game
42032fc2807f7dec6de1ed6efb9d18a70668a015f23e32d58149c9d9952bc0a7,0x005FB420,0x005FB480,96,0x005FB420-0x005FB480,sub_5FB420,,0x5400,game
42032fc2807f7dec6de1ed6efb9d18a70668a015f23e32d58149c9d9952bc0a7,0x005FB480,0x005FB4D4,84,0x005FB480-0x005FB4D4,sub_5FB480,,0x5400,game
42032fc2807f7dec6de1ed6efb9d18a70668a015f23e32d58149c9d9952bc0a7,0x005FB4E0,0x005FB540,96,0x005FB4E0-0x005FB540,sub_5FB4E0,,0x5400,game
42032fc2807f7dec6de1ed6efb9d18a70668a015f23e32d58149c9d9952bc0a7,0x005FB540,0x005FB594,84,0x005FB540-0x005FB594,sub_5FB540,,0x5400,game
42032fc2807f7dec6de1ed6efb9d18a70668a015f23e32d58149c9d9952bc0a7,0x005FB5A0,0x005FB6FD,349,0x005FB5A0-0x005FB6FD,sub_5FB5A0,"int __stdcall sub_5FB5A0(int, char *Str);",0x5400,game
42032fc2807f7dec6de1ed6efb9d18a70668a015f23e32d58149c9d9952bc0a7,0x005FB700,0x005FB759,89,0x005FB700-0x005FB759,sub_5FB700,"int __stdcall sub_5FB700(int, int, char *Str);",0x5400,game
42032fc2807f7dec6de1ed6efb9d18a70668a015f23e32d58149c9d9952bc0a7,0x005FB760,0x005FB7B4,84,0x005FB760-0x005FB7B4,sub_5FB760,,0x5400,game
42032fc2807f7dec6de1ed6efb9d18a70668a015f23e32d58149c9d9952bc0a7,0x005FB7C0,0x005FB814,84,0x005FB7C0-0x005FB814,sub_5FB7C0,,0x5400,game
42032fc2807f7dec6de1ed6efb9d18a70668a015f23e32d58149c9d9952bc0a7,0x005FB820,0x005FB82D,13,0x005FB820-0x005FB82D,sub_5FB820,,0x5400,game
42032fc2807f7dec6de1ed6efb9d18a70668a015f23e32d58149c9d9952bc0a7,0x005FB830,0x005FB8D8,168,0x005FB830-0x005FB8D8,sub_5FB830,,0x5400,game
42032fc2807f7dec6de1ed6efb9d18a70668a015f23e32d58149c9d9952bc0a7,0x005FB8E0,0x005FB930,80,0x005FB8E0-0x005FB930,sub_5FB8E0,,0x5400,game
42032fc2807f7dec6de1ed6efb9d18a70668a015f23e32d58149c9d9952bc0a7,0x005FB930,0x005FB981,81,0x005FB930-0x005FB981,sub_5FB930,,0x5400,game
42032fc2807f7dec6de1ed6efb9d18a70668a015f23e32d58149c9d9952bc0a7,0x005FB990,0x005FB9B8,40,0x005FB990-0x005FB9B8,sub_5FB990,,0x5400,game
42032fc2807f7dec6de1ed6efb9d18a70668a015f23e32d58149c9d9952bc0a7,0x005FB9C0,0x005FBABD,253,0x005FB9C0-0x005FBABD,sub_5FB9C0,,0x5400,game
42032fc2807f7dec6de1ed6efb9d18a70668a015f23e32d58149c9d9952bc0a7,0x005FBAC0,0x005FBC1A,346,0x005FBAC0-0x005FBC1A,sub_5FBAC0,,0x5400,game
42032fc2807f7dec6de1ed6efb9d18a70668a015f23e32d58149c9d9952bc0a7,0x005FBC20,0x005FBDAB,395,0x005FBC20-0x005FBDAB,sub_5FBC20,,0x5400,game
42032fc2807f7dec6de1ed6efb9d18a70668a015f23e32d58149c9d9952bc0a7,0x005FBDB0,0x005FBEFD,333,0x005FBDB0-0x005FBEFD,sub_5FBDB0,,0x5400,game
42032fc2807f7dec6de1ed6efb9d18a70668a015f23e32d58149c9d9952bc0a7,0x005FBF00,0x005FC21F,799,0x005FBF00-0x005FC21F,sub_5FBF00,"int __stdcall sub_5FBF00(int C, int);",0x5400,game
42032fc2807f7dec6de1ed6efb9d18a70668a015f23e32d58149c9d9952bc0a7,0x005FC290,0x005FC594,772,0x005FC290-0x005FC594,sub_5FC290,,0x5400,game
42032fc2807f7dec6de1ed6efb9d18a70668a015f23e32d58149c9d9952bc0a7,0x005FC5A0,0x005FC61B,123,0x005FC5A0-0x005FC61B,sub_5FC5A0,,0x5400,game
42032fc2807f7dec6de1ed6efb9d18a70668a015f23e32d58149c9d9952bc0a7,0x005FC620,0x005FC67C,92,0x005FC620-0x005FC67C,sub_5FC620,,0x5400,game
42032fc2807f7dec6de1ed6efb9d18a70668a015f23e32d58149c9d9952bc0a7,0x005FC680,0x005FC692,18,0x005FC680-0x005FC692,sub_5FC680,,0x5400,game
42032fc2807f7dec6de1ed6efb9d18a70668a015f23e32d58149c9d9952bc0a7,0x005FC6A0,0x005FC6B4,20,0x005FC6A0-0x005FC6B4,sub_5FC6A0,,0x5400,game
42032fc2807f7dec6de1ed6efb9d18a70668a015f23e32d58149c9d9952bc0a7,0x005FC6C0,0x005FC6C3,3,0x005FC6C0-0x005FC6C3,nullsub_231,,0x5440,game
42032fc2807f7dec6de1ed6efb9d18a70668a015f23e32d58149c9d9952bc0a7,0x005FC700,0x005FC7E4,228,0x005FC700-0x005FC7E4,sub_5FC700,,0x5400,game
42032fc2807f7dec6de1ed6efb9d18a70668a015f23e32d58149c9d9952bc0a7,0x005FC7F0,0x005FC8E8,248,0x005FC7F0-0x005FC8E8,sub_5FC7F0,,0x5400,game
42032fc2807f7dec6de1ed6efb9d18a70668a015f23e32d58149c9d9952bc0a7,0x005FC8F0,0x005FC9DE,238,0x005FC8F0-0x005FC9DE,sub_5FC8F0,,0x5400,game
42032fc2807f7dec6de1ed6efb9d18a70668a015f23e32d58149c9d9952bc0a7,0x005FC9E0,0x005FC9E3,3,0x005FC9E0-0x005FC9E3,sub_5FC9E0,,0x5400,game
42032fc2807f7dec6de1ed6efb9d18a70668a015f23e32d58149c9d9952bc0a7,0x005FC9F0,0x005FCA23,51,0x005FC9F0-0x005FCA23,sub_5FC9F0,,0x5400,game
42032fc2807f7dec6de1ed6efb9d18a70668a015f23e32d58149c9d9952bc0a7,0x005FCA30,0x005FCB14,228,0x005FCA30-0x005FCB14,sub_5FCA30,,0x5400,game
42032fc2807f7dec6de1ed6efb9d18a70668a015f23e32d58149c9d9952bc0a7,0x005FCB20,0x005FCB5A,58,0x005FCB20-0x005FCB5A,sub_5FCB20,,0x5400,game
42032fc2807f7dec6de1ed6efb9d18a70668a015f23e32d58149c9d9952bc0a7,0x005FCB60,0x005FCBAC,76,0x005FCB60-0x005FCBAC,sub_5FCB60,,0x5400,game
42032fc2807f7dec6de1ed6efb9d18a70668a015f23e32d58149c9d9952bc0a7,0x005FCBB0,0x005FCC1F,111,0x005FCBB0-0x005FCC1F,sub_5FCBB0,,0x5400,game
42032fc2807f7dec6de1ed6efb9d18a70668a015f23e32d58149c9d9952bc0a7,0x005FCC20,0x005FCC6D,77,0x005FCC20-0x005FCC6D,sub_5FCC20,,0x5400,game
42032fc2807f7dec6de1ed6efb9d18a70668a015f23e32d58149c9d9952bc0a7,0x005FCC70,0x005FCCE5,117,0x005FCC70-0x005FCCE5,sub_5FCC70,,0x5400,game
42032fc2807f7dec6de1ed6efb9d18a70668a015f23e32d58149c9d9952bc0a7,0x005FCCF0,0x005FCD3D,77,0x005FCCF0-0x005FCD3D,sub_5FCCF0,,0x5400,game
42032fc2807f7dec6de1ed6efb9d18a70668a015f23e32d58149c9d9952bc0a7,0x005FCD40,0x005FCD97,87,0x005FCD40-0x005FCD97,sub_5FCD40,,0x5400,game
42032fc2807f7dec6de1ed6efb9d18a70668a015f23e32d58149c9d9952bc0a7,0x005FCDA0,0x005FCDE5,69,0x005FCDA0-0x005FCDE5,sub_5FCDA0,,0x5400,game
42032fc2807f7dec6de1ed6efb9d18a70668a015f23e32d58149c9d9952bc0a7,0x005FCDF0,0x005FCEC0,208,0x005FCDF0-0x005FCEC0,sub_5FCDF0,,0x5400,game
42032fc2807f7dec6de1ed6efb9d18a70668a015f23e32d58149c9d9952bc0a7,0x005FCEC0,0x005FCF8C,204,0x005FCEC0-0x005FCF8C,sub_5FCEC0,,0x5400,game
42032fc2807f7dec6de1ed6efb9d18a70668a015f23e32d58149c9d9952bc0a7,0x005FCF90,0x005FCFDD,77,0x005FCF90-0x005FCFDD,sub_5FCF90,,0x5400,game
42032fc2807f7dec6de1ed6efb9d18a70668a015f23e32d58149c9d9952bc0a7,0x005FCFE0,0x005FD04B,107,0x005FCFE0-0x005FD04B,sub_5FCFE0,,0x5400,game
42032fc2807f7dec6de1ed6efb9d18a70668a015f23e32d58149c9d9952bc0a7,0x005FD050,0x005FD09D,77,0x005FD050-0x005FD09D,sub_5FD050,,0x5400,game
42032fc2807f7dec6de1ed6efb9d18a70668a015f23e32d58149c9d9952bc0a7,0x005FD0A0,0x005FD115,117,0x005FD0A0-0x005FD115,sub_5FD0A0,,0x5400,game
42032fc2807f7dec6de1ed6efb9d18a70668a015f23e32d58149c9d9952bc0a7,0x005FD120,0x005FD1BA,154,0x005FD120-0x005FD1BA,sub_5FD120,,0x5400,game
42032fc2807f7dec6de1ed6efb9d18a70668a015f23e32d58149c9d9952bc0a7,0x005FD1C0,0x005FD21A,90,0x005FD1C0-0x005FD21A,sub_5FD1C0,,0x5400,game
42032fc2807f7dec6de1ed6efb9d18a70668a015f23e32d58149c9d9952bc0a7,0x005FD220,0x005FD27A,90,0x005FD220-0x005FD27A,sub_5FD220,,0x5400,game
42032fc2807f7dec6de1ed6efb9d18a70668a015f23e32d58149c9d9952bc0a7,0x005FD280,0x005FD281,1,0x005FD280-0x005FD281,nullsub_232,,0x5440,game
42032fc2807f7dec6de1ed6efb9d18a70668a015f23e32d58149c9d9952bc0a7,0x005FD290,0x005FD291,1,0x005FD290-0x005FD291,nullsub_233,,0x5440,game
42032fc2807f7dec6de1ed6efb9d18a70668a015f23e32d58149c9d9952bc0a7,0x005FD2A0,0x005FD2A1,1,0x005FD2A0-0x005FD2A1,nullsub_234,,0x5440,game
42032fc2807f7dec6de1ed6efb9d18a70668a015f23e32d58149c9d9952bc0a7,0x005FD2B0,0x005FD2B3,3,0x005FD2B0-0x005FD2B3,sub_5FD2B0,,0x5400,game
42032fc2807f7dec6de1ed6efb9d18a70668a015f23e32d58149c9d9952bc0a7,0x005FD2C0,0x005FD308,72,0x005FD2C0-0x005FD308,sub_5FD2C0,,0x5400,game
42032fc2807f7dec6de1ed6efb9d18a70668a015f23e32d58149c9d9952bc0a7,0x005FD310,0x005FD35D,77,0x005FD310-0x005FD35D,sub_5FD310,,0x5400,game
42032fc2807f7dec6de1ed6efb9d18a70668a015f23e32d58149c9d9952bc0a7,0x005FD360,0x005FD36B,11,0x005FD360-0x005FD36B,sub_5FD360,,0x5400,game
42032fc2807f7dec6de1ed6efb9d18a70668a015f23e32d58149c9d9952bc0a7,0x005FD370,0x005FD3F2,130,0x005FD370-0x005FD3F2,sub_5FD370,,0x5400,game
42032fc2807f7dec6de1ed6efb9d18a70668a015f23e32d58149c9d9952bc0a7,0x005FD400,0x005FD456,86,0x005FD400-0x005FD456,sub_5FD400,,0x5400,game
42032fc2807f7dec6de1ed6efb9d18a70668a015f23e32d58149c9d9952bc0a7,0x005FD460,0x005FD4B5,85,0x005FD460-0x005FD4B5,sub_5FD460,void __cdecl sub_5FD460();,0x5400,game
42032fc2807f7dec6de1ed6efb9d18a70668a015f23e32d58149c9d9952bc0a7,0x005FD4C0,0x005FD4CB,11,0x005FD4C0-0x005FD4CB,sub_5FD4C0,,0x5400,game
42032fc2807f7dec6de1ed6efb9d18a70668a015f23e32d58149c9d9952bc0a7,0x005FD4D0,0x005FD4DB,11,0x005FD4D0-0x005FD4DB,sub_5FD4D0,,0x5400,game
42032fc2807f7dec6de1ed6efb9d18a70668a015f23e32d58149c9d9952bc0a7,0x005FD4E0,0x005FD507,39,0x005FD4E0-0x005FD507,sub_5FD4E0,,0x5400,game
42032fc2807f7dec6de1ed6efb9d18a70668a015f23e32d58149c9d9952bc0a7,0x005FD510,0x005FD527,23,0x005FD510-0x005FD527,sub_5FD510,void __cdecl sub_5FD510();,0x5400,game
42032fc2807f7dec6de1ed6efb9d18a70668a015f23e32d58149c9d9952bc0a7,0x005FD530,0x005FD54D,29,0x005FD530-0x005FD54D,sub_5FD530,,0x5400,game
42032fc2807f7dec6de1ed6efb9d18a70668a015f23e32d58149c9d9952bc0a7,0x005FD550,0x005FD565,21,0x005FD550-0x005FD565,sub_5FD550,"int __cdecl sub_5FD550(char *, char *String1);",0x5400,game
42032fc2807f7dec6de1ed6efb9d18a70668a015f23e32d58149c9d9952bc0a7,0x005FD570,0x005FD5D2,98,0x005FD570-0x005FD5D2,sub_5FD570,,0x5400,game
42032fc2807f7dec6de1ed6efb9d18a70668a015f23e32d58149c9d9952bc0a7,0x005FD5E0,0x005FD663,131,0x005FD5E0-0x005FD663,sub_5FD5E0,,0x5400,game
42032fc2807f7dec6de1ed6efb9d18a70668a015f23e32d58149c9d9952bc0a7,0x005FD670,0x005FD6C7,87,0x005FD670-0x005FD6C7,sub_5FD670,,0x5400,game
42032fc2807f7dec6de1ed6efb9d18a70668a015f23e32d58149c9d9952bc0a7,0x005FD6D0,0x005FD732,98,0x005FD6D0-0x005FD732,sub_5FD6D0,,0x5400,game
42032fc2807f7dec6de1ed6efb9d18a70668a015f23e32d58149c9d9952bc0a7,0x005FD740,0x005FD79D,93,0x005FD740-0x005FD79D,sub_5FD740,,0x5400,game
42032fc2807f7dec6de1ed6efb9d18a70668a015f23e32d58149c9d9952bc0a7,0x005FD7A0,0x005FD7FD,93,0x005FD7A0-0x005FD7FD,sub_5FD7A0,,0x5400,game
42032fc2807f7dec6de1ed6efb9d18a70668a015f23e32d58149c9d9952bc0a7,0x005FD860,0x005FD87F,31,0x005FD860-0x005FD87F,sub_5FD860,,0x5400,game
42032fc2807f7dec6de1ed6efb9d18a70668a015f23e32d58149c9d9952bc0a7,0x005FD880,0x005FD8CF,79,0x005FD880-0x005FD8CF,sub_5FD880,int __stdcall sub_5FD880(size_t Size);,0x5400,game
42032fc2807f7dec6de1ed6efb9d18a70668a015f23e32d58149c9d9952bc0a7,0x005FD970,0x005FD9CC,92,0x005FD970-0x005FD9CC,sub_5FD970,,0x5400,game
42032fc2807f7dec6de1ed6efb9d18a70668a015f23e32d58149c9d9952bc0a7,0x005FD9D0,0x005FD9F2,34,0x005FD9D0-0x005FD9F2,sub_5FD9D0,,0x5400,game
42032fc2807f7dec6de1ed6efb9d18a70668a015f23e32d58149c9d9952bc0a7,0x005FDA00,0x005FDC04,516,0x005FDA00-0x005FDC04,sub_5FDA00,"int __thiscall sub_5FDA00(char *Source, char *, char *String1);",0x5400,game
42032fc2807f7dec6de1ed6efb9d18a70668a015f23e32d58149c9d9952bc0a7,0x005FDC10,0x005FDC7E,110,0x005FDC10-0x005FDC7E,sub_5FDC10,,0x5400,game
42032fc2807f7dec6de1ed6efb9d18a70668a015f23e32d58149c9d9952bc0a7,0x005FDF40,0x005FDF5F,31,0x005FDF40-0x005FDF5F,sub_5FDF40,void __thiscall sub_5FDF40(void *);,0x5400,game
42032fc2807f7dec6de1ed6efb9d18a70668a015f23e32d58149c9d9952bc0a7,0x005FDF60,0x005FDF78,24,0x005FDF60-0x005FDF78,sub_5FDF60,void __thiscall sub_5FDF60(void *);,0x5400,game
42032fc2807f7dec6de1ed6efb9d18a70668a015f23e32d58149c9d9952bc0a7,0x005FDF80,0x005FE11B,429,0x005FDF80-0x005FE11B;0x00662D40-0x00662D52,sub_5FDF80,"int __thiscall sub_5FDF80(char *Source, char *);",0x5400,game
42032fc2807f7dec6de1ed6efb9d18a70668a015f23e32d58149c9d9952bc0a7,0x005FE120,0x005FE1E1,193,0x005FE120-0x005FE1E1,sub_5FE120,"int __thiscall sub_5FE120(char *String2, char *Source, char *String1);",0x5400,game
42032fc2807f7dec6de1ed6efb9d18a70668a015f23e32d58149c9d9952bc0a7,0x005FE1F0,0x005FE228,56,0x005FE1F0-0x005FE228,sub_5FE1F0,int __cdecl sub_5FE1F0(char *);,0x5400,game
42032fc2807f7dec6de1ed6efb9d18a70668a015f23e32d58149c9d9952bc0a7,0x005FE230,0x005FE26C,60,0x005FE230-0x005FE26C,sub_5FE230,"int __cdecl sub_5FE230(char *Source, char *String1);",0x5400,game
42032fc2807f7dec6de1ed6efb9d18a70668a015f23e32d58149c9d9952bc0a7,0x005FE270,0x005FE299,41,0x005FE270-0x005FE299,sub_5FE270,,0x5400,game
42032fc2807f7dec6de1ed6efb9d18a70668a015f23e32d58149c9d9952bc0a7,0x005FE2A0,0x005FE2D9,57,0x005FE2A0-0x005FE2D9,sub_5FE2A0,int __thiscall sub_5FE2A0(LPPALETTEENTRY pPalEntries);,0x5400,game
42032fc2807f7dec6de1ed6efb9d18a70668a015f23e32d58149c9d9952bc0a7,0x005FE2E0,0x005FE2E5,5,0x005FE2E0-0x005FE2E5,sub_5FE2E0,,0x5480,thunk
42032fc2807f7dec6de1ed6efb9d18a70668a015f23e32d58149c9d9952bc0a7,0x005FE2F0,0x005FE32F,63,0x005FE2F0-0x005FE32F,sub_5FE2F0,"int __thiscall sub_5FE2F0(void *, void *Src);",0x5400,game
42032fc2807f7dec6de1ed6efb9d18a70668a015f23e32d58149c9d9952bc0a7,0x005FE330,0x005FE45F,303,0x005FE330-0x005FE45F,sub_5FE330,int __thiscall sub_5FE330(LPPALETTEENTRY pPalEntries);,0x5400,game
42032fc2807f7dec6de1ed6efb9d18a70668a015f23e32d58149c9d9952bc0a7,0x005FE460,0x005FE4EB,139,0x005FE460-0x005FE4EB,sub_5FE460,,0x5400,game
42032fc2807f7dec6de1ed6efb9d18a70668a015f23e32d58149c9d9952bc0a7,0x005FE4F0,0x005FE4F1,1,0x005FE4F0-0x005FE4F1,nullsub_12,,0x5440,game
42032fc2807f7dec6de1ed6efb9d18a70668a015f23e32d58149c9d9952bc0a7,0x005FE500,0x005FE554,84,0x005FE500-0x005FE554,sub_5FE500,,0x5400,game
42032fc2807f7dec6de1ed6efb9d18a70668a015f23e32d58149c9d9952bc0a7,0x005FE560,0x005FE5BD,93,0x005FE560-0x005FE5BD,sub_5FE560,,0x5400,game
42032fc2807f7dec6de1ed6efb9d18a70668a015f23e32d58149c9d9952bc0a7,0x005FE5C0,0x005FE646,134,0x005FE5C0-0x005FE646,sub_5FE5C0,,0x5400,game
42032fc2807f7dec6de1ed6efb9d18a70668a015f23e32d58149c9d9952bc0a7,0x005FE650,0x005FE6C7,119,0x005FE650-0x005FE6C7,sub_5FE650,,0x5400,game
42032fc2807f7dec6de1ed6efb9d18a70668a015f23e32d58149c9d9952bc0a7,0x005FE6D0,0x005FE6F8,40,0x005FE6D0-0x005FE6F8,sub_5FE6D0,,0x5400,game
42032fc2807f7dec6de1ed6efb9d18a70668a015f23e32d58149c9d9952bc0a7,0x005FE700,0x005FE8AC,449,0x005FE700-0x005FE8AC;0x00662D60-0x00662D75,sub_5FE700,,0x5400,game
42032fc2807f7dec6de1ed6efb9d18a70668a015f23e32d58149c9d9952bc0a7,0x005FE8B0,0x005FE8FB,75,0x005FE8B0-0x005FE8FB,sub_5FE8B0,,0x5400,game
42032fc2807f7dec6de1ed6efb9d18a70668a015f23e32d58149c9d9952bc0a7,0x005FE900,0x005FE941,65,0x005FE900-0x005FE941,sub_5FE900,,0x5400,game
42032fc2807f7dec6de1ed6efb9d18a70668a015f23e32d58149c9d9952bc0a7,0x005FE950,0x005FEAC4,372,0x005FE950-0x005FEAC4,sub_5FE950,,0x5400,game
42032fc2807f7dec6de1ed6efb9d18a70668a015f23e32d58149c9d9952bc0a7,0x005FEAD0,0x005FEBA8,216,0x005FEAD0-0x005FEBA8,sub_5FEAD0,,0x5400,game
42032fc2807f7dec6de1ed6efb9d18a70668a015f23e32d58149c9d9952bc0a7,0x005FEBB0,0x005FECF0,320,0x005FEBB0-0x005FECF0,sub_5FEBB0,,0x5400,game
42032fc2807f7dec6de1ed6efb9d18a70668a015f23e32d58149c9d9952bc0a7,0x005FECF0,0x005FED0B,27,0x005FECF0-0x005FED0B,sub_5FECF0,,0x5400,game
42032fc2807f7dec6de1ed6efb9d18a70668a015f23e32d58149c9d9952bc0a7,0x005FED40,0x005FEE78,312,0x005FED40-0x005FEE78,sub_5FED40,,0x5400,game
42032fc2807f7dec6de1ed6efb9d18a70668a015f23e32d58149c9d9952bc0a7,0x005FEE80,0x005FEFE7,359,0x005FEE80-0x005FEFE7,sub_5FEE80,"int __thiscall sub_5FEE80(void *Src, void *, int, int, int, int, int);",0x5400,game
42032fc2807f7dec6de1ed6efb9d18a70668a015f23e32d58149c9d9952bc0a7,0x005FEFF0,0x005FF19E,430,0x005FEFF0-0x005FF19E,sub_5FEFF0,,0x5400,game
42032fc2807f7dec6de1ed6efb9d18a70668a015f23e32d58149c9d9952bc0a7,0x005FF280,0x005FF46B,491,0x005FF280-0x005FF46B,sub_5FF280,,0x5400,game
42032fc2807f7dec6de1ed6efb9d18a70668a015f23e32d58149c9d9952bc0a7,0x005FF470,0x005FF627,439,0x005FF470-0x005FF627,sub_5FF470,,0x5400,game
42032fc2807f7dec6de1ed6efb9d18a70668a015f23e32d58149c9d9952bc0a7,0x005FF630,0x005FF92D,765,0x005FF630-0x005FF92D,sub_5FF630,,0x5C10,game
42032fc2807f7dec6de1ed6efb9d18a70668a015f23e32d58149c9d9952bc0a7,0x005FF930,0x005FFB0B,475,0x005FF930-0x005FFB0B,sub_5FF930,"int __thiscall sub_5FF930(void *Src, void *, UINT iStartIndex, UINT cEntries, int, int);",0x5400,game
42032fc2807f7dec6de1ed6efb9d18a70668a015f23e32d58149c9d9952bc0a7,0x005FFB10,0x005FFD7F,623,0x005FFB10-0x005FFD7F,sub_5FFB10,"int __thiscall sub_5FFB10(void *Src, int, UINT iStartIndex, UINT cEntries, int, int);",0x5400,game
42032fc2807f7dec6de1ed6efb9d18a70668a015f23e32d58149c9d9952bc0a7,0x005FFD80,0x005FFDA1,33,0x005FFD80-0x005FFDA1,sub_5FFD80,,0x5400,game
42032fc2807f7dec6de1ed6efb9d18a70668a015f23e32d58149c9d9952bc0a7,0x005FFDB0,0x005FFE3D,141,0x005FFDB0-0x005FFE3D,sub_5FFDB0,,0x5400,game
42032fc2807f7dec6de1ed6efb9d18a70668a015f23e32d58149c9d9952bc0a7,0x005FFF90,0x006001D2,578,0x005FFF90-0x006001D2,sub_5FFF90,"int __stdcall sub_5FFF90(int, int, int X, int Y);",0x5400,game
42032fc2807f7dec6de1ed6efb9d18a70668a015f23e32d58149c9d9952bc0a7,0x006001E0,0x00600270,144,0x006001E0-0x00600270,sub_6001E0,,0x5400,game
42032fc2807f7dec6de1ed6efb9d18a70668a015f23e32d58149c9d9952bc0a7,0x00600270,0x006002EB,123,0x00600270-0x006002EB,sub_600270,,0x5400,game
42032fc2807f7dec6de1ed6efb9d18a70668a015f23e32d58149c9d9952bc0a7,0x006002F0,0x0060031F,47,0x006002F0-0x0060031F,sub_6002F0,,0x5400,game
42032fc2807f7dec6de1ed6efb9d18a70668a015f23e32d58149c9d9952bc0a7,0x00600320,0x00600326,6,0x00600320-0x00600326,sub_600320,,0x5400,game
42032fc2807f7dec6de1ed6efb9d18a70668a015f23e32d58149c9d9952bc0a7,0x006003B0,0x006003F6,70,0x006003B0-0x006003F6,sub_6003B0,int __cdecl sub_6003B0(char *Source);,0x5400,game
42032fc2807f7dec6de1ed6efb9d18a70668a015f23e32d58149c9d9952bc0a7,0x00600400,0x006005C5,453,0x00600400-0x006005C5,sub_600400,"int __cdecl sub_600400(char *Source, int);",0x5400,game
42032fc2807f7dec6de1ed6efb9d18a70668a015f23e32d58149c9d9952bc0a7,0x006005D0,0x00600753,387,0x006005D0-0x00600753,sub_6005D0,int __cdecl sub_6005D0(char *Source);,0x5400,game
42032fc2807f7dec6de1ed6efb9d18a70668a015f23e32d58149c9d9952bc0a7,0x00600760,0x00600773,19,0x00600760-0x00600773,sub_600760,,0x5400,game
42032fc2807f7dec6de1ed6efb9d18a70668a015f23e32d58149c9d9952bc0a7,0x006007B0,0x00600817,103,0x006007B0-0x00600817,sub_6007B0,int __cdecl sub_6007B0(char *Str);,0x5400,game
42032fc2807f7dec6de1ed6efb9d18a70668a015f23e32d58149c9d9952bc0a7,0x00600820,0x00600837,23,0x00600820-0x00600837,sub_600820,int __cdecl sub_600820(char *Str);,0x5400,game
42032fc2807f7dec6de1ed6efb9d18a70668a015f23e32d58149c9d9952bc0a7,0x00600840,0x00600859,25,0x00600840-0x00600859,sub_600840,int __cdecl sub_600840(char *Str);,0x5400,game
42032fc2807f7dec6de1ed6efb9d18a70668a015f23e32d58149c9d9952bc0a7,0x00600860,0x00600EF5,1815,0x00600860-0x00600EF5;0x00662D80-0x00662E02,sub_600860,,0x5400,game
42032fc2807f7dec6de1ed6efb9d18a70668a015f23e32d58149c9d9952bc0a7,0x00600F00,0x006015A9,1705,0x00600F00-0x006015A9,sub_600F00,,0x5400,game
42032fc2807f7dec6de1ed6efb9d18a70668a015f23e32d58149c9d9952bc0a7,0x006015B0,0x0060179A,490,0x006015B0-0x0060179A,sub_6015B0,"int __stdcall sub_6015B0(int, size_t Size);",0x5400,game
42032fc2807f7dec6de1ed6efb9d18a70668a015f23e32d58149c9d9952bc0a7,0x006017A0,0x00601811,113,0x006017A0-0x00601811,sub_6017A0,int __stdcall sub_6017A0(char *Str);,0x5400,game
42032fc2807f7dec6de1ed6efb9d18a70668a015f23e32d58149c9d9952bc0a7,0x00601820,0x00601891,113,0x00601820-0x00601891,sub_601820,int __stdcall sub_601820(char *Str);,0x5400,game
42032fc2807f7dec6de1ed6efb9d18a70668a015f23e32d58149c9d9952bc0a7,0x006018A0,0x00601902,98,0x006018A0-0x00601902,sub_6018A0,int __cdecl sub_6018A0(char *Str);,0x5400,game
42032fc2807f7dec6de1ed6efb9d18a70668a015f23e32d58149c9d9952bc0a7,0x00601910,0x00601972,98,0x00601910-0x00601972,sub_601910,int __cdecl sub_601910(char *Str);,0x5400,game
42032fc2807f7dec6de1ed6efb9d18a70668a015f23e32d58149c9d9952bc0a7,0x00601980,0x006019EE,110,0x00601980-0x006019EE,sub_601980,,0x5400,game
42032fc2807f7dec6de1ed6efb9d18a70668a015f23e32d58149c9d9952bc0a7,0x006019F0,0x00601A3B,75,0x006019F0-0x00601A3B,sub_6019F0,,0x5400,game
42032fc2807f7dec6de1ed6efb9d18a70668a015f23e32d58149c9d9952bc0a7,0x00601A40,0x00601AB1,113,0x00601A40-0x00601AB1,sub_601A40,int __stdcall sub_601A40(char *Str);,0x5400,game
42032fc2807f7dec6de1ed6efb9d18a70668a015f23e32d58149c9d9952bc0a7,0x00601B20,0x00601B77,87,0x00601B20-0x00601B77,sub_601B20,,0x5400,game
42032fc2807f7dec6de1ed6efb9d18a70668a015f23e32d58149c9d9952bc0a7,0x00601B80,0x00601BA5,37,0x00601B80-0x00601BA5,sub_601B80,,0x5400,game
42032fc2807f7dec6de1ed6efb9d18a70668a015f23e32d58149c9d9952bc0a7,0x00601BB0,0x00601BC3,19,0x00601BB0-0x00601BC3,sub_601BB0,,0x5400,game
42032fc2807f7dec6de1ed6efb9d18a70668a015f23e32d58149c9d9952bc0a7,0x00601BD0,0x00601BE1,17,0x00601BD0-0x00601BE1,sub_601BD0,,0x5400,game
42032fc2807f7dec6de1ed6efb9d18a70668a015f23e32d58149c9d9952bc0a7,0x00601BF0,0x006025F9,2569,0x00601BF0-0x006025F9,sub_601BF0,"int __stdcall sub_601BF0(char *, char *, int, char *, int, int);",0x5400,game
42032fc2807f7dec6de1ed6efb9d18a70668a015f23e32d58149c9d9952bc0a7,0x00602600,0x006037F5,4618,0x00602600-0x006037F5;0x00662E02-0x00662E17,sub_602600,,0x5400,game
42032fc2807f7dec6de1ed6efb9d18a70668a015f23e32d58149c9d9952bc0a7,0x00603800,0x006042D2,2770,0x00603800-0x006042D2,sub_603800,,0x5400,game
42032fc2807f7dec6de1ed6efb9d18a70668a015f23e32d58149c9d9952bc0a7,0x00604300,0x006043CA,202,0x00604300-0x006043CA,sub_604300,,0x5400,game
42032fc2807f7dec6de1ed6efb9d18a70668a015f23e32d58149c9d9952bc0a7,0x006043D0,0x00604407,55,0x006043D0-0x00604407,sub_6043D0,int __cdecl sub_6043D0(char *Str);,0x5400,game
42032fc2807f7dec6de1ed6efb9d18a70668a015f23e32d58149c9d9952bc0a7,0x00604410,0x0060448E,126,0x00604410-0x0060448E,sub_604410,,0x5400,game
42032fc2807f7dec6de1ed6efb9d18a70668a015f23e32d58149c9d9952bc0a7,0x00604490,0x006044A1,17,0x00604490-0x006044A1,sub_604490,,0x5400,game
42032fc2807f7dec6de1ed6efb9d18a70668a015f23e32d58149c9d9952bc0a7,0x006044B0,0x006044C1,17,0x006044B0-0x006044C1,sub_6044B0,,0x5400,game
42032fc2807f7dec6de1ed6efb9d18a70668a015f23e32d58149c9d9952bc0a7,0x006044D0,0x00604581,177,0x006044D0-0x00604581,sub_6044D0,,0x5400,game
42032fc2807f7dec6de1ed6efb9d18a70668a015f23e32d58149c9d9952bc0a7,0x00604590,0x0060467A,234,0x00604590-0x0060467A,sub_604590,,0x5400,game
42032fc2807f7dec6de1ed6efb9d18a70668a015f23e32d58149c9d9952bc0a7,0x00604680,0x006046ED,109,0x00604680-0x006046ED,sub_604680,,0x5400,game
42032fc2807f7dec6de1ed6efb9d18a70668a015f23e32d58149c9d9952bc0a7,0x006046F0,0x00604730,64,0x006046F0-0x00604730,sub_6046F0,,0x5400,game
42032fc2807f7dec6de1ed6efb9d18a70668a015f23e32d58149c9d9952bc0a7,0x00604730,0x0060475B,43,0x00604730-0x0060475B,sub_604730,,0x5400,game
42032fc2807f7dec6de1ed6efb9d18a70668a015f23e32d58149c9d9952bc0a7,0x00604760,0x0060478B,43,0x00604760-0x0060478B,sub_604760,,0x5400,game
42032fc2807f7dec6de1ed6efb9d18a70668a015f23e32d58149c9d9952bc0a7,0x00604790,0x006047BB,43,0x00604790-0x006047BB,sub_604790,,0x5400,game
42032fc2807f7dec6de1ed6efb9d18a70668a015f23e32d58149c9d9952bc0a7,0x006047C0,0x006047EB,43,0x006047C0-0x006047EB,sub_6047C0,,0x5400,game
42032fc2807f7dec6de1ed6efb9d18a70668a015f23e32d58149c9d9952bc0a7,0x00604830,0x0060485B,43,0x00604830-0x0060485B,sub_604830,,0x5400,game
42032fc2807f7dec6de1ed6efb9d18a70668a015f23e32d58149c9d9952bc0a7,0x00604860,0x0060488B,43,0x00604860-0x0060488B,sub_604860,,0x5400,game
42032fc2807f7dec6de1ed6efb9d18a70668a015f23e32d58149c9d9952bc0a7,0x00604890,0x006048BB,43,0x00604890-0x006048BB,sub_604890,,0x5400,game
42032fc2807f7dec6de1ed6efb9d18a70668a015f23e32d58149c9d9952bc0a7,0x006048C0,0x006048FA,58,0x006048C0-0x006048FA,sub_6048C0,,0x5400,game
42032fc2807f7dec6de1ed6efb9d18a70668a015f23e32d58149c9d9952bc0a7,0x00604900,0x00604927,39,0x00604900-0x00604927,sub_604900,,0x5400,game
42032fc2807f7dec6de1ed6efb9d18a70668a015f23e32d58149c9d9952bc0a7,0x00604930,0x00604957,39,0x00604930-0x00604957,sub_604930,,0x5400,game
42032fc2807f7dec6de1ed6efb9d18a70668a015f23e32d58149c9d9952bc0a7,0x00604960,0x00604987,39,0x00604960-0x00604987,sub_604960,,0x5400,game
42032fc2807f7dec6de1ed6efb9d18a70668a015f23e32d58149c9d9952bc0a7,0x00604990,0x006049B7,39,0x00604990-0x006049B7,sub_604990,,0x5400,game
42032fc2807f7dec6de1ed6efb9d18a70668a015f23e32d58149c9d9952bc0a7,0x006049C0,0x006049F0,48,0x006049C0-0x006049F0,sub_6049C0,,0x5400,game
42032fc2807f7dec6de1ed6efb9d18a70668a015f23e32d58149c9d9952bc0a7,0x006049F0,0x00604A17,39,0x006049F0-0x00604A17,sub_6049F0,,0x5400,game
42032fc2807f7dec6de1ed6efb9d18a70668a015f23e32d58149c9d9952bc0a7,0x00604A20,0x00604A47,39,0x00604A20-0x00604A47,sub_604A20,,0x5400,game
42032fc2807f7dec6de1ed6efb9d18a70668a015f23e32d58149c9d9952bc0a7,0x00604A50,0x00604A77,39,0x00604A50-0x00604A77,sub_604A50,,0x5400,game
42032fc2807f7dec6de1ed6efb9d18a70668a015f23e32d58149c9d9952bc0a7,0x00604A80,0x00604A8E,14,0x00604A80-0x00604A8E,sub_604A80,,0x5400,game
42032fc2807f7dec6de1ed6efb9d18a70668a015f23e32d58149c9d9952bc0a7,0x00604A90,0x00604AA4,20,0x00604A90-0x00604AA4,sub_604A90,,0x5400,game
42032fc2807f7dec6de1ed6efb9d18a70668a015f23e32d58149c9d9952bc0a7,0x00604AB0,0x00604E31,897,0x00604AB0-0x00604E31,sub_604AB0,,0x5400,game
42032fc2807f7dec6de1ed6efb9d18a70668a015f23e32d58149c9d9952bc0a7,0x00604E40,0x00604E9A,111,0x00604E40-0x00604E9A;0x00662E17-0x00662E2C,sub_604E40,,0x5400,game
42032fc2807f7dec6de1ed6efb9d18a70668a015f23e32d58149c9d9952bc0a7,0x00605010,0x006050E7,215,0x00605010-0x006050E7,sub_605010,,0x5400,game
42032fc2807f7dec6de1ed6efb9d18a70668a015f23e32d58149c9d9952bc0a7,0x006050F0,0x00605121,49,0x006050F0-0x00605121,sub_6050F0,,0x5400,game
42032fc2807f7dec6de1ed6efb9d18a70668a015f23e32d58149c9d9952bc0a7,0x00605130,0x00605172,66,0x00605130-0x00605172,sub_605130,,0x5400,game
42032fc2807f7dec6de1ed6efb9d18a70668a015f23e32d58149c9d9952bc0a7,0x00605180,0x0060519B,27,0x00605180-0x0060519B,sub_605180,,0x5400,game
42032fc2807f7dec6de1ed6efb9d18a70668a015f23e32d58149c9d9952bc0a7,0x006051A0,0x006051BB,27,0x006051A0-0x006051BB,sub_6051A0,,0x5400,game
42032fc2807f7dec6de1ed6efb9d18a70668a015f23e32d58149c9d9952bc0a7,0x006051C0,0x006051CE,14,0x006051C0-0x006051CE,sub_6051C0,,0x5400,game
42032fc2807f7dec6de1ed6efb9d18a70668a015f23e32d58149c9d9952bc0a7,0x006051D0,0x00605367,439,0x006051D0-0x00605367;0x00662E30-0x00662E50,sub_6051D0,,0x5400,game
42032fc2807f7dec6de1ed6efb9d18a70668a015f23e32d58149c9d9952bc0a7,0x00605370,0x006054CE,350,0x00605370-0x006054CE,sub_605370,,0x5400,game
42032fc2807f7dec6de1ed6efb9d18a70668a015f23e32d58149c9d9952bc0a7,0x006054D0,0x0060583F,879,0x006054D0-0x0060583F,sub_6054D0,,0x5400,game
42032fc2807f7dec6de1ed6efb9d18a70668a015f23e32d58149c9d9952bc0a7,0x00605840,0x00605885,69,0x00605840-0x00605885,sub_605840,,0x5400,game
42032fc2807f7dec6de1ed6efb9d18a70668a015f23e32d58149c9d9952bc0a7,0x00605890,0x006058CB,59,0x00605890-0x006058CB,sub_605890,,0x5400,game
42032fc2807f7dec6de1ed6efb9d18a70668a015f23e32d58149c9d9952bc0a7,0x006058D0,0x0060590C,60,0x006058D0-0x0060590C,sub_6058D0,,0x5400,game
42032fc2807f7dec6de1ed6efb9d18a70668a015f23e32d58149c9d9952bc0a7,0x00605910,0x00605955,69,0x00605910-0x00605955,sub_605910,,0x5400,game
42032fc2807f7dec6de1ed6efb9d18a70668a015f23e32d58149c9d9952bc0a7,0x00605960,0x006059A6,70,0x00605960-0x006059A6,sub_605960,,0x5400,game
42032fc2807f7dec6de1ed6efb9d18a70668a015f23e32d58149c9d9952bc0a7,0x006059B0,0x00605A0D,93,0x006059B0-0x00605A0D,sub_6059B0,,0x5400,game
42032fc2807f7dec6de1ed6efb9d18a70668a015f23e32d58149c9d9952bc0a7,0x00605A10,0x00605A4D,61,0x00605A10-0x00605A4D,sub_605A10,,0x5400,game
42032fc2807f7dec6de1ed6efb9d18a70668a015f23e32d58149c9d9952bc0a7,0x00605A50,0x00605A8D,61,0x00605A50-0x00605A8D,sub_605A50,,0x5400,game
42032fc2807f7dec6de1ed6efb9d18a70668a015f23e32d58149c9d9952bc0a7,0x00605A90,0x00605ACD,61,0x00605A90-0x00605ACD,sub_605A90,,0x5400,game
42032fc2807f7dec6de1ed6efb9d18a70668a015f23e32d58149c9d9952bc0a7,0x00605AD0,0x00605B0D,61,0x00605AD0-0x00605B0D,sub_605AD0,,0x5400,game
42032fc2807f7dec6de1ed6efb9d18a70668a015f23e32d58149c9d9952bc0a7,0x00605B10,0x00605B74,100,0x00605B10-0x00605B74,sub_605B10,,0x5400,game
42032fc2807f7dec6de1ed6efb9d18a70668a015f23e32d58149c9d9952bc0a7,0x00605BE0,0x00605C2B,75,0x00605BE0-0x00605C2B,sub_605BE0,,0x5400,game
42032fc2807f7dec6de1ed6efb9d18a70668a015f23e32d58149c9d9952bc0a7,0x00605C30,0x00605C7B,75,0x00605C30-0x00605C7B,sub_605C30,,0x5400,game
42032fc2807f7dec6de1ed6efb9d18a70668a015f23e32d58149c9d9952bc0a7,0x00605C80,0x00605CCB,75,0x00605C80-0x00605CCB,sub_605C80,,0x5400,game
42032fc2807f7dec6de1ed6efb9d18a70668a015f23e32d58149c9d9952bc0a7,0x00605CD0,0x00605D1B,75,0x00605CD0-0x00605D1B,sub_605CD0,,0x5400,game
42032fc2807f7dec6de1ed6efb9d18a70668a015f23e32d58149c9d9952bc0a7,0x00605D20,0x00605D8A,106,0x00605D20-0x00605D8A,sub_605D20,,0x5400,game
42032fc2807f7dec6de1ed6efb9d18a70668a015f23e32d58149c9d9952bc0a7,0x00605D90,0x006061DB,1099,0x00605D90-0x006061DB,sub_605D90,,0x5400,game
42032fc2807f7dec6de1ed6efb9d18a70668a015f23e32d58149c9d9952bc0a7,0x006061E0,0x006062B8,216,0x006061E0-0x006062B8,sub_6061E0,,0x5400,game
42032fc2807f7dec6de1ed6efb9d18a70668a015f23e32d58149c9d9952bc0a7,0x006062C0,0x00606304,68,0x006062C0-0x00606304,sub_6062C0,,0x5400,game
42032fc2807f7dec6de1ed6efb9d18a70668a015f23e32d58149c9d9952bc0a7,0x00606310,0x00606313,3,0x00606310-0x00606313,nullsub_235,,0x5440,game
42032fc2807f7dec6de1ed6efb9d18a70668a015f23e32d58149c9d9952bc0a7,0x00606320,0x0060643E,286,0x00606320-0x0060643E,sub_606320,,0x5400,game
42032fc2807f7dec6de1ed6efb9d18a70668a015f23e32d58149c9d9952bc0a7,0x00606440,0x0060655C,284,0x00606440-0x0060655C,sub_606440,,0x5400,game
42032fc2807f7dec6de1ed6efb9d18a70668a015f23e32d58149c9d9952bc0a7,0x00606560,0x006066EC,396,0x00606560-0x006066EC,sub_606560,,0x5400,game
42032fc2807f7dec6de1ed6efb9d18a70668a015f23e32d58149c9d9952bc0a7,0x006066F0,0x00606854,356,0x006066F0-0x00606854,sub_6066F0,,0x5400,game
42032fc2807f7dec6de1ed6efb9d18a70668a015f23e32d58149c9d9952bc0a7,0x00606860,0x0060699B,315,0x00606860-0x0060699B,sub_606860,,0x5400,game
42032fc2807f7dec6de1ed6efb9d18a70668a015f23e32d58149c9d9952bc0a7,0x006069A0,0x00606B14,372,0x006069A0-0x00606B14,sub_6069A0,,0x5400,game
42032fc2807f7dec6de1ed6efb9d18a70668a015f23e32d58149c9d9952bc0a7,0x00606B20,0x00606C43,291,0x00606B20-0x00606C43,sub_606B20,,0x5400,game
42032fc2807f7dec6de1ed6efb9d18a70668a015f23e32d58149c9d9952bc0a7,0x00606C50,0x00606E9E,590,0x00606C50-0x00606E9E,sub_606C50,,0x5400,game
42032fc2807f7dec6de1ed6efb9d18a70668a015f23e32d58149c9d9952bc0a7,0x00606F00,0x00606F2B,43,0x00606F00-0x00606F2B,sub_606F00,,0x5400,game
42032fc2807f7dec6de1ed6efb9d18a70668a015f23e32d58149c9d9952bc0a7,0x00606F30,0x00607033,291,0x00606F30-0x00607033;0x00662E50-0x00662E70,sub_606F30,,0x5400,game
42032fc2807f7dec6de1ed6efb9d18a70668a015f23e32d58149c9d9952bc0a7,0x00607040,0x006070B9,167,0x00607040-0x006070B9;0x00662E70-0x00662E9E,sub_607040,,0x5400,game
42032fc2807f7dec6de1ed6efb9d18a70668a015f23e32d58149c9d9952bc0a7,0x006070C0,0x00607190,208,0x006070C0-0x00607190,sub_6070C0,,0x5400,game
42032fc2807f7dec6de1ed6efb9d18a70668a015f23e32d58149c9d9952bc0a7,0x00607190,0x0060720A,122,0x00607190-0x0060720A,sub_607190,,0x5400,game
42032fc2807f7dec6de1ed6efb9d18a70668a015f23e32d58149c9d9952bc0a7,0x00607210,0x00607352,322,0x00607210-0x00607352,sub_607210,"int __stdcall sub_607210(char *Str, int, int, int, int, int, int, int);",0x5400,game
42032fc2807f7dec6de1ed6efb9d18a70668a015f23e32d58149c9d9952bc0a7,0x00607360,0x0060739D,61,0x00607360-0x0060739D,sub_607360,,0x5400,game
42032fc2807f7dec6de1ed6efb9d18a70668a015f23e32d58149c9d9952bc0a7,0x006073A0,0x006073DD,61,0x006073A0-0x006073DD,sub_6073A0,,0x5400,game
42032fc2807f7dec6de1ed6efb9d18a70668a015f23e32d58149c9d9952bc0a7,0x006073E0,0x0060741D,61,0x006073E0-0x0060741D,sub_6073E0,,0x5400,game
42032fc2807f7dec6de1ed6efb9d18a70668a015f23e32d58149c9d9952bc0a7,0x00607420,0x00607447,39,0x00607420-0x00607447,sub_607420,,0x5400,game
42032fc2807f7dec6de1ed6efb9d18a70668a015f23e32d58149c9d9952bc0a7,0x00607450,0x00607477,39,0x00607450-0x00607477,sub_607450,,0x5400,game
42032fc2807f7dec6de1ed6efb9d18a70668a015f23e32d58149c9d9952bc0a7,0x00607480,0x006074A7,39,0x00607480-0x006074A7,sub_607480,,0x5400,game
42032fc2807f7dec6de1ed6efb9d18a70668a015f23e32d58149c9d9952bc0a7,0x006074B0,0x006074E0,48,0x006074B0-0x006074E0,sub_6074B0,,0x5400,game
42032fc2807f7dec6de1ed6efb9d18a70668a015f23e32d58149c9d9952bc0a7,0x006074E0,0x0060754D,109,0x006074E0-0x0060754D,sub_6074E0,int __stdcall sub_6074E0(char *Str);,0x5400,game
42032fc2807f7dec6de1ed6efb9d18a70668a015f23e32d58149c9d9952bc0a7,0x00607550,0x006075B7,103,0x00607550-0x006075B7,sub_607550,int __stdcall sub_607550(char *Str);,0x5400,game
42032fc2807f7dec6de1ed6efb9d18a70668a015f23e32d58149c9d9952bc0a7,0x006075C0,0x0060771C,348,0x006075C0-0x0060771C,sub_6075C0,"int __thiscall sub_6075C0(int, int, int);",0x5400,game
42032fc2807f7dec6de1ed6efb9d18a70668a015f23e32d58149c9d9952bc0a7,0x00607720,0x006077E6,198,0x00607720-0x006077E6,sub_607720,,0x5400,game
42032fc2807f7dec6de1ed6efb9d18a70668a015f23e32d58149c9d9952bc0a7,0x006077F0,0x006077F5,5,0x006077F0-0x006077F5,sub_6077F0,,0x5400,game
42032fc2807f7dec6de1ed6efb9d18a70668a015f23e32d58149c9d9952bc0a7,0x00607800,0x00607805,5,0x00607800-0x00607805,sub_607800,,0x5400,game
42032fc2807f7dec6de1ed6efb9d18a70668a015f23e32d58149c9d9952bc0a7,0x00607810,0x00607815,5,0x00607810-0x00607815,sub_607810,,0x5400,game
42032fc2807f7dec6de1ed6efb9d18a70668a015f23e32d58149c9d9952bc0a7,0x00607820,0x0060784D,45,0x00607820-0x0060784D,sub_607820,,0x5400,game
42032fc2807f7dec6de1ed6efb9d18a70668a015f23e32d58149c9d9952bc0a7,0x00607850,0x006079F3,419,0x00607850-0x006079F3,sub_607850,"int __thiscall sub_607850(int, int, int);",0x5400,game
42032fc2807f7dec6de1ed6efb9d18a70668a015f23e32d58149c9d9952bc0a7,0x00607A00,0x00607A14,20,0x00607A00-0x00607A14,sub_607A00,,0x5400,game
42032fc2807f7dec6de1ed6efb9d18a70668a015f23e32d58149c9d9952bc0a7,0x00607A20,0x00607AF3,211,0x00607A20-0x00607AF3,sub_607A20,,0x5400,game
42032fc2807f7dec6de1ed6efb9d18a70668a015f23e32d58149c9d9952bc0a7,0x00607B00,0x00607B0B,11,0x00607B00-0x00607B0B,sub_607B00,,0x5400,game
42032fc2807f7dec6de1ed6efb9d18a70668a015f23e32d58149c9d9952bc0a7,0x00607B10,0x00607B23,19,0x00607B10-0x00607B23,sub_607B10,,0x5400,game
42032fc2807f7dec6de1ed6efb9d18a70668a015f23e32d58149c9d9952bc0a7,0x00607B30,0x00607C29,249,0x00607B30-0x00607C29,sub_607B30,"int __thiscall sub_607B30(int, int);",0x5400,game
42032fc2807f7dec6de1ed6efb9d18a70668a015f23e32d58149c9d9952bc0a7,0x00607C80,0x00607CBD,61,0x00607C80-0x00607CBD,sub_607C80,,0x5400,game
42032fc2807f7dec6de1ed6efb9d18a70668a015f23e32d58149c9d9952bc0a7,0x00607CF0,0x00607D96,166,0x00607CF0-0x00607D96,sub_607CF0,void __thiscall sub_607CF0(void *);,0x5400,game
42032fc2807f7dec6de1ed6efb9d18a70668a015f23e32d58149c9d9952bc0a7,0x00607DA0,0x00607E41,161,0x00607DA0-0x00607E41,sub_607DA0,,0x5400,game
42032fc2807f7dec6de1ed6efb9d18a70668a015f23e32d58149c9d9952bc0a7,0x00607E50,0x006084F9,1705,0x00607E50-0x006084F9,sub_607E50,,0x5400,game
42032fc2807f7dec6de1ed6efb9d18a70668a015f23e32d58149c9d9952bc0a7,0x00608500,0x00608657,343,0x00608500-0x00608657,sub_608500,"int __thiscall sub_608500(int, int, int);",0x5400,game
42032fc2807f7dec6de1ed6efb9d18a70668a015f23e32d58149c9d9952bc0a7,0x00608660,0x006086EC,140,0x00608660-0x006086EC,sub_608660,,0x5400,game
42032fc2807f7dec6de1ed6efb9d18a70668a015f23e32d58149c9d9952bc0a7,0x006086F0,0x00608761,113,0x006086F0-0x00608761,sub_6086F0,,0x5400,game
42032fc2807f7dec6de1ed6efb9d18a70668a015f23e32d58149c9d9952bc0a7,0x00608770,0x0060879B,43,0x00608770-0x0060879B,sub_608770,,0x5400,game
42032fc2807f7dec6de1ed6efb9d18a70668a015f23e32d58149c9d9952bc0a7,0x006087A0,0x00608980,480,0x006087A0-0x00608980,sub_6087A0,,0x5400,game
42032fc2807f7dec6de1ed6efb9d18a70668a015f23e32d58149c9d9952bc0a7,0x00608980,0x00608B9B,560,0x00608980-0x00608B9B;0x00662EA0-0x00662EB5,sub_608980,"int __stdcall sub_608980(char *, char *String1, int, int);",0x5400,game
42032fc2807f7dec6de1ed6efb9d18a70668a015f23e32d58149c9d9952bc0a7,0x00608BA0,0x00608BFC,92,0x00608BA0-0x00608BFC,sub_608BA0,,0x5400,game
42032fc2807f7dec6de1ed6efb9d18a70668a015f23e32d58149c9d9952bc0a7,0x00608C00,0x00608C05,5,0x00608C00-0x00608C05,sub_608C00,,0x5480,thunk
42032fc2807f7dec6de1ed6efb9d18a70668a015f23e32d58149c9d9952bc0a7,0x00608C10,0x00608E09,505,0x00608C10-0x00608E09,sub_608C10,,0x5400,game
42032fc2807f7dec6de1ed6efb9d18a70668a015f23e32d58149c9d9952bc0a7,0x00608E10,0x00608F41,351,0x00608E10-0x00608F41;0x00662EC0-0x00662EEE,sub_608E10,,0x5400,game
42032fc2807f7dec6de1ed6efb9d18a70668a015f23e32d58149c9d9952bc0a7,0x00608F50,0x00609143,499,0x00608F50-0x00609143,sub_608F50,,0x5400,game
42032fc2807f7dec6de1ed6efb9d18a70668a015f23e32d58149c9d9952bc0a7,0x00609150,0x006092FB,427,0x00609150-0x006092FB,sub_609150,,0x5400,game
42032fc2807f7dec6de1ed6efb9d18a70668a015f23e32d58149c9d9952bc0a7,0x00609300,0x00609465,357,0x00609300-0x00609465,sub_609300,"int __stdcall sub_609300(int, int, int, int, size_t Size);",0x5400,game
42032fc2807f7dec6de1ed6efb9d18a70668a015f23e32d58149c9d9952bc0a7,0x00609470,0x006095EE,382,0x00609470-0x006095EE,sub_609470,"int __stdcall sub_609470(int, size_t Size);",0x5400,game
42032fc2807f7dec6de1ed6efb9d18a70668a015f23e32d58149c9d9952bc0a7,0x006095F0,0x00609730,320,0x006095F0-0x00609730,sub_6095F0,int __stdcall sub_6095F0(size_t Size);,0x5400,game
42032fc2807f7dec6de1ed6efb9d18a70668a015f23e32d58149c9d9952bc0a7,0x00609730,0x006097EE,190,0x00609730-0x006097EE,sub_609730,,0x5400,game
42032fc2807f7dec6de1ed6efb9d18a70668a015f23e32d58149c9d9952bc0a7,0x006097F0,0x006098C8,216,0x006097F0-0x006098C8,sub_6097F0,,0x5400,game
42032fc2807f7dec6de1ed6efb9d18a70668a015f23e32d58149c9d9952bc0a7,0x006098D0,0x0060996F,159,0x006098D0-0x0060996F,sub_6098D0,,0x5400,game
42032fc2807f7dec6de1ed6efb9d18a70668a015f23e32d58149c9d9952bc0a7,0x00609990,0x006099C4,52,0x00609990-0x006099C4,sub_609990,,0x5400,game
42032fc2807f7dec6de1ed6efb9d18a70668a015f23e32d58149c9d9952bc0a7,0x006099D0,0x00609A43,115,0x006099D0-0x00609A43,sub_6099D0,,0x5400,game
42032fc2807f7dec6de1ed6efb9d18a70668a015f23e32d58149c9d9952bc0a7,0x00609A50,0x00609AE6,150,0x00609A50-0x00609AE6,sub_609A50,,0x5400,game
42032fc2807f7dec6de1ed6efb9d18a70668a015f23e32d58149c9d9952bc0a7,0x00609AF0,0x00609B4B,91,0x00609AF0-0x00609B4B,sub_609AF0,,0x5400,game
42032fc2807f7dec6de1ed6efb9d18a70668a015f23e32d58149c9d9952bc0a7,0x00609B50,0x00609BEA,154,0x00609B50-0x00609BEA,sub_609B50,int __stdcall sub_609B50(int Number);,0x5400,game
42032fc2807f7dec6de1ed6efb9d18a70668a015f23e32d58149c9d9952bc0a7,0x00609BF0,0x00609C60,112,0x00609BF0-0x00609C60,sub_609BF0,"int __stdcall sub_609BF0(HWND hWndParent, UINT Msg, HWND hWnd, LPARAM lParam);",0x5400,game
42032fc2807f7dec6de1ed6efb9d18a70668a015f23e32d58149c9d9952bc0a7,0x00609C60,0x00609C8D,45,0x00609C60-0x00609C8D,sub_609C60,,0x5400,game
42032fc2807f7dec6de1ed6efb9d18a70668a015f23e32d58149c9d9952bc0a7,0x00609C90,0x00609CB8,40,0x00609C90-0x00609CB8,sub_609C90,,0x5400,game
42032fc2807f7dec6de1ed6efb9d18a70668a015f23e32d58149c9d9952bc0a7,0x00609CC0,0x00609CEB,43,0x00609CC0-0x00609CEB,sub_609CC0,,0x5400,game
42032fc2807f7dec6de1ed6efb9d18a70668a015f23e32d58149c9d9952bc0a7,0x00609CF0,0x00609D1B,43,0x00609CF0-0x00609D1B,sub_609CF0,,0x5400,game
42032fc2807f7dec6de1ed6efb9d18a70668a015f23e32d58149c9d9952bc0a7,0x00609D20,0x00609D50,48,0x00609D20-0x00609D50,sub_609D20,,0x5400,game
42032fc2807f7dec6de1ed6efb9d18a70668a015f23e32d58149c9d9952bc0a7,0x00609D50,0x00609D8C,60,0x00609D50-0x00609D8C,sub_609D50,,0x5400,game
42032fc2807f7dec6de1ed6efb9d18a70668a015f23e32d58149c9d9952bc0a7,0x00609DB0,0x00609EB7,299,0x00609DB0-0x00609EB7;0x00662EF0-0x00662F14,sub_609DB0,,0x5400,game
42032fc2807f7dec6de1ed6efb9d18a70668a015f23e32d58149c9d9952bc0a7,0x00609EC0,0x00609F13,83,0x00609EC0-0x00609F13,sub_609EC0,,0x5400,game
42032fc2807f7dec6de1ed6efb9d18a70668a015f23e32d58149c9d9952bc0a7,0x00609F20,0x00609F9D,125,0x00609F20-0x00609F9D,sub_609F20,,0x5400,game
42032fc2807f7dec6de1ed6efb9d18a70668a015f23e32d58149c9d9952bc0a7,0x00609FA0,0x0060A013,115,0x00609FA0-0x0060A013,sub_609FA0,,0x5400,game
42032fc2807f7dec6de1ed6efb9d18a70668a015f23e32d58149c9d9952bc0a7,0x0060A020,0x0060A1DD,445,0x0060A020-0x0060A1DD,sub_60A020,"int __stdcall sub_60A020(int Number, int);",0x5400,game
42032fc2807f7dec6de1ed6efb9d18a70668a015f23e32d58149c9d9952bc0a7,0x0060A1E0,0x0060A66B,1163,0x0060A1E0-0x0060A66B,sub_60A1E0,,0x5400,game
42032fc2807f7dec6de1ed6efb9d18a70668a015f23e32d58149c9d9952bc0a7,0x0060A670,0x0060AA15,933,0x0060A670-0x0060AA15,sub_60A670,,0x5400,game
42032fc2807f7dec6de1ed6efb9d18a70668a015f23e32d58149c9d9952bc0a7,0x0060AA60,0x0060AF84,1316,0x0060AA60-0x0060AF84,sub_60AA60,,0x5400,game
42032fc2807f7dec6de1ed6efb9d18a70668a015f23e32d58149c9d9952bc0a7,0x0060AF90,0x0060B4D5,1349,0x0060AF90-0x0060B4D5,sub_60AF90,,0x5400,game
42032fc2807f7dec6de1ed6efb9d18a70668a015f23e32d58149c9d9952bc0a7,0x0060B530,0x0060C1D8,3240,0x0060B530-0x0060C1D8,sub_60B530,int __stdcall sub_60B530(int Number);,0x5400,game
42032fc2807f7dec6de1ed6efb9d18a70668a015f23e32d58149c9d9952bc0a7,0x0060C1E0,0x0060C33F,351,0x0060C1E0-0x0060C33F,sub_60C1E0,,0x5400,game
42032fc2807f7dec6de1ed6efb9d18a70668a015f23e32d58149c9d9952bc0a7,0x0060C350,0x0060C5C4,628,0x0060C350-0x0060C5C4,sub_60C350,,0x5400,game
42032fc2807f7dec6de1ed6efb9d18a70668a015f23e32d58149c9d9952bc0a7,0x0060C5D0,0x0060C691,193,0x0060C5D0-0x0060C691,sub_60C5D0,,0x5400,game
42032fc2807f7dec6de1ed6efb9d18a70668a015f23e32d58149c9d9952bc0a7,0x0060C710,0x0060C7BB,171,0x0060C710-0x0060C7BB,sub_60C710,,0x5400,game
42032fc2807f7dec6de1ed6efb9d18a70668a015f23e32d58149c9d9952bc0a7,0x0060C7C0,0x0060C7C3,3,0x0060C7C0-0x0060C7C3,nullsub_27,,0x5440,game
42032fc2807f7dec6de1ed6efb9d18a70668a015f23e32d58149c9d9952bc0a7,0x0060C7D0,0x0060C920,336,0x0060C7D0-0x0060C920,sub_60C7D0,int __stdcall sub_60C7D0(char *String2);,0x5400,game
42032fc2807f7dec6de1ed6efb9d18a70668a015f23e32d58149c9d9952bc0a7,0x0060C920,0x0060C9A9,137,0x0060C920-0x0060C9A9,sub_60C920,"int __stdcall sub_60C920(char *Str, int);",0x5400,game
42032fc2807f7dec6de1ed6efb9d18a70668a015f23e32d58149c9d9952bc0a7,0x0060C9B0,0x0060CB63,435,0x0060C9B0-0x0060CB63,sub_60C9B0,,0x5400,game
42032fc2807f7dec6de1ed6efb9d18a70668a015f23e32d58149c9d9952bc0a7,0x0060CB70,0x0060CBBA,74,0x0060CB70-0x0060CBBA,sub_60CB70,,0x5400,game
42032fc2807f7dec6de1ed6efb9d18a70668a015f23e32d58149c9d9952bc0a7,0x0060CBC0,0x0060CE0B,587,0x0060CBC0-0x0060CE0B,sub_60CBC0,,0x5400,game
42032fc2807f7dec6de1ed6efb9d18a70668a015f23e32d58149c9d9952bc0a7,0x0060CE10,0x0060CE38,40,0x0060CE10-0x0060CE38,sub_60CE10,,0x5400,game
42032fc2807f7dec6de1ed6efb9d18a70668a015f23e32d58149c9d9952bc0a7,0x0060CED0,0x0060CF01,49,0x0060CED0-0x0060CF01,sub_60CED0,,0x5400,game
42032fc2807f7dec6de1ed6efb9d18a70668a015f23e32d58149c9d9952bc0a7,0x0060CF10,0x0060CF4D,61,0x0060CF10-0x0060CF4D,sub_60CF10,,0x5400,game
42032fc2807f7dec6de1ed6efb9d18a70668a015f23e32d58149c9d9952bc0a7,0x0060CF50,0x0060CF58,8,0x0060CF50-0x0060CF58,sub_60CF50,,0x5400,game
42032fc2807f7dec6de1ed6efb9d18a70668a015f23e32d58149c9d9952bc0a7,0x0060CF60,0x0060CF68,8,0x0060CF60-0x0060CF68,sub_60CF60,,0x5400,game
42032fc2807f7dec6de1ed6efb9d18a70668a015f23e32d58149c9d9952bc0a7,0x0060CF70,0x0060CF78,8,0x0060CF70-0x0060CF78,sub_60CF70,,0x5400,game
42032fc2807f7dec6de1ed6efb9d18a70668a015f23e32d58149c9d9952bc0a7,0x0060CF80,0x0060CF88,8,0x0060CF80-0x0060CF88,sub_60CF80,,0x5400,game
42032fc2807f7dec6de1ed6efb9d18a70668a015f23e32d58149c9d9952bc0a7,0x0060CF90,0x0060CF98,8,0x0060CF90-0x0060CF98,sub_60CF90,,0x5400,game
42032fc2807f7dec6de1ed6efb9d18a70668a015f23e32d58149c9d9952bc0a7,0x0060CFA0,0x0060CFA8,58,0x0060AA20-0x0060AA52;0x0060CFA0-0x0060CFA8,sub_60CFA0,,0x5400,game
42032fc2807f7dec6de1ed6efb9d18a70668a015f23e32d58149c9d9952bc0a7,0x0060CFB0,0x0060CFB8,8,0x0060CFB0-0x0060CFB8,sub_60CFB0,,0x5400,game
42032fc2807f7dec6de1ed6efb9d18a70668a015f23e32d58149c9d9952bc0a7,0x0060CFC0,0x0060CFC8,8,0x0060CFC0-0x0060CFC8,sub_60CFC0,,0x5400,game
42032fc2807f7dec6de1ed6efb9d18a70668a015f23e32d58149c9d9952bc0a7,0x0060CFD0,0x0060CFD8,58,0x0060C6D0-0x0060C702;0x0060CFD0-0x0060CFD8,sub_60CFD0,,0x5400,game
42032fc2807f7dec6de1ed6efb9d18a70668a015f23e32d58149c9d9952bc0a7,0x0060CFE0,0x0060CFE8,41,0x0060C6A0-0x0060C6C1;0x0060CFE0-0x0060CFE8,sub_60CFE0,,0x5400,game
42032fc2807f7dec6de1ed6efb9d18a70668a015f23e32d58149c9d9952bc0a7,0x0060CFF0,0x0060CFF8,8,0x0060CFF0-0x0060CFF8,sub_60CFF0,,0x5400,game
42032fc2807f7dec6de1ed6efb9d18a70668a015f23e32d58149c9d9952bc0a7,0x0060D000,0x0060D008,8,0x0060D000-0x0060D008,sub_60D000,,0x5400,game
42032fc2807f7dec6de1ed6efb9d18a70668a015f23e32d58149c9d9952bc0a7,0x0060D040,0x0060D048,8,0x0060D040-0x0060D048,sub_60D040,,0x5400,game
42032fc2807f7dec6de1ed6efb9d18a70668a015f23e32d58149c9d9952bc0a7,0x0060D050,0x0060D05E,14,0x0060D050-0x0060D05E,sub_60D050,,0x5400,game
42032fc2807f7dec6de1ed6efb9d18a70668a015f23e32d58149c9d9952bc0a7,0x0060D060,0x0060D076,22,0x0060D060-0x0060D076,sub_60D060,,0x5400,game
42032fc2807f7dec6de1ed6efb9d18a70668a015f23e32d58149c9d9952bc0a7,0x0060D080,0x0060D09F,31,0x0060D080-0x0060D09F,sub_60D080,void __cdecl sub_60D080();,0x5400,game
42032fc2807f7dec6de1ed6efb9d18a70668a015f23e32d58149c9d9952bc0a7,0x0060D0A0,0x0060D0B6,22,0x0060D0A0-0x0060D0B6,sub_60D0A0,,0x5400,game
42032fc2807f7dec6de1ed6efb9d18a70668a015f23e32d58149c9d9952bc0a7,0x0060D0C0,0x0060D0DF,31,0x0060D0C0-0x0060D0DF,sub_60D0C0,void __cdecl sub_60D0C0();,0x5400,game
42032fc2807f7dec6de1ed6efb9d18a70668a015f23e32d58149c9d9952bc0a7,0x0060D0E0,0x0060D1A2,230,0x0060D0E0-0x0060D1A2;0x00662F20-0x00662F44,sub_60D0E0,,0x5400,game
42032fc2807f7dec6de1ed6efb9d18a70668a015f23e32d58149c9d9952bc0a7,0x0060D1B0,0x0060D1E6,54,0x0060D1B0-0x0060D1E6,sub_60D1B0,,0x5400,game
42032fc2807f7dec6de1ed6efb9d18a70668a015f23e32d58149c9d9952bc0a7,0x0060D1F0,0x0060D377,391,0x0060D1F0-0x0060D377,sub_60D1F0,,0x5400,game
42032fc2807f7dec6de1ed6efb9d18a70668a015f23e32d58149c9d9952bc0a7,0x0060D380,0x0060D745,965,0x0060D380-0x0060D745,sub_60D380,,0x5400,game
42032fc2807f7dec6de1ed6efb9d18a70668a015f23e32d58149c9d9952bc0a7,0x0060D750,0x0060DE08,1720,0x0060D750-0x0060DE08,sub_60D750,"int __stdcall sub_60D750(int Number, int);",0x5400,game
42032fc2807f7dec6de1ed6efb9d18a70668a015f23e32d58149c9d9952bc0a7,0x0060DE10,0x0060E01B,523,0x0060DE10-0x0060E01B,sub_60DE10,,0x5400,game
42032fc2807f7dec6de1ed6efb9d18a70668a015f23e32d58149c9d9952bc0a7,0x0060E020,0x0060E183,355,0x0060E020-0x0060E183,sub_60E020,,0x5400,game
42032fc2807f7dec6de1ed6efb9d18a70668a015f23e32d58149c9d9952bc0a7,0x0060E1E0,0x0060E217,55,0x0060E1E0-0x0060E217,sub_60E1E0,,0x5400,game
42032fc2807f7dec6de1ed6efb9d18a70668a015f23e32d58149c9d9952bc0a7,0x0060E220,0x0060E2FE,222,0x0060E220-0x0060E2FE,sub_60E220,,0x5400,game
42032fc2807f7dec6de1ed6efb9d18a70668a015f23e32d58149c9d9952bc0a7,0x0060E300,0x0060E317,23,0x0060E300-0x0060E317,sub_60E300,,0x5400,game
42032fc2807f7dec6de1ed6efb9d18a70668a015f23e32d58149c9d9952bc0a7,0x0060E320,0x0060E494,372,0x0060E320-0x0060E494,sub_60E320,,0x5400,game
42032fc2807f7dec6de1ed6efb9d18a70668a015f23e32d58149c9d9952bc0a7,0x0060E4A0,0x0060E4C8,40,0x0060E4A0-0x0060E4C8,sub_60E4A0,,0x5400,game
42032fc2807f7dec6de1ed6efb9d18a70668a015f23e32d58149c9d9952bc0a7,0x0060E4D0,0x0060E5C2,263,0x0060E4D0-0x0060E5C2;0x00662F44-0x00662F59,sub_60E4D0,,0x5400,game
42032fc2807f7dec6de1ed6efb9d18a70668a015f23e32d58149c9d9952bc0a7,0x0060E5D0,0x0060E5E4,20,0x0060E5D0-0x0060E5E4,unknown_libname_290,,0x5444,library
42032fc2807f7dec6de1ed6efb9d18a70668a015f23e32d58149c9d9952bc0a7,0x0060E5F0,0x0060E606,22,0x0060E5F0-0x0060E606,sub_60E5F0,,0x5400,game
42032fc2807f7dec6de1ed6efb9d18a70668a015f23e32d58149c9d9952bc0a7,0x0060E610,0x0060E62F,31,0x0060E610-0x0060E62F,sub_60E610,void __cdecl sub_60E610();,0x5400,game
42032fc2807f7dec6de1ed6efb9d18a70668a015f23e32d58149c9d9952bc0a7,0x0060E630,0x0060E646,22,0x0060E630-0x0060E646,sub_60E630,,0x5400,game
42032fc2807f7dec6de1ed6efb9d18a70668a015f23e32d58149c9d9952bc0a7,0x0060E650,0x0060E66F,31,0x0060E650-0x0060E66F,sub_60E650,void __cdecl sub_60E650();,0x5400,game
42032fc2807f7dec6de1ed6efb9d18a70668a015f23e32d58149c9d9952bc0a7,0x0060E670,0x0060E735,233,0x0060E670-0x0060E735;0x00662F60-0x00662F84,sub_60E670,,0x5400,game
42032fc2807f7dec6de1ed6efb9d18a70668a015f23e32d58149c9d9952bc0a7,0x0060E740,0x0060E7C0,128,0x0060E740-0x0060E7C0,sub_60E740,,0x5400,game
42032fc2807f7dec6de1ed6efb9d18a70668a015f23e32d58149c9d9952bc0a7,0x0060E7C0,0x0060E7F9,57,0x0060E7C0-0x0060E7F9,sub_60E7C0,,0x5400,game
42032fc2807f7dec6de1ed6efb9d18a70668a015f23e32d58149c9d9952bc0a7,0x0060E800,0x0060E97F,383,0x0060E800-0x0060E97F,sub_60E800,,0x5400,game
42032fc2807f7dec6de1ed6efb9d18a70668a015f23e32d58149c9d9952bc0a7,0x0060E980,0x0060EA0D,141,0x0060E980-0x0060EA0D,sub_60E980,,0x5400,game
42032fc2807f7dec6de1ed6efb9d18a70668a015f23e32d58149c9d9952bc0a7,0x0060EA10,0x0060EB48,312,0x0060EA10-0x0060EB48,sub_60EA10,,0x5400,game
42032fc2807f7dec6de1ed6efb9d18a70668a015f23e32d58149c9d9952bc0a7,0x0060EB80,0x0060EC0B,139,0x0060EB80-0x0060EC0B,sub_60EB80,,0x5400,game
42032fc2807f7dec6de1ed6efb9d18a70668a015f23e32d58149c9d9952bc0a7,0x0060EC10,0x0060EC79,105,0x0060EC10-0x0060EC79,sub_60EC10,,0x5400,game
42032fc2807f7dec6de1ed6efb9d18a70668a015f23e32d58149c9d9952bc0a7,0x0060ECC0,0x0060ECE0,32,0x0060ECC0-0x0060ECE0,sub_60ECC0,,0x5400,game
42032fc2807f7dec6de1ed6efb9d18a70668a015f23e32d58149c9d9952bc0a7,0x0060ECE0,0x0060ED03,35,0x0060ECE0-0x0060ED03,sub_60ECE0,,0x5400,game
42032fc2807f7dec6de1ed6efb9d18a70668a015f23e32d58149c9d9952bc0a7,0x0060ED10,0x0060F02B,795,0x0060ED10-0x0060F02B,sub_60ED10,,0x5400,game
42032fc2807f7dec6de1ed6efb9d18a70668a015f23e32d58149c9d9952bc0a7,0x0060F030,0x0060F6FF,1743,0x0060F030-0x0060F6FF,sub_60F030,"int __stdcall sub_60F030(int Number, int, int);",0x5400,game
42032fc2807f7dec6de1ed6efb9d18a70668a015f23e32d58149c9d9952bc0a7,0x0060F700,0x0060F8B0,432,0x0060F700-0x0060F8B0,sub_60F700,,0x5400,game
42032fc2807f7dec6de1ed6efb9d18a70668a015f23e32d58149c9d9952bc0a7,0x0060F8B0,0x0060FA18,360,0x0060F8B0-0x0060FA18,sub_60F8B0,,0x5400,game
42032fc2807f7dec6de1ed6efb9d18a70668a015f23e32d58149c9d9952bc0a7,0x0060FA80,0x0060FAAD,45,0x0060FA80-0x0060FAAD,sub_60FA80,,0x5400,game
42032fc2807f7dec6de1ed6efb9d18a70668a015f23e32d58149c9d9952bc0a7,0x0060FAB0,0x0060FB8D,221,0x0060FAB0-0x0060FB8D,sub_60FAB0,,0x5400,game
42032fc2807f7dec6de1ed6efb9d18a70668a015f23e32d58149c9d9952bc0a7,0x0060FB90,0x0060FBA7,23,0x0060FB90-0x0060FBA7,sub_60FB90,,0x5400,game
42032fc2807f7dec6de1ed6efb9d18a70668a015f23e32d58149c9d9952bc0a7,0x0060FBB0,0x0060FC2B,123,0x0060FBB0-0x0060FC2B,sub_60FBB0,,0x5400,game
42032fc2807f7dec6de1ed6efb9d18a70668a015f23e32d58149c9d9952bc0a7,0x0060FC30,0x0060FC58,40,0x0060FC30-0x0060FC58,sub_60FC30,,0x5400,game
42032fc2807f7dec6de1ed6efb9d18a70668a015f23e32d58149c9d9952bc0a7,0x0060FC60,0x0060FD52,263,0x0060FC60-0x0060FD52;0x00662F84-0x00662F99,sub_60FC60,,0x5400,game
42032fc2807f7dec6de1ed6efb9d18a70668a015f23e32d58149c9d9952bc0a7,0x0060FD60,0x0060FD74,20,0x0060FD60-0x0060FD74,unknown_libname_291,,0x5444,library
42032fc2807f7dec6de1ed6efb9d18a70668a015f23e32d58149c9d9952bc0a7,0x0060FE40,0x0060FE48,8,0x0060FE40-0x0060FE48,sub_60FE40,,0x5400,game
42032fc2807f7dec6de1ed6efb9d18a70668a015f23e32d58149c9d9952bc0a7,0x0060FE50,0x0060FE58,8,0x0060FE50-0x0060FE58,sub_60FE50,,0x5400,game
42032fc2807f7dec6de1ed6efb9d18a70668a015f23e32d58149c9d9952bc0a7,0x0060FE60,0x0060FE68,8,0x0060FE60-0x0060FE68,sub_60FE60,,0x5400,game
42032fc2807f7dec6de1ed6efb9d18a70668a015f23e32d58149c9d9952bc0a7,0x0060FE70,0x0060FE78,8,0x0060FE70-0x0060FE78,sub_60FE70,,0x5400,game
42032fc2807f7dec6de1ed6efb9d18a70668a015f23e32d58149c9d9952bc0a7,0x0060FE80,0x0060FE88,8,0x0060FE80-0x0060FE88,sub_60FE80,,0x5400,game
42032fc2807f7dec6de1ed6efb9d18a70668a015f23e32d58149c9d9952bc0a7,0x0060FE90,0x0060FE98,8,0x0060FE90-0x0060FE98,sub_60FE90,,0x5400,game
42032fc2807f7dec6de1ed6efb9d18a70668a015f23e32d58149c9d9952bc0a7,0x0060FEA0,0x0060FEA8,8,0x0060FEA0-0x0060FEA8,sub_60FEA0,,0x5400,game
42032fc2807f7dec6de1ed6efb9d18a70668a015f23e32d58149c9d9952bc0a7,0x0060FEE0,0x0060FEE8,8,0x0060FEE0-0x0060FEE8,sub_60FEE0,,0x5400,game
42032fc2807f7dec6de1ed6efb9d18a70668a015f23e32d58149c9d9952bc0a7,0x0060FEF0,0x0060FEFE,14,0x0060FEF0-0x0060FEFE,sub_60FEF0,,0x5400,game
42032fc2807f7dec6de1ed6efb9d18a70668a015f23e32d58149c9d9952bc0a7,0x0060FF00,0x0061011B,656,0x0060FF00-0x0061011B;0x006116C0-0x006116DB;0x00662FA0-0x00662FFA,sub_60FF00,,0x5400,game
42032fc2807f7dec6de1ed6efb9d18a70668a015f23e32d58149c9d9952bc0a7,0x00610120,0x00610274,399,0x00610120-0x00610274;0x006116C0-0x006116DB;0x00662FFA-0x0066301A,sub_610120,,0x5400,game
42032fc2807f7dec6de1ed6efb9d18a70668a015f23e32d58149c9d9952bc0a7,0x00610280,0x00610416,406,0x00610280-0x00610416,sub_610280,,0x5400,game
42032fc2807f7dec6de1ed6efb9d18a70668a015f23e32d58149c9d9952bc0a7,0x00610420,0x0061043D,29,0x00610420-0x0061043D,sub_610420,int __stdcall sub_610420(size_t Size);,0x5400,game
42032fc2807f7dec6de1ed6efb9d18a70668a015f23e32d58149c9d9952bc0a7,0x00610440,0x00610471,49,0x00610440-0x00610471,sub_610440,"int __stdcall sub_610440(int, int, int, int, size_t Size);",0x5400,game
42032fc2807f7dec6de1ed6efb9d18a70668a015f23e32d58149c9d9952bc0a7,0x00610480,0x006104A2,34,0x00610480-0x006104A2,sub_610480,"int __stdcall sub_610480(int, size_t Size);",0x5400,game
42032fc2807f7dec6de1ed6efb9d18a70668a015f23e32d58149c9d9952bc0a7,0x006104B0,0x006104CD,29,0x006104B0-0x006104CD,sub_6104B0,,0x5400,game
42032fc2807f7dec6de1ed6efb9d18a70668a015f23e32d58149c9d9952bc0a7,0x006104D0,0x00610501,49,0x006104D0-0x00610501,sub_6104D0,,0x5400,game
42032fc2807f7dec6de1ed6efb9d18a70668a015f23e32d58149c9d9952bc0a7,0x00610510,0x00610532,34,0x00610510-0x00610532,sub_610510,,0x5400,game
42032fc2807f7dec6de1ed6efb9d18a70668a015f23e32d58149c9d9952bc0a7,0x00610540,0x006108D5,917,0x00610540-0x006108D5,sub_610540,,0x5400,game
42032fc2807f7dec6de1ed6efb9d18a70668a015f23e32d58149c9d9952bc0a7,0x006108E0,0x00610965,133,0x006108E0-0x00610965,sub_6108E0,,0x5400,game
42032fc2807f7dec6de1ed6efb9d18a70668a015f23e32d58149c9d9952bc0a7,0x00610970,0x00610C4A,730,0x00610970-0x00610C4A,sub_610970,,0x5400,game
42032fc2807f7dec6de1ed6efb9d18a70668a015f23e32d58149c9d9952bc0a7,0x00610C50,0x0061103B,1003,0x00610C50-0x0061103B,sub_610C50,int __stdcall sub_610C50(int Number);,0x5400,game
42032fc2807f7dec6de1ed6efb9d18a70668a015f23e32d58149c9d9952bc0a7,0x00611040,0x00611043,3,0x00611040-0x00611043,nullsub_25,,0x5440,game
42032fc2807f7dec6de1ed6efb9d18a70668a015f23e32d58149c9d9952bc0a7,0x00611050,0x00611053,3,0x00611050-0x00611053,nullsub_26,,0x5440,game
42032fc2807f7dec6de1ed6efb9d18a70668a015f23e32d58149c9d9952bc0a7,0x00611060,0x0061114A,234,0x00611060-0x0061114A,sub_611060,,0x5400,game
42032fc2807f7dec6de1ed6efb9d18a70668a015f23e32d58149c9d9952bc0a7,0x00611150,0x006111A0,80,0x00611150-0x006111A0,sub_611150,,0x5400,game
42032fc2807f7dec6de1ed6efb9d18a70668a015f23e32d58149c9d9952bc0a7,0x006111A0,0x006111F0,80,0x006111A0-0x006111F0,sub_6111A0,,0x5400,game
42032fc2807f7dec6de1ed6efb9d18a70668a015f23e32d58149c9d9952bc0a7,0x006111F0,0x00611240,80,0x006111F0-0x00611240,sub_6111F0,,0x5400,game
42032fc2807f7dec6de1ed6efb9d18a70668a015f23e32d58149c9d9952bc0a7,0x00611240,0x00611290,80,0x00611240-0x00611290,sub_611240,,0x5400,game
42032fc2807f7dec6de1ed6efb9d18a70668a015f23e32d58149c9d9952bc0a7,0x00611290,0x006112E0,80,0x00611290-0x006112E0,sub_611290,,0x5400,game
42032fc2807f7dec6de1ed6efb9d18a70668a015f23e32d58149c9d9952bc0a7,0x006112E0,0x00611330,80,0x006112E0-0x00611330,sub_6112E0,,0x5400,game
42032fc2807f7dec6de1ed6efb9d18a70668a015f23e32d58149c9d9952bc0a7,0x00611330,0x00611380,80,0x00611330-0x00611380,sub_611330,,0x5400,game
42032fc2807f7dec6de1ed6efb9d18a70668a015f23e32d58149c9d9952bc0a7,0x00611380,0x006113F9,121,0x00611380-0x006113F9,sub_611380,,0x5400,game
42032fc2807f7dec6de1ed6efb9d18a70668a015f23e32d58149c9d9952bc0a7,0x00611400,0x00611580,384,0x00611400-0x00611580,sub_611400,,0x5400,game
42032fc2807f7dec6de1ed6efb9d18a70668a015f23e32d58149c9d9952bc0a7,0x006115E0,0x00611600,32,0x006115E0-0x00611600,sub_6115E0,,0x5400,game
42032fc2807f7dec6de1ed6efb9d18a70668a015f23e32d58149c9d9952bc0a7,0x00611600,0x00611640,64,0x00611600-0x00611640,sub_611600,,0x5400,game
42032fc2807f7dec6de1ed6efb9d18a70668a015f23e32d58149c9d9952bc0a7,0x00611640,0x006116B6,118,0x00611640-0x006116B6,sub_611640,int __stdcall sub_611640(int Number);,0x5400,game
42032fc2807f7dec6de1ed6efb9d18a70668a015f23e32d58149c9d9952bc0a7,0x00611730,0x006117C3,147,0x00611730-0x006117C3,sub_611730,,0x5400,game
42032fc2807f7dec6de1ed6efb9d18a70668a015f23e32d58149c9d9952bc0a7,0x00611820,0x00611828,8,0x00611820-0x00611828,sub_611820,,0x5400,game
42032fc2807f7dec6de1ed6efb9d18a70668a015f23e32d58149c9d9952bc0a7,0x00611830,0x00611838,8,0x00611830-0x00611838,sub_611830,,0x5400,game
42032fc2807f7dec6de1ed6efb9d18a70668a015f23e32d58149c9d9952bc0a7,0x00611840,0x00611848,8,0x00611840-0x00611848,sub_611840,,0x5400,game
42032fc2807f7dec6de1ed6efb9d18a70668a015f23e32d58149c9d9952bc0a7,0x00611850,0x00611858,8,0x00611850-0x00611858,sub_611850,,0x5400,game
42032fc2807f7dec6de1ed6efb9d18a70668a015f23e32d58149c9d9952bc0a7,0x00611860,0x00611868,8,0x00611860-0x00611868,sub_611860,,0x5400,game
42032fc2807f7dec6de1ed6efb9d18a70668a015f23e32d58149c9d9952bc0a7,0x00611870,0x00611878,8,0x00611870-0x00611878,sub_611870,,0x5400,game
42032fc2807f7dec6de1ed6efb9d18a70668a015f23e32d58149c9d9952bc0a7,0x00611880,0x00611888,8,0x00611880-0x00611888,sub_611880,,0x5400,game
42032fc2807f7dec6de1ed6efb9d18a70668a015f23e32d58149c9d9952bc0a7,0x00611890,0x00611898,8,0x00611890-0x00611898,sub_611890,,0x5400,game
42032fc2807f7dec6de1ed6efb9d18a70668a015f23e32d58149c9d9952bc0a7,0x006118A0,0x006118A8,8,0x006118A0-0x006118A8,sub_6118A0,,0x5400,game
42032fc2807f7dec6de1ed6efb9d18a70668a015f23e32d58149c9d9952bc0a7,0x006118B0,0x006118B8,8,0x006118B0-0x006118B8,sub_6118B0,,0x5400,game
42032fc2807f7dec6de1ed6efb9d18a70668a015f23e32d58149c9d9952bc0a7,0x006118C0,0x006118C8,8,0x006118C0-0x006118C8,sub_6118C0,,0x5400,game
42032fc2807f7dec6de1ed6efb9d18a70668a015f23e32d58149c9d9952bc0a7,0x006118D0,0x006118D8,8,0x006118D0-0x006118D8,sub_6118D0,,0x5400,game
42032fc2807f7dec6de1ed6efb9d18a70668a015f23e32d58149c9d9952bc0a7,0x006118E0,0x006118E8,8,0x006118E0-0x006118E8,sub_6118E0,,0x5400,game
42032fc2807f7dec6de1ed6efb9d18a70668a015f23e32d58149c9d9952bc0a7,0x00611920,0x00611928,8,0x00611920-0x00611928,sub_611920,,0x5400,game
42032fc2807f7dec6de1ed6efb9d18a70668a015f23e32d58149c9d9952bc0a7,0x00611930,0x0061193E,14,0x00611930-0x0061193E,sub_611930,,0x5400,game
42032fc2807f7dec6de1ed6efb9d18a70668a015f23e32d58149c9d9952bc0a7,0x00611940,0x00611A15,252,0x00611940-0x00611A15;0x00663020-0x00663047,sub_611940,,0x5400,game
42032fc2807f7dec6de1ed6efb9d18a70668a015f23e32d58149c9d9952bc0a7,0x00611A20,0x00611A88,104,0x00611A20-0x00611A88,sub_611A20,,0x5400,game
42032fc2807f7dec6de1ed6efb9d18a70668a015f23e32d58149c9d9952bc0a7,0x00611A90,0x00611AF0,96,0x00611A90-0x00611AF0,sub_611A90,,0x5400,game
42032fc2807f7dec6de1ed6efb9d18a70668a015f23e32d58149c9d9952bc0a7,0x00611AF0,0x00611F79,1182,0x00611AF0-0x00611F79;0x00663047-0x0066305C,sub_611AF0,,0x5400,game
42032fc2807f7dec6de1ed6efb9d18a70668a015f23e32d58149c9d9952bc0a7,0x00611F80,0x00612040,192,0x00611F80-0x00612040,sub_611F80,"int __stdcall sub_611F80(int, char *Str, int);",0x5400,game
42032fc2807f7dec6de1ed6efb9d18a70668a015f23e32d58149c9d9952bc0a7,0x00612060,0x00612079,25,0x00612060-0x00612079,sub_612060,,0x5400,game
42032fc2807f7dec6de1ed6efb9d18a70668a015f23e32d58149c9d9952bc0a7,0x006120B0,0x006120C3,19,0x006120B0-0x006120C3,sub_6120B0,,0x5400,game
42032fc2807f7dec6de1ed6efb9d18a70668a015f23e32d58149c9d9952bc0a7,0x006120D0,0x00612144,116,0x006120D0-0x00612144,sub_6120D0,"int __stdcall sub_6120D0(char *Str, int);",0x5400,game
42032fc2807f7dec6de1ed6efb9d18a70668a015f23e32d58149c9d9952bc0a7,0x00612150,0x0061244A,762,0x00612150-0x0061244A,sub_612150,,0x5400,game
42032fc2807f7dec6de1ed6efb9d18a70668a015f23e32d58149c9d9952bc0a7,0x00612450,0x00612669,537,0x00612450-0x00612669,sub_612450,,0x5400,game
42032fc2807f7dec6de1ed6efb9d18a70668a015f23e32d58149c9d9952bc0a7,0x00612670,0x006126B6,70,0x00612670-0x006126B6,sub_612670,,0x5400,game
42032fc2807f7dec6de1ed6efb9d18a70668a015f23e32d58149c9d9952bc0a7,0x006127B0,0x006127B8,8,0x006127B0-0x006127B8,sub_6127B0,,0x5400,game
42032fc2807f7dec6de1ed6efb9d18a70668a015f23e32d58149c9d9952bc0a7,0x006127C0,0x006127C8,8,0x006127C0-0x006127C8,sub_6127C0,,0x5400,game
42032fc2807f7dec6de1ed6efb9d18a70668a015f23e32d58149c9d9952bc0a7,0x006127D0,0x006127D8,64,0x006126C0-0x006126F8;0x006127D0-0x006127D8,sub_6127D0,,0x5400,game
42032fc2807f7dec6de1ed6efb9d18a70668a015f23e32d58149c9d9952bc0a7,0x00612810,0x00612818,8,0x00612810-0x00612818,sub_612810,,0x5400,game
42032fc2807f7dec6de1ed6efb9d18a70668a015f23e32d58149c9d9952bc0a7,0x00612820,0x0061282E,14,0x00612820-0x0061282E,sub_612820,,0x5400,game
42032fc2807f7dec6de1ed6efb9d18a70668a015f23e32d58149c9d9952bc0a7,0x00612830,0x0061295F,418,0x00612830-0x0061295F;0x00663060-0x006630D3,sub_612830,,0x5400,game
42032fc2807f7dec6de1ed6efb9d18a70668a015f23e32d58149c9d9952bc0a7,0x00612960,0x00612961,1,0x00612960-0x00612961,nullsub_13,,0x5440,game
42032fc2807f7dec6de1ed6efb9d18a70668a015f23e32d58149c9d9952bc0a7,0x00612970,0x00612A48,216,0x00612970-0x00612A48,sub_612970,,0x5400,game
42032fc2807f7dec6de1ed6efb9d18a70668a015f23e32d58149c9d9952bc0a7,0x00612A70,0x00612ABF,79,0x00612A70-0x00612ABF,sub_612A70,"int __stdcall sub_612A70(char *Str, int);",0x5400,game
42032fc2807f7dec6de1ed6efb9d18a70668a015f23e32d58149c9d9952bc0a7,0x006132A0,0x006132F8,88,0x006132A0-0x006132F8,sub_6132A0,,0x5400,game
42032fc2807f7dec6de1ed6efb9d18a70668a015f23e32d58149c9d9952bc0a7,0x00613320,0x006133F2,210,0x00613320-0x006133F2,sub_613320,"int __stdcall sub_613320(int, int, int, int, size_t Size);",0x5400,game
42032fc2807f7dec6de1ed6efb9d18a70668a015f23e32d58149c9d9952bc0a7,0x00613400,0x00613491,145,0x00613400-0x00613491,sub_613400,"int __stdcall sub_613400(int, size_t Size);",0x5400,game
42032fc2807f7dec6de1ed6efb9d18a70668a015f23e32d58149c9d9952bc0a7,0x006134A0,0x00613524,132,0x006134A0-0x00613524,sub_6134A0,int __stdcall sub_6134A0(size_t Size);,0x5400,game
42032fc2807f7dec6de1ed6efb9d18a70668a015f23e32d58149c9d9952bc0a7,0x00613530,0x00613602,210,0x00613530-0x00613602,sub_613530,,0x5400,game
42032fc2807f7dec6de1ed6efb9d18a70668a015f23e32d58149c9d9952bc0a7,0x00613610,0x006136A1,145,0x00613610-0x006136A1,sub_613610,,0x5400,game
42032fc2807f7dec6de1ed6efb9d18a70668a015f23e32d58149c9d9952bc0a7,0x006136B0,0x00613734,132,0x006136B0-0x00613734,sub_6136B0,,0x5400,game
42032fc2807f7dec6de1ed6efb9d18a70668a015f23e32d58149c9d9952bc0a7,0x00613740,0x00613772,50,0x00613740-0x00613772,sub_613740,,0x5400,game
42032fc2807f7dec6de1ed6efb9d18a70668a015f23e32d58149c9d9952bc0a7,0x00613790,0x006137A6,22,0x00613790-0x006137A6,sub_613790,,0x5400,game
42032fc2807f7dec6de1ed6efb9d18a70668a015f23e32d58149c9d9952bc0a7,0x006137B0,0x006137CF,31,0x006137B0-0x006137CF,sub_6137B0,void __cdecl sub_6137B0();,0x5400,game
42032fc2807f7dec6de1ed6efb9d18a70668a015f23e32d58149c9d9952bc0a7,0x006137D0,0x006137E6,22,0x006137D0-0x006137E6,sub_6137D0,,0x5400,game
42032fc2807f7dec6de1ed6efb9d18a70668a015f23e32d58149c9d9952bc0a7,0x006137F0,0x0061380F,31,0x006137F0-0x0061380F,sub_6137F0,void __cdecl sub_6137F0();,0x5400,game
42032fc2807f7dec6de1ed6efb9d18a70668a015f23e32d58149c9d9952bc0a7,0x00613810,0x00613826,22,0x00613810-0x00613826,sub_613810,,0x5400,game
42032fc2807f7dec6de1ed6efb9d18a70668a015f23e32d58149c9d9952bc0a7,0x00613830,0x0061384F,31,0x00613830-0x0061384F,sub_613830,void __cdecl sub_613830();,0x5400,game
42032fc2807f7dec6de1ed6efb9d18a70668a015f23e32d58149c9d9952bc0a7,0x00613850,0x006138F9,221,0x00613850-0x006138F9;0x006630E0-0x00663114,sub_613850,,0x5400,game
42032fc2807f7dec6de1ed6efb9d18a70668a015f23e32d58149c9d9952bc0a7,0x00613900,0x006139AC,172,0x00613900-0x006139AC,sub_613900,,0x5400,game
42032fc2807f7dec6de1ed6efb9d18a70668a015f23e32d58149c9d9952bc0a7,0x006139B0,0x00613B97,487,0x006139B0-0x00613B97,sub_6139B0,,0x5400,game
42032fc2807f7dec6de1ed6efb9d18a70668a015f23e32d58149c9d9952bc0a7,0x00613BA0,0x00613D47,444,0x00613BA0-0x00613D47;0x00663114-0x00663129,sub_613BA0,,0x5400,game
42032fc2807f7dec6de1ed6efb9d18a70668a015f23e32d58149c9d9952bc0a7,0x00613D50,0x00613F5C,524,0x00613D50-0x00613F5C,sub_613D50,int __thiscall sub_613D50(char *Source);,0x5400,game
42032fc2807f7dec6de1ed6efb9d18a70668a015f23e32d58149c9d9952bc0a7,0x00613F60,0x00614133,467,0x00613F60-0x00614133,sub_613F60,int __thiscall sub_613F60(char *Source);,0x5400,game
42032fc2807f7dec6de1ed6efb9d18a70668a015f23e32d58149c9d9952bc0a7,0x00614140,0x006141BC,124,0x00614140-0x006141BC,sub_614140,int __stdcall sub_614140(char *Str);,0x5400,game
42032fc2807f7dec6de1ed6efb9d18a70668a015f23e32d58149c9d9952bc0a7,0x006141C0,0x006142C9,265,0x006141C0-0x006142C9,sub_6141C0,int __stdcall sub_6141C0(char *Str);,0x5400,game
42032fc2807f7dec6de1ed6efb9d18a70668a015f23e32d58149c9d9952bc0a7,0x006142D0,0x0061431E,78,0x006142D0-0x0061431E,sub_6142D0,int __stdcall sub_6142D0(char *Str);,0x5400,game
42032fc2807f7dec6de1ed6efb9d18a70668a015f23e32d58149c9d9952bc0a7,0x00614320,0x00614341,33,0x00614320-0x00614341,sub_614320,,0x5400,game
42032fc2807f7dec6de1ed6efb9d18a70668a015f23e32d58149c9d9952bc0a7,0x00614350,0x00614353,3,0x00614350-0x00614353,nullsub_236,,0x5440,game
42032fc2807f7dec6de1ed6efb9d18a70668a015f23e32d58149c9d9952bc0a7,0x00614360,0x00614694,820,0x00614360-0x00614694,sub_614360,"int __thiscall sub_614360(LPCSTR lpPathName, LPCSTR);",0x5400,game
42032fc2807f7dec6de1ed6efb9d18a70668a015f23e32d58149c9d9952bc0a7,0x006146A0,0x00614B59,1209,0x006146A0-0x00614B59,sub_6146A0,int __thiscall sub_6146A0(LPCSTR lpPathName);,0x5400,game
42032fc2807f7dec6de1ed6efb9d18a70668a015f23e32d58149c9d9952bc0a7,0x00614B80,0x00614B81,1,0x00614B80-0x00614B81,nullsub_237,,0x5440,game
42032fc2807f7dec6de1ed6efb9d18a70668a015f23e32d58149c9d9952bc0a7,0x00614B90,0x00614C40,176,0x00614B90-0x00614C40,sub_614B90,"int __thiscall sub_614B90(LPCSTR lpPathName, int);",0x5400,game
42032fc2807f7dec6de1ed6efb9d18a70668a015f23e32d58149c9d9952bc0a7,0x00614C40,0x00614C48,8,0x00614C40-0x00614C48,sub_614C40,,0x5400,game
42032fc2807f7dec6de1ed6efb9d18a70668a015f23e32d58149c9d9952bc0a7,0x00614C50,0x00614D84,308,0x00614C50-0x00614D84,sub_614C50,,0x5400,game
42032fc2807f7dec6de1ed6efb9d18a70668a015f23e32d58149c9d9952bc0a7,0x00614D90,0x00614E2E,158,0x00614D90-0x00614E2E,sub_614D90,,0x5400,game
42032fc2807f7dec6de1ed6efb9d18a70668a015f23e32d58149c9d9952bc0a7,0x00614E30,0x00614E4D,29,0x00614E30-0x00614E4D,sub_614E30,,0x5400,game
42032fc2807f7dec6de1ed6efb9d18a70668a015f23e32d58149c9d9952bc0a7,0x00614E50,0x00614F2C,238,0x00614E50-0x00614F2C;0x00663130-0x00663142,sub_614E50,,0x5400,game
42032fc2807f7dec6de1ed6efb9d18a70668a015f23e32d58149c9d9952bc0a7,0x00614F30,0x00614FD1,161,0x00614F30-0x00614FD1,sub_614F30,,0x5400,game
42032fc2807f7dec6de1ed6efb9d18a70668a015f23e32d58149c9d9952bc0a7,0x00614FE0,0x00615179,409,0x00614FE0-0x00615179,sub_614FE0,,0x5400,game
42032fc2807f7dec6de1ed6efb9d18a70668a015f23e32d58149c9d9952bc0a7,0x006151E0,0x0061526A,138,0x006151E0-0x0061526A,sub_6151E0,int __stdcall sub_6151E0(char *Str);,0x5400,game
42032fc2807f7dec6de1ed6efb9d18a70668a015f23e32d58149c9d9952bc0a7,0x00615270,0x00615627,951,0x00615270-0x00615627,sub_615270,,0x5400,game
42032fc2807f7dec6de1ed6efb9d18a70668a015f23e32d58149c9d9952bc0a7,0x00615630,0x00615839,521,0x00615630-0x00615839,sub_615630,,0x5400,game
42032fc2807f7dec6de1ed6efb9d18a70668a015f23e32d58149c9d9952bc0a7,0x00615840,0x00615D73,1331,0x00615840-0x00615D73,sub_615840,,0x5400,game
42032fc2807f7dec6de1ed6efb9d18a70668a015f23e32d58149c9d9952bc0a7,0x00615DF0,0x00615E31,65,0x00615DF0-0x00615E31,sub_615DF0,,0x5400,game
42032fc2807f7dec6de1ed6efb9d18a70668a015f23e32d58149c9d9952bc0a7,0x00615E40,0x00615E5F,31,0x00615E40-0x00615E5F,sub_615E40,,0x1400,game
42032fc2807f7dec6de1ed6efb9d18a70668a015f23e32d58149c9d9952bc0a7,0x00615E60,0x00615EB5,85,0x00615E60-0x00615EB5,sub_615E60,,0x5400,game
42032fc2807f7dec6de1ed6efb9d18a70668a015f23e32d58149c9d9952bc0a7,0x00615EC0,0x00615F0D,77,0x00615EC0-0x00615F0D,sub_615EC0,,0x5400,game
42032fc2807f7dec6de1ed6efb9d18a70668a015f23e32d58149c9d9952bc0a7,0x00615F10,0x00615F4E,62,0x00615F10-0x00615F4E,sub_615F10,,0x5400,game
42032fc2807f7dec6de1ed6efb9d18a70668a015f23e32d58149c9d9952bc0a7,0x00615F50,0x00616029,217,0x00615F50-0x00616029,sub_615F50,,0x5400,game
42032fc2807f7dec6de1ed6efb9d18a70668a015f23e32d58149c9d9952bc0a7,0x00616030,0x00616135,261,0x00616030-0x00616135,sub_616030,,0x5400,game
42032fc2807f7dec6de1ed6efb9d18a70668a015f23e32d58149c9d9952bc0a7,0x00616140,0x00616196,86,0x00616140-0x00616196,sub_616140,,0x5400,game
42032fc2807f7dec6de1ed6efb9d18a70668a015f23e32d58149c9d9952bc0a7,0x006161D0,0x006161F6,38,0x006161D0-0x006161F6,sub_6161D0,,0x5400,game
42032fc2807f7dec6de1ed6efb9d18a70668a015f23e32d58149c9d9952bc0a7,0x00616200,0x00616260,96,0x00616200-0x00616260,sub_616200,,0x5400,game
42032fc2807f7dec6de1ed6efb9d18a70668a015f23e32d58149c9d9952bc0a7,0x00616260,0x006162CE,110,0x00616260-0x006162CE,sub_616260,,0x5400,game
42032fc2807f7dec6de1ed6efb9d18a70668a015f23e32d58149c9d9952bc0a7,0x006162D0,0x00616342,114,0x006162D0-0x00616342,sub_6162D0,,0x5400,game
42032fc2807f7dec6de1ed6efb9d18a70668a015f23e32d58149c9d9952bc0a7,0x00616350,0x00616405,181,0x00616350-0x00616405,sub_616350,"int __thiscall sub_616350(UINT_PTR nIDEvent, int, int, UINT uDelay, UINT uResolution);",0x5400,game
42032fc2807f7dec6de1ed6efb9d18a70668a015f23e32d58149c9d9952bc0a7,0x00616410,0x006164CA,186,0x00616410-0x006164CA,sub_616410,"int __thiscall sub_616410(UINT_PTR nIDEvent, int, int, int, UINT uDelay, UINT uResolution);",0x5400,game
42032fc2807f7dec6de1ed6efb9d18a70668a015f23e32d58149c9d9952bc0a7,0x006164D0,0x00616585,181,0x006164D0-0x00616585,sub_6164D0,"int __thiscall sub_6164D0(UINT_PTR nIDEvent, int, int, UINT uDelay, UINT uResolution);",0x5400,game
42032fc2807f7dec6de1ed6efb9d18a70668a015f23e32d58149c9d9952bc0a7,0x00616590,0x0061664D,189,0x00616590-0x0061664D,sub_616590,"int __thiscall sub_616590(UINT_PTR nIDEvent, int, int, int, UINT uDelay, UINT uResolution);",0x5400,game
42032fc2807f7dec6de1ed6efb9d18a70668a015f23e32d58149c9d9952bc0a7,0x00616650,0x006166BA,106,0x00616650-0x006166BA,sub_616650,int __thiscall sub_616650(UINT_PTR nIDEvent);,0x5400,game
42032fc2807f7dec6de1ed6efb9d18a70668a015f23e32d58149c9d9952bc0a7,0x006166C0,0x0061672C,108,0x006166C0-0x0061672C,sub_6166C0,int __thiscall sub_6166C0(UINT_PTR nIDEvent);,0x5400,game
42032fc2807f7dec6de1ed6efb9d18a70668a015f23e32d58149c9d9952bc0a7,0x00616730,0x00616772,66,0x00616730-0x00616772,sub_616730,,0x5400,game
42032fc2807f7dec6de1ed6efb9d18a70668a015f23e32d58149c9d9952bc0a7,0x00616780,0x006167E0,96,0x00616780-0x006167E0,sub_616780,,0x5400,game
42032fc2807f7dec6de1ed6efb9d18a70668a015f23e32d58149c9d9952bc0a7,0x006167E0,0x0061681C,60,0x006167E0-0x0061681C,TimerFunc,"void __stdcall TimerFunc(HWND, UINT, UINT_PTR, DWORD);",0x5400,game
42032fc2807f7dec6de1ed6efb9d18a70668a015f23e32d58149c9d9952bc0a7,0x00616820,0x0061685C,60,0x00616820-0x0061685C,fptc,TIMECALLBACK fptc;,0x5400,game
42032fc2807f7dec6de1ed6efb9d18a70668a015f23e32d58149c9d9952bc0a7,0x00616860,0x00616867,7,0x00616860-0x00616867,sub_616860,,0x5400,game
42032fc2807f7dec6de1ed6efb9d18a70668a015f23e32d58149c9d9952bc0a7,0x00616870,0x0061687B,11,0x00616870-0x0061687B,sub_616870,,0x5400,game
42032fc2807f7dec6de1ed6efb9d18a70668a015f23e32d58149c9d9952bc0a7,0x00616880,0x0061688E,14,0x00616880-0x0061688E,sub_616880,,0x5400,game
42032fc2807f7dec6de1ed6efb9d18a70668a015f23e32d58149c9d9952bc0a7,0x00616890,0x00616897,7,0x00616890-0x00616897,sub_616890,,0x5400,game
42032fc2807f7dec6de1ed6efb9d18a70668a015f23e32d58149c9d9952bc0a7,0x006168A0,0x006168B6,22,0x006168A0-0x006168B6,sub_6168A0,,0x5400,game
42032fc2807f7dec6de1ed6efb9d18a70668a015f23e32d58149c9d9952bc0a7,0x006168C0,0x006168CA,10,0x006168C0-0x006168CA,sub_6168C0,void __cdecl sub_6168C0();,0x5400,game
42032fc2807f7dec6de1ed6efb9d18a70668a015f23e32d58149c9d9952bc0a7,0x006168D0,0x006168E3,19,0x006168D0-0x006168E3,sub_6168D0,,0x5400,game
42032fc2807f7dec6de1ed6efb9d18a70668a015f23e32d58149c9d9952bc0a7,0x006168F0,0x00616950,96,0x006168F0-0x00616950,sub_6168F0,int __stdcall sub_6168F0(size_t Size);,0x5400,game
42032fc2807f7dec6de1ed6efb9d18a70668a015f23e32d58149c9d9952bc0a7,0x00616950,0x00616963,19,0x00616950-0x00616963,sub_616950,,0x5400,game
42032fc2807f7dec6de1ed6efb9d18a70668a015f23e32d58149c9d9952bc0a7,0x00616970,0x0061699D,45,0x00616970-0x0061699D,sub_616970,int __stdcall sub_616970(char *Str);,0x5400,game
42032fc2807f7dec6de1ed6efb9d18a70668a015f23e32d58149c9d9952bc0a7,0x006169A0,0x006169BB,27,0x006169A0-0x006169BB,sub_6169A0,,0x5400,game
42032fc2807f7dec6de1ed6efb9d18a70668a015f23e32d58149c9d9952bc0a7,0x006169C0,0x006169C5,5,0x006169C0-0x006169C5,sub_6169C0,,0x5480,thunk
42032fc2807f7dec6de1ed6efb9d18a70668a015f23e32d58149c9d9952bc0a7,0x006169D0,0x006169F7,39,0x006169D0-0x006169F7,sub_6169D0,,0x5400,game
42032fc2807f7dec6de1ed6efb9d18a70668a015f23e32d58149c9d9952bc0a7,0x00616A00,0x00616A93,147,0x00616A00-0x00616A93,sub_616A00,,0x5400,game
42032fc2807f7dec6de1ed6efb9d18a70668a015f23e32d58149c9d9952bc0a7,0x00616AA0,0x00616AB6,22,0x00616AA0-0x00616AB6,sub_616AA0,,0x5400,game
42032fc2807f7dec6de1ed6efb9d18a70668a015f23e32d58149c9d9952bc0a7,0x00616AC0,0x00616ADF,31,0x00616AC0-0x00616ADF,sub_616AC0,void __cdecl sub_616AC0();,0x5400,game
42032fc2807f7dec6de1ed6efb9d18a70668a015f23e32d58149c9d9952bc0a7,0x00616AE0,0x00616AF6,22,0x00616AE0-0x00616AF6,sub_616AE0,,0x5400,game
42032fc2807f7dec6de1ed6efb9d18a70668a015f23e32d58149c9d9952bc0a7,0x00616B00,0x00616B1F,31,0x00616B00-0x00616B1F,sub_616B00,void __cdecl sub_616B00();,0x5400,game
42032fc2807f7dec6de1ed6efb9d18a70668a015f23e32d58149c9d9952bc0a7,0x00616B20,0x00616B2D,13,0x00616B20-0x00616B2D,unknown_libname_292,,0x5444,library
42032fc2807f7dec6de1ed6efb9d18a70668a015f23e32d58149c9d9952bc0a7,0x00616B30,0x00616B35,5,0x00616B30-0x00616B35,sub_616B30,,0x5400,game
42032fc2807f7dec6de1ed6efb9d18a70668a015f23e32d58149c9d9952bc0a7,0x00616BC0,0x00616BCD,13,0x00616BC0-0x00616BCD,unknown_libname_293,void __thiscall unknown_libname_293(void *);,0x5444,library
42032fc2807f7dec6de1ed6efb9d18a70668a015f23e32d58149c9d9952bc0a7,0x00616BD0,0x00616C55,133,0x00616BD0-0x00616C55,sub_616BD0,int __stdcall sub_616BD0(char *FileName);,0x5400,game
42032fc2807f7dec6de1ed6efb9d18a70668a015f23e32d58149c9d9952bc0a7,0x00616C60,0x00616C7C,28,0x00616C60-0x00616C7C,sub_616C60,,0x5400,game
42032fc2807f7dec6de1ed6efb9d18a70668a015f23e32d58149c9d9952bc0a7,0x00616C80,0x00616D33,179,0x00616C80-0x00616D33,sub_616C80,,0x5400,game
42032fc2807f7dec6de1ed6efb9d18a70668a015f23e32d58149c9d9952bc0a7,0x00616D70,0x00616D73,3,0x00616D70-0x00616D73,??0Iostream_init@@QAE@XZ_0,Iostream_init *__thiscall Iostream_init__Iostream_init(Iostream_init *__hidden this);,0x5444,library
42032fc2807f7dec6de1ed6efb9d18a70668a015f23e32d58149c9d9952bc0a7,0x00616D80,0x00616D85,5,0x00616D80-0x00616D85,sub_616D80,,0x5400,game
42032fc2807f7dec6de1ed6efb9d18a70668a015f23e32d58149c9d9952bc0a7,0x00616D90,0x00616D91,1,0x00616D90-0x00616D91,nullsub_238,,0x5440,game
42032fc2807f7dec6de1ed6efb9d18a70668a015f23e32d58149c9d9952bc0a7,0x00616DA0,0x00616DD6,54,0x00616DA0-0x00616DD6,sub_616DA0,,0x5400,game
42032fc2807f7dec6de1ed6efb9d18a70668a015f23e32d58149c9d9952bc0a7,0x00616DE0,0x00617013,563,0x00616DE0-0x00617013,sub_616DE0,,0x5400,game
42032fc2807f7dec6de1ed6efb9d18a70668a015f23e32d58149c9d9952bc0a7,0x00617020,0x0061707F,95,0x00617020-0x0061707F,sub_617020,,0x5400,game
42032fc2807f7dec6de1ed6efb9d18a70668a015f23e32d58149c9d9952bc0a7,0x00617080,0x0061719E,286,0x00617080-0x0061719E,sub_617080,,0x5400,game
42032fc2807f7dec6de1ed6efb9d18a70668a015f23e32d58149c9d9952bc0a7,0x006171A0,0x00617226,134,0x006171A0-0x00617226,sub_6171A0,,0x5400,game
42032fc2807f7dec6de1ed6efb9d18a70668a015f23e32d58149c9d9952bc0a7,0x00617230,0x00617620,1008,0x00617230-0x00617620,sub_617230,,0x5400,game
42032fc2807f7dec6de1ed6efb9d18a70668a015f23e32d58149c9d9952bc0a7,0x00617620,0x0061766F,79,0x00617620-0x0061766F,sub_617620,,0x5400,game
42032fc2807f7dec6de1ed6efb9d18a70668a015f23e32d58149c9d9952bc0a7,0x006176C0,0x006176C5,5,0x006176C0-0x006176C5,sub_6176C0,,0x5400,game
42032fc2807f7dec6de1ed6efb9d18a70668a015f23e32d58149c9d9952bc0a7,0x006176D0,0x006176D5,5,0x006176D0-0x006176D5,sub_6176D0,,0x5400,game
42032fc2807f7dec6de1ed6efb9d18a70668a015f23e32d58149c9d9952bc0a7,0x006176E0,0x006177FE,286,0x006176E0-0x006177FE,sub_6176E0,,0x5400,game
42032fc2807f7dec6de1ed6efb9d18a70668a015f23e32d58149c9d9952bc0a7,0x00617800,0x00617916,278,0x00617800-0x00617916,sub_617800,,0x5400,game
42032fc2807f7dec6de1ed6efb9d18a70668a015f23e32d58149c9d9952bc0a7,0x00617920,0x00617A9F,383,0x00617920-0x00617A9F,sub_617920,,0x5400,game
42032fc2807f7dec6de1ed6efb9d18a70668a015f23e32d58149c9d9952bc0a7,0x00617AA0,0x00617C23,387,0x00617AA0-0x00617C23,sub_617AA0,,0x5400,game
42032fc2807f7dec6de1ed6efb9d18a70668a015f23e32d58149c9d9952bc0a7,0x00617C30,0x00617DA7,375,0x00617C30-0x00617DA7,sub_617C30,,0x5400,game
42032fc2807f7dec6de1ed6efb9d18a70668a015f23e32d58149c9d9952bc0a7,0x00617DB0,0x00617F1F,367,0x00617DB0-0x00617F1F,sub_617DB0,,0x5400,game
42032fc2807f7dec6de1ed6efb9d18a70668a015f23e32d58149c9d9952bc0a7,0x00617F20,0x00618079,345,0x00617F20-0x00618079,sub_617F20,,0x5400,game
42032fc2807f7dec6de1ed6efb9d18a70668a015f23e32d58149c9d9952bc0a7,0x00618080,0x006181D0,336,0x00618080-0x006181D0,sub_618080,,0x5400,game
42032fc2807f7dec6de1ed6efb9d18a70668a015f23e32d58149c9d9952bc0a7,0x006181D0,0x0061824B,123,0x006181D0-0x0061824B,sub_6181D0,"int __stdcall sub_6181D0(float, float);",0x5400,game
42032fc2807f7dec6de1ed6efb9d18a70668a015f23e32d58149c9d9952bc0a7,0x00618250,0x00618253,3,0x00618250-0x00618253,nullsub_239,,0x5440,game
42032fc2807f7dec6de1ed6efb9d18a70668a015f23e32d58149c9d9952bc0a7,0x00618260,0x00618263,3,0x00618260-0x00618263,nullsub_240,,0x5440,game
42032fc2807f7dec6de1ed6efb9d18a70668a015f23e32d58149c9d9952bc0a7,0x00618270,0x00618273,3,0x00618270-0x00618273,nullsub_241,,0x5440,game
42032fc2807f7dec6de1ed6efb9d18a70668a015f23e32d58149c9d9952bc0a7,0x00618280,0x0061828D,13,0x00618280-0x0061828D,sub_618280,,0x5400,game
42032fc2807f7dec6de1ed6efb9d18a70668a015f23e32d58149c9d9952bc0a7,0x00618290,0x00618293,3,0x00618290-0x00618293,nullsub_242,,0x5440,game
42032fc2807f7dec6de1ed6efb9d18a70668a015f23e32d58149c9d9952bc0a7,0x006182A0,0x0061831F,127,0x006182A0-0x0061831F,sub_6182A0,,0x5400,game
42032fc2807f7dec6de1ed6efb9d18a70668a015f23e32d58149c9d9952bc0a7,0x00618320,0x00618338,24,0x00618320-0x00618338,sub_618320,,0x5400,game
42032fc2807f7dec6de1ed6efb9d18a70668a015f23e32d58149c9d9952bc0a7,0x00618370,0x0061839F,47,0x00618370-0x0061839F,sub_618370,,0x5400,game
42032fc2807f7dec6de1ed6efb9d18a70668a015f23e32d58149c9d9952bc0a7,0x006183A0,0x006183A3,3,0x006183A0-0x006183A3,nullsub_243,,0x5440,game
42032fc2807f7dec6de1ed6efb9d18a70668a015f23e32d58149c9d9952bc0a7,0x006183B0,0x006183BD,13,0x006183B0-0x006183BD,sub_6183B0,,0x5400,game
42032fc2807f7dec6de1ed6efb9d18a70668a015f23e32d58149c9d9952bc0a7,0x006183C0,0x006183C7,7,0x006183C0-0x006183C7,sub_6183C0,,0x5400,game
42032fc2807f7dec6de1ed6efb9d18a70668a015f23e32d58149c9d9952bc0a7,0x00618430,0x00618468,56,0x00618430-0x00618468,sub_618430,int __stdcall sub_618430(void *Src);,0x5400,game
42032fc2807f7dec6de1ed6efb9d18a70668a015f23e32d58149c9d9952bc0a7,0x00618470,0x0061851D,173,0x00618470-0x0061851D,sub_618470,,0x5400,game
42032fc2807f7dec6de1ed6efb9d18a70668a015f23e32d58149c9d9952bc0a7,0x006185A0,0x00618D16,2327,0x006185A0-0x00618D16;0x00663150-0x006632F1,sub_6185A0,,0x5400,game
42032fc2807f7dec6de1ed6efb9d18a70668a015f23e32d58149c9d9952bc0a7,0x00618D20,0x00618D95,117,0x00618D20-0x00618D95,sub_618D20,,0x5400,game
42032fc2807f7dec6de1ed6efb9d18a70668a015f23e32d58149c9d9952bc0a7,0x00618DA0,0x00618E06,102,0x00618DA0-0x00618E06,sub_618DA0,,0x5400,game
42032fc2807f7dec6de1ed6efb9d18a70668a015f23e32d58149c9d9952bc0a7,0x00618E10,0x00618E1E,14,0x00618E10-0x00618E1E,sub_618E10,int __cdecl sub_618E10(size_t Size);,0x5400,game
42032fc2807f7dec6de1ed6efb9d18a70668a015f23e32d58149c9d9952bc0a7,0x00618E20,0x00618E30,16,0x00618E20-0x00618E30,sub_618E20,int __cdecl sub_618E20(void *Block);,0x5400,game
42032fc2807f7dec6de1ed6efb9d18a70668a015f23e32d58149c9d9952bc0a7,0x00618E30,0x00618E48,24,0x00618E30-0x00618E48,sub_618E30,"int __cdecl sub_618E30(int FileHandle, void *DstBuf, unsigned int MaxCharCount);",0x5400,game
42032fc2807f7dec6de1ed6efb9d18a70668a015f23e32d58149c9d9952bc0a7,0x00618E50,0x00618E68,24,0x00618E50-0x00618E68,sub_618E50,"int __cdecl sub_618E50(int FileHandle, void *Buf, unsigned int MaxCharCount);",0x5400,game
42032fc2807f7dec6de1ed6efb9d18a70668a015f23e32d58149c9d9952bc0a7,0x00618E70,0x00618E88,24,0x00618E70-0x00618E88,sub_618E70,"int __cdecl sub_618E70(int FileHandle, int Offset, int Origin);",0x5400,game
42032fc2807f7dec6de1ed6efb9d18a70668a015f23e32d58149c9d9952bc0a7,0x00618E90,0x00618E9E,14,0x00618E90-0x00618E9E,sub_618E90,int __cdecl sub_618E90(int FileHandle);,0x5400,game
42032fc2807f7dec6de1ed6efb9d18a70668a015f23e32d58149c9d9952bc0a7,0x00618EA0,0x00618EC0,32,0x00618EA0-0x00618EC0,sub_618EA0,void __thiscall sub_618EA0(void *);,0x5400,game
42032fc2807f7dec6de1ed6efb9d18a70668a015f23e32d58149c9d9952bc0a7,0x00618EE0,0x00618F2D,77,0x00618EE0-0x00618F2D,sub_618EE0,void __thiscall sub_618EE0(void *);,0x5400,game
42032fc2807f7dec6de1ed6efb9d18a70668a015f23e32d58149c9d9952bc0a7,0x00618F30,0x00618F38,8,0x00618F30-0x00618F38,sub_618F30,,0x5400,game
42032fc2807f7dec6de1ed6efb9d18a70668a015f23e32d58149c9d9952bc0a7,0x00618F40,0x006190C6,390,0x00618F40-0x006190C6,sub_618F40,"int __stdcall sub_618F40(char *Source, int, int);",0x5400,game
42032fc2807f7dec6de1ed6efb9d18a70668a015f23e32d58149c9d9952bc0a7,0x006190D0,0x0061922C,348,0x006190D0-0x0061922C,sub_6190D0,"int __stdcall sub_6190D0(LPCSTR lpszFile, char *Source, int, int);",0x5400,game
42032fc2807f7dec6de1ed6efb9d18a70668a015f23e32d58149c9d9952bc0a7,0x00619230,0x0061927D,77,0x00619230-0x0061927D,sub_619230,,0x5400,game
42032fc2807f7dec6de1ed6efb9d18a70668a015f23e32d58149c9d9952bc0a7,0x00619280,0x006192E3,99,0x00619280-0x006192E3,sub_619280,int __stdcall sub_619280(LPCSTR lpString);,0x5400,game
42032fc2807f7dec6de1ed6efb9d18a70668a015f23e32d58149c9d9952bc0a7,0x006192F0,0x0061936B,123,0x006192F0-0x0061936B,sub_6192F0,"int __stdcall sub_6192F0(LPCSTR lpString, int c);",0x5400,game
42032fc2807f7dec6de1ed6efb9d18a70668a015f23e32d58149c9d9952bc0a7,0x00619370,0x006195A7,567,0x00619370-0x006195A7,sub_619370,"int __stdcall sub_619370(LPCSTR lpString, int, int c);",0x5400,game
42032fc2807f7dec6de1ed6efb9d18a70668a015f23e32d58149c9d9952bc0a7,0x006195B0,0x0061960D,93,0x006195B0-0x0061960D,sub_6195B0,,0x5400,game
42032fc2807f7dec6de1ed6efb9d18a70668a015f23e32d58149c9d9952bc0a7,0x00619610,0x00619644,52,0x00619610-0x00619644,sub_619610,,0x5400,game
42032fc2807f7dec6de1ed6efb9d18a70668a015f23e32d58149c9d9952bc0a7,0x00619650,0x00619660,16,0x00619650-0x00619660,sub_619650,void __thiscall sub_619650(void *);,0x5400,game
42032fc2807f7dec6de1ed6efb9d18a70668a015f23e32d58149c9d9952bc0a7,0x00619660,0x00619685,37,0x00619660-0x00619685,sub_619660,void __thiscall sub_619660(void *);,0x5400,game
42032fc2807f7dec6de1ed6efb9d18a70668a015f23e32d58149c9d9952bc0a7,0x00619710,0x006198DE,462,0x00619710-0x006198DE,sub_619710,,0x5400,game
42032fc2807f7dec6de1ed6efb9d18a70668a015f23e32d58149c9d9952bc0a7,0x006198E0,0x00619D7F,1183,0x006198E0-0x00619D7F,sub_6198E0,,0x5410,game
42032fc2807f7dec6de1ed6efb9d18a70668a015f23e32d58149c9d9952bc0a7,0x0061A240,0x0061A753,1299,0x0061A240-0x0061A753,sub_61A240,,0x5410,game
42032fc2807f7dec6de1ed6efb9d18a70668a015f23e32d58149c9d9952bc0a7,0x0061A760,0x0061AC53,1267,0x0061A760-0x0061AC53,sub_61A760,,0x5410,game
42032fc2807f7dec6de1ed6efb9d18a70668a015f23e32d58149c9d9952bc0a7,0x0061AC60,0x0061B1E2,1410,0x0061AC60-0x0061B1E2,sub_61AC60,,0x5410,game
42032fc2807f7dec6de1ed6efb9d18a70668a015f23e32d58149c9d9952bc0a7,0x0061B1F0,0x0061B778,1416,0x0061B1F0-0x0061B778,sub_61B1F0,,0x5410,game
42032fc2807f7dec6de1ed6efb9d18a70668a015f23e32d58149c9d9952bc0a7,0x0061C090,0x0061C622,1426,0x0061C090-0x0061C622,sub_61C090,,0x5410,game
42032fc2807f7dec6de1ed6efb9d18a70668a015f23e32d58149c9d9952bc0a7,0x0061C630,0x0061CB4E,1310,0x0061C630-0x0061CB4E,sub_61C630,,0x5410,game
42032fc2807f7dec6de1ed6efb9d18a70668a015f23e32d58149c9d9952bc0a7,0x0061DF60,0x0061E538,1496,0x0061DF60-0x0061E538,sub_61DF60,,0x5410,game
42032fc2807f7dec6de1ed6efb9d18a70668a015f23e32d58149c9d9952bc0a7,0x0061E540,0x0061EACE,1422,0x0061E540-0x0061EACE,sub_61E540,,0x5410,game
42032fc2807f7dec6de1ed6efb9d18a70668a015f23e32d58149c9d9952bc0a7,0x0061EAD0,0x0061F0C6,1526,0x0061EAD0-0x0061F0C6,sub_61EAD0,,0x5410,game
42032fc2807f7dec6de1ed6efb9d18a70668a015f23e32d58149c9d9952bc0a7,0x0061FC90,0x0061FDEA,346,0x0061FC90-0x0061FDEA,sub_61FC90,,0x5400,game
42032fc2807f7dec6de1ed6efb9d18a70668a015f23e32d58149c9d9952bc0a7,0x00620100,0x00620254,340,0x00620100-0x00620254,sub_620100,,0x5400,game
42032fc2807f7dec6de1ed6efb9d18a70668a015f23e32d58149c9d9952bc0a7,0x00620A10,0x006212A4,2196,0x00620A10-0x006212A4,sub_620A10,,0x5410,game
42032fc2807f7dec6de1ed6efb9d18a70668a015f23e32d58149c9d9952bc0a7,0x006212B0,0x00621868,1464,0x006212B0-0x00621868,sub_6212B0,,0x5410,game
42032fc2807f7dec6de1ed6efb9d18a70668a015f23e32d58149c9d9952bc0a7,0x00621870,0x006221F1,2433,0x00621870-0x006221F1,sub_621870,,0x5410,game
42032fc2807f7dec6de1ed6efb9d18a70668a015f23e32d58149c9d9952bc0a7,0x00622200,0x0062280C,1548,0x00622200-0x0062280C,sub_622200,,0x5410,game
42032fc2807f7dec6de1ed6efb9d18a70668a015f23e32d58149c9d9952bc0a7,0x00622810,0x00622DAE,1438,0x00622810-0x00622DAE,sub_622810,,0x5410,game
42032fc2807f7dec6de1ed6efb9d18a70668a015f23e32d58149c9d9952bc0a7,0x00622DB0,0x006233C0,1552,0x00622DB0-0x006233C0,sub_622DB0,,0x5410,game
42032fc2807f7dec6de1ed6efb9d18a70668a015f23e32d58149c9d9952bc0a7,0x006233C0,0x006239AB,1515,0x006233C0-0x006239AB,sub_6233C0,,0x5410,game
42032fc2807f7dec6de1ed6efb9d18a70668a015f23e32d58149c9d9952bc0a7,0x006239E0,0x00623F44,1380,0x006239E0-0x00623F44,sub_6239E0,,0x5410,game
42032fc2807f7dec6de1ed6efb9d18a70668a015f23e32d58149c9d9952bc0a7,0x00623F80,0x00624626,1702,0x00623F80-0x00624626,sub_623F80,,0x5410,game
42032fc2807f7dec6de1ed6efb9d18a70668a015f23e32d58149c9d9952bc0a7,0x00624670,0x00624C6D,1533,0x00624670-0x00624C6D,sub_624670,,0x5410,game
42032fc2807f7dec6de1ed6efb9d18a70668a015f23e32d58149c9d9952bc0a7,0x00624D80,0x00624EA9,297,0x00624D80-0x00624EA9,sub_624D80,,0x5400,game
42032fc2807f7dec6de1ed6efb9d18a70668a015f23e32d58149c9d9952bc0a7,0x00624EB0,0x00625075,453,0x00624EB0-0x00625075,sub_624EB0,,0x5400,game
42032fc2807f7dec6de1ed6efb9d18a70668a015f23e32d58149c9d9952bc0a7,0x00625080,0x00625294,532,0x00625080-0x00625294,sub_625080,,0x5400,game
42032fc2807f7dec6de1ed6efb9d18a70668a015f23e32d58149c9d9952bc0a7,0x006252A0,0x006252B0,16,0x006252A0-0x006252B0,??0DNameNode@@IAE@XZ,DNameNode *__thiscall DNameNode__DNameNode(DNameNode *__hidden this);,0x5444,library
42032fc2807f7dec6de1ed6efb9d18a70668a015f23e32d58149c9d9952bc0a7,0x006252B0,0x006252BE,14,0x006252B0-0x006252BE,sub_6252B0,void __thiscall sub_6252B0(void *);,0x5400,game
42032fc2807f7dec6de1ed6efb9d18a70668a015f23e32d58149c9d9952bc0a7,0x006252E0,0x00625306,38,0x006252E0-0x00625306,sub_6252E0,void __thiscall sub_6252E0(void *);,0x5400,game
42032fc2807f7dec6de1ed6efb9d18a70668a015f23e32d58149c9d9952bc0a7,0x00625310,0x00625325,21,0x00625310-0x00625325,sub_625310,void __thiscall sub_625310(void *);,0x5400,game
42032fc2807f7dec6de1ed6efb9d18a70668a015f23e32d58149c9d9952bc0a7,0x00625330,0x0062533F,15,0x00625330-0x0062533F,sub_625330,,0x5400,game
42032fc2807f7dec6de1ed6efb9d18a70668a015f23e32d58149c9d9952bc0a7,0x006253D0,0x006256CC,764,0x006253D0-0x006256CC,sub_6253D0,,0x5400,game
42032fc2807f7dec6de1ed6efb9d18a70668a015f23e32d58149c9d9952bc0a7,0x00625700,0x00625716,22,0x00625700-0x00625716,sub_625700,,0x5400,game
42032fc2807f7dec6de1ed6efb9d18a70668a015f23e32d58149c9d9952bc0a7,0x00625720,0x0062572B,11,0x00625720-0x0062572B,sub_625720,void __cdecl sub_625720();,0x5400,game
42032fc2807f7dec6de1ed6efb9d18a70668a015f23e32d58149c9d9952bc0a7,0x00625730,0x00625739,9,0x00625730-0x00625739,unknown_libname_294,,0x5444,library
42032fc2807f7dec6de1ed6efb9d18a70668a015f23e32d58149c9d9952bc0a7,0x00625740,0x00625747,7,0x00625740-0x00625747,?_Release@_NonReentrantLock@details@Concurrency@@QAEXXZ,void __thiscall Concurrency__details___NonReentrantLock___Release(Concurrency::details::_NonReentrantLock *__hidden this);,0x5444,library
42032fc2807f7dec6de1ed6efb9d18a70668a015f23e32d58149c9d9952bc0a7,0x00625750,0x00625763,19,0x00625750-0x00625763,sub_625750,,0x5400,game
42032fc2807f7dec6de1ed6efb9d18a70668a015f23e32d58149c9d9952bc0a7,0x00625770,0x006257A7,55,0x00625770-0x006257A7,sub_625770,,0x5400,game
42032fc2807f7dec6de1ed6efb9d18a70668a015f23e32d58149c9d9952bc0a7,0x006257E0,0x006257F9,25,0x006257E0-0x006257F9,sub_6257E0,,0x5400,game
42032fc2807f7dec6de1ed6efb9d18a70668a015f23e32d58149c9d9952bc0a7,0x00625800,0x00625806,6,0x00625800-0x00625806,sub_625800,,0x5400,game
42032fc2807f7dec6de1ed6efb9d18a70668a015f23e32d58149c9d9952bc0a7,0x00625810,0x0062584F,63,0x00625810-0x0062584F,sub_625810,,0x5400,game
42032fc2807f7dec6de1ed6efb9d18a70668a015f23e32d58149c9d9952bc0a7,0x00625880,0x00625DDD,1373,0x00625880-0x00625DDD,sub_625880,"int __cdecl sub_625880(char *Str, char *Destination);",0x5400,game
42032fc2807f7dec6de1ed6efb9d18a70668a015f23e32d58149c9d9952bc0a7,0x00625E30,0x00625E4D,29,0x00625E30-0x00625E4D,sub_625E30,,0x5400,game
42032fc2807f7dec6de1ed6efb9d18a70668a015f23e32d58149c9d9952bc0a7,0x00625E50,0x00625EB3,99,0x00625E50-0x00625EB3,sub_625E50,,0x5400,game
42032fc2807f7dec6de1ed6efb9d18a70668a015f23e32d58149c9d9952bc0a7,0x00625EC0,0x00625F1A,90,0x00625EC0-0x00625F1A,sub_625EC0,"int __cdecl sub_625EC0(int, char *Source, int, int);",0x5400,game
42032fc2807f7dec6de1ed6efb9d18a70668a015f23e32d58149c9d9952bc0a7,0x00625F20,0x00625F8B,107,0x00625F20-0x00625F8B,sub_625F20,,0x5400,game
42032fc2807f7dec6de1ed6efb9d18a70668a015f23e32d58149c9d9952bc0a7,0x00625F90,0x00625FAD,29,0x00625F90-0x00625FAD,sub_625F90,void __cdecl sub_625F90();,0x5400,game
42032fc2807f7dec6de1ed6efb9d18a70668a015f23e32d58149c9d9952bc0a7,0x00625FB0,0x00625FC0,16,0x00625FB0-0x00625FC0,??0_ReaderWriterLock@details@Concurrency@@QAE@XZ,_DWORD __thiscall Concurrency__details___ReaderWriterLock___ReaderWriterLock(Concurrency::details::_ReaderWriterLock *__hidden this);,0x5444,library
42032fc2807f7dec6de1ed6efb9d18a70668a015f23e32d58149c9d9952bc0a7,0x00625FC0,0x00626016,86,0x00625FC0-0x00626016,sub_625FC0,int __stdcall sub_625FC0(char *Str);,0x5400,game
42032fc2807f7dec6de1ed6efb9d18a70668a015f23e32d58149c9d9952bc0a7,0x00626020,0x0062603A,26,0x00626020-0x0062603A,sub_626020,,0x5400,game
42032fc2807f7dec6de1ed6efb9d18a70668a015f23e32d58149c9d9952bc0a7,0x00626040,0x006260C3,131,0x00626040-0x006260C3,sub_626040,int __stdcall sub_626040(char *Str);,0x5400,game
42032fc2807f7dec6de1ed6efb9d18a70668a015f23e32d58149c9d9952bc0a7,0x006260D0,0x006260EC,28,0x006260D0-0x006260EC,sub_6260D0,,0x5400,game
42032fc2807f7dec6de1ed6efb9d18a70668a015f23e32d58149c9d9952bc0a7,0x006260F0,0x0062618B,155,0x006260F0-0x0062618B,sub_6260F0,,0x5400,game
42032fc2807f7dec6de1ed6efb9d18a70668a015f23e32d58149c9d9952bc0a7,0x00626230,0x0062624F,31,0x00626230-0x0062624F,sub_626230,,0x5400,game
42032fc2807f7dec6de1ed6efb9d18a70668a015f23e32d58149c9d9952bc0a7,0x00626250,0x006262E9,153,0x00626250-0x006262E9,sub_626250,,0x5400,game
42032fc2807f7dec6de1ed6efb9d18a70668a015f23e32d58149c9d9952bc0a7,0x006262F0,0x0062634C,92,0x006262F0-0x0062634C,sub_6262F0,,0x5400,game
42032fc2807f7dec6de1ed6efb9d18a70668a015f23e32d58149c9d9952bc0a7,0x00626350,0x006263E9,153,0x00626350-0x006263E9,sub_626350,,0x5400,game
42032fc2807f7dec6de1ed6efb9d18a70668a015f23e32d58149c9d9952bc0a7,0x006263F0,0x0062644C,92,0x006263F0-0x0062644C,sub_6263F0,,0x5400,game
42032fc2807f7dec6de1ed6efb9d18a70668a015f23e32d58149c9d9952bc0a7,0x00626450,0x00626461,17,0x00626450-0x00626461,sub_626450,,0x5400,game
42032fc2807f7dec6de1ed6efb9d18a70668a015f23e32d58149c9d9952bc0a7,0x00626470,0x00626540,208,0x00626470-0x00626540,sub_626470,,0x5400,game
42032fc2807f7dec6de1ed6efb9d18a70668a015f23e32d58149c9d9952bc0a7,0x00626620,0x00626900,736,0x00626620-0x00626900,sub_626620,,0x5410,game
42032fc2807f7dec6de1ed6efb9d18a70668a015f23e32d58149c9d9952bc0a7,0x00626900,0x006269F3,243,0x00626900-0x006269F3,sub_626900,,0x5400,game
42032fc2807f7dec6de1ed6efb9d18a70668a015f23e32d58149c9d9952bc0a7,0x00626E10,0x00627100,752,0x00626E10-0x00627100,sub_626E10,,0x5410,game
42032fc2807f7dec6de1ed6efb9d18a70668a015f23e32d58149c9d9952bc0a7,0x00627100,0x0062710A,10,0x00627100-0x0062710A,sub_627100,,0x5400,game
42032fc2807f7dec6de1ed6efb9d18a70668a015f23e32d58149c9d9952bc0a7,0x00627110,0x00627124,20,0x00627110-0x00627124,sub_627110,,0x5400,game
42032fc2807f7dec6de1ed6efb9d18a70668a015f23e32d58149c9d9952bc0a7,0x00627160,0x00627184,36,0x00627160-0x00627184,sub_627160,,0x5400,game
42032fc2807f7dec6de1ed6efb9d18a70668a015f23e32d58149c9d9952bc0a7,0x00627200,0x0062722A,42,0x00627200-0x0062722A,sub_627200,,0x5400,game
42032fc2807f7dec6de1ed6efb9d18a70668a015f23e32d58149c9d9952bc0a7,0x00627260,0x00627287,39,0x00627260-0x00627287,sub_627260,,0x5400,game
42032fc2807f7dec6de1ed6efb9d18a70668a015f23e32d58149c9d9952bc0a7,0x006272C0,0x006272ED,45,0x006272C0-0x006272ED,sub_6272C0,,0x5400,game
42032fc2807f7dec6de1ed6efb9d18a70668a015f23e32d58149c9d9952bc0a7,0x006272F0,0x00627306,22,0x006272F0-0x00627306,sub_6272F0,,0x5400,game
42032fc2807f7dec6de1ed6efb9d18a70668a015f23e32d58149c9d9952bc0a7,0x006276A0,0x006277F9,345,0x006276A0-0x006277F9,sub_6276A0,"int __cdecl sub_6276A0(char *, char *, int, char *, int, int, int, int, int);",0x5400,game
42032fc2807f7dec6de1ed6efb9d18a70668a015f23e32d58149c9d9952bc0a7,0x00627910,0x006279B7,167,0x00627910-0x006279B7,sub_627910,"int __cdecl sub_627910(char *, char *, int, char *, int, int);",0x5400,game
42032fc2807f7dec6de1ed6efb9d18a70668a015f23e32d58149c9d9952bc0a7,0x006279C0,0x00627A8B,203,0x006279C0-0x00627A8B,sub_6279C0,"int __cdecl sub_6279C0(char *, int Value, int);",0x5400,game
42032fc2807f7dec6de1ed6efb9d18a70668a015f23e32d58149c9d9952bc0a7,0x00627A90,0x00627B58,200,0x00627A90-0x00627B58,sub_627A90,"int __cdecl sub_627A90(char *, char *, int);",0x5400,game
42032fc2807f7dec6de1ed6efb9d18a70668a015f23e32d58149c9d9952bc0a7,0x00627B60,0x00627C28,200,0x00627B60-0x00627C28,sub_627B60,"int __cdecl sub_627B60(char *, int);",0x5400,game
42032fc2807f7dec6de1ed6efb9d18a70668a015f23e32d58149c9d9952bc0a7,0x00627C30,0x00627CFC,204,0x00627C30-0x00627CFC,sub_627C30,"int __cdecl sub_627C30(char *, char *, int Value, int);",0x5400,game
42032fc2807f7dec6de1ed6efb9d18a70668a015f23e32d58149c9d9952bc0a7,0x00627D00,0x00627E19,281,0x00627D00-0x00627E19,sub_627D00,,0x5400,game
42032fc2807f7dec6de1ed6efb9d18a70668a015f23e32d58149c9d9952bc0a7,0x00627E20,0x00627F4F,303,0x00627E20-0x00627F4F,sub_627E20,,0x5400,game
42032fc2807f7dec6de1ed6efb9d18a70668a015f23e32d58149c9d9952bc0a7,0x00627F50,0x006280DF,399,0x00627F50-0x006280DF,sub_627F50,,0x5400,game
42032fc2807f7dec6de1ed6efb9d18a70668a015f23e32d58149c9d9952bc0a7,0x006280E0,0x0062814B,107,0x006280E0-0x0062814B,sub_6280E0,,0x5400,game
42032fc2807f7dec6de1ed6efb9d18a70668a015f23e32d58149c9d9952bc0a7,0x00628150,0x00628175,37,0x00628150-0x00628175,sub_628150,,0x5400,game
42032fc2807f7dec6de1ed6efb9d18a70668a015f23e32d58149c9d9952bc0a7,0x00628180,0x006281A5,37,0x00628180-0x006281A5,sub_628180,,0x5400,game
42032fc2807f7dec6de1ed6efb9d18a70668a015f23e32d58149c9d9952bc0a7,0x006281B0,0x006281D5,37,0x006281B0-0x006281D5,sub_6281B0,"int __cdecl sub_6281B0(int, float, int);",0x5400,game
42032fc2807f7dec6de1ed6efb9d18a70668a015f23e32d58149c9d9952bc0a7,0x006281E0,0x00628217,55,0x006281E0-0x00628217,sub_6281E0,,0x5400,game
42032fc2807f7dec6de1ed6efb9d18a70668a015f23e32d58149c9d9952bc0a7,0x00628220,0x0062828B,107,0x00628220-0x0062828B,sub_628220,,0x5400,game
42032fc2807f7dec6de1ed6efb9d18a70668a015f23e32d58149c9d9952bc0a7,0x00628290,0x006282D1,65,0x00628290-0x006282D1,sub_628290,,0x5400,game
42032fc2807f7dec6de1ed6efb9d18a70668a015f23e32d58149c9d9952bc0a7,0x006282E0,0x00628377,151,0x006282E0-0x00628377,sub_6282E0,"int __cdecl sub_6282E0(int, float, int);",0x5400,game
42032fc2807f7dec6de1ed6efb9d18a70668a015f23e32d58149c9d9952bc0a7,0x00628380,0x00628397,23,0x00628380-0x00628397,sub_628380,,0x5400,game
42032fc2807f7dec6de1ed6efb9d18a70668a015f23e32d58149c9d9952bc0a7,0x006283E0,0x00628423,67,0x006283E0-0x00628423,sub_6283E0,,0x5400,game
42032fc2807f7dec6de1ed6efb9d18a70668a015f23e32d58149c9d9952bc0a7,0x00628430,0x00628539,265,0x00628430-0x00628539,sub_628430,"int __stdcall sub_628430(char *Source, int);",0x5400,game
42032fc2807f7dec6de1ed6efb9d18a70668a015f23e32d58149c9d9952bc0a7,0x00628540,0x0062864C,268,0x00628540-0x0062864C,sub_628540,"int __stdcall sub_628540(char *Source, int);",0x5400,game
42032fc2807f7dec6de1ed6efb9d18a70668a015f23e32d58149c9d9952bc0a7,0x00628650,0x006287B3,355,0x00628650-0x006287B3,sub_628650,"int __stdcall sub_628650(LPCSTR lpFileName, LONG lDistanceToMove, int);",0x5400,game
42032fc2807f7dec6de1ed6efb9d18a70668a015f23e32d58149c9d9952bc0a7,0x006287C0,0x00628803,67,0x006287C0-0x00628803,sub_6287C0,,0x5400,game
42032fc2807f7dec6de1ed6efb9d18a70668a015f23e32d58149c9d9952bc0a7,0x00628810,0x006288C4,180,0x00628810-0x006288C4,sub_628810,,0x5400,game
42032fc2807f7dec6de1ed6efb9d18a70668a015f23e32d58149c9d9952bc0a7,0x006288D0,0x006288ED,29,0x006288D0-0x006288ED,sub_6288D0,,0x5400,game
42032fc2807f7dec6de1ed6efb9d18a70668a015f23e32d58149c9d9952bc0a7,0x006288F0,0x0062894B,91,0x006288F0-0x0062894B,sub_6288F0,,0x5400,game
42032fc2807f7dec6de1ed6efb9d18a70668a015f23e32d58149c9d9952bc0a7,0x00628950,0x006289FE,174,0x00628950-0x006289FE,sub_628950,int __cdecl sub_628950(char *String);,0x5400,game
42032fc2807f7dec6de1ed6efb9d18a70668a015f23e32d58149c9d9952bc0a7,0x00628A50,0x00628A73,35,0x00628A50-0x00628A73,sub_628A50,,0x5400,game
42032fc2807f7dec6de1ed6efb9d18a70668a015f23e32d58149c9d9952bc0a7,0x00628AB0,0x00628AC2,18,0x00628AB0-0x00628AC2,sub_628AB0,,0x5400,game
42032fc2807f7dec6de1ed6efb9d18a70668a015f23e32d58149c9d9952bc0a7,0x00628AD0,0x00628AEC,28,0x00628AD0-0x00628AEC,sub_628AD0,,0x5410,game
42032fc2807f7dec6de1ed6efb9d18a70668a015f23e32d58149c9d9952bc0a7,0x00628AF0,0x00628B23,51,0x00628AF0-0x00628B23,sub_628AF0,,0x5410,game
42032fc2807f7dec6de1ed6efb9d18a70668a015f23e32d58149c9d9952bc0a7,0x00628B30,0x00628B69,57,0x00628B30-0x00628B69,sub_628B30,,0x5410,game
42032fc2807f7dec6de1ed6efb9d18a70668a015f23e32d58149c9d9952bc0a7,0x00628DB0,0x00628F27,375,0x00628DB0-0x00628F27,sub_628DB0,,0x5C10,game
42032fc2807f7dec6de1ed6efb9d18a70668a015f23e32d58149c9d9952bc0a7,0x00628F30,0x006290E0,432,0x00628F30-0x006290E0,sub_628F30,,0x5400,game
42032fc2807f7dec6de1ed6efb9d18a70668a015f23e32d58149c9d9952bc0a7,0x006290E0,0x00629109,41,0x006290E0-0x00629109,sub_6290E0,,0x5400,game
42032fc2807f7dec6de1ed6efb9d18a70668a015f23e32d58149c9d9952bc0a7,0x00629110,0x00629208,266,0x00629110-0x00629208;0x00663300-0x00663312,sub_629110,void __thiscall sub_629110(void *);,0x5400,game
42032fc2807f7dec6de1ed6efb9d18a70668a015f23e32d58149c9d9952bc0a7,0x00629210,0x006292C9,185,0x00629210-0x006292C9,sub_629210,,0x5400,game
42032fc2807f7dec6de1ed6efb9d18a70668a015f23e32d58149c9d9952bc0a7,0x006292D0,0x00629486,438,0x006292D0-0x00629486,sub_6292D0,,0x5400,game
42032fc2807f7dec6de1ed6efb9d18a70668a015f23e32d58149c9d9952bc0a7,0x00629490,0x00629703,627,0x00629490-0x00629703,sub_629490,,0x5400,game
42032fc2807f7dec6de1ed6efb9d18a70668a015f23e32d58149c9d9952bc0a7,0x00629710,0x00629749,57,0x00629710-0x00629749,sub_629710,,0x5400,game
42032fc2807f7dec6de1ed6efb9d18a70668a015f23e32d58149c9d9952bc0a7,0x00629750,0x00629774,36,0x00629750-0x00629774,sub_629750,,0x5400,game
42032fc2807f7dec6de1ed6efb9d18a70668a015f23e32d58149c9d9952bc0a7,0x00629780,0x006298A4,292,0x00629780-0x006298A4,sub_629780,,0x5400,game
42032fc2807f7dec6de1ed6efb9d18a70668a015f23e32d58149c9d9952bc0a7,0x006298B0,0x0062997B,203,0x006298B0-0x0062997B,sub_6298B0,,0x5400,game
42032fc2807f7dec6de1ed6efb9d18a70668a015f23e32d58149c9d9952bc0a7,0x00629980,0x00629A63,227,0x00629980-0x00629A63,sub_629980,,0x5400,game
42032fc2807f7dec6de1ed6efb9d18a70668a015f23e32d58149c9d9952bc0a7,0x00629A70,0x00629B69,249,0x00629A70-0x00629B69,sub_629A70,,0x5400,game
42032fc2807f7dec6de1ed6efb9d18a70668a015f23e32d58149c9d9952bc0a7,0x00629B70,0x00629D1C,428,0x00629B70-0x00629D1C,sub_629B70,,0x5400,game
42032fc2807f7dec6de1ed6efb9d18a70668a015f23e32d58149c9d9952bc0a7,0x00629D20,0x00629D35,21,0x00629D20-0x00629D35,sub_629D20,,0x5400,game
42032fc2807f7dec6de1ed6efb9d18a70668a015f23e32d58149c9d9952bc0a7,0x00629D40,0x00629D55,21,0x00629D40-0x00629D55,sub_629D40,,0x5400,game
42032fc2807f7dec6de1ed6efb9d18a70668a015f23e32d58149c9d9952bc0a7,0x00629D60,0x00629DE2,151,0x00629D60-0x00629DE2;0x00663320-0x00663335,sub_629D60,void __thiscall sub_629D60(void *);,0x5400,game
42032fc2807f7dec6de1ed6efb9d18a70668a015f23e32d58149c9d9952bc0a7,0x00629DF0,0x00629E44,84,0x00629DF0-0x00629E44,sub_629DF0,,0x5400,game
42032fc2807f7dec6de1ed6efb9d18a70668a015f23e32d58149c9d9952bc0a7,0x00629E50,0x0062A068,536,0x00629E50-0x0062A068,sub_629E50,"int __stdcall sub_629E50(int, char *Source, int, int, int);",0x5400,game
42032fc2807f7dec6de1ed6efb9d18a70668a015f23e32d58149c9d9952bc0a7,0x0062A070,0x0062A11D,173,0x0062A070-0x0062A11D,sub_62A070,,0x5400,game
42032fc2807f7dec6de1ed6efb9d18a70668a015f23e32d58149c9d9952bc0a7,0x0062A280,0x0062A2B9,57,0x0062A280-0x0062A2B9,sub_62A280,,0x5400,game
42032fc2807f7dec6de1ed6efb9d18a70668a015f23e32d58149c9d9952bc0a7,0x0062A2C0,0x0062A4FA,570,0x0062A2C0-0x0062A4FA,sub_62A2C0,,0x5400,game
42032fc2807f7dec6de1ed6efb9d18a70668a015f23e32d58149c9d9952bc0a7,0x0062A500,0x0062A70F,527,0x0062A500-0x0062A70F,sub_62A500,,0x5400,game
42032fc2807f7dec6de1ed6efb9d18a70668a015f23e32d58149c9d9952bc0a7,0x0062A710,0x0062A711,1,0x0062A710-0x0062A711,nullsub_244,,0x5440,game
42032fc2807f7dec6de1ed6efb9d18a70668a015f23e32d58149c9d9952bc0a7,0x0062A720,0x0062AAE7,967,0x0062A720-0x0062AAE7,sub_62A720,,0x5400,game
42032fc2807f7dec6de1ed6efb9d18a70668a015f23e32d58149c9d9952bc0a7,0x0062AAF0,0x0062AAF1,1,0x0062AAF0-0x0062AAF1,nullsub_245,,0x5440,game
42032fc2807f7dec6de1ed6efb9d18a70668a015f23e32d58149c9d9952bc0a7,0x0062AB00,0x0062AB01,1,0x0062AB00-0x0062AB01,nullsub_246,,0x5440,game
42032fc2807f7dec6de1ed6efb9d18a70668a015f23e32d58149c9d9952bc0a7,0x0062AB80,0x0062ACB6,310,0x0062AB80-0x0062ACB6,sub_62AB80,,0x5400,game
42032fc2807f7dec6de1ed6efb9d18a70668a015f23e32d58149c9d9952bc0a7,0x0062ACC0,0x0062ACC1,1,0x0062ACC0-0x0062ACC1,nullsub_247,,0x5440,game
42032fc2807f7dec6de1ed6efb9d18a70668a015f23e32d58149c9d9952bc0a7,0x0062ACD0,0x0062AEED,541,0x0062ACD0-0x0062AEED,sub_62ACD0,,0x5400,game
42032fc2807f7dec6de1ed6efb9d18a70668a015f23e32d58149c9d9952bc0a7,0x0062AF40,0x0062B186,582,0x0062AF40-0x0062B186,sub_62AF40,,0x5400,game
42032fc2807f7dec6de1ed6efb9d18a70668a015f23e32d58149c9d9952bc0a7,0x0062B190,0x0062B5ED,1117,0x0062B190-0x0062B5ED,sub_62B190,,0x5400,game
42032fc2807f7dec6de1ed6efb9d18a70668a015f23e32d58149c9d9952bc0a7,0x0062B5F0,0x0062B5F1,1,0x0062B5F0-0x0062B5F1,nullsub_248,,0x5440,game
42032fc2807f7dec6de1ed6efb9d18a70668a015f23e32d58149c9d9952bc0a7,0x0062B670,0x0062B776,262,0x0062B670-0x0062B776,sub_62B670,,0x5400,game
42032fc2807f7dec6de1ed6efb9d18a70668a015f23e32d58149c9d9952bc0a7,0x0062B7C0,0x0062B7E4,36,0x0062B7C0-0x0062B7E4,sub_62B7C0,void __thiscall sub_62B7C0(void *);,0x5400,game
42032fc2807f7dec6de1ed6efb9d18a70668a015f23e32d58149c9d9952bc0a7,0x0062B7F0,0x0062B810,32,0x0062B7F0-0x0062B810,sub_62B7F0,,0x5400,game
42032fc2807f7dec6de1ed6efb9d18a70668a015f23e32d58149c9d9952bc0a7,0x0062B810,0x0062B84C,60,0x0062B810-0x0062B84C,sub_62B810,,0x5400,game
42032fc2807f7dec6de1ed6efb9d18a70668a015f23e32d58149c9d9952bc0a7,0x0062B850,0x0062B86C,28,0x0062B850-0x0062B86C,sub_62B850,,0x5400,game
42032fc2807f7dec6de1ed6efb9d18a70668a015f23e32d58149c9d9952bc0a7,0x0062B870,0x0062B89F,47,0x0062B870-0x0062B89F,sub_62B870,,0x5400,game
42032fc2807f7dec6de1ed6efb9d18a70668a015f23e32d58149c9d9952bc0a7,0x0062B8A0,0x0062BA77,471,0x0062B8A0-0x0062BA77,sub_62B8A0,,0x5400,game
42032fc2807f7dec6de1ed6efb9d18a70668a015f23e32d58149c9d9952bc0a7,0x0062BA80,0x0062BBE8,360,0x0062BA80-0x0062BBE8,sub_62BA80,,0x5400,game
42032fc2807f7dec6de1ed6efb9d18a70668a015f23e32d58149c9d9952bc0a7,0x0062BBF0,0x0062BD3D,333,0x0062BBF0-0x0062BD3D,sub_62BBF0,,0x5400,game
42032fc2807f7dec6de1ed6efb9d18a70668a015f23e32d58149c9d9952bc0a7,0x0062BF20,0x0062C00E,238,0x0062BF20-0x0062C00E,sub_62BF20,,0x5400,game
42032fc2807f7dec6de1ed6efb9d18a70668a015f23e32d58149c9d9952bc0a7,0x0062C010,0x0062C025,21,0x0062C010-0x0062C025,sub_62C010,,0x5400,game
42032fc2807f7dec6de1ed6efb9d18a70668a015f23e32d58149c9d9952bc0a7,0x0062C030,0x0062C10C,220,0x0062C030-0x0062C10C,sub_62C030,,0x5400,game
42032fc2807f7dec6de1ed6efb9d18a70668a015f23e32d58149c9d9952bc0a7,0x0062C110,0x0062C82D,1821,0x0062C110-0x0062C82D,sub_62C110,,0x5400,game
42032fc2807f7dec6de1ed6efb9d18a70668a015f23e32d58149c9d9952bc0a7,0x0062C860,0x0062C8D7,119,0x0062C860-0x0062C8D7,Callback,"BOOL __stdcall Callback(GUID *, LPSTR, LPSTR, LPVOID);",0x5400,game
42032fc2807f7dec6de1ed6efb9d18a70668a015f23e32d58149c9d9952bc0a7,0x0062C8E0,0x0062CD02,1398,0x0062C8E0-0x0062CD02;0x00663340-0x00663494,sub_62C8E0,,0x5400,game
42032fc2807f7dec6de1ed6efb9d18a70668a015f23e32d58149c9d9952bc0a7,0x0062CD10,0x0062CD48,56,0x0062CD10-0x0062CD48,sub_62CD10,,0x5400,game
42032fc2807f7dec6de1ed6efb9d18a70668a015f23e32d58149c9d9952bc0a7,0x0062CD50,0x0062D0ED,925,0x0062CD50-0x0062D0ED,sub_62CD50,,0x5400,game
42032fc2807f7dec6de1ed6efb9d18a70668a015f23e32d58149c9d9952bc0a7,0x0062D100,0x0062D13A,58,0x0062D100-0x0062D13A,sub_62D100,,0x5400,game
42032fc2807f7dec6de1ed6efb9d18a70668a015f23e32d58149c9d9952bc0a7,0x0062D140,0x0062D143,3,0x0062D140-0x0062D143,sub_62D140,,0x5400,game
42032fc2807f7dec6de1ed6efb9d18a70668a015f23e32d58149c9d9952bc0a7,0x0062D150,0x0062D151,1,0x0062D150-0x0062D151,nullsub_249,,0x5440,game
42032fc2807f7dec6de1ed6efb9d18a70668a015f23e32d58149c9d9952bc0a7,0x0062D1E0,0x0062D2B1,209,0x0062D1E0-0x0062D2B1,sub_62D1E0,int __cdecl sub_62D1E0(RECT *lprcSrc2);,0x5400,game
42032fc2807f7dec6de1ed6efb9d18a70668a015f23e32d58149c9d9952bc0a7,0x0062D2C0,0x0062D38E,206,0x0062D2C0-0x0062D38E,sub_62D2C0,,0x5400,game
42032fc2807f7dec6de1ed6efb9d18a70668a015f23e32d58149c9d9952bc0a7,0x0062D390,0x0062D396,6,0x0062D390-0x0062D396,sub_62D390,,0x5400,game
42032fc2807f7dec6de1ed6efb9d18a70668a015f23e32d58149c9d9952bc0a7,0x0062D3A0,0x0062D4F6,342,0x0062D3A0-0x0062D4F6,sub_62D3A0,"int __cdecl sub_62D3A0(LPPALETTEENTRY pPalEntries, int, LPCSTR lpWindowName, int, int, int, int);",0x5400,game
42032fc2807f7dec6de1ed6efb9d18a70668a015f23e32d58149c9d9952bc0a7,0x0062D500,0x0062D562,98,0x0062D500-0x0062D562,sub_62D500,,0x5400,game
42032fc2807f7dec6de1ed6efb9d18a70668a015f23e32d58149c9d9952bc0a7,0x0062D570,0x0062D5A3,51,0x0062D570-0x0062D5A3,sub_62D570,int __cdecl sub_62D570(char *Str1);,0x5400,game
42032fc2807f7dec6de1ed6efb9d18a70668a015f23e32d58149c9d9952bc0a7,0x0062D5B0,0x0062D5C9,25,0x0062D5B0-0x0062D5C9,sub_62D5B0,,0x5400,game
42032fc2807f7dec6de1ed6efb9d18a70668a015f23e32d58149c9d9952bc0a7,0x0062D5D0,0x0062D5E9,25,0x0062D5D0-0x0062D5E9,sub_62D5D0,,0x5400,game
42032fc2807f7dec6de1ed6efb9d18a70668a015f23e32d58149c9d9952bc0a7,0x0062D5F0,0x0062D69D,173,0x0062D5F0-0x0062D69D,sub_62D5F0,,0x5400,game
42032fc2807f7dec6de1ed6efb9d18a70668a015f23e32d58149c9d9952bc0a7,0x0062D6A0,0x0062D8DC,635,0x0062D6A0-0x0062D8DC;0x006634A0-0x006634DF,sub_62D6A0,,0x5400,game
42032fc2807f7dec6de1ed6efb9d18a70668a015f23e32d58149c9d9952bc0a7,0x0062D8E0,0x0062D9D8,248,0x0062D8E0-0x0062D9D8,sub_62D8E0,,0x5400,game
42032fc2807f7dec6de1ed6efb9d18a70668a015f23e32d58149c9d9952bc0a7,0x0062D9E0,0x0062DF16,1334,0x0062D9E0-0x0062DF16,sub_62D9E0,"int __stdcall sub_62D9E0(char *, int, int, int);",0x5400,game
42032fc2807f7dec6de1ed6efb9d18a70668a015f23e32d58149c9d9952bc0a7,0x0062DF20,0x0062DF6E,78,0x0062DF20-0x0062DF6E,sub_62DF20,,0x5400,game
42032fc2807f7dec6de1ed6efb9d18a70668a015f23e32d58149c9d9952bc0a7,0x0062DF70,0x0062DFBE,78,0x0062DF70-0x0062DFBE,sub_62DF70,,0x5400,game
42032fc2807f7dec6de1ed6efb9d18a70668a015f23e32d58149c9d9952bc0a7,0x0062DFC0,0x0062E005,69,0x0062DFC0-0x0062E005,sub_62DFC0,,0x5400,game
42032fc2807f7dec6de1ed6efb9d18a70668a015f23e32d58149c9d9952bc0a7,0x0062E010,0x0062E24A,570,0x0062E010-0x0062E24A,sub_62E010,,0x5400,game
42032fc2807f7dec6de1ed6efb9d18a70668a015f23e32d58149c9d9952bc0a7,0x0062E250,0x0062E299,73,0x0062E250-0x0062E299,sub_62E250,,0x5400,game
42032fc2807f7dec6de1ed6efb9d18a70668a015f23e32d58149c9d9952bc0a7,0x0062E2A0,0x0062E41C,380,0x0062E2A0-0x0062E41C,sub_62E2A0,,0x5400,game
42032fc2807f7dec6de1ed6efb9d18a70668a015f23e32d58149c9d9952bc0a7,0x0062E420,0x0062E536,278,0x0062E420-0x0062E536,sub_62E420,,0x5400,game
42032fc2807f7dec6de1ed6efb9d18a70668a015f23e32d58149c9d9952bc0a7,0x0062E540,0x0062EA97,1399,0x0062E540-0x0062EA97;0x006634DF-0x006634FF,sub_62E540,"int __stdcall sub_62E540(int, int, char *Str);",0x5400,game
42032fc2807f7dec6de1ed6efb9d18a70668a015f23e32d58149c9d9952bc0a7,0x0062EAA0,0x0062ED2F,655,0x0062EAA0-0x0062ED2F,sub_62EAA0,"int __stdcall sub_62EAA0(char *Str, int, char *Source);",0x5400,game
42032fc2807f7dec6de1ed6efb9d18a70668a015f23e32d58149c9d9952bc0a7,0x0062ED30,0x0062ED38,8,0x0062ED30-0x0062ED38,sub_62ED30,,0x5400,game
42032fc2807f7dec6de1ed6efb9d18a70668a015f23e32d58149c9d9952bc0a7,0x0062ED40,0x0062EDA2,98,0x0062ED40-0x0062EDA2,sub_62ED40,,0x5400,game
42032fc2807f7dec6de1ed6efb9d18a70668a015f23e32d58149c9d9952bc0a7,0x0062EDB0,0x0062EDC7,23,0x0062EDB0-0x0062EDC7,sub_62EDB0,,0x5400,game
42032fc2807f7dec6de1ed6efb9d18a70668a015f23e32d58149c9d9952bc0a7,0x0062EDD0,0x0062EDFA,42,0x0062EDD0-0x0062EDFA,sub_62EDD0,,0x5400,game
42032fc2807f7dec6de1ed6efb9d18a70668a015f23e32d58149c9d9952bc0a7,0x0062EE80,0x0062EE81,1,0x0062EE80-0x0062EE81,nullsub_250,,0x5440,game
42032fc2807f7dec6de1ed6efb9d18a70668a015f23e32d58149c9d9952bc0a7,0x0062EE90,0x0062EE91,1,0x0062EE90-0x0062EE91,nullsub_251,,0x5440,game
42032fc2807f7dec6de1ed6efb9d18a70668a015f23e32d58149c9d9952bc0a7,0x0062EEA0,0x0062F38C,1260,0x0062EEA0-0x0062F38C,sub_62EEA0,"int __stdcall sub_62EEA0(void *Src, size_t Size, int, int);",0x5400,game
42032fc2807f7dec6de1ed6efb9d18a70668a015f23e32d58149c9d9952bc0a7,0x0062F390,0x0062F89D,1293,0x0062F390-0x0062F89D,sub_62F390,"int __stdcall sub_62F390(void *Src, size_t Size, int, int, int);",0x5400,game
42032fc2807f7dec6de1ed6efb9d18a70668a015f23e32d58149c9d9952bc0a7,0x0062F8A0,0x0063007F,2015,0x0062F8A0-0x0063007F,sub_62F8A0,"int __stdcall sub_62F8A0(void *Src, size_t Size, int, int, int);",0x5400,game
42032fc2807f7dec6de1ed6efb9d18a70668a015f23e32d58149c9d9952bc0a7,0x00630080,0x00630978,2296,0x00630080-0x00630978,sub_630080,"int __stdcall sub_630080(void *Src, size_t Size, int, int);",0x5400,game
42032fc2807f7dec6de1ed6efb9d18a70668a015f23e32d58149c9d9952bc0a7,0x00630A00,0x00630A3A,58,0x00630A00-0x00630A3A,sub_630A00,,0x5400,game
42032fc2807f7dec6de1ed6efb9d18a70668a015f23e32d58149c9d9952bc0a7,0x00630A80,0x00630AFC,124,0x00630A80-0x00630AFC,sub_630A80,,0x5400,game
42032fc2807f7dec6de1ed6efb9d18a70668a015f23e32d58149c9d9952bc0a7,0x00630B00,0x00630B7C,124,0x00630B00-0x00630B7C,sub_630B00,,0x5400,game
42032fc2807f7dec6de1ed6efb9d18a70668a015f23e32d58149c9d9952bc0a7,0x00630B80,0x00630BE3,99,0x00630B80-0x00630BE3,sub_630B80,,0x5400,game
42032fc2807f7dec6de1ed6efb9d18a70668a015f23e32d58149c9d9952bc0a7,0x00630BF0,0x00630C29,57,0x00630BF0-0x00630C29,sub_630BF0,"int __stdcall sub_630BF0(void *Buf1, int, int, int, int);",0x5400,game
42032fc2807f7dec6de1ed6efb9d18a70668a015f23e32d58149c9d9952bc0a7,0x00630C30,0x00630C7C,76,0x00630C30-0x00630C7C,sub_630C30,,0x5400,game
42032fc2807f7dec6de1ed6efb9d18a70668a015f23e32d58149c9d9952bc0a7,0x00630C80,0x00630D63,227,0x00630C80-0x00630D63,sub_630C80,,0x5400,game
42032fc2807f7dec6de1ed6efb9d18a70668a015f23e32d58149c9d9952bc0a7,0x00630D70,0x00631044,792,0x004E38E0-0x004E38FB;0x00630D70-0x00631044;0x006634FF-0x00663528,sub_630D70,,0x5400,game
42032fc2807f7dec6de1ed6efb9d18a70668a015f23e32d58149c9d9952bc0a7,0x00631050,0x00631A06,3001,0x00631050-0x00631A06;0x00663528-0x0066372B,sub_631050,,0x5400,game
42032fc2807f7dec6de1ed6efb9d18a70668a015f23e32d58149c9d9952bc0a7,0x00631A10,0x00631A11,1,0x00631A10-0x00631A11,nullsub_252,,0x5440,game
42032fc2807f7dec6de1ed6efb9d18a70668a015f23e32d58149c9d9952bc0a7,0x00631A20,0x00631A55,53,0x00631A20-0x00631A55,sub_631A20,,0x5400,game
42032fc2807f7dec6de1ed6efb9d18a70668a015f23e32d58149c9d9952bc0a7,0x00631A60,0x00631B2E,206,0x00631A60-0x00631B2E,sub_631A60,,0x5400,game
42032fc2807f7dec6de1ed6efb9d18a70668a015f23e32d58149c9d9952bc0a7,0x00631B30,0x00631B9A,106,0x00631B30-0x00631B9A,sub_631B30,,0x5400,game
42032fc2807f7dec6de1ed6efb9d18a70668a015f23e32d58149c9d9952bc0a7,0x00631BA0,0x00631EDB,827,0x00631BA0-0x00631EDB,sub_631BA0,,0x5400,game
42032fc2807f7dec6de1ed6efb9d18a70668a015f23e32d58149c9d9952bc0a7,0x00632070,0x006320DA,106,0x00632070-0x006320DA,sub_632070,,0x5400,game
42032fc2807f7dec6de1ed6efb9d18a70668a015f23e32d58149c9d9952bc0a7,0x006320E0,0x00632290,432,0x006320E0-0x00632290,sub_6320E0,,0x5400,game
42032fc2807f7dec6de1ed6efb9d18a70668a015f23e32d58149c9d9952bc0a7,0x00632290,0x006322FC,108,0x00632290-0x006322FC,sub_632290,,0x5400,game
42032fc2807f7dec6de1ed6efb9d18a70668a015f23e32d58149c9d9952bc0a7,0x00632300,0x00632341,65,0x00632300-0x00632341,sub_632300,,0x5400,game
42032fc2807f7dec6de1ed6efb9d18a70668a015f23e32d58149c9d9952bc0a7,0x00632350,0x00632716,966,0x00632350-0x00632716,sub_632350,"int __stdcall sub_632350(int Src, int);",0x5400,game
42032fc2807f7dec6de1ed6efb9d18a70668a015f23e32d58149c9d9952bc0a7,0x00632740,0x006327CA,138,0x00632740-0x006327CA,StartAddress,void __cdecl StartAddress(void *);,0x5401,game
42032fc2807f7dec6de1ed6efb9d18a70668a015f23e32d58149c9d9952bc0a7,0x006327E0,0x00632CB3,1235,0x006327E0-0x00632CB3,sub_6327E0,,0x5400,game
42032fc2807f7dec6de1ed6efb9d18a70668a015f23e32d58149c9d9952bc0a7,0x00632CC0,0x00632DAA,234,0x00632CC0-0x00632DAA,sub_632CC0,"int __stdcall sub_632CC0(char *Source, int, char);",0x5400,game
42032fc2807f7dec6de1ed6efb9d18a70668a015f23e32d58149c9d9952bc0a7,0x00632DB0,0x00632F97,487,0x00632DB0-0x00632F97,sub_632DB0,,0x5400,game
42032fc2807f7dec6de1ed6efb9d18a70668a015f23e32d58149c9d9952bc0a7,0x00633010,0x00633152,449,0x00633010-0x00633152;0x00663730-0x006637AF,sub_633010,,0x5400,game
42032fc2807f7dec6de1ed6efb9d18a70668a015f23e32d58149c9d9952bc0a7,0x00633180,0x006336C2,1536,0x00633180-0x006336C2;0x006637B0-0x0066386E,sub_633180,,0x5400,game
42032fc2807f7dec6de1ed6efb9d18a70668a015f23e32d58149c9d9952bc0a7,0x006336D0,0x00633711,65,0x006336D0-0x00633711,sub_6336D0,"int __thiscall sub_6336D0(void *Block, char);",0x5400,game
42032fc2807f7dec6de1ed6efb9d18a70668a015f23e32d58149c9d9952bc0a7,0x00633720,0x00633725,5,0x00633720-0x00633725,sub_633720,,0x5480,thunk
42032fc2807f7dec6de1ed6efb9d18a70668a015f23e32d58149c9d9952bc0a7,0x00633750,0x0063379D,77,0x00633750-0x0063379D,sub_633750,void __thiscall sub_633750(void *);,0x5400,game
42032fc2807f7dec6de1ed6efb9d18a70668a015f23e32d58149c9d9952bc0a7,0x006337A0,0x006337D6,54,0x006337A0-0x006337D6,sub_6337A0,,0x5400,game
42032fc2807f7dec6de1ed6efb9d18a70668a015f23e32d58149c9d9952bc0a7,0x006337E0,0x00633841,97,0x006337E0-0x00633841,sub_6337E0,,0x5400,game
42032fc2807f7dec6de1ed6efb9d18a70668a015f23e32d58149c9d9952bc0a7,0x00633850,0x00633912,194,0x00633850-0x00633912,sub_633850,,0x5400,game
42032fc2807f7dec6de1ed6efb9d18a70668a015f23e32d58149c9d9952bc0a7,0x00633920,0x0063397F,95,0x00633920-0x0063397F,sub_633920,,0x5400,game
42032fc2807f7dec6de1ed6efb9d18a70668a015f23e32d58149c9d9952bc0a7,0x00633980,0x00633997,23,0x00633980-0x00633997,sub_633980,,0x5400,game
42032fc2807f7dec6de1ed6efb9d18a70668a015f23e32d58149c9d9952bc0a7,0x006339A0,0x006339A3,3,0x006339A0-0x006339A3,sub_6339A0,,0x5400,game
42032fc2807f7dec6de1ed6efb9d18a70668a015f23e32d58149c9d9952bc0a7,0x006339B0,0x006339B1,1,0x006339B0-0x006339B1,nullsub_14,,0x5440,game
42032fc2807f7dec6de1ed6efb9d18a70668a015f23e32d58149c9d9952bc0a7,0x006339C0,0x006339DB,27,0x006339C0-0x006339DB,sub_6339C0,,0x5400,game
42032fc2807f7dec6de1ed6efb9d18a70668a015f23e32d58149c9d9952bc0a7,0x006339E0,0x00633A42,98,0x006339E0-0x00633A42,sub_6339E0,,0x5400,game
42032fc2807f7dec6de1ed6efb9d18a70668a015f23e32d58149c9d9952bc0a7,0x00633A50,0x00633AAB,91,0x00633A50-0x00633AAB,sub_633A50,,0x5400,game
42032fc2807f7dec6de1ed6efb9d18a70668a015f23e32d58149c9d9952bc0a7,0x00633AB0,0x00633B9A,234,0x00633AB0-0x00633B9A,sub_633AB0,"int __stdcall sub_633AB0(void *Src, size_t Size, int, int, int);",0x5400,game
42032fc2807f7dec6de1ed6efb9d18a70668a015f23e32d58149c9d9952bc0a7,0x00633BA0,0x00633C81,225,0x00633BA0-0x00633C81,sub_633BA0,"int __stdcall sub_633BA0(void *Src, size_t Size, int, int, int);",0x5400,game
42032fc2807f7dec6de1ed6efb9d18a70668a015f23e32d58149c9d9952bc0a7,0x00633C90,0x00633D81,241,0x00633C90-0x00633D81,sub_633C90,"int __stdcall sub_633C90(void *, int, int, int);",0x5400,game
42032fc2807f7dec6de1ed6efb9d18a70668a015f23e32d58149c9d9952bc0a7,0x00633D90,0x00633E75,229,0x00633D90-0x00633E75,sub_633D90,"int __stdcall sub_633D90(void *, int, int, int);",0x5400,game
42032fc2807f7dec6de1ed6efb9d18a70668a015f23e32d58149c9d9952bc0a7,0x00633E80,0x00633F65,229,0x00633E80-0x00633F65,sub_633E80,"int __stdcall sub_633E80(void *, int, int, int);",0x5400,game
42032fc2807f7dec6de1ed6efb9d18a70668a015f23e32d58149c9d9952bc0a7,0x00633F70,0x0063401D,173,0x00633F70-0x0063401D,sub_633F70,"int __stdcall sub_633F70(void *, int, int, int);",0x5400,game
42032fc2807f7dec6de1ed6efb9d18a70668a015f23e32d58149c9d9952bc0a7,0x006340C0,0x00634159,153,0x006340C0-0x00634159,sub_6340C0,"int __stdcall sub_6340C0(void *, int, int, int);",0x5400,game
42032fc2807f7dec6de1ed6efb9d18a70668a015f23e32d58149c9d9952bc0a7,0x00634200,0x0063427E,126,0x00634200-0x0063427E,sub_634200,"int __stdcall sub_634200(void *, int, int, int);",0x5400,game
42032fc2807f7dec6de1ed6efb9d18a70668a015f23e32d58149c9d9952bc0a7,0x00634280,0x00634326,166,0x00634280-0x00634326,sub_634280,,0x5400,game
42032fc2807f7dec6de1ed6efb9d18a70668a015f23e32d58149c9d9952bc0a7,0x00634330,0x006343BD,141,0x00634330-0x006343BD,sub_634330,,0x5400,game
42032fc2807f7dec6de1ed6efb9d18a70668a015f23e32d58149c9d9952bc0a7,0x006343C0,0x006343CD,13,0x006343C0-0x006343CD,unknown_libname_295,void __thiscall unknown_libname_295(void *);,0x5444,library
42032fc2807f7dec6de1ed6efb9d18a70668a015f23e32d58149c9d9952bc0a7,0x006343D0,0x006343DB,11,0x006343D0-0x006343DB,unknown_libname_296,,0x5444,library
42032fc2807f7dec6de1ed6efb9d18a70668a015f23e32d58149c9d9952bc0a7,0x006343E0,0x0063442B,75,0x006343E0-0x0063442B,sub_6343E0,,0x5400,game
42032fc2807f7dec6de1ed6efb9d18a70668a015f23e32d58149c9d9952bc0a7,0x00634430,0x0063447B,75,0x00634430-0x0063447B,sub_634430,,0x5400,game
42032fc2807f7dec6de1ed6efb9d18a70668a015f23e32d58149c9d9952bc0a7,0x00634480,0x006344A1,33,0x00634480-0x006344A1,sub_634480,,0x5400,game
42032fc2807f7dec6de1ed6efb9d18a70668a015f23e32d58149c9d9952bc0a7,0x006344B0,0x006344D1,33,0x006344B0-0x006344D1,sub_6344B0,,0x5400,game
42032fc2807f7dec6de1ed6efb9d18a70668a015f23e32d58149c9d9952bc0a7,0x00634520,0x006345DD,189,0x00634520-0x006345DD,sub_634520,,0x5400,game
42032fc2807f7dec6de1ed6efb9d18a70668a015f23e32d58149c9d9952bc0a7,0x006345E0,0x00634641,97,0x006345E0-0x00634641,sub_6345E0,,0x5400,game
42032fc2807f7dec6de1ed6efb9d18a70668a015f23e32d58149c9d9952bc0a7,0x00634670,0x006346B1,65,0x00634670-0x006346B1,sub_634670,"int __stdcall sub_634670(int, float);",0x5400,game
42032fc2807f7dec6de1ed6efb9d18a70668a015f23e32d58149c9d9952bc0a7,0x006346C0,0x006346E4,36,0x006346C0-0x006346E4,sub_6346C0,,0x5400,game
42032fc2807f7dec6de1ed6efb9d18a70668a015f23e32d58149c9d9952bc0a7,0x006346F0,0x00634712,34,0x006346F0-0x00634712,sub_6346F0,,0x5400,game
42032fc2807f7dec6de1ed6efb9d18a70668a015f23e32d58149c9d9952bc0a7,0x00634720,0x006347BE,158,0x00634720-0x006347BE,sub_634720,,0x5400,game
42032fc2807f7dec6de1ed6efb9d18a70668a015f23e32d58149c9d9952bc0a7,0x006347C0,0x006347F0,48,0x006347C0-0x006347F0,sub_6347C0,,0x5400,game
42032fc2807f7dec6de1ed6efb9d18a70668a015f23e32d58149c9d9952bc0a7,0x006347F0,0x006348BC,204,0x006347F0-0x006348BC,sub_6347F0,,0x5400,game
42032fc2807f7dec6de1ed6efb9d18a70668a015f23e32d58149c9d9952bc0a7,0x006348F0,0x00634920,48,0x006348F0-0x00634920,sub_6348F0,,0x5400,game
42032fc2807f7dec6de1ed6efb9d18a70668a015f23e32d58149c9d9952bc0a7,0x00634920,0x00634975,85,0x00634920-0x00634975,sub_634920,,0x5400,game
42032fc2807f7dec6de1ed6efb9d18a70668a015f23e32d58149c9d9952bc0a7,0x00634980,0x00634A50,208,0x00634980-0x00634A50,sub_634980,,0x5400,game
42032fc2807f7dec6de1ed6efb9d18a70668a015f23e32d58149c9d9952bc0a7,0x00634A50,0x00634AC9,121,0x00634A50-0x00634AC9,sub_634A50,,0x5400,game
42032fc2807f7dec6de1ed6efb9d18a70668a015f23e32d58149c9d9952bc0a7,0x00634AD0,0x00634B67,151,0x00634AD0-0x00634B67,sub_634AD0,"int __stdcall sub_634AD0(int, float);",0x5400,game
42032fc2807f7dec6de1ed6efb9d18a70668a015f23e32d58149c9d9952bc0a7,0x00634B70,0x00634B94,36,0x00634B70-0x00634B94,sub_634B70,,0x5400,game
42032fc2807f7dec6de1ed6efb9d18a70668a015f23e32d58149c9d9952bc0a7,0x00634BA0,0x00634BA3,3,0x00634BA0-0x00634BA3,??0Iostream_init@@QAE@XZ_1,Iostream_init *__thiscall Iostream_init__Iostream_init(Iostream_init *__hidden this);,0x5444,library
42032fc2807f7dec6de1ed6efb9d18a70668a015f23e32d58149c9d9952bc0a7,0x00634BB0,0x00634BD4,36,0x00634BB0-0x00634BD4,sub_634BB0,"int __cdecl sub_634BB0(char *Source, char *Mode);",0x5400,game
42032fc2807f7dec6de1ed6efb9d18a70668a015f23e32d58149c9d9952bc0a7,0x00634BE0,0x00634C13,51,0x00634BE0-0x00634C13,sub_634BE0,,0x5400,game
42032fc2807f7dec6de1ed6efb9d18a70668a015f23e32d58149c9d9952bc0a7,0x00634C20,0x00634C21,1,0x00634C20-0x00634C21,nullsub_15,,0x5440,game
42032fc2807f7dec6de1ed6efb9d18a70668a015f23e32d58149c9d9952bc0a7,0x00634C30,0x00634CEE,190,0x00634C30-0x00634CEE,sub_634C30,int __thiscall sub_634C30(char *Destination);,0x5400,game
42032fc2807f7dec6de1ed6efb9d18a70668a015f23e32d58149c9d9952bc0a7,0x00634CF0,0x00634DAE,190,0x00634CF0-0x00634DAE,sub_634CF0,int __thiscall sub_634CF0(char *Destination);,0x5400,game
42032fc2807f7dec6de1ed6efb9d18a70668a015f23e32d58149c9d9952bc0a7,0x00634DB0,0x00634E73,195,0x00634DB0-0x00634E73,sub_634DB0,"int __stdcall sub_634DB0(char *Str, char *Source);",0x5400,game
42032fc2807f7dec6de1ed6efb9d18a70668a015f23e32d58149c9d9952bc0a7,0x00634E80,0x00634ECC,76,0x00634E80-0x00634ECC,sub_634E80,int __stdcall sub_634E80(char *Str);,0x5400,game
42032fc2807f7dec6de1ed6efb9d18a70668a015f23e32d58149c9d9952bc0a7,0x00634ED0,0x00634F1E,78,0x00634ED0-0x00634F1E,sub_634ED0,int __stdcall sub_634ED0(char *Str);,0x5400,game
42032fc2807f7dec6de1ed6efb9d18a70668a015f23e32d58149c9d9952bc0a7,0x00634F20,0x00634F6E,78,0x00634F20-0x00634F6E,sub_634F20,int __stdcall sub_634F20(char *Str);,0x5400,game
42032fc2807f7dec6de1ed6efb9d18a70668a015f23e32d58149c9d9952bc0a7,0x00634F70,0x00634FA1,49,0x00634F70-0x00634FA1,sub_634F70,,0x5400,game
42032fc2807f7dec6de1ed6efb9d18a70668a015f23e32d58149c9d9952bc0a7,0x00634FB0,0x00634FC0,16,0x00634FB0-0x00634FC0,sub_634FB0,,0x5400,game
42032fc2807f7dec6de1ed6efb9d18a70668a015f23e32d58149c9d9952bc0a7,0x00634FE0,0x00635046,102,0x00634FE0-0x00635046,sub_634FE0,,0x5400,game
42032fc2807f7dec6de1ed6efb9d18a70668a015f23e32d58149c9d9952bc0a7,0x00635050,0x00635370,800,0x00635050-0x00635370,sub_635050,,0x5400,game
42032fc2807f7dec6de1ed6efb9d18a70668a015f23e32d58149c9d9952bc0a7,0x00635370,0x006353BD,77,0x00635370-0x006353BD,sub_635370,int __stdcall sub_635370(int Value);,0x5400,game
42032fc2807f7dec6de1ed6efb9d18a70668a015f23e32d58149c9d9952bc0a7,0x006353C0,0x00635402,66,0x006353C0-0x00635402,sub_6353C0,int __stdcall sub_6353C0(int Value);,0x5400,game
42032fc2807f7dec6de1ed6efb9d18a70668a015f23e32d58149c9d9952bc0a7,0x00635410,0x00635441,49,0x00635410-0x00635441,sub_635410,,0x5400,game
42032fc2807f7dec6de1ed6efb9d18a70668a015f23e32d58149c9d9952bc0a7,0x00635450,0x006354CA,122,0x00635450-0x006354CA,sub_635450,void __cdecl sub_635450();,0x5400,game
42032fc2807f7dec6de1ed6efb9d18a70668a015f23e32d58149c9d9952bc0a7,0x006354D0,0x006354E9,25,0x006354D0-0x006354E9,sub_6354D0,,0x5400,game
42032fc2807f7dec6de1ed6efb9d18a70668a015f23e32d58149c9d9952bc0a7,0x00635510,0x00635746,587,0x00635510-0x00635746;0x00663870-0x00663885,sub_635510,,0x5400,game
42032fc2807f7dec6de1ed6efb9d18a70668a015f23e32d58149c9d9952bc0a7,0x00635750,0x006357C1,113,0x00635750-0x006357C1,sub_635750,,0x5400,game
42032fc2807f7dec6de1ed6efb9d18a70668a015f23e32d58149c9d9952bc0a7,0x006357D0,0x00635835,101,0x006357D0-0x00635835,sub_6357D0,,0x5400,game
42032fc2807f7dec6de1ed6efb9d18a70668a015f23e32d58149c9d9952bc0a7,0x00635870,0x00635F0B,1691,0x00635870-0x00635F0B,sub_635870,,0x5400,game
42032fc2807f7dec6de1ed6efb9d18a70668a015f23e32d58149c9d9952bc0a7,0x00636300,0x006363EE,238,0x00636300-0x006363EE,sub_636300,,0x5400,game
42032fc2807f7dec6de1ed6efb9d18a70668a015f23e32d58149c9d9952bc0a7,0x006363F0,0x006363FC,12,0x006363F0-0x006363FC,sub_6363F0,,0x5400,game
42032fc2807f7dec6de1ed6efb9d18a70668a015f23e32d58149c9d9952bc0a7,0x00636400,0x0063652E,359,0x00636400-0x0063652E;0x00663890-0x006638C9,sub_636400,,0x5400,game
42032fc2807f7dec6de1ed6efb9d18a70668a015f23e32d58149c9d9952bc0a7,0x00636530,0x006365A6,175,0x00636530-0x006365A6;0x006638C9-0x00663902,sub_636530,,0x5400,game
42032fc2807f7dec6de1ed6efb9d18a70668a015f23e32d58149c9d9952bc0a7,0x006365B0,0x00636732,386,0x006365B0-0x00636732,sub_6365B0,,0x5400,game
42032fc2807f7dec6de1ed6efb9d18a70668a015f23e32d58149c9d9952bc0a7,0x00636740,0x0063684D,269,0x00636740-0x0063684D,sub_636740,,0x5400,game
42032fc2807f7dec6de1ed6efb9d18a70668a015f23e32d58149c9d9952bc0a7,0x00636850,0x006368C8,120,0x00636850-0x006368C8,sub_636850,,0x5400,game
42032fc2807f7dec6de1ed6efb9d18a70668a015f23e32d58149c9d9952bc0a7,0x006368D0,0x00636954,132,0x006368D0-0x00636954,sub_6368D0,,0x5400,game
42032fc2807f7dec6de1ed6efb9d18a70668a015f23e32d58149c9d9952bc0a7,0x00636960,0x00636F99,1593,0x00636960-0x00636F99,sub_636960,"int __stdcall sub_636960(LPSTR pszFileName, int);",0x5400,game
42032fc2807f7dec6de1ed6efb9d18a70668a015f23e32d58149c9d9952bc0a7,0x00637190,0x00637195,5,0x00637190-0x00637195,sub_637190,,0x5400,game
42032fc2807f7dec6de1ed6efb9d18a70668a015f23e32d58149c9d9952bc0a7,0x006371D0,0x006372F7,295,0x006371D0-0x006372F7,sub_6371D0,,0x5400,game
42032fc2807f7dec6de1ed6efb9d18a70668a015f23e32d58149c9d9952bc0a7,0x00637310,0x00637395,133,0x00637310-0x00637395,sub_637310,,0x5400,game
42032fc2807f7dec6de1ed6efb9d18a70668a015f23e32d58149c9d9952bc0a7,0x006373A0,0x00637526,390,0x006373A0-0x00637526,sub_6373A0,,0x5400,game
42032fc2807f7dec6de1ed6efb9d18a70668a015f23e32d58149c9d9952bc0a7,0x00637530,0x00637865,821,0x00637530-0x00637865,sub_637530,,0x5400,game
42032fc2807f7dec6de1ed6efb9d18a70668a015f23e32d58149c9d9952bc0a7,0x00637910,0x00637C26,790,0x00637910-0x00637C26,sub_637910,,0x5400,game
42032fc2807f7dec6de1ed6efb9d18a70668a015f23e32d58149c9d9952bc0a7,0x00637C30,0x00637D62,306,0x00637C30-0x00637D62,sub_637C30,,0x5400,game
42032fc2807f7dec6de1ed6efb9d18a70668a015f23e32d58149c9d9952bc0a7,0x00637D70,0x0063808D,797,0x00637D70-0x0063808D,sub_637D70,,0x5400,game
42032fc2807f7dec6de1ed6efb9d18a70668a015f23e32d58149c9d9952bc0a7,0x00638090,0x00638128,152,0x00638090-0x00638128,sub_638090,,0x5400,game
42032fc2807f7dec6de1ed6efb9d18a70668a015f23e32d58149c9d9952bc0a7,0x00638130,0x006381DD,173,0x00638130-0x006381DD,sub_638130,,0x5400,game
42032fc2807f7dec6de1ed6efb9d18a70668a015f23e32d58149c9d9952bc0a7,0x006381E0,0x006381E5,5,0x006381E0-0x006381E5,sub_6381E0,,0x5480,thunk
42032fc2807f7dec6de1ed6efb9d18a70668a015f23e32d58149c9d9952bc0a7,0x006381F0,0x00638425,565,0x006381F0-0x00638425,sub_6381F0,,0x5400,game
42032fc2807f7dec6de1ed6efb9d18a70668a015f23e32d58149c9d9952bc0a7,0x00638430,0x006385CD,413,0x00638430-0x006385CD,sub_638430,,0x5400,game
42032fc2807f7dec6de1ed6efb9d18a70668a015f23e32d58149c9d9952bc0a7,0x006385D0,0x00638611,65,0x006385D0-0x00638611,sub_6385D0,"int __cdecl sub_6385D0(int, float);",0x5400,game
42032fc2807f7dec6de1ed6efb9d18a70668a015f23e32d58149c9d9952bc0a7,0x00638620,0x0063864E,46,0x00638620-0x0063864E,sub_638620,,0x5400,game
42032fc2807f7dec6de1ed6efb9d18a70668a015f23e32d58149c9d9952bc0a7,0x00638650,0x006386A8,88,0x00638650-0x006386A8,sub_638650,,0x5400,game
42032fc2807f7dec6de1ed6efb9d18a70668a015f23e32d58149c9d9952bc0a7,0x006386B0,0x006386CC,28,0x006386B0-0x006386CC,sub_6386B0,,0x5400,game
42032fc2807f7dec6de1ed6efb9d18a70668a015f23e32d58149c9d9952bc0a7,0x006386D0,0x0063871D,77,0x006386D0-0x0063871D,sub_6386D0,,0x5400,game
42032fc2807f7dec6de1ed6efb9d18a70668a015f23e32d58149c9d9952bc0a7,0x00638720,0x006388B2,402,0x00638720-0x006388B2,sub_638720,,0x5400,game
42032fc2807f7dec6de1ed6efb9d18a70668a015f23e32d58149c9d9952bc0a7,0x006388C0,0x00638AC2,514,0x006388C0-0x00638AC2,sub_6388C0,,0x5400,game
42032fc2807f7dec6de1ed6efb9d18a70668a015f23e32d58149c9d9952bc0a7,0x00638AD0,0x00638CB9,489,0x00638AD0-0x00638CB9,sub_638AD0,,0x5400,game
42032fc2807f7dec6de1ed6efb9d18a70668a015f23e32d58149c9d9952bc0a7,0x00638CC0,0x00638DD4,276,0x00638CC0-0x00638DD4,sub_638CC0,,0x5400,game
42032fc2807f7dec6de1ed6efb9d18a70668a015f23e32d58149c9d9952bc0a7,0x00638DE0,0x00638F2A,330,0x00638DE0-0x00638F2A,sub_638DE0,,0x5400,game
42032fc2807f7dec6de1ed6efb9d18a70668a015f23e32d58149c9d9952bc0a7,0x00638F30,0x00639086,342,0x00638F30-0x00639086,sub_638F30,,0x5400,game
42032fc2807f7dec6de1ed6efb9d18a70668a015f23e32d58149c9d9952bc0a7,0x00639090,0x006391E6,342,0x00639090-0x006391E6,sub_639090,,0x5400,game
42032fc2807f7dec6de1ed6efb9d18a70668a015f23e32d58149c9d9952bc0a7,0x006391F0,0x006392DC,236,0x006391F0-0x006392DC,sub_6391F0,,0x5400,game
42032fc2807f7dec6de1ed6efb9d18a70668a015f23e32d58149c9d9952bc0a7,0x006392E0,0x0063937F,159,0x006392E0-0x0063937F,sub_6392E0,,0x5400,game
42032fc2807f7dec6de1ed6efb9d18a70668a015f23e32d58149c9d9952bc0a7,0x00639380,0x00639381,1,0x00639380-0x00639381,nullsub_16,,0x5440,game
42032fc2807f7dec6de1ed6efb9d18a70668a015f23e32d58149c9d9952bc0a7,0x00639390,0x006393B9,41,0x00639390-0x006393B9,sub_639390,,0x5400,game
42032fc2807f7dec6de1ed6efb9d18a70668a015f23e32d58149c9d9952bc0a7,0x006393C0,0x00639612,594,0x006393C0-0x00639612,sub_6393C0,,0x5400,game
42032fc2807f7dec6de1ed6efb9d18a70668a015f23e32d58149c9d9952bc0a7,0x00639630,0x00639694,100,0x00639630-0x00639694,sub_639630,,0x5400,game
42032fc2807f7dec6de1ed6efb9d18a70668a015f23e32d58149c9d9952bc0a7,0x006396A0,0x00639E54,1972,0x006396A0-0x00639E54,sub_6396A0,,0x5400,game
42032fc2807f7dec6de1ed6efb9d18a70668a015f23e32d58149c9d9952bc0a7,0x00639E60,0x0063A279,1049,0x00639E60-0x0063A279,sub_639E60,,0x5400,game
42032fc2807f7dec6de1ed6efb9d18a70668a015f23e32d58149c9d9952bc0a7,0x0063A280,0x0063A6F0,1136,0x0063A280-0x0063A6F0,sub_63A280,,0x5400,game
42032fc2807f7dec6de1ed6efb9d18a70668a015f23e32d58149c9d9952bc0a7,0x0063A6F0,0x0063A9C9,729,0x0063A6F0-0x0063A9C9,sub_63A6F0,,0x5400,game
42032fc2807f7dec6de1ed6efb9d18a70668a015f23e32d58149c9d9952bc0a7,0x0063A9D0,0x0063AD54,900,0x0063A9D0-0x0063AD54,sub_63A9D0,,0x5400,game
42032fc2807f7dec6de1ed6efb9d18a70668a015f23e32d58149c9d9952bc0a7,0x0063AD60,0x0063AE12,178,0x0063AD60-0x0063AE12,sub_63AD60,,0x5400,game
42032fc2807f7dec6de1ed6efb9d18a70668a015f23e32d58149c9d9952bc0a7,0x0063AE20,0x0063AED2,178,0x0063AE20-0x0063AED2,sub_63AE20,,0x5400,game
42032fc2807f7dec6de1ed6efb9d18a70668a015f23e32d58149c9d9952bc0a7,0x0063AEE0,0x0063AEF4,109,0x0063AEE0-0x0063AEF4;0x0066731C-0x00667375,sub_63AEE0,,0x5400,game
42032fc2807f7dec6de1ed6efb9d18a70668a015f23e32d58149c9d9952bc0a7,0x0063AF00,0x0063AF14,109,0x0063AF00-0x0063AF14;0x0066731C-0x00667375,sub_63AF00,,0x5400,game
42032fc2807f7dec6de1ed6efb9d18a70668a015f23e32d58149c9d9952bc0a7,0x0063AF20,0x0063AF34,109,0x0063AF20-0x0063AF34;0x0066731C-0x00667375,sub_63AF20,,0x5400,game
42032fc2807f7dec6de1ed6efb9d18a70668a015f23e32d58149c9d9952bc0a7,0x0063AF40,0x0063AF54,109,0x0063AF40-0x0063AF54;0x0066731C-0x00667375,sub_63AF40,,0x5400,game
42032fc2807f7dec6de1ed6efb9d18a70668a015f23e32d58149c9d9952bc0a7,0x0063AF60,0x0063B072,274,0x0063AF60-0x0063B072,sub_63AF60,,0x5400,game
42032fc2807f7dec6de1ed6efb9d18a70668a015f23e32d58149c9d9952bc0a7,0x0063B072,0x0063B11C,170,0x0063B072-0x0063B11C,sub_63B072,,0x5400,game
42032fc2807f7dec6de1ed6efb9d18a70668a015f23e32d58149c9d9952bc0a7,0x0063B11C,0x0063B1BF,163,0x0063B11C-0x0063B1BF,sub_63B11C,,0x5400,game
42032fc2807f7dec6de1ed6efb9d18a70668a015f23e32d58149c9d9952bc0a7,0x0063B1BF,0x0063B241,130,0x0063B1BF-0x0063B241,sub_63B1BF,,0x5400,game
42032fc2807f7dec6de1ed6efb9d18a70668a015f23e32d58149c9d9952bc0a7,0x0063B241,0x0063B2CB,138,0x0063B241-0x0063B2CB,sub_63B241,,0x5400,game
42032fc2807f7dec6de1ed6efb9d18a70668a015f23e32d58149c9d9952bc0a7,0x0063B2D0,0x0063B2E0,16,0x0063B2D0-0x0063B2E0,sub_63B2D0,,0x5400,game
42032fc2807f7dec6de1ed6efb9d18a70668a015f23e32d58149c9d9952bc0a7,0x0063B2E0,0x0063B8CA,1560,0x0063B2E0-0x0063B8CA;0x00663910-0x0066393E,sub_63B2E0,,0x5400,game
42032fc2807f7dec6de1ed6efb9d18a70668a015f23e32d58149c9d9952bc0a7,0x0063B8D0,0x0063B90A,58,0x0063B8D0-0x0063B90A,sub_63B8D0,,0x5400,game
42032fc2807f7dec6de1ed6efb9d18a70668a015f23e32d58149c9d9952bc0a7,0x0063B910,0x0063B92D,29,0x0063B910-0x0063B92D,sub_63B910,,0x5400,game
42032fc2807f7dec6de1ed6efb9d18a70668a015f23e32d58149c9d9952bc0a7,0x0063B930,0x0063B931,1,0x0063B930-0x0063B931,nullsub_17,,0x5440,game
42032fc2807f7dec6de1ed6efb9d18a70668a015f23e32d58149c9d9952bc0a7,0x0063B940,0x0063B9AE,110,0x0063B940-0x0063B9AE,sub_63B940,,0x5C10,game
42032fc2807f7dec6de1ed6efb9d18a70668a015f23e32d58149c9d9952bc0a7,0x0063B9B0,0x0063BABB,267,0x0063B9B0-0x0063BABB,sub_63B9B0,,0x5400,game
42032fc2807f7dec6de1ed6efb9d18a70668a015f23e32d58149c9d9952bc0a7,0x0063BAE0,0x0063BAF6,22,0x0063BAE0-0x0063BAF6,sub_63BAE0,,0x5400,game
42032fc2807f7dec6de1ed6efb9d18a70668a015f23e32d58149c9d9952bc0a7,0x0063BB00,0x0063BB1F,31,0x0063BB00-0x0063BB1F,sub_63BB00,void __cdecl sub_63BB00();,0x5400,game
42032fc2807f7dec6de1ed6efb9d18a70668a015f23e32d58149c9d9952bc0a7,0x0063BB20,0x0063BD06,574,0x0063BB20-0x0063BD06;0x00663940-0x00663998,sub_63BB20,,0x5400,game
42032fc2807f7dec6de1ed6efb9d18a70668a015f23e32d58149c9d9952bc0a7,0x0063BD10,0x0063BEAD,413,0x0063BD10-0x0063BEAD,sub_63BD10,,0x5400,game
42032fc2807f7dec6de1ed6efb9d18a70668a015f23e32d58149c9d9952bc0a7,0x0063BF10,0x0063C33F,1071,0x0063BF10-0x0063C33F,sub_63BF10,"int __thiscall sub_63BF10(int, int, int, int, int, int, int);",0x5400,game
42032fc2807f7dec6de1ed6efb9d18a70668a015f23e32d58149c9d9952bc0a7,0x0063C3A0,0x0063C4D6,310,0x0063C3A0-0x0063C4D6,sub_63C3A0,,0x5400,game
42032fc2807f7dec6de1ed6efb9d18a70668a015f23e32d58149c9d9952bc0a7,0x0063C500,0x0063C503,3,0x0063C500-0x0063C503,nullsub_253,,0x5440,game
42032fc2807f7dec6de1ed6efb9d18a70668a015f23e32d58149c9d9952bc0a7,0x0063C510,0x0063C6CA,442,0x0063C510-0x0063C6CA,sub_63C510,,0x5400,game
42032fc2807f7dec6de1ed6efb9d18a70668a015f23e32d58149c9d9952bc0a7,0x0063C7C0,0x0063C9B6,502,0x0063C7C0-0x0063C9B6,sub_63C7C0,,0x5400,game
42032fc2807f7dec6de1ed6efb9d18a70668a015f23e32d58149c9d9952bc0a7,0x0063C9C0,0x0063C9C1,1,0x0063C9C0-0x0063C9C1,nullsub_254,,0x5440,game
42032fc2807f7dec6de1ed6efb9d18a70668a015f23e32d58149c9d9952bc0a7,0x0063C9D0,0x0063CA98,200,0x0063C9D0-0x0063CA98,sub_63C9D0,,0x5400,game
42032fc2807f7dec6de1ed6efb9d18a70668a015f23e32d58149c9d9952bc0a7,0x0063CAA0,0x0063CD4E,686,0x0063CAA0-0x0063CD4E,sub_63CAA0,,0x5400,game
42032fc2807f7dec6de1ed6efb9d18a70668a015f23e32d58149c9d9952bc0a7,0x0063CD50,0x0063CDBB,107,0x0063CD50-0x0063CDBB,sub_63CD50,,0x5400,game
42032fc2807f7dec6de1ed6efb9d18a70668a015f23e32d58149c9d9952bc0a7,0x0063CE20,0x0063CEE7,220,0x0063CE20-0x0063CEE7;0x00663998-0x006639AD,sub_63CE20,,0x5400,game
42032fc2807f7dec6de1ed6efb9d18a70668a015f23e32d58149c9d9952bc0a7,0x0063CEF0,0x0063CEFA,10,0x0063CEF0-0x0063CEFA,unknown_libname_297,,0x5444,library
42032fc2807f7dec6de1ed6efb9d18a70668a015f23e32d58149c9d9952bc0a7,0x0063CF00,0x0063CF25,37,0x0063CF00-0x0063CF25,sub_63CF00,,0x5400,game
42032fc2807f7dec6de1ed6efb9d18a70668a015f23e32d58149c9d9952bc0a7,0x0063CF30,0x0063D11C,492,0x0063CF30-0x0063D11C,sub_63CF30,,0x5400,game
42032fc2807f7dec6de1ed6efb9d18a70668a015f23e32d58149c9d9952bc0a7,0x0063D120,0x0063D193,115,0x0063D120-0x0063D193,sub_63D120,,0x5400,game
42032fc2807f7dec6de1ed6efb9d18a70668a015f23e32d58149c9d9952bc0a7,0x0063D1A0,0x0063D413,627,0x0063D1A0-0x0063D413,sub_63D1A0,,0x5400,game
42032fc2807f7dec6de1ed6efb9d18a70668a015f23e32d58149c9d9952bc0a7,0x0063D420,0x0063D44F,47,0x0063D420-0x0063D44F,sub_63D420,,0x5400,game
42032fc2807f7dec6de1ed6efb9d18a70668a015f23e32d58149c9d9952bc0a7,0x0063D450,0x0063D4C2,114,0x0063D450-0x0063D4C2,sub_63D450,,0x5400,game
42032fc2807f7dec6de1ed6efb9d18a70668a015f23e32d58149c9d9952bc0a7,0x0063D4D0,0x0063D55F,143,0x0063D4D0-0x0063D55F,sub_63D4D0,,0x5400,game
42032fc2807f7dec6de1ed6efb9d18a70668a015f23e32d58149c9d9952bc0a7,0x0063D560,0x0063D5F3,147,0x0063D560-0x0063D5F3,sub_63D560,,0x5400,game
42032fc2807f7dec6de1ed6efb9d18a70668a015f23e32d58149c9d9952bc0a7,0x0063D600,0x0063D6EF,239,0x0063D600-0x0063D6EF,sub_63D600,,0x5400,game
42032fc2807f7dec6de1ed6efb9d18a70668a015f23e32d58149c9d9952bc0a7,0x0063D6F0,0x0063D812,290,0x0063D6F0-0x0063D812,sub_63D6F0,,0x5400,game
42032fc2807f7dec6de1ed6efb9d18a70668a015f23e32d58149c9d9952bc0a7,0x0063D820,0x0063D891,113,0x0063D820-0x0063D891,sub_63D820,,0x5400,game
42032fc2807f7dec6de1ed6efb9d18a70668a015f23e32d58149c9d9952bc0a7,0x0063D8A0,0x0063DACF,559,0x0063D8A0-0x0063DACF,sub_63D8A0,,0x5400,game
42032fc2807f7dec6de1ed6efb9d18a70668a015f23e32d58149c9d9952bc0a7,0x0063DAD0,0x0063DC3F,367,0x0063DAD0-0x0063DC3F,sub_63DAD0,,0x5400,game
42032fc2807f7dec6de1ed6efb9d18a70668a015f23e32d58149c9d9952bc0a7,0x0063DC40,0x0063DF33,755,0x0063DC40-0x0063DF33,sub_63DC40,,0x5400,game
42032fc2807f7dec6de1ed6efb9d18a70668a015f23e32d58149c9d9952bc0a7,0x0063DF40,0x0063DF84,68,0x0063DF40-0x0063DF84,sub_63DF40,,0x5400,game
42032fc2807f7dec6de1ed6efb9d18a70668a015f23e32d58149c9d9952bc0a7,0x0063DF90,0x0063DFDD,77,0x0063DF90-0x0063DFDD,sub_63DF90,,0x5400,game
42032fc2807f7dec6de1ed6efb9d18a70668a015f23e32d58149c9d9952bc0a7,0x0063DFE0,0x0063E0EE,270,0x0063DFE0-0x0063E0EE,sub_63DFE0,,0x5400,game
42032fc2807f7dec6de1ed6efb9d18a70668a015f23e32d58149c9d9952bc0a7,0x0063E0F0,0x0063E10A,26,0x0063E0F0-0x0063E10A,sub_63E0F0,,0x5400,game
42032fc2807f7dec6de1ed6efb9d18a70668a015f23e32d58149c9d9952bc0a7,0x0063E110,0x0063E4E8,984,0x0063E110-0x0063E4E8,sub_63E110,,0x5400,game
42032fc2807f7dec6de1ed6efb9d18a70668a015f23e32d58149c9d9952bc0a7,0x0063E520,0x0063E534,20,0x0063E520-0x0063E534,sub_63E520,,0x5400,game
42032fc2807f7dec6de1ed6efb9d18a70668a015f23e32d58149c9d9952bc0a7,0x0063E540,0x0063E58F,79,0x0063E540-0x0063E58F,sub_63E540,,0x5400,game
42032fc2807f7dec6de1ed6efb9d18a70668a015f23e32d58149c9d9952bc0a7,0x0063E590,0x0063E5DF,79,0x0063E590-0x0063E5DF,sub_63E590,,0x5400,game
42032fc2807f7dec6de1ed6efb9d18a70668a015f23e32d58149c9d9952bc0a7,0x0063E6E0,0x0063E7EE,270,0x0063E6E0-0x0063E7EE,sub_63E6E0,"int __stdcall sub_63E6E0(int, size_t Size, int, int);",0x5400,game
42032fc2807f7dec6de1ed6efb9d18a70668a015f23e32d58149c9d9952bc0a7,0x0063E7F0,0x0063E81C,44,0x0063E7F0-0x0063E81C,sub_63E7F0,,0x5400,game
42032fc2807f7dec6de1ed6efb9d18a70668a015f23e32d58149c9d9952bc0a7,0x0063E820,0x0063E85B,59,0x0063E820-0x0063E85B,sub_63E820,,0x5400,game
42032fc2807f7dec6de1ed6efb9d18a70668a015f23e32d58149c9d9952bc0a7,0x0063E860,0x0063E94E,238,0x0063E860-0x0063E94E,sub_63E860,,0x5410,game
42032fc2807f7dec6de1ed6efb9d18a70668a015f23e32d58149c9d9952bc0a7,0x0063E950,0x0063EFFF,1711,0x0063E950-0x0063EFFF,sub_63E950,"int __cdecl sub_63E950(int, int, int, int, int, int, float, int);",0x5400,game
42032fc2807f7dec6de1ed6efb9d18a70668a015f23e32d58149c9d9952bc0a7,0x0063F000,0x0063F5D7,1495,0x0063F000-0x0063F5D7,sub_63F000,,0x5400,game
42032fc2807f7dec6de1ed6efb9d18a70668a015f23e32d58149c9d9952bc0a7,0x0063F5E0,0x0063F9A8,968,0x0063F5E0-0x0063F9A8,sub_63F5E0,,0x5400,game
42032fc2807f7dec6de1ed6efb9d18a70668a015f23e32d58149c9d9952bc0a7,0x0063F9B0,0x0063FA72,194,0x0063F9B0-0x0063FA72,sub_63F9B0,,0x5400,game
42032fc2807f7dec6de1ed6efb9d18a70668a015f23e32d58149c9d9952bc0a7,0x0063FA80,0x0063FC92,530,0x0063FA80-0x0063FC92,sub_63FA80,,0x5400,game
42032fc2807f7dec6de1ed6efb9d18a70668a015f23e32d58149c9d9952bc0a7,0x0063FCA0,0x0063FDF6,342,0x0063FCA0-0x0063FDF6,sub_63FCA0,"int __cdecl sub_63FCA0(int, int, float, int);",0x5400,game
42032fc2807f7dec6de1ed6efb9d18a70668a015f23e32d58149c9d9952bc0a7,0x0063FE00,0x0063FFDD,477,0x0063FE00-0x0063FFDD,sub_63FE00,,0x5400,game
42032fc2807f7dec6de1ed6efb9d18a70668a015f23e32d58149c9d9952bc0a7,0x0063FFE0,0x006401A8,456,0x0063FFE0-0x006401A8,sub_63FFE0,,0x5400,game
42032fc2807f7dec6de1ed6efb9d18a70668a015f23e32d58149c9d9952bc0a7,0x006401B0,0x006404E2,818,0x006401B0-0x006404E2,sub_6401B0,,0x5400,game
42032fc2807f7dec6de1ed6efb9d18a70668a015f23e32d58149c9d9952bc0a7,0x006404F0,0x00640A42,1362,0x006404F0-0x00640A42,sub_6404F0,,0x5400,game
42032fc2807f7dec6de1ed6efb9d18a70668a015f23e32d58149c9d9952bc0a7,0x00640A50,0x00640A63,19,0x00640A50-0x00640A63,sub_640A50,"int __cdecl sub_640A50(int, size_t Count, size_t Size);",0x5400,game
42032fc2807f7dec6de1ed6efb9d18a70668a015f23e32d58149c9d9952bc0a7,0x00640A70,0x00640A7C,12,0x00640A70-0x00640A7C,sub_640A70,"int __cdecl sub_640A70(int, void *Block);",0x5400,game
42032fc2807f7dec6de1ed6efb9d18a70668a015f23e32d58149c9d9952bc0a7,0x00640A80,0x00640BAE,302,0x00640A80-0x00640BAE,sub_640A80,,0x5400,game
42032fc2807f7dec6de1ed6efb9d18a70668a015f23e32d58149c9d9952bc0a7,0x00640BB0,0x00640C22,114,0x00640BB0-0x00640C22,sub_640BB0,,0x5400,game
42032fc2807f7dec6de1ed6efb9d18a70668a015f23e32d58149c9d9952bc0a7,0x00640C30,0x00640E41,529,0x00640C30-0x00640E41,sub_640C30,,0x5400,game
42032fc2807f7dec6de1ed6efb9d18a70668a015f23e32d58149c9d9952bc0a7,0x00640E50,0x00640EB6,102,0x00640E50-0x00640EB6,sub_640E50,,0x5400,game
42032fc2807f7dec6de1ed6efb9d18a70668a015f23e32d58149c9d9952bc0a7,0x00640EC0,0x00640F33,115,0x00640EC0-0x00640F33,sub_640EC0,,0x5400,game
42032fc2807f7dec6de1ed6efb9d18a70668a015f23e32d58149c9d9952bc0a7,0x00640F40,0x00640FF3,179,0x00640F40-0x00640FF3,sub_640F40,,0x5400,game
42032fc2807f7dec6de1ed6efb9d18a70668a015f23e32d58149c9d9952bc0a7,0x00641000,0x00641273,627,0x00641000-0x00641273,sub_641000,,0x5400,game
42032fc2807f7dec6de1ed6efb9d18a70668a015f23e32d58149c9d9952bc0a7,0x00641280,0x006414A3,547,0x00641280-0x006414A3,sub_641280,,0x5400,game
42032fc2807f7dec6de1ed6efb9d18a70668a015f23e32d58149c9d9952bc0a7,0x006414B0,0x006416E3,563,0x006414B0-0x006416E3,sub_6414B0,,0x5400,game
42032fc2807f7dec6de1ed6efb9d18a70668a015f23e32d58149c9d9952bc0a7,0x006416F0,0x006417C1,209,0x006416F0-0x006417C1,sub_6416F0,,0x5400,game
42032fc2807f7dec6de1ed6efb9d18a70668a015f23e32d58149c9d9952bc0a7,0x006417D0,0x006419F1,545,0x006417D0-0x006419F1,sub_6417D0,,0x5400,game
42032fc2807f7dec6de1ed6efb9d18a70668a015f23e32d58149c9d9952bc0a7,0x00641A00,0x00641A6F,111,0x00641A00-0x00641A6F,sub_641A00,,0x5400,game
42032fc2807f7dec6de1ed6efb9d18a70668a015f23e32d58149c9d9952bc0a7,0x00641A70,0x00641B57,231,0x00641A70-0x00641B57,sub_641A70,,0x5400,game
42032fc2807f7dec6de1ed6efb9d18a70668a015f23e32d58149c9d9952bc0a7,0x00641B60,0x00641DC5,613,0x00641B60-0x00641DC5,sub_641B60,,0x5400,game
42032fc2807f7dec6de1ed6efb9d18a70668a015f23e32d58149c9d9952bc0a7,0x00641DD0,0x00642345,1397,0x00641DD0-0x00642345,sub_641DD0,,0x5400,game
42032fc2807f7dec6de1ed6efb9d18a70668a015f23e32d58149c9d9952bc0a7,0x00642350,0x00642477,295,0x00642350-0x00642477,sub_642350,,0x5400,game
42032fc2807f7dec6de1ed6efb9d18a70668a015f23e32d58149c9d9952bc0a7,0x00642480,0x006428BB,1083,0x00642480-0x006428BB,sub_642480,,0x5400,game
42032fc2807f7dec6de1ed6efb9d18a70668a015f23e32d58149c9d9952bc0a7,0x006428C0,0x00642934,116,0x006428C0-0x00642934,sub_6428C0,,0x5400,game
42032fc2807f7dec6de1ed6efb9d18a70668a015f23e32d58149c9d9952bc0a7,0x00642940,0x0064295F,31,0x00642940-0x0064295F,sub_642940,,0x5400,game
42032fc2807f7dec6de1ed6efb9d18a70668a015f23e32d58149c9d9952bc0a7,0x00642960,0x006429EB,139,0x00642960-0x006429EB,sub_642960,,0x5400,game
42032fc2807f7dec6de1ed6efb9d18a70668a015f23e32d58149c9d9952bc0a7,0x006429F0,0x00642A6C,124,0x006429F0-0x00642A6C,sub_6429F0,,0x5400,game
42032fc2807f7dec6de1ed6efb9d18a70668a015f23e32d58149c9d9952bc0a7,0x00642A70,0x00642B07,151,0x00642A70-0x00642B07,sub_642A70,,0x5400,game
42032fc2807f7dec6de1ed6efb9d18a70668a015f23e32d58149c9d9952bc0a7,0x00642B10,0x00642BA2,146,0x00642B10-0x00642BA2,sub_642B10,,0x5400,game
42032fc2807f7dec6de1ed6efb9d18a70668a015f23e32d58149c9d9952bc0a7,0x00642BB0,0x00642C1E,110,0x00642BB0-0x00642C1E,sub_642BB0,,0x5400,game
42032fc2807f7dec6de1ed6efb9d18a70668a015f23e32d58149c9d9952bc0a7,0x00642C20,0x0064390D,3309,0x00642C20-0x0064390D,sub_642C20,,0x5400,game
42032fc2807f7dec6de1ed6efb9d18a70668a015f23e32d58149c9d9952bc0a7,0x00643950,0x00643981,49,0x00643950-0x00643981,sub_643950,,0x5400,game
42032fc2807f7dec6de1ed6efb9d18a70668a015f23e32d58149c9d9952bc0a7,0x00643990,0x006439E5,85,0x00643990-0x006439E5,sub_643990,,0x5400,game
42032fc2807f7dec6de1ed6efb9d18a70668a015f23e32d58149c9d9952bc0a7,0x006439F0,0x00643EA1,1201,0x006439F0-0x00643EA1,sub_6439F0,,0x5400,game
42032fc2807f7dec6de1ed6efb9d18a70668a015f23e32d58149c9d9952bc0a7,0x00643EB0,0x00643F98,232,0x00643EB0-0x00643F98,sub_643EB0,,0x5400,game
42032fc2807f7dec6de1ed6efb9d18a70668a015f23e32d58149c9d9952bc0a7,0x00643FA0,0x006440DE,318,0x00643FA0-0x006440DE,sub_643FA0,,0x5400,game
42032fc2807f7dec6de1ed6efb9d18a70668a015f23e32d58149c9d9952bc0a7,0x006440E0,0x006440F8,24,0x006440E0-0x006440F8,sub_6440E0,,0x5400,game
42032fc2807f7dec6de1ed6efb9d18a70668a015f23e32d58149c9d9952bc0a7,0x00644100,0x0064413F,63,0x00644100-0x0064413F,sub_644100,,0x5400,game
42032fc2807f7dec6de1ed6efb9d18a70668a015f23e32d58149c9d9952bc0a7,0x00644140,0x00644179,57,0x00644140-0x00644179,sub_644140,,0x5400,game
42032fc2807f7dec6de1ed6efb9d18a70668a015f23e32d58149c9d9952bc0a7,0x00644180,0x006448E6,1894,0x00644180-0x006448E6,sub_644180,,0x5400,game
42032fc2807f7dec6de1ed6efb9d18a70668a015f23e32d58149c9d9952bc0a7,0x00644910,0x00644924,20,0x00644910-0x00644924,sub_644910,,0x5400,game
42032fc2807f7dec6de1ed6efb9d18a70668a015f23e32d58149c9d9952bc0a7,0x00644930,0x00644A62,306,0x00644930-0x00644A62,sub_644930,,0x5400,game
42032fc2807f7dec6de1ed6efb9d18a70668a015f23e32d58149c9d9952bc0a7,0x00644A70,0x00644DB2,834,0x00644A70-0x00644DB2,sub_644A70,,0x5400,game
42032fc2807f7dec6de1ed6efb9d18a70668a015f23e32d58149c9d9952bc0a7,0x00644DC0,0x00644DC6,6,0x00644DC0-0x00644DC6,ICClose,LONG_PTR __stdcall ICClose(HIC hic);,0x54C0,thunk
42032fc2807f7dec6de1ed6efb9d18a70668a015f23e32d58149c9d9952bc0a7,0x00644DC6,0x00644DCC,6,0x00644DC6-0x00644DCC,ICSendMessage,"LONG_PTR __stdcall ICSendMessage(HIC hic, UINT msg, DWORD_PTR dw1, DWORD_PTR dw2);",0x54C0,thunk
42032fc2807f7dec6de1ed6efb9d18a70668a015f23e32d58149c9d9952bc0a7,0x00644DCC,0x00644DD2,6,0x00644DCC-0x00644DD2,ICOpen,"HIC __stdcall ICOpen(DWORD fccType, DWORD fccHandler, UINT wMode);",0x54C0,thunk
42032fc2807f7dec6de1ed6efb9d18a70668a015f23e32d58149c9d9952bc0a7,0x00644DD2,0x00644DFF,45,0x00644DD2-0x00644DFF,__cinit,,0x5444,library
42032fc2807f7dec6de1ed6efb9d18a70668a015f23e32d58149c9d9952bc0a7,0x00644DFF,0x00644E10,17,0x00644DFF-0x00644E10,_exit,void __cdecl __noreturn exit(int Code);,0x5445,library
42032fc2807f7dec6de1ed6efb9d18a70668a015f23e32d58149c9d9952bc0a7,0x00644E10,0x00644E21,17,0x00644E10-0x00644E21,__exit,void __cdecl __noreturn _exit(int Code);,0x5445,library
42032fc2807f7dec6de1ed6efb9d18a70668a015f23e32d58149c9d9952bc0a7,0x00644E21,0x00644EC4,163,0x00644E21-0x00644EC4,_doexit,"int __cdecl doexit(UINT uExitCode, int, int);",0x544C,library
42032fc2807f7dec6de1ed6efb9d18a70668a015f23e32d58149c9d9952bc0a7,0x00644EC6,0x00644ECF,9,0x00644EC6-0x00644ECF,__lockexit,,0x5444,library
42032fc2807f7dec6de1ed6efb9d18a70668a015f23e32d58149c9d9952bc0a7,0x00644ECF,0x00644ED8,9,0x00644ECF-0x00644ED8,__unlockexit,,0x5444,library
42032fc2807f7dec6de1ed6efb9d18a70668a015f23e32d58149c9d9952bc0a7,0x00644ED8,0x00644EF2,26,0x00644ED8-0x00644EF2,__initterm,"void __cdecl _initterm(_PVFV *First, _PVFV *Last);",0x544C,library
42032fc2807f7dec6de1ed6efb9d18a70668a015f23e32d58149c9d9952bc0a7,0x00644EF2,0x00644F3A,72,0x00644EF2-0x00644F3A,_free,void __cdecl free(void *Block);,0x5444,library
42032fc2807f7dec6de1ed6efb9d18a70668a015f23e32d58149c9d9952bc0a7,0x00644F3A,0x00644F45,11,0x00644F3A-0x00644F45,_abs,int __cdecl abs(int Number);,0x5444,library
42032fc2807f7dec6de1ed6efb9d18a70668a015f23e32d58149c9d9952bc0a7,0x00644F45,0x00644F72,45,0x00644F45-0x00644F72,?_JumpToContinuation@@YGXPAXPAUEHRegistrationNode@@@Z,"void __stdcall _JumpToContinuation(void *, struct EHRegistrationNode *);",0x5454,library
42032fc2807f7dec6de1ed6efb9d18a70668a015f23e32d58149c9d9952bc0a7,0x00644F79,0x00644F80,7,0x00644F79-0x00644F80,sub_644F79,,0x1444,library
42032fc2807f7dec6de1ed6efb9d18a70668a015f23e32d58149c9d9952bc0a7,0x00644F80,0x00644F87,7,0x00644F80-0x00644F87,sub_644F80,,0x1444,library
42032fc2807f7dec6de1ed6efb9d18a70668a015f23e32d58149c9d9952bc0a7,0x00644F87,0x00644FD6,79,0x00644F87-0x00644FD6,?_UnwindNestedFrames@@YGXPAUEHRegistrationNode@@PAUEHExceptionRecord@@@Z,"void __stdcall _UnwindNestedFrames(PVOID TargetFrame, PEXCEPTION_RECORD ExceptionRecord);",0x5454,library
42032fc2807f7dec6de1ed6efb9d18a70668a015f23e32d58149c9d9952bc0a7,0x00644FD6,0x0064500C,54,0x00644FD6-0x0064500C,___CxxFrameHandler,"int __cdecl __CxxFrameHandler(PEXCEPTION_RECORD ExceptionRecord, struct EHRegistrationNode *, struct _CONTEXT *, void *);",0x5454,library
42032fc2807f7dec6de1ed6efb9d18a70668a015f23e32d58149c9d9952bc0a7,0x0064500C,0x00645060,84,0x0064500C-0x00645060,?_CallCatchBlock2@@YAPAXPAUEHRegistrationNode@@PBU_s_FuncInfo@@PAXHK@Z,"void *__cdecl _CallCatchBlock2(struct EHRegistrationNode *, const struct _s_FuncInfo *, void *, int, unsigned int);",0x5454,library
42032fc2807f7dec6de1ed6efb9d18a70668a015f23e32d58149c9d9952bc0a7,0x00645060,0x00645085,37,0x00645060-0x00645085,?CatchGuardHandler@@YA?AW4_EXCEPTION_DISPOSITION@@PAUEHExceptionRecord@@PAUCatchGuardRN@@PAX2@Z,"enum _EXCEPTION_DISPOSITION __cdecl CatchGuardHandler(PEXCEPTION_RECORD ExceptionRecord, PVOID TargetFrame, struct _CONTEXT *, void *);",0x545C,library
42032fc2807f7dec6de1ed6efb9d18a70668a015f23e32d58149c9d9952bc0a7,0x00645085,0x0064513B,182,0x00645085-0x0064513B,?_CallSETranslator@@YAHPAUEHExceptionRecord@@PAUEHRegistrationNode@@PAX2PBU_s_FuncInfo@@H1@Z,"int __cdecl _CallSETranslator(struct EHExceptionRecord *, struct EHRegistrationNode *, void *, void *, const struct _s_FuncInfo *, int, struct EHRegistrationNode *);",0x5454,library
42032fc2807f7dec6de1ed6efb9d18a70668a015f23e32d58149c9d9952bc0a7,0x0064513B,0x006451B0,117,0x0064513B-0x006451B0,?TranslatorGuardHandler@@YA?AW4_EXCEPTION_DISPOSITION@@PAUEHExceptionRecord@@PAUTranslatorGuardRN@@PAX2@Z,"enum _EXCEPTION_DISPOSITION __cdecl TranslatorGuardHandler(PEXCEPTION_RECORD ExceptionRecord, PVOID TargetFrame, struct _CONTEXT *, void *);",0x545C,library
42032fc2807f7dec6de1ed6efb9d18a70668a015f23e32d58149c9d9952bc0a7,0x006451B0,0x0064522B,123,0x006451B0-0x0064522B,?_GetRangeOfTrysToCheck@@YAPBU_s_TryBlockMapEntry@@PBU_s_FuncInfo@@HHPAI1@Z,"const struct _s_TryBlockMapEntry *__cdecl _GetRangeOfTrysToCheck(const struct _s_FuncInfo *, int, int, unsigned int *, unsigned int *);",0x5454,library
42032fc2807f7dec6de1ed6efb9d18a70668a015f23e32d58149c9d9952bc0a7,0x0064522C,0x0064524C,32,0x0064522C-0x0064524C,__global_unwind2,int __cdecl _global_unwind2(PVOID TargetFrame);,0x5454,library
42032fc2807f7dec6de1ed6efb9d18a70668a015f23e32d58149c9d9952bc0a7,0x0064524C,0x0064526E,34,0x0064524C-0x0064526E,__unwind_handler,,0x544C,library
42032fc2807f7dec6de1ed6efb9d18a70668a015f23e32d58149c9d9952bc0a7,0x0064526E,0x006452D6,104,0x0064526E-0x006452D6,__local_unwind2,,0x5444,library
42032fc2807f7dec6de1ed6efb9d18a70668a015f23e32d58149c9d9952bc0a7,0x006452D6,0x006452F9,35,0x006452D6-0x006452F9,__abnormal_termination,int __cdecl _abnormal_termination();,0x5444,library
42032fc2807f7dec6de1ed6efb9d18a70668a015f23e32d58149c9d9952bc0a7,0x006452F9,0x00645302,9,0x006452F9-0x00645302,__NLG_Notify1,,0x5444,library
42032fc2807f7dec6de1ed6efb9d18a70668a015f23e32d58149c9d9952bc0a7,0x00645302,0x0064531A,24,0x00645302-0x0064531A,__NLG_Notify,,0x5444,library
42032fc2807f7dec6de1ed6efb9d18a70668a015f23e32d58149c9d9952bc0a7,0x0064531A,0x00645398,126,0x0064531A-0x00645398,__onexit,_onexit_t __cdecl _onexit(_onexit_t Func);,0x5444,library
42032fc2807f7dec6de1ed6efb9d18a70668a015f23e32d58149c9d9952bc0a7,0x00645398,0x006453AA,18,0x00645398-0x006453AA,_atexit,int __cdecl atexit(void (__cdecl *)());,0x5444,library
42032fc2807f7dec6de1ed6efb9d18a70668a015f23e32d58149c9d9952bc0a7,0x006453AA,0x006453D9,47,0x006453AA-0x006453D9,___onexitinit,,0x5444,library
42032fc2807f7dec6de1ed6efb9d18a70668a015f23e32d58149c9d9952bc0a7,0x006453E0,0x0064545B,123,0x006453E0-0x0064545B,_strlen,size_t __cdecl strlen(const char *Str);,0x5444,library
42032fc2807f7dec6de1ed6efb9d18a70668a015f23e32d58149c9d9952bc0a7,0x00645460,0x00645467,7,0x00645460-0x00645467,_strcpy,"char *__cdecl strcpy(char *Destination, const char *Source);",0x5444,library
42032fc2807f7dec6de1ed6efb9d18a70668a015f23e32d58149c9d9952bc0a7,0x00645470,0x00645550,224,0x00645470-0x00645550,_strcat,"char *__cdecl strcat(char *Destination, const char *Source);",0x5444,library
42032fc2807f7dec6de1ed6efb9d18a70668a015f23e32d58149c9d9952bc0a7,0x00645550,0x0064557F,47,0x00645550-0x0064557F,__alloca_probe,,0x5444,library
42032fc2807f7dec6de1ed6efb9d18a70668a015f23e32d58149c9d9952bc0a7,0x0064557F,0x0064558A,11,0x0064557F-0x0064558A,??3@YAXPAX@Z,void __cdecl operator_delete(void *Block);,0x5444,library
42032fc2807f7dec6de1ed6efb9d18a70668a015f23e32d58149c9d9952bc0a7,0x0064558A,0x00645598,14,0x0064558A-0x00645598,??2@YAPAXI@Z,void *__cdecl operator_new(size_t Size);,0x5444,library
42032fc2807f7dec6de1ed6efb9d18a70668a015f23e32d58149c9d9952bc0a7,0x00645598,0x006455C9,49,0x00645598-0x006455C9,_fclose,int __cdecl fclose(FILE *Stream);,0x5444,library
42032fc2807f7dec6de1ed6efb9d18a70668a015f23e32d58149c9d9952bc0a7,0x006455C9,0x00645615,76,0x006455C9-0x00645615,__fclose_lk,,0x5444,library
42032fc2807f7dec6de1ed6efb9d18a70668a015f23e32d58149c9d9952bc0a7,0x00645615,0x00645646,49,0x00645615-0x00645646,__fsopen,"FILE *__cdecl _fsopen(const char *FileName, const char *Mode, int ShFlag);",0x5444,library
42032fc2807f7dec6de1ed6efb9d18a70668a015f23e32d58149c9d9952bc0a7,0x00645646,0x00645659,19,0x00645646-0x00645659,_fopen,"FILE *__cdecl fopen(const char *FileName, const char *Mode);",0x5444,library
42032fc2807f7dec6de1ed6efb9d18a70668a015f23e32d58149c9d9952bc0a7,0x00645660,0x006456E4,132,0x00645660-0x006456E4,_strcmp,"int __cdecl strcmp(const char *Str1, const char *Str2);",0x5444,library
42032fc2807f7dec6de1ed6efb9d18a70668a015f23e32d58149c9d9952bc0a7,0x006456E4,0x00645764,128,0x006456E4-0x00645764,??_M@YGXPAXIHP6EX0@Z@Z,"void __stdcall _eh_vector_destructor_iterator_(void *, unsigned int, int, void (__thiscall *)(void *));",0x5454,library
42032fc2807f7dec6de1ed6efb9d18a70668a015f23e32d58149c9d9952bc0a7,0x00645764,0x006457C2,94,0x00645764-0x006457C2,?__ArrayUnwind@@YGXPAXIHP6EX0@Z@Z,"void __stdcall __ArrayUnwind(void *, unsigned int, int, void (__thiscall *)(void *));",0x5454,library
42032fc2807f7dec6de1ed6efb9d18a70668a015f23e32d58149c9d9952bc0a7,0x006457C2,0x00645844,130,0x006457C2-0x00645844,??_L@YGXPAXIHP6EX0@Z1@Z,"void __stdcall _eh_vector_constructor_iterator_(void *, unsigned int, int, void (__thiscall *)(void *), void (__thiscall *)(void *));",0x5454,library
42032fc2807f7dec6de1ed6efb9d18a70668a015f23e32d58149c9d9952bc0a7,0x00645844,0x0064584B,7,0x00645844-0x0064584B,__purecall,,0x5445,library
42032fc2807f7dec6de1ed6efb9d18a70668a015f23e32d58149c9d9952bc0a7,0x0064584D,0x00645864,23,0x0064584D-0x00645864,sub_64584D,,0x5400,game
42032fc2807f7dec6de1ed6efb9d18a70668a015f23e32d58149c9d9952bc0a7,0x00645864,0x00645865,1,0x00645864-0x00645865,nullsub_18,,0x5440,game
42032fc2807f7dec6de1ed6efb9d18a70668a015f23e32d58149c9d9952bc0a7,0x00645865,0x0064589D,56,0x00645865-0x0064589D,__cfltcvt_init_1,,0x5444,library
42032fc2807f7dec6de1ed6efb9d18a70668a015f23e32d58149c9d9952bc0a7,0x006458A0,0x006458C7,39,0x006458A0-0x006458C7,_strrchr,"char *__cdecl strrchr(const char *Str, int Ch);",0x5454,library
42032fc2807f7dec6de1ed6efb9d18a70668a015f23e32d58149c9d9952bc0a7,0x006458C8,0x006458EF,39,0x006458C8-0x006458EF,__ftol,,0x5454,library
42032fc2807f7dec6de1ed6efb9d18a70668a015f23e32d58149c9d9952bc0a7,0x006458F0,0x00645928,56,0x006458F0-0x00645928,_strncmp,"int __cdecl strncmp(const char *Str1, const char *Str2, size_t MaxCount);",0x5454,library
42032fc2807f7dec6de1ed6efb9d18a70668a015f23e32d58149c9d9952bc0a7,0x00645930,0x00645C65,821,0x00645930-0x00645C65,_memcpy,"void *__cdecl memcpy(void *, const void *Src, size_t Size);",0x5454,library
42032fc2807f7dec6de1ed6efb9d18a70668a015f23e32d58149c9d9952bc0a7,0x00645C70,0x00645D1C,172,0x00645C70-0x00645D1C,_memcmp,"int __cdecl memcmp(const void *Buf1, const void *Buf2, size_t Size);",0x5444,library
42032fc2807f7dec6de1ed6efb9d18a70668a015f23e32d58149c9d9952bc0a7,0x00645D1C,0x00645DA7,139,0x00645D1C-0x00645DA7,_atol,int __cdecl atol(const char *String);,0x5444,library
42032fc2807f7dec6de1ed6efb9d18a70668a015f23e32d58149c9d9952bc0a7,0x00645DA7,0x00645DB2,11,0x00645DA7-0x00645DB2,_atoi,int __cdecl atoi(const char *String);,0x5444,library
42032fc2807f7dec6de1ed6efb9d18a70668a015f23e32d58149c9d9952bc0a7,0x00645DD0,0x00645E8C,193,0x00645DC0-0x00645DC5;0x00645DD0-0x00645E8C,_strchr,"char *__cdecl strchr(const char *Str, int Val);",0x5444,library
42032fc2807f7dec6de1ed6efb9d18a70668a015f23e32d58149c9d9952bc0a7,0x00645E90,0x00645F8E,254,0x00645E90-0x00645F8E,_strncpy,"char *__cdecl strncpy(char *Destination, const char *Source, size_t Count);",0x5444,library
42032fc2807f7dec6de1ed6efb9d18a70668a015f23e32d58149c9d9952bc0a7,0x00645F8E,0x00646010,130,0x00645F8E-0x00646010,??_N@YGXPAXIHP6EX0@Z1@Z,"void __stdcall _eh_vector_vbase_constructor_iterator_(void *, unsigned int, int, void (__thiscall *)(void *), void (__thiscall *)(void *));",0x5454,library
42032fc2807f7dec6de1ed6efb9d18a70668a015f23e32d58149c9d9952bc0a7,0x00646010,0x0064601D,13,0x00646010-0x0064601D,_srand,void __cdecl srand(unsigned int Seed);,0x5444,library
42032fc2807f7dec6de1ed6efb9d18a70668a015f23e32d58149c9d9952bc0a7,0x0064601D,0x0064603F,34,0x0064601D-0x0064603F,_rand,int __cdecl rand();,0x5444,library
42032fc2807f7dec6de1ed6efb9d18a70668a015f23e32d58149c9d9952bc0a7,0x0064603F,0x0064606E,47,0x0064603F-0x0064606E,sub_64603F,"int __cdecl sub_64603F(void *Buffer, size_t ElementSize, size_t ElementCount, FILE *Stream);",0x5410,game
42032fc2807f7dec6de1ed6efb9d18a70668a015f23e32d58149c9d9952bc0a7,0x0064606E,0x00646178,266,0x0064606E-0x00646178,_fwrite,"size_t __cdecl fwrite(const void *Buffer, size_t ElementSize, size_t ElementCount, FILE *Stream);",0x5454,library
42032fc2807f7dec6de1ed6efb9d18a70668a015f23e32d58149c9d9952bc0a7,0x00646178,0x006461A7,47,0x00646178-0x006461A7,sub_646178,"int __cdecl sub_646178(void *Buffer, size_t ElementSize, size_t ElementCount, FILE *Stream);",0x5410,game
42032fc2807f7dec6de1ed6efb9d18a70668a015f23e32d58149c9d9952bc0a7,0x006461A7,0x0064628F,232,0x006461A7-0x0064628F,_fread,"size_t __cdecl fread(void *Buffer, size_t ElementSize, size_t ElementCount, FILE *Stream);",0x5454,library
42032fc2807f7dec6de1ed6efb9d18a70668a015f23e32d58149c9d9952bc0a7,0x0064628F,0x006462FE,111,0x0064628F-0x006462FE,_toupper,int __cdecl toupper(int C);,0x5444,library
42032fc2807f7dec6de1ed6efb9d18a70668a015f23e32d58149c9d9952bc0a7,0x006462FE,0x006463CA,204,0x006462FE-0x006463CA,_toupper_0,int __cdecl toupper_0(int C);,0x5454,library
42032fc2807f7dec6de1ed6efb9d18a70668a015f23e32d58149c9d9952bc0a7,0x006463D0,0x006463E4,20,0x006463D0-0x006463E4,__CIsin,,0x5444,library
42032fc2807f7dec6de1ed6efb9d18a70668a015f23e32d58149c9d9952bc0a7,0x006463E4,0x0064647E,209,0x006463E4-0x0064647E;0x0064A87E-0x0064A8B5,_sin,double __cdecl sin(double X);,0x5444,library
42032fc2807f7dec6de1ed6efb9d18a70668a015f23e32d58149c9d9952bc0a7,0x00646480,0x00646494,20,0x00646480-0x00646494,__CIcos,,0x5444,library
42032fc2807f7dec6de1ed6efb9d18a70668a015f23e32d58149c9d9952bc0a7,0x00646494,0x0064652E,209,0x00646494-0x0064652E;0x0064A87E-0x0064A8B5,_cos,double __cdecl cos(double X);,0x5444,library
42032fc2807f7dec6de1ed6efb9d18a70668a015f23e32d58149c9d9952bc0a7,0x00646530,0x00646544,20,0x00646530-0x00646544,__CIsqrt,,0x5444,library
42032fc2807f7dec6de1ed6efb9d18a70668a015f23e32d58149c9d9952bc0a7,0x00646544,0x006465EA,221,0x00646544-0x006465EA;0x0064A87E-0x0064A8B5,_sqrt,double __cdecl sqrt(double X);,0x5444,library
42032fc2807f7dec6de1ed6efb9d18a70668a015f23e32d58149c9d9952bc0a7,0x006465F0,0x00646648,88,0x006465F0-0x00646648,_memset,"void *__cdecl memset(void *, int Val, size_t Size);",0x5444,library
42032fc2807f7dec6de1ed6efb9d18a70668a015f23e32d58149c9d9952bc0a7,0x00646650,0x00646664,20,0x00646650-0x00646664,__CIatan,,0x5444,library
42032fc2807f7dec6de1ed6efb9d18a70668a015f23e32d58149c9d9952bc0a7,0x00646664,0x006466EF,194,0x00646664-0x006466EF;0x0064A87E-0x0064A8B5,_atan,double __cdecl atan(double X);,0x5044,library
42032fc2807f7dec6de1ed6efb9d18a70668a015f23e32d58149c9d9952bc0a7,0x006466EF,0x0064675E,111,0x006466EF-0x0064675E,_tolower,int __cdecl tolower(int C);,0x5444,library
42032fc2807f7dec6de1ed6efb9d18a70668a015f23e32d58149c9d9952bc0a7,0x0064675E,0x00646829,203,0x0064675E-0x00646829,_tolower_0,int __cdecl tolower_0(int C);,0x5454,library
42032fc2807f7dec6de1ed6efb9d18a70668a015f23e32d58149c9d9952bc0a7,0x00646829,0x00646855,44,0x00646829-0x00646855,__mkdir,int __cdecl _mkdir(const char *Path);,0x5444,library
42032fc2807f7dec6de1ed6efb9d18a70668a015f23e32d58149c9d9952bc0a7,0x00646855,0x00646886,49,0x00646855-0x00646886,_fgetc,int __cdecl fgetc(FILE *Stream);,0x5444,library
42032fc2807f7dec6de1ed6efb9d18a70668a015f23e32d58149c9d9952bc0a7,0x00646886,0x006468C1,59,0x00646886-0x006468C1,_fputc,"int __cdecl fputc(int Character, FILE *Stream);",0x5444,library
42032fc2807f7dec6de1ed6efb9d18a70668a015f23e32d58149c9d9952bc0a7,0x006468D0,0x00646950,128,0x006468D0-0x00646950,_strstr,"char *__cdecl strstr(const char *Str, const char *SubStr);",0x5444,library
42032fc2807f7dec6de1ed6efb9d18a70668a015f23e32d58149c9d9952bc0a7,0x00646950,0x0064697A,42,0x00646950-0x0064697A,_remove,int __cdecl remove(const char *FileName);,0x5444,library
42032fc2807f7dec6de1ed6efb9d18a70668a015f23e32d58149c9d9952bc0a7,0x0064697A,0x006469A2,40,0x0064697A-0x006469A2,_isupper,int __cdecl isupper(int C);,0x5444,library
42032fc2807f7dec6de1ed6efb9d18a70668a015f23e32d58149c9d9952bc0a7,0x006469A2,0x006469CA,40,0x006469A2-0x006469CA,_isdigit,int __cdecl isdigit(int C);,0x5444,library
42032fc2807f7dec6de1ed6efb9d18a70668a015f23e32d58149c9d9952bc0a7,0x006469CA,0x006469F7,45,0x006469CA-0x006469F7,_isxdigit,int __cdecl isxdigit(int C);,0x5444,library
42032fc2807f7dec6de1ed6efb9d18a70668a015f23e32d58149c9d9952bc0a7,0x006469F7,0x00646A25,46,0x006469F7-0x00646A25,_rename,"int __cdecl rename(const char *OldFilename, const char *NewFilename);",0x5444,library
42032fc2807f7dec6de1ed6efb9d18a70668a015f23e32d58149c9d9952bc0a7,0x00646A25,0x00646A77,82,0x00646A25-0x00646A77,_sprintf,"int sprintf(char *const Buffer, const char *const Format, ...);",0x5454,library
42032fc2807f7dec6de1ed6efb9d18a70668a015f23e32d58149c9d9952bc0a7,0x00646A80,0x00646A99,25,0x00646A80-0x00646A99,__CIpow,,0x5444,library
42032fc2807f7dec6de1ed6efb9d18a70668a015f23e32d58149c9d9952bc0a7,0x00646A99,0x00646C75,531,0x00646A99-0x00646C75;0x0064A87E-0x0064A8B5,_pow,"double __cdecl pow(double X, double Y);",0x5444,library
42032fc2807f7dec6de1ed6efb9d18a70668a015f23e32d58149c9d9952bc0a7,0x00646C75,0x00646C9D,40,0x00646C75-0x00646C9D,sub_646C75,,0x5444,library
42032fc2807f7dec6de1ed6efb9d18a70668a015f23e32d58149c9d9952bc0a7,0x00646C9D,0x00646DA5,264,0x00646C9D-0x00646DA5,start,,0x5455,library
42032fc2807f7dec6de1ed6efb9d18a70668a015f23e32d58149c9d9952bc0a7,0x00646DA5,0x00646DC7,34,0x00646DA5-0x00646DC7,__amsg_exit,void __cdecl __noreturn _amsg_exit(DWORD NumberOfBytesWritten);,0x5445,library
42032fc2807f7dec6de1ed6efb9d18a70668a015f23e32d58149c9d9952bc0a7,0x00646DCA,0x00646DED,35,0x00646DCA-0x00646DED,_fast_error_exit,void __cdecl __noreturn fast_error_exit(DWORD NumberOfBytesWritten);,0x544D,library
42032fc2807f7dec6de1ed6efb9d18a70668a015f23e32d58149c9d9952bc0a7,0x00646DED,0x00646DEE,1,0x00646DED-0x00646DEE,nullsub_255,,0x5440,game
42032fc2807f7dec6de1ed6efb9d18a70668a015f23e32d58149c9d9952bc0a7,0x00646DF8,0x00646EB5,189,0x00646DF8-0x00646EB5,__except_handler3,"int __cdecl _except_handler3(int, PVOID TargetFrame, int);",0x5454,library
42032fc2807f7dec6de1ed6efb9d18a70668a015f23e32d58149c9d9952bc0a7,0x00646EB5,0x00646ED0,27,0x00646EB5-0x00646ED0,__seh_longjmp_unwind@4,,0x5444,library
42032fc2807f7dec6de1ed6efb9d18a70668a015f23e32d58149c9d9952bc0a7,0x00646ED0,0x00646F5D,141,0x00646ED0-0x00646F5D,_calloc,"void *__cdecl calloc(size_t Count, size_t Size);",0x5444,library
42032fc2807f7dec6de1ed6efb9d18a70668a015f23e32d58149c9d9952bc0a7,0x00646F5D,0x00646FD4,119,0x00646F5D-0x00646FD4,__beginthread,"uintptr_t __cdecl _beginthread(_beginthread_proc_type StartAddress, unsigned int StackSize, void *ArgList);",0x5444,library
42032fc2807f7dec6de1ed6efb9d18a70668a015f23e32d58149c9d9952bc0a7,0x00646FD4,0x00647031,124,0x00646FD4-0x00647031;0x00647048-0x00647067,__threadstart@4,DWORD __stdcall _threadstart(LPVOID lpThreadParameter);,0x545D,library
42032fc2807f7dec6de1ed6efb9d18a70668a015f23e32d58149c9d9952bc0a7,0x00647067,0x006470A4,61,0x00647067-0x006470A4,__endthread,void __cdecl _endthread();,0x5445,library
42032fc2807f7dec6de1ed6efb9d18a70668a015f23e32d58149c9d9952bc0a7,0x006470A6,0x006470B8,18,0x006470A6-0x006470B8,_malloc,void *__cdecl malloc(size_t Size);,0x5444,library
42032fc2807f7dec6de1ed6efb9d18a70668a015f23e32d58149c9d9952bc0a7,0x006470B8,0x006470E4,44,0x006470B8-0x006470E4,__nh_malloc,"int __cdecl _nh_malloc(size_t Size, int);",0x5444,library
42032fc2807f7dec6de1ed6efb9d18a70668a015f23e32d58149c9d9952bc0a7,0x006470E4,0x00647132,78,0x006470E4-0x00647132,__heap_alloc,,0x5444,library
42032fc2807f7dec6de1ed6efb9d18a70668a015f23e32d58149c9d9952bc0a7,0x00647132,0x0064726A,312,0x00647132-0x0064726A,_realloc,"void *__cdecl realloc(void *Block, size_t Size);",0x5454,library
42032fc2807f7dec6de1ed6efb9d18a70668a015f23e32d58149c9d9952bc0a7,0x0064726A,0x006472CC,98,0x0064726A-0x006472CC,_fgets,"char *__cdecl fgets(char *Buffer, int MaxCount, FILE *Stream);",0x5454,library
42032fc2807f7dec6de1ed6efb9d18a70668a015f23e32d58149c9d9952bc0a7,0x006472CC,0x00647330,100,0x006472CC-0x00647330,_rewind,void __cdecl rewind(FILE *Stream);,0x5444,library
42032fc2807f7dec6de1ed6efb9d18a70668a015f23e32d58149c9d9952bc0a7,0x00647330,0x0064735C,44,0x00647330-0x0064735C,_fseek,"int __cdecl fseek(FILE *Stream, int Offset, int Origin);",0x5454,library
42032fc2807f7dec6de1ed6efb9d18a70668a015f23e32d58149c9d9952bc0a7,0x0064735C,0x006473E9,141,0x0064735C-0x006473E9,__fseek_lk,"int __cdecl _fseek_lk(int, int Offset, int Origin);",0x5444,library
42032fc2807f7dec6de1ed6efb9d18a70668a015f23e32d58149c9d9952bc0a7,0x006473F0,0x00647495,165,0x006473F0-0x00647495,_memchr,"void *__cdecl memchr(const void *Buf, int Val, size_t MaxCount);",0x5444,library
42032fc2807f7dec6de1ed6efb9d18a70668a015f23e32d58149c9d9952bc0a7,0x006474A0,0x006474DE,62,0x006474A0-0x006474DE,_strcspn,"size_t __cdecl strcspn(const char *Str, const char *Control);",0x5454,library
42032fc2807f7dec6de1ed6efb9d18a70668a015f23e32d58149c9d9952bc0a7,0x006474E0,0x00647815,821,0x006474E0-0x00647815,_memcpy_0,"void *__cdecl memcpy_0(void *, const void *Src, size_t Size);",0x5454,library
42032fc2807f7dec6de1ed6efb9d18a70668a015f23e32d58149c9d9952bc0a7,0x00647815,0x00647851,60,0x00647815-0x00647851,_fprintf,"int fprintf(FILE *const Stream, const char *const Format, ...);",0x5444,library
42032fc2807f7dec6de1ed6efb9d18a70668a015f23e32d58149c9d9952bc0a7,0x00647851,0x00647920,207,0x00647851-0x00647920,_floor,double __cdecl floor(double X);,0x5454,library
42032fc2807f7dec6de1ed6efb9d18a70668a015f23e32d58149c9d9952bc0a7,0x00647920,0x00647942,34,0x00647920-0x00647942,_ftell,int __cdecl ftell(FILE *Stream);,0x5444,library
42032fc2807f7dec6de1ed6efb9d18a70668a015f23e32d58149c9d9952bc0a7,0x00647942,0x00647AA3,353,0x00647942-0x00647AA3,__ftell_lk,,0x5454,library
42032fc2807f7dec6de1ed6efb9d18a70668a015f23e32d58149c9d9952bc0a7,0x00647AB0,0x00647AC4,20,0x00647AB0-0x00647AC4,__CIacos,,0x5444,library
42032fc2807f7dec6de1ed6efb9d18a70668a015f23e32d58149c9d9952bc0a7,0x00647AC4,0x00647ACD,9,0x00647AC4-0x00647ACD,_acos,double __cdecl acos(double X);,0x5444,library
42032fc2807f7dec6de1ed6efb9d18a70668a015f23e32d58149c9d9952bc0a7,0x00647ACD,0x00647B7B,229,0x00647ACD-0x00647B7B;0x0064A87E-0x0064A8B5,sub_647ACD,,0x5444,library
42032fc2807f7dec6de1ed6efb9d18a70668a015f23e32d58149c9d9952bc0a7,0x00647B7B,0x00647C23,168,0x00647B7B-0x00647C23,___initstdio,,0x5444,library
42032fc2807f7dec6de1ed6efb9d18a70668a015f23e32d58149c9d9952bc0a7,0x00647C23,0x00647C37,20,0x00647C23-0x00647C37,___endstdio,,0x5444,library
42032fc2807f7dec6de1ed6efb9d18a70668a015f23e32d58149c9d9952bc0a7,0x00647C37,0x00647C66,47,0x00647C37-0x00647C66,__lock_file,void __cdecl _lock_file(FILE *Stream);,0x5444,library
42032fc2807f7dec6de1ed6efb9d18a70668a015f23e32d58149c9d9952bc0a7,0x00647C66,0x00647C89,35,0x00647C66-0x00647C89,__lock_file2,,0x5444,library
42032fc2807f7dec6de1ed6efb9d18a70668a015f23e32d58149c9d9952bc0a7,0x00647C89,0x00647CB8,47,0x00647C89-0x00647CB8,__unlock_file,void __cdecl _unlock_file(FILE *Stream);,0x5444,library
42032fc2807f7dec6de1ed6efb9d18a70668a015f23e32d58149c9d9952bc0a7,0x00647CB8,0x00647CDB,35,0x00647CB8-0x00647CDB,__unlock_file2,,0x5444,library
42032fc2807f7dec6de1ed6efb9d18a70668a015f23e32d58149c9d9952bc0a7,0x00647CDB,0x00647D04,41,0x00647CDB-0x00647D04,__mtinitlocks,,0x5444,library
42032fc2807f7dec6de1ed6efb9d18a70668a015f23e32d58149c9d9952bc0a7,0x00647D04,0x00647D65,97,0x00647D04-0x00647D65,__lock,,0x5454,library
42032fc2807f7dec6de1ed6efb9d18a70668a015f23e32d58149c9d9952bc0a7,0x00647D65,0x00647D7A,21,0x00647D65-0x00647D7A,__unlock,,0x5454,library
42032fc2807f7dec6de1ed6efb9d18a70668a015f23e32d58149c9d9952bc0a7,0x00647D7A,0x00647DB6,60,0x00647D7A-0x00647DB6,__heap_init,,0x5444,library
42032fc2807f7dec6de1ed6efb9d18a70668a015f23e32d58149c9d9952bc0a7,0x00647DB6,0x00647DF4,62,0x00647DB6-0x00647DF4,___sbh_heap_init,,0x5444,library
42032fc2807f7dec6de1ed6efb9d18a70668a015f23e32d58149c9d9952bc0a7,0x00647DF4,0x00647E1F,43,0x00647DF4-0x00647E1F,___sbh_find_block,,0x5444,library
42032fc2807f7dec6de1ed6efb9d18a70668a015f23e32d58149c9d9952bc0a7,0x00647E1F,0x0064814A,811,0x00647E1F-0x0064814A,___sbh_free_block,,0x5454,library
42032fc2807f7dec6de1ed6efb9d18a70668a015f23e32d58149c9d9952bc0a7,0x0064814A,0x00648453,777,0x0064814A-0x00648453,___sbh_alloc_block,,0x5454,library
42032fc2807f7dec6de1ed6efb9d18a70668a015f23e32d58149c9d9952bc0a7,0x00648453,0x00648504,177,0x00648453-0x00648504,___sbh_alloc_new_region,,0x5444,library
42032fc2807f7dec6de1ed6efb9d18a70668a015f23e32d58149c9d9952bc0a7,0x00648504,0x006485FF,251,0x00648504-0x006485FF,___sbh_alloc_new_group,,0x5454,library
42032fc2807f7dec6de1ed6efb9d18a70668a015f23e32d58149c9d9952bc0a7,0x006485FF,0x006488F5,758,0x006485FF-0x006488F5,___sbh_resize_block,,0x5454,library
42032fc2807f7dec6de1ed6efb9d18a70668a015f23e32d58149c9d9952bc0a7,0x006488F5,0x00648990,155,0x006488F5-0x00648990,___InternalCxxFrameHandler,"int __cdecl __InternalCxxFrameHandler(PEXCEPTION_RECORD ExceptionRecord, struct EHRegistrationNode *, struct _CONTEXT *, void *, struct _s_FuncInfo *, int, PVOID TargetFrame, char);",0x5454,library
42032fc2807f7dec6de1ed6efb9d18a70668a015f23e32d58149c9d9952bc0a7,0x00648990,0x00648B43,435,0x00648990-0x00648B43,?FindHandler@@YAXPAUEHExceptionRecord@@PAUEHRegistrationNode@@PAU_CONTEXT@@PAXPBU_s_FuncInfo@@EH1@Z,"void __cdecl FindHandler(PEXCEPTION_RECORD ExceptionRecord, struct EHRegistrationNode *, struct _CONTEXT *, void *, const struct _s_FuncInfo *, char, int, PVOID TargetFrame);",0x545C,library
42032fc2807f7dec6de1ed6efb9d18a70668a015f23e32d58149c9d9952bc0a7,0x00648B43,0x00648BED,170,0x00648B43-0x00648BED,?FindHandlerForForeignException@@YAXPAUEHExceptionRecord@@PAUEHRegistrationNode@@PAU_CONTEXT@@PAXPBU_s_FuncInfo@@HH1@Z,"void __cdecl FindHandlerForForeignException(PEXCEPTION_RECORD ExceptionRecord, struct EHRegistrationNode *, struct _CONTEXT *, void *, const struct _s_FuncInfo *, int, int, PVOID TargetFrame);",0x545C,library
42032fc2807f7dec6de1ed6efb9d18a70668a015f23e32d58149c9d9952bc0a7,0x00648BED,0x00648C4A,93,0x00648BED-0x00648C4A,?TypeMatch@@YAHPBU_s_HandlerType@@PBU_s_CatchableType@@PBU_s_ThrowInfo@@@Z,"int __cdecl TypeMatch(const struct _s_HandlerType *, const struct _s_CatchableType *, const struct _s_ThrowInfo *);",0x544C,library
42032fc2807f7dec6de1ed6efb9d18a70668a015f23e32d58149c9d9952bc0a7,0x00648C4A,0x00648CE8,158,0x00648C4A-0x00648CE8,___FrameUnwindToState,,0x5454,library
42032fc2807f7dec6de1ed6efb9d18a70668a015f23e32d58149c9d9952bc0a7,0x00648CE8,0x00648CFE,22,0x00648CE8-0x00648CFE,unknown_libname_298,,0x544C,library
42032fc2807f7dec6de1ed6efb9d18a70668a015f23e32d58149c9d9952bc0a7,0x00648CFE,0x00648D79,123,0x00648CFE-0x00648D79,?CatchIt@@YAXPAUEHExceptionRecord@@PAUEHRegistrationNode@@PAU_CONTEXT@@PAXPBU_s_FuncInfo@@PBU_s_HandlerType@@PBU_s_CatchableType@@PBU_s_TryBlockMapEntry@@H1E@Z,"void __cdecl CatchIt(PEXCEPTION_RECORD ExceptionRecord, struct EHRegistrationNode *, struct _CONTEXT *, void *, const struct _s_FuncInfo *, const struct _s_HandlerType *, const struct _s_CatchableType *, const struct _s_TryBlockMapEntry *, int, PVOID TargetFrame, unsigned __int8);",0x545C,library
42032fc2807f7dec6de1ed6efb9d18a70668a015f23e32d58149c9d9952bc0a7,0x00648D79,0x00648E94,283,0x00648D79-0x00648E94,?CallCatchBlock@@YAPAXPAUEHExceptionRecord@@PAUEHRegistrationNode@@PAU_CONTEXT@@PBU_s_FuncInfo@@PAXHK@Z,"void *__cdecl CallCatchBlock(struct EHExceptionRecord *, struct EHRegistrationNode *, struct _CONTEXT *, const struct _s_FuncInfo *, void *, int, unsigned int);",0x545C,library
42032fc2807f7dec6de1ed6efb9d18a70668a015f23e32d58149c9d9952bc0a7,0x00648E94,0x00648EBE,42,0x00648E94-0x00648EBE,?ExFilterRethrow@@YAHPAU_EXCEPTION_POINTERS@@@Z,int __cdecl ExFilterRethrow(struct _EXCEPTION_POINTERS *);,0x544C,library
42032fc2807f7dec6de1ed6efb9d18a70668a015f23e32d58149c9d9952bc0a7,0x00648EBE,0x00649082,452,0x00648EBE-0x00649082,?BuildCatchObject@@YAXPAUEHExceptionRecord@@PAUEHRegistrationNode@@PBU_s_HandlerType@@PBU_s_CatchableType@@@Z,"void __cdecl BuildCatchObject(struct EHExceptionRecord *, struct EHRegistrationNode *, const struct _s_HandlerType *, const struct _s_CatchableType *);",0x545C,library
42032fc2807f7dec6de1ed6efb9d18a70668a015f23e32d58149c9d9952bc0a7,0x00649082,0x006490E9,103,0x00649082-0x006490E9,unknown_libname_299,,0x5454,library
42032fc2807f7dec6de1ed6efb9d18a70668a015f23e32d58149c9d9952bc0a7,0x006490E9,0x0064910C,35,0x006490E9-0x0064910C,?AdjustPointer@@YAPAXPAXABUPMD@@@Z,"void *__cdecl AdjustPointer(void *, const struct PMD *);",0x544C,library
42032fc2807f7dec6de1ed6efb9d18a70668a015f23e32d58149c9d9952bc0a7,0x00649110,0x0064915C,76,0x00649110-0x0064915C,__CallSettingFrame@12,,0x5454,library
42032fc2807f7dec6de1ed6efb9d18a70668a015f23e32d58149c9d9952bc0a7,0x0064915C,0x006491B0,84,0x0064915C-0x006491B0,__mtinit,,0x5444,library
42032fc2807f7dec6de1ed6efb9d18a70668a015f23e32d58149c9d9952bc0a7,0x006491B0,0x006491C3,19,0x006491B0-0x006491C3,__initptd,,0x5444,library
42032fc2807f7dec6de1ed6efb9d18a70668a015f23e32d58149c9d9952bc0a7,0x006491C3,0x0064922A,103,0x006491C3-0x0064922A,__getptd,,0x5444,library
42032fc2807f7dec6de1ed6efb9d18a70668a015f23e32d58149c9d9952bc0a7,0x0064922A,0x006492CA,160,0x0064922A-0x006492CA,__freeptd,int __cdecl _freeptd(void *Block);,0x5444,library
42032fc2807f7dec6de1ed6efb9d18a70668a015f23e32d58149c9d9952bc0a7,0x006492CA,0x0064932B,97,0x006492CA-0x0064932B,?terminate@@YAXXZ,void __cdecl __noreturn terminate();,0x5455,library
42032fc2807f7dec6de1ed6efb9d18a70668a015f23e32d58149c9d9952bc0a7,0x0064932B,0x00649381,86,0x0064932B-0x00649381,sub_64932B,,0x1411,game
42032fc2807f7dec6de1ed6efb9d18a70668a015f23e32d58149c9d9952bc0a7,0x00649381,0x006493C6,69,0x00649381-0x006493C6,__msize,size_t __cdecl _msize(void *Block);,0x5444,library
42032fc2807f7dec6de1ed6efb9d18a70668a015f23e32d58149c9d9952bc0a7,0x006493C6,0x00649423,93,0x006493C6-0x00649423,__close,int __cdecl _close(int FileHandle);,0x5444,library
42032fc2807f7dec6de1ed6efb9d18a70668a015f23e32d58149c9d9952bc0a7,0x00649423,0x006494A6,131,0x00649423-0x006494A6,__close_lk,int __cdecl _close_lk(int FileHandle);,0x5444,library
42032fc2807f7dec6de1ed6efb9d18a70668a015f23e32d58149c9d9952bc0a7,0x006494A6,0x006494D1,43,0x006494A6-0x006494D1,__freebuf,,0x5444,library
42032fc2807f7dec6de1ed6efb9d18a70668a015f23e32d58149c9d9952bc0a7,0x006494D1,0x006494FF,46,0x006494D1-0x006494FF,__fflush_lk,,0x5444,library
42032fc2807f7dec6de1ed6efb9d18a70668a015f23e32d58149c9d9952bc0a7,0x006494FF,0x0064955B,92,0x006494FF-0x0064955B,__flush,,0x5444,library
42032fc2807f7dec6de1ed6efb9d18a70668a015f23e32d58149c9d9952bc0a7,0x0064955B,0x00649564,9,0x0064955B-0x00649564,sub_64955B,,0x5400,game
42032fc2807f7dec6de1ed6efb9d18a70668a015f23e32d58149c9d9952bc0a7,0x00649564,0x00649608,164,0x00649564-0x00649608,_flsall,,0x544C,library
42032fc2807f7dec6de1ed6efb9d18a70668a015f23e32d58149c9d9952bc0a7,0x00649608,0x00649778,368,0x00649608-0x00649778,__openfile,"int __cdecl _openfile(char *FileName, int, int ShareFlag, int);",0x5454,library
42032fc2807f7dec6de1ed6efb9d18a70668a015f23e32d58149c9d9952bc0a7,0x00649778,0x00649840,200,0x00649778-0x00649840,__getstream,,0x5444,library
42032fc2807f7dec6de1ed6efb9d18a70668a015f23e32d58149c9d9952bc0a7,0x00649840,0x00649852,18,0x00649840-0x00649852,__setdefaultprecision,,0x5444,library
42032fc2807f7dec6de1ed6efb9d18a70668a015f23e32d58149c9d9952bc0a7,0x00649852,0x00649890,62,0x00649852-0x00649890,__ms_p5_test_fdiv,,0x5454,library
42032fc2807f7dec6de1ed6efb9d18a70668a015f23e32d58149c9d9952bc0a7,0x00649890,0x006498B9,41,0x00649890-0x006498B9,__ms_p5_mp_test_fdiv,,0x5444,library
42032fc2807f7dec6de1ed6efb9d18a70668a015f23e32d58149c9d9952bc0a7,0x006498B9,0x00649913,90,0x006498B9-0x00649913,__forcdecpt,,0x5444,library
42032fc2807f7dec6de1ed6efb9d18a70668a015f23e32d58149c9d9952bc0a7,0x00649979,0x006499B7,62,0x00649979-0x006499B7,__fassign,,0x5454,library
42032fc2807f7dec6de1ed6efb9d18a70668a015f23e32d58149c9d9952bc0a7,0x006499B7,0x00649A18,97,0x006499B7-0x00649A18,__cftoe,"int __usercall _cftoe@<eax>(int@<ecx>, int, int, int, int);",0x5454,library
42032fc2807f7dec6de1ed6efb9d18a70668a015f23e32d58149c9d9952bc0a7,0x00649A18,0x00649ADA,194,0x00649A18-0x00649ADA,__cftoe2,,0x545C,library
42032fc2807f7dec6de1ed6efb9d18a70668a015f23e32d58149c9d9952bc0a7,0x00649ADA,0x00649B2F,85,0x00649ADA-0x00649B2F,__cftof,"int __usercall _cftof@<eax>(int@<ecx>, int, char *Str, size_t Size);",0x5454,library
42032fc2807f7dec6de1ed6efb9d18a70668a015f23e32d58149c9d9952bc0a7,0x00649B2F,0x00649BD6,167,0x00649B2F-0x00649BD6,__cftof2,"int __cdecl _cftof2(char *Str, size_t Size, int, char);",0x545C,library
42032fc2807f7dec6de1ed6efb9d18a70668a015f23e32d58149c9d9952bc0a7,0x00649BD6,0x00649C69,147,0x00649BD6-0x00649C69,__cftog,"int __usercall _cftog@<eax>(int@<ecx>, int, char *Str, size_t Size, int);",0x5454,library
42032fc2807f7dec6de1ed6efb9d18a70668a015f23e32d58149c9d9952bc0a7,0x00649C69,0x00649CBA,81,0x00649C69-0x00649CBA,__cfltcvt,"int __cdecl _cfltcvt(int, char *Str, int, size_t Size, int);",0x5454,library
42032fc2807f7dec6de1ed6efb9d18a70668a015f23e32d58149c9d9952bc0a7,0x00649CBA,0x00649CDF,37,0x00649CBA-0x00649CDF,__shift,"int __cdecl _shift(char *Str, int);",0x544C,library
42032fc2807f7dec6de1ed6efb9d18a70668a015f23e32d58149c9d9952bc0a7,0x00649CDF,0x00649D54,117,0x00649CDF-0x00649D54,__isctype,"int __cdecl _isctype(int C, int Type);",0x5454,library
42032fc2807f7dec6de1ed6efb9d18a70668a015f23e32d58149c9d9952bc0a7,0x00649D60,0x00649D94,52,0x00649D60-0x00649D94,__allmul,,0x5444,library
42032fc2807f7dec6de1ed6efb9d18a70668a015f23e32d58149c9d9952bc0a7,0x00649D94,0x00649EAC,280,0x00649D94-0x00649EAC,__flsbuf,"int __cdecl _flsbuf(int Ch, FILE *File);",0x5454,library
42032fc2807f7dec6de1ed6efb9d18a70668a015f23e32d58149c9d9952bc0a7,0x00649EAC,0x00649F11,101,0x00649EAC-0x00649F11,__write,"int __cdecl _write(int FileHandle, const void *Buf, unsigned int MaxCharCount);",0x5444,library
42032fc2807f7dec6de1ed6efb9d18a70668a015f23e32d58149c9d9952bc0a7,0x00649F11,0x0064A09C,395,0x00649F11-0x0064A09C,__write_lk,"int __cdecl _write_lk(int FileHandle, LPCVOID lpBuffer, DWORD nNumberOfBytesToWrite);",0x5454,library
42032fc2807f7dec6de1ed6efb9d18a70668a015f23e32d58149c9d9952bc0a7,0x0064A09C,0x0064A178,220,0x0064A09C-0x0064A178,__filbuf,int __cdecl _filbuf(FILE *File);,0x5444,library
42032fc2807f7dec6de1ed6efb9d18a70668a015f23e32d58149c9d9952bc0a7,0x0064A178,0x0064A1DD,101,0x0064A178-0x0064A1DD,__read,"int __cdecl _read(int FileHandle, void *DstBuf, unsigned int MaxCharCount);",0x5444,library
42032fc2807f7dec6de1ed6efb9d18a70668a015f23e32d58149c9d9952bc0a7,0x0064A1DD,0x0064A3B6,473,0x0064A1DD-0x0064A3B6,__read_lk,"int __cdecl _read_lk(int FileHandle, LPVOID lpBuffer, DWORD nNumberOfBytesToRead);",0x5454,library
42032fc2807f7dec6de1ed6efb9d18a70668a015f23e32d58149c9d9952bc0a7,0x0064A3B6,0x0064A5DA,548,0x0064A3B6-0x0064A5DA,___crtLCMapStringA,"int __cdecl __crtLCMapStringA(LCID Locale, DWORD dwMapFlags, LPCSTR lpSrcStr, int cchSrc, LPSTR lpDestStr, int cchDest, UINT CodePage, int);",0x5454,library
42032fc2807f7dec6de1ed6efb9d18a70668a015f23e32d58149c9d9952bc0a7,0x0064A5DA,0x0064A605,43,0x0064A5DA-0x0064A605,_strncnt,,0x544C,library
42032fc2807f7dec6de1ed6efb9d18a70668a015f23e32d58149c9d9952bc0a7,0x0064A610,0x0064A677,103,0x0064A610-0x0064A677,__trandisp1,,0x1444,library
42032fc2807f7dec6de1ed6efb9d18a70668a015f23e32d58149c9d9952bc0a7,0x0064A71D,0x0064A722,5,0x0064A71D-0x0064A722,__rtonenpop,,0x5444,library
42032fc2807f7dec6de1ed6efb9d18a70668a015f23e32d58149c9d9952bc0a7,0x0064A722,0x0064A74D,43,0x0064A722-0x0064A74D,__tosnan1,,0x5444,library
42032fc2807f7dec6de1ed6efb9d18a70668a015f23e32d58149c9d9952bc0a7,0x0064A7C9,0x0064A7D3,10,0x0064A7C9-0x0064A7D3,__rttosnpopde,,0x5444,library
42032fc2807f7dec6de1ed6efb9d18a70668a015f23e32d58149c9d9952bc0a7,0x0064A7D9,0x0064A7DA,1,0x0064A7D9-0x0064A7DA,chsifnegret,,0x544C,library
42032fc2807f7dec6de1ed6efb9d18a70668a015f23e32d58149c9d9952bc0a7,0x0064A7E0,0x0064A7F5,21,0x0064A7E0-0x0064A7F5,__twoToTOS,,0x5444,library
42032fc2807f7dec6de1ed6efb9d18a70668a015f23e32d58149c9d9952bc0a7,0x0064A7F5,0x0064A80C,23,0x0064A7F5-0x0064A80C,__load_CW,,0x5444,library
42032fc2807f7dec6de1ed6efb9d18a70668a015f23e32d58149c9d9952bc0a7,0x0064A80C,0x0064A825,25,0x0064A80C-0x0064A825,__convertTOStoQNaN,,0x5444,library
42032fc2807f7dec6de1ed6efb9d18a70668a015f23e32d58149c9d9952bc0a7,0x0064A825,0x0064A868,67,0x0064A825-0x0064A868,__fload_withFB,,0x5444,library
42032fc2807f7dec6de1ed6efb9d18a70668a015f23e32d58149c9d9952bc0a7,0x0064A868,0x0064A87E,22,0x0064A868-0x0064A87E,__checkTOS_withFB,,0x5444,library
42032fc2807f7dec6de1ed6efb9d18a70668a015f23e32d58149c9d9952bc0a7,0x0064A8B5,0x0064A8C9,20,0x0064A8B5-0x0064A8C9,__check_overflow_exit,,0x5444,library
42032fc2807f7dec6de1ed6efb9d18a70668a015f23e32d58149c9d9952bc0a7,0x0064A8C9,0x0064A96C,163,0x0064A8C9-0x0064A96C,__check_range_exit,,0x5444,library
42032fc2807f7dec6de1ed6efb9d18a70668a015f23e32d58149c9d9952bc0a7,0x0064A970,0x0064A987,23,0x0064A970-0x0064A987,__startTwoArgErrorHandling,,0x5454,library
42032fc2807f7dec6de1ed6efb9d18a70668a015f23e32d58149c9d9952bc0a7,0x0064A987,0x0064A9C3,60,0x0064A987-0x0064A9C3,__startOneArgErrorHandling,,0x5454,library
42032fc2807f7dec6de1ed6efb9d18a70668a015f23e32d58149c9d9952bc0a7,0x0064A9C3,0x0064AA36,115,0x0064A9C3-0x0064AA36,__dosmaperr,,0x5444,library
42032fc2807f7dec6de1ed6efb9d18a70668a015f23e32d58149c9d9952bc0a7,0x0064AA36,0x0064AA3F,9,0x0064AA36-0x0064AA3F,__errno,int *__cdecl _errno();,0x5444,library
42032fc2807f7dec6de1ed6efb9d18a70668a015f23e32d58149c9d9952bc0a7,0x0064AA3F,0x0064AA48,9,0x0064AA3F-0x0064AA48,___doserrno,unsigned int *__cdecl __doserrno();,0x5444,library
42032fc2807f7dec6de1ed6efb9d18a70668a015f23e32d58149c9d9952bc0a7,0x0064AA48,0x0064B169,1825,0x0064AA48-0x0064B169,__output,"int __cdecl _output(FILE *File, int, int);",0x5454,library
42032fc2807f7dec6de1ed6efb9d18a70668a015f23e32d58149c9d9952bc0a7,0x0064B189,0x0064B1BE,53,0x0064B189-0x0064B1BE,_write_char,"int __cdecl write_char(int, FILE *File, int);",0x545C,library
42032fc2807f7dec6de1ed6efb9d18a70668a015f23e32d58149c9d9952bc0a7,0x0064B1BE,0x0064B1EF,49,0x0064B1BE-0x0064B1EF,_write_multi_char,"int __cdecl write_multi_char(int, int, FILE *File, int);",0x544C,library
42032fc2807f7dec6de1ed6efb9d18a70668a015f23e32d58149c9d9952bc0a7,0x0064B1EF,0x0064B227,56,0x0064B1EF-0x0064B227,_write_string,"int __cdecl write_string(int, int, FILE *File, int);",0x544C,library
42032fc2807f7dec6de1ed6efb9d18a70668a015f23e32d58149c9d9952bc0a7,0x0064B227,0x0064B234,13,0x0064B227-0x0064B234,_get_int_arg,,0x5444,library
42032fc2807f7dec6de1ed6efb9d18a70668a015f23e32d58149c9d9952bc0a7,0x0064B234,0x0064B244,16,0x0064B234-0x0064B244,_get_int64_arg,,0x5444,library
42032fc2807f7dec6de1ed6efb9d18a70668a015f23e32d58149c9d9952bc0a7,0x0064B244,0x0064B252,14,0x0064B244-0x0064B252,_get_short_arg,,0x5444,library
42032fc2807f7dec6de1ed6efb9d18a70668a015f23e32d58149c9d9952bc0a7,0x0064B271,0x0064B2B6,74,0x0064A708-0x0064A70D;0x0064B271-0x0064B2B6,__fFEXP,,0x5444,library
42032fc2807f7dec6de1ed6efb9d18a70668a015f23e32d58149c9d9952bc0a7,0x0064B347,0x0064B348,1,0x0064B347-0x0064B348,zerotoxdone,,0x544C,library
42032fc2807f7dec6de1ed6efb9d18a70668a015f23e32d58149c9d9952bc0a7,0x0064B392,0x0064B393,1,0x0064B392-0x0064B393,_expbigret,,0x544C,library
42032fc2807f7dec6de1ed6efb9d18a70668a015f23e32d58149c9d9952bc0a7,0x0064B3B1,0x0064B3BE,23,0x0064A716-0x0064A71B;0x0064B364-0x0064B369;0x0064B3B1-0x0064B3BE,_rtforexpinf,,0x5444,library
42032fc2807f7dec6de1ed6efb9d18a70668a015f23e32d58149c9d9952bc0a7,0x0064B3BE,0x0064B401,118,0x0064A716-0x0064A71B;0x0064B370-0x0064B392;0x0064B393-0x0064B39F;0x0064B3BE-0x0064B401,__ffexpm1,,0x5444,library
42032fc2807f7dec6de1ed6efb9d18a70668a015f23e32d58149c9d9952bc0a7,0x0064B401,0x0064B426,37,0x0064B401-0x0064B426,_isintTOS,,0x5444,library
42032fc2807f7dec6de1ed6efb9d18a70668a015f23e32d58149c9d9952bc0a7,0x0064B426,0x0064B427,1,0x0064B426-0x0064B427,_isintTOSret,,0x544C,library
42032fc2807f7dec6de1ed6efb9d18a70668a015f23e32d58149c9d9952bc0a7,0x0064B427,0x0064B42E,7,0x0064B427-0x0064B42E,notanint,,0x544C,library
42032fc2807f7dec6de1ed6efb9d18a70668a015f23e32d58149c9d9952bc0a7,0x0064B42E,0x0064B435,7,0x0064B42E-0x0064B435,evenint,,0x544C,library
42032fc2807f7dec6de1ed6efb9d18a70668a015f23e32d58149c9d9952bc0a7,0x0064B435,0x0064B467,50,0x0064B435-0x0064B467,_usepowhlp,,0x544C,library
42032fc2807f7dec6de1ed6efb9d18a70668a015f23e32d58149c9d9952bc0a7,0x0064B467,0x0064B597,304,0x0064B467-0x0064B597,__powhlp,"int __cdecl _powhlp(double, double, int);",0x5454,library
42032fc2807f7dec6de1ed6efb9d18a70668a015f23e32d58149c9d9952bc0a7,0x0064B597,0x0064B5FC,101,0x0064B597-0x0064B5FC,__d_inttype,int __cdecl _d_inttype(double);,0x5454,library
42032fc2807f7dec6de1ed6efb9d18a70668a015f23e32d58149c9d9952bc0a7,0x0064B5FC,0x0064B73A,318,0x0064B5FC-0x0064B73A,__XcptFilter,"int __cdecl _XcptFilter(int, struct _EXCEPTION_POINTERS *ExceptionInfo);",0x5454,library
42032fc2807f7dec6de1ed6efb9d18a70668a015f23e32d58149c9d9952bc0a7,0x0064B73A,0x0064B774,58,0x0064B73A-0x0064B774,_xcptlookup,,0x544C,library
42032fc2807f7dec6de1ed6efb9d18a70668a015f23e32d58149c9d9952bc0a7,0x0064B774,0x0064B7CC,88,0x0064B774-0x0064B7CC,__wincmdln,,0x5444,library
42032fc2807f7dec6de1ed6efb9d18a70668a015f23e32d58149c9d9952bc0a7,0x0064B7CC,0x0064B885,185,0x0064B7CC-0x0064B885,__setenvp,,0x5444,library
42032fc2807f7dec6de1ed6efb9d18a70668a015f23e32d58149c9d9952bc0a7,0x0064B885,0x0064B91E,153,0x0064B885-0x0064B91E,__setargv,,0x5454,library
42032fc2807f7dec6de1ed6efb9d18a70668a015f23e32d58149c9d9952bc0a7,0x0064B91E,0x0064BAD2,436,0x0064B91E-0x0064BAD2,_parse_cmdline,,0x545C,library
42032fc2807f7dec6de1ed6efb9d18a70668a015f23e32d58149c9d9952bc0a7,0x0064BAD2,0x0064BC04,306,0x0064BAD2-0x0064BC04,___crtGetEnvironmentStringsA,,0x5444,library
42032fc2807f7dec6de1ed6efb9d18a70668a015f23e32d58149c9d9952bc0a7,0x0064BC04,0x0064BDC0,444,0x0064BC04-0x0064BDC0,__ioinit,,0x5454,library
42032fc2807f7dec6de1ed6efb9d18a70668a015f23e32d58149c9d9952bc0a7,0x0064BDC0,0x0064BDF9,57,0x0064BDC0-0x0064BDF9,__FF_MSGBANNER,,0x5444,library
42032fc2807f7dec6de1ed6efb9d18a70668a015f23e32d58149c9d9952bc0a7,0x0064BDF9,0x0064BF4C,339,0x0064BDF9-0x0064BF4C,__NMSG_WRITE,int __cdecl _NMSG_WRITE(DWORD NumberOfBytesWritten);,0x5454,library
42032fc2807f7dec6de1ed6efb9d18a70668a015f23e32d58149c9d9952bc0a7,0x0064BF4C,0x0064BF67,27,0x0064BF4C-0x0064BF67,__callnewh,int __cdecl _callnewh(size_t Size);,0x5444,library
42032fc2807f7dec6de1ed6efb9d18a70668a015f23e32d58149c9d9952bc0a7,0x0064BF67,0x0064BFCC,101,0x0064BF67-0x0064BFCC,__lseek,"int __cdecl _lseek(int FileHandle, int Offset, int Origin);",0x5444,library
42032fc2807f7dec6de1ed6efb9d18a70668a015f23e32d58149c9d9952bc0a7,0x0064BFCC,0x0064C03F,115,0x0064BFCC-0x0064C03F,__lseek_lk,"int __cdecl _lseek_lk(int FileHandle, LONG lDistanceToMove, DWORD dwMoveMethod);",0x5444,library
42032fc2807f7dec6de1ed6efb9d18a70668a015f23e32d58149c9d9952bc0a7,0x0064C03F,0x0064C0CC,141,0x0064C03F-0x0064C0CC,__stbuf,,0x5444,library
42032fc2807f7dec6de1ed6efb9d18a70668a015f23e32d58149c9d9952bc0a7,0x0064C0CC,0x0064C0F6,42,0x0064C0CC-0x0064C0F6,__ftbuf,,0x5444,library
42032fc2807f7dec6de1ed6efb9d18a70668a015f23e32d58149c9d9952bc0a7,0x0064C0F6,0x0064C14A,84,0x0064C0F6-0x0064C14A,__handle_qnan1,"int __usercall _handle_qnan1@<eax>(int@<ecx>, int, double, int);",0x5454,library
42032fc2807f7dec6de1ed6efb9d18a70668a015f23e32d58149c9d9952bc0a7,0x0064C14A,0x0064C1AA,96,0x0064C14A-0x0064C1AA,__handle_qnan2,"int __usercall _handle_qnan2@<eax>(int@<ecx>, int, double, double, int);",0x5454,library
42032fc2807f7dec6de1ed6efb9d18a70668a015f23e32d58149c9d9952bc0a7,0x0064C1AA,0x0064C242,152,0x0064C1AA-0x0064C242,__except1,"int __cdecl _except1(DWORD dwExceptionCode, int, int, int, int, int, int);",0x5454,library
42032fc2807f7dec6de1ed6efb9d18a70668a015f23e32d58149c9d9952bc0a7,0x0064C242,0x0064C2E7,165,0x0064C242-0x0064C2E7,__except2,"int __cdecl _except2(DWORD dwExceptionCode, int, int, int, double, int, int, int);",0x5454,library
42032fc2807f7dec6de1ed6efb9d18a70668a015f23e32d58149c9d9952bc0a7,0x0064C2E7,0x0064C59A,691,0x0064C2E7-0x0064C59A,__raise_exc,"int __cdecl _raise_exc(ULONG_PTR Arguments, int, DWORD dwExceptionCode, int, int, int);",0x5454,library
42032fc2807f7dec6de1ed6efb9d18a70668a015f23e32d58149c9d9952bc0a7,0x0064C59A,0x0064C7B1,535,0x0064C59A-0x0064C7B1,__handle_exc,,0x5454,library
42032fc2807f7dec6de1ed6efb9d18a70668a015f23e32d58149c9d9952bc0a7,0x0064C7B1,0x0064C839,136,0x0064C7B1-0x0064C839,__umatherr,"int __cdecl _umatherr(int Value, int, int, int, int, int, double, int);",0x5454,library
42032fc2807f7dec6de1ed6efb9d18a70668a015f23e32d58149c9d9952bc0a7,0x0064C839,0x0064C861,40,0x0064C839-0x0064C861,__set_errno,errno_t __cdecl _set_errno(int Value);,0x5444,library
42032fc2807f7dec6de1ed6efb9d18a70668a015f23e32d58149c9d9952bc0a7,0x0064C861,0x0064C886,37,0x0064C861-0x0064C886,__get_fname,,0x544C,library
42032fc2807f7dec6de1ed6efb9d18a70668a015f23e32d58149c9d9952bc0a7,0x0064C886,0x0064C8B3,45,0x0064C886-0x0064C8B3,__errcode,,0x5444,library
42032fc2807f7dec6de1ed6efb9d18a70668a015f23e32d58149c9d9952bc0a7,0x0064C8B3,0x0064C8C5,18,0x0064C8B3-0x0064C8C5,__frnd,int __cdecl _frnd(double);,0x5454,library
42032fc2807f7dec6de1ed6efb9d18a70668a015f23e32d58149c9d9952bc0a7,0x0064C8C5,0x0064C8EE,41,0x0064C8C5-0x0064C8EE,__set_exp,"int __cdecl _set_exp(double, int);",0x5454,library
42032fc2807f7dec6de1ed6efb9d18a70668a015f23e32d58149c9d9952bc0a7,0x0064C8EE,0x0064C902,20,0x0064C8EE-0x0064C902,__get_exp,,0x5444,library
42032fc2807f7dec6de1ed6efb9d18a70668a015f23e32d58149c9d9952bc0a7,0x0064C902,0x0064C95C,90,0x0064C902-0x0064C95C,__sptype,,0x5454,library
42032fc2807f7dec6de1ed6efb9d18a70668a015f23e32d58149c9d9952bc0a7,0x0064C95C,0x0064CA1D,193,0x0064C95C-0x0064CA1D,__decomp,"int __cdecl _decomp(double, int);",0x5454,library
42032fc2807f7dec6de1ed6efb9d18a70668a015f23e32d58149c9d9952bc0a7,0x0064CA1D,0x0064CA2B,14,0x0064CA1D-0x0064CA2B,__statfp,,0x5454,library
42032fc2807f7dec6de1ed6efb9d18a70668a015f23e32d58149c9d9952bc0a7,0x0064CA2B,0x0064CA3A,15,0x0064CA2B-0x0064CA3A,__clrfp,,0x5454,library
42032fc2807f7dec6de1ed6efb9d18a70668a015f23e32d58149c9d9952bc0a7,0x0064CA3A,0x0064CA5D,35,0x0064CA3A-0x0064CA5D,__ctrlfp,,0x5454,library
42032fc2807f7dec6de1ed6efb9d18a70668a015f23e32d58149c9d9952bc0a7,0x0064CA5D,0x0064CAB3,86,0x0064CA5D-0x0064CAB3,__set_statfp,,0x5454,library
42032fc2807f7dec6de1ed6efb9d18a70668a015f23e32d58149c9d9952bc0a7,0x0064CAB3,0x0064CB34,129,0x0064CAB3-0x0064CB34,__fcloseall,int __cdecl _fcloseall();,0x5444,library
42032fc2807f7dec6de1ed6efb9d18a70668a015f23e32d58149c9d9952bc0a7,0x0064CB34,0x0064CB7A,70,0x0064CB34-0x0064CB7A,?__CxxUnhandledExceptionFilter@@YGJPAU_EXCEPTION_POINTERS@@@Z,LONG __stdcall __CxxUnhandledExceptionFilter(struct _EXCEPTION_POINTERS *ExceptionInfo);,0x5444,library
42032fc2807f7dec6de1ed6efb9d18a70668a015f23e32d58149c9d9952bc0a7,0x0064CB7A,0x0064CB8B,17,0x0064CB7A-0x0064CB8B,sub_64CB7A,,0x5400,game
42032fc2807f7dec6de1ed6efb9d18a70668a015f23e32d58149c9d9952bc0a7,0x0064CB8B,0x0064CB98,13,0x0064CB8B-0x0064CB98,sub_64CB8B,,0x5400,game
42032fc2807f7dec6de1ed6efb9d18a70668a015f23e32d58149c9d9952bc0a7,0x0064CB98,0x0064CBB4,28,0x0064CB98-0x0064CBB4,?_ValidateRead@@YAHPBXI@Z,"int __cdecl _ValidateRead(const void *lp, UINT_PTR ucb);",0x5444,library
42032fc2807f7dec6de1ed6efb9d18a70668a015f23e32d58149c9d9952bc0a7,0x0064CBB4,0x0064CBD0,28,0x0064CBB4-0x0064CBD0,?_ValidateWrite@@YAHPAXI@Z,"int __cdecl _ValidateWrite(void *lp, UINT_PTR ucb);",0x5444,library
42032fc2807f7dec6de1ed6efb9d18a70668a015f23e32d58149c9d9952bc0a7,0x0064CBD0,0x0064CBE8,24,0x0064CBD0-0x0064CBE8,?_ValidateExecute@@YAHP6GHXZ@Z,int __cdecl _ValidateExecute(FARPROC lpfn);,0x5444,library
42032fc2807f7dec6de1ed6efb9d18a70668a015f23e32d58149c9d9952bc0a7,0x0064CBE8,0x0064CBFF,23,0x0064CBE8-0x0064CBFF,_abort,void __cdecl __noreturn abort();,0x5445,library
42032fc2807f7dec6de1ed6efb9d18a70668a015f23e32d58149c9d9952bc0a7,0x0064CBFF,0x0064CD22,291,0x0064CBFF-0x0064CD22,__alloc_osfhnd,,0x5444,library
42032fc2807f7dec6de1ed6efb9d18a70668a015f23e32d58149c9d9952bc0a7,0x0064CD22,0x0064CD9E,124,0x0064CD22-0x0064CD9E,__set_osfhnd,"int __cdecl _set_osfhnd(int, HANDLE hHandle);",0x5444,library
42032fc2807f7dec6de1ed6efb9d18a70668a015f23e32d58149c9d9952bc0a7,0x0064CD9E,0x0064CE1D,127,0x0064CD9E-0x0064CE1D,__free_osfhnd,,0x5444,library
42032fc2807f7dec6de1ed6efb9d18a70668a015f23e32d58149c9d9952bc0a7,0x0064CE1D,0x0064CE5F,66,0x0064CE1D-0x0064CE5F,__get_osfhandle,intptr_t __cdecl _get_osfhandle(int FileHandle);,0x5444,library
42032fc2807f7dec6de1ed6efb9d18a70668a015f23e32d58149c9d9952bc0a7,0x0064CE5F,0x0064CEBE,95,0x0064CE5F-0x0064CEBE,__lock_fhandle,,0x5444,library
42032fc2807f7dec6de1ed6efb9d18a70668a015f23e32d58149c9d9952bc0a7,0x0064CEBE,0x0064CEE0,34,0x0064CEBE-0x0064CEE0,__unlock_fhandle,,0x5444,library
42032fc2807f7dec6de1ed6efb9d18a70668a015f23e32d58149c9d9952bc0a7,0x0064CEE0,0x0064CF73,147,0x0064CEE0-0x0064CF73,__commit,int __cdecl _commit(int FileHandle);,0x5444,library
42032fc2807f7dec6de1ed6efb9d18a70668a015f23e32d58149c9d9952bc0a7,0x0064CF73,0x0064CF8A,23,0x0064CF73-0x0064CF8A,__open,"int _open(const char *FileName, int OpenFlag, ...);",0x5444,library
42032fc2807f7dec6de1ed6efb9d18a70668a015f23e32d58149c9d9952bc0a7,0x0064CF8A,0x0064D259,719,0x0064CF8A-0x0064D259,__sopen,"int _sopen(const char *FileName, int OpenFlag, int ShareFlag, ...);",0x5454,library
42032fc2807f7dec6de1ed6efb9d18a70668a015f23e32d58149c9d9952bc0a7,0x0064D259,0x0064D28E,53,0x0064D259-0x0064D28E,__control87,"unsigned int __cdecl _control87(unsigned int NewValue, unsigned int Mask);",0x5454,library
42032fc2807f7dec6de1ed6efb9d18a70668a015f23e32d58149c9d9952bc0a7,0x0064D28E,0x0064D2A4,22,0x0064D28E-0x0064D2A4,__controlfp,"unsigned int __cdecl _controlfp(unsigned int NewValue, unsigned int Mask);",0x5444,library
42032fc2807f7dec6de1ed6efb9d18a70668a015f23e32d58149c9d9952bc0a7,0x0064D2A4,0x0064D336,146,0x0064D2A4-0x0064D336,__abstract_cw,,0x544C,library
42032fc2807f7dec6de1ed6efb9d18a70668a015f23e32d58149c9d9952bc0a7,0x0064D336,0x0064D3BF,137,0x0064D336-0x0064D3BF,__hw_cw,,0x544C,library
42032fc2807f7dec6de1ed6efb9d18a70668a015f23e32d58149c9d9952bc0a7,0x0064D3BF,0x0064D408,73,0x0064D3BF-0x0064D408,__ZeroTail,,0x5444,library
42032fc2807f7dec6de1ed6efb9d18a70668a015f23e32d58149c9d9952bc0a7,0x0064D408,0x0064D45E,86,0x0064D408-0x0064D45E,__IncMan,,0x5444,library
42032fc2807f7dec6de1ed6efb9d18a70668a015f23e32d58149c9d9952bc0a7,0x0064D45E,0x0064D4EA,140,0x0064D45E-0x0064D4EA,__RoundMan,,0x5454,library
42032fc2807f7dec6de1ed6efb9d18a70668a015f23e32d58149c9d9952bc0a7,0x0064D4EA,0x0064D505,27,0x0064D4EA-0x0064D505,__CopyMan,,0x5444,library
42032fc2807f7dec6de1ed6efb9d18a70668a015f23e32d58149c9d9952bc0a7,0x0064D505,0x0064D511,12,0x0064D505-0x0064D511,__FillZeroMan,,0x5444,library
42032fc2807f7dec6de1ed6efb9d18a70668a015f23e32d58149c9d9952bc0a7,0x0064D511,0x0064D52C,27,0x0064D511-0x0064D52C,__IsZeroMan,,0x5444,library
42032fc2807f7dec6de1ed6efb9d18a70668a015f23e32d58149c9d9952bc0a7,0x0064D52C,0x0064D5B9,141,0x0064D52C-0x0064D5B9,__ShrMan,,0x5454,library
42032fc2807f7dec6de1ed6efb9d18a70668a015f23e32d58149c9d9952bc0a7,0x0064D5B9,0x0064D725,364,0x0064D5B9-0x0064D725,__ld12cvt,,0x5454,library
42032fc2807f7dec6de1ed6efb9d18a70668a015f23e32d58149c9d9952bc0a7,0x0064D725,0x0064D73B,22,0x0064D725-0x0064D73B,sub_64D725,,0x5400,game
42032fc2807f7dec6de1ed6efb9d18a70668a015f23e32d58149c9d9952bc0a7,0x0064D73B,0x0064D751,22,0x0064D73B-0x0064D751,sub_64D73B,,0x5400,game
42032fc2807f7dec6de1ed6efb9d18a70668a015f23e32d58149c9d9952bc0a7,0x0064D751,0x0064D77E,45,0x0064D751-0x0064D77E,sub_64D751,,0x5410,game
42032fc2807f7dec6de1ed6efb9d18a70668a015f23e32d58149c9d9952bc0a7,0x0064D77E,0x0064D7AB,45,0x0064D77E-0x0064D7AB,sub_64D77E,,0x5410,game
42032fc2807f7dec6de1ed6efb9d18a70668a015f23e32d58149c9d9952bc0a7,0x0064D7AB,0x0064D822,119,0x0064D7AB-0x0064D822,__fptostr,"int __cdecl _fptostr(void *, int, int);",0x5454,library
42032fc2807f7dec6de1ed6efb9d18a70668a015f23e32d58149c9d9952bc0a7,0x0064D822,0x0064D87E,92,0x0064D822-0x0064D87E,__fltout2,"int __cdecl _fltout2(char, int, int, char *Destination);",0x5454,library
42032fc2807f7dec6de1ed6efb9d18a70668a015f23e32d58149c9d9952bc0a7,0x0064D87E,0x0064D934,182,0x0064D87E-0x0064D934,___dtold,,0x5454,library
42032fc2807f7dec6de1ed6efb9d18a70668a015f23e32d58149c9d9952bc0a7,0x0064D934,0x0064D93B,7,0x0064D934-0x0064D93B,__fptrap,,0x5445,library
42032fc2807f7dec6de1ed6efb9d18a70668a015f23e32d58149c9d9952bc0a7,0x0064D93D,0x0064DA86,329,0x0064D93D-0x0064DA86,___crtGetStringTypeA,"int __cdecl __crtGetStringTypeA(DWORD dwInfoType, LPCSTR lpSrcStr, int cchSrc, LPWORD lpCharType, UINT CodePage, LCID Locale, int);",0x5454,library
42032fc2807f7dec6de1ed6efb9d18a70668a015f23e32d58149c9d9952bc0a7,0x0064DA86,0x0064DACA,68,0x0064DA86-0x0064DACA,__getbuf,,0x5444,library
42032fc2807f7dec6de1ed6efb9d18a70668a015f23e32d58149c9d9952bc0a7,0x0064DACA,0x0064DAF3,41,0x0064DACA-0x0064DAF3,__isatty,int __cdecl _isatty(int FileHandle);,0x5444,library
42032fc2807f7dec6de1ed6efb9d18a70668a015f23e32d58149c9d9952bc0a7,0x0064DB00,0x0064DB3A,58,0x0064DB00-0x0064DB3A,_strpbrk,"char *__cdecl strpbrk(const char *Str, const char *Control);",0x5454,library
42032fc2807f7dec6de1ed6efb9d18a70668a015f23e32d58149c9d9952bc0a7,0x0064DB3A,0x0064DC0A,208,0x0064DB3A-0x0064DC0A,__87except,,0x5454,library
42032fc2807f7dec6de1ed6efb9d18a70668a015f23e32d58149c9d9952bc0a7,0x0064DC0A,0x0064DC63,89,0x0064DC0A-0x0064DC63,_wctomb,"int __cdecl wctomb(char *MbCh, wchar_t WCh);",0x5454,library
42032fc2807f7dec6de1ed6efb9d18a70668a015f23e32d58149c9d9952bc0a7,0x0064DC63,0x0064DCCC,105,0x0064DC63-0x0064DCCC,__wctomb_lk,"int __cdecl _wctomb_lk(LPSTR lpMultiByteStr, WCHAR WideCharStr);",0x5454,library
42032fc2807f7dec6de1ed6efb9d18a70668a015f23e32d58149c9d9952bc0a7,0x0064DCD0,0x0064DD38,104,0x0064DCD0-0x0064DD38,__aulldiv,,0x5444,library
42032fc2807f7dec6de1ed6efb9d18a70668a015f23e32d58149c9d9952bc0a7,0x0064DD40,0x0064DDB5,117,0x0064DD40-0x0064DDB5,__aullrem,,0x5444,library
42032fc2807f7dec6de1ed6efb9d18a70668a015f23e32d58149c9d9952bc0a7,0x0064DDC0,0x0064DED7,279,0x0064DDC0-0x0064DED7,unknown_libname_300,"int __cdecl unknown_libname_300(_TBYTE, _TBYTE, int, int);",0x5444,library
42032fc2807f7dec6de1ed6efb9d18a70668a015f23e32d58149c9d9952bc0a7,0x0064DED7,0x0064E376,1183,0x0064DED7-0x0064E376,unknown_libname_301,"int __cdecl unknown_libname_301(int, int, _TBYTE, int, int, _TBYTE);",0x5444,library
42032fc2807f7dec6de1ed6efb9d18a70668a015f23e32d58149c9d9952bc0a7,0x0064E376,0x0064E389,19,0x0064E376-0x0064E389,unknown_libname_302,,0x5444,library
42032fc2807f7dec6de1ed6efb9d18a70668a015f23e32d58149c9d9952bc0a7,0x0064E389,0x0064E39C,19,0x0064E389-0x0064E39C,unknown_libname_303,,0x5444,library
42032fc2807f7dec6de1ed6efb9d18a70668a015f23e32d58149c9d9952bc0a7,0x0064E59C,0x0064E5B1,21,0x0064E59C-0x0064E5B1,unknown_libname_312,,0x5444,library
42032fc2807f7dec6de1ed6efb9d18a70668a015f23e32d58149c9d9952bc0a7,0x0064E5B1,0x0064E5C6,21,0x0064E5B1-0x0064E5C6,unknown_libname_313,,0x5444,library
42032fc2807f7dec6de1ed6efb9d18a70668a015f23e32d58149c9d9952bc0a7,0x0064E5C6,0x0064E7CC,518,0x0064E5C6-0x0064E7CC,unknown_libname_314,,0x5444,library
42032fc2807f7dec6de1ed6efb9d18a70668a015f23e32d58149c9d9952bc0a7,0x0064E7CC,0x0064E87E,178,0x0064E7CC-0x0064E87E,unknown_libname_315,,0x5444,library
42032fc2807f7dec6de1ed6efb9d18a70668a015f23e32d58149c9d9952bc0a7,0x0064E87E,0x0064EA84,518,0x0064E87E-0x0064EA84,unknown_libname_316,,0x5444,library
42032fc2807f7dec6de1ed6efb9d18a70668a015f23e32d58149c9d9952bc0a7,0x0064EA84,0x0064EB39,181,0x0064EA84-0x0064EB39,unknown_libname_317,,0x5444,library
42032fc2807f7dec6de1ed6efb9d18a70668a015f23e32d58149c9d9952bc0a7,0x0064EB4B,0x0064EBDD,146,0x0064EB4B-0x0064EBDD,__fpclass,int __cdecl _fpclass(double X);,0x5454,library
42032fc2807f7dec6de1ed6efb9d18a70668a015f23e32d58149c9d9952bc0a7,0x0064EBDD,0x0064EBEE,17,0x0064EBDD-0x0064EBEE,__ismbblead,int __cdecl _ismbblead(unsigned int Ch);,0x5444,library
42032fc2807f7dec6de1ed6efb9d18a70668a015f23e32d58149c9d9952bc0a7,0x0064EBEE,0x0064EC1F,49,0x0064EBEE-0x0064EC1F,_x_ismbbtype,,0x544C,library
42032fc2807f7dec6de1ed6efb9d18a70668a015f23e32d58149c9d9952bc0a7,0x0064EC1F,0x0064EDCC,429,0x0064EC1F-0x0064EDCC,__setmbcp,int __cdecl _setmbcp(int CodePage);,0x5454,library
42032fc2807f7dec6de1ed6efb9d18a70668a015f23e32d58149c9d9952bc0a7,0x0064EDCC,0x0064EE16,74,0x0064EDCC-0x0064EE16,_getSystemCP,,0x544C,library
42032fc2807f7dec6de1ed6efb9d18a70668a015f23e32d58149c9d9952bc0a7,0x0064EE16,0x0064EE49,51,0x0064EE16-0x0064EE49,_CPtoLCID,,0x544C,library
42032fc2807f7dec6de1ed6efb9d18a70668a015f23e32d58149c9d9952bc0a7,0x0064EE49,0x0064EE72,41,0x0064EE49-0x0064EE72,_setSBCS,,0x544C,library
42032fc2807f7dec6de1ed6efb9d18a70668a015f23e32d58149c9d9952bc0a7,0x0064EE72,0x0064EFF7,389,0x0064EE72-0x0064EFF7,_setSBUpLow,,0x545C,library
42032fc2807f7dec6de1ed6efb9d18a70668a015f23e32d58149c9d9952bc0a7,0x0064EFF7,0x0064F013,28,0x0064EFF7-0x0064F013,___initmbctable,,0x5444,library
42032fc2807f7dec6de1ed6efb9d18a70668a015f23e32d58149c9d9952bc0a7,0x0064F013,0x0064F09C,137,0x0064F013-0x0064F09C,___crtMessageBoxA,,0x5444,library
42032fc2807f7dec6de1ed6efb9d18a70668a015f23e32d58149c9d9952bc0a7,0x0064F09C,0x0064F09F,3,0x0064F09C-0x0064F09F,sub_64F09C,,0x5400,game
42032fc2807f7dec6de1ed6efb9d18a70668a015f23e32d58149c9d9952bc0a7,0x0064F09F,0x0064F221,386,0x0064F09F-0x0064F221,_raise,int __cdecl raise(int Signal);,0x5454,library
42032fc2807f7dec6de1ed6efb9d18a70668a015f23e32d58149c9d9952bc0a7,0x0064F221,0x0064F25E,61,0x0064F221-0x0064F25E,_siglookup,,0x544C,library
42032fc2807f7dec6de1ed6efb9d18a70668a015f23e32d58149c9d9952bc0a7,0x0064F25E,0x0064F383,293,0x0064F25E-0x0064F383,__chsize_lk,"int __cdecl _chsize_lk(int FileHandle, LONG lDistanceToMove);",0x5454,library
42032fc2807f7dec6de1ed6efb9d18a70668a015f23e32d58149c9d9952bc0a7,0x0064F383,0x0064F3A4,33,0x0064F383-0x0064F3A4,___addl,,0x5444,library
42032fc2807f7dec6de1ed6efb9d18a70668a015f23e32d58149c9d9952bc0a7,0x0064F3A4,0x0064F402,94,0x0064F3A4-0x0064F402,___add_12,,0x5444,library
42032fc2807f7dec6de1ed6efb9d18a70668a015f23e32d58149c9d9952bc0a7,0x0064F402,0x0064F430,46,0x0064F402-0x0064F430,___shl_12,,0x5444,library
42032fc2807f7dec6de1ed6efb9d18a70668a015f23e32d58149c9d9952bc0a7,0x0064F430,0x0064F45D,45,0x0064F430-0x0064F45D,___shr_12,,0x5444,library
42032fc2807f7dec6de1ed6efb9d18a70668a015f23e32d58149c9d9952bc0a7,0x0064F45D,0x0064F524,199,0x0064F45D-0x0064F524,___mtold12,,0x5454,library
42032fc2807f7dec6de1ed6efb9d18a70668a015f23e32d58149c9d9952bc0a7,0x0064F524,0x0064F9C5,1185,0x0064F524-0x0064F9C5,___strgtold12,,0x5454,library
42032fc2807f7dec6de1ed6efb9d18a70668a015f23e32d58149c9d9952bc0a7,0x0064F9F5,0x0064FC88,659,0x0064F9F5-0x0064FC88,_$I10_OUTPUT,,0x5454,library
42032fc2807f7dec6de1ed6efb9d18a70668a015f23e32d58149c9d9952bc0a7,0x0064FC88,0x0064FCB5,45,0x0064FC88-0x0064FCB5,__itoa,"char *__cdecl _itoa(int Value, char *Buffer, int Radix);",0x5454,library
42032fc2807f7dec6de1ed6efb9d18a70668a015f23e32d58149c9d9952bc0a7,0x0064FCB5,0x0064FD11,92,0x0064FCB5-0x0064FD11,_xtoa,,0x545C,library
42032fc2807f7dec6de1ed6efb9d18a70668a015f23e32d58149c9d9952bc0a7,0x0064FD20,0x0064FDF0,208,0x0064FD20-0x0064FDF0,__strcmpi,"int __cdecl _strcmpi(const char *String1, const char *String2);",0x5454,library
42032fc2807f7dec6de1ed6efb9d18a70668a015f23e32d58149c9d9952bc0a7,0x0064FDF0,0x0064FEF1,257,0x0064FDF0-0x0064FEF1,__strnicmp,"int __cdecl _strnicmp(const char *String1, const char *String2, size_t MaxCount);",0x5454,library
42032fc2807f7dec6de1ed6efb9d18a70668a015f23e32d58149c9d9952bc0a7,0x0064FEF1,0x0064FF52,97,0x0064FEF1-0x0064FF52,__setmode_lk,,0x5444,library
42032fc2807f7dec6de1ed6efb9d18a70668a015f23e32d58149c9d9952bc0a7,0x0064FF52,0x00650172,544,0x0064FF52-0x00650172,___ld12mul,,0x5454,library
42032fc2807f7dec6de1ed6efb9d18a70668a015f23e32d58149c9d9952bc0a7,0x00650172,0x006501EE,124,0x00650172-0x006501EE,___multtenpow12,,0x5454,library
42032fc2807f7dec6de1ed6efb9d18a70668a015f23e32d58149c9d9952bc0a7,0x006501F0,0x006501F6,6,0x006501F0-0x006501F6,DSOUND_1,,0x14C0,thunk
42032fc2807f7dec6de1ed6efb9d18a70668a015f23e32d58149c9d9952bc0a7,0x006501F6,0x006501FC,6,0x006501F6-0x006501FC,GetSaveFileNameA,BOOL __stdcall GetSaveFileNameA(LPOPENFILENAMEA);,0x54C0,thunk
42032fc2807f7dec6de1ed6efb9d18a70668a015f23e32d58149c9d9952bc0a7,0x006501FC,0x00650202,6,0x006501FC-0x00650202,GetOpenFileNameA,BOOL __stdcall GetOpenFileNameA(LPOPENFILENAMEA);,0x54C0,thunk
42032fc2807f7dec6de1ed6efb9d18a70668a015f23e32d58149c9d9952bc0a7,0x00650202,0x00650208,6,0x00650202-0x00650208,DirectDrawEnumerateA,"HRESULT __stdcall DirectDrawEnumerateA(LPDDENUMCALLBACKA lpCallback, LPVOID lpContext);",0x54C0,thunk
42032fc2807f7dec6de1ed6efb9d18a70668a015f23e32d58149c9d9952bc0a7,0x00650208,0x0065020E,6,0x00650208-0x0065020E,DPLAYX_4,,0x14C0,thunk
42032fc2807f7dec6de1ed6efb9d18a70668a015f23e32d58149c9d9952bc0a7,0x0065020E,0x00650214,6,0x0065020E-0x00650214,DPLAYX_2,,0x14C0,thunk
42032fc2807f7dec6de1ed6efb9d18a70668a015f23e32d58149c9d9952bc0a7,0x00650214,0x0065021A,6,0x00650214-0x0065021A,DPLAYX_1,,0x14C0,thunk
42032fc2807f7dec6de1ed6efb9d18a70668a015f23e32d58149c9d9952bc0a7,0x0065021A,0x00650220,6,0x0065021A-0x00650220,RtlUnwind,"void __stdcall RtlUnwind(PVOID TargetFrame, PVOID TargetIp, PEXCEPTION_RECORD ExceptionRecord, PVOID ReturnValue);",0x54C0,thunk
42032fc2807f7dec6de1ed6efb9d18a70668a015f23e32d58149c9d9952bc0a7,0x00650220,0x00650231,17,0x00650220-0x00650231,__tell,int __cdecl _tell(int FileHandle);,0x5444,library
42032fc2807f7dec6de1ed6efb9d18a70668a015f23e32d58149c9d9952bc0a7,0x00650231,0x0065024E,29,0x00650231-0x0065024E,__hypot,"double __cdecl _hypot(double X, double Y);",0x5444,library
42032fc2807f7dec6de1ed6efb9d18a70668a015f23e32d58149c9d9952bc0a7,0x0065024E,0x006504D3,645,0x0065024E-0x006504D3,__hypothlp,,0x545C,library
42032fc2807f7dec6de1ed6efb9d18a70668a015f23e32d58149c9d9952bc0a7,0x0065BFB1,0x0065BFBC,11,0x0065BFB1-0x0065BFBC,sub_65BFB1,,0x5400,game
42032fc2807f7dec6de1ed6efb9d18a70668a015f23e32d58149c9d9952bc0a7,0x0065BFBC,0x0065BFC7,11,0x0065BFBC-0x0065BFC7,sub_65BFBC,,0x5400,game
42032fc2807f7dec6de1ed6efb9d18a70668a015f23e32d58149c9d9952bc0a7,0x0065BFC7,0x0065BFD2,11,0x0065BFC7-0x0065BFD2,sub_65BFC7,,0x5400,game
42032fc2807f7dec6de1ed6efb9d18a70668a015f23e32d58149c9d9952bc0a7,0x0065BFD2,0x0065BFDD,11,0x0065BFD2-0x0065BFDD,sub_65BFD2,,0x5400,game
42032fc2807f7dec6de1ed6efb9d18a70668a015f23e32d58149c9d9952bc0a7,0x0065BFDD,0x0065BFE5,8,0x0065BFDD-0x0065BFE5,sub_65BFDD,,0x5400,game
42032fc2807f7dec6de1ed6efb9d18a70668a015f23e32d58149c9d9952bc0a7,0x0065BFE5,0x0065BFF3,14,0x0065BFE5-0x0065BFF3,sub_65BFE5,,0x5400,game
42032fc2807f7dec6de1ed6efb9d18a70668a015f23e32d58149c9d9952bc0a7,0x0065BFF3,0x0065C001,14,0x0065BFF3-0x0065C001,sub_65BFF3,,0x5400,game
42032fc2807f7dec6de1ed6efb9d18a70668a015f23e32d58149c9d9952bc0a7,0x0065C001,0x0065C009,8,0x0065C001-0x0065C009,sub_65C001,,0x5400,game
42032fc2807f7dec6de1ed6efb9d18a70668a015f23e32d58149c9d9952bc0a7,0x0065C009,0x0065C011,8,0x0065C009-0x0065C011,sub_65C009,,0x5400,game
42032fc2807f7dec6de1ed6efb9d18a70668a015f23e32d58149c9d9952bc0a7,0x0065C011,0x0065C01C,11,0x0065C011-0x0065C01C,sub_65C011,,0x5400,game
42032fc2807f7dec6de1ed6efb9d18a70668a015f23e32d58149c9d9952bc0a7,0x0065C01C,0x0065C027,11,0x0065C01C-0x0065C027,sub_65C01C,,0x5400,game
42032fc2807f7dec6de1ed6efb9d18a70668a015f23e32d58149c9d9952bc0a7,0x0065C027,0x0065C032,11,0x0065C027-0x0065C032,sub_65C027,,0x5400,game
42032fc2807f7dec6de1ed6efb9d18a70668a015f23e32d58149c9d9952bc0a7,0x0065C032,0x0065C03D,11,0x0065C032-0x0065C03D,sub_65C032,,0x5400,game
42032fc2807f7dec6de1ed6efb9d18a70668a015f23e32d58149c9d9952bc0a7,0x0065C03D,0x0065C048,11,0x0065C03D-0x0065C048,sub_65C03D,,0x5400,game
42032fc2807f7dec6de1ed6efb9d18a70668a015f23e32d58149c9d9952bc0a7,0x0065C048,0x0065C053,11,0x0065C048-0x0065C053,sub_65C048,,0x5400,game
42032fc2807f7dec6de1ed6efb9d18a70668a015f23e32d58149c9d9952bc0a7,0x0065C053,0x0065C05E,11,0x0065C053-0x0065C05E,sub_65C053,,0x5400,game
42032fc2807f7dec6de1ed6efb9d18a70668a015f23e32d58149c9d9952bc0a7,0x0065C05E,0x0065C069,11,0x0065C05E-0x0065C069,sub_65C05E,,0x5400,game
42032fc2807f7dec6de1ed6efb9d18a70668a015f23e32d58149c9d9952bc0a7,0x0065C069,0x0065C074,11,0x0065C069-0x0065C074,sub_65C069,,0x5400,game
42032fc2807f7dec6de1ed6efb9d18a70668a015f23e32d58149c9d9952bc0a7,0x0065C074,0x0065C07F,11,0x0065C074-0x0065C07F,sub_65C074,,0x5400,game
42032fc2807f7dec6de1ed6efb9d18a70668a015f23e32d58149c9d9952bc0a7,0x0065C07F,0x0065C08A,11,0x0065C07F-0x0065C08A,sub_65C07F,,0x5400,game
42032fc2807f7dec6de1ed6efb9d18a70668a015f23e32d58149c9d9952bc0a7,0x0065C08A,0x0065C092,8,0x0065C08A-0x0065C092,sub_65C08A,,0x5400,game
42032fc2807f7dec6de1ed6efb9d18a70668a015f23e32d58149c9d9952bc0a7,0x0065C092,0x0065C0A0,14,0x0065C092-0x0065C0A0,sub_65C092,,0x5400,game
42032fc2807f7dec6de1ed6efb9d18a70668a015f23e32d58149c9d9952bc0a7,0x0065C0A0,0x0065C0AE,14,0x0065C0A0-0x0065C0AE,sub_65C0A0,,0x5400,game
42032fc2807f7dec6de1ed6efb9d18a70668a015f23e32d58149c9d9952bc0a7,0x0065C0AE,0x0065C0B6,8,0x0065C0AE-0x0065C0B6,sub_65C0AE,,0x5400,game
42032fc2807f7dec6de1ed6efb9d18a70668a015f23e32d58149c9d9952bc0a7,0x0065C0B6,0x0065C0BE,8,0x0065C0B6-0x0065C0BE,sub_65C0B6,,0x5400,game
42032fc2807f7dec6de1ed6efb9d18a70668a015f23e32d58149c9d9952bc0a7,0x00664000,0x006646FB,1787,0x00664000-0x006646FB,sub_664000,,0x5400,game
42032fc2807f7dec6de1ed6efb9d18a70668a015f23e32d58149c9d9952bc0a7,0x006646FB,0x006647E3,232,0x006646FB-0x006647E3,sub_6646FB,,0x5400,game
42032fc2807f7dec6de1ed6efb9d18a70668a015f23e32d58149c9d9952bc0a7,0x006647F0,0x00664D51,1377,0x006647F0-0x00664D51,sub_6647F0,,0x5400,game
42032fc2807f7dec6de1ed6efb9d18a70668a015f23e32d58149c9d9952bc0a7,0x00664D51,0x00664E43,242,0x00664D51-0x00664E43,sub_664D51,,0x5400,game
42032fc2807f7dec6de1ed6efb9d18a70668a015f23e32d58149c9d9952bc0a7,0x00664E50,0x0066554B,1787,0x00664E50-0x0066554B,sub_664E50,,0x5400,game
42032fc2807f7dec6de1ed6efb9d18a70668a015f23e32d58149c9d9952bc0a7,0x0066554B,0x00665633,232,0x0066554B-0x00665633,sub_66554B,,0x5400,game
42032fc2807f7dec6de1ed6efb9d18a70668a015f23e32d58149c9d9952bc0a7,0x00665640,0x00665BA1,1377,0x00665640-0x00665BA1,sub_665640,,0x5400,game
42032fc2807f7dec6de1ed6efb9d18a70668a015f23e32d58149c9d9952bc0a7,0x00665BA1,0x00665C93,242,0x00665BA1-0x00665C93,sub_665BA1,,0x5400,game
42032fc2807f7dec6de1ed6efb9d18a70668a015f23e32d58149c9d9952bc0a7,0x00665CA0,0x0066638F,1775,0x00665CA0-0x0066638F,sub_665CA0,,0x5400,game
42032fc2807f7dec6de1ed6efb9d18a70668a015f23e32d58149c9d9952bc0a7,0x0066638F,0x00666437,168,0x0066638F-0x00666437,sub_66638F,,0x5400,game
42032fc2807f7dec6de1ed6efb9d18a70668a015f23e32d58149c9d9952bc0a7,0x00666440,0x00666989,1353,0x00666440-0x00666989,sub_666440,,0x5400,game
42032fc2807f7dec6de1ed6efb9d18a70668a015f23e32d58149c9d9952bc0a7,0x00666989,0x00666A7D,244,0x00666989-0x00666A7D,sub_666989,,0x5400,game
42032fc2807f7dec6de1ed6efb9d18a70668a015f23e32d58149c9d9952bc0a7,0x00666A80,0x00666F68,1256,0x00666A80-0x00666F68,sub_666A80,,0x5400,game
42032fc2807f7dec6de1ed6efb9d18a70668a015f23e32d58149c9d9952bc0a7,0x00666F68,0x00666FC1,89,0x00666F68-0x00666FC1,sub_666F68,,0x5400,game
42032fc2807f7dec6de1ed6efb9d18a70668a015f23e32d58149c9d9952bc0a7,0x00667380,0x00667A6F,1775,0x00667380-0x00667A6F,sub_667380,,0x5400,game
42032fc2807f7dec6de1ed6efb9d18a70668a015f23e32d58149c9d9952bc0a7,0x00667A6F,0x00667B17,168,0x00667A6F-0x00667B17,sub_667A6F,,0x5400,game
42032fc2807f7dec6de1ed6efb9d18a70668a015f23e32d58149c9d9952bc0a7,0x00667B20,0x00668069,1353,0x00667B20-0x00668069,sub_667B20,,0x5400,game
42032fc2807f7dec6de1ed6efb9d18a70668a015f23e32d58149c9d9952bc0a7,0x00668069,0x0066815D,244,0x00668069-0x0066815D,sub_668069,,0x5400,game
