class,offset,name,size,type
AAmbience,0x0,ambience,88,
AAmbience,0x58,field_58,4,
AAmbience,0x5C,field_5C,4,
AAmbience,0x60,field_60,4,
AAmbience,0x64,field_64,4,
AAmbience,0x68,field_68,4,
AAmbience,0x6C,field_6C,1,
AAmbience,0x6D,field_6D,1,
AAmbience,0x6E,field_70,4,
AlphaMenu,0x0,menu,2916,
AlphaMenu,0xB64,buffer,1416,
AlphaMenu,0x10EC,sprite1,44,
AlphaMenu,0x1118,sprites2,132,
AlphaMovie,0x0,graphicWin,2580,
AlphaMovie,0xA14,mciVideo,1132,
AlphaNet,0x0,net,1892,
AlphaNet,0x764,field_764,4,
AlphaNet,0x768,field_768,4,
AlphaNet,0x76C,field_76C,4,
AlphaNet,0x770,field_770,4,
AlphaNet,0x774,field_774,4,
AlphaNet,0x778,field_778,4,
AlphaNet,0x77C,field_77C,4,
AlphaNet,0x780,field_780,4,
AlphaNet,0x784,field_784,4,
AlphaNet,0x788,field_788,4,
AlphaNet,0x78C,field_78C,4,
AlphaNet,0x790,field_790,4,
AlphaNet,0x794,field_794,4,
AlphaNet,0x798,field_798,4,
AlphaNet,0x79C,field_79C,4,
AlphaNet,0x7A0,field_7A0,4,
AlphaNet,0x7A4,field_7A4,4,
AlphaNet,0x7A8,field_7A8,4,
AlphaNet,0x7AC,field_7AC,4,
AlphaNet,0x7B0,field_7B0,4,
AlphaNet,0x7B4,field_7B4,4,
AlphaNet,0x7B8,field_7B8,4,
AlphaNet,0x7BC,field_7BC,4,
AlphaNet,0x7C0,field_7C0,4,
AlphaNet,0x7C4,field_7C4,4,
AlphaNet,0x7C8,field_7C8,4,
AlphaNet,0x7CC,field_7CC,4,
AlphaNet,0x7D0,field_7D0,4,
AlphaNet,0x7D4,field_7D4,4,
AlphaNet,0x7D8,field_7D8,4,
AlphaNet,0x7DC,field_7DC,4,
AlphaNet,0x7E0,field_7E0,4,
AlphaNet,0x7E4,field_7E4,4,
AlphaNet,0x7E8,field_7E8,4,
AlphaNet,0x7EC,field_7EC,4,
AlphaNet,0x7F0,field_7F0,4,
AlphaNet,0x7F4,field_7F4,4,
AlphaNet,0x7F8,field_7F8,4,
AlphaNet,0x7FC,field_7FC,4,
AlphaNet,0x800,field_800,4,
AlphaNet,0x804,field_804,4,
AlphaNet,0x808,field_808,4,
AlphaNet,0x80C,field_80C,4,
AlphaNet,0x810,field_810,4,
AlphaNet,0x814,field_814,4,
AlphaNet,0x818,field_818,4,
AlphaNet,0x81C,field_81C,4,
AlphaNet,0x820,field_820,4,
AlphaNet,0x824,field_824,4,
AlphaNet,0x828,field_828,4,
AlphaNet,0x82C,field_82C,4,
AlphaNet,0x830,field_830,4,
AlphaNet,0x834,field_834,4,
AlphaNet,0x838,field_838,4,
AlphaNet,0x83C,field_83C,4,
AlphaNet,0x840,field_840,4,
AlphaNet,0x844,field_844,4,
AlphaNet,0x848,field_848,4,
AlphaNet,0x84C,field_84C,4,
AlphaNet,0x850,field_850,4,
AlphaNet,0x854,field_854,4,
AlphaNet,0x858,field_858,4,
AlphaNet,0x85C,field_85C,4,
AlphaNet,0x860,field_860,4,
AlphaNet,0x864,field_864,4,
AlphaNet,0x868,field_868,4,
AlphaNet,0x86C,field_86C,4,
AlphaNet,0x870,field_870,4,
AlphaNet,0x874,field_874,4,
AlphaNet,0x878,field_878,4,
AlphaNet,0x87C,field_87C,4,
AlphaNet,0x880,field_880,4,
AlphaNet,0x884,field_884,4,
AlphaNet,0x888,field_888,4,
AlphaNet,0x88C,field_88C,4,
AlphaNet,0x890,field_890,4,
AlphaNet,0x894,field_894,4,
AlphaNet,0x898,field_898,4,
AlphaNet,0x89C,field_89C,4,
AlphaNet,0x8A0,field_8A0,4,
AlphaNet,0x8A4,field_8A4,4,
AlphaNet,0x8A8,field_8A8,4,
AlphaNet,0x8AC,field_8AC,4,
AlphaNet,0x8B0,field_8B0,4,
AlphaNet,0x8B4,field_8B4,4,
AlphaNet,0x8B8,field_8B8,4,
AlphaNet,0x8BC,field_8BC,4,
AlphaNet,0x8C0,field_8C0,4,
AlphaNet,0x8C4,field_8C4,4,
AlphaNet,0x8C8,field_8C8,4,
AlphaNet,0x8CC,field_8CC,4,
AlphaNet,0x8D0,field_8D0,4,
AlphaNet,0x8D4,field_8D4,4,
AlphaNet,0x8D8,field_8D8,4,
AlphaNet,0x8DC,field_8DC,4,
AlphaNet,0x8E0,field_8E0,4,
AlphaNet,0x8E4,field_8E4,4,
AlphaNet,0x8E8,field_8E8,4,
AlphaNet,0x8EC,field_8EC,4,
AlphaNet,0x8F0,field_8F0,4,
AlphaNet,0x8F4,field_8F4,4,
AlphaNet,0x8F8,field_8F8,4,
AlphaNet,0x8FC,field_8FC,4,
AlphaNet,0x900,field_900,4,
AlphaNet,0x904,field_904,4,
AlphaNet,0x908,field_908,4,
AlphaNet,0x90C,field_90C,4,
AlphaNet,0x910,field_910,4,
AlphaNet,0x914,field_914,4,
AlphaNet,0x918,field_918,4,
AlphaNet,0x91C,field_91C,4,
AlphaNet,0x920,field_920,4,
AlphaNet,0x924,field_924,4,
AlphaNet,0x928,field_928,4,
AlphaNet,0x92C,field_92C,4,
AlphaNet,0x930,field_930,4,
AlphaNet,0x934,field_934,4,
AlphaNet,0x938,field_938,4,
AlphaNet,0x93C,field_93C,4,
AlphaNet,0x940,field_940,4,
AlphaNet,0x944,field_944,4,
AlphaNet,0x948,field_948,4,
AlphaNet,0x94C,field_94C,4,
AlphaNet,0x950,field_950,4,
AlphaNet,0x954,field_954,4,
AlphaNet,0x958,field_958,4,
AlphaNet,0x95C,field_95C,4,
AlphaNet,0x960,field_960,4,
AlphaNet,0x964,field_964,4,
AlphaNet,0x968,field_968,4,
AlphaNet,0x96C,field_96C,4,
AlphaNet,0x970,field_970,4,
AlphaNet,0x974,field_974,4,
AlphaNet,0x978,field_978,4,
AlphaNet,0x97C,field_97C,4,
AlphaNet,0x980,field_980,4,
AlphaNet,0x984,field_984,4,
AlphaNet,0x988,field_988,4,
AlphaNet,0x98C,field_98C,4,
AlphaNet,0x990,field_990,4,
AlphaNet,0x994,field_994,4,
AlphaNet,0x998,field_998,4,
AlphaNet,0x99C,field_99C,4,
AlphaNet,0x9A0,field_9A0,4,
AlphaNet,0x9A4,field_9A4,4,
AlphaNet,0x9A8,field_9A8,4,
AlphaNet,0x9AC,field_9AC,4,
AlphaNet,0x9B0,field_9B0,4,
AlphaNet,0x9B4,field_9B4,4,
AlphaNet,0x9B8,field_9B8,4,
AlphaNet,0x9BC,field_9BC,4,
AlphaNet,0x9C0,field_9C0,4,
AlphaNet,0x9C4,field_9C4,4,
AlphaNet,0x9C8,field_9C8,4,
AlphaNet,0x9CC,field_9CC,4,
AlphaNet,0x9D0,field_9D0,4,
AlphaNet,0x9D4,field_9D4,4,
AlphaNet,0x9D8,field_9D8,4,
AlphaNet,0x9DC,field_9DC,4,
AlphaNet,0x9E0,field_9E0,4,
AlphaNet,0x9E4,field_9E4,4,
AlphaNet,0x9E8,field_9E8,4,
AlphaNet,0x9EC,field_9EC,4,
AlphaNet,0x9F0,field_9F0,4,
AlphaNet,0x9F4,field_9F4,4,
AlphaNet,0x9F8,field_9F8,4,
AlphaNet,0x9FC,field_9FC,4,
AlphaNet,0xA00,field_A00,4,
AlphaNet,0xA04,field_A04,4,
AlphaNet,0xA08,field_A08,4,
AlphaNet,0xA0C,field_A0C,4,
AlphaNet,0xA10,field_A10,4,
AlphaNet,0xA14,field_A14,4,
AlphaNet,0xA18,field_A18,4,
AlphaNet,0xA1C,field_A1C,4,
AlphaNet,0xA20,field_A20,4,
AlphaNet,0xA24,field_A24,4,
AlphaNet,0xA28,field_A28,4,
AlphaNet,0xA2C,field_A2C,4,
AlphaNet,0xA30,field_A30,4,
AlphaNet,0xA34,field_A34,4,
AlphaNet,0xA38,field_A38,4,
AlphaNet,0xA3C,field_A3C,4,
AlphaNet,0xA40,field_A40,4,
AlphaNet,0xA44,field_A44,4,
AlphaNet,0xA48,field_A48,4,
AlphaNet,0xA4C,field_A4C,4,
AlphaNet,0xA50,field_A50,4,
AlphaNet,0xA54,field_A54,4,
AlphaNet,0xA58,field_A58,4,
AlphaNet,0xA5C,field_A5C,4,
AlphaNet,0xA60,field_A60,4,
AlphaNet,0xA64,field_A64,4,
AlphaNet,0xA68,field_A68,4,
AlphaNet,0xA6C,field_A6C,4,
AlphaNet,0xA70,field_A70,4,
AlphaNet,0xA74,field_A74,4,
AlphaNet,0xA78,field_A78,4,
AlphaNet,0xA7C,field_A7C,4,
AlphaNet,0xA80,field_A80,4,
AlphaNet,0xA84,field_A84,4,
AlphaNet,0xA88,field_A88,4,
AlphaNet,0xA8C,field_A8C,4,
AlphaNet,0xA90,field_A90,4,
AlphaNet,0xA94,field_A94,4,
AlphaNet,0xA98,field_A98,4,
AlphaNet,0xA9C,field_A9C,4,
AlphaNet,0xAA0,field_AA0,4,
AlphaNet,0xAA4,field_AA4,4,
AlphaNet,0xAA8,field_AA8,4,
AlphaNet,0xAAC,field_AAC,4,
AlphaNet,0xAB0,field_AB0,4,
AlphaNet,0xAB4,field_AB4,4,
AlphaNet,0xAB8,field_AB8,4,
AlphaNet,0xABC,field_ABC,4,
AlphaNet,0xAC0,field_AC0,4,
AlphaNet,0xAC4,field_AC4,4,
AlphaNet,0xAC8,field_AC8,4,
AlphaNet,0xACC,field_ACC,4,
AlphaNet,0xAD0,field_AD0,4,
AlphaNet,0xAD4,field_AD4,4,
AlphaNet,0xAD8,field_AD8,4,
AlphaNet,0xADC,field_ADC,4,
AlphaNet,0xAE0,field_AE0,4,
AlphaNet,0xAE4,field_AE4,4,
AlphaNet,0xAE8,field_AE8,4,
AlphaNet,0xAEC,field_AEC,4,
AlphaNet,0xAF0,field_AF0,4,
AlphaNet,0xAF4,field_AF4,4,
AlphaNet,0xAF8,field_AF8,4,
AlphaNet,0xAFC,field_AFC,4,
AlphaNet,0xB00,field_B00,4,
AlphaNet,0xB04,field_B04,4,
AlphaNet,0xB08,field_B08,4,
AlphaNet,0xB0C,field_B0C,4,
AlphaNet,0xB10,field_B10,4,
AlphaNet,0xB14,field_B14,4,
AlphaNet,0xB18,field_B18,4,
AlphaNet,0xB1C,field_B1C,4,
AlphaNet,0xB20,field_B20,4,
AlphaNet,0xB24,field_B24,4,
AlphaNet,0xB28,field_B28,4,
AlphaNet,0xB2C,field_B2C,4,
AlphaNet,0xB30,field_B30,4,
AlphaNet,0xB34,field_B34,4,
AlphaNet,0xB38,field_B38,4,
AlphaNet,0xB3C,field_B3C,4,
AlphaNet,0xB40,field_B40,4,
AlphaNet,0xB44,field_B44,4,
AlphaNet,0xB48,field_B48,4,
AlphaNet,0xB4C,field_B4C,4,
AlphaNet,0xB50,field_B50,4,
AlphaNet,0xB54,field_B54,4,
AlphaNet,0xB58,field_B58,4,
AlphaNet,0xB5C,field_B5C,4,
AlphaNet,0xB60,field_B60,4,
AlphaNet,0xB64,field_B64,4,
AlphaNet,0xB68,field_B68,4,
AlphaNet,0xB6C,field_B6C,4,
AlphaNet,0xB70,field_B70,4,
AlphaNet,0xB74,field_B74,4,
AlphaNet,0xB78,field_B78,4,
AlphaNet,0xB7C,field_B7C,4,
AlphaNet,0xB80,field_B80,4,
AlphaNet,0xB84,field_B84,4,
AlphaNet,0xB88,field_B88,4,
AlphaNet,0xB8C,field_B8C,4,
AlphaNet,0xB90,field_B90,4,
AlphaNet,0xB94,field_B94,4,
AlphaNet,0xB98,field_B98,4,
AlphaNet,0xB9C,field_B9C,4,
AlphaNet,0xBA0,field_BA0,4,
AlphaNet,0xBA4,field_BA4,4,
AlphaNet,0xBA8,field_BA8,4,
AlphaNet,0xBAC,field_BAC,4,
AlphaNet,0xBB0,field_BB0,4,
AlphaNet,0xBB4,field_BB4,4,
AlphaNet,0xBB8,field_BB8,4,
AlphaNet,0xBBC,field_BBC,4,
AlphaNet,0xBC0,field_BC0,4,
AlphaNet,0xBC4,field_BC4,4,
AlphaNet,0xBC8,field_BC8,4,
AlphaNet,0xBCC,field_BCC,4,
AlphaNet,0xBD0,field_BD0,4,
AlphaNet,0xBD4,field_BD4,4,
AlphaNet,0xBD8,field_BD8,4,
AlphaNet,0xBDC,field_BDC,4,
AlphaNet,0xBE0,field_BE0,4,
AlphaNet,0xBE4,field_BE4,4,
AlphaNet,0xBE8,field_BE8,4,
AlphaNet,0xBEC,field_BEC,4,
AlphaNet,0xBF0,field_BF0,4,
AlphaNet,0xBF4,field_BF4,4,
AlphaNet,0xBF8,field_BF8,4,
AlphaNet,0xBFC,field_BFC,4,
AlphaNet,0xC00,field_C00,4,
AlphaNet,0xC04,field_C04,4,
AlphaNet,0xC08,field_C08,4,
AlphaNet,0xC0C,field_C0C,4,
AlphaNet,0xC10,field_C10,4,
AlphaNet,0xC14,field_C14,4,
AlphaNet,0xC18,field_C18,4,
AlphaNet,0xC1C,field_C1C,4,
AlphaNet,0xC20,field_C20,4,
AlphaNet,0xC24,field_C24,4,
AlphaNet,0xC28,field_C28,4,
AlphaNet,0xC2C,field_C2C,4,
AlphaNet,0xC30,field_C30,4,
AlphaNet,0xC34,field_C34,4,
AlphaNet,0xC38,field_C38,4,
AlphaNet,0xC3C,field_C3C,4,
AlphaNet,0xC40,field_C40,4,
AlphaNet,0xC44,field_C44,4,
AlphaNet,0xC48,field_C48,4,
AlphaNet,0xC4C,field_C4C,4,
AlphaNet,0xC50,field_C50,4,
AlphaNet,0xC54,field_C54,4,
AlphaNet,0xC58,field_C58,4,
AlphaNet,0xC5C,field_C5C,4,
AlphaNet,0xC60,field_C60,4,
AlphaNet,0xC64,field_C64,4,
AlphaNet,0xC68,field_C68,4,
AlphaNet,0xC6C,field_C6C,4,
AlphaNet,0xC70,field_C70,4,
AlphaNet,0xC74,field_C74,4,
AlphaNet,0xC78,field_C78,4,
AlphaNet,0xC7C,field_C7C,4,
AlphaNet,0xC80,field_C80,4,
AlphaNet,0xC84,field_C84,4,
AlphaNet,0xC88,field_C88,4,
AlphaNet,0xC8C,field_C8C,4,
AlphaNet,0xC90,field_C90,4,
AlphaNet,0xC94,field_C94,4,
AlphaNet,0xC98,field_C98,4,
AlphaNet,0xC9C,field_C9C,4,
AlphaNet,0xCA0,field_CA0,4,
AlphaNet,0xCA4,field_CA4,4,
AlphaNet,0xCA8,field_CA8,4,
AlphaNet,0xCAC,field_CAC,4,
AlphaNet,0xCB0,field_CB0,4,
AlphaNet,0xCB4,field_CB4,4,
AlphaNet,0xCB8,field_CB8,4,
AlphaNet,0xCBC,field_CBC,4,
AlphaNet,0xCC0,field_CC0,4,
AlphaNet,0xCC4,field_CC4,4,
AlphaNet,0xCC8,field_CC8,4,
AlphaNet,0xCCC,field_CCC,4,
AlphaNet,0xCD0,field_CD0,4,
AlphaNet,0xCD4,field_CD4,4,
AlphaNet,0xCD8,field_CD8,4,
AlphaNet,0xCDC,field_CDC,4,
AlphaNet,0xCE0,field_CE0,4,
AlphaNet,0xCE4,field_CE4,4,
AlphaNet,0xCE8,field_CE8,4,
AlphaNet,0xCEC,field_CEC,4,
AlphaNet,0xCF0,field_CF0,4,
AlphaNet,0xCF4,field_CF4,4,
AlphaNet,0xCF8,field_CF8,4,
AlphaNet,0xCFC,field_CFC,4,
AlphaNet,0xD00,field_D00,4,
AlphaNet,0xD04,field_D04,4,
AlphaNet,0xD08,field_D08,4,
AlphaNet,0xD0C,field_D0C,4,
AlphaNet,0xD10,field_D10,4,
AlphaNet,0xD14,field_D14,4,
AlphaNet,0xD18,field_D18,4,
AlphaNet,0xD1C,field_D1C,4,
AlphaNet,0xD20,field_D20,4,
AlphaNet,0xD24,field_D24,4,
AlphaNet,0xD28,field_D28,4,
AlphaNet,0xD2C,field_D2C,4,
AlphaNet,0xD30,field_D30,4,
AlphaNet,0xD34,field_D34,4,
AlphaNet,0xD38,field_D38,4,
AlphaNet,0xD3C,field_D3C,4,
AlphaNet,0xD40,field_D40,4,
AlphaNet,0xD44,field_D44,4,
AlphaNet,0xD48,field_D48,4,
AlphaNet,0xD4C,field_D4C,4,
AlphaNet,0xD50,field_D50,4,
AlphaNet,0xD54,field_D54,4,
AlphaNet,0xD58,field_D58,4,
AlphaNet,0xD5C,field_D5C,4,
AlphaNet,0xD60,field_D60,4,
AlphaNet,0xD64,field_D64,4,
AlphaNet,0xD68,field_D68,4,
AlphaNet,0xD6C,field_D6C,4,
AlphaNet,0xD70,field_D70,4,
AlphaNet,0xD74,field_D74,4,
AlphaNet,0xD78,field_D78,4,
AlphaNet,0xD7C,field_D7C,4,
AlphaNet,0xD80,field_D80,4,
AlphaNet,0xD84,field_D84,4,
AlphaNet,0xD88,field_D88,4,
AlphaNet,0xD8C,field_D8C,4,
AlphaNet,0xD90,field_D90,4,
AlphaNet,0xD94,field_D94,4,
AlphaNet,0xD98,field_D98,4,
AlphaNet,0xD9C,field_D9C,4,
AlphaNet,0xDA0,field_DA0,4,
AlphaNet,0xDA4,field_DA4,4,
AlphaNet,0xDA8,field_DA8,4,
AlphaNet,0xDAC,field_DAC,4,
AlphaNet,0xDB0,field_DB0,4,
AlphaNet,0xDB4,field_DB4,4,
AlphaNet,0xDB8,field_DB8,4,
AlphaNet,0xDBC,field_DBC,4,
AlphaNet,0xDC0,field_DC0,4,
AlphaNet,0xDC4,field_DC4,4,
AlphaNet,0xDC8,field_DC8,4,
AlphaNet,0xDCC,field_DCC,4,
AlphaNet,0xDD0,field_DD0,4,
AlphaNet,0xDD4,field_DD4,4,
AlphaNet,0xDD8,field_DD8,4,
AlphaNet,0xDDC,field_DDC,4,
AlphaNet,0xDE0,field_DE0,4,
AlphaNet,0xDE4,field_DE4,4,
AlphaNet,0xDE8,field_DE8,4,
AlphaNet,0xDEC,field_DEC,4,
AlphaNet,0xDF0,field_DF0,4,
AlphaNet,0xDF4,field_DF4,4,
AlphaNet,0xDF8,field_DF8,4,
AlphaNet,0xDFC,field_DFC,4,
AlphaNet,0xE00,field_E00,4,
AlphaNet,0xE04,field_E04,4,
AlphaNet,0xE08,field_E08,4,
AlphaNet,0xE0C,field_E0C,4,
AlphaNet,0xE10,field_E10,4,
AlphaNet,0xE14,field_E14,4,
AlphaNet,0xE18,field_E18,4,
AlphaNet,0xE1C,field_E1C,4,
AlphaNet,0xE20,field_E20,4,
AlphaNet,0xE24,field_E24,4,
AlphaNet,0xE28,field_E28,4,
AlphaNet,0xE2C,field_E2C,4,
AlphaNet,0xE30,field_E30,4,
AlphaNet,0xE34,field_E34,4,
AlphaNet,0xE38,field_E38,4,
AlphaNet,0xE3C,field_E3C,4,
AlphaNet,0xE40,field_E40,4,
AlphaNet,0xE44,field_E44,4,
AlphaNet,0xE48,field_E48,4,
AlphaNet,0xE4C,field_E4C,4,
AlphaNet,0xE50,field_E50,4,
AlphaNet,0xE54,field_E54,4,
AlphaNet,0xE58,field_E58,4,
AlphaNet,0xE5C,field_E5C,4,
AlphaNet,0xE60,field_E60,4,
AlphaNet,0xE64,field_E64,4,
AlphaNet,0xE68,field_E68,4,
AlphaNet,0xE6C,field_E6C,4,
AlphaNet,0xE70,field_E70,4,
AlphaNet,0xE74,field_E74,4,
AlphaNet,0xE78,field_E78,4,
AlphaNet,0xE7C,field_E7C,4,
AlphaNet,0xE80,field_E80,4,
AlphaNet,0xE84,field_E84,4,
AlphaNet,0xE88,field_E88,4,
AlphaNet,0xE8C,field_E8C,4,
AlphaNet,0xE90,field_E90,4,
AlphaNet,0xE94,field_E94,4,
AlphaNet,0xE98,field_E98,4,
AlphaNet,0xE9C,field_E9C,4,
AlphaNet,0xEA0,field_EA0,4,
AlphaNet,0xEA4,field_EA4,4,
AlphaNet,0xEA8,field_EA8,4,
AlphaNet,0xEAC,field_EAC,4,
AlphaNet,0xEB0,field_EB0,4,
AlphaNet,0xEB4,field_EB4,4,
AlphaNet,0xEB8,field_EB8,4,
AlphaNet,0xEBC,field_EBC,4,
AlphaNet,0xEC0,field_EC0,4,
AlphaNet,0xEC4,field_EC4,4,
AlphaNet,0xEC8,field_EC8,4,
AlphaNet,0xECC,field_ECC,4,
AlphaNet,0xED0,field_ED0,4,
AlphaNet,0xED4,field_ED4,4,
AlphaNet,0xED8,field_ED8,4,
AlphaNet,0xEDC,field_EDC,4,
AlphaNet,0xEE0,field_EE0,4,
AlphaNet,0xEE4,field_EE4,4,
AlphaNet,0xEE8,field_EE8,4,
AlphaNet,0xEEC,field_EEC,4,
AlphaNet,0xEF0,field_EF0,4,
AlphaNet,0xEF4,field_EF4,4,
AlphaNet,0xEF8,field_EF8,4,
AlphaNet,0xEFC,field_EFC,4,
AlphaNet,0xF00,field_F00,4,
AlphaNet,0xF04,field_F04,4,
AlphaNet,0xF08,field_F08,4,
AlphaNet,0xF0C,field_F0C,4,
AlphaNet,0xF10,field_F10,4,
AlphaNet,0xF14,field_F14,4,
AlphaNet,0xF18,field_F18,4,
AlphaNet,0xF1C,field_F1C,4,
AlphaNet,0xF20,field_F20,4,
AlphaNet,0xF24,field_F24,4,
AlphaNet,0xF28,field_F28,4,
AlphaNet,0xF2C,field_F2C,4,
AlphaNet,0xF30,field_F30,4,
AlphaNet,0xF34,field_F34,4,
AlphaNet,0xF38,field_F38,4,
AlphaNet,0xF3C,field_F3C,4,
AlphaNet,0xF40,field_F40,4,
AlphaNet,0xF44,field_F44,4,
AlphaNet,0xF48,field_F48,4,
AlphaNet,0xF4C,field_F4C,4,
AlphaNet,0xF50,field_F50,4,
AlphaNet,0xF54,field_F54,4,
AlphaNet,0xF58,field_F58,4,
AlphaNet,0xF5C,field_F5C,4,
AlphaNet,0xF60,field_F60,4,
AlphaNet,0xF64,field_F64,4,
AlphaNet,0xF68,field_F68,4,
AlphaNet,0xF6C,field_F6C,4,
AlphaNet,0xF70,field_F70,4,
AlphaNet,0xF74,field_F74,4,
AlphaNet,0xF78,field_F78,4,
AlphaNet,0xF7C,field_F7C,4,
AlphaNet,0xF80,field_F80,4,
AlphaNet,0xF84,field_F84,4,
AlphaNet,0xF88,field_F88,4,
AlphaNet,0xF8C,field_F8C,4,
AlphaNet,0xF90,field_F90,4,
AlphaNet,0xF94,field_F94,4,
AlphaNet,0xF98,field_F98,4,
AlphaNet,0xF9C,field_F9C,4,
AlphaNet,0xFA0,field_FA0,4,
AlphaNet,0xFA4,field_FA4,4,
AlphaNet,0xFA8,field_FA8,4,
AlphaNet,0xFAC,field_FAC,4,
AlphaNet,0xFB0,field_FB0,4,
AlphaNet,0xFB4,field_FB4,4,
AlphaNet,0xFB8,field_FB8,4,
AlphaNet,0xFBC,field_FBC,4,
AlphaNet,0xFC0,field_FC0,4,
AlphaNet,0xFC4,field_FC4,4,
AlphaNet,0xFC8,field_FC8,4,
AlphaNet,0xFCC,field_FCC,4,
AlphaNet,0xFD0,field_FD0,4,
AlphaNet,0xFD4,field_FD4,4,
AlphaNet,0xFD8,field_FD8,4,
AlphaNet,0xFDC,field_FDC,4,
AlphaNet,0xFE0,field_FE0,4,
AlphaNet,0xFE4,field_FE4,4,
AlphaNet,0xFE8,field_FE8,4,
AlphaNet,0xFEC,field_FEC,4,
AlphaNet,0xFF0,field_FF0,4,
AlphaNet,0xFF4,field_FF4,4,
AlphaNet,0xFF8,field_FF8,4,
AlphaNet,0xFFC,field_FFC,4,
AlphaNet,0x1000,field_1000,4,
AlphaNet,0x1004,field_1004,4,
AlphaNet,0x1008,field_1008,4,
AlphaNet,0x100C,field_100C,4,
AlphaNet,0x1010,field_1010,4,
AlphaNet,0x1014,field_1014,4,
AlphaNet,0x1018,field_1018,4,
AlphaNet,0x101C,field_101C,4,
AlphaNet,0x1020,field_1020,4,
AlphaNet,0x1024,field_1024,4,
AlphaNet,0x1028,field_1028,4,
AlphaNet,0x102C,field_102C,4,
AlphaNet,0x1030,field_1030,4,
AlphaNet,0x1034,field_1034,4,
AlphaNet,0x1038,field_1038,4,
AlphaNet,0x103C,field_103C,4,
AlphaNet,0x1040,field_1040,4,
AlphaNet,0x1044,field_1044,4,
AlphaNet,0x1048,field_1048,4,
AlphaNet,0x104C,field_104C,4,
AlphaNet,0x1050,field_1050,4,
AlphaNet,0x1054,field_1054,4,
AlphaNet,0x1058,field_1058,4,
AlphaNet,0x105C,field_105C,4,
AlphaNet,0x1060,field_1060,4,
AlphaNet,0x1064,field_1064,4,
AlphaNet,0x1068,field_1068,4,
AlphaNet,0x106C,field_106C,4,
AlphaNet,0x1070,field_1070,4,
AlphaNet,0x1074,field_1074,4,
AlphaNet,0x1078,field_1078,4,
AlphaNet,0x107C,field_107C,4,
AlphaNet,0x1080,field_1080,4,
AlphaNet,0x1084,field_1084,4,
AlphaNet,0x1088,field_1088,4,
AlphaNet,0x108C,field_108C,4,
AlphaNet,0x1090,field_1090,4,
AlphaNet,0x1094,field_1094,4,
AlphaNet,0x1098,field_1098,4,
AlphaNet,0x109C,field_109C,4,
AlphaNet,0x10A0,field_10A0,4,
AlphaNet,0x10A4,field_10A4,4,
AlphaNet,0x10A8,field_10A8,4,
AlphaNet,0x10AC,field_10AC,4,
AlphaNet,0x10B0,field_10B0,4,
AlphaNet,0x10B4,field_10B4,4,
AlphaNet,0x10B8,field_10B8,4,
AlphaNet,0x10BC,field_10BC,4,
AlphaNet,0x10C0,field_10C0,4,
AlphaNet,0x10C4,field_10C4,4,
AlphaNet,0x10C8,field_10C8,4,
AlphaNet,0x10CC,field_10CC,4,
AlphaNet,0x10D0,field_10D0,4,
AlphaNet,0x10D4,field_10D4,4,
AlphaNet,0x10D8,field_10D8,4,
AlphaNet,0x10DC,field_10DC,4,
AlphaNet,0x10E0,field_10E0,4,
AlphaNet,0x10E4,field_10E4,4,
AlphaNet,0x10E8,field_10E8,4,
AlphaNet,0x10EC,field_10EC,4,
AlphaNet,0x10F0,field_10F0,4,
AlphaNet,0x10F4,field_10F4,4,
AlphaNet,0x10F8,field_10F8,4,
AlphaNet,0x10FC,field_10FC,4,
AlphaNet,0x1100,field_1100,4,
AlphaNet,0x1104,field_1104,4,
AlphaNet,0x1108,field_1108,4,
AlphaNet,0x110C,field_110C,4,
AlphaNet,0x1110,field_1110,4,
AlphaNet,0x1114,field_1114,4,
AlphaNet,0x1118,field_1118,4,
AlphaNet,0x111C,field_111C,4,
AlphaNet,0x1120,field_1120,4,
AlphaNet,0x1124,field_1124,4,
AlphaNet,0x1128,field_1128,4,
AlphaNet,0x112C,field_112C,4,
AlphaNet,0x1130,field_1130,4,
AlphaNet,0x1134,field_1134,4,
AlphaNet,0x1138,field_1138,4,
AlphaNet,0x113C,field_113C,4,
AlphaNet,0x1140,field_1140,4,
AlphaNet,0x1144,field_1144,4,
AlphaNet,0x1148,field_1148,4,
AlphaNet,0x114C,field_114C,4,
AlphaNet,0x1150,field_1150,4,
AlphaNet,0x1154,field_1154,4,
AlphaNet,0x1158,field_1158,4,
AlphaNet,0x115C,field_115C,4,
AlphaNet,0x1160,field_1160,4,
AlphaNet,0x1164,field_1164,4,
AlphaNet,0x1168,field_1168,4,
AlphaNet,0x116C,field_116C,4,
AlphaNet,0x1170,field_1170,4,
AlphaNet,0x1174,field_1174,4,
AlphaNet,0x1178,field_1178,4,
AlphaNet,0x117C,field_117C,4,
AlphaNet,0x1180,field_1180,4,
AlphaNet,0x1184,field_1184,4,
AlphaNet,0x1188,field_1188,4,
AlphaNet,0x118C,field_118C,4,
AlphaNet,0x1190,field_1190,4,
AlphaNet,0x1194,field_1194,4,
AlphaNet,0x1198,field_1198,4,
AlphaNet,0x119C,field_119C,4,
AlphaNet,0x11A0,field_11A0,4,
AlphaNet,0x11A4,field_11A4,4,
AlphaNet,0x11A8,field_11A8,4,
AlphaNet,0x11AC,field_11AC,4,
AlphaNet,0x11B0,field_11B0,4,
AlphaNet,0x11B4,field_11B4,4,
AlphaNet,0x11B8,field_11B8,4,
AlphaNet,0x11BC,field_11BC,4,
AlphaNet,0x11C0,field_11C0,4,
AlphaNet,0x11C4,field_11C4,4,
AlphaNet,0x11C8,field_11C8,4,
AlphaNet,0x11CC,field_11CC,4,
AlphaNet,0x11D0,field_11D0,4,
AlphaNet,0x11D4,field_11D4,4,
AlphaNet,0x11D8,field_11D8,4,
AlphaNet,0x11DC,field_11DC,4,
AlphaNet,0x11E0,field_11E0,4,
AlphaNet,0x11E4,field_11E4,4,
AlphaNet,0x11E8,field_11E8,4,
AlphaNet,0x11EC,field_11EC,4,
AlphaNet,0x11F0,field_11F0,4,
AlphaNet,0x11F4,field_11F4,4,
AlphaNet,0x11F8,field_11F8,4,
AlphaNet,0x11FC,field_11FC,4,
AlphaNet,0x1200,field_1200,4,
AlphaNet,0x1204,field_1204,4,
AlphaNet,0x1208,field_1208,4,
AlphaNet,0x120C,field_120C,4,
AlphaNet,0x1210,field_1210,4,
AlphaNet,0x1214,field_1214,4,
AlphaNet,0x1218,field_1218,4,
AlphaNet,0x121C,field_121C,4,
AlphaNet,0x1220,field_1220,4,
AlphaNet,0x1224,field_1224,4,
AlphaNet,0x1228,field_1228,4,
AlphaNet,0x122C,field_122C,4,
AlphaNet,0x1230,field_1230,4,
AlphaNet,0x1234,field_1234,4,
AlphaNet,0x1238,field_1238,4,
AlphaNet,0x123C,field_123C,4,
AlphaNet,0x1240,field_1240,4,
AlphaNet,0x1244,field_1244,4,
AlphaNet,0x1248,field_1248,4,
AlphaNet,0x124C,field_124C,4,
AlphaNet,0x1250,field_1250,4,
AlphaNet,0x1254,field_1254,4,
AlphaNet,0x1258,field_1258,4,
AlphaNet,0x125C,field_125C,4,
AlphaNet,0x1260,field_1260,4,
AlphaNet,0x1264,field_1264,4,
AlphaNet,0x1268,field_1268,4,
AlphaNet,0x126C,field_126C,4,
AlphaNet,0x1270,field_1270,4,
AlphaNet,0x1274,field_1274,4,
AlphaNet,0x1278,field_1278,4,
AlphaNet,0x127C,field_127C,4,
AlphaNet,0x1280,field_1280,4,
AlphaNet,0x1284,field_1284,4,
AlphaNet,0x1288,field_1288,4,
AlphaNet,0x128C,field_128C,4,
AlphaNet,0x1290,field_1290,4,
AlphaNet,0x1294,field_1294,4,
AlphaNet,0x1298,field_1298,4,
AlphaNet,0x129C,field_129C,4,
AlphaNet,0x12A0,field_12A0,4,
AlphaNet,0x12A4,field_12A4,4,
AlphaNet,0x12A8,field_12A8,4,
AlphaNet,0x12AC,field_12AC,4,
AlphaNet,0x12B0,field_12B0,4,
AlphaNet,0x12B4,field_12B4,4,
AlphaNet,0x12B8,field_12B8,4,
AlphaNet,0x12BC,field_12BC,4,
AlphaNet,0x12C0,field_12C0,4,
AlphaNet,0x12C4,field_12C4,4,
AlphaNet,0x12C8,field_12C8,4,
AlphaNet,0x12CC,field_12CC,4,
AlphaNet,0x12D0,field_12D0,4,
AlphaNet,0x12D4,field_12D4,4,
AlphaNet,0x12D8,field_12D8,4,
AlphaNet,0x12DC,field_12DC,4,
AlphaNet,0x12E0,field_12E0,4,
AlphaNet,0x12E4,field_12E4,4,
AlphaNet,0x12E8,field_12E8,4,
AlphaNet,0x12EC,field_12EC,4,
AlphaNet,0x12F0,field_12F0,4,
AlphaNet,0x12F4,field_12F4,4,
AlphaNet,0x12F8,field_12F8,4,
AlphaNet,0x12FC,field_12FC,4,
AlphaNet,0x1300,field_1300,4,
AlphaNet,0x1304,field_1304,4,
AlphaNet,0x1308,field_1308,4,
AlphaNet,0x130C,field_130C,4,
AlphaNet,0x1310,field_1310,4,
AlphaNet,0x1314,field_1314,4,
AlphaNet,0x1318,field_1318,4,
AlphaNet,0x131C,field_131C,4,
AlphaNet,0x1320,field_1320,4,
AlphaNet,0x1324,field_1324,4,
AlphaNet,0x1328,field_1328,4,
AlphaNet,0x132C,field_132C,4,
AlphaNet,0x1330,field_1330,4,
AlphaNet,0x1334,field_1334,4,
AlphaNet,0x1338,field_1338,4,
AlphaNet,0x133C,field_133C,4,
AlphaNet,0x1340,field_1340,4,
AlphaNet,0x1344,field_1344,4,
AlphaNet,0x1348,field_1348,4,
AlphaNet,0x134C,field_134C,4,
AlphaNet,0x1350,field_1350,4,
AlphaNet,0x1354,field_1354,4,
AlphaNet,0x1358,field_1358,4,
AlphaNet,0x135C,field_135C,4,
AlphaNet,0x1360,field_1360,4,
AlphaNet,0x1364,field_1364,4,
AlphaNet,0x1368,field_1368,4,
AlphaNet,0x136C,field_136C,4,
AlphaNet,0x1370,field_1370,4,
AlphaNet,0x1374,field_1374,4,
AlphaNet,0x1378,field_1378,4,
AlphaNet,0x137C,field_137C,4,
AlphaNet,0x1380,field_1380,4,
AlphaNet,0x1384,field_1384,4,
AlphaNet,0x1388,field_1388,4,
AlphaNet,0x138C,field_138C,4,
AlphaNet,0x1390,field_1390,4,
AlphaNet,0x1394,field_1394,4,
AlphaNet,0x1398,field_1398,4,
AlphaNet,0x139C,field_139C,4,
AlphaNet,0x13A0,field_13A0,4,
AlphaNet,0x13A4,field_13A4,4,
AlphaNet,0x13A8,field_13A8,4,
AlphaNet,0x13AC,field_13AC,4,
AlphaNet,0x13B0,field_13B0,4,
AlphaNet,0x13B4,field_13B4,4,
AlphaNet,0x13B8,field_13B8,4,
AlphaNet,0x13BC,field_13BC,4,
AlphaNet,0x13C0,field_13C0,4,
AlphaNet,0x13C4,field_13C4,4,
AlphaNet,0x13C8,field_13C8,4,
AlphaNet,0x13CC,field_13CC,4,
AlphaNet,0x13D0,field_13D0,4,
AlphaNet,0x13D4,field_13D4,4,
AlphaNet,0x13D8,field_13D8,4,
AlphaNet,0x13DC,field_13DC,4,
AlphaNet,0x13E0,field_13E0,4,
AlphaNet,0x13E4,field_13E4,4,
AlphaNet,0x13E8,field_13E8,4,
AlphaNet,0x13EC,field_13EC,4,
AlphaNet,0x13F0,field_13F0,4,
AlphaNet,0x13F4,field_13F4,4,
AlphaNet,0x13F8,field_13F8,4,
AlphaNet,0x13FC,field_13FC,4,
AlphaNet,0x1400,field_1400,4,
AlphaNet,0x1404,field_1404,4,
AlphaNet,0x1408,field_1408,4,
AlphaNet,0x140C,field_140C,4,
AlphaNet,0x1410,field_1410,4,
AlphaNet,0x1414,field_1414,4,
AlphaNet,0x1418,field_1418,4,
AlphaNet,0x141C,field_141C,4,
AlphaNet,0x1420,field_1420,4,
AlphaNet,0x1424,field_1424,4,
AlphaNet,0x1428,field_1428,4,
AlphaNet,0x142C,field_142C,4,
AlphaNet,0x1430,field_1430,4,
AlphaNet,0x1434,field_1434,4,
AlphaNet,0x1438,field_1438,4,
AlphaNet,0x143C,field_143C,4,
AlphaNet,0x1440,field_1440,4,
AlphaNet,0x1444,field_1444,4,
AlphaNet,0x1448,field_1448,4,
AlphaNet,0x144C,field_144C,4,
AlphaNet,0x1450,field_1450,4,
AlphaNet,0x1454,field_1454,4,
AlphaNet,0x1458,field_1458,4,
AlphaNet,0x145C,field_145C,4,
AlphaNet,0x1460,field_1460,4,
AlphaNet,0x1464,field_1464,4,
AlphaNet,0x1468,field_1468,4,
AlphaNet,0x146C,field_146C,4,
AlphaNet,0x1470,field_1470,4,
AlphaNet,0x1474,field_1474,4,
AlphaNet,0x1478,field_1478,4,
AlphaNet,0x147C,field_147C,4,
AlphaNet,0x1480,field_1480,4,
AlphaNet,0x1484,field_1484,4,
AlphaNet,0x1488,field_1488,4,
AlphaNet,0x148C,heap,20,
AlphaSave,0x0,graphicWin,2580,
AlphaSave,0xA14,fileWin,13252,
AlphaSave,0x3DD8,scroll,8524,
AlphaSave,0x5F24,sprite1,44,
AlphaSave,0x5F50,sprites2,132,
AlphaSave,0x5FD4,sprite3,44,
AlphaSave,0x6000,sprite4,44,
AlphaSave,0x602C,sprite5,44,
Ambience,0x0,sound,84,
Ambience,0x54,field_54,1,
Ambience,0x55,field_55,1,
Ambience,0x56,field_56,1,
Ambience,0x57,field_57,1,
AutoSound,0x0,vtable,4,PVOID
AutoSound,0x4,val1,4,
AutoSound,0x8,val2,4,
AutoSound,0xC,val3,4,
AutoSound,0x10,val4,4,
AutoSound,0x14,val5,4,
AutoSound,0x18,val6,4,
AutoSound,0x1C,val7,4,
AutoSound,0x20,val8,4,
AutoSound,0x24,val9,4,
AutoSound,0x28,val10,4,
AutoSound,0x2C,val11,4,
AutoSound,0x30,val12,4,
AutoSound,0x34,val13,4,
AutoSound,0x38,val14,4,
AutoSound,0x3C,val15,4,
AutoSound,0x40,val16,4,
AutoSound,0x44,val17,4,
AutoSound,0x48,val18,4,
AutoSound,0x4C,val19,4,
AutoSound,0x50,val20,4,
AutoSound,0x54,val21,4,
AutoSound,0x58,val22,4,
AutoSound,0x5C,val23,4,
AutoSound,0x60,val24,4,
AutoSound,0x64,val25,4,
AutoSound,0x68,val26,4,
AutoSound,0x6C,val27,4,
AutoSound,0x70,val28,4,
AutoSound,0x74,val29,4,
AutoSound,0x78,val30,4,
AutoSound,0x7C,val31,4,
AutoSound,0x80,val32,4,
AutoSound,0x84,val33,4,
AutoSound,0x88,val34,4,
AutoSound,0x8C,val35,4,
AutoSound,0x90,val36,4,
AutoSound,0x94,val37,4,
BAmbience,0x0,ambience,88,
BAmbience,0x58,field_58,4,
BAmbience,0x5C,field_5C,4,
BAmbience,0x60,field_60,4,
BAmbience,0x64,field_64,4,
BAmbience,0x68,field_68,4,
BAmbience,0x6C,field_6C,1,
BAmbience,0x6D,field_6D,1,
BAmbience,0x6E,field_70,4,
BAmbience,0x72,field_74,4,
BAmbience,0x76,field_78,4,
BAmbience,0x7A,field_7C,4,
Base,0x0,xCoord,2,
Base,0x2,yCoord,2,
Base,0x4,factionIDCurrent,1,
Base,0x5,factionIDFormer,1,
Base,0x6,populationSize,1,
Base,0x7,assimilationTurnsLeft,1,
Base,0x8,nerveStapleTurnsLeft,1,
Base,0x9,unk1,1,
Base,0xA,visibility,1,
Base,0xB,factionPopulationSizeIntel,8,
Base,0x13,nameString,25,
Base,0x2C,unkX,2,
Base,0x2E,unkY,2,
Base,0x30,state,4,
Base,0x34,event,4,
Base,0x38,governor,4,
Base,0x3C,nutrientsAccumulated,4,
Base,0x40,mineralsAccumulated,4,
Base,0x44,productionIDLast,4,
Base,0x48,ecoDamage,4,
Base,0x4C,queueSize,4,uint32_t
Base,0x50,queueProductionID,40,
Base,0x78,resourceSqrRadius,4,
Base,0x7C,specialistTotal,4,
Base,0x80,specialist_unk_1,4,
Base,0x84,spec,8,
Base,0x8C,facilitiesBuilt,12,
Base,0x98,mineralSurplusFinal,4,
Base,0x9C,mineralsAccumulated2,4,
Base,0xA0,unk6,4,
Base,0xA4,unk7,4,
Base,0xA8,unk8,4,
Base,0xAC,unk9,4,
Base,0xB0,nutrientIntake1,4,
Base,0xB4,mineralIntake1,4,
Base,0xB8,energyIntake1,4,
Base,0xBC,unusedIntake1,4,
Base,0xC0,nutrientIntake2,4,
Base,0xC4,mineralIntake2,4,
Base,0xC8,energyIntake2,4,
Base,0xCC,unusedIntake2,4,
Base,0xD0,nutrientSurplus,4,
Base,0xD4,mineralSurplus,4,
Base,0xD8,energySurplus,4,
Base,0xDC,unusedSurplus,4,
Base,0xE0,nutrientInefficiency,4,
Base,0xE4,mineralInefficiency,4,
Base,0xE8,energyInefficiency,4,
Base,0xEC,unusedInefficiency,4,
Base,0xF0,nutrientConsumption,4,
Base,0xF4,mineralConsumption,4,
Base,0xF8,energyConsumption,4,
Base,0xFC,unusedConsumption,4,
Base,0x100,economyTotal,4,
Base,0x104,psychTotal,4,
Base,0x108,labsTotal,4,
Base,0x10C,unk10,4,
Base,0x110,autoforwardLandBaseID,2,
Base,0x112,autoforwardSeaBaseID,2,
Base,0x114,autoforwardAirBaseID,2,
Base,0x116,padding0,2,
Base,0x118,talentTotal,4,
Base,0x11C,droneTotal,4,
Base,0x120,superdroneTotal,4,
Base,0x124,randomEventTurns,4,
Base,0x128,nerveStapleCount,4,
Base,0x12C,unk11,4,
Base,0x130,unk12,4,
BaseButton,0x0,graphicWin,2580,
BaseButton,0xA14,field_A14,4,
BaseButton,0xA18,field_A18,4,
BaseButton,0xA1C,time1,40,
BaseButton,0xA44,field_A44,4,
BaseButton,0xA48,field_A48,4,
BaseButton,0xA4C,time2,40,
BaseButton,0xA74,field_A74,4,
BaseButton,0xA78,field_A78,4,
BaseButton,0xA7C,name,4,
BaseButton,0xA80,bubbleText,4,
BaseButton,0xA84,color,4,
BaseButton,0xA88,bevelUpper,4,
BaseButton,0xA8C,bevelLower,4,
BaseButton,0xA90,bevelThickness,4,
BaseButton,0xA94,field_A94,4,
BaseButton,0xA98,field_A98,4,
BaseButton,0xA9C,field_A9C,4,
BaseButton,0xAA0,field_AA0,4,
BaseButton,0xAA4,field_AA4,4,
BaseButton,0xAA8,group,4,
BaseButton,0xAAC,field_AAC,4,
BaseButton,0xAB0,field_AB0,4,
BaseButton,0xAB4,field_AB4,4,
BasePop,0x0,graphicWin,2580,
BasePop,0xA14,field_A14,4,
BasePop,0xA18,field_A18,4,
BasePop,0xA1C,field_A1C,4,
BasePop,0xA20,field_A20,4,
BasePop,0xA24,field_A24,4,
BasePop,0xA28,heap,20,
BasePop,0xA3C,field_A3C,4,
BasePop,0xA40,field_A40,4,
BasePop,0xA44,field_A44,4,
BasePop,0xA48,field_A48,4,
BasePop,0xA4C,field_A4C,4,
BasePop,0xA50,field_A50,4,
BasePop,0xA54,field_A54,4,
BasePop,0xA58,field_A58,4,
BasePop,0xA5C,flatButton1,2892,
BasePop,0x15A8,flatButton2,2892,
BasePop,0x20F4,field_20F4,4,
BasePop,0x20F8,field_20F8,4,
BasePop,0x20FC,field_20FC,4,
BasePop,0x2100,field_2100,4,
BasePop,0x2104,field_2104,4,
BasePop,0x2108,field_2108,4,
BasePop,0x210C,field_210C,4,
BasePop,0x2110,field_2110,4,
BasePop,0x2114,field_2114,4,
BasePop,0x2118,sprite,44,
BasePop,0x2144,field_2144,4,
BasePop,0x2148,field_2148,4,
BasePop,0x214C,field_214C,4,
BasePop,0x2150,field_2150,4,
BasePop,0x2154,field_2154,4,
BasePop,0x2158,field_2158,4,
BasePop,0x215C,field_215C,4,
BasePop,0x2160,field_2160,4,
BasePop,0x2164,field_2164,4,
BasePop,0x2168,field_2168,4,
BasePop,0x216C,field_216C,4,
BasePop,0x2170,field_2170,4,
BasePop,0x2174,field_2174,4,
BasePop,0x2178,field_2178,4,
BasePop,0x217C,field_217C,4,
BasePop,0x2180,field_2180,4,
BasePop,0x2184,field_2184,4,
BasePop,0x2188,field_2188,4,
BasePop,0x218C,field_218C,4,
BasePop,0x2190,field_2190,4,
BasePop,0x2194,field_2194,4,
BasePop,0x2198,field_2198,4,
BasePop,0x219C,field_219C,4,
BasePop,0x21A0,field_21A0,4,
BasePop,0x21A4,field_21A4,4,
BasePop,0x21A8,field_21A8,4,
BasePop,0x21AC,field_21AC,4,
BasePop,0x21B0,field_21B0,4,
BasePop,0x21B4,field_21B4,4,
BasePop,0x21B8,field_21B8,4,
BasePop,0x21BC,field_21BC,4,
BasePop,0x21C0,field_21C0,4,
BasePop,0x21C4,field_21C4,4,
BasePop,0x21C8,field_21C8,4,
BasePop,0x21CC,field_21CC,4,
BasePop,0x21D0,dialogs,3220,
BasePop,0x2E64,field_2E64,4,
BasePop,0x2E68,field_2E68,4,
BasePop,0x2E6C,field_2E6C,4,
BasePop,0x2E70,field_2E70,4,
BasePop,0x2E74,field_2E74,4,
BasePop,0x2E78,field_2E78,4,
BasePop,0x2E7C,field_2E7C,4,
BasePop,0x2E80,field_2E80,4,
BasePop,0x2E84,field_2E84,4,
BasePop,0x2E88,field_2E88,4,
BasePop,0x2E8C,field_2E8C,4,
BasePop,0x2E90,field_2E90,4,
BasePop,0x2E94,field_2E94,4,
BasePop,0x2E98,field_2E98,4,
BasePop,0x2E9C,field_2E9C,4,
BasePop,0x2EA0,field_2EA0,4,
BasePop,0x2EA4,field_2EA4,4,
BasePop,0x2EA8,field_2EA8,4,
BasePop,0x2EAC,field_2EAC,4,
BasePop,0x2EB0,field_2EB0,4,
BasePop,0x2EB4,field_2EB4,4,
BasePop,0x2EB8,field_2EB8,4,
BasePop,0x2EBC,field_2EBC,4,
BasePop,0x2EC0,field_2EC0,4,
BasePop,0x2EC4,field_2EC4,4,
BasePop,0x2EC8,field_2EC8,4,
BasePop,0x2ECC,field_2ECC,4,
BasePop,0x2ED0,field_2ED0,4,
BasePop,0x2ED4,field_2ED4,4,
BasePop,0x2ED8,field_2ED8,4,
BasePop,0x2EDC,field_2EDC,4,
BasePop,0x2EE0,field_2EE0,4,
BasePop,0x2EE4,field_2EE4,4,
BasePop,0x2EE8,field_2EE8,4,
BasePop,0x2EEC,field_2EEC,4,
BasePop,0x2EF0,field_2EF0,4,
BasePop,0x2EF4,field_2EF4,4,
BasePop,0x2EF8,field_2EF8,4,
BasePop,0x2EFC,field_2EFC,4,
BasePop,0x2F00,field_2F00,4,
BasePop,0x2F04,field_2F04,4,
BasePop,0x2F08,field_2F08,4,
BasePop,0x2F0C,field_2F0C,4,
BasePop,0x2F10,field_2F10,4,
BasePop,0x2F14,field_2F14,4,
BasePop,0x2F18,field_2F18,4,
BasePop,0x2F1C,field_2F1C,4,
BasePop,0x2F20,field_2F20,4,
BasePop,0x2F24,field_2F24,4,
BasePop,0x2F28,field_2F28,4,
BasePop,0x2F2C,field_2F2C,4,
BasePop,0x2F30,field_2F30,4,
BasePop,0x2F34,field_2F34,4,
BasePop,0x2F38,field_2F38,4,
BasePop,0x2F3C,field_2F3C,4,
BasePop,0x2F40,field_2F40,4,
BasePop,0x2F44,field_2F44,4,
BasePop,0x2F48,field_2F48,4,
BasePop,0x2F4C,field_2F4C,4,
BasePop,0x2F50,field_2F50,4,
BasePop,0x2F54,field_2F54,4,
BasePop,0x2F58,field_2F58,4,
BasePop,0x2F5C,field_2F5C,4,
BasePop,0x2F60,field_2F60,4,
BasePop,0x2F64,field_2F64,4,
BasePop,0x2F68,field_2F68,4,
BasePop,0x2F6C,field_2F6C,4,
BasePop,0x2F70,field_2F70,4,
BasePop,0x2F74,field_2F74,4,
BasePop,0x2F78,field_2F78,4,
BasePop,0x2F7C,field_2F7C,4,
BasePop,0x2F80,field_2F80,4,
BasePop,0x2F84,field_2F84,4,
BasePop,0x2F88,field_2F88,4,
BasePop,0x2F8C,field_2F8C,4,
BasePop,0x2F90,field_2F90,4,
BasePop,0x2F94,field_2F94,4,
BasePop,0x2F98,field_2F98,4,
BasePop,0x2F9C,field_2F9C,4,
BasePop,0x2FA0,field_2FA0,4,
BasePop,0x2FA4,field_2FA4,4,
BasePop,0x2FA8,field_2FA8,4,
BasePop,0x2FAC,field_2FAC,4,
BasePop,0x2FB0,field_2FB0,4,
BasePop,0x2FB4,field_2FB4,4,
BasePop,0x2FB8,field_2FB8,4,
BasePop,0x2FBC,field_2FBC,4,
BasePop,0x2FC0,field_2FC0,4,
BasePop,0x2FC4,field_2FC4,4,
BasePop,0x2FC8,field_2FC8,4,
BasePop,0x2FCC,field_2FCC,4,
BasePop,0x2FD0,field_2FD0,4,
BasePop,0x2FD4,field_2FD4,4,
BasePop,0x2FD8,field_2FD8,4,
BasePop,0x2FDC,field_2FDC,4,
BasePop,0x2FE0,field_2FE0,4,
BasePop,0x2FE4,field_2FE4,4,
BasePop,0x2FE8,field_2FE8,4,
BasePop,0x2FEC,field_2FEC,4,
BasePop,0x2FF0,field_2FF0,4,
BasePop,0x2FF4,field_2FF4,4,
BasePop,0x2FF8,field_2FF8,4,
BasePop,0x2FFC,field_2FFC,4,
BasePop,0x3000,field_3000,4,
BasePop,0x3004,field_3004,4,
BasePop,0x3008,field_3008,4,
BasePop,0x300C,field_300C,4,
BasePop,0x3010,field_3010,4,
BasePop,0x3014,field_3014,4,
BasePop,0x3018,field_3018,4,
BasePop,0x301C,field_301C,4,
BasePop,0x3020,field_3020,4,
BasePop,0x3024,field_3024,4,
BasePop,0x3028,field_3028,4,
BasePop,0x302C,field_302C,4,
BasePop,0x3030,field_3030,4,
BasePop,0x3034,field_3034,4,
BasePop,0x3038,field_3038,4,
BasePop,0x303C,field_303C,4,
BasePop,0x3040,field_3040,4,
BasePop,0x3044,field_3044,4,
BasePop,0x3048,field_3048,4,
BasePop,0x304C,field_304C,4,
BasePop,0x3050,field_3050,4,
BasePop,0x3054,field_3054,4,
BasePop,0x3058,field_3058,4,
BasePop,0x305C,field_305C,4,
BasePop,0x3060,field_3060,4,
BasePop,0x3064,field_3064,4,
BasePop,0x3068,field_3068,4,
BasePop,0x306C,field_306C,4,
BasePop,0x3070,field_3070,4,
BasePop,0x3074,field_3074,4,
BasePop,0x3078,field_3078,4,
BasePop,0x307C,field_307C,4,
BasePop,0x3080,field_3080,4,
BasePop,0x3084,field_3084,4,
BasePop,0x3088,field_3088,4,
BasePop,0x308C,field_308C,4,
BasePop,0x3090,field_3090,4,
BasePop,0x3094,field_3094,4,
BasePop,0x3098,spot,12,
BasePop,0x30A4,field_30A4,4,
BasePop,0x30A8,field_30A8,4,
BasePop,0x30AC,field_30AC,4,
BasePop,0x30B0,field_30B0,4,
BasePop,0x30B4,field_30B4,4,
BasePop,0x30B8,field_30B8,4,
BasePop,0x30BC,field_30BC,4,
BasePop,0x30C0,field_30C0,4,
BasePop,0x30C4,field_30C4,4,
BasePop,0x30C8,field_30C8,4,
BasePop,0x30CC,field_30CC,4,
BasePop,0x30D0,field_30D0,4,
BasePop,0x30D4,field_30D4,4,
BasePop,0x30D8,field_30D8,4,
BasePop,0x30DC,field_30DC,4,
BasePop,0x30E0,field_30E0,4,
BasePop,0x30E4,field_30E4,4,
BasePop,0x30E8,field_30E8,4,
BasePop,0x30EC,field_30EC,4,
BasePop,0x30F0,field_30F0,4,
BasePop,0x30F4,field_30F4,4,
BasePop,0x30F8,locA,4,
BasePop,0x30FC,locB,4,
BasePop,0x3100,field_3100,4,
BasePop,0x3104,field_3104,4,
BasePop,0x3108,field_3108,4,
BasePop,0x310C,field_310C,4,
BasePop,0x3110,stringFont1,4,
BasePop,0x3114,stringFont2,4,
BasePop,0x3118,stringFont3,4,
BasePop,0x311C,stringFont4,4,
BasePop,0x3120,stringColor1A,4,
BasePop,0x3124,stringColor2A,4,
BasePop,0x3128,stringColor3A,4,
BasePop,0x312C,stringColorHyperA,4,
BasePop,0x3130,stringColor1B,4,
BasePop,0x3134,stringColor2B,4,
BasePop,0x3138,stringColor3B,4,
BasePop,0x313C,stringColorHyperB,4,
BasePop,0x3140,stringColor1C,4,
BasePop,0x3144,stringColor2C,4,
BasePop,0x3148,stringColor3C,4,
BasePop,0x314C,stringColorHyperC,4,
BasePop,0x3150,stringColor1D,4,
BasePop,0x3154,stringColor2D,4,
BasePop,0x3158,stringColor3D,4,
BasePop,0x315C,stringColorHyperD,4,
BasePop,0x3160,field_3160,4,
BasePop,0x3164,field_3164,4,
BasePop,0x3168,field_3168,4,
BasePop,0x316C,buttonFont1,4,
BasePop,0x3170,buttonFont2,4,
BasePop,0x3174,buttonFont3,4,
BasePop,0x3178,buttonColor1A,1,
BasePop,0x3179,buttonColor2A,1,
BasePop,0x317A,buttonColor3A,1,
BasePop,0x317B,field_317B,1,
BasePop,0x317C,buttonColor1B,4,
BasePop,0x3180,buttonColor2B,4,
BasePop,0x3184,buttonColor3B,4,
BasePop,0x3188,buttonColor1C,4,
BasePop,0x318C,buttonColor2C,4,
BasePop,0x3190,buttonColor3C,4,
BasePop,0x3194,buttonColor1D,4,
BasePop,0x3198,buttonColor2D,4,
BasePop,0x319C,buttonColor3D,4,
BasePop,0x31A0,field_31A0,1,
BasePop,0x31A1,field_31A1,1,
BasePop,0x31A2,field_31A2,1,
BasePop,0x31A3,field_31A3,1,
BasePop,0x31A4,field_31A4,4,
BasePop,0x31A8,field_31A8,4,
BasePop,0x31AC,field_31AC,4,
BasePop,0x31B0,field_31B0,4,
BasePop,0x31B4,field_31B4,4,
BasePop,0x31B8,field_31B8,4,
BasePop,0x31BC,field_31BC,4,
BasePop,0x31C0,field_31C0,4,
BasePop,0x31C4,field_31C4,4,
BasePop,0x31C8,field_31C8,4,
BasePop,0x31CC,field_31CC,4,
BasePop,0x31D0,field_31D0,4,
BasePop,0x31D4,field_31D4,4,
BasePop,0x31D8,field_31D8,4,
BasePop,0x31DC,field_31DC,4,
BasePop,0x31E0,field_31E0,4,
BasePop,0x31E4,field_31E4,4,
BasePop,0x31E8,field_31E8,4,
BasePop,0x31EC,field_31EC,4,
BasePop,0x31F0,field_31F0,4,
BasePop,0x31F4,field_31F4,4,
BasePop,0x31F8,field_31F8,4,
BasePop,0x31FC,field_31FC,4,
BasePop,0x3200,field_3200,4,
BasePop,0x3204,field_3204,4,
BasePop,0x3208,field_3208,4,
BasePop,0x320C,field_320C,4,
BasePop,0x3210,field_3210,4,
BasePop,0x3214,field_3214,4,
BasePop,0x3218,field_3218,4,
BasePop,0x321C,field_321C,4,
BasePop,0x3220,field_3220,4,
BasePop,0x3224,okText,4,
BasePop,0x3228,cancelText,4,
BasePop,0x322C,field_322C,4,
BaseWin,0x0,graphicWin1,2580,
BaseWin,0xA14,subIFace,4,
BaseWin,0xA18,prodPicker,43072,
BaseWin,0xB258,field_B258,4,
BaseWin,0xB25C,graphicWin2,2580,
BaseWin,0xBC70,sprites1,88,
BaseWin,0xBCC8,sprites2,88,
BaseWin,0xBD20,sprites3,88,
BaseWin,0xBD78,sprite4,44,
BaseWin,0xBDA4,sprite5,44,
BaseWin,0xBDD0,sprite6,44,
BaseWin,0xBDFC,sprites7,132,
BaseWin,0xBE80,flatButton,2892,
BaseWin,0xC9CC,sprites8,1848,
BaseWin,0xD104,sprite9,44,
BaseWin,0xD130,sprite10,44,
BaseWin,0xD15C,sprite11,44,
BaseWin,0xD188,sprite12,44,
BaseWin,0xD1B4,sprite13,44,
BaseWin,0xD1E0,sprite14,44,
BaseWin,0xD20C,sprite15,44,
BaseWin,0xD238,buffer1,1416,
BaseWin,0xD7C0,flatButtons,63624,
BaseWin,0x1D048,field_1D048,4,
BaseWin,0x1D04C,field_1D04C,4,
BaseWin,0x1D050,field_1D050,4,
BaseWin,0x1D054,field_1D054,4,
BaseWin,0x1D058,field_1D058,4,
BaseWin,0x1D05C,field_1D05C,4,
BaseWin,0x1D060,field_1D060,4,
BaseWin,0x1D064,field_1D064,4,
BaseWin,0x1D068,field_1D068,4,
BaseWin,0x1D06C,field_1D06C,4,
BaseWin,0x1D070,field_1D070,4,
BaseWin,0x1D074,field_1D074,4,
BaseWin,0x1D078,field_1D078,4,
BaseWin,0x1D07C,field_1D07C,4,
BaseWin,0x1D080,field_1D080,4,
BaseWin,0x1D084,field_1D084,4,
BaseWin,0x1D088,field_1D088,4,
BaseWin,0x1D08C,field_1D08C,4,
BaseWin,0x1D090,field_1D090,4,
BaseWin,0x1D094,field_1D094,4,
BaseWin,0x1D098,field_1D098,4,
BaseWin,0x1D09C,field_1D09C,4,
BaseWin,0x1D0A0,field_1D0A0,4,
BaseWin,0x1D0A4,field_1D0A4,4,
BaseWin,0x1D0A8,field_1D0A8,4,
BaseWin,0x1D0AC,field_1D0AC,4,
BaseWin,0x1D0B0,field_1D0B0,4,
BaseWin,0x1D0B4,field_1D0B4,4,
BaseWin,0x1D0B8,field_1D0B8,4,
BaseWin,0x1D0BC,field_1D0BC,4,
BaseWin,0x1D0C0,field_1D0C0,4,
BaseWin,0x1D0C4,field_1D0C4,4,
BaseWin,0x1D0C8,field_1D0C8,4,
BaseWin,0x1D0CC,field_1D0CC,4,
BaseWin,0x1D0D0,field_1D0D0,4,
BaseWin,0x1D0D4,field_1D0D4,4,
BaseWin,0x1D0D8,field_1D0D8,4,
BaseWin,0x1D0DC,field_1D0DC,4,
BaseWin,0x1D0E0,field_1D0E0,4,
BaseWin,0x1D0E4,field_1D0E4,4,
BaseWin,0x1D0E8,field_1D0E8,4,
BaseWin,0x1D0EC,field_1D0EC,4,
BaseWin,0x1D0F0,field_1D0F0,4,
BaseWin,0x1D0F4,field_1D0F4,4,
BaseWin,0x1D0F8,field_1D0F8,4,
BaseWin,0x1D0FC,field_1D0FC,4,
BaseWin,0x1D100,field_1D100,4,
BaseWin,0x1D104,field_1D104,4,
BaseWin,0x1D108,field_1D108,4,
BaseWin,0x1D10C,field_1D10C,4,
BaseWin,0x1D110,field_1D110,4,
BaseWin,0x1D114,field_1D114,4,
BaseWin,0x1D118,field_1D118,4,
BaseWin,0x1D11C,field_1D11C,4,
BaseWin,0x1D120,field_1D120,4,
BaseWin,0x1D124,field_1D124,4,
BaseWin,0x1D128,field_1D128,4,
BaseWin,0x1D12C,field_1D12C,4,
BaseWin,0x1D130,field_1D130,4,
BaseWin,0x1D134,field_1D134,4,
BaseWin,0x1D138,field_1D138,4,
BaseWin,0x1D13C,field_1D13C,4,
BaseWin,0x1D140,field_1D140,4,
BaseWin,0x1D144,field_1D144,4,
BaseWin,0x1D148,time,40,
BaseWin,0x1D170,caviar,5072,
BaseWin,0x1E540,field_1E540,4,
BaseWin,0x1E544,field_1E544,4,
BaseWin,0x1E548,field_1E548,4,
BaseWin,0x1E54C,field_1E54C,4,
BaseWin,0x1E550,field_1E550,4,
BaseWin,0x1E554,field_1E554,4,
BaseWin,0x1E558,field_1E558,4,
BaseWin,0x1E55C,field_1E55C,4,
BaseWin,0x1E560,field_1E560,4,
BaseWin,0x1E564,field_1E564,4,
BaseWin,0x1E568,field_1E568,4,
BaseWin,0x1E56C,field_1E56C,4,
BaseWin,0x1E570,field_1E570,4,
BaseWin,0x1E574,field_1E574,4,
BaseWin,0x1E578,field_1E578,4,
BaseWin,0x1E57C,field_1E57C,4,
BaseWin,0x1E580,field_1E580,4,
BaseWin,0x1E584,field_1E584,4,
BaseWin,0x1E588,field_1E588,4,
BaseWin,0x1E58C,field_1E58C,4,
BaseWin,0x1E590,field_1E590,4,
BaseWin,0x1E594,field_1E594,4,
BaseWin,0x1E598,field_1E598,4,
BaseWin,0x1E59C,field_1E59C,4,
BaseWin,0x1E5A0,field_1E5A0,4,
BaseWin,0x1E5A4,field_1E5A4,4,
BaseWin,0x1E5A8,field_1E5A8,4,
BaseWin,0x1E5AC,field_1E5AC,4,
BaseWin,0x1E5B0,field_1E5B0,4,
BaseWin,0x1E5B4,field_1E5B4,4,
BaseWin,0x1E5B8,field_1E5B8,4,
BaseWin,0x1E5BC,field_1E5BC,4,
BaseWin,0x1E5C0,field_1E5C0,4,
BaseWin,0x1E5C4,field_1E5C4,4,
BaseWin,0x1E5C8,field_1E5C8,4,
BaseWin,0x1E5CC,field_1E5CC,4,
BaseWin,0x1E5D0,field_1E5D0,4,
BaseWin,0x1E5D4,field_1E5D4,4,
BaseWin,0x1E5D8,field_1E5D8,4,
BaseWin,0x1E5DC,field_1E5DC,4,
BaseWin,0x1E5E0,field_1E5E0,4,
BaseWin,0x1E5E4,field_1E5E4,4,
BaseWin,0x1E5E8,field_1E5E8,4,
BaseWin,0x1E5EC,field_1E5EC,4,
BaseWin,0x1E5F0,field_1E5F0,4,
BaseWin,0x1E5F4,field_1E5F4,4,
BaseWin,0x1E5F8,field_1E5F8,4,
BaseWin,0x1E5FC,field_1E5FC,4,
BaseWin,0x1E600,field_1E600,4,
BaseWin,0x1E604,field_1E604,4,
BaseWin,0x1E608,field_1E608,4,
BaseWin,0x1E60C,field_1E60C,4,
BaseWin,0x1E610,field_1E610,4,
BaseWin,0x1E614,field_1E614,4,
BaseWin,0x1E618,field_1E618,4,
BaseWin,0x1E61C,field_1E61C,4,
BaseWin,0x1E620,field_1E620,4,
BaseWin,0x1E624,field_1E624,4,
BaseWin,0x1E628,field_1E628,4,
BaseWin,0x1E62C,field_1E62C,4,
BaseWin,0x1E630,field_1E630,4,
BaseWin,0x1E634,field_1E634,4,
BaseWin,0x1E638,field_1E638,4,
BaseWin,0x1E63C,field_1E63C,4,
BaseWin,0x1E640,field_1E640,4,
BaseWin,0x1E644,field_1E644,4,
BaseWin,0x1E648,field_1E648,4,
BaseWin,0x1E64C,field_1E64C,4,
BaseWin,0x1E650,field_1E650,4,
BaseWin,0x1E654,field_1E654,4,
BaseWin,0x1E658,field_1E658,4,
BaseWin,0x1E65C,field_1E65C,4,
BaseWin,0x1E660,field_1E660,4,
BaseWin,0x1E664,field_1E664,4,
BaseWin,0x1E668,field_1E668,4,
BaseWin,0x1E66C,field_1E66C,4,
BaseWin,0x1E670,field_1E670,4,
BaseWin,0x1E674,mapWin,140416,
BaseWin,0x40AF4,field_40AF4,4,
BaseWin,0x40AF8,field_40AF8,4,
BaseWin,0x40AFC,field_40AFC,4,
BaseWin,0x40B00,field_40B00,4,
BaseWin,0x40B04,field_40B04,4,
BaseWin,0x40B08,field_40B08,4,
BaseWin,0x40B0C,focusedBaseID,4,
BaseWin,0x40B10,field_40B10,4,
BaseWin,0x40B14,field_40B14,4,
BaseWin,0x40B18,field_40B18,4,
BaseWin,0x40B1C,field_40B1C,4,
BaseWin,0x40B20,field_40B20,4,
BaseWin,0x40B24,field_40B24,4,
BaseWin,0x40B28,field_40B28,4,
BaseWin,0x40B2C,field_40B2C,4,
BaseWin,0x40B30,field_40B30,4,
BaseWin,0x40B34,field_40B34,4,
BaseWin,0x40B38,field_40B38,4,
BaseWin,0x40B3C,field_40B3C,4,
BaseWin,0x40B40,field_40B40,4,
BaseWin,0x40B44,field_40B44,4,
BaseWin,0x40B48,field_40B48,4,
BaseWin,0x40B4C,field_40B4C,4,
BaseWin,0x40B50,field_40B50,4,
BaseWin,0x40B54,field_40B54,4,
BaseWin,0x40B58,field_40B58,4,
BaseWin,0x40B5C,field_40B5C,4,
BaseWin,0x40B60,field_40B60,4,
BaseWin,0x40B64,field_40B64,4,
BaseWin,0x40B68,field_40B68,4,
BaseWin,0x40B6C,field_40B6C,4,
BaseWin,0x40B70,field_40B70,4,
BaseWin,0x40B74,field_40B74,4,
BaseWin,0x40B78,field_40B78,4,
BaseWin,0x40B7C,field_40B7C,4,
BaseWin,0x40B80,field_40B80,4,
BaseWin,0x40B84,field_40B84,4,
BaseWin,0x40B88,field_40B88,4,
BaseWin,0x40B8C,rect1,16,
BaseWin,0x40B9C,field_40B9C,4,
BaseWin,0x40BA0,field_40BA0,4,
BaseWin,0x40BA4,field_40BA4,4,
BaseWin,0x40BA8,field_40BA8,4,
BaseWin,0x40BAC,rect2,16,
BaseWin,0x40BBC,field_40BBC,4,
BaseWin,0x40BC0,field_40BC0,4,
BaseWin,0x40BC4,field_40BC4,4,
BaseWin,0x40BC8,field_40BC8,4,
BaseWin,0x40BCC,field_40BCC,4,
BaseWin,0x40BD0,field_40BD0,4,
BaseWin,0x40BD4,field_40BD4,4,
BaseWin,0x40BD8,field_40BD8,4,
BaseWin,0x40BDC,rect3,16,
BaseWin,0x40BEC,field_40BEC,4,
BaseWin,0x40BF0,field_40BF0,4,
BaseWin,0x40BF4,field_40BF4,4,
BaseWin,0x40BF8,field_40BF8,4,
BaseWin,0x40BFC,rect4,16,
BaseWin,0x40C0C,field_40C0C,4,
BaseWin,0x40C10,field_40C10,4,
BaseWin,0x40C14,field_40C14,4,
BaseWin,0x40C18,field_40C18,4,
BaseWin,0x40C1C,field_40C1C,4,
BaseWin,0x40C20,field_40C20,4,
BaseWin,0x40C24,field_40C24,4,
BaseWin,0x40C28,field_40C28,4,
BaseWin,0x40C2C,field_40C2C,4,
BaseWin,0x40C30,field_40C30,4,
BaseWin,0x40C34,field_40C34,4,
BaseWin,0x40C38,field_40C38,4,
BaseWin,0x40C3C,field_40C3C,4,
BaseWin,0x40C40,field_40C40,4,
BaseWin,0x40C44,field_40C44,4,
BaseWin,0x40C48,field_40C48,4,
BaseWin,0x40C4C,field_40C4C,4,
BaseWin,0x40C50,field_40C50,4,
BaseWin,0x40C54,field_40C54,4,
BaseWin,0x40C58,field_40C58,4,
BaseWin,0x40C5C,field_40C5C,4,
BaseWin,0x40C60,field_40C60,4,
BaseWin,0x40C64,field_40C64,4,
BaseWin,0x40C68,field_40C68,4,
BaseWin,0x40C6C,field_40C6C,4,
BaseWin,0x40C70,field_40C70,4,
BaseWin,0x40C74,field_40C74,4,
BaseWin,0x40C78,field_40C78,4,
BaseWin,0x40C7C,field_40C7C,4,
BaseWin,0x40C80,field_40C80,4,
BaseWin,0x40C84,field_40C84,4,
BaseWin,0x40C88,field_40C88,4,
BaseWin,0x40C8C,field_40C8C,4,
BaseWin,0x40C90,field_40C90,4,
BaseWin,0x40C94,field_40C94,4,
BaseWin,0x40C98,field_40C98,4,
BaseWin,0x40C9C,field_40C9C,4,
BaseWin,0x40CA0,field_40CA0,4,
BaseWin,0x40CA4,field_40CA4,4,
BaseWin,0x40CA8,field_40CA8,4,
BaseWin,0x40CAC,field_40CAC,4,
BaseWin,0x40CB0,field_40CB0,4,
BaseWin,0x40CB4,field_40CB4,4,
BaseWin,0x40CB8,field_40CB8,4,
BaseWin,0x40CBC,field_40CBC,4,
BaseWin,0x40CC0,field_40CC0,4,
BaseWin,0x40CC4,field_40CC4,4,
BaseWin,0x40CC8,field_40CC8,4,
BaseWin,0x40CCC,field_40CCC,4,
BaseWin,0x40CD0,field_40CD0,4,
BaseWin,0x40CD4,field_40CD4,4,
BaseWin,0x40CD8,field_40CD8,4,
BaseWin,0x40CDC,field_40CDC,4,
BaseWin,0x40CE0,field_40CE0,4,
BaseWin,0x40CE4,field_40CE4,4,
BaseWin,0x40CE8,field_40CE8,4,
BaseWin,0x40CEC,field_40CEC,4,
BaseWin,0x40CF0,field_40CF0,4,
BaseWin,0x40CF4,field_40CF4,4,
BaseWin,0x40CF8,field_40CF8,4,
BaseWin,0x40CFC,field_40CFC,4,
BaseWin,0x40D00,field_40D00,4,
BaseWin,0x40D04,field_40D04,4,
BaseWin,0x40D08,field_40D08,4,
BaseWin,0x40D0C,field_40D0C,4,
BaseWin,0x40D10,field_40D10,4,
BaseWin,0x40D14,field_40D14,4,
BaseWin,0x40D18,field_40D18,4,
BaseWin,0x40D1C,rect5,16,
BaseWin,0x40D2C,rect6,16,
BaseWin,0x40D3C,rect7,16,
BaseWin,0x40D4C,field_40D4C,4,
BaseWin,0x40D50,field_40D50,4,
BaseWin,0x40D54,field_40D54,4,
BaseWin,0x40D58,field_40D58,4,
BaseWin,0x40D5C,field_40D5C,4,
BaseWin,0x40D60,field_40D60,4,
BaseWin,0x40D64,field_40D64,4,
BaseWin,0x40D68,field_40D68,4,
BaseWin,0x40D6C,rect14,16,
BaseWin,0x40D7C,rect15,16,
BaseWin,0x40D8C,rect18,16,
BaseWin,0x40D9C,rect19,16,
BaseWin,0x40DAC,rect8,16,
BaseWin,0x40DBC,rect9,16,
BaseWin,0x40DCC,rect10,16,
BaseWin,0x40DDC,rect11,16,
BaseWin,0x40DEC,field_40DEC,4,
BaseWin,0x40DF0,field_40DF0,4,
BaseWin,0x40DF4,field_40DF4,4,
BaseWin,0x40DF8,field_40DF8,4,
BaseWin,0x40DFC,field_40DFC,4,
BaseWin,0x40E00,field_40E00,4,
BaseWin,0x40E04,field_40E04,4,
BaseWin,0x40E08,field_40E08,4,
BaseWin,0x40E0C,field_40E0C,4,
BaseWin,0x40E10,field_40E10,4,
BaseWin,0x40E14,field_40E14,4,
BaseWin,0x40E18,field_40E18,4,
BaseWin,0x40E1C,field_40E1C,4,
BaseWin,0x40E20,field_40E20,4,
BaseWin,0x40E24,field_40E24,4,
BaseWin,0x40E28,field_40E28,4,
BaseWin,0x40E2C,rect12,16,
BaseWin,0x40E3C,rect13,16,
BaseWin,0x40E4C,rect16,16,
BaseWin,0x40E5C,rect17,16,
BaseWin,0x40E6C,field_40E6C,4,
BaseWin,0x40E70,field_40E70,4,
BaseWin,0x40E74,field_40E74,4,
BaseWin,0x40E78,field_40E78,4,
BaseWin,0x40E7C,rect20,16,
BaseWin,0x40E8C,font1,40,
BaseWin,0x40EB4,spot1,12,
BaseWin,0x40EC0,spot2,12,
BaseWin,0x40ECC,buffer2,1416,
BaseWin,0x41454,scroll1,8524,
BaseWin,0x435A0,scroll2,8524,
BaseWin,0x456EC,scroll3,8524,
BattleWin,0x0,subIFace,4,
BattleWin,0x4,time,40,
BattleWin,0x2C,field_2C,4,
BattleWin,0x30,field_30,16,
BattleWin,0x40,field_40,16,
BattleWin,0x50,field_50,16,
BattleWin,0x60,field_60,16,
BattleWin,0x70,field_70,16,
BattleWin,0x80,field_80,4,
BattleWin,0x84,field_84,4,
BattleWin,0x88,field_88,4,
BattleWin,0x8C,field_8C,4,
BattleWin,0x90,field_90,16,
Buffer,0x0,vtable,4,
Buffer,0x4,field_4,4,
Buffer,0x8,field_8,4,
Buffer,0xC,field_C,4,
Buffer,0x10,field_10,4,
Buffer,0x14,field_14,4,
Buffer,0x18,field_18,4,
Buffer,0x1C,field_1C,4,
Buffer,0x20,rect1,16,
Buffer,0x30,rect2,16,
Buffer,0x40,field_40,16,
Buffer,0x50,field_50,4,
Buffer,0x54,ppvBits,4,
Buffer,0x58,field_58,4,
Buffer,0x5C,field_5C,4,
Buffer,0x60,hdc2,4,
Buffer,0x64,hdc,4,
Buffer,0x68,field_68,4,
Buffer,0x6C,field_6C,4,
Buffer,0x70,field_70,4,HRGN
Buffer,0x74,field_74,4,
Buffer,0x78,hBitmap,4,
Buffer,0x7C,pbmi,4,
Buffer,0x80,width,4,
Buffer,0x84,height,4,
Buffer,0x88,field_88,2,
Buffer,0x8A,field_8A,2,
Buffer,0x8C,field_8C,4,
Buffer,0x90,field_90,4,
Buffer,0x94,field_94,4,
Buffer,0x98,field_98,4,
Buffer,0x9C,field_9C,4,
Buffer,0xA0,field_A0,4,
Buffer,0xA4,dib,1024,
Buffer,0x4A4,field_4A4,4,
Buffer,0x4A8,field_4A8,4,
Buffer,0x4AC,field_4AC,4,
Buffer,0x4B0,spot,12,
Buffer,0x4BC,field_4BC,80,
Buffer,0x50C,field_50C,4,
Buffer,0x510,field_510,4,
Buffer,0x514,field_514,4,
Buffer,0x518,field_518,4,
Buffer,0x51C,field_51C,4,
Buffer,0x520,field_520,4,
Buffer,0x524,field_524,4,
Buffer,0x528,field_528,4,
Buffer,0x52C,font1,4,
Buffer,0x530,font2,4,
Buffer,0x534,font3,4,
Buffer,0x538,font4,4,
Buffer,0x53C,colorVal1,4,
Buffer,0x540,color2Val1,4,
Buffer,0x544,color3Val1,4,
Buffer,0x548,colorhyperVal1,4,
Buffer,0x54C,colorVal2,4,
Buffer,0x550,color2Val2,4,
Buffer,0x554,color3Val2,4,
Buffer,0x558,colorhyperVal2,4,
Buffer,0x55C,colorVal3,4,
Buffer,0x560,color2Val3,4,
Buffer,0x564,color3Val3,4,
Buffer,0x568,colorhyperVal3,4,
Buffer,0x56C,colorVal4,4,
Buffer,0x570,color2Val4,4,
Buffer,0x574,color3Val4,4,
Buffer,0x578,colorhyperVal4,4,
Buffer,0x57C,field_57C,4,
Buffer,0x580,field_580,1,
Buffer,0x581,field_584,4,
ButtonGroup,0x0,buttons,128,
ButtonGroup,0x80,count,4,
ButtonGroup,0x84,field_84,4,
ButtonGroup,0x88,field_88,4,
ButtonGroup,0x8C,field_8C,4,
ButtonGroup,0x90,field_90,4,
Caviar,0x0,field_0,4,
Caviar,0x4,field_4,4,
Caviar,0x8,field_8,4,
Caviar,0xC,field_C,4,
Caviar,0x10,field_10,4,
Caviar,0x14,field_14,4,
Caviar,0x18,field_18,4,
Caviar,0x1C,field_1C,4,
Caviar,0x20,field_20,4,
Caviar,0x24,field_24,4,
Caviar,0x28,field_28,4,
Caviar,0x2C,field_2C,4,
Caviar,0x30,field_30,4,
Caviar,0x34,field_34,4,
Caviar,0x38,field_38,4,
Caviar,0x3C,field_3C,4,
Caviar,0x40,field_40,4,
Caviar,0x44,field_44,4,
Caviar,0x48,field_48,4,
Caviar,0x4C,field_4C,4,
Caviar,0x50,field_50,4,
Caviar,0x54,field_54,4,
Caviar,0x58,field_58,4,
Caviar,0x5C,field_5C,4,
Caviar,0x60,field_60,4,
Caviar,0x64,field_64,4,
Caviar,0x68,field_68,4,
Caviar,0x6C,field_6C,4,
Caviar,0x70,field_70,4,
Caviar,0x74,field_74,4,
Caviar,0x78,field_78,4,
Caviar,0x7C,field_7C,4,
Caviar,0x80,field_80,4,
Caviar,0x84,field_84,4,
Caviar,0x88,field_88,4,
Caviar,0x8C,field_8C,4,
Caviar,0x90,field_90,4,
Caviar,0x94,field_94,4,
Caviar,0x98,field_98,4,
Caviar,0x9C,field_9C,4,
Caviar,0xA0,field_A0,4,
Caviar,0xA4,field_A4,4,
Caviar,0xA8,field_A8,4,
Caviar,0xAC,field_AC,4,
Caviar,0xB0,field_B0,4,
Caviar,0xB4,field_B4,4,
Caviar,0xB8,field_B8,4,
Caviar,0xBC,field_BC,4,
Caviar,0xC0,field_C0,4,
Caviar,0xC4,field_C4,4,
Caviar,0xC8,field_C8,4,
Caviar,0xCC,field_CC,4,
Caviar,0xD0,field_D0,4,
Caviar,0xD4,field_D4,4,
Caviar,0xD8,field_D8,4,
Caviar,0xDC,field_DC,4,
Caviar,0xE0,field_E0,4,
Caviar,0xE4,field_E4,4,
Caviar,0xE8,field_E8,4,
Caviar,0xEC,field_EC,4,
Caviar,0xF0,field_F0,4,
Caviar,0xF4,field_F4,4,
Caviar,0xF8,field_F8,4,
Caviar,0xFC,field_FC,4,
Caviar,0x100,field_100,4,
Caviar,0x104,field_104,4,
Caviar,0x108,field_108,4,
Caviar,0x10C,field_10C,4,
Caviar,0x110,field_110,4,
Caviar,0x114,field_114,4,
Caviar,0x118,field_118,4,
Caviar,0x11C,field_11C,4,
Caviar,0x120,field_120,4,
Caviar,0x124,field_124,4,
Caviar,0x128,field_128,4,
Caviar,0x12C,field_12C,4,
Caviar,0x130,field_130,4,
Caviar,0x134,field_134,4,
Caviar,0x138,field_138,4,
Caviar,0x13C,field_13C,4,
Caviar,0x140,field_140,4,
Caviar,0x144,field_144,4,
Caviar,0x148,field_148,4,
Caviar,0x14C,field_14C,4,
Caviar,0x150,field_150,4,
Caviar,0x154,field_154,4,
Caviar,0x158,field_158,4,
Caviar,0x15C,field_15C,4,
Caviar,0x160,field_160,4,
Caviar,0x164,field_164,4,
Caviar,0x168,field_168,4,
Caviar,0x16C,field_16C,4,
Caviar,0x170,field_170,4,
Caviar,0x174,field_174,4,
Caviar,0x178,field_178,4,
Caviar,0x17C,field_17C,4,
Caviar,0x180,field_180,4,
Caviar,0x184,field_184,4,
Caviar,0x188,field_188,4,
Caviar,0x18C,field_18C,4,
Caviar,0x190,field_190,4,
Caviar,0x194,field_194,4,
Caviar,0x198,field_198,4,
Caviar,0x19C,field_19C,4,
Caviar,0x1A0,field_1A0,4,
Caviar,0x1A4,field_1A4,4,
Caviar,0x1A8,field_1A8,4,
Caviar,0x1AC,field_1AC,4,
Caviar,0x1B0,field_1B0,4,
Caviar,0x1B4,field_1B4,4,
Caviar,0x1B8,field_1B8,4,
Caviar,0x1BC,field_1BC,4,
Caviar,0x1C0,field_1C0,4,
Caviar,0x1C4,field_1C4,4,
Caviar,0x1C8,field_1C8,4,
Caviar,0x1CC,field_1CC,4,
Caviar,0x1D0,field_1D0,4,
Caviar,0x1D4,field_1D4,4,
Caviar,0x1D8,field_1D8,4,
Caviar,0x1DC,field_1DC,4,
Caviar,0x1E0,field_1E0,4,
Caviar,0x1E4,field_1E4,4,
Caviar,0x1E8,field_1E8,4,
Caviar,0x1EC,field_1EC,4,
Caviar,0x1F0,field_1F0,4,
Caviar,0x1F4,field_1F4,4,
Caviar,0x1F8,field_1F8,4,
Caviar,0x1FC,field_1FC,4,
Caviar,0x200,field_200,4,
Caviar,0x204,field_204,4,
Caviar,0x208,field_208,4,
Caviar,0x20C,field_20C,4,
Caviar,0x210,field_210,4,
Caviar,0x214,field_214,4,
Caviar,0x218,field_218,4,
Caviar,0x21C,field_21C,4,
Caviar,0x220,field_220,4,
Caviar,0x224,field_224,4,
Caviar,0x228,field_228,4,
Caviar,0x22C,field_22C,4,
Caviar,0x230,field_230,4,
Caviar,0x234,field_234,4,
Caviar,0x238,field_238,4,
Caviar,0x23C,field_23C,4,
Caviar,0x240,field_240,4,
Caviar,0x244,field_244,4,
Caviar,0x248,field_248,4,
Caviar,0x24C,field_24C,4,
Caviar,0x250,field_250,4,
Caviar,0x254,field_254,4,
Caviar,0x258,field_258,4,
Caviar,0x25C,field_25C,4,
Caviar,0x260,field_260,4,
Caviar,0x264,field_264,4,
Caviar,0x268,field_268,4,
Caviar,0x26C,field_26C,4,
Caviar,0x270,field_270,4,
Caviar,0x274,field_274,4,
Caviar,0x278,field_278,4,
Caviar,0x27C,field_27C,4,
Caviar,0x280,field_280,4,
Caviar,0x284,field_284,4,
Caviar,0x288,field_288,4,
Caviar,0x28C,field_28C,4,
Caviar,0x290,field_290,4,
Caviar,0x294,field_294,4,
Caviar,0x298,field_298,4,
Caviar,0x29C,field_29C,4,
Caviar,0x2A0,field_2A0,4,
Caviar,0x2A4,field_2A4,4,
Caviar,0x2A8,field_2A8,4,
Caviar,0x2AC,field_2AC,4,
Caviar,0x2B0,field_2B0,4,
Caviar,0x2B4,field_2B4,4,
Caviar,0x2B8,field_2B8,4,
Caviar,0x2BC,field_2BC,4,
Caviar,0x2C0,field_2C0,4,
Caviar,0x2C4,field_2C4,4,
Caviar,0x2C8,field_2C8,4,
Caviar,0x2CC,field_2CC,4,
Caviar,0x2D0,field_2D0,4,
Caviar,0x2D4,field_2D4,4,
Caviar,0x2D8,field_2D8,4,
Caviar,0x2DC,field_2DC,4,
Caviar,0x2E0,field_2E0,4,
Caviar,0x2E4,field_2E4,4,
Caviar,0x2E8,field_2E8,4,
Caviar,0x2EC,field_2EC,4,
Caviar,0x2F0,field_2F0,4,
Caviar,0x2F4,field_2F4,4,
Caviar,0x2F8,field_2F8,4,
Caviar,0x2FC,field_2FC,4,
Caviar,0x300,field_300,4,
Caviar,0x304,field_304,4,
Caviar,0x308,field_308,4,
Caviar,0x30C,field_30C,4,
Caviar,0x310,field_310,4,
Caviar,0x314,field_314,4,
Caviar,0x318,field_318,4,
Caviar,0x31C,field_31C,4,
Caviar,0x320,field_320,4,
Caviar,0x324,field_324,4,
Caviar,0x328,field_328,4,
Caviar,0x32C,field_32C,4,
Caviar,0x330,field_330,4,
Caviar,0x334,field_334,4,
Caviar,0x338,field_338,4,
Caviar,0x33C,field_33C,4,
Caviar,0x340,field_340,4,
Caviar,0x344,field_344,4,
Caviar,0x348,field_348,4,
Caviar,0x34C,field_34C,4,
Caviar,0x350,field_350,4,
Caviar,0x354,field_354,4,
Caviar,0x358,field_358,4,
Caviar,0x35C,field_35C,4,
Caviar,0x360,field_360,4,
Caviar,0x364,field_364,4,
Caviar,0x368,field_368,4,
Caviar,0x36C,field_36C,4,
Caviar,0x370,field_370,4,
Caviar,0x374,field_374,4,
Caviar,0x378,field_378,4,
Caviar,0x37C,field_37C,4,
Caviar,0x380,field_380,4,
Caviar,0x384,field_384,4,
Caviar,0x388,field_388,4,
Caviar,0x38C,field_38C,4,
Caviar,0x390,field_390,4,
Caviar,0x394,field_394,4,
Caviar,0x398,field_398,4,
Caviar,0x39C,field_39C,4,
Caviar,0x3A0,field_3A0,4,
Caviar,0x3A4,field_3A4,4,
Caviar,0x3A8,field_3A8,4,
Caviar,0x3AC,field_3AC,4,
Caviar,0x3B0,field_3B0,4,
Caviar,0x3B4,field_3B4,4,
Caviar,0x3B8,field_3B8,4,
Caviar,0x3BC,field_3BC,4,
Caviar,0x3C0,field_3C0,4,
Caviar,0x3C4,field_3C4,4,
Caviar,0x3C8,field_3C8,4,
Caviar,0x3CC,field_3CC,4,
Caviar,0x3D0,field_3D0,4,
Caviar,0x3D4,field_3D4,4,
Caviar,0x3D8,field_3D8,4,
Caviar,0x3DC,field_3DC,4,
Caviar,0x3E0,field_3E0,4,
Caviar,0x3E4,field_3E4,4,
Caviar,0x3E8,field_3E8,4,
Caviar,0x3EC,field_3EC,4,
Caviar,0x3F0,field_3F0,4,
Caviar,0x3F4,field_3F4,4,
Caviar,0x3F8,field_3F8,4,
Caviar,0x3FC,field_3FC,4,
Caviar,0x400,field_400,4,
Caviar,0x404,field_404,4,
Caviar,0x408,field_408,4,
Caviar,0x40C,field_40C,4,
Caviar,0x410,field_410,4,
Caviar,0x414,field_414,4,
Caviar,0x418,field_418,4,
Caviar,0x41C,field_41C,4,
Caviar,0x420,field_420,4,
Caviar,0x424,field_424,4,
Caviar,0x428,field_428,4,
Caviar,0x42C,field_42C,4,
Caviar,0x430,field_430,4,
Caviar,0x434,field_434,4,
Caviar,0x438,field_438,4,
Caviar,0x43C,field_43C,4,
Caviar,0x440,field_440,4,
Caviar,0x444,field_444,4,
Caviar,0x448,field_448,4,
Caviar,0x44C,field_44C,4,
Caviar,0x450,field_450,4,
Caviar,0x454,field_454,4,
Caviar,0x458,field_458,4,
Caviar,0x45C,field_45C,4,
Caviar,0x460,field_460,4,
Caviar,0x464,field_464,4,
Caviar,0x468,field_468,4,
Caviar,0x46C,field_46C,4,
Caviar,0x470,field_470,4,
Caviar,0x474,field_474,4,
Caviar,0x478,field_478,4,
Caviar,0x47C,field_47C,4,
Caviar,0x480,field_480,4,
Caviar,0x484,field_484,4,
Caviar,0x488,field_488,4,
Caviar,0x48C,field_48C,4,
Caviar,0x490,field_490,4,
Caviar,0x494,field_494,4,
Caviar,0x498,field_498,4,
Caviar,0x49C,field_49C,4,
Caviar,0x4A0,field_4A0,4,
Caviar,0x4A4,field_4A4,4,
Caviar,0x4A8,field_4A8,4,
Caviar,0x4AC,field_4AC,4,
Caviar,0x4B0,field_4B0,4,
Caviar,0x4B4,field_4B4,4,
Caviar,0x4B8,field_4B8,4,
Caviar,0x4BC,field_4BC,4,
Caviar,0x4C0,field_4C0,4,
Caviar,0x4C4,field_4C4,4,
Caviar,0x4C8,field_4C8,4,
Caviar,0x4CC,field_4CC,4,
Caviar,0x4D0,field_4D0,4,
Caviar,0x4D4,field_4D4,4,
Caviar,0x4D8,field_4D8,4,
Caviar,0x4DC,field_4DC,4,
Caviar,0x4E0,field_4E0,4,
Caviar,0x4E4,field_4E4,4,
Caviar,0x4E8,field_4E8,4,
Caviar,0x4EC,field_4EC,4,
Caviar,0x4F0,field_4F0,4,
Caviar,0x4F4,field_4F4,4,
Caviar,0x4F8,field_4F8,4,
Caviar,0x4FC,field_4FC,4,
Caviar,0x500,field_500,4,
Caviar,0x504,field_504,4,
Caviar,0x508,field_508,4,
Caviar,0x50C,field_50C,4,
Caviar,0x510,field_510,4,
Caviar,0x514,field_514,4,
Caviar,0x518,field_518,4,
Caviar,0x51C,field_51C,4,
Caviar,0x520,field_520,4,
Caviar,0x524,field_524,4,
Caviar,0x528,field_528,4,
Caviar,0x52C,field_52C,4,
Caviar,0x530,field_530,4,
Caviar,0x534,field_534,4,
Caviar,0x538,field_538,4,
Caviar,0x53C,field_53C,4,
Caviar,0x540,field_540,4,
Caviar,0x544,field_544,4,
Caviar,0x548,field_548,4,
Caviar,0x54C,field_54C,4,
Caviar,0x550,field_550,4,
Caviar,0x554,field_554,4,
Caviar,0x558,field_558,4,
Caviar,0x55C,field_55C,4,
Caviar,0x560,field_560,4,
Caviar,0x564,field_564,4,
Caviar,0x568,field_568,4,
Caviar,0x56C,field_56C,4,
Caviar,0x570,field_570,4,
Caviar,0x574,field_574,4,
Caviar,0x578,field_578,4,
Caviar,0x57C,field_57C,4,
Caviar,0x580,field_580,4,
Caviar,0x584,field_584,4,
Caviar,0x588,field_588,4,
Caviar,0x58C,field_58C,4,
Caviar,0x590,field_590,4,
Caviar,0x594,field_594,4,
Caviar,0x598,field_598,4,
Caviar,0x59C,field_59C,4,
Caviar,0x5A0,field_5A0,4,
Caviar,0x5A4,field_5A4,4,
Caviar,0x5A8,field_5A8,4,
Caviar,0x5AC,field_5AC,4,
Caviar,0x5B0,field_5B0,4,
Caviar,0x5B4,field_5B4,4,
Caviar,0x5B8,field_5B8,4,
Caviar,0x5BC,field_5BC,4,
Caviar,0x5C0,field_5C0,4,
Caviar,0x5C4,field_5C4,4,
Caviar,0x5C8,field_5C8,4,
Caviar,0x5CC,field_5CC,4,
Caviar,0x5D0,field_5D0,4,
Caviar,0x5D4,field_5D4,4,
Caviar,0x5D8,field_5D8,4,
Caviar,0x5DC,field_5DC,4,
Caviar,0x5E0,field_5E0,4,
Caviar,0x5E4,field_5E4,4,
Caviar,0x5E8,field_5E8,4,
Caviar,0x5EC,field_5EC,4,
Caviar,0x5F0,field_5F0,4,
Caviar,0x5F4,field_5F4,4,
Caviar,0x5F8,field_5F8,4,
Caviar,0x5FC,field_5FC,4,
Caviar,0x600,field_600,4,
Caviar,0x604,field_604,4,
Caviar,0x608,field_608,4,
Caviar,0x60C,field_60C,4,
Caviar,0x610,field_610,4,
Caviar,0x614,field_614,4,
Caviar,0x618,field_618,4,
Caviar,0x61C,field_61C,4,
Caviar,0x620,field_620,4,
Caviar,0x624,field_624,4,
Caviar,0x628,field_628,4,
Caviar,0x62C,field_62C,4,
Caviar,0x630,field_630,4,
Caviar,0x634,field_634,4,
Caviar,0x638,field_638,4,
Caviar,0x63C,field_63C,4,
Caviar,0x640,field_640,4,
Caviar,0x644,field_644,4,
Caviar,0x648,field_648,4,
Caviar,0x64C,field_64C,4,
Caviar,0x650,field_650,4,
Caviar,0x654,field_654,4,
Caviar,0x658,field_658,4,
Caviar,0x65C,field_65C,4,
Caviar,0x660,field_660,4,
Caviar,0x664,field_664,4,
Caviar,0x668,field_668,4,
Caviar,0x66C,field_66C,4,
Caviar,0x670,field_670,4,
Caviar,0x674,field_674,4,
Caviar,0x678,field_678,4,
Caviar,0x67C,field_67C,4,
Caviar,0x680,field_680,4,
Caviar,0x684,field_684,4,
Caviar,0x688,field_688,4,
Caviar,0x68C,field_68C,4,
Caviar,0x690,field_690,4,
Caviar,0x694,field_694,4,
Caviar,0x698,field_698,4,
Caviar,0x69C,field_69C,4,
Caviar,0x6A0,field_6A0,4,
Caviar,0x6A4,field_6A4,4,
Caviar,0x6A8,field_6A8,4,
Caviar,0x6AC,field_6AC,4,
Caviar,0x6B0,field_6B0,4,
Caviar,0x6B4,field_6B4,4,
Caviar,0x6B8,field_6B8,4,
Caviar,0x6BC,field_6BC,4,
Caviar,0x6C0,field_6C0,4,
Caviar,0x6C4,field_6C4,4,
Caviar,0x6C8,field_6C8,4,
Caviar,0x6CC,field_6CC,4,
Caviar,0x6D0,field_6D0,4,
Caviar,0x6D4,field_6D4,4,
Caviar,0x6D8,field_6D8,4,
Caviar,0x6DC,field_6DC,4,
Caviar,0x6E0,field_6E0,4,
Caviar,0x6E4,field_6E4,4,
Caviar,0x6E8,field_6E8,4,
Caviar,0x6EC,field_6EC,4,
Caviar,0x6F0,field_6F0,4,
Caviar,0x6F4,field_6F4,4,
Caviar,0x6F8,field_6F8,4,
Caviar,0x6FC,field_6FC,4,
Caviar,0x700,field_700,4,
Caviar,0x704,field_704,4,
Caviar,0x708,field_708,4,
Caviar,0x70C,field_70C,4,
Caviar,0x710,field_710,4,
Caviar,0x714,field_714,4,
Caviar,0x718,field_718,4,
Caviar,0x71C,field_71C,4,
Caviar,0x720,field_720,4,
Caviar,0x724,field_724,4,
Caviar,0x728,field_728,4,
Caviar,0x72C,field_72C,4,
Caviar,0x730,field_730,4,
Caviar,0x734,field_734,4,
Caviar,0x738,field_738,4,
Caviar,0x73C,field_73C,4,
Caviar,0x740,field_740,4,
Caviar,0x744,field_744,4,
Caviar,0x748,field_748,4,
Caviar,0x74C,caviarData,2400,
Caviar,0x10AC,field_10AC,4,
Caviar,0x10B0,field_10B0,4,
Caviar,0x10B4,field_10B4,4,
Caviar,0x10B8,field_10B8,4,
Caviar,0x10BC,field_10BC,4,
Caviar,0x10C0,field_10C0,4,
Caviar,0x10C4,field_10C4,4,
Caviar,0x10C8,field_10C8,4,
Caviar,0x10CC,field_10CC,4,
Caviar,0x10D0,field_10D0,4,
Caviar,0x10D4,field_10D4,4,
Caviar,0x10D8,field_10D8,4,
Caviar,0x10DC,field_10DC,4,
Caviar,0x10E0,field_10E0,4,
Caviar,0x10E4,field_10E4,4,
Caviar,0x10E8,field_10E8,4,
Caviar,0x10EC,field_10EC,4,
Caviar,0x10F0,field_10F0,4,
Caviar,0x10F4,field_10F4,4,
Caviar,0x10F8,field_10F8,4,
Caviar,0x10FC,field_10FC,4,
Caviar,0x1100,field_1100,4,
Caviar,0x1104,field_1104,4,
Caviar,0x1108,field_1108,4,
Caviar,0x110C,field_110C,4,
Caviar,0x1110,field_1110,4,
Caviar,0x1114,field_1114,4,
Caviar,0x1118,field_1118,4,
Caviar,0x111C,field_111C,4,
Caviar,0x1120,field_1120,4,
Caviar,0x1124,field_1124,4,
Caviar,0x1128,field_1128,4,
Caviar,0x112C,field_112C,4,
Caviar,0x1130,field_1130,4,
Caviar,0x1134,field_1134,4,
Caviar,0x1138,field_1138,4,
Caviar,0x113C,field_113C,4,
Caviar,0x1140,field_1140,4,
Caviar,0x1144,field_1144,4,
Caviar,0x1148,field_1148,4,
Caviar,0x114C,field_114C,4,
Caviar,0x1150,field_1150,4,
Caviar,0x1154,field_1154,4,
Caviar,0x1158,field_1158,4,
Caviar,0x115C,field_115C,4,
Caviar,0x1160,field_1160,4,
Caviar,0x1164,field_1164,4,
Caviar,0x1168,field_1168,4,
Caviar,0x116C,field_116C,4,
Caviar,0x1170,field_1170,4,
Caviar,0x1174,field_1174,4,
Caviar,0x1178,field_1178,4,
Caviar,0x117C,field_117C,4,
Caviar,0x1180,field_1180,4,
Caviar,0x1184,field_1184,4,
Caviar,0x1188,field_1188,4,
Caviar,0x118C,field_118C,4,
Caviar,0x1190,field_1190,4,
Caviar,0x1194,field_1194,4,
Caviar,0x1198,field_1198,4,
Caviar,0x119C,field_119C,4,
Caviar,0x11A0,field_11A0,4,
Caviar,0x11A4,field_11A4,4,
Caviar,0x11A8,field_11A8,4,
Caviar,0x11AC,field_11AC,4,
Caviar,0x11B0,field_11B0,4,
Caviar,0x11B4,field_11B4,4,
Caviar,0x11B8,field_11B8,4,
Caviar,0x11BC,field_11BC,4,
Caviar,0x11C0,field_11C0,4,
Caviar,0x11C4,field_11C4,4,
Caviar,0x11C8,field_11C8,4,
Caviar,0x11CC,field_11CC,4,
Caviar,0x11D0,field_11D0,4,
Caviar,0x11D4,field_11D4,4,
Caviar,0x11D8,field_11D8,4,
Caviar,0x11DC,field_11DC,4,
Caviar,0x11E0,field_11E0,4,
Caviar,0x11E4,field_11E4,4,
Caviar,0x11E8,field_11E8,4,
Caviar,0x11EC,field_11EC,4,
Caviar,0x11F0,field_11F0,4,
Caviar,0x11F4,field_11F4,4,
Caviar,0x11F8,field_11F8,4,
Caviar,0x11FC,field_11FC,4,
Caviar,0x1200,field_1200,4,
Caviar,0x1204,field_1204,4,
Caviar,0x1208,field_1208,4,
Caviar,0x120C,field_120C,4,
Caviar,0x1210,field_1210,4,
Caviar,0x1214,field_1214,4,
Caviar,0x1218,field_1218,4,
Caviar,0x121C,field_121C,4,
Caviar,0x1220,field_1220,4,
Caviar,0x1224,field_1224,4,
Caviar,0x1228,field_1228,4,
Caviar,0x122C,field_122C,4,
Caviar,0x1230,field_1230,4,
Caviar,0x1234,field_1234,4,
Caviar,0x1238,field_1238,4,
Caviar,0x123C,field_123C,4,
Caviar,0x1240,field_1240,4,
Caviar,0x1244,field_1244,4,
Caviar,0x1248,field_1248,4,
Caviar,0x124C,field_124C,4,
Caviar,0x1250,field_1250,4,
Caviar,0x1254,field_1254,4,
Caviar,0x1258,field_1258,4,
Caviar,0x125C,field_125C,4,
Caviar,0x1260,field_1260,4,
Caviar,0x1264,field_1264,4,
Caviar,0x1268,field_1268,4,
Caviar,0x126C,field_126C,4,
Caviar,0x1270,field_1270,4,
Caviar,0x1274,field_1274,4,
Caviar,0x1278,field_1278,4,
Caviar,0x127C,field_127C,4,
Caviar,0x1280,field_1280,4,
Caviar,0x1284,field_1284,4,
Caviar,0x1288,field_1288,4,
Caviar,0x128C,field_128C,4,
Caviar,0x1290,field_1290,4,
Caviar,0x1294,field_1294,4,
Caviar,0x1298,field_1298,4,
Caviar,0x129C,field_129C,4,
Caviar,0x12A0,field_12A0,4,
Caviar,0x12A4,field_12A4,4,
Caviar,0x12A8,field_12A8,4,
Caviar,0x12AC,field_12AC,4,
Caviar,0x12B0,field_12B0,4,
Caviar,0x12B4,field_12B4,4,
Caviar,0x12B8,field_12B8,4,
Caviar,0x12BC,field_12BC,4,
Caviar,0x12C0,field_12C0,4,
Caviar,0x12C4,field_12C4,4,
Caviar,0x12C8,field_12C8,4,
Caviar,0x12CC,field_12CC,4,
Caviar,0x12D0,field_12D0,4,
Caviar,0x12D4,field_12D4,4,
Caviar,0x12D8,field_12D8,4,
Caviar,0x12DC,field_12DC,4,
Caviar,0x12E0,field_12E0,4,
Caviar,0x12E4,field_12E4,4,
Caviar,0x12E8,field_12E8,4,
Caviar,0x12EC,field_12EC,4,
Caviar,0x12F0,field_12F0,4,
Caviar,0x12F4,field_12F4,4,
Caviar,0x12F8,field_12F8,4,
Caviar,0x12FC,field_12FC,4,
Caviar,0x1300,field_1300,4,
Caviar,0x1304,field_1304,4,
Caviar,0x1308,field_1308,4,
Caviar,0x130C,field_130C,4,
Caviar,0x1310,field_1310,4,
Caviar,0x1314,field_1314,4,
Caviar,0x1318,field_1318,4,
Caviar,0x131C,field_131C,4,
Caviar,0x1320,field_1320,4,
Caviar,0x1324,field_1324,4,
Caviar,0x1328,field_1328,4,
Caviar,0x132C,field_132C,4,
Caviar,0x1330,field_1330,4,
Caviar,0x1334,field_1334,4,
Caviar,0x1338,field_1338,4,
Caviar,0x133C,field_133C,4,
Caviar,0x1340,field_1340,4,
Caviar,0x1344,field_1344,4,
Caviar,0x1348,field_1348,4,
Caviar,0x134C,field_134C,4,
Caviar,0x1350,field_1350,4,
Caviar,0x1354,field_1354,4,
Caviar,0x1358,field_1358,4,
Caviar,0x135C,field_135C,4,
Caviar,0x1360,field_1360,4,
Caviar,0x1364,field_1364,4,
Caviar,0x1368,field_1368,4,
Caviar,0x136C,field_136C,4,
Caviar,0x1370,field_1370,4,
Caviar,0x1374,field_1374,4,
Caviar,0x1378,field_1378,4,
Caviar,0x137C,field_137C,4,
Caviar,0x1380,field_1380,4,
Caviar,0x1384,field_1384,4,
Caviar,0x1388,field_1388,4,
Caviar,0x138C,field_138C,4,
Caviar,0x1390,field_1390,4,
Caviar,0x1394,field_1394,4,
Caviar,0x1398,field_1398,4,
Caviar,0x139C,field_139C,4,
Caviar,0x13A0,field_13A0,4,
Caviar,0x13A4,field_13A4,4,
Caviar,0x13A8,field_13A8,4,
Caviar,0x13AC,field_13AC,4,
Caviar,0x13B0,field_13B0,4,
Caviar,0x13B4,field_13B4,4,
Caviar,0x13B8,field_13B8,4,
Caviar,0x13BC,field_13BC,4,
Caviar,0x13C0,field_13C0,4,
Caviar,0x13C4,field_13C4,4,
Caviar,0x13C8,field_13C8,4,
Caviar,0x13CC,field_13CC,4,
CaviarData,0x0,field_0,4,
CaviarData,0x4,fileDescriptor,4,
CaviarData,0x8,field_8,4,
CheckBox,0x0,field_0,4,
CheckBox,0x4,field_4,4,
CheckBox,0x8,field_8,4,
CheckBox,0xC,field_C,4,
CheckBox,0x10,field_10,4,
CheckBox,0x14,field_14,4,
CheckBox,0x18,field_18,4,
CheckBox,0x1C,graphicWin,2580,
CheckBox,0xA30,field_A30p,4,
CheckBox,0xA34,dialog,244,
CheckButton,0x0,field_0,2580,
CheckButton,0xA14,field_A14,4,
CheckButton,0xA18,isToggled,4,
CheckButton,0xA1C,field_A1C,4,
CheckButton,0xA20,field_A20,4,
CheckButton,0xA24,field_A24,4,
CheckButton,0xA28,field_A28,4,
Console,0x0,mapWin,137832,
Console,0x21A68,graphicWin,2580,
Console,0x2247C,buffer1,1416,
Console,0x22A04,time,40,
Console,0x22A2C,menu,2916,
Console,0x23590,buffer2,1416,
Console,0x23B18,field_23B18,4,
Console,0x23B1C,field_23B1C,4,
Console,0x23B20,field_23B20,4,
Console,0x23B24,field_23B24,4,
Console,0x23B28,field_23B28,4,
Console,0x23B2C,field_23B2C,4,
Console,0x23B30,field_23B30,4,
Console,0x23B34,field_23B34,4,
Console,0x23B38,field_23B38,4,
Console,0x23B3C,field_23B3C,4,
Console,0x23B40,field_23B40,4,
Console,0x23B44,field_23B44,4,
Console,0x23B48,field_23B48,4,
Console,0x23B4C,field_23B4C,4,
Console,0x23B50,field_23B50,4,
Console,0x23B54,field_23B54,4,
Console,0x23B58,field_23B58,4,
Console,0x23B5C,field_23B5C,4,
Console,0x23B60,field_23B60,4,
Console,0x23B64,field_23B64,4,
Console,0x23B68,field_23B68,4,
Console,0x23B6C,field_23B6C,4,
Console,0x23B70,field_23B70,4,
Console,0x23B74,field_23B74,4,
Console,0x23B78,field_23B78,4,
Console,0x23B7C,field_23B7C,4,
Console,0x23B80,field_23B80,4,
Console,0x23B84,field_23B84,4,
Console,0x23B88,field_23B88,4,
Console,0x23B8C,field_23B8C,4,
Console,0x23B90,field_23B90,4,
Console,0x23B94,field_23B94,4,
Console,0x23B98,field_23B98,4,
Console,0x23B9C,field_23B9C,4,
Console,0x23BA0,field_23BA0,4,
Console,0x23BA4,field_23BA4,4,
Console,0x23BA8,field_23BA8,4,
Console,0x23BAC,field_23BAC,4,
Console,0x23BB0,field_23BB0,4,
Console,0x23BB4,field_23BB4,4,
Console,0x23BB8,field_23BB8,4,
Console,0x23BBC,field_23BBC,4,
Console,0x23BC0,field_23BC0,4,
Console,0x23BC4,field_23BC4,4,
Console,0x23BC8,field_23BC8,4,
Console,0x23BCC,field_23BCC,4,
Console,0x23BD0,field_23BD0,4,
Console,0x23BD4,factionIDCurrentHuman,4,
Console,0x23BD8,field_23BD8,4,
Console,0x23BDC,vehIDCurrent,4,
Console,0x23BE0,field_23BE0,4,
Console,0x23BE4,field_23BE4,4,
Console,0x23BE8,field_23BE8,4,
Console,0x23BEC,field_23BEC,4,
Console,0x23BF0,field_23BF0,4,
Console,0x23BF4,field_23BF4,4,
Console,0x23BF8,field_23BF8,4,
Console,0x23BFC,field_23BFC,4,
Console,0x23C00,field_23C00,4,
Console,0x23C04,field_23C04,4,
Console,0x23C08,field_23C08,4,
Console,0x23C0C,field_23C0C,4,
Console,0x23C10,field_23C10,4,
Console,0x23C14,field_23C14,4,
Console,0x23C18,field_23C18,4,
Console,0x23C1C,field_23C1C,4,
Console,0x23C20,field_23C20,4,
Console,0x23C24,field_23C24,4,
Console,0x23C28,field_23C28,4,
Console,0x23C2C,field_23C2C,4,
Console,0x23C30,field_23C30,4,
Console,0x23C34,field_23C34,4,
Console,0x23C38,field_23C38,4,
Console,0x23C3C,field_23C3C,4,
Console,0x23C40,field_23C40,4,
Console,0x23C44,field_23C44,4,
Console,0x23C48,field_23C48,4,
Console,0x23C4C,field_23C4C,4,
Console,0x23C50,field_23C50,4,
Console,0x23C54,field_23C54,4,
Console,0x23C58,field_23C58,4,
Console,0x23C5C,field_23C5C,4,
Console,0x23C60,field_23C60,4,
Console,0x23C64,field_23C64,4,
Console,0x23C68,field_23C68,4,
Console,0x23C6C,field_23C6C,4,
Console,0x23C70,field_23C70,4,
Console,0x23C74,field_23C74,4,
Console,0x23C78,field_23C78,4,
Console,0x23C7C,field_23C7C,4,
Console,0x23C80,field_23C80,4,
Console,0x23C84,field_23C84,4,
Console,0x23C88,field_23C88,4,
Console,0x23C8C,field_23C8C,4,
Console,0x23C90,field_23C90,4,
Console,0x23C94,field_23C94,4,
Console,0x23C98,field_23C98,4,
Console,0x23C9C,field_23C9C,4,
Console,0x23CA0,field_23CA0,4,
Console,0x23CA4,field_23CA4,4,
Console,0x23CA8,field_23CA8,4,
Console,0x23CAC,field_23CAC,4,
Console,0x23CB0,field_23CB0,4,
Console,0x23CB4,field_23CB4,4,
Console,0x23CB8,field_23CB8,4,
Console,0x23CBC,field_23CBC,4,
Console,0x23CC0,field_23CC0,4,
Console,0x23CC4,field_23CC4,4,
Console,0x23CC8,field_23CC8,4,
Console,0x23CCC,field_23CCC,4,
Console,0x23CD0,field_23CD0,4,
Console,0x23CD4,field_23CD4,4,
Console,0x23CD8,field_23CD8,4,
Console,0x23CDC,field_23CDC,4,
Console,0x23CE0,field_23CE0,4,
Console,0x23CE4,field_23CE4,4,
Console,0x23CE8,field_23CE8,4,
Console,0x23CEC,field_23CEC,4,
Console,0x23CF0,field_23CF0,4,
Console,0x23CF4,field_23CF4,4,
Console,0x23CF8,field_23CF8,4,
Console,0x23CFC,field_23CFC,4,
Console,0x23D00,field_23D00,4,
Console,0x23D04,field_23D04,4,
Console,0x23D08,field_23D08,4,
Console,0x23D0C,field_23D0C,4,
Console,0x23D10,field_23D10,4,
Console,0x23D14,field_23D14,4,
Console,0x23D18,field_23D18,4,
Console,0x23D1C,field_23D1C,4,
Console,0x23D20,field_23D20,4,
Console,0x23D24,field_23D24,4,
Console,0x23D28,sprite1,44,
Console,0x23D54,sprite2,44,
Console,0x23D80,field_23D80,4,
Console,0x23D84,field_23D84,4,
Console,0x23D88,field_23D88,4,
Console,0x23D8C,field_23D8C,4,
Console,0x23D90,graphicWin2,2580,
CouncWin,0x0,graphicWin,2580,
CouncWin,0xA14,subIFace,8,
CouncWin,0xA1C,field_A1C,4,
CouncWin,0xA20,field_A20,4,
CouncWin,0xA24,field_A24,4,
CouncWin,0xA28,field_A28,4,
CouncWin,0xA2C,field_A2C,4,
CouncWin,0xA30,field_A30,4,
CouncWin,0xA34,field_A34,4,
CouncWin,0xA38,field_A38,4,
CouncWin,0xA3C,field_A3C,4,
CouncWin,0xA40,field_A40,4,
CouncWin,0xA44,field_A44,4,
CouncWin,0xA48,spot,12,
CouncWin,0xA54,field_A54,4,
CouncWin,0xA58,field_A58,4,
CouncWin,0xA5C,field_A5C,4,
CouncWin,0xA60,field_A60,4,
CouncWin,0xA64,field_A64,4,
CouncWin,0xA68,field_A68,4,
CouncWin,0xA6C,field_A6C,4,
CouncWin,0xA70,field_A70,4,
CouncWin,0xA74,field_A74,4,
CouncWin,0xA78,field_A78,4,
CouncWin,0xA7C,field_A7C,4,
CouncWin,0xA80,field_A80,4,
CouncWin,0xA84,field_A84,4,
CouncWin,0xA88,field_A88,4,
CouncWin,0xA8C,field_A8C,4,
CouncWin,0xA90,field_A90,4,
CouncWin,0xA94,field_A94,4,
CouncWin,0xA98,field_A98,4,
CouncWin,0xA9C,field_A9C,4,
CouncWin,0xAA0,field_AA0,4,
CouncWin,0xAA4,field_AA4,4,
CouncWin,0xAA8,field_AA8,4,
CouncWin,0xAAC,field_AAC,4,
CouncWin,0xAB0,field_AB0,4,
CouncWin,0xAB4,font1,40,
CouncWin,0xADC,font2,40,
CouncWin,0xB04,font3,40,
CouncWin,0xB2C,font4,40,
CouncWin,0xB54,font5,40,
CouncWin,0xB7C,font6,40,
CouncWin,0xBA4,field_BA4,4,
CouncWin,0xBA8,field_BA8,4,
CouncWin,0xBAC,field_BAC,4,
CouncWin,0xBB0,field_BB0,4,
CouncWin,0xBB4,field_BB4,4,
CouncWin,0xBB8,field_BB8,4,
CouncWin,0xBBC,field_BBC,4,
CouncWin,0xBC0,field_BC0,4,
CouncWin,0xBC4,field_BC4,4,
CouncWin,0xBC8,field_BC8,4,
CouncWin,0xBCC,field_BCC,4,
CouncWin,0xBD0,field_BD0,4,
CouncWin,0xBD4,field_BD4,4,
CouncWin,0xBD8,field_BD8,4,
CouncWin,0xBDC,field_BDC,4,
CouncWin,0xBE0,field_BE0,4,
CouncWin,0xBE4,field_BE4,4,
CouncWin,0xBE8,field_BE8,4,
CouncWin,0xBEC,field_BEC,4,
CouncWin,0xBF0,field_BF0,4,
CouncWin,0xBF4,field_BF4,4,
CouncWin,0xBF8,field_BF8,4,
CouncWin,0xBFC,field_BFC,4,
CouncWin,0xC00,field_C00,4,
CouncWin,0xC04,field_C04,4,
CouncWin,0xC08,field_C08,4,
CouncWin,0xC0C,field_C0C,4,
CouncWin,0xC10,field_C10,4,
CouncWin,0xC14,field_C14,4,
CouncWin,0xC18,field_C18,4,
CouncWin,0xC1C,field_C1C,4,
CouncWin,0xC20,field_C20,4,
CouncWin,0xC24,field_C24,4,
CouncWin,0xC28,field_C28,4,
CouncWin,0xC2C,field_C2C,4,
CouncWin,0xC30,field_C30,4,
CouncWin,0xC34,field_C34,4,
CouncWin,0xC38,field_C38,4,
CouncWin,0xC3C,field_C3C,4,
CouncWin,0xC40,field_C40,4,
CouncWin,0xC44,field_C44,4,
CouncWin,0xC48,field_C48,4,
CouncWin,0xC4C,field_C4C,4,
CouncWin,0xC50,field_C50,4,
CouncWin,0xC54,field_C54,4,
CouncWin,0xC58,field_C58,4,
CouncWin,0xC5C,field_C5C,4,
CouncWin,0xC60,field_C60,4,
CouncWin,0xC64,field_C64,4,
CouncWin,0xC68,field_C68,4,
CouncWin,0xC6C,field_C6C,4,
CouncWin,0xC70,field_C70,4,
CouncWin,0xC74,field_C74,4,
CouncWin,0xC78,field_C78,4,
CouncWin,0xC7C,field_C7C,4,
CouncWin,0xC80,field_C80,4,
CouncWin,0xC84,field_C84,4,
CouncWin,0xC88,field_C88,4,
CouncWin,0xC8C,field_C8C,4,
CouncWin,0xC90,field_C90,4,
CouncWin,0xC94,field_C94,4,
CouncWin,0xC98,field_C98,4,
CouncWin,0xC9C,field_C9C,4,
CouncWin,0xCA0,field_CA0,4,
CouncWin,0xCA4,field_CA4,4,
CouncWin,0xCA8,field_CA8,4,
CouncWin,0xCAC,field_CAC,4,
CouncWin,0xCB0,field_CB0,4,
CouncWin,0xCB4,field_CB4,4,
CouncWin,0xCB8,field_CB8,4,
CouncWin,0xCBC,field_CBC,4,
CouncWin,0xCC0,field_CC0,4,
CouncWin,0xCC4,field_CC4,4,
CouncWin,0xCC8,field_CC8,4,
CouncWin,0xCCC,field_CCC,4,
CouncWin,0xCD0,field_CD0,4,
CouncWin,0xCD4,field_CD4,4,
CouncWin,0xCD8,field_CD8,4,
CouncWin,0xCDC,field_CDC,4,
CouncWin,0xCE0,field_CE0,4,
CouncWin,0xCE4,field_CE4,4,
CouncWin,0xCE8,field_CE8,4,
CouncWin,0xCEC,field_CEC,4,
CouncWin,0xCF0,field_CF0,4,
CouncWin,0xCF4,field_CF4,4,
CouncWin,0xCF8,field_CF8,4,
CouncWin,0xCFC,field_CFC,4,
CouncWin,0xD00,field_D00,4,
CouncWin,0xD04,field_D04,4,
CouncWin,0xD08,field_D08,4,
CouncWin,0xD0C,field_D0C,4,
CouncWin,0xD10,field_D10,4,
CouncWin,0xD14,field_D14,4,
CouncWin,0xD18,field_D18,4,
CouncWin,0xD1C,field_D1C,4,
CouncWin,0xD20,field_D20,4,
CouncWin,0xD24,field_D24,4,
CouncWin,0xD28,field_D28,4,
CouncWin,0xD2C,field_D2C,4,
CouncWin,0xD30,field_D30,4,
CouncWin,0xD34,field_D34,4,
CouncWin,0xD38,field_D38,4,
CouncWin,0xD3C,field_D3C,4,
CouncWin,0xD40,field_D40,4,
CouncWin,0xD44,field_D44,4,
CouncWin,0xD48,field_D48,4,
CouncWin,0xD4C,field_D4C,4,
CouncWin,0xD50,field_D50,4,
CouncWin,0xD54,field_D54,4,
CouncWin,0xD58,field_D58,4,
CouncWin,0xD5C,field_D5C,4,
CouncWin,0xD60,field_D60,4,
CouncWin,0xD64,field_D64,4,
CouncWin,0xD68,field_D68,4,
CouncWin,0xD6C,field_D6C,4,
CouncWin,0xD70,field_D70,4,
CouncWin,0xD74,field_D74,4,
CouncWin,0xD78,field_D78,4,
CouncWin,0xD7C,field_D7C,4,
CouncWin,0xD80,field_D80,4,
CouncWin,0xD84,field_D84,4,
CouncWin,0xD88,field_D88,4,
CouncWin,0xD8C,field_D8C,4,
CouncWin,0xD90,field_D90,4,
CouncWin,0xD94,flatButton1,2892,
CouncWin,0x18E0,flatButton2,2892,
CouncWin,0x242C,flatButton3,2892,
CouncWin,0x2F78,flatButton4,2892,
CouncWin,0x3AC4,flatButton5,2892,
CouncWin,0x4610,flatButton6,2892,
Credits,0x0,graphicWin1,2580,
Credits,0xA14,field_A14,4,
Credits,0xA18,field_A18,4,
Credits,0xA1C,field_A1C,2048,
Credits,0x121C,field_121C,4,
Credits,0x1220,field_1220,4,
Credits,0x1224,field_1224,4,
Credits,0x1228,field_1228,4,
Credits,0x122C,field_122c,4,
Credits,0x1230,field_1230,4,
Credits,0x1234,graphicWin2,2580,
Credits,0x1C48,font,40,
Credits,0x1C70,buffer,1416,
Credits,0x21F8,flatButton,2892,
Credits,0x2D44,time,40,
Datalink,0x0,graphicWin1,2580,
Datalink,0xA14,subIFace,8,
Datalink,0xA1C,field_A1C,4,
Datalink,0xA20,field_A20,4,
Datalink,0xA24,flic,2788,
Datalink,0x1508,field_1508,4,
Datalink,0x150C,caviar,5072,
Datalink,0x28DC,field_28DC,4,
Datalink,0x28E0,field_28E0,4,
Datalink,0x28E4,field_28E4,4,
Datalink,0x28E8,field_28E8,4,
Datalink,0x28EC,field_28EC,4,
Datalink,0x28F0,field_28F0,4,
Datalink,0x28F4,field_28F4,4,
Datalink,0x28F8,field_28F8,4,
Datalink,0x28FC,field_28FC,4,
Datalink,0x2900,field_2900,4,
Datalink,0x2904,field_2904,4,
Datalink,0x2908,field_2908,4,
Datalink,0x290C,field_290C,4,
Datalink,0x2910,field_2910,4,
Datalink,0x2914,field_2914,4,
Datalink,0x2918,field_2918,4,
Datalink,0x291C,field_291C,4,
Datalink,0x2920,field_2920,4,
Datalink,0x2924,field_2924,4,
Datalink,0x2928,field_2928,4,
Datalink,0x292C,field_292C,4,
Datalink,0x2930,field_2930,4,
Datalink,0x2934,field_2934,4,
Datalink,0x2938,field_2938,4,
Datalink,0x293C,field_293C,4,
Datalink,0x2940,field_2940,4,
Datalink,0x2944,field_2944,4,
Datalink,0x2948,field_2948,4,
Datalink,0x294C,field_294C,4,
Datalink,0x2950,field_2950,4,
Datalink,0x2954,field_2954,4,
Datalink,0x2958,field_2958,4,
Datalink,0x295C,field_295C,4,
Datalink,0x2960,field_2960,4,
Datalink,0x2964,field_2964,4,
Datalink,0x2968,field_2968,4,
Datalink,0x296C,field_296C,4,
Datalink,0x2970,field_2970,4,
Datalink,0x2974,field_2974,4,
Datalink,0x2978,field_2978,4,
Datalink,0x297C,field_297C,4,
Datalink,0x2980,field_2980,4,
Datalink,0x2984,field_2984,4,
Datalink,0x2988,field_2988,4,
Datalink,0x298C,field_298C,4,
Datalink,0x2990,field_2990,4,
Datalink,0x2994,field_2994,4,
Datalink,0x2998,field_2998,4,
Datalink,0x299C,field_299C,4,
Datalink,0x29A0,field_29A0,4,
Datalink,0x29A4,field_29A4,4,
Datalink,0x29A8,field_29A8,4,
Datalink,0x29AC,field_29AC,4,
Datalink,0x29B0,field_29B0,4,
Datalink,0x29B4,field_29B4,4,
Datalink,0x29B8,field_29B8,4,
Datalink,0x29BC,field_29BC,4,
Datalink,0x29C0,field_29C0,4,
Datalink,0x29C4,field_29C4,4,
Datalink,0x29C8,field_29C8,4,
Datalink,0x29CC,field_29CC,4,
Datalink,0x29D0,field_29D0,4,
Datalink,0x29D4,field_29D4,4,
Datalink,0x29D8,field_29D8,4,
Datalink,0x29DC,field_29DC,4,
Datalink,0x29E0,facilityID,4,
Datalink,0x29E4,field_29E4,4,
Datalink,0x29E8,field_29E8,4,
Datalink,0x29EC,field_29EC,4,
Datalink,0x29F0,field_29F0,4,
Datalink,0x29F4,field_29F4,4,
Datalink,0x29F8,field_29F8,4,
Datalink,0x29FC,field_29FC,4,
Datalink,0x2A00,field_2A00,4,
Datalink,0x2A04,field_2A04,4,
Datalink,0x2A08,field_2A08,4,
Datalink,0x2A0C,field_2A0C,4,
Datalink,0x2A10,field_2A10,4,
Datalink,0x2A14,field_2A14,4,
Datalink,0x2A18,field_2A18,4,
Datalink,0x2A1C,field_2A1C,4,
Datalink,0x2A20,field_2A20,4,
Datalink,0x2A24,field_2A24,4,
Datalink,0x2A28,field_2A28,4,
Datalink,0x2A2C,field_2A2C,4,
Datalink,0x2A30,field_2A30,4,
Datalink,0x2A34,field_2A34,4,
Datalink,0x2A38,field_2A38,4,
Datalink,0x2A3C,flatButton1,2892,
Datalink,0x3588,flatButton2,2892,
Datalink,0x40D4,flatButton3,2892,
Datalink,0x4C20,flatButton4,2892,
Datalink,0x576C,flatButton5,2892,
Datalink,0x62B8,flatButton6,2892,
Datalink,0x6E04,flatButton7,2892,
Datalink,0x7950,flatButton8,2892,
Datalink,0x849C,flatButton9,2892,
Datalink,0x8FE8,flatButton10,2892,
Datalink,0x9B34,flatButton11,2892,
Datalink,0xA680,flatButton12,2892,
Datalink,0xB1CC,flatButton13,2892,
Datalink,0xBD18,flatButton14,2892,
Datalink,0xC864,flatButton15,2892,
Datalink,0xD3B0,flatButton16,2892,
Datalink,0xDEFC,flatButton17,2892,
Datalink,0xEA48,flatButton18,2892,
Datalink,0xF594,buttonGroup,148,
Datalink,0xF628,listBox,2900,
Datalink,0x1017C,font1,40,
Datalink,0x101A4,font2,40,
Datalink,0x101CC,font3,40,
Datalink,0x101F4,font4,40,
Datalink,0x1021C,font5,40,
Datalink,0x10244,font6,40,
Datalink,0x1026C,font7,40,
Datalink,0x10294,font8,40,
Datalink,0x102BC,font9,40,
Datalink,0x102E4,font10,40,
Datalink,0x1030C,font11,40,
Datalink,0x10334,field_10334,4,
Datalink,0x10338,field_10338,4,
Datalink,0x1033C,field_1033C,4,
Datalink,0x10340,field_10340,4,
Datalink,0x10344,field_10344,4,
Datalink,0x10348,field_10348,4,
Datalink,0x1034C,field_1034C,4,
Datalink,0x10350,field_10350,4,
Datalink,0x10354,field_10354,4,
Datalink,0x10358,field_10358,4,
Datalink,0x1035C,field_1035C,4,
Datalink,0x10360,field_10360,4,
Datalink,0x10364,rect1,16,
Datalink,0x10374,rect7,16,
Datalink,0x10384,rect3,16,
Datalink,0x10394,rect4,16,
Datalink,0x103A4,rect5,16,
Datalink,0x103B4,rect6,16,
Datalink,0x103C4,field_103C4,4,
Datalink,0x103C8,field_103C8,4,
Datalink,0x103CC,field_103CC,4,
Datalink,0x103D0,field_103D0,4,
Datalink,0x103D4,rect2,16,
Datalink,0x103E4,rect8,16,
Datalink,0x103F4,field_103F4,4,
Datalink,0x103F8,field_103F8,4,
Datalink,0x103FC,field_103FC,4,
Datalink,0x10400,field_10400,4,
Datalink,0x10404,field_10404,4,
Datalink,0x10408,field_10408,4,
Datalink,0x1040C,field_1040C,4,
Datalink,0x10410,field_10410,4,
Datalink,0x10414,field_10414,4,
Datalink,0x10418,field_10418,4,
Datalink,0x1041C,field_1041C,4,
Datalink,0x10420,field_10420,4,
Datalink,0x10424,field_10424,4,
Datalink,0x10428,field_10428,4,
Datalink,0x1042C,field_1042C,4,
Datalink,0x10430,field_10430,4,
Datalink,0x10434,field_10434,4,
Datalink,0x10438,field_10438,4,
Datalink,0x1043C,field_1043C,4,
Datalink,0x10440,field_10440,4,
Datalink,0x10444,field_10444,4,
Datalink,0x10448,field_10448,4,
Datalink,0x1044C,field_1044C,4,
Datalink,0x10450,field_10450,4,
Datalink,0x10454,field_10454,4,
Datalink,0x10458,field_10458,4,
Datalink,0x1045C,field_1045C,4,
Datalink,0x10460,field_10460,4,
Datalink,0x10464,field_10464,4,
Datalink,0x10468,field_10468,4,
Datalink,0x1046C,field_1046C,4,
Datalink,0x10470,field_10470,4,
Datalink,0x10474,field_10474,4,
Datalink,0x10478,field_10478,4,
Datalink,0x1047C,field_1047C,4,
Datalink,0x10480,field_10480,4,
Datalink,0x10484,field_10484,4,
Datalink,0x10488,field_10488,4,
Datalink,0x1048C,field_1048C,4,
Datalink,0x10490,field_10490,4,
Datalink,0x10494,field_10494,4,
Datalink,0x10498,field_10498,4,
Datalink,0x1049C,field_1049C,4,
Datalink,0x104A0,field_104A0,4,
Datalink,0x104A4,field_104A4,4,
Datalink,0x104A8,field_104A8,4,
Datalink,0x104AC,field_104AC,4,
Datalink,0x104B0,field_104B0,4,
Datalink,0x104B4,field_104B4,4,
Datalink,0x104B8,field_104B8,4,
Datalink,0x104BC,field_104BC,4,
Datalink,0x104C0,field_104C0,4,
Datalink,0x104C4,field_104C4,4,
Datalink,0x104C8,field_104C8,4,
Datalink,0x104CC,field_104CC,4,
Datalink,0x104D0,field_104D0,4,
Datalink,0x104D4,field_104D4,4,
Datalink,0x104D8,field_104D8,4,
Datalink,0x104DC,field_104DC,4,
Datalink,0x104E0,field_104E0,4,
Datalink,0x104E4,field_104E4,4,
Datalink,0x104E8,field_104E8,4,
Datalink,0x104EC,field_104EC,4,
Datalink,0x104F0,field_104F0,4,
Datalink,0x104F4,field_104F4,4,
Datalink,0x104F8,field_104F8,4,
Datalink,0x104FC,field_104FC,4,
Datalink,0x10500,field_10500,4,
Datalink,0x10504,field_10504,4,
Datalink,0x10508,field_10508,4,
Datalink,0x1050C,field_1050C,4,
Datalink,0x10510,field_10510,4,
Datalink,0x10514,stringBox1,11168,
Datalink,0x130B4,stringBox2,11168,
Datalink,0x15C54,stringBox3,11168,
Datalink,0x187F4,stringBox4,11168,
DeletionList,0x0,field_0,4,
DeletionList,0x4,field_4,4,
DeletionList,0x8,field_8,4,
DeletionList,0xC,field_C,4,
DeletionList,0x10,field_10,4,
DeletionList,0x14,field_14,4,
DeletionList,0x18,field_18,4,
DeletionList,0x1C,field_1C,4,
DeletionList,0x20,field_20,4,
DeletionList,0x24,field_24,4,
DeletionList,0x28,field_28,4,
DeletionList,0x2C,field_2C,4,
DeletionList,0x30,field_30,4,
DeletionList,0x34,field_34,4,
DeletionList,0x38,field_38,4,
DeletionList,0x3C,field_3C,4,
DeletionList,0x40,field_40,4,
DeletionList,0x44,field_44,4,
DeletionList,0x48,field_48,4,
DeletionList,0x4C,field_4C,4,
DeletionList,0x50,field_50,4,
DeletionList,0x54,field_54,4,
DeletionList,0x58,field_58,4,
DeletionList,0x5C,field_5C,4,
DeletionList,0x60,field_60,4,
DeletionList,0x64,field_64,4,
DeletionList,0x68,field_68,4,
DeletionList,0x6C,field_6C,4,
DeletionList,0x70,field_70,4,
DeletionList,0x74,field_74,4,
DeletionList,0x78,field_78,4,
DeletionList,0x7C,field_7C,4,
DeletionList,0x80,field_80,4,
DeletionList,0x84,field_84,4,
DeletionList,0x88,field_88,4,
DeletionList,0x8C,field_8C,4,
DeletionList,0x90,field_90,4,
DeletionList,0x94,field_94,4,
DeletionList,0x98,field_98,4,
DeletionList,0x9C,field_9C,4,
DeletionList,0xA0,field_A0,4,
DeletionList,0xA4,field_A4,4,
DeletionList,0xA8,field_A8,4,
DeletionList,0xAC,field_AC,4,
DeletionList,0xB0,field_B0,4,
DeletionList,0xB4,field_B4,4,
DeletionList,0xB8,field_B8,4,
DeletionList,0xBC,field_BC,4,
DeletionList,0xC0,field_C0,4,
DeletionList,0xC4,field_C4,4,
DeletionList,0xC8,field_C8,4,
DeletionList,0xCC,field_CC,4,
DeletionList,0xD0,field_D0,4,
DeletionList,0xD4,field_D4,4,
DeletionList,0xD8,field_D8,4,
DeletionList,0xDC,field_DC,4,
DeletionList,0xE0,field_E0,4,
DeletionList,0xE4,field_E4,4,
DeletionList,0xE8,field_E8,4,
DeletionList,0xEC,field_EC,4,
DeletionList,0xF0,field_F0,4,
DeletionList,0xF4,field_F4,4,
DeletionList,0xF8,field_F8,4,
DeletionList,0xFC,field_FC,4,
DeletionList,0x100,field_100,4,
DeletionList,0x104,field_104,4,
DeletionList,0x108,field_108,4,
DeletionList,0x10C,field_10C,4,
DeletionList,0x110,field_110,4,
DeletionList,0x114,field_114,4,
DeletionList,0x118,field_118,4,
DeletionList,0x11C,field_11C,4,
DeletionList,0x120,field_120,4,
DeletionList,0x124,field_124,4,
DeletionList,0x128,field_128,4,
DeletionList,0x12C,field_12C,4,
DeletionList,0x130,field_130,4,
DeletionList,0x134,field_134,4,
DeletionList,0x138,field_138,4,
DeletionList,0x13C,field_13C,4,
DeletionList,0x140,field_140,4,
DeletionList,0x144,field_144,4,
DeletionList,0x148,field_148,4,
DeletionList,0x14C,field_14C,4,
DeletionList,0x150,field_150,4,
DeletionList,0x154,field_154,4,
DeletionList,0x158,field_158,4,
DeletionList,0x15C,field_15C,4,
DeletionList,0x160,field_160,4,
DeletionList,0x164,field_164,4,
DeletionList,0x168,field_168,4,
DeletionList,0x16C,field_16C,4,
DeletionList,0x170,field_170,4,
DeletionList,0x174,field_174,4,
DeletionList,0x178,field_178,4,
DeletionList,0x17C,field_17C,4,
DeletionList,0x180,field_180,4,
DeletionList,0x184,field_184,4,
DeletionList,0x188,field_188,4,
DeletionList,0x18C,field_18C,4,
DeletionList,0x190,field_190,4,
DeletionList,0x194,field_194,4,
DeletionList,0x198,field_198,4,
DeletionList,0x19C,field_19C,4,
DeletionList,0x1A0,field_1A0,4,
DeletionList,0x1A4,field_1A4,4,
DeletionList,0x1A8,field_1A8,4,
DeletionList,0x1AC,field_1AC,4,
DeletionList,0x1B0,field_1B0,4,
DeletionList,0x1B4,field_1B4,4,
DeletionList,0x1B8,field_1B8,4,
DeletionList,0x1BC,field_1BC,4,
DeletionList,0x1C0,field_1C0,4,
DeletionList,0x1C4,field_1C4,4,
DeletionList,0x1C8,field_1C8,4,
DeletionList,0x1CC,field_1CC,4,
DeletionList,0x1D0,field_1D0,4,
DeletionList,0x1D4,field_1D4,4,
DeletionList,0x1D8,field_1D8,4,
DeletionList,0x1DC,field_1DC,4,
DeletionList,0x1E0,field_1E0,4,
DeletionList,0x1E4,field_1E4,4,
DeletionList,0x1E8,field_1E8,4,
DeletionList,0x1EC,field_1EC,4,
DeletionList,0x1F0,field_1F0,4,
DeletionList,0x1F4,field_1F4,4,
DeletionList,0x1F8,field_1F8,4,
DeletionList,0x1FC,field_1FC,4,
DeletionList,0x200,field_200,4,
DeletionList,0x204,field_204,4,
DeletionList,0x208,field_208,4,
DeletionList,0x20C,field_20C,4,
DeletionList,0x210,field_210,4,
DeletionList,0x214,field_214,4,
DeletionList,0x218,field_218,4,
DeletionList,0x21C,field_21C,4,
DeletionList,0x220,field_220,4,
DeletionList,0x224,field_224,4,
DeletionList,0x228,field_228,4,
DeletionList,0x22C,field_22C,4,
DeletionList,0x230,field_230,4,
DeletionList,0x234,field_234,4,
DeletionList,0x238,field_238,4,
DeletionList,0x23C,field_23C,4,
DeletionList,0x240,field_240,4,
DeletionList,0x244,field_244,4,
DeletionList,0x248,field_248,4,
DeletionList,0x24C,field_24C,4,
DeletionList,0x250,field_250,4,
DeletionList,0x254,field_254,4,
DeletionList,0x258,field_258,4,
DeletionList,0x25C,field_25C,4,
DeletionList,0x260,field_260,4,
DeletionList,0x264,field_264,4,
DeletionList,0x268,field_268,4,
DeletionList,0x26C,field_26C,4,
DeletionList,0x270,field_270,4,
DeletionList,0x274,field_274,4,
DeletionList,0x278,field_278,4,
DeletionList,0x27C,field_27C,4,
DeletionList,0x280,field_280,4,
DeletionList,0x284,field_284,4,
DeletionList,0x288,field_288,4,
DeletionList,0x28C,field_28C,4,
DeletionList,0x290,field_290,4,
DeletionList,0x294,field_294,4,
DeletionList,0x298,field_298,4,
DeletionList,0x29C,field_29C,4,
DeletionList,0x2A0,field_2A0,4,
DeletionList,0x2A4,field_2A4,4,
DeletionList,0x2A8,field_2A8,4,
DeletionList,0x2AC,field_2AC,4,
DeletionList,0x2B0,field_2B0,4,
DeletionList,0x2B4,field_2B4,4,
DeletionList,0x2B8,field_2B8,4,
DeletionList,0x2BC,field_2BC,4,
DeletionList,0x2C0,field_2C0,4,
DeletionList,0x2C4,field_2C4,4,
DeletionList,0x2C8,field_2C8,4,
DeletionList,0x2CC,field_2CC,4,
DeletionList,0x2D0,field_2D0,4,
DeletionList,0x2D4,field_2D4,4,
DeletionList,0x2D8,field_2D8,4,
DeletionList,0x2DC,field_2DC,4,
DeletionList,0x2E0,field_2E0,4,
DeletionList,0x2E4,field_2E4,4,
DeletionList,0x2E8,field_2E8,4,
DeletionList,0x2EC,field_2EC,4,
DeletionList,0x2F0,field_2F0,4,
DeletionList,0x2F4,field_2F4,4,
DeletionList,0x2F8,field_2F8,4,
DeletionList,0x2FC,field_2FC,4,
DeletionList,0x300,field_300,4,
DeletionList,0x304,field_304,4,
DeletionList,0x308,field_308,4,
DeletionList,0x30C,field_30C,4,
DeletionList,0x310,field_310,4,
DeletionList,0x314,field_314,4,
DeletionList,0x318,field_318,4,
DeletionList,0x31C,field_31C,4,
DeletionList,0x320,field_320,4,
DeletionList,0x324,field_324,4,
DeletionList,0x328,field_328,4,
DeletionList,0x32C,field_32C,4,
DeletionList,0x330,field_330,4,
DeletionList,0x334,field_334,4,
DeletionList,0x338,field_338,4,
DeletionList,0x33C,field_33C,4,
DeletionList,0x340,field_340,4,
DeletionList,0x344,field_344,4,
DeletionList,0x348,field_348,4,
DeletionList,0x34C,field_34C,4,
DeletionList,0x350,field_350,4,
DeletionList,0x354,field_354,4,
DeletionList,0x358,field_358,4,
DeletionList,0x35C,field_35C,4,
DeletionList,0x360,field_360,4,
DeletionList,0x364,field_364,4,
DeletionList,0x368,field_368,4,
DeletionList,0x36C,field_36C,4,
DeletionList,0x370,field_370,4,
DeletionList,0x374,field_374,4,
DeletionList,0x378,field_378,4,
DeletionList,0x37C,field_37C,4,
DeletionList,0x380,field_380,4,
DeletionList,0x384,field_384,4,
DeletionList,0x388,field_388,4,
DeletionList,0x38C,field_38C,4,
DeletionList,0x390,field_390,4,
DeletionList,0x394,field_394,4,
DeletionList,0x398,field_398,4,
DeletionList,0x39C,field_39C,4,
DeletionList,0x3A0,field_3A0,4,
DeletionList,0x3A4,field_3A4,4,
DeletionList,0x3A8,field_3A8,4,
DeletionList,0x3AC,field_3AC,4,
DeletionList,0x3B0,field_3B0,4,
DeletionList,0x3B4,field_3B4,4,
DeletionList,0x3B8,field_3B8,4,
DeletionList,0x3BC,field_3BC,4,
DeletionList,0x3C0,field_3C0,4,
DeletionList,0x3C4,field_3C4,4,
DeletionList,0x3C8,field_3C8,4,
DeletionList,0x3CC,field_3CC,4,
DeletionList,0x3D0,field_3D0,4,
DeletionList,0x3D4,field_3D4,4,
DeletionList,0x3D8,field_3D8,4,
DeletionList,0x3DC,field_3DC,4,
DeletionList,0x3E0,field_3E0,4,
DeletionList,0x3E4,field_3E4,4,
DeletionList,0x3E8,field_3E8,4,
DeletionList,0x3EC,field_3EC,4,
DeletionList,0x3F0,field_3F0,4,
DeletionList,0x3F4,field_3F4,4,
DeletionList,0x3F8,field_3F8,4,
DeletionList,0x3FC,field_3FC,4,
DeletionList,0x400,field_400,4,
DeletionList,0x404,field_404,4,
DeletionList,0x408,field_408,4,
DeletionList,0x40C,field_40C,4,
DeletionList,0x410,field_410,4,
DeletionList,0x414,field_414,4,
DeletionList,0x418,field_418,4,
DeletionList,0x41C,field_41C,4,
DeletionList,0x420,field_420,4,
DeletionList,0x424,field_424,4,
DeletionList,0x428,field_428,4,
DeletionList,0x42C,field_42C,4,
DeletionList,0x430,field_430,4,
DeletionList,0x434,field_434,4,
DeletionList,0x438,field_438,4,
DeletionList,0x43C,field_43C,4,
DeletionList,0x440,field_440,4,
DeletionList,0x444,field_444,4,
DeletionList,0x448,field_448,4,
DeletionList,0x44C,field_44C,4,
DeletionList,0x450,field_450,4,
DeletionList,0x454,field_454,4,
DeletionList,0x458,field_458,4,
DeletionList,0x45C,field_45C,4,
DeletionList,0x460,field_460,4,
DeletionList,0x464,field_464,4,
DeletionList,0x468,field_468,4,
DeletionList,0x46C,field_46C,4,
DeletionList,0x470,field_470,4,
DeletionList,0x474,field_474,4,
DeletionList,0x478,field_478,4,
DeletionList,0x47C,field_47C,4,
DeletionList,0x480,field_480,4,
DeletionList,0x484,field_484,4,
DeletionList,0x488,field_488,4,
DeletionList,0x48C,field_48C,4,
DeletionList,0x490,field_490,4,
DeletionList,0x494,field_494,4,
DeletionList,0x498,field_498,4,
DeletionList,0x49C,field_49C,4,
DeletionList,0x4A0,field_4A0,4,
DeletionList,0x4A4,field_4A4,4,
DeletionList,0x4A8,field_4A8,4,
DeletionList,0x4AC,field_4AC,4,
DeletionList,0x4B0,field_4B0,4,
DeletionList,0x4B4,field_4B4,4,
DeletionList,0x4B8,field_4B8,4,
DeletionList,0x4BC,field_4BC,4,
DeletionList,0x4C0,field_4C0,4,
DeletionList,0x4C4,field_4C4,4,
DeletionList,0x4C8,field_4C8,4,
DeletionList,0x4CC,field_4CC,4,
DeletionList,0x4D0,field_4D0,4,
DeletionList,0x4D4,field_4D4,4,
DeletionList,0x4D8,field_4D8,4,
DeletionList,0x4DC,field_4DC,4,
DeletionList,0x4E0,field_4E0,4,
DeletionList,0x4E4,field_4E4,4,
DeletionList,0x4E8,field_4E8,4,
DeletionList,0x4EC,field_4EC,4,
DeletionList,0x4F0,field_4F0,4,
DeletionList,0x4F4,field_4F4,4,
DeletionList,0x4F8,field_4F8,4,
DeletionList,0x4FC,field_4FC,4,
DeletionList,0x500,field_500,4,
DeletionList,0x504,field_504,4,
DeletionList,0x508,field_508,4,
DeletionList,0x50C,field_50C,4,
DeletionList,0x510,field_510,4,
DeletionList,0x514,field_514,4,
DeletionList,0x518,field_518,4,
DeletionList,0x51C,field_51C,4,
DeletionList,0x520,field_520,4,
DeletionList,0x524,field_524,4,
DeletionList,0x528,field_528,4,
DeletionList,0x52C,field_52C,4,
DeletionList,0x530,field_530,4,
DeletionList,0x534,field_534,4,
DeletionList,0x538,field_538,4,
DeletionList,0x53C,field_53C,4,
DeletionList,0x540,field_540,4,
DeletionList,0x544,field_544,4,
DeletionList,0x548,field_548,4,
DeletionList,0x54C,field_54C,4,
DeletionList,0x550,field_550,4,
DeletionList,0x554,field_554,4,
DeletionList,0x558,field_558,4,
DeletionList,0x55C,field_55C,4,
DeletionList,0x560,field_560,4,
DeletionList,0x564,field_564,4,
DeletionList,0x568,field_568,4,
DeletionList,0x56C,field_56C,4,
DeletionList,0x570,field_570,4,
DeletionList,0x574,field_574,4,
DeletionList,0x578,field_578,4,
DeletionList,0x57C,field_57C,4,
DeletionList,0x580,field_580,4,
DeletionList,0x584,field_584,4,
DeletionList,0x588,field_588,4,
DeletionList,0x58C,field_58C,4,
DeletionList,0x590,field_590,4,
DeletionList,0x594,field_594,4,
DeletionList,0x598,field_598,4,
DeletionList,0x59C,field_59C,4,
DeletionList,0x5A0,field_5A0,4,
DesignWin,0x0,graphicWin,2580,
DesignWin,0xA14,subIFace,8,
DesignWin,0xA1C,field_A1C,4,
DesignWin,0xA20,field_A20,4,
DesignWin,0xA24,field_A24,4,
DesignWin,0xA28,field_A28,4,
DesignWin,0xA2C,field_A2C,4,
DesignWin,0xA30,field_A30,4,
DesignWin,0xA34,field_A34,4,
DesignWin,0xA38,field_A38,4,
DesignWin,0xA3C,field_A3C,4,
DesignWin,0xA40,field_A40,4,
DesignWin,0xA44,field_A44,4,
DesignWin,0xA48,field_A48,4,
DesignWin,0xA4C,field_A4C,4,
DesignWin,0xA50,field_A50,4,
DesignWin,0xA54,field_A54,4,
DesignWin,0xA58,field_A58,4,
DesignWin,0xA5C,field_A5C,4,
DesignWin,0xA60,field_A60,4,
DesignWin,0xA64,field_A64,4,
DesignWin,0xA68,field_A68,4,
DesignWin,0xA6C,field_A6C,4,
DesignWin,0xA70,field_A70,4,
DesignWin,0xA74,field_A74,4,
DesignWin,0xA78,field_A78,4,
DesignWin,0xA7C,field_A7C,4,
DesignWin,0xA80,field_A80,4,
DesignWin,0xA84,field_A84,4,
DesignWin,0xA88,field_A88,4,
DesignWin,0xA8C,field_A8C,4,
DesignWin,0xA90,field_A90,4,
DesignWin,0xA94,field_A94,4,
DesignWin,0xA98,field_A98,4,
DesignWin,0xA9C,field_A9C,4,
DesignWin,0xAA0,field_AA0,4,
DesignWin,0xAA4,field_AA4,4,
DesignWin,0xAA8,field_AA8,4,
DesignWin,0xAAC,field_AAC,4,
DesignWin,0xAB0,field_AB0,4,
DesignWin,0xAB4,field_AB4,4,
DesignWin,0xAB8,field_AB8,4,
DesignWin,0xABC,field_ABC,4,
DesignWin,0xAC0,field_AC0,4,
DesignWin,0xAC4,field_AC4,4,
DesignWin,0xAC8,field_AC8,4,
DesignWin,0xACC,field_ACC,4,
DesignWin,0xAD0,field_AD0,4,
DesignWin,0xAD4,field_AD4,4,
DesignWin,0xAD8,field_AD8,4,
DesignWin,0xADC,field_ADC,4,
DesignWin,0xAE0,field_AE0,4,
DesignWin,0xAE4,field_AE4,4,
DesignWin,0xAE8,field_AE8,4,
DesignWin,0xAEC,field_AEC,4,
DesignWin,0xAF0,field_AF0,4,
DesignWin,0xAF4,field_AF4,4,
DesignWin,0xAF8,field_AF8,4,
DesignWin,0xAFC,field_AFC,4,
DesignWin,0xB00,field_B00,4,
DesignWin,0xB04,field_B04,4,
DesignWin,0xB08,field_B08,4,
DesignWin,0xB0C,field_B0C,4,
DesignWin,0xB10,field_B10,4,
DesignWin,0xB14,field_B14,4,
DesignWin,0xB18,field_B18,4,
DesignWin,0xB1C,field_B1C,4,
DesignWin,0xB20,field_B20,4,
DesignWin,0xB24,field_B24,4,
DesignWin,0xB28,field_B28,4,
DesignWin,0xB2C,field_B2C,4,
DesignWin,0xB30,field_B30,4,
DesignWin,0xB34,field_B34,4,
DesignWin,0xB38,field_B38,4,
DesignWin,0xB3C,field_B3C,4,
DesignWin,0xB40,field_B40,4,
DesignWin,0xB44,field_B44,4,
DesignWin,0xB48,field_B48,4,
DesignWin,0xB4C,field_B4C,4,
DesignWin,0xB50,field_B50,4,
DesignWin,0xB54,field_B54,4,
DesignWin,0xB58,field_B58,4,
DesignWin,0xB5C,field_B5C,4,
DesignWin,0xB60,field_B60,4,
DesignWin,0xB64,field_B64,4,
DesignWin,0xB68,field_B68,4,
DesignWin,0xB6C,field_B6C,4,
DesignWin,0xB70,field_B70,4,
DesignWin,0xB74,field_B74,4,
DesignWin,0xB78,field_B78,4,
DesignWin,0xB7C,field_B7C,4,
DesignWin,0xB80,field_B80,4,
DesignWin,0xB84,field_B84,4,
DesignWin,0xB88,field_B88,4,
DesignWin,0xB8C,field_B8C,4,
DesignWin,0xB90,field_B90,4,
DesignWin,0xB94,field_B94,4,
DesignWin,0xB98,field_B98,4,
DesignWin,0xB9C,field_B9C,4,
DesignWin,0xBA0,field_BA0,4,
DesignWin,0xBA4,field_BA4,4,
DesignWin,0xBA8,field_BA8,4,
DesignWin,0xBAC,field_BAC,4,
DesignWin,0xBB0,field_BB0,4,
DesignWin,0xBB4,field_BB4,4,
DesignWin,0xBB8,field_BB8,4,
DesignWin,0xBBC,field_BBC,4,
DesignWin,0xBC0,field_BC0,4,
DesignWin,0xBC4,field_BC4,4,
DesignWin,0xBC8,field_BC8,4,
DesignWin,0xBCC,field_BCC,4,
DesignWin,0xBD0,field_BD0,4,
DesignWin,0xBD4,field_BD4,4,
DesignWin,0xBD8,field_BD8,4,
DesignWin,0xBDC,field_BDC,4,
DesignWin,0xBE0,field_BE0,4,
DesignWin,0xBE4,field_BE4,4,
DesignWin,0xBE8,field_BE8,4,
DesignWin,0xBEC,field_BEC,4,
DesignWin,0xBF0,field_BF0,4,
DesignWin,0xBF4,field_BF4,4,
DesignWin,0xBF8,field_BF8,4,
DesignWin,0xBFC,field_BFC,4,
DesignWin,0xC00,field_C00,4,
DesignWin,0xC04,field_C04,4,
DesignWin,0xC08,field_C08,4,
DesignWin,0xC0C,field_C0C,4,
DesignWin,0xC10,field_C10,4,
DesignWin,0xC14,field_C14,4,
DesignWin,0xC18,field_C18,4,
DesignWin,0xC1C,field_C1C,4,
DesignWin,0xC20,field_C20,4,
DesignWin,0xC24,field_C24,4,
DesignWin,0xC28,field_C28,4,
DesignWin,0xC2C,field_C2C,4,
DesignWin,0xC30,field_C30,4,
DesignWin,0xC34,field_C34,4,
DesignWin,0xC38,field_C38,4,
DesignWin,0xC3C,field_C3C,4,
DesignWin,0xC40,field_C40,4,
DesignWin,0xC44,field_C44,4,
DesignWin,0xC48,field_C48,4,
DesignWin,0xC4C,field_C4C,4,
DesignWin,0xC50,field_C50,4,
DesignWin,0xC54,field_C54,4,
DesignWin,0xC58,field_C58,4,
DesignWin,0xC5C,field_C5C,4,
DesignWin,0xC60,field_C60,4,
DesignWin,0xC64,field_C64,4,
DesignWin,0xC68,field_C68,4,
DesignWin,0xC6C,field_C6C,4,
DesignWin,0xC70,field_C70,4,
DesignWin,0xC74,field_C74,4,
DesignWin,0xC78,field_C78,4,
DesignWin,0xC7C,field_C7C,4,
DesignWin,0xC80,field_C80,4,
DesignWin,0xC84,field_C84,4,
DesignWin,0xC88,field_C88,4,
DesignWin,0xC8C,field_C8C,4,
DesignWin,0xC90,field_C90,4,
DesignWin,0xC94,field_C94,4,
DesignWin,0xC98,field_C98,4,
DesignWin,0xC9C,field_C9C,4,
DesignWin,0xCA0,field_CA0,4,
DesignWin,0xCA4,field_CA4,4,
DesignWin,0xCA8,field_CA8,4,
DesignWin,0xCAC,field_CAC,4,
DesignWin,0xCB0,field_CB0,4,
DesignWin,0xCB4,field_CB4,4,
DesignWin,0xCB8,field_CB8,4,
DesignWin,0xCBC,field_CBC,4,
DesignWin,0xCC0,field_CC0,4,
DesignWin,0xCC4,field_CC4,4,
DesignWin,0xCC8,field_CC8,4,
DesignWin,0xCCC,field_CCC,4,
DesignWin,0xCD0,field_CD0,4,
DesignWin,0xCD4,field_CD4,4,
DesignWin,0xCD8,field_CD8,4,
DesignWin,0xCDC,field_CDC,4,
DesignWin,0xCE0,field_CE0,4,
DesignWin,0xCE4,field_CE4,4,
DesignWin,0xCE8,field_CE8,4,
DesignWin,0xCEC,flatButtons,72300,
DesignWin,0x12758,spot1,12,
DesignWin,0x12764,spot2,12,
DesignWin,0x12770,field_12770,4,
DesignWin,0x12774,time,40,
DesignWin,0x1279C,caviar,5072,
DesignWin,0x13B6C,field_13B6C,4,
DesignWin,0x13B70,field_13B70,4,
DesignWin,0x13B74,field_13B74,4,
DesignWin,0x13B78,field_13B78,4,
DesignWin,0x13B7C,field_13B7C,4,
DesignWin,0x13B80,field_13B80,4,
DesignWin,0x13B84,field_13B84,4,
DesignWin,0x13B88,field_13B88,4,
DesignWin,0x13B8C,field_13B8C,4,
DesignWin,0x13B90,field_13B90,4,
DesignWin,0x13B94,field_13B94,4,
DesignWin,0x13B98,field_13B98,4,
DesignWin,0x13B9C,field_13B9C,4,
DesignWin,0x13BA0,field_13BA0,4,
DesignWin,0x13BA4,field_13BA4,4,
DesignWin,0x13BA8,field_13BA8,4,
DesignWin,0x13BAC,field_13BAC,4,
DesignWin,0x13BB0,field_13BB0,4,
DesignWin,0x13BB4,field_13BB4,4,
DesignWin,0x13BB8,field_13BB8,4,
DesignWin,0x13BBC,field_13BBC,4,
DesignWin,0x13BC0,field_13BC0,4,
DesignWin,0x13BC4,field_13BC4,4,
DesignWin,0x13BC8,field_13BC8,4,
DesignWin,0x13BCC,field_13BCC,4,
DesignWin,0x13BD0,field_13BD0,4,
DesignWin,0x13BD4,field_13BD4,4,
DesignWin,0x13BD8,field_13BD8,4,
DesignWin,0x13BDC,field_13BDC,4,
DesignWin,0x13BE0,field_13BE0,4,
DesignWin,0x13BE4,field_13BE4,4,
DesignWin,0x13BE8,field_13BE8,4,
DesignWin,0x13BEC,field_13BEC,4,
DesignWin,0x13BF0,field_13BF0,4,
DesignWin,0x13BF4,field_13BF4,4,
DesignWin,0x13BF8,field_13BF8,4,
DesignWin,0x13BFC,field_13BFC,4,
DesignWin,0x13C00,field_13C00,4,
DesignWin,0x13C04,field_13C04,4,
DesignWin,0x13C08,field_13C08,4,
DesignWin,0x13C0C,field_13C0C,4,
DesignWin,0x13C10,field_13C10,4,
DesignWin,0x13C14,field_13C14,4,
DesignWin,0x13C18,field_13C18,4,
DesignWin,0x13C1C,field_13C1C,4,
DesignWin,0x13C20,field_13C20,4,
DesignWin,0x13C24,field_13C24,4,
DesignWin,0x13C28,field_13C28,4,
DesignWin,0x13C2C,field_13C2C,4,
DesignWin,0x13C30,field_13C30,4,
DesignWin,0x13C34,field_13C34,4,
DesignWin,0x13C38,field_13C38,4,
DesignWin,0x13C3C,field_13C3C,4,
DesignWin,0x13C40,field_13C40,4,
DesignWin,0x13C44,field_13C44,4,
DesignWin,0x13C48,field_13C48,4,
DesignWin,0x13C4C,field_13C4C,4,
DesignWin,0x13C50,field_13C50,4,
DesignWin,0x13C54,field_13C54,4,
DesignWin,0x13C58,field_13C58,4,
DesignWin,0x13C5C,field_13C5C,4,
DesignWin,0x13C60,field_13C60,4,
DesignWin,0x13C64,field_13C64,4,
DesignWin,0x13C68,field_13C68,4,
DesignWin,0x13C6C,buffer,1416,
DesignWin,0x141F4,factionID,4,
DesignWin,0x141F8,protoID,4,
DesignWin,0x141FC,protoChassisType,4,
DesignWin,0x14200,protoWeaponType,4,
DesignWin,0x14204,protoArmorType,4,
DesignWin,0x14208,protoAbilityFlags,4,
DesignWin,0x1420C,protoReactorType,4,
DesignWin,0x14210,field_14210,4,
DesignWin,0x14214,mineralCostFactor,4,
DesignWin,0x14218,protoAbilityID1,4,
DesignWin,0x1421C,protoAbilityID2,4,
DesignWin,0x14220,field_14220,4,
DesignWin,0x14224,field_14224,4,
DesignWin,0x14228,field_14228,4,
DesignWin,0x1422C,field_1422C,4,
DesignWin,0x14230,field_14230,4,
DesignWin,0x14234,field_14234,4,
DesignWin,0x14238,field_14238,4,
DesignWin,0x1423C,field_1423C,4,
DesignWin,0x14240,field_14240,4,
DesignWin,0x14244,field_14244,4,
DesignWin,0x14248,field_14248,4,
DesignWin,0x1424C,field_1424C,4,
DesignWin,0x14250,field_14250,4,
DesignWin,0x14254,field_14254,4,
DesignWin,0x14258,field_14258,4,
DesignWin,0x1425C,field_1425C,4,
DesignWin,0x14260,field_14260,4,
DesignWin,0x14264,field_14264,4,
DesignWin,0x14268,field_14268,4,
DesignWin,0x1426C,field_1426C,4,
DesignWin,0x14270,field_14270,720,
DesignWin,0x14540,font1,40,
DesignWin,0x14568,font2,40,
DesignWin,0x14590,font3,40,
Dialog,0x0,vtable,4,
Dialog,0x4,heap,20,
Dialog,0x18,pHeap,4,
Dialog,0x1C,field_1C,4,
Dialog,0x20,field_20,4,
Dialog,0x24,field_24,16,
Dialog,0x34,field_34,4,
Dialog,0x38,field_38,4,
Dialog,0x3C,field_3C,4,
Dialog,0x40,field_40,4,
Dialog,0x44,field_44,4,
Dialog,0x48,field_48,4,
Dialog,0x4C,field_4C,4,
Dialog,0x50,field_50,4,
Dialog,0x54,field_54,4,
Dialog,0x58,field_58,4,
Dialog,0x5C,field_5C,4,
Dialog,0x60,field_60,4,
Dialog,0x64,field_64,4,
Dialog,0x68,field_68,4,
Dialog,0x6C,field_6C,4,
Dialog,0x70,font1,4,
Dialog,0x74,font2,4,
Dialog,0x78,font3,4,
Dialog,0x7C,textColorA,4,
Dialog,0x80,textColor2A,4,
Dialog,0x84,textColor3A,4,
Dialog,0x88,textColorB,4,
Dialog,0x8C,textColor2B,4,
Dialog,0x90,textColor3B,4,
Dialog,0x94,textColorC,4,
Dialog,0x98,textColor2C,4,
Dialog,0x9C,textColor3C,4,
Dialog,0xA0,textColorD,4,
Dialog,0xA4,textColor2D,4,
Dialog,0xA8,textColor3D,4,
Dialog,0xAC,field_AC,4,
Dialog,0xB0,field_B0,4,
Dialog,0xB4,field_B4,4,
Dialog,0xB8,field_B8,4,
Dialog,0xBC,field_BC,4,
Dialog,0xC0,field_C0,4,
Dialog,0xC4,field_C4,4,
Dialog,0xC8,field_C8,4,
Dialog,0xCC,field_CC,4,
Dialog,0xD0,field_D0,4,
Dialog,0xD4,field_D4,4,
Dialog,0xD8,field_D8,4,
Dialog,0xDC,field_DC,4,
Dialog,0xE0,field_E0,4,
Dialog,0xE4,field_E4,4,
Dialog,0xE8,field_E8,4,
Dialog,0xEC,stateFlag,4,
Dialog,0xF0,field_F0,4,
Dialogs,0x0,listBox,68,
Dialogs,0x44,radioButton,20,
Dialogs,0x58,checkBox,24,
Dialogs,0x70,spriteBox,136,
Dialogs,0xF8,editGroup,136,
Dialogs,0x180,field_180,4,
Dialogs,0x184,field_184p,4,
Dialogs,0x188,graphicWin,2580,
Dialogs,0xB9C,field_B9Cp,4,
Dialogs,0xBA0,dialog,244,
DipEdit,0x0,graphicWin,2580,
DipEdit,0xA14,field_A14,4,
DipEdit,0xA18,field_A18,4,
DipEdit,0xA1C,field_A1C,4,
DipEdit,0xA20,field_A20,4,
DipEdit,0xA24,font,40,
DipEdit,0xA4C,field_A4C,4,
DipEdit,0xA50,field_A50,4,
DipEdit,0xA54,field_A54,4,
DipEdit,0xA58,field_A58,4,
DipEdit,0xA5C,field_A5C,4,
DipEdit,0xA60,field_A60,4,
DipEdit,0xA64,field_A64,4,
DipEdit,0xA68,field_A68,4,
DipEdit,0xA6C,field_A6C,4,
DipEdit,0xA70,field_A70,4,
DipEdit,0xA74,field_A74,4,
DipEdit,0xA78,field_A78,4,
DipEdit,0xA7C,field_A7C,4,
DipEdit,0xA80,field_A80,4,
DipEdit,0xA84,field_A84,4,
DipEdit,0xA88,field_A88,4,
DipEdit,0xA8C,field_A8C,4,
DipEdit,0xA90,field_A90,4,
DipEdit,0xA94,field_A94,4,
DipEdit,0xA98,field_A98,4,
DipEdit,0xA9C,field_A9C,4,
DipEdit,0xAA0,field_AA0,4,
DipEdit,0xAA4,field_AA4,4,
DipEdit,0xAA8,field_AA8,4,
DipEdit,0xAAC,field_AAC,4,
DipEdit,0xAB0,field_AB0,4,
DipEdit,0xAB4,field_AB4,4,
DipEdit,0xAB8,field_AB8,4,
DipEdit,0xABC,field_ABC,4,
DipEdit,0xAC0,field_AC0,4,
DipEdit,0xAC4,field_AC4,4,
DipEdit,0xAC8,field_AC8,4,
DipEdit,0xACC,field_ACC,4,
DipEdit,0xAD0,field_AD0,4,
DipEdit,0xAD4,field_AD4,4,
DipEdit,0xAD8,field_AD8,4,
DipEdit,0xADC,field_ADC,4,
DipEdit,0xAE0,field_AE0,4,
DipEdit,0xAE4,field_AE4,4,
DipEdit,0xAE8,field_AE8,4,
DipEdit,0xAEC,field_AEC,4,
DipEdit,0xAF0,field_AF0,4,
DipEdit,0xAF4,field_AF4,4,
DipEdit,0xAF8,field_AF8,4,
DipEdit,0xAFC,field_AFC,4,
DipEdit,0xB00,field_B00,4,
DipEdit,0xB04,field_B04,4,
DipEdit,0xB08,field_B08,4,
DipEdit,0xB0C,field_B0C,4,
DipEdit,0xB10,field_B10,4,
DipEdit,0xB14,field_B14,4,
DipEdit,0xB18,field_B18,4,
DipEdit,0xB1C,field_B1C,4,
DipEdit,0xB20,field_B20,4,
DipEdit,0xB24,field_B24,4,
DipEdit,0xB28,field_B28,4,
DipEdit,0xB2C,field_B2C,4,
DipEdit,0xB30,field_B30,4,
DipEdit,0xB34,field_B34,4,
DipEdit,0xB38,field_B38,4,
DipEdit,0xB3C,field_B3C,4,
DipEdit,0xB40,field_B40,4,
DipEdit,0xB44,field_B44,4,
DipEdit,0xB48,field_B48,4,
DipEdit,0xB4C,field_B4C,4,
DipEdit,0xB50,field_B50,4,
DipEdit,0xB54,field_B54,4,
DipEdit,0xB58,field_B58,4,
DipEdit,0xB5C,field_B5C,4,
DipEdit,0xB60,field_B60,4,
DipEdit,0xB64,field_B64,4,
DipEdit,0xB68,field_B68,4,
DipEdit,0xB6C,field_B6C,4,
DipEdit,0xB70,field_B70,4,
DipEdit,0xB74,field_B74,4,
DipEdit,0xB78,field_B78,4,
DipEdit,0xB7C,field_B7C,4,
DipEdit,0xB80,field_B80,4,
DipEdit,0xB84,field_B84,4,
DipEdit,0xB88,field_B88,4,
DipEdit,0xB8C,field_B8C,4,
DipEdit,0xB90,field_B90,4,
DipEdit,0xB94,field_B94,4,
DipEdit,0xB98,field_B98,4,
DipEdit,0xB9C,field_B9C,4,
DipEdit,0xBA0,field_BA0,4,
DipEdit,0xBA4,field_BA4,4,
DipEdit,0xBA8,field_BA8,4,
DipEdit,0xBAC,field_BAC,4,
DipEdit,0xBB0,field_BB0,4,
DipEdit,0xBB4,field_BB4,4,
DipEdit,0xBB8,field_BB8,4,
DipEdit,0xBBC,field_BBC,4,
DipEdit,0xBC0,field_BC0,4,
DipEdit,0xBC4,field_BC4,4,
DipEdit,0xBC8,field_BC8,4,
DipEdit,0xBCC,field_BCC,4,
DipEdit,0xBD0,field_BD0,4,
DipEdit,0xBD4,field_BD4,4,
DipEdit,0xBD8,field_BD8,4,
DipEdit,0xBDC,field_BDC,4,
DipEdit,0xBE0,field_BE0,4,
DipEdit,0xBE4,field_BE4,4,
DipEdit,0xBE8,field_BE8,4,
DipEdit,0xBEC,field_BEC,4,
DipEdit,0xBF0,field_BF0,4,
DipEdit,0xBF4,field_BF4,4,
DipEdit,0xBF8,field_BF8,4,
DipEdit,0xBFC,field_BFC,4,
DipEdit,0xC00,field_C00,4,
DipEdit,0xC04,field_C04,4,
DipEdit,0xC08,field_C08,4,
DipEdit,0xC0C,field_C0C,4,
DipEdit,0xC10,field_C10,4,
DipEdit,0xC14,field_C14,4,
DipEdit,0xC18,field_C18,4,
DipEdit,0xC1C,field_C1C,4,
DipEdit,0xC20,field_C20,4,
DipEdit,0xC24,field_C24,4,
DipEdit,0xC28,field_C28,4,
DipEdit,0xC2C,field_C2C,4,
DipEdit,0xC30,field_C30,4,
DipEdit,0xC34,field_C34,4,
DipEdit,0xC38,field_C38,4,
DipEdit,0xC3C,field_C3C,4,
DipEdit,0xC40,field_C40,4,
DipEdit,0xC44,field_C44,4,
DipEdit,0xC48,field_C48,4,
DipEdit,0xC4C,field_C4C,4,
DipEdit,0xC50,field_C50,4,
DipEdit,0xC54,field_C54,4,
DipEdit,0xC58,field_C58,4,
DipEdit,0xC5C,field_C5C,4,
DipEdit,0xC60,field_C60,4,
DipEdit,0xC64,field_C64,4,
DipEdit,0xC68,field_C68,4,
DipEdit,0xC6C,field_C6C,4,
DipEdit,0xC70,field_C70,4,
DipEdit,0xC74,field_C74,4,
DipEdit,0xC78,field_C78,4,
DipEdit,0xC7C,field_C7C,4,
DipEdit,0xC80,field_C80,4,
DipEdit,0xC84,field_C84,4,
DipEdit,0xC88,field_C88,4,
DipEdit,0xC8C,field_C8C,4,
DipEdit,0xC90,field_C90,4,
DipEdit,0xC94,field_C94,4,
DipEdit,0xC98,field_C98,4,
DipEdit,0xC9C,field_C9C,4,
DipEdit,0xCA0,field_CA0,4,
DipEdit,0xCA4,field_CA4,4,
DipEdit,0xCA8,field_CA8,4,
DipEdit,0xCAC,field_CAC,4,
DipEdit,0xCB0,field_CB0,4,
DipEdit,0xCB4,field_CB4,4,
DipEdit,0xCB8,field_CB8,4,
DipEdit,0xCBC,field_CBC,4,
DipEdit,0xCC0,field_CC0,4,
DipEdit,0xCC4,field_CC4,4,
DipEdit,0xCC8,field_CC8,4,
DipEdit,0xCCC,field_CCC,4,
DipEdit,0xCD0,field_CD0,4,
DipEdit,0xCD4,field_CD4,4,
DipEdit,0xCD8,field_CD8,4,
DipEdit,0xCDC,field_CDC,4,
DipEdit,0xCE0,field_CE0,4,
DipEdit,0xCE4,field_CE4,4,
DipEdit,0xCE8,field_CE8,4,
DipEdit,0xCEC,field_CEC,4,
DipEdit,0xCF0,field_CF0,4,
DipEdit,0xCF4,field_CF4,4,
DipEdit,0xCF8,field_CF8,4,
DipEdit,0xCFC,field_CFC,4,
DipEdit,0xD00,field_D00,4,
DipEdit,0xD04,field_D04,4,
DipEdit,0xD08,field_D08,4,
DipEdit,0xD0C,field_D0C,4,
DipEdit,0xD10,field_D10,4,
DipEdit,0xD14,field_D14,4,
DipEdit,0xD18,field_D18,4,
DipEdit,0xD1C,field_D1C,4,
DipEdit,0xD20,field_D20,4,
DipEdit,0xD24,field_D24,4,
DipEdit,0xD28,field_D28,4,
DipEdit,0xD2C,field_D2C,4,
DipEdit,0xD30,field_D30,4,
DipEdit,0xD34,field_D34,4,
DipEdit,0xD38,field_D38,4,
DipEdit,0xD3C,field_D3C,4,
DipEdit,0xD40,field_D40,4,
DipEdit,0xD44,field_D44,4,
DipEdit,0xD48,field_D48,4,
DipEdit,0xD4C,field_D4C,4,
DipEdit,0xD50,field_D50,4,
DipEdit,0xD54,field_D54,4,
DipEdit,0xD58,field_D58,4,
DipEdit,0xD5C,field_D5C,4,
DipEdit,0xD60,field_D60,4,
DipEdit,0xD64,field_D64,4,
DipEdit,0xD68,field_D68,4,
DipEdit,0xD6C,field_D6C,4,
DipEdit,0xD70,field_D70,4,
DipEdit,0xD74,field_D74,4,
DipEdit,0xD78,field_D78,4,
DipEdit,0xD7C,field_D7C,4,
DipEdit,0xD80,field_D80,4,
DipEdit,0xD84,field_D84,4,
DipEdit,0xD88,field_D88,4,
DipEdit,0xD8C,field_D8C,4,
DipEdit,0xD90,field_D90,4,
DipEdit,0xD94,field_D94,4,
DipEdit,0xD98,field_D98,4,
DipEdit,0xD9C,field_D9C,4,
DipEdit,0xDA0,field_DA0,4,
DipEdit,0xDA4,field_DA4,4,
DipEdit,0xDA8,field_DA8,4,
DipEdit,0xDAC,field_DAC,4,
DipEdit,0xDB0,field_DB0,4,
DipEdit,0xDB4,field_DB4,4,
DipEdit,0xDB8,field_DB8,4,
DipEdit,0xDBC,field_DBC,4,
DipEdit,0xDC0,field_DC0,4,
DipEdit,0xDC4,field_DC4,4,
DipEdit,0xDC8,field_DC8,4,
DipEdit,0xDCC,field_DCC,4,
DipEdit,0xDD0,field_DD0,4,
DipEdit,0xDD4,field_DD4,4,
DipEdit,0xDD8,field_DD8,4,
DipEdit,0xDDC,field_DDC,4,
DipEdit,0xDE0,field_DE0,4,
DipEdit,0xDE4,field_DE4,4,
DipEdit,0xDE8,field_DE8,4,
DipEdit,0xDEC,field_DEC,4,
DipEdit,0xDF0,field_DF0,4,
DipEdit,0xDF4,field_DF4,4,
DipEdit,0xDF8,field_DF8,4,
DipEdit,0xDFC,field_DFC,4,
DipEdit,0xE00,field_E00,4,
DipEdit,0xE04,field_E04,4,
DipEdit,0xE08,field_E08,4,
DipEdit,0xE0C,field_E0C,4,
DipEdit,0xE10,field_E10,4,
DipEdit,0xE14,field_E14,4,
DipEdit,0xE18,field_E18,4,
DipEdit,0xE1C,field_E1C,4,
DipEdit,0xE20,field_E20,4,
DipEdit,0xE24,field_E24,4,
DipEdit,0xE28,field_E28,4,
DipEdit,0xE2C,field_E2C,4,
DipEdit,0xE30,field_E30,4,
DipEdit,0xE34,field_E34,4,
DipEdit,0xE38,field_E38,4,
DipEdit,0xE3C,field_E3C,4,
DipEdit,0xE40,field_E40,4,
DipEdit,0xE44,field_E44,4,
DipEdit,0xE48,field_E48,4,
DipEdit,0xE4C,field_E4C,4,
DipEdit,0xE50,field_E50,4,
DipEdit,0xE54,field_E54,4,
DipEdit,0xE58,field_E58,4,
DipEdit,0xE5C,field_E5C,4,
DipEdit,0xE60,field_E60,4,
DipEdit,0xE64,field_E64,4,
DipEdit,0xE68,field_E68,4,
DipEdit,0xE6C,field_E6C,4,
DipEdit,0xE70,field_E70,4,
DipEdit,0xE74,field_E74,4,
DipEdit,0xE78,field_E78,4,
DipEdit,0xE7C,field_E7C,4,
DipEdit,0xE80,field_E80,4,
DipEdit,0xE84,field_E84,4,
DipEdit,0xE88,field_E88,4,
DipEdit,0xE8C,field_E8C,4,
DipEdit,0xE90,field_E90,4,
DipEdit,0xE94,field_E94,4,
DipEdit,0xE98,field_E98,4,
DipEdit,0xE9C,field_E9C,4,
DipEdit,0xEA0,field_EA0,4,
DipEdit,0xEA4,field_EA4,4,
DipEdit,0xEA8,field_EA8,4,
DipEdit,0xEAC,field_EAC,4,
DipEdit,0xEB0,field_EB0,4,
DipEdit,0xEB4,field_EB4,4,
DipEdit,0xEB8,field_EB8,4,
DipEdit,0xEBC,field_EBC,4,
DipEdit,0xEC0,field_EC0,4,
DipEdit,0xEC4,field_EC4,4,
DipEdit,0xEC8,field_EC8,4,
DipEdit,0xECC,field_ECC,4,
DipEdit,0xED0,field_ED0,4,
DipEdit,0xED4,field_ED4,4,
DipEdit,0xED8,field_ED8,4,
DipEdit,0xEDC,field_EDC,4,
DipEdit,0xEE0,field_EE0,4,
DipEdit,0xEE4,field_EE4,4,
DipEdit,0xEE8,field_EE8,4,
DipEdit,0xEEC,field_EEC,4,
DipEdit,0xEF0,field_EF0,4,
DipEdit,0xEF4,field_EF4,4,
DipEdit,0xEF8,field_EF8,4,
DipEdit,0xEFC,field_EFC,4,
DipEdit,0xF00,field_F00,4,
DipEdit,0xF04,field_F04,4,
DipEdit,0xF08,field_F08,4,
DipEdit,0xF0C,field_F0C,4,
DipEdit,0xF10,field_F10,4,
DipEdit,0xF14,field_F14,4,
DipEdit,0xF18,field_F18,4,
DipEdit,0xF1C,field_F1C,4,
DipEdit,0xF20,field_F20,4,
DipEdit,0xF24,field_F24,4,
DipEdit,0xF28,field_F28,4,
DipEdit,0xF2C,field_F2C,4,
DipEdit,0xF30,field_F30,4,
DipEdit,0xF34,field_F34,4,
DipEdit,0xF38,field_F38,4,
DipEdit,0xF3C,field_F3C,4,
DipEdit,0xF40,field_F40,4,
DipEdit,0xF44,field_F44,4,
DipEdit,0xF48,field_F48,4,
DipEdit,0xF4C,field_F4C,4,
DipEdit,0xF50,field_F50,4,
DipEdit,0xF54,field_F54,4,
DipEdit,0xF58,field_F58,4,
DipEdit,0xF5C,field_F5C,4,
DipEdit,0xF60,field_F60,4,
DipEdit,0xF64,field_F64,4,
DipEdit,0xF68,field_F68,4,
DipEdit,0xF6C,field_F6C,4,
DipEdit,0xF70,field_F70,4,
DipEdit,0xF74,field_F74,4,
DipEdit,0xF78,field_F78,4,
DipEdit,0xF7C,field_F7C,4,
DipEdit,0xF80,field_F80,4,
DipEdit,0xF84,field_F84,4,
DipEdit,0xF88,field_F88,4,
DipEdit,0xF8C,field_F8C,4,
DipEdit,0xF90,field_F90,4,
DipEdit,0xF94,field_F94,4,
DipEdit,0xF98,field_F98,4,
DipEdit,0xF9C,field_F9C,4,
DipEdit,0xFA0,field_FA0,4,
DipEdit,0xFA4,field_FA4,4,
DipEdit,0xFA8,field_FA8,4,
DipEdit,0xFAC,field_FAC,4,
DipEdit,0xFB0,field_FB0,4,
DipEdit,0xFB4,field_FB4,4,
DipEdit,0xFB8,field_FB8,4,
DipEdit,0xFBC,field_FBC,4,
DipEdit,0xFC0,field_FC0,4,
DipEdit,0xFC4,field_FC4,4,
DipEdit,0xFC8,field_FC8,4,
DipEdit,0xFCC,field_FCC,4,
DipEdit,0xFD0,field_FD0,4,
DipEdit,0xFD4,field_FD4,4,
DipEdit,0xFD8,field_FD8,4,
DipEdit,0xFDC,field_FDC,4,
DipEdit,0xFE0,field_FE0,4,
DipEdit,0xFE4,field_FE4,4,
DipEdit,0xFE8,field_FE8,4,
DipEdit,0xFEC,field_FEC,4,
DipEdit,0xFF0,field_FF0,4,
DipEdit,0xFF4,field_FF4,4,
DipEdit,0xFF8,field_FF8,4,
DipEdit,0xFFC,field_FFC,4,
DipEdit,0x1000,field_1000,4,
DipEdit,0x1004,field_1004,4,
DipEdit,0x1008,field_1008,4,
DipEdit,0x100C,field_100C,4,
DipEdit,0x1010,field_1010,4,
DipEdit,0x1014,field_1014,4,
DipEdit,0x1018,field_1018,4,
DipEdit,0x101C,field_101C,4,
DipEdit,0x1020,field_1020,4,
DipEdit,0x1024,field_1024,4,
DipEdit,0x1028,field_1028,4,
DipEdit,0x102C,field_102C,4,
DipEdit,0x1030,field_1030,4,
DipEdit,0x1034,field_1034,4,
DipEdit,0x1038,field_1038,4,
DipEdit,0x103C,field_103C,4,
DipEdit,0x1040,field_1040,4,
DipEdit,0x1044,field_1044,4,
DipEdit,0x1048,field_1048,4,
DipEdit,0x104C,field_104C,4,
DipEdit,0x1050,field_1050,4,
DipEdit,0x1054,field_1054,4,
DipEdit,0x1058,field_1058,4,
DipEdit,0x105C,field_105C,4,
DipEdit,0x1060,field_1060,4,
DipEdit,0x1064,field_1064,4,
DipEdit,0x1068,field_1068,4,
DipEdit,0x106C,field_106C,4,
DipEdit,0x1070,field_1070,4,
DipEdit,0x1074,field_1074,4,
DipEdit,0x1078,field_1078,4,
DipEdit,0x107C,field_107C,4,
DipEdit,0x1080,field_1080,4,
DipEdit,0x1084,field_1084,4,
DipEdit,0x1088,field_1088,4,
DipEdit,0x108C,field_108C,4,
DipEdit,0x1090,field_1090,4,
DipEdit,0x1094,field_1094,4,
DipEdit,0x1098,field_1098,4,
DipEdit,0x109C,field_109C,4,
DipEdit,0x10A0,field_10A0,4,
DipEdit,0x10A4,field_10A4,4,
DipEdit,0x10A8,field_10A8,4,
DipEdit,0x10AC,field_10AC,4,
DipEdit,0x10B0,field_10B0,4,
DipEdit,0x10B4,field_10B4,4,
DipEdit,0x10B8,field_10B8,4,
DipEdit,0x10BC,field_10BC,4,
DipEdit,0x10C0,field_10C0,4,
DipEdit,0x10C4,field_10C4,4,
DipEdit,0x10C8,field_10C8,4,
DipEdit,0x10CC,field_10CC,4,
DipEdit,0x10D0,field_10D0,4,
DipEdit,0x10D4,field_10D4,4,
DipEdit,0x10D8,field_10D8,4,
DipEdit,0x10DC,field_10DC,4,
DipEdit,0x10E0,field_10E0,4,
DipEdit,0x10E4,field_10E4,4,
DipEdit,0x10E8,field_10E8,4,
DipEdit,0x10EC,field_10EC,4,
DipEdit,0x10F0,field_10F0,4,
DipEdit,0x10F4,field_10F4,4,
DipEdit,0x10F8,field_10F8,4,
DipEdit,0x10FC,field_10FC,4,
DipEdit,0x1100,field_1100,4,
DipEdit,0x1104,field_1104,4,
DipEdit,0x1108,field_1108,4,
DipEdit,0x110C,field_110C,4,
DipEdit,0x1110,field_1110,4,
DipEdit,0x1114,field_1114,4,
DipEdit,0x1118,field_1118,4,
DipEdit,0x111C,field_111C,4,
DipEdit,0x1120,field_1120,4,
DipEdit,0x1124,field_1124,4,
DipEdit,0x1128,field_1128,4,
DipEdit,0x112C,field_112C,4,
DipEdit,0x1130,field_1130,4,
DipEdit,0x1134,field_1134,4,
DipEdit,0x1138,field_1138,4,
DipEdit,0x113C,field_113C,4,
DipEdit,0x1140,field_1140,4,
DipEdit,0x1144,field_1144,4,
DipEdit,0x1148,field_1148,4,
DipEdit,0x114C,field_114C,4,
DipEdit,0x1150,field_1150,4,
DipEdit,0x1154,field_1154,4,
DipEdit,0x1158,field_1158,4,
DipEdit,0x115C,field_115C,4,
DipEdit,0x1160,field_1160,4,
DipEdit,0x1164,field_1164,4,
DipEdit,0x1168,field_1168,4,
DipEdit,0x116C,field_116C,4,
DipEdit,0x1170,field_1170,4,
DipEdit,0x1174,field_1174,4,
DipEdit,0x1178,field_1178,4,
DipEdit,0x117C,field_117C,4,
DipEdit,0x1180,field_1180,4,
DipEdit,0x1184,field_1184,4,
DipEdit,0x1188,field_1188,4,
DipEdit,0x118C,field_118C,4,
DipEdit,0x1190,field_1190,4,
DipEdit,0x1194,field_1194,4,
DipEdit,0x1198,field_1198,4,
DipEdit,0x119C,field_119C,4,
DipEdit,0x11A0,field_11A0,4,
DipEdit,0x11A4,field_11A4,4,
DipEdit,0x11A8,field_11A8,4,
DipEdit,0x11AC,field_11AC,4,
DipEdit,0x11B0,field_11B0,4,
DipEdit,0x11B4,field_11B4,4,
DipEdit,0x11B8,field_11B8,4,
DipEdit,0x11BC,field_11BC,4,
DipEdit,0x11C0,field_11C0,4,
DipEdit,0x11C4,field_11C4,4,
DipEdit,0x11C8,field_11C8,4,
DipEdit,0x11CC,field_11CC,4,
DipEdit,0x11D0,field_11D0,4,
DipEdit,0x11D4,field_11D4,4,
DipEdit,0x11D8,field_11D8,4,
DipEdit,0x11DC,field_11DC,4,
DipEdit,0x11E0,field_11E0,4,
DipEdit,0x11E4,field_11E4,4,
DipEdit,0x11E8,field_11E8,4,
DipEdit,0x11EC,field_11EC,4,
DipEdit,0x11F0,field_11F0,4,
DipEdit,0x11F4,field_11F4,4,
DipEdit,0x11F8,field_11F8,4,
DipEdit,0x11FC,field_11FC,4,
DipEdit,0x1200,field_1200,4,
DipEdit,0x1204,field_1204,4,
DipEdit,0x1208,field_1208,4,
DipEdit,0x120C,field_120C,4,
DipEdit,0x1210,field_1210,4,
DipEdit,0x1214,field_1214,4,
DipEdit,0x1218,field_1218,4,
DipEdit,0x121C,field_121C,4,
DipEdit,0x1220,field_1220,4,
DipEdit,0x1224,field_1224,4,
DipEdit,0x1228,field_1228,4,
DipEdit,0x122C,field_122C,4,
DipEdit,0x1230,field_1230,4,
DipEdit,0x1234,field_1234,4,
DipEdit,0x1238,field_1238,4,
DipEdit,0x123C,field_123C,4,
DipEdit,0x1240,field_1240,4,
DipEdit,0x1244,field_1244,4,
DipEdit,0x1248,field_1248,4,
DipEdit,0x124C,field_124C,4,
DipEdit,0x1250,field_1250,4,
DipEdit,0x1254,field_1254,4,
DipEdit,0x1258,field_1258,4,
DipEdit,0x125C,field_125C,4,
DipEdit,0x1260,field_1260,4,
DipEdit,0x1264,field_1264,4,
DipEdit,0x1268,field_1268,4,
DipEdit,0x126C,field_126C,4,
DipEdit,0x1270,field_1270,4,
DipEdit,0x1274,field_1274,4,
DipEdit,0x1278,field_1278,4,
DipEdit,0x127C,field_127C,4,
DipEdit,0x1280,field_1280,4,
DipEdit,0x1284,field_1284,4,
DipEdit,0x1288,field_1288,4,
DipEdit,0x128C,field_128C,4,
DipEdit,0x1290,field_1290,4,
DipEdit,0x1294,field_1294,4,
DipEdit,0x1298,field_1298,4,
DipEdit,0x129C,field_129C,4,
DipEdit,0x12A0,field_12A0,4,
DipEdit,0x12A4,field_12A4,4,
DipEdit,0x12A8,field_12A8,4,
DipEdit,0x12AC,field_12AC,4,
DipEdit,0x12B0,field_12B0,4,
DipEdit,0x12B4,field_12B4,4,
DipEdit,0x12B8,field_12B8,4,
DipEdit,0x12BC,field_12BC,4,
DipEdit,0x12C0,field_12C0,4,
DipEdit,0x12C4,field_12C4,4,
DipEdit,0x12C8,field_12C8,4,
DipEdit,0x12CC,field_12CC,4,
DipEdit,0x12D0,field_12D0,4,
DipEdit,0x12D4,field_12D4,4,
DipEdit,0x12D8,field_12D8,4,
DipEdit,0x12DC,field_12DC,4,
DipEdit,0x12E0,field_12E0,4,
DipEdit,0x12E4,field_12E4,4,
DipEdit,0x12E8,field_12E8,4,
DipEdit,0x12EC,field_12EC,4,
DipEdit,0x12F0,field_12F0,4,
DipEdit,0x12F4,field_12F4,4,
DipEdit,0x12F8,field_12F8,4,
DipEdit,0x12FC,field_12FC,4,
DipEdit,0x1300,field_1300,4,
DipEdit,0x1304,field_1304,4,
DipEdit,0x1308,field_1308,4,
DipEdit,0x130C,field_130C,4,
DipEdit,0x1310,field_1310,4,
DipEdit,0x1314,field_1314,4,
DipEdit,0x1318,field_1318,4,
DipEdit,0x131C,field_131C,4,
DipEdit,0x1320,field_1320,4,
DipEdit,0x1324,field_1324,4,
DipEdit,0x1328,field_1328,4,
DipEdit,0x132C,field_132C,4,
DipEdit,0x1330,field_1330,4,
DipEdit,0x1334,field_1334,4,
DipEdit,0x1338,field_1338,4,
DipEdit,0x133C,field_133C,4,
DipEdit,0x1340,field_1340,4,
DipEdit,0x1344,field_1344,4,
DipEdit,0x1348,field_1348,4,
DipEdit,0x134C,field_134C,4,
DipEdit,0x1350,field_1350,4,
DipEdit,0x1354,field_1354,4,
DipEdit,0x1358,field_1358,4,
DipEdit,0x135C,field_135C,4,
DipEdit,0x1360,field_1360,4,
DipEdit,0x1364,field_1364,4,
DipEdit,0x1368,field_1368,4,
DipEdit,0x136C,field_136C,4,
DipEdit,0x1370,field_1370,4,
DipEdit,0x1374,field_1374,4,
DipEdit,0x1378,field_1378,4,
DipEdit,0x137C,field_137C,4,
DipEdit,0x1380,field_1380,4,
DipEdit,0x1384,field_1384,4,
DipEdit,0x1388,field_1388,4,
DipEdit,0x138C,field_138C,4,
DipEdit,0x1390,field_1390,4,
DipEdit,0x1394,field_1394,4,
DipEdit,0x1398,field_1398,4,
DipEdit,0x139C,field_139C,4,
DipEdit,0x13A0,field_13A0,4,
DipEdit,0x13A4,field_13A4,4,
DipEdit,0x13A8,field_13A8,4,
DipEdit,0x13AC,field_13AC,4,
DipEdit,0x13B0,field_13B0,4,
DipEdit,0x13B4,field_13B4,4,
DipEdit,0x13B8,field_13B8,4,
DipEdit,0x13BC,field_13BC,4,
DipEdit,0x13C0,field_13C0,4,
DipEdit,0x13C4,field_13C4,4,
DipEdit,0x13C8,field_13C8,4,
DipEdit,0x13CC,field_13CC,4,
DipEdit,0x13D0,field_13D0,4,
DipEdit,0x13D4,field_13D4,4,
DipEdit,0x13D8,field_13D8,4,
DipEdit,0x13DC,field_13DC,4,
DipEdit,0x13E0,field_13E0,4,
DipEdit,0x13E4,field_13E4,4,
DipEdit,0x13E8,field_13E8,4,
DipEdit,0x13EC,field_13EC,4,
DipEdit,0x13F0,field_13F0,4,
DipEdit,0x13F4,field_13F4,4,
DipEdit,0x13F8,field_13F8,4,
DipEdit,0x13FC,field_13FC,4,
DipEdit,0x1400,field_1400,4,
DipEdit,0x1404,field_1404,4,
DipEdit,0x1408,field_1408,4,
DipEdit,0x140C,field_140C,4,
DipEdit,0x1410,field_1410,4,
DipEdit,0x1414,field_1414,4,
DipEdit,0x1418,field_1418,4,
DipEdit,0x141C,field_141C,4,
DipEdit,0x1420,field_1420,4,
DipEdit,0x1424,field_1424,4,
DipEdit,0x1428,field_1428,4,
DipEdit,0x142C,field_142C,4,
DipEdit,0x1430,field_1430,4,
DipEdit,0x1434,field_1434,4,
DipEdit,0x1438,field_1438,4,
DipEdit,0x143C,field_143C,4,
DipEdit,0x1440,field_1440,4,
DipEdit,0x1444,field_1444,4,
DipEdit,0x1448,field_1448,4,
DipEdit,0x144C,field_144C,4,
DipEdit,0x1450,field_1450,4,
DipEdit,0x1454,field_1454,4,
DipEdit,0x1458,field_1458,4,
DipEdit,0x145C,field_145C,4,
DipEdit,0x1460,field_1460,4,
DipEdit,0x1464,field_1464,4,
DipEdit,0x1468,field_1468,4,
DipEdit,0x146C,field_146C,4,
DipEdit,0x1470,field_1470,4,
DipEdit,0x1474,field_1474,4,
DipEdit,0x1478,field_1478,4,
DipEdit,0x147C,field_147C,4,
DipEdit,0x1480,field_1480,4,
DipEdit,0x1484,field_1484,4,
DipEdit,0x1488,field_1488,4,
DipEdit,0x148C,field_148C,4,
DipEdit,0x1490,field_1490,4,
DipEdit,0x1494,field_1494,4,
DipEdit,0x1498,field_1498,4,
DipEdit,0x149C,field_149C,4,
DipEdit,0x14A0,field_14A0,4,
DipEdit,0x14A4,field_14A4,4,
DipEdit,0x14A8,field_14A8,4,
DipEdit,0x14AC,field_14AC,4,
DipEdit,0x14B0,field_14B0,4,
DipEdit,0x14B4,field_14B4,4,
DipEdit,0x14B8,field_14B8,4,
DipEdit,0x14BC,field_14BC,4,
DipEdit,0x14C0,field_14C0,4,
DipEdit,0x14C4,field_14C4,4,
DipEdit,0x14C8,field_14C8,4,
DipEdit,0x14CC,field_14CC,4,
DipEdit,0x14D0,field_14D0,4,
DipEdit,0x14D4,field_14D4,4,
DipEdit,0x14D8,field_14D8,4,
DipEdit,0x14DC,field_14DC,4,
DipEdit,0x14E0,field_14E0,4,
DipEdit,0x14E4,field_14E4,4,
DipEdit,0x14E8,field_14E8,4,
DipEdit,0x14EC,field_14EC,4,
DipEdit,0x14F0,field_14F0,4,
DipEdit,0x14F4,field_14F4,4,
DipEdit,0x14F8,field_14F8,4,
DipEdit,0x14FC,field_14FC,4,
DipEdit,0x1500,field_1500,4,
DipEdit,0x1504,field_1504,4,
DipEdit,0x1508,field_1508,4,
DipEdit,0x150C,field_150C,4,
DipEdit,0x1510,field_1510,4,
DipEdit,0x1514,field_1514,4,
DipEdit,0x1518,field_1518,4,
DipEdit,0x151C,field_151C,4,
DipEdit,0x1520,field_1520,4,
DipEdit,0x1524,field_1524,4,
DipEdit,0x1528,field_1528,4,
DipEdit,0x152C,field_152C,4,
DipEdit,0x1530,field_1530,4,
DipEdit,0x1534,field_1534,4,
DipEdit,0x1538,field_1538,4,
DipEdit,0x153C,field_153C,4,
DipEdit,0x1540,field_1540,4,
DipEdit,0x1544,field_1544,4,
DipEdit,0x1548,field_1548,4,
DipEdit,0x154C,field_154C,4,
DipEdit,0x1550,field_1550,4,
DipEdit,0x1554,field_1554,4,
DipEdit,0x1558,field_1558,4,
DipEdit,0x155C,field_155C,4,
DipEdit,0x1560,field_1560,4,
DipEdit,0x1564,field_1564,4,
DipEdit,0x1568,field_1568,4,
DipEdit,0x156C,field_156C,4,
DipEdit,0x1570,field_1570,4,
DipEdit,0x1574,field_1574,4,
DipEdit,0x1578,field_1578,4,
DipEdit,0x157C,field_157C,4,
DipEdit,0x1580,field_1580,4,
DipEdit,0x1584,field_1584,4,
DipEdit,0x1588,field_1588,4,
DipEdit,0x158C,field_158C,4,
DipEdit,0x1590,field_1590,4,
DipEdit,0x1594,field_1594,4,
DipEdit,0x1598,field_1598,4,
DipEdit,0x159C,field_159C,4,
DipEdit,0x15A0,checkBox,2856,
DipEdit,0x20C8,flatButton1,2892,
DipEdit,0x2C14,flatButton2,2892,
DipEdit,0x3760,flatButton3,2892,
DipEdit,0x42AC,flatButton4,2892,
DipEdit,0x4DF8,flatButton5,2892,
DiploPop,0x0,graphicWin,2580,
DiploPop,0xA14,subIFace,8,
DiploPop,0xA1C,font1,40,
DiploPop,0xA44,font2,40,
DiploPop,0xA6C,font3,40,
DiploPop,0xA94,time1,40,
DiploPop,0xABC,time2,40,
DiploPop,0xAE4,flic1,2788,
DiploPop,0x15C8,flic2,2788,
DiploPop,0x20AC,field_20AC,4,
DiploPop,0x20B0,field_20B0,4,
DiploPop,0x20B4,field_20B4,4,
DiploPop,0x20B8,field_20B8,4,
DiploPop,0x20BC,field_20BC,4,
DiploPop,0x20C0,field_20C0,4,
DiploPop,0x20C4,field_20C4,4,
DiploPop,0x20C8,field_20C8,4,
DiploPop,0x20CC,field_20CC,4,
DiploPop,0x20D0,field_20D0,4,
DiploPop,0x20D4,field_20D4,4,
DiploPop,0x20D8,field_20D8,4,
DiploPop,0x20DC,field_20DC,4,
DiploPop,0x20E0,field_20E0,4,
DiploPop,0x20E4,field_20E4,4,
DiploPop,0x20E8,field_20E8,4,
DiploPop,0x20EC,field_20EC,4,
DiploPop,0x20F0,field_20F0,4,
DiploPop,0x20F4,rect1,16,
DiploPop,0x2104,field_2104,4,
DiploPop,0x2108,field_2108,4,
DiploPop,0x210C,field_210C,4,
DiploPop,0x2110,field_2110,4,
DiploPop,0x2114,field_2114,4,
DiploPop,0x2118,field_2118,4,
DiploPop,0x211C,field_211C,4,
DiploPop,0x2120,field_2120,4,
DiploPop,0x2124,field_2124,4,
DiploPop,0x2128,field_2128,4,
DiploPop,0x212C,field_212C,4,
DiploPop,0x2130,field_2130,4,
DiploPop,0x2134,field_2134,4,
DiploPop,0x2138,field_2138,4,
DiploPop,0x213C,field_213C,4,
DiploPop,0x2140,field_2140,4,
DiploPop,0x2144,field_2144,4,
DiploPop,0x2148,field_2148,4,
DiploPop,0x214C,field_214C,4,
DiploPop,0x2150,field_2150,4,
DiploPop,0x2154,field_2154,4,
DiploPop,0x2158,flatButtons,8676,
DiploWin,0x0,graphicWin,2580,
DiploWin,0xA14,subIFace,8,
DiploWin,0xA1C,field_A1C,4,
DiploWin,0xA20,field_A20,4,
DiploWin,0xA24,field_A24,4,
DiploWin,0xA28,field_A28,4,
DiploWin,0xA2C,field_A2C,4,
DiploWin,0xA30,field_A30,4,
DiploWin,0xA34,field_A34,4,
DiploWin,0xA38,field_A38,4,
DiploWin,0xA3C,field_A3C,4,
DiploWin,0xA40,field_A40,4,
DiploWin,0xA44,field_A44,4,
DiploWin,0xA48,field_A48,4,
DiploWin,0xA4C,field_A4C,4,
DiploWin,0xA50,field_A50,4,
DiploWin,0xA54,field_A54,4,
DiploWin,0xA58,field_A58,4,
DiploWin,0xA5C,field_A5C,4,
DiploWin,0xA60,field_A60,4,
DiploWin,0xA64,field_A64,4,
DiploWin,0xA68,field_A68,4,
DiploWin,0xA6C,field_A6C,4,
DiploWin,0xA70,field_A70,4,
DiploWin,0xA74,field_A74,4,
DiploWin,0xA78,field_A78,4,
DiploWin,0xA7C,field_A7C,4,
DiploWin,0xA80,field_A80,4,
DiploWin,0xA84,field_A84,4,
DiploWin,0xA88,field_A88,4,
DiploWin,0xA8C,field_A8C,4,
DiploWin,0xA90,field_A90,4,
DiploWin,0xA94,field_A94,4,
DiploWin,0xA98,field_A98,4,
DiploWin,0xA9C,field_A9C,4,
DiploWin,0xAA0,field_AA0,4,
DiploWin,0xAA4,field_AA4,4,
DiploWin,0xAA8,field_AA8,4,
DiploWin,0xAAC,field_AAC,4,
DiploWin,0xAB0,field_AB0,4,
DiploWin,0xAB4,field_AB4,4,
DiploWin,0xAB8,field_AB8,4,
DiploWin,0xABC,field_ABC,4,
DiploWin,0xAC0,field_AC0,4,
DiploWin,0xAC4,field_AC4,4,
DiploWin,0xAC8,field_AC8,4,
DiploWin,0xACC,field_ACC,4,
DiploWin,0xAD0,field_AD0,4,
DiploWin,0xAD4,field_AD4,4,
DiploWin,0xAD8,field_AD8,4,
DiploWin,0xADC,field_ADC,4,
DiploWin,0xAE0,field_AE0,4,
DiploWin,0xAE4,field_AE4,4,
DiploWin,0xAE8,field_AE8,4,
DiploWin,0xAEC,field_AEC,4,
DiploWin,0xAF0,field_AF0,4,
DiploWin,0xAF4,field_AF4,4,
DiploWin,0xAF8,field_AF8,4,
DiploWin,0xAFC,field_AFC,4,
DiploWin,0xB00,field_B00,4,
DiploWin,0xB04,field_B04,4,
DiploWin,0xB08,field_B08,4,
DiploWin,0xB0C,field_B0C,4,
DiploWin,0xB10,field_B10,4,
DiploWin,0xB14,field_B14,4,
DiploWin,0xB18,field_B18,4,
DiploWin,0xB1C,field_B1C,4,
DiploWin,0xB20,field_B20,4,
DiploWin,0xB24,field_B24,4,
DiploWin,0xB28,field_B28,4,
DiploWin,0xB2C,field_B2C,4,
DiploWin,0xB30,field_B30,4,
DiploWin,0xB34,field_B34,4,
DiploWin,0xB38,field_B38,4,
DiploWin,0xB3C,field_B3C,4,
DiploWin,0xB40,field_B40,4,
DiploWin,0xB44,field_B44,4,
DiploWin,0xB48,field_B48,4,
DiploWin,0xB4C,field_B4C,4,
DiploWin,0xB50,field_B50,4,
DiploWin,0xB54,field_B54,4,
DiploWin,0xB58,field_B58,4,
DiploWin,0xB5C,field_B5C,4,
DiploWin,0xB60,field_B60,4,
DiploWin,0xB64,field_B64,4,
DiploWin,0xB68,field_B68,4,
DiploWin,0xB6C,field_B6C,4,
DiploWin,0xB70,field_B70,4,
DiploWin,0xB74,field_B74,4,
DiploWin,0xB78,field_B78,4,
DiploWin,0xB7C,field_B7C,4,
DiploWin,0xB80,field_B80,4,
DiploWin,0xB84,field_B84,4,
DiploWin,0xB88,field_B88,4,
DiploWin,0xB8C,field_B8C,4,
DiploWin,0xB90,field_B90,4,
DiploWin,0xB94,field_B94,4,
DiploWin,0xB98,field_B98,4,
DiploWin,0xB9C,field_B9C,4,
DiploWin,0xBA0,field_BA0,4,
DiploWin,0xBA4,field_BA4,4,
DiploWin,0xBA8,field_BA8,4,
DiploWin,0xBAC,field_BAC,4,
DiploWin,0xBB0,field_BB0,4,
DiploWin,0xBB4,field_BB4,4,
DiploWin,0xBB8,field_BB8,4,
DiploWin,0xBBC,field_BBC,4,
DiploWin,0xBC0,field_BC0,4,
DiploWin,0xBC4,field_BC4,4,
DiploWin,0xBC8,field_BC8,4,
DiploWin,0xBCC,field_BCC,4,
DiploWin,0xBD0,field_BD0,4,
DiploWin,0xBD4,field_BD4,4,
DiploWin,0xBD8,field_BD8,4,
DiploWin,0xBDC,field_BDC,4,
DiploWin,0xBE0,field_BE0,4,
DiploWin,0xBE4,field_BE4,4,
DiploWin,0xBE8,field_BE8,4,
DiploWin,0xBEC,field_BEC,4,
DiploWin,0xBF0,field_BF0,4,
DiploWin,0xBF4,field_BF4,4,
DiploWin,0xBF8,field_BF8,4,
DiploWin,0xBFC,field_BFC,4,
DiploWin,0xC00,field_C00,4,
DiploWin,0xC04,field_C04,4,
DiploWin,0xC08,field_C08,4,
DiploWin,0xC0C,field_C0C,4,
DiploWin,0xC10,field_C10,4,
DiploWin,0xC14,field_C14,4,
DiploWin,0xC18,field_C18,4,
DiploWin,0xC1C,field_C1C,4,
DiploWin,0xC20,field_C20,4,
DiploWin,0xC24,field_C24,4,
DiploWin,0xC28,field_C28,4,
DiploWin,0xC2C,field_C2C,4,
DiploWin,0xC30,field_C30,4,
DiploWin,0xC34,field_C34,4,
DiploWin,0xC38,field_C38,4,
DiploWin,0xC3C,field_C3C,4,
DiploWin,0xC40,field_C40,4,
DiploWin,0xC44,field_C44,4,
DiploWin,0xC48,field_C48,4,
DiploWin,0xC4C,field_C4C,4,
DiploWin,0xC50,field_C50,4,
DiploWin,0xC54,field_C54,4,
DiploWin,0xC58,field_C58,4,
DiploWin,0xC5C,field_C5C,4,
DiploWin,0xC60,field_C60,4,
DiploWin,0xC64,field_C64,4,
DiploWin,0xC68,field_C68,4,
DiploWin,0xC6C,field_C6C,4,
DiploWin,0xC70,field_C70,4,
DiploWin,0xC74,field_C74,4,
DiploWin,0xC78,field_C78,4,
DiploWin,0xC7C,field_C7C,4,
DiploWin,0xC80,field_C80,4,
DiploWin,0xC84,field_C84,4,
DiploWin,0xC88,field_C88,4,
DiploWin,0xC8C,field_C8C,4,
DiploWin,0xC90,field_C90,4,
DiploWin,0xC94,field_C94,4,
DiploWin,0xC98,field_C98,4,
DiploWin,0xC9C,field_C9C,4,
DiploWin,0xCA0,field_CA0,4,
DiploWin,0xCA4,field_CA4,4,
DiploWin,0xCA8,field_CA8,4,
DiploWin,0xCAC,field_CAC,4,
DiploWin,0xCB0,field_CB0,4,
DiploWin,0xCB4,field_CB4,4,
DiploWin,0xCB8,field_CB8,4,
DiploWin,0xCBC,field_CBC,4,
DiploWin,0xCC0,field_CC0,4,
DiploWin,0xCC4,field_CC4,4,
DiploWin,0xCC8,field_CC8,4,
DiploWin,0xCCC,field_CCC,4,
DiploWin,0xCD0,field_CD0,4,
DiploWin,0xCD4,field_CD4,4,
DiploWin,0xCD8,field_CD8,4,
DiploWin,0xCDC,field_CDC,4,
DiploWin,0xCE0,field_CE0,4,
DiploWin,0xCE4,field_CE4,4,
DiploWin,0xCE8,field_CE8,4,
DiploWin,0xCEC,field_CEC,4,
DiploWin,0xCF0,field_CF0,4,
DiploWin,0xCF4,field_CF4,4,
DiploWin,0xCF8,field_CF8,4,
DiploWin,0xCFC,field_CFC,4,
DiploWin,0xD00,field_D00,4,
DiploWin,0xD04,field_D04,4,
DiploWin,0xD08,field_D08,4,
DiploWin,0xD0C,field_D0C,4,
DiploWin,0xD10,field_D10,4,
DiploWin,0xD14,field_D14,4,
DiploWin,0xD18,field_D18,4,
DiploWin,0xD1C,field_D1C,4,
DiploWin,0xD20,field_D20,4,
DiploWin,0xD24,field_D24,4,
DiploWin,0xD28,field_D28,4,
DiploWin,0xD2C,field_D2C,4,
DiploWin,0xD30,field_D30,4,
DiploWin,0xD34,field_D34,4,
DiploWin,0xD38,field_D38,4,
DiploWin,0xD3C,field_D3C,4,
DiploWin,0xD40,field_D40,4,
DiploWin,0xD44,field_D44,4,
DiploWin,0xD48,field_D48,4,
DiploWin,0xD4C,field_D4C,4,
DiploWin,0xD50,field_D50,4,
DiploWin,0xD54,field_D54,4,
DiploWin,0xD58,field_D58,4,
DiploWin,0xD5C,field_D5C,4,
DiploWin,0xD60,field_D60,4,
DiploWin,0xD64,field_D64,4,
DiploWin,0xD68,field_D68,4,
DiploWin,0xD6C,field_D6C,4,
DiploWin,0xD70,field_D70,4,
DiploWin,0xD74,field_D74,4,
DiploWin,0xD78,field_D78,4,
DiploWin,0xD7C,field_D7C,4,
DiploWin,0xD80,field_D80,4,
DiploWin,0xD84,field_D84,4,
DiploWin,0xD88,field_D88,4,
DiploWin,0xD8C,field_D8C,4,
DiploWin,0xD90,field_D90,4,
DiploWin,0xD94,field_D94,4,
DiploWin,0xD98,field_D98,4,
DiploWin,0xD9C,field_D9C,4,
DiploWin,0xDA0,field_DA0,4,
DiploWin,0xDA4,field_DA4,4,
DiploWin,0xDA8,field_DA8,4,
DiploWin,0xDAC,field_DAC,4,
DiploWin,0xDB0,field_DB0,4,
DiploWin,0xDB4,field_DB4,4,
DiploWin,0xDB8,field_DB8,4,
DiploWin,0xDBC,field_DBC,4,
DiploWin,0xDC0,field_DC0,4,
DiploWin,0xDC4,field_DC4,4,
DiploWin,0xDC8,field_DC8,4,
DiploWin,0xDCC,field_DCC,4,
DiploWin,0xDD0,field_DD0,4,
DiploWin,0xDD4,field_DD4,4,
DiploWin,0xDD8,field_DD8,4,
DiploWin,0xDDC,field_DDC,4,
DiploWin,0xDE0,field_DE0,4,
DiploWin,0xDE4,field_DE4,4,
DiploWin,0xDE8,field_DE8,4,
DiploWin,0xDEC,field_DEC,4,
DiploWin,0xDF0,field_DF0,4,
DiploWin,0xDF4,field_DF4,4,
DiploWin,0xDF8,field_DF8,4,
DiploWin,0xDFC,field_DFC,4,
DiploWin,0xE00,field_E00,4,
DiploWin,0xE04,field_E04,4,
DiploWin,0xE08,field_E08,4,
DiploWin,0xE0C,field_E0C,4,
DiploWin,0xE10,field_E10,4,
DiploWin,0xE14,field_E14,4,
DiploWin,0xE18,field_E18,4,
DiploWin,0xE1C,field_E1C,4,
DiploWin,0xE20,field_E20,4,
DiploWin,0xE24,field_E24,4,
DiploWin,0xE28,field_E28,4,
DiploWin,0xE2C,field_E2C,4,
DiploWin,0xE30,field_E30,4,
DiploWin,0xE34,field_E34,4,
DiploWin,0xE38,field_E38,4,
DiploWin,0xE3C,field_E3C,4,
DiploWin,0xE40,field_E40,4,
DiploWin,0xE44,field_E44,4,
DiploWin,0xE48,field_E48,4,
DiploWin,0xE4C,field_E4C,4,
DiploWin,0xE50,field_E50,4,
DiploWin,0xE54,field_E54,4,
DiploWin,0xE58,field_E58,4,
DiploWin,0xE5C,field_E5C,4,
DiploWin,0xE60,field_E60,4,
DiploWin,0xE64,field_E64,4,
DiploWin,0xE68,field_E68,4,
DiploWin,0xE6C,field_E6C,4,
DiploWin,0xE70,field_E70,4,
DiploWin,0xE74,field_E74,4,
DiploWin,0xE78,field_E78,4,
DiploWin,0xE7C,field_E7C,4,
DiploWin,0xE80,field_E80,4,
DiploWin,0xE84,field_E84,4,
DiploWin,0xE88,field_E88,4,
DiploWin,0xE8C,field_E8C,4,
DiploWin,0xE90,field_E90,4,
DiploWin,0xE94,field_E94,4,
DiploWin,0xE98,field_E98,4,
DiploWin,0xE9C,field_E9C,4,
DiploWin,0xEA0,field_EA0,4,
DiploWin,0xEA4,field_EA4,4,
DiploWin,0xEA8,field_EA8,4,
DiploWin,0xEAC,field_EAC,4,
DiploWin,0xEB0,field_EB0,4,
DiploWin,0xEB4,field_EB4,4,
DiploWin,0xEB8,field_EB8,4,
DiploWin,0xEBC,field_EBC,4,
DiploWin,0xEC0,field_EC0,4,
DiploWin,0xEC4,field_EC4,4,
DiploWin,0xEC8,field_EC8,4,
DiploWin,0xECC,field_ECC,4,
DiploWin,0xED0,spot,12,
DiploWin,0xEDC,field_EDC,4,
DiploWin,0xEE0,field_EE0,4,
DiploWin,0xEE4,field_EE4,4,
DiploWin,0xEE8,field_EE8,4,
DiploWin,0xEEC,field_EEC,4,
DiploWin,0xEF0,field_EF0,4,
DiploWin,0xEF4,field_EF4,4,
DiploWin,0xEF8,field_EF8,4,
DiploWin,0xEFC,field_EFC,4,
DiploWin,0xF00,field_F00,4,
DiploWin,0xF04,field_F04,4,
DiploWin,0xF08,field_F08,4,
DiploWin,0xF0C,field_F0C,4,
DiploWin,0xF10,field_F10,4,
DiploWin,0xF14,field_F14,4,
DiploWin,0xF18,field_F18,4,
DiploWin,0xF1C,field_F1C,4,
DiploWin,0xF20,field_F20,4,
DiploWin,0xF24,field_F24,4,
DiploWin,0xF28,field_F28,4,
DiploWin,0xF2C,field_F2C,4,
DiploWin,0xF30,field_F30,4,
DiploWin,0xF34,field_F34,4,
DiploWin,0xF38,field_F38,4,
DiploWin,0xF3C,field_F3C,4,
DiploWin,0xF40,field_F40,4,
DiploWin,0xF44,field_F44,4,
DiploWin,0xF48,field_F48,4,
DiploWin,0xF4C,field_F4C,4,
DiploWin,0xF50,field_F50,4,
DiploWin,0xF54,field_F54,4,
DiploWin,0xF58,field_F58,4,
DiploWin,0xF5C,field_F5C,4,
DiploWin,0xF60,field_F60,4,
DiploWin,0xF64,field_F64,4,
DiploWin,0xF68,field_F68,4,
DiploWin,0xF6C,field_F6C,4,
DiploWin,0xF70,field_F70,4,
DiploWin,0xF74,field_F74,4,
DiploWin,0xF78,field_F78,4,
DiploWin,0xF7C,field_F7C,4,
DiploWin,0xF80,field_F80,4,
DiploWin,0xF84,field_F84,4,
DiploWin,0xF88,field_F88,4,
DiploWin,0xF8C,field_F8C,4,
DiploWin,0xF90,field_F90,4,
DiploWin,0xF94,field_F94,4,
DiploWin,0xF98,field_F98,4,
DiploWin,0xF9C,field_F9C,4,
DiploWin,0xFA0,field_FA0,4,
DiploWin,0xFA4,field_FA4,4,
DiploWin,0xFA8,field_FA8,4,
DiploWin,0xFAC,field_FAC,4,
DiploWin,0xFB0,field_FB0,4,
DiploWin,0xFB4,field_FB4,4,
DiploWin,0xFB8,field_FB8,4,
DiploWin,0xFBC,field_FBC,4,
DiploWin,0xFC0,field_FC0,4,
DiploWin,0xFC4,field_FC4,4,
DiploWin,0xFC8,field_FC8,4,
DiploWin,0xFCC,field_FCC,4,
DiploWin,0xFD0,field_FD0,4,
DiploWin,0xFD4,field_FD4,4,
DiploWin,0xFD8,field_FD8,4,
DiploWin,0xFDC,field_FDC,4,
DiploWin,0xFE0,field_FE0,4,
DiploWin,0xFE4,field_FE4,4,
DiploWin,0xFE8,field_FE8,4,
DiploWin,0xFEC,field_FEC,4,
DiploWin,0xFF0,field_FF0,4,
DiploWin,0xFF4,field_FF4,4,
DiploWin,0xFF8,field_FF8,4,
DiploWin,0xFFC,field_FFC,4,
DiploWin,0x1000,field_1000,4,
DiploWin,0x1004,field_1004,4,
DiploWin,0x1008,field_1008,4,
DiploWin,0x100C,field_100C,4,
DiploWin,0x1010,field_1010,4,
DiploWin,0x1014,field_1014,4,
DiploWin,0x1018,field_1018,4,
DiploWin,0x101C,field_101C,4,
DiploWin,0x1020,field_1020,4,
DiploWin,0x1024,field_1024,4,
DiploWin,0x1028,field_1028,4,
DiploWin,0x102C,field_102C,4,
DiploWin,0x1030,field_1030,4,
DiploWin,0x1034,field_1034,4,
DiploWin,0x1038,field_1038,4,
DiploWin,0x103C,field_103C,4,
DiploWin,0x1040,field_1040,4,
DiploWin,0x1044,field_1044,4,
DiploWin,0x1048,field_1048,4,
DiploWin,0x104C,field_104C,4,
DiploWin,0x1050,field_1050,4,
DiploWin,0x1054,field_1054,4,
DiploWin,0x1058,field_1058,4,
DiploWin,0x105C,field_105C,4,
DiploWin,0x1060,field_1060,4,
DiploWin,0x1064,field_1064,4,
DiploWin,0x1068,field_1068,4,
DiploWin,0x106C,field_106C,4,
DiploWin,0x1070,field_1070,4,
DiploWin,0x1074,field_1074,4,
DiploWin,0x1078,field_1078,4,
DiploWin,0x107C,field_107C,4,
DiploWin,0x1080,field_1080,4,
DiploWin,0x1084,field_1084,4,
DiploWin,0x1088,field_1088,4,
DiploWin,0x108C,field_108C,4,
DiploWin,0x1090,field_1090,4,
DiploWin,0x1094,field_1094,4,
DiploWin,0x1098,field_1098,4,
DiploWin,0x109C,field_109C,4,
DiploWin,0x10A0,field_10A0,4,
DiploWin,0x10A4,field_10A4,4,
DiploWin,0x10A8,field_10A8,4,
DiploWin,0x10AC,flatButtons,37596,
DiploWin,0xA388,stringBox,11168,
DiploWin,0xCF28,listBox,2900,
DiploWin,0xDA7C,editBox,2932,
EditBox,0x0,graphicWin,2580,
EditBox,0xA14,field_A14,4,
EditBox,0xA18,field_A18,4,
EditBox,0xA1C,field_A1C,4,
EditBox,0xA20,field_A20,4,
EditBox,0xA24,field_A24,4,
EditBox,0xA28,field_A28,4,
EditBox,0xA2C,field_A2C,4,
EditBox,0xA30,field_A30,4,
EditBox,0xA34,field_A34,4,
EditBox,0xA38,field_A38,4,
EditBox,0xA3C,field_A3C,4,
EditBox,0xA40,field_A40,4,
EditBox,0xA44,field_A44,4,
EditBox,0xA48,field_A48,4,
EditBox,0xA4C,field_A4C,4,
EditBox,0xA50,field_A50,4,
EditBox,0xA54,field_A54,4,
EditBox,0xA58,field_A58,4,
EditBox,0xA5C,field_A5C,4,
EditBox,0xA60,field_A60,4,
EditBox,0xA64,field_A64,4,
EditBox,0xA68,field_A68,4,
EditBox,0xA6C,field_A6C,4,
EditBox,0xA70,field_A70,4,
EditBox,0xA74,field_A74,4,
EditBox,0xA78,field_A78,4,
EditBox,0xA7C,field_A7C,4,
EditBox,0xA80,field_A80,4,
EditBox,0xA84,field_A84,4,
EditBox,0xA88,field_A88,4,
EditBox,0xA8C,field_A8C,4,
EditBox,0xA90,field_A90,4,
EditBox,0xA94,field_A94,4,
EditBox,0xA98,field_A98,4,
EditBox,0xA9C,field_A9C,4,
EditBox,0xAA0,field_AA0,4,
EditBox,0xAA4,field_AA4,4,
EditBox,0xAA8,field_AA8,4,
EditBox,0xAAC,field_AAC,4,
EditBox,0xAB0,field_AB0,4,
EditBox,0xAB4,field_AB4,4,
EditBox,0xAB8,field_AB8,4,
EditBox,0xABC,field_ABC,4,
EditBox,0xAC0,field_AC0,4,
EditBox,0xAC4,field_AC4,4,
EditBox,0xAC8,field_AC8,4,
EditBox,0xACC,field_ACC,4,
EditBox,0xAD0,field_AD0,4,
EditBox,0xAD4,field_AD4,4,
EditBox,0xAD8,field_AD8,4,
EditBox,0xADC,field_ADC,4,
EditBox,0xAE0,field_AE0,4,
EditBox,0xAE4,field_AE4,4,
EditBox,0xAE8,field_AE8,4,
EditBox,0xAEC,field_AEC,4,
EditBox,0xAF0,field_AF0,4,
EditBox,0xAF4,field_AF4,4,
EditBox,0xAF8,field_AF8,4,
EditBox,0xAFC,field_AFC,4,
EditBox,0xB00,field_B00,4,
EditBox,0xB04,field_B04,4,
EditBox,0xB08,field_B08,4,
EditBox,0xB0C,field_B0C,4,
EditBox,0xB10,field_B10,4,
EditBox,0xB14,field_B14,4,
EditBox,0xB18,field_B18,4,
EditBox,0xB1C,field_B1C,4,
EditBox,0xB20,field_B20,4,
EditBox,0xB24,field_B24,4,
EditBox,0xB28,field_B28,4,
EditBox,0xB2C,field_B2C,4,
EditBox,0xB30,field_B30,4,
EditBox,0xB34,field_B34,4,
EditBox,0xB38,field_B38,4,
EditBox,0xB3C,field_B3C,4,
EditBox,0xB40,field_B40,4,
EditBox,0xB44,field_B44,4,
EditBox,0xB48,field_B48,4,
EditBox,0xB4C,time,40,
EditGroup,0x0,field_0,4,
EditGroup,0x4,field_4,4,
EditGroup,0x8,field_8,4,
EditGroup,0xC,field_Cp,4,
EditGroup,0x10,spot,12,
EditGroup,0x1C,field_1C,4,
EditGroup,0x20,field_20,4,
EditGroup,0x24,field_24,4,
EditGroup,0x28,field_28,4,
EditGroup,0x2C,field_2C,4,
EditGroup,0x30,field_30,4,
EditGroup,0x34,field_34,4,
EditGroup,0x38,field_38,4,
EditGroup,0x3C,field_3C,4,
EditGroup,0x40,field_40p,4,
EditGroup,0x44,field_44p,4,
EditGroup,0x48,field_48p,4,
EditGroup,0x4C,field_4C,4,
EditGroup,0x50,field_50,4,
EditGroup,0x54,field_54,4,
EditGroup,0x58,field_58,4,
EditGroup,0x5C,field_5C,4,
EditGroup,0x60,field_60,4,
EditGroup,0x64,field_64,4,
EditGroup,0x68,field_68,4,
EditGroup,0x6C,field_6C,4,
EditGroup,0x70,field_70,4,
EditGroup,0x74,field_74,4,
EditGroup,0x78,field_78,4,
EditGroup,0x7C,field_7C,4,
EditGroup,0x80,field_80,4,
EditGroup,0x84,field_84,4,
EditGroup,0x88,field_88p,4,
EditGroup,0x8C,graphicWin,2580,
EditGroup,0xAA0,field_AA0p,4,
EditGroup,0xAA4,dialog,244,
Effect,0x0,wave,108,
FX,0x0,effects,10476,
FX,0x28EC,field_28EC,4,
FactionAmbience,0x0,ambience,88,
FactionAmbience,0x58,field_58,4,
FactionAmbience,0x5C,field_5C,4,
FactionAmbience,0x60,field_60,4,
FactionAmbience,0x64,field_64,4,
FactionAmbience,0x68,field_68,4,
FactionAmbience,0x6C,field_6C,1,
FactionAmbience,0x6D,field_6D,1,
FactionAmbience,0x6E,field_70,4,
FameWin,0x0,graphicWin,2580,
FameWin,0xA14,field_A14,4,
FameWin,0xA18,field_A18,4,
FameWin,0xA1C,field_A1C,4,
FameWin,0xA20,field_A20,4,
FameWin,0xA24,field_A24,4,
FameWin,0xA28,field_A28,4,
FameWin,0xA2C,field_A2C,4,
FameWin,0xA30,field_A30,4,
FameWin,0xA34,field_A34,4,
FameWin,0xA38,field_A38,4,
FameWin,0xA3C,field_A3C,4,
FameWin,0xA40,field_A40,4,
FameWin,0xA44,field_A44,4,
FameWin,0xA48,field_A48,4,
FameWin,0xA4C,factionID,4,
FameWin,0xA50,spot,12,
FameWin,0xA5C,flatButtons1,20244,
FameWin,0x5970,buttonGroup,148,
FameWin,0x5A04,flatButtons2,17352,
FameWin,0x9DCC,flatButton3,2892,
FameWin,0xA918,field_A918,4,
FameWin,0xA91C,buffer1,1416,
FameWin,0xAEA4,buffer2,1416,
FameWin,0xB42C,field_B42C,4,
FameWin,0xB430,field_B430,4,
FameWin,0xB434,field_B434,4,
FameWin,0xB438,field_B438,4,
FameWin,0xB43C,field_B43C,4,
FameWin,0xB440,field_B440,4,
FameWin,0xB444,field_B444,4,
FameWin,0xB448,field_B448,4,
FameWin,0xB44C,field_B44C,4,
FameWin,0xB450,field_B450,4,
FameWin,0xB454,field_B454,4,
FameWin,0xB458,field_B458,4,
FameWin,0xB45C,field_B45C,4,
FameWin,0xB460,field_B460,4,
FameWin,0xB464,field_B464,4,
FameWin,0xB468,field_B468,4,
FameWin,0xB46C,field_B46C,4,
FameWin,0xB470,field_B470,4,
FameWin,0xB474,field_B474,4,
FameWin,0xB478,field_B478,4,
FameWin,0xB47C,field_B47C,4,
FameWin,0xB480,field_B480,4,
FameWin,0xB484,field_B484,4,
FameWin,0xB488,field_B488,4,
FameWin,0xB48C,sprites,528,
FileBox,0x0,field_0,260,
FileBox,0x104,def_name,260,
FileBox,0x208,field_208,260,
FileBox,0x30C,filter,260,
FileBox,0x410,ptrFilter,4,
FileBox,0x414,def_ext,4,
FileBox,0x418,field_418,4,
FileWin,0x0,field_0,4,
FileWin,0x4,field_4,4,
FileWin,0x8,field_8,4,
FileWin,0xC,field_C,4,
FileWin,0x10,field_10,4,
FileWin,0x14,field_14,4,
FileWin,0x18,field_18,4,
FileWin,0x1C,field_1C,4,
FileWin,0x20,field_20,4,
FileWin,0x24,field_24,4,
FileWin,0x28,field_28,4,
FileWin,0x2C,field_2C,4,
FileWin,0x30,field_30,4,
FileWin,0x34,field_34,4,
FileWin,0x38,field_38,4,
FileWin,0x3C,field_3C,4,
FileWin,0x40,field_40,4,
FileWin,0x44,field_44,4,
FileWin,0x48,field_48,4,
FileWin,0x4C,field_4C,4,
FileWin,0x50,field_50,4,
FileWin,0x54,field_54,4,
FileWin,0x58,field_58,4,
FileWin,0x5C,field_5C,4,
FileWin,0x60,field_60,4,
FileWin,0x64,field_64,4,
FileWin,0x68,field_68,4,
FileWin,0x6C,field_6C,4,
FileWin,0x70,field_70,4,
FileWin,0x74,field_74,4,
FileWin,0x78,field_78,4,
FileWin,0x7C,field_7C,4,
FileWin,0x80,field_80,4,
FileWin,0x84,field_84,4,
FileWin,0x88,field_88,4,
FileWin,0x8C,field_8C,4,
FileWin,0x90,field_90,4,
FileWin,0x94,field_94,4,
FileWin,0x98,field_98,4,
FileWin,0x9C,field_9C,4,
FileWin,0xA0,field_A0,4,
FileWin,0xA4,field_A4,4,
FileWin,0xA8,field_A8,4,
FileWin,0xAC,field_AC,4,
FileWin,0xB0,field_B0,4,
FileWin,0xB4,field_B4,4,
FileWin,0xB8,field_B8,4,
FileWin,0xBC,field_BC,4,
FileWin,0xC0,field_C0,4,
FileWin,0xC4,field_C4,4,
FileWin,0xC8,field_C8,4,
FileWin,0xCC,field_CC,4,
FileWin,0xD0,field_D0,4,
FileWin,0xD4,field_D4,4,
FileWin,0xD8,field_D8,4,
FileWin,0xDC,field_DC,4,
FileWin,0xE0,field_E0,4,
FileWin,0xE4,field_E4,4,
FileWin,0xE8,field_E8,4,
FileWin,0xEC,field_EC,4,
FileWin,0xF0,field_F0,4,
FileWin,0xF4,field_F4,4,
FileWin,0xF8,field_F8,4,
FileWin,0xFC,field_FC,4,
FileWin,0x100,field_100,4,
FileWin,0x104,field_104,4,
FileWin,0x108,field_108,4,
FileWin,0x10C,field_10C,4,
FileWin,0x110,field_110,4,
FileWin,0x114,field_114,4,
FileWin,0x118,field_118,4,
FileWin,0x11C,field_11C,4,
FileWin,0x120,field_120,4,
FileWin,0x124,field_124,4,
FileWin,0x128,field_128,4,
FileWin,0x12C,field_12C,4,
FileWin,0x130,field_130,4,
FileWin,0x134,field_134,4,
FileWin,0x138,field_138,4,
FileWin,0x13C,field_13C,4,
FileWin,0x140,field_140,4,
FileWin,0x144,field_144,4,
FileWin,0x148,field_148,4,
FileWin,0x14C,field_14C,4,
FileWin,0x150,field_150,4,
FileWin,0x154,field_154,4,
FileWin,0x158,field_158,4,
FileWin,0x15C,field_15C,4,
FileWin,0x160,field_160,4,
FileWin,0x164,field_164,4,
FileWin,0x168,field_168,4,
FileWin,0x16C,field_16C,4,
FileWin,0x170,field_170,4,
FileWin,0x174,field_174,4,
FileWin,0x178,field_178,4,
FileWin,0x17C,field_17C,4,
FileWin,0x180,field_180,4,
FileWin,0x184,field_184,4,
FileWin,0x188,field_188,4,
FileWin,0x18C,field_18C,4,
FileWin,0x190,field_190,4,
FileWin,0x194,field_194,4,
FileWin,0x198,field_198,4,
FileWin,0x19C,field_19C,4,
FileWin,0x1A0,field_1A0,4,
FileWin,0x1A4,field_1A4,4,
FileWin,0x1A8,field_1A8,4,
FileWin,0x1AC,field_1AC,4,
FileWin,0x1B0,field_1B0,4,
FileWin,0x1B4,field_1B4,4,
FileWin,0x1B8,field_1B8,4,
FileWin,0x1BC,field_1BC,4,
FileWin,0x1C0,field_1C0,4,
FileWin,0x1C4,field_1C4,4,
FileWin,0x1C8,field_1C8,4,
FileWin,0x1CC,field_1CC,4,
FileWin,0x1D0,field_1D0,4,
FileWin,0x1D4,field_1D4,4,
FileWin,0x1D8,field_1D8,4,
FileWin,0x1DC,field_1DC,4,
FileWin,0x1E0,field_1E0,4,
FileWin,0x1E4,field_1E4,4,
FileWin,0x1E8,field_1E8,4,
FileWin,0x1EC,field_1EC,4,
FileWin,0x1F0,field_1F0,4,
FileWin,0x1F4,field_1F4,4,
FileWin,0x1F8,field_1F8,4,
FileWin,0x1FC,field_1FC,4,
FileWin,0x200,field_200,4,
FileWin,0x204,field_204,4,
FileWin,0x208,field_208,4,
FileWin,0x20C,field_20C,4,
FileWin,0x210,field_210,4,
FileWin,0x214,field_214,4,
FileWin,0x218,field_218,4,
FileWin,0x21C,field_21C,4,
FileWin,0x220,field_220,4,
FileWin,0x224,field_224,4,
FileWin,0x228,field_228,4,
FileWin,0x22C,field_22C,4,
FileWin,0x230,field_230,4,
FileWin,0x234,field_234,4,
FileWin,0x238,field_238,4,
FileWin,0x23C,field_23C,4,
FileWin,0x240,field_240,4,
FileWin,0x244,field_244,4,
FileWin,0x248,field_248,4,
FileWin,0x24C,field_24C,4,
FileWin,0x250,field_250,4,
FileWin,0x254,field_254,4,
FileWin,0x258,field_258,4,
FileWin,0x25C,field_25C,4,
FileWin,0x260,field_260,4,
FileWin,0x264,field_264,4,
FileWin,0x268,field_268,4,
FileWin,0x26C,field_26C,4,
FileWin,0x270,field_270,4,
FileWin,0x274,field_274,4,
FileWin,0x278,field_278,4,
FileWin,0x27C,field_27C,4,
FileWin,0x280,field_280,4,
FileWin,0x284,field_284,4,
FileWin,0x288,field_288,4,
FileWin,0x28C,field_28C,4,
FileWin,0x290,field_290,4,
FileWin,0x294,field_294,4,
FileWin,0x298,field_298,4,
FileWin,0x29C,field_29C,4,
FileWin,0x2A0,field_2A0,4,
FileWin,0x2A4,field_2A4,4,
FileWin,0x2A8,field_2A8,4,
FileWin,0x2AC,field_2AC,4,
FileWin,0x2B0,field_2B0,4,
FileWin,0x2B4,field_2B4,4,
FileWin,0x2B8,field_2B8,4,
FileWin,0x2BC,field_2BC,4,
FileWin,0x2C0,field_2C0,4,
FileWin,0x2C4,field_2C4,4,
FileWin,0x2C8,field_2C8,4,
FileWin,0x2CC,field_2CC,4,
FileWin,0x2D0,field_2D0,4,
FileWin,0x2D4,field_2D4,4,
FileWin,0x2D8,field_2D8,4,
FileWin,0x2DC,field_2DC,4,
FileWin,0x2E0,field_2E0,4,
FileWin,0x2E4,field_2E4,4,
FileWin,0x2E8,field_2E8,4,
FileWin,0x2EC,field_2EC,4,
FileWin,0x2F0,field_2F0,4,
FileWin,0x2F4,field_2F4,4,
FileWin,0x2F8,field_2F8,4,
FileWin,0x2FC,field_2FC,4,
FileWin,0x300,field_300,4,
FileWin,0x304,field_304,4,
FileWin,0x308,field_308,4,
FileWin,0x30C,field_30C,4,
FileWin,0x310,field_310,4,
FileWin,0x314,field_314,4,
FileWin,0x318,field_318,4,
FileWin,0x31C,field_31C,4,
FileWin,0x320,field_320,4,
FileWin,0x324,field_324,4,
FileWin,0x328,field_328,4,
FileWin,0x32C,field_32C,4,
FileWin,0x330,field_330,4,
FileWin,0x334,field_334,4,
FileWin,0x338,field_338,4,
FileWin,0x33C,field_33C,4,
FileWin,0x340,field_340,4,
FileWin,0x344,field_344,4,
FileWin,0x348,field_348,4,
FileWin,0x34C,field_34C,4,
FileWin,0x350,field_350,4,
FileWin,0x354,field_354,4,
FileWin,0x358,field_358,4,
FileWin,0x35C,field_35C,4,
FileWin,0x360,field_360,4,
FileWin,0x364,field_364,4,
FileWin,0x368,field_368,4,
FileWin,0x36C,field_36C,4,
FileWin,0x370,field_370,4,
FileWin,0x374,field_374,4,
FileWin,0x378,field_378,4,
FileWin,0x37C,field_37C,4,
FileWin,0x380,field_380,4,
FileWin,0x384,field_384,4,
FileWin,0x388,field_388,4,
FileWin,0x38C,field_38C,4,
FileWin,0x390,field_390,4,
FileWin,0x394,field_394,4,
FileWin,0x398,field_398,4,
FileWin,0x39C,field_39C,4,
FileWin,0x3A0,field_3A0,4,
FileWin,0x3A4,field_3A4,4,
FileWin,0x3A8,field_3A8,4,
FileWin,0x3AC,field_3AC,4,
FileWin,0x3B0,field_3B0,4,
FileWin,0x3B4,field_3B4,4,
FileWin,0x3B8,field_3B8,4,
FileWin,0x3BC,field_3BC,4,
FileWin,0x3C0,field_3C0,4,
FileWin,0x3C4,field_3C4,4,
FileWin,0x3C8,field_3C8,4,
FileWin,0x3CC,field_3CC,4,
FileWin,0x3D0,field_3D0,4,
FileWin,0x3D4,field_3D4,4,
FileWin,0x3D8,field_3D8,4,
FileWin,0x3DC,field_3DC,4,
FileWin,0x3E0,field_3E0,4,
FileWin,0x3E4,field_3E4,4,
FileWin,0x3E8,field_3E8,4,
FileWin,0x3EC,field_3EC,4,
FileWin,0x3F0,field_3F0,4,
FileWin,0x3F4,field_3F4,4,
FileWin,0x3F8,field_3F8,4,
FileWin,0x3FC,field_3FC,4,
FileWin,0x400,field_400,4,
FileWin,0x404,field_404,4,
FileWin,0x408,field_408,4,
FileWin,0x40C,field_40C,4,
FileWin,0x410,field_410,4,
FileWin,0x414,field_414,4,
FileWin,0x418,field_418,4,
FileWin,0x41C,field_41C,4,
FileWin,0x420,field_420,4,
FileWin,0x424,field_424,4,
FileWin,0x428,field_428,4,
FileWin,0x42C,field_42C,4,
FileWin,0x430,field_430,4,
FileWin,0x434,field_434,4,
FileWin,0x438,field_438,4,
FileWin,0x43C,field_43C,4,
FileWin,0x440,field_440,4,
FileWin,0x444,field_444,4,
FileWin,0x448,field_448,4,
FileWin,0x44C,field_44C,4,
FileWin,0x450,field_450,4,
FileWin,0x454,field_454,4,
FileWin,0x458,field_458,4,
FileWin,0x45C,field_45C,4,
FileWin,0x460,field_460,4,
FileWin,0x464,field_464,4,
FileWin,0x468,field_468,4,
FileWin,0x46C,field_46C,4,
FileWin,0x470,field_470,4,
FileWin,0x474,field_474,4,
FileWin,0x478,field_478,4,
FileWin,0x47C,field_47C,4,
FileWin,0x480,field_480,4,
FileWin,0x484,field_484,4,
FileWin,0x488,field_488,4,
FileWin,0x48C,field_48C,4,
FileWin,0x490,field_490,4,
FileWin,0x494,field_494,4,
FileWin,0x498,field_498,4,
FileWin,0x49C,field_49C,4,
FileWin,0x4A0,field_4A0,4,
FileWin,0x4A4,field_4A4,4,
FileWin,0x4A8,field_4A8,4,
FileWin,0x4AC,field_4AC,4,
FileWin,0x4B0,field_4B0,4,
FileWin,0x4B4,field_4B4,4,
FileWin,0x4B8,field_4B8,4,
FileWin,0x4BC,field_4BC,4,
FileWin,0x4C0,field_4C0,4,
FileWin,0x4C4,field_4C4,4,
FileWin,0x4C8,field_4C8,4,
FileWin,0x4CC,field_4CC,4,
FileWin,0x4D0,field_4D0,4,
FileWin,0x4D4,field_4D4,4,
FileWin,0x4D8,field_4D8,4,
FileWin,0x4DC,field_4DC,4,
FileWin,0x4E0,field_4E0,4,
FileWin,0x4E4,field_4E4,4,
FileWin,0x4E8,field_4E8,4,
FileWin,0x4EC,field_4EC,4,
FileWin,0x4F0,field_4F0,4,
FileWin,0x4F4,field_4F4,4,
FileWin,0x4F8,field_4F8,4,
FileWin,0x4FC,field_4FC,4,
FileWin,0x500,field_500,4,
FileWin,0x504,field_504,4,
FileWin,0x508,field_508,4,
FileWin,0x50C,field_50C,4,
FileWin,0x510,field_510,4,
FileWin,0x514,field_514,4,
FileWin,0x518,field_518,4,
FileWin,0x51C,field_51C,4,
FileWin,0x520,field_520,4,
FileWin,0x524,field_524,4,
FileWin,0x528,field_528,4,
FileWin,0x52C,field_52C,4,
FileWin,0x530,field_530,1,
FileWin,0x531,field_531,1,
FileWin,0x532,field_532,1,
FileWin,0x533,field_533,1,
FileWin,0x534,field_534,4,
FileWin,0x538,field_538,4,
FileWin,0x53C,field_53C,4,
FileWin,0x540,field_540,4,
FileWin,0x544,field_544,4,
FileWin,0x548,field_548,4,
FileWin,0x54C,field_54C,4,
FileWin,0x550,field_550,4,
FileWin,0x554,field_554,4,
FileWin,0x558,field_558,4,
FileWin,0x55C,field_55C,4,
FileWin,0x560,field_560,4,
FileWin,0x564,field_564,4,
FileWin,0x568,field_568,4,
FileWin,0x56C,field_56C,4,
FileWin,0x570,field_570,4,
FileWin,0x574,field_574,4,
FileWin,0x578,field_578,4,
FileWin,0x57C,field_57C,4,
FileWin,0x580,field_580,4,
FileWin,0x584,field_584,4,
FileWin,0x588,field_588,4,
FileWin,0x58C,field_58C,4,
FileWin,0x590,field_590,4,
FileWin,0x594,field_594,4,
FileWin,0x598,field_598,4,
FileWin,0x59C,field_59C,4,
FileWin,0x5A0,field_5A0,4,
FileWin,0x5A4,field_5A4,4,
FileWin,0x5A8,field_5A8,4,
FileWin,0x5AC,field_5AC,4,
FileWin,0x5B0,field_5B0,4,
FileWin,0x5B4,field_5B4,4,
FileWin,0x5B8,field_5B8,4,
FileWin,0x5BC,field_5BC,4,
FileWin,0x5C0,field_5C0,4,
FileWin,0x5C4,field_5C4,4,
FileWin,0x5C8,field_5C8,4,
FileWin,0x5CC,field_5CC,4,
FileWin,0x5D0,field_5D0,4,
FileWin,0x5D4,field_5D4,4,
FileWin,0x5D8,field_5D8,4,
FileWin,0x5DC,field_5DC,4,
FileWin,0x5E0,field_5E0,4,
FileWin,0x5E4,field_5E4,4,
FileWin,0x5E8,field_5E8,4,
FileWin,0x5EC,field_5EC,4,
FileWin,0x5F0,field_5F0,4,
FileWin,0x5F4,field_5F4,4,
FileWin,0x5F8,field_5F8,4,
FileWin,0x5FC,field_5FC,4,
FileWin,0x600,field_600,4,
FileWin,0x604,field_604,4,
FileWin,0x608,field_608,4,
FileWin,0x60C,field_60C,4,
FileWin,0x610,field_610,4,
FileWin,0x614,field_614,4,
FileWin,0x618,field_618,4,
FileWin,0x61C,field_61C,4,
FileWin,0x620,field_620,4,
FileWin,0x624,field_624,4,
FileWin,0x628,field_628,4,
FileWin,0x62C,field_62C,4,
FileWin,0x630,field_630,4,
FileWin,0x634,field_634,4,
FileWin,0x638,field_638,4,
FileWin,0x63C,field_63C,4,
FileWin,0x640,field_640,4,
FileWin,0x644,field_644,4,
FileWin,0x648,field_648,4,
FileWin,0x64C,field_64C,4,
FileWin,0x650,field_650,4,
FileWin,0x654,field_654,4,
FileWin,0x658,field_658,4,
FileWin,0x65C,field_65C,4,
FileWin,0x660,flatButton1,2892,
FileWin,0x11AC,flatButton2,2892,
FileWin,0x1CF8,editBox,2932,
FileWin,0x286C,listBox,2900,
FileWin,0x33C0,field_33C0,4,
Filefind,0x0,cdPath,256,
Filefind,0x100,altPath,256,
Filefind,0x200,lastPath,256,
Filefind,0x300,exeDir,256,
Filefind,0x400,relativePath,256,
Filemap,0x0,mapViewAddr,4,
Filemap,0x4,hFile,4,
Filemap,0x8,hFileMap,4,
Filemap,0xC,fileSize,4,
FlatButton,0x0,baseButton,2744,
FlatButton,0xAB8,field_AB8,4,
FlatButton,0xABC,field_ABC,4,
FlatButton,0xAC0,field_AC0,4,
FlatButton,0xAC4,field_AC4,4,
FlatButton,0xAC8,field_AC8,4,
FlatButton,0xACC,field_ACC,4,
FlatButton,0xAD0,field_AD0,4,
FlatButton,0xAD4,field_AD4,4,
FlatButton,0xAD8,field_AD8,4,
FlatButton,0xADC,field_ADC,4,
FlatButton,0xAE0,sprite0,4,
FlatButton,0xAE4,field_AE4,4,
FlatButton,0xAE8,field_AE8,4,
FlatButton,0xAEC,field_AEC,4,
FlatButton,0xAF0,field_AF0,4,
FlatButton,0xAF4,field_AF4,4,
FlatButton,0xAF8,field_AF8,4,
FlatButton,0xAFC,field_AFC,4,
FlatButton,0xB00,field_B00,4,
FlatButton,0xB04,field_B04,4,
FlatButton,0xB08,field_B08,4,
FlatButton,0xB0C,field_B0C,4,
FlatButton,0xB10,sprite1,4,
FlatButton,0xB14,sprite2,4,
FlatButton,0xB18,sprite3,4,
FlatButton,0xB1C,field_B1C,4,
FlatButton,0xB20,field_B20,4,
FlatButton,0xB24,field_B24,4,
FlatButton,0xB28,field_B28,4,
FlatButton,0xB2C,field_B2C,4,
FlatButton,0xB30,field_B30,4,
FlatButton,0xB34,field_B34,4,
FlatButton,0xB38,field_B38,4,
FlatButton,0xB3C,field_B3C,4,
FlatButton,0xB40,field_B40,4,
FlatButton,0xB44,field_B44,4,
FlatButton,0xB48,field_B48,4,
Flic,0x0,field_0,4,
Flic,0x4,buffer,1416,
Flic,0x58C,field_58C,4,
Flic,0x590,field_590,4,
Flic,0x594,field_594,4,
Flic,0x598,field_598,4,
Flic,0x59C,field_59C,4,
Flic,0x5A0,field_5A0,4,
Flic,0x5A4,field_5A4,4,
Flic,0x5A8,ptrBuffer2,4,
Flic,0x5AC,field_5AC,4,
Flic,0x5B0,field_5B0,4,
Flic,0x5B4,field_5B4,4,
Flic,0x5B8,file,4,
Flic,0x5BC,palette,4,
Flic,0x5C0,field_5C0,1316,
Font,0x0,unk1,4,
Font,0x4,toggle,4,
Font,0x8,fontObj,4,HFONT
Font,0xC,lineHeight,4,
Font,0x10,height,4,
Font,0x14,internalLeading,4,
Font,0x18,ascent,4,
Font,0x1C,descent,4,
Font,0x20,pad,4,
Font,0x24,fotFileName,4,
FontQueue,0x0,font1,40,
FontQueue,0x28,font2,40,
FontQueue,0x50,font3,40,
FontQueue,0x78,field_78,4,
FontQueue,0x7C,field_7C,4,
FontQueue,0x80,field_80,4,
FontQueue,0x84,field_84,4,
FontQueue,0x88,field_88,4,
FontQueue,0x8C,field_8C,4,
FontQueue,0x90,field_90,4,
FontQueue,0x94,field_94,4,
FontQueue,0x98,field_98,4,
FontQueue,0x9C,field_9C,4,
GAmbience,0x0,ambience,88,
GAmbience,0x58,field_58,4,
GAmbience,0x5C,field_5C,4,
GAmbience,0x60,field_60,4,
GAmbience,0x64,field_64,4,
GAmbience,0x68,field_68,4,
GAmbience,0x6C,field_6C,1,
GAmbience,0x6D,field_6D,1,
GAmbience,0x6E,field_70,4,
Gamma,0x0,graphicWin,2580,
Gamma,0xA14,rect1,16,
Gamma,0xA24,field_A24,4,
Gamma,0xA28,field_A28,4,
Gamma,0xA2C,field_A2C,4,
Gamma,0xA30,field_A30,4,
Gamma,0xA34,field_A34,4,
Gamma,0xA38,field_A38,4,
Gamma,0xA3C,field_A3C,4,
Gamma,0xA40,field_A40,4,
Gamma,0xA44,field_A44,4,
Gamma,0xA48,field_A48,4,
Gamma,0xA4C,field_A4C,4,
Gamma,0xA50,field_A50,4,
Gamma,0xA54,field_A54,4,
Gamma,0xA58,field_A58,4,
Gamma,0xA5C,field_A5C,4,
Gamma,0xA60,field_A60,4,
Gamma,0xA64,field_A64,4,
Gamma,0xA68,palette,1108,
Gamma,0xEBC,font,40,
Gamma,0xEE4,field_EE4,4,
Gamma,0xEE8,field_EE8,4,
Gamma,0xEEC,field_EEC,4,
Gamma,0xEF0,scroll,8524,
Gamma,0x303C,editBox,2932,
Gamma,0x3BB0,pushButton1,2816,
Gamma,0x46B0,pushButton2,2816,
GraphicWin,0x0,win,1092,
GraphicWin,0x444,buffer,1416,
GraphicWin,0x9CC,field_9CC,4,
GraphicWin,0x9D0,field_9D0,4,
GraphicWin,0x9D4,field_9D4,4,
GraphicWin,0x9D8,field_9D8,4,
GraphicWin,0x9DC,field_9DC,4,
GraphicWin,0x9E0,field_9E0,4,
GraphicWin,0x9E4,field_9E4,4,
GraphicWin,0x9E8,field_9E8,4,
GraphicWin,0x9EC,field_9EC,4,
GraphicWin,0x9F0,field_9F0,4,
GraphicWin,0x9F4,field_9F4,4,
GraphicWin,0x9F8,field_9F8,4,
GraphicWin,0x9FC,field_9FC,4,
GraphicWin,0xA00,field_A00,4,
GraphicWin,0xA04,field_A04,4,
GraphicWin,0xA08,field_A08,4,
GraphicWin,0xA0C,field_A0C,4,
GraphicWin,0xA10,field_A10,4,
Heap,0x0,errFlags,1,
Heap,0x1,basePtr,4,
Heap,0x5,currentPtr,4,
Heap,0x9,baseSize,4,
Heap,0xD,freeSize,4,
ImageButton,0x0,baseButton,2744,
ImageButton,0xAB8,field_AB8,4,
InfoWin,0x0,field_0,4,
InfoWin,0x4,field_4,4,
InfoWin,0x8,field_8,4,
InfoWin,0xC,field_C,4,
InfoWin,0x10,rect1,16,
InfoWin,0x20,rect2,16,
InfoWin,0x30,time,40,
InfoWin,0x58,font,40,
InfoWin,0x80,field_80,4,
InfoWin,0x84,field_84,4,
InfoWin,0x88,field_88,4,
InfoWin,0x8C,field_8C,4,
InfoWin,0x90,field_90,4,
InfoWin,0x94,field_94,4,
InfoWin,0x98,field_98,4,
InfoWin,0x9C,field_9C,4,
InfoWin,0xA0,field_A0,4,
InfoWin,0xA4,field_A4,4,
InfoWin,0xA8,field_A8,4,
InfoWin,0xAC,field_AC,4,
InfoWin,0xB0,field_B0,4,
InfoWin,0xB4,field_B4,4,
InfoWin,0xB8,field_B8,4,
InfoWin,0xBC,field_BC,4,
InfoWin,0xC0,field_C0,4,
InfoWin,0xC4,field_C4,4,
InfoWin,0xC8,field_C8,4,
InfoWin,0xCC,field_CC,4,
InfoWin,0xD0,field_D0,4,
InfoWin,0xD4,field_D4,4,
InfoWin,0xD8,field_D8,4,
InfoWin,0xDC,field_DC,4,
InfoWin,0xE0,field_E0,4,
InfoWin,0xE4,field_E4,4,
InfoWin,0xE8,field_E8,4,
InfoWin,0xEC,field_EC,4,
InfoWin,0xF0,field_F0,4,
InfoWin,0xF4,field_F4,4,
InfoWin,0xF8,field_F8,4,
InfoWin,0xFC,field_FC,4,
InfoWin,0x100,field_100,4,
InfoWin,0x104,field_104,4,
InfoWin,0x108,field_108,4,
InfoWin,0x10C,field_10C,4,
InfoWin,0x110,field_110,4,
InfoWin,0x114,field_114,4,
InfoWin,0x118,field_118,4,
InfoWin,0x11C,field_11C,4,
InfoWin,0x120,field_120,4,
InfoWin,0x124,field_124,4,
InfoWin,0x128,field_128,4,
InfoWin,0x12C,field_12C,4,
InfoWin,0x130,field_130,4,
InfoWin,0x134,field_134,4,
InfoWin,0x138,field_138,4,
InfoWin,0x13C,field_13C,4,
InfoWin,0x140,field_140,4,
InfoWin,0x144,field_144,4,
InfoWin,0x148,field_148,4,
InfoWin,0x14C,field_14C,4,
InfoWin,0x150,field_150,4,
InfoWin,0x154,field_154,4,
InfoWin,0x158,field_158,4,
InfoWin,0x15C,field_15C,4,
InfoWin,0x160,field_160,4,
InfoWin,0x164,field_164,4,
InfoWin,0x168,field_168,4,
InfoWin,0x16C,field_16C,4,
InfoWin,0x170,field_170,4,
InfoWin,0x174,field_174,4,
InfoWin,0x178,field_178,4,
InfoWin,0x17C,field_17C,4,
InfoWin,0x180,field_180,4,
InfoWin,0x184,field_184,4,
InfoWin,0x188,field_188,4,
InfoWin,0x18C,field_18C,4,
InfoWin,0x190,field_190,4,
InfoWin,0x194,field_194,4,
InfoWin,0x198,field_198,4,
InfoWin,0x19C,field_19C,4,
InfoWin,0x1A0,field_1A0,4,
InfoWin,0x1A4,field_1A4,4,
InfoWin,0x1A8,field_1A8,4,
InfoWin,0x1AC,field_1AC,4,
InfoWin,0x1B0,field_1B0,4,
InfoWin,0x1B4,field_1B4,4,
InfoWin,0x1B8,field_1B8,4,
InfoWin,0x1BC,field_1BC,4,
InfoWin,0x1C0,field_1C0,4,
InfoWin,0x1C4,field_1C4,4,
InfoWin,0x1C8,field_1C8,4,
InfoWin,0x1CC,field_1CC,4,
InfoWin,0x1D0,field_1D0,4,
InfoWin,0x1D4,field_1D4,4,
InfoWin,0x1D8,field_1D8,4,
InfoWin,0x1DC,field_1DC,4,
InfoWin,0x1E0,field_1E0,4,
InfoWin,0x1E4,field_1E4,4,
InfoWin,0x1E8,field_1E8,4,
InfoWin,0x1EC,field_1EC,4,
InfoWin,0x1F0,field_1F0,4,
InfoWin,0x1F4,field_1F4,4,
InfoWin,0x1F8,field_1F8,4,
InfoWin,0x1FC,field_1FC,4,
InfoWin,0x200,field_200,4,
InfoWin,0x204,field_204,4,
InfoWin,0x208,field_208,4,
InfoWin,0x20C,field_20C,4,
InfoWin,0x210,field_210,4,
InfoWin,0x214,field_214,4,
InfoWin,0x218,field_218,4,
InfoWin,0x21C,field_21C,4,
InfoWin,0x220,field_220,4,
InfoWin,0x224,field_224,4,
InfoWin,0x228,field_228,4,
InfoWin,0x22C,field_22C,4,
InfoWin,0x230,field_230,4,
InfoWin,0x234,field_234,4,
InfoWin,0x238,field_238,4,
InfoWin,0x23C,field_23C,4,
InfoWin,0x240,field_240,4,
InfoWin,0x244,field_244,4,
InfoWin,0x248,field_248,4,
InfoWin,0x24C,field_24C,4,
InfoWin,0x250,field_250,4,
InfoWin,0x254,field_254,4,
InfoWin,0x258,field_258,4,
InfoWin,0x25C,field_25C,4,
InfoWin,0x260,field_260,4,
InfoWin,0x264,field_264,4,
InfoWin,0x268,field_268,4,
InfoWin,0x26C,field_26C,4,
InfoWin,0x270,field_270,4,
InfoWin,0x274,field_274,4,
InfoWin,0x278,field_278,4,
InfoWin,0x27C,field_27C,4,
InfoWin,0x280,field_280,4,
InfoWin,0x284,field_284,4,
InfoWin,0x288,field_288,4,
InfoWin,0x28C,field_28C,4,
InfoWin,0x290,field_290,4,
InfoWin,0x294,field_294,4,
InfoWin,0x298,field_298,4,
InfoWin,0x29C,field_29C,4,
InfoWin,0x2A0,field_2A0,4,
InfoWin,0x2A4,field_2A4,4,
InfoWin,0x2A8,field_2A8,4,
InfoWin,0x2AC,field_2AC,4,
InfoWin,0x2B0,field_2B0,4,
InfoWin,0x2B4,field_2B4,4,
InfoWin,0x2B8,field_2B8,4,
InfoWin,0x2BC,field_2BC,4,
InfoWin,0x2C0,field_2C0,4,
InfoWin,0x2C4,field_2C4,4,
InfoWin,0x2C8,field_2C8,4,
InfoWin,0x2CC,field_2CC,4,
InfoWin,0x2D0,field_2D0,4,
InfoWin,0x2D4,field_2D4,4,
InfoWin,0x2D8,field_2D8,4,
InfoWin,0x2DC,field_2DC,4,
InfoWin,0x2E0,field_2E0,4,
InfoWin,0x2E4,field_2E4,4,
InfoWin,0x2E8,field_2E8,4,
InfoWin,0x2EC,field_2EC,4,
InfoWin,0x2F0,field_2F0,4,
InfoWin,0x2F4,field_2F4,4,
InfoWin,0x2F8,field_2F8,4,
InfoWin,0x2FC,field_2FC,4,
InfoWin,0x300,field_300,4,
InfoWin,0x304,field_304,4,
InfoWin,0x308,field_308,4,
InfoWin,0x30C,field_30C,4,
InfoWin,0x310,field_310,4,
InfoWin,0x314,field_314,4,
InfoWin,0x318,field_318,4,
InfoWin,0x31C,field_31C,4,
InfoWin,0x320,field_320,4,
InfoWin,0x324,field_324,4,
InfoWin,0x328,field_328,4,
InfoWin,0x32C,field_32C,4,
InfoWin,0x330,field_330,4,
InfoWin,0x334,field_334,4,
InfoWin,0x338,field_338,4,
InfoWin,0x33C,field_33C,4,
InfoWin,0x340,field_340,4,
InfoWin,0x344,field_344,4,
InfoWin,0x348,field_348,4,
InfoWin,0x34C,field_34C,4,
InfoWin,0x350,field_350,4,
InfoWin,0x354,field_354,4,
InfoWin,0x358,field_358,4,
InfoWin,0x35C,field_35C,4,
InfoWin,0x360,field_360,4,
InfoWin,0x364,field_364,4,
InfoWin,0x368,field_368,4,
InfoWin,0x36C,field_36C,4,
InfoWin,0x370,field_370,4,
InfoWin,0x374,field_374,4,
InfoWin,0x378,field_378,4,
InfoWin,0x37C,field_37C,4,
InfoWin,0x380,field_380,4,
InfoWin,0x384,field_384,4,
InfoWin,0x388,field_388,4,
InfoWin,0x38C,field_38C,4,
InfoWin,0x390,field_390,4,
InfoWin,0x394,field_394,4,
InfoWin,0x398,field_398,4,
InfoWin,0x39C,field_39C,4,
InfoWin,0x3A0,field_3A0,4,
InfoWin,0x3A4,field_3A4,4,
InfoWin,0x3A8,field_3A8,4,
InfoWin,0x3AC,field_3AC,4,
InfoWin,0x3B0,field_3B0,4,
InfoWin,0x3B4,field_3B4,4,
InfoWin,0x3B8,field_3B8,4,
InfoWin,0x3BC,field_3BC,4,
InfoWin,0x3C0,field_3C0,4,
InfoWin,0x3C4,field_3C4,4,
InfoWin,0x3C8,field_3C8,4,
InfoWin,0x3CC,field_3CC,4,
InfoWin,0x3D0,field_3D0,4,
InfoWin,0x3D4,field_3D4,4,
InfoWin,0x3D8,field_3D8,4,
InfoWin,0x3DC,field_3DC,4,
InfoWin,0x3E0,field_3E0,4,
InfoWin,0x3E4,field_3E4,4,
InfoWin,0x3E8,field_3E8,4,
InfoWin,0x3EC,field_3EC,4,
InfoWin,0x3F0,field_3F0,4,
InfoWin,0x3F4,field_3F4,4,
InfoWin,0x3F8,field_3F8,4,
InfoWin,0x3FC,field_3FC,4,
InfoWin,0x400,field_400,4,
InfoWin,0x404,field_404,4,
InfoWin,0x408,field_408,4,
InfoWin,0x40C,field_40C,4,
InfoWin,0x410,field_410,4,
InfoWin,0x414,field_414,4,
InfoWin,0x418,field_418,4,
InfoWin,0x41C,field_41C,4,
InfoWin,0x420,field_420,4,
InfoWin,0x424,field_424,4,
InfoWin,0x428,field_428,4,
InfoWin,0x42C,field_42C,4,
InfoWin,0x430,field_430,4,
InfoWin,0x434,field_434,4,
InfoWin,0x438,field_438,4,
InfoWin,0x43C,field_43C,4,
InfoWin,0x440,field_440,4,
InfoWin,0x444,field_444,4,
InfoWin,0x448,field_448,4,
InfoWin,0x44C,field_44C,4,
InfoWin,0x450,field_450,4,
InfoWin,0x454,field_454,4,
InfoWin,0x458,field_458,4,
InfoWin,0x45C,field_45C,4,
InfoWin,0x460,field_460,4,
InfoWin,0x464,field_464,4,
InfoWin,0x468,field_468,4,
InfoWin,0x46C,field_46C,4,
InfoWin,0x470,field_470,4,
InfoWin,0x474,field_474,4,
InfoWin,0x478,field_478,4,
InfoWin,0x47C,field_47C,4,
InfoWin,0x480,field_480,4,
InfoWin,0x484,field_484,4,
InfoWin,0x488,field_488,4,
InfoWin,0x48C,field_48C,4,
InfoWin,0x490,field_490,4,
InfoWin,0x494,field_494,4,
InfoWin,0x498,field_498,4,
InfoWin,0x49C,field_49C,4,
InfoWin,0x4A0,field_4A0,4,
InfoWin,0x4A4,field_4A4,4,
InfoWin,0x4A8,field_4A8,4,
InfoWin,0x4AC,field_4AC,4,
InfoWin,0x4B0,field_4B0,4,
InfoWin,0x4B4,field_4B4,4,
InfoWin,0x4B8,field_4B8,4,
InfoWin,0x4BC,field_4BC,4,
InfoWin,0x4C0,field_4C0,4,
InfoWin,0x4C4,field_4C4,4,
InfoWin,0x4C8,field_4C8,4,
InfoWin,0x4CC,field_4CC,4,
InfoWin,0x4D0,field_4D0,4,
InfoWin,0x4D4,field_4D4,4,
InfoWin,0x4D8,field_4D8,4,
InfoWin,0x4DC,field_4DC,4,
InfoWin,0x4E0,field_4E0,4,
InfoWin,0x4E4,field_4E4,4,
InfoWin,0x4E8,field_4E8,4,
InfoWin,0x4EC,field_4EC,4,
InfoWin,0x4F0,field_4F0,4,
InfoWin,0x4F4,field_4F4,4,
InfoWin,0x4F8,field_4F8,4,
InfoWin,0x4FC,field_4FC,4,
InfoWin,0x500,field_500,4,
InfoWin,0x504,field_504,4,
InfoWin,0x508,field_508,4,
InfoWin,0x50C,field_50C,4,
InfoWin,0x510,field_510,4,
InfoWin,0x514,field_514,4,
InfoWin,0x518,field_518,4,
InfoWin,0x51C,field_51C,4,
InfoWin,0x520,field_520,4,
InfoWin,0x524,field_524,4,
InfoWin,0x528,field_528,4,
InfoWin,0x52C,field_52C,4,
InfoWin,0x530,field_530,4,
InfoWin,0x534,field_534,4,
InfoWin,0x538,field_538,4,
InfoWin,0x53C,field_53C,4,
InfoWin,0x540,field_540,4,
InfoWin,0x544,field_544,4,
InfoWin,0x548,field_548,4,
InfoWin,0x54C,field_54C,4,
InfoWin,0x550,field_550,4,
InfoWin,0x554,field_554,4,
InfoWin,0x558,field_558,4,
InfoWin,0x55C,field_55C,4,
InfoWin,0x560,field_560,4,
InfoWin,0x564,field_564,4,
InfoWin,0x568,field_568,4,
InfoWin,0x56C,field_56C,4,
InfoWin,0x570,field_570,4,
InfoWin,0x574,field_574,4,
InfoWin,0x578,field_578,4,
InfoWin,0x57C,field_57C,4,
InfoWin,0x580,field_580,4,
InfoWin,0x584,field_584,4,
InfoWin,0x588,field_588,4,
InfoWin,0x58C,field_58C,4,
InfoWin,0x590,field_590,4,
InfoWin,0x594,field_594,4,
InfoWin,0x598,field_598,4,
InfoWin,0x59C,field_59C,4,
InfoWin,0x5A0,field_5A0,4,
InfoWin,0x5A4,field_5A4,4,
InfoWin,0x5A8,field_5A8,4,
InfoWin,0x5AC,field_5AC,4,
InfoWin,0x5B0,field_5B0,4,
InfoWin,0x5B4,field_5B4,4,
InfoWin,0x5B8,field_5B8,4,
InfoWin,0x5BC,field_5BC,4,
InfoWin,0x5C0,field_5C0,4,
InfoWin,0x5C4,field_5C4,4,
InfoWin,0x5C8,field_5C8,4,
InfoWin,0x5CC,field_5CC,4,
InfoWin,0x5D0,field_5D0,4,
InfoWin,0x5D4,field_5D4,4,
InfoWin,0x5D8,field_5D8,4,
InfoWin,0x5DC,field_5DC,4,
InfoWin,0x5E0,field_5E0,4,
InfoWin,0x5E4,field_5E4,4,
InfoWin,0x5E8,field_5E8,4,
InfoWin,0x5EC,field_5EC,4,
InfoWin,0x5F0,field_5F0,4,
InfoWin,0x5F4,field_5F4,4,
InfoWin,0x5F8,field_5F8,4,
InfoWin,0x5FC,field_5FC,4,
InfoWin,0x600,field_600,4,
InfoWin,0x604,field_604,4,
InfoWin,0x608,field_608,4,
InfoWin,0x60C,field_60C,4,
InfoWin,0x610,field_610,4,
InfoWin,0x614,field_614,4,
InfoWin,0x618,field_618,4,
InfoWin,0x61C,field_61C,4,
InfoWin,0x620,field_620,4,
InfoWin,0x624,field_624,4,
InfoWin,0x628,field_628,4,
InfoWin,0x62C,field_62C,4,
InfoWin,0x630,field_630,4,
InfoWin,0x634,field_634,4,
InfoWin,0x638,field_638,4,
InfoWin,0x63C,field_63C,4,
InfoWin,0x640,field_640,4,
InfoWin,0x644,field_644,4,
InfoWin,0x648,field_648,4,
InfoWin,0x64C,field_64C,4,
InfoWin,0x650,field_650,4,
InfoWin,0x654,field_654,4,
InfoWin,0x658,field_658,4,
InfoWin,0x65C,field_65C,4,
InfoWin,0x660,field_660,4,
InfoWin,0x664,field_664,4,
InfoWin,0x668,field_668,4,
InfoWin,0x66C,field_66C,4,
InfoWin,0x670,field_670,4,
InfoWin,0x674,field_674,4,
InfoWin,0x678,field_678,4,
InfoWin,0x67C,field_67C,4,
InfoWin,0x680,field_680,4,
InfoWin,0x684,field_684,4,
InfoWin,0x688,field_688,4,
InfoWin,0x68C,field_68C,4,
InfoWin,0x690,field_690,4,
InfoWin,0x694,field_694,4,
InfoWin,0x698,field_698,4,
InfoWin,0x69C,field_69C,4,
InfoWin,0x6A0,field_6A0,4,
InfoWin,0x6A4,field_6A4,4,
InfoWin,0x6A8,field_6A8,4,
InfoWin,0x6AC,field_6AC,4,
InfoWin,0x6B0,field_6B0,4,
InfoWin,0x6B4,field_6B4,4,
InfoWin,0x6B8,field_6B8,4,
InfoWin,0x6BC,field_6BC,4,
InfoWin,0x6C0,field_6C0,4,
InfoWin,0x6C4,field_6C4,4,
InfoWin,0x6C8,field_6C8,4,
InfoWin,0x6CC,field_6CC,4,
InfoWin,0x6D0,field_6D0,4,
InfoWin,0x6D4,field_6D4,4,
InfoWin,0x6D8,field_6D8,4,
InfoWin,0x6DC,field_6DC,4,
InfoWin,0x6E0,field_6E0,4,
InfoWin,0x6E4,field_6E4,4,
InfoWin,0x6E8,field_6E8,4,
InfoWin,0x6EC,field_6EC,4,
InfoWin,0x6F0,field_6F0,4,
InfoWin,0x6F4,field_6F4,4,
InfoWin,0x6F8,field_6F8,4,
InfoWin,0x6FC,field_6FC,4,
InfoWin,0x700,field_700,4,
InfoWin,0x704,field_704,4,
InfoWin,0x708,field_708,4,
InfoWin,0x70C,field_70C,4,
InfoWin,0x710,field_710,4,
InfoWin,0x714,field_714,4,
InfoWin,0x718,field_718,4,
InfoWin,0x71C,field_71C,4,
InfoWin,0x720,field_720,4,
InfoWin,0x724,field_724,4,
InfoWin,0x728,field_728,4,
InfoWin,0x72C,field_72C,4,
InfoWin,0x730,field_730,4,
InfoWin,0x734,field_734,4,
InfoWin,0x738,field_738,4,
InfoWin,0x73C,field_73C,4,
InfoWin,0x740,field_740,4,
InfoWin,0x744,field_744,4,
InfoWin,0x748,field_748,4,
InfoWin,0x74C,field_74C,4,
InfoWin,0x750,field_750,4,
InfoWin,0x754,field_754,4,
InfoWin,0x758,field_758,4,
InfoWin,0x75C,field_75C,4,
InfoWin,0x760,field_760,4,
InfoWin,0x764,field_764,4,
InfoWin,0x768,field_768,4,
InfoWin,0x76C,field_76C,4,
InfoWin,0x770,field_770,4,
InfoWin,0x774,field_774,4,
InfoWin,0x778,field_778,4,
InfoWin,0x77C,field_77C,4,
InfoWin,0x780,field_780,4,
InfoWin,0x784,field_784,4,
InfoWin,0x788,field_788,4,
InfoWin,0x78C,field_78C,4,
InfoWin,0x790,field_790,4,
InfoWin,0x794,field_794,4,
InfoWin,0x798,field_798,4,
InfoWin,0x79C,field_79C,4,
InfoWin,0x7A0,field_7A0,4,
InfoWin,0x7A4,field_7A4,4,
InfoWin,0x7A8,field_7A8,4,
InfoWin,0x7AC,field_7AC,4,
InfoWin,0x7B0,field_7B0,4,
InfoWin,0x7B4,field_7B4,4,
InfoWin,0x7B8,field_7B8,4,
InfoWin,0x7BC,field_7BC,4,
InfoWin,0x7C0,field_7C0,4,
InfoWin,0x7C4,field_7C4,4,
InfoWin,0x7C8,field_7C8,4,
InfoWin,0x7CC,field_7CC,4,
InfoWin,0x7D0,field_7D0,4,
InfoWin,0x7D4,field_7D4,4,
InfoWin,0x7D8,field_7D8,4,
InfoWin,0x7DC,field_7DC,4,
InfoWin,0x7E0,field_7E0,4,
InfoWin,0x7E4,field_7E4,4,
InfoWin,0x7E8,field_7E8,4,
InfoWin,0x7EC,field_7EC,4,
InfoWin,0x7F0,field_7F0,4,
InfoWin,0x7F4,field_7F4,4,
InfoWin,0x7F8,field_7F8,4,
InfoWin,0x7FC,field_7FC,4,
InfoWin,0x800,field_800,4,
InfoWin,0x804,field_804,4,
InfoWin,0x808,field_808,4,
InfoWin,0x80C,field_80C,4,
InfoWin,0x810,field_810,4,
InfoWin,0x814,field_814,4,
InfoWin,0x818,field_818,4,
InfoWin,0x81C,field_81C,4,
InfoWin,0x820,field_820,4,
InfoWin,0x824,field_824,4,
InfoWin,0x828,field_828,4,
InfoWin,0x82C,field_82C,4,
InfoWin,0x830,field_830,4,
InfoWin,0x834,field_834,4,
InfoWin,0x838,field_838,4,
InfoWin,0x83C,field_83C,4,
InfoWin,0x840,field_840,4,
InfoWin,0x844,field_844,4,
InfoWin,0x848,field_848,4,
InfoWin,0x84C,field_84C,4,
InfoWin,0x850,field_850,4,
InfoWin,0x854,field_854,4,
InfoWin,0x858,field_858,4,
InfoWin,0x85C,field_85C,4,
InfoWin,0x860,field_860,4,
InfoWin,0x864,field_864,4,
InfoWin,0x868,field_868,4,
InfoWin,0x86C,field_86C,4,
InfoWin,0x870,field_870,4,
InfoWin,0x874,field_874,4,
InfoWin,0x878,field_878,4,
InfoWin,0x87C,field_87C,4,
InfoWin,0x880,field_880,4,
InfoWin,0x884,field_884,4,
InfoWin,0x888,field_888,4,
InfoWin,0x88C,field_88C,4,
InfoWin,0x890,field_890,4,
InfoWin,0x894,field_894,4,
InfoWin,0x898,field_898,4,
InfoWin,0x89C,field_89C,4,
InfoWin,0x8A0,field_8A0,4,
InfoWin,0x8A4,field_8A4,4,
InfoWin,0x8A8,field_8A8,4,
InfoWin,0x8AC,field_8AC,4,
InfoWin,0x8B0,field_8B0,4,
InfoWin,0x8B4,field_8B4,4,
InfoWin,0x8B8,field_8B8,4,
InfoWin,0x8BC,field_8BC,4,
InfoWin,0x8C0,field_8C0,4,
InfoWin,0x8C4,field_8C4,4,
InfoWin,0x8C8,field_8C8,4,
InfoWin,0x8CC,field_8CC,4,
InfoWin,0x8D0,field_8D0,4,
InfoWin,0x8D4,field_8D4,4,
InfoWin,0x8D8,field_8D8,4,
InfoWin,0x8DC,field_8DC,4,
InfoWin,0x8E0,field_8E0,4,
InfoWin,0x8E4,field_8E4,4,
InfoWin,0x8E8,field_8E8,4,
InfoWin,0x8EC,field_8EC,4,
InfoWin,0x8F0,field_8F0,4,
InfoWin,0x8F4,field_8F4,4,
InfoWin,0x8F8,field_8F8,4,
InfoWin,0x8FC,field_8FC,4,
InfoWin,0x900,field_900,4,
InfoWin,0x904,field_904,4,
InfoWin,0x908,field_908,4,
InfoWin,0x90C,field_90C,4,
InfoWin,0x910,field_910,4,
InfoWin,0x914,field_914,4,
InfoWin,0x918,field_918,4,
InfoWin,0x91C,field_91C,4,
InfoWin,0x920,field_920,4,
InfoWin,0x924,field_924,4,
InfoWin,0x928,field_928,4,
InfoWin,0x92C,field_92C,4,
InfoWin,0x930,field_930,4,
InfoWin,0x934,field_934,4,
InfoWin,0x938,field_938,4,
InfoWin,0x93C,field_93C,4,
InfoWin,0x940,field_940,4,
InfoWin,0x944,field_944,4,
InfoWin,0x948,field_948,4,
InfoWin,0x94C,field_94C,4,
InfoWin,0x950,field_950,4,
InfoWin,0x954,field_954,4,
InfoWin,0x958,field_958,4,
InfoWin,0x95C,field_95C,4,
InfoWin,0x960,field_960,4,
InfoWin,0x964,field_964,4,
InfoWin,0x968,field_968,4,
InfoWin,0x96C,field_96C,4,
InfoWin,0x970,field_970,4,
InfoWin,0x974,field_974,4,
InfoWin,0x978,field_978,4,
InfoWin,0x97C,field_97C,4,
InfoWin,0x980,field_980,4,
InfoWin,0x984,field_984,4,
InfoWin,0x988,field_988,4,
InfoWin,0x98C,field_98C,4,
InfoWin,0x990,field_990,4,
InfoWin,0x994,field_994,4,
InfoWin,0x998,field_998,4,
InfoWin,0x99C,field_99C,4,
InfoWin,0x9A0,field_9A0,4,
InfoWin,0x9A4,field_9A4,4,
InfoWin,0x9A8,field_9A8,4,
InfoWin,0x9AC,field_9AC,4,
InfoWin,0x9B0,field_9B0,4,
InfoWin,0x9B4,field_9B4,4,
InfoWin,0x9B8,field_9B8,4,
InfoWin,0x9BC,field_9BC,4,
InfoWin,0x9C0,field_9C0,4,
InfoWin,0x9C4,field_9C4,4,
InfoWin,0x9C8,field_9C8,4,
InfoWin,0x9CC,field_9CC,4,
InfoWin,0x9D0,pushButton,2816,
Interlude,0x0,graphicWin,2580,
Interlude,0xA14,field_A14,4,
Interlude,0xA18,field_A18,4,
Interlude,0xA1C,field_A1C,4,
Interlude,0xA20,field_A20,4,
Interlude,0xA24,field_A24,4,
Interlude,0xA28,field_A28,4,
Interlude,0xA2C,field_A2C,4,
Interlude,0xA30,field_A30,4,
Interlude,0xA34,field_A34,4,
Interlude,0xA38,field_A38,4,
Interlude,0xA3C,field_A3C,4,
Interlude,0xA40,field_A40,4,
Interlude,0xA44,field_A44,4,
Interlude,0xA48,field_A48,4,
Interlude,0xA4C,field_A4C,4,
Interlude,0xA50,field_A50,4,
Interlude,0xA54,buffer,1416,
Label,0x0,stringsPtr,4,
Label,0x4,count,4,
ListBox,0x0,field_0,4,
ListBox,0x4,field_4,4,
ListBox,0x8,field_8,4,
ListBox,0xC,field_C,4,
ListBox,0x10,field_10,4,
ListBox,0x14,field_14,4,
ListBox,0x18,field_18,4,
ListBox,0x1C,field_1C,4,
ListBox,0x20,field_20,4,
ListBox,0x24,field_24,4,
ListBox,0x28,field_28,4,
ListBox,0x2C,field_2C,4,
ListBox,0x30,field_30,4,
ListBox,0x34,field_34,4,
ListBox,0x38,field_38,4,
ListBox,0x3C,field_3C,4,
ListBox,0x40,field_40,4,
ListBox,0x44,field_44,4,
ListBox,0x48,graphicWin,2580,
ListBox,0xA5C,field_A5C,4,
ListBox,0xA60,dialog,244,
Lock,0x0,field_0,4,
Lock,0x4,field_4,4,
Lock,0x8,field_8,4,
Lock,0xC,field_C,4,
Lock,0x10,field_10,4,
Lock,0x14,field_14,4,
Lock,0x18,field_18,4,
Lock,0x1C,field_1C,4,
Lock,0x20,field_20,4,
Lock,0x24,field_24,4,
Lock,0x28,field_28,4,
Lock,0x2C,field_2C,4,
Lock,0x30,field_30,4,
Lock,0x34,field_34,4,
Lock,0x38,field_38,4,
Lock,0x3C,field_3C,4,
Lock,0x40,field_40,4,
Lock,0x44,field_44,4,
Lock,0x48,field_48,4,
Lock,0x4C,field_4C,4,
Lock,0x50,field_50,4,
Lock,0x54,field_54,4,
Lock,0x58,field_58,4,
Lock,0x5C,field_5C,4,
Lock,0x60,field_60,4,
Lock,0x64,field_64,4,
Lock,0x68,field_68,4,
Lock,0x6C,field_6C,4,
Lock,0x70,field_70,4,
Lock,0x74,field_74,4,
Lock,0x78,field_78,4,
Lock,0x7C,field_7C,4,
Lock,0x80,field_80,4,
Lock,0x84,field_84,4,
Lock,0x88,field_88,4,
Lock,0x8C,field_8C,4,
Lock,0x90,field_90,4,
Lock,0x94,field_94,4,
Lock,0x98,field_98,4,
Lock,0x9C,field_9C,4,
Lock,0xA0,field_A0,4,
Lock,0xA4,field_A4,4,
Lock,0xA8,field_A8,4,
Lock,0xAC,field_AC,4,
Lock,0xB0,field_B0,4,
Lock,0xB4,field_B4,4,
Lock,0xB8,field_B8,4,
Lock,0xBC,field_BC,4,
Lock,0xC0,field_C0,4,
Lock,0xC4,field_C4,4,
Lock,0xC8,field_C8,4,
Lock,0xCC,field_CC,4,
Lock,0xD0,field_D0,4,
Lock,0xD4,field_D4,4,
Lock,0xD8,field_D8,4,
Lock,0xDC,field_DC,4,
Lock,0xE0,field_E0,4,
Lock,0xE4,field_E4,4,
Lock,0xE8,field_E8,4,
Log,0x0,logFile,4,
Log,0x4,isDisabled,4,
MAmbience,0x0,ambience,88,
MAmbience,0x58,field_58,4,
MAmbience,0x5C,field_5C,4,
MAmbience,0x60,field_60,4,
MAmbience,0x64,field_64,4,
MAmbience,0x68,field_68,4,
MAmbience,0x6C,field_6C,1,
MAmbience,0x6D,field_6D,1,
MAmbience,0x6E,field_70,4,
MCIVideo,0x0,field_0,4,
MCIVideo,0x4,mciId,4,
MCIVideo,0x8,field_8,4,
MCIVideo,0xC,field_C,4,
MCIVideo,0x10,palette,1108,
MCIVideo,0x464,field_464,4,
MCIVideo,0x468,field_468,4,
MainInterface,0x0,graphicWin,2580,
MainInterface,0xA14,field_A14,4,
MainInterface,0xA18,field_A18,4,
MainInterface,0xA1C,field_A1C,4,
MainInterface,0xA20,field_A20,4,
MainInterface,0xA24,field_A24,4,
MainInterface,0xA28,field_A28,4,
MainInterface,0xA2C,field_A2C,4,
MainInterface,0xA30,field_A30,4,
MainInterface,0xA34,field_A34,4,
MainInterface,0xA38,field_A38,4,
MainInterface,0xA3C,field_A3C,4,
MainInterface,0xA40,field_A40,4,
MainInterface,0xA44,field_A44,4,
MainInterface,0xA48,field_A48,4,
MainInterface,0xA4C,field_A4C,4,
MainInterface,0xA50,field_A50,4,
MainInterface,0xA54,field_A54,4,
MainInterface,0xA58,field_A58,4,
MainInterface,0xA5C,field_A5C,4,
MainInterface,0xA60,field_A60,4,
MainInterface,0xA64,field_A64,4,
MainInterface,0xA68,field_A68,4,
MainInterface,0xA6C,field_A6C,4,
MainInterface,0xA70,field_A70,4,
MainInterface,0xA74,field_A74,4,
MainInterface,0xA78,field_A78,4,
MainInterface,0xA7C,field_A7C,4,
MainInterface,0xA80,field_A80,4,
MainInterface,0xA84,field_A84,4,
MainInterface,0xA88,field_A88,4,
MainInterface,0xA8C,rect2,16,
MainInterface,0xA9C,rect3,16,
MainInterface,0xAAC,field_AAC,4,
MainInterface,0xAB0,field_AB0,4,
MainInterface,0xAB4,field_AB4,4,
MainInterface,0xAB8,field_AB8,4,
MainInterface,0xABC,field_ABC,4,
MainInterface,0xAC0,field_AC0,4,
MainInterface,0xAC4,field_AC4,4,
MainInterface,0xAC8,field_AC8,4,
MainInterface,0xACC,field_ACC,4,
MainInterface,0xAD0,field_AD0,4,
MainInterface,0xAD4,field_AD4,4,
MainInterface,0xAD8,field_AD8,4,
MainInterface,0xADC,field_ADC,4,
MainInterface,0xAE0,field_AE0,4,
MainInterface,0xAE4,field_AE4,4,
MainInterface,0xAE8,field_AE8,4,
MainInterface,0xAEC,field_AEC,4,
MainInterface,0xAF0,field_AF0,4,
MainInterface,0xAF4,field_AF4,4,
MainInterface,0xAF8,field_AF8,4,
MainInterface,0xAFC,field_AFC,4,
MainInterface,0xB00,field_B00,4,
MainInterface,0xB04,field_B04,4,
MainInterface,0xB08,field_B08,4,
MainInterface,0xB0C,field_B0C,4,
MainInterface,0xB10,field_B10,4,
MainInterface,0xB14,field_B14,4,
MainInterface,0xB18,field_B18,4,
MainInterface,0xB1C,field_B1C,4,
MainInterface,0xB20,field_B20,4,
MainInterface,0xB24,field_B24,4,
MainInterface,0xB28,field_B28,4,
MainInterface,0xB2C,field_B2C,4,
MainInterface,0xB30,field_B30,4,
MainInterface,0xB34,field_B34,4,
MainInterface,0xB38,field_B38,4,
MainInterface,0xB3C,field_B3C,4,
MainInterface,0xB40,field_B40,4,
MainInterface,0xB44,field_B44,4,
MainInterface,0xB48,field_B48,4,
MainInterface,0xB4C,field_B4C,4,
MainInterface,0xB50,field_B50,4,
MainInterface,0xB54,field_B54,4,
MainInterface,0xB58,field_B58,4,
MainInterface,0xB5C,field_B5C,4,
MainInterface,0xB60,field_B60,4,
MainInterface,0xB64,field_B64,4,
MainInterface,0xB68,field_B68,4,
MainInterface,0xB6C,field_B6C,4,
MainInterface,0xB70,field_B70,4,
MainInterface,0xB74,field_B74,4,
MainInterface,0xB78,field_B78,4,
MainInterface,0xB7C,field_B7C,4,
MainInterface,0xB80,field_B80,4,
MainInterface,0xB84,field_B84,4,
MainInterface,0xB88,field_B88,4,
MainInterface,0xB8C,field_B8C,4,
MainInterface,0xB90,field_B90,4,
MainInterface,0xB94,field_B94,4,
MainInterface,0xB98,field_B98,4,
MainInterface,0xB9C,field_B9C,4,
MainInterface,0xBA0,field_BA0,4,
MainInterface,0xBA4,field_BA4,4,
MainInterface,0xBA8,field_BA8,4,
MainInterface,0xBAC,field_BAC,4,
MainInterface,0xBB0,field_BB0,4,
MainInterface,0xBB4,field_BB4,4,
MainInterface,0xBB8,field_BB8,4,
MainInterface,0xBBC,field_BBC,4,
MainInterface,0xBC0,field_BC0,4,
MainInterface,0xBC4,field_BC4,4,
MainInterface,0xBC8,field_BC8,4,
MainInterface,0xBCC,field_BCC,4,
MainInterface,0xBD0,field_BD0,4,
MainInterface,0xBD4,field_BD4,4,
MainInterface,0xBD8,field_BD8,4,
MainInterface,0xBDC,field_BDC,4,
MainInterface,0xBE0,field_BE0,4,
MainInterface,0xBE4,field_BE4,4,
MainInterface,0xBE8,field_BE8,4,
MainInterface,0xBEC,field_BEC,4,
MainInterface,0xBF0,field_BF0,4,
MainInterface,0xBF4,field_BF4,4,
MainInterface,0xBF8,field_BF8,4,
MainInterface,0xBFC,field_BFC,4,
MainInterface,0xC00,field_C00,4,
MainInterface,0xC04,field_C04,4,
MainInterface,0xC08,field_C08,4,
MainInterface,0xC0C,field_C0C,4,
MainInterface,0xC10,field_C10,4,
MainInterface,0xC14,field_C14,4,
MainInterface,0xC18,field_C18,4,
MainInterface,0xC1C,field_C1C,4,
MainInterface,0xC20,field_C20,4,
MainInterface,0xC24,field_C24,4,
MainInterface,0xC28,field_C28,4,
MainInterface,0xC2C,field_C2C,4,
MainInterface,0xC30,field_C30,4,
MainInterface,0xC34,field_C34,4,
MainInterface,0xC38,field_C38,4,
MainInterface,0xC3C,field_C3C,4,
MainInterface,0xC40,field_C40,4,
MainInterface,0xC44,field_C44,4,
MainInterface,0xC48,field_C48,4,
MainInterface,0xC4C,field_C4C,4,
MainInterface,0xC50,field_C50,4,
MainInterface,0xC54,field_C54,4,
MainInterface,0xC58,field_C58,4,
MainInterface,0xC5C,field_C5C,4,
MainInterface,0xC60,field_C60,4,
MainInterface,0xC64,field_C64,4,
MainInterface,0xC68,field_C68,4,
MainInterface,0xC6C,field_C6C,4,
MainInterface,0xC70,field_C70,4,
MainInterface,0xC74,field_C74,4,
MainInterface,0xC78,field_C78,4,
MainInterface,0xC7C,field_C7C,4,
MainInterface,0xC80,field_C80,4,
MainInterface,0xC84,field_C84,4,
MainInterface,0xC88,field_C88,4,
MainInterface,0xC8C,field_C8C,4,
MainInterface,0xC90,field_C90,4,
MainInterface,0xC94,field_C94,4,
MainInterface,0xC98,field_C98,4,
MainInterface,0xC9C,field_C9C,4,
MainInterface,0xCA0,field_CA0,4,
MainInterface,0xCA4,field_CA4,4,
MainInterface,0xCA8,field_CA8,4,
MainInterface,0xCAC,field_CAC,4,
MainInterface,0xCB0,field_CB0,4,
MainInterface,0xCB4,field_CB4,4,
MainInterface,0xCB8,field_CB8,4,
MainInterface,0xCBC,field_CBC,4,
MainInterface,0xCC0,field_CC0,4,
MainInterface,0xCC4,field_CC4,4,
MainInterface,0xCC8,field_CC8,4,
MainInterface,0xCCC,field_CCC,4,
MainInterface,0xCD0,field_CD0,4,
MainInterface,0xCD4,field_CD4,4,
MainInterface,0xCD8,field_CD8,4,
MainInterface,0xCDC,field_CDC,4,
MainInterface,0xCE0,field_CE0,4,
MainInterface,0xCE4,field_CE4,4,
MainInterface,0xCE8,field_CE8,4,
MainInterface,0xCEC,field_CEC,4,
MainInterface,0xCF0,field_CF0,4,
MainInterface,0xCF4,field_CF4,4,
MainInterface,0xCF8,field_CF8,4,
MainInterface,0xCFC,field_CFC,4,
MainInterface,0xD00,field_D00,4,
MainInterface,0xD04,field_D04,4,
MainInterface,0xD08,field_D08,4,
MainInterface,0xD0C,field_D0C,4,
MainInterface,0xD10,field_D10,4,
MainInterface,0xD14,field_D14,4,
MainInterface,0xD18,field_D18,4,
MainInterface,0xD1C,field_D1C,4,
MainInterface,0xD20,field_D20,4,
MainInterface,0xD24,field_D24,4,
MainInterface,0xD28,field_D28,4,
MainInterface,0xD2C,field_D2C,4,
MainInterface,0xD30,field_D30,4,
MainInterface,0xD34,field_D34,4,
MainInterface,0xD38,field_D38,4,
MainInterface,0xD3C,field_D3C,4,
MainInterface,0xD40,field_D40,4,
MainInterface,0xD44,field_D44,4,
MainInterface,0xD48,field_D48,4,
MainInterface,0xD4C,field_D4C,4,
MainInterface,0xD50,field_D50,4,
MainInterface,0xD54,field_D54,4,
MainInterface,0xD58,field_D58,4,
MainInterface,0xD5C,field_D5C,4,
MainInterface,0xD60,field_D60,4,
MainInterface,0xD64,field_D64,4,
MainInterface,0xD68,field_D68,4,
MainInterface,0xD6C,field_D6C,4,
MainInterface,0xD70,field_D70,4,
MainInterface,0xD74,field_D74,4,
MainInterface,0xD78,field_D78,4,
MainInterface,0xD7C,field_D7C,4,
MainInterface,0xD80,rect4,16,
MainInterface,0xD90,field_D90,4,
MainInterface,0xD94,field_D94,4,
MainInterface,0xD98,field_D98,4,
MainInterface,0xD9C,field_D9C,4,
MainInterface,0xDA0,field_DA0,4,
MainInterface,0xDA4,field_DA4,4,
MainInterface,0xDA8,field_DA8,4,
MainInterface,0xDAC,field_DAC,4,
MainInterface,0xDB0,field_DB0,4,
MainInterface,0xDB4,field_DB4,4,
MainInterface,0xDB8,field_DB8,4,
MainInterface,0xDBC,field_DBC,4,
MainInterface,0xDC0,rect1,16,
MainInterface,0xDD0,field_DD0,4,
MainInterface,0xDD4,field_DD4,4,
MainInterface,0xDD8,field_DD8,4,
MainInterface,0xDDC,field_DDC,4,
MainInterface,0xDE0,field_DE0,4,
MainInterface,0xDE4,field_DE4,4,
MainInterface,0xDE8,field_DE8,4,
MainInterface,0xDEC,field_DEC,4,
MainInterface,0xDF0,field_DF0,4,
MainInterface,0xDF4,field_DF4,4,
MainInterface,0xDF8,field_DF8,4,
MainInterface,0xDFC,field_DFC,4,
MainInterface,0xE00,flatButton,121464,
MainInterface,0x1E878,buttonGroup,592,
MainInterface,0x1EAC8,field_1EAC8,4,
MainInterface,0x1EACC,stringBox,11168,
MainInterface,0x2166C,font1,40,
MainInterface,0x21694,font2,40,
MainInterface,0x216BC,font3,40,
MainInterface,0x216E4,field_216E4,4,
MainInterface,0x216E8,field_216E8,4,
MainInterface,0x216EC,field_216EC,4,
MainInterface,0x216F0,field_216F0,4,
MainInterface,0x216F4,sprites1,176,
MainInterface,0x217A4,sprites2,176,
MainInterface,0x21854,sprites3,88,
MainInterface,0x218AC,sprites4,88,
MainInterface,0x21904,sprites5,440,
MainInterface,0x21ABC,sprites6,440,
MainInterface,0x21C74,sprites7,264,
MainInterface,0x21D7C,sprites8,132,
MainInterface,0x21E00,sprites9,3300,
MainInterface,0x22AE4,sprites10,792,
MainInterface,0x22DFC,sprite11,44,
MainInterface,0x22E28,sprites12,264,
MainInterface,0x22F30,sprites13,88,
MainInterface,0x22F88,flics1,5576,
MainInterface,0x24550,flic2,2788,
MainInterface,0x25034,spot,12,
MainInterface,0x25040,time1,40,
MainInterface,0x25068,time2,40,
MapWin,0x0,field_0,4,
MapWin,0x4,field_4,4,
MapWin,0x8,field_8,4,
MapWin,0xC,textureStores1,2432,
MapWin,0x98C,textureStores2,119168,
MapWin,0x1DB0C,textureStores3,608,
MapWin,0x1DD6C,field_1DD6C,4,
MapWin,0x1DD70,flags,4,
MapWin,0x1DD74,field_1DD74,4,
MapWin,0x1DD78,field_1DD78,4,
MapWin,0x1DD7C,field_1DD7C,4,
MapWin,0x1DD80,field_1DD80,4,
MapWin,0x1DD84,field_1DD84,4,
MapWin,0x1DD88,field_1DD88,4,
MapWin,0x1DD8C,field_1DD8C,4,
MapWin,0x1DD90,field_1DD90,4,
MapWin,0x1DD94,field_1DD94,4,
MapWin,0x1DD98,zoomLevel,4,
MapWin,0x1DD9C,field_1DD9C,4,
MapWin,0x1DDA0,field_1DDA0,4,
MapWin,0x1DDA4,field_1DDA4,4,
MapWin,0x1DDA8,field_1DDA8,4,
MapWin,0x1DDAC,field_1DDAC,4,
MapWin,0x1DDB0,field_1DDB0,4,
MapWin,0x1DDB4,field_1DDB4,4,
MapWin,0x1DDB8,field_1DDB8,4,
MapWin,0x1DDBC,field_1DDBC,4,
MapWin,0x1DDC0,field_1DDC0,4,
MapWin,0x1DDC4,field_1DDC4,4,
MapWin,0x1DDC8,field_1DDC8,4,
MapWin,0x1DDCC,field_1DDCC,4,
MapWin,0x1DDD0,field_1DDD0,4,
MapWin,0x1DDD4,field_1DDD4,4,
MapWin,0x1DDD8,field_1DDD8,4,
MapWin,0x1DDDC,field_1DDDC,4,
MapWin,0x1DDE0,field_1DDE0,4,
MapWin,0x1DDE4,field_1DDE4,4,
MapWin,0x1DDE8,field_1DDE8,4,
MapWin,0x1DDEC,field_1DDEC,4,
MapWin,0x1DDF0,field_1DDF0,4,
MapWin,0x1DDF4,field_1DDF4,4,
MapWin,0x1DDF8,field_1DDF8,4,
MapWin,0x1DDFC,field_1DDFC,4,
MapWin,0x1DE00,field_1DE00,4,
MapWin,0x1DE04,field_1DE04,4,
MapWin,0x1DE08,field_1DE08,4,
MapWin,0x1DE0C,field_1DE0C,4,
MapWin,0x1DE10,field_1DE10,4,
MapWin,0x1DE14,field_1DE14,4,
MapWin,0x1DE18,field_1DE18,4,
MapWin,0x1DE1C,field_1DE1C,4,
MapWin,0x1DE20,field_1DE20,4,
MapWin,0x1DE24,field_1DE24,4,
MapWin,0x1DE28,buffer1,1416,
MapWin,0x1E3B0,buffer2,1416,
MapWin,0x1E938,buffer3,1416,
MapWin,0x1EEC0,field_1EEC0,4,
MapWin,0x1EEC4,field_1EEC4,4,
MapWin,0x1EEC8,font1,40,
MapWin,0x1EEF0,font2,40,
MapWin,0x1EF18,field_1EF18,4,
MapWin,0x1EF1C,field_1EF1C,4,
MapWin,0x1EF20,font3,40,
MapWin,0x1EF48,field_1EF48,4,
MapWin,0x1EF4C,field_1EF4C,4,
MapWin,0x1EF50,field_1EF50,4,
MapWin,0x1EF54,inter3,2744,
MapWin,0x1FA0C,unk_fields,8248,
MapWin,0x21A44,field_21A44,4,
MapWin,0x21A48,field_21A48,4,
MapWin,0x21A4C,field_21A4C,4,
MapWin,0x21A50,field_21A50,4,
MapWin,0x21A54,field_21A54,4,
MapWin,0x21A58,field_21A58,4,
MapWin,0x21A5C,field_21A5C,4,
MapWin,0x21A60,field_21A60,4,
MapWin,0x21A64,field_21A64,4,
MapWin,0x21A68,field_21A68,4,
MapWin,0x21A6C,graphicWin,2580,
Menu,0x0,graphicWin,2580,
Menu,0xA14,proc,4,
Menu,0xA18,field_A18,4,
Menu,0xA1C,field_A1C,4,
Menu,0xA20,field_A20,4,
Menu,0xA24,field_A24,4,
Menu,0xA28,field_A28,4,
Menu,0xA2C,spot,12,
Menu,0xA38,array,300,
MessageWin,0x0,sprite,44,
MessageWin,0x2C,field_2C,4,
MessageWin,0x30,field_30,4,
MessageWin,0x34,field_34,4,
MessageWin,0x38,field_38,4,
MessageWin,0x3C,font,40,
MessageWin,0x64,listBox,2900,
MessageWin,0xBB8,stringBox,11168,
Midi_Device,0x0,vtable,4,
Midi_Device,0x4,field_4,4,
Midi_Device,0x8,field_8,4,
Midi_Device,0xC,field_C,4,
Midi_Device,0x10,field_10,4,
Midi_Device,0x14,field_14,4,
Midi_Device,0x18,field_18,4,
Midi_Device,0x1C,field_1C,4,
MonuWin,0x0,graphicWin,2580,
MonuWin,0xA14,field_A14,4,
MonuWin,0xA18,field_A18,4,
MonuWin,0xA1C,field_A1C,4,
MonuWin,0xA20,field_A20,4,
MonuWin,0xA24,field_A24,4,
MonuWin,0xA28,field_A28,4,
MonuWin,0xA2C,field_A2C,4,
MonuWin,0xA30,field_A30,4,
MonuWin,0xA34,field_A34,4,
MonuWin,0xA38,field_A38,4,
MonuWin,0xA3C,field_A3C,4,
MonuWin,0xA40,field_A40,4,
MonuWin,0xA44,field_A44,4,
MonuWin,0xA48,field_A48,4,
MonuWin,0xA4C,field_A4C,4,
MonuWin,0xA50,field_A50,4,
MonuWin,0xA54,field_A54,4,
MonuWin,0xA58,flatButton1,2892,
MonuWin,0x15A4,flatButton2,2892,
MonuWin,0x20F0,spot,12,
MonuWin,0x20FC,buffer1,1416,
MonuWin,0x2684,buffer2,1416,
MonuWin,0x2C0C,sprites1,660,
MonuWin,0x2EA0,sprites2,660,
MonuWin,0x3134,field_3134,4,
MonuWin,0x3138,field_3138,4,
MonuWin,0x313C,field_313C,4,
MonuWin,0x3140,field_3140,4,
MonuWin,0x3144,field_3144,4,
MonuWin,0x3148,field_3148,4,
MonuWin,0x314C,field_314C,4,
MonuWin,0x3150,field_3150,4,
MonuWin,0x3154,field_3154,4,
MonuWin,0x3158,field_3158,4,
MonuWin,0x315C,field_315C,4,
MonuWin,0x3160,field_3160,4,
MonuWin,0x3164,field_3164,4,
MonuWin,0x3168,field_3168,4,
MonuWin,0x316C,field_316C,4,
MonuWin,0x3170,field_3170,4,
MonuWin,0x3174,field_3174,4,
MonuWin,0x3178,field_3178,4,
MonuWin,0x317C,field_317C,4,
MonuWin,0x3180,field_3180,4,
MonuWin,0x3184,field_3184,4,
MonuWin,0x3188,field_3188,4,
MonuWin,0x318C,field_318C,4,
MonuWin,0x3190,field_3190,4,
MonuWin,0x3194,field_3194,4,
MonuWin,0x3198,field_3198,4,
MonuWin,0x319C,field_319C,4,
MonuWin,0x31A0,field_31A0,4,
MonuWin,0x31A4,field_31A4,4,
MonuWin,0x31A8,field_31A8,4,
MonuWin,0x31AC,field_31AC,4,
MonuWin,0x31B0,field_31B0,4,
MonuWin,0x31B4,field_31B4,4,
MonuWin,0x31B8,field_31B8,4,
MonuWin,0x31BC,field_31BC,4,
MonuWin,0x31C0,field_31C0,4,
MonuWin,0x31C4,field_31C4,4,
MonuWin,0x31C8,field_31C8,4,
MonuWin,0x31CC,field_31CC,4,
MonuWin,0x31D0,field_31D0,4,
MonuWin,0x31D4,field_31D4,4,
MonuWin,0x31D8,field_31D8,4,
MonuWin,0x31DC,field_31DC,4,
MonuWin,0x31E0,field_31E0,4,
MonuWin,0x31E4,field_31E4,4,
MonuWin,0x31E8,field_31E8,4,
MonuWin,0x31EC,field_31EC,4,
MonuWin,0x31F0,field_31F0,4,
MonuWin,0x31F4,field_31F4,4,
MonuWin,0x31F8,field_31F8,4,
MonuWin,0x31FC,field_31FC,4,
MonuWin,0x3200,field_3200,4,
MonuWin,0x3204,field_3204,4,
MonuWin,0x3208,field_3208,4,
MonuWin,0x320C,field_320C,4,
MonuWin,0x3210,field_3210,4,
MonuWin,0x3214,field_3214,4,
MonuWin,0x3218,field_3218,4,
MonuWin,0x321C,field_321C,4,
MonuWin,0x3220,field_3220,4,
MonuWin,0x3224,field_3224,4,
MonuWin,0x3228,field_3228,4,
MonuWin,0x322C,field_322C,4,
MonuWin,0x3230,field_3230,4,
MonuWin,0x3234,field_3234,4,
MonuWin,0x3238,field_3238,4,
MonuWin,0x323C,field_323C,4,
MonuWin,0x3240,field_3240,4,
MonuWin,0x3244,sprites3,264,
MonuWin,0x334C,field_334C,4,
MonuWin,0x3350,field_3350,4,
MonuWin,0x3354,field_3354,4,
MonuWin,0x3358,field_3358,4,
MonuWin,0x335C,field_335C,4,
MonuWin,0x3360,field_3360,4,
MonuWin,0x3364,field_3364,4,
MonuWin,0x3368,field_3368,4,
MonuWin,0x336C,field_336C,4,
MonuWin,0x3370,field_3370,4,
MonuWin,0x3374,field_3374,4,
MonuWin,0x3378,field_3378,4,
MonuWin,0x337C,field_337C,4,
MonuWin,0x3380,field_3380,4,
MonuWin,0x3384,field_3384,4,
MonuWin,0x3388,field_3388,4,
MonuWin,0x338C,field_338C,4,
MonuWin,0x3390,field_3390,4,
MonuWin,0x3394,field_3394,4,
MonuWin,0x3398,field_3398,4,
MonuWin,0x339C,field_339C,4,
MonuWin,0x33A0,field_33A0,4,
MonuWin,0x33A4,field_33A4,4,
MonuWin,0x33A8,field_33A8,4,
MonuWin,0x33AC,sprites4,308,
MonuWin,0x34E0,sprites5,308,
MonuWin,0x3614,sprite8,44,
MonuWin,0x3640,sprite9,44,
MultiDebug,0x0,graphicWin,2580,
MultiDebug,0xA14,font,40,
MultiDebug,0xA3C,field_A3C,4,
MultiDebug,0xA40,time,40,
MultiWin,0x0,graphicWin,2580,
MultiWin,0xA14,field_A14,4,
MultiWin,0xA18,field_A18,4,
MultiWin,0xA1C,field_A1C,4,
MultiWin,0xA20,field_A20,4,
MultiWin,0xA24,field_A24,4,
MultiWin,0xA28,field_A28,4,
MultiWin,0xA2C,field_A2C,4,
MultiWin,0xA30,field_A30,4,
MultiWin,0xA34,field_A34,4,
MultiWin,0xA38,field_A38,4,
MultiWin,0xA3C,field_A3C,4,
MultiWin,0xA40,field_A40,4,
MultiWin,0xA44,field_A44,4,
MultiWin,0xA48,field_A48,4,
MultiWin,0xA4C,field_A4C,4,
MultiWin,0xA50,field_A50,4,
MultiWin,0xA54,buffer,1416,
MultiWin,0xFDC,sprites1,132,
MultiWin,0x1060,sprites2,132,
MultiWin,0x10E4,sprite3,44,
MultiWin,0x1110,sprite4,44,
MultiWin,0x113C,sprite5,44,
MultiWin,0x1168,field_1168,4,
MultiWin,0x116C,sprite6,44,
MultiWin,0x1198,sprite7,44,
MultiWin,0x11C4,flatButton1,2892,
MultiWin,0x1D10,flatButton2,2892,
MultiWin,0x285C,font1,40,
MultiWin,0x2884,font2,40,
MultiWin,0x28AC,spot,12,
Net,0x0,vtable,4,
Net,0x4,field_4,4,
Net,0x8,field_8,4,
Net,0xC,field_C,4,
Net,0x10,field_10,4,
Net,0x14,field_14,4,
Net,0x18,field_18,4,
Net,0x1C,field_1C,4,
Net,0x20,field_20,4,
Net,0x24,field_24,4,
Net,0x28,field_28,4,
Net,0x2C,field_2C,4,
Net,0x30,field_30,4,
Net,0x34,field_34,4,
Net,0x38,field_38,4,
Net,0x3C,field_3C,4,
Net,0x40,field_40,4,
Net,0x44,field_44,4,
Net,0x48,field_48,4,
Net,0x4C,field_4C,4,
Net,0x50,field_50,4,
Net,0x54,field_54,4,
Net,0x58,voiceTx,88,
Net,0xB0,field_B0,4,
Net,0xB4,field_B4,4,
Net,0xB8,field_B8,4,
Net,0xBC,field_BC,4,
Net,0xC0,field_C0,4,
Net,0xC4,field_C4,4,
Net,0xC8,field_C8,4,
Net,0xCC,field_CC,4,
Net,0xD0,field_D0,4,
Net,0xD4,field_D4,4,
Net,0xD8,field_D8,4,
Net,0xDC,field_DC,4,
Net,0xE0,field_E0,4,
Net,0xE4,field_E4,4,
Net,0xE8,netFifo1,16,
Net,0xF8,field_F8,4,
Net,0xFC,field_FC,4,
Net,0x100,field_100,4,
Net,0x104,field_104,4,
Net,0x108,field_108,4,
Net,0x10C,netFifo2,16,
Net,0x11C,field_11C,4,
Net,0x120,field_120,4,
Net,0x124,field_124,4,
Net,0x128,field_128,4,
Net,0x12C,field_12C,4,
Net,0x130,netFifo3,16,
Net,0x140,field_140,4,
Net,0x144,field_144,4,
Net,0x148,field_148,4,
Net,0x14C,field_14C,4,
Net,0x150,field_150,4,
Net,0x154,field_154,4,
Net,0x158,field_158,4,
Net,0x15C,field_15C,4,
Net,0x160,field_160,4,
Net,0x164,field_164,4,
Net,0x168,field_168,4,
Net,0x16C,field_16C,4,
Net,0x170,field_170,4,
Net,0x174,field_174,4,
Net,0x178,field_178,4,
Net,0x17C,field_17C,4,
Net,0x180,field_180,4,
Net,0x184,field_184,4,
Net,0x188,field_188,4,
Net,0x18C,field_18C,4,
Net,0x190,field_190,4,
Net,0x194,field_194,4,
Net,0x198,field_198,4,
Net,0x19C,field_19C,4,
Net,0x1A0,field_1A0,4,
Net,0x1A4,field_1A4,4,
Net,0x1A8,field_1A8,4,
Net,0x1AC,field_1AC,4,
Net,0x1B0,field_1B0,4,
Net,0x1B4,field_1B4,4,
Net,0x1B8,field_1B8,4,
Net,0x1BC,field_1BC,4,
Net,0x1C0,field_1C0,4,
Net,0x1C4,field_1C4,4,
Net,0x1C8,field_1C8,4,
Net,0x1CC,field_1CC,4,
Net,0x1D0,field_1D0,4,
Net,0x1D4,field_1D4,4,
Net,0x1D8,field_1D8,4,
Net,0x1DC,field_1DC,4,
Net,0x1E0,field_1E0,4,
Net,0x1E4,field_1E4,4,
Net,0x1E8,field_1E8,4,
Net,0x1EC,field_1EC,4,
Net,0x1F0,field_1F0,4,
Net,0x1F4,field_1F4,4,
Net,0x1F8,field_1F8,4,
Net,0x1FC,field_1FC,4,
Net,0x200,field_200,4,
Net,0x204,field_204,4,
Net,0x208,field_208,4,
Net,0x20C,field_20C,4,
Net,0x210,field_210,4,
Net,0x214,field_214,4,
Net,0x218,field_218,4,
Net,0x21C,field_21C,4,
Net,0x220,field_220,4,
Net,0x224,field_224,4,
Net,0x228,field_228,4,
Net,0x22C,field_22C,4,
Net,0x230,field_230,4,
Net,0x234,field_234,4,
Net,0x238,field_238,4,
Net,0x23C,field_23C,4,
Net,0x240,field_240,4,
Net,0x244,field_244,4,
Net,0x248,field_248,4,
Net,0x24C,field_24C,4,
Net,0x250,field_250,4,
Net,0x254,field_254,4,
Net,0x258,field_258,4,
Net,0x25C,field_25C,4,
Net,0x260,field_260,4,
Net,0x264,field_264,4,
Net,0x268,field_268,4,
Net,0x26C,field_26C,4,
Net,0x270,field_270,4,
Net,0x274,field_274,4,
Net,0x278,field_278,4,
Net,0x27C,field_27C,4,
Net,0x280,field_280,4,
Net,0x284,field_284,4,
Net,0x288,field_288,4,
Net,0x28C,field_28C,4,
Net,0x290,field_290,4,
Net,0x294,field_294,4,
Net,0x298,field_298,4,
Net,0x29C,field_29C,4,
Net,0x2A0,field_2A0,4,
Net,0x2A4,field_2A4,4,
Net,0x2A8,field_2A8,4,
Net,0x2AC,field_2AC,4,
Net,0x2B0,field_2B0,4,
Net,0x2B4,field_2B4,4,
Net,0x2B8,field_2B8,4,
Net,0x2BC,field_2BC,4,
Net,0x2C0,field_2C0,4,
Net,0x2C4,field_2C4,4,
Net,0x2C8,field_2C8,4,
Net,0x2CC,field_2CC,4,
Net,0x2D0,field_2D0,4,
Net,0x2D4,field_2D4,4,
Net,0x2D8,field_2D8,4,
Net,0x2DC,field_2DC,4,
Net,0x2E0,field_2E0,4,
Net,0x2E4,field_2E4,4,
Net,0x2E8,field_2E8,4,
Net,0x2EC,field_2EC,4,
Net,0x2F0,field_2F0,4,
Net,0x2F4,field_2F4,4,
Net,0x2F8,field_2F8,4,
Net,0x2FC,field_2FC,4,
Net,0x300,field_300,4,
Net,0x304,field_304,4,
Net,0x308,field_308,4,
Net,0x30C,field_30C,4,
Net,0x310,field_310,4,
Net,0x314,field_314,4,
Net,0x318,field_318,4,
Net,0x31C,field_31C,4,
Net,0x320,field_320,4,
Net,0x324,field_324,4,
Net,0x328,field_328,4,
Net,0x32C,field_32C,4,
Net,0x330,field_330,4,
Net,0x334,field_334,4,
Net,0x338,field_338,4,
Net,0x33C,field_33C,4,
Net,0x340,field_340,4,
Net,0x344,field_344,4,
Net,0x348,field_348,4,
Net,0x34C,field_34C,4,
Net,0x350,field_350,4,
Net,0x354,field_354,4,
Net,0x358,field_358,4,
Net,0x35C,field_35C,4,
Net,0x360,field_360,4,
Net,0x364,field_364,4,
Net,0x368,field_368,4,
Net,0x36C,field_36C,4,
Net,0x370,field_370,4,
Net,0x374,field_374,4,
Net,0x378,field_378,4,
Net,0x37C,field_37C,4,
Net,0x380,field_380,4,
Net,0x384,field_384,4,
Net,0x388,field_388,4,
Net,0x38C,field_38C,4,
Net,0x390,field_390,4,
Net,0x394,field_394,4,
Net,0x398,field_398,4,
Net,0x39C,field_39C,4,
Net,0x3A0,field_3A0,4,
Net,0x3A4,field_3A4,4,
Net,0x3A8,field_3A8,4,
Net,0x3AC,field_3AC,4,
Net,0x3B0,field_3B0,4,
Net,0x3B4,field_3B4,4,
Net,0x3B8,field_3B8,4,
Net,0x3BC,field_3BC,4,
Net,0x3C0,field_3C0,4,
Net,0x3C4,field_3C4,4,
Net,0x3C8,field_3C8,4,
Net,0x3CC,field_3CC,4,
Net,0x3D0,field_3D0,4,
Net,0x3D4,field_3D4,4,
Net,0x3D8,field_3D8,4,
Net,0x3DC,field_3DC,4,
Net,0x3E0,field_3E0,4,
Net,0x3E4,field_3E4,4,
Net,0x3E8,field_3E8,4,
Net,0x3EC,field_3EC,4,
Net,0x3F0,field_3F0,4,
Net,0x3F4,field_3F4,4,
Net,0x3F8,field_3F8,4,
Net,0x3FC,field_3FC,4,
Net,0x400,field_400,4,
Net,0x404,field_404,4,
Net,0x408,field_408,4,
Net,0x40C,field_40C,4,
Net,0x410,field_410,4,
Net,0x414,field_414,4,
Net,0x418,field_418,4,
Net,0x41C,field_41C,4,
Net,0x420,field_420,4,
Net,0x424,field_424,4,
Net,0x428,field_428,4,
Net,0x42C,field_42C,4,
Net,0x430,field_430,4,
Net,0x434,field_434,4,
Net,0x438,field_438,4,
Net,0x43C,field_43C,4,
Net,0x440,field_440,4,
Net,0x444,field_444,4,
Net,0x448,field_448,4,
Net,0x44C,field_44C,4,
Net,0x450,field_450,4,
Net,0x454,field_454,4,
Net,0x458,field_458,4,
Net,0x45C,field_45C,4,
Net,0x460,field_460,4,
Net,0x464,field_464,4,
Net,0x468,field_468,4,
Net,0x46C,field_46C,4,
Net,0x470,field_470,4,
Net,0x474,field_474,4,
Net,0x478,field_478,4,
Net,0x47C,field_47C,4,
Net,0x480,field_480,4,
Net,0x484,field_484,4,
Net,0x488,field_488,4,
Net,0x48C,field_48C,4,
Net,0x490,field_490,4,
Net,0x494,field_494,4,
Net,0x498,field_498,4,
Net,0x49C,field_49C,4,
Net,0x4A0,field_4A0,4,
Net,0x4A4,field_4A4,4,
Net,0x4A8,field_4A8,4,
Net,0x4AC,field_4AC,4,
Net,0x4B0,field_4B0,4,
Net,0x4B4,field_4B4,4,
Net,0x4B8,field_4B8,4,
Net,0x4BC,field_4BC,4,
Net,0x4C0,field_4C0,4,
Net,0x4C4,field_4C4,4,
Net,0x4C8,field_4C8,4,
Net,0x4CC,field_4CC,4,
Net,0x4D0,field_4D0,4,
Net,0x4D4,field_4D4,4,
Net,0x4D8,field_4D8,4,
Net,0x4DC,field_4DC,4,
Net,0x4E0,field_4E0,4,
Net,0x4E4,field_4E4,4,
Net,0x4E8,field_4E8,4,
Net,0x4EC,field_4EC,4,
Net,0x4F0,field_4F0,4,
Net,0x4F4,field_4F4,4,
Net,0x4F8,field_4F8,4,
Net,0x4FC,field_4FC,4,
Net,0x500,field_500,4,
Net,0x504,field_504,4,
Net,0x508,field_508,4,
Net,0x50C,field_50C,4,
Net,0x510,field_510,4,
Net,0x514,field_514,4,
Net,0x518,field_518,4,
Net,0x51C,field_51C,4,
Net,0x520,field_520,4,
Net,0x524,field_524,4,
Net,0x528,field_528,4,
Net,0x52C,field_52C,4,
Net,0x530,field_530,4,
Net,0x534,field_534,4,
Net,0x538,field_538,4,
Net,0x53C,field_53C,4,
Net,0x540,field_540,4,
Net,0x544,field_544,4,
Net,0x548,field_548,4,
Net,0x54C,field_54C,4,
Net,0x550,field_550,4,
Net,0x554,field_554,4,
Net,0x558,field_558,4,
Net,0x55C,field_55C,4,
Net,0x560,field_560,4,
Net,0x564,field_564,4,
Net,0x568,field_568,4,
Net,0x56C,field_56C,4,
Net,0x570,field_570,4,
Net,0x574,field_574,4,
Net,0x578,field_578,4,
Net,0x57C,field_57C,4,
Net,0x580,field_580,4,
Net,0x584,field_584,4,
Net,0x588,field_588,4,
Net,0x58C,field_58C,4,
Net,0x590,field_590,4,
Net,0x594,field_594,4,
Net,0x598,field_598,4,
Net,0x59C,field_59C,4,
Net,0x5A0,field_5A0,4,
Net,0x5A4,field_5A4,4,
Net,0x5A8,field_5A8,4,
Net,0x5AC,field_5AC,4,
Net,0x5B0,field_5B0,4,
Net,0x5B4,field_5B4,4,
Net,0x5B8,field_5B8,4,
Net,0x5BC,field_5BC,4,
Net,0x5C0,field_5C0,4,
Net,0x5C4,field_5C4,4,
Net,0x5C8,field_5C8,4,
Net,0x5CC,field_5CC,4,
Net,0x5D0,field_5D0,4,
Net,0x5D4,field_5D4,4,
Net,0x5D8,field_5D8,4,
Net,0x5DC,field_5DC,4,
Net,0x5E0,field_5E0,4,
Net,0x5E4,field_5E4,4,
Net,0x5E8,field_5E8,4,
Net,0x5EC,field_5EC,4,
Net,0x5F0,field_5F0,4,
Net,0x5F4,field_5F4,4,
Net,0x5F8,field_5F8,4,
Net,0x5FC,field_5FC,4,
Net,0x600,field_600,4,
Net,0x604,field_604,4,
Net,0x608,field_608,4,
Net,0x60C,field_60C,4,
Net,0x610,field_610,4,
Net,0x614,field_614,4,
Net,0x618,field_618,4,
Net,0x61C,field_61C,4,
Net,0x620,field_620,4,
Net,0x624,field_624,4,
Net,0x628,field_628,4,
Net,0x62C,field_62C,4,
Net,0x630,field_630,4,
Net,0x634,field_634,4,
Net,0x638,field_638,4,
Net,0x63C,field_63C,4,
Net,0x640,field_640,4,
Net,0x644,field_644,4,
Net,0x648,field_648,4,
Net,0x64C,field_64C,4,
Net,0x650,field_650,4,
Net,0x654,field_654,4,
Net,0x658,field_658,4,
Net,0x65C,field_65C,4,
Net,0x660,field_660,4,
Net,0x664,field_664,4,
Net,0x668,field_668,4,
Net,0x66C,field_66C,4,
Net,0x670,field_670,4,
Net,0x674,field_674,4,
Net,0x678,field_678,4,
Net,0x67C,field_67C,4,
Net,0x680,field_680,4,
Net,0x684,field_684,4,
Net,0x688,field_688,4,
Net,0x68C,field_68C,4,
Net,0x690,field_690,4,
Net,0x694,field_694,4,
Net,0x698,field_698,4,
Net,0x69C,field_69C,4,
Net,0x6A0,field_6A0,4,
Net,0x6A4,field_6A4,4,
Net,0x6A8,field_6A8,4,
Net,0x6AC,field_6AC,4,
Net,0x6B0,field_6B0,4,
Net,0x6B4,field_6B4,4,
Net,0x6B8,field_6B8,4,
Net,0x6BC,field_6BC,4,
Net,0x6C0,field_6C0,4,
Net,0x6C4,field_6C4,4,
Net,0x6C8,field_6C8,4,
Net,0x6CC,field_6CC,4,
Net,0x6D0,field_6D0,4,
Net,0x6D4,field_6D4,4,
Net,0x6D8,field_6D8,4,
Net,0x6DC,field_6DC,4,
Net,0x6E0,field_6E0,4,
Net,0x6E4,field_6E4,4,
Net,0x6E8,field_6E8,4,
Net,0x6EC,field_6EC,4,
Net,0x6F0,field_6F0,4,
Net,0x6F4,field_6F4,4,
Net,0x6F8,field_6F8,4,
Net,0x6FC,field_6FC,4,
Net,0x700,field_700,4,
Net,0x704,field_704,4,
Net,0x708,field_708,4,
Net,0x70C,field_70C,4,
Net,0x710,field_710,4,
Net,0x714,field_714,4,
Net,0x718,field_718,4,
Net,0x71C,field_71C,4,
Net,0x720,field_720,4,
Net,0x724,field_724,4,
Net,0x728,field_728,4,
Net,0x72C,field_72C,4,
Net,0x730,field_730,4,
Net,0x734,field_734,4,
Net,0x738,field_738,4,
Net,0x73C,field_73C,4,
Net,0x740,field_740,4,
Net,0x744,field_744,4,
Net,0x748,field_748,4,
Net,0x74C,field_74C,4,
Net,0x750,field_750,4,
Net,0x754,field_754,4,
Net,0x758,field_758,4,
Net,0x75C,field_75C,4,
Net,0x760,field_760,4,
NetDaemon,0x0,alphaNet,5280,
NetFifo,0x0,field_0,4,
NetFifo,0x4,field_4,4,
NetFifo,0x8,field_8,4,
NetFifo,0xC,field_C,4,
NetMsg,0x0,popup,21372,
NetMsg,0x537C,time,40,
NetWin,0x0,graphicWin,2580,
NetWin,0xA14,field_A14,4,
NetWin,0xA18,field_A18,4,
NetWin,0xA1C,field_A1C,4,
NetWin,0xA20,field_A20,4,
NetWin,0xA24,field_A24,4,
NetWin,0xA28,field_A28,4,
NetWin,0xA2C,field_A2C,4,
NetWin,0xA30,field_A30,4,
NetWin,0xA34,field_A34,4,
NetWin,0xA38,field_A38,4,
NetWin,0xA3C,field_A3C,4,
NetWin,0xA40,field_A40,4,
NetWin,0xA44,field_A44,4,
NetWin,0xA48,field_A48,4,
NetWin,0xA4C,field_A4C,4,
NetWin,0xA50,field_A50,4,
NetWin,0xA54,field_A54,4,
NetWin,0xA58,field_A58,4,
NetWin,0xA5C,field_A5C,4,
NetWin,0xA60,field_A60,4,
NetWin,0xA64,field_A64,4,
NetWin,0xA68,field_A68,4,
NetWin,0xA6C,field_A6C,4,
NetWin,0xA70,field_A70,4,
NetWin,0xA74,field_A74,4,
NetWin,0xA78,field_A78,4,
NetWin,0xA7C,field_A7C,4,
NetWin,0xA80,field_A80,4,
NetWin,0xA84,field_A84,4,
NetWin,0xA88,field_A88,4,
NetWin,0xA8C,field_A8C,4,
NetWin,0xA90,field_A90,4,
NetWin,0xA94,field_A94,4,
NetWin,0xA98,field_A98,4,
NetWin,0xA9C,field_A9C,4,
NetWin,0xAA0,field_AA0,4,
NetWin,0xAA4,field_AA4,4,
NetWin,0xAA8,field_AA8,4,
NetWin,0xAAC,field_AAC,4,
NetWin,0xAB0,field_AB0,4,
NetWin,0xAB4,field_AB4,4,
NetWin,0xAB8,field_AB8,4,
NetWin,0xABC,field_ABC,4,
NetWin,0xAC0,field_AC0,4,
NetWin,0xAC4,field_AC4,4,
NetWin,0xAC8,field_AC8,4,
NetWin,0xACC,field_ACC,4,
NetWin,0xAD0,field_AD0,4,
NetWin,0xAD4,field_AD4,4,
NetWin,0xAD8,field_AD8,4,
NetWin,0xADC,field_ADC,4,
NetWin,0xAE0,field_AE0,4,
NetWin,0xAE4,field_AE4,4,
NetWin,0xAE8,field_AE8,4,
NetWin,0xAEC,field_AEC,4,
NetWin,0xAF0,field_AF0,4,
NetWin,0xAF4,field_AF4,4,
NetWin,0xAF8,field_AF8,4,
NetWin,0xAFC,field_AFC,4,
NetWin,0xB00,field_B00,4,
NetWin,0xB04,field_B04,4,
NetWin,0xB08,field_B08,4,
NetWin,0xB0C,field_B0C,4,
NetWin,0xB10,field_B10,4,
NetWin,0xB14,field_B14,4,
NetWin,0xB18,field_B18,4,
NetWin,0xB1C,field_B1C,4,
NetWin,0xB20,field_B20,4,
NetWin,0xB24,field_B24,4,
NetWin,0xB28,field_B28,4,
NetWin,0xB2C,field_B2C,4,
NetWin,0xB30,field_B30,4,
NetWin,0xB34,field_B34,4,
NetWin,0xB38,field_B38,4,
NetWin,0xB3C,field_B3C,4,
NetWin,0xB40,field_B40,4,
NetWin,0xB44,field_B44,4,
NetWin,0xB48,field_B48,4,
NetWin,0xB4C,field_B4C,4,
NetWin,0xB50,field_B50,4,
NetWin,0xB54,field_B54,4,
NetWin,0xB58,field_B58,4,
NetWin,0xB5C,field_B5C,4,
NetWin,0xB60,field_B60,4,
NetWin,0xB64,field_B64,4,
NetWin,0xB68,field_B68,4,
NetWin,0xB6C,field_B6C,4,
NetWin,0xB70,field_B70,4,
NetWin,0xB74,field_B74,4,
NetWin,0xB78,field_B78,4,
NetWin,0xB7C,field_B7C,4,
NetWin,0xB80,field_B80,4,
NetWin,0xB84,field_B84,4,
NetWin,0xB88,field_B88,4,
NetWin,0xB8C,field_B8C,4,
NetWin,0xB90,field_B90,4,
NetWin,0xB94,field_B94,4,
NetWin,0xB98,field_B98,4,
NetWin,0xB9C,field_B9C,4,
NetWin,0xBA0,field_BA0,4,
NetWin,0xBA4,field_BA4,4,
NetWin,0xBA8,field_BA8,4,
NetWin,0xBAC,field_BAC,4,
NetWin,0xBB0,field_BB0,4,
NetWin,0xBB4,field_BB4,4,
NetWin,0xBB8,field_BB8,4,
NetWin,0xBBC,field_BBC,4,
NetWin,0xBC0,field_BC0,4,
NetWin,0xBC4,field_BC4,4,
NetWin,0xBC8,field_BC8,4,
NetWin,0xBCC,field_BCC,4,
NetWin,0xBD0,field_BD0,4,
NetWin,0xBD4,field_BD4,4,
NetWin,0xBD8,field_BD8,4,
NetWin,0xBDC,field_BDC,4,
NetWin,0xBE0,field_BE0,4,
NetWin,0xBE4,field_BE4,4,
NetWin,0xBE8,field_BE8,4,
NetWin,0xBEC,field_BEC,4,
NetWin,0xBF0,field_BF0,4,
NetWin,0xBF4,field_BF4,4,
NetWin,0xBF8,field_BF8,4,
NetWin,0xBFC,field_BFC,4,
NetWin,0xC00,field_C00,4,
NetWin,0xC04,field_C04,4,
NetWin,0xC08,field_C08,4,
NetWin,0xC0C,field_C0C,4,
NetWin,0xC10,field_C10,4,
NetWin,0xC14,field_C14,4,
NetWin,0xC18,field_C18,4,
NetWin,0xC1C,field_C1C,4,
NetWin,0xC20,field_C20,4,
NetWin,0xC24,field_C24,4,
NetWin,0xC28,field_C28,4,
NetWin,0xC2C,field_C2C,4,
NetWin,0xC30,field_C30,4,
NetWin,0xC34,field_C34,4,
NetWin,0xC38,field_C38,4,
NetWin,0xC3C,field_C3C,4,
NetWin,0xC40,field_C40,4,
NetWin,0xC44,field_C44,4,
NetWin,0xC48,field_C48,4,
NetWin,0xC4C,field_C4C,4,
NetWin,0xC50,field_C50,4,
NetWin,0xC54,field_C54,4,
NetWin,0xC58,field_C58,4,
NetWin,0xC5C,field_C5C,4,
NetWin,0xC60,field_C60,4,
NetWin,0xC64,field_C64,4,
NetWin,0xC68,field_C68,4,
NetWin,0xC6C,field_C6C,4,
NetWin,0xC70,field_C70,4,
NetWin,0xC74,field_C74,4,
NetWin,0xC78,field_C78,4,
NetWin,0xC7C,field_C7C,4,
NetWin,0xC80,field_C80,4,
NetWin,0xC84,field_C84,4,
NetWin,0xC88,field_C88,4,
NetWin,0xC8C,field_C8C,4,
NetWin,0xC90,field_C90,4,
NetWin,0xC94,field_C94,4,
NetWin,0xC98,field_C98,4,
NetWin,0xC9C,field_C9C,4,
NetWin,0xCA0,field_CA0,4,
NetWin,0xCA4,field_CA4,4,
NetWin,0xCA8,field_CA8,4,
NetWin,0xCAC,field_CAC,4,
NetWin,0xCB0,field_CB0,4,
NetWin,0xCB4,field_CB4,4,
NetWin,0xCB8,field_CB8,4,
NetWin,0xCBC,field_CBC,4,
NetWin,0xCC0,field_CC0,4,
NetWin,0xCC4,field_CC4,4,
NetWin,0xCC8,field_CC8,4,
NetWin,0xCCC,field_CCC,4,
NetWin,0xCD0,field_CD0,4,
NetWin,0xCD4,field_CD4,4,
NetWin,0xCD8,field_CD8,4,
NetWin,0xCDC,field_CDC,4,
NetWin,0xCE0,field_CE0,4,
NetWin,0xCE4,field_CE4,4,
NetWin,0xCE8,field_CE8,4,
NetWin,0xCEC,field_CEC,4,
NetWin,0xCF0,field_CF0,4,
NetWin,0xCF4,field_CF4,4,
NetWin,0xCF8,field_CF8,4,
NetWin,0xCFC,field_CFC,4,
NetWin,0xD00,field_D00,4,
NetWin,0xD04,field_D04,4,
NetWin,0xD08,field_D08,4,
NetWin,0xD0C,field_D0C,4,
NetWin,0xD10,field_D10,4,
NetWin,0xD14,field_D14,4,
NetWin,0xD18,field_D18,4,
NetWin,0xD1C,field_D1C,4,
NetWin,0xD20,field_D20,4,
NetWin,0xD24,field_D24,4,
NetWin,0xD28,field_D28,4,
NetWin,0xD2C,field_D2C,4,
NetWin,0xD30,field_D30,4,
NetWin,0xD34,spot,12,
NetWin,0xD40,stringBox,11168,
NetWin,0x38E0,editBox,2932,
NetWin,0x4454,checkBox,2856,
NetWin,0x4F7C,flatButton1,2892,
NetWin,0x5AC8,flatButton2,2892,
NewTechWin,0x0,graphicWin,2580,
NewTechWin,0xA14,field_A14,4,
NewTechWin,0xA18,field_A18,4,
NewTechWin,0xA1C,field_A1C,4,
NewTechWin,0xA20,field_A20,4,
NewTechWin,0xA24,field_A24,4,
NewTechWin,0xA28,field_A28,4,
NewTechWin,0xA2C,field_A2C,4,
NewTechWin,0xA30,field_A30,4,
NewTechWin,0xA34,field_A34,4,
NewTechWin,0xA38,field_A38,4,
NewTechWin,0xA3C,field_A3C,4,
NewTechWin,0xA40,field_A40,4,
NewTechWin,0xA44,field_A44,4,
NewTechWin,0xA48,field_A48,4,
NewTechWin,0xA4C,field_A4C,4,
NewTechWin,0xA50,field_A50,4,
NewTechWin,0xA54,field_A54,4,
NewTechWin,0xA58,field_A58,4,
NewTechWin,0xA5C,field_A5C,4,
NewTechWin,0xA60,field_A60,4,
NewTechWin,0xA64,field_A64,4,
NewTechWin,0xA68,field_A68,4,
NewTechWin,0xA6C,field_A6C,4,
NewTechWin,0xA70,field_A70,4,
NewTechWin,0xA74,field_A74,4,
NewTechWin,0xA78,field_A78,4,
NewTechWin,0xA7C,field_A7C,4,
NewTechWin,0xA80,field_A80,4,
NewTechWin,0xA84,field_A84,4,
NewTechWin,0xA88,field_A88,4,
NewTechWin,0xA8C,field_A8C,4,
NewTechWin,0xA90,field_A90,4,
NewTechWin,0xA94,field_A94,4,
NewTechWin,0xA98,field_A98,4,
NewTechWin,0xA9C,field_A9C,4,
NewTechWin,0xAA0,field_AA0,4,
NewTechWin,0xAA4,field_AA4,4,
NewTechWin,0xAA8,field_AA8,4,
NewTechWin,0xAAC,field_AAC,4,
NewTechWin,0xAB0,field_AB0,4,
NewTechWin,0xAB4,field_AB4,4,
NewTechWin,0xAB8,field_AB8,4,
NewTechWin,0xABC,field_ABC,4,
NewTechWin,0xAC0,field_AC0,4,
NewTechWin,0xAC4,field_AC4,4,
NewTechWin,0xAC8,field_AC8,4,
NewTechWin,0xACC,field_ACC,4,
NewTechWin,0xAD0,field_AD0,4,
NewTechWin,0xAD4,field_AD4,4,
NewTechWin,0xAD8,field_AD8,4,
NewTechWin,0xADC,field_ADC,4,
NewTechWin,0xAE0,field_AE0,4,
NewTechWin,0xAE4,field_AE4,4,
NewTechWin,0xAE8,field_AE8,4,
NewTechWin,0xAEC,field_AEC,4,
NewTechWin,0xAF0,field_AF0,4,
NewTechWin,0xAF4,field_AF4,4,
NewTechWin,0xAF8,field_AF8,4,
NewTechWin,0xAFC,field_AFC,4,
NewTechWin,0xB00,field_B00,4,
NewTechWin,0xB04,field_B04,4,
NewTechWin,0xB08,field_B08,4,
NewTechWin,0xB0C,field_B0C,4,
NewTechWin,0xB10,field_B10,4,
NewTechWin,0xB14,field_B14,4,
NewTechWin,0xB18,field_B18,4,
NewTechWin,0xB1C,field_B1C,4,
NewTechWin,0xB20,field_B20,4,
NewTechWin,0xB24,field_B24,4,
NewTechWin,0xB28,field_B28,4,
NewTechWin,0xB2C,flatButtons,8676,
NewTechWin,0x2D10,buttonGroup,148,
NewTechWin,0x2DA4,stringBoxes,44672,
NewTechWin,0xDC24,stringBox2,11168,
Palette,0x0,field_0,2,
Palette,0x2,field_2,2,
Palette,0x4,field_4,4,
Palette,0x8,field_8,4,
Palette,0xC,field_C,4,
Palette,0x10,field_10,4,
Palette,0x14,field_14,4,
Palette,0x18,field_18,4,
Palette,0x1C,field_1C,4,
Palette,0x20,field_20,4,
Palette,0x24,field_24,4,
Palette,0x28,field_28,944,
Palette,0x3D8,field_3D8,4,
Palette,0x3DC,field_3DC,4,
Palette,0x3E0,field_3E0,4,
Palette,0x3E4,field_3E4,4,
Palette,0x3E8,field_3E8,4,
Palette,0x3EC,field_3EC,4,
Palette,0x3F0,field_3F0,4,
Palette,0x3F4,field_3F4,4,
Palette,0x3F8,field_3F8,4,
Palette,0x3FC,field_3FC,4,
Palette,0x400,seed,4,
Palette,0x404,paletteInternal,80,
PaletteInternal,0x0,field_0,4,
PaletteInternal,0x4,ptrTime,4,
PaletteInternal,0x8,field_8,1,
PaletteInternal,0x9,field_9,1,
PaletteInternal,0xA,field_A,1,
PaletteInternal,0xB,field_B,1,
PaletteInternal,0xC,field_C,4,
Path,0x0,mapTable,4,
Path,0x4,xCoordTable,4,
Path,0x8,yCoordTable,4,
Path,0xC,index1,4,
Path,0x10,index2,4,
Path,0x14,factionID1,4,
Path,0x18,xCoordDst,4,
Path,0x1C,yCoordDst,4,
Path,0x20,field_20,4,
Path,0x24,factionID2,4,
Path,0x28,protoID,4,
PickTech,0x0,graphicWin,2580,
PickTech,0xA14,field_A14,4,
PickTech,0xA18,field_A18,4,
PickTech,0xA1C,field_A1C,4,
PickTech,0xA20,field_A20,4,
PickTech,0xA24,field_A24,4,
PickTech,0xA28,field_A28,4,
PickTech,0xA2C,field_A2C,4,
PickTech,0xA30,field_A30,4,
PickTech,0xA34,field_A34,4,
PickTech,0xA38,field_A38,4,
PickTech,0xA3C,field_A3C,4,
PickTech,0xA40,field_A40,4,
PickTech,0xA44,field_A44,4,
PickTech,0xA48,field_A48,4,
PickTech,0xA4C,field_A4C,4,
PickTech,0xA50,field_A50,4,
PickTech,0xA54,field_A54,4,
PickTech,0xA58,field_A58,4,
PickTech,0xA5C,field_A5C,4,
PickTech,0xA60,field_A60,4,
PickTech,0xA64,field_A64,4,
PickTech,0xA68,field_A68,4,
PickTech,0xA6C,field_A6C,4,
PickTech,0xA70,field_A70,4,
PickTech,0xA74,field_A74,4,
PickTech,0xA78,field_A78,4,
PickTech,0xA7C,field_A7C,4,
PickTech,0xA80,field_A80,4,
PickTech,0xA84,field_A84,4,
PickTech,0xA88,field_A88,4,
PickTech,0xA8C,field_A8C,4,
PickTech,0xA90,field_A90,4,
PickTech,0xA94,field_A94,4,
PickTech,0xA98,field_A98,4,
PickTech,0xA9C,field_A9C,4,
PickTech,0xAA0,field_AA0,4,
PickTech,0xAA4,field_AA4,4,
PickTech,0xAA8,field_AA8,4,
PickTech,0xAAC,field_AAC,4,
PickTech,0xAB0,field_AB0,4,
PickTech,0xAB4,field_AB4,4,
PickTech,0xAB8,field_AB8,4,
PickTech,0xABC,field_ABC,4,
PickTech,0xAC0,field_AC0,4,
PickTech,0xAC4,field_AC4,4,
PickTech,0xAC8,field_AC8,4,
PickTech,0xACC,field_ACC,4,
PickTech,0xAD0,field_AD0,4,
PickTech,0xAD4,field_AD4,4,
PickTech,0xAD8,field_AD8,4,
PickTech,0xADC,field_ADC,4,
PickTech,0xAE0,field_AE0,4,
PickTech,0xAE4,field_AE4,4,
PickTech,0xAE8,field_AE8,4,
PickTech,0xAEC,field_AEC,4,
PickTech,0xAF0,field_AF0,4,
PickTech,0xAF4,field_AF4,4,
PickTech,0xAF8,field_AF8,4,
PickTech,0xAFC,field_AFC,4,
PickTech,0xB00,field_B00,4,
PickTech,0xB04,field_B04,4,
PickTech,0xB08,field_B08,4,
PickTech,0xB0C,field_B0C,4,
PickTech,0xB10,field_B10,4,
PickTech,0xB14,field_B14,4,
PickTech,0xB18,field_B18,4,
PickTech,0xB1C,field_B1C,4,
PickTech,0xB20,field_B20,4,
PickTech,0xB24,field_B24,4,
PickTech,0xB28,field_B28,4,
PickTech,0xB2C,field_B2C,4,
PickTech,0xB30,field_B30,4,
PickTech,0xB34,field_B34,4,
PickTech,0xB38,field_B38,4,
PickTech,0xB3C,field_B3C,4,
PickTech,0xB40,field_B40,4,
PickTech,0xB44,field_B44,4,
PickTech,0xB48,field_B48,4,
PickTech,0xB4C,field_B4C,4,
PickTech,0xB50,field_B50,4,
PickTech,0xB54,field_B54,4,
PickTech,0xB58,field_B58,4,
PickTech,0xB5C,field_B5C,4,
PickTech,0xB60,field_B60,4,
PickTech,0xB64,field_B64,4,
PickTech,0xB68,field_B68,4,
PickTech,0xB6C,field_B6C,4,
PickTech,0xB70,field_B70,4,
PickTech,0xB74,field_B74,4,
PickTech,0xB78,field_B78,4,
PickTech,0xB7C,field_B7C,4,
PickTech,0xB80,field_B80,4,
PickTech,0xB84,field_B84,4,
PickTech,0xB88,field_B88,4,
PickTech,0xB8C,field_B8C,4,
PickTech,0xB90,field_B90,4,
PickTech,0xB94,field_B94,4,
PickTech,0xB98,field_B98,4,
PickTech,0xB9C,field_B9C,4,
PickTech,0xBA0,field_BA0,4,
PickTech,0xBA4,field_BA4,4,
PickTech,0xBA8,field_BA8,4,
PickTech,0xBAC,field_BAC,4,
PickTech,0xBB0,field_BB0,4,
PickTech,0xBB4,field_BB4,4,
PickTech,0xBB8,field_BB8,4,
PickTech,0xBBC,font1,40,
PickTech,0xBE4,font2,40,
PickTech,0xC0C,font3,40,
PickTech,0xC34,font4,40,
PickWin,0x0,graphicWin,2580,
PickWin,0xA14,field_A14,4,
PickWin,0xA18,field_A18,4,
PickWin,0xA1C,field_A1C,4,
PickWin,0xA20,field_A20,4,
PickWin,0xA24,popup,21372,
PickWin,0x5DA0,field_5DA0,4,
PickWin,0x5DA4,field_5DA4,4,
PickWin,0x5DA8,field_5DA8,4,
PickWin,0x5DAC,field_5DAC,4,
PickWin,0x5DB0,field_5DB0,4,
PickWin,0x5DB4,field_5DB4,4,
PickWin,0x5DB8,field_5DB8,4,
PickWin,0x5DBC,field_5DBC,4,
PickWin,0x5DC0,field_5DC0,4,
PickWin,0x5DC4,field_5DC4,4,
PickWin,0x5DC8,field_5DC8,4,
PickWin,0x5DCC,field_5DCC,4,
PickWin,0x5DD0,field_5DD0,4,
PickWin,0x5DD4,field_5DD4,4,
PickWin,0x5DD8,field_5DD8,4,
PickWin,0x5DDC,field_5DDC,4,
PickWin,0x5DE0,field_5DE0,4,
PickWin,0x5DE4,field_5DE4,4,
PickWin,0x5DE8,field_5DE8,4,
PickWin,0x5DEC,field_5DEC,4,
PickWin,0x5DF0,field_5DF0,4,
PickWin,0x5DF4,field_5DF4,4,
PickWin,0x5DF8,field_5DF8,4,
PickWin,0x5DFC,field_5DFC,4,
PickWin,0x5E00,field_5E00,4,
PickWin,0x5E04,field_5E04,4,
PickWin,0x5E08,field_5E08,4,
PickWin,0x5E0C,field_5E0C,4,
PickWin,0x5E10,field_5E10,4,
PickWin,0x5E14,field_5E14,4,
PickWin,0x5E18,field_5E18,4,
PickWin,0x5E1C,field_5E1C,4,
PickWin,0x5E20,field_5E20,4,
PickWin,0x5E24,field_5E24,4,
PickWin,0x5E28,field_5E28,4,
PickWin,0x5E2C,field_5E2C,4,
PickWin,0x5E30,field_5E30,4,
PickWin,0x5E34,field_5E34,4,
PickWin,0x5E38,field_5E38,4,
PickWin,0x5E3C,field_5E3C,4,
PickWin,0x5E40,field_5E40,4,
PickWin,0x5E44,field_5E44,4,
PickWin,0x5E48,field_5E48,4,
PickWin,0x5E4C,field_5E4C,4,
PickWin,0x5E50,field_5E50,4,
PickWin,0x5E54,field_5E54,4,
PickWin,0x5E58,field_5E58,4,
PickWin,0x5E5C,field_5E5C,4,
PickWin,0x5E60,field_5E60,4,
PickWin,0x5E64,field_5E64,4,
PickWin,0x5E68,field_5E68,4,
PickWin,0x5E6C,field_5E6C,4,
PickWin,0x5E70,field_5E70,4,
PickWin,0x5E74,field_5E74,4,
PickWin,0x5E78,field_5E78,4,
PickWin,0x5E7C,field_5E7C,4,
PickWin,0x5E80,field_5E80,4,
PickWin,0x5E84,field_5E84,4,
PickWin,0x5E88,field_5E88,4,
PickWin,0x5E8C,field_5E8C,4,
PickWin,0x5E90,field_5E90,4,
PickWin,0x5E94,field_5E94,4,
PickWin,0x5E98,field_5E98,4,
PickWin,0x5E9C,field_5E9C,4,
PickWin,0x5EA0,field_5EA0,4,
PickWin,0x5EA4,field_5EA4,4,
PickWin,0x5EA8,field_5EA8,4,
PickWin,0x5EAC,field_5EAC,4,
PickWin,0x5EB0,field_5EB0,4,
PickWin,0x5EB4,field_5EB4,4,
PickWin,0x5EB8,field_5EB8,4,
PickWin,0x5EBC,field_5EBC,4,
PickWin,0x5EC0,field_5EC0,4,
PickWin,0x5EC4,field_5EC4,4,
PickWin,0x5EC8,field_5EC8,4,
PickWin,0x5ECC,field_5ECC,4,
PickWin,0x5ED0,field_5ED0,4,
PickWin,0x5ED4,field_5ED4,4,
PickWin,0x5ED8,field_5ED8,4,
PickWin,0x5EDC,field_5EDC,4,
PickWin,0x5EE0,field_5EE0,4,
PickWin,0x5EE4,field_5EE4,4,
PickWin,0x5EE8,field_5EE8,4,
PickWin,0x5EEC,field_5EEC,4,
PickWin,0x5EF0,field_5EF0,4,
PickWin,0x5EF4,field_5EF4,4,
PickWin,0x5EF8,field_5EF8,4,
PickWin,0x5EFC,field_5EFC,4,
PickWin,0x5F00,field_5F00,4,
PickWin,0x5F04,field_5F04,4,
PickWin,0x5F08,field_5F08,4,
PickWin,0x5F0C,field_5F0C,4,
PickWin,0x5F10,field_5F10,4,
PickWin,0x5F14,field_5F14,4,
PickWin,0x5F18,field_5F18,4,
PickWin,0x5F1C,field_5F1C,4,
PickWin,0x5F20,field_5F20,4,
PickWin,0x5F24,field_5F24,4,
PickWin,0x5F28,field_5F28,4,
PickWin,0x5F2C,field_5F2C,4,
PickWin,0x5F30,field_5F30,4,
PickWin,0x5F34,field_5F34,4,
PickWin,0x5F38,field_5F38,4,
PickWin,0x5F3C,field_5F3C,4,
PickWin,0x5F40,field_5F40,4,
PickWin,0x5F44,field_5F44,4,
PickWin,0x5F48,field_5F48,4,
PickWin,0x5F4C,field_5F4C,4,
PickWin,0x5F50,field_5F50,4,
PickWin,0x5F54,field_5F54,4,
PickWin,0x5F58,field_5F58,4,
PickWin,0x5F5C,field_5F5C,4,
PickWin,0x5F60,field_5F60,4,
PickWin,0x5F64,field_5F64,4,
PickWin,0x5F68,field_5F68,4,
PickWin,0x5F6C,field_5F6C,4,
PickWin,0x5F70,field_5F70,4,
PickWin,0x5F74,field_5F74,4,
PickWin,0x5F78,field_5F78,4,
PickWin,0x5F7C,field_5F7C,4,
PickWin,0x5F80,field_5F80,4,
PickWin,0x5F84,field_5F84,4,
PickWin,0x5F88,field_5F88,4,
PickWin,0x5F8C,field_5F8C,4,
PickWin,0x5F90,field_5F90,4,
PickWin,0x5F94,field_5F94,4,
PickWin,0x5F98,field_5F98,4,
PickWin,0x5F9C,field_5F9C,4,
PickWin,0x5FA0,field_5FA0,4,
PickWin,0x5FA4,field_5FA4,4,
PickWin,0x5FA8,field_5FA8,4,
PickWin,0x5FAC,field_5FAC,4,
PickWin,0x5FB0,field_5FB0,4,
PickWin,0x5FB4,field_5FB4,4,
PickWin,0x5FB8,field_5FB8,4,
PickWin,0x5FBC,field_5FBC,4,
PickWin,0x5FC0,field_5FC0,4,
PickWin,0x5FC4,field_5FC4,4,
PickWin,0x5FC8,field_5FC8,4,
PickWin,0x5FCC,field_5FCC,4,
PickWin,0x5FD0,field_5FD0,4,
PickWin,0x5FD4,field_5FD4,4,
PickWin,0x5FD8,field_5FD8,4,
PickWin,0x5FDC,field_5FDC,4,
PickWin,0x5FE0,field_5FE0,4,
PickWin,0x5FE4,field_5FE4,4,
PickWin,0x5FE8,field_5FE8,4,
PickWin,0x5FEC,field_5FEC,4,
PickWin,0x5FF0,field_5FF0,4,
PickWin,0x5FF4,field_5FF4,4,
PickWin,0x5FF8,field_5FF8,4,
PickWin,0x5FFC,field_5FFC,4,
PickWin,0x6000,field_6000,4,
PickWin,0x6004,field_6004,4,
PickWin,0x6008,field_6008,4,
PickWin,0x600C,field_600C,4,
PickWin,0x6010,field_6010,4,
PickWin,0x6014,field_6014,4,
PickWin,0x6018,field_6018,4,
PickWin,0x601C,field_601C,4,
PickWin,0x6020,field_6020,4,
PickWin,0x6024,field_6024,4,
PickWin,0x6028,field_6028,4,
PickWin,0x602C,field_602C,4,
PickWin,0x6030,field_6030,4,
PickWin,0x6034,field_6034,4,
PickWin,0x6038,field_6038,4,
PickWin,0x603C,field_603C,4,
PickWin,0x6040,field_6040,4,
PickWin,0x6044,field_6044,4,
PickWin,0x6048,field_6048,4,
PickWin,0x604C,field_604C,4,
PickWin,0x6050,field_6050,4,
PickWin,0x6054,field_6054,4,
PickWin,0x6058,field_6058,4,
PickWin,0x605C,field_605C,4,
PickWin,0x6060,field_6060,4,
PickWin,0x6064,field_6064,4,
PickWin,0x6068,field_6068,4,
PickWin,0x606C,field_606C,4,
PickWin,0x6070,field_6070,4,
PickWin,0x6074,field_6074,4,
PickWin,0x6078,field_6078,4,
PickWin,0x607C,field_607C,4,
PickWin,0x6080,field_6080,4,
PickWin,0x6084,field_6084,4,
PickWin,0x6088,field_6088,4,
PickWin,0x608C,field_608C,4,
PickWin,0x6090,field_6090,4,
PickWin,0x6094,field_6094,4,
PickWin,0x6098,field_6098,4,
PickWin,0x609C,field_609C,4,
PickWin,0x60A0,field_60A0,4,
PickWin,0x60A4,field_60A4,4,
PickWin,0x60A8,field_60A8,4,
PickWin,0x60AC,field_60AC,4,
PickWin,0x60B0,field_60B0,4,
PickWin,0x60B4,field_60B4,4,
PickWin,0x60B8,field_60B8,4,
PickWin,0x60BC,field_60BC,4,
PickWin,0x60C0,field_60C0,4,
PickWin,0x60C4,field_60C4,4,
PickWin,0x60C8,field_60C8,4,
PickWin,0x60CC,field_60CC,4,
PickWin,0x60D0,field_60D0,4,
PickWin,0x60D4,field_60D4,4,
PickWin,0x60D8,field_60D8,4,
PickWin,0x60DC,field_60DC,4,
PickWin,0x60E0,field_60E0,4,
PickWin,0x60E4,field_60E4,4,
PickWin,0x60E8,field_60E8,4,
PickWin,0x60EC,field_60EC,4,
PickWin,0x60F0,field_60F0,4,
PickWin,0x60F4,field_60F4,4,
PickWin,0x60F8,field_60F8,4,
PickWin,0x60FC,field_60FC,4,
PickWin,0x6100,field_6100,4,
PickWin,0x6104,field_6104,4,
PickWin,0x6108,field_6108,4,
PickWin,0x610C,field_610C,4,
PickWin,0x6110,field_6110,4,
PickWin,0x6114,field_6114,4,
PickWin,0x6118,field_6118,4,
PickWin,0x611C,field_611C,4,
PickWin,0x6120,field_6120,4,
PickWin,0x6124,field_6124,4,
PickWin,0x6128,field_6128,4,
PickWin,0x612C,field_612C,4,
PickWin,0x6130,field_6130,4,
PickWin,0x6134,field_6134,4,
PickWin,0x6138,field_6138,4,
PickWin,0x613C,field_613C,4,
PickWin,0x6140,field_6140,4,
PickWin,0x6144,field_6144,4,
PickWin,0x6148,field_6148,4,
PickWin,0x614C,field_614C,4,
PickWin,0x6150,field_6150,4,
PickWin,0x6154,field_6154,4,
PickWin,0x6158,field_6158,4,
PickWin,0x615C,field_615C,4,
PickWin,0x6160,field_6160,4,
PickWin,0x6164,field_6164,4,
PickWin,0x6168,field_6168,4,
PickWin,0x616C,field_616C,4,
PickWin,0x6170,field_6170,4,
PickWin,0x6174,field_6174,4,
PickWin,0x6178,field_6178,4,
PickWin,0x617C,field_617C,4,
PickWin,0x6180,field_6180,4,
PickWin,0x6184,field_6184,4,
PickWin,0x6188,field_6188,4,
PickWin,0x618C,field_618C,4,
PickWin,0x6190,field_6190,4,
PickWin,0x6194,field_6194,4,
PickWin,0x6198,field_6198,4,
PickWin,0x619C,field_619C,4,
PickWin,0x61A0,field_61A0,4,
PickWin,0x61A4,field_61A4,4,
PickWin,0x61A8,field_61A8,4,
PickWin,0x61AC,field_61AC,4,
PickWin,0x61B0,field_61B0,4,
PickWin,0x61B4,field_61B4,4,
PickWin,0x61B8,field_61B8,4,
PickWin,0x61BC,field_61BC,4,
PickWin,0x61C0,field_61C0,4,
PickWin,0x61C4,field_61C4,4,
PickWin,0x61C8,field_61C8,4,
PickWin,0x61CC,field_61CC,4,
PickWin,0x61D0,field_61D0,4,
PickWin,0x61D4,field_61D4,4,
PickWin,0x61D8,field_61D8,4,
PickWin,0x61DC,field_61DC,4,
PickWin,0x61E0,field_61E0,4,
PickWin,0x61E4,field_61E4,4,
PickWin,0x61E8,field_61E8,4,
PickWin,0x61EC,field_61EC,4,
PickWin,0x61F0,field_61F0,4,
PickWin,0x61F4,field_61F4,4,
PickWin,0x61F8,field_61F8,4,
PickWin,0x61FC,field_61FC,4,
PickWin,0x6200,field_6200,4,
PickWin,0x6204,field_6204,4,
PickWin,0x6208,field_6208,4,
PickWin,0x620C,field_620C,4,
PickWin,0x6210,field_6210,4,
PickWin,0x6214,field_6214,4,
PickWin,0x6218,field_6218,4,
PickWin,0x621C,field_621C,4,
PickWin,0x6220,field_6220,4,
PickWin,0x6224,field_6224,4,
PickWin,0x6228,field_6228,4,
PickWin,0x622C,field_622C,4,
PickWin,0x6230,field_6230,4,
PickWin,0x6234,field_6234,4,
PickWin,0x6238,field_6238,4,
PickWin,0x623C,field_623C,4,
PickWin,0x6240,field_6240,4,
PickWin,0x6244,field_6244,4,
PickWin,0x6248,field_6248,4,
PickWin,0x624C,field_624C,4,
PickWin,0x6250,field_6250,4,
PickWin,0x6254,field_6254,4,
PickWin,0x6258,field_6258,4,
PickWin,0x625C,field_625C,4,
PickWin,0x6260,field_6260,4,
PickWin,0x6264,field_6264,4,
PickWin,0x6268,field_6268,4,
PickWin,0x626C,field_626C,4,
PickWin,0x6270,field_6270,4,
PickWin,0x6274,field_6274,4,
PickWin,0x6278,field_6278,4,
PickWin,0x627C,field_627C,4,
PickWin,0x6280,field_6280,4,
PickWin,0x6284,field_6284,4,
PickWin,0x6288,field_6288,4,
PickWin,0x628C,flatButton1,2892,
PickWin,0x6DD8,flatButton2,2892,
PickWin,0x7924,flatButton3,2892,
PickWin,0x8470,sprites1,132,
PickWin,0x84F4,sprites2,132,
PickWin,0x8578,sprites3,132,
PickWin,0x85FC,sprites4,132,
PickWin,0x8680,sprite5,44,
PickWin,0x86AC,field_86AC,4,
PickWin,0x86B0,field_86B0,4,
PickWin,0x86B4,field_86B4,4,
PickWin,0x86B8,field_86B8,4,
PickWin,0x86BC,listBox,2900,
PickWin,0x9210,field_9210,4,
PickWin,0x9214,field_9214,4,
PickWin,0x9218,field_9218,4,
PickWin,0x921C,field_921C,4,
PickWin,0x9220,field_9220,4,
PickWin,0x9224,field_9224,4,
PickWin,0x9228,field_9228,4,
PickWin,0x922C,field_922C,4,
PickWin,0x9230,field_9230,4,
PickWin,0x9234,field_9234,4,
PickWin,0x9238,field_9238,4,
PickWin,0x923C,field_923C,4,
PickWin,0x9240,field_9240,4,
PickWin,0x9244,field_9244,4,
PickWin,0x9248,field_9248,4,
PickWin,0x924C,field_924C,4,
PickWin,0x9250,field_9250,4,
PickWin,0x9254,field_9254,4,
PickWin,0x9258,field_9258,4,
PickWin,0x925C,field_925C,4,
PickWin,0x9260,field_9260,4,
PickWin,0x9264,field_9264,4,
PickWin,0x9268,field_9268,4,
PickWin,0x926C,field_926C,4,
PickWin,0x9270,flatButton4,2892,
PickWin,0x9DBC,flatButton5,2892,
PickWin,0xA908,flatButton6,2892,
PickWin,0xB454,flatButton7,2892,
PickWin,0xBFA0,flatButton8,2892,
PickWin,0xCAEC,flatButton9,2892,
PickWin,0xD638,field_D638,4,
PickWin,0xD63C,field_D63C,4,
PickWin,0xD640,field_D640,4,
PickWin,0xD644,field_D644,4,
PickWin,0xD648,field_D648,4,
PickWin,0xD64C,field_D64C,4,
PickWin,0xD650,field_D650,4,
PickWin,0xD654,field_D654,4,
PickWin,0xD658,field_D658,4,
PickWin,0xD65C,field_D65C,4,
PickWin,0xD660,field_D660,4,
PickWin,0xD664,field_D664,4,
PickWin,0xD668,field_D668,4,
PickWin,0xD66C,field_D66C,4,
PickWin,0xD670,field_D670,4,
PickWin,0xD674,field_D674,4,
PickWin,0xD678,field_D678,4,
PickWin,0xD67C,field_D67C,4,
PickWin,0xD680,field_D680,4,
PickWin,0xD684,field_D684,4,
PickWin,0xD688,field_D688,4,
PickWin,0xD68C,field_D68C,4,
PickWin,0xD690,field_D690,4,
PickWin,0xD694,field_D694,4,
PickWin,0xD698,field_D698,4,
PickWin,0xD69C,field_D69C,4,
PickWin,0xD6A0,field_D6A0,4,
PickWin,0xD6A4,field_D6A4,4,
PickWin,0xD6A8,flatButtons10,20244,
PickWin,0x125BC,buttonGroup,148,
PlanWin,0x0,mapWin,137832,
PlanWin,0x21A68,field_21A68,4,
PlanWin,0x21A6C,field_21A6C,4,
PlanWin,0x21A70,buffer,1416,
PlanWin,0x21FF8,field_21FF8,4,
PlanWin,0x21FFC,field_21FFC,4,
PlanWin,0x22000,field_22000,4,
PlanWin,0x22004,field_22004,4,
PlanWin,0x22008,field_22008,4,
PlanWin,0x2200C,field_2200C,4,
PlanWin,0x22010,field_22010,4,
PlanWin,0x22014,field_22014,4,
PlanWin,0x22018,field_22018,4,
PlanWin,0x2201C,field_2201C,4,
PlanWin,0x22020,field_22020,4,
PlanWin,0x22024,field_22024,4,
PlanWin,0x22028,field_22028,4,
PlanWin,0x2202C,field_2202C,4,
PlanWin,0x22030,field_22030,4,
PlanWin,0x22034,field_22034,4,
PlanWin,0x22038,field_22038,4,
PlanWin,0x2203C,field_2203C,4,
PlanWin,0x22040,field_22040,4,
PlanWin,0x22044,field_22044,4,
PlanWin,0x22048,field_22048,4,
PlanWin,0x2204C,field_2204C,4,
PlanWin,0x22050,graphicWin,2580,
Player,0x0,isLeaderFemale,4,
Player,0x4,filename,24,
Player,0x1C,searchKey,24,
Player,0x34,nameLeader,24,
Player,0x4C,titleLeader,24,
Player,0x64,adjLeader,128,
Player,0xE4,adjInsultLeader,128,
Player,0x164,adjFaction,128,
Player,0x1E4,adjInsultFaction,128,
Player,0x264,padding1,128,
Player,0x2E4,nounFaction,24,
Player,0x2FC,nounGender,4,
Player,0x300,isNounPlural,4,
Player,0x304,adjNameFaction,128,
Player,0x384,formalNameFaction,40,
Player,0x3AC,insultLeader,24,
Player,0x3C4,descNameFaction,24,
Player,0x3DC,assistantName,24,
Player,0x3F4,scientistName,24,
Player,0x40C,assistantCity,24,
Player,0x424,padding2,176,
Player,0x4D4,ruleTechSelected,4,
Player,0x4D8,ruleMorale,4,
Player,0x4DC,ruleResearch,4,
Player,0x4E0,ruleDrone,4,
Player,0x4E4,ruleTalent,4,
Player,0x4E8,ruleEnergy,4,
Player,0x4EC,ruleInterest,4,
Player,0x4F0,rulePopulation,4,
Player,0x4F4,ruleHurry,4,
Player,0x4F8,ruleTechcost,4,
Player,0x4FC,rulePsi,4,
Player,0x500,ruleSharetech,4,
Player,0x504,ruleCommerce,4,
Player,0x508,ruleFlags,4,
Player,0x50C,factionBonusCount,4,
Player,0x510,factionBonusId,32,
Player,0x530,factionBonusVal1,32,
Player,0x550,factionBonusVal2,32,
Player,0x570,AI_IntrestFight,4,
Player,0x574,AI_IntrestGrowth,4,
Player,0x578,AI_IntrestTech,4,
Player,0x57C,AI_IntrestWealth,4,
Player,0x580,AI_IntrestPower,4,
Player,0x584,socIdeologyCategory,4,
Player,0x588,socAntiIdeologyCategory,4,
Player,0x58C,socIdeologyModel,4,
Player,0x590,socAntiIdeologyModel,4,
Player,0x594,socIdeologyEffect,4,
Player,0x598,socAntiIdeologyEffect,4,
Popup,0x0,basePop,12848,
Popup,0x3230,scroll,8524,
PrefWin,0x0,graphicWin,2580,
PrefWin,0xA14,field_A14,4,
PrefWin,0xA18,field_A18,4,
PrefWin,0xA1C,field_A1C,4,
PrefWin,0xA20,prefsFinal,4,
PrefWin,0xA24,morePrefsFinal,4,
PrefWin,0xA28,warningsFinal,4,
PrefWin,0xA2C,field_A2C,4,
PrefWin,0xA30,prefsBasicPending,4,
PrefWin,0xA34,morePrefsBasicPending,4,
PrefWin,0xA38,prefsAdvPending,4,
PrefWin,0xA3C,morePrefsAdvPending,4,
PrefWin,0xA40,prefsAutoPending,4,
PrefWin,0xA44,morePrefsAutoPending,4,
PrefWin,0xA48,warningsPending,4,
PrefWin,0xA4C,prefsAVPending,4,
PrefWin,0xA50,morePrefsAVPending,4,
PrefWin,0xA54,prefsMapPending,4,
PrefWin,0xA58,morePrefsMapPending,4,
PrefWin,0xA5C,field_A5C,4,
PrefWin,0xA60,bscPrefButton,2892,
PrefWin,0x15AC,advPrefButton,2892,
PrefWin,0x20F8,warnPrefButton,2892,
PrefWin,0x2C44,autoPrefButton,2892,
PrefWin,0x3790,audioVisPrefButton,2892,
PrefWin,0x42DC,mapPrefButton,2892,
PrefWin,0x4E28,gammaButton,2892,
PrefWin,0x5974,bscPrefCheckBox,2856,
PrefWin,0x649C,advPrefCheckBox,2856,
PrefWin,0x6FC4,autoPrefCheckBox,2856,
PrefWin,0x7AEC,audioVisPrefCheckBox,2856,
PrefWin,0x8614,warnPrefCheckBox,2856,
PrefWin,0x913C,warnContPrefCheckBox,2856,
PrefWin,0x9C64,mapPrefCheckBox,2856,
PrefWin,0xA78C,volumeMainScroll,8524,
PrefWin,0xC8D8,volumeVoiceScroll,8524,
PrefWin,0xEA24,volumeSFXScroll,8524,
PrefWin,0x10B70,volumeMusicScroll,8524,
PrefWin,0x12CBC,scroll5,8524,
PrefWin,0x14E08,volumeMainToggle,2892,
PrefWin,0x15954,volumeSFXToggle,2892,
PrefWin,0x164A0,volumeVoiceToggle,2892,
PrefWin,0x16FEC,volumemusicToggle,2892,
PrefWin,0x17B38,flatButton12,2892,
PrefWin,0x18684,restoreDefaultButton,2892,
PrefWin,0x191D0,cancelButton,2892,
PrefWin,0x19D1C,okButton,2892,
PrefWin,0x1A868,moreButton,2892,
PrefWin,0x1B3B4,ptrFont1,4,
PrefWin,0x1B3B8,ptrFont2,4,
PrefWin,0x1B3BC,ptrFont3,4,
PrefWin,0x1B3C0,ptrFont4,4,
PrefWin,0x1B3C4,ptrFont5,4,
PrefWin,0x1B3C8,ptrFont6,4,
PrefWin,0x1B3CC,ptrFont7,4,
ProdPicker,0x0,graphicWin,2580,
ProdPicker,0xA14,field_A14,4,
ProdPicker,0xA18,sprite1,44,
ProdPicker,0xA44,sprite2,44,
ProdPicker,0xA70,sprite3,44,
ProdPicker,0xA9C,font1,40,
ProdPicker,0xAC4,font2,40,
ProdPicker,0xAEC,font3,40,
ProdPicker,0xB14,font4,40,
ProdPicker,0xB3C,time,40,
ProdPicker,0xB64,field_B64,4,
ProdPicker,0xB68,field_B68,4,
ProdPicker,0xB6C,field_B6C,4,
ProdPicker,0xB70,field_B70,4,
ProdPicker,0xB74,flatButton1,2892,
ProdPicker,0x16C0,flatButton2,2892,
ProdPicker,0x220C,flatButton3,2892,
ProdPicker,0x2D58,flatButton4,2892,
ProdPicker,0x38A4,flatButton5,2892,
ProdPicker,0x43F0,flatButton6,2892,
ProdPicker,0x4F3C,flatButton7,2892,
ProdPicker,0x5A88,flatButton8,2892,
ProdPicker,0x65D4,flatButton9,2892,
ProdPicker,0x7120,scroll,8524,
ProdPicker,0x926C,caviar,5072,
ProdPicker,0xA63C,field_A63C,4,
ProdPicker,0xA640,field_A640,4,
ProdPicker,0xA644,field_A644,4,
ProdPicker,0xA648,field_A648,4,
ProdPicker,0xA64C,field_A64C,4,
ProdPicker,0xA650,field_A650,4,
ProdPicker,0xA654,field_A654,4,
ProdPicker,0xA658,field_A658,4,
ProdPicker,0xA65C,field_A65C,4,
ProdPicker,0xA660,field_A660,4,
ProdPicker,0xA664,field_A664,4,
ProdPicker,0xA668,field_A668,4,
ProdPicker,0xA66C,field_A66C,4,
ProdPicker,0xA670,field_A670,4,
ProdPicker,0xA674,field_A674,4,
ProdPicker,0xA678,field_A678,4,
ProdPicker,0xA67C,field_A67C,4,
ProdPicker,0xA680,field_A680,4,
ProdPicker,0xA684,field_A684,4,
ProdPicker,0xA688,field_A688,4,
ProdPicker,0xA68C,field_A68C,4,
ProdPicker,0xA690,field_A690,4,
ProdPicker,0xA694,field_A694,4,
ProdPicker,0xA698,field_A698,4,
ProdPicker,0xA69C,field_A69C,4,
ProdPicker,0xA6A0,field_A6A0,4,
ProdPicker,0xA6A4,field_A6A4,4,
ProdPicker,0xA6A8,field_A6A8,4,
ProdPicker,0xA6AC,field_A6AC,4,
ProdPicker,0xA6B0,field_A6B0,4,
ProdPicker,0xA6B4,field_A6B4,4,
ProdPicker,0xA6B8,field_A6B8,4,
ProdPicker,0xA6BC,field_A6BC,4,
ProdPicker,0xA6C0,field_A6C0,4,
ProdPicker,0xA6C4,field_A6C4,4,
ProdPicker,0xA6C8,field_A6C8,4,
ProdPicker,0xA6CC,field_A6CC,4,
ProdPicker,0xA6D0,field_A6D0,4,
ProdPicker,0xA6D4,field_A6D4,4,
ProdPicker,0xA6D8,field_A6D8,4,
ProdPicker,0xA6DC,field_A6DC,4,
ProdPicker,0xA6E0,field_A6E0,4,
ProdPicker,0xA6E4,field_A6E4,4,
ProdPicker,0xA6E8,field_A6E8,4,
ProdPicker,0xA6EC,field_A6EC,4,
ProdPicker,0xA6F0,field_A6F0,4,
ProdPicker,0xA6F4,field_A6F4,4,
ProdPicker,0xA6F8,field_A6F8,4,
ProdPicker,0xA6FC,field_A6FC,4,
ProdPicker,0xA700,field_A700,4,
ProdPicker,0xA704,field_A704,4,
ProdPicker,0xA708,field_A708,4,
ProdPicker,0xA70C,field_A70C,4,
ProdPicker,0xA710,field_A710,4,
ProdPicker,0xA714,field_A714,4,
ProdPicker,0xA718,field_A718,4,
ProdPicker,0xA71C,field_A71C,4,
ProdPicker,0xA720,field_A720,4,
ProdPicker,0xA724,field_A724,4,
ProdPicker,0xA728,field_A728,4,
ProdPicker,0xA72C,field_A72C,4,
ProdPicker,0xA730,field_A730,4,
ProdPicker,0xA734,field_A734,4,
ProdPicker,0xA738,field_A738,4,
ProdPicker,0xA73C,field_A73C,4,
ProdPicker,0xA740,field_A740,4,
ProdPicker,0xA744,field_A744,4,
ProdPicker,0xA748,field_A748,4,
ProdPicker,0xA74C,field_A74C,4,
ProdPicker,0xA750,field_A750,4,
ProdPicker,0xA754,field_A754,4,
ProdPicker,0xA758,field_A758,4,
ProdPicker,0xA75C,field_A75C,4,
ProdPicker,0xA760,field_A760,4,
ProdPicker,0xA764,field_A764,4,
ProdPicker,0xA768,field_A768,4,
ProdPicker,0xA76C,factionID,4,
ProdPicker,0xA770,field_A770,4,
ProdPicker,0xA774,field_A774,4,
ProdPicker,0xA778,field_A778,4,
ProdPicker,0xA77C,field_A77C,4,
ProdPicker,0xA780,field_A780,4,
ProdPicker,0xA784,field_A784,4,
ProdPicker,0xA788,field_A788,4,
ProdPicker,0xA78C,field_A78C,4,
ProdPicker,0xA790,field_A790,4,
ProdPicker,0xA794,field_A794,4,
ProdPicker,0xA798,field_A798,4,
ProdPicker,0xA79C,field_A79C,4,
ProdPicker,0xA7A0,field_A7A0,4,
ProdPicker,0xA7A4,field_A7A4,4,
ProdPicker,0xA7A8,field_A7A8,4,
ProdPicker,0xA7AC,field_A7AC,4,
ProdPicker,0xA7B0,field_A7B0,4,
ProdPicker,0xA7B4,field_A7B4,4,
ProdPicker,0xA7B8,field_A7B8,4,
ProdPicker,0xA7BC,field_A7BC,4,
ProdPicker,0xA7C0,field_A7C0,4,
ProdPicker,0xA7C4,field_A7C4,4,
ProdPicker,0xA7C8,field_A7C8,4,
ProdPicker,0xA7CC,field_A7CC,4,
ProdPicker,0xA7D0,field_A7D0,4,
ProdPicker,0xA7D4,field_A7D4,4,
ProdPicker,0xA7D8,field_A7D8,4,
ProdPicker,0xA7DC,field_A7DC,4,
ProdPicker,0xA7E0,field_A7E0,4,
ProdPicker,0xA7E4,field_A7E4,4,
ProdPicker,0xA7E8,field_A7E8,4,
ProdPicker,0xA7EC,field_A7EC,4,
ProdPicker,0xA7F0,field_A7F0,4,
ProdPicker,0xA7F4,field_A7F4,4,
ProdPicker,0xA7F8,field_A7F8,4,
ProdPicker,0xA7FC,field_A7FC,4,
ProdPicker,0xA800,field_A800,4,
ProdPicker,0xA804,field_A804,4,
ProdPicker,0xA808,field_A808,4,
ProdPicker,0xA80C,field_A80C,4,
ProdPicker,0xA810,field_A810,4,
ProdPicker,0xA814,field_A814,4,
ProdPicker,0xA818,field_A818,4,
ProdPicker,0xA81C,field_A81C,4,
ProdPicker,0xA820,field_A820,4,
ProdPicker,0xA824,field_A824,4,
ProdPicker,0xA828,field_A828,4,
ProdPicker,0xA82C,field_A82C,4,
ProdPicker,0xA830,field_A830,4,
ProdPicker,0xA834,field_A834,4,
ProdPicker,0xA838,field_A838,4,
ProdPicker,0xA83C,field_A83C,4,
PullDown,0x0,graphicWin,2580,
PushButton,0x0,baseButton,2744,
PushButton,0xAB8,field_AB8,4,
PushButton,0xABC,field_ABC,4,
PushButton,0xAC0,field_AC0,4,
PushButton,0xAC4,field_AC4,4,
PushButton,0xAC8,field_AC8,4,
PushButton,0xACC,field_ACC,4,
PushButton,0xAD0,field_AD0,4,
PushButton,0xAD4,field_AD4,4,
PushButton,0xAD8,field_AD8,4,
PushButton,0xADC,field_ADC,4,
PushButton,0xAE0,field_AE0,4,
PushButton,0xAE4,field_AE4,4,
PushButton,0xAE8,field_AE8,4,
PushButton,0xAEC,field_AEC,4,
PushButton,0xAF0,field_AF0,4,
PushButton,0xAF4,field_AF4,4,
PushButton,0xAF8,field_AF8,4,
PushButton,0xAFC,field_AFC,4,
QuayleWin,0x0,graphicWin,2580,
QuayleWin,0xA14,field_A14,4,
QuayleWin,0xA18,field_A18,4,
QuayleWin,0xA1C,displayWidth,4,
QuayleWin,0xA20,displayHeight,4,
QuayleWin,0xA24,field_A24,4,
QuayleWin,0xA28,field_A28,4,
QuayleWin,0xA2C,field_A2C,4,
QuayleWin,0xA30,field_A30,4,
QuayleWin,0xA34,field_A34,4,
QuayleWin,0xA38,field_A38,4,
QuayleWin,0xA3C,field_A3C,4,
QuayleWin,0xA40,field_A40,4,
QuayleWin,0xA44,field_A44,4,
QuayleWin,0xA48,field_A48,4,
QuayleWin,0xA4C,field_A4C,4,
QuayleWin,0xA50,field_A50,4,
QuayleWin,0xA54,field_A54,4,
QuayleWin,0xA58,field_A58,4,
QuayleWin,0xA5C,field_A5C,4,
QuayleWin,0xA60,field_A60,4,
QuayleWin,0xA64,field_A64,4,
QuayleWin,0xA68,field_A68,4,
QuayleWin,0xA6C,field_A6C,4,
QuayleWin,0xA70,field_A70,4,
QuayleWin,0xA74,field_A74,4,
QuayleWin,0xA78,field_A78,4,
QuayleWin,0xA7C,field_A7C,4,
QuayleWin,0xA80,field_A80,4,
QuayleWin,0xA84,field_A84,4,
QuayleWin,0xA88,field_A88,4,
QuayleWin,0xA8C,field_A8C,4,
QuayleWin,0xA90,field_A90,4,
QuayleWin,0xA94,field_A94,4,
QuayleWin,0xA98,field_A98,4,
QuayleWin,0xA9C,field_A9C,4,
QuayleWin,0xAA0,field_AA0,4,
QuayleWin,0xAA4,field_AA4,4,
QuayleWin,0xAA8,field_AA8,4,
QuayleWin,0xAAC,flatButton1,2892,
QuayleWin,0x15F8,flatButton2,2892,
QuayleWin,0x2144,field_2144,4,
QuayleWin,0x2148,field_2148,4,
QuayleWin,0x214C,spot,12,
QuayleWin,0x2158,listBox,2900,
QuayleWin,0x2CAC,buffer1,1416,
QuayleWin,0x3234,buffer2,1416,
RadioButton,0x0,vtable,4,
RadioButton,0x4,field_4,4,
RadioButton,0x8,field_8,4,
RadioButton,0xC,field_C,4,
RadioButton,0x10,field_10,4,
RadioButton,0x14,graphicWin,2580,
RadioButton,0xA28,field_A28p,4,
RadioButton,0xA2C,field_A2Cp,4,
RadioButton,0xA30,dialog,244,
Random,0x0,seed,4,
ReplayWin,0x0,graphicWin,2580,
ReplayWin,0xA14,field_A14,4,
ReplayWin,0xA18,field_A18,4,
ReplayWin,0xA1C,buffer1,1416,
ReplayWin,0xFA4,buffer2,1416,
ReplayWin,0x152C,mapWin,140416,
ReportIf,0x0,subIFace,8,
ReportIf,0x8,field_8,4,
ReportIf,0xC,field_C,4,
ReportIf,0x10,field_10,4,
ReportIf,0x14,field_14,4,
ReportIf,0x18,field_18,4,
ReportIf,0x1C,field_1C,4,
ReportIf,0x20,field_20,4,
ReportIf,0x24,field_24,4,
ReportIf,0x28,field_28,4,
ReportIf,0x2C,field_2C,4,
ReportIf,0x30,field_30,4,
ReportIf,0x34,field_34,4,
ReportIf,0x38,field_38,4,
ReportIf,0x3C,field_3C,4,
ReportIf,0x40,field_40,4,
ReportIf,0x44,field_44,4,
ReportIf,0x48,field_48,4,
ReportIf,0x4C,field_4C,4,
ReportIf,0x50,field_50,4,
ReportIf,0x54,field_54,4,
ReportIf,0x58,field_58,4,
ReportIf,0x5C,field_5C,4,
ReportIf,0x60,field_60,4,
ReportIf,0x64,field_64,4,
ReportIf,0x68,field_68,4,
ReportIf,0x6C,field_6C,4,
ReportIf,0x70,field_70,4,
ReportIf,0x74,field_74,4,
ReportIf,0x78,field_78,4,
ReportIf,0x7C,field_7C,4,
ReportIf,0x80,flatButtons1,20244,
ReportIf,0x4F94,sprites1,924,
ReportIf,0x5330,field_5330,4,
ReportIf,0x5334,field_5334,4,
ReportIf,0x5338,field_5338,4,
ReportIf,0x533C,field_533C,4,
ReportIf,0x5340,field_5340,4,
ReportIf,0x5344,field_5344,4,
ReportIf,0x5348,field_5348,4,
ReportIf,0x534C,field_534C,4,
ReportIf,0x5350,field_5350,4,
ReportIf,0x5354,field_5354,4,
ReportIf,0x5358,field_5358,4,
ReportIf,0x535C,field_535C,4,
ReportIf,0x5360,field_5360,4,
ReportIf,0x5364,field_5364,4,
ReportIf,0x5368,field_5368,4,
ReportIf,0x536C,field_536C,4,
ReportIf,0x5370,field_5370,4,
ReportIf,0x5374,field_5374,4,
ReportIf,0x5378,field_5378,4,
ReportIf,0x537C,field_537C,4,
ReportIf,0x5380,field_5380,4,
ReportIf,0x5384,flatButtons2,20244,
ReportIf,0xA298,field_A298,4,
ReportIf,0xA29C,field_A29C,4,
ReportIf,0xA2A0,field_A2A0,4,
ReportIf,0xA2A4,field_A2A4,4,
ReportIf,0xA2A8,field_A2A8,4,
ReportIf,0xA2AC,field_A2AC,4,
ReportIf,0xA2B0,field_A2B0,4,
ReportIf,0xA2B4,field_A2B4,4,
ReportIf,0xA2B8,field_A2B8,4,
ReportIf,0xA2BC,field_A2BC,4,
ReportIf,0xA2C0,field_A2C0,4,
ReportIf,0xA2C4,field_A2C4,4,
ReportIf,0xA2C8,field_A2C8,4,
ReportIf,0xA2CC,field_A2CC,4,
ReportIf,0xA2D0,listBox1,2900,
ReportIf,0xAE24,listBox2,2900,
ReportIf,0xB978,buttonGroup1,148,
ReportIf,0xBA0C,flatButton3,2892,
ReportIf,0xC558,flatButton4,2892,
ReportIf,0xD0A4,buttonGroup2,148,
ReportIf,0xD138,flatButton5,2892,
ReportIf,0xDC84,flatButton6,2892,
ReportIf,0xE7D0,flatButton7,2892,
ReportIf,0xF31C,flatButton8,2892,
ReportIf,0xFE68,flatButton9,2892,
ReportIf,0x109B4,flatButton10,2892,
ReportIf,0x11500,flatButton11,2892,
ReportIf,0x1204C,flatButton12,2892,
ReportIf,0x12B98,flatButton13,2892,
ReportIf,0x136E4,buttonGroup3,148,
ReportIf,0x13778,flatButtons14,20244,
ReportIf,0x1868C,buttonGroup4,148,
ReportIf,0x18720,flatButtons15,14460,
ReportIf,0x1BF9C,flatButton16,2892,
ReportIf,0x1CAE8,flatButton17,2892,
ReportIf,0x1D634,flatButton18,2892,
ReportIf,0x1E180,ptrFont1,4,
ReportIf,0x1E184,ptrFont2,4,
ReportIf,0x1E188,ptrFont3,4,
ReportIf,0x1E18C,ptrFont4,4,
ReportIf,0x1E190,ptrFont5,4,
ReportIf,0x1E194,ptrFont6,4,
ReportIf,0x1E198,ptrFont7,4,
ReportIf,0x1E19C,ptrFont8,4,
ReportIf,0x1E1A0,ptrFont9,4,
ReportIf,0x1E1A4,ptrFont10,4,
ReportIf,0x1E1A8,ptrFont11,4,
ReportIf,0x1E1AC,ptrFont12,4,
ReportIf,0x1E1B0,ptrFont13,4,
ReportIf,0x1E1B4,ptrFont14,4,
ReportIf,0x1E1B8,ptrFont15,4,
ReportIf,0x1E1BC,spot,12,
ReportIf,0x1E1C8,field_1E1C8,4,
ReportIf,0x1E1CC,field_1E1CC,4,
ReportIf,0x1E1D0,field_1E1D0,4,
ReportIf,0x1E1D4,field_1E1D4,4,
ReportIf,0x1E1D8,field_1E1D8,4,
ReportIf,0x1E1DC,field_1E1DC,4,
ReportIf,0x1E1E0,field_1E1E0,4,
ReportIf,0x1E1E4,field_1E1E4,4,
ReportIf,0x1E1E8,field_1E1E8,4,
ReportIf,0x1E1EC,field_1E1EC,4,
ReportIf,0x1E1F0,field_1E1F0,4,
ReportIf,0x1E1F4,field_1E1F4,4,
ReportIf,0x1E1F8,field_1E1F8,4,
ReportIf,0x1E1FC,field_1E1FC,4,
ReportIf,0x1E200,field_1E200,4,
ReportIf,0x1E204,field_1E204,4,
ReportIf,0x1E208,field_1E208,4,
ReportIf,0x1E20C,field_1E20C,4,
ReportIf,0x1E210,field_1E210,4,
ReportIf,0x1E214,field_1E214,4,
ReportIf,0x1E218,field_1E218,4,
ReportIf,0x1E21C,field_1E21C,4,
ReportIf,0x1E220,field_1E220,4,
ReportIf,0x1E224,field_1E224,4,
ReportIf,0x1E228,factionID,4,
ReportIf,0x1E22C,field_1E22C,4,
ReportIf,0x1E230,field_1E230,4,
ReportIf,0x1E234,field_1E234,4,
ReportIf,0x1E238,field_1E238,4,
ReportIf,0x1E23C,field_1E23C,4,
ReportIf,0x1E240,field_1E240,4,
ReportIf,0x1E244,field_1E244,4,
ReportIf,0x1E248,field_1E248,4,
ReportIf,0x1E24C,field_1E24C,4,
ReportIf,0x1E250,field_1E250,4,
ReportIf,0x1E254,field_1E254,4,
ReportIf,0x1E258,field_1E258,4,
ReportIf,0x1E25C,field_1E25C,4,
ReportIf,0x1E260,field_1E260,4,
ReportIf,0x1E264,field_1E264,4,
ReportIf,0x1E268,field_1E268,4,
ReportIf,0x1E26C,field_1E26C,4,
ReportIf,0x1E270,field_1E270,4,
ReportIf,0x1E274,field_1E274,4,
ReportIf,0x1E278,field_1E278,4,
ReportIf,0x1E27C,field_1E27C,4,
ReportIf,0x1E280,field_1E280,4,
ReportIf,0x1E284,field_1E284,4,
ReportIf,0x1E288,field_1E288,4,
ReportIf,0x1E28C,field_1E28C,4,
ReportIf,0x1E290,field_1E290,4,
ReportIf,0x1E294,field_1E294,4,
ReportIf,0x1E298,field_1E298,4,
ReportIf,0x1E29C,field_1E29C,4,
ReportIf,0x1E2A0,field_1E2A0,4,
ReportIf,0x1E2A4,field_1E2A4,4,
ReportIf,0x1E2A8,field_1E2A8,4,
ReportIf,0x1E2AC,field_1E2AC,4,
ReportIf,0x1E2B0,field_1E2B0,4,
ReportIf,0x1E2B4,field_1E2B4,4,
ReportIf,0x1E2B8,field_1E2B8,4,
ReportIf,0x1E2BC,field_1E2BC,4,
ReportIf,0x1E2C0,field_1E2C0,4,
ReportIf,0x1E2C4,field_1E2C4,4,
ReportIf,0x1E2C8,field_1E2C8,4,
ReportIf,0x1E2CC,field_1E2CC,4,
ReportIf,0x1E2D0,field_1E2D0,4,
ReportIf,0x1E2D4,field_1E2D4,4,
ReportIf,0x1E2D8,field_1E2D8,4,
ReportIf,0x1E2DC,field_1E2DC,4,
ReportIf,0x1E2E0,field_1E2E0,4,
ReportIf,0x1E2E4,field_1E2E4,4,
ReportIf,0x1E2E8,field_1E2E8,4,
ReportIf,0x1E2EC,field_1E2EC,4,
ReportIf,0x1E2F0,field_1E2F0,4,
ReportIf,0x1E2F4,field_1E2F4,4,
ReportIf,0x1E2F8,field_1E2F8,4,
ReportIf,0x1E2FC,field_1E2FC,4,
ReportIf,0x1E300,field_1E300,4,
ReportIf,0x1E304,field_1E304,4,
ReportIf,0x1E308,field_1E308,4,
ReportIf,0x1E30C,field_1E30C,4,
ReportIf,0x1E310,field_1E310,4,
ReportIf,0x1E314,field_1E314,4,
ReportIf,0x1E318,field_1E318,4,
ReportIf,0x1E31C,field_1E31C,4,
ReportIf,0x1E320,field_1E320,4,
ReportIf,0x1E324,field_1E324,4,
ReportIf,0x1E328,field_1E328,4,
ReportIf,0x1E32C,field_1E32C,4,
ReportIf,0x1E330,field_1E330,4,
ReportIf,0x1E334,field_1E334,4,
ReportIf,0x1E338,field_1E338,4,
ReportIf,0x1E33C,field_1E33C,4,
ReportIf,0x1E340,field_1E340,4,
ReportIf,0x1E344,field_1E344,4,
ReportIf,0x1E348,field_1E348,4,
ReportIf,0x1E34C,field_1E34C,4,
ReportIf,0x1E350,field_1E350,4,
ReportIf,0x1E354,field_1E354,4,
ReportIf,0x1E358,field_1E358,4,
ReportIf,0x1E35C,field_1E35C,4,
ReportIf,0x1E360,field_1E360,4,
ReportIf,0x1E364,field_1E364,4,
ReportIf,0x1E368,field_1E368,4,
ReportIf,0x1E36C,field_1E36C,4,
ReportIf,0x1E370,field_1E370,4,
ReportIf,0x1E374,field_1E374,4,
ReportIf,0x1E378,field_1E378,4,
ReportIf,0x1E37C,field_1E37C,4,
ReportIf,0x1E380,field_1E380,4,
ReportIf,0x1E384,field_1E384,4,
ReportIf,0x1E388,field_1E388,4,
ReportIf,0x1E38C,field_1E38C,4,
ReportIf,0x1E390,field_1E390,4,
ReportIf,0x1E394,field_1E394,4,
ReportIf,0x1E398,field_1E398,4,
ReportIf,0x1E39C,field_1E39C,4,
ReportIf,0x1E3A0,field_1E3A0,4,
ReportIf,0x1E3A4,field_1E3A4,4,
ReportIf,0x1E3A8,field_1E3A8,4,
ReportIf,0x1E3AC,field_1E3AC,4,
ReportIf,0x1E3B0,field_1E3B0,4,
ReportIf,0x1E3B4,field_1E3B4,4,
ReportIf,0x1E3B8,field_1E3B8,4,
ReportIf,0x1E3BC,field_1E3BC,4,
ReportIf,0x1E3C0,field_1E3C0,4,
ReportIf,0x1E3C4,field_1E3C4,4,
ReportIf,0x1E3C8,field_1E3C8,4,
ReportIf,0x1E3CC,field_1E3CC,4,
ReportIf,0x1E3D0,field_1E3D0,4,
ReportIf,0x1E3D4,field_1E3D4,4,
ReportIf,0x1E3D8,field_1E3D8,4,
ReportIf,0x1E3DC,field_1E3DC,4,
ReportIf,0x1E3E0,field_1E3E0,4,
ReportIf,0x1E3E4,field_1E3E4,4,
ReportIf,0x1E3E8,field_1E3E8,4,
ReportIf,0x1E3EC,field_1E3EC,4,
ReportIf,0x1E3F0,field_1E3F0,4,
ReportIf,0x1E3F4,field_1E3F4,4,
ReportIf,0x1E3F8,field_1E3F8,4,
ReportIf,0x1E3FC,field_1E3FC,4,
ReportIf,0x1E400,field_1E400,4,
ReportIf,0x1E404,field_1E404,4,
ReportIf,0x1E408,field_1E408,4,
ReportIf,0x1E40C,field_1E40C,4,
ReportIf,0x1E410,field_1E410,4,
ReportIf,0x1E414,field_1E414,4,
ReportIf,0x1E418,field_1E418,4,
ReportIf,0x1E41C,field_1E41C,4,
ReportIf,0x1E420,field_1E420,4,
ReportIf,0x1E424,field_1E424,4,
ReportIf,0x1E428,field_1E428,4,
ReportIf,0x1E42C,field_1E42C,4,
ReportIf,0x1E430,field_1E430,4,
ReportIf,0x1E434,field_1E434,4,
ReportIf,0x1E438,field_1E438,4,
ReportIf,0x1E43C,field_1E43C,4,
ReportIf,0x1E440,field_1E440,4,
ReportIf,0x1E444,field_1E444,4,
ReportIf,0x1E448,field_1E448,4,
ReportIf,0x1E44C,field_1E44C,4,
ReportIf,0x1E450,field_1E450,4,
ReportIf,0x1E454,field_1E454,4,
ReportIf,0x1E458,field_1E458,4,
ReportIf,0x1E45C,field_1E45C,4,
ReportIf,0x1E460,field_1E460,4,
ReportIf,0x1E464,field_1E464,4,
ReportIf,0x1E468,field_1E468,4,
ReportIf,0x1E46C,field_1E46C,4,
ReportIf,0x1E470,field_1E470,4,
ReportIf,0x1E474,field_1E474,4,
ReportIf,0x1E478,field_1E478,4,
ReportIf,0x1E47C,field_1E47C,4,
ReportIf,0x1E480,field_1E480,4,
ReportIf,0x1E484,field_1E484,4,
ReportIf,0x1E488,field_1E488,4,
ReportIf,0x1E48C,field_1E48C,4,
ReportIf,0x1E490,field_1E490,4,
ReportIf,0x1E494,field_1E494,4,
ReportIf,0x1E498,field_1E498,4,
ReportIf,0x1E49C,field_1E49C,4,
ReportIf,0x1E4A0,field_1E4A0,4,
ReportIf,0x1E4A4,field_1E4A4,4,
ReportIf,0x1E4A8,field_1E4A8,4,
ReportIf,0x1E4AC,field_1E4AC,4,
ReportIf,0x1E4B0,field_1E4B0,4,
ReportIf,0x1E4B4,field_1E4B4,4,
ReportIf,0x1E4B8,field_1E4B8,4,
ReportIf,0x1E4BC,field_1E4BC,4,
ReportIf,0x1E4C0,field_1E4C0,4,
ReportIf,0x1E4C4,field_1E4C4,4,
ReportIf,0x1E4C8,field_1E4C8,4,
ReportIf,0x1E4CC,field_1E4CC,4,
ReportIf,0x1E4D0,field_1E4D0,4,
ReportIf,0x1E4D4,field_1E4D4,4,
ReportIf,0x1E4D8,field_1E4D8,4,
ReportIf,0x1E4DC,field_1E4DC,4,
ReportIf,0x1E4E0,field_1E4E0,4,
ReportIf,0x1E4E4,field_1E4E4,4,
ReportIf,0x1E4E8,field_1E4E8,4,
ReportIf,0x1E4EC,field_1E4EC,4,
ReportIf,0x1E4F0,field_1E4F0,4,
ReportIf,0x1E4F4,field_1E4F4,4,
ReportIf,0x1E4F8,field_1E4F8,4,
ReportIf,0x1E4FC,field_1E4FC,4,
ReportIf,0x1E500,field_1E500,4,
ReportIf,0x1E504,field_1E504,4,
ReportIf,0x1E508,field_1E508,4,
ReportIf,0x1E50C,field_1E50C,4,
ReportIf,0x1E510,field_1E510,4,
ReportIf,0x1E514,field_1E514,4,
ReportIf,0x1E518,field_1E518,4,
ReportIf,0x1E51C,field_1E51C,4,
ReportIf,0x1E520,field_1E520,4,
ReportIf,0x1E524,field_1E524,4,
ReportIf,0x1E528,field_1E528,4,
ReportIf,0x1E52C,field_1E52C,4,
ReportIf,0x1E530,field_1E530,4,
ReportIf,0x1E534,field_1E534,4,
ReportIf,0x1E538,field_1E538,4,
ReportIf,0x1E53C,field_1E53C,4,
ReportIf,0x1E540,field_1E540,4,
ReportIf,0x1E544,field_1E544,4,
ReportIf,0x1E548,field_1E548,4,
ReportIf,0x1E54C,field_1E54C,4,
ReportIf,0x1E550,field_1E550,4,
ReportIf,0x1E554,field_1E554,4,
ReportIf,0x1E558,field_1E558,4,
ReportIf,0x1E55C,field_1E55C,4,
ReportIf,0x1E560,field_1E560,4,
ReportIf,0x1E564,field_1E564,4,
ReportIf,0x1E568,field_1E568,4,
ReportIf,0x1E56C,field_1E56C,4,
ReportIf,0x1E570,field_1E570,4,
ReportIf,0x1E574,field_1E574,4,
ReportIf,0x1E578,field_1E578,4,
ReportIf,0x1E57C,field_1E57C,4,
ReportIf,0x1E580,field_1E580,4,
ReportIf,0x1E584,field_1E584,4,
ReportIf,0x1E588,field_1E588,4,
ReportIf,0x1E58C,field_1E58C,4,
ReportIf,0x1E590,field_1E590,4,
ReportIf,0x1E594,field_1E594,4,
ReportIf,0x1E598,field_1E598,4,
ReportIf,0x1E59C,field_1E59C,4,
ReportIf,0x1E5A0,field_1E5A0,4,
ReportIf,0x1E5A4,field_1E5A4,4,
ReportIf,0x1E5A8,field_1E5A8,4,
ReportIf,0x1E5AC,field_1E5AC,4,
ReportIf,0x1E5B0,field_1E5B0,4,
ReportIf,0x1E5B4,field_1E5B4,4,
ReportIf,0x1E5B8,field_1E5B8,4,
ReportIf,0x1E5BC,field_1E5BC,4,
ReportIf,0x1E5C0,field_1E5C0,4,
ReportIf,0x1E5C4,field_1E5C4,4,
ReportIf,0x1E5C8,field_1E5C8,4,
ReportIf,0x1E5CC,field_1E5CC,4,
ReportIf,0x1E5D0,field_1E5D0,4,
ReportIf,0x1E5D4,field_1E5D4,4,
ReportIf,0x1E5D8,field_1E5D8,4,
ReportIf,0x1E5DC,field_1E5DC,4,
ReportIf,0x1E5E0,field_1E5E0,4,
ReportIf,0x1E5E4,field_1E5E4,4,
ReportIf,0x1E5E8,field_1E5E8,4,
ReportIf,0x1E5EC,field_1E5EC,4,
ReportIf,0x1E5F0,field_1E5F0,4,
ReportIf,0x1E5F4,field_1E5F4,4,
ReportIf,0x1E5F8,field_1E5F8,4,
ReportIf,0x1E5FC,field_1E5FC,4,
ReportIf,0x1E600,field_1E600,4,
ReportIf,0x1E604,field_1E604,4,
ReportIf,0x1E608,field_1E608,4,
ReportIf,0x1E60C,field_1E60C,4,
ReportIf,0x1E610,field_1E610,4,
ReportIf,0x1E614,field_1E614,4,
ReportIf,0x1E618,field_1E618,4,
ReportIf,0x1E61C,field_1E61C,4,
ReportIf,0x1E620,field_1E620,4,
ReportIf,0x1E624,field_1E624,4,
ReportIf,0x1E628,field_1E628,4,
ReportIf,0x1E62C,field_1E62C,4,
ReportIf,0x1E630,field_1E630,4,
ReportIf,0x1E634,field_1E634,4,
ReportIf,0x1E638,field_1E638,4,
ReportIf,0x1E63C,field_1E63C,4,
ReportIf,0x1E640,field_1E640,4,
ReportIf,0x1E644,field_1E644,4,
ReportIf,0x1E648,field_1E648,4,
ReportIf,0x1E64C,field_1E64C,4,
ReportIf,0x1E650,field_1E650,4,
ReportIf,0x1E654,field_1E654,4,
ReportIf,0x1E658,field_1E658,4,
ReportIf,0x1E65C,field_1E65C,4,
ReportIf,0x1E660,field_1E660,4,
ReportIf,0x1E664,field_1E664,4,
ReportIf,0x1E668,field_1E668,4,
ReportIf,0x1E66C,field_1E66C,4,
ReportIf,0x1E670,field_1E670,4,
ReportIf,0x1E674,field_1E674,4,
ReportIf,0x1E678,field_1E678,4,
ReportIf,0x1E67C,field_1E67C,4,
ReportIf,0x1E680,field_1E680,4,
ReportIf,0x1E684,field_1E684,4,
ReportIf,0x1E688,field_1E688,4,
ReportIf,0x1E68C,field_1E68C,4,
ReportIf,0x1E690,field_1E690,4,
ReportIf,0x1E694,field_1E694,4,
ReportIf,0x1E698,field_1E698,4,
ReportIf,0x1E69C,field_1E69C,4,
ReportIf,0x1E6A0,field_1E6A0,4,
ReportIf,0x1E6A4,field_1E6A4,4,
ReportIf,0x1E6A8,field_1E6A8,4,
ReportIf,0x1E6AC,field_1E6AC,4,
ReportIf,0x1E6B0,field_1E6B0,4,
ReportIf,0x1E6B4,field_1E6B4,4,
ReportIf,0x1E6B8,field_1E6B8,4,
ReportIf,0x1E6BC,field_1E6BC,4,
ReportIf,0x1E6C0,field_1E6C0,4,
ReportIf,0x1E6C4,field_1E6C4,4,
ReportIf,0x1E6C8,field_1E6C8,4,
ReportIf,0x1E6CC,field_1E6CC,4,
ReportIf,0x1E6D0,field_1E6D0,4,
ReportIf,0x1E6D4,field_1E6D4,4,
ReportIf,0x1E6D8,field_1E6D8,4,
ReportIf,0x1E6DC,field_1E6DC,4,
ReportIf,0x1E6E0,field_1E6E0,4,
ReportIf,0x1E6E4,field_1E6E4,4,
ReportIf,0x1E6E8,field_1E6E8,4,
ReportIf,0x1E6EC,field_1E6EC,4,
ReportIf,0x1E6F0,field_1E6F0,4,
ReportIf,0x1E6F4,field_1E6F4,4,
ReportIf,0x1E6F8,field_1E6F8,4,
ReportIf,0x1E6FC,field_1E6FC,4,
ReportIf,0x1E700,field_1E700,4,
ReportIf,0x1E704,field_1E704,4,
ReportIf,0x1E708,field_1E708,4,
ReportIf,0x1E70C,field_1E70C,4,
ReportIf,0x1E710,field_1E710,4,
ReportIf,0x1E714,field_1E714,4,
ReportIf,0x1E718,field_1E718,4,
ReportIf,0x1E71C,field_1E71C,4,
ReportIf,0x1E720,field_1E720,4,
ReportIf,0x1E724,field_1E724,4,
ReportIf,0x1E728,field_1E728,4,
ReportIf,0x1E72C,field_1E72C,4,
ReportIf,0x1E730,field_1E730,4,
ReportIf,0x1E734,field_1E734,4,
ReportIf,0x1E738,field_1E738,4,
ReportIf,0x1E73C,field_1E73C,4,
ReportIf,0x1E740,field_1E740,4,
ReportIf,0x1E744,field_1E744,4,
ReportIf,0x1E748,field_1E748,4,
ReportIf,0x1E74C,field_1E74C,4,
ReportIf,0x1E750,field_1E750,4,
ReportIf,0x1E754,field_1E754,4,
ReportIf,0x1E758,field_1E758,4,
ReportIf,0x1E75C,field_1E75C,4,
ReportIf,0x1E760,field_1E760,4,
ReportIf,0x1E764,field_1E764,4,
ReportIf,0x1E768,field_1E768,4,
ReportIf,0x1E76C,field_1E76C,4,
ReportIf,0x1E770,field_1E770,4,
ReportIf,0x1E774,field_1E774,4,
ReportIf,0x1E778,field_1E778,4,
ReportIf,0x1E77C,field_1E77C,4,
ReportIf,0x1E780,field_1E780,4,
ReportIf,0x1E784,field_1E784,4,
ReportIf,0x1E788,field_1E788,4,
ReportIf,0x1E78C,field_1E78C,4,
ReportIf,0x1E790,field_1E790,4,
ReportIf,0x1E794,field_1E794,4,
ReportIf,0x1E798,field_1E798,4,
ReportIf,0x1E79C,field_1E79C,4,
ReportIf,0x1E7A0,field_1E7A0,4,
ReportIf,0x1E7A4,field_1E7A4,4,
ReportIf,0x1E7A8,field_1E7A8,4,
ReportIf,0x1E7AC,field_1E7AC,4,
ReportIf,0x1E7B0,field_1E7B0,4,
ReportIf,0x1E7B4,field_1E7B4,4,
ReportIf,0x1E7B8,field_1E7B8,4,
ReportIf,0x1E7BC,field_1E7BC,4,
ReportIf,0x1E7C0,field_1E7C0,4,
ReportIf,0x1E7C4,field_1E7C4,4,
ReportIf,0x1E7C8,field_1E7C8,4,
ReportIf,0x1E7CC,field_1E7CC,4,
ReportIf,0x1E7D0,field_1E7D0,4,
ReportIf,0x1E7D4,field_1E7D4,4,
ReportIf,0x1E7D8,field_1E7D8,4,
ReportIf,0x1E7DC,field_1E7DC,4,
ReportIf,0x1E7E0,field_1E7E0,4,
ReportIf,0x1E7E4,field_1E7E4,4,
ReportIf,0x1E7E8,field_1E7E8,4,
ReportIf,0x1E7EC,field_1E7EC,4,
ReportIf,0x1E7F0,field_1E7F0,4,
ReportIf,0x1E7F4,field_1E7F4,4,
ReportIf,0x1E7F8,field_1E7F8,4,
ReportIf,0x1E7FC,field_1E7FC,4,
ReportIf,0x1E800,field_1E800,4,
ReportIf,0x1E804,field_1E804,4,
ReportIf,0x1E808,field_1E808,4,
ReportIf,0x1E80C,field_1E80C,4,
ReportIf,0x1E810,field_1E810,4,
ReportIf,0x1E814,field_1E814,4,
ReportIf,0x1E818,field_1E818,4,
ReportIf,0x1E81C,field_1E81C,4,
ReportIf,0x1E820,field_1E820,4,
ReportIf,0x1E824,field_1E824,4,
ReportIf,0x1E828,field_1E828,4,
ReportIf,0x1E82C,field_1E82C,4,
ReportIf,0x1E830,field_1E830,4,
ReportIf,0x1E834,field_1E834,4,
ReportIf,0x1E838,field_1E838,4,
ReportIf,0x1E83C,field_1E83C,4,
ReportIf,0x1E840,field_1E840,4,
ReportIf,0x1E844,field_1E844,4,
ReportIf,0x1E848,field_1E848,4,
ReportIf,0x1E84C,field_1E84C,4,
ReportIf,0x1E850,field_1E850,4,
ReportIf,0x1E854,field_1E854,4,
ReportIf,0x1E858,field_1E858,4,
ReportIf,0x1E85C,field_1E85C,4,
ReportIf,0x1E860,field_1E860,4,
ReportIf,0x1E864,field_1E864,4,
ReportIf,0x1E868,field_1E868,4,
ReportIf,0x1E86C,field_1E86C,4,
ReportIf,0x1E870,field_1E870,4,
ReportIf,0x1E874,field_1E874,4,
ReportIf,0x1E878,field_1E878,4,
ReportIf,0x1E87C,field_1E87C,4,
ReportIf,0x1E880,field_1E880,4,
ReportIf,0x1E884,field_1E884,4,
ReportIf,0x1E888,field_1E888,4,
ReportIf,0x1E88C,field_1E88C,4,
ReportIf,0x1E890,field_1E890,4,
ReportIf,0x1E894,field_1E894,4,
ReportIf,0x1E898,field_1E898,4,
ReportIf,0x1E89C,field_1E89C,4,
ReportIf,0x1E8A0,field_1E8A0,4,
ReportIf,0x1E8A4,field_1E8A4,4,
ReportIf,0x1E8A8,field_1E8A8,4,
ReportIf,0x1E8AC,field_1E8AC,4,
ReportIf,0x1E8B0,field_1E8B0,4,
ReportIf,0x1E8B4,field_1E8B4,4,
ReportIf,0x1E8B8,field_1E8B8,4,
ReportIf,0x1E8BC,field_1E8BC,4,
ReportIf,0x1E8C0,field_1E8C0,4,
ReportIf,0x1E8C4,field_1E8C4,4,
ReportIf,0x1E8C8,field_1E8C8,4,
ReportIf,0x1E8CC,field_1E8CC,4,
ReportIf,0x1E8D0,field_1E8D0,4,
ReportIf,0x1E8D4,field_1E8D4,4,
ReportIf,0x1E8D8,field_1E8D8,4,
ReportIf,0x1E8DC,field_1E8DC,4,
ReportIf,0x1E8E0,field_1E8E0,4,
ReportIf,0x1E8E4,field_1E8E4,4,
ReportIf,0x1E8E8,field_1E8E8,4,
ReportIf,0x1E8EC,field_1E8EC,4,
ReportIf,0x1E8F0,field_1E8F0,4,
ReportIf,0x1E8F4,field_1E8F4,4,
ReportIf,0x1E8F8,field_1E8F8,4,
ReportIf,0x1E8FC,field_1E8FC,4,
ReportIf,0x1E900,field_1E900,4,
ReportIf,0x1E904,field_1E904,4,
ReportIf,0x1E908,field_1E908,4,
ReportIf,0x1E90C,field_1E90C,4,
ReportIf,0x1E910,field_1E910,4,
ReportIf,0x1E914,field_1E914,4,
ReportIf,0x1E918,field_1E918,4,
ReportIf,0x1E91C,field_1E91C,4,
ReportIf,0x1E920,field_1E920,4,
ReportIf,0x1E924,field_1E924,4,
ReportIf,0x1E928,field_1E928,4,
ReportIf,0x1E92C,field_1E92C,4,
ReportIf,0x1E930,field_1E930,4,
ReportIf,0x1E934,field_1E934,4,
ReportIf,0x1E938,field_1E938,4,
ReportIf,0x1E93C,field_1E93C,4,
ReportIf,0x1E940,field_1E940,4,
ReportIf,0x1E944,field_1E944,4,
ReportIf,0x1E948,field_1E948,4,
ReportIf,0x1E94C,field_1E94C,4,
ReportIf,0x1E950,field_1E950,4,
ReportIf,0x1E954,field_1E954,4,
ReportIf,0x1E958,field_1E958,4,
ReportIf,0x1E95C,field_1E95C,4,
ReportIf,0x1E960,field_1E960,4,
ReportIf,0x1E964,field_1E964,4,
ReportIf,0x1E968,field_1E968,4,
ReportIf,0x1E96C,field_1E96C,4,
ReportIf,0x1E970,field_1E970,4,
ReportIf,0x1E974,field_1E974,4,
ReportIf,0x1E978,field_1E978,4,
ReportIf,0x1E97C,field_1E97C,4,
ReportIf,0x1E980,field_1E980,4,
ReportIf,0x1E984,field_1E984,4,
ReportIf,0x1E988,field_1E988,4,
ReportIf,0x1E98C,field_1E98C,4,
ReportIf,0x1E990,field_1E990,4,
ReportIf,0x1E994,field_1E994,4,
ReportIf,0x1E998,field_1E998,4,
ReportIf,0x1E99C,field_1E99C,4,
ReportIf,0x1E9A0,field_1E9A0,4,
ReportIf,0x1E9A4,field_1E9A4,4,
ReportIf,0x1E9A8,field_1E9A8,4,
ReportIf,0x1E9AC,field_1E9AC,4,
ReportIf,0x1E9B0,field_1E9B0,4,
ReportIf,0x1E9B4,field_1E9B4,4,
ReportIf,0x1E9B8,field_1E9B8,4,
ReportIf,0x1E9BC,field_1E9BC,4,
ReportIf,0x1E9C0,field_1E9C0,4,
ReportIf,0x1E9C4,field_1E9C4,4,
ReportIf,0x1E9C8,field_1E9C8,4,
ReportIf,0x1E9CC,field_1E9CC,4,
ReportIf,0x1E9D0,field_1E9D0,4,
ReportIf,0x1E9D4,field_1E9D4,4,
ReportIf,0x1E9D8,field_1E9D8,4,
ReportIf,0x1E9DC,field_1E9DC,4,
ReportIf,0x1E9E0,field_1E9E0,4,
ReportIf,0x1E9E4,field_1E9E4,4,
ReportIf,0x1E9E8,field_1E9E8,4,
ReportIf,0x1E9EC,field_1E9EC,4,
ReportIf,0x1E9F0,field_1E9F0,4,
ReportIf,0x1E9F4,field_1E9F4,4,
ReportIf,0x1E9F8,field_1E9F8,4,
ReportIf,0x1E9FC,field_1E9FC,4,
ReportIf,0x1EA00,field_1EA00,4,
ReportIf,0x1EA04,field_1EA04,4,
ReportIf,0x1EA08,field_1EA08,4,
ReportIf,0x1EA0C,field_1EA0C,4,
ReportIf,0x1EA10,field_1EA10,4,
ReportIf,0x1EA14,field_1EA14,4,
ReportIf,0x1EA18,field_1EA18,4,
ReportIf,0x1EA1C,field_1EA1C,4,
ReportIf,0x1EA20,field_1EA20,4,
ReportIf,0x1EA24,field_1EA24,4,
ReportIf,0x1EA28,field_1EA28,4,
ReportIf,0x1EA2C,field_1EA2C,4,
ReportIf,0x1EA30,field_1EA30,4,
ReportIf,0x1EA34,field_1EA34,4,
ReportIf,0x1EA38,field_1EA38,4,
ReportIf,0x1EA3C,field_1EA3C,4,
ReportIf,0x1EA40,field_1EA40,4,
ReportIf,0x1EA44,field_1EA44,4,
ReportIf,0x1EA48,field_1EA48,4,
ReportIf,0x1EA4C,field_1EA4C,4,
ReportIf,0x1EA50,field_1EA50,4,
ReportIf,0x1EA54,field_1EA54,4,
ReportIf,0x1EA58,field_1EA58,4,
ReportIf,0x1EA5C,field_1EA5C,4,
ReportIf,0x1EA60,field_1EA60,4,
ReportIf,0x1EA64,field_1EA64,4,
ReportIf,0x1EA68,field_1EA68,4,
ReportIf,0x1EA6C,field_1EA6C,4,
ReportIf,0x1EA70,field_1EA70,4,
ReportIf,0x1EA74,field_1EA74,4,
ReportIf,0x1EA78,field_1EA78,4,
ReportIf,0x1EA7C,field_1EA7C,4,
ReportIf,0x1EA80,field_1EA80,4,
ReportIf,0x1EA84,field_1EA84,4,
ReportIf,0x1EA88,field_1EA88,4,
ReportIf,0x1EA8C,field_1EA8C,4,
ReportIf,0x1EA90,field_1EA90,4,
ReportIf,0x1EA94,field_1EA94,4,
ReportIf,0x1EA98,field_1EA98,4,
ReportIf,0x1EA9C,field_1EA9C,4,
ReportIf,0x1EAA0,field_1EAA0,4,
ReportIf,0x1EAA4,field_1EAA4,4,
ReportIf,0x1EAA8,field_1EAA8,4,
ReportIf,0x1EAAC,field_1EAAC,4,
ReportIf,0x1EAB0,field_1EAB0,4,
ReportIf,0x1EAB4,field_1EAB4,4,
ReportIf,0x1EAB8,field_1EAB8,4,
ReportIf,0x1EABC,field_1EABC,4,
ReportIf,0x1EAC0,field_1EAC0,4,
ReportIf,0x1EAC4,field_1EAC4,4,
ReportIf,0x1EAC8,field_1EAC8,4,
ReportIf,0x1EACC,field_1EACC,4,
ReportIf,0x1EAD0,field_1EAD0,4,
ReportIf,0x1EAD4,field_1EAD4,4,
ReportIf,0x1EAD8,field_1EAD8,4,
ReportIf,0x1EADC,field_1EADC,4,
ReportIf,0x1EAE0,field_1EAE0,4,
ReportIf,0x1EAE4,field_1EAE4,4,
ReportIf,0x1EAE8,field_1EAE8,4,
ReportIf,0x1EAEC,field_1EAEC,4,
ReportIf,0x1EAF0,field_1EAF0,4,
ReportIf,0x1EAF4,field_1EAF4,4,
ReportIf,0x1EAF8,field_1EAF8,4,
ReportIf,0x1EAFC,field_1EAFC,4,
ReportIf,0x1EB00,field_1EB00,4,
ReportIf,0x1EB04,field_1EB04,4,
ReportIf,0x1EB08,field_1EB08,4,
ReportIf,0x1EB0C,field_1EB0C,4,
ReportIf,0x1EB10,field_1EB10,4,
ReportIf,0x1EB14,field_1EB14,4,
ReportIf,0x1EB18,field_1EB18,4,
ReportIf,0x1EB1C,field_1EB1C,4,
ReportIf,0x1EB20,field_1EB20,4,
ReportIf,0x1EB24,field_1EB24,4,
ReportIf,0x1EB28,field_1EB28,4,
ReportIf,0x1EB2C,field_1EB2C,4,
ReportIf,0x1EB30,field_1EB30,4,
ReportIf,0x1EB34,field_1EB34,4,
ReportIf,0x1EB38,field_1EB38,4,
ReportIf,0x1EB3C,field_1EB3C,4,
ReportIf,0x1EB40,field_1EB40,4,
ReportIf,0x1EB44,field_1EB44,4,
ReportIf,0x1EB48,field_1EB48,4,
ReportIf,0x1EB4C,field_1EB4C,4,
ReportIf,0x1EB50,field_1EB50,4,
ReportIf,0x1EB54,field_1EB54,4,
ReportIf,0x1EB58,field_1EB58,4,
ReportIf,0x1EB5C,field_1EB5C,4,
ReportIf,0x1EB60,field_1EB60,4,
ReportIf,0x1EB64,field_1EB64,4,
ReportIf,0x1EB68,field_1EB68,4,
ReportIf,0x1EB6C,field_1EB6C,4,
ReportIf,0x1EB70,field_1EB70,4,
ReportIf,0x1EB74,field_1EB74,4,
ReportIf,0x1EB78,field_1EB78,4,
ReportIf,0x1EB7C,field_1EB7C,4,
ReportIf,0x1EB80,field_1EB80,4,
ReportIf,0x1EB84,field_1EB84,4,
ReportIf,0x1EB88,field_1EB88,4,
ReportIf,0x1EB8C,field_1EB8C,4,
ReportIf,0x1EB90,field_1EB90,4,
ReportIf,0x1EB94,field_1EB94,4,
ReportIf,0x1EB98,field_1EB98,4,
ReportIf,0x1EB9C,field_1EB9C,4,
ReportIf,0x1EBA0,field_1EBA0,4,
ReportIf,0x1EBA4,field_1EBA4,4,
ReportIf,0x1EBA8,field_1EBA8,4,
ReportIf,0x1EBAC,field_1EBAC,4,
ReportIf,0x1EBB0,field_1EBB0,4,
ReportIf,0x1EBB4,field_1EBB4,4,
ReportIf,0x1EBB8,field_1EBB8,4,
ReportIf,0x1EBBC,field_1EBBC,4,
ReportIf,0x1EBC0,field_1EBC0,4,
ReportIf,0x1EBC4,field_1EBC4,4,
ReportIf,0x1EBC8,field_1EBC8,4,
ReportIf,0x1EBCC,field_1EBCC,4,
ReportIf,0x1EBD0,field_1EBD0,4,
ReportIf,0x1EBD4,field_1EBD4,4,
ReportIf,0x1EBD8,field_1EBD8,4,
ReportIf,0x1EBDC,field_1EBDC,4,
ReportIf,0x1EBE0,field_1EBE0,4,
ReportIf,0x1EBE4,field_1EBE4,4,
ReportIf,0x1EBE8,field_1EBE8,4,
ReportIf,0x1EBEC,field_1EBEC,4,
ReportIf,0x1EBF0,field_1EBF0,4,
ReportIf,0x1EBF4,field_1EBF4,4,
ReportIf,0x1EBF8,field_1EBF8,4,
ReportIf,0x1EBFC,field_1EBFC,4,
ReportIf,0x1EC00,field_1EC00,4,
ReportIf,0x1EC04,field_1EC04,4,
ReportIf,0x1EC08,field_1EC08,4,
ReportIf,0x1EC0C,field_1EC0C,4,
ReportIf,0x1EC10,field_1EC10,4,
ReportIf,0x1EC14,field_1EC14,4,
ReportIf,0x1EC18,field_1EC18,4,
ReportIf,0x1EC1C,field_1EC1C,4,
ReportIf,0x1EC20,field_1EC20,4,
ReportIf,0x1EC24,field_1EC24,4,
ReportIf,0x1EC28,field_1EC28,4,
ReportIf,0x1EC2C,field_1EC2C,4,
ReportIf,0x1EC30,field_1EC30,4,
ReportIf,0x1EC34,field_1EC34,4,
ReportIf,0x1EC38,field_1EC38,4,
ReportIf,0x1EC3C,field_1EC3C,4,
ReportIf,0x1EC40,field_1EC40,4,
ReportIf,0x1EC44,field_1EC44,4,
ReportIf,0x1EC48,field_1EC48,4,
ReportIf,0x1EC4C,field_1EC4C,4,
ReportIf,0x1EC50,field_1EC50,4,
ReportIf,0x1EC54,field_1EC54,4,
ReportIf,0x1EC58,field_1EC58,4,
ReportIf,0x1EC5C,field_1EC5C,4,
ReportIf,0x1EC60,field_1EC60,4,
ReportIf,0x1EC64,field_1EC64,4,
ReportIf,0x1EC68,field_1EC68,4,
ReportIf,0x1EC6C,field_1EC6C,4,
ReportIf,0x1EC70,field_1EC70,4,
ReportIf,0x1EC74,field_1EC74,4,
ReportIf,0x1EC78,field_1EC78,4,
ReportIf,0x1EC7C,field_1EC7C,4,
ReportIf,0x1EC80,field_1EC80,4,
ReportIf,0x1EC84,field_1EC84,4,
ReportIf,0x1EC88,field_1EC88,4,
ReportIf,0x1EC8C,field_1EC8C,4,
ReportIf,0x1EC90,field_1EC90,4,
ReportIf,0x1EC94,field_1EC94,4,
ReportIf,0x1EC98,field_1EC98,4,
ReportIf,0x1EC9C,field_1EC9C,4,
ReportIf,0x1ECA0,field_1ECA0,4,
ReportIf,0x1ECA4,field_1ECA4,4,
ReportIf,0x1ECA8,field_1ECA8,4,
ReportIf,0x1ECAC,field_1ECAC,4,
ReportIf,0x1ECB0,field_1ECB0,4,
ReportIf,0x1ECB4,field_1ECB4,4,
ReportIf,0x1ECB8,field_1ECB8,4,
ReportIf,0x1ECBC,field_1ECBC,4,
ReportIf,0x1ECC0,field_1ECC0,4,
ReportIf,0x1ECC4,field_1ECC4,4,
ReportIf,0x1ECC8,field_1ECC8,4,
ReportIf,0x1ECCC,field_1ECCC,4,
ReportIf,0x1ECD0,field_1ECD0,4,
ReportIf,0x1ECD4,field_1ECD4,4,
ReportIf,0x1ECD8,field_1ECD8,4,
ReportIf,0x1ECDC,field_1ECDC,4,
ReportIf,0x1ECE0,field_1ECE0,4,
ReportIf,0x1ECE4,field_1ECE4,4,
ReportIf,0x1ECE8,field_1ECE8,4,
ReportIf,0x1ECEC,field_1ECEC,4,
ReportIf,0x1ECF0,field_1ECF0,4,
ReportIf,0x1ECF4,field_1ECF4,4,
ReportIf,0x1ECF8,field_1ECF8,4,
ReportIf,0x1ECFC,field_1ECFC,4,
ReportIf,0x1ED00,field_1ED00,4,
ReportIf,0x1ED04,field_1ED04,4,
ReportIf,0x1ED08,field_1ED08,4,
ReportIf,0x1ED0C,field_1ED0C,4,
ReportIf,0x1ED10,field_1ED10,4,
ReportIf,0x1ED14,field_1ED14,4,
ReportIf,0x1ED18,field_1ED18,4,
ReportIf,0x1ED1C,field_1ED1C,4,
ReportIf,0x1ED20,field_1ED20,4,
ReportIf,0x1ED24,field_1ED24,4,
ReportIf,0x1ED28,field_1ED28,4,
ReportIf,0x1ED2C,field_1ED2C,4,
ReportIf,0x1ED30,field_1ED30,4,
ReportIf,0x1ED34,field_1ED34,4,
ReportIf,0x1ED38,field_1ED38,4,
ReportIf,0x1ED3C,field_1ED3C,4,
ReportIf,0x1ED40,field_1ED40,4,
ReportIf,0x1ED44,field_1ED44,4,
ReportIf,0x1ED48,field_1ED48,4,
ReportIf,0x1ED4C,field_1ED4C,4,
ReportIf,0x1ED50,field_1ED50,4,
ReportIf,0x1ED54,field_1ED54,4,
ReportIf,0x1ED58,field_1ED58,4,
ReportIf,0x1ED5C,field_1ED5C,4,
ReportIf,0x1ED60,field_1ED60,4,
ReportIf,0x1ED64,field_1ED64,4,
ReportIf,0x1ED68,field_1ED68,4,
ReportIf,0x1ED6C,field_1ED6C,4,
ReportIf,0x1ED70,field_1ED70,4,
ReportIf,0x1ED74,field_1ED74,4,
ReportIf,0x1ED78,field_1ED78,4,
ReportIf,0x1ED7C,field_1ED7C,4,
ReportIf,0x1ED80,field_1ED80,4,
ReportIf,0x1ED84,field_1ED84,4,
ReportIf,0x1ED88,field_1ED88,4,
ReportIf,0x1ED8C,field_1ED8C,4,
ReportIf,0x1ED90,field_1ED90,4,
ReportIf,0x1ED94,field_1ED94,4,
ReportIf,0x1ED98,field_1ED98,4,
ReportIf,0x1ED9C,field_1ED9C,4,
ReportIf,0x1EDA0,field_1EDA0,4,
ReportIf,0x1EDA4,field_1EDA4,4,
ReportIf,0x1EDA8,field_1EDA8,4,
ReportIf,0x1EDAC,field_1EDAC,4,
ReportIf,0x1EDB0,field_1EDB0,4,
ReportIf,0x1EDB4,field_1EDB4,4,
ReportIf,0x1EDB8,field_1EDB8,4,
ReportIf,0x1EDBC,field_1EDBC,4,
ReportIf,0x1EDC0,field_1EDC0,4,
ReportIf,0x1EDC4,field_1EDC4,4,
ReportIf,0x1EDC8,field_1EDC8,4,
ReportIf,0x1EDCC,field_1EDCC,4,
ReportIf,0x1EDD0,field_1EDD0,4,
ReportIf,0x1EDD4,field_1EDD4,4,
ReportIf,0x1EDD8,field_1EDD8,4,
ReportIf,0x1EDDC,field_1EDDC,4,
ReportIf,0x1EDE0,field_1EDE0,4,
ReportIf,0x1EDE4,field_1EDE4,4,
ReportIf,0x1EDE8,field_1EDE8,4,
ReportIf,0x1EDEC,field_1EDEC,4,
ReportIf,0x1EDF0,field_1EDF0,4,
ReportIf,0x1EDF4,field_1EDF4,4,
ReportIf,0x1EDF8,field_1EDF8,4,
ReportIf,0x1EDFC,field_1EDFC,4,
ReportIf,0x1EE00,field_1EE00,4,
ReportIf,0x1EE04,field_1EE04,4,
ReportIf,0x1EE08,field_1EE08,4,
ReportIf,0x1EE0C,field_1EE0C,4,
ReportIf,0x1EE10,field_1EE10,4,
ReportIf,0x1EE14,field_1EE14,4,
ReportIf,0x1EE18,field_1EE18,4,
ReportIf,0x1EE1C,field_1EE1C,4,
ReportIf,0x1EE20,field_1EE20,4,
ReportIf,0x1EE24,field_1EE24,4,
ReportIf,0x1EE28,field_1EE28,4,
ReportIf,0x1EE2C,field_1EE2C,4,
ReportIf,0x1EE30,field_1EE30,4,
ReportIf,0x1EE34,field_1EE34,4,
ReportIf,0x1EE38,field_1EE38,4,
ReportIf,0x1EE3C,field_1EE3C,4,
ReportIf,0x1EE40,field_1EE40,4,
ReportIf,0x1EE44,field_1EE44,4,
ReportIf,0x1EE48,field_1EE48,4,
ReportIf,0x1EE4C,field_1EE4C,4,
ReportIf,0x1EE50,field_1EE50,4,
ReportIf,0x1EE54,field_1EE54,4,
ReportIf,0x1EE58,field_1EE58,4,
ReportIf,0x1EE5C,field_1EE5C,4,
ReportIf,0x1EE60,field_1EE60,4,
ReportIf,0x1EE64,field_1EE64,4,
ReportIf,0x1EE68,field_1EE68,4,
ReportIf,0x1EE6C,field_1EE6C,4,
ReportIf,0x1EE70,field_1EE70,4,
ReportIf,0x1EE74,field_1EE74,4,
ReportIf,0x1EE78,field_1EE78,4,
ReportIf,0x1EE7C,field_1EE7C,4,
ReportIf,0x1EE80,field_1EE80,4,
ReportIf,0x1EE84,field_1EE84,4,
ReportIf,0x1EE88,field_1EE88,4,
ReportIf,0x1EE8C,field_1EE8C,4,
ReportIf,0x1EE90,field_1EE90,4,
ReportIf,0x1EE94,field_1EE94,4,
ReportIf,0x1EE98,field_1EE98,4,
ReportIf,0x1EE9C,field_1EE9C,4,
ReportIf,0x1EEA0,field_1EEA0,4,
ReportIf,0x1EEA4,field_1EEA4,4,
ReportIf,0x1EEA8,field_1EEA8,4,
ReportIf,0x1EEAC,field_1EEAC,4,
ReportIf,0x1EEB0,field_1EEB0,4,
ReportIf,0x1EEB4,field_1EEB4,4,
ReportIf,0x1EEB8,field_1EEB8,4,
ReportIf,0x1EEBC,field_1EEBC,4,
ReportIf,0x1EEC0,field_1EEC0,4,
ReportIf,0x1EEC4,field_1EEC4,4,
ReportIf,0x1EEC8,field_1EEC8,4,
ReportIf,0x1EECC,field_1EECC,4,
ReportIf,0x1EED0,field_1EED0,4,
ReportIf,0x1EED4,field_1EED4,4,
ReportIf,0x1EED8,field_1EED8,4,
ReportIf,0x1EEDC,field_1EEDC,4,
ReportIf,0x1EEE0,field_1EEE0,4,
ReportIf,0x1EEE4,field_1EEE4,4,
ReportIf,0x1EEE8,field_1EEE8,4,
ReportIf,0x1EEEC,field_1EEEC,4,
ReportIf,0x1EEF0,field_1EEF0,4,
ReportIf,0x1EEF4,field_1EEF4,4,
ReportIf,0x1EEF8,field_1EEF8,4,
ReportIf,0x1EEFC,field_1EEFC,4,
ReportIf,0x1EF00,field_1EF00,4,
ReportIf,0x1EF04,field_1EF04,4,
ReportIf,0x1EF08,field_1EF08,4,
ReportIf,0x1EF0C,field_1EF0C,4,
ReportIf,0x1EF10,field_1EF10,4,
ReportIf,0x1EF14,field_1EF14,4,
ReportIf,0x1EF18,field_1EF18,4,
ReportIf,0x1EF1C,field_1EF1C,4,
ReportIf,0x1EF20,field_1EF20,4,
ReportIf,0x1EF24,field_1EF24,4,
ReportIf,0x1EF28,field_1EF28,4,
ReportIf,0x1EF2C,field_1EF2C,4,
ReportIf,0x1EF30,field_1EF30,4,
ReportIf,0x1EF34,field_1EF34,4,
ReportIf,0x1EF38,field_1EF38,4,
ReportIf,0x1EF3C,field_1EF3C,4,
ReportIf,0x1EF40,field_1EF40,4,
ReportIf,0x1EF44,field_1EF44,4,
ReportIf,0x1EF48,field_1EF48,4,
ReportIf,0x1EF4C,field_1EF4C,4,
ReportIf,0x1EF50,field_1EF50,4,
ReportIf,0x1EF54,field_1EF54,4,
ReportIf,0x1EF58,field_1EF58,4,
ReportIf,0x1EF5C,field_1EF5C,4,
ReportIf,0x1EF60,field_1EF60,4,
ReportIf,0x1EF64,field_1EF64,4,
ReportIf,0x1EF68,field_1EF68,4,
ReportIf,0x1EF6C,field_1EF6C,4,
ReportIf,0x1EF70,field_1EF70,4,
ReportIf,0x1EF74,field_1EF74,4,
ReportIf,0x1EF78,field_1EF78,4,
ReportIf,0x1EF7C,field_1EF7C,4,
ReportIf,0x1EF80,field_1EF80,4,
ReportIf,0x1EF84,field_1EF84,4,
ReportIf,0x1EF88,field_1EF88,4,
ReportIf,0x1EF8C,field_1EF8C,4,
ReportIf,0x1EF90,field_1EF90,4,
ReportIf,0x1EF94,field_1EF94,4,
ReportIf,0x1EF98,field_1EF98,4,
ReportIf,0x1EF9C,field_1EF9C,4,
ReportIf,0x1EFA0,field_1EFA0,4,
ReportIf,0x1EFA4,field_1EFA4,4,
ReportIf,0x1EFA8,field_1EFA8,4,
ReportIf,0x1EFAC,field_1EFAC,4,
ReportIf,0x1EFB0,field_1EFB0,4,
ReportIf,0x1EFB4,field_1EFB4,4,
ReportIf,0x1EFB8,field_1EFB8,4,
ReportIf,0x1EFBC,field_1EFBC,4,
ReportIf,0x1EFC0,field_1EFC0,4,
ReportIf,0x1EFC4,field_1EFC4,4,
ReportIf,0x1EFC8,field_1EFC8,4,
ReportIf,0x1EFCC,field_1EFCC,4,
ReportIf,0x1EFD0,field_1EFD0,4,
ReportIf,0x1EFD4,field_1EFD4,4,
ReportIf,0x1EFD8,field_1EFD8,4,
ReportIf,0x1EFDC,field_1EFDC,4,
ReportIf,0x1EFE0,field_1EFE0,4,
ReportIf,0x1EFE4,field_1EFE4,4,
ReportIf,0x1EFE8,field_1EFE8,4,
ReportIf,0x1EFEC,field_1EFEC,4,
ReportIf,0x1EFF0,field_1EFF0,4,
ReportIf,0x1EFF4,field_1EFF4,4,
ReportIf,0x1EFF8,field_1EFF8,4,
ReportIf,0x1EFFC,field_1EFFC,4,
ReportIf,0x1F000,field_1F000,4,
ReportIf,0x1F004,field_1F004,4,
ReportIf,0x1F008,field_1F008,4,
ReportIf,0x1F00C,field_1F00C,4,
ReportIf,0x1F010,field_1F010,4,
ReportIf,0x1F014,field_1F014,4,
ReportIf,0x1F018,field_1F018,4,
ReportIf,0x1F01C,field_1F01C,4,
ReportIf,0x1F020,field_1F020,4,
ReportIf,0x1F024,field_1F024,4,
ReportIf,0x1F028,field_1F028,4,
ReportIf,0x1F02C,field_1F02C,4,
ReportIf,0x1F030,field_1F030,4,
ReportIf,0x1F034,field_1F034,4,
ReportIf,0x1F038,field_1F038,4,
ReportIf,0x1F03C,field_1F03C,4,
ReportIf,0x1F040,field_1F040,4,
ReportIf,0x1F044,field_1F044,4,
ReportIf,0x1F048,field_1F048,4,
ReportIf,0x1F04C,field_1F04C,4,
ReportIf,0x1F050,field_1F050,4,
ReportIf,0x1F054,field_1F054,4,
ReportIf,0x1F058,field_1F058,4,
ReportIf,0x1F05C,field_1F05C,4,
ReportIf,0x1F060,field_1F060,4,
ReportIf,0x1F064,field_1F064,4,
ReportIf,0x1F068,field_1F068,4,
ReportIf,0x1F06C,field_1F06C,4,
ReportIf,0x1F070,field_1F070,4,
ReportIf,0x1F074,field_1F074,4,
ReportIf,0x1F078,field_1F078,4,
ReportIf,0x1F07C,field_1F07C,4,
ReportIf,0x1F080,field_1F080,4,
ReportIf,0x1F084,field_1F084,4,
ReportIf,0x1F088,field_1F088,4,
ReportIf,0x1F08C,field_1F08C,4,
ReportIf,0x1F090,field_1F090,4,
ReportIf,0x1F094,field_1F094,4,
ReportIf,0x1F098,field_1F098,4,
ReportIf,0x1F09C,field_1F09C,4,
ReportIf,0x1F0A0,field_1F0A0,4,
ReportIf,0x1F0A4,field_1F0A4,4,
ReportIf,0x1F0A8,field_1F0A8,4,
ReportIf,0x1F0AC,field_1F0AC,4,
ReportIf,0x1F0B0,field_1F0B0,4,
ReportIf,0x1F0B4,field_1F0B4,4,
ReportIf,0x1F0B8,field_1F0B8,4,
ReportIf,0x1F0BC,field_1F0BC,4,
ReportIf,0x1F0C0,field_1F0C0,4,
ReportIf,0x1F0C4,field_1F0C4,4,
ReportIf,0x1F0C8,field_1F0C8,4,
ReportIf,0x1F0CC,field_1F0CC,4,
ReportIf,0x1F0D0,field_1F0D0,4,
ReportIf,0x1F0D4,field_1F0D4,4,
ReportIf,0x1F0D8,field_1F0D8,4,
ReportIf,0x1F0DC,field_1F0DC,4,
ReportIf,0x1F0E0,field_1F0E0,4,
ReportIf,0x1F0E4,field_1F0E4,4,
ReportIf,0x1F0E8,field_1F0E8,4,
ReportIf,0x1F0EC,field_1F0EC,4,
ReportIf,0x1F0F0,field_1F0F0,4,
ReportIf,0x1F0F4,field_1F0F4,4,
ReportIf,0x1F0F8,field_1F0F8,4,
ReportIf,0x1F0FC,field_1F0FC,4,
ReportIf,0x1F100,field_1F100,4,
ReportIf,0x1F104,field_1F104,4,
ReportIf,0x1F108,field_1F108,4,
ReportIf,0x1F10C,field_1F10C,4,
ReportIf,0x1F110,field_1F110,4,
ReportIf,0x1F114,field_1F114,4,
ReportIf,0x1F118,field_1F118,4,
ReportIf,0x1F11C,field_1F11C,4,
ReportIf,0x1F120,field_1F120,4,
ReportIf,0x1F124,field_1F124,4,
ReportIf,0x1F128,field_1F128,4,
ReportIf,0x1F12C,field_1F12C,4,
ReportIf,0x1F130,field_1F130,4,
ReportIf,0x1F134,field_1F134,4,
ReportIf,0x1F138,field_1F138,4,
ReportIf,0x1F13C,field_1F13C,4,
ReportIf,0x1F140,field_1F140,4,
ReportIf,0x1F144,field_1F144,4,
ReportIf,0x1F148,field_1F148,4,
ReportIf,0x1F14C,field_1F14C,4,
ReportIf,0x1F150,field_1F150,4,
ReportIf,0x1F154,field_1F154,4,
ReportIf,0x1F158,field_1F158,4,
ReportIf,0x1F15C,field_1F15C,4,
ReportIf,0x1F160,field_1F160,4,
ReportIf,0x1F164,field_1F164,4,
ReportIf,0x1F168,field_1F168,4,
ReportIf,0x1F16C,field_1F16C,4,
ReportIf,0x1F170,field_1F170,4,
ReportIf,0x1F174,field_1F174,4,
ReportIf,0x1F178,field_1F178,4,
ReportIf,0x1F17C,field_1F17C,4,
ReportIf,0x1F180,field_1F180,4,
ReportIf,0x1F184,field_1F184,4,
ReportIf,0x1F188,field_1F188,4,
ReportIf,0x1F18C,field_1F18C,4,
ReportIf,0x1F190,field_1F190,4,
ReportIf,0x1F194,field_1F194,4,
ReportIf,0x1F198,field_1F198,4,
ReportIf,0x1F19C,field_1F19C,4,
ReportIf,0x1F1A0,field_1F1A0,4,
ReportIf,0x1F1A4,field_1F1A4,4,
ReportIf,0x1F1A8,field_1F1A8,4,
ReportIf,0x1F1AC,field_1F1AC,4,
ReportIf,0x1F1B0,field_1F1B0,4,
ReportIf,0x1F1B4,field_1F1B4,4,
ReportIf,0x1F1B8,field_1F1B8,4,
ReportIf,0x1F1BC,field_1F1BC,4,
ReportIf,0x1F1C0,field_1F1C0,4,
ReportIf,0x1F1C4,field_1F1C4,4,
ReportIf,0x1F1C8,field_1F1C8,4,
ReportIf,0x1F1CC,field_1F1CC,4,
ReportIf,0x1F1D0,field_1F1D0,4,
ReportIf,0x1F1D4,field_1F1D4,4,
ReportIf,0x1F1D8,field_1F1D8,4,
ReportIf,0x1F1DC,field_1F1DC,4,
ReportIf,0x1F1E0,field_1F1E0,4,
ReportIf,0x1F1E4,field_1F1E4,4,
ReportIf,0x1F1E8,field_1F1E8,4,
ReportIf,0x1F1EC,field_1F1EC,4,
ReportIf,0x1F1F0,field_1F1F0,4,
ReportIf,0x1F1F4,field_1F1F4,4,
ReportIf,0x1F1F8,field_1F1F8,4,
ReportIf,0x1F1FC,field_1F1FC,4,
ReportIf,0x1F200,field_1F200,4,
ReportIf,0x1F204,field_1F204,4,
ReportIf,0x1F208,field_1F208,4,
ReportIf,0x1F20C,field_1F20C,4,
ReportIf,0x1F210,field_1F210,4,
ReportIf,0x1F214,field_1F214,4,
ReportIf,0x1F218,field_1F218,4,
ReportIf,0x1F21C,field_1F21C,4,
ReportIf,0x1F220,field_1F220,4,
ReportIf,0x1F224,field_1F224,4,
ReportIf,0x1F228,field_1F228,4,
ReportIf,0x1F22C,field_1F22C,4,
ReportIf,0x1F230,field_1F230,4,
ReportIf,0x1F234,field_1F234,4,
ReportIf,0x1F238,field_1F238,4,
ReportIf,0x1F23C,field_1F23C,4,
ReportIf,0x1F240,field_1F240,4,
ReportIf,0x1F244,field_1F244,4,
ReportIf,0x1F248,field_1F248,4,
ReportIf,0x1F24C,field_1F24C,4,
ReportIf,0x1F250,field_1F250,4,
ReportIf,0x1F254,field_1F254,4,
ReportIf,0x1F258,field_1F258,4,
ReportIf,0x1F25C,field_1F25C,4,
ReportIf,0x1F260,field_1F260,4,
ReportIf,0x1F264,field_1F264,4,
ReportIf,0x1F268,field_1F268,4,
ReportIf,0x1F26C,field_1F26C,4,
ReportIf,0x1F270,field_1F270,4,
ReportIf,0x1F274,field_1F274,4,
ReportIf,0x1F278,field_1F278,4,
ReportIf,0x1F27C,field_1F27C,4,
ReportIf,0x1F280,field_1F280,4,
ReportIf,0x1F284,field_1F284,4,
ReportIf,0x1F288,field_1F288,4,
ReportIf,0x1F28C,field_1F28C,4,
ReportIf,0x1F290,field_1F290,4,
ReportIf,0x1F294,field_1F294,4,
ReportIf,0x1F298,field_1F298,4,
ReportIf,0x1F29C,field_1F29C,4,
ReportIf,0x1F2A0,field_1F2A0,4,
ReportIf,0x1F2A4,field_1F2A4,4,
ReportIf,0x1F2A8,field_1F2A8,4,
ReportIf,0x1F2AC,field_1F2AC,4,
ReportIf,0x1F2B0,field_1F2B0,4,
ReportIf,0x1F2B4,field_1F2B4,4,
ReportIf,0x1F2B8,field_1F2B8,4,
ReportIf,0x1F2BC,field_1F2BC,4,
ReportIf,0x1F2C0,field_1F2C0,4,
ReportIf,0x1F2C4,field_1F2C4,4,
ReportIf,0x1F2C8,field_1F2C8,4,
ReportIf,0x1F2CC,field_1F2CC,4,
ReportIf,0x1F2D0,field_1F2D0,4,
ReportIf,0x1F2D4,field_1F2D4,4,
ReportIf,0x1F2D8,field_1F2D8,4,
ReportIf,0x1F2DC,field_1F2DC,4,
ReportIf,0x1F2E0,field_1F2E0,4,
ReportIf,0x1F2E4,field_1F2E4,4,
ReportIf,0x1F2E8,field_1F2E8,4,
ReportIf,0x1F2EC,field_1F2EC,4,
ReportIf,0x1F2F0,field_1F2F0,4,
ReportIf,0x1F2F4,field_1F2F4,4,
ReportIf,0x1F2F8,field_1F2F8,4,
ReportIf,0x1F2FC,field_1F2FC,4,
ReportIf,0x1F300,field_1F300,4,
ReportIf,0x1F304,field_1F304,4,
ReportIf,0x1F308,field_1F308,4,
ReportIf,0x1F30C,field_1F30C,4,
ReportIf,0x1F310,field_1F310,4,
ReportIf,0x1F314,field_1F314,4,
ReportIf,0x1F318,field_1F318,4,
ReportIf,0x1F31C,field_1F31C,4,
ReportIf,0x1F320,field_1F320,4,
ReportIf,0x1F324,field_1F324,4,
ReportIf,0x1F328,field_1F328,4,
ReportIf,0x1F32C,field_1F32C,4,
ReportIf,0x1F330,field_1F330,4,
ReportIf,0x1F334,field_1F334,4,
ReportIf,0x1F338,field_1F338,4,
ReportIf,0x1F33C,field_1F33C,4,
ReportIf,0x1F340,field_1F340,4,
ReportIf,0x1F344,field_1F344,4,
ReportIf,0x1F348,field_1F348,4,
ReportIf,0x1F34C,field_1F34C,4,
ReportIf,0x1F350,field_1F350,4,
ReportIf,0x1F354,field_1F354,4,
ReportIf,0x1F358,field_1F358,4,
ReportIf,0x1F35C,field_1F35C,4,
ReportIf,0x1F360,field_1F360,4,
ReportIf,0x1F364,field_1F364,4,
ReportIf,0x1F368,field_1F368,4,
ReportIf,0x1F36C,field_1F36C,4,
ReportIf,0x1F370,field_1F370,4,
ReportIf,0x1F374,field_1F374,4,
ReportIf,0x1F378,field_1F378,4,
ReportIf,0x1F37C,field_1F37C,4,
ReportIf,0x1F380,field_1F380,4,
ReportIf,0x1F384,field_1F384,4,
ReportIf,0x1F388,field_1F388,4,
ReportIf,0x1F38C,field_1F38C,4,
ReportIf,0x1F390,field_1F390,4,
ReportIf,0x1F394,field_1F394,4,
ReportIf,0x1F398,field_1F398,4,
ReportIf,0x1F39C,field_1F39C,4,
ReportIf,0x1F3A0,field_1F3A0,4,
ReportIf,0x1F3A4,field_1F3A4,4,
ReportIf,0x1F3A8,field_1F3A8,4,
ReportIf,0x1F3AC,field_1F3AC,4,
ReportIf,0x1F3B0,field_1F3B0,4,
ReportIf,0x1F3B4,field_1F3B4,4,
ReportIf,0x1F3B8,field_1F3B8,4,
ReportIf,0x1F3BC,field_1F3BC,4,
ReportIf,0x1F3C0,field_1F3C0,4,
ReportIf,0x1F3C4,field_1F3C4,4,
ReportIf,0x1F3C8,field_1F3C8,4,
ReportIf,0x1F3CC,field_1F3CC,4,
ReportIf,0x1F3D0,field_1F3D0,4,
ReportIf,0x1F3D4,field_1F3D4,4,
ReportIf,0x1F3D8,field_1F3D8,4,
ReportIf,0x1F3DC,field_1F3DC,4,
ReportIf,0x1F3E0,field_1F3E0,4,
ReportIf,0x1F3E4,field_1F3E4,4,
ReportIf,0x1F3E8,field_1F3E8,4,
ReportIf,0x1F3EC,field_1F3EC,4,
ReportIf,0x1F3F0,field_1F3F0,4,
ReportIf,0x1F3F4,field_1F3F4,4,
ReportIf,0x1F3F8,field_1F3F8,4,
ReportIf,0x1F3FC,field_1F3FC,4,
ReportIf,0x1F400,field_1F400,4,
ReportIf,0x1F404,field_1F404,4,
ReportIf,0x1F408,field_1F408,4,
ReportIf,0x1F40C,field_1F40C,4,
ReportIf,0x1F410,field_1F410,4,
ReportIf,0x1F414,field_1F414,4,
ReportIf,0x1F418,field_1F418,4,
ReportIf,0x1F41C,field_1F41C,4,
ReportIf,0x1F420,field_1F420,4,
ReportIf,0x1F424,field_1F424,4,
ReportIf,0x1F428,field_1F428,4,
ReportIf,0x1F42C,field_1F42C,4,
ReportIf,0x1F430,field_1F430,4,
ReportIf,0x1F434,field_1F434,4,
ReportIf,0x1F438,field_1F438,4,
ReportIf,0x1F43C,field_1F43C,4,
ReportIf,0x1F440,field_1F440,4,
ReportIf,0x1F444,field_1F444,4,
ReportIf,0x1F448,field_1F448,4,
ReportIf,0x1F44C,field_1F44C,4,
ReportIf,0x1F450,field_1F450,4,
ReportIf,0x1F454,field_1F454,4,
ReportIf,0x1F458,field_1F458,4,
ReportIf,0x1F45C,field_1F45C,4,
ReportIf,0x1F460,field_1F460,4,
ReportIf,0x1F464,field_1F464,4,
ReportIf,0x1F468,field_1F468,4,
ReportIf,0x1F46C,field_1F46C,4,
ReportIf,0x1F470,field_1F470,4,
ReportIf,0x1F474,field_1F474,4,
ReportIf,0x1F478,field_1F478,4,
ReportIf,0x1F47C,field_1F47C,4,
ReportIf,0x1F480,field_1F480,4,
ReportIf,0x1F484,field_1F484,4,
ReportIf,0x1F488,field_1F488,4,
ReportIf,0x1F48C,field_1F48C,4,
ReportIf,0x1F490,field_1F490,4,
ReportIf,0x1F494,field_1F494,4,
ReportIf,0x1F498,field_1F498,4,
ReportIf,0x1F49C,field_1F49C,4,
ReportIf,0x1F4A0,field_1F4A0,4,
ReportIf,0x1F4A4,field_1F4A4,4,
ReportIf,0x1F4A8,field_1F4A8,4,
ReportIf,0x1F4AC,field_1F4AC,4,
ReportIf,0x1F4B0,field_1F4B0,4,
ReportIf,0x1F4B4,field_1F4B4,4,
ReportIf,0x1F4B8,field_1F4B8,4,
ReportIf,0x1F4BC,field_1F4BC,4,
ReportIf,0x1F4C0,field_1F4C0,4,
ReportIf,0x1F4C4,field_1F4C4,4,
ReportIf,0x1F4C8,field_1F4C8,4,
ReportIf,0x1F4CC,field_1F4CC,4,
ReportIf,0x1F4D0,field_1F4D0,4,
ReportIf,0x1F4D4,field_1F4D4,4,
ReportIf,0x1F4D8,field_1F4D8,4,
ReportIf,0x1F4DC,field_1F4DC,4,
ReportIf,0x1F4E0,field_1F4E0,4,
ReportIf,0x1F4E4,field_1F4E4,4,
ReportIf,0x1F4E8,field_1F4E8,4,
ReportIf,0x1F4EC,field_1F4EC,4,
ReportIf,0x1F4F0,field_1F4F0,4,
ReportIf,0x1F4F4,field_1F4F4,4,
ReportIf,0x1F4F8,field_1F4F8,4,
ReportIf,0x1F4FC,field_1F4FC,4,
ReportIf,0x1F500,field_1F500,4,
ReportIf,0x1F504,field_1F504,4,
ReportIf,0x1F508,field_1F508,4,
ReportIf,0x1F50C,field_1F50C,4,
ReportIf,0x1F510,field_1F510,4,
ReportIf,0x1F514,field_1F514,4,
ReportIf,0x1F518,field_1F518,4,
ReportIf,0x1F51C,field_1F51C,4,
ReportIf,0x1F520,field_1F520,4,
ReportIf,0x1F524,field_1F524,4,
ReportIf,0x1F528,field_1F528,4,
ReportIf,0x1F52C,field_1F52C,4,
ReportIf,0x1F530,field_1F530,4,
ReportIf,0x1F534,field_1F534,4,
ReportIf,0x1F538,field_1F538,4,
ReportIf,0x1F53C,field_1F53C,4,
ReportIf,0x1F540,field_1F540,4,
ReportIf,0x1F544,field_1F544,4,
ReportIf,0x1F548,field_1F548,4,
ReportIf,0x1F54C,field_1F54C,4,
ReportIf,0x1F550,field_1F550,4,
ReportIf,0x1F554,field_1F554,4,
ReportIf,0x1F558,field_1F558,4,
ReportIf,0x1F55C,field_1F55C,4,
ReportIf,0x1F560,field_1F560,4,
ReportIf,0x1F564,field_1F564,4,
ReportIf,0x1F568,field_1F568,4,
ReportIf,0x1F56C,field_1F56C,4,
ReportIf,0x1F570,field_1F570,4,
ReportIf,0x1F574,field_1F574,4,
ReportIf,0x1F578,field_1F578,4,
ReportIf,0x1F57C,field_1F57C,4,
ReportIf,0x1F580,field_1F580,4,
ReportIf,0x1F584,field_1F584,4,
ReportIf,0x1F588,field_1F588,4,
ReportIf,0x1F58C,field_1F58C,4,
ReportIf,0x1F590,field_1F590,4,
ReportIf,0x1F594,field_1F594,4,
ReportIf,0x1F598,field_1F598,4,
ReportIf,0x1F59C,field_1F59C,4,
ReportIf,0x1F5A0,field_1F5A0,4,
ReportIf,0x1F5A4,field_1F5A4,4,
ReportIf,0x1F5A8,field_1F5A8,4,
ReportIf,0x1F5AC,field_1F5AC,4,
ReportIf,0x1F5B0,field_1F5B0,4,
ReportIf,0x1F5B4,field_1F5B4,4,
ReportIf,0x1F5B8,field_1F5B8,4,
ReportIf,0x1F5BC,field_1F5BC,4,
ReportIf,0x1F5C0,field_1F5C0,4,
ReportIf,0x1F5C4,field_1F5C4,4,
ReportIf,0x1F5C8,field_1F5C8,4,
ReportIf,0x1F5CC,field_1F5CC,4,
ReportIf,0x1F5D0,field_1F5D0,4,
ReportIf,0x1F5D4,field_1F5D4,4,
ReportIf,0x1F5D8,field_1F5D8,4,
ReportIf,0x1F5DC,field_1F5DC,4,
ReportIf,0x1F5E0,field_1F5E0,4,
ReportIf,0x1F5E4,field_1F5E4,4,
ReportIf,0x1F5E8,field_1F5E8,4,
ReportIf,0x1F5EC,field_1F5EC,4,
ReportIf,0x1F5F0,field_1F5F0,4,
ReportIf,0x1F5F4,field_1F5F4,4,
ReportIf,0x1F5F8,field_1F5F8,4,
ReportIf,0x1F5FC,field_1F5FC,4,
ReportIf,0x1F600,field_1F600,4,
ReportIf,0x1F604,field_1F604,4,
ReportIf,0x1F608,field_1F608,4,
ReportIf,0x1F60C,field_1F60C,4,
ReportIf,0x1F610,field_1F610,4,
ReportIf,0x1F614,field_1F614,4,
ReportIf,0x1F618,field_1F618,4,
ReportIf,0x1F61C,field_1F61C,4,
ReportIf,0x1F620,field_1F620,4,
ReportIf,0x1F624,field_1F624,4,
ReportIf,0x1F628,field_1F628,4,
ReportIf,0x1F62C,field_1F62C,4,
ReportIf,0x1F630,field_1F630,4,
ReportIf,0x1F634,field_1F634,4,
ReportIf,0x1F638,field_1F638,4,
ReportIf,0x1F63C,field_1F63C,4,
ReportIf,0x1F640,field_1F640,4,
ReportIf,0x1F644,field_1F644,4,
ReportIf,0x1F648,field_1F648,4,
ReportIf,0x1F64C,field_1F64C,4,
ReportIf,0x1F650,field_1F650,4,
ReportIf,0x1F654,field_1F654,4,
ReportIf,0x1F658,field_1F658,4,
ReportIf,0x1F65C,field_1F65C,4,
ReportIf,0x1F660,field_1F660,4,
ReportIf,0x1F664,field_1F664,4,
ReportIf,0x1F668,field_1F668,4,
ReportIf,0x1F66C,field_1F66C,4,
ReportIf,0x1F670,field_1F670,4,
ReportIf,0x1F674,field_1F674,4,
ReportIf,0x1F678,field_1F678,4,
ReportIf,0x1F67C,field_1F67C,4,
ReportIf,0x1F680,field_1F680,4,
ReportIf,0x1F684,field_1F684,4,
ReportIf,0x1F688,field_1F688,4,
ReportIf,0x1F68C,field_1F68C,4,
ReportIf,0x1F690,field_1F690,4,
ReportIf,0x1F694,field_1F694,4,
ReportIf,0x1F698,field_1F698,4,
ReportIf,0x1F69C,field_1F69C,4,
ReportIf,0x1F6A0,field_1F6A0,4,
ReportIf,0x1F6A4,field_1F6A4,4,
ReportIf,0x1F6A8,field_1F6A8,4,
ReportIf,0x1F6AC,field_1F6AC,4,
ReportIf,0x1F6B0,field_1F6B0,4,
ReportIf,0x1F6B4,field_1F6B4,4,
ReportIf,0x1F6B8,field_1F6B8,4,
ReportIf,0x1F6BC,field_1F6BC,4,
ReportIf,0x1F6C0,field_1F6C0,4,
ReportIf,0x1F6C4,field_1F6C4,4,
ReportIf,0x1F6C8,field_1F6C8,4,
ReportIf,0x1F6CC,field_1F6CC,4,
ReportIf,0x1F6D0,field_1F6D0,4,
ReportIf,0x1F6D4,field_1F6D4,4,
ReportIf,0x1F6D8,field_1F6D8,4,
ReportIf,0x1F6DC,field_1F6DC,4,
ReportIf,0x1F6E0,field_1F6E0,4,
ReportIf,0x1F6E4,field_1F6E4,4,
ReportIf,0x1F6E8,field_1F6E8,4,
ReportIf,0x1F6EC,field_1F6EC,4,
ReportIf,0x1F6F0,field_1F6F0,4,
ReportIf,0x1F6F4,field_1F6F4,4,
ReportIf,0x1F6F8,field_1F6F8,4,
ReportIf,0x1F6FC,field_1F6FC,4,
ReportIf,0x1F700,field_1F700,4,
ReportIf,0x1F704,field_1F704,4,
ReportIf,0x1F708,field_1F708,4,
ReportIf,0x1F70C,field_1F70C,4,
ReportIf,0x1F710,field_1F710,4,
ReportIf,0x1F714,field_1F714,4,
ReportIf,0x1F718,field_1F718,4,
ReportIf,0x1F71C,field_1F71C,4,
ReportIf,0x1F720,field_1F720,4,
ReportIf,0x1F724,field_1F724,4,
ReportIf,0x1F728,field_1F728,4,
ReportIf,0x1F72C,field_1F72C,4,
ReportIf,0x1F730,field_1F730,4,
ReportIf,0x1F734,field_1F734,4,
ReportIf,0x1F738,field_1F738,4,
ReportIf,0x1F73C,field_1F73C,4,
ReportIf,0x1F740,field_1F740,4,
ReportIf,0x1F744,field_1F744,4,
ReportIf,0x1F748,field_1F748,4,
ReportIf,0x1F74C,field_1F74C,4,
ReportIf,0x1F750,field_1F750,4,
ReportIf,0x1F754,field_1F754,4,
ReportIf,0x1F758,field_1F758,4,
ReportIf,0x1F75C,field_1F75C,4,
ReportIf,0x1F760,field_1F760,4,
ReportIf,0x1F764,field_1F764,4,
ReportIf,0x1F768,field_1F768,4,
ReportIf,0x1F76C,field_1F76C,4,
ReportIf,0x1F770,field_1F770,4,
ReportIf,0x1F774,field_1F774,4,
ReportIf,0x1F778,field_1F778,4,
ReportIf,0x1F77C,field_1F77C,4,
ReportIf,0x1F780,field_1F780,4,
ReportIf,0x1F784,field_1F784,4,
ReportIf,0x1F788,field_1F788,4,
ReportIf,0x1F78C,field_1F78C,4,
ReportIf,0x1F790,field_1F790,4,
ReportIf,0x1F794,field_1F794,4,
ReportIf,0x1F798,field_1F798,4,
ReportIf,0x1F79C,field_1F79C,4,
ReportIf,0x1F7A0,field_1F7A0,4,
ReportIf,0x1F7A4,field_1F7A4,4,
ReportIf,0x1F7A8,field_1F7A8,4,
ReportIf,0x1F7AC,field_1F7AC,4,
ReportIf,0x1F7B0,field_1F7B0,4,
ReportIf,0x1F7B4,field_1F7B4,4,
ReportIf,0x1F7B8,field_1F7B8,4,
ReportIf,0x1F7BC,field_1F7BC,4,
ReportIf,0x1F7C0,field_1F7C0,4,
ReportIf,0x1F7C4,field_1F7C4,4,
ReportIf,0x1F7C8,field_1F7C8,4,
ReportIf,0x1F7CC,field_1F7CC,4,
ReportIf,0x1F7D0,field_1F7D0,4,
ReportIf,0x1F7D4,field_1F7D4,4,
ReportIf,0x1F7D8,field_1F7D8,4,
ReportIf,0x1F7DC,field_1F7DC,4,
ReportIf,0x1F7E0,field_1F7E0,4,
ReportIf,0x1F7E4,field_1F7E4,4,
ReportIf,0x1F7E8,field_1F7E8,4,
ReportIf,0x1F7EC,field_1F7EC,4,
ReportIf,0x1F7F0,field_1F7F0,4,
ReportIf,0x1F7F4,field_1F7F4,4,
ReportIf,0x1F7F8,field_1F7F8,4,
ReportIf,0x1F7FC,field_1F7FC,4,
ReportIf,0x1F800,field_1F800,4,
ReportIf,0x1F804,field_1F804,4,
ReportIf,0x1F808,field_1F808,4,
ReportIf,0x1F80C,field_1F80C,4,
ReportIf,0x1F810,field_1F810,4,
ReportIf,0x1F814,field_1F814,4,
ReportIf,0x1F818,field_1F818,4,
ReportIf,0x1F81C,field_1F81C,4,
ReportIf,0x1F820,field_1F820,4,
ReportIf,0x1F824,field_1F824,4,
ReportIf,0x1F828,field_1F828,4,
ReportIf,0x1F82C,field_1F82C,4,
ReportIf,0x1F830,field_1F830,4,
ReportIf,0x1F834,field_1F834,4,
ReportIf,0x1F838,field_1F838,4,
ReportIf,0x1F83C,field_1F83C,4,
ReportIf,0x1F840,field_1F840,4,
ReportIf,0x1F844,field_1F844,4,
ReportIf,0x1F848,field_1F848,4,
ReportIf,0x1F84C,field_1F84C,4,
ReportIf,0x1F850,field_1F850,4,
ReportIf,0x1F854,field_1F854,4,
ReportIf,0x1F858,field_1F858,4,
ReportIf,0x1F85C,field_1F85C,4,
ReportIf,0x1F860,field_1F860,4,
ReportIf,0x1F864,field_1F864,4,
ReportIf,0x1F868,field_1F868,4,
ReportIf,0x1F86C,field_1F86C,4,
ReportIf,0x1F870,field_1F870,4,
ReportIf,0x1F874,field_1F874,4,
ReportIf,0x1F878,field_1F878,4,
ReportIf,0x1F87C,field_1F87C,4,
ReportIf,0x1F880,field_1F880,4,
ReportIf,0x1F884,field_1F884,4,
ReportIf,0x1F888,field_1F888,4,
ReportIf,0x1F88C,field_1F88C,4,
ReportIf,0x1F890,field_1F890,4,
ReportIf,0x1F894,field_1F894,4,
ReportIf,0x1F898,field_1F898,4,
ReportIf,0x1F89C,field_1F89C,4,
ReportIf,0x1F8A0,field_1F8A0,4,
ReportIf,0x1F8A4,field_1F8A4,4,
ReportIf,0x1F8A8,field_1F8A8,4,
ReportIf,0x1F8AC,field_1F8AC,4,
ReportIf,0x1F8B0,field_1F8B0,4,
ReportIf,0x1F8B4,field_1F8B4,4,
ReportIf,0x1F8B8,field_1F8B8,4,
ReportIf,0x1F8BC,field_1F8BC,4,
ReportIf,0x1F8C0,field_1F8C0,4,
ReportIf,0x1F8C4,field_1F8C4,4,
ReportIf,0x1F8C8,field_1F8C8,4,
ReportIf,0x1F8CC,field_1F8CC,4,
ReportIf,0x1F8D0,field_1F8D0,4,
ReportIf,0x1F8D4,field_1F8D4,4,
ReportIf,0x1F8D8,field_1F8D8,4,
ReportIf,0x1F8DC,field_1F8DC,4,
ReportIf,0x1F8E0,field_1F8E0,4,
ReportIf,0x1F8E4,field_1F8E4,4,
ReportIf,0x1F8E8,field_1F8E8,4,
ReportIf,0x1F8EC,field_1F8EC,4,
ReportIf,0x1F8F0,field_1F8F0,4,
ReportIf,0x1F8F4,field_1F8F4,4,
ReportIf,0x1F8F8,field_1F8F8,4,
ReportIf,0x1F8FC,field_1F8FC,4,
ReportIf,0x1F900,field_1F900,4,
ReportIf,0x1F904,field_1F904,4,
ReportIf,0x1F908,field_1F908,4,
ReportIf,0x1F90C,field_1F90C,4,
ReportIf,0x1F910,field_1F910,4,
ReportIf,0x1F914,field_1F914,4,
ReportIf,0x1F918,field_1F918,4,
ReportIf,0x1F91C,field_1F91C,4,
ReportIf,0x1F920,field_1F920,4,
ReportIf,0x1F924,field_1F924,4,
ReportIf,0x1F928,field_1F928,4,
ReportIf,0x1F92C,field_1F92C,4,
ReportIf,0x1F930,field_1F930,4,
ReportIf,0x1F934,field_1F934,4,
ReportIf,0x1F938,field_1F938,4,
ReportIf,0x1F93C,field_1F93C,4,
ReportIf,0x1F940,field_1F940,4,
ReportIf,0x1F944,field_1F944,4,
ReportIf,0x1F948,field_1F948,4,
ReportIf,0x1F94C,field_1F94C,4,
ReportIf,0x1F950,field_1F950,4,
ReportIf,0x1F954,field_1F954,4,
ReportIf,0x1F958,field_1F958,4,
ReportIf,0x1F95C,field_1F95C,4,
ReportIf,0x1F960,field_1F960,4,
ReportIf,0x1F964,field_1F964,4,
ReportIf,0x1F968,field_1F968,4,
ReportIf,0x1F96C,field_1F96C,4,
ReportIf,0x1F970,field_1F970,4,
ReportIf,0x1F974,field_1F974,4,
ReportIf,0x1F978,field_1F978,4,
ReportIf,0x1F97C,field_1F97C,4,
ReportIf,0x1F980,field_1F980,4,
ReportIf,0x1F984,field_1F984,4,
ReportIf,0x1F988,field_1F988,4,
ReportIf,0x1F98C,field_1F98C,4,
ReportIf,0x1F990,field_1F990,4,
ReportIf,0x1F994,field_1F994,4,
ReportIf,0x1F998,field_1F998,4,
ReportIf,0x1F99C,field_1F99C,4,
ReportIf,0x1F9A0,field_1F9A0,4,
ReportIf,0x1F9A4,field_1F9A4,4,
ReportIf,0x1F9A8,field_1F9A8,4,
ReportIf,0x1F9AC,field_1F9AC,4,
ReportIf,0x1F9B0,field_1F9B0,4,
ReportIf,0x1F9B4,field_1F9B4,4,
ReportIf,0x1F9B8,field_1F9B8,4,
ReportIf,0x1F9BC,field_1F9BC,4,
ReportIf,0x1F9C0,field_1F9C0,4,
ReportIf,0x1F9C4,field_1F9C4,4,
ReportIf,0x1F9C8,field_1F9C8,4,
ReportIf,0x1F9CC,field_1F9CC,4,
ReportIf,0x1F9D0,field_1F9D0,4,
ReportIf,0x1F9D4,field_1F9D4,4,
ReportIf,0x1F9D8,field_1F9D8,4,
ReportIf,0x1F9DC,field_1F9DC,4,
ReportIf,0x1F9E0,field_1F9E0,4,
ReportIf,0x1F9E4,field_1F9E4,4,
ReportIf,0x1F9E8,field_1F9E8,4,
ReportIf,0x1F9EC,field_1F9EC,4,
ReportIf,0x1F9F0,field_1F9F0,4,
ReportIf,0x1F9F4,field_1F9F4,4,
ReportIf,0x1F9F8,field_1F9F8,4,
ReportIf,0x1F9FC,field_1F9FC,4,
ReportIf,0x1FA00,field_1FA00,4,
ReportIf,0x1FA04,field_1FA04,4,
ReportIf,0x1FA08,field_1FA08,4,
ReportIf,0x1FA0C,field_1FA0C,4,
ReportIf,0x1FA10,field_1FA10,4,
ReportIf,0x1FA14,field_1FA14,4,
ReportIf,0x1FA18,field_1FA18,4,
ReportIf,0x1FA1C,field_1FA1C,4,
ReportIf,0x1FA20,field_1FA20,4,
ReportIf,0x1FA24,field_1FA24,4,
ReportIf,0x1FA28,field_1FA28,4,
ReportIf,0x1FA2C,field_1FA2C,4,
ReportIf,0x1FA30,field_1FA30,4,
ReportIf,0x1FA34,field_1FA34,4,
ReportIf,0x1FA38,field_1FA38,4,
ReportIf,0x1FA3C,field_1FA3C,4,
ReportIf,0x1FA40,field_1FA40,4,
ReportIf,0x1FA44,field_1FA44,4,
ReportIf,0x1FA48,field_1FA48,4,
ReportIf,0x1FA4C,field_1FA4C,4,
ReportIf,0x1FA50,field_1FA50,4,
ReportIf,0x1FA54,field_1FA54,4,
ReportIf,0x1FA58,field_1FA58,4,
ReportIf,0x1FA5C,field_1FA5C,4,
ReportIf,0x1FA60,field_1FA60,4,
ReportIf,0x1FA64,field_1FA64,4,
ReportIf,0x1FA68,field_1FA68,4,
ReportIf,0x1FA6C,field_1FA6C,4,
ReportIf,0x1FA70,field_1FA70,4,
ReportIf,0x1FA74,field_1FA74,4,
ReportIf,0x1FA78,field_1FA78,4,
ReportIf,0x1FA7C,field_1FA7C,4,
ReportIf,0x1FA80,field_1FA80,4,
ReportIf,0x1FA84,field_1FA84,4,
ReportIf,0x1FA88,field_1FA88,4,
ReportIf,0x1FA8C,field_1FA8C,4,
ReportIf,0x1FA90,field_1FA90,4,
ReportIf,0x1FA94,field_1FA94,4,
ReportIf,0x1FA98,field_1FA98,4,
ReportIf,0x1FA9C,field_1FA9C,4,
ReportIf,0x1FAA0,field_1FAA0,4,
ReportIf,0x1FAA4,field_1FAA4,4,
ReportIf,0x1FAA8,field_1FAA8,4,
ReportIf,0x1FAAC,field_1FAAC,4,
ReportIf,0x1FAB0,field_1FAB0,4,
ReportIf,0x1FAB4,field_1FAB4,4,
ReportIf,0x1FAB8,field_1FAB8,4,
ReportIf,0x1FABC,field_1FABC,4,
ReportIf,0x1FAC0,field_1FAC0,4,
ReportIf,0x1FAC4,field_1FAC4,4,
ReportIf,0x1FAC8,field_1FAC8,4,
ReportIf,0x1FACC,field_1FACC,4,
ReportIf,0x1FAD0,field_1FAD0,4,
ReportIf,0x1FAD4,field_1FAD4,4,
ReportIf,0x1FAD8,field_1FAD8,4,
ReportIf,0x1FADC,field_1FADC,4,
ReportIf,0x1FAE0,field_1FAE0,4,
ReportIf,0x1FAE4,field_1FAE4,4,
ReportIf,0x1FAE8,field_1FAE8,4,
ReportIf,0x1FAEC,field_1FAEC,4,
ReportIf,0x1FAF0,field_1FAF0,4,
ReportIf,0x1FAF4,field_1FAF4,4,
ReportIf,0x1FAF8,field_1FAF8,4,
ReportIf,0x1FAFC,field_1FAFC,4,
ReportIf,0x1FB00,field_1FB00,4,
ReportIf,0x1FB04,field_1FB04,4,
ReportIf,0x1FB08,field_1FB08,4,
ReportIf,0x1FB0C,field_1FB0C,4,
ReportIf,0x1FB10,field_1FB10,4,
ReportIf,0x1FB14,field_1FB14,4,
ReportIf,0x1FB18,field_1FB18,4,
ReportIf,0x1FB1C,field_1FB1C,4,
ReportIf,0x1FB20,field_1FB20,4,
ReportIf,0x1FB24,field_1FB24,4,
ReportIf,0x1FB28,field_1FB28,4,
ReportIf,0x1FB2C,field_1FB2C,4,
ReportIf,0x1FB30,field_1FB30,4,
ReportIf,0x1FB34,field_1FB34,4,
ReportIf,0x1FB38,field_1FB38,4,
ReportIf,0x1FB3C,field_1FB3C,4,
ReportIf,0x1FB40,field_1FB40,4,
ReportIf,0x1FB44,field_1FB44,4,
ReportIf,0x1FB48,field_1FB48,4,
ReportIf,0x1FB4C,field_1FB4C,4,
ReportIf,0x1FB50,field_1FB50,4,
ReportIf,0x1FB54,field_1FB54,4,
ReportIf,0x1FB58,field_1FB58,4,
ReportIf,0x1FB5C,field_1FB5C,4,
ReportIf,0x1FB60,field_1FB60,4,
ReportIf,0x1FB64,field_1FB64,4,
ReportIf,0x1FB68,field_1FB68,4,
ReportIf,0x1FB6C,field_1FB6C,4,
ReportIf,0x1FB70,field_1FB70,4,
ReportIf,0x1FB74,field_1FB74,4,
ReportIf,0x1FB78,field_1FB78,4,
ReportIf,0x1FB7C,field_1FB7C,4,
ReportIf,0x1FB80,field_1FB80,4,
ReportIf,0x1FB84,field_1FB84,4,
ReportIf,0x1FB88,field_1FB88,4,
ReportIf,0x1FB8C,field_1FB8C,4,
ReportIf,0x1FB90,field_1FB90,4,
ReportIf,0x1FB94,field_1FB94,4,
ReportIf,0x1FB98,field_1FB98,4,
ReportIf,0x1FB9C,field_1FB9C,4,
ReportIf,0x1FBA0,field_1FBA0,4,
ReportIf,0x1FBA4,field_1FBA4,4,
ReportIf,0x1FBA8,field_1FBA8,4,
ReportIf,0x1FBAC,field_1FBAC,4,
ReportIf,0x1FBB0,field_1FBB0,4,
ReportIf,0x1FBB4,field_1FBB4,4,
ReportIf,0x1FBB8,field_1FBB8,4,
ReportIf,0x1FBBC,field_1FBBC,4,
ReportIf,0x1FBC0,field_1FBC0,4,
ReportIf,0x1FBC4,field_1FBC4,4,
ReportIf,0x1FBC8,field_1FBC8,4,
ReportIf,0x1FBCC,field_1FBCC,4,
ReportIf,0x1FBD0,field_1FBD0,4,
ReportIf,0x1FBD4,field_1FBD4,4,
ReportIf,0x1FBD8,field_1FBD8,4,
ReportIf,0x1FBDC,field_1FBDC,4,
ReportIf,0x1FBE0,field_1FBE0,4,
ReportIf,0x1FBE4,field_1FBE4,4,
ReportIf,0x1FBE8,field_1FBE8,4,
ReportIf,0x1FBEC,field_1FBEC,4,
ReportIf,0x1FBF0,field_1FBF0,4,
ReportIf,0x1FBF4,field_1FBF4,4,
ReportIf,0x1FBF8,field_1FBF8,4,
ReportIf,0x1FBFC,field_1FBFC,4,
ReportIf,0x1FC00,field_1FC00,4,
ReportIf,0x1FC04,field_1FC04,4,
ReportIf,0x1FC08,field_1FC08,4,
ReportIf,0x1FC0C,field_1FC0C,4,
ReportIf,0x1FC10,field_1FC10,4,
ReportIf,0x1FC14,field_1FC14,4,
ReportIf,0x1FC18,field_1FC18,4,
ReportIf,0x1FC1C,field_1FC1C,4,
ReportIf,0x1FC20,field_1FC20,4,
ReportIf,0x1FC24,field_1FC24,4,
ReportIf,0x1FC28,field_1FC28,4,
ReportIf,0x1FC2C,field_1FC2C,4,
ReportIf,0x1FC30,field_1FC30,4,
ReportIf,0x1FC34,field_1FC34,4,
ReportIf,0x1FC38,field_1FC38,4,
ReportIf,0x1FC3C,field_1FC3C,4,
ReportIf,0x1FC40,field_1FC40,4,
ReportIf,0x1FC44,field_1FC44,4,
ReportIf,0x1FC48,field_1FC48,4,
ReportIf,0x1FC4C,field_1FC4C,4,
ReportIf,0x1FC50,field_1FC50,4,
ReportIf,0x1FC54,field_1FC54,4,
ReportIf,0x1FC58,field_1FC58,4,
ReportIf,0x1FC5C,field_1FC5C,4,
ReportIf,0x1FC60,field_1FC60,4,
ReportIf,0x1FC64,field_1FC64,4,
ReportIf,0x1FC68,field_1FC68,4,
ReportIf,0x1FC6C,field_1FC6C,4,
ReportIf,0x1FC70,field_1FC70,4,
ReportIf,0x1FC74,field_1FC74,4,
ReportIf,0x1FC78,field_1FC78,4,
ReportIf,0x1FC7C,field_1FC7C,4,
ReportIf,0x1FC80,field_1FC80,4,
ReportIf,0x1FC84,field_1FC84,4,
ReportIf,0x1FC88,field_1FC88,4,
ReportIf,0x1FC8C,field_1FC8C,4,
ReportIf,0x1FC90,field_1FC90,4,
ReportIf,0x1FC94,field_1FC94,4,
ReportIf,0x1FC98,field_1FC98,4,
ReportIf,0x1FC9C,field_1FC9C,4,
ReportIf,0x1FCA0,field_1FCA0,4,
ReportIf,0x1FCA4,field_1FCA4,4,
ReportIf,0x1FCA8,field_1FCA8,4,
ReportIf,0x1FCAC,field_1FCAC,4,
ReportIf,0x1FCB0,field_1FCB0,4,
ReportIf,0x1FCB4,field_1FCB4,4,
ReportIf,0x1FCB8,field_1FCB8,4,
ReportIf,0x1FCBC,field_1FCBC,4,
ReportIf,0x1FCC0,field_1FCC0,4,
ReportIf,0x1FCC4,field_1FCC4,4,
ReportIf,0x1FCC8,field_1FCC8,4,
ReportIf,0x1FCCC,field_1FCCC,4,
ReportIf,0x1FCD0,field_1FCD0,4,
ReportIf,0x1FCD4,field_1FCD4,4,
ReportIf,0x1FCD8,field_1FCD8,4,
ReportIf,0x1FCDC,field_1FCDC,4,
ReportIf,0x1FCE0,field_1FCE0,4,
ReportIf,0x1FCE4,field_1FCE4,4,
ReportIf,0x1FCE8,field_1FCE8,4,
ReportIf,0x1FCEC,field_1FCEC,4,
ReportIf,0x1FCF0,field_1FCF0,4,
ReportIf,0x1FCF4,field_1FCF4,4,
ReportIf,0x1FCF8,field_1FCF8,4,
ReportIf,0x1FCFC,field_1FCFC,4,
ReportIf,0x1FD00,field_1FD00,4,
ReportIf,0x1FD04,field_1FD04,4,
ReportIf,0x1FD08,field_1FD08,4,
ReportIf,0x1FD0C,field_1FD0C,4,
ReportIf,0x1FD10,field_1FD10,4,
ReportIf,0x1FD14,field_1FD14,4,
ReportIf,0x1FD18,field_1FD18,4,
ReportIf,0x1FD1C,field_1FD1C,4,
ReportIf,0x1FD20,field_1FD20,4,
ReportIf,0x1FD24,field_1FD24,4,
ReportIf,0x1FD28,field_1FD28,4,
ReportIf,0x1FD2C,field_1FD2C,4,
ReportIf,0x1FD30,field_1FD30,4,
ReportIf,0x1FD34,field_1FD34,4,
ReportIf,0x1FD38,field_1FD38,4,
ReportIf,0x1FD3C,field_1FD3C,4,
ReportIf,0x1FD40,field_1FD40,4,
ReportIf,0x1FD44,field_1FD44,4,
ReportIf,0x1FD48,field_1FD48,4,
ReportIf,0x1FD4C,field_1FD4C,4,
ReportIf,0x1FD50,field_1FD50,4,
ReportIf,0x1FD54,field_1FD54,4,
ReportIf,0x1FD58,field_1FD58,4,
ReportIf,0x1FD5C,field_1FD5C,4,
ReportIf,0x1FD60,field_1FD60,4,
ReportIf,0x1FD64,field_1FD64,4,
ReportIf,0x1FD68,field_1FD68,4,
ReportIf,0x1FD6C,field_1FD6C,4,
ReportIf,0x1FD70,field_1FD70,4,
ReportIf,0x1FD74,field_1FD74,4,
ReportIf,0x1FD78,field_1FD78,4,
ReportIf,0x1FD7C,field_1FD7C,4,
ReportIf,0x1FD80,field_1FD80,4,
ReportIf,0x1FD84,field_1FD84,4,
ReportIf,0x1FD88,field_1FD88,4,
ReportIf,0x1FD8C,field_1FD8C,4,
ReportIf,0x1FD90,field_1FD90,4,
ReportIf,0x1FD94,field_1FD94,4,
ReportIf,0x1FD98,field_1FD98,4,
ReportIf,0x1FD9C,field_1FD9C,4,
ReportIf,0x1FDA0,field_1FDA0,4,
ReportIf,0x1FDA4,field_1FDA4,4,
ReportIf,0x1FDA8,field_1FDA8,4,
ReportIf,0x1FDAC,field_1FDAC,4,
ReportIf,0x1FDB0,field_1FDB0,4,
ReportIf,0x1FDB4,field_1FDB4,4,
ReportIf,0x1FDB8,field_1FDB8,4,
ReportIf,0x1FDBC,field_1FDBC,4,
ReportIf,0x1FDC0,field_1FDC0,4,
ReportIf,0x1FDC4,field_1FDC4,4,
ReportIf,0x1FDC8,field_1FDC8,4,
ReportIf,0x1FDCC,field_1FDCC,4,
ReportIf,0x1FDD0,field_1FDD0,4,
ReportIf,0x1FDD4,field_1FDD4,4,
ReportIf,0x1FDD8,field_1FDD8,4,
ReportIf,0x1FDDC,field_1FDDC,4,
ReportIf,0x1FDE0,field_1FDE0,4,
ReportIf,0x1FDE4,field_1FDE4,4,
ReportIf,0x1FDE8,field_1FDE8,4,
ReportIf,0x1FDEC,field_1FDEC,4,
ReportIf,0x1FDF0,field_1FDF0,4,
ReportIf,0x1FDF4,field_1FDF4,4,
ReportIf,0x1FDF8,field_1FDF8,4,
ReportIf,0x1FDFC,field_1FDFC,4,
ReportIf,0x1FE00,field_1FE00,4,
ReportIf,0x1FE04,field_1FE04,4,
ReportIf,0x1FE08,field_1FE08,4,
ReportIf,0x1FE0C,field_1FE0C,4,
ReportIf,0x1FE10,field_1FE10,4,
ReportIf,0x1FE14,field_1FE14,4,
ReportIf,0x1FE18,field_1FE18,4,
ReportIf,0x1FE1C,field_1FE1C,4,
ReportIf,0x1FE20,field_1FE20,4,
ReportIf,0x1FE24,field_1FE24,4,
ReportIf,0x1FE28,field_1FE28,4,
ReportIf,0x1FE2C,field_1FE2C,4,
ReportIf,0x1FE30,field_1FE30,4,
ReportIf,0x1FE34,field_1FE34,4,
ReportIf,0x1FE38,field_1FE38,4,
ReportIf,0x1FE3C,field_1FE3C,4,
ReportIf,0x1FE40,field_1FE40,4,
ReportIf,0x1FE44,field_1FE44,4,
ReportIf,0x1FE48,field_1FE48,4,
ReportIf,0x1FE4C,field_1FE4C,4,
ReportIf,0x1FE50,field_1FE50,4,
ReportIf,0x1FE54,field_1FE54,4,
ReportIf,0x1FE58,field_1FE58,4,
ReportIf,0x1FE5C,field_1FE5C,4,
ReportIf,0x1FE60,field_1FE60,4,
ReportIf,0x1FE64,field_1FE64,4,
ReportIf,0x1FE68,field_1FE68,4,
ReportIf,0x1FE6C,field_1FE6C,4,
ReportIf,0x1FE70,field_1FE70,4,
ReportIf,0x1FE74,field_1FE74,4,
ReportIf,0x1FE78,field_1FE78,4,
ReportIf,0x1FE7C,field_1FE7C,4,
ReportIf,0x1FE80,field_1FE80,4,
ReportIf,0x1FE84,field_1FE84,4,
ReportIf,0x1FE88,field_1FE88,4,
ReportIf,0x1FE8C,field_1FE8C,4,
ReportIf,0x1FE90,field_1FE90,4,
ReportIf,0x1FE94,field_1FE94,4,
ReportIf,0x1FE98,field_1FE98,4,
ReportIf,0x1FE9C,field_1FE9C,4,
ReportIf,0x1FEA0,field_1FEA0,4,
ReportIf,0x1FEA4,field_1FEA4,4,
ReportIf,0x1FEA8,field_1FEA8,4,
ReportIf,0x1FEAC,field_1FEAC,4,
ReportIf,0x1FEB0,field_1FEB0,4,
ReportIf,0x1FEB4,field_1FEB4,4,
ReportIf,0x1FEB8,field_1FEB8,4,
ReportIf,0x1FEBC,field_1FEBC,4,
ReportIf,0x1FEC0,field_1FEC0,4,
ReportIf,0x1FEC4,field_1FEC4,4,
ReportIf,0x1FEC8,field_1FEC8,4,
ReportIf,0x1FECC,field_1FECC,4,
ReportIf,0x1FED0,field_1FED0,4,
ReportIf,0x1FED4,field_1FED4,4,
ReportIf,0x1FED8,field_1FED8,4,
ReportIf,0x1FEDC,field_1FEDC,4,
ReportIf,0x1FEE0,field_1FEE0,4,
ReportIf,0x1FEE4,field_1FEE4,4,
ReportIf,0x1FEE8,field_1FEE8,4,
ReportIf,0x1FEEC,field_1FEEC,4,
ReportIf,0x1FEF0,field_1FEF0,4,
ReportIf,0x1FEF4,field_1FEF4,4,
ReportIf,0x1FEF8,field_1FEF8,4,
ReportIf,0x1FEFC,field_1FEFC,4,
ReportIf,0x1FF00,field_1FF00,4,
ReportIf,0x1FF04,field_1FF04,4,
ReportIf,0x1FF08,field_1FF08,4,
ReportIf,0x1FF0C,field_1FF0C,4,
ReportIf,0x1FF10,field_1FF10,4,
ReportIf,0x1FF14,field_1FF14,4,
ReportIf,0x1FF18,field_1FF18,4,
ReportIf,0x1FF1C,field_1FF1C,4,
ReportIf,0x1FF20,field_1FF20,4,
ReportIf,0x1FF24,field_1FF24,4,
ReportIf,0x1FF28,field_1FF28,4,
ReportIf,0x1FF2C,field_1FF2C,4,
ReportIf,0x1FF30,field_1FF30,4,
ReportIf,0x1FF34,field_1FF34,4,
ReportIf,0x1FF38,field_1FF38,4,
ReportIf,0x1FF3C,field_1FF3C,4,
ReportIf,0x1FF40,field_1FF40,4,
ReportIf,0x1FF44,field_1FF44,4,
ReportIf,0x1FF48,field_1FF48,4,
ReportIf,0x1FF4C,field_1FF4C,4,
ReportIf,0x1FF50,field_1FF50,4,
ReportIf,0x1FF54,field_1FF54,4,
ReportIf,0x1FF58,field_1FF58,4,
ReportIf,0x1FF5C,field_1FF5C,4,
ReportIf,0x1FF60,field_1FF60,4,
ReportIf,0x1FF64,field_1FF64,4,
ReportIf,0x1FF68,field_1FF68,4,
ReportIf,0x1FF6C,field_1FF6C,4,
ReportIf,0x1FF70,field_1FF70,4,
ReportIf,0x1FF74,field_1FF74,4,
ReportIf,0x1FF78,field_1FF78,4,
ReportIf,0x1FF7C,field_1FF7C,4,
ReportIf,0x1FF80,field_1FF80,4,
ReportIf,0x1FF84,field_1FF84,4,
ReportIf,0x1FF88,field_1FF88,4,
ReportIf,0x1FF8C,field_1FF8C,4,
ReportIf,0x1FF90,field_1FF90,4,
ReportIf,0x1FF94,field_1FF94,4,
ReportIf,0x1FF98,field_1FF98,4,
ReportIf,0x1FF9C,field_1FF9C,4,
ReportIf,0x1FFA0,field_1FFA0,4,
ReportIf,0x1FFA4,field_1FFA4,4,
ReportIf,0x1FFA8,field_1FFA8,4,
ReportIf,0x1FFAC,field_1FFAC,4,
ReportIf,0x1FFB0,field_1FFB0,4,
ReportIf,0x1FFB4,field_1FFB4,4,
ReportIf,0x1FFB8,field_1FFB8,4,
ReportIf,0x1FFBC,field_1FFBC,4,
ReportIf,0x1FFC0,field_1FFC0,4,
ReportIf,0x1FFC4,field_1FFC4,4,
ReportIf,0x1FFC8,field_1FFC8,4,
ReportIf,0x1FFCC,field_1FFCC,4,
ReportIf,0x1FFD0,field_1FFD0,4,
ReportIf,0x1FFD4,field_1FFD4,4,
ReportIf,0x1FFD8,field_1FFD8,4,
ReportIf,0x1FFDC,field_1FFDC,4,
ReportIf,0x1FFE0,field_1FFE0,4,
ReportIf,0x1FFE4,field_1FFE4,4,
ReportIf,0x1FFE8,field_1FFE8,4,
ReportIf,0x1FFEC,field_1FFEC,4,
ReportIf,0x1FFF0,field_1FFF0,4,
ReportIf,0x1FFF4,field_1FFF4,4,
ReportIf,0x1FFF8,field_1FFF8,4,
ReportIf,0x1FFFC,field_1FFFC,4,
ReportIf,0x20000,field_20000,4,
ReportIf,0x20004,field_20004,4,
ReportIf,0x20008,field_20008,4,
ReportIf,0x2000C,field_2000C,4,
ReportIf,0x20010,field_20010,4,
ReportIf,0x20014,field_20014,4,
ReportIf,0x20018,field_20018,4,
ReportIf,0x2001C,field_2001C,4,
ReportIf,0x20020,field_20020,4,
ReportIf,0x20024,field_20024,4,
ReportIf,0x20028,field_20028,4,
ReportIf,0x2002C,field_2002C,4,
ReportIf,0x20030,field_20030,4,
ReportIf,0x20034,field_20034,4,
ReportIf,0x20038,field_20038,4,
ReportIf,0x2003C,field_2003C,4,
ReportIf,0x20040,field_20040,4,
ReportIf,0x20044,field_20044,4,
ReportIf,0x20048,field_20048,4,
ReportIf,0x2004C,field_2004C,4,
ReportIf,0x20050,field_20050,4,
ReportIf,0x20054,field_20054,4,
ReportIf,0x20058,field_20058,4,
ReportIf,0x2005C,field_2005C,4,
ReportIf,0x20060,field_20060,4,
ReportIf,0x20064,field_20064,4,
ReportIf,0x20068,field_20068,4,
ReportIf,0x2006C,field_2006C,4,
ReportIf,0x20070,field_20070,4,
ReportIf,0x20074,field_20074,4,
ReportIf,0x20078,field_20078,4,
ReportIf,0x2007C,field_2007C,4,
ReportIf,0x20080,field_20080,4,
ReportIf,0x20084,field_20084,4,
ReportIf,0x20088,field_20088,4,
ReportIf,0x2008C,field_2008C,4,
ReportIf,0x20090,field_20090,4,
ReportIf,0x20094,field_20094,4,
ReportIf,0x20098,field_20098,4,
ReportIf,0x2009C,field_2009C,4,
ReportIf,0x200A0,field_200A0,4,
ReportIf,0x200A4,field_200A4,4,
ReportIf,0x200A8,field_200A8,4,
ReportIf,0x200AC,field_200AC,4,
ReportIf,0x200B0,field_200B0,4,
ReportIf,0x200B4,field_200B4,4,
ReportIf,0x200B8,field_200B8,4,
ReportIf,0x200BC,field_200BC,4,
ReportIf,0x200C0,field_200C0,4,
ReportIf,0x200C4,field_200C4,4,
ReportIf,0x200C8,field_200C8,4,
ReportIf,0x200CC,field_200CC,4,
ReportIf,0x200D0,field_200D0,4,
ReportIf,0x200D4,field_200D4,4,
ReportIf,0x200D8,field_200D8,4,
ReportIf,0x200DC,field_200DC,4,
ReportIf,0x200E0,field_200E0,4,
ReportIf,0x200E4,field_200E4,4,
ReportIf,0x200E8,field_200E8,4,
ReportIf,0x200EC,field_200EC,4,
ReportIf,0x200F0,field_200F0,4,
ReportIf,0x200F4,field_200F4,4,
ReportIf,0x200F8,field_200F8,4,
ReportIf,0x200FC,field_200FC,4,
ReportIf,0x20100,field_20100,4,
ReportIf,0x20104,field_20104,4,
ReportIf,0x20108,field_20108,4,
ReportIf,0x2010C,field_2010C,4,
ReportIf,0x20110,field_20110,4,
ReportIf,0x20114,field_20114,4,
ReportIf,0x20118,field_20118,4,
ReportIf,0x2011C,field_2011C,4,
ReportIf,0x20120,field_20120,4,
ReportIf,0x20124,field_20124,4,
ReportIf,0x20128,field_20128,4,
ReportIf,0x2012C,field_2012C,4,
ReportIf,0x20130,field_20130,4,
ReportIf,0x20134,field_20134,4,
ReportIf,0x20138,field_20138,4,
ReportIf,0x2013C,field_2013C,4,
ReportIf,0x20140,field_20140,4,
ReportIf,0x20144,field_20144,4,
ReportIf,0x20148,field_20148,4,
ReportIf,0x2014C,field_2014C,4,
ReportIf,0x20150,field_20150,4,
ReportIf,0x20154,field_20154,4,
ReportIf,0x20158,field_20158,4,
ReportIf,0x2015C,field_2015C,4,
ReportIf,0x20160,field_20160,4,
ReportIf,0x20164,field_20164,4,
ReportIf,0x20168,field_20168,4,
ReportIf,0x2016C,field_2016C,4,
ReportIf,0x20170,field_20170,4,
ReportIf,0x20174,field_20174,4,
ReportIf,0x20178,field_20178,4,
ReportIf,0x2017C,field_2017C,4,
ReportIf,0x20180,field_20180,4,
ReportIf,0x20184,field_20184,4,
ReportIf,0x20188,field_20188,4,
ReportIf,0x2018C,field_2018C,4,
ReportIf,0x20190,field_20190,4,
ReportIf,0x20194,field_20194,4,
ReportIf,0x20198,field_20198,4,
ReportIf,0x2019C,field_2019C,4,
ReportIf,0x201A0,field_201A0,4,
ReportIf,0x201A4,field_201A4,4,
ReportIf,0x201A8,field_201A8,4,
ReportIf,0x201AC,field_201AC,4,
ReportIf,0x201B0,field_201B0,4,
ReportIf,0x201B4,field_201B4,4,
ReportIf,0x201B8,field_201B8,4,
ReportIf,0x201BC,field_201BC,4,
ReportIf,0x201C0,field_201C0,4,
ReportIf,0x201C4,field_201C4,4,
ReportIf,0x201C8,field_201C8,4,
ReportIf,0x201CC,field_201CC,4,
ReportIf,0x201D0,field_201D0,4,
ReportIf,0x201D4,field_201D4,4,
ReportIf,0x201D8,field_201D8,4,
ReportIf,0x201DC,field_201DC,4,
ReportIf,0x201E0,field_201E0,4,
ReportIf,0x201E4,field_201E4,4,
ReportIf,0x201E8,field_201E8,4,
ReportIf,0x201EC,field_201EC,4,
ReportIf,0x201F0,field_201F0,4,
ReportIf,0x201F4,field_201F4,4,
ReportIf,0x201F8,field_201F8,4,
ReportIf,0x201FC,field_201FC,4,
ReportIf,0x20200,field_20200,4,
ReportIf,0x20204,field_20204,4,
ReportIf,0x20208,field_20208,4,
ReportIf,0x2020C,field_2020C,4,
ReportIf,0x20210,field_20210,4,
ReportIf,0x20214,field_20214,4,
ReportIf,0x20218,field_20218,4,
ReportIf,0x2021C,field_2021C,4,
ReportIf,0x20220,field_20220,4,
ReportIf,0x20224,field_20224,4,
ReportIf,0x20228,field_20228,4,
ReportIf,0x2022C,field_2022C,4,
ReportIf,0x20230,field_20230,4,
ReportIf,0x20234,field_20234,4,
ReportIf,0x20238,field_20238,4,
ReportIf,0x2023C,field_2023C,4,
ReportIf,0x20240,field_20240,4,
ReportIf,0x20244,field_20244,4,
ReportIf,0x20248,field_20248,4,
ReportIf,0x2024C,field_2024C,4,
ReportIf,0x20250,field_20250,4,
ReportIf,0x20254,sprites2,176,
ReportWin,0x0,graphicWin,2580,
ReportWin,0xA14,rect1,16,
ReportWin,0xA24,field_A24,4,
ReportWin,0xA28,field_A28,4,
ReportWin,0xA2C,field_A2C,4,
ReportWin,0xA30,field_A30,4,
ReportWin,0xA34,field_A34,4,
ReportWin,0xA38,flatButtons1,20244,
ReportWin,0x594C,field_594C,4,
ReportWin,0x5950,field_5950,4,
ReportWin,0x5954,field_5954,4,
ReportWin,0x5958,field_5958,4,
ReportWin,0x595C,field_595C,4,
ReportWin,0x5960,field_5960,4,
ReportWin,0x5964,field_5964,4,
ReportWin,0x5968,field_5968,4,
ReportWin,0x596C,field_596C,4,
ReportWin,0x5970,field_5970,4,
ReportWin,0x5974,field_5974,4,
ReportWin,0x5978,field_5978,4,
ReportWin,0x597C,field_597C,4,
ReportWin,0x5980,field_5980,4,
ReportWin,0x5984,field_5984,4,
ReportWin,0x5988,field_5988,4,
ReportWin,0x598C,field_598C,4,
ReportWin,0x5990,field_5990,4,
ReportWin,0x5994,spot,12,
ReportWin,0x59A0,field_59A0,4,
ReportWin,0x59A4,field_59A4,4,
ReportWin,0x59A8,field_59A8,4,
ReportWin,0x59AC,field_59AC,4,
ReportWin,0x59B0,field_59B0,4,
ReportWin,0x59B4,field_59B4,4,
ReportWin,0x59B8,field_59B8,4,
ReportWin,0x59BC,field_59BC,4,
ReportWin,0x59C0,field_59C0,4,
ReportWin,0x59C4,field_59C4,4,
ReportWin,0x59C8,field_59C8,4,
ReportWin,0x59CC,field_59CC,4,
ReportWin,0x59D0,field_59D0,4,
ReportWin,0x59D4,field_59D4,4,
ReportWin,0x59D8,field_59D8,4,
ReportWin,0x59DC,field_59DC,4,
ReportWin,0x59E0,field_59E0,4,
ReportWin,0x59E4,field_59E4,4,
ReportWin,0x59E8,field_59E8,4,
ReportWin,0x59EC,field_59EC,4,
ReportWin,0x59F0,field_59F0,4,
ReportWin,0x59F4,field_59F4,4,
ReportWin,0x59F8,field_59F8,4,
ReportWin,0x59FC,field_59FC,4,
ReportWin,0x5A00,field_5A00,4,
ReportWin,0x5A04,field_5A04,4,
ReportWin,0x5A08,field_5A08,4,
ReportWin,0x5A0C,listBox,2900,
ReportWin,0x6560,flatButton2,2892,
ReportWin,0x70AC,flatButton3,2892,
ReportWin,0x7BF8,field_7BF8,4,
ReportWin,0x7BFC,field_7BFC,4,
ReportWin,0x7C00,field_7C00,4,
ReportWin,0x7C04,field_7C04,4,
ReportWin,0x7C08,buttonGroup1,148,
ReportWin,0x7C9C,flatButton4,2892,
ReportWin,0x87E8,flatButton5,2892,
ReportWin,0x9334,flatButton6,2892,
ReportWin,0x9E80,buttonGroup2,148,
ReportWin,0x9F14,flatButton7,2892,
ReportWin,0xAA60,flatButton8,2892,
ReportWin,0xB5AC,flatButton9,2892,
ReportWin,0xC0F8,field_C0F8,4,
ReportWin,0xC0FC,field_C0FC,4,
ReportWin,0xC100,field_C100,4,
ReportWin,0xC104,field_C104,4,
ReportWin,0xC108,field_C108,4,
ReportWin,0xC10C,scroll,8524,
ReportWin,0xE258,field_E258,4,
ReportWin,0xE25C,field_E25C,4,
ReportWin,0xE260,field_E260,4,
ReportWin,0xE264,field_E264,4,
ReportWin,0xE268,field_E268,4,
ReportWin,0xE26C,field_E26C,4,
ReportWin,0xE270,field_E270,4,
ReportWin,0xE274,time1,40,
ReportWin,0xE29C,field_E29C,4,
ReportWin,0xE2A0,field_E2A0,4,
ReportWin,0xE2A4,field_E2A4,4,
ReportWin,0xE2A8,field_E2A8,4,
ReportWin,0xE2AC,field_E2AC,4,
ReportWin,0xE2B0,field_E2B0,4,
ReportWin,0xE2B4,field_E2B4,4,
ReportWin,0xE2B8,field_E2B8,4,
ReportWin,0xE2BC,field_E2BC,4,
ReportWin,0xE2C0,time2,40,
ReportWin,0xE2E8,time3,40,
ReportWin,0xE310,field_E310,4,
ReportWin,0xE314,field_E314,4,
ReportWin,0xE318,field_E318,4,
ReportWin,0xE31C,field_E31C,4,
ReportWin,0xE320,buffer1,1416,
ReportWin,0xE8A8,buffer2,1416,
ReportWin,0xEE30,flic,2788,
SAmbience,0x0,ambience,88,
SAmbience,0x58,field_58,4,
SAmbience,0x5C,field_5C,4,
SAmbience,0x60,field_60,4,
SAmbience,0x64,field_64,4,
SAmbience,0x68,field_68,4,
SAmbience,0x6C,field_6C,1,
SAmbience,0x6D,field_6D,1,
SAmbience,0x6E,field_70,4,
SAmbience,0x72,field_74,4,
Scroll,0x0,graphicWin,2580,
Scroll,0xA14,field_A14,4,
Scroll,0xA18,field_A18,4,
Scroll,0xA1C,border_color,4,
Scroll,0xA20,field_A20,4,
Scroll,0xA24,field_A24,4,
Scroll,0xA28,field_A28,4,
Scroll,0xA2C,position,4,
Scroll,0xA30,field_A30,4,
Scroll,0xA34,field_A34,4,
Scroll,0xA38,field_A38,4,
Scroll,0xA3C,field_A3C,4,
Scroll,0xA40,paging,4,
Scroll,0xA44,field_A44,4,
Scroll,0xA48,field_A48,4,
Scroll,0xA4C,field_A4C,4,
Scroll,0xA50,field_A50,4,
Scroll,0xA54,bar_thickness1,4,
Scroll,0xA58,bar_thickness2,4,
Scroll,0xA5C,color,4,
Scroll,0xA60,bar_thickness3,4,
Scroll,0xA64,buffer,4,
Scroll,0xA68,bevel_thickness,4,
Scroll,0xA6C,bevel_upper,4,
Scroll,0xA70,bevel_lower,4,
Scroll,0xA74,field_A74,4,
Scroll,0xA78,field_A78,4,
Scroll,0xA7C,sprite_left1,4,
Scroll,0xA80,sprite_left2,4,
Scroll,0xA84,sprite_left3,4,
Scroll,0xA88,field_A88,4,
Scroll,0xA8C,field_A8C,4,
Scroll,0xA90,field_A90,4,
Scroll,0xA94,sprite_right1,4,
Scroll,0xA98,sprite_right2,4,
Scroll,0xA9C,sprite_right3,4,
Scroll,0xAA0,field_AA0,4,
Scroll,0xAA4,field_AA4,4,
Scroll,0xAA8,field_AA8,4,
Scroll,0xAAC,flatButton_left,2892,
Scroll,0x15F8,flatButton_right,2892,
Scroll,0x2144,field_2144,4,
Scroll,0x2148,field_2148,4,
SelectPartWin,0x0,graphicWin,2580,
SelectPartWin,0xA14,scroll,8524,
SelectPartWin,0x2B60,field_2B60,4,
SelectPartWin,0x2B64,field_2B64,4,
SelectPartWin,0x2B68,field_2B68,4,
SelectPartWin,0x2B6C,field_2B6C,4,
SelectPartWin,0x2B70,field_2B70,4,
SelectPartWin,0x2B74,field_2B74,4,
SelectPartWin,0x2B78,field_2B78,4,
SelectPartWin,0x2B7C,field_2B7C,4,
SelectPartWin,0x2B80,field_2B80,4,
SelectPartWin,0x2B84,field_2B84,4,
SelectPartWin,0x2B88,field_2B88,4,
SelectPartWin,0x2B8C,field_2B8C,4,
SelectPartWin,0x2B90,field_2B90,4,
SelectPartWin,0x2B94,field_2B94,4,
SelectPartWin,0x2B98,field_2B98,4,
SelectPartWin,0x2B9C,caviar,5072,
SelectPartWin,0x3F6C,field_3F6C,4,
SelectPartWin,0x3F70,field_3F70,4,
SelectPartWin,0x3F74,field_3F74,4,
SelectPartWin,0x3F78,field_3F78,4,
SelectPartWin,0x3F7C,field_3F7C,4,
SelectPartWin,0x3F80,field_3F80,4,
SelectPartWin,0x3F84,field_3F84,4,
SelectPartWin,0x3F88,field_3F88,4,
SelectPartWin,0x3F8C,field_3F8C,4,
SelectPartWin,0x3F90,field_3F90,4,
SelectPartWin,0x3F94,field_3F94,4,
SelectPartWin,0x3F98,field_3F98,4,
SelectPartWin,0x3F9C,field_3F9C,4,
SelectPartWin,0x3FA0,field_3FA0,4,
SelectPartWin,0x3FA4,field_3FA4,4,
SelectPartWin,0x3FA8,field_3FA8,4,
SelectPartWin,0x3FAC,field_3FAC,4,
SelectPartWin,0x3FB0,field_3FB0,4,
SelectPartWin,0x3FB4,field_3FB4,4,
SelectPartWin,0x3FB8,field_3FB8,4,
SelectPartWin,0x3FBC,field_3FBC,4,
SelectPartWin,0x3FC0,field_3FC0,4,
SelectPartWin,0x3FC4,field_3FC4,4,
SelectPartWin,0x3FC8,field_3FC8,4,
SelectPartWin,0x3FCC,field_3FCC,4,
SelectPartWin,0x3FD0,field_3FD0,4,
SelectPartWin,0x3FD4,field_3FD4,4,
SelectPartWin,0x3FD8,field_3FD8,4,
SelectPartWin,0x3FDC,field_3FDC,4,
SelectPartWin,0x3FE0,field_3FE0,4,
SelectPartWin,0x3FE4,field_3FE4,4,
SelectPartWin,0x3FE8,field_3FE8,4,
SelectPartWin,0x3FEC,field_3FEC,4,
SelectPartWin,0x3FF0,field_3FF0,4,
SelectPartWin,0x3FF4,field_3FF4,4,
SelectPartWin,0x3FF8,field_3FF8,4,
SelectPartWin,0x3FFC,field_3FFC,4,
SelectPartWin,0x4000,field_4000,4,
SelectPartWin,0x4004,field_4004,4,
SelectPartWin,0x4008,field_4008,4,
SelectPartWin,0x400C,field_400C,4,
SelectPartWin,0x4010,field_4010,4,
SelectPartWin,0x4014,field_4014,4,
SelectPartWin,0x4018,field_4018,4,
SelectPartWin,0x401C,field_401C,4,
SelectPartWin,0x4020,field_4020,4,
SelectPartWin,0x4024,field_4024,4,
SelectPartWin,0x4028,field_4028,4,
SelectPartWin,0x402C,field_402C,4,
SelectPartWin,0x4030,field_4030,4,
SelectPartWin,0x4034,field_4034,4,
SelectPartWin,0x4038,field_4038,4,
SelectPartWin,0x403C,field_403C,4,
SelectPartWin,0x4040,field_4040,4,
SelectPartWin,0x4044,field_4044,4,
SelectPartWin,0x4048,field_4048,4,
SelectPartWin,0x404C,field_404C,4,
SelectPartWin,0x4050,field_4050,4,
SelectPartWin,0x4054,field_4054,4,
SelectPartWin,0x4058,field_4058,4,
SelectPartWin,0x405C,field_405C,4,
SelectPartWin,0x4060,field_4060,4,
SelectPartWin,0x4064,field_4064,4,
SelectPartWin,0x4068,field_4068,4,
SelectPartWin,0x406C,buffer,1416,
SelectPartWin,0x45F4,font1,40,
SelectPartWin,0x461C,font2,40,
SelectPartWin,0x4644,field_4644,4,
SelectPartWin,0x4648,field_4648,4,
ServiceStruct,0x0,field_0,4,
ServiceStruct,0x4,field_4,4,
ServiceStruct,0x8,field_8,4,
ServiceStruct,0xC,field_C,4,
ServiceStruct,0x10,field_10,4,
ServiceStruct,0x14,field_14,4,
ServiceStruct,0x18,field_18,4,
ServiceStruct,0x1C,field_1C,4,
ServiceStruct,0x20,field_20,4,
SetupWin,0x0,graphicWin,2580,
SetupWin,0xA14,field_A14,4,
SetupWin,0xA18,field_A18,4,
SetupWin,0xA1C,field_A1C,4,
SetupWin,0xA20,field_A20,4,
SetupWin,0xA24,field_A24,4,
SetupWin,0xA28,field_A28,4,
SetupWin,0xA2C,field_A2C,4,
SetupWin,0xA30,field_A30,4,
SetupWin,0xA34,field_A34,4,
SetupWin,0xA38,field_A38,4,
SetupWin,0xA3C,field_A3C,4,
SetupWin,0xA40,field_A40,4,
SetupWin,0xA44,buffer,1416,
SetupWin,0xFCC,field_FCC,4,
SetupWin,0xFD0,field_FD0,4,
SetupWin,0xFD4,spot,12,
SetupWin,0xFE0,field_FE0,4,
SetupWin,0xFE4,field_FE4,4,
SetupWin,0xFE8,field_FE8,4,
SetupWin,0xFEC,field_FEC,4,
SetupWin,0xFF0,field_FF0,4,
SetupWin,0xFF4,field_FF4,4,
SetupWin,0xFF8,field_FF8,4,
SetupWin,0xFFC,field_FFC,4,
SetupWin,0x1000,field_1000,4,
SetupWin,0x1004,field_1004,4,
SetupWin,0x1008,field_1008,4,
SetupWin,0x100C,field_100C,4,
SetupWin,0x1010,field_1010,4,
SetupWin,0x1014,field_1014,4,
SetupWin,0x1018,field_1018,4,
SetupWin,0x101C,field_101C,4,
SetupWin,0x1020,field_1020,4,
SetupWin,0x1024,field_1024,4,
SetupWin,0x1028,field_1028,4,
SetupWin,0x102C,field_102C,4,
SetupWin,0x1030,field_1030,4,
SetupWin,0x1034,field_1034,4,
SetupWin,0x1038,field_1038,4,
SetupWin,0x103C,field_103C,4,
SetupWin,0x1040,field_1040,4,
SetupWin,0x1044,field_1044,4,
SetupWin,0x1048,field_1048,4,
SetupWin,0x104C,field_104C,4,
SetupWin,0x1050,field_1050,4,
SetupWin,0x1054,field_1054,4,
SetupWin,0x1058,field_1058,4,
SetupWin,0x105C,field_105C,4,
SetupWin,0x1060,field_1060,4,
SetupWin,0x1064,field_1064,4,
SetupWin,0x1068,field_1068,4,
SetupWin,0x106C,field_106C,4,
SetupWin,0x1070,field_1070,4,
SetupWin,0x1074,field_1074,4,
SetupWin,0x1078,field_1078,4,
SetupWin,0x107C,field_107C,4,
SetupWin,0x1080,field_1080,4,
SetupWin,0x1084,field_1084,4,
SetupWin,0x1088,field_1088,4,
SetupWin,0x108C,field_108C,4,
SetupWin,0x1090,field_1090,4,
SetupWin,0x1094,field_1094,4,
SetupWin,0x1098,field_1098,4,
SetupWin,0x109C,field_109C,4,
SetupWin,0x10A0,field_10A0,4,
SetupWin,0x10A4,field_10A4,4,
SetupWin,0x10A8,field_10A8,4,
SetupWin,0x10AC,field_10AC,4,
SetupWin,0x10B0,field_10B0,4,
SetupWin,0x10B4,field_10B4,4,
SetupWin,0x10B8,field_10B8,4,
SetupWin,0x10BC,field_10BC,4,
SetupWin,0x10C0,field_10C0,4,
SetupWin,0x10C4,field_10C4,4,
SetupWin,0x10C8,field_10C8,4,
SetupWin,0x10CC,field_10CC,4,
SetupWin,0x10D0,field_10D0,4,
SetupWin,0x10D4,field_10D4,4,
SetupWin,0x10D8,field_10D8,4,
SetupWin,0x10DC,field_10DC,4,
SetupWin,0x10E0,field_10E0,4,
SetupWin,0x10E4,field_10E4,4,
SetupWin,0x10E8,field_10E8,4,
SetupWin,0x10EC,field_10EC,4,
SetupWin,0x10F0,field_10F0,4,
SetupWin,0x10F4,field_10F4,4,
SetupWin,0x10F8,field_10F8,4,
SetupWin,0x10FC,field_10FC,4,
SetupWin,0x1100,field_1100,4,
SetupWin,0x1104,field_1104,4,
SetupWin,0x1108,field_1108,4,
SetupWin,0x110C,field_110C,4,
SetupWin,0x1110,field_1110,4,
SetupWin,0x1114,field_1114,4,
SetupWin,0x1118,buffer2,1416,
SocialWin,0x0,graphicWin,2580,
SocialWin,0xA14,subIFace,8,
SocialWin,0xA1C,field_A1C,4,
SocialWin,0xA20,spot,12,
SocialWin,0xA2C,field_A2C,4,
SocialWin,0xA30,field_A30,4,
SocialWin,0xA34,field_A34,4,
SocialWin,0xA38,field_A38,4,
SocialWin,0xA3C,field_A3C,4,
SocialWin,0xA40,field_A40,4,
SocialWin,0xA44,field_A44,4,
SocialWin,0xA48,field_A48,4,
SocialWin,0xA4C,field_A4C,4,
SocialWin,0xA50,field_A50,4,
SocialWin,0xA54,field_A54,4,
SocialWin,0xA58,field_A58,4,
SocialWin,0xA5C,field_A5C,4,
SocialWin,0xA60,field_A60,4,
SocialWin,0xA64,field_A64,4,
SocialWin,0xA68,field_A68,4,
SocialWin,0xA6C,field_A6C,4,
SocialWin,0xA70,field_A70,4,
SocialWin,0xA74,field_A74,4,
SocialWin,0xA78,field_A78,4,
SocialWin,0xA7C,field_A7C,4,
SocialWin,0xA80,field_A80,4,
SocialWin,0xA84,field_A84,4,
SocialWin,0xA88,field_A88,4,
SocialWin,0xA8C,field_A8C,4,
SocialWin,0xA90,field_A90,4,
SocialWin,0xA94,field_A94,4,
SocialWin,0xA98,field_A98,4,
SocialWin,0xA9C,field_A9C,4,
SocialWin,0xAA0,field_AA0,4,
SocialWin,0xAA4,field_AA4,4,
SocialWin,0xAA8,field_AA8,4,
SocialWin,0xAAC,field_AAC,4,
SocialWin,0xAB0,field_AB0,4,
SocialWin,0xAB4,field_AB4,4,
SocialWin,0xAB8,field_AB8,4,
SocialWin,0xABC,field_ABC,4,
SocialWin,0xAC0,field_AC0,4,
SocialWin,0xAC4,field_AC4,4,
SocialWin,0xAC8,field_AC8,4,
SocialWin,0xACC,field_ACC,4,
SocialWin,0xAD0,field_AD0,4,
SocialWin,0xAD4,field_AD4,4,
SocialWin,0xAD8,field_AD8,4,
SocialWin,0xADC,field_ADC,4,
SocialWin,0xAE0,field_AE0,4,
SocialWin,0xAE4,field_AE4,4,
SocialWin,0xAE8,field_AE8,4,
SocialWin,0xAEC,field_AEC,4,
SocialWin,0xAF0,field_AF0,4,
SocialWin,0xAF4,field_AF4,4,
SocialWin,0xAF8,field_AF8,4,
SocialWin,0xAFC,field_AFC,4,
SocialWin,0xB00,field_B00,4,
SocialWin,0xB04,field_B04,4,
SocialWin,0xB08,field_B08,4,
SocialWin,0xB0C,field_B0C,4,
SocialWin,0xB10,field_B10,4,
SocialWin,0xB14,field_B14,4,
SocialWin,0xB18,field_B18,4,
SocialWin,0xB1C,field_B1C,4,
SocialWin,0xB20,field_B20,4,
SocialWin,0xB24,field_B24,4,
SocialWin,0xB28,field_B28,4,
SocialWin,0xB2C,field_B2C,4,
SocialWin,0xB30,field_B30,4,
SocialWin,0xB34,field_B34,4,
SocialWin,0xB38,field_B38,4,
SocialWin,0xB3C,field_B3C,4,
SocialWin,0xB40,field_B40,4,
SocialWin,0xB44,field_B44,4,
SocialWin,0xB48,field_B48,4,
SocialWin,0xB4C,field_B4C,4,
SocialWin,0xB50,field_B50,4,
SocialWin,0xB54,field_B54,4,
SocialWin,0xB58,field_B58,4,
SocialWin,0xB5C,field_B5C,4,
SocialWin,0xB60,field_B60,4,
SocialWin,0xB64,field_B64,4,
SocialWin,0xB68,field_B68,4,
SocialWin,0xB6C,field_B6C,4,
SocialWin,0xB70,field_B70,4,
SocialWin,0xB74,field_B74,4,
SocialWin,0xB78,field_B78,4,
SocialWin,0xB7C,field_B7C,4,
SocialWin,0xB80,field_B80,4,
SocialWin,0xB84,field_B84,4,
SocialWin,0xB88,field_B88,4,
SocialWin,0xB8C,field_B8C,4,
SocialWin,0xB90,field_B90,4,
SocialWin,0xB94,field_B94,4,
SocialWin,0xB98,field_B98,4,
SocialWin,0xB9C,field_B9C,4,
SocialWin,0xBA0,field_BA0,4,
SocialWin,0xBA4,field_BA4,4,
SocialWin,0xBA8,field_BA8,4,
SocialWin,0xBAC,field_BAC,4,
SocialWin,0xBB0,field_BB0,4,
SocialWin,0xBB4,field_BB4,4,
SocialWin,0xBB8,field_BB8,4,
SocialWin,0xBBC,field_BBC,4,
SocialWin,0xBC0,field_BC0,4,
SocialWin,0xBC4,field_BC4,4,
SocialWin,0xBC8,field_BC8,4,
SocialWin,0xBCC,field_BCC,4,
SocialWin,0xBD0,field_BD0,4,
SocialWin,0xBD4,field_BD4,4,
SocialWin,0xBD8,field_BD8,4,
SocialWin,0xBDC,field_BDC,4,
SocialWin,0xBE0,field_BE0,4,
SocialWin,0xBE4,field_BE4,4,
SocialWin,0xBE8,field_BE8,4,
SocialWin,0xBEC,field_BEC,4,
SocialWin,0xBF0,field_BF0,4,
SocialWin,0xBF4,field_BF4,4,
SocialWin,0xBF8,field_BF8,4,
SocialWin,0xBFC,field_BFC,4,
SocialWin,0xC00,field_C00,4,
SocialWin,0xC04,field_C04,4,
SocialWin,0xC08,field_C08,4,
SocialWin,0xC0C,field_C0C,4,
SocialWin,0xC10,field_C10,4,
SocialWin,0xC14,field_C14,4,
SocialWin,0xC18,field_C18,4,
SocialWin,0xC1C,field_C1C,4,
SocialWin,0xC20,field_C20,4,
SocialWin,0xC24,field_C24,4,
SocialWin,0xC28,field_C28,4,
SocialWin,0xC2C,field_C2C,4,
SocialWin,0xC30,field_C30,4,
SocialWin,0xC34,field_C34,4,
SocialWin,0xC38,field_C38,4,
SocialWin,0xC3C,field_C3C,4,
SocialWin,0xC40,field_C40,4,
SocialWin,0xC44,field_C44,4,
SocialWin,0xC48,field_C48,4,
SocialWin,0xC4C,field_C4C,4,
SocialWin,0xC50,field_C50,4,
SocialWin,0xC54,field_C54,4,
SocialWin,0xC58,field_C58,4,
SocialWin,0xC5C,field_C5C,4,
SocialWin,0xC60,field_C60,4,
SocialWin,0xC64,field_C64,4,
SocialWin,0xC68,field_C68,4,
SocialWin,0xC6C,field_C6C,4,
SocialWin,0xC70,field_C70,4,
SocialWin,0xC74,field_C74,4,
SocialWin,0xC78,field_C78,4,
SocialWin,0xC7C,field_C7C,4,
SocialWin,0xC80,field_C80,4,
SocialWin,0xC84,field_C84,4,
SocialWin,0xC88,field_C88,4,
SocialWin,0xC8C,field_C8C,4,
SocialWin,0xC90,field_C90,4,
SocialWin,0xC94,field_C94,4,
SocialWin,0xC98,field_C98,4,
SocialWin,0xC9C,field_C9C,4,
SocialWin,0xCA0,field_CA0,4,
SocialWin,0xCA4,field_CA4,4,
SocialWin,0xCA8,field_CA8,4,
SocialWin,0xCAC,field_CAC,4,
SocialWin,0xCB0,field_CB0,4,
SocialWin,0xCB4,field_CB4,4,
SocialWin,0xCB8,field_CB8,4,
SocialWin,0xCBC,field_CBC,4,
SocialWin,0xCC0,field_CC0,4,
SocialWin,0xCC4,field_CC4,4,
SocialWin,0xCC8,field_CC8,4,
SocialWin,0xCCC,field_CCC,4,
SocialWin,0xCD0,field_CD0,4,
SocialWin,0xCD4,field_CD4,4,
SocialWin,0xCD8,field_CD8,4,
SocialWin,0xCDC,field_CDC,4,
SocialWin,0xCE0,field_CE0,4,
SocialWin,0xCE4,field_CE4,4,
SocialWin,0xCE8,field_CE8,4,
SocialWin,0xCEC,field_CEC,4,
SocialWin,0xCF0,field_CF0,4,
SocialWin,0xCF4,factionID,4,
SocialWin,0xCF8,socCategory,16,
SocialWin,0xD08,socEffect,44,
SocialWin,0xD34,socEffectOrig,44,
SocialWin,0xD60,netIncome,4,
SocialWin,0xD64,breakthroughTurns,4,
SocialWin,0xD68,energyLockButtons,7812,
SocialWin,0x2BEC,field_2BEC,4,
SocialWin,0x2BF0,field_2BF0,4,
SocialWin,0x2BF4,field_2BF4,4,
SocialWin,0x2BF8,field_2BF8,4,
SocialWin,0x2BFC,field_2BFC,4,
SocialWin,0x2C00,field_2C00,4,
SocialWin,0x2C04,field_2C04,4,
SocialWin,0x2C08,field_2C08,4,
SocialWin,0x2C0C,field_2C0C,4,
SocialWin,0x2C10,field_2C10,4,
SocialWin,0x2C14,field_2C14,4,
SocialWin,0x2C18,field_2C18,4,
SocialWin,0x2C1C,field_2C1C,4,
SocialWin,0x2C20,field_2C20,4,
SocialWin,0x2C24,effectMaximize,4,
SocialWin,0x2C28,field_2C28,4,
SocialWin,0x2C2C,field_2C2C,4,
SocialWin,0x2C30,field_2C30,4,
SocialWin,0x2C34,field_2C34,4,
SocialWin,0x2C38,economyAllocOrig,4,
SocialWin,0x2C3C,psychAllocOrig,4,
SocialWin,0x2C40,labsAllocOrig,4,
SocialWin,0x2C44,economyAlloc3,4,
SocialWin,0x2C48,psychAlloc3,4,
SocialWin,0x2C4C,labsAlloc3,4,
SocialWin,0x2C50,economyAllocPending,4,
SocialWin,0x2C54,psychAllocPending,4,
SocialWin,0x2C58,labsAllocPending,4,
SocialWin,0x2C5C,field_2C5C,4,
SocialWin,0x2C60,socEngModifierNums,440,
SocialWin,0x2E18,effectIcons,3960,
SocialWin,0x3D90,energyAllocLock,88,
SocialWin,0x3DE8,energyAllocArrow,264,
SocialWin,0x3EF0,energyAllocSlider,8496,
SocialWin,0x6020,flatButtons,101220,
SocialWin,0x1EB84,buttonGroups,592,
SocialWin,0x1EDD4,buttonGroup,148,
SocialWin,0x1EE68,font1,40,
SocialWin,0x1EE90,font2,40,
SocialWin,0x1EEB8,font3,40,
SocialWin,0x1EEE0,font4,40,
SocialWin,0x1EF08,font5,40,
SocialWin,0x1EF30,font6,40,
SocialWin,0x1EF58,font7,40,
SocialWin,0x1EF80,font8,40,
SocialWin,0x1EFA8,font9,40,
SocialWin,0x1EFD0,tutRects1,144,
SocialWin,0x1F060,tutRect1,16,
SocialWin,0x1F070,tutRects2,160,
SocialWin,0x1F110,tooltipSocEng,16,
SocialWin,0x1F120,tutRect4,16,
SocialWin,0x1F130,tutRects3,288,
SocialWin,0x1F250,tooltipEffects,16,
SocialWin,0x1F260,tooltipEconomy,16,
SocialWin,0x1F270,tooltipLabs,16,
SocialWin,0x1F280,tooltipPsych,16,
SocialWin,0x1F290,tutRect9,16,
SocialWin,0x1F2A0,tooltipFactionPower,16,
SocialWin,0x1F2B0,tutRect11,16,
SocialWin,0x1F2C0,tutRect12,16,
SocialWin,0x1F2D0,tutRect13,16,
SocialWin,0x1F2E0,tutRect14,16,
Sound,0x0,vtable,4,
Sound,0x4,volume,4,
Sound,0x8,pan,4,
Sound,0xC,field_C,4,
Sound,0x10,field_10,4,
Sound,0x14,field_14,4,
Sound,0x18,field_18,4,
Sound,0x1C,field_1C,4,
Sound,0x20,field_20,4,
Sound,0x24,field_24,4,
Sound,0x28,field_28,4,
Sound,0x2C,field_2C,4,
Sound,0x30,loop_state,4,
Sound,0x34,delay,4,
Sound,0x38,fade,4,
Sound,0x3C,field_3C,4,
Sound,0x40,flags,4,
Sound,0x44,field_44,4,
Sound,0x48,field_48,4,
Sound,0x4C,field_4C,4,
Sound,0x50,type,4,
Spot,0x0,spots,4,
Spot,0x4,maxCount,4,
Spot,0x8,addCount,4,
Sprite,0x0,fileName,4,
Sprite,0x4,field_4,4,
Sprite,0x8,field_8,1,
Sprite,0x9,field_C,4,
Sprite,0xD,field_10,4,
Sprite,0x11,field_14,4,
Sprite,0x15,width,4,
Sprite,0x19,height,4,
Sprite,0x1D,field_20,4,
Sprite,0x21,field_24,4,
Sprite,0x25,field_28,4,
SpriteBox,0x0,field_0,4,
SpriteBox,0x4,field_4,4,
SpriteBox,0x8,field_8,4,
SpriteBox,0xC,field_Cp,4,
SpriteBox,0x10,spot,12,
SpriteBox,0x1C,field_1C,4,
SpriteBox,0x20,field_20,4,
SpriteBox,0x24,field_24,4,
SpriteBox,0x28,field_28,4,
SpriteBox,0x2C,field_2C,4,
SpriteBox,0x30,field_30,4,
SpriteBox,0x34,field_34,4,
SpriteBox,0x38,field_38,4,
SpriteBox,0x3C,field_3C,4,
SpriteBox,0x40,field_40p,4,
SpriteBox,0x44,field_44p,4,
SpriteBox,0x48,field_48p,4,
SpriteBox,0x4C,field_4C,4,
SpriteBox,0x50,field_50,4,
SpriteBox,0x54,field_54,4,
SpriteBox,0x58,field_58,4,
SpriteBox,0x5C,field_5C,4,
SpriteBox,0x60,field_60,4,
SpriteBox,0x64,field_64,4,
SpriteBox,0x68,field_68,4,
SpriteBox,0x6C,field_6C,4,
SpriteBox,0x70,field_70,4,
SpriteBox,0x74,field_74,4,
SpriteBox,0x78,field_78,4,
SpriteBox,0x7C,field_7C,4,
SpriteBox,0x80,field_80,4,
SpriteBox,0x84,field_84,4,
SpriteBox,0x88,field_88p,4,
SpriteBox,0x8C,graphicWin,2580,
SpriteBox,0xAA0,field_AA0p,4,
SpriteBox,0xAA4,dialog,244,
SquareLock,0x0,xCoord,4,
SquareLock,0x4,yCoord,4,
SquareLock,0x8,flags,4,
StatusWin,0x0,field_0,4,
StatusWin,0x4,field_4,4,
StatusWin,0x8,field_8,4,
StatusWin,0xC,field_C,4,
StatusWin,0x10,field_10,4,
StatusWin,0x14,field_14,4,
StatusWin,0x18,field_18,4,
StatusWin,0x1C,field_1C,4,
StatusWin,0x20,field_20,4,
StatusWin,0x24,field_24,4,
StatusWin,0x28,field_28,4,
StatusWin,0x2C,field_2C,4,
StatusWin,0x30,caviar,5072,
StatusWin,0x1400,field_1400,4,
StatusWin,0x1404,field_1404,4,
StatusWin,0x1408,field_1408,4,
StatusWin,0x140C,field_140C,4,
StatusWin,0x1410,field_1410,4,
StatusWin,0x1414,field_1414,4,
StatusWin,0x1418,field_1418,4,
StatusWin,0x141C,field_141C,4,
StatusWin,0x1420,field_1420,4,
StatusWin,0x1424,field_1424,4,
StatusWin,0x1428,field_1428,4,
StatusWin,0x142C,field_142C,4,
StatusWin,0x1430,field_1430,4,
StatusWin,0x1434,field_1434,4,
StatusWin,0x1438,field_1438,4,
StatusWin,0x143C,field_143C,4,
StatusWin,0x1440,field_1440,4,
StatusWin,0x1444,field_1444,4,
StatusWin,0x1448,field_1448,4,
StatusWin,0x144C,field_144C,4,
StatusWin,0x1450,field_1450,4,
StatusWin,0x1454,field_1454,4,
StatusWin,0x1458,field_1458,4,
StatusWin,0x145C,field_145C,4,
StatusWin,0x1460,field_1460,4,
StatusWin,0x1464,field_1464,4,
StatusWin,0x1468,field_1468,4,
StatusWin,0x146C,field_146C,4,
StatusWin,0x1470,field_1470,4,
StatusWin,0x1474,field_1474,4,
StatusWin,0x1478,field_1478,4,
StatusWin,0x147C,field_147C,4,
StatusWin,0x1480,field_1480,4,
StatusWin,0x1484,field_1484,4,
StatusWin,0x1488,field_1488,4,
StatusWin,0x148C,field_148C,4,
StatusWin,0x1490,field_1490,4,
StatusWin,0x1494,field_1494,4,
StatusWin,0x1498,field_1498,4,
StatusWin,0x149C,field_149C,4,
StatusWin,0x14A0,field_14A0,4,
StatusWin,0x14A4,field_14A4,4,
StatusWin,0x14A8,field_14A8,4,
StatusWin,0x14AC,field_14AC,4,
StatusWin,0x14B0,field_14B0,4,
StatusWin,0x14B4,field_14B4,4,
StatusWin,0x14B8,field_14B8,4,
StatusWin,0x14BC,field_14BC,4,
StatusWin,0x14C0,field_14C0,4,
StatusWin,0x14C4,field_14C4,4,
StatusWin,0x14C8,field_14C8,4,
StatusWin,0x14CC,field_14CC,4,
StatusWin,0x14D0,field_14D0,4,
StatusWin,0x14D4,field_14D4,4,
StatusWin,0x14D8,field_14D8,4,
StatusWin,0x14DC,field_14DC,4,
StatusWin,0x14E0,field_14E0,4,
StatusWin,0x14E4,field_14E4,4,
StatusWin,0x14E8,field_14E8,4,
StatusWin,0x14EC,field_14EC,4,
StatusWin,0x14F0,field_14F0,4,
StatusWin,0x14F4,field_14F4,4,
StatusWin,0x14F8,field_14F8,4,
StatusWin,0x14FC,field_14FC,4,
StatusWin,0x1500,field_1500,4,
StatusWin,0x1504,field_1504,4,
StatusWin,0x1508,field_1508,4,
StatusWin,0x150C,field_150C,4,
StatusWin,0x1510,field_1510,4,
StatusWin,0x1514,field_1514,4,
StatusWin,0x1518,field_1518,4,
StatusWin,0x151C,field_151C,4,
StatusWin,0x1520,field_1520,4,
StatusWin,0x1524,field_1524,4,
StatusWin,0x1528,field_1528,4,
StatusWin,0x152C,field_152C,4,
StatusWin,0x1530,font1,40,
StatusWin,0x1558,font2,40,
StatusWin,0x1580,font3,40,
StatusWin,0x15A8,field_15A8,4,
StatusWin,0x15AC,field_15AC,4,
StatusWin,0x15B0,field_15B0,4,
StatusWin,0x15B4,field_15B4,4,
StatusWin,0x15B8,field_15B8,4,
StatusWin,0x15BC,field_15BC,4,
StatusWin,0x15C0,field_15C0,4,
StatusWin,0x15C4,field_15C4,4,
StatusWin,0x15C8,field_15C8,4,
StatusWin,0x15CC,field_15CC,4,
StatusWin,0x15D0,field_15D0,4,
StatusWin,0x15D4,field_15D4,4,
StatusWin,0x15D8,field_15D8,4,
StatusWin,0x15DC,field_15DC,4,
StatusWin,0x15E0,spot,12,
StringBox,0x0,graphicWin,2580,
StringBox,0xA14,field_A14,4,
StringBox,0xA18,field_A18,4,
StringBox,0xA1C,field_A1C,4,
StringBox,0xA20,scroll,8524,
StringBox,0x2B6C,field_2B6C,4,
StringBox,0x2B70,field_2B70,4,
StringBox,0x2B74,field_2B74,4,
StringBox,0x2B78,field_2B78,4,
StringBox,0x2B7C,field_2B7C,4,
StringBox,0x2B80,field_2B80,4,
StringBox,0x2B84,field_2B84,4,
StringBox,0x2B88,field_2B88,4,
StringBox,0x2B8C,field_2B8C,4,
StringBox,0x2B90,field_2B90,4,
StringBox,0x2B94,field_2B94,4,
StringBox,0x2B98,field_2B98,4,
StringBox,0x2B9C,field_2B9C,4,
StringStruct,0x0,field_0,4,
StringStruct,0x4,field_4,4,
StringStruct,0x8,field_8,4,
StringStruct,0xC,field_C,4,
StringStruct,0x10,field_10,4,
StringStruct,0x14,field_14,4,
StringStruct,0x18,field_18,4,
StringStruct,0x1C,field_1C,4,
StringStruct,0x20,field_20,4,
Strings,0x0,heap,20,
Strings,0x14,isPopulated,4,
SubInterface,0x0,vtable,4,
SubInterface,0x4,field_4,4,
TexHeap,0x0,basePtr,4,
TexHeap,0x4,baseSize,4,
TexHeap,0x8,currentPtr,4,
TexHeap,0xC,count,4,uint32_t
TextIndex,0x0,szFileName,256,
TextIndex,0x100,count,4,
TextIndex,0x104,heap,20,
Texture,0x0,field_0,4,
Texture,0x4,field_4,4,
Texture,0x8,field_8,4,
Texture,0xC,field_C,4,
Texture,0x10,field_10,4,
Texture,0x14,field_14,4,
Texture,0x18,field_18,4,
Texture,0x1C,field_1C,4,
Texture,0x20,field_20,4,
Texture,0x24,field_24,4,
Texture,0x28,field_28,4,
Texture,0x2C,field_2C,4,
Texture,0x30,field_30,4,
Texture,0x34,field_34,4,
Texture,0x38,field_38,4,
Texture,0x3C,field_3C,4,
Texture,0x40,field_40,4,
Texture,0x44,field_44,4,
Texture,0x48,field_48,4,
Texture,0x4C,field_4C,4,
Texture,0x50,field_50,4,
Texture,0x54,field_54,4,
Texture,0x58,field_58,4,
Texture,0x5C,field_5C,4,
Texture,0x60,field_60,4,
Texture,0x64,field_64,4,
Texture,0x68,field_68,4,
Texture,0x6C,field_6C,4,
TextureStore,0x0,field_0,4,
TextureStore,0x4,field_4,4,
TextureStore,0x8,field_8,4,
TextureStore,0xC,field_C,4,
TextureStore,0x10,field_10,4,
TextureStore,0x14,field_14,4,
TextureStore,0x18,field_18,4,
TextureStore,0x1C,field_1C,4,
TextureStore,0x20,field_20,4,
TextureStore,0x24,field_24,4,
TextureStore,0x28,field_28,4,
TextureStore,0x2C,field_2C,4,
TextureStore,0x30,field_30,4,
TextureStore,0x34,field_34,4,
TextureStore,0x38,field_38,4,
TextureStore,0x3C,field_3C,4,
TextureStore,0x40,field_40,4,
TextureStore,0x44,field_44,4,
TextureStore,0x48,field_48,4,
TextureStore,0x4C,field_4C,4,
TextureStore,0x50,field_50,4,
TextureStore,0x54,field_54,4,
TextureStore,0x58,field_58,4,
TextureStore,0x5C,field_5C,4,
TextureStore,0x60,field_60,4,
TextureStore,0x64,field_64,4,
TextureStore,0x68,field_68,4,
TextureStore,0x6C,field_6C,4,
TextureStore,0x70,field_70,4,
TextureStore,0x74,field_74,4,
TextureStore,0x78,field_78,4,
TextureStore,0x7C,field_7C,4,
TextureStore,0x80,field_80,4,
TextureStore,0x84,field_84,4,
TextureStore,0x88,field_88,4,
TextureStore,0x8C,field_8C,4,
TextureStore,0x90,field_90,4,
TextureStore,0x94,field_94,4,
TextureStore,0x98,field_98,4,
TextureStore,0x9C,field_9C,4,
TextureStore,0xA0,field_A0,4,
TextureStore,0xA4,field_A4,4,
TextureStore,0xA8,field_A8,4,
TextureStore,0xAC,field_AC,4,
TextureStore,0xB0,field_B0,4,
TextureStore,0xB4,field_B4,4,
TextureStore,0xB8,field_B8,4,
TextureStore,0xBC,field_BC,4,
TextureStore,0xC0,field_C0,4,
TextureStore,0xC4,field_C4,4,
TextureStore,0xC8,field_C8,4,
TextureStore,0xCC,field_CC,4,
TextureStore,0xD0,field_D0,4,
TextureStore,0xD4,field_D4,4,
TextureStore,0xD8,field_D8,4,
TextureStore,0xDC,field_DC,4,
TextureStore,0xE0,field_E0,4,
TextureStore,0xE4,field_E4,4,
TextureStore,0xE8,field_E8,4,
TextureStore,0xEC,field_EC,4,
TextureStore,0xF0,field_F0,4,
TextureStore,0xF4,field_F4,4,
TextureStore,0xF8,field_F8,4,
TextureStore,0xFC,field_FC,4,
TextureStore,0x100,field_100,4,
TextureStore,0x104,field_104,4,
TextureStore,0x108,field_108,4,
TextureStore,0x10C,field_10C,4,
TextureStore,0x110,field_110,4,
TextureStore,0x114,field_114,4,
TextureStore,0x118,field_118,4,
TextureStore,0x11C,field_11C,4,
TextureStore,0x120,field_120,4,
TextureStore,0x124,field_124,4,
TextureStore,0x128,field_128,4,
TextureStore,0x12C,field_12C,4,
TextureStore,0x130,field_130,4,
TextureStore,0x134,field_134,4,
TextureStore,0x138,field_138,4,
TextureStore,0x13C,field_13C,4,
TextureStore,0x140,field_140,4,
TextureStore,0x144,field_144,4,
TextureStore,0x148,field_148,4,
TextureStore,0x14C,field_14C,4,
TextureStore,0x150,field_150,4,
TextureStore,0x154,field_154,4,
TextureStore,0x158,field_158,4,
TextureStore,0x15C,field_15C,4,
TextureStore,0x160,field_160,4,
TextureStore,0x164,field_164,4,
TextureStore,0x168,field_168,4,
TextureStore,0x16C,field_16C,4,
TextureStore,0x170,field_170,4,
TextureStore,0x174,field_174,4,
TextureStore,0x178,field_178,4,
TextureStore,0x17C,field_17C,4,
TextureStore,0x180,field_180,4,
TextureStore,0x184,field_184,4,
TextureStore,0x188,field_188,4,
TextureStore,0x18C,field_18C,4,
TextureStore,0x190,field_190,4,
TextureStore,0x194,field_194,4,
TextureStore,0x198,field_198,4,
TextureStore,0x19C,field_19C,4,
TextureStore,0x1A0,field_1A0,4,
TextureStore,0x1A4,field_1A4,4,
TextureStore,0x1A8,field_1A8,4,
TextureStore,0x1AC,field_1AC,4,
TextureStore,0x1B0,field_1B0,4,
TextureStore,0x1B4,field_1B4,4,
TextureStore,0x1B8,field_1B8,4,
TextureStore,0x1BC,field_1BC,4,
TextureStore,0x1C0,field_1C0,4,
TextureStore,0x1C4,field_1C4,4,
TextureStore,0x1C8,field_1C8,4,
TextureStore,0x1CC,field_1CC,4,
TextureStore,0x1D0,field_1D0,4,
TextureStore,0x1D4,field_1D4,4,
TextureStore,0x1D8,field_1D8,4,
TextureStore,0x1DC,field_1DC,4,
TextureStore,0x1E0,field_1E0,4,
TextureStore,0x1E4,field_1E4,4,
TextureStore,0x1E8,field_1E8,4,
TextureStore,0x1EC,field_1EC,4,
TextureStore,0x1F0,field_1F0,4,
TextureStore,0x1F4,field_1F4,4,
TextureStore,0x1F8,field_1F8,4,
TextureStore,0x1FC,field_1FC,4,
TextureStore,0x200,field_200,4,
TextureStore,0x204,field_204,4,
TextureStore,0x208,field_208,4,
TextureStore,0x20C,field_20C,4,
TextureStore,0x210,field_210,4,
TextureStore,0x214,field_214,4,
TextureStore,0x218,field_218,4,
TextureStore,0x21C,field_21C,4,
TextureStore,0x220,field_220,4,
TextureStore,0x224,field_224,4,
TextureStore,0x228,field_228,4,
TextureStore,0x22C,field_22C,4,
TextureStore,0x230,field_230,4,
TextureStore,0x234,field_234,4,
TextureStore,0x238,field_238,4,
TextureStore,0x23C,field_23C,4,
TextureStore,0x240,field_240,4,
TextureStore,0x244,field_244,4,
TextureStore,0x248,field_248,4,
TextureStore,0x24C,field_24C,4,
TextureStore,0x250,field_250,4,
TextureStore,0x254,field_254,4,
TextureStore,0x258,field_258,4,
TextureStore,0x25C,field_25C,4,
Time,0x0,field_0,4,
Time,0x4,idEvent,4,UINT_PTR
Time,0x8,daemonCallback,4,
Time,0xC,timerCallback,4,
Time,0x10,cbParam2,4,
Time,0x14,cbParam1,4,
Time,0x18,count,4,
Time,0x1C,field_1C,4,
Time,0x20,resolution,4,
Time,0x24,field_24,4,
TutWin,0x0,popup,21372,
TutWin,0x537C,field_537C,4,
TutWin,0x5380,field_5380,4,
TutWin,0x5384,xCoord,4,
TutWin,0x5388,yCoord,4,
TutWin,0x538C,field_538C,4,
TutWin,0x5390,field_5390,4,
TutWin,0x5394,field_5394,4,
TutWin,0x5398,field_5398,4,
TutWin,0x539C,field_539C,4,
TutWin,0x53A0,field_53A0,4,
TutWin,0x53A4,field_53A4,4,
TutWin,0x53A8,field_53A8,4,
TutWin,0x53AC,field_53AC,4,
TutWin,0x53B0,field_53B0,4,
TutWin,0x53B4,field_53B4,4,
TutWin,0x53B8,field_53B8,4,
TutWin,0x53BC,field_53BC,4,
TutWin,0x53C0,field_53C0,4,
TutWin,0x53C4,field_53C4,4,
TutWin,0x53C8,field_53C8,4,
TutWin,0x53CC,field_53CC,4,
TutWin,0x53D0,field_53D0,4,
TutWin,0x53D4,field_53D4,4,
UAmbience,0x0,ambience,88,
UAmbience,0x58,field_58,4,
UAmbience,0x5C,field_5C,4,
UAmbience,0x60,field_60,4,
UAmbience,0x64,field_64,4,
UAmbience,0x68,field_68,4,
UAmbience,0x6C,field_6C,1,
UAmbience,0x6D,field_6D,1,
UAmbience,0x6E,field_70,4,
UV2Player,0x0,field_0,4,
UV2Player,0x4,field_4,4,
UV2Player,0x8,field_8,4,
UV2Player,0xC,field_C,4,
UV2Player,0x10,field_10,4,
UV2Player,0x14,field_14,4,
UV2Player,0x18,field_18,4,
UV2Player,0x1C,field_1C,4,
UV2Player,0x20,field_20,4,
UV2Player,0x24,field_24,4,
UV2Player,0x28,field_28,4,
UV2Player,0x2C,field_2C,4,
UV2Player,0x30,field_30,4,
UV2Player,0x34,field_34,4,
UV2Player,0x38,field_38,4,
UV2Player,0x3C,field_3C,4,
UV2Player,0x40,field_40,4,
UV2Player,0x44,field_44,4,
UV2Player,0x48,field_48,4,
UV2Player,0x4C,field_4C,4,
UV2Player,0x50,field_50,4,
UV2Player,0x54,field_54,4,
UV2Player,0x58,field_58,4,
UV2Player,0x5C,field_5C,4,
UV2Player,0x60,field_60,4,
UV2Player,0x64,field_64,4,
UV2Player,0x68,field_68,4,
UV2Player,0x6C,field_6C,4,
UV2Player,0x70,field_70,4,
UV2Player,0x74,field_74,4,
UV2Player,0x78,field_78,4,
UV2Player,0x7C,field_7C,4,
UV2Player,0x80,field_80,4,
UV2Player,0x84,field_84,4,
UV2Player,0x88,field_88,4,
UV2Player,0x8C,field_8C,4,
UV2Player,0x90,field_90,4,
UV2Player,0x94,field_94,4,
UV2Player,0x98,field_98,4,
UV2Player,0x9C,field_9C,4,
UV2Player,0xA0,field_A0,4,
UV2Player,0xA4,field_A4,4,
UV2Player,0xA8,field_A8,4,
UV2Player,0xAC,field_AC,4,
UV2Player,0xB0,field_B0,4,
UV2Player,0xB4,field_B4,4,
UV2Player,0xB8,field_B8,4,
UV2Player,0xBC,field_BC,4,
UV2Player,0xC0,field_C0,4,
UV2Player,0xC4,field_C4,4,
UV2Player,0xC8,field_C8,4,
UV2Player,0xCC,field_CC,4,
UV2Player,0xD0,field_D0,4,
UV2Player,0xD4,field_D4,4,
UV2Player,0xD8,field_D8,4,
UV2Player,0xDC,field_DC,4,
UV2Player,0xE0,field_E0,4,
UV2Player,0xE4,field_E4,4,
UV2Player,0xE8,field_E8,4,
UV2Player,0xEC,field_EC,4,
UV2Player,0xF0,field_F0,4,
UV2Player,0xF4,field_F4,4,
UV2Player,0xF8,field_F8,4,
UV2Player,0xFC,field_FC,4,
UV2Player,0x100,field_100,4,
UV2Player,0x104,field_104,4,
UV2Player,0x108,field_108,4,
UV2Player,0x10C,field_10C,4,
UV2Player,0x110,field_110,4,
UV2Player,0x114,field_114,4,
UV2Player,0x118,field_118,4,
UV2Player,0x11C,field_11C,4,
UV2Player,0x120,field_120,4,
UV2Player,0x124,field_124,4,
UV2Player,0x128,field_128,4,
UV2Player,0x12C,field_12C,4,
UV2Player,0x130,field_130,4,
UV2Player,0x134,field_134,4,
UV2Player,0x138,field_138,4,
UV2Player,0x13C,field_13C,4,
UV2Player,0x140,field_140,4,
UV2Player,0x144,field_144,4,
UV2Player,0x148,field_148,4,
UV2Player,0x14C,field_14C,4,
UV2Player,0x150,field_150,4,
UV2Player,0x154,field_154,4,
UV2Player,0x158,field_158,4,
UV2Player,0x15C,field_15C,4,
UV2Player,0x160,field_160,4,
UV2Player,0x164,field_164,4,
UV2Player,0x168,field_168,4,
UV2Player,0x16C,field_16C,4,
UV2Player,0x170,field_170,4,
UV2Player,0x174,field_174,4,
UV2Player,0x178,field_178,4,
UV2Player,0x17C,field_17C,4,
UV2Player,0x180,field_180,4,
UV2Player,0x184,field_184,4,
UV2Player,0x188,field_188,4,
UV2Player,0x18C,field_18C,4,
UV2Player,0x190,field_190,4,
UV2Player,0x194,field_194,4,
UV2Player,0x198,field_198,4,
UV2Player,0x19C,field_19C,4,
UV2Player,0x1A0,field_1A0,4,
UV2Player,0x1A4,field_1A4,4,
UV2Player,0x1A8,field_1A8,4,
UV2Player,0x1AC,field_1AC,4,
UV2Player,0x1B0,field_1B0,4,
UV2Player,0x1B4,field_1B4,4,
UV2Player,0x1B8,field_1B8,4,
UV2Player,0x1BC,field_1BC,4,
UV2Player,0x1C0,field_1C0,4,
UV2Player,0x1C4,field_1C4,4,
UV2Player,0x1C8,field_1C8,4,
UV2Player,0x1CC,field_1CC,4,
UV2Player,0x1D0,field_1D0,4,
UV2Player,0x1D4,field_1D4,4,
UV2Player,0x1D8,field_1D8,4,
UV2Player,0x1DC,field_1DC,4,
UV2Player,0x1E0,field_1E0,4,
UV2Player,0x1E4,field_1E4,4,
UV2Player,0x1E8,field_1E8,4,
UV2Player,0x1EC,field_1EC,4,
UV2Player,0x1F0,field_1F0,4,
UV2Player,0x1F4,field_1F4,4,
UV2Player,0x1F8,field_1F8,4,
UV2Player,0x1FC,field_1FC,4,
UV2Player,0x200,field_200,4,
UV2Player,0x204,field_204,4,
UV2Player,0x208,field_208,4,
UV2Player,0x20C,field_20C,4,
UV2Player,0x210,field_210,4,
UV2Player,0x214,field_214,4,
UV2Player,0x218,field_218,4,
UV2Player,0x21C,field_21C,4,
UV2Player,0x220,field_220,4,
UV2Player,0x224,field_224,4,
UV2Player,0x228,field_228,4,
UV2Player,0x22C,field_22C,4,
UV2Player,0x230,field_230,4,
UV2Player,0x234,field_234,4,
UV2Player,0x238,field_238,4,
UV2Player,0x23C,field_23C,4,
UV2Player,0x240,field_240,4,
UV2Player,0x244,field_244,4,
UV2Player,0x248,field_248,4,
UV2Player,0x24C,field_24C,4,
UV2Player,0x250,field_250,4,
UV2Player,0x254,field_254,4,
UV2Player,0x258,field_258,4,
UV2Player,0x25C,field_25C,4,
UV2Player,0x260,field_260,4,
UV2Player,0x264,field_264,4,
UV2Player,0x268,field_268,4,
UV2Player,0x26C,field_26C,4,
UV2Player,0x270,field_270,4,
UV2Player,0x274,field_274,4,
UV2Player,0x278,field_278,4,
UV2Player,0x27C,field_27C,4,
UV2Player,0x280,field_280,4,
UV2Player,0x284,field_284,4,
UV2Player,0x288,field_288,4,
UV2Player,0x28C,field_28C,4,
UV2Player,0x290,field_290,4,
UV2Player,0x294,field_294,4,
UV2Player,0x298,field_298,4,
UV2Player,0x29C,field_29C,4,
UV2Player,0x2A0,field_2A0,4,
UV2Player,0x2A4,field_2A4,4,
UV2Player,0x2A8,field_2A8,4,
UV2Player,0x2AC,field_2AC,4,
UV2Player,0x2B0,field_2B0,4,
UV2Player,0x2B4,field_2B4,4,
UV2Player,0x2B8,field_2B8,4,
UV2Player,0x2BC,field_2BC,4,
UV2Player,0x2C0,field_2C0,4,
UV2Player,0x2C4,field_2C4,4,
UV2Player,0x2C8,field_2C8,4,
UV2Player,0x2CC,field_2CC,4,
UV2Player,0x2D0,field_2D0,4,
UV2Player,0x2D4,field_2D4,4,
UV2Player,0x2D8,field_2D8,4,
UV2Player,0x2DC,field_2DC,4,
UV2Player,0x2E0,field_2E0,4,
UV2Player,0x2E4,field_2E4,4,
UV2Player,0x2E8,field_2E8,4,
UV2Player,0x2EC,field_2EC,4,
UV2Player,0x2F0,field_2F0,4,
UV2Player,0x2F4,field_2F4,4,
UV2Player,0x2F8,field_2F8,4,
UV2Player,0x2FC,field_2FC,4,
UV2Player,0x300,field_300,4,
UV2Player,0x304,field_304,4,
UV2Player,0x308,field_308,4,
UV2Player,0x30C,field_30C,4,
UV2Player,0x310,field_310,4,
UV2Player,0x314,field_314,4,
UV2Player,0x318,field_318,4,
UV2Player,0x31C,field_31C,4,
UV2Player,0x320,field_320,4,
UV2Player,0x324,field_324,4,
UV2Player,0x328,field_328,4,
UV2Player,0x32C,field_32C,4,
UV2Player,0x330,field_330,4,
UV2Player,0x334,field_334,4,
UV2Player,0x338,field_338,4,
UV2Player,0x33C,field_33C,4,
UV2Player,0x340,field_340,4,
UV2Player,0x344,field_344,4,
UV2Player,0x348,field_348,4,
UV2Player,0x34C,field_34C,4,
UV2Player,0x350,field_350,4,
UV2Player,0x354,field_354,4,
UV2Player,0x358,field_358,4,
UV2Player,0x35C,field_35C,4,
UV2Player,0x360,field_360,4,
UV2Player,0x364,field_364,4,
UV2Player,0x368,field_368,4,
UV2Player,0x36C,field_36C,4,
UV2Player,0x370,field_370,4,
UV2Player,0x374,field_374,4,
UV2Player,0x378,field_378,4,
UV2Player,0x37C,field_37C,4,
UV2Player,0x380,field_380,4,
UV2Player,0x384,field_384,4,
UV2Player,0x388,field_388,4,
UV2Player,0x38C,field_38C,4,
UV2Player,0x390,field_390,4,
UV2Player,0x394,field_394,4,
UV2Player,0x398,field_398,4,
UV2Player,0x39C,field_39C,4,
UV2Player,0x3A0,field_3A0,4,
UV2Player,0x3A4,field_3A4,4,
UV2Player,0x3A8,field_3A8,4,
UV2Player,0x3AC,field_3AC,4,
UV2Player,0x3B0,field_3B0,4,
UV2Player,0x3B4,field_3B4,4,
UV2Player,0x3B8,field_3B8,4,
UV2Player,0x3BC,field_3BC,4,
UV2Player,0x3C0,field_3C0,4,
UV2Player,0x3C4,field_3C4,4,
UV2Player,0x3C8,field_3C8,4,
UV2Player,0x3CC,field_3CC,4,
UV2Player,0x3D0,field_3D0,4,
UV2Player,0x3D4,field_3D4,4,
UV2Player,0x3D8,field_3D8,4,
UV2Player,0x3DC,field_3DC,4,
UV2Player,0x3E0,field_3E0,4,
UV2Player,0x3E4,field_3E4,4,
UV2Player,0x3E8,field_3E8,4,
UV2Player,0x3EC,field_3EC,4,
UV2Player,0x3F0,field_3F0,4,
UV2Player,0x3F4,field_3F4,4,
UV2Player,0x3F8,field_3F8,4,
UV2Player,0x3FC,field_3FC,4,
UV2Player,0x400,field_400,4,
UV2Player,0x404,field_404,4,
UV2Player,0x408,field_408,4,
UV2Player,0x40C,field_40C,4,
UV2Player,0x410,field_410,4,
UV2Player,0x414,field_414,4,
UV2Player,0x418,field_418,4,
UV2Player,0x41C,field_41C,4,
UV2Player,0x420,field_420,4,
UV2Player,0x424,field_424,4,
UV2Player,0x428,field_428,4,
UV2Player,0x42C,field_42C,4,
UV2Player,0x430,field_430,4,
UV2Player,0x434,field_434,4,
UV2Player,0x438,field_438,4,
UV2Player,0x43C,field_43C,4,
UV2Player,0x440,field_440,4,
UV2Player,0x444,field_444,4,
UV2Player,0x448,field_448,4,
UV2Player,0x44C,field_44C,4,
UV2Player,0x450,field_450,4,
UV2Player,0x454,field_454,4,
UV2Player,0x458,field_458,4,
UV2Player,0x45C,field_45C,4,
UV2Player,0x460,field_460,4,
UV2Player,0x464,field_464,4,
UV2Player,0x468,field_468,4,
UV2Player,0x46C,field_46C,4,
UV2Player,0x470,field_470,4,
UV2Player,0x474,field_474,4,
UV2Player,0x478,field_478,4,
UV2Player,0x47C,field_47C,4,
UV2Player,0x480,field_480,4,
UV2Player,0x484,field_484,4,
UV2Player,0x488,field_488,4,
UV2Player,0x48C,field_48C,4,
UV2Player,0x490,field_490,4,
UV2Player,0x494,field_494,4,
UV2Player,0x498,field_498,4,
UV2Player,0x49C,field_49C,4,
UV2Player,0x4A0,field_4A0,4,
UV2Player,0x4A4,field_4A4,4,
UV2Player,0x4A8,field_4A8,4,
UV2Player,0x4AC,field_4AC,4,
UV2Player,0x4B0,field_4B0,4,
UV2Player,0x4B4,field_4B4,4,
UV2Player,0x4B8,field_4B8,4,
UV2Player,0x4BC,field_4BC,4,
UV2Player,0x4C0,field_4C0,4,
UV2Player,0x4C4,field_4C4,4,
UV2Player,0x4C8,field_4C8,4,
UV2Player,0x4CC,field_4CC,4,
UV2Player,0x4D0,field_4D0,4,
UV2Player,0x4D4,field_4D4,4,
UV2Player,0x4D8,field_4D8,4,
UV2Player,0x4DC,field_4DC,4,
UV2Player,0x4E0,field_4E0,4,
UV2Player,0x4E4,field_4E4,4,
UV2Player,0x4E8,field_4E8,4,
UV2Player,0x4EC,field_4EC,4,
UV2Player,0x4F0,field_4F0,4,
UV2Player,0x4F4,field_4F4,4,
UV2Player,0x4F8,field_4F8,4,
UV2Player,0x4FC,field_4FC,4,
UV2Player,0x500,field_500,4,
UV2Player,0x504,field_504,4,
UV2Player,0x508,field_508,4,
UV2Player,0x50C,field_50C,4,
UV2Player,0x510,field_510,4,
UV2Player,0x514,field_514,4,
UV2Player,0x518,field_518,4,
UV2Player,0x51C,field_51C,4,
UV2Player,0x520,field_520,4,
UV2Player,0x524,field_524,4,
UV2Player,0x528,field_528,4,
UV2Player,0x52C,field_52C,4,
UV2Player,0x530,field_530,4,
UV2Player,0x534,field_534,4,
UV2Player,0x538,field_538,4,
UV2Player,0x53C,field_53C,4,
UV2Player,0x540,field_540,4,
UV2Player,0x544,field_544,4,
UV2Player,0x548,field_548,4,
UV2Player,0x54C,field_54C,4,
UV2Player,0x550,field_550,4,
UV2Player,0x554,field_554,4,
UV2Player,0x558,field_558,4,
UV2Player,0x55C,field_55C,4,
UV2Player,0x560,field_560,4,
UV2Player,0x564,field_564,4,
UV2Player,0x568,field_568,4,
UV2Player,0x56C,field_56C,4,
UV2Player,0x570,field_570,4,
UV2Player,0x574,field_574,4,
UV2Player,0x578,field_578,4,
UV2Player,0x57C,field_57C,4,
UV2Player,0x580,field_580,4,
UV2Player,0x584,field_584,4,
UV2Player,0x588,field_588,4,
UV2Player,0x58C,field_58C,4,
UV2Player,0x590,field_590,4,
UV2Player,0x594,field_594,4,
UV2Player,0x598,field_598,4,
UV2Player,0x59C,field_59C,4,
UV2Player,0x5A0,field_5A0,4,
UV2Player,0x5A4,field_5A4,4,
UV2Player,0x5A8,field_5A8,4,
UV2Player,0x5AC,field_5AC,4,
UV2Player,0x5B0,field_5B0,4,
UV2Player,0x5B4,field_5B4,4,
UV2Player,0x5B8,field_5B8,4,
UV2Player,0x5BC,field_5BC,4,
UV2Player,0x5C0,field_5C0,4,
UV2Player,0x5C4,field_5C4,4,
UV2Player,0x5C8,field_5C8,4,
UV2Player,0x5CC,field_5CC,4,
UV2Player,0x5D0,field_5D0,4,
UV2Player,0x5D4,field_5D4,4,
UV2Player,0x5D8,field_5D8,4,
UV2Player,0x5DC,field_5DC,4,
UV2Player,0x5E0,field_5E0,4,
UV2Player,0x5E4,field_5E4,4,
UV2Player,0x5E8,field_5E8,4,
UV2Player,0x5EC,field_5EC,4,
UV2Player,0x5F0,field_5F0,4,
UV2Player,0x5F4,field_5F4,4,
UV2Player,0x5F8,field_5F8,4,
UV2Player,0x5FC,field_5FC,4,
UV2Player,0x600,field_600,4,
UV2Player,0x604,field_604,4,
UV2Player,0x608,field_608,4,
UV2Player,0x60C,field_60C,4,
UV2Player,0x610,field_610,4,
UV2Player,0x614,field_614,4,
UV2Player,0x618,field_618,4,
UV2Player,0x61C,field_61C,4,
UV2Player,0x620,field_620,4,
UV2Player,0x624,field_624,4,
UV2Player,0x628,field_628,4,
UV2Player,0x62C,field_62C,4,
UV2Player,0x630,field_630,4,
UV2Player,0x634,field_634,4,
UV2Player,0x638,field_638,4,
UV2Player,0x63C,field_63C,4,
UV2Player,0x640,field_640,4,
UV2Player,0x644,field_644,4,
UV2Player,0x648,field_648,4,
UV2Player,0x64C,field_64C,4,
UV2Player,0x650,field_650,4,
UV2Player,0x654,field_654,4,
UV2Player,0x658,field_658,4,
UV2Player,0x65C,field_65C,4,
UV2Player,0x660,field_660,4,
UV2Player,0x664,field_664,4,
UV2Player,0x668,field_668,4,
UV2Player,0x66C,field_66C,4,
UV2Player,0x670,field_670,4,
UV2Player,0x674,field_674,4,
UV2Player,0x678,field_678,4,
UV2Player,0x67C,field_67C,4,
UV2Player,0x680,field_680,4,
UV2Player,0x684,field_684,4,
UV2Player,0x688,field_688,4,
UV2Player,0x68C,field_68C,4,
UV2Player,0x690,field_690,4,
UV2Player,0x694,field_694,4,
UV2Player,0x698,field_698,4,
UV2Player,0x69C,field_69C,4,
UV2Player,0x6A0,field_6A0,4,
UV2Player,0x6A4,field_6A4,4,
UV2Player,0x6A8,field_6A8,4,
UV2Player,0x6AC,field_6AC,4,
UV2Player,0x6B0,field_6B0,4,
UV2Player,0x6B4,field_6B4,4,
UV2Player,0x6B8,field_6B8,4,
UV2Player,0x6BC,field_6BC,4,
UV2Player,0x6C0,field_6C0,4,
UV2Player,0x6C4,field_6C4,4,
UV2Player,0x6C8,field_6C8,4,
UV2Player,0x6CC,field_6CC,4,
UV2Player,0x6D0,field_6D0,4,
UV2Player,0x6D4,field_6D4,4,
UV2Player,0x6D8,field_6D8,4,
UV2Player,0x6DC,field_6DC,4,
UV2Player,0x6E0,field_6E0,4,
UV2Player,0x6E4,field_6E4,4,
UV2Player,0x6E8,field_6E8,4,
UV2Player,0x6EC,field_6EC,4,
UV2Player,0x6F0,field_6F0,4,
UV2Player,0x6F4,field_6F4,4,
UV2Player,0x6F8,field_6F8,4,
UV2Player,0x6FC,field_6FC,4,
UV2Player,0x700,field_700,4,
UV2Player,0x704,field_704,4,
UV2Player,0x708,field_708,4,
UV2Player,0x70C,field_70C,4,
UV2Player,0x710,field_710,4,
UV2Player,0x714,field_714,4,
UV2Player,0x718,field_718,4,
UV2Player,0x71C,field_71C,4,
UV2Player,0x720,field_720,4,
UV2Player,0x724,field_724,4,
UV2Player,0x728,field_728,4,
UV2Player,0x72C,field_72C,4,
UV2Player,0x730,field_730,4,
UV2Player,0x734,field_734,4,
UV2Player,0x738,field_738,4,
UV2Player,0x73C,field_73C,4,
UV2Player,0x740,field_740,4,
UV2Player,0x744,field_744,4,
UV2Player,0x748,field_748,4,
UV2Player,0x74C,field_74C,4,
UV2Player,0x750,field_750,4,
UV2Player,0x754,field_754,4,
UV2Player,0x758,field_758,4,
UV2Player,0x75C,field_75C,4,
UV2Player,0x760,field_760,4,
UV2Player,0x764,field_764,4,
UV2Player,0x768,field_768,4,
UV2Player,0x76C,field_76C,4,
UV2Player,0x770,field_770,4,
UV2Player,0x774,field_774,4,
UV2Player,0x778,field_778,4,
UV2Player,0x77C,field_77C,4,
UV2Player,0x780,field_780,4,
UV2Player,0x784,field_784,4,
UV2Player,0x788,field_788,4,
UV2Player,0x78C,field_78C,4,
UV2Player,0x790,field_790,4,
UV2Player,0x794,field_794,4,
UV2Player,0x798,field_798,4,
UV2Player,0x79C,field_79C,4,
UV2Player,0x7A0,field_7A0,4,
UV2Player,0x7A4,field_7A4,4,
UV2Player,0x7A8,field_7A8,4,
UV2Player,0x7AC,field_7AC,4,
UV2Player,0x7B0,field_7B0,4,
UV2Player,0x7B4,field_7B4,4,
UV2Player,0x7B8,field_7B8,4,
UV2Player,0x7BC,field_7BC,4,
UV2Player,0x7C0,field_7C0,4,
UV2Player,0x7C4,field_7C4,4,
UV2Player,0x7C8,field_7C8,4,
UV2Player,0x7CC,field_7CC,4,
UV2Player,0x7D0,field_7D0,4,
UV2Player,0x7D4,field_7D4,4,
UV2Player,0x7D8,field_7D8,4,
UV2Player,0x7DC,field_7DC,4,
UV2Player,0x7E0,field_7E0,4,
UV2Player,0x7E4,field_7E4,4,
UV2Player,0x7E8,field_7E8,4,
UV2Player,0x7EC,field_7EC,4,
UV2Player,0x7F0,field_7F0,4,
UV2Player,0x7F4,field_7F4,4,
UV2Player,0x7F8,field_7F8,4,
UV2Player,0x7FC,field_7FC,4,
UV2Player,0x800,field_800,4,
UV2Player,0x804,field_804,4,
UV2Player,0x808,field_808,4,
UV2Player,0x80C,field_80C,4,
UV2Player,0x810,field_810,4,
UV2Player,0x814,field_814,4,
UV2Player,0x818,field_818,4,
UV2Player,0x81C,field_81C,4,
UV2Player,0x820,field_820,4,
UV2Player,0x824,field_824,4,
UV2Player,0x828,field_828,4,
UV2Player,0x82C,field_82C,4,
UV2Player,0x830,field_830,4,
UV2Player,0x834,field_834,4,
UV2Player,0x838,field_838,4,
UV2Player,0x83C,field_83C,4,
UV2Player,0x840,field_840,4,
UV2Player,0x844,field_844,4,
UV2Player,0x848,field_848,4,
UV2Player,0x84C,field_84C,4,
UV2Player,0x850,field_850,4,
UV2Player,0x854,field_854,4,
UV2Player,0x858,field_858,4,
UV2Player,0x85C,field_85C,4,
UV2Player,0x860,field_860,4,
UV2Player,0x864,field_864,4,
UV2Player,0x868,field_868,4,
UV2Player,0x86C,field_86C,4,
UV2Player,0x870,field_870,4,
UV2Player,0x874,field_874,4,
UV2Player,0x878,field_878,4,
UV2Player,0x87C,field_87C,4,
UV2Player,0x880,field_880,4,
UV2Player,0x884,field_884,4,
UV2Player,0x888,field_888,4,
UV2Player,0x88C,field_88C,4,
UV2Player,0x890,field_890,4,
UV2Player,0x894,field_894,4,
UV2Player,0x898,field_898,4,
UV2Player,0x89C,field_89C,4,
UV2Player,0x8A0,field_8A0,4,
UV2Player,0x8A4,field_8A4,4,
UV2Player,0x8A8,field_8A8,4,
UV2Player,0x8AC,field_8AC,4,
UV2Player,0x8B0,field_8B0,4,
UV2Player,0x8B4,field_8B4,4,
UV2Player,0x8B8,field_8B8,4,
UV2Player,0x8BC,field_8BC,4,
UV2Player,0x8C0,field_8C0,4,
UV2Player,0x8C4,field_8C4,4,
UV2Player,0x8C8,field_8C8,4,
UV2Player,0x8CC,field_8CC,4,
UV2Player,0x8D0,field_8D0,4,
UV2Player,0x8D4,field_8D4,4,
UV2Player,0x8D8,field_8D8,4,
UV2Player,0x8DC,buffer,1416,
VOX_Vect,0x0,x,4,
VOX_Vect,0x4,y,4,
VOX_Vect,0x8,z,4,
Vector,0x0,x,4,
Vector,0x4,y,4,
Vector,0x8,z,4,
Video,0x0,field_0,4,
Video,0x4,field_4,4,
Video,0x8,field_8,4,
Video,0xC,field_C,4,
Video,0x10,field_10,4,
Video,0x14,field_14,4,
Video,0x18,field_18,4,
Video,0x1C,field_1C,4,
Video,0x20,field_20,4,
Video,0x24,field_24,4,
Video,0x28,field_28,4,
Video,0x2C,field_2C,4,
Video,0x30,field_30,4,
Video,0x34,field_34,4,
Video,0x38,field_38,4,
Video,0x3C,field_3C,4,
Video,0x40,field_40,4,
Video,0x44,field_44,4,
Video,0x48,field_48,4,
Video,0x4C,field_4C,4,
Video,0x50,field_50,4,
Video,0x54,palette,1108,
Video,0x4A8,field_4A8,4,
Video,0x4AC,field_4AC,4,
Video,0x4B0,field_4B0,4,
Video,0x4B4,bytes_4B4,20,
Video,0x4C8,bytes_4C8,20,
Video,0x4DC,field_4DC,4,
Video,0x4E0,field_4E0,4,
Video,0x4E4,field_4E4,4,
Video,0x4E8,field_4E8,4,
Video,0x4EC,field_4EC,4,
Video,0x4F0,field_4F0,4,
Video,0x4F4,field_4F4,4,
Video,0x4F8,field_4F8,4,
Video,0x4FC,field_4FC,4,
Video,0x500,field_500,4,
Video,0x504,field_504,4,
Video,0x508,field_508,4,
Video,0x50C,field_50C,4,
Video,0x510,field_510,4,
Video,0x514,field_514,4,
Video,0x518,field_518,4,
Video,0x51C,field_51C,4,
Video,0x520,field_520,4,
Video,0x524,field_524,4,
Video,0x528,field_528,4,
Video,0x52C,field_52C,4,
Video,0x530,field_530,4,
Video,0x534,field_534,4,
Video,0x538,field_538,4,
Video,0x53C,field_53C,4,
Video,0x540,field_540,4,
Video,0x544,field_544,4,
Video,0x548,field_548,4,
Video,0x54C,field_54C,4,
Video,0x550,field_550,4,
Video,0x554,field_554,4,
Video,0x558,field_558,4,
Video,0x55C,field_55C,4,
Video,0x560,field_560,4,
Video,0x564,field_564,4,
Video,0x568,field_568,4,
Video,0x56C,field_56C,4,
Video,0x570,field_570,4,
Video,0x574,field_574,4,
Video,0x578,field_578,4,
Video,0x57C,field_57C,4,
Video,0x580,field_580,4,
Video,0x584,field_584,4,
Video,0x588,field_588,4,
Video,0x58C,field_58C,4,
Video,0x590,field_590,4,
Video,0x594,field_594,4,
Video,0x598,field_598,4,
Video,0x59C,field_59C,4,
Video,0x5A0,field_5A0,4,
Video,0x5A4,field_5A4,4,
Video,0x5A8,field_5A8,4,
Video,0x5AC,field_5AC,4,
Video,0x5B0,field_5B0,4,
Video,0x5B4,field_5B4,4,
Video,0x5B8,field_5B8,4,
Video,0x5BC,field_5BC,4,
Video,0x5C0,field_5C0,4,
Video,0x5C4,field_5C4,4,
Video,0x5C8,field_5C8,4,
Video,0x5CC,field_5CC,4,
Video,0x5D0,field_5D0,4,
Video,0x5D4,field_5D4,4,
Video,0x5D8,field_5D8,4,
Video,0x5DC,field_5DC,4,
Video,0x5E0,field_5E0,4,
Video,0x5E4,field_5E4,4,
Video,0x5E8,field_5E8,4,
Video,0x5EC,field_5EC,4,
Video,0x5F0,field_5F0,4,
Video,0x5F4,field_5F4,4,
Video,0x5F8,field_5F8,4,
Video,0x5FC,field_5FC,4,
Video,0x600,field_600,4,
Video,0x604,field_604,4,
Video,0x608,field_608,4,
Video,0x60C,field_60C,4,
Video,0x610,field_610,4,
Video,0x614,field_614,4,
Video,0x618,field_618,4,
Video,0x61C,field_61C,4,
Video,0x620,field_620,4,
Video,0x624,field_624,4,
Video,0x628,field_628,4,
Video,0x62C,field_62C,4,
Video,0x630,field_630,4,
Video,0x634,field_634,4,
Video,0x638,field_638,4,
Video,0x63C,field_63C,4,
Video,0x640,field_640,4,
Video,0x644,field_644,4,
Video,0x648,field_648,4,
Video,0x64C,field_64C,4,
Video,0x650,field_650,4,
Video,0x654,field_654,4,
Video,0x658,field_658,4,
Video,0x65C,field_65C,4,
Video,0x660,field_660,4,
Video,0x664,field_664,4,
Video,0x668,field_668,4,
Video,0x66C,field_66C,4,
Video,0x670,field_670,4,
Video,0x674,field_674,4,
Video,0x678,field_678,4,
Video,0x67C,field_67C,4,
Video,0x680,field_680,4,
Video,0x684,field_684,4,
Video,0x688,field_688,4,
Video,0x68C,field_68C,4,
Video,0x690,field_690,4,
Video,0x694,field_694,4,
Video,0x698,field_698,4,
Video,0x69C,field_69C,4,
Video,0x6A0,field_6A0,4,
Video,0x6A4,field_6A4,4,
Video,0x6A8,field_6A8,4,
Video,0x6AC,field_6AC,4,
Video,0x6B0,field_6B0,4,
Video,0x6B4,field_6B4,4,
Video,0x6B8,field_6B8,4,
Video,0x6BC,field_6BC,4,
Video,0x6C0,field_6C0,4,
Video,0x6C4,field_6C4,4,
Video,0x6C8,field_6C8,4,
Video,0x6CC,field_6CC,4,
Video,0x6D0,field_6D0,4,
Video,0x6D4,field_6D4,4,
Video,0x6D8,field_6D8,4,
Video,0x6DC,field_6DC,4,
Video,0x6E0,field_6E0,4,
Video,0x6E4,field_6E4,4,
Video,0x6E8,field_6E8,4,
Video,0x6EC,field_6EC,4,
Video,0x6F0,field_6F0,4,
Video,0x6F4,field_6F4,4,
Video,0x6F8,field_6F8,4,
Video,0x6FC,field_6FC,4,
Video,0x700,field_700,4,
Video,0x704,field_704,4,
Video,0x708,field_708,4,
Video,0x70C,field_70C,4,
Video,0x710,field_710,4,
Video,0x714,field_714,4,
Video,0x718,field_718,4,
Video,0x71C,field_71C,4,
Video,0x720,field_720,4,
Video,0x724,field_724,4,
Video,0x728,field_728,4,
Video,0x72C,field_72C,4,
Video,0x730,field_730,4,
Video,0x734,field_734,4,
Video,0x738,field_738,4,
Video,0x73C,field_73C,4,
Video,0x740,field_740,4,
Video,0x744,field_744,4,
Video,0x748,field_748,4,
Video,0x74C,field_74C,4,
Video,0x750,field_750,4,
Video,0x754,field_754,4,
Video,0x758,field_758,4,
Video,0x75C,field_75C,4,
Video,0x760,field_760,4,
Video,0x764,field_764,4,
Video,0x768,field_768,4,
Video,0x76C,field_76C,4,
Video,0x770,field_770,4,
Video,0x774,field_774,4,
Video,0x778,field_778,4,
Video,0x77C,field_77C,4,
Video,0x780,field_780,4,
Video,0x784,field_784,4,
Video,0x788,field_788,4,
Video,0x78C,field_78C,4,
Video,0x790,field_790,4,
Video,0x794,field_794,4,
Video,0x798,field_798,4,
Video,0x79C,field_79C,4,
Video,0x7A0,field_7A0,4,
Video,0x7A4,field_7A4,4,
Video,0x7A8,field_7A8,4,
Video,0x7AC,field_7AC,4,
Video,0x7B0,field_7B0,4,
Video,0x7B4,field_7B4,4,
Video,0x7B8,field_7B8,4,
Video,0x7BC,field_7BC,4,
Video,0x7C0,field_7C0,4,
Video,0x7C4,field_7C4,4,
Video,0x7C8,field_7C8,4,
Video,0x7CC,field_7CC,4,
Video,0x7D0,field_7D0,4,
Video,0x7D4,field_7D4,4,
Video,0x7D8,field_7D8,4,
Video,0x7DC,field_7DC,4,
Video,0x7E0,field_7E0,4,
Video,0x7E4,field_7E4,4,
Video,0x7E8,field_7E8,4,
Video,0x7EC,field_7EC,4,
Video,0x7F0,field_7F0,4,
Video,0x7F4,field_7F4,4,
Video,0x7F8,field_7F8,4,
Video,0x7FC,field_7FC,4,
Video,0x800,field_800,4,
Video,0x804,field_804,4,
Video,0x808,field_808,4,
Video,0x80C,field_80C,4,
Video,0x810,field_810,4,
Video,0x814,field_814,4,
Video,0x818,field_818,4,
Video,0x81C,field_81C,4,
Video,0x820,field_820,4,
Video,0x824,field_824,4,
Video,0x828,field_828,4,
Video,0x82C,field_82C,4,
Video,0x830,field_830,4,
Video,0x834,field_834,4,
Video,0x838,field_838,4,
Video,0x83C,field_83C,4,
Video,0x840,field_840,4,
Video,0x844,field_844,4,
Video,0x848,field_848,4,
Video,0x84C,field_84C,4,
Video,0x850,field_850,4,
Video,0x854,field_854,4,
Video,0x858,field_858,4,
Video,0x85C,field_85C,4,
Video,0x860,field_860,4,
Video,0x864,field_864,4,
Video,0x868,field_868,4,
Video,0x86C,field_86C,4,
Video,0x870,field_870,4,
Video,0x874,field_874,4,
Video,0x878,field_878,4,
Video,0x87C,field_87C,4,
Video,0x880,field_880,4,
Video,0x884,field_884,4,
Video,0x888,field_888,4,
Video,0x88C,field_88C,4,
Video,0x890,field_890,4,
Video,0x894,field_894,4,
Video,0x898,field_898,4,
Video,0x89C,field_89C,4,
Video,0x8A0,field_8A0,4,
Video,0x8A4,field_8A4,4,
Video,0x8A8,field_8A8,4,
Video,0x8AC,field_8AC,4,
Video,0x8B0,field_8B0,4,
Video,0x8B4,field_8B4,4,
Video,0x8B8,field_8B8,4,
Video,0x8BC,field_8BC,4,
Video,0x8C0,field_8C0,4,
Video,0x8C4,field_8C4,4,
Video,0x8C8,field_8C8,4,
Video,0x8CC,field_8CC,4,
Video,0x8D0,field_8D0,4,
Video,0x8D4,field_8D4,4,
Video,0x8D8,field_8D8,4,
Video,0x8DC,field_8DC,4,
Video,0x8E0,field_8E0,4,
Video,0x8E4,field_8E4,4,
Video,0x8E8,field_8E8,4,
Video,0x8EC,field_8EC,4,
Video,0x8F0,field_8F0,4,
Video,0x8F4,field_8F4,4,
Video,0x8F8,field_8F8,4,
Video,0x8FC,field_8FC,4,
Video,0x900,field_900,4,
Video,0x904,field_904,4,
Video,0x908,field_908,4,
Video,0x90C,field_90C,4,
Video,0x910,field_910,4,
Video,0x914,field_914,4,
Video,0x918,field_918,4,
Video,0x91C,field_91C,4,
Video,0x920,field_920,4,
Video,0x924,field_924,4,
Video,0x928,field_928,4,
Video,0x92C,field_92C,4,
Video,0x930,field_930,4,
Video,0x934,field_934,4,
Video,0x938,field_938,4,
Video,0x93C,field_93C,4,
Video,0x940,field_940,4,
Video,0x944,field_944,4,
Video,0x948,field_948,4,
Video,0x94C,field_94C,4,
Video,0x950,field_950,4,
Video,0x954,field_954,4,
Video,0x958,field_958,4,
Video,0x95C,field_95C,4,
Video,0x960,field_960,4,
Video,0x964,field_964,4,
Video,0x968,field_968,4,
Video,0x96C,field_96C,4,
Video,0x970,field_970,4,
Video,0x974,field_974,4,
Video,0x978,field_978,4,
Video,0x97C,field_97C,4,
Video,0x980,field_980,4,
Video,0x984,field_984,4,
Video,0x988,field_988,4,
Video,0x98C,field_98C,4,
Video,0x990,field_990,4,
Video,0x994,field_994,4,
Video,0x998,field_998,4,
Video,0x99C,field_99C,4,
Video,0x9A0,field_9A0,4,
Video,0x9A4,field_9A4,4,
Video,0x9A8,field_9A8,4,
Video,0x9AC,field_9AC,4,
Video,0x9B0,field_9B0,4,
Video,0x9B4,field_9B4,4,
Video,0x9B8,field_9B8,4,
Video,0x9BC,field_9BC,4,
Video,0x9C0,field_9C0,4,
Video,0x9C4,field_9C4,4,
Video,0x9C8,field_9C8,4,
Video,0x9CC,field_9CC,4,
Video,0x9D0,field_9D0,4,
Video,0x9D4,field_9D4,4,
Video,0x9D8,field_9D8,4,
Video,0x9DC,bytes_9DC,84,
Video,0xA30,bytes_A30,44,
Video,0xA5C,unk_class,16,
Video,0xA6C,buffer,1416,
Video,0xFF4,field_FF4,4,
Video,0xFF8,field_FF8,4,
Video,0xFFC,field_FFC,4,
Video,0x1000,field_1000,4,
Video,0x1004,field_1004,4,
Video,0x1008,field_1008,4,
Video,0x100C,field_100C,4,
Video,0x1010,field_1010,4,
Video,0x1014,field_1014,4,
Video,0x1018,field_1018,4,
Video,0x101C,field_101C,4,
Video,0x1020,field_1020,4,
Video,0x1024,field_1024,4,
Video,0x1028,fields_1028,16,
VoiceRx,0x0,field_0,4,
VoiceRx,0x4,field_4,4,
VoiceRx,0x8,field_8,4,
VoiceRx,0xC,field_C,4,
VoiceRx,0x10,field_10,4,
VoiceRx,0x14,field_14,4,
VoiceRx,0x18,field_18,4,
VoiceRx,0x1C,field_1C,4,
VoiceRx,0x20,field_20,4,
VoiceRx,0x24,field_24,4,
VoiceRx,0x28,field_28,4,
VoiceRx,0x2C,field_2C,4,
VoiceRx,0x30,field_30,4,
VoiceRx,0x34,field_34,4,
VoiceRx,0x38,field_38,4,
VoiceRx,0x3C,field_3C,4,
VoiceRx,0x40,field_40,4,
VoiceRx,0x44,field_44,4,
VoiceRx,0x48,field_48,4,
VoiceRx,0x4C,field_4C,4,
VoiceRx,0x50,field_50,4,
VoiceTx,0x0,field_0,4,
VoiceTx,0x4,field_4,4,
VoiceTx,0x8,field_8,4,
VoiceTx,0xC,field_C,4,
VoiceTx,0x10,field_10,4,
VoiceTx,0x14,field_14,4,
VoiceTx,0x18,field_18,4,
VoiceTx,0x1C,field_1C,4,
VoiceTx,0x20,field_20,4,
VoiceTx,0x24,field_24,4,
VoiceTx,0x28,field_28,4,
VoiceTx,0x2C,field_2C,4,
VoiceTx,0x30,field_30,4,
VoiceTx,0x34,field_34,4,
VoiceTx,0x38,field_38,4,
VoiceTx,0x3C,field_3C,4,
VoiceTx,0x40,field_40,4,
VoiceTx,0x44,field_44,4,
VoiceTx,0x48,field_48,4,
VoiceTx,0x4C,field_4C,4,
VoiceTx,0x50,field_50,4,
VoiceTx,0x54,field_54,4,
Wave,0x0,vtable,4,
Wave,0x4,volume,4,
Wave,0x8,field_8,4,
Wave,0xC,field_C,20,
Wave,0x20,field_20,4,
Wave,0x24,field_24,4,
Wave,0x28,field_28,4,
Wave,0x2C,field_2C,4,
Wave,0x30,field_30,4,
Wave,0x34,field_34,4,
Wave,0x38,field_38,4,
Wave,0x3C,field_3C,4,
Wave,0x40,field_40,4,
Wave,0x44,field_44,4,
Wave,0x48,field_48,4,
Wave,0x4C,fname,4,
Wave,0x50,field_50,4,
Wave,0x54,field_54,4,
Wave,0x58,pitch,4,
Wave,0x5C,reverb_mix,4,
Wave,0x60,ms_length,4,
Wave,0x64,field_64,4,
Wave,0x68,field_68,4,
WaveControlGroup,0x0,field_0,4,
WaveControlGroup,0x4,field_4,4,
WaveControlGroup,0x8,field_8,4,
WaveControlGroup,0xC,field_C,4,
WaveControlGroup,0x10,field_10,4,
WaveControlGroup,0x14,field_14,4,
Wave_Device,0x0,vtable,4,
Wave_Device,0x4,field_4,4,
Wave_Device,0x8,field_8,4,
Wave_Device,0xC,field_C,4,
Wave_Device,0x10,field_10,4,
Wave_Device,0x14,field_14,4,
Wave_Device,0x18,field_18,4,
Wave_Device,0x1C,field_1C,4,
Wave_Device,0x20,field_20,4,
Wave_Device,0x24,waveControlGroups,384,
Wave_In_Device,0x0,vtable,4,
Wave_In_Device,0x4,field_4,4,
Wave_In_Device,0x8,field_8,4,
Wave_In_Device,0xC,field_C,4,
Wave_In_Device,0x10,field_10,4,
Wave_In_Device,0x14,field_14,4,
Wave_In_Device,0x18,field_18,4,
Wave_In_Device,0x1C,field_1C,4,
Win,0x0,autoSound,152,
Win,0x98,field_98,4,
Win,0x9C,field_9C,4,
Win,0xA0,field_A0,4,
Win,0xA4,field_A4,4,
Win,0xA8,field_A8,4,
Win,0xAC,field_AC,4,
Win,0xB0,field_B0,4,
Win,0xB4,buffer1,4,
Win,0xB8,buffer2,4,
Win,0xBC,buffer3,4,
Win,0xC0,buffer4,4,
Win,0xC4,winParent,4,
Win,0xC8,field_C8,4,
Win,0xCC,field_CC,4,
Win,0xD0,field_D0,4,
Win,0xD4,field_D4,4,
Win,0xD8,field_D8,4,
Win,0xDC,heap,20,
Win,0xF0,pMenu,4,
Win,0xF4,field_F4,4,
Win,0xF8,field_F8,4,
Win,0xFC,field_FC,4,
Win,0x100,field_100,4,
Win,0x104,field_104,4,
Win,0x108,field_108,4,
Win,0x10C,field_10C,4,
Win,0x110,field_110,4,
Win,0x114,caption_height,4,
Win,0x118,border_thickness,4,
Win,0x11C,bottom_border_thickness,4,
Win,0x120,field_120,4,
Win,0x124,field_124,4,
Win,0x128,field_128,4,
Win,0x12C,field_12C,4,
Win,0x130,field_130,4,
Win,0x134,field_134,4,
Win,0x138,field_138,4,
Win,0x13C,field_13C,4,
Win,0x140,field_140,4,
Win,0x144,field_144,4,
Win,0x148,field_148,4,
Win,0x14C,field_14C,4,
Win,0x150,field_150,4,
Win,0x154,field_154,4,
Win,0x158,field_158,4,
Win,0x15C,field_15C,4,
Win,0x160,field_160,4,
Win,0x164,field_164,4,
Win,0x168,field_168,4,
Win,0x16C,field_16C,4,
Win,0x170,field_170,4,
Win,0x174,field_174,4,
Win,0x178,field_178,4,
Win,0x17C,field_17C,4,
Win,0x180,field_180,4,
Win,0x184,field_184,4,
Win,0x188,sprtCursor,4,
Win,0x18C,field_18C,4,
Win,0x190,field_190,4,
Win,0x194,phCursor,4,
Win,0x198,nCursorName,4,
Win,0x19C,field_19C,4,
Win,0x1A0,field_1A0,4,
Win,0x1A4,field_1A4,4,
Win,0x1A8,field_1A8,4,
Win,0x1AC,field_1AC,4,
Win,0x1B0,field_1B0,4,
Win,0x1B4,field_1B4,4,
Win,0x1B8,field_1B8,4,
Win,0x1BC,field_1BC,4,
Win,0x1C0,field_1C0,4,
Win,0x1C4,field_1C4,4,
Win,0x1C8,field_1C8,4,
Win,0x1CC,field_1CC,4,
Win,0x1D0,field_1D0,4,
Win,0x1D4,field_1D4,4,
Win,0x1D8,field_1D8,4,
Win,0x1DC,field_1DC,4,
Win,0x1E0,field_1E0,4,
Win,0x1E4,field_1E4,4,
Win,0x1E8,field_1E8,4,
Win,0x1EC,field_1EC,4,
Win,0x1F0,field_1F0,4,
Win,0x1F4,field_1F4,4,
Win,0x1F8,field_1F8,4,
Win,0x1FC,field_1FC,4,
Win,0x200,field_200,4,
Win,0x204,field_204,4,
Win,0x208,field_208,4,
Win,0x20C,field_20C,4,
Win,0x210,field_210,4,
Win,0x214,field_214,4,
Win,0x218,field_218,4,
Win,0x21C,field_21C,4,
Win,0x220,field_220,4,
Win,0x224,field_224,4,
Win,0x228,field_228,4,
Win,0x22C,field_22C,4,
Win,0x230,field_230,4,
Win,0x234,field_234,4,
Win,0x238,field_238,4,
Win,0x23C,field_23C,4,
Win,0x240,field_240,4,
Win,0x244,field_244,4,
Win,0x248,field_248,4,
Win,0x24C,field_24C,4,
Win,0x250,field_250,4,
Win,0x254,field_254,4,
Win,0x258,field_258,4,
Win,0x25C,field_25C,4,
Win,0x260,field_260,4,
Win,0x264,field_264,4,
Win,0x268,field_268,4,
Win,0x26C,field_26C,4,
Win,0x270,field_270,4,
Win,0x274,field_274,4,
Win,0x278,field_278,4,
Win,0x27C,field_27C,4,
Win,0x280,field_280,4,
Win,0x284,field_284,4,
Win,0x288,field_288,4,
Win,0x28C,field_28C,4,
Win,0x290,field_290,4,
Win,0x294,field_294,4,
Win,0x298,field_298,4,
Win,0x29C,field_29C,4,
Win,0x2A0,field_2A0,4,
Win,0x2A4,field_2A4,4,
Win,0x2A8,field_2A8,4,
Win,0x2AC,field_2AC,4,
Win,0x2B0,field_2B0,4,
Win,0x2B4,field_2B4,4,
Win,0x2B8,field_2B8,4,
Win,0x2BC,field_2BC,4,
Win,0x2C0,field_2C0,4,
Win,0x2C4,field_2C4,4,
Win,0x2C8,field_2C8,4,
Win,0x2CC,field_2CC,4,
Win,0x2D0,field_2D0,4,
Win,0x2D4,field_2D4,4,
Win,0x2D8,field_2D8,4,
Win,0x2DC,field_2DC,4,
Win,0x2E0,field_2E0,4,
Win,0x2E4,field_2E4,4,
Win,0x2E8,field_2E8,4,
Win,0x2EC,field_2EC,4,
Win,0x2F0,field_2F0,4,
Win,0x2F4,field_2F4,4,
Win,0x2F8,field_2F8,4,
Win,0x2FC,field_2FC,4,
Win,0x300,field_300,4,
Win,0x304,field_304,4,
Win,0x308,field_308,4,
Win,0x30C,field_30C,4,
Win,0x310,field_310,4,
Win,0x314,field_314,4,
Win,0x318,field_318,4,
Win,0x31C,field_31C,4,
Win,0x320,field_320,4,
Win,0x324,field_324,4,
Win,0x328,field_328,4,
Win,0x32C,field_32C,4,
Win,0x330,field_330,4,
Win,0x334,field_334,4,
Win,0x338,field_338,4,
Win,0x33C,field_33C,4,
Win,0x340,field_340,4,
Win,0x344,field_344,4,
Win,0x348,field_348,4,
Win,0x34C,field_34C,4,
Win,0x350,field_350,4,
Win,0x354,field_354,4,
Win,0x358,field_358,4,
Win,0x35C,field_35C,4,
Win,0x360,field_360,4,
Win,0x364,field_364,4,
Win,0x368,field_368,4,
Win,0x36C,field_36C,4,
Win,0x370,field_370,4,
Win,0x374,field_374,4,
Win,0x378,field_378,4,
Win,0x37C,field_37C,4,
Win,0x380,field_380,4,
Win,0x384,field_384,4,
Win,0x388,field_388,4,
Win,0x38C,field_38C,4,
Win,0x390,field_390,4,
Win,0x394,field_394,4,
Win,0x398,field_398,4,
Win,0x39C,field_39C,4,
Win,0x3A0,field_3A0,4,
Win,0x3A4,field_3A4,4,
Win,0x3A8,field_3A8,4,
Win,0x3AC,field_3AC,4,
Win,0x3B0,field_3B0,4,
Win,0x3B4,buffer5,4,
Win,0x3B8,field_3B8,4,
Win,0x3BC,field_3BC,4,
Win,0x3C0,spot,12,
Win,0x3CC,field_3CC,4,
Win,0x3D0,field_3D0,4,
Win,0x3D4,field_3D4,4,
Win,0x3D8,field_3D8,4,
Win,0x3DC,field_3DC,4,
Win,0x3E0,field_3E0,4,
Win,0x3E4,field_3E4,4,
Win,0x3E8,field_3E8,4,
Win,0x3EC,field_3EC,4,
Win,0x3F0,field_3F0,4,
Win,0x3F4,field_3F4,4,
Win,0x3F8,field_3F8,4,
Win,0x3FC,buffer6,4,
Win,0x400,field_400,4,
Win,0x404,field_404,4,
Win,0x408,field_408,4,
Win,0x40C,field_40C,4,
Win,0x410,field_410,4,
Win,0x414,field_414,4,
Win,0x418,field_418,4,
Win,0x41C,field_41C,4,
Win,0x420,field_420,4,
Win,0x424,field_424,4,
Win,0x428,field_428,4,
Win,0x42C,field_42C,4,
Win,0x430,field_430,4,
Win,0x434,field_434,4,
Win,0x438,field_438,4,
Win,0x43C,scroll_vert,4,
Win,0x440,scroll_horz,4,
WorldWin,0x0,graphicWin,2580,
WorldWin,0xA14,field_A14,4,
WorldWin,0xA18,field_A18,4,
WorldWin,0xA1C,buffer1,1416,
WorldWin,0xFA4,buffer2,1416,
WorldWin,0x152C,mapWin,140416,
