class,offset,width,x87,evidence
AAmbience,0x0,4,0,"?begin@AAmbience@@QAEXXZ: mov eax, dword ptr [esi] at 0x00447DB3"
AAmbience,0x58,4,0,?tech@AAmbience@@QAEXXZ: inc dword ptr [ecx + 0x58] at 0x00448280
AlphaMenu,0x0,4,0,"?adjust@AlphaMenu@@QAEXXZ: mov eax, dword ptr [esi] at 0x004032C1"
AlphaMenu,0x118,4,0,"?on_adjust_pulldown_pos@AlphaMenu@@QAEXPAHPAH@Z: mov esi, dword ptr [ecx + 0x118] at 0x00403661"
AlphaMenu,0x13C,4,0,"?on_adjust_pulldown_pos@AlphaMenu@@QAEXPAHPAH@Z: mov edx, dword ptr [esi] at 0x00403638"
AlphaMenu,0x140,4,0,"?on_adjust_pulldown_pos@AlphaMenu@@QAEXPAHPAH@Z: mov edx, dword ptr [esi + 4] at 0x0040363D"
AlphaMenu,0x144,4,0,"?on_adjust_pulldown_pos@AlphaMenu@@QAEXPAHPAH@Z: mov eax, dword ptr [esi + 8] at 0x00403640"
AlphaMenu,0x148,4,0,"?on_adjust_pulldown_pos@AlphaMenu@@QAEXPAHPAH@Z: mov esi, dword ptr [esi + 0xc] at 0x00403643"
AlphaMenu,0x474,4,0,"?show@AlphaMenu@@QAEXXZ: mov edx, dword ptr [edi + 0x474] at 0x004036BA"
AlphaMenu,0x478,4,0,"?show@AlphaMenu@@QAEXXZ: mov eax, dword ptr [ecx + 4] at 0x004036C3"
AlphaMenu,0x47C,4,0,"?show@AlphaMenu@@QAEXXZ: mov edx, dword ptr [ecx + 8] at 0x004036C9"
AlphaMenu,0x480,4,0,"?show@AlphaMenu@@QAEXXZ: mov eax, dword ptr [ecx + 0xc] at 0x004036CF"
AlphaMenu,0x4C4,4,0,"?hide@AlphaMenu@@QAEXXZ: mov eax, dword ptr [esi + 0x4c4] at 0x004038D7"
AlphaMenu,0x4C8,4,0,"?hide@AlphaMenu@@QAEXXZ: mov edx, dword ptr [esi + 0x4c8] at 0x004038D1"
AlphaMenu,0xA18,4,0,"?compute@AlphaMenu@@QAEXXZ: mov eax, dword ptr [ebx + 0xa18] at 0x004031AB"
AlphaMenu,0xA24,4,0,"?on_redraw@AlphaMenu@@QAEXXZ: cmp eax, dword ptr [esi + 0xa24] at 0x004033B0"
AlphaMenu,0xA2C,4,0,"?on_redraw@AlphaMenu@@QAEXXZ: mov ecx, dword ptr [esi + 0xa2c] at 0x004034B0"
AlphaMenu,0xA3C,4,0,"?on_redraw@AlphaMenu@@QAEXXZ: mov edx, dword ptr [edi - 4] at 0x00403499"
AlphaMenu,0xA40,1,0,"?on_redraw@AlphaMenu@@QAEXXZ: mov al, byte ptr [edi] at 0x00403436"
AlphaMenu,0x10F4,1,0,"?on_redraw@AlphaMenu@@QAEXXZ: mov dl, byte ptr [ecx + 8] at 0x0040336F"
AlphaMenu,0x1104,4,0,"?adjust@AlphaMenu@@QAEXXZ: mov ecx, dword ptr [esi + 0x1104] at 0x004032B9"
AlphaMenu,0x1108,4,0,"?compute@AlphaMenu@@QAEXXZ: mov eax, dword ptr [ebx + 0x1108] at 0x004031C3"
AlphaMenu,0x1120,1,0,"?on_redraw@AlphaMenu@@QAEXXZ: mov dl, byte ptr [ecx + 8] at 0x004033F2"
AlphaMenu,0x1130,4,0,"?compute@AlphaMenu@@QAEXXZ: mov ecx, dword ptr [ebx + 0x1130] at 0x004031C9"
AlphaMenu,0x1134,4,0,"?compute@AlphaMenu@@QAEXXZ: mov edi, dword ptr [ebx + 0x1134] at 0x004031B1"
AlphaMovie,0x0,4,0,"??0AlphaMovie@@QAE@XZ: mov dword ptr [esi], 0x669458 at 0x00404049"
AlphaMovie,0x444,4,0,"??0AlphaMovie@@QAE@XZ: mov dword ptr [esi + 0x444], 0x669450 at 0x0040404F"
AlphaNet,0x0,4,0,"??0AlphaNet@@QAE@XZ: mov dword ptr [esi], 0x66eacc at 0x004E2572"
AlphaNet,0xB0,4,0,"??1AlphaNet@@QAE@XZ: mov dword ptr [edi], 0x66eafc at 0x00538CB4"
AlphaNet,0xB4,4,0,"??1AlphaNet@@QAE@XZ: mov edx, dword ptr [esi + 0xb4] at 0x00538CBA"
AlphaNet,0xC4,4,0,"??1AlphaNet@@QAE@XZ: mov dword ptr [edi + 0x14], 0 at 0x00538CD5"
AlphaNet,0xCC,4,0,"??1AlphaNet@@QAE@XZ: mov dword ptr [esi + 0xcc], ebx at 0x00538CE2"
AlphaNet,0xD0,4,0,"??1AlphaNet@@QAE@XZ: mov ecx, dword ptr [esi + 0xd0] at 0x00538CDC"
AlphaNet,0x6E0,4,0,"?pick_service@AlphaNet@@QAEHPAH@Z: cmp dword ptr [esi + 0x6e0], edi at 0x004E2759"
AlphaNet,0x72C,4,0,"??1AlphaNet@@QAE@XZ: mov dword ptr [ecx], 0x66941c at 0x00538C2C"
AlphaNet,0x730,4,0,"??1AlphaNet@@QAE@XZ: mov eax, dword ptr [edi - 0x20] at 0x00538C32"
AlphaNet,0x740,4,0,"??1AlphaNet@@QAE@XZ: mov dword ptr [edi - 0x10], 0 at 0x00538C4C"
AlphaNet,0x750,4,0,"??1AlphaNet@@QAE@XZ: mov dword ptr [edi], ebx at 0x00538C64"
AlphaNet,0x754,4,0,"??1AlphaNet@@QAE@XZ: mov eax, dword ptr [edi + 4] at 0x00538C5C"
AlphaNet,0x758,4,0,"??1AlphaNet@@QAE@XZ: mov dword ptr [esi + 0x758], ebx at 0x00538C71"
AlphaNet,0x75C,4,0,"??1AlphaNet@@QAE@XZ: mov ecx, dword ptr [esi + 0x75c] at 0x00538C6B"
AlphaNet,0x768,4,0,"??0AlphaNet@@QAE@XZ: mov dword ptr [esi + 0x768], ebx at 0x004E2590"
AlphaNet,0x78C,4,0,"??0AlphaNet@@QAE@XZ: mov dword ptr [eax], ebx at 0x004E2583"
AlphaNet,0x790,1,0,"??0AlphaNet@@QAE@XZ: mov byte ptr [eax - 2], dl at 0x004E24CD"
AlphaNet,0x791,1,0,"??0AlphaNet@@QAE@XZ: mov byte ptr [eax - 1], bl at 0x004E24D0"
AlphaNet,0x792,1,0,"??0AlphaNet@@QAE@XZ: mov byte ptr [eax], bl at 0x004E24D3"
AlphaNet,0x793,1,0,"??0AlphaNet@@QAE@XZ: mov byte ptr [eax + 1], dl at 0x004E24D5"
AlphaNet,0x794,1,0,"??0AlphaNet@@QAE@XZ: mov byte ptr [eax + 2], 2 at 0x004E24D8"
AlphaNet,0x928,4,0,"?pid_2_who@AlphaNet@@QAEHK@Z: cmp dword ptr [edx], esi at 0x004E2622"
AlphaNet,0x92C,1,0,"?who_2_pid@AlphaNet@@QAEHH@Z: movsx edi, byte ptr [edx] at 0x004E2673"
AlphaNet,0x144C,4,0,"??0AlphaNet@@QAE@XZ: mov dword ptr [esi + 0x144c], 0x669408 at 0x004E250F"
AlphaNet,0x1450,4,0,"??0AlphaNet@@QAE@XZ: mov dword ptr [esi + 0x1450], 0x66eaf0 at 0x004E24E4"
AlphaNet,0x1454,4,0,"??0AlphaNet@@QAE@XZ: mov dword ptr [esi + 0x1454], ebx at 0x004E252D"
AlphaNet,0x1458,4,0,"??0AlphaNet@@QAE@XZ: mov dword ptr [esi + 0x1458], ebx at 0x004E2533"
AlphaNet,0x145C,4,0,"??0AlphaNet@@QAE@XZ: mov dword ptr [esi + 0x145c], ebx at 0x004E2539"
AlphaNet,0x1460,4,0,"??0AlphaNet@@QAE@XZ: mov dword ptr [esi + 0x1460], ebx at 0x004E253F"
AlphaNet,0x1464,4,0,"??0AlphaNet@@QAE@XZ: mov dword ptr [esi + 0x1464], ebx at 0x004E2545"
AlphaNet,0x1484,4,0,"??0AlphaNet@@QAE@XZ: mov dword ptr [esi + 0x1484], 0x6693ac at 0x004E24EE"
AlphaNet,0x1488,4,0,"??0AlphaNet@@QAE@XZ: mov dword ptr [esi + 0x1488], eax at 0x004E24FD"
AlphaSave,0x0,4,0,"??0AlphaSave@@QAE@XZ: mov dword ptr [esi], 0x669ec8 at 0x004073F2"
AlphaSave,0x444,4,0,"??0AlphaSave@@QAE@XZ: mov dword ptr [esi + 0x444], 0x669ec0 at 0x004073F8"
AlphaSave,0x474,4,0,"?init@AlphaSave@@QAEXXZ: mov eax, dword ptr [esi + 0x474] at 0x00407505"
AlphaSave,0x478,4,0,"?init@AlphaSave@@QAEXXZ: mov ecx, dword ptr [edx + 4] at 0x0040750E"
AlphaSave,0x47C,4,0,"?init@AlphaSave@@QAEXXZ: mov eax, dword ptr [edx + 8] at 0x00407514"
AlphaSave,0x480,4,0,"?init@AlphaSave@@QAEXXZ: mov ecx, dword ptr [edx + 0xc] at 0x0040751D"
AlphaSave,0x1074,4,0,"?init@AlphaSave@@QAEXXZ: mov edx, dword ptr [edi] at 0x004078A3"
AlphaSave,0x1BC0,4,0,"??1AlphaSave@@QAE@XZ: mov dword ptr [ebx], 0x669754 at 0x0040830F"
AlphaSave,0x2004,4,0,"??1AlphaSave@@QAE@XZ: mov dword ptr [ebx + 0x444], 0x66974c at 0x00408315"
AlphaSave,0x270C,4,0,"?init@AlphaSave@@QAEXXZ: mov edx, dword ptr [edi] at 0x00407871"
AlphaSave,0x2B50,4,0,"??1AlphaSave@@QAE@XZ: mov dword ptr [ebx + 0x444], 0x66a030 at 0x004082D7"
AlphaSave,0x3228,4,0,"?init@AlphaSave@@QAEXXZ: mov dword ptr [esi + 0x3228], ecx at 0x00407820"
AlphaSave,0x322C,4,0,"?init@AlphaSave@@QAEXXZ: mov dword ptr [esi + 0x322c], eax at 0x0040785F"
AlphaSave,0x3230,4,0,"?init@AlphaSave@@QAEXXZ: mov dword ptr [esi + 0x3230], ecx at 0x0040786B"
AlphaSave,0x3234,4,0,"?init@AlphaSave@@QAEXXZ: mov dword ptr [esi + 0x3234], ecx at 0x00407848"
AlphaSave,0x3238,4,0,"?init@AlphaSave@@QAEXXZ: mov dword ptr [esi + 0x3238], edx at 0x00407854"
AlphaSave,0x324C,4,0,"?on_selected@AlphaSave@@QAEXH@Z: mov dword ptr [esi + 0xb40], 0 at 0x00407E48"
AlphaSave,0x3250,4,0,"?on_selected@AlphaSave@@QAEXH@Z: mov dword ptr [esi + 0xb44], eax at 0x00407E5F"
AlphaSave,0x3280,4,0,"?init@AlphaSave@@QAEXXZ: mov ecx, dword ptr [esi + 0x3280] at 0x00407720"
AlphaSave,0x3290,4,0,"?init@AlphaSave@@QAEXXZ: mov dword ptr [esi + 0x3290], ecx at 0x0040776B"
AlphaSave,0x3294,4,0,"?init@AlphaSave@@QAEXXZ: mov dword ptr [esi + 0x3294], ebx at 0x004077C0"
AlphaSave,0x32AC,4,0,"?init@AlphaSave@@QAEXXZ: mov dword ptr [esi + 0x32ac], edi at 0x004077BA"
AlphaSave,0x32B0,4,0,"?init@AlphaSave@@QAEXXZ: mov dword ptr [esi + 0x32b0], 0x4072d0 at 0x004077B0"
AlphaSave,0x3DD8,4,0,"?on_listbox_scroll_create@AlphaSave@@QAEHXZ: mov eax, dword ptr [esi] at 0x00407EA9"
AlphaSave,0x421C,4,0,"??1AlphaSave@@QAE@XZ: mov dword ptr [edi + 0x444], 0x669d50 at 0x00408213"
AlphaSave,0x4884,4,0,"??1AlphaSave@@QAE@XZ: mov dword ptr [ebx], 0x669754 at 0x00408260"
AlphaSave,0x4CC8,4,0,"??1AlphaSave@@QAE@XZ: mov dword ptr [ebx + 0x444], 0x66974c at 0x00408266"
AlphaSave,0x53D0,4,0,"??1AlphaSave@@QAE@XZ: mov dword ptr [ebx], 0x669754 at 0x00408231"
AlphaSave,0x5814,4,0,"??1AlphaSave@@QAE@XZ: mov dword ptr [ebx + 0x444], 0x66974c at 0x00408237"
Ambience,0x0,4,0,"??1Ambience@@QAE@XZ: mov dword ptr [esi], 0x66e538 at 0x004C7690"
Ambience,0x4,4,0,"??0Ambience@@QAE@XZ: mov dword ptr [esi + 4], 0x7f at 0x004C8490"
Ambience,0x8,4,0,"??0Ambience@@QAE@XZ: mov dword ptr [esi + 8], ebx at 0x004C8497"
Ambience,0x30,4,0,"??0Ambience@@QAE@XZ: mov dword ptr [esi + 0x30], ebx at 0x004C849F"
Ambience,0x38,4,0,"??0Ambience@@QAE@XZ: mov dword ptr [esi + 0x38], 0x3e8 at 0x004C84CB"
Ambience,0x3C,4,0,"??1Ambience@@QAE@XZ: mov eax, dword ptr [esi + 0x3c] at 0x004C76AB"
Ambience,0x40,1,0,"??1Ambience@@QAE@XZ: test byte ptr [esi + 0x40], 2 at 0x004C7706"
Ambience,0x40,4,0,"??1Ambience@@QAE@XZ: mov eax, dword ptr [esi + 0x40] at 0x004C773C"
Ambience,0x44,4,0,"??1Ambience@@QAE@XZ: mov eax, dword ptr [esi + 0x44] at 0x004C770C"
Ambience,0x48,4,0,"??1Ambience@@QAE@XZ: mov ecx, dword ptr [esi + 0x48] at 0x004C7713"
Ambience,0x4C,4,0,"??1Ambience@@QAE@XZ: mov eax, dword ptr [esi + 0x4c] at 0x004C7696"
Ambience,0x50,4,0,"??0Ambience@@QAE@XZ: mov dword ptr [esi + 0x50], ebx at 0x004C84E4"
Ambience,0x54,1,0,"??0Ambience@@QAE@XZ: mov dl, byte ptr [ebx] at 0x004C84FC"
AutoSound,0x0,4,0,"??_GAutoSound@@UAEPAXI@Z: mov dword ptr [esi], 0x66ff34 at 0x005F8643"
AutoSound,0x4,4,0,"??0AutoSound@@QAE@XZ: mov dword ptr [eax + 4], ecx at 0x0062BA8E"
AutoSound,0x8,4,0,"??0AutoSound@@QAE@XZ: mov dword ptr [eax + 8], edx at 0x0062BAA9"
AutoSound,0xC,4,0,"??0AutoSound@@QAE@XZ: mov dword ptr [eax + 0xc], edx at 0x0062BA97"
AutoSound,0x10,4,0,"??0AutoSound@@QAE@XZ: mov dword ptr [eax + 0x10], ecx at 0x0062BAA0"
AutoSound,0x14,4,0,"??0AutoSound@@QAE@XZ: mov dword ptr [eax + 0x14], ecx at 0x0062BAB2"
AutoSound,0x18,4,0,"??0AutoSound@@QAE@XZ: mov dword ptr [eax + 0x18], edx at 0x0062BABB"
AutoSound,0x1C,4,0,"??0AutoSound@@QAE@XZ: mov dword ptr [eax + 0x1c], ecx at 0x0062BAC4"
AutoSound,0x20,4,0,"??0AutoSound@@QAE@XZ: mov dword ptr [eax + 0x20], edx at 0x0062BACD"
AutoSound,0x24,4,0,"??0AutoSound@@QAE@XZ: mov dword ptr [eax + 0x24], ecx at 0x0062BAD6"
AutoSound,0x28,4,0,"??0AutoSound@@QAE@XZ: mov dword ptr [eax + 0x28], edx at 0x0062BADF"
AutoSound,0x2C,4,0,"??0AutoSound@@QAE@XZ: mov dword ptr [eax + 0x2c], ecx at 0x0062BAE8"
AutoSound,0x30,4,0,"??0AutoSound@@QAE@XZ: mov dword ptr [eax + 0x30], edx at 0x0062BAF1"
AutoSound,0x34,4,0,"??0AutoSound@@QAE@XZ: mov dword ptr [eax + 0x34], ecx at 0x0062BAFA"
AutoSound,0x38,4,0,"??0AutoSound@@QAE@XZ: mov dword ptr [eax + 0x38], edx at 0x0062BB03"
AutoSound,0x3C,4,0,"??0AutoSound@@QAE@XZ: mov dword ptr [eax + 0x3c], ecx at 0x0062BB0C"
AutoSound,0x40,4,0,"??0AutoSound@@QAE@XZ: mov dword ptr [eax + 0x40], edx at 0x0062BB15"
AutoSound,0x44,4,0,"??0AutoSound@@QAE@XZ: mov dword ptr [eax + 0x44], ecx at 0x0062BB1E"
AutoSound,0x48,4,0,"??0AutoSound@@QAE@XZ: mov dword ptr [eax + 0x48], edx at 0x0062BB27"
AutoSound,0x4C,4,0,"??0AutoSound@@QAE@XZ: mov dword ptr [eax + 0x4c], ecx at 0x0062BB30"
AutoSound,0x50,4,0,"??0AutoSound@@QAE@XZ: mov dword ptr [eax + 0x50], edx at 0x0062BB39"
AutoSound,0x54,4,0,"??0AutoSound@@QAE@XZ: mov dword ptr [eax + 0x54], ecx at 0x0062BB42"
AutoSound,0x58,4,0,"??0AutoSound@@QAE@XZ: mov dword ptr [eax + 0x58], edx at 0x0062BB4B"
AutoSound,0x5C,4,0,"??0AutoSound@@QAE@XZ: mov dword ptr [eax + 0x5c], ecx at 0x0062BB54"
AutoSound,0x60,4,0,"??0AutoSound@@QAE@XZ: mov dword ptr [eax + 0x60], edx at 0x0062BB5D"
AutoSound,0x64,4,0,"??0AutoSound@@QAE@XZ: mov dword ptr [eax + 0x64], ecx at 0x0062BB66"
AutoSound,0x68,4,0,"??0AutoSound@@QAE@XZ: mov dword ptr [eax + 0x68], edx at 0x0062BB6F"
AutoSound,0x6C,4,0,"??0AutoSound@@QAE@XZ: mov dword ptr [eax + 0x6c], ecx at 0x0062BB78"
AutoSound,0x70,4,0,"??0AutoSound@@QAE@XZ: mov dword ptr [eax + 0x70], edx at 0x0062BB81"
AutoSound,0x74,4,0,"??0AutoSound@@QAE@XZ: mov dword ptr [eax + 0x74], ecx at 0x0062BB8A"
AutoSound,0x78,4,0,"??0AutoSound@@QAE@XZ: mov dword ptr [eax + 0x78], edx at 0x0062BB93"
AutoSound,0x7C,4,0,"??0AutoSound@@QAE@XZ: mov dword ptr [eax + 0x7c], ecx at 0x0062BB9C"
AutoSound,0x80,4,0,"??0AutoSound@@QAE@XZ: mov dword ptr [eax + 0x80], edx at 0x0062BBA5"
AutoSound,0x84,4,0,"??0AutoSound@@QAE@XZ: mov dword ptr [eax + 0x84], ecx at 0x0062BBB1"
AutoSound,0x88,4,0,"??0AutoSound@@QAE@XZ: mov dword ptr [eax + 0x88], edx at 0x0062BBBD"
AutoSound,0x8C,4,0,"??0AutoSound@@QAE@XZ: mov dword ptr [eax + 0x8c], ecx at 0x0062BBC9"
AutoSound,0x90,4,0,"??0AutoSound@@QAE@XZ: mov dword ptr [eax + 0x90], edx at 0x0062BBD5"
AutoSound,0x94,4,0,"??0AutoSound@@QAE@XZ: mov dword ptr [eax + 0x94], ecx at 0x0062BBE1"
BAmbience,0x0,4,0,"??0BAmbience@@QAE@XZ: mov dword ptr [esi], 0x66b9f0 at 0x004478DA"
BAmbience,0x58,4,0,"??0BAmbience@@QAE@XZ: mov dword ptr [esi + 0x58], eax at 0x004478E0"
BAmbience,0x5C,4,0,"??0BAmbience@@QAE@XZ: mov dword ptr [esi + 0x5c], eax at 0x004478E3"
BAmbience,0x60,4,0,"??0BAmbience@@QAE@XZ: mov dword ptr [esi + 0x60], eax at 0x004478E6"
BAmbience,0x64,4,0,"??0BAmbience@@QAE@XZ: mov dword ptr [esi + 0x64], eax at 0x004478E9"
BAmbience,0x68,4,0,"??0BAmbience@@QAE@XZ: mov dword ptr [esi + 0x68], eax at 0x004478F2"
BAmbience,0x6C,1,0,"??0BAmbience@@QAE@XZ: mov byte ptr [esi + 0x6c], al at 0x004478EC"
BAmbience,0x6D,1,0,"??0BAmbience@@QAE@XZ: mov byte ptr [esi + 0x6d], al at 0x004478EF"
BAmbience,0x70,4,0,"??0BAmbience@@QAE@XZ: mov dword ptr [esi + 0x70], 1 at 0x004478F8"
BAmbience,0x74,4,0,"??0BAmbience@@QAE@XZ: mov dword ptr [esi + 0x74], eax at 0x004478F5"
BAmbience,0x78,4,0,"??0BAmbience@@QAE@XZ: mov dword ptr [esi + 0x78], 0x14 at 0x004478FF"
BAmbience,0x7C,4,0,"??0BAmbience@@QAE@XZ: mov dword ptr [esi + 0x7c], 0xf at 0x00447906"
BaseButton,0x0,4,0,"??0BaseButton@@QAE@XZ: mov dword ptr [esi], 0x670290 at 0x00606F77"
BaseButton,0xC4,4,0,"?set_text_color@BaseButton@@QAEXHHHH@Z: mov eax, dword ptr [ecx + 0xc4] at 0x00607360"
BaseButton,0x13C,4,0,"?timer_callback@BaseButton@@QAEXH@Z: mov ecx, dword ptr [eax] at 0x00607B6A"
BaseButton,0x140,4,0,"?timer_callback@BaseButton@@QAEXH@Z: mov edx, dword ptr [eax + 4] at 0x00607B70"
BaseButton,0x144,4,0,"?timer_callback@BaseButton@@QAEXH@Z: mov ecx, dword ptr [eax + 8] at 0x00607B77"
BaseButton,0x148,4,0,"?timer_callback@BaseButton@@QAEXH@Z: mov edx, dword ptr [eax + 0xc] at 0x00607B82"
BaseButton,0x444,4,0,"??0BaseButton@@QAE@XZ: mov dword ptr [esi + 0x444], 0x670288 at 0x00606F7D"
BaseButton,0x474,4,0,"?on_mouse_move@BaseButton@@QAEXHH@Z: mov edx, dword ptr [esi + 0x474] at 0x0060785F"
BaseButton,0x478,4,0,"?on_mouse_move@BaseButton@@QAEXHH@Z: mov edi, dword ptr [eax + 4] at 0x00607867"
BaseButton,0x47C,4,0,"?on_mouse_move@BaseButton@@QAEXHH@Z: mov ebx, dword ptr [eax + 8] at 0x0060786C"
BaseButton,0x480,4,0,"?on_mouse_move@BaseButton@@QAEXHH@Z: mov ebp, dword ptr [eax + 0xc] at 0x00607877"
BaseButton,0xA18,4,0,"?UNK2@BaseButton@@QAEXXZ: mov eax, dword ptr [esi + 0xa18] at 0x00607C36"
BaseButton,0xA44,4,0,"??0BaseButton@@QAE@XZ: mov dword ptr [esi + 0xa44], eax at 0x00606F8D"
BaseButton,0xA48,4,0,"??0BaseButton@@QAE@XZ: mov dword ptr [esi + 0xa48], eax at 0x00606F93"
BaseButton,0xA74,4,0,"??0BaseButton@@QAE@XZ: mov dword ptr [esi + 0xa74], edi at 0x00606F87"
BaseButton,0xA78,4,0,"??0BaseButton@@QAE@XZ: mov dword ptr [esi + 0xa78], edi at 0x00606F99"
BaseButton,0xA7C,4,0,"??0BaseButton@@QAE@XZ: mov dword ptr [esi + 0xa7c], edi at 0x00606FA5"
BaseButton,0xA80,4,0,"??0BaseButton@@QAE@XZ: mov dword ptr [esi + 0xa80], edi at 0x00606FAB"
BaseButton,0xA84,4,0,"??0BaseButton@@QAE@XZ: mov dword ptr [esi + 0xa84], ecx at 0x00606FDA"
BaseButton,0xA88,4,0,"??0BaseButton@@QAE@XZ: mov dword ptr [esi + 0xa88], edx at 0x00606FE6"
BaseButton,0xA8C,4,0,"??0BaseButton@@QAE@XZ: mov dword ptr [esi + 0xa8c], eax at 0x00606FF1"
BaseButton,0xA90,4,0,"??0BaseButton@@QAE@XZ: mov dword ptr [esi + 0xa90], ecx at 0x00606FFD"
BaseButton,0xA94,4,0,"??0BaseButton@@QAE@XZ: mov dword ptr [esi + 0xa94], eax at 0x00606FCE"
BaseButton,0xA98,4,0,"??0BaseButton@@QAE@XZ: mov dword ptr [esi + 0xa98], edx at 0x0060700D"
BaseButton,0xA9C,4,0,"?hide@BaseButton@@QAEXXZ: mov dword ptr [ecx + 0xa9c], 0 at 0x0040686A"
BaseButton,0xAA0,4,0,"??0BaseButton@@QAE@XZ: mov dword ptr [esi + 0xaa0], eax at 0x0060701E"
BaseButton,0xAA4,4,0,"??0BaseButton@@QAE@XZ: mov dword ptr [esi + 0xaa4], edi at 0x00607013"
BaseButton,0xAA8,4,0,"?hide@BaseButton@@QAEXXZ: mov eax, dword ptr [ecx + 0xaa8] at 0x00406860"
BaseButton,0xAAC,4,0,"??0BaseButton@@QAE@XZ: mov dword ptr [esi + 0xaac], edi at 0x00606FB7"
BaseButton,0xAB0,4,0,"??0BaseButton@@QAE@XZ: mov dword ptr [esi + 0xab0], edi at 0x00606FBD"
BaseButton,0xAB4,4,0,"??0BaseButton@@QAE@XZ: mov dword ptr [esi + 0xab4], edi at 0x00606FC3"
BasePop,0x0,4,0,"??1BasePop@@QAE@XZ: mov dword ptr [esi], 0x6698d4 at 0x004064F2"
BasePop,0x20,4,0,"?UNK3@BasePop@@QAEXH@Z: mov eax, dword ptr [ecx + 0x20] at 0x00605186"
BasePop,0x114,4,0,"?exec@BasePop@@QAEHHP6AHXZ@Z: mov ecx, dword ptr [esi + 0x114] at 0x0060283A"
BasePop,0x118,4,0,"?exec@BasePop@@QAEHHP6AHXZ@Z: mov edx, dword ptr [esi + 0x118] at 0x00602840"
BasePop,0x11C,4,0,"?exec@BasePop@@QAEHHP6AHXZ@Z: mov eax, dword ptr [esi + 0x11c] at 0x00602834"
BasePop,0x14C,4,0,"?exec@BasePop@@QAEHHP6AHXZ@Z: mov eax, dword ptr [esi + 0x14c] at 0x00603724"
BasePop,0x150,4,0,"?exec@BasePop@@QAEHHP6AHXZ@Z: mov ecx, dword ptr [esi + 0x150] at 0x0060372F"
BasePop,0x444,4,0,"??1BasePop@@QAE@XZ: mov dword ptr [esi + 0x444], 0x6698cc at 0x004064F8"
BasePop,0x4C4,4,0,"?on_redraw@BasePop@@QAEXXZ: mov edx, dword ptr [esi + 0x4c4] at 0x00604B33"
BasePop,0x4C8,4,0,"?on_redraw@BasePop@@QAEXXZ: mov ecx, dword ptr [esi + 0x4c8] at 0x00604B2D"
BasePop,0xA14,4,0,"??0BasePop@@QAE@XZ: mov dword ptr [ebp + 0xa14], edx at 0x00600E05"
BasePop,0xA18,4,0,"??0BasePop@@QAE@XZ: mov dword ptr [ebp + 0xa18], eax at 0x00600E10"
BasePop,0xA1C,4,0,"??0BasePop@@QAE@XZ: mov dword ptr [ebp + 0xa1c], ecx at 0x00600E1C"
BasePop,0xA20,4,0,"??0BasePop@@QAE@XZ: mov dword ptr [ebp + 0xa20], edx at 0x00600E28"
BasePop,0xA24,4,0,"??0BasePop@@QAE@XZ: mov dword ptr [ebp + 0xa24], eax at 0x00600E33"
BasePop,0xA3C,4,0,"??0BasePop@@QAE@XZ: mov dword ptr [ebp + 0xa3c], ebp at 0x00600AB0"
BasePop,0xA40,4,0,"??0BasePop@@QAE@XZ: mov dword ptr [ebp + 0xa40], ebx at 0x00600ABC"
BasePop,0xA44,4,0,"??0BasePop@@QAE@XZ: mov dword ptr [ebp + 0xa44], eax at 0x00600ACE"
BasePop,0xA48,4,0,"??0BasePop@@QAE@XZ: mov dword ptr [ebp + 0xa48], ebx at 0x00600AE3"
BasePop,0xA5C,4,0,"??1BasePop@@QAE@XZ: mov dword ptr [edi], 0x669754 at 0x0040661C"
BasePop,0xEA0,4,0,"??1BasePop@@QAE@XZ: mov dword ptr [edi + 0x444], 0x66974c at 0x00406622"
BasePop,0x14E0,4,0,"?exec@BasePop@@QAEHHP6AHXZ@Z: mov dword ptr [edi + 0xa84], eax at 0x00602F56"
BasePop,0x14E4,4,0,"?exec@BasePop@@QAEHHP6AHXZ@Z: mov dword ptr [edi + 0xa88], eax at 0x00602F62"
BasePop,0x14E8,4,0,"?exec@BasePop@@QAEHHP6AHXZ@Z: mov dword ptr [edi + 0xa8c], eax at 0x00602F6E"
BasePop,0x14EC,4,0,"?exec@BasePop@@QAEHHP6AHXZ@Z: mov dword ptr [edi + 0xa90], eax at 0x00602F7A"
BasePop,0x14F0,4,0,"?exec@BasePop@@QAEHHP6AHXZ@Z: mov dword ptr [edi + 0xa94], eax at 0x00602F86"
BasePop,0x14F4,4,0,"?exec@BasePop@@QAEHHP6AHXZ@Z: mov dword ptr [edi + 0xa98], eax at 0x00602F92"
BasePop,0x153C,4,0,"?exec@BasePop@@QAEHHP6AHXZ@Z: mov dword ptr [edi + 0xae0], edx at 0x00602D83"
BasePop,0x1540,4,0,"?exec@BasePop@@QAEHHP6AHXZ@Z: mov dword ptr [edi + 0xae4], ecx at 0x00602D7D"
BasePop,0x1544,4,0,"?exec@BasePop@@QAEHHP6AHXZ@Z: mov dword ptr [edi + 0xae8], eax at 0x00602D89"
BasePop,0x1548,4,0,"?exec@BasePop@@QAEHHP6AHXZ@Z: mov dword ptr [edi + 0xaec], edx at 0x00602DA7"
BasePop,0x154C,4,0,"?exec@BasePop@@QAEHHP6AHXZ@Z: mov dword ptr [edi + 0xaf0], ecx at 0x00602DA1"
BasePop,0x1550,4,0,"?exec@BasePop@@QAEHHP6AHXZ@Z: mov dword ptr [edi + 0xaf4], eax at 0x00602DAD"
BasePop,0x1554,4,0,"?exec@BasePop@@QAEHHP6AHXZ@Z: mov dword ptr [edi + 0xaf8], edx at 0x00602DCB"
BasePop,0x1558,4,0,"?exec@BasePop@@QAEHHP6AHXZ@Z: mov dword ptr [edi + 0xafc], ecx at 0x00602DC5"
BasePop,0x155C,4,0,"?exec@BasePop@@QAEHHP6AHXZ@Z: mov dword ptr [edi + 0xb00], eax at 0x00602DD1"
BasePop,0x1560,4,0,"?exec@BasePop@@QAEHHP6AHXZ@Z: mov dword ptr [edi + 0xb04], edx at 0x00602DEF"
BasePop,0x1564,4,0,"?exec@BasePop@@QAEHHP6AHXZ@Z: mov dword ptr [edi + 0xb08], ecx at 0x00602DE9"
BasePop,0x1568,4,0,"?exec@BasePop@@QAEHHP6AHXZ@Z: mov dword ptr [edi + 0xb0c], eax at 0x00602DF5"
BasePop,0x156C,4,0,"?exec@BasePop@@QAEHHP6AHXZ@Z: mov dword ptr [edi + 0xb10], edx at 0x00602E13"
BasePop,0x1570,4,0,"?exec@BasePop@@QAEHHP6AHXZ@Z: mov dword ptr [edi + 0xb14], ecx at 0x00602E0D"
BasePop,0x1574,4,0,"?exec@BasePop@@QAEHHP6AHXZ@Z: mov dword ptr [edi + 0xb18], eax at 0x00602E19"
BasePop,0x1578,4,0,"?exec@BasePop@@QAEHHP6AHXZ@Z: mov dword ptr [edi + 0xb1c], edx at 0x00602E37"
BasePop,0x157C,4,0,"?exec@BasePop@@QAEHHP6AHXZ@Z: mov dword ptr [edi + 0xb20], ecx at 0x00602E31"
BasePop,0x1580,4,0,"?exec@BasePop@@QAEHHP6AHXZ@Z: mov dword ptr [edi + 0xb24], eax at 0x00602E3D"
BasePop,0x1584,4,0,"?exec@BasePop@@QAEHHP6AHXZ@Z: mov dword ptr [edi + 0xb28], edx at 0x00602E5B"
BasePop,0x1588,4,0,"?exec@BasePop@@QAEHHP6AHXZ@Z: mov dword ptr [edi + 0xb2c], ecx at 0x00602E55"
BasePop,0x158C,4,0,"?exec@BasePop@@QAEHHP6AHXZ@Z: mov dword ptr [edi + 0xb30], eax at 0x00602E61"
BasePop,0x1590,4,0,"?exec@BasePop@@QAEHHP6AHXZ@Z: mov dword ptr [edi + 0xb34], edx at 0x00602E7F"
BasePop,0x1594,4,0,"?exec@BasePop@@QAEHHP6AHXZ@Z: mov dword ptr [edi + 0xb38], ecx at 0x00602E79"
BasePop,0x1598,4,0,"?exec@BasePop@@QAEHHP6AHXZ@Z: mov dword ptr [edi + 0xb3c], eax at 0x00602E85"
BasePop,0x159C,4,0,"?exec@BasePop@@QAEHHP6AHXZ@Z: mov dword ptr [edi + 0xb40], edx at 0x00602EA3"
BasePop,0x15A0,4,0,"?exec@BasePop@@QAEHHP6AHXZ@Z: mov dword ptr [edi + 0xb44], ecx at 0x00602E9D"
BasePop,0x15A4,4,0,"?exec@BasePop@@QAEHHP6AHXZ@Z: mov dword ptr [edi + 0xb48], eax at 0x00602EA9"
BasePop,0x15A8,4,0,"??1BasePop@@QAE@XZ: mov dword ptr [edi], 0x669754 at 0x004065ED"
BasePop,0x19EC,4,0,"??1BasePop@@QAE@XZ: mov dword ptr [edi + 0x444], 0x66974c at 0x004065F3"
BasePop,0x202C,4,0,"?exec@BasePop@@QAEHHP6AHXZ@Z: mov dword ptr [esi + 0x202c], eax at 0x00603631"
BasePop,0x2030,4,0,"?exec@BasePop@@QAEHHP6AHXZ@Z: mov dword ptr [esi + 0x2030], ecx at 0x0060363D"
BasePop,0x2034,4,0,"?exec@BasePop@@QAEHHP6AHXZ@Z: mov dword ptr [esi + 0x2034], edx at 0x00603649"
BasePop,0x2038,4,0,"?exec@BasePop@@QAEHHP6AHXZ@Z: mov dword ptr [esi + 0x2038], eax at 0x00603655"
BasePop,0x203C,4,0,"?exec@BasePop@@QAEHHP6AHXZ@Z: mov dword ptr [esi + 0x203c], ecx at 0x00603661"
BasePop,0x2040,4,0,"?exec@BasePop@@QAEHHP6AHXZ@Z: mov dword ptr [esi + 0x2040], edx at 0x0060366D"
BasePop,0x2088,4,0,"?exec@BasePop@@QAEHHP6AHXZ@Z: mov dword ptr [edi + 0xae0], edx at 0x00603448"
BasePop,0x208C,4,0,"?exec@BasePop@@QAEHHP6AHXZ@Z: mov dword ptr [edi + 0xae4], ecx at 0x00603442"
BasePop,0x2090,4,0,"?exec@BasePop@@QAEHHP6AHXZ@Z: mov dword ptr [edi + 0xae8], eax at 0x0060344E"
BasePop,0x2094,4,0,"?exec@BasePop@@QAEHHP6AHXZ@Z: mov dword ptr [edi + 0xaec], edx at 0x0060346C"
BasePop,0x2098,4,0,"?exec@BasePop@@QAEHHP6AHXZ@Z: mov dword ptr [edi + 0xaf0], ecx at 0x00603466"
BasePop,0x209C,4,0,"?exec@BasePop@@QAEHHP6AHXZ@Z: mov dword ptr [edi + 0xaf4], eax at 0x00603472"
BasePop,0x20A0,4,0,"?exec@BasePop@@QAEHHP6AHXZ@Z: mov dword ptr [edi + 0xaf8], edx at 0x00603490"
BasePop,0x20A4,4,0,"?exec@BasePop@@QAEHHP6AHXZ@Z: mov dword ptr [edi + 0xafc], ecx at 0x0060348A"
BasePop,0x20A8,4,0,"?exec@BasePop@@QAEHHP6AHXZ@Z: mov dword ptr [edi + 0xb00], eax at 0x00603496"
BasePop,0x20AC,4,0,"?exec@BasePop@@QAEHHP6AHXZ@Z: mov dword ptr [edi + 0xb04], edx at 0x006034B4"
BasePop,0x20B0,4,0,"?exec@BasePop@@QAEHHP6AHXZ@Z: mov dword ptr [edi + 0xb08], ecx at 0x006034AE"
BasePop,0x20B4,4,0,"?exec@BasePop@@QAEHHP6AHXZ@Z: mov dword ptr [edi + 0xb0c], eax at 0x006034BA"
BasePop,0x20B8,4,0,"?exec@BasePop@@QAEHHP6AHXZ@Z: mov dword ptr [edi + 0xb10], edx at 0x006034D8"
BasePop,0x20BC,4,0,"?exec@BasePop@@QAEHHP6AHXZ@Z: mov dword ptr [edi + 0xb14], ecx at 0x006034D2"
BasePop,0x20C0,4,0,"?exec@BasePop@@QAEHHP6AHXZ@Z: mov dword ptr [edi + 0xb18], eax at 0x006034DE"
BasePop,0x20C4,4,0,"?exec@BasePop@@QAEHHP6AHXZ@Z: mov dword ptr [edi + 0xb1c], edx at 0x006034FC"
BasePop,0x20C8,4,0,"?exec@BasePop@@QAEHHP6AHXZ@Z: mov dword ptr [edi + 0xb20], ecx at 0x006034F6"
BasePop,0x20CC,4,0,"?exec@BasePop@@QAEHHP6AHXZ@Z: mov dword ptr [edi + 0xb24], eax at 0x00603502"
BasePop,0x20D0,4,0,"?exec@BasePop@@QAEHHP6AHXZ@Z: mov dword ptr [edi + 0xb28], edx at 0x00603520"
BasePop,0x20D4,4,0,"?exec@BasePop@@QAEHHP6AHXZ@Z: mov dword ptr [edi + 0xb2c], ecx at 0x0060351A"
BasePop,0x20D8,4,0,"?exec@BasePop@@QAEHHP6AHXZ@Z: mov dword ptr [edi + 0xb30], eax at 0x00603526"
BasePop,0x20DC,4,0,"?exec@BasePop@@QAEHHP6AHXZ@Z: mov dword ptr [edi + 0xb34], edx at 0x00603544"
BasePop,0x20E0,4,0,"?exec@BasePop@@QAEHHP6AHXZ@Z: mov dword ptr [edi + 0xb38], ecx at 0x0060353E"
BasePop,0x20E4,4,0,"?exec@BasePop@@QAEHHP6AHXZ@Z: mov dword ptr [edi + 0xb3c], eax at 0x0060354A"
BasePop,0x20E8,4,0,"?exec@BasePop@@QAEHHP6AHXZ@Z: mov dword ptr [edi + 0xb40], edx at 0x0060356C"
BasePop,0x20EC,4,0,"?exec@BasePop@@QAEHHP6AHXZ@Z: mov dword ptr [edi + 0xb44], ecx at 0x00603562"
BasePop,0x20F0,4,0,"?exec@BasePop@@QAEHHP6AHXZ@Z: mov dword ptr [edi + 0xb48], eax at 0x00603572"
BasePop,0x20F4,4,0,"??0BasePop@@QAE@XZ: mov dword ptr [ebp + 0x20f4], ebx at 0x00600AB6"
BasePop,0x20F8,4,0,"??0BasePop@@QAE@XZ: rep stosd dword ptr es:[edi], eax at 0x00600AE1"
BasePop,0x2144,4,0,"??0BasePop@@QAE@XZ: mov dword ptr [ebp + 0x2144], ebx at 0x00600B3A"
BasePop,0x2148,4,0,"??0BasePop@@QAE@XZ: mov dword ptr [ebp + 0x2148], ecx at 0x00600B51"
BasePop,0x214C,4,0,"??0BasePop@@QAE@XZ: mov dword ptr [ebp + 0x214c], eax at 0x00600B45"
BasePop,0x2150,4,0,"??1BasePop@@QAE@XZ: mov dword ptr [ecx], 0x6698c4 at 0x00406596"
BasePop,0x2154,4,0,"??1BasePop@@QAE@XZ: mov edx, dword ptr [edi - 0x24] at 0x0040659C"
BasePop,0x2158,4,0,"??0BasePop@@QAE@XZ: mov dword ptr [ebp + 0x2158], ebx at 0x0060091C"
BasePop,0x215C,4,0,"??0BasePop@@QAE@XZ: mov dword ptr [ebp + 0x215c], ebx at 0x00600922"
BasePop,0x2160,4,0,"??0BasePop@@QAE@XZ: mov dword ptr [ebp + 0x2160], ebx at 0x00600928"
BasePop,0x2164,4,0,"??1BasePop@@QAE@XZ: mov dword ptr [edi - 0x14], 0 at 0x004065B6"
BasePop,0x2168,4,0,"??0BasePop@@QAE@XZ: mov dword ptr [ebp + 0x2168], ebx at 0x00600934"
BasePop,0x2178,4,0,"??1BasePop@@QAE@XZ: mov dword ptr [edi], 0x6693ac at 0x004065C9"
BasePop,0x217C,4,0,"??1BasePop@@QAE@XZ: mov ecx, dword ptr [edi + 4] at 0x004065C6"
BasePop,0x2180,4,0,"??1BasePop@@QAE@XZ: mov dword ptr [ecx], 0x6698c4 at 0x0040654C"
BasePop,0x2184,4,0,"??1BasePop@@QAE@XZ: mov eax, dword ptr [edi - 0x24] at 0x00406552"
BasePop,0x2188,4,0,"??0BasePop@@QAE@XZ: mov dword ptr [ebp + 0x2188], ebx at 0x00600997"
BasePop,0x218C,4,0,"??0BasePop@@QAE@XZ: mov dword ptr [ebp + 0x218c], ebx at 0x0060099D"
BasePop,0x2190,4,0,"??0BasePop@@QAE@XZ: mov dword ptr [ebp + 0x2190], ebx at 0x006009A3"
BasePop,0x2194,4,0,"??1BasePop@@QAE@XZ: mov dword ptr [edi - 0x14], 0 at 0x0040656C"
BasePop,0x2198,4,0,"??0BasePop@@QAE@XZ: mov dword ptr [ebp + 0x2198], ebx at 0x006009AF"
BasePop,0x21A8,4,0,"??1BasePop@@QAE@XZ: mov dword ptr [edi], 0x6693ac at 0x0040657F"
BasePop,0x21AC,4,0,"??1BasePop@@QAE@XZ: mov eax, dword ptr [edi + 4] at 0x0040657C"
BasePop,0x21B0,4,0,"??0BasePop@@QAE@XZ: mov dword ptr [ebp + 0x21b0], edx at 0x00600B06"
BasePop,0x21B4,4,0,"??0BasePop@@QAE@XZ: mov dword ptr [ebp + 0x21b4], eax at 0x00600B11"
BasePop,0x21B8,4,0,"??0BasePop@@QAE@XZ: mov dword ptr [ebp + 0x21b8], eax at 0x00600AEE"
BasePop,0x21BC,4,0,"??0BasePop@@QAE@XZ: mov dword ptr [ebp + 0x21bc], ecx at 0x00600AFA"
BasePop,0x21C0,4,0,"??0BasePop@@QAE@XZ: mov dword ptr [ebp + 0x21c0], ecx at 0x00600B1D"
BasePop,0x21C4,4,0,"??0BasePop@@QAE@XZ: mov dword ptr [ebp + 0x21c4], edx at 0x00600B2F"
BasePop,0x21C8,4,0,"??0BasePop@@QAE@XZ: mov dword ptr [ebp + 0x21c8], ebx at 0x00600A98"
BasePop,0x21CC,4,0,"??0BasePop@@QAE@XZ: mov dword ptr [ebp + 0x21cc], eax at 0x00600A9E"
BasePop,0x21D0,4,0,"??0BasePop@@QAE@XZ: mov ecx, dword ptr [ebp + 0x21d0] at 0x00600E47"
BasePop,0x2210,4,0,"?calculate_dimensions@BasePop@@QAEHXZ: mov dword ptr [esi + 0x2210], 0x6044d0 at 0x00603CAE"
BasePop,0x2224,4,0,"?calculate_dimensions@BasePop@@QAEHXZ: mov dword ptr [esi + 0x2224], 0x6044d0 at 0x00603D57"
BasePop,0x2228,4,0,"?read_check@BasePop@@QAEXXZ: mov eax, dword ptr [ecx + 0x2228] at 0x00601BD0"
BasePop,0x2234,4,0,"?calculate_dimensions@BasePop@@QAEHXZ: mov dword ptr [esi + 0x2234], 0x6044d0 at 0x00603C8C"
BasePop,0x2244,4,0,"?exec@BasePop@@QAEHHP6AHXZ@Z: mov dword ptr [esi + 0x2244], eax at 0x00602BD2"
BasePop,0x225C,4,0,"?calculate_dimensions@BasePop@@QAEHXZ: mov dword ptr [esi + 0x225c], ecx at 0x00603D26"
BasePop,0x2260,4,0,"?calculate_dimensions@BasePop@@QAEHXZ: mov dword ptr [esi + 0x2260], eax at 0x00603D20"
BasePop,0x2274,4,0,"?exec@BasePop@@QAEHHP6AHXZ@Z: mov eax, dword ptr [esi + 0x2274] at 0x00602658"
BasePop,0x22A4,4,0,"?calculate_dimensions@BasePop@@QAEHXZ: mov dword ptr [esi + 0x22a4], edx at 0x00603D0E"
BasePop,0x22A8,4,0,"?calculate_dimensions@BasePop@@QAEHXZ: mov dword ptr [esi + 0x22a8], eax at 0x00603CF6"
BasePop,0x22C0,4,0,"?calculate_dimensions@BasePop@@QAEHXZ: mov dword ptr [esi + 0x22c0], ecx at 0x00603D02"
BasePop,0x2350,4,0,"?init@BasePop@@QAEHHJ@Z: mov dword ptr [esi + 0x2350], 1 at 0x006015D2"
BasePop,0x2E64,4,0,"??0BasePop@@QAE@XZ: rep movsd dword ptr es:[edi], dword ptr [esi] at 0x00600A1E"
BasePop,0x2F7C,4,0,"??0BasePop@@QAE@XZ: rep movsd dword ptr es:[edi], dword ptr [esi] at 0x00600A32"
BasePop,0x3094,4,0,"??0BasePop@@QAE@XZ: mov dword ptr [ebp + 0x3094], ecx at 0x00600A08"
BasePop,0x30A4,4,0,"??0BasePop@@QAE@XZ: mov dword ptr [ebp + 0x30a4], eax at 0x006009FC"
BasePop,0x30A8,1,0,"?exec@BasePop@@QAEHHP6AHXZ@Z: test byte ptr [esi + 0x30a8], 0x40 at 0x00603361"
BasePop,0x30A8,4,0,"??0BasePop@@QAE@XZ: mov dword ptr [ebp + 0x30a8], ebx at 0x00600AC2"
BasePop,0x30AC,4,0,"??0BasePop@@QAE@XZ: mov dword ptr [ebp + 0x30ac], ebx at 0x00600AC8"
BasePop,0x30B0,4,0,"??0BasePop@@QAE@XZ: mov dword ptr [ebp + 0x30b0], ebx at 0x00600B57"
BasePop,0x30B4,4,0,"??0BasePop@@QAE@XZ: mov dword ptr [ebp + 0x30b4], ebx at 0x00600B5D"
BasePop,0x30B8,4,0,"??0BasePop@@QAE@XZ: mov dword ptr [ebp + 0x30b8], ebx at 0x00600B63"
BasePop,0x30BC,4,0,"??0BasePop@@QAE@XZ: mov dword ptr [ebp + 0x30bc], ebx at 0x00600B69"
BasePop,0x30C0,4,0,"??0BasePop@@QAE@XZ: mov dword ptr [ebp + 0x30c0], ebx at 0x00600B6F"
BasePop,0x30C4,4,0,"??0BasePop@@QAE@XZ: mov dword ptr [ebp + 0x30c4], ebx at 0x00600B75"
BasePop,0x30C8,4,0,"??0BasePop@@QAE@XZ: mov dword ptr [ebp + 0x30c8], ebx at 0x00600B7B"
BasePop,0x30CC,4,0,"??0BasePop@@QAE@XZ: mov dword ptr [ebp + 0x30cc], ebx at 0x00600B81"
BasePop,0x30D0,4,0,"??0BasePop@@QAE@XZ: mov dword ptr [ebp + 0x30d0], ebx at 0x00600B87"
BasePop,0x30D4,4,0,"??0BasePop@@QAE@XZ: mov dword ptr [ebp + 0x30d4], ebx at 0x00600B8D"
BasePop,0x30D8,4,0,"??0BasePop@@QAE@XZ: mov dword ptr [ebp + 0x30d8], ebx at 0x00600B93"
BasePop,0x30DC,4,0,"??0BasePop@@QAE@XZ: mov dword ptr [ebp + 0x30dc], ebx at 0x00600B99"
BasePop,0x30E0,4,0,"??0BasePop@@QAE@XZ: mov dword ptr [ebp + 0x30e0], ebx at 0x00600B9F"
BasePop,0x30E4,4,0,"??0BasePop@@QAE@XZ: mov dword ptr [ebp + 0x30e4], ebx at 0x00600BA5"
BasePop,0x30E8,4,0,"??0BasePop@@QAE@XZ: mov dword ptr [ebp + 0x30e8], ebx at 0x00600BAB"
BasePop,0x30EC,4,0,"??0BasePop@@QAE@XZ: mov dword ptr [ebp + 0x30ec], ebx at 0x00600BB1"
BasePop,0x30F0,4,0,"??0BasePop@@QAE@XZ: mov dword ptr [ebp + 0x30f0], ebx at 0x00600BB7"
BasePop,0x30F4,4,0,"??0BasePop@@QAE@XZ: mov dword ptr [ebp + 0x30f4], ebx at 0x00600BC2"
BasePop,0x30F8,4,0,"??0BasePop@@QAE@XZ: mov dword ptr [ebp + 0x30f8], eax at 0x00600BC8"
BasePop,0x30FC,4,0,"??0BasePop@@QAE@XZ: mov dword ptr [ebp + 0x30fc], eax at 0x00600BCE"
BasePop,0x3100,4,0,"??0BasePop@@QAE@XZ: mov dword ptr [ebp + 0x3100], ebx at 0x00600BD4"
BasePop,0x3104,4,0,"??0BasePop@@QAE@XZ: mov dword ptr [ebp + 0x3104], edx at 0x00600BE0"
BasePop,0x3108,4,0,"??0BasePop@@QAE@XZ: mov dword ptr [ebp + 0x3108], eax at 0x00600BEB"
BasePop,0x310C,4,0,"??0BasePop@@QAE@XZ: mov dword ptr [ebp + 0x310c], ecx at 0x00600BF7"
BasePop,0x3110,4,0,"??0BasePop@@QAE@XZ: mov dword ptr [ebp + 0x3110], edx at 0x00600C03"
BasePop,0x3114,4,0,"??0BasePop@@QAE@XZ: mov dword ptr [ebp + 0x3114], ecx at 0x00600C3D"
BasePop,0x3118,4,0,"??0BasePop@@QAE@XZ: mov dword ptr [ebp + 0x3118], eax at 0x00600C77"
BasePop,0x311C,4,0,"??0BasePop@@QAE@XZ: mov dword ptr [ebp + 0x311c], edx at 0x00600CB2"
BasePop,0x3120,4,0,"??0BasePop@@QAE@XZ: mov dword ptr [ebp + 0x3120], eax at 0x00600C0E"
BasePop,0x3124,4,0,"??0BasePop@@QAE@XZ: mov dword ptr [ebp + 0x3124], edx at 0x00600C49"
BasePop,0x3128,4,0,"??0BasePop@@QAE@XZ: mov dword ptr [ebp + 0x3128], ecx at 0x00600C83"
BasePop,0x312C,4,0,"??0BasePop@@QAE@XZ: mov dword ptr [ebp + 0x312c], eax at 0x00600CBD"
BasePop,0x3130,4,0,"??0BasePop@@QAE@XZ: mov dword ptr [ebp + 0x3130], ecx at 0x00600C1A"
BasePop,0x3134,4,0,"??0BasePop@@QAE@XZ: mov dword ptr [ebp + 0x3134], eax at 0x00600C54"
BasePop,0x3138,4,0,"??0BasePop@@QAE@XZ: mov dword ptr [ebp + 0x3138], edx at 0x00600C8F"
BasePop,0x313C,4,0,"??0BasePop@@QAE@XZ: mov dword ptr [ebp + 0x313c], ecx at 0x00600CC9"
BasePop,0x3140,4,0,"??0BasePop@@QAE@XZ: mov dword ptr [ebp + 0x3140], edx at 0x00600C26"
BasePop,0x3144,4,0,"??0BasePop@@QAE@XZ: mov dword ptr [ebp + 0x3144], ecx at 0x00600C60"
BasePop,0x3148,4,0,"??0BasePop@@QAE@XZ: mov dword ptr [ebp + 0x3148], eax at 0x00600C9A"
BasePop,0x314C,4,0,"??0BasePop@@QAE@XZ: mov dword ptr [ebp + 0x314c], edx at 0x00600CD5"
BasePop,0x3150,4,0,"??0BasePop@@QAE@XZ: mov dword ptr [ebp + 0x3150], eax at 0x00600C31"
BasePop,0x3154,4,0,"??0BasePop@@QAE@XZ: mov dword ptr [ebp + 0x3154], edx at 0x00600C6C"
BasePop,0x3158,4,0,"??0BasePop@@QAE@XZ: mov dword ptr [ebp + 0x3158], ecx at 0x00600CA6"
BasePop,0x315C,4,0,"??0BasePop@@QAE@XZ: mov dword ptr [ebp + 0x315c], eax at 0x00600CE0"
BasePop,0x3160,4,0,"??0BasePop@@QAE@XZ: mov dword ptr [ebp + 0x3160], ebx at 0x00600CE6"
BasePop,0x3164,4,0,"??0BasePop@@QAE@XZ: mov dword ptr [ebp + 0x3164], ebx at 0x00600CEC"
BasePop,0x3168,4,0,"??0BasePop@@QAE@XZ: mov dword ptr [ebp + 0x3168], ebx at 0x00600CF2"
BasePop,0x316C,4,0,"??0BasePop@@QAE@XZ: mov dword ptr [ebp + 0x316c], ecx at 0x00600CFE"
BasePop,0x3170,4,0,"??0BasePop@@QAE@XZ: mov dword ptr [ebp + 0x3170], eax at 0x00600D38"
BasePop,0x3174,4,0,"??0BasePop@@QAE@XZ: mov dword ptr [ebp + 0x3174], edx at 0x00600D73"
BasePop,0x3178,1,0,"??0BasePop@@QAE@XZ: mov byte ptr [ebp + 0x3178], dl at 0x00600D0A"
BasePop,0x3179,1,0,"??0BasePop@@QAE@XZ: mov byte ptr [ebp + 0x3179], cl at 0x00600D44"
BasePop,0x317A,1,0,"??0BasePop@@QAE@XZ: mov byte ptr [ebp + 0x317a], al at 0x00600D7E"
BasePop,0x317C,4,0,"??0BasePop@@QAE@XZ: mov dword ptr [ebp + 0x317c], eax at 0x00600D15"
BasePop,0x3180,4,0,"??0BasePop@@QAE@XZ: mov dword ptr [ebp + 0x3180], edx at 0x00600D50"
BasePop,0x3184,4,0,"??0BasePop@@QAE@XZ: mov dword ptr [ebp + 0x3184], ecx at 0x00600D8A"
BasePop,0x3188,4,0,"??0BasePop@@QAE@XZ: mov dword ptr [ebp + 0x3188], ecx at 0x00600D21"
BasePop,0x318C,4,0,"??0BasePop@@QAE@XZ: mov dword ptr [ebp + 0x318c], eax at 0x00600D5B"
BasePop,0x3190,4,0,"??0BasePop@@QAE@XZ: mov dword ptr [ebp + 0x3190], edx at 0x00600D96"
BasePop,0x3194,4,0,"??0BasePop@@QAE@XZ: mov dword ptr [ebp + 0x3194], edx at 0x00600D2D"
BasePop,0x3198,4,0,"??0BasePop@@QAE@XZ: mov dword ptr [ebp + 0x3198], ecx at 0x00600D67"
BasePop,0x319C,4,0,"??0BasePop@@QAE@XZ: mov dword ptr [ebp + 0x319c], eax at 0x00600DA1"
BasePop,0x31A0,1,0,"??0BasePop@@QAE@XZ: mov byte ptr [ebp + 0x31a0], cl at 0x00600DAD"
BasePop,0x31A4,4,0,"??0BasePop@@QAE@XZ: mov dword ptr [ebp + 0x31a4], edx at 0x00600DB9"
BasePop,0x31A8,4,0,"??0BasePop@@QAE@XZ: mov dword ptr [ebp + 0x31a8], eax at 0x00600DC4"
BasePop,0x31AC,4,0,"??0BasePop@@QAE@XZ: mov dword ptr [ebp + 0x31ac], ecx at 0x00600DD0"
BasePop,0x31B0,4,0,"??0BasePop@@QAE@XZ: mov dword ptr [ebp + 0x31b0], edx at 0x00600DDC"
BasePop,0x31B4,4,0,"??0BasePop@@QAE@XZ: mov dword ptr [ebp + 0x31b4], eax at 0x00600DE7"
BasePop,0x31B8,4,0,"??0BasePop@@QAE@XZ: mov dword ptr [ecx - 0xc], edx at 0x00600A43"
BasePop,0x31BC,4,0,"?exec@BasePop@@QAEHHP6AHXZ@Z: mov ecx, dword ptr [esi + 0x31bc] at 0x00602D71"
BasePop,0x31C0,4,0,"?exec@BasePop@@QAEHHP6AHXZ@Z: mov eax, dword ptr [esi + 0x31c0] at 0x00602D6B"
BasePop,0x31C4,4,0,"??0BasePop@@QAE@XZ: mov dword ptr [ecx], edx at 0x00600A4C"
BasePop,0x31C8,4,0,"?exec@BasePop@@QAEHHP6AHXZ@Z: mov ecx, dword ptr [esi + 0x31c8] at 0x00602D95"
BasePop,0x31CC,4,0,"?exec@BasePop@@QAEHHP6AHXZ@Z: mov eax, dword ptr [esi + 0x31cc] at 0x00602D8F"
BasePop,0x31D0,4,0,"??0BasePop@@QAE@XZ: mov dword ptr [ecx + 0xc], edx at 0x00600A54"
BasePop,0x31D4,4,0,"?exec@BasePop@@QAEHHP6AHXZ@Z: mov ecx, dword ptr [esi + 0x31d4] at 0x00602DB9"
BasePop,0x31D8,4,0,"?exec@BasePop@@QAEHHP6AHXZ@Z: mov eax, dword ptr [esi + 0x31d8] at 0x00602DB3"
BasePop,0x31DC,4,0,"??0BasePop@@QAE@XZ: mov dword ptr [ecx + 0x18], edx at 0x00600A5D"
BasePop,0x31E0,4,0,"?exec@BasePop@@QAEHHP6AHXZ@Z: mov ecx, dword ptr [esi + 0x31e0] at 0x00602DDD"
BasePop,0x31E4,4,0,"?exec@BasePop@@QAEHHP6AHXZ@Z: mov eax, dword ptr [esi + 0x31e4] at 0x00602DD7"
BasePop,0x31E8,4,0,"??0BasePop@@QAE@XZ: mov dword ptr [ecx + 0x24], edx at 0x00600A66"
BasePop,0x31EC,4,0,"?exec@BasePop@@QAEHHP6AHXZ@Z: mov ecx, dword ptr [esi + 0x31ec] at 0x00602E01"
BasePop,0x31F0,4,0,"?exec@BasePop@@QAEHHP6AHXZ@Z: mov eax, dword ptr [esi + 0x31f0] at 0x00602DFB"
BasePop,0x31F4,4,0,"??0BasePop@@QAE@XZ: mov dword ptr [ecx + 0x30], edx at 0x00600A6F"
BasePop,0x31F8,4,0,"?exec@BasePop@@QAEHHP6AHXZ@Z: mov ecx, dword ptr [esi + 0x31f8] at 0x00602E25"
BasePop,0x31FC,4,0,"?exec@BasePop@@QAEHHP6AHXZ@Z: mov eax, dword ptr [esi + 0x31fc] at 0x00602E1F"
BasePop,0x3200,4,0,"??0BasePop@@QAE@XZ: mov dword ptr [ecx + 0x3c], edx at 0x00600A78"
BasePop,0x3204,4,0,"?exec@BasePop@@QAEHHP6AHXZ@Z: mov ecx, dword ptr [esi + 0x3204] at 0x00602E49"
BasePop,0x3208,4,0,"?exec@BasePop@@QAEHHP6AHXZ@Z: mov eax, dword ptr [esi + 0x3208] at 0x00602E43"
BasePop,0x320C,4,0,"??0BasePop@@QAE@XZ: mov dword ptr [ecx + 0x48], edx at 0x00600A81"
BasePop,0x3210,4,0,"?exec@BasePop@@QAEHHP6AHXZ@Z: mov ecx, dword ptr [esi + 0x3210] at 0x00602E6D"
BasePop,0x3214,4,0,"?exec@BasePop@@QAEHHP6AHXZ@Z: mov eax, dword ptr [esi + 0x3214] at 0x00602E67"
BasePop,0x3218,4,0,"??0BasePop@@QAE@XZ: mov dword ptr [ecx + 0x54], edx at 0x00600A8A"
BasePop,0x321C,4,0,"?exec@BasePop@@QAEHHP6AHXZ@Z: mov ecx, dword ptr [esi + 0x321c] at 0x00602E91"
BasePop,0x3220,4,0,"?exec@BasePop@@QAEHHP6AHXZ@Z: mov eax, dword ptr [esi + 0x3220] at 0x00602E8B"
BasePop,0x3224,4,0,"??0BasePop@@QAE@XZ: mov dword ptr [ebp + 0x3224], ebx at 0x00600AA4"
BasePop,0x3228,4,0,"??0BasePop@@QAE@XZ: mov dword ptr [ebp + 0x3228], ebx at 0x00600AAA"
BasePop,0x322C,4,0,"??0BasePop@@QAE@XZ: mov dword ptr [ebp + 0x322c], ebx at 0x00600DED"
BaseWin,0x0,4,0,"??0BaseWin@@QAE@XZ: mov dword ptr [esi], 0x66a40c at 0x004086E5"
BaseWin,0x444,4,0,"??0BaseWin@@QAE@XZ: mov dword ptr [esi + 0x444], 0x66a404 at 0x004086EB"
BaseWin,0x464,4,0,"?draw_psych@BaseWin@@QAEXXZ: mov ecx, dword ptr [eax] at 0x00408B5F"
BaseWin,0x468,4,0,"?draw_psych@BaseWin@@QAEXXZ: mov edx, dword ptr [eax + 4] at 0x00408B64"
BaseWin,0x46C,4,0,"?draw_psych@BaseWin@@QAEXXZ: mov ecx, dword ptr [eax + 8] at 0x00408B6A"
BaseWin,0x470,4,0,"?draw_psych@BaseWin@@QAEXXZ: mov edx, dword ptr [eax + 0xc] at 0x00408B76"
BaseWin,0x474,4,0,"?on_left_up@BaseWin@@QAEXHH@Z: mov ecx, dword ptr [esi + 0x474] at 0x0041AFDF"
BaseWin,0x478,4,0,"?on_left_up@BaseWin@@QAEXHH@Z: mov edx, dword ptr [eax + 4] at 0x0041AFE8"
BaseWin,0x47C,4,0,"?on_left_up@BaseWin@@QAEXHH@Z: mov ecx, dword ptr [eax + 8] at 0x0041AFEE"
BaseWin,0x480,4,0,"?on_left_up@BaseWin@@QAEXHH@Z: mov edx, dword ptr [eax + 0xc] at 0x0041AFF4"
BaseWin,0x4C4,4,0,"?on_nc_hittest@BaseWin@@QAEHHH@Z: mov edx, dword ptr [ecx + 0x4c4] at 0x00420A4B"
BaseWin,0xA14,4,0,"??0BaseWin@@QAE@XZ: mov dword ptr [esi + 0xa14], 0x66a6e4 at 0x004084C1"
BaseWin,0xA18,4,0,"?init@BaseWin@@QAEXXZ: mov dword ptr [eax + 4], 3 at 0x0041E963"
BaseWin,0xA1C,4,0,"??1BaseWin@@QAE@XZ: mov dword ptr [edi], 0x66a250 at 0x00420D8B"
BaseWin,0xE60,4,0,"??1BaseWin@@QAE@XZ: mov dword ptr [edi + 0x444], 0x66a248 at 0x00420D91"
BaseWin,0x7B3C,4,0,"??1BaseWin@@QAE@XZ: mov dword ptr [ebx], 0x669d58 at 0x00420E81"
BaseWin,0x7F80,4,0,"??1BaseWin@@QAE@XZ: mov dword ptr [ebx + 0x444], 0x669d50 at 0x00420E87"
BaseWin,0x9134,4,0,"??1BaseWin@@QAE@XZ: mov dword ptr [ecx], 0x669754 at 0x00420EA5"
BaseWin,0x9578,4,0,"??1BaseWin@@QAE@XZ: mov dword ptr [ecx + 0x444], 0x66974c at 0x00420EAB"
BaseWin,0xB1C4,4,0,"??1BaseWin@@QAE@XZ: mov dword ptr [ebx], 0x6693ac at 0x00420E5D"
BaseWin,0xB1C8,4,0,"??1BaseWin@@QAE@XZ: mov edx, dword ptr [ebx + 4] at 0x00420E5A"
BaseWin,0xB1CC,4,0,"??1BaseWin@@QAE@XZ: mov dword ptr [ecx], 0x6698c4 at 0x00420E03"
BaseWin,0xB1D0,4,0,"??1BaseWin@@QAE@XZ: mov edx, dword ptr [ebx - 0x24] at 0x00420E09"
BaseWin,0xB1E0,4,0,"??1BaseWin@@QAE@XZ: mov dword ptr [ebx - 0x14], 0 at 0x00420E23"
BaseWin,0xB1F4,4,0,"??1BaseWin@@QAE@XZ: mov dword ptr [edi + 0xa7d8], 0x6693ac at 0x00420E39"
BaseWin,0xB1F8,4,0,"??1BaseWin@@QAE@XZ: mov ecx, dword ptr [edi + 0xa7dc] at 0x00420E33"
BaseWin,0xB1FC,4,0,"??1BaseWin@@QAE@XZ: mov dword ptr [ecx], 0x6698c4 at 0x00420DB2"
BaseWin,0xB200,4,0,"??1BaseWin@@QAE@XZ: mov eax, dword ptr [ebx - 0x24] at 0x00420DB8"
BaseWin,0xB210,4,0,"??1BaseWin@@QAE@XZ: mov dword ptr [ebx - 0x14], 0 at 0x00420DCF"
BaseWin,0xB224,4,0,"??1BaseWin@@QAE@XZ: mov dword ptr [edi + 0xa808], 0x6693ac at 0x00420DEE"
BaseWin,0xB228,4,0,"??1BaseWin@@QAE@XZ: mov eax, dword ptr [edi + 0xa80c] at 0x00420DE2"
BaseWin,0xB46C,4,0,"?on_status@BaseWin@@QAEXH@Z: mov eax, dword ptr [edi + 0xb46c] at 0x0041DB34"
BaseWin,0xBE80,4,0,"?init@BaseWin@@QAEXXZ: mov edx, dword ptr [ebx] at 0x004209EA"
BaseWin,0xC2C4,4,0,"??1BaseWin@@QAE@XZ: mov dword ptr [edi + 0x444], 0x66974c at 0x00420CC2"
BaseWin,0xC954,4,0,"?init@BaseWin@@QAEXXZ: mov dword ptr [ebx + 0xad4], eax at 0x00420822"
BaseWin,0xC958,4,0,"?init@BaseWin@@QAEXXZ: mov dword ptr [ebx + 0xad8], eax at 0x0042082E"
BaseWin,0xC95C,4,0,"?init@BaseWin@@QAEXXZ: mov dword ptr [ebx + 0xadc], ecx at 0x00420834"
BaseWin,0xC9E4,4,0,"?init@BaseWin@@QAEXXZ: mov ecx, dword ptr [esi + 0xc9e4] at 0x004201E0"
BaseWin,0xC9E8,4,0,"?init@BaseWin@@QAEXXZ: mov eax, dword ptr [esi + 0xc9e8] at 0x004201E6"
BaseWin,0xCA68,4,0,"?init@BaseWin@@QAEXXZ: mov ecx, dword ptr [esi + 0xca68] at 0x00420914"
BaseWin,0xCA6C,4,0,"?init@BaseWin@@QAEXXZ: mov eax, dword ptr [esi + 0xca6c] at 0x0042090E"
BaseWin,0xCAEC,4,0,"?draw_info@BaseWin@@QAEXH@Z: mov ecx, dword ptr [esi + 0xcaec] at 0x00415BF5"
BaseWin,0xCAF0,4,0,"?init@BaseWin@@QAEXXZ: mov eax, dword ptr [esi + 0xcaf0] at 0x0041FA09"
BaseWin,0xF92C,4,0,"?init@BaseWin@@QAEXXZ: mov dword ptr [ebx + 0xad4], eax at 0x0041FA6D"
BaseWin,0xF930,4,0,"?init@BaseWin@@QAEXXZ: mov dword ptr [ebx + 0xad8], eax at 0x0041FA86"
BaseWin,0xF934,4,0,"?init@BaseWin@@QAEXXZ: mov dword ptr [ebx + 0xadc], ecx at 0x0041FA79"
BaseWin,0x103B8,4,0,"?init@BaseWin@@QAEXXZ: mov dword ptr [esi + 0x103b8], 1 at 0x0041FB4B"
BaseWin,0x10478,4,0,"?init@BaseWin@@QAEXXZ: mov dword ptr [ebx + 0xad4], eax at 0x0041FB2C"
BaseWin,0x1047C,4,0,"?init@BaseWin@@QAEXXZ: mov dword ptr [ebx + 0xad8], eax at 0x0041FB3E"
BaseWin,0x10480,4,0,"?init@BaseWin@@QAEXXZ: mov dword ptr [ebx + 0xadc], ecx at 0x0041FB38"
BaseWin,0x104F0,4,0,"?update_gov_buttons@BaseWin@@QAEXXZ: mov edx, dword ptr [ebx] at 0x0041E5CA"
BaseWin,0x10F64,4,0,"?update_gov_buttons@BaseWin@@QAEXXZ: mov eax, dword ptr [esi + 0x10f64] at 0x0041E5C0"
BaseWin,0x10FAC,4,0,"?init@BaseWin@@QAEXXZ: mov dword ptr [esi + 0x10fac], eax at 0x00420044"
BaseWin,0x10FB0,4,0,"?init@BaseWin@@QAEXXZ: mov dword ptr [esi + 0x10fb0], ecx at 0x00420050"
BaseWin,0x10FB4,4,0,"?init@BaseWin@@QAEXXZ: mov dword ptr [esi + 0x10fb4], edx at 0x0042005C"
BaseWin,0x10FE8,4,0,"?init@BaseWin@@QAEXXZ: mov dword ptr [ebx + 0xaf8], 0x77a780 at 0x00420003"
BaseWin,0x10FEC,4,0,"?init@BaseWin@@QAEXXZ: mov dword ptr [ebx + 0xafc], 0x77a804 at 0x0042000D"
BaseWin,0x10FF0,4,0,"?init@BaseWin@@QAEXXZ: mov dword ptr [ebx + 0xb00], 0x77a888 at 0x00420017"
BaseWin,0x11000,4,0,"?init@BaseWin@@QAEXXZ: mov dword ptr [ebx + 0xb10], 0x77a754 at 0x0041FFE5"
BaseWin,0x11004,4,0,"?init@BaseWin@@QAEXXZ: mov dword ptr [ebx + 0xb14], 0x77a7d8 at 0x0041FFEF"
BaseWin,0x11008,4,0,"?init@BaseWin@@QAEXXZ: mov dword ptr [ebx + 0xb18], 0x77a85c at 0x0041FFF9"
BaseWin,0x1100C,4,0,"?init@BaseWin@@QAEXXZ: mov dword ptr [ebx + 0xb1c], 0x77a7ac at 0x00420021"
BaseWin,0x11010,4,0,"?init@BaseWin@@QAEXXZ: mov dword ptr [ebx + 0xb20], 0x77a830 at 0x0042002B"
BaseWin,0x11014,4,0,"?init@BaseWin@@QAEXXZ: mov dword ptr [ebx + 0xb24], 0x77a8b4 at 0x00420035"
BaseWin,0x1103C,4,0,"?update_gov_buttons@BaseWin@@QAEXXZ: mov eax, dword ptr [ebx] at 0x0041E671"
BaseWin,0x11AB0,4,0,"?update_gov_buttons@BaseWin@@QAEXXZ: mov eax, dword ptr [esi + 0x11ab0] at 0x0041E667"
BaseWin,0x11AF8,4,0,"?init@BaseWin@@QAEXXZ: mov dword ptr [esi + 0x11af8], eax at 0x00420171"
BaseWin,0x11AFC,4,0,"?init@BaseWin@@QAEXXZ: mov dword ptr [esi + 0x11afc], ecx at 0x0042017D"
BaseWin,0x11B00,4,0,"?init@BaseWin@@QAEXXZ: mov dword ptr [esi + 0x11b00], edx at 0x00420189"
BaseWin,0x11B34,4,0,"?init@BaseWin@@QAEXXZ: mov dword ptr [ebx + 0xaf8], 0x77a780 at 0x00420130"
BaseWin,0x11B38,4,0,"?init@BaseWin@@QAEXXZ: mov dword ptr [ebx + 0xafc], 0x77a804 at 0x0042013A"
BaseWin,0x11B3C,4,0,"?init@BaseWin@@QAEXXZ: mov dword ptr [ebx + 0xb00], 0x77a888 at 0x00420144"
BaseWin,0x11B4C,4,0,"?init@BaseWin@@QAEXXZ: mov dword ptr [ebx + 0xb10], 0x77a754 at 0x00420112"
BaseWin,0x11B50,4,0,"?init@BaseWin@@QAEXXZ: mov dword ptr [ebx + 0xb14], 0x77a7d8 at 0x0042011C"
BaseWin,0x11B54,4,0,"?init@BaseWin@@QAEXXZ: mov dword ptr [ebx + 0xb18], 0x77a85c at 0x00420126"
BaseWin,0x11B58,4,0,"?init@BaseWin@@QAEXXZ: mov dword ptr [ebx + 0xb1c], 0x77a7ac at 0x0042014E"
BaseWin,0x11B5C,4,0,"?init@BaseWin@@QAEXXZ: mov dword ptr [ebx + 0xb20], 0x77a830 at 0x00420158"
BaseWin,0x11B60,4,0,"?init@BaseWin@@QAEXXZ: mov dword ptr [ebx + 0xb24], 0x77a8b4 at 0x00420162"
BaseWin,0x11B88,4,0,"?update_gov_buttons@BaseWin@@QAEXXZ: mov edx, dword ptr [ebx] at 0x0041E6C1"
BaseWin,0x125FC,4,0,"?update_gov_buttons@BaseWin@@QAEXXZ: mov eax, dword ptr [esi + 0x125fc] at 0x0041E6B7"
BaseWin,0x12644,4,0,"?init@BaseWin@@QAEXXZ: mov dword ptr [esi + 0x12644], eax at 0x004205A7"
BaseWin,0x12648,4,0,"?init@BaseWin@@QAEXXZ: mov dword ptr [esi + 0x12648], ecx at 0x004205B3"
BaseWin,0x1264C,4,0,"?init@BaseWin@@QAEXXZ: mov dword ptr [esi + 0x1264c], edx at 0x004205BF"
BaseWin,0x12680,4,0,"?init@BaseWin@@QAEXXZ: mov dword ptr [ebx + 0xaf8], 0x77a780 at 0x00420566"
BaseWin,0x12684,4,0,"?init@BaseWin@@QAEXXZ: mov dword ptr [ebx + 0xafc], 0x77a804 at 0x00420570"
BaseWin,0x12688,4,0,"?init@BaseWin@@QAEXXZ: mov dword ptr [ebx + 0xb00], 0x77a888 at 0x0042057A"
BaseWin,0x12698,4,0,"?init@BaseWin@@QAEXXZ: mov dword ptr [ebx + 0xb10], 0x77a754 at 0x00420548"
BaseWin,0x1269C,4,0,"?init@BaseWin@@QAEXXZ: mov dword ptr [ebx + 0xb14], 0x77a7d8 at 0x00420552"
BaseWin,0x126A0,4,0,"?init@BaseWin@@QAEXXZ: mov dword ptr [ebx + 0xb18], 0x77a85c at 0x0042055C"
BaseWin,0x126A4,4,0,"?init@BaseWin@@QAEXXZ: mov dword ptr [ebx + 0xb1c], 0x77a7ac at 0x00420584"
BaseWin,0x126A8,4,0,"?init@BaseWin@@QAEXXZ: mov dword ptr [ebx + 0xb20], 0x77a830 at 0x0042058E"
BaseWin,0x126AC,4,0,"?init@BaseWin@@QAEXXZ: mov dword ptr [ebx + 0xb24], 0x77a8b4 at 0x00420598"
BaseWin,0x13190,4,0,"?init@BaseWin@@QAEXXZ: mov dword ptr [esi + 0x13190], eax at 0x004206D4"
BaseWin,0x13194,4,0,"?init@BaseWin@@QAEXXZ: mov dword ptr [esi + 0x13194], ecx at 0x004206E0"
BaseWin,0x13198,4,0,"?init@BaseWin@@QAEXXZ: mov dword ptr [esi + 0x13198], edx at 0x004206EC"
BaseWin,0x131CC,4,0,"?init@BaseWin@@QAEXXZ: mov dword ptr [ebx + 0xaf8], 0x77a780 at 0x00420693"
BaseWin,0x131D0,4,0,"?init@BaseWin@@QAEXXZ: mov dword ptr [ebx + 0xafc], 0x77a804 at 0x0042069D"
BaseWin,0x131D4,4,0,"?init@BaseWin@@QAEXXZ: mov dword ptr [ebx + 0xb00], 0x77a888 at 0x004206A7"
BaseWin,0x131E4,4,0,"?init@BaseWin@@QAEXXZ: mov dword ptr [ebx + 0xb10], 0x77a754 at 0x00420675"
BaseWin,0x131E8,4,0,"?init@BaseWin@@QAEXXZ: mov dword ptr [ebx + 0xb14], 0x77a7d8 at 0x0042067F"
BaseWin,0x131EC,4,0,"?init@BaseWin@@QAEXXZ: mov dword ptr [ebx + 0xb18], 0x77a85c at 0x00420689"
BaseWin,0x131F0,4,0,"?init@BaseWin@@QAEXXZ: mov dword ptr [ebx + 0xb1c], 0x77a7ac at 0x004206B1"
BaseWin,0x131F4,4,0,"?init@BaseWin@@QAEXXZ: mov dword ptr [ebx + 0xb20], 0x77a830 at 0x004206BB"
BaseWin,0x131F8,4,0,"?init@BaseWin@@QAEXXZ: mov dword ptr [ebx + 0xb24], 0x77a8b4 at 0x004206C5"
BaseWin,0x13CDC,4,0,"?init@BaseWin@@QAEXXZ: mov dword ptr [esi + 0x13cdc], eax at 0x0042038C"
BaseWin,0x13CE0,4,0,"?init@BaseWin@@QAEXXZ: mov dword ptr [esi + 0x13ce0], ecx at 0x00420398"
BaseWin,0x13CE4,4,0,"?init@BaseWin@@QAEXXZ: mov dword ptr [esi + 0x13ce4], edx at 0x004203A4"
BaseWin,0x13D18,4,0,"?init@BaseWin@@QAEXXZ: mov dword ptr [ebx + 0xaf8], 0x77a5f4 at 0x0042034B"
BaseWin,0x13D1C,4,0,"?init@BaseWin@@QAEXXZ: mov dword ptr [ebx + 0xafc], 0x77a678 at 0x00420355"
BaseWin,0x13D20,4,0,"?init@BaseWin@@QAEXXZ: mov dword ptr [ebx + 0xb00], 0x77a6fc at 0x0042035F"
BaseWin,0x13D30,4,0,"?init@BaseWin@@QAEXXZ: mov dword ptr [ebx + 0xb10], 0x77a5c8 at 0x0042032D"
BaseWin,0x13D34,4,0,"?init@BaseWin@@QAEXXZ: mov dword ptr [ebx + 0xb14], 0x77a64c at 0x00420337"
BaseWin,0x13D38,4,0,"?init@BaseWin@@QAEXXZ: mov dword ptr [ebx + 0xb18], 0x77a6d0 at 0x00420341"
BaseWin,0x13D3C,4,0,"?init@BaseWin@@QAEXXZ: mov dword ptr [ebx + 0xb1c], 0x77a620 at 0x00420369"
BaseWin,0x13D40,4,0,"?init@BaseWin@@QAEXXZ: mov dword ptr [ebx + 0xb20], 0x77a6a4 at 0x00420373"
BaseWin,0x13D44,4,0,"?init@BaseWin@@QAEXXZ: mov dword ptr [ebx + 0xb24], 0x77a728 at 0x0042037D"
BaseWin,0x19754,4,0,"?init@BaseWin@@QAEXXZ: mov dword ptr [ebx + 0xad4], eax at 0x00420787"
BaseWin,0x19758,4,0,"?init@BaseWin@@QAEXXZ: mov dword ptr [ebx + 0xad8], eax at 0x004207A0"
BaseWin,0x1975C,4,0,"?init@BaseWin@@QAEXXZ: mov dword ptr [ebx + 0xadc], ecx at 0x00420793"
BaseWin,0x1A2A0,4,0,"?init@BaseWin@@QAEXXZ: mov dword ptr [edi + 0xad4], eax at 0x00420984"
BaseWin,0x1A2A4,4,0,"?init@BaseWin@@QAEXXZ: mov dword ptr [edi + 0xad8], eax at 0x00420998"
BaseWin,0x1A2A8,4,0,"?init@BaseWin@@QAEXXZ: mov dword ptr [edi + 0xadc], esi at 0x0042099E"
BaseWin,0x1ADD4,4,0,"?init@BaseWin@@QAEXXZ: mov dword ptr [esi + 0x1add4], eax at 0x0042027E"
BaseWin,0x1ADD8,4,0,"?init@BaseWin@@QAEXXZ: mov dword ptr [esi + 0x1add8], ecx at 0x0042028A"
BaseWin,0x1ADDC,4,0,"?init@BaseWin@@QAEXXZ: mov dword ptr [esi + 0x1addc], edx at 0x00420296"
BaseWin,0x1ADEC,4,0,"?init@BaseWin@@QAEXXZ: mov dword ptr [ebx + 0xad4], eax at 0x00420254"
BaseWin,0x1ADF0,4,0,"?init@BaseWin@@QAEXXZ: mov dword ptr [ebx + 0xad8], eax at 0x00420260"
BaseWin,0x1ADF4,4,0,"?init@BaseWin@@QAEXXZ: mov dword ptr [ebx + 0xadc], eax at 0x0042026E"
BaseWin,0x1B920,4,0,"?init@BaseWin@@QAEXXZ: mov dword ptr [esi + 0x1b920], eax at 0x00420499"
BaseWin,0x1B924,4,0,"?init@BaseWin@@QAEXXZ: mov dword ptr [esi + 0x1b924], ecx at 0x004204A5"
BaseWin,0x1B928,4,0,"?init@BaseWin@@QAEXXZ: mov dword ptr [esi + 0x1b928], edx at 0x004204B1"
BaseWin,0x1B938,4,0,"?init@BaseWin@@QAEXXZ: mov dword ptr [ebx + 0xad4], eax at 0x0042046F"
BaseWin,0x1B93C,4,0,"?init@BaseWin@@QAEXXZ: mov dword ptr [ebx + 0xad8], eax at 0x0042047B"
BaseWin,0x1B940,4,0,"?init@BaseWin@@QAEXXZ: mov dword ptr [ebx + 0xadc], eax at 0x00420489"
BaseWin,0x1D1D0,4,0,"?init@BaseWin@@QAEXXZ: mov dword ptr [esi + 0x1d1d0], eax at 0x0041F48E"
BaseWin,0x1D1D4,4,0,"?init@BaseWin@@QAEXXZ: mov dword ptr [edi + 4], ecx at 0x0041F494"
BaseWin,0x1D1D8,4,0,"?init@BaseWin@@QAEXXZ: mov dword ptr [edi + 8], edx at 0x0041F49D"
BaseWin,0x1D1DC,4,0,"?init@BaseWin@@QAEXXZ: mov dword ptr [edi], eax at 0x0041F474"
BaseWin,0x1D1E0,4,0,"?init@BaseWin@@QAEXXZ: mov dword ptr [edi + 4], ecx at 0x0041F47B"
BaseWin,0x1D1E4,4,0,"?init@BaseWin@@QAEXXZ: mov dword ptr [edi + 8], edx at 0x0041F485"
BaseWin,0x1D214,1,0,"?init@BaseWin@@QAEXXZ: mov byte ptr [esi + 0x1d214], 0 at 0x0041F3B4"
BaseWin,0x1E640,4,0,"?init@BaseWin@@QAEXXZ: mov dword ptr [eax], 0 at 0x0041F3BC"
BaseWin,0x1E644,4,0,"?init@BaseWin@@QAEXXZ: mov dword ptr [esi + 0x1e644], 0 at 0x0041F3C3"
BaseWin,0x1E648,4,0,"?init@BaseWin@@QAEXXZ: mov dword ptr [esi + 0x1e648], 0x3f48f5c3 at 0x0041F3CD"
BaseWin,0x1E664,4,1,?init@BaseWin@@QAEXXZ: fld dword ptr [esi + 0x1e664] at 0x0041F3DC
BaseWin,0x1E668,4,1,?init@BaseWin@@QAEXXZ: fld dword ptr [esi + 0x1e668] at 0x0041F3EA
BaseWin,0x1E66C,4,1,?init@BaseWin@@QAEXXZ: fld dword ptr [esi + 0x1e66c] at 0x0041F3FB
BaseWin,0x1E670,4,0,"?zoom@BaseWin@@QAEXHH@Z: mov dword ptr [esi + 0x1e670], 0 at 0x0041AA41"
BaseWin,0x1E674,4,0,"?draw_support@BaseWin@@QAEXXZ: mov ebx, dword ptr [ebx] at 0x00408F25"
BaseWin,0x3C3E0,4,0,"?draw_support@BaseWin@@QAEXXZ: mov ecx, dword ptr [esi + 0x3c3e0] at 0x00408F1F"
BaseWin,0x3C3E4,4,0,"?draw_support@BaseWin@@QAEXXZ: mov dword ptr [esi + 0x3c3e4], 0x200402 at 0x00408F46"
BaseWin,0x3C40C,4,0,"?draw_support@BaseWin@@QAEXXZ: mov dword ptr [esi + 0x3c40c], edx at 0x00408FFC"
BaseWin,0x3C410,4,0,"?draw_support@BaseWin@@QAEXXZ: mov dword ptr [esi + 0x3c410], ecx at 0x0040900A"
BaseWin,0x3C414,4,0,"?draw_support@BaseWin@@QAEXXZ: mov dword ptr [esi + 0x3c414], eax at 0x0040901D"
BaseWin,0x400EC,4,0,"?on_iface_mouse_move@BaseWin@@QAEXHH@Z: mov eax, dword ptr [esi + 0x400ec] at 0x0041E001"
BaseWin,0x400F0,4,0,"?on_iface_mouse_move@BaseWin@@QAEXHH@Z: mov dword ptr [esi + 0x400f0], 0 at 0x0041E015"
BaseWin,0x400F8,4,0,"?on_status@BaseWin@@QAEXH@Z: mov eax, dword ptr [edi + 0x400f8] at 0x0041DB05"
BaseWin,0x40100,4,0,"?on_iface_scrolled@BaseWin@@QAEXHH@Z: mov dword ptr [ecx + 0x40100], eax at 0x0041DC90"
BaseWin,0x4011C,4,0,"?on_iface_mouse_move@BaseWin@@QAEXHH@Z: mov dword ptr [esi + 0x4011c], ecx at 0x0041DFC1"
BaseWin,0x40130,4,0,"?on_iface_left_down@BaseWin@@QAEXHH@Z: mov dword ptr [esi + 0x40130], ebx at 0x0041DEB5"
BaseWin,0x40134,4,0,"?on_iface_left_down@BaseWin@@QAEXHH@Z: mov dword ptr [esi + 0x40134], eax at 0x0041DEBD"
BaseWin,0x40138,4,0,"?on_iface_left_up@BaseWin@@QAEXHH@Z: mov dword ptr [esi + 0x40138], eax at 0x0041DDEB"
BaseWin,0x4013C,4,0,"?on_iface_left_up@BaseWin@@QAEXHH@Z: mov dword ptr [esi + 0x4013c], eax at 0x0041DDF1"
BaseWin,0x40140,4,0,"?on_status@BaseWin@@QAEXH@Z: mov dword ptr [edi + 0x40140], 0xffffffff at 0x0041DB89"
BaseWin,0x40AF4,4,0,"?init@BaseWin@@QAEXXZ: mov dword ptr [esi + 0x40af4], eax at 0x0041F36E"
BaseWin,0x40AF8,4,0,"?init@BaseWin@@QAEXXZ: mov dword ptr [esi + 0x40af8], eax at 0x0041F374"
BaseWin,0x40AFC,4,0,"?farm_click@BaseWin@@QAEXHHH@Z: mov eax, dword ptr [esi + 0x40afc] at 0x0040A284"
BaseWin,0x40B00,4,0,"?draw_flash@BaseWin@@QAEXH@Z: mov eax, dword ptr [ebx + 0x40b00] at 0x0040D2A0"
BaseWin,0x40B04,4,0,"?on_mouse_move@BaseWin@@QAEXHH@Z: mov dword ptr [esi + 0x40b04], 0 at 0x0041B246"
BaseWin,0x40B0C,4,0,"?farm_click@BaseWin@@QAEXHHH@Z: mov eax, dword ptr [esi + 0x40b0c] at 0x0040A1E1"
BaseWin,0x40B10,4,0,"?draw_facilities@BaseWin@@QAEXH@Z: mov ecx, dword ptr [ebx + 0x40b10] at 0x0041003F"
BaseWin,0x40B14,4,0,"?draw_supported@BaseWin@@QAEXH@Z: mov edx, dword ptr [esi + 0x40b14] at 0x0040CC2D"
BaseWin,0x40B18,4,0,"?zoom@BaseWin@@QAEXHH@Z: mov dword ptr [esi + 0x40b18], edi at 0x0041A9F4"
BaseWin,0x40B1C,4,0,"?init@BaseWin@@QAEXXZ: mov dword ptr [esi + 0x40b1c], eax at 0x0041F344"
BaseWin,0x40B20,4,0,"?draw_supported@BaseWin@@QAEXH@Z: mov dword ptr [esi + 0x40b20], 1 at 0x0040CC57"
BaseWin,0x40B24,4,0,"?init@BaseWin@@QAEXXZ: mov dword ptr [esi + 0x40b24], eax at 0x0041F350"
BaseWin,0x40B28,4,0,"?garrison_click@BaseWin@@QAEXHHHH@Z: mov dword ptr [edi + 0x40b28], ebx at 0x0040B25F"
BaseWin,0x40B2C,4,0,"?add_queue@BaseWin@@QAEXHH@Z: mov edi, dword ptr [esi + 0x40b2c] at 0x00416DE8"
BaseWin,0x40B30,4,0,"?add_queue@BaseWin@@QAEXHH@Z: mov dword ptr [esi + 0x40b30], edi at 0x00416F04"
BaseWin,0x40B34,4,0,"?zoom@BaseWin@@QAEXHH@Z: mov dword ptr [esi + 0x40b34], eax at 0x0041AA03"
BaseWin,0x40B40,4,0,"?init@BaseWin@@QAEXXZ: mov dword ptr [esi + 0x40b40], eax at 0x0041F380"
BaseWin,0x40B44,4,0,"?farm_click@BaseWin@@QAEXHHH@Z: mov ecx, dword ptr [esi + 0x40b44] at 0x0040A2A2"
BaseWin,0x40B48,4,0,"?farm_click@BaseWin@@QAEXHHH@Z: mov eax, dword ptr [esi + 0x40b48] at 0x0040A29C"
BaseWin,0x40B4C,4,0,"?farm_click@BaseWin@@QAEXHHH@Z: mov eax, dword ptr [esi + 0x40b4c] at 0x0040A292"
BaseWin,0x40B50,4,0,"?farm_click@BaseWin@@QAEXHHH@Z: mov ebx, dword ptr [esi + 0x40b50] at 0x0040A35E"
BaseWin,0x40B54,4,0,"?iface_click@BaseWin@@QAEXHHHH@Z: mov eax, dword ptr [esi + 0x40b54] at 0x00416105"
BaseWin,0x40B58,4,0,"?init@BaseWin@@QAEXXZ: mov dword ptr [esi + 0x40b58], 0xdf at 0x0041F35E"
BaseWin,0x40B5C,4,0,"?draw_supported@BaseWin@@QAEXH@Z: mov ecx, dword ptr [eax] at 0x0040C933"
BaseWin,0x40B60,4,0,"?draw_supported@BaseWin@@QAEXH@Z: mov edx, dword ptr [eax + 4] at 0x0040C938"
BaseWin,0x40B64,4,0,"?draw_supported@BaseWin@@QAEXH@Z: mov ecx, dword ptr [eax + 8] at 0x0040C93E"
BaseWin,0x40B68,4,0,"?draw_supported@BaseWin@@QAEXH@Z: mov edx, dword ptr [eax + 0xc] at 0x0040C949"
BaseWin,0x40B6C,4,0,"?draw_supported@BaseWin@@QAEXH@Z: mov eax, dword ptr [edx] at 0x0040CA2E"
BaseWin,0x40B70,4,0,"?draw_supported@BaseWin@@QAEXH@Z: mov ecx, dword ptr [edx + 4] at 0x0040CA33"
BaseWin,0x40B74,4,0,"?draw_supported@BaseWin@@QAEXH@Z: mov eax, dword ptr [edx + 8] at 0x0040CA39"
BaseWin,0x40B78,4,0,"?draw_supported@BaseWin@@QAEXH@Z: mov ecx, dword ptr [edx + 0xc] at 0x0040CA3F"
BaseWin,0x40B7C,4,0,"?draw_supported@BaseWin@@QAEXH@Z: mov ecx, dword ptr [eax] at 0x0040C893"
BaseWin,0x40B80,4,0,"?draw_supported@BaseWin@@QAEXH@Z: mov edx, dword ptr [eax + 4] at 0x0040C89B"
BaseWin,0x40B84,4,0,"?draw_supported@BaseWin@@QAEXH@Z: mov ecx, dword ptr [eax + 8] at 0x0040C8A4"
BaseWin,0x40B88,4,0,"?draw_supported@BaseWin@@QAEXH@Z: mov edx, dword ptr [eax + 0xc] at 0x0040C8B3"
BaseWin,0x40B8C,4,0,"?draw_psych@BaseWin@@QAEXXZ: mov eax, dword ptr [esi] at 0x00408BA5"
BaseWin,0x40B90,4,0,"?draw_psych@BaseWin@@QAEXXZ: mov edi, dword ptr [esi + 4] at 0x00408BA7"
BaseWin,0x40B92,1,0,"?zoom@BaseWin@@QAEXHH@Z: mov bl, byte ptr [ecx + 6] at 0x0041ABF5"
BaseWin,0x40B94,4,0,"?draw_psych@BaseWin@@QAEXXZ: mov ecx, dword ptr [esi + 8] at 0x00408BB5"
BaseWin,0x40B98,4,0,"?draw_psych@BaseWin@@QAEXXZ: mov edx, dword ptr [esi + 0xc] at 0x00408BAF"
BaseWin,0x40B9C,4,0,"?draw_facilities@BaseWin@@QAEXH@Z: mov ecx, dword ptr [eax] at 0x0040FD9C"
BaseWin,0x40BA0,4,0,"?draw_facilities@BaseWin@@QAEXH@Z: mov edx, dword ptr [eax + 4] at 0x0040FDA1"
BaseWin,0x40BA4,4,0,"?draw_facilities@BaseWin@@QAEXH@Z: mov ecx, dword ptr [eax + 8] at 0x0040FDA7"
BaseWin,0x40BA8,4,0,"?draw_facilities@BaseWin@@QAEXH@Z: mov edx, dword ptr [eax + 0xc] at 0x0040FDAF"
BaseWin,0x40BAC,4,0,"?draw_facilities@BaseWin@@QAEXH@Z: mov edx, dword ptr [ebx + 0x40bac] at 0x0040FE94"
BaseWin,0x40BB0,4,0,"?draw_facilities@BaseWin@@QAEXH@Z: mov eax, dword ptr [ecx + 4] at 0x0040FE9D"
BaseWin,0x40BB4,4,0,"?draw_facilities@BaseWin@@QAEXH@Z: mov edx, dword ptr [ecx + 8] at 0x0040FEA3"
BaseWin,0x40BB8,4,0,"?draw_facilities@BaseWin@@QAEXH@Z: mov eax, dword ptr [ecx + 0xc] at 0x0040FEA9"
BaseWin,0x40BBC,4,0,"?draw_facilities@BaseWin@@QAEXH@Z: mov ecx, dword ptr [eax] at 0x0040FD06"
BaseWin,0x40BC0,4,0,"?draw_facilities@BaseWin@@QAEXH@Z: mov edx, dword ptr [eax + 4] at 0x0040FD0B"
BaseWin,0x40BC4,4,0,"?draw_facilities@BaseWin@@QAEXH@Z: mov ecx, dword ptr [eax + 8] at 0x0040FD11"
BaseWin,0x40BC8,4,0,"?draw_facilities@BaseWin@@QAEXH@Z: mov edx, dword ptr [eax + 0xc] at 0x0040FD17"
BaseWin,0x40BCC,4,0,"?draw_commerce@BaseWin@@QAEXH@Z: mov eax, dword ptr [edx] at 0x00410948"
BaseWin,0x40BD0,4,0,"?draw_commerce@BaseWin@@QAEXH@Z: mov ecx, dword ptr [edx + 4] at 0x0041094D"
BaseWin,0x40BD4,4,0,"?draw_commerce@BaseWin@@QAEXH@Z: mov eax, dword ptr [edx + 8] at 0x00410953"
BaseWin,0x40BD8,4,0,"?draw_commerce@BaseWin@@QAEXH@Z: mov ecx, dword ptr [edx + 0xc] at 0x00410959"
BaseWin,0x40BDC,4,0,"?draw_commerce@BaseWin@@QAEXH@Z: mov ecx, dword ptr [eax] at 0x00410AA0"
BaseWin,0x40BE0,4,0,"?draw_commerce@BaseWin@@QAEXH@Z: mov edx, dword ptr [eax + 4] at 0x00410AA5"
BaseWin,0x40BE4,4,0,"?draw_commerce@BaseWin@@QAEXH@Z: mov ecx, dword ptr [eax + 8] at 0x00410AAB"
BaseWin,0x40BE8,4,0,"?draw_commerce@BaseWin@@QAEXH@Z: mov edx, dword ptr [eax + 0xc] at 0x00410AB3"
BaseWin,0x40BEC,4,0,"?draw_commerce@BaseWin@@QAEXH@Z: mov ecx, dword ptr [eax] at 0x004108DB"
BaseWin,0x40BF0,4,0,"?draw_commerce@BaseWin@@QAEXH@Z: mov edx, dword ptr [eax + 4] at 0x004108E0"
BaseWin,0x40BF4,4,0,"?draw_commerce@BaseWin@@QAEXH@Z: mov ecx, dword ptr [eax + 8] at 0x004108E6"
BaseWin,0x40BF8,4,0,"?draw_commerce@BaseWin@@QAEXH@Z: mov edx, dword ptr [eax + 0xc] at 0x004108EC"
BaseWin,0x40BFC,4,0,"?init@BaseWin@@QAEXXZ: mov dword ptr [esi + 0x40bfc], 0x1e at 0x0041EAD3"
BaseWin,0x40C00,4,0,"?init@BaseWin@@QAEXXZ: mov dword ptr [esi + 0x40c00], edi at 0x0041EADD"
BaseWin,0x40C04,4,0,"?init@BaseWin@@QAEXXZ: mov dword ptr [esi + 0x40c04], eax at 0x0041EAE3"
BaseWin,0x40C08,4,0,"?init@BaseWin@@QAEXXZ: mov dword ptr [esi + 0x40c08], 0x8c at 0x0041EAE9"
BaseWin,0x40C0C,4,0,"?draw_nutrients@BaseWin@@QAEXH@Z: mov ecx, dword ptr [eax] at 0x00411319"
BaseWin,0x40C10,4,0,"?draw_nutrients@BaseWin@@QAEXH@Z: mov edx, dword ptr [eax + 4] at 0x0041131E"
BaseWin,0x40C14,4,0,"?draw_nutrients@BaseWin@@QAEXH@Z: mov ecx, dword ptr [eax + 8] at 0x00411324"
BaseWin,0x40C18,4,0,"?draw_nutrients@BaseWin@@QAEXH@Z: mov edx, dword ptr [eax + 0xc] at 0x0041132C"
BaseWin,0x40C1C,4,0,"?draw_nutrients@BaseWin@@QAEXH@Z: mov ecx, dword ptr [eax] at 0x00411289"
BaseWin,0x40C20,4,0,"?draw_nutrients@BaseWin@@QAEXH@Z: mov edx, dword ptr [eax + 4] at 0x0041128E"
BaseWin,0x40C24,4,0,"?draw_nutrients@BaseWin@@QAEXH@Z: mov ecx, dword ptr [eax + 8] at 0x00411294"
BaseWin,0x40C28,4,0,"?draw_nutrients@BaseWin@@QAEXH@Z: mov edx, dword ptr [eax + 0xc] at 0x0041129A"
BaseWin,0x40C2C,4,0,"?draw_garrison@BaseWin@@QAEXH@Z: mov ecx, dword ptr [eax] at 0x004103EE"
BaseWin,0x40C30,4,0,"?draw_garrison@BaseWin@@QAEXH@Z: mov edx, dword ptr [eax + 4] at 0x004103F3"
BaseWin,0x40C34,4,0,"?draw_garrison@BaseWin@@QAEXH@Z: mov ecx, dword ptr [eax + 8] at 0x004103F9"
BaseWin,0x40C38,4,0,"?draw_garrison@BaseWin@@QAEXH@Z: mov edx, dword ptr [eax + 0xc] at 0x00410405"
BaseWin,0x40C3C,4,0,"?draw_energy_alloc@BaseWin@@QAEXH@Z: mov ecx, dword ptr [eax] at 0x004119DB"
BaseWin,0x40C40,4,0,"?draw_energy_alloc@BaseWin@@QAEXH@Z: mov edx, dword ptr [eax + 4] at 0x004119EA"
BaseWin,0x40C44,4,0,"?draw_energy_alloc@BaseWin@@QAEXH@Z: mov ecx, dword ptr [eax + 8] at 0x004119F9"
BaseWin,0x40C48,4,0,"?draw_energy_alloc@BaseWin@@QAEXH@Z: mov edx, dword ptr [eax + 0xc] at 0x00411A02"
BaseWin,0x40C4C,4,0,"?draw_expenses@BaseWin@@QAEXH@Z: mov edx, dword ptr [ecx] at 0x00412B26"
BaseWin,0x40C50,4,0,"?draw_expenses@BaseWin@@QAEXH@Z: mov eax, dword ptr [ecx + 4] at 0x00412B2E"
BaseWin,0x40C54,4,0,"?draw_expenses@BaseWin@@QAEXH@Z: mov edx, dword ptr [ecx + 8] at 0x00412B37"
BaseWin,0x40C58,4,0,"?draw_expenses@BaseWin@@QAEXH@Z: mov eax, dword ptr [ecx + 0xc] at 0x00412B40"
BaseWin,0x40C5C,4,0,"?draw_pop@BaseWin@@QAEXH@Z: mov ecx, dword ptr [eax] at 0x00414B9B"
BaseWin,0x40C60,4,0,"?draw_pop@BaseWin@@QAEXH@Z: mov edx, dword ptr [eax + 4] at 0x00414BA0"
BaseWin,0x40C64,4,0,"?draw_pop@BaseWin@@QAEXH@Z: mov ecx, dword ptr [eax + 8] at 0x00414BA6"
BaseWin,0x40C68,4,0,"?draw_pop@BaseWin@@QAEXH@Z: mov edx, dword ptr [eax + 0xc] at 0x00414BB2"
BaseWin,0x40C6C,4,0,"?init@BaseWin@@QAEXXZ: mov dword ptr [edx], eax at 0x0041EF41"
BaseWin,0x40C70,4,0,"?init@BaseWin@@QAEXXZ: mov dword ptr [edx + 4], eax at 0x0041EF48"
BaseWin,0x40C74,4,0,"?init@BaseWin@@QAEXXZ: mov dword ptr [edx + 8], eax at 0x0041EF50"
BaseWin,0x40C78,4,0,"?init@BaseWin@@QAEXXZ: mov dword ptr [edx + 0xc], eax at 0x0041EF58"
BaseWin,0x40C7C,4,0,"?draw_queue@BaseWin@@QAEXH@Z: mov ecx, dword ptr [eax] at 0x004151BE"
BaseWin,0x40C80,4,0,"?draw_queue@BaseWin@@QAEXH@Z: mov edx, dword ptr [eax + 4] at 0x004151C3"
BaseWin,0x40C84,4,0,"?draw_queue@BaseWin@@QAEXH@Z: mov ecx, dword ptr [eax + 8] at 0x004151C9"
BaseWin,0x40C88,4,0,"?draw_queue@BaseWin@@QAEXH@Z: mov edx, dword ptr [eax + 0xc] at 0x004151D4"
BaseWin,0x40C8C,4,0,"?draw_queue@BaseWin@@QAEXH@Z: mov edx, dword ptr [eax] at 0x004152B9"
BaseWin,0x40C90,4,0,"?draw_queue@BaseWin@@QAEXH@Z: mov ecx, dword ptr [eax + 4] at 0x004152BE"
BaseWin,0x40C94,4,0,"?draw_queue@BaseWin@@QAEXH@Z: mov edx, dword ptr [eax + 8] at 0x004152C7"
BaseWin,0x40C98,4,0,"?draw_queue@BaseWin@@QAEXH@Z: mov eax, dword ptr [eax + 0xc] at 0x004152D3"
BaseWin,0x40C9C,4,0,"?draw_queue@BaseWin@@QAEXH@Z: mov ecx, dword ptr [eax] at 0x004150E2"
BaseWin,0x40CA0,4,0,"?draw_queue@BaseWin@@QAEXH@Z: mov edx, dword ptr [eax + 4] at 0x004150E7"
BaseWin,0x40CA4,4,0,"?draw_queue@BaseWin@@QAEXH@Z: mov ecx, dword ptr [eax + 8] at 0x004150ED"
BaseWin,0x40CA8,4,0,"?draw_queue@BaseWin@@QAEXH@Z: mov edx, dword ptr [eax + 0xc] at 0x004150F9"
BaseWin,0x40CAC,4,0,"?draw_info@BaseWin@@QAEXH@Z: mov eax, dword ptr [edx] at 0x00415B81"
BaseWin,0x40CB0,4,0,"?draw_info@BaseWin@@QAEXH@Z: mov ecx, dword ptr [edx + 4] at 0x00415B86"
BaseWin,0x40CB4,4,0,"?draw_info@BaseWin@@QAEXH@Z: mov eax, dword ptr [edx + 8] at 0x00415B8C"
BaseWin,0x40CB8,4,0,"?draw_info@BaseWin@@QAEXH@Z: mov ecx, dword ptr [edx + 0xc] at 0x00415B97"
BaseWin,0x40D1C,4,0,"?draw_misc@BaseWin@@QAEXH@Z: mov edx, dword ptr [eax] at 0x00415741"
BaseWin,0x40D20,4,0,"?draw_misc@BaseWin@@QAEXH@Z: mov edx, dword ptr [eax + 4] at 0x0041574F"
BaseWin,0x40D24,4,0,"?draw_misc@BaseWin@@QAEXH@Z: mov edx, dword ptr [eax + 8] at 0x00415757"
BaseWin,0x40D28,4,0,"?draw_misc@BaseWin@@QAEXH@Z: mov eax, dword ptr [eax + 0xc] at 0x0041575F"
BaseWin,0x40D2C,4,0,"?init@BaseWin@@QAEXXZ: mov dword ptr [esi + 0x40d2c], 0x175 at 0x0041E9B5"
BaseWin,0x40D30,4,0,"?init@BaseWin@@QAEXXZ: mov dword ptr [esi + 0x40d30], ecx at 0x0041E9A4"
BaseWin,0x40D34,4,0,"?init@BaseWin@@QAEXXZ: mov dword ptr [esi + 0x40d34], 0x227 at 0x0041E9BF"
BaseWin,0x40D38,4,0,"?init@BaseWin@@QAEXXZ: mov dword ptr [esi + 0x40d38], eax at 0x0041E9AA"
BaseWin,0x40D3C,4,0,"?init@BaseWin@@QAEXXZ: mov dword ptr [esi + 0x40d3c], 0xbf at 0x0041E984"
BaseWin,0x40D40,4,0,"?init@BaseWin@@QAEXXZ: mov dword ptr [esi + 0x40d40], ecx at 0x0041E98E"
BaseWin,0x40D44,4,0,"?init@BaseWin@@QAEXXZ: mov dword ptr [esi + 0x40d44], 0x171 at 0x0041E994"
BaseWin,0x40D48,4,0,"?init@BaseWin@@QAEXXZ: mov dword ptr [esi + 0x40d48], eax at 0x0041E99E"
BaseWin,0x40D4C,4,0,"?init@BaseWin@@QAEXXZ: mov dword ptr [ebx], ecx at 0x0041FA26"
BaseWin,0x40D50,4,0,"?init@BaseWin@@QAEXXZ: mov dword ptr [ebx + 4], edx at 0x0041FA2B"
BaseWin,0x40D54,4,0,"?init@BaseWin@@QAEXXZ: mov dword ptr [ebx + 8], ecx at 0x0041FA31"
BaseWin,0x40D58,4,0,"?init@BaseWin@@QAEXXZ: mov dword ptr [ebx + 0xc], edx at 0x0041FA34"
BaseWin,0x40D5C,4,0,"?init@BaseWin@@QAEXXZ: mov dword ptr [ebx], edx at 0x0041FAE5"
BaseWin,0x40D60,4,0,"?init@BaseWin@@QAEXXZ: mov dword ptr [ebx + 4], edx at 0x0041FAEA"
BaseWin,0x40D64,4,0,"?init@BaseWin@@QAEXXZ: mov dword ptr [ebx + 8], ecx at 0x0041FAED"
BaseWin,0x40D68,4,0,"?init@BaseWin@@QAEXXZ: mov dword ptr [ebx + 0xc], ecx at 0x0041FAF3"
BaseWin,0x40D6C,4,0,"?init@BaseWin@@QAEXXZ: mov dword ptr [esi + 0x40d6c], 0x1e at 0x0041FF86"
BaseWin,0x40D70,4,0,"?init@BaseWin@@QAEXXZ: mov dword ptr [esi + 0x40d70], 7 at 0x0041FF90"
BaseWin,0x40D74,4,0,"?init@BaseWin@@QAEXXZ: mov dword ptr [esi + 0x40d74], 0x8e at 0x0041FF9A"
BaseWin,0x40D78,4,0,"?init@BaseWin@@QAEXXZ: mov dword ptr [esi + 0x40d78], 0x1b at 0x0041FFA4"
BaseWin,0x40D7C,4,0,"?init@BaseWin@@QAEXXZ: mov dword ptr [esi + 0x40d7c], 0x90 at 0x004200B3"
BaseWin,0x40D80,4,0,"?init@BaseWin@@QAEXXZ: mov dword ptr [esi + 0x40d80], 7 at 0x004200BD"
BaseWin,0x40D84,4,0,"?init@BaseWin@@QAEXXZ: mov dword ptr [esi + 0x40d84], 0x100 at 0x004200C7"
BaseWin,0x40D88,4,0,"?init@BaseWin@@QAEXXZ: mov dword ptr [esi + 0x40d88], 0x1b at 0x004200D1"
BaseWin,0x40D8C,4,0,"?init@BaseWin@@QAEXXZ: mov dword ptr [esi + 0x40d8c], 0x1d6 at 0x004204E9"
BaseWin,0x40D90,4,0,"?init@BaseWin@@QAEXXZ: mov dword ptr [esi + 0x40d90], 7 at 0x004204F3"
BaseWin,0x40D94,4,0,"?init@BaseWin@@QAEXXZ: mov dword ptr [esi + 0x40d94], 0x246 at 0x004204FD"
BaseWin,0x40D98,4,0,"?init@BaseWin@@QAEXXZ: mov dword ptr [esi + 0x40d98], 0x1b at 0x00420507"
BaseWin,0x40D9C,4,0,"?init@BaseWin@@QAEXXZ: mov dword ptr [esi + 0x40d9c], 0x248 at 0x00420616"
BaseWin,0x40DA0,4,0,"?init@BaseWin@@QAEXXZ: mov dword ptr [esi + 0x40da0], 7 at 0x00420620"
BaseWin,0x40DA4,4,0,"?init@BaseWin@@QAEXXZ: mov dword ptr [esi + 0x40da4], 0x2b8 at 0x0042062A"
BaseWin,0x40DA8,4,0,"?init@BaseWin@@QAEXXZ: mov dword ptr [esi + 0x40da8], 0x1b at 0x00420634"
BaseWin,0x40DAC,4,0,"?init@BaseWin@@QAEXXZ: mov dword ptr [esi + 0x40dac], 0x118 at 0x004202CE"
BaseWin,0x40DB0,4,0,"?init@BaseWin@@QAEXXZ: mov dword ptr [esi + 0x40db0], 7 at 0x004202D8"
BaseWin,0x40DB4,4,0,"?init@BaseWin@@QAEXXZ: mov dword ptr [esi + 0x40db4], 0x1be at 0x004202E2"
BaseWin,0x40DB8,4,0,"?init@BaseWin@@QAEXXZ: mov dword ptr [esi + 0x40db8], 0x1b at 0x004202EC"
BaseWin,0x40DBC,4,0,"?init@BaseWin@@QAEXXZ: mov dword ptr [esi + 0x40dbc], 0x12b at 0x0041FE26"
BaseWin,0x40DC0,4,0,"?init@BaseWin@@QAEXXZ: mov dword ptr [esi + 0x40dc0], 0xea at 0x0041FE30"
BaseWin,0x40DC4,4,0,"?init@BaseWin@@QAEXXZ: mov dword ptr [esi + 0x40dc4], 0x1ab at 0x0041FE3A"
BaseWin,0x40DC8,4,0,"?init@BaseWin@@QAEXXZ: mov dword ptr [esi + 0x40dc8], 0xfe at 0x0041FE44"
BaseWin,0x40DCC,4,0,"?init@BaseWin@@QAEXXZ: mov dword ptr [esi + 0x40dcc], 0xa9 at 0x0041FD76"
BaseWin,0x40DD0,4,0,"?init@BaseWin@@QAEXXZ: mov dword ptr [esi + 0x40dd0], 0xea at 0x0041FD80"
BaseWin,0x40DD4,4,0,"?init@BaseWin@@QAEXXZ: mov dword ptr [esi + 0x40dd4], 0x129 at 0x0041FD8A"
BaseWin,0x40DD8,4,0,"?init@BaseWin@@QAEXXZ: mov dword ptr [esi + 0x40dd8], 0xfe at 0x0041FD94"
BaseWin,0x40DDC,4,0,"?init@BaseWin@@QAEXXZ: mov dword ptr [esi + 0x40ddc], 0x1ad at 0x0041FED6"
BaseWin,0x40DE0,4,0,"?init@BaseWin@@QAEXXZ: mov dword ptr [esi + 0x40de0], 0xea at 0x0041FEE0"
BaseWin,0x40DE4,4,0,"?init@BaseWin@@QAEXXZ: mov dword ptr [esi + 0x40de4], 0x22d at 0x0041FEEA"
BaseWin,0x40DE8,4,0,"?init@BaseWin@@QAEXXZ: mov dword ptr [esi + 0x40de8], 0xfe at 0x0041FEF4"
BaseWin,0x40DEC,4,0,"?init@BaseWin@@QAEXXZ: mov dword ptr [edi], eax at 0x0041EFE4"
BaseWin,0x40DF0,4,0,"?init@BaseWin@@QAEXXZ: mov dword ptr [edi + 4], edx at 0x0041EFE6"
BaseWin,0x40DF4,4,0,"?init@BaseWin@@QAEXXZ: mov dword ptr [edi + 8], ebx at 0x0041EFE9"
BaseWin,0x40DF8,4,0,"?init@BaseWin@@QAEXXZ: mov dword ptr [edi + 0xc], ecx at 0x0041EFEC"
BaseWin,0x40DFC,4,0,"?init@BaseWin@@QAEXXZ: mov dword ptr [edi], eax at 0x0041EFC4"
BaseWin,0x40E00,4,0,"?init@BaseWin@@QAEXXZ: mov dword ptr [edi + 4], edx at 0x0041EFCF"
BaseWin,0x40E04,4,0,"?init@BaseWin@@QAEXXZ: mov dword ptr [edi + 8], ebx at 0x0041EFD5"
BaseWin,0x40E08,4,0,"?init@BaseWin@@QAEXXZ: mov dword ptr [edi + 0xc], ecx at 0x0041EFD8"
BaseWin,0x40E2C,4,0,"?draw_info@BaseWin@@QAEXH@Z: mov eax, dword ptr [edi] at 0x00415B3D"
BaseWin,0x40E30,4,0,"?draw_info@BaseWin@@QAEXH@Z: mov ecx, dword ptr [edi + 4] at 0x00415B41"
BaseWin,0x40E34,4,0,"?draw_info@BaseWin@@QAEXH@Z: mov edx, dword ptr [edi + 8] at 0x00415B49"
BaseWin,0x40E38,4,0,"?draw_info@BaseWin@@QAEXH@Z: mov edi, dword ptr [edi + 0xc] at 0x00415B56"
BaseWin,0x40E3C,4,0,"?init@BaseWin@@QAEXXZ: mov dword ptr [esi + 0x40e3c], 0xa9 at 0x00420925"
BaseWin,0x40E40,4,0,"?init@BaseWin@@QAEXXZ: mov dword ptr [esi + 0x40e40], 0x107 at 0x0042092F"
BaseWin,0x40E44,4,0,"?init@BaseWin@@QAEXXZ: mov dword ptr [esi + 0x40e44], ecx at 0x00420939"
BaseWin,0x40E48,4,0,"?init@BaseWin@@QAEXXZ: mov dword ptr [esi + 0x40e48], eax at 0x0042093F"
BaseWin,0x40E4C,4,0,"?init@BaseWin@@QAEXXZ: mov dword ptr [esi + 0x40e4c], 0x102 at 0x004201F5"
BaseWin,0x40E50,4,0,"?init@BaseWin@@QAEXXZ: mov dword ptr [esi + 0x40e50], 7 at 0x004201FF"
BaseWin,0x40E54,4,0,"?init@BaseWin@@QAEXXZ: mov dword ptr [esi + 0x40e54], ecx at 0x00420209"
BaseWin,0x40E58,4,0,"?init@BaseWin@@QAEXXZ: mov dword ptr [esi + 0x40e58], eax at 0x0042020F"
BaseWin,0x40E5C,4,0,"?init@BaseWin@@QAEXXZ: mov dword ptr [esi + 0x40e5c], 0x1c0 at 0x00420410"
BaseWin,0x40E60,4,0,"?init@BaseWin@@QAEXXZ: mov dword ptr [esi + 0x40e60], 7 at 0x0042041A"
BaseWin,0x40E64,4,0,"?init@BaseWin@@QAEXXZ: mov dword ptr [esi + 0x40e64], ecx at 0x00420424"
BaseWin,0x40E68,4,0,"?init@BaseWin@@QAEXXZ: mov dword ptr [esi + 0x40e68], eax at 0x0042042A"
BaseWin,0x40E6C,4,0,"?init@BaseWin@@QAEXXZ: mov dword ptr [eax], ecx at 0x0041F091"
BaseWin,0x40E70,4,0,"?init@BaseWin@@QAEXXZ: mov dword ptr [eax + 4], edx at 0x0041F099"
BaseWin,0x40E74,4,0,"?init@BaseWin@@QAEXXZ: mov dword ptr [eax + 8], ecx at 0x0041F0A2"
BaseWin,0x40E78,4,0,"?init@BaseWin@@QAEXXZ: mov dword ptr [eax + 0xc], edx at 0x0041F0AB"
BaseWin,0x40E7C,4,0,"?init@BaseWin@@QAEXXZ: mov dword ptr [edi], ecx at 0x0041F280"
BaseWin,0x40E80,4,0,"?draw_facilities@BaseWin@@QAEXH@Z: mov ecx, dword ptr [ebx + 0x40e80] at 0x0040FEBE"
BaseWin,0x40E84,4,0,"?init@BaseWin@@QAEXXZ: mov dword ptr [edi + 8], edx at 0x0041F294"
BaseWin,0x40E88,4,0,"?init@BaseWin@@QAEXXZ: mov dword ptr [edi + 0xc], eax at 0x0041F297"
BaseWin,0x41454,4,0,"?draw_facilities@BaseWin@@QAEXH@Z: mov eax, dword ptr [esi] at 0x0041005B"
BaseWin,0x41898,4,0,"??1BaseWin@@QAE@XZ: mov dword ptr [edi + 0x444], ebx at 0x00420B5A"
BaseWin,0x41E94,4,0,"?draw_facilities@BaseWin@@QAEXH@Z: mov dword ptr [ebx + 0x41e94], edx at 0x00410055"
BaseWin,0x435A0,4,0,"?draw_supported@BaseWin@@QAEXH@Z: mov edx, dword ptr [edi] at 0x0040CC4D"
BaseWin,0x439E4,4,0,"??1BaseWin@@QAE@XZ: mov dword ptr [edi + 0x444], ebx at 0x00420B11"
BaseWin,0x43FE0,4,0,"?draw_supported@BaseWin@@QAEXH@Z: mov dword ptr [esi + 0x43fe0], eax at 0x0040CC47"
BaseWin,0x456EC,4,0,"??1BaseWin@@QAE@XZ: mov dword ptr [edi], 0x669d58 at 0x00420AC2"
BaseWin,0x45B30,4,0,"??1BaseWin@@QAE@XZ: mov dword ptr [edi + 0x444], ebx at 0x00420AC8"
BattleWin,0x0,4,0,"??0BattleWin@@QAE@XZ: mov dword ptr [esi], 0x66a6e4 at 0x00422EE6"
BattleWin,0x4,4,0,"?init@BattleWin@@QAEXXZ: mov dword ptr [esi + 4], 0xa at 0x00421AF5"
BattleWin,0x30,4,0,"?init@BattleWin@@QAEXXZ: mov dword ptr [esi + 0x30], ecx at 0x00421A81"
BattleWin,0x34,4,0,"?init@BattleWin@@QAEXXZ: mov dword ptr [eax + 4], edi at 0x00421A84"
BattleWin,0x38,4,0,"?init@BattleWin@@QAEXXZ: mov dword ptr [eax + 8], edx at 0x00421A87"
BattleWin,0x3C,4,0,"?init@BattleWin@@QAEXXZ: mov dword ptr [eax + 0xc], ebx at 0x00421A8A"
BattleWin,0x40,4,0,"?init@BattleWin@@QAEXXZ: mov dword ptr [esi + 0x40], ecx at 0x00421A9B"
BattleWin,0x44,4,0,"?init@BattleWin@@QAEXXZ: mov dword ptr [eax + 4], edi at 0x00421A9E"
BattleWin,0x48,4,0,"?init@BattleWin@@QAEXXZ: mov dword ptr [eax + 8], edx at 0x00421AA1"
BattleWin,0x4C,4,0,"?init@BattleWin@@QAEXXZ: mov dword ptr [eax + 0xc], ebx at 0x00421AA4"
BattleWin,0x50,4,0,"?init@BattleWin@@QAEXXZ: mov dword ptr [edx], ecx at 0x00421AD4"
BattleWin,0x54,4,0,"?init@BattleWin@@QAEXXZ: mov dword ptr [edx + 4], edi at 0x00421ADD"
BattleWin,0x58,4,0,"?init@BattleWin@@QAEXXZ: mov dword ptr [edx + 8], eax at 0x00421AE0"
BattleWin,0x5C,4,0,"?init@BattleWin@@QAEXXZ: mov dword ptr [edx + 0xc], ebx at 0x00421AE6"
BattleWin,0x60,4,0,"?init@BattleWin@@QAEXXZ: mov dword ptr [edx], eax at 0x00421AFC"
BattleWin,0x64,4,0,"?init@BattleWin@@QAEXXZ: mov dword ptr [edx + 4], edi at 0x00421AFE"
BattleWin,0x68,4,0,"?init@BattleWin@@QAEXXZ: mov dword ptr [edx + 8], ecx at 0x00421B01"
BattleWin,0x6C,4,0,"?init@BattleWin@@QAEXXZ: mov dword ptr [edx + 0xc], ebx at 0x00421B04"
BattleWin,0x70,4,0,"?init@BattleWin@@QAEXXZ: mov dword ptr [esi + 0x70], ecx at 0x00421A02"
BattleWin,0x74,4,0,"?init@BattleWin@@QAEXXZ: mov dword ptr [eax + 4], edx at 0x00421A0B"
BattleWin,0x78,4,0,"?init@BattleWin@@QAEXXZ: mov dword ptr [eax + 8], ecx at 0x00421A14"
BattleWin,0x7C,4,0,"?init@BattleWin@@QAEXXZ: mov dword ptr [eax + 0xc], edx at 0x00421A1D"
BattleWin,0x90,4,0,"?init@BattleWin@@QAEXXZ: mov dword ptr [esi + 0x90], ecx at 0x00421A2C"
BattleWin,0x94,4,0,"?init@BattleWin@@QAEXXZ: mov dword ptr [eax + 4], edx at 0x00421A38"
BattleWin,0x98,4,0,"?init@BattleWin@@QAEXXZ: mov dword ptr [eax + 8], ecx at 0x00421A41"
BattleWin,0x9C,4,0,"?init@BattleWin@@QAEXXZ: mov dword ptr [eax + 0xc], edx at 0x00421A4A"
Buffer,0x0,4,0,"??0Buffer@@QAE@XZ: mov dword ptr [esi], 0x66fdbc at 0x005D7248"
Buffer,0x4,4,0,"??0Buffer@@QAE@XZ: mov dword ptr [esi + 4], edx at 0x005D7359"
Buffer,0x8,4,0,"??0Buffer@@QAE@XZ: mov dword ptr [esi + 8], edx at 0x005D725D"
Buffer,0xC,4,0,"??0Buffer@@QAE@XZ: mov dword ptr [esi + 0xc], edx at 0x005D725A"
Buffer,0x10,4,0,"??0Buffer@@QAE@XZ: mov dword ptr [esi + 0x10], edx at 0x005D7263"
Buffer,0x14,4,0,"??0Buffer@@QAE@XZ: mov dword ptr [esi + 0x14], edx at 0x005D7260"
Buffer,0x18,4,0,"??0Buffer@@QAE@XZ: mov dword ptr [esi + 0x18], edx at 0x005D7266"
Buffer,0x1C,1,0,"?close@Buffer@@QAEXXZ: test byte ptr [esi + 0x1c], 4 at 0x005D74FC"
Buffer,0x1C,4,0,"??0Buffer@@QAE@XZ: mov dword ptr [esi + 0x1c], edx at 0x005D7269"
Buffer,0x20,4,0,"?hline@Buffer@@QAEXHHHHHHHH@Z: mov ecx, dword ptr [esi + 0x20] at 0x005E1167"
Buffer,0x24,4,0,"?hline@Buffer@@QAEXHHHHHHHH@Z: mov ecx, dword ptr [esi + 0x24] at 0x005E10E3"
Buffer,0x28,4,0,"?hline@Buffer@@QAEXHHHHHHHH@Z: cmp ebx, dword ptr [esi + 0x28] at 0x005E115E"
Buffer,0x2C,4,0,"?hline@Buffer@@QAEXHHHHHHHH@Z: cmp eax, dword ptr [esi + 0x2c] at 0x005E10EE"
Buffer,0x50,4,0,"??0Buffer@@QAE@XZ: mov dword ptr [esi + 0x50], edx at 0x005D726C"
Buffer,0x54,4,0,"??0Buffer@@QAE@XZ: mov dword ptr [esi + 0x54], edx at 0x005D726F"
Buffer,0x58,4,0,"??0Buffer@@QAE@XZ: mov dword ptr [esi + 0x58], edx at 0x005D7272"
Buffer,0x5C,4,0,"??0Buffer@@QAE@XZ: mov dword ptr [esi + 0x5c], edx at 0x005D7275"
Buffer,0x60,4,0,"??0Buffer@@QAE@XZ: mov dword ptr [esi + 0x60], edx at 0x005D7278"
Buffer,0x64,4,0,"??0Buffer@@QAE@XZ: mov dword ptr [esi + 0x64], edx at 0x005D727B"
Buffer,0x68,4,0,"??0Buffer@@QAE@XZ: mov dword ptr [esi + 0x68], edx at 0x005D727E"
Buffer,0x6C,4,0,"??0Buffer@@QAE@XZ: mov dword ptr [esi + 0x6c], edx at 0x005D7281"
Buffer,0x70,4,0,"??0Buffer@@QAE@XZ: mov dword ptr [esi + 0x70], edx at 0x005D7356"
Buffer,0x74,4,0,"??0Buffer@@QAE@XZ: mov dword ptr [esi + 0x74], edx at 0x005D7284"
Buffer,0x78,4,0,"??0Buffer@@QAE@XZ: mov dword ptr [esi + 0x78], edx at 0x005D7287"
Buffer,0x7C,4,0,"??0Buffer@@QAE@XZ: mov dword ptr [esi + 0x7c], 0x28 at 0x005D735C"
Buffer,0x80,4,0,"??0Buffer@@QAE@XZ: mov dword ptr [esi + 0x80], edx at 0x005D7363"
Buffer,0x84,2,0,"?write_pcx@Buffer@@QAEHPAD@Z: sub ax, word ptr [ebp + 0x84] at 0x005DF75B"
Buffer,0x84,4,0,"??0Buffer@@QAE@XZ: mov dword ptr [esi + 0x84], edx at 0x005D7369"
Buffer,0x88,2,0,"??0Buffer@@QAE@XZ: mov word ptr [esi + 0x88], 1 at 0x005D736F"
Buffer,0x8A,2,0,"??0Buffer@@QAE@XZ: mov word ptr [esi + 0x8a], 8 at 0x005D7378"
Buffer,0x8C,4,0,"??0Buffer@@QAE@XZ: mov dword ptr [esi + 0x8c], edx at 0x005D7381"
Buffer,0x90,4,0,"??0Buffer@@QAE@XZ: mov dword ptr [esi + 0x90], edx at 0x005D7387"
Buffer,0x94,4,0,"??0Buffer@@QAE@XZ: mov dword ptr [esi + 0x94], edx at 0x005D738D"
Buffer,0x98,4,0,"??0Buffer@@QAE@XZ: mov dword ptr [esi + 0x98], edx at 0x005D7393"
Buffer,0x9C,4,0,"??0Buffer@@QAE@XZ: mov dword ptr [esi + 0x9c], 0x100 at 0x005D7399"
Buffer,0xA0,4,0,"??0Buffer@@QAE@XZ: mov dword ptr [esi + 0xa0], edx at 0x005D73A3"
Buffer,0xA6,1,0,"?write_pcx@Buffer@@QAEHPAD@Z: mov dl, byte ptr [eax + 1] at 0x005DF87A"
Buffer,0x4A4,4,0,"??0Buffer@@QAE@XZ: mov dword ptr [esi + 0x4a4], edx at 0x005D728A"
Buffer,0x4A8,2,0,"?write_pcx@Buffer@@QAEHPAD@Z: mov cx, word ptr [ebp + 0x4a8] at 0x005DF746"
Buffer,0x4A8,4,0,"??0Buffer@@QAE@XZ: mov dword ptr [esi + 0x4a8], edx at 0x005D7293"
Buffer,0x4AC,4,0,"?clear_links@Buffer@@QAEXXZ: mov dword ptr [esi + 0x4ac], 0 at 0x005DEFA1"
Buffer,0x4BC,4,0,"??0Buffer@@QAE@XZ: rep stosd dword ptr es:[edi], eax at 0x005D7252"
Buffer,0x50C,4,0,"??0Buffer@@QAE@XZ: mov dword ptr [esi + 0x50c], ecx at 0x005D7299"
Buffer,0x510,4,0,"??0Buffer@@QAE@XZ: mov dword ptr [esi + 0x510], edx at 0x005D729F"
Buffer,0x514,4,0,"??0Buffer@@QAE@XZ: mov dword ptr [esi + 0x514], edx at 0x005D72A5"
Buffer,0x518,4,0,"??0Buffer@@QAE@XZ: mov dword ptr [esi + 0x518], edx at 0x005D72AB"
Buffer,0x51C,4,0,"??0Buffer@@QAE@XZ: mov dword ptr [esi + 0x51c], edx at 0x005D72B1"
Buffer,0x520,4,0,"??0Buffer@@QAE@XZ: mov dword ptr [esi + 0x520], eax at 0x005D72BC"
Buffer,0x524,4,0,"??0Buffer@@QAE@XZ: mov dword ptr [esi + 0x524], edx at 0x005D72C2"
Buffer,0x52C,4,0,"??0Buffer@@QAE@XZ: mov dword ptr [esi + 0x52c], eax at 0x005D72D3"
Buffer,0x530,4,0,"??0Buffer@@QAE@XZ: mov dword ptr [esi + 0x530], edx at 0x005D72CD"
Buffer,0x534,4,0,"??0Buffer@@QAE@XZ: mov dword ptr [esi + 0x534], edx at 0x005D730E"
Buffer,0x538,4,0,"??0Buffer@@QAE@XZ: mov dword ptr [esi + 0x538], edx at 0x005D732C"
Buffer,0x53C,4,0,"??0Buffer@@QAE@XZ: mov dword ptr [esi + 0x53c], edx at 0x005D72D9"
Buffer,0x540,4,0,"??0Buffer@@QAE@XZ: mov dword ptr [esi + 0x540], ecx at 0x005D72F6"
Buffer,0x544,4,0,"??0Buffer@@QAE@XZ: mov dword ptr [esi + 0x544], ecx at 0x005D7314"
Buffer,0x548,4,0,"??0Buffer@@QAE@XZ: mov dword ptr [esi + 0x548], ecx at 0x005D7332"
Buffer,0x54C,4,0,"??0Buffer@@QAE@XZ: mov dword ptr [esi + 0x54c], ecx at 0x005D72E4"
Buffer,0x550,4,0,"??0Buffer@@QAE@XZ: mov dword ptr [esi + 0x550], ecx at 0x005D72FC"
Buffer,0x554,4,0,"??0Buffer@@QAE@XZ: mov dword ptr [esi + 0x554], ecx at 0x005D731A"
Buffer,0x558,4,0,"??0Buffer@@QAE@XZ: mov dword ptr [esi + 0x558], ecx at 0x005D7338"
Buffer,0x55C,4,0,"??0Buffer@@QAE@XZ: mov dword ptr [esi + 0x55c], eax at 0x005D72EA"
Buffer,0x560,4,0,"??0Buffer@@QAE@XZ: mov dword ptr [esi + 0x560], eax at 0x005D7302"
Buffer,0x564,4,0,"??0Buffer@@QAE@XZ: mov dword ptr [esi + 0x564], eax at 0x005D7320"
Buffer,0x568,4,0,"??0Buffer@@QAE@XZ: mov dword ptr [esi + 0x568], eax at 0x005D733E"
Buffer,0x56C,4,0,"??0Buffer@@QAE@XZ: mov dword ptr [esi + 0x56c], eax at 0x005D72F0"
Buffer,0x570,4,0,"??0Buffer@@QAE@XZ: mov dword ptr [esi + 0x570], eax at 0x005D7308"
Buffer,0x574,4,0,"??0Buffer@@QAE@XZ: mov dword ptr [esi + 0x574], eax at 0x005D7326"
Buffer,0x578,4,0,"??0Buffer@@QAE@XZ: mov dword ptr [esi + 0x578], eax at 0x005D7344"
Buffer,0x57C,4,0,"??0Buffer@@QAE@XZ: mov dword ptr [esi + 0x57c], edx at 0x005D734A"
Buffer,0x580,1,0,"??0Buffer@@QAE@XZ: mov byte ptr [esi + 0x580], dl at 0x005D7350"
Buffer,0x584,4,0,"??0Buffer@@QAE@XZ: mov dword ptr [esi + 0x584], edx at 0x005D7254"
ButtonGroup,0x0,4,0,"??0ButtonGroup@@QAE@XZ: rep stosd dword ptr es:[edi], eax at 0x0062B7DE"
ButtonGroup,0x80,4,0,"??0ButtonGroup@@QAE@XZ: mov dword ptr [edx + 0x80], eax at 0x0062B7CC"
ButtonGroup,0x84,4,0,"?init@ButtonGroup@@QAEXHH@Z: mov dword ptr [edx + 0x84], 0xfffffffe at 0x0062B838"
ButtonGroup,0x88,4,0,"?init@ButtonGroup@@QAEXHH@Z: mov dword ptr [edx + 0x88], ecx at 0x0062B842"
ButtonGroup,0x8C,4,0,"??0ButtonGroup@@QAE@XZ: mov dword ptr [edx + 0x8c], eax at 0x0062B7D2"
ButtonGroup,0x90,4,0,"??0ButtonGroup@@QAE@XZ: mov dword ptr [edx + 0x90], eax at 0x0062B7D8"
Caviar,0x0,4,0,"??0Caviar@@QAE@XZ: mov dword ptr [eax], 0x3f2aaaab at 0x00616DCE"
Caviar,0x4,1,0,"?UNK1@Caviar@@QAEHHH@Z: test byte ptr [esi + 4], 1 at 0x00617087"
Caviar,0x4,4,0,"?init@Caviar@@QAEXXZ: mov eax, dword ptr [esi + 4] at 0x00616F95"
Caviar,0x14,4,0,"?set_buffer@Caviar@@QAEHPAUBuffer@@@Z: mov dword ptr [ecx + 0x14], eax at 0x00618401"
Caviar,0x1C,4,0,"?init@Caviar@@QAEXXZ: mov dword ptr [esi + 0x1c], edi at 0x00616F4B"
Caviar,0x20,4,0,"?init@Caviar@@QAEXXZ: mov dword ptr [esi + 0x20], edi at 0x00616F54"
Caviar,0x24,4,0,"?init@Caviar@@QAEXXZ: mov dword ptr [esi + 0x24], ecx at 0x00616F57"
Caviar,0x28,4,0,"?init@Caviar@@QAEXXZ: mov dword ptr [esi + 0x28], edx at 0x00616F5E"
Caviar,0x2C,4,0,"?init@Caviar@@QAEXXZ: mov dword ptr [esi + 0x2c], edi at 0x00616EAA"
Caviar,0x30,4,0,"?init@Caviar@@QAEXXZ: mov dword ptr [esi + 0x30], edi at 0x00616EAD"
Caviar,0x34,4,0,"?init@Caviar@@QAEXXZ: mov dword ptr [esi + 0x34], edi at 0x00616EB0"
Caviar,0x38,4,0,"?init@Caviar@@QAEXXZ: mov dword ptr [esi + 0x38], ebx at 0x00616F80"
Caviar,0x3C,4,0,"?init@Caviar@@QAEXXZ: mov dword ptr [esi + 0x3c], edi at 0x00616F83"
Caviar,0x40,4,0,"?init@Caviar@@QAEXXZ: mov dword ptr [esi + 0x40], edi at 0x00616F9A"
Caviar,0x44,4,0,"?init@Caviar@@QAEXXZ: mov dword ptr [esi + 0x44], edi at 0x00616F9D"
Caviar,0x48,4,0,"?init@Caviar@@QAEXXZ: mov dword ptr [esi + 0x48], ebx at 0x00616FD0"
Caviar,0x4C,4,0,"?init@Caviar@@QAEXXZ: mov dword ptr [esi + 0x4c], edi at 0x00616FA0"
Caviar,0x50,4,0,"?init@Caviar@@QAEXXZ: mov dword ptr [esi + 0x50], edi at 0x00616FA3"
Caviar,0x54,4,0,"?init@Caviar@@QAEXXZ: mov dword ptr [esi + 0x54], edi at 0x00616FA6"
Caviar,0x58,4,0,"?init@Caviar@@QAEXXZ: mov dword ptr [esi + 0x58], ebx at 0x00616FD3"
Caviar,0x5C,4,0,"?init@Caviar@@QAEXXZ: mov dword ptr [esi + 0x5c], ebx at 0x00616EB3"
Caviar,0x60,4,0,"?init@Caviar@@QAEXXZ: mov dword ptr [eax], ecx at 0x00616F61"
Caviar,0x64,4,0,"?init@Caviar@@QAEXXZ: mov dword ptr [eax + 4], edx at 0x00616F65"
Caviar,0x68,4,0,"?init@Caviar@@QAEXXZ: mov dword ptr [eax + 8], ecx at 0x00616F68"
Caviar,0x6C,4,1,?init@Caviar@@QAEXXZ: fstp dword ptr [esi + 0x6c] at 0x00616E9E
Caviar,0x70,4,1,?init@Caviar@@QAEXXZ: fstp dword ptr [esi + 0x70] at 0x00616EB6
Caviar,0x74,4,0,"?init@Caviar@@QAEXXZ: mov dword ptr [esi + 0x74], eax at 0x00616EB9"
Caviar,0x78,4,0,"?init@Caviar@@QAEXXZ: mov dword ptr [esi + 0x78], edi at 0x00616FCD"
Caviar,0x7C,4,0,"?init@Caviar@@QAEXXZ: mov dword ptr [esi + 0x7c], edi at 0x00616EFC"
Caviar,0x80,4,0,"?init@Caviar@@QAEXXZ: mov dword ptr [esi + 0x80], edi at 0x00616EFF"
Caviar,0x84,4,0,"?init@Caviar@@QAEXXZ: mov dword ptr [esi + 0x84], edi at 0x00616F05"
Caviar,0x88,4,0,"?init@Caviar@@QAEXXZ: mov dword ptr [esi + 0x88], edi at 0x00616F0B"
Caviar,0x8C,4,0,"?init@Caviar@@QAEXXZ: mov dword ptr [esi + 0x8c], edi at 0x00616F11"
Caviar,0x90,4,0,"?init@Caviar@@QAEXXZ: mov dword ptr [esi + 0x90], ebx at 0x00616F17"
Caviar,0x94,4,0,"?init@Caviar@@QAEXXZ: mov dword ptr [esi + 0x94], edi at 0x00616F1D"
Caviar,0x98,4,0,"?init@Caviar@@QAEXXZ: mov dword ptr [esi + 0x98], edi at 0x00616F23"
Caviar,0x9C,4,0,"?init@Caviar@@QAEXXZ: mov dword ptr [esi + 0x9c], ebx at 0x00616F29"
Caviar,0xA0,4,0,"?init@Caviar@@QAEXXZ: mov dword ptr [esi + 0xa0], ebx at 0x00616F2F"
Caviar,0xA4,1,0,"?init@Caviar@@QAEXXZ: mov byte ptr [esi + 0xa4], 1 at 0x00616FE8"
Caviar,0xA5,4,0,"?set_camera_direct@Caviar@@QAEXPAUVOX_Vect@@PAUVOX_Matrix@@@Z: mov dword ptr [ecx + 0xa5], esi at 0x006182B3"
Caviar,0xA9,4,0,"?set_camera_direct@Caviar@@QAEXPAUVOX_Vect@@PAUVOX_Matrix@@@Z: mov dword ptr [ecx + 0xa9], esi at 0x006182BC"
Caviar,0xAD,4,0,"?set_camera_direct@Caviar@@QAEXPAUVOX_Vect@@PAUVOX_Matrix@@@Z: mov dword ptr [ecx + 0xad], edx at 0x006182C5"
Caviar,0xB1,4,0,"?init@Caviar@@QAEXXZ: mov dword ptr [esi + 0xb1], ebx at 0x00616FD6"
Caviar,0xB5,4,0,"?init@Caviar@@QAEXXZ: mov dword ptr [esi + 0xb5], edi at 0x00616FA9"
Caviar,0xB9,4,0,"?init@Caviar@@QAEXXZ: mov dword ptr [esi + 0xb9], edi at 0x00616FAF"
Caviar,0xBD,4,0,"?init@Caviar@@QAEXXZ: mov dword ptr [esi + 0xbd], edi at 0x00616FB5"
Caviar,0xC1,4,0,"?init@Caviar@@QAEXXZ: mov dword ptr [esi + 0xc1], ebx at 0x00616FDC"
Caviar,0xC5,4,0,"?init@Caviar@@QAEXXZ: mov dword ptr [esi + 0xc5], edi at 0x00616FBB"
Caviar,0xC9,4,0,"?init@Caviar@@QAEXXZ: mov dword ptr [esi + 0xc9], edi at 0x00616FC1"
Caviar,0xCD,4,0,"?init@Caviar@@QAEXXZ: mov dword ptr [esi + 0xcd], edi at 0x00616FC7"
Caviar,0xD1,4,0,"?init@Caviar@@QAEXXZ: mov dword ptr [esi + 0xd1], ebx at 0x00616FE2"
Caviar,0xD5,4,1,"?init@Caviar@@QAEXXZ: mov dword ptr [esi + 0xd5], ebx at 0x00616EBC"
Caviar,0xD9,4,0,"?init@Caviar@@QAEXXZ: mov dword ptr [esi + 0xd9], edi at 0x00616F35"
Caviar,0xDD,4,0,"?init@Caviar@@QAEXXZ: mov dword ptr [esi + 0xdd], 0xc77fff00 at 0x00616F3B"
Caviar,0xE1,4,0,"?init@Caviar@@QAEXXZ: mov dword ptr [esi + 0xe1], ecx at 0x00616F45"
Caviar,0xE5,4,0,"?init@Caviar@@QAEXXZ: mov dword ptr [esi + 0xe5], edi at 0x00616EC2"
Caviar,0xE9,4,0,"?init@Caviar@@QAEXXZ: mov dword ptr [esi + 0xe9], ecx at 0x00616EC8"
Caviar,0xED,4,0,"?init@Caviar@@QAEXXZ: mov dword ptr [esi + 0xed], edi at 0x00616ECE"
Caviar,0xF1,4,0,"?init@Caviar@@QAEXXZ: mov dword ptr [esi + 0xf1], edi at 0x00616ED9"
Caviar,0xF5,4,0,"?init@Caviar@@QAEXXZ: mov dword ptr [esi + 0xf5], eax at 0x00616EDF"
Caviar,0xF9,4,0,"?init@Caviar@@QAEXXZ: mov dword ptr [esi + 0xf9], eax at 0x00616EE5"
Caviar,0xFD,4,0,"?init@Caviar@@QAEXXZ: mov dword ptr [esi + 0xfd], eax at 0x00616EF0"
Caviar,0x101,4,0,"?init@Caviar@@QAEXXZ: mov dword ptr [esi + 0x101], eax at 0x00616EF6"
Caviar,0x108,4,0,"??0Caviar@@QAE@XZ: mov dword ptr [eax + 0x108], 0x461c4000 at 0x00616DBE"
Caviar,0x74C,4,0,"??0Caviar@@QAE@XZ: mov dword ptr [edx - 4], ecx at 0x00616DB0"
Caviar,0x750,4,0,"??0Caviar@@QAE@XZ: mov dword ptr [edx], ecx at 0x00616DB3"
Caviar,0x754,4,0,"??0Caviar@@QAE@XZ: mov dword ptr [edx + 4], ecx at 0x00616DB5"
Caviar,0x13CC,4,0,"??0Caviar@@QAE@XZ: mov dword ptr [eax + 0x13cc], ecx at 0x00616DC8"
CaviarData,0x0,4,0,"??0CaviarData@@QAE@XZ: mov dword ptr [eax], ecx at 0x00616BC4"
CaviarData,0x4,4,0,"??0CaviarData@@QAE@XZ: mov dword ptr [eax + 4], ecx at 0x00616BC6"
CaviarData,0x8,4,0,"??0CaviarData@@QAE@XZ: mov dword ptr [eax + 8], ecx at 0x00616BC9"
CheckBox,0x0,4,0,"??0CheckBox@@QAE@H@Z: mov dword ptr [esi], 0x670718 at 0x0060E6A1"
CheckBox,0x4,4,0,"??0CheckBox@@QAE@H@Z: mov dword ptr [esi + 4], edi at 0x0060E70A"
CheckBox,0x8,4,0,"??0CheckBox@@QAE@H@Z: mov dword ptr [esi + 8], edi at 0x0060E70D"
CheckBox,0xC,4,0,"??0CheckBox@@QAE@H@Z: mov dword ptr [esi + 0xc], edi at 0x0060E710"
CheckBox,0x10,4,0,"??0CheckBox@@QAE@H@Z: mov dword ptr [esi + 0x10], eax at 0x0060E721"
CheckBox,0x14,4,0,"??0CheckBox@@QAE@H@Z: mov dword ptr [esi + 0x14], edx at 0x0060E719"
CheckButton,0x0,4,0,"??1CheckButton@@QAE@XZ: mov dword ptr [esi], 0x66dc14 at 0x004B3EDF"
CheckButton,0xC4,4,0,"?on_redraw@CheckButton@@QAEXXZ: mov edi, dword ptr [esi + 0xc4] at 0x00633857"
CheckButton,0x14C,4,0,"?on_redraw@CheckButton@@QAEXXZ: mov eax, dword ptr [edx] at 0x00633870"
CheckButton,0x150,4,0,"?on_redraw@CheckButton@@QAEXXZ: mov ecx, dword ptr [edx + 4] at 0x00633872"
CheckButton,0x154,4,0,"?on_redraw@CheckButton@@QAEXXZ: mov ebx, dword ptr [edx + 8] at 0x00633875"
CheckButton,0x158,4,0,"?on_redraw@CheckButton@@QAEXXZ: mov edx, dword ptr [edx + 0xc] at 0x0063387C"
CheckButton,0x444,4,0,"??1CheckButton@@QAE@XZ: mov dword ptr [esi + 0x444], 0x66dc0c at 0x004B3EE5"
CheckButton,0x474,4,0,"?on_redraw@CheckButton@@QAEXXZ: mov ecx, dword ptr [esi + 0x474] at 0x006338AC"
CheckButton,0x478,4,0,"?on_redraw@CheckButton@@QAEXXZ: mov ebx, dword ptr [esi + 0x478] at 0x0063389F"
CheckButton,0x4C4,4,0,"?on_redraw@CheckButton@@QAEXXZ: mov ebx, dword ptr [esi + 0x4c4] at 0x00633898"
CheckButton,0x4C8,4,0,"?on_redraw@CheckButton@@QAEXXZ: mov ebx, dword ptr [esi + 0x4c8] at 0x0063388F"
CheckButton,0xA14,4,0,"??0CheckButton@@QAE@XZ: mov dword ptr [esi + 0xa14], eax at 0x0063376A"
CheckButton,0xA18,4,0,"??0CheckButton@@QAE@XZ: mov dword ptr [esi + 0xa18], eax at 0x00633770"
CheckButton,0xA1C,4,0,"??0CheckButton@@QAE@XZ: mov dword ptr [esi + 0xa1c], eax at 0x00633776"
CheckButton,0xA20,4,0,"??0CheckButton@@QAE@XZ: mov dword ptr [esi + 0xa20], eax at 0x0063377C"
CheckButton,0xA24,4,0,"??0CheckButton@@QAE@XZ: mov dword ptr [esi + 0xa24], ecx at 0x00633793"
CheckButton,0xA28,4,0,"??0CheckButton@@QAE@XZ: mov dword ptr [esi + 0xa28], eax at 0x00633787"
Console,0x0,4,0,"??0Console@@QAE@H@Z: mov dword ptr [esi], 0x66ef04 at 0x0050F49A"
Console,0x1DDA4,4,0,"?ready@Console@@QAEXXZ: mov eax, dword ptr [esi + 0x1dda4] at 0x00511150"
Console,0x1DDA8,4,0,"?ready@Console@@QAEXXZ: mov eax, dword ptr [esi + 0x1dda8] at 0x00511110"
Console,0x1DDCC,4,0,"?ready@Console@@QAEXXZ: add ebx, dword ptr [esi + 0x1ddcc] at 0x00511165"
Console,0x1DDD0,4,0,"?ready@Console@@QAEXXZ: add ebx, dword ptr [esi + 0x1ddd0] at 0x00511139"
Console,0x1DDD4,4,0,"?ready@Console@@QAEXXZ: mov ebx, dword ptr [esi + 0x1ddd4] at 0x0051115F"
Console,0x1DDD8,4,0,"?ready@Console@@QAEXXZ: mov ebx, dword ptr [esi + 0x1ddd8] at 0x00511133"
Console,0x22A2C,4,0,"??0Console@@QAE@H@Z: mov dword ptr [ebx], 0x66ed88 at 0x0050F52F"
Console,0x22E70,4,0,"??0Console@@QAE@H@Z: mov dword ptr [ebx + 0x444], 0x66ed80 at 0x0050F535"
Console,0x23BC8,4,0,"??0Console@@QAE@H@Z: mov dword ptr [esi + 0x23bc8], 0xffffffff at 0x0050F588"
Console,0x23BCC,4,0,"?init@Console@@QAEXH@Z: mov dword ptr [esi + 0x23bcc], ecx at 0x0051D8BC"
Console,0x23BD0,4,0,"?init@Console@@QAEXH@Z: mov dword ptr [esi + 0x23bd0], eax at 0x0051D8D7"
Console,0x23BD4,4,0,"?assemble@Console@@QAEXXZ: mov ecx, dword ptr [edi + 0x23bd4] at 0x004D96A2"
Console,0x23BD8,4,0,"??0Console@@QAE@H@Z: mov dword ptr [esi + 0x23bd8], edi at 0x0050F592"
Console,0x23BDC,4,0,"?editor_reset_tech@Console@@QAEXXZ: mov dword ptr [esi + 0x23bdc], eax at 0x004DBCAB"
Console,0x23BE0,4,0,"?ready_search@Console@@QAEHH@Z: mov eax, dword ptr [edi + 0x23be0] at 0x00510D78"
Console,0x23BE4,4,0,"?wait@Console@@QAEXH@Z: mov dword ptr [esi + 0x23be4], 0 at 0x004D04D1"
Console,0x23BE8,4,0,"??0Console@@QAE@H@Z: mov dword ptr [esi + 0x23be8], edi at 0x0050F59E"
Console,0x23BEC,4,0,"?human_turn@Console@@QAEXXZ: mov ecx, dword ptr [esi + 0x23bec] at 0x00514381"
Console,0x23BF0,4,0,"??0Console@@QAE@H@Z: mov dword ptr [esi + 0x23bf0], edi at 0x0050F5A4"
Console,0x23BF4,4,0,"??0Console@@QAE@H@Z: mov dword ptr [esi + 0x23bf4], edi at 0x0050F5AA"
Console,0x23BF8,4,0,"??0Console@@QAE@H@Z: mov dword ptr [esi + 0x23bf8], edi at 0x0050F5C2"
Console,0x23BFC,4,0,"??0Console@@QAE@H@Z: mov dword ptr [esi + 0x23bfc], edi at 0x0050F5BC"
Console,0x23C00,4,0,"??0Console@@QAE@H@Z: mov dword ptr [esi + 0x23c00], edi at 0x0050F5B0"
Console,0x23C04,4,0,"??0Console@@QAE@H@Z: mov dword ptr [esi + 0x23c04], edi at 0x0050F5B6"
Console,0x23C08,4,0,"??0Console@@QAE@H@Z: mov dword ptr [esi + 0x23c08], edi at 0x0050F5C8"
Console,0x23C0C,4,0,"?cursor_next@Console@@QAEXHH@Z: mov eax, dword ptr [esi + 0x23c0c] at 0x00510A1D"
Console,0x23D10,4,0,"?set_patrol@Console@@QAEXH@Z: mov eax, dword ptr [ecx + 0x23d10] at 0x004D7EF4"
Console,0x23D14,4,0,"?cursor_on@Console@@QAEXHH@Z: mov dword ptr [ecx + 0x23d14], eax at 0x0051049A"
Console,0x23D18,4,0,"?wait@Console@@QAEXH@Z: mov dword ptr [esi + 0x23d18], 0 at 0x004D04AC"
Console,0x23D1C,4,0,"?group@Console@@QAEXH@Z: mov eax, dword ptr [ebx + 0x23d1c] at 0x004D9380"
Console,0x23D24,4,0,"?human_turn@Console@@QAEXXZ: mov dword ptr [esi + 0x23d24], edi at 0x00514189"
Console,0x23D80,4,0,"??0Console@@QAE@H@Z: mov dword ptr [esi + 0x23d80], edi at 0x0050F605"
Console,0x23D84,4,0,"??0Console@@QAE@H@Z: mov dword ptr [esi + 0x23d84], edi at 0x0050F611"
Console,0x23D88,4,0,"??0Console@@QAE@H@Z: mov dword ptr [esi + 0x23d88], edi at 0x0050F5FF"
Console,0x23D8C,4,0,"??0Console@@QAE@H@Z: mov dword ptr [esi + 0x23d8c], edi at 0x0050F60B"
CouncWin,0x0,4,0,"?set_vote@CouncWin@@QAEXHH@Z: mov edx, dword ptr [ebx] at 0x004247D8"
CouncWin,0x444,4,0,"??0CouncWin@@QAE@XZ: mov dword ptr [esi + 0x444], 0x66aae0 at 0x004286E4"
CouncWin,0x4C4,4,0,"?on_redraw@CouncWin@@QAEXXZ: mov edx, dword ptr [esi + 0x4c4] at 0x00426B1F"
CouncWin,0x4C8,4,0,"?on_redraw@CouncWin@@QAEXXZ: mov ecx, dword ptr [esi + 0x4c8] at 0x00426B19"
CouncWin,0xA14,4,0,"??0CouncWin@@QAE@XZ: mov dword ptr [esi + 0xa14], 0x66a6e4 at 0x00428651"
CouncWin,0xA18,4,0,"?init@CouncWin@@QAEXHH@Z: mov dword ptr [eax + 4], ecx at 0x004272DA"
CouncWin,0xA1C,4,0,"?make_resolution@CouncWin@@QAEHH@Z: mov edi, dword ptr [ebx + 0xa1c] at 0x00424476"
CouncWin,0xA20,4,0,"?make_resolution@CouncWin@@QAEHH@Z: cmp ecx, dword ptr [ebx + 0xa20] at 0x00424564"
CouncWin,0xA24,4,0,"?set_vote@CouncWin@@QAEXHH@Z: mov eax, dword ptr [ebx + 0xa24] at 0x00424728"
CouncWin,0xA28,4,0,"?on_redraw@CouncWin@@QAEXXZ: mov ecx, dword ptr [esi + 0xa28] at 0x00426D5D"
CouncWin,0xA34,4,0,"?draw_leader@CouncWin@@QAEXH@Z: mov eax, dword ptr [esi + 0xa34] at 0x004260B1"
CouncWin,0xA38,4,0,"?init@CouncWin@@QAEXHH@Z: mov dword ptr [esi + 0xa38], eax at 0x00427855"
CouncWin,0xA3C,4,0,"?init@CouncWin@@QAEXHH@Z: mov dword ptr [esi + 0xa3c], edx at 0x0042788C"
CouncWin,0xA40,4,0,"?init@CouncWin@@QAEXHH@Z: mov dword ptr [esi + 0xa40], 1 at 0x00427870"
CouncWin,0xA44,4,0,"?on_button_clicked@CouncWin@@QAEXH@Z: mov edx, dword ptr [ebx + 0xa44] at 0x004248D6"
CouncWin,0xA54,4,0,"?set_vote@CouncWin@@QAEXHH@Z: cmp dword ptr [eax], 0 at 0x0042476B"
CouncWin,0xA58,4,0,"?make_resolution@CouncWin@@QAEHH@Z: mov edx, dword ptr [esi] at 0x00424452"
CouncWin,0xA78,4,0,"?make_resolution@CouncWin@@QAEHH@Z: mov eax, dword ptr [esi + 0x20] at 0x00424486"
CouncWin,0xADC,4,0,"?draw_info@CouncWin@@QAEXXZ: mov ecx, dword ptr [ebx + 0xadc] at 0x00426718"
CouncWin,0xAE8,4,0,"?draw_info@CouncWin@@QAEXXZ: mov eax, dword ptr [ebx + 0xae8] at 0x00426735"
CouncWin,0xAEC,4,0,"?draw_info@CouncWin@@QAEXXZ: mov eax, dword ptr [ebx + 0xaec] at 0x0042672B"
CouncWin,0xB04,4,0,"?draw_leader@CouncWin@@QAEXH@Z: mov ecx, dword ptr [esi + 0xb04] at 0x00425FF7"
CouncWin,0xB10,4,0,"?draw_leader@CouncWin@@QAEXH@Z: mov eax, dword ptr [esi + 0xb10] at 0x0042600B"
CouncWin,0xB14,4,0,"?draw_leader@CouncWin@@QAEXH@Z: mov eax, dword ptr [esi + 0xb14] at 0x00426001"
CouncWin,0xBA4,4,0,"?on_redraw@CouncWin@@QAEXXZ: mov ecx, dword ptr [eax] at 0x00426BB5"
CouncWin,0xBA8,4,0,"?on_redraw@CouncWin@@QAEXXZ: mov edx, dword ptr [eax + 4] at 0x00426BBA"
CouncWin,0xBAC,4,0,"?on_redraw@CouncWin@@QAEXXZ: mov ecx, dword ptr [eax + 8] at 0x00426BC0"
CouncWin,0xBB0,4,0,"?on_redraw@CouncWin@@QAEXXZ: mov edx, dword ptr [eax + 0xc] at 0x00426BC8"
CouncWin,0xBB4,4,0,"?draw_info@CouncWin@@QAEXXZ: mov ecx, dword ptr [eax] at 0x0042649E"
CouncWin,0xBB8,4,0,"?draw_info@CouncWin@@QAEXXZ: mov edx, dword ptr [eax + 4] at 0x004264A3"
CouncWin,0xBBC,4,0,"?draw_info@CouncWin@@QAEXXZ: mov ecx, dword ptr [eax + 8] at 0x004264A9"
CouncWin,0xBC0,4,0,"?draw_info@CouncWin@@QAEXXZ: mov edx, dword ptr [eax + 0xc] at 0x004264B1"
CouncWin,0xBC4,4,0,"?init@CouncWin@@QAEXHH@Z: mov dword ptr [esi + 0xbc4], eax at 0x00427317"
CouncWin,0xBC8,4,0,"?init@CouncWin@@QAEXHH@Z: mov dword ptr [esi + 0xbc8], ecx at 0x004272F0"
CouncWin,0xBCC,4,0,"?init@CouncWin@@QAEXHH@Z: mov dword ptr [esi + 0xbcc], 0x2ee at 0x004272FC"
CouncWin,0xBD0,4,0,"?init@CouncWin@@QAEXHH@Z: mov dword ptr [esi + 0xbd0], 0x1b at 0x0042730D"
CouncWin,0xBF4,4,0,"?init@CouncWin@@QAEXHH@Z: mov dword ptr [esi + 0xbf4], eax at 0x00427322"
CouncWin,0xBF8,4,0,"?init@CouncWin@@QAEXHH@Z: mov dword ptr [esi + 0xbf8], 0x35 at 0x00427328"
CouncWin,0xBFC,4,0,"?init@CouncWin@@QAEXHH@Z: mov dword ptr [esi + 0xbfc], 0x80 at 0x00427332"
CouncWin,0xC00,4,0,"?init@CouncWin@@QAEXHH@Z: mov dword ptr [esi + 0xc00], 0x14f at 0x0042733C"
CouncWin,0xC04,4,0,"?init@CouncWin@@QAEXHH@Z: mov dword ptr [esi + 0xc04], 0x20 at 0x00427427"
CouncWin,0xC08,4,0,"?init@CouncWin@@QAEXHH@Z: mov dword ptr [esi + 0xc08], eax at 0x00427431"
CouncWin,0xC0C,4,0,"?init@CouncWin@@QAEXHH@Z: mov dword ptr [esi + 0xc0c], 0x82 at 0x00427437"
CouncWin,0xC10,4,0,"?init@CouncWin@@QAEXHH@Z: mov dword ptr [esi + 0xc10], ecx at 0x00427441"
CouncWin,0xC14,4,0,"?init@CouncWin@@QAEXHH@Z: mov dword ptr [esi + 0xc14], 0x82 at 0x00427350"
CouncWin,0xC18,4,0,"?init@CouncWin@@QAEXHH@Z: mov dword ptr [esi + 0xc18], ebx at 0x0042735A"
CouncWin,0xC1C,4,0,"?init@CouncWin@@QAEXHH@Z: mov dword ptr [esi + 0xc1c], 0xe4 at 0x00427360"
CouncWin,0xC20,4,0,"?init@CouncWin@@QAEXHH@Z: mov dword ptr [esi + 0xc20], edi at 0x0042736A"
CouncWin,0xC24,4,0,"?init@CouncWin@@QAEXHH@Z: mov dword ptr [esi + 0xc24], 0x87 at 0x00427447"
CouncWin,0xC28,4,0,"?init@CouncWin@@QAEXHH@Z: mov dword ptr [esi + 0xc28], eax at 0x00427451"
CouncWin,0xC2C,4,0,"?init@CouncWin@@QAEXHH@Z: mov dword ptr [esi + 0xc2c], 0xe9 at 0x00427457"
CouncWin,0xC30,4,0,"?init@CouncWin@@QAEXHH@Z: mov dword ptr [esi + 0xc30], ecx at 0x00427461"
CouncWin,0xC34,4,0,"?init@CouncWin@@QAEXHH@Z: mov dword ptr [esi + 0xc34], 0xe6 at 0x00427375"
CouncWin,0xC38,4,0,"?init@CouncWin@@QAEXHH@Z: mov dword ptr [esi + 0xc38], edx at 0x0042737F"
CouncWin,0xC3C,4,0,"?init@CouncWin@@QAEXHH@Z: mov dword ptr [esi + 0xc3c], 0x148 at 0x00427385"
CouncWin,0xC40,4,0,"?init@CouncWin@@QAEXHH@Z: mov dword ptr [esi + 0xc40], ecx at 0x0042738F"
CouncWin,0xC44,4,0,"?init@CouncWin@@QAEXHH@Z: mov dword ptr [esi + 0xc44], 0xee at 0x00427467"
CouncWin,0xC48,4,0,"?init@CouncWin@@QAEXHH@Z: mov dword ptr [esi + 0xc48], eax at 0x00427471"
CouncWin,0xC4C,4,0,"?init@CouncWin@@QAEXHH@Z: mov dword ptr [esi + 0xc4c], 0x150 at 0x00427477"
CouncWin,0xC50,4,0,"?init@CouncWin@@QAEXHH@Z: mov dword ptr [esi + 0xc50], ecx at 0x00427481"
CouncWin,0xC54,4,0,"?init@CouncWin@@QAEXHH@Z: mov dword ptr [esi + 0xc54], 0x14a at 0x00427395"
CouncWin,0xC58,4,0,"?init@CouncWin@@QAEXHH@Z: mov dword ptr [esi + 0xc58], eax at 0x0042739F"
CouncWin,0xC5C,4,0,"?init@CouncWin@@QAEXHH@Z: mov dword ptr [esi + 0xc5c], 0x1c2 at 0x004273A5"
CouncWin,0xC60,4,0,"?init@CouncWin@@QAEXHH@Z: mov dword ptr [esi + 0xc60], 0x160 at 0x004273AF"
CouncWin,0xC64,4,0,"?init@CouncWin@@QAEXHH@Z: mov dword ptr [esi + 0xc64], 0x155 at 0x00427487"
CouncWin,0xC68,4,0,"?init@CouncWin@@QAEXHH@Z: mov dword ptr [esi + 0xc68], eax at 0x00427491"
CouncWin,0xC6C,4,0,"?init@CouncWin@@QAEXHH@Z: mov dword ptr [esi + 0xc6c], 0x1b7 at 0x00427497"
CouncWin,0xC70,4,0,"?init@CouncWin@@QAEXHH@Z: mov dword ptr [esi + 0xc70], ecx at 0x004274A1"
CouncWin,0xC74,4,0,"?init@CouncWin@@QAEXHH@Z: mov dword ptr [esi + 0xc74], 0x1c4 at 0x004273C4"
CouncWin,0xC78,4,0,"?init@CouncWin@@QAEXHH@Z: mov dword ptr [esi + 0xc78], edx at 0x004273B9"
CouncWin,0xC7C,4,0,"?init@CouncWin@@QAEXHH@Z: mov dword ptr [esi + 0xc7c], 0x226 at 0x004273CE"
CouncWin,0xC80,4,0,"?init@CouncWin@@QAEXHH@Z: mov dword ptr [esi + 0xc80], ecx at 0x004273D8"
CouncWin,0xC84,4,0,"?init@CouncWin@@QAEXHH@Z: mov dword ptr [esi + 0xc84], 0x1bc at 0x004274A7"
CouncWin,0xC88,4,0,"?init@CouncWin@@QAEXHH@Z: mov dword ptr [esi + 0xc88], eax at 0x004274B1"
CouncWin,0xC8C,4,0,"?init@CouncWin@@QAEXHH@Z: mov dword ptr [esi + 0xc8c], 0x21e at 0x004274B7"
CouncWin,0xC90,4,0,"?init@CouncWin@@QAEXHH@Z: mov dword ptr [esi + 0xc90], ecx at 0x004274C1"
CouncWin,0xC94,4,0,"?init@CouncWin@@QAEXHH@Z: mov dword ptr [esi + 0xc94], 0x228 at 0x004273DE"
CouncWin,0xC98,4,0,"?init@CouncWin@@QAEXHH@Z: mov dword ptr [esi + 0xc98], ebx at 0x004273E8"
CouncWin,0xC9C,4,0,"?init@CouncWin@@QAEXHH@Z: mov dword ptr [esi + 0xc9c], edx at 0x004273EE"
CouncWin,0xCA0,4,0,"?init@CouncWin@@QAEXHH@Z: mov dword ptr [esi + 0xca0], edi at 0x004273F4"
CouncWin,0xCA4,4,0,"?init@CouncWin@@QAEXHH@Z: mov dword ptr [esi + 0xca4], 0x223 at 0x004274C7"
CouncWin,0xCA8,4,0,"?init@CouncWin@@QAEXHH@Z: mov dword ptr [esi + 0xca8], eax at 0x004274D1"
CouncWin,0xCAC,4,0,"?init@CouncWin@@QAEXHH@Z: mov dword ptr [esi + 0xcac], 0x285 at 0x004274D7"
CouncWin,0xCB0,4,0,"?init@CouncWin@@QAEXHH@Z: mov dword ptr [esi + 0xcb0], ecx at 0x004274E1"
CouncWin,0xCB4,4,0,"?init@CouncWin@@QAEXHH@Z: mov dword ptr [esi + 0xcb4], 0x28c at 0x004273FF"
CouncWin,0xCB8,4,0,"?init@CouncWin@@QAEXHH@Z: mov dword ptr [esi + 0xcb8], 0x35 at 0x00427409"
CouncWin,0xCBC,4,0,"?init@CouncWin@@QAEXHH@Z: mov dword ptr [esi + 0xcbc], 0x2ee at 0x00427413"
CouncWin,0xCC0,4,0,"?init@CouncWin@@QAEXHH@Z: mov dword ptr [esi + 0xcc0], 0x14f at 0x0042741D"
CouncWin,0xCC4,4,0,"?init@CouncWin@@QAEXHH@Z: mov dword ptr [esi + 0xcc4], edx at 0x004274E7"
CouncWin,0xCC8,4,0,"?init@CouncWin@@QAEXHH@Z: mov dword ptr [esi + 0xcc8], eax at 0x004274ED"
CouncWin,0xCCC,4,0,"?init@CouncWin@@QAEXHH@Z: mov dword ptr [esi + 0xccc], 0x2ec at 0x004274F3"
CouncWin,0xCD0,4,0,"?init@CouncWin@@QAEXHH@Z: mov dword ptr [esi + 0xcd0], ecx at 0x004274FD"
CouncWin,0xCD4,4,0,"?init@CouncWin@@QAEXHH@Z: mov dword ptr [edi], 0x105 at 0x00427563"
CouncWin,0xCD8,4,0,"?init@CouncWin@@QAEXHH@Z: mov dword ptr [edi + 4], edx at 0x00427569"
CouncWin,0xCDC,4,0,"?init@CouncWin@@QAEXHH@Z: mov dword ptr [edi + 8], 0x169 at 0x0042756C"
CouncWin,0xCE0,4,0,"?init@CouncWin@@QAEXHH@Z: mov dword ptr [edi + 0xc], ecx at 0x00427573"
CouncWin,0xCE4,4,0,"?init@CouncWin@@QAEXHH@Z: mov dword ptr [esi + 0xce4], 0x16b at 0x00427576"
CouncWin,0xCE8,4,0,"?init@CouncWin@@QAEXHH@Z: mov dword ptr [esi + 0xce8], edx at 0x00427580"
CouncWin,0xCEC,4,0,"?init@CouncWin@@QAEXHH@Z: mov dword ptr [esi + 0xcec], 0x1cf at 0x00427586"
CouncWin,0xCF0,4,0,"?init@CouncWin@@QAEXHH@Z: mov dword ptr [esi + 0xcf0], ecx at 0x00427590"
CouncWin,0xCF4,4,0,"?init@CouncWin@@QAEXHH@Z: mov dword ptr [esi + 0xcf4], 0x1d1 at 0x004275A2"
CouncWin,0xCF8,4,0,"?init@CouncWin@@QAEXHH@Z: mov dword ptr [esi + 0xcf8], edx at 0x004275AC"
CouncWin,0xCFC,4,0,"?init@CouncWin@@QAEXHH@Z: mov dword ptr [esi + 0xcfc], ebx at 0x00427596"
CouncWin,0xD00,4,0,"?init@CouncWin@@QAEXHH@Z: mov dword ptr [esi + 0xd00], ecx at 0x004275B2"
CouncWin,0xD04,4,0,"?init@CouncWin@@QAEXHH@Z: mov dword ptr [ebx], 0x105 at 0x004275B8"
CouncWin,0xD08,4,0,"?init@CouncWin@@QAEXHH@Z: mov dword ptr [ebx + 4], edx at 0x004275BE"
CouncWin,0xD0C,4,0,"?init@CouncWin@@QAEXHH@Z: mov dword ptr [ebx + 8], 0x235 at 0x004275C1"
CouncWin,0xD10,4,0,"?init@CouncWin@@QAEXHH@Z: mov dword ptr [ebx + 0xc], ecx at 0x0042765E"
CouncWin,0xD14,4,0,"?init@CouncWin@@QAEXHH@Z: mov dword ptr [ecx - 4], edx at 0x00427996"
CouncWin,0xD18,4,0,"?init@CouncWin@@QAEXHH@Z: mov dword ptr [ecx], eax at 0x0042799C"
CouncWin,0xD54,4,0,"?init@CouncWin@@QAEXHH@Z: mov dword ptr [ecx + 0x3c], edx at 0x0042799E"
CouncWin,0xD58,4,0,"?init@CouncWin@@QAEXHH@Z: mov dword ptr [ecx + 0x40], edx at 0x004279A9"
CouncWin,0xD94,4,0,"?set_vote@CouncWin@@QAEXHH@Z: mov edx, dword ptr [esi] at 0x00424844"
CouncWin,0x4610,4,0,"?set_vote@CouncWin@@QAEXHH@Z: mov eax, dword ptr [ebx + 0x4610] at 0x00424854"
Credits,0x0,4,0,"??0Credits@@QAE@XZ: mov dword ptr [esi], 0x66ac58 at 0x00428800"
Credits,0x444,4,0,"??0Credits@@QAE@XZ: mov dword ptr [esi + 0x444], 0x66ac50 at 0x00428806"
Credits,0xA14,4,0,"??0Credits@@QAE@XZ: mov dword ptr [esi + 0xa14], eax at 0x0042881B"
Credits,0xA18,4,0,"??0Credits@@QAE@XZ: mov dword ptr [esi + 0xa18], eax at 0x00428815"
Credits,0xA1C,4,0,"??0Credits@@QAE@XZ: rep stosd dword ptr es:[edi], eax at 0x00428810"
Credits,0x122C,4,0,"?exec@Credits@@QAEXXZ: mov dword ptr [esi + 0x122c], eax at 0x00428B0E"
Credits,0x1230,4,0,"?load@Credits@@QAEXXZ: mov dword ptr [esi + 0x1230], ebx at 0x004288FC"
Credits,0x1234,4,0,"?exec@Credits@@QAEXXZ: mov eax, dword ptr [edi] at 0x00428AC7"
Credits,0x12D8,4,0,"?exec@Credits@@QAEXXZ: mov dword ptr [esi + 0x12d8], 0x6f127c at 0x00428ACD"
Credits,0x16FC,4,0,"?draw_credits@Credits@@QAEXXZ: mov ecx, dword ptr [esi + 0x16fc] at 0x00428C1B"
Credits,0x1C48,4,0,"?exec@Credits@@QAEXXZ: mov ecx, dword ptr [edi] at 0x00428AFC"
Credits,0x1C54,4,0,"?exec@Credits@@QAEXXZ: mov eax, dword ptr [edi + 0xc] at 0x00428B09"
Credits,0x1C58,4,0,"?exec@Credits@@QAEXXZ: mov eax, dword ptr [edi + 0x10] at 0x00428B02"
Credits,0x21F8,4,0,"?close@Credits@@QAEXXZ: mov eax, dword ptr [esi + 0x21f8] at 0x004289D5"
Credits,0x263C,4,0,"??1Credits@@QAE@XZ: mov dword ptr [edi + 0x444], 0x66974c at 0x00428F06"
Cursor,0x0,4,0,"??0Cursor@@QAE@XZ: mov dword ptr [eax], ecx at 0x0063B2D4"
Cursor,0x4,4,0,"??0Cursor@@QAE@XZ: mov dword ptr [eax + 4], ecx at 0x0063B2DC"
Cursor,0x8,4,0,"??0Cursor@@QAE@XZ: mov dword ptr [eax + 8], ecx at 0x0063B2D6"
Cursor,0xC,4,0,"??0Cursor@@QAE@XZ: mov dword ptr [eax + 0xc], ecx at 0x0063B2D9"
Datalink,0x0,4,0,"??0Datalink@@QAE@XZ: mov dword ptr [esi], 0x66af84 at 0x00429145"
Datalink,0x444,4,0,"??0Datalink@@QAE@XZ: mov dword ptr [esi + 0x444], 0x66af7c at 0x0042914B"
Datalink,0x454,4,0,"?draw_faction@Datalink@@QAEXXZ: mov dword ptr [edi + 0x454], 0x14 at 0x00430DFE"
Datalink,0xA14,4,0,"??0Datalink@@QAE@XZ: mov dword ptr [esi + 0xa14], 0x66a6e4 at 0x00428FF0"
Datalink,0xA18,4,0,"?init@Datalink@@QAEXXZ: mov dword ptr [eax + 4], 8 at 0x00429348"
Datalink,0xA1C,4,0,"?exec@Datalink@@QAEXIH@Z: mov dword ptr [esi + 0xa1c], ecx at 0x00429237"
Datalink,0xA20,4,0,"?exec@Datalink@@QAEXIH@Z: mov dword ptr [esi + 0xa20], edx at 0x00429243"
Datalink,0xA24,4,0,"?exec@Datalink@@QAEXIH@Z: mov dword ptr [esi + 0xa24], eax at 0x00429251"
Datalink,0x156C,4,0,"?init@Datalink@@QAEXXZ: mov dword ptr [esi + 0x156c], eax at 0x004299B8"
Datalink,0x1570,4,0,"?init@Datalink@@QAEXXZ: mov dword ptr [edx + 4], eax at 0x004299C1"
Datalink,0x1574,4,0,"?init@Datalink@@QAEXXZ: mov dword ptr [edx + 8], ecx at 0x004299C4"
Datalink,0x1578,4,0,"?init@Datalink@@QAEXXZ: mov dword ptr [edx], eax at 0x004299A7"
Datalink,0x157C,4,0,"?init@Datalink@@QAEXXZ: mov dword ptr [edx + 4], ecx at 0x004299A9"
Datalink,0x1580,4,0,"?init@Datalink@@QAEXXZ: mov dword ptr [edx + 8], ecx at 0x004299AF"
Datalink,0x15B0,1,0,"?init@Datalink@@QAEXXZ: mov byte ptr [esi + 0x15b0], 0 at 0x004298E9"
Datalink,0x2024,4,0,"?on_iface_group_clicked@Datalink@@QAEXHHH@Z: mov dword ptr [esi + 0x2024], 1 at 0x0043224B"
Datalink,0x2028,4,0,"?on_status@Datalink@@QAEXH@Z: mov edx, dword ptr [edi] at 0x004320A6"
Datalink,0x28D8,4,0,"?draw_chassis@Datalink@@QAEXXZ: mov dword ptr [esi + 0x28d8], ebx at 0x0042D6A8"
Datalink,0x29DC,4,0,"??0Datalink@@QAE@XZ: mov dword ptr [esi + 0x29dc], 2 at 0x0042915F"
Datalink,0x29E0,4,0,"??0Datalink@@QAE@XZ: mov dword ptr [esi + 0x29e0], edi at 0x00429133"
Datalink,0x29E4,4,0,"?UNK4@Datalink@@QAEXHH@Z: mov dword ptr [edx], edi at 0x0042BDCC"
Datalink,0x29E8,4,0,"?UNK4@Datalink@@QAEXHH@Z: mov edi, dword ptr [edx + 4] at 0x0042BDC9"
Datalink,0x2A34,4,0,"??0Datalink@@QAE@XZ: mov dword ptr [esi + 0x2a34], edi at 0x00429139"
Datalink,0x2A38,4,0,"??0Datalink@@QAE@XZ: mov dword ptr [esi + 0x2a38], edi at 0x0042913F"
Datalink,0x2A3C,4,0,"?init@Datalink@@QAEXXZ: mov edx, dword ptr [edi] at 0x00429CB2"
Datalink,0x3504,4,0,"?init@Datalink@@QAEXXZ: mov dword ptr [edi + 0xac8], 0x78d960 at 0x00429C8F"
Datalink,0x3508,4,0,"?init@Datalink@@QAEXXZ: mov dword ptr [edi + 0xacc], 0x78d988 at 0x00429C99"
Datalink,0x350C,4,0,"?init@Datalink@@QAEXXZ: mov dword ptr [edi + 0xad0], 0x78d9b0 at 0x00429CA3"
Datalink,0xDEFC,4,0,"?init@Datalink@@QAEXXZ: mov eax, dword ptr [edi] at 0x00429E15"
Datalink,0xEA48,4,0,"?init@Datalink@@QAEXXZ: mov eax, dword ptr [edi] at 0x00429D7F"
Datalink,0xEC14,4,0,"?on_status@Datalink@@QAEXH@Z: mov eax, dword ptr [esi + 0xec14] at 0x004320B8"
Datalink,0xF628,4,0,"?exec@Datalink@@QAEXIH@Z: mov ecx, dword ptr [edi] at 0x00429299"
Datalink,0xF630,4,0,"?init@Datalink@@QAEXXZ: mov dword ptr [esi + 0xf630], 1 at 0x00429B9A"
Datalink,0xF640,4,0,"?set_cat@Datalink@@QAEXIH@Z: mov dword ptr [esi + 0x18], eax at 0x0042A3C1"
Datalink,0xF648,4,0,"?set_cat@Datalink@@QAEXIH@Z: mov dword ptr [esi + 0x20], eax at 0x0042A3C4"
Datalink,0xF654,4,0,"?init@Datalink@@QAEXXZ: mov dword ptr [esi + 0xf654], ecx at 0x00429BA4"
Datalink,0x10244,4,0,"?draw_faction@Datalink@@QAEXXZ: mov ecx, dword ptr [ebx] at 0x00430E52"
Datalink,0x10254,4,0,"?draw_faction@Datalink@@QAEXXZ: mov ebx, dword ptr [ebx + 0x10] at 0x00430E58"
Datalink,0x10294,4,0,"?init@Datalink@@QAEXXZ: mov dword ptr [esi + 0x10294], 4 at 0x004297D4"
Datalink,0x10334,4,0,"?init@Datalink@@QAEXXZ: mov ecx, dword ptr [eax] at 0x0042955D"
Datalink,0x10338,4,0,"?init@Datalink@@QAEXXZ: mov edx, dword ptr [eax + 4] at 0x00429565"
Datalink,0x1033C,4,0,"?init@Datalink@@QAEXXZ: mov ecx, dword ptr [eax + 8] at 0x0042956E"
Datalink,0x10340,4,0,"?init@Datalink@@QAEXXZ: mov edx, dword ptr [eax + 0xc] at 0x0042957A"
Datalink,0x10354,4,0,"?init@Datalink@@QAEXXZ: mov dword ptr [esi + 0x10354], 0xf8 at 0x00429440"
Datalink,0x10358,4,0,"?init@Datalink@@QAEXXZ: mov dword ptr [esi + 0x10358], 0x2c at 0x0042944A"
Datalink,0x1035C,4,0,"?init@Datalink@@QAEXXZ: mov dword ptr [esi + 0x1035c], 0x177 at 0x00429454"
Datalink,0x10360,4,0,"?init@Datalink@@QAEXXZ: mov dword ptr [esi + 0x10360], 0xab at 0x0042945E"
Datalink,0x10364,4,0,"?init@Datalink@@QAEXXZ: mov dword ptr [esi + 0x10364], 0xdb at 0x00429475"
Datalink,0x10368,4,0,"?init@Datalink@@QAEXXZ: mov dword ptr [esi + 0x10368], ecx at 0x00429468"
Datalink,0x1036C,4,0,"?init@Datalink@@QAEXXZ: mov dword ptr [esi + 0x1036c], ecx at 0x00429485"
Datalink,0x10370,4,0,"?init@Datalink@@QAEXXZ: mov dword ptr [esi + 0x10370], 0x22 at 0x0042948B"
Datalink,0x10374,4,0,"?init@Datalink@@QAEXXZ: mov dword ptr [esi + 0x10374], edx at 0x004293CA"
Datalink,0x10378,4,0,"?init@Datalink@@QAEXXZ: mov dword ptr [eax + 4], ecx at 0x004293D6"
Datalink,0x1037C,4,0,"?init@Datalink@@QAEXXZ: mov dword ptr [eax + 8], edx at 0x004293DF"
Datalink,0x10380,4,0,"?init@Datalink@@QAEXXZ: mov dword ptr [eax + 0xc], ecx at 0x004293EE"
Datalink,0x10384,4,0,"?init@Datalink@@QAEXXZ: mov dword ptr [edi], 0xdb at 0x004294A4"
Datalink,0x10388,4,0,"?init@Datalink@@QAEXXZ: mov dword ptr [edi + 4], 0x24 at 0x004294AA"
Datalink,0x1038C,4,0,"?init@Datalink@@QAEXXZ: mov dword ptr [edi + 8], ecx at 0x004294B8"
Datalink,0x10390,4,0,"?init@Datalink@@QAEXXZ: mov dword ptr [edi + 0xc], edx at 0x00429495"
Datalink,0x10394,4,0,"?exec@Datalink@@QAEXIH@Z: mov edi, dword ptr [ecx] at 0x004291AA"
Datalink,0x10398,4,0,"?exec@Datalink@@QAEXIH@Z: mov edx, dword ptr [ecx + 4] at 0x004291B0"
Datalink,0x1039C,4,0,"?exec@Datalink@@QAEXIH@Z: mov eax, dword ptr [ecx + 8] at 0x004291BA"
Datalink,0x103A0,4,0,"?exec@Datalink@@QAEXIH@Z: mov ecx, dword ptr [ecx + 0xc] at 0x004291C0"
Datalink,0x103A4,4,0,"?init@Datalink@@QAEXXZ: mov edx, dword ptr [eax] at 0x0042951C"
Datalink,0x103A8,4,0,"?init@Datalink@@QAEXXZ: mov edx, dword ptr [eax + 4] at 0x00429520"
Datalink,0x103AC,4,0,"?init@Datalink@@QAEXXZ: mov edx, dword ptr [eax + 8] at 0x00429526"
Datalink,0x103B0,4,0,"?init@Datalink@@QAEXXZ: mov eax, dword ptr [eax + 0xc] at 0x00429529"
Datalink,0x103B4,4,0,"?init@Datalink@@QAEXXZ: mov dword ptr [ecx], edx at 0x0042951E"
Datalink,0x103B8,4,0,"?init@Datalink@@QAEXXZ: mov dword ptr [ecx + 4], edx at 0x00429523"
Datalink,0x103BC,4,0,"?init@Datalink@@QAEXXZ: mov dword ptr [ecx + 8], edx at 0x0042952C"
Datalink,0x103C0,4,0,"?init@Datalink@@QAEXXZ: mov dword ptr [ecx + 0xc], eax at 0x0042952F"
Datalink,0x103C4,4,0,"?init@Datalink@@QAEXXZ: mov dword ptr [esi + 0x103c4], eax at 0x00429586"
Datalink,0x103C8,4,0,"?init@Datalink@@QAEXXZ: mov dword ptr [esi + 0x103c8], ecx at 0x00429591"
Datalink,0x103CC,4,0,"?init@Datalink@@QAEXXZ: mov dword ptr [esi + 0x103cc], eax at 0x00429597"
Datalink,0x103D0,4,0,"?init@Datalink@@QAEXXZ: mov dword ptr [esi + 0x103d0], ecx at 0x004295A9"
Datalink,0x103D4,4,0,"?init@Datalink@@QAEXXZ: mov dword ptr [esi + 0x103d4], 0x1e at 0x004293FB"
Datalink,0x103D8,4,0,"?init@Datalink@@QAEXXZ: mov dword ptr [esi + 0x103d8], ecx at 0x0042940B"
Datalink,0x103DC,4,0,"?init@Datalink@@QAEXXZ: mov dword ptr [esi + 0x103dc], eax at 0x00429405"
Datalink,0x103E0,4,0,"?init@Datalink@@QAEXXZ: mov dword ptr [esi + 0x103e0], 0x1b at 0x00429411"
Datalink,0x103E4,4,0,"?init@Datalink@@QAEXXZ: mov dword ptr [esi + 0x103e4], 0x1e at 0x0042942C"
Datalink,0x103E8,4,0,"?init@Datalink@@QAEXXZ: mov dword ptr [esi + 0x103e8], 0x1d at 0x00429436"
Datalink,0x103EC,4,0,"?init@Datalink@@QAEXXZ: mov dword ptr [esi + 0x103ec], eax at 0x0042941B"
Datalink,0x103F0,4,0,"?init@Datalink@@QAEXXZ: mov dword ptr [esi + 0x103f0], edx at 0x00429423"
Datalink,0x10464,4,0,"?init@Datalink@@QAEXXZ: mov dword ptr [edx], ecx at 0x004295F2"
Datalink,0x10468,4,0,"?init@Datalink@@QAEXXZ: mov dword ptr [edx + 4], ecx at 0x004295F7"
Datalink,0x1046C,4,0,"?init@Datalink@@QAEXXZ: mov dword ptr [edx + 8], ecx at 0x004295FD"
Datalink,0x10470,4,0,"?init@Datalink@@QAEXXZ: mov dword ptr [edx + 0xc], ecx at 0x00429603"
Datalink,0x10474,4,0,"?init@Datalink@@QAEXXZ: mov dword ptr [edx], ecx at 0x0042966E"
Datalink,0x10478,4,0,"?init@Datalink@@QAEXXZ: mov dword ptr [edx + 4], ecx at 0x00429673"
Datalink,0x1047C,4,0,"?init@Datalink@@QAEXXZ: mov dword ptr [edx + 8], ecx at 0x00429679"
Datalink,0x10480,4,0,"?init@Datalink@@QAEXXZ: mov dword ptr [edx + 0xc], ecx at 0x0042967F"
Datalink,0x104F4,4,0,"?init@Datalink@@QAEXXZ: mov dword ptr [esi + 0x104f4], 0x98 at 0x004296A3"
Datalink,0x104F8,4,0,"?init@Datalink@@QAEXXZ: mov dword ptr [esi + 0x104f8], eax at 0x004296BF"
Datalink,0x104FC,4,0,"?init@Datalink@@QAEXXZ: mov dword ptr [esi + 0x104fc], 0x18e at 0x004296AD"
Datalink,0x10500,4,0,"?init@Datalink@@QAEXXZ: mov dword ptr [esi + 0x10500], ecx at 0x004296C8"
Datalink,0x10504,4,0,"?init@Datalink@@QAEXXZ: mov dword ptr [esi + 0x10504], 0x192 at 0x004296D7"
Datalink,0x10508,4,0,"?init@Datalink@@QAEXXZ: mov dword ptr [esi + 0x10508], eax at 0x004296CE"
Datalink,0x1050C,4,0,"?init@Datalink@@QAEXXZ: mov dword ptr [esi + 0x1050c], 0x288 at 0x004296EC"
Datalink,0x10510,4,0,"?init@Datalink@@QAEXXZ: mov dword ptr [esi + 0x10510], eax at 0x004296E1"
Datalink,0x10514,4,0,"?draw_entry@Datalink@@QAEXXZ: mov edx, dword ptr [esi + 0x10514] at 0x0042C067"
Datalink,0x10958,4,0,"??1Datalink@@QAE@XZ: mov dword ptr [edi + 0x444], 0x66adc0 at 0x0043240C"
Datalink,0x130AC,4,0,"??1Datalink@@QAE@XZ: mov dword ptr [ebx], 0x6693ac at 0x00432435"
Datalink,0x130B0,4,0,"??1Datalink@@QAE@XZ: mov eax, dword ptr [ebx + 4] at 0x00432432"
Datalink,0x130B4,4,0,"?UNK7@Datalink@@QAEXPADPAD@Z: mov edx, dword ptr [esi] at 0x0042BEEB"
Datalink,0x134F8,4,0,"??1Datalink@@QAE@XZ: mov dword ptr [edi + 0x444], 0x66adc0 at 0x004323AE"
Datalink,0x15C4C,4,0,"??1Datalink@@QAE@XZ: mov dword ptr [ebx], 0x6693ac at 0x004323D7"
Datalink,0x15C50,4,0,"??1Datalink@@QAE@XZ: mov edx, dword ptr [ebx + 4] at 0x004323D4"
Datalink,0x15C54,4,0,"?draw_entry@Datalink@@QAEXXZ: mov eax, dword ptr [esi + 0x15c54] at 0x0042C076"
Datalink,0x16098,4,0,"??1Datalink@@QAE@XZ: mov dword ptr [edi + 0x444], 0x66adc0 at 0x00432350"
Datalink,0x187EC,4,0,"??1Datalink@@QAE@XZ: mov dword ptr [ebx], 0x6693ac at 0x00432379"
Datalink,0x187F0,4,0,"??1Datalink@@QAE@XZ: mov ecx, dword ptr [ebx + 4] at 0x00432376"
Datalink,0x187F4,4,0,"?draw_entry@Datalink@@QAEXXZ: mov edx, dword ptr [esi + 0x187f4] at 0x0042C085"
Datalink,0x18C38,4,0,"??1Datalink@@QAE@XZ: mov dword ptr [edi + 0x444], 0x66adc0 at 0x004322F3"
Datalink,0x1B38C,4,0,"??1Datalink@@QAE@XZ: mov dword ptr [ebx], 0x6693ac at 0x0043231C"
Datalink,0x1B390,4,0,"??1Datalink@@QAE@XZ: mov eax, dword ptr [ebx + 4] at 0x00432319"
DeletionList,0x0,1,0,"??0DeletionList@@QAE@XZ: mov byte ptr [edx], 0xff at 0x0052DCB2"
DeletionList,0x4,4,0,"?UNK2@DeletionList@@QAEHH@Z: cmp dword ptr [ecx + 4], edi at 0x0052DD2A"
DeletionList,0x8,2,0,"??0DeletionList@@QAE@XZ: mov word ptr [edx + 8], cx at 0x0052DCB5"
DeletionList,0x5A0,4,0,"??0DeletionList@@QAE@XZ: mov dword ptr [eax + 0x5a0], ecx at 0x0052DCA7"
DesignWin,0x0,4,0,"??0DesignWin@@QAE@XZ: mov dword ptr [esi], 0x66b148 at 0x0043454C"
DesignWin,0x14C,4,0,"?select_chassis@DesignWin@@QAEXXZ: mov eax, dword ptr [edi] at 0x00439F87"
DesignWin,0x150,4,0,"?select_chassis@DesignWin@@QAEXXZ: mov ecx, dword ptr [edi + 4] at 0x00439F89"
DesignWin,0x154,4,0,"?select_chassis@DesignWin@@QAEXXZ: mov ebx, dword ptr [edi + 8] at 0x00439F8C"
DesignWin,0x158,4,0,"?select_chassis@DesignWin@@QAEXXZ: mov edi, dword ptr [edi + 0xc] at 0x00439F94"
DesignWin,0x2CC,4,0,"?on_iface_mouse_move@DesignWin@@QAEXHH@Z: mov ecx, dword ptr [esi + 0x2cc] at 0x0043D386"
DesignWin,0x2D8,4,0,"?on_status@DesignWin@@QAEXH@Z: mov edx, dword ptr [esi] at 0x0043D150"
DesignWin,0x444,4,0,"??0DesignWin@@QAE@XZ: mov dword ptr [esi + 0x444], 0x66b140 at 0x00434552"
DesignWin,0x474,4,0,"?init@DesignWin@@QAEXXZ: mov edi, dword ptr [ecx] at 0x0043C8D1"
DesignWin,0x478,4,0,"?init@DesignWin@@QAEXXZ: mov edx, dword ptr [ecx + 4] at 0x0043C8D6"
DesignWin,0x47C,4,0,"?init@DesignWin@@QAEXXZ: mov eax, dword ptr [ecx + 8] at 0x0043C8DC"
DesignWin,0x480,4,0,"?init@DesignWin@@QAEXXZ: mov ebx, dword ptr [ecx + 0xc] at 0x0043C8E5"
DesignWin,0x4C4,4,0,"?init@DesignWin@@QAEXXZ: mov ecx, dword ptr [esi + 0x4c4] at 0x0043C6FB"
DesignWin,0x4C8,4,0,"?init@DesignWin@@QAEXXZ: mov eax, dword ptr [esi + 0x4c8] at 0x0043C6E9"
DesignWin,0xA14,4,0,"??0DesignWin@@QAE@XZ: mov dword ptr [esi + 0xa14], 0x66a6e4 at 0x004344C2"
DesignWin,0xA18,4,0,"?init@DesignWin@@QAEXXZ: mov dword ptr [eax + 4], 1 at 0x0043C2B9"
DesignWin,0xA4C,4,0,"?draw_info@DesignWin@@QAEXXZ: mov ecx, dword ptr [eax] at 0x004346DB"
DesignWin,0xA50,4,0,"?draw_info@DesignWin@@QAEXXZ: mov edx, dword ptr [eax + 4] at 0x004346E0"
DesignWin,0xA54,4,0,"?draw_info@DesignWin@@QAEXXZ: mov ecx, dword ptr [eax + 8] at 0x004346E6"
DesignWin,0xA58,4,0,"?draw_info@DesignWin@@QAEXXZ: mov edx, dword ptr [eax + 0xc] at 0x004346F1"
DesignWin,0xA6C,4,0,"?on_redraw@DesignWin@@QAEXXZ: mov eax, dword ptr [edx] at 0x004379F8"
DesignWin,0xA70,4,0,"?on_redraw@DesignWin@@QAEXXZ: mov ecx, dword ptr [edx + 4] at 0x004379FD"
DesignWin,0xA74,4,0,"?on_redraw@DesignWin@@QAEXXZ: mov eax, dword ptr [edx + 8] at 0x00437A03"
DesignWin,0xA78,4,0,"?on_redraw@DesignWin@@QAEXXZ: mov ecx, dword ptr [edx + 0xc] at 0x00437A09"
DesignWin,0xA7C,4,0,"?init@DesignWin@@QAEXXZ: mov dword ptr [ebx], eax at 0x0043C56A"
DesignWin,0xA80,4,0,"?init@DesignWin@@QAEXXZ: mov dword ptr [ebx + 4], ecx at 0x0043C572"
DesignWin,0xA84,4,0,"?init@DesignWin@@QAEXXZ: mov dword ptr [ebx + 8], edx at 0x0043C57B"
DesignWin,0xA88,4,0,"?init@DesignWin@@QAEXXZ: mov dword ptr [ebx + 0xc], edi at 0x0043C57E"
DesignWin,0xA8C,4,0,"?init@DesignWin@@QAEXXZ: mov dword ptr [ebx], eax at 0x0043C525"
DesignWin,0xA90,4,0,"?init@DesignWin@@QAEXXZ: mov dword ptr [ebx + 4], ecx at 0x0043C52D"
DesignWin,0xA94,4,0,"?init@DesignWin@@QAEXXZ: mov dword ptr [ebx + 8], edx at 0x0043C533"
DesignWin,0xA98,4,0,"?init@DesignWin@@QAEXXZ: mov dword ptr [ebx + 0xc], edi at 0x0043C539"
DesignWin,0xA9C,4,0,"?draw_vehicle@DesignWin@@QAEXH@Z: mov ecx, dword ptr [eax] at 0x004360AA"
DesignWin,0xAA0,4,0,"?draw_vehicle@DesignWin@@QAEXH@Z: mov edx, dword ptr [eax + 4] at 0x004360AF"
DesignWin,0xAA4,4,0,"?draw_vehicle@DesignWin@@QAEXH@Z: mov ecx, dword ptr [eax + 8] at 0x004360B5"
DesignWin,0xAA8,4,0,"?draw_vehicle@DesignWin@@QAEXH@Z: mov edx, dword ptr [eax + 0xc] at 0x004360BD"
DesignWin,0xAAC,4,0,"?draw_chassis@DesignWin@@QAEXH@Z: mov ecx, dword ptr [eax] at 0x00434BD7"
DesignWin,0xAB0,4,0,"?draw_chassis@DesignWin@@QAEXH@Z: mov edx, dword ptr [eax + 4] at 0x00434BDC"
DesignWin,0xAB4,4,0,"?draw_chassis@DesignWin@@QAEXH@Z: mov ecx, dword ptr [eax + 8] at 0x00434BE2"
DesignWin,0xAB8,4,0,"?draw_chassis@DesignWin@@QAEXH@Z: mov edx, dword ptr [eax + 0xc] at 0x00434BEA"
DesignWin,0xABC,4,0,"?draw_weapon@DesignWin@@QAEXH@Z: mov ecx, dword ptr [eax] at 0x00434F57"
DesignWin,0xAC0,4,0,"?draw_weapon@DesignWin@@QAEXH@Z: mov edx, dword ptr [eax + 4] at 0x00434F5C"
DesignWin,0xAC4,4,0,"?draw_weapon@DesignWin@@QAEXH@Z: mov ecx, dword ptr [eax + 8] at 0x00434F62"
DesignWin,0xAC8,4,0,"?draw_weapon@DesignWin@@QAEXH@Z: mov edx, dword ptr [eax + 0xc] at 0x00434F6A"
DesignWin,0xACC,4,0,"?draw_armor@DesignWin@@QAEXH@Z: mov ecx, dword ptr [eax] at 0x00435417"
DesignWin,0xAD0,4,0,"?draw_armor@DesignWin@@QAEXH@Z: mov edx, dword ptr [eax + 4] at 0x0043541C"
DesignWin,0xAD4,4,0,"?draw_armor@DesignWin@@QAEXH@Z: mov ecx, dword ptr [eax + 8] at 0x00435422"
DesignWin,0xAD8,4,0,"?draw_armor@DesignWin@@QAEXH@Z: mov edx, dword ptr [eax + 0xc] at 0x0043542A"
DesignWin,0xADC,4,0,"?draw_reactor@DesignWin@@QAEXH@Z: mov ecx, dword ptr [eax] at 0x00435817"
DesignWin,0xAE0,4,0,"?draw_reactor@DesignWin@@QAEXH@Z: mov edx, dword ptr [eax + 4] at 0x0043581C"
DesignWin,0xAE4,4,0,"?draw_reactor@DesignWin@@QAEXH@Z: mov ecx, dword ptr [eax + 8] at 0x00435822"
DesignWin,0xAE8,4,0,"?draw_reactor@DesignWin@@QAEXH@Z: mov edx, dword ptr [eax + 0xc] at 0x0043582A"
DesignWin,0xAEC,4,0,"?draw_special_1@DesignWin@@QAEXH@Z: mov ecx, dword ptr [eax] at 0x00435B47"
DesignWin,0xAF0,4,0,"?draw_special_1@DesignWin@@QAEXH@Z: mov edx, dword ptr [eax + 4] at 0x00435B4C"
DesignWin,0xAF4,4,0,"?draw_special_1@DesignWin@@QAEXH@Z: mov ecx, dword ptr [eax + 8] at 0x00435B52"
DesignWin,0xAF8,4,0,"?draw_special_1@DesignWin@@QAEXH@Z: mov edx, dword ptr [eax + 0xc] at 0x00435B5A"
DesignWin,0xAFC,4,0,"?draw_special_2@DesignWin@@QAEXH@Z: mov ecx, dword ptr [eax] at 0x00435DF7"
DesignWin,0xB00,4,0,"?draw_special_2@DesignWin@@QAEXH@Z: mov edx, dword ptr [eax + 4] at 0x00435DFC"
DesignWin,0xB04,4,0,"?draw_special_2@DesignWin@@QAEXH@Z: mov ecx, dword ptr [eax + 8] at 0x00435E02"
DesignWin,0xB08,4,0,"?draw_special_2@DesignWin@@QAEXH@Z: mov edx, dword ptr [eax + 0xc] at 0x00435E0A"
DesignWin,0xB0C,4,0,"?init@DesignWin@@QAEXXZ: mov dword ptr [ecx], edx at 0x0043C42B"
DesignWin,0xB10,4,0,"?init@DesignWin@@QAEXXZ: mov dword ptr [ecx + 4], edx at 0x0043C433"
DesignWin,0xB14,4,0,"?init@DesignWin@@QAEXXZ: mov dword ptr [ecx + 8], edx at 0x0043C43C"
DesignWin,0xB18,4,0,"?init@DesignWin@@QAEXXZ: mov dword ptr [ecx + 0xc], edx at 0x0043C445"
DesignWin,0xB1C,4,0,"?init@DesignWin@@QAEXXZ: mov dword ptr [edx], ecx at 0x0043C461"
DesignWin,0xB20,4,0,"?init@DesignWin@@QAEXXZ: mov dword ptr [edx + 4], ecx at 0x0043C469"
DesignWin,0xB24,4,0,"?init@DesignWin@@QAEXXZ: mov dword ptr [edx + 8], ecx at 0x0043C472"
DesignWin,0xB28,4,0,"?init@DesignWin@@QAEXXZ: mov dword ptr [edx + 0xc], ecx at 0x0043C47B"
DesignWin,0xB2C,4,0,"?draw_vehicle@DesignWin@@QAEXH@Z: mov dword ptr [esi + 0xb2c], eax at 0x00436CD2"
DesignWin,0xB30,4,0,"?draw_vehicle@DesignWin@@QAEXH@Z: mov dword ptr [edx + 4], ecx at 0x00436CDB"
DesignWin,0xB34,4,0,"?draw_vehicle@DesignWin@@QAEXH@Z: mov dword ptr [edx + 8], eax at 0x00436CE1"
DesignWin,0xB38,4,0,"?draw_vehicle@DesignWin@@QAEXH@Z: mov dword ptr [edx + 0xc], ecx at 0x00436CE4"
DesignWin,0xB3C,4,0,"?draw_vehicle@DesignWin@@QAEXH@Z: mov dword ptr [esi + 0xb3c], edx at 0x004366DD"
DesignWin,0xB40,4,0,"?draw_vehicle@DesignWin@@QAEXH@Z: mov dword ptr [ecx + 4], eax at 0x004366E6"
DesignWin,0xB44,4,0,"?draw_vehicle@DesignWin@@QAEXH@Z: mov dword ptr [ecx + 8], edx at 0x004366EC"
DesignWin,0xB48,4,0,"?draw_vehicle@DesignWin@@QAEXH@Z: mov dword ptr [ecx + 0xc], eax at 0x004366EF"
DesignWin,0xB4C,4,0,"?init@DesignWin@@QAEXXZ: mov dword ptr [edx], ecx at 0x0043C9CE"
DesignWin,0xB50,4,0,"?init@DesignWin@@QAEXXZ: mov dword ptr [edx + 4], ecx at 0x0043C9D3"
DesignWin,0xB54,4,0,"?init@DesignWin@@QAEXXZ: mov dword ptr [edx + 8], ecx at 0x0043C9D9"
DesignWin,0xB58,4,0,"?init@DesignWin@@QAEXXZ: mov dword ptr [edx + 0xc], eax at 0x0043C9DF"
DesignWin,0xB5C,4,0,"?init@DesignWin@@QAEXXZ: mov dword ptr [edx], ebx at 0x0043C956"
DesignWin,0xB60,4,0,"?init@DesignWin@@QAEXXZ: mov dword ptr [edx + 4], ebx at 0x0043C95B"
DesignWin,0xB64,4,0,"?init@DesignWin@@QAEXXZ: mov dword ptr [edx + 8], ebx at 0x0043C961"
DesignWin,0xB68,4,0,"?init@DesignWin@@QAEXXZ: mov dword ptr [edx + 0xc], eax at 0x0043C96C"
DesignWin,0xB6C,4,0,"?init@DesignWin@@QAEXXZ: mov dword ptr [edx], ebx at 0x0043C991"
DesignWin,0xB70,4,0,"?init@DesignWin@@QAEXXZ: mov dword ptr [edx + 4], ebx at 0x0043C996"
DesignWin,0xB74,4,0,"?init@DesignWin@@QAEXXZ: mov dword ptr [edx + 8], ebx at 0x0043C99C"
DesignWin,0xB78,4,0,"?init@DesignWin@@QAEXXZ: mov dword ptr [edx + 0xc], ecx at 0x0043C9A5"
DesignWin,0xB7C,4,0,"?init@DesignWin@@QAEXXZ: mov dword ptr [eax], edx at 0x0043C9FF"
DesignWin,0xB80,4,0,"?init@DesignWin@@QAEXXZ: mov dword ptr [eax + 4], edx at 0x0043CA04"
DesignWin,0xB84,4,0,"?init@DesignWin@@QAEXXZ: mov dword ptr [eax + 8], edx at 0x0043CA0A"
DesignWin,0xB88,4,0,"?init@DesignWin@@QAEXXZ: mov dword ptr [eax + 0xc], ecx at 0x0043CA10"
DesignWin,0xB8C,4,0,"?init@DesignWin@@QAEXXZ: mov ebx, dword ptr [eax] at 0x0043C954"
DesignWin,0xB90,4,0,"?init@DesignWin@@QAEXXZ: mov ebx, dword ptr [eax + 4] at 0x0043C958"
DesignWin,0xB94,4,0,"?init@DesignWin@@QAEXXZ: mov ebx, dword ptr [eax + 8] at 0x0043C95E"
DesignWin,0xB98,4,0,"?init@DesignWin@@QAEXXZ: mov eax, dword ptr [eax + 0xc] at 0x0043C967"
DesignWin,0xB9C,4,0,"?init@DesignWin@@QAEXXZ: mov ecx, dword ptr [esi + 0xb9c] at 0x0043CEFE"
DesignWin,0xBA0,4,0,"?init@DesignWin@@QAEXXZ: mov eax, dword ptr [esi + 0xba0] at 0x0043CEF2"
DesignWin,0xBA4,4,0,"?init@DesignWin@@QAEXXZ: mov edx, dword ptr [esi + 0xba4] at 0x0043CF0A"
DesignWin,0xBA8,4,0,"?init@DesignWin@@QAEXXZ: mov edx, dword ptr [esi + 0xba8] at 0x0043CEF8"
DesignWin,0xBAC,4,0,"?init@DesignWin@@QAEXXZ: mov ecx, dword ptr [esi + 0xbac] at 0x0043CC8B"
DesignWin,0xBB0,4,0,"?init@DesignWin@@QAEXXZ: mov eax, dword ptr [esi + 0xbb0] at 0x0043CC85"
DesignWin,0xBB4,4,0,"?init@DesignWin@@QAEXXZ: mov edx, dword ptr [esi + 0xbb4] at 0x0043CCA3"
DesignWin,0xBB8,4,0,"?init@DesignWin@@QAEXXZ: mov edx, dword ptr [esi + 0xbb8] at 0x0043CC97"
DesignWin,0xBBC,4,0,"?init@DesignWin@@QAEXXZ: mov ecx, dword ptr [esi + 0xbbc] at 0x0043CD19"
DesignWin,0xBC0,4,0,"?init@DesignWin@@QAEXXZ: mov eax, dword ptr [esi + 0xbc0] at 0x0043CD0D"
DesignWin,0xBC4,4,0,"?init@DesignWin@@QAEXXZ: mov edx, dword ptr [esi + 0xbc4] at 0x0043CD25"
DesignWin,0xBC8,4,0,"?init@DesignWin@@QAEXXZ: mov edx, dword ptr [esi + 0xbc8] at 0x0043CD13"
DesignWin,0xBCC,4,0,"?init@DesignWin@@QAEXXZ: mov ecx, dword ptr [eax] at 0x0043C9CC"
DesignWin,0xBD0,4,0,"?init@DesignWin@@QAEXXZ: mov ecx, dword ptr [eax + 4] at 0x0043C9D0"
DesignWin,0xBD4,4,0,"?init@DesignWin@@QAEXXZ: mov ecx, dword ptr [eax + 8] at 0x0043C9D6"
DesignWin,0xBD8,4,0,"?init@DesignWin@@QAEXXZ: mov eax, dword ptr [eax + 0xc] at 0x0043C9DC"
DesignWin,0xCBC,4,0,"?init@DesignWin@@QAEXXZ: mov dword ptr [esi + 0xcbc], ecx at 0x0043C88D"
DesignWin,0xCC0,4,0,"?init@DesignWin@@QAEXXZ: mov dword ptr [eax + 4], edi at 0x0043C893"
DesignWin,0xCC4,4,0,"?init@DesignWin@@QAEXXZ: mov dword ptr [eax + 8], edx at 0x0043C896"
DesignWin,0xCC8,4,0,"?init@DesignWin@@QAEXXZ: mov dword ptr [eax + 0xc], ebx at 0x0043C899"
DesignWin,0xCCC,4,0,"?init@DesignWin@@QAEXXZ: mov dword ptr [esi + 0xccc], ecx at 0x0043C8A8"
DesignWin,0xCD0,4,0,"?init@DesignWin@@QAEXXZ: mov dword ptr [eax + 4], edx at 0x0043C8B4"
DesignWin,0xCD4,4,0,"?init@DesignWin@@QAEXXZ: mov dword ptr [eax + 8], ecx at 0x0043C8BD"
DesignWin,0xCD8,4,0,"?init@DesignWin@@QAEXXZ: mov dword ptr [eax + 0xc], edx at 0x0043C8C6"
DesignWin,0xCDC,4,0,"?on_button_clicked@DesignWin@@QAEXH@Z: mov dword ptr [esi + 0xcdc], ebx at 0x00438514"
DesignWin,0xCE0,4,0,"?close@DesignWin@@QAEXXZ: mov dword ptr [esi + 0xce0], 0xffffffff at 0x0043C232"
DesignWin,0xCE4,4,0,"?on_button_clicked@DesignWin@@QAEXH@Z: mov eax, dword ptr [esi + 0xce4] at 0x004384BF"
DesignWin,0xCE8,4,0,"?draw_vehicle@DesignWin@@QAEXH@Z: mov edi, dword ptr [esi + 0xce8] at 0x004360EA"
DesignWin,0xCEC,4,0,"?close@DesignWin@@QAEXXZ: mov eax, dword ptr [edi] at 0x0043C1B0"
DesignWin,0x17B4,4,0,"?init@DesignWin@@QAEXXZ: mov dword ptr [edi + 0xac8], 0x78d960 at 0x0043CFF6"
DesignWin,0x17B8,4,0,"?init@DesignWin@@QAEXXZ: mov dword ptr [edi + 0xacc], eax at 0x0043D000"
DesignWin,0x17BC,4,0,"?init@DesignWin@@QAEXXZ: mov dword ptr [edi + 0xad0], eax at 0x0043D006"
DesignWin,0x1970,4,0,"?on_status@DesignWin@@QAEXH@Z: mov eax, dword ptr [ecx] at 0x0043D16F"
DesignWin,0x24BC,4,0,"?on_status@DesignWin@@QAEXH@Z: mov edx, dword ptr [edi + 0x24bc] at 0x0043D178"
DesignWin,0x110C0,4,0,"?init@DesignWin@@QAEXXZ: mov eax, dword ptr [ebx] at 0x0043D048"
DesignWin,0x11B04,4,0,"?init@DesignWin@@QAEXXZ: mov dword ptr [esi + 0x11b04], edi at 0x0043D05D"
DesignWin,0x11B94,4,0,"?init@DesignWin@@QAEXXZ: mov dword ptr [ebx + 0xad4], 0x7d1648 at 0x0043D02A"
DesignWin,0x11B98,4,0,"?init@DesignWin@@QAEXXZ: mov dword ptr [ebx + 0xad8], 0x7d1674 at 0x0043D034"
DesignWin,0x11B9C,4,0,"?init@DesignWin@@QAEXXZ: mov dword ptr [ebx + 0xadc], 0x7d16a0 at 0x0043D03E"
DesignWin,0x11C0C,4,0,"?init@DesignWin@@QAEXXZ: mov edx, dword ptr [ecx] at 0x0043D081"
DesignWin,0x12650,4,0,"?init@DesignWin@@QAEXXZ: mov dword ptr [esi + 0x12650], edi at 0x0043D08F"
DesignWin,0x126E0,4,0,"?init@DesignWin@@QAEXXZ: mov dword ptr [ecx + 0xad4], 0x7d16cc at 0x0043D063"
DesignWin,0x126E4,4,0,"?init@DesignWin@@QAEXXZ: mov dword ptr [ecx + 0xad8], 0x7d16f8 at 0x0043D06D"
DesignWin,0x126E8,4,0,"?init@DesignWin@@QAEXXZ: mov dword ptr [ecx + 0xadc], 0x7d1724 at 0x0043D077"
DesignWin,0x12770,4,1,"?draw_vehicle@DesignWin@@QAEXH@Z: mov eax, dword ptr [esi + 0x12770] at 0x00436289"
DesignWin,0x127FC,4,0,"?init@DesignWin@@QAEXXZ: mov dword ptr [esi + 0x127fc], eax at 0x0043C68F"
DesignWin,0x12800,4,0,"?init@DesignWin@@QAEXXZ: mov dword ptr [edi + 4], ecx at 0x0043C695"
DesignWin,0x12804,4,0,"?init@DesignWin@@QAEXXZ: mov dword ptr [edi + 8], edx at 0x0043C69A"
DesignWin,0x12808,4,0,"?init@DesignWin@@QAEXXZ: mov dword ptr [edi], eax at 0x0043C66C"
DesignWin,0x1280C,4,0,"?init@DesignWin@@QAEXXZ: mov dword ptr [edi + 4], ecx at 0x0043C679"
DesignWin,0x12810,4,0,"?init@DesignWin@@QAEXXZ: mov dword ptr [edi + 8], edx at 0x0043C686"
DesignWin,0x12840,1,0,"?init@DesignWin@@QAEXXZ: mov byte ptr [esi + 0x12840], 0 at 0x0043C5D2"
DesignWin,0x137E4,4,0,"?on_iface_left_click@DesignWin@@QAEXHH@Z: mov dword ptr [esi + 0x137e4], eax at 0x0043D25A"
DesignWin,0x13B68,4,0,"?draw_chassis@DesignWin@@QAEXH@Z: mov dword ptr [esi + 0x13b68], 0 at 0x00434CCA"
DesignWin,0x13CEC,4,0,"?init@DesignWin@@QAEXXZ: mov ecx, dword ptr [esi + 0x13cec] at 0x0043C6CA"
DesignWin,0x141F4,4,0,"??0DesignWin@@QAE@XZ: mov dword ptr [esi + 0x141f4], ebx at 0x00434566"
DesignWin,0x141F8,4,0,"??0DesignWin@@QAE@XZ: mov dword ptr [esi + 0x141f8], ebx at 0x0043456C"
DesignWin,0x141FC,1,0,"?UNK3@DesignWin@@QAEXXZ: mov al, byte ptr [ecx + 0x141fc] at 0x00434650"
DesignWin,0x141FC,4,0,"??0DesignWin@@QAE@XZ: mov dword ptr [esi + 0x141fc], ebx at 0x00434572"
DesignWin,0x14200,1,0,"?UNK3@DesignWin@@QAEXXZ: mov dl, byte ptr [ecx + 0x14200] at 0x0043465B"
DesignWin,0x14200,4,0,"??0DesignWin@@QAE@XZ: mov dword ptr [esi + 0x14200], ebx at 0x00434578"
DesignWin,0x14204,1,0,"?UNK3@DesignWin@@QAEXXZ: mov al, byte ptr [ecx + 0x14204] at 0x00434667"
DesignWin,0x14204,4,0,"??0DesignWin@@QAE@XZ: mov dword ptr [esi + 0x14204], ebx at 0x0043457E"
DesignWin,0x14208,4,0,"??0DesignWin@@QAE@XZ: mov dword ptr [esi + 0x14208], ebx at 0x00434584"
DesignWin,0x1420C,1,0,"?UNK3@DesignWin@@QAEXXZ: mov dl, byte ptr [ecx + 0x1420c] at 0x00434672"
DesignWin,0x1420C,4,0,"??0DesignWin@@QAE@XZ: mov dword ptr [esi + 0x1420c], 1 at 0x0043458A"
DesignWin,0x14210,4,0,"??0DesignWin@@QAE@XZ: mov dword ptr [esi + 0x14210], ebx at 0x00434594"
DesignWin,0x14214,4,0,"??0DesignWin@@QAE@XZ: mov dword ptr [esi + 0x14214], ebx at 0x0043459A"
DesignWin,0x14218,4,0,"?draw_special_1@DesignWin@@QAEXH@Z: mov eax, dword ptr [edi + 0x14218] at 0x00435C7D"
DesignWin,0x1421C,4,0,"?draw_special_2@DesignWin@@QAEXH@Z: mov eax, dword ptr [edi + 0x1421c] at 0x00435F2D"
DesignWin,0x14220,1,0,"??0DesignWin@@QAE@XZ: mov byte ptr [esi + 0x14220], bl at 0x004345A0"
DesignWin,0x1423F,1,0,"?select_name@DesignWin@@QAEXXZ: mov byte ptr [esi + 0x1423f], 0 at 0x0043BF1E"
DesignWin,0x14270,1,0,"?exec@DesignWin@@QAEHHH@Z: mov byte ptr [edi], 0 at 0x0043EB4F"
DesignWin,0x14540,4,0,"?draw_chassis@DesignWin@@QAEXH@Z: mov ecx, dword ptr [ebx] at 0x00434DE9"
DesignWin,0x1454C,4,0,"?draw_chassis@DesignWin@@QAEXH@Z: mov eax, dword ptr [ebx + 0xc] at 0x00434DF6"
DesignWin,0x14550,4,0,"?draw_chassis@DesignWin@@QAEXH@Z: mov ecx, dword ptr [esi + 0x14550] at 0x00434CBA"
DesignWin,0x14568,4,0,"?draw_chassis@DesignWin@@QAEXH@Z: mov ecx, dword ptr [ebx] at 0x00434C26"
DesignWin,0x14574,4,0,"?draw_chassis@DesignWin@@QAEXH@Z: mov eax, dword ptr [ebx + 0xc] at 0x00434C3C"
DesignWin,0x14578,4,0,"?draw_chassis@DesignWin@@QAEXH@Z: mov eax, dword ptr [ebx + 0x10] at 0x00434C35"
DesignWin,0x14590,4,0,"?draw_vehicle@DesignWin@@QAEXH@Z: mov eax, dword ptr [edi] at 0x004363A9"
DesignWin,0x1459C,4,0,"?draw_vehicle@DesignWin@@QAEXH@Z: mov ecx, dword ptr [edi + 0xc] at 0x004363C2"
DesignWin,0x145A0,4,0,"?draw_vehicle@DesignWin@@QAEXH@Z: mov ecx, dword ptr [edi + 0x10] at 0x004363BB"
Dialog,0x0,4,0,"??0Dialog@@QAE@XZ: mov dword ptr [esi], 0x6703fc at 0x00608CA2"
Dialog,0x18,4,0,"?close@Dialog@@QAEXXZ: mov dword ptr [esi + 0x18], ebp at 0x00608FE0"
Dialog,0x1C,4,0,"??0Dialog@@QAE@XZ: mov dword ptr [esi + 0x1c], eax at 0x00608DFA"
Dialog,0x20,4,0,"??0Dialog@@QAE@XZ: mov dword ptr [esi + 0x20], edx at 0x00608CAE"
Dialog,0x24,4,0,"??0Dialog@@QAE@XZ: mov dword ptr [esi + 0x24], edi at 0x00608CB1"
Dialog,0x28,4,0,"??0Dialog@@QAE@XZ: mov dword ptr [esi + 0x28], edi at 0x00608CB4"
Dialog,0x2C,4,0,"??0Dialog@@QAE@XZ: mov dword ptr [esi + 0x2c], eax at 0x00608CBC"
Dialog,0x30,4,0,"??0Dialog@@QAE@XZ: mov dword ptr [esi + 0x30], ecx at 0x00608CC5"
Dialog,0x34,4,0,"??0Dialog@@QAE@XZ: mov dword ptr [esi + 0x34], edx at 0x00608CF5"
Dialog,0x38,4,0,"??0Dialog@@QAE@XZ: mov dword ptr [esi + 0x38], edi at 0x00608CD7"
Dialog,0x3C,4,0,"??0Dialog@@QAE@XZ: mov dword ptr [esi + 0x3c], edi at 0x00608CDA"
Dialog,0x40,4,0,"??0Dialog@@QAE@XZ: mov dword ptr [esi + 0x40], edx at 0x00608CE3"
Dialog,0x44,4,0,"??0Dialog@@QAE@XZ: mov dword ptr [esi + 0x44], ecx at 0x00608CEC"
Dialog,0x48,4,0,"??0Dialog@@QAE@XZ: mov dword ptr [esi + 0x48], eax at 0x00608CF8"
Dialog,0x4C,4,0,"??0Dialog@@QAE@XZ: mov dword ptr [esi + 0x4c], ecx at 0x00608D01"
Dialog,0x50,4,0,"??0Dialog@@QAE@XZ: mov dword ptr [esi + 0x50], edx at 0x00608D0A"
Dialog,0x54,4,0,"??0Dialog@@QAE@XZ: mov dword ptr [esi + 0x54], edi at 0x00608D0D"
Dialog,0x58,4,0,"??0Dialog@@QAE@XZ: mov dword ptr [esi + 0x58], edi at 0x00608D10"
Dialog,0x5C,4,0,"??0Dialog@@QAE@XZ: mov dword ptr [esi + 0x5c], edi at 0x00608D13"
Dialog,0x60,4,0,"??0Dialog@@QAE@XZ: mov dword ptr [esi + 0x60], edi at 0x00608D16"
Dialog,0x64,4,0,"??0Dialog@@QAE@XZ: mov dword ptr [esi + 0x64], edi at 0x00608D19"
Dialog,0x68,4,0,"??0Dialog@@QAE@XZ: mov dword ptr [esi + 0x68], edi at 0x00608D1C"
Dialog,0x6C,4,0,"??0Dialog@@QAE@XZ: mov dword ptr [esi + 0x6c], ecx at 0x00608D25"
Dialog,0x70,4,0,"??0Dialog@@QAE@XZ: mov dword ptr [esi + 0x70], edx at 0x00608D5E"
Dialog,0x74,4,0,"??0Dialog@@QAE@XZ: mov dword ptr [esi + 0x74], ecx at 0x00608D94"
Dialog,0x78,4,0,"??0Dialog@@QAE@XZ: mov dword ptr [esi + 0x78], edx at 0x00608DCD"
Dialog,0x7C,4,0,"??0Dialog@@QAE@XZ: mov dword ptr [esi + 0x7c], ecx at 0x00608D67"
Dialog,0x80,4,0,"??0Dialog@@QAE@XZ: mov dword ptr [esi + 0x80], edx at 0x00608D9D"
Dialog,0x84,4,0,"??0Dialog@@QAE@XZ: mov dword ptr [esi + 0x84], ecx at 0x00608DD6"
Dialog,0x88,4,0,"??0Dialog@@QAE@XZ: mov dword ptr [esi + 0x88], edx at 0x00608D70"
Dialog,0x8C,4,0,"??0Dialog@@QAE@XZ: mov dword ptr [esi + 0x8c], ecx at 0x00608DA9"
Dialog,0x90,4,0,"??0Dialog@@QAE@XZ: mov dword ptr [esi + 0x90], edx at 0x00608DE2"
Dialog,0x94,4,0,"??0Dialog@@QAE@XZ: mov dword ptr [esi + 0x94], ecx at 0x00608D7C"
Dialog,0x98,4,0,"??0Dialog@@QAE@XZ: mov dword ptr [esi + 0x98], edx at 0x00608DB5"
Dialog,0x9C,4,0,"??0Dialog@@QAE@XZ: mov dword ptr [esi + 0x9c], ecx at 0x00608DEE"
Dialog,0xA0,4,0,"??0Dialog@@QAE@XZ: mov dword ptr [esi + 0xa0], edx at 0x00608D88"
Dialog,0xA4,4,0,"??0Dialog@@QAE@XZ: mov dword ptr [esi + 0xa4], ecx at 0x00608DC1"
Dialog,0xA8,4,0,"??0Dialog@@QAE@XZ: mov dword ptr [esi + 0xa8], edx at 0x00608DFD"
Dialog,0xAC,4,0,"??0Dialog@@QAE@XZ: mov dword ptr [esi + 0xac], edx at 0x00608D2E"
Dialog,0xB0,4,0,"??0Dialog@@QAE@XZ: mov dword ptr [esi + 0xb0], ecx at 0x00608D3A"
Dialog,0xB4,4,0,"??0Dialog@@QAE@XZ: mov dword ptr [esi + 0xb4], edx at 0x00608D46"
Dialog,0xB8,4,0,"??0Dialog@@QAE@XZ: mov dword ptr [esi + 0xb8], ecx at 0x00608D52"
Dialog,0xBC,4,0,"??0Dialog@@QAE@XZ: mov dword ptr [esi + 0xbc], 0x6693a4 at 0x00608C4E"
Dialog,0xC0,4,0,"??0Dialog@@QAE@XZ: mov dword ptr [esi + 0xc0], 0x66b0ec at 0x00608C23"
Dialog,0xC4,4,0,"??0Dialog@@QAE@XZ: mov dword ptr [esi + 0xc4], edi at 0x00608C6C"
Dialog,0xC8,4,0,"??0Dialog@@QAE@XZ: mov dword ptr [esi + 0xc8], edi at 0x00608C72"
Dialog,0xCC,4,0,"??0Dialog@@QAE@XZ: mov dword ptr [esi + 0xcc], edi at 0x00608C78"
Dialog,0xD0,4,0,"??0Dialog@@QAE@XZ: mov dword ptr [esi + 0xd0], edi at 0x00608C7E"
Dialog,0xD4,4,0,"??0Dialog@@QAE@XZ: mov dword ptr [esi + 0xd4], edi at 0x00608C84"
Dialog,0xE4,4,0,"??0Dialog@@QAE@XZ: mov dword ptr [esi + 0xe4], 0x6693ac at 0x00608C2D"
Dialog,0xE8,4,0,"??0Dialog@@QAE@XZ: mov dword ptr [esi + 0xe8], eax at 0x00608C3C"
Dialog,0xEC,4,0,"??0Dialog@@QAE@XZ: mov dword ptr [esi + 0xec], edi at 0x00608CCB"
Dialog,0xF0,4,0,"??0Dialog@@QAE@XZ: mov dword ptr [esi + 0xf0], eax at 0x00608CD1"
Dialogs,0x0,4,0,"??0Dialogs@@QAE@H@Z: mov dword ptr [esi], 0x670a78 at 0x00612865"
Dialogs,0x44,4,0,"??0Dialogs@@QAE@H@Z: mov dword ptr [esi + 0x44], 0x670a6c at 0x0061286B"
Dialogs,0x58,4,0,"??0Dialogs@@QAE@H@Z: mov dword ptr [esi + 0x58], 0x670a60 at 0x00612872"
Dialogs,0x70,4,0,"??0Dialogs@@QAE@H@Z: mov dword ptr [esi + 0x70], 0x670a54 at 0x00612879"
Dialogs,0xA4,4,0,"?get_num_items@Dialogs@@QAEHXZ: mov eax, dword ptr [ecx + 0xa4] at 0x00613768"
Dialogs,0xF8,4,0,"??0Dialogs@@QAE@H@Z: mov dword ptr [esi + 0xf8], 0x670a48 at 0x00612880"
Dialogs,0x180,4,0,"?attach@Dialogs@@QAEHHPAUGraphicWin@@HHH@Z: mov dword ptr [ecx + 0x180], eax at 0x00612977"
DipEdit,0x0,4,0,"?on_button_clicked@DipEdit@@QAEXH@Z: mov eax, dword ptr [esi] at 0x004D9E2C"
DipEdit,0x474,4,0,"?init@DipEdit@@QAEXH@Z: mov eax, dword ptr [edx] at 0x004DB102"
DipEdit,0x478,4,0,"?init@DipEdit@@QAEXH@Z: mov ecx, dword ptr [edx + 4] at 0x004DB107"
DipEdit,0x47C,4,0,"?init@DipEdit@@QAEXH@Z: mov eax, dword ptr [edx + 8] at 0x004DB10D"
DipEdit,0x480,4,0,"?init@DipEdit@@QAEXH@Z: mov ecx, dword ptr [edx + 0xc] at 0x004DB113"
DipEdit,0xA14,4,0,"?init@DipEdit@@QAEXH@Z: mov dword ptr [esi + 0xa14], 0x2f6 at 0x004DB0C6"
DipEdit,0xA18,4,0,"?init@DipEdit@@QAEXH@Z: mov dword ptr [esi + 0xa18], 0x18e at 0x004DB0D0"
DipEdit,0xA1C,4,0,"?UNK1@DipEdit@@QAEXH@Z: mov eax, dword ptr [esi + 0xa1c] at 0x004DA778"
DipEdit,0xA20,4,0,"?on_selected@DipEdit@@QAEXH@Z: mov dword ptr [esi + 0xa20], eax at 0x004DA750"
DipEdit,0xA4C,4,0,"?init@DipEdit@@QAEXH@Z: mov eax, dword ptr [edi] at 0x004DB2C4"
DipEdit,0xA78,4,0,"?init@DipEdit@@QAEXH@Z: mov dword ptr [esi + 0xa78], eax at 0x004DB39C"
DipEdit,0x15A0,4,0,"?do_check@DipEdit@@QAEXXZ: mov ecx, dword ptr [edi] at 0x004DB055"
DipEdit,0x15B0,4,0,"?init@DipEdit@@QAEXH@Z: mov dword ptr [edi + 0x10], 0x779504 at 0x004DB457"
DipEdit,0x15B4,4,0,"?init@DipEdit@@QAEXH@Z: mov dword ptr [edi + 0x14], 0x779530 at 0x004DB45E"
DipEdit,0x20C8,4,0,"?init@DipEdit@@QAEXH@Z: mov eax, dword ptr [edi] at 0x004DB820"
DipEdit,0x250C,4,0,"??1DipEdit@@QAE@XZ: mov dword ptr [edi + 0x444], ebx at 0x004E232A"
DipEdit,0x2C14,4,0,"??1DipEdit@@QAE@XZ: mov dword ptr [edi], 0x669754 at 0x004E22F9"
DipEdit,0x3058,4,0,"??1DipEdit@@QAE@XZ: mov dword ptr [edi + 0x444], ebx at 0x004E22FF"
DipEdit,0x3760,4,0,"?init@DipEdit@@QAEXH@Z: mov eax, dword ptr [edi] at 0x004DB7B9"
DipEdit,0x3BA4,4,0,"??1DipEdit@@QAE@XZ: mov dword ptr [edi + 0x444], ebx at 0x004E22D4"
DipEdit,0x42AC,4,0,"?init@DipEdit@@QAEXH@Z: mov eax, dword ptr [edi] at 0x004DB752"
DipEdit,0x46F0,4,0,"??1DipEdit@@QAE@XZ: mov dword ptr [edi + 0x444], ebx at 0x004E22A9"
DipEdit,0x4DF8,4,0,"?init@DipEdit@@QAEXH@Z: mov eax, dword ptr [edi] at 0x004DB6EB"
DipEdit,0x523C,4,0,"??1DipEdit@@QAE@XZ: mov dword ptr [edi + 0x444], ebx at 0x004E227E"
DiploPop,0x0,4,0,"??0DiploPop@@QAE@XZ: mov dword ptr [esi], 0x66b478 at 0x0043F0AE"
DiploPop,0x16C,4,0,"?init@DiploPop@@QAEXXZ: mov dword ptr [esi + 0x16c], 0x1a at 0x00440B02"
DiploPop,0x444,4,0,"??0DiploPop@@QAE@XZ: mov dword ptr [esi + 0x444], 0x66b470 at 0x0043F0B4"
DiploPop,0x454,4,0,"?draw_info@DiploPop@@QAEXXZ: mov dword ptr [esi + 0x454], 0xf at 0x0043FACE"
DiploPop,0x474,4,0,"?init@DiploPop@@QAEXXZ: mov eax, dword ptr [edx] at 0x00440B68"
DiploPop,0x478,4,0,"?init@DiploPop@@QAEXXZ: mov ecx, dword ptr [edx + 4] at 0x00440B6D"
DiploPop,0x47C,4,0,"?init@DiploPop@@QAEXXZ: mov ecx, dword ptr [edx + 8] at 0x00440B79"
DiploPop,0x480,4,0,"?init@DiploPop@@QAEXXZ: mov edx, dword ptr [edx + 0xc] at 0x00440B80"
DiploPop,0x4C4,4,0,"?start@DiploPop@@QAEXH@Z: mov ecx, dword ptr [esi + 0x4c4] at 0x0043F2C1"
DiploPop,0x4C8,4,0,"?start@DiploPop@@QAEXH@Z: mov eax, dword ptr [esi + 0x4c8] at 0x0043F2BB"
DiploPop,0xA14,4,0,"??0DiploPop@@QAE@XZ: mov dword ptr [esi + 0xa14], 0x66a6e4 at 0x0043F021"
DiploPop,0xA18,4,0,"?init@DiploPop@@QAEXXZ: mov dword ptr [eax + 4], 4 at 0x00440A35"
DiploPop,0xA44,4,0,"?draw_portrait@DiploPop@@QAEXXZ: mov ecx, dword ptr [edi] at 0x0043F9BF"
DiploPop,0xA50,4,0,"?draw_portrait@DiploPop@@QAEXXZ: mov eax, dword ptr [edi + 0xc] at 0x0043F9CC"
DiploPop,0xA54,4,0,"?draw_portrait@DiploPop@@QAEXXZ: mov eax, dword ptr [edi + 0x10] at 0x0043F9C5"
DiploPop,0xA6C,4,0,"?draw_portrait@DiploPop@@QAEXXZ: mov eax, dword ptr [edi] at 0x0043F8D6"
DiploPop,0xA7C,4,0,"?draw_portrait@DiploPop@@QAEXXZ: mov edi, dword ptr [edi + 0x10] at 0x0043F8DC"
DiploPop,0xA94,4,0,"??0DiploPop@@QAE@XZ: mov dword ptr [esi + 0xa94], 0xffffffff at 0x0043F0C8"
DiploPop,0x1094,4,0,"?portrait_anim@DiploPop@@QAEXXZ: mov edx, dword ptr [esi + 0x1094] at 0x0043F199"
DiploPop,0x1098,4,0,"?portrait_anim@DiploPop@@QAEXXZ: mov eax, dword ptr [esi + 0x1098] at 0x0043F193"
DiploPop,0x15CC,1,0,"?start@DiploPop@@QAEXH@Z: mov byte ptr [ebx], 9 at 0x0043F46B"
DiploPop,0x1744,4,0,"?on_status@DiploPop@@QAEXH@Z: mov edx, dword ptr [ebx] at 0x004403B1"
DiploPop,0x1B78,4,0,"?bioscan_anim@DiploPop@@QAEXXZ: mov edx, dword ptr [ecx + 0x5ac] at 0x0043F1DC"
DiploPop,0x1B7C,4,0,"?bioscan_anim@DiploPop@@QAEXXZ: mov eax, dword ptr [ecx + 0x5b0] at 0x0043F1D6"
DiploPop,0x1FF0,4,0,"?start@DiploPop@@QAEXH@Z: mov eax, dword ptr [esi + 0x1ff0] at 0x0043F52B"
DiploPop,0x20B0,4,0,"?close@DiploPop@@QAEXXZ: mov dword ptr [esi + 0x20b0], 0 at 0x0043F121"
DiploPop,0x20B4,4,0,"?start@DiploPop@@QAEXH@Z: mov dword ptr [esi + 0x20b4], ecx at 0x0043F338"
DiploPop,0x20B8,4,0,"?start@DiploPop@@QAEXH@Z: mov dword ptr [esi + 0x20b8], 0x7d161c at 0x0043F313"
DiploPop,0x20BC,4,0,"?start@DiploPop@@QAEXH@Z: mov dword ptr [esi + 0x20bc], edx at 0x0043F34A"
DiploPop,0x20C0,4,0,"?start@DiploPop@@QAEXH@Z: mov dword ptr [esi + 0x20c0], eax at 0x0043F350"
DiploPop,0x20C4,4,0,"?draw_bioscan@DiploPop@@QAEXXZ: mov ecx, dword ptr [edi + 0x20c4] at 0x0043F606"
DiploPop,0x20C8,4,0,"?draw_bioscan@DiploPop@@QAEXXZ: mov edx, dword ptr [eax + 4] at 0x0043F60F"
DiploPop,0x20CC,4,0,"?draw_bioscan@DiploPop@@QAEXXZ: mov ecx, dword ptr [eax + 8] at 0x0043F615"
DiploPop,0x20D0,4,0,"?draw_bioscan@DiploPop@@QAEXXZ: mov edx, dword ptr [eax + 0xc] at 0x0043F620"
DiploPop,0x20D4,4,0,"?draw_bioscan@DiploPop@@QAEXXZ: mov eax, dword ptr [edx] at 0x0043F6EA"
DiploPop,0x20D8,4,0,"?draw_bioscan@DiploPop@@QAEXXZ: mov ecx, dword ptr [edx + 4] at 0x0043F6EF"
DiploPop,0x20DC,4,0,"?draw_bioscan@DiploPop@@QAEXXZ: mov eax, dword ptr [edx + 8] at 0x0043F6F5"
DiploPop,0x20E0,4,0,"?draw_bioscan@DiploPop@@QAEXXZ: mov ecx, dword ptr [edx + 0xc] at 0x0043F6FB"
DiploPop,0x20E4,4,0,"?start@DiploPop@@QAEXH@Z: mov edi, dword ptr [esi + 0x20e4] at 0x0043F47A"
DiploPop,0x20E8,4,0,"?start@DiploPop@@QAEXH@Z: mov ecx, dword ptr [esi + 0x20e8] at 0x0043F474"
DiploPop,0x20EC,4,0,"?draw_portrait@DiploPop@@QAEXXZ: mov ecx, dword ptr [eax + 8] at 0x0043F7B5"
DiploPop,0x20F0,4,0,"?start@DiploPop@@QAEXH@Z: mov eax, dword ptr [esi + 0x20f0] at 0x0043F46E"
DiploPop,0x20F4,4,0,"?draw_info@DiploPop@@QAEXXZ: mov ecx, dword ptr [edx] at 0x0043FAB0"
DiploPop,0x20F8,4,0,"?draw_info@DiploPop@@QAEXXZ: mov edi, dword ptr [edx + 4] at 0x0043FAB5"
DiploPop,0x20FC,4,0,"?draw_info@DiploPop@@QAEXXZ: mov eax, dword ptr [edx + 8] at 0x0043FABB"
DiploPop,0x2100,4,0,"?draw_info@DiploPop@@QAEXXZ: mov ebx, dword ptr [edx + 0xc] at 0x0043FAC0"
DiploPop,0x2104,4,0,"?init@DiploPop@@QAEXXZ: mov dword ptr [edx], ecx at 0x00440852"
DiploPop,0x2108,4,0,"?init@DiploPop@@QAEXXZ: mov dword ptr [edx + 4], ecx at 0x0044085A"
DiploPop,0x210C,4,0,"?init@DiploPop@@QAEXXZ: mov dword ptr [edx + 8], ecx at 0x00440863"
DiploPop,0x2110,4,0,"?init@DiploPop@@QAEXXZ: mov dword ptr [edx + 0xc], ecx at 0x0044086C"
DiploPop,0x2114,4,0,"?draw_hq@DiploPop@@QAEXXZ: mov ecx, dword ptr [eax] at 0x00440095"
DiploPop,0x2118,4,0,"?draw_hq@DiploPop@@QAEXXZ: mov edx, dword ptr [eax + 4] at 0x0044009A"
DiploPop,0x211C,4,0,"?draw_hq@DiploPop@@QAEXXZ: mov ecx, dword ptr [eax + 8] at 0x004400A0"
DiploPop,0x2120,4,0,"?draw_hq@DiploPop@@QAEXXZ: mov edx, dword ptr [eax + 0xc] at 0x004400A6"
DiploPop,0x2124,4,0,"?init@DiploPop@@QAEXXZ: mov dword ptr [esi + 0x2124], edi at 0x00440929"
DiploPop,0x2128,4,0,"?init@DiploPop@@QAEXXZ: mov dword ptr [eax + 4], ecx at 0x0044092F"
DiploPop,0x212C,4,0,"?init@DiploPop@@QAEXXZ: mov dword ptr [eax + 8], edx at 0x00440935"
DiploPop,0x2130,4,0,"?init@DiploPop@@QAEXXZ: mov dword ptr [eax + 0xc], ecx at 0x00440938"
DiploPop,0x2134,4,0,"?init@DiploPop@@QAEXXZ: mov dword ptr [esi + 0x2134], edi at 0x0044094C"
DiploPop,0x2138,4,0,"?init@DiploPop@@QAEXXZ: mov dword ptr [edi + 4], eax at 0x00440957"
DiploPop,0x213C,4,0,"?init@DiploPop@@QAEXXZ: mov dword ptr [edi + 8], edx at 0x00440963"
DiploPop,0x2140,4,0,"?init@DiploPop@@QAEXXZ: mov dword ptr [edi + 0xc], ecx at 0x00440966"
DiploPop,0x2144,4,0,"?init@DiploPop@@QAEXXZ: mov dword ptr [ecx], eax at 0x004407F3"
DiploPop,0x2148,4,0,"?init@DiploPop@@QAEXXZ: mov dword ptr [ecx + 4], edx at 0x004407F5"
DiploPop,0x214C,4,0,"?init@DiploPop@@QAEXXZ: mov dword ptr [ecx + 8], edx at 0x004407FB"
DiploPop,0x2150,4,0,"?init@DiploPop@@QAEXXZ: mov dword ptr [ecx + 0xc], edi at 0x004407FE"
DiploPop,0x2154,4,0,"??0DiploPop@@QAE@XZ: mov dword ptr [esi + 0x2154], 1 at 0x0043F0D2"
DiploPop,0x2158,4,0,"?init@DiploPop@@QAEXXZ: mov eax, dword ptr [edi] at 0x00440CE3"
DiploPop,0x2C20,4,0,"?init@DiploPop@@QAEXXZ: mov dword ptr [edi + 0xac8], 0x78d960 at 0x00440CA8"
DiploPop,0x2C24,4,0,"?init@DiploPop@@QAEXXZ: mov dword ptr [edi + 0xacc], 0x78d988 at 0x00440CB2"
DiploPop,0x2C28,4,0,"?init@DiploPop@@QAEXXZ: mov dword ptr [edi + 0xad0], 0x78d9b0 at 0x00440CBC"
DiploPop,0x4208,4,0,"?draw_hq@DiploPop@@QAEXXZ: mov eax, dword ptr [ebx + 0x4208] at 0x004400A9"
DiploWin,0x0,4,0,"?kill_offer@DiploWin@@QAEXHH@Z: mov edx, dword ptr [esi] at 0x0044147D"
DiploWin,0x16C,4,0,"?exec@DiploWin@@QAEXHH@Z: mov dword ptr [esi + 0x16c], 0x1a at 0x00444620"
DiploWin,0x444,4,0,"??0DiploWin@@QAE@XZ: mov dword ptr [esi + 0x444], 0x66b62c at 0x00445059"
DiploWin,0x698,4,0,"?on_status@DiploWin@@QAEXH@Z: mov edx, dword ptr [edi] at 0x00443CA1"
DiploWin,0xA14,4,0,"??0DiploWin@@QAE@XZ: mov dword ptr [esi + 0xa14], 0x66a6e4 at 0x00444FF1"
DiploWin,0xA18,4,0,"?exec@DiploWin@@QAEXHH@Z: mov dword ptr [eax + 4], 0xb at 0x00443F31"
DiploWin,0xA1C,4,0,"?on_button_clicked@DiploWin@@QAEXH@Z: mov ecx, dword ptr [edi + 0xa1c] at 0x00441835"
DiploWin,0xA20,4,0,"?on_button_clicked@DiploWin@@QAEXH@Z: mov dword ptr [edi + 0xa20], 0 at 0x004416E8"
DiploWin,0xA24,4,0,"?UNK2@DiploWin@@QAEXXZ: mov dword ptr [eax], ecx at 0x004413B8"
DiploWin,0xA28,4,0,"?UNK2@DiploWin@@QAEXXZ: mov dword ptr [eax + 4], ecx at 0x004413BA"
DiploWin,0xA2C,4,0,"?on_button_clicked@DiploWin@@QAEXH@Z: mov dword ptr [edi + 0xa2c], 2 at 0x004417C2"
DiploWin,0xA6C,4,0,"?on_button_clicked@DiploWin@@QAEXH@Z: mov edx, dword ptr [eax] at 0x00441851"
DiploWin,0xAB4,4,0,"?on_button_clicked@DiploWin@@QAEXH@Z: mov eax, dword ptr [edi + 0xab4] at 0x004418E9"
DiploWin,0xAB8,4,0,"?kill_offer@DiploWin@@QAEXHH@Z: mov eax, dword ptr [esi + 0xab8] at 0x00441402"
DiploWin,0xEDC,4,0,"?exec@DiploWin@@QAEXHH@Z: mov dword ptr [edi], 0 at 0x00443F82"
DiploWin,0xEE0,4,0,"?exec@DiploWin@@QAEXHH@Z: mov dword ptr [edi + 4], 0 at 0x00443F88"
DiploWin,0xEE4,4,0,"?exec@DiploWin@@QAEXHH@Z: mov dword ptr [edi + 8], 0x340 at 0x00443F8F"
DiploWin,0xEE8,4,0,"?exec@DiploWin@@QAEXHH@Z: mov dword ptr [edi + 0xc], ecx at 0x00443F96"
DiploWin,0xEEC,4,0,"?exec@DiploWin@@QAEXHH@Z: mov dword ptr [ebx], eax at 0x0044444A"
DiploWin,0xEF0,4,0,"?exec@DiploWin@@QAEXHH@Z: mov dword ptr [ebx + 4], ecx at 0x00444452"
DiploWin,0xEF4,4,0,"?exec@DiploWin@@QAEXHH@Z: mov dword ptr [ebx + 8], edx at 0x00444455"
DiploWin,0xEF8,4,0,"?exec@DiploWin@@QAEXHH@Z: mov dword ptr [ebx + 0xc], edx at 0x0044445B"
DiploWin,0xEFC,4,0,"?exec@DiploWin@@QAEXHH@Z: mov dword ptr [ebx], eax at 0x00444476"
DiploWin,0xF00,4,0,"?exec@DiploWin@@QAEXHH@Z: mov dword ptr [ebx + 4], ecx at 0x0044447B"
DiploWin,0xF04,4,0,"?exec@DiploWin@@QAEXHH@Z: mov dword ptr [ebx + 8], eax at 0x00444481"
DiploWin,0xF08,4,0,"?exec@DiploWin@@QAEXHH@Z: mov dword ptr [ebx + 0xc], ecx at 0x00444484"
DiploWin,0xF0C,4,0,"?exec@DiploWin@@QAEXHH@Z: mov dword ptr [ebx], eax at 0x004444B9"
DiploWin,0xF10,4,0,"?exec@DiploWin@@QAEXHH@Z: mov dword ptr [ebx + 4], ecx at 0x004444BE"
DiploWin,0xF14,4,0,"?exec@DiploWin@@QAEXHH@Z: mov dword ptr [ebx + 8], edx at 0x004444C1"
DiploWin,0xF18,4,0,"?exec@DiploWin@@QAEXHH@Z: mov dword ptr [ebx + 0xc], edx at 0x004444C7"
DiploWin,0xF1C,4,0,"?exec@DiploWin@@QAEXHH@Z: mov dword ptr [ebx], eax at 0x004444E2"
DiploWin,0xF20,4,0,"?exec@DiploWin@@QAEXHH@Z: mov dword ptr [ebx + 4], ecx at 0x004444E7"
DiploWin,0xF24,4,0,"?exec@DiploWin@@QAEXHH@Z: mov dword ptr [ebx + 8], eax at 0x004444ED"
DiploWin,0xF28,4,0,"?exec@DiploWin@@QAEXHH@Z: mov dword ptr [ebx + 0xc], ecx at 0x004444F0"
DiploWin,0xF2C,4,0,"?exec@DiploWin@@QAEXHH@Z: mov dword ptr [esi + 0xf2c], eax at 0x004445C9"
DiploWin,0xF30,4,0,"?exec@DiploWin@@QAEXHH@Z: mov dword ptr [edx + 4], ecx at 0x004445D2"
DiploWin,0xF34,4,0,"?exec@DiploWin@@QAEXHH@Z: mov dword ptr [edx + 8], eax at 0x004445D8"
DiploWin,0xF38,4,0,"?exec@DiploWin@@QAEXHH@Z: mov dword ptr [edx + 0xc], ecx at 0x004445DB"
DiploWin,0xF3C,4,0,"?exec@DiploWin@@QAEXHH@Z: mov dword ptr [edx], eax at 0x004445A6"
DiploWin,0xF40,4,0,"?exec@DiploWin@@QAEXHH@Z: mov dword ptr [edx + 4], ecx at 0x004445A8"
DiploWin,0xF44,4,0,"?exec@DiploWin@@QAEXHH@Z: mov dword ptr [edx + 8], ecx at 0x004445AE"
DiploWin,0xF48,4,0,"?exec@DiploWin@@QAEXHH@Z: mov dword ptr [edx + 0xc], ecx at 0x004445B4"
DiploWin,0xF4C,4,0,"?on_redraw@DiploWin@@QAEXXZ: mov edx, dword ptr [ebx] at 0x004439C4"
DiploWin,0xF50,4,0,"?on_redraw@DiploWin@@QAEXXZ: mov eax, dword ptr [ebx + 4] at 0x004439C1"
DiploWin,0xF54,4,0,"?on_redraw@DiploWin@@QAEXXZ: mov ecx, dword ptr [ebx + 8] at 0x004439C6"
DiploWin,0xF58,4,0,"?on_redraw@DiploWin@@QAEXXZ: mov edx, dword ptr [ebx + 0xc] at 0x004439CF"
DiploWin,0xF5C,4,0,"?draw_who@DiploWin@@QAEXXZ: mov ecx, dword ptr [eax] at 0x00442B79"
DiploWin,0xF60,4,0,"?draw_who@DiploWin@@QAEXXZ: mov edx, dword ptr [eax + 4] at 0x00442B7E"
DiploWin,0xF64,4,0,"?draw_who@DiploWin@@QAEXXZ: mov ecx, dword ptr [eax + 8] at 0x00442B84"
DiploWin,0xF68,4,0,"?draw_who@DiploWin@@QAEXXZ: mov edx, dword ptr [eax + 0xc] at 0x00442B8C"
DiploWin,0xF6C,4,0,"?draw_whom@DiploWin@@QAEXXZ: mov ecx, dword ptr [eax] at 0x00442F29"
DiploWin,0xF70,4,0,"?draw_whom@DiploWin@@QAEXXZ: mov edx, dword ptr [eax + 4] at 0x00442F2E"
DiploWin,0xF74,4,0,"?draw_whom@DiploWin@@QAEXXZ: mov ecx, dword ptr [eax + 8] at 0x00442F34"
DiploWin,0xF78,4,0,"?draw_whom@DiploWin@@QAEXXZ: mov edx, dword ptr [eax + 0xc] at 0x00442F3C"
DiploWin,0xF7C,4,0,"?draw_who@DiploWin@@QAEXXZ: mov ecx, dword ptr [eax] at 0x00442AF9"
DiploWin,0xF80,4,0,"?draw_who@DiploWin@@QAEXXZ: mov edx, dword ptr [eax + 4] at 0x00442AFE"
DiploWin,0xF84,4,0,"?draw_who@DiploWin@@QAEXXZ: mov ecx, dword ptr [eax + 8] at 0x00442B04"
DiploWin,0xF88,4,0,"?draw_who@DiploWin@@QAEXXZ: mov edx, dword ptr [eax + 0xc] at 0x00442B0C"
DiploWin,0xF8C,4,0,"?draw_whom@DiploWin@@QAEXXZ: mov ecx, dword ptr [eax] at 0x00442EA9"
DiploWin,0xF90,4,0,"?draw_whom@DiploWin@@QAEXXZ: mov edx, dword ptr [eax + 4] at 0x00442EAE"
DiploWin,0xF94,4,0,"?draw_whom@DiploWin@@QAEXXZ: mov ecx, dword ptr [eax + 8] at 0x00442EB4"
DiploWin,0xF98,4,0,"?draw_whom@DiploWin@@QAEXXZ: mov edx, dword ptr [eax + 0xc] at 0x00442EBC"
DiploWin,0xF9C,4,0,"?on_redraw@DiploWin@@QAEXXZ: mov ecx, dword ptr [eax] at 0x0044382E"
DiploWin,0xFA0,4,0,"?on_redraw@DiploWin@@QAEXXZ: mov edx, dword ptr [eax + 4] at 0x00443833"
DiploWin,0xFA4,4,0,"?on_redraw@DiploWin@@QAEXXZ: mov ecx, dword ptr [eax + 8] at 0x00443839"
DiploWin,0xFA8,4,0,"?on_redraw@DiploWin@@QAEXXZ: mov edx, dword ptr [eax + 0xc] at 0x00443841"
DiploWin,0xFAC,4,0,"?on_redraw@DiploWin@@QAEXXZ: mov ecx, dword ptr [eax] at 0x004438E6"
DiploWin,0xFB0,4,0,"?on_redraw@DiploWin@@QAEXXZ: mov edx, dword ptr [eax + 4] at 0x004438EB"
DiploWin,0xFB4,4,0,"?on_redraw@DiploWin@@QAEXXZ: mov ecx, dword ptr [eax + 8] at 0x004438F1"
DiploWin,0xFB8,4,0,"?on_redraw@DiploWin@@QAEXXZ: mov edx, dword ptr [eax + 0xc] at 0x004438F9"
DiploWin,0xFBC,4,0,"?on_redraw@DiploWin@@QAEXXZ: mov edx, dword ptr [ecx] at 0x00443913"
DiploWin,0xFC0,4,0,"?on_redraw@DiploWin@@QAEXXZ: mov eax, dword ptr [ecx + 4] at 0x00443918"
DiploWin,0xFC4,4,0,"?on_redraw@DiploWin@@QAEXXZ: mov edx, dword ptr [ecx + 8] at 0x0044391E"
DiploWin,0xFC8,4,0,"?on_redraw@DiploWin@@QAEXXZ: mov eax, dword ptr [ecx + 0xc] at 0x00443924"
DiploWin,0xFCC,4,0,"?on_redraw@DiploWin@@QAEXXZ: mov edx, dword ptr [ecx] at 0x0044399F"
DiploWin,0xFD0,4,0,"?on_redraw@DiploWin@@QAEXXZ: mov eax, dword ptr [ecx + 4] at 0x004439A4"
DiploWin,0xFD4,4,0,"?on_redraw@DiploWin@@QAEXXZ: mov edx, dword ptr [ecx + 8] at 0x004439AA"
DiploWin,0xFD8,4,0,"?on_redraw@DiploWin@@QAEXXZ: mov eax, dword ptr [ecx + 0xc] at 0x004439B0"
DiploWin,0xFDC,4,0,"?exec@DiploWin@@QAEXHH@Z: mov eax, dword ptr [ebx - 4] at 0x004447BE"
DiploWin,0xFE0,4,0,"?exec@DiploWin@@QAEXHH@Z: mov ecx, dword ptr [ebx] at 0x004447B1"
DiploWin,0xFE4,4,0,"?exec@DiploWin@@QAEXHH@Z: mov edx, dword ptr [ebx + 4] at 0x004447C2"
DiploWin,0xFE8,4,0,"?exec@DiploWin@@QAEXHH@Z: mov edx, dword ptr [ebx + 8] at 0x004447B3"
DiploWin,0xFFC,4,0,"?exec@DiploWin@@QAEXHH@Z: mov dword ptr [esi + 0xffc], ecx at 0x004440E0"
DiploWin,0x1000,4,0,"?exec@DiploWin@@QAEXHH@Z: mov dword ptr [edx + 4], ebx at 0x004440E6"
DiploWin,0x1004,4,0,"?exec@DiploWin@@QAEXHH@Z: mov dword ptr [edx + 8], eax at 0x004440EC"
DiploWin,0x1008,4,0,"?exec@DiploWin@@QAEXHH@Z: mov dword ptr [edx + 0xc], ebx at 0x004440EF"
DiploWin,0x100C,4,0,"?exec@DiploWin@@QAEXHH@Z: mov dword ptr [esi + 0x100c], ecx at 0x00444106"
DiploWin,0x1010,4,0,"?exec@DiploWin@@QAEXHH@Z: mov dword ptr [edx + 4], ebx at 0x0044410C"
DiploWin,0x1014,4,0,"?exec@DiploWin@@QAEXHH@Z: mov dword ptr [edx + 8], eax at 0x00444112"
DiploWin,0x1018,4,0,"?exec@DiploWin@@QAEXHH@Z: mov dword ptr [edx + 0xc], ebx at 0x00444115"
DiploWin,0x101C,4,0,"?exec@DiploWin@@QAEXHH@Z: mov dword ptr [esi + 0x101c], ecx at 0x00444129"
DiploWin,0x1020,4,0,"?exec@DiploWin@@QAEXHH@Z: mov dword ptr [ecx + 4], edx at 0x00444134"
DiploWin,0x1024,4,0,"?exec@DiploWin@@QAEXHH@Z: mov dword ptr [ecx + 8], eax at 0x0044413A"
DiploWin,0x1028,4,0,"?exec@DiploWin@@QAEXHH@Z: mov dword ptr [ecx + 0xc], ebx at 0x0044413D"
DiploWin,0x102C,4,0,"?exec@DiploWin@@QAEXHH@Z: mov dword ptr [edx], eax at 0x0044423C"
DiploWin,0x1030,4,0,"?exec@DiploWin@@QAEXHH@Z: mov dword ptr [edx + 4], ebx at 0x0044423E"
DiploWin,0x1034,4,0,"?exec@DiploWin@@QAEXHH@Z: mov dword ptr [edx + 8], ecx at 0x00444244"
DiploWin,0x1038,4,0,"?exec@DiploWin@@QAEXHH@Z: mov dword ptr [edx + 0xc], ebx at 0x00444247"
DiploWin,0x103C,4,0,"?exec@DiploWin@@QAEXHH@Z: mov dword ptr [ebx], eax at 0x00444263"
DiploWin,0x1040,4,0,"?exec@DiploWin@@QAEXHH@Z: mov dword ptr [ebx + 4], edx at 0x00444265"
DiploWin,0x1044,4,0,"?exec@DiploWin@@QAEXHH@Z: mov dword ptr [ebx + 8], ecx at 0x0044426B"
DiploWin,0x1048,4,0,"?exec@DiploWin@@QAEXHH@Z: mov dword ptr [ebx + 0xc], edx at 0x0044426E"
DiploWin,0x104C,4,0,"?exec@DiploWin@@QAEXHH@Z: mov dword ptr [edx], ecx at 0x00444179"
DiploWin,0x1050,4,0,"?exec@DiploWin@@QAEXHH@Z: mov dword ptr [edx + 4], ebx at 0x0044417F"
DiploWin,0x1054,4,0,"?exec@DiploWin@@QAEXHH@Z: mov dword ptr [edx + 8], ebx at 0x00444187"
DiploWin,0x1058,4,0,"?exec@DiploWin@@QAEXHH@Z: mov dword ptr [edx + 0xc], ebx at 0x0044418D"
DiploWin,0x105C,4,0,"?exec@DiploWin@@QAEXHH@Z: mov dword ptr [edx], ebx at 0x004441A5"
DiploWin,0x106C,4,0,"?exec@DiploWin@@QAEXHH@Z: mov dword ptr [ebx], eax at 0x0044428A"
DiploWin,0x1070,4,0,"?exec@DiploWin@@QAEXHH@Z: mov dword ptr [ebx + 4], edx at 0x0044428C"
DiploWin,0x1074,4,0,"?exec@DiploWin@@QAEXHH@Z: mov dword ptr [ebx + 8], ecx at 0x00444292"
DiploWin,0x1078,4,0,"?exec@DiploWin@@QAEXHH@Z: mov dword ptr [ebx + 0xc], edx at 0x00444295"
DiploWin,0x107C,4,0,"?exec@DiploWin@@QAEXHH@Z: mov dword ptr [ebx], eax at 0x004442AB"
DiploWin,0x1080,4,0,"?exec@DiploWin@@QAEXHH@Z: mov dword ptr [ebx + 4], edx at 0x004442B9"
DiploWin,0x1084,4,0,"?exec@DiploWin@@QAEXHH@Z: mov dword ptr [ebx + 8], ecx at 0x004442C2"
DiploWin,0x1088,4,0,"?exec@DiploWin@@QAEXHH@Z: mov dword ptr [ebx + 0xc], ecx at 0x004442D1"
DiploWin,0x108C,4,0,"?exec@DiploWin@@QAEXHH@Z: mov dword ptr [edx], ebx at 0x004441D6"
DiploWin,0x109C,4,0,"?exec@DiploWin@@QAEXHH@Z: mov dword ptr [esi + 0x109c], ebx at 0x00444204"
DiploWin,0x10AC,4,0,"?exec@DiploWin@@QAEXHH@Z: mov edx, dword ptr [edi] at 0x004447F7"
DiploWin,0x1B74,4,0,"?exec@DiploWin@@QAEXHH@Z: mov dword ptr [edi + 0xac8], 0x78d960 at 0x0044481A"
DiploWin,0x1B78,4,0,"?exec@DiploWin@@QAEXHH@Z: mov dword ptr [edi + 0xacc], 0x78d988 at 0x00444824"
DiploWin,0x1B7C,4,0,"?exec@DiploWin@@QAEXHH@Z: mov dword ptr [edi + 0xad0], 0x78d9b0 at 0x0044482E"
DiploWin,0x9974,4,0,"?on_status@DiploWin@@QAEXH@Z: mov eax, dword ptr [esi + 0x9974] at 0x00443CCD"
DiploWin,0xA388,4,0,"??1DiploWin@@QAE@XZ: mov dword ptr [edi], 0x66adc8 at 0x00444E44"
DiploWin,0xA7CC,4,0,"??1DiploWin@@QAE@XZ: mov dword ptr [edi + 0x444], 0x66adc0 at 0x00444E4A"
DiploWin,0xA7D8,4,0,"?exec@DiploWin@@QAEXHH@Z: mov dword ptr [esi + 0xa7d8], 0x4412a0 at 0x0044468C"
DiploWin,0xADA0,4,0,"?exec@DiploWin@@QAEXHH@Z: mov dword ptr [esi + 0xada0], 0x64 at 0x004446A1"
DiploWin,0xADA8,4,0,"??1DiploWin@@QAE@XZ: mov dword ptr [ebx], 0x669d58 at 0x00444EDB"
DiploWin,0xB1EC,4,0,"??1DiploWin@@QAE@XZ: mov dword ptr [ebx + 0x444], 0x669d50 at 0x00444EE1"
DiploWin,0xB854,4,0,"??1DiploWin@@QAE@XZ: mov dword ptr [ecx], 0x669754 at 0x00444F2D"
DiploWin,0xBC98,4,0,"??1DiploWin@@QAE@XZ: mov dword ptr [ecx + 0x444], 0x66974c at 0x00444F33"
DiploWin,0xC3A0,4,0,"??1DiploWin@@QAE@XZ: mov dword ptr [ecx], 0x669754 at 0x00444EFF"
DiploWin,0xC7E4,4,0,"??1DiploWin@@QAE@XZ: mov dword ptr [ecx + 0x444], 0x66974c at 0x00444F05"
DiploWin,0xCEF8,4,0,"??1DiploWin@@QAE@XZ: mov dword ptr [ecx], 0x6698c4 at 0x00444E6B"
DiploWin,0xCEFC,4,0,"??1DiploWin@@QAE@XZ: mov eax, dword ptr [ebx - 0x24] at 0x00444E71"
DiploWin,0xCF0C,4,0,"??1DiploWin@@QAE@XZ: mov dword ptr [ebx - 0x14], 0 at 0x00444E8B"
DiploWin,0xCF20,4,0,"??1DiploWin@@QAE@XZ: mov dword ptr [edi + 0x2b98], 0x6693ac at 0x00444ECB"
DiploWin,0xCF24,4,0,"??1DiploWin@@QAE@XZ: mov ecx, dword ptr [edi + 0x2b9c] at 0x00444EC5"
DiploWin,0xD068,4,0,"?on_status@DiploWin@@QAEXH@Z: mov edx, dword ptr [esi + 0xd068] at 0x00443CDE"
DiploWin,0xDA7C,4,0,"?on_key_down@DiploWin@@QAEHH@Z: mov edx, dword ptr [ecx + 0xda7c] at 0x00442570"
DiploWin,0xDB14,4,0,"?exec@DiploWin@@QAEXHH@Z: mov edx, dword ptr [esi + 0xdb14] at 0x004446D4"
DiploWin,0xDEC0,4,0,"??1DiploWin@@QAE@XZ: mov dword ptr [edi + 0x444], 0x66a030 at 0x00444DE9"
DiploWin,0xE590,4,0,"?exec@DiploWin@@QAEXHH@Z: mov dword ptr [esi + 0xe590], 0x80 at 0x0044474A"
DiploWin,0xE598,4,0,"?exec@DiploWin@@QAEXHH@Z: mov dword ptr [esi + 0xe598], 9 at 0x004446EA"
DiploWin,0xE59C,4,0,"?exec@DiploWin@@QAEXHH@Z: mov dword ptr [esi + 0xe59c], 0x41 at 0x00444720"
DiploWin,0xE5A0,4,0,"?exec@DiploWin@@QAEXHH@Z: mov dword ptr [esi + 0xe5a0], ecx at 0x00444744"
DiploWin,0xE5AC,4,0,"?exec@DiploWin@@QAEXHH@Z: mov dword ptr [esi + 0xe5ac], 0 at 0x004446F4"
EditBox,0x0,4,0,"??1EditBox@@QAE@XZ: mov dword ptr [esi], 0x66a038 at 0x0040802F"
EditBox,0xC4,4,0,"?pass_dialog_focus@EditBox@@QAEXXZ: mov eax, dword ptr [ecx + 0xc4] at 0x00616140"
EditBox,0x444,4,0,"??1EditBox@@QAE@XZ: mov dword ptr [esi + 0x444], 0x66a030 at 0x00408035"
EditBox,0x474,4,0,"?on_redraw@EditBox@@QAEXXZ: mov edx, dword ptr [ecx] at 0x006152DC"
EditBox,0x478,4,0,"?on_redraw@EditBox@@QAEXXZ: mov eax, dword ptr [ecx + 4] at 0x006152E2"
EditBox,0x47C,4,0,"?on_redraw@EditBox@@QAEXXZ: mov edx, dword ptr [ecx + 8] at 0x006152E9"
EditBox,0x480,4,0,"?on_redraw@EditBox@@QAEXXZ: mov eax, dword ptr [ecx + 0xc] at 0x006152F0"
EditBox,0x4C4,4,0,"?text_fits@EditBox@@QAEHXZ: mov edi, dword ptr [esi + 0x4c4] at 0x00615FA8"
EditBox,0x4C8,4,0,"?on_redraw@EditBox@@QAEXXZ: mov ebx, dword ptr [esi + 0x4c8] at 0x00615389"
EditBox,0x980,4,0,"?on_redraw@EditBox@@QAEXXZ: mov eax, dword ptr [esi + 0x980] at 0x006153E7"
EditBox,0xA14,1,0,"??0EditBox@@QAE@XZ: mov byte ptr [esi + 0xa14], bl at 0x00614E94"
EditBox,0xB14,4,0,"??0EditBox@@QAE@XZ: mov dword ptr [esi + 0xb14], 0xa at 0x00614E9A"
EditBox,0xB18,4,0,"??0EditBox@@QAE@XZ: mov dword ptr [esi + 0xb18], ebx at 0x00614F11"
EditBox,0xB1C,4,0,"??0EditBox@@QAE@XZ: mov dword ptr [esi + 0xb1c], ecx at 0x00614ED8"
EditBox,0xB20,4,0,"??0EditBox@@QAE@XZ: mov dword ptr [esi + 0xb20], edx at 0x00614EE8"
EditBox,0xB24,4,0,"??0EditBox@@QAE@XZ: mov dword ptr [esi + 0xb24], eax at 0x00614EF9"
EditBox,0xB28,4,0,"??0EditBox@@QAE@XZ: mov dword ptr [esi + 0xb28], eax at 0x00614EA9"
EditBox,0xB2C,4,0,"??0EditBox@@QAE@XZ: mov dword ptr [esi + 0xb2c], ecx at 0x00614EB5"
EditBox,0xB30,4,0,"??0EditBox@@QAE@XZ: mov dword ptr [esi + 0xb30], edx at 0x00614EC1"
EditBox,0xB34,4,0,"??0EditBox@@QAE@XZ: mov dword ptr [esi + 0xb34], eax at 0x00614ECC"
EditBox,0xB38,1,0,"?on_key_down@EditBox@@QAEHH@Z: test byte ptr [esi + 0xb38], dl at 0x0061589D"
EditBox,0xB38,4,0,"??0EditBox@@QAE@XZ: mov dword ptr [esi + 0xb38], ebx at 0x00614EF3"
EditBox,0xB3C,1,0,"?on_redraw@EditBox@@QAEXXZ: test byte ptr [esi + 0xb3c], 2 at 0x0061527C"
EditBox,0xB3C,4,0,"??0EditBox@@QAE@XZ: mov dword ptr [esi + 0xb3c], ebx at 0x00614F17"
EditBox,0xB40,4,0,"??0EditBox@@QAE@XZ: mov dword ptr [esi + 0xb40], ebx at 0x00614EFF"
EditBox,0xB44,4,0,"??0EditBox@@QAE@XZ: mov dword ptr [esi + 0xb44], ebx at 0x00614F05"
EditBox,0xB48,4,0,"??0EditBox@@QAE@XZ: mov dword ptr [esi + 0xb48], ebx at 0x00614F0B"
EditGroup,0x0,4,0,"??0EditGroup@@QAE@H@Z: mov dword ptr [esi], 0x670a3c at 0x00611974"
EditGroup,0x4,4,0,"??0EditGroup@@QAE@H@Z: mov dword ptr [eax - 0x28], edi at 0x006119E6"
EditGroup,0x2C,4,0,"??0EditGroup@@QAE@H@Z: mov dword ptr [eax], edi at 0x006119E9"
EditGroup,0x54,4,0,"??0EditGroup@@QAE@H@Z: mov dword ptr [eax + 0x28], edx at 0x006119EB"
EditGroup,0x84,4,0,"??0EditGroup@@QAE@H@Z: mov dword ptr [esi + 0x84], edx at 0x006119FE"
Effect,0x0,4,0,"?init@Effect@@QAEXPADJ@Z: mov eax, dword ptr [edi] at 0x00445CB5"
ExternalContextBase,0x0,4,0,"?SpinYield@ExternalContextBase@details@Concurrency@@UAEXXZ: mov eax, dword ptr [ecx] at 0x00447D10"
FX,0x0,4,0,"?play@FX@@QAEXHHH@Z: mov eax, dword ptr [edi] at 0x004469AD"
FX,0x58,4,0,"?play@FX@@QAEXHHH@Z: mov eax, dword ptr [edi + 0x58] at 0x004469BA"
FX,0x1B0,4,0,"?init@FX@@QAEXXZ: mov edx, dword ptr [edi] at 0x0044602B"
FX,0x28EC,4,0,"?init@FX@@QAEXXZ: mov dword ptr [ebx + 0x28ec], 0xffffffff at 0x00445CD9"
FactionAmbience,0x0,4,0,"??0FactionAmbience@@QAE@XZ: mov dword ptr [esi], 0x66c0f8 at 0x004471FA"
FactionAmbience,0x58,4,0,"??0FactionAmbience@@QAE@XZ: mov dword ptr [esi + 0x58], eax at 0x00447200"
FactionAmbience,0x5C,4,0,"??0FactionAmbience@@QAE@XZ: mov dword ptr [esi + 0x5c], eax at 0x00447203"
FactionAmbience,0x60,4,0,"??0FactionAmbience@@QAE@XZ: mov dword ptr [esi + 0x60], eax at 0x00447206"
FactionAmbience,0x64,4,0,"??0FactionAmbience@@QAE@XZ: mov dword ptr [esi + 0x64], eax at 0x00447209"
FactionAmbience,0x68,4,0,"??0FactionAmbience@@QAE@XZ: mov dword ptr [esi + 0x68], eax at 0x00447212"
FactionAmbience,0x6C,1,0,"??0FactionAmbience@@QAE@XZ: mov byte ptr [esi + 0x6c], al at 0x0044720C"
FactionAmbience,0x6D,1,0,"??0FactionAmbience@@QAE@XZ: mov byte ptr [esi + 0x6d], al at 0x0044720F"
FameWin,0x0,4,0,"?close@FameWin@@QAEXXZ: mov eax, dword ptr [esi] at 0x00448D6E"
FameWin,0x444,4,0,"??0FameWin@@QAE@XZ: mov dword ptr [esi + 0x444], 0x66c260 at 0x0044B2DB"
FameWin,0xA14,4,0,"?init@FameWin@@QAEHXZ: mov dword ptr [esi + 0xa14], edi at 0x0044848B"
FameWin,0xA18,4,0,"?init@FameWin@@QAEHXZ: mov dword ptr [esi + 0xa18], edi at 0x00448491"
FameWin,0xA1C,4,0,"?init@FameWin@@QAEHXZ: mov dword ptr [esi + 0xa1c], 0x320 at 0x0044843B"
FameWin,0xA20,4,0,"?init@FameWin@@QAEHXZ: mov dword ptr [esi + 0xa20], 0x258 at 0x00448445"
FameWin,0xA24,4,0,"?init@FameWin@@QAEHXZ: mov dword ptr [esi + 0xa24], edi at 0x00448498"
FameWin,0xA28,4,0,"?init@FameWin@@QAEHXZ: mov dword ptr [esi + 0xa28], edi at 0x0044849E"
FameWin,0xA2C,4,0,"?init@FameWin@@QAEHXZ: mov dword ptr [esi + 0xa2c], ecx at 0x004484A4"
FameWin,0xA30,4,0,"?init@FameWin@@QAEHXZ: mov dword ptr [esi + 0xa30], eax at 0x004484AA"
FameWin,0xA34,4,0,"?on_redraw@FameWin@@QAEXXZ: mov dword ptr [edx], ecx at 0x0044A1B3"
FameWin,0xA38,4,0,"?on_redraw@FameWin@@QAEXXZ: mov dword ptr [edx + 4], ecx at 0x0044A1B8"
FameWin,0xA3C,4,0,"?on_redraw@FameWin@@QAEXXZ: mov dword ptr [edx + 8], ecx at 0x0044A1BE"
FameWin,0xA40,4,0,"?on_redraw@FameWin@@QAEXXZ: mov dword ptr [edx + 0xc], eax at 0x0044A1C7"
FameWin,0xA44,4,0,"?init@FameWin@@QAEHXZ: mov dword ptr [esi + 0xa44], eax at 0x00448552"
FameWin,0xA48,4,0,"?init@FameWin@@QAEHXZ: mov dword ptr [esi + 0xa48], eax at 0x00448460"
FameWin,0xA4C,4,0,"?try_to_add_me@FameWin@@QAEXXZ: mov dword ptr [esi + 0xa4c], eax at 0x0044A689"
FameWin,0xA5C,4,0,"?on_redraw@FameWin@@QAEXXZ: mov eax, dword ptr [ebx] at 0x00448E96"
FameWin,0x59F4,4,0,"?on_redraw@FameWin@@QAEXXZ: mov ebx, dword ptr [esi + 0x59f4] at 0x00448EBF"
FameWin,0x5A04,4,0,"?on_redraw@FameWin@@QAEXXZ: mov edx, dword ptr [ebx] at 0x00448E71"
FameWin,0x64BC,4,0,"?on_redraw@FameWin@@QAEXXZ: mov dword ptr [ebx + 0xab8], 0xffffffff at 0x00449FCB"
FameWin,0x9DCC,4,0,"?on_redraw@FameWin@@QAEXXZ: mov edx, dword ptr [esi + 0x9dcc] at 0x00448EAE"
FameWin,0xA210,4,0,"??1FameWin@@QAE@XZ: mov dword ptr [edi + 0x444], 0x66974c at 0x0044B16B"
FameWin,0xA918,4,0,"?on_redraw@FameWin@@QAEXXZ: mov eax, dword ptr [esi + 0xa918] at 0x00448EC5"
FameWin,0xB42C,4,0,"?init@FameWin@@QAEHXZ: mov dword ptr [esi + 0xb42c], 0x1e at 0x0044858A"
FameWin,0xB430,4,0,"?init@FameWin@@QAEHXZ: mov dword ptr [esi + 0xb430], 0x10e at 0x00448594"
FameWin,0xB434,4,0,"?init@FameWin@@QAEHXZ: mov dword ptr [esi + 0xb434], 0x123 at 0x0044859E"
FameWin,0xB438,4,0,"?init@FameWin@@QAEHXZ: mov dword ptr [esi + 0xb438], 0x147 at 0x004485A8"
FameWin,0xB43C,4,0,"?init@FameWin@@QAEHXZ: mov dword ptr [esi + 0xb43c], 0x12f at 0x004485B2"
FameWin,0xB440,4,0,"?init@FameWin@@QAEHXZ: mov dword ptr [esi + 0xb440], eax at 0x004485BC"
FameWin,0xB444,4,0,"?init@FameWin@@QAEHXZ: mov dword ptr [esi + 0xb444], 0x21d at 0x004485C2"
FameWin,0xB448,4,0,"?init@FameWin@@QAEHXZ: mov dword ptr [esi + 0xb448], 0x183 at 0x004485CC"
FameWin,0xB44C,4,0,"?init@FameWin@@QAEHXZ: mov dword ptr [esi + 0xb44c], 0x228 at 0x004485D6"
FameWin,0xB450,4,0,"?init@FameWin@@QAEHXZ: mov dword ptr [esi + 0xb450], eax at 0x004485E0"
FameWin,0xB454,4,0,"?init@FameWin@@QAEHXZ: mov dword ptr [esi + 0xb454], 0x2fa at 0x004485E6"
FameWin,0xB458,4,0,"?init@FameWin@@QAEHXZ: mov dword ptr [esi + 0xb458], 0x21f at 0x004485F0"
FameWin,0xB45C,4,0,"?init@FameWin@@QAEHXZ: mov dword ptr [esi + 0xb45c], 0x15 at 0x004485FA"
FameWin,0xB460,4,0,"?init@FameWin@@QAEHXZ: mov dword ptr [esi + 0xb460], 0x7b at 0x00448604"
FameWin,0xB464,4,0,"?init@FameWin@@QAEHXZ: mov dword ptr [esi + 0xb464], 0x303 at 0x0044860E"
FameWin,0xB468,4,0,"?init@FameWin@@QAEHXZ: mov dword ptr [esi + 0xb468], 0xed at 0x00448618"
FameWin,0xB46C,4,0,"?init@FameWin@@QAEHXZ: mov dword ptr [esi + 0xb46c], 0x4c at 0x00448622"
FameWin,0xB470,4,0,"?init@FameWin@@QAEHXZ: mov dword ptr [esi + 0xb470], 0x27 at 0x0044862C"
FameWin,0xB474,4,0,"?init@FameWin@@QAEHXZ: mov dword ptr [esi + 0xb474], 0x2d4 at 0x00448636"
FameWin,0xB478,4,0,"?init@FameWin@@QAEHXZ: mov dword ptr [esi + 0xb478], ebx at 0x00448640"
FameWin,0xB47C,4,0,"?init@FameWin@@QAEHXZ: mov dword ptr [esi + 0xb47c], 0x128 at 0x00448646"
FameWin,0xB480,4,0,"?init@FameWin@@QAEHXZ: mov dword ptr [esi + 0xb480], 0x187 at 0x00448650"
FameWin,0xB484,4,0,"?init@FameWin@@QAEHXZ: mov dword ptr [esi + 0xb484], 0x224 at 0x0044865A"
FameWin,0xB488,4,0,"?init@FameWin@@QAEHXZ: mov dword ptr [esi + 0xb488], 0x248 at 0x00448664"
FileBox,0x0,1,0,"??0FileBox@@QAE@XZ: mov byte ptr [eax], dl at 0x00634BF6"
FileBox,0x104,1,0,"??0FileBox@@QAE@XZ: mov byte ptr [eax + 0x104], dl at 0x00634BFA"
FileBox,0x208,1,0,"??0FileBox@@QAE@XZ: mov byte ptr [eax + 0x208], dl at 0x00634C00"
FileBox,0x30C,1,0,"??0FileBox@@QAE@XZ: mov byte ptr [ecx], dl at 0x00634BF8"
FileBox,0x30D,1,0,"??0FileBox@@QAE@XZ: mov byte ptr [eax + 0x30d], dl at 0x00634BEA"
FileBox,0x410,4,0,"??0FileBox@@QAE@XZ: mov dword ptr [eax + 0x410], ecx at 0x00634BF0"
FileBox,0x414,1,0,"??0FileBox@@QAE@XZ: mov byte ptr [eax + 0x414], dl at 0x00634C06"
FileBox,0x418,1,0,"??0FileBox@@QAE@XZ: mov byte ptr [eax + 0x418], dl at 0x00634C0C"
FileWin,0x208,1,0,"??0FileWin@@QAE@XZ: mov byte ptr [esi + 0x208], bl at 0x006138B8"
FileWin,0x30C,1,0,"??0FileWin@@QAE@XZ: mov byte ptr [esi + 0x30c], bl at 0x006138BE"
FileWin,0x410,1,0,"??0FileWin@@QAE@XZ: mov byte ptr [esi + 0x410], bl at 0x006138C4"
FileWin,0x514,4,0,"??0FileWin@@QAE@XZ: mov dword ptr [esi + 0x514], ebx at 0x006138CA"
FileWin,0x531,1,0,"??0FileWin@@QAE@XZ: mov byte ptr [eax], bl at 0x006138D0"
FileWin,0x638,4,0,"?UNK4@FileWin@@QAEXXZ: mov eax, dword ptr [esi + 0x638] at 0x00614962"
FileWin,0x63C,4,0,"??0FileWin@@QAE@XZ: mov dword ptr [esi + 0x63c], ebx at 0x006138DE"
FileWin,0x640,4,0,"?init@FileWin@@QAEHPADPAUGraphicWin@@PAUFileWinConstruct@@@Z: mov dword ptr [ecx], esi at 0x00613A2C"
FileWin,0x644,4,0,"?init@FileWin@@QAEHPADPAUGraphicWin@@PAUFileWinConstruct@@@Z: mov dword ptr [ecx + 4], esi at 0x00613A31"
FileWin,0x648,4,0,"?init@FileWin@@QAEHPADPAUGraphicWin@@PAUFileWinConstruct@@@Z: mov dword ptr [ecx + 8], esi at 0x00613A37"
FileWin,0x64C,4,0,"?init@FileWin@@QAEHPADPAUGraphicWin@@PAUFileWinConstruct@@@Z: mov dword ptr [ecx + 0xc], edx at 0x00613A3F"
FileWin,0x650,4,0,"?init@FileWin@@QAEHPADPAUGraphicWin@@PAUFileWinConstruct@@@Z: mov dword ptr [edx], esi at 0x00613A0D"
FileWin,0x654,4,0,"?init@FileWin@@QAEHPADPAUGraphicWin@@PAUFileWinConstruct@@@Z: mov dword ptr [edx + 4], esi at 0x00613A12"
FileWin,0x658,4,0,"?init@FileWin@@QAEHPADPAUGraphicWin@@PAUFileWinConstruct@@@Z: mov dword ptr [edx + 8], esi at 0x00613A18"
FileWin,0x65C,4,0,"?init@FileWin@@QAEHPADPAUGraphicWin@@PAUFileWinConstruct@@@Z: mov dword ptr [edx + 0xc], ecx at 0x00613A1E"
FileWin,0x660,4,0,"?close@FileWin@@QAEXXZ: mov eax, dword ptr [esi + 0x660] at 0x00613904"
FileWin,0x11AC,4,0,"??1FileWin@@QAE@XZ: mov dword ptr [edi], 0x669754 at 0x00407F98"
FileWin,0x15F0,4,0,"??1FileWin@@QAE@XZ: mov dword ptr [edi + 0x444], 0x66974c at 0x00407F9E"
FileWin,0x1CF8,4,0,"??1FileWin@@QAE@XZ: mov dword ptr [edi], 0x66a038 at 0x00407F5A"
FileWin,0x213C,4,0,"??1FileWin@@QAE@XZ: mov dword ptr [edi + 0x444], 0x66a030 at 0x00407F60"
FileWin,0x280C,4,0,"?init@FileWin@@QAEHPADPAUGraphicWin@@PAUFileWinConstruct@@@Z: mov dword ptr [ebx + 0x280c], 0x104 at 0x00613A75"
FileWin,0x2838,4,0,"?UNK4@FileWin@@QAEXXZ: mov dword ptr [ebx + 0xb40], edi at 0x006146DE"
FileWin,0x283C,4,0,"?UNK4@FileWin@@QAEXXZ: mov dword ptr [ebx + 0xb44], eax at 0x006146F1"
FileWin,0x286C,4,0,"?init@FileWin@@QAEHPADPAUGraphicWin@@PAUFileWinConstruct@@@Z: mov eax, dword ptr [esi] at 0x00613B02"
FileWin,0x2874,4,0,"?init@FileWin@@QAEHPADPAUGraphicWin@@PAUFileWinConstruct@@@Z: mov dword ptr [ebx + 0x2874], 1 at 0x00613B12"
FileWin,0x289C,4,0,"?init@FileWin@@QAEHPADPAUGraphicWin@@PAUFileWinConstruct@@@Z: mov dword ptr [ebx + 0x289c], 0x614c50 at 0x00613B37"
FileWin,0x33C0,4,0,"??0FileWin@@QAE@XZ: mov dword ptr [esi + 0x33c0], ebx at 0x006138E4"
Filemap,0x0,4,0,"??0Filemap@@QAE@XZ: mov dword ptr [eax], 0 at 0x00628382"
Filemap,0x4,4,0,"??0Filemap@@QAE@XZ: mov dword ptr [eax + 4], 0xffffffff at 0x00628388"
Filemap,0x8,4,0,"??0Filemap@@QAE@XZ: mov dword ptr [eax + 8], 0 at 0x0062838F"
Filemap,0xC,4,0,"?create@Filemap@@QAEHPADKH@Z: mov dword ptr [esi + 0xc], ebp at 0x006286B2"
FlatButton,0x0,4,0,"??1FlatButton@@QAE@XZ: mov dword ptr [esi], 0x669754 at 0x0040689F"
FlatButton,0xC4,4,0,"?on_redraw@FlatButton@@QAEXXZ: mov eax, dword ptr [esi + 0xc4] at 0x00607E59"
FlatButton,0x444,4,0,"??1FlatButton@@QAE@XZ: mov dword ptr [esi + 0x444], 0x66974c at 0x004068A5"
FlatButton,0x45C,4,0,"?on_redraw@FlatButton@@QAEXXZ: cmp dword ptr [esi + 0x45c], 2 at 0x006083FD"
FlatButton,0x474,4,0,"?on_redraw@FlatButton@@QAEXXZ: mov eax, dword ptr [esi + 0x474] at 0x00607E99"
FlatButton,0x478,4,0,"?on_redraw@FlatButton@@QAEXXZ: mov ecx, dword ptr [edx + 4] at 0x00607EA3"
FlatButton,0x47C,4,0,"?on_redraw@FlatButton@@QAEXXZ: mov eax, dword ptr [edx + 8] at 0x00607EAA"
FlatButton,0x480,4,0,"?on_redraw@FlatButton@@QAEXXZ: mov ecx, dword ptr [edx + 0xc] at 0x00607EB1"
FlatButton,0x4C4,4,0,"?on_redraw@FlatButton@@QAEXXZ: mov eax, dword ptr [esi + 0x4c4] at 0x00607F2C"
FlatButton,0x4C8,4,0,"?on_redraw@FlatButton@@QAEXXZ: mov edx, dword ptr [esi + 0x4c8] at 0x00607F0F"
FlatButton,0xA14,4,0,"??0FlatButton@@QAE@XZ: mov dword ptr [esi + 0xa14], edx at 0x00607D11"
FlatButton,0xA18,4,0,"??0FlatButton@@QAE@XZ: mov dword ptr [esi + 0xa18], edx at 0x00607D0B"
FlatButton,0xA74,4,0,"?on_redraw@FlatButton@@QAEXXZ: mov ecx, dword ptr [esi + 0xa74] at 0x00607EEB"
FlatButton,0xA78,4,0,"?on_redraw@FlatButton@@QAEXXZ: mov eax, dword ptr [esi + 0xa78] at 0x0060839A"
FlatButton,0xA7C,4,0,"?on_redraw@FlatButton@@QAEXXZ: mov eax, dword ptr [esi + 0xa7c] at 0x00608365"
FlatButton,0xA88,4,0,"?on_redraw@FlatButton@@QAEXXZ: mov edx, dword ptr [esi + 0xa88] at 0x006082A5"
FlatButton,0xA8C,4,0,"?on_redraw@FlatButton@@QAEXXZ: mov ecx, dword ptr [esi + 0xa8c] at 0x0060829F"
FlatButton,0xA90,4,0,"?on_redraw@FlatButton@@QAEXXZ: mov eax, dword ptr [esi + 0xa90] at 0x0060828F"
FlatButton,0xA94,4,0,"?on_redraw@FlatButton@@QAEXXZ: mov eax, dword ptr [esi + 0xa94] at 0x006081E9"
FlatButton,0xA9C,4,0,"?on_redraw@FlatButton@@QAEXXZ: mov eax, dword ptr [esi + 0xa9c] at 0x00607ED7"
FlatButton,0xAB8,4,0,"??0FlatButton@@QAE@XZ: mov dword ptr [esi + 0xab8], 0xffffffff at 0x00607D17"
FlatButton,0xABC,4,0,"??0FlatButton@@QAE@XZ: mov dword ptr [eax - 0x24], 0xffffffff at 0x00607D29"
FlatButton,0xAC8,4,0,"??0FlatButton@@QAE@XZ: mov dword ptr [eax - 0x18], edx at 0x00607D83"
FlatButton,0xAD4,4,0,"??0FlatButton@@QAE@XZ: mov dword ptr [eax - 0xc], edx at 0x00607D80"
FlatButton,0xAE0,4,0,"??0FlatButton@@QAE@XZ: mov dword ptr [eax], ebx at 0x00607D36"
FlatButton,0xAEC,4,0,"??0FlatButton@@QAE@XZ: mov dword ptr [eax + 0xc], ebx at 0x00607D3E"
FlatButton,0xAF8,4,0,"??0FlatButton@@QAE@XZ: mov dword ptr [eax + 0x18], ebx at 0x00607D47"
FlatButton,0xB04,4,0,"??0FlatButton@@QAE@XZ: mov dword ptr [eax + 0x24], ebx at 0x00607D50"
FlatButton,0xB10,4,0,"??0FlatButton@@QAE@XZ: mov dword ptr [eax + 0x30], ebx at 0x00607D59"
FlatButton,0xB1C,4,0,"??0FlatButton@@QAE@XZ: mov dword ptr [eax + 0x3c], ebx at 0x00607D62"
FlatButton,0xB28,4,0,"??0FlatButton@@QAE@XZ: mov dword ptr [eax + 0x48], ebx at 0x00607D6B"
FlatButton,0xB34,4,0,"??0FlatButton@@QAE@XZ: mov dword ptr [eax + 0x54], ebx at 0x00607D74"
FlatButton,0xB40,4,0,"??0FlatButton@@QAE@XZ: mov dword ptr [eax + 0x60], ebx at 0x00607D7D"
Flic,0x0,1,0,"??0Flic@@QAE@XZ: mov byte ptr [esi], bl at 0x00629DBF"
Flic,0x4AC,4,0,"?decode_byte_run_trans@Flic@@QAEXXZ: mov ebp, dword ptr [esi + 0x4ac] at 0x0062B13A"
Flic,0x58C,4,0,"?decode_byte_run@Flic@@QAEXXZ: mov dword ptr [esi + 0x58c], ecx at 0x0062A56E"
Flic,0x590,4,0,"?decode_byte_run@Flic@@QAEXXZ: mov dword ptr [esi + 0x590], eax at 0x0062A574"
Flic,0x594,4,0,"?decode_byte_run@Flic@@QAEXXZ: mov dword ptr [esi + 0x594], ecx at 0x0062A57E"
Flic,0x598,4,0,"?decode_byte_run@Flic@@QAEXXZ: mov dword ptr [esi + 0x598], eax at 0x0062A584"
Flic,0x59C,4,0,"??0Flic@@QAE@XZ: mov dword ptr [esi + 0x59c], ebx at 0x00629DC7"
Flic,0x5A0,4,0,"??0Flic@@QAE@XZ: mov dword ptr [esi + 0x5a0], ebx at 0x00629DCD"
Flic,0x5A4,1,0,"?decode_byte_run@Flic@@QAEXXZ: add dl, byte ptr [esi + 0x5a4] at 0x0062A69C"
Flic,0x5A4,4,0,"??0Flic@@QAE@XZ: mov dword ptr [esi + 0x5a4], ebx at 0x00629DC1"
Flic,0x5A8,4,0,"??0Flic@@QAE@XZ: mov dword ptr [esi + 0x5a8], ebx at 0x00629DB9"
Flic,0x5AC,4,0,"??0Flic@@QAE@XZ: mov dword ptr [esi + 0x5ac], ebx at 0x00629D9B"
Flic,0x5B0,4,0,"??0Flic@@QAE@XZ: mov dword ptr [esi + 0x5b0], ebx at 0x00629DA1"
Flic,0x5B4,1,0,"?decode_frame@Flic@@QAEHHH@Z: test byte ptr [esi + 0x5b4], 1 at 0x0062A073"
Flic,0x5B4,4,0,"??0Flic@@QAE@XZ: mov dword ptr [esi + 0x5b4], ebx at 0x00629DA7"
Flic,0x5B8,4,0,"??0Flic@@QAE@XZ: mov dword ptr [esi + 0x5b8], ebx at 0x00629DAD"
Flic,0xA10,4,0,"??0Flic@@QAE@XZ: mov dword ptr [esi + 0xa10], ebx at 0x00629DB3"
Flic,0xA1A,2,0,"?UNK3@Flic@@QAEHH@Z: mov cx, word ptr [esi + 0xa1a] at 0x0062A2D0"
Flic,0xA64,4,0,"?UNK3@Flic@@QAEHH@Z: mov edx, dword ptr [esi + 0xa64] at 0x0062A2F2"
Flic,0xA68,4,0,"?UNK3@Flic@@QAEHH@Z: mov ecx, dword ptr [esi + 0xa68] at 0x0062A476"
Flic,0xAB4,4,0,"?UNK3@Flic@@QAEHH@Z: mov ebp, dword ptr [ebx] at 0x0062A368"
Flic,0xABA,2,0,"?UNK3@Flic@@QAEHH@Z: mov di, word ptr [ebx + 6] at 0x0062A371"
Font,0x0,4,0,"??0Font@@QAE@XZ: mov dword ptr [eax], 0xffffffff at 0x00618EA4"
Font,0x4,4,0,"??0Font@@QAE@XZ: mov dword ptr [eax + 4], ecx at 0x00618EAA"
Font,0x8,4,0,"??0Font@@QAE@XZ: mov dword ptr [eax + 8], ecx at 0x00618EAD"
Font,0xC,4,0,"??0Font@@QAE@XZ: mov dword ptr [eax + 0xc], ecx at 0x00618EB3"
Font,0x10,4,0,"??0Font@@QAE@XZ: mov dword ptr [eax + 0x10], ecx at 0x00618EB0"
Font,0x18,4,0,"??0Font@@QAE@XZ: mov dword ptr [eax + 0x18], ecx at 0x00618EB6"
Font,0x1C,4,0,"??0Font@@QAE@XZ: mov dword ptr [eax + 0x1c], ecx at 0x00618EB9"
Font,0x24,4,0,"??0Font@@QAE@XZ: mov dword ptr [eax + 0x24], ecx at 0x00618EBC"
FontQueue,0x78,4,0,"??0FontQueue@@QAE@XZ: mov dword ptr [eax - 0xc], edx at 0x005592B4"
FontQueue,0x84,4,0,"??0FontQueue@@QAE@XZ: mov dword ptr [eax], 0 at 0x005592B7"
FontQueue,0x90,4,0,"??0FontQueue@@QAE@XZ: mov dword ptr [eax + 0xc], ecx at 0x005592BD"
FontQueue,0x94,4,0,"?get_zoom@FontQueue@@QAEHHHHH@Z: mov ebx, dword ptr [esi + 4] at 0x00559345"
FontQueue,0x98,4,0,"?get_zoom@FontQueue@@QAEHHHHH@Z: mov dword ptr [ecx + 0x98], edx at 0x00559353"
Fractal,0x0,1,0,"?init@Fractal@@QAEXXZ: mov dl, byte ptr [eax] at 0x005C1EE2"
Fractal,0x10,1,0,"?init@Fractal@@QAEXXZ: mov byte ptr [eax + 0x10], dl at 0x005C1EE4"
Fractal,0x130,1,0,"?init@Fractal@@QAEXXZ: mov byte ptr [eax], dl at 0x005C1F03"
Fractal,0x169,1,0,"?init@Fractal@@QAEXXZ: mov al, byte ptr [esi] at 0x005C1E52"
Fractal,0x17B,1,0,"?init@Fractal@@QAEXXZ: mov byte ptr [esi + 0x12], al at 0x005C1E54"
Fractal,0x2BF,1,0,"?init@Fractal@@QAEXXZ: mov byte ptr [eax], cl at 0x005C1E76"
GAmbience,0x0,4,0,"??0GAmbience@@QAE@XZ: mov dword ptr [esi], 0x66bf90 at 0x00447B9A"
GAmbience,0x58,4,0,"??0GAmbience@@QAE@XZ: mov dword ptr [esi + 0x58], eax at 0x00447BA0"
GAmbience,0x5C,4,0,"??0GAmbience@@QAE@XZ: mov dword ptr [esi + 0x5c], eax at 0x00447BA3"
GAmbience,0x60,4,0,"??0GAmbience@@QAE@XZ: mov dword ptr [esi + 0x60], eax at 0x00447BA6"
GAmbience,0x64,4,0,"??0GAmbience@@QAE@XZ: mov dword ptr [esi + 0x64], eax at 0x00447BA9"
GAmbience,0x68,4,0,"??0GAmbience@@QAE@XZ: mov dword ptr [esi + 0x68], eax at 0x00447BB2"
GAmbience,0x6C,1,0,"??0GAmbience@@QAE@XZ: mov byte ptr [esi + 0x6c], al at 0x00447BAC"
GAmbience,0x6D,1,0,"??0GAmbience@@QAE@XZ: mov byte ptr [esi + 0x6d], al at 0x00447BAF"
GAmbience,0x70,4,0,"??0GAmbience@@QAE@XZ: mov dword ptr [esi + 0x70], eax at 0x00447BB5"
Gamma,0x0,4,0,"??1Gamma@@QAE@XZ: mov dword ptr [esi], 0x66c3d8 at 0x00456133"
Gamma,0x444,4,0,"??1Gamma@@QAE@XZ: mov dword ptr [esi + 0x444], 0x66c3d0 at 0x00456139"
Gamma,0xA14,4,0,"?on_redraw@Gamma@@QAEXXZ: mov edi, dword ptr [ecx] at 0x005C9438"
Gamma,0xA18,4,0,"?on_redraw@Gamma@@QAEXXZ: mov eax, dword ptr [ecx + 4] at 0x005C943D"
Gamma,0xA1C,4,0,"?on_redraw@Gamma@@QAEXXZ: mov edx, dword ptr [ecx + 8] at 0x005C9446"
Gamma,0xA20,4,0,"?on_redraw@Gamma@@QAEXXZ: mov ecx, dword ptr [ecx + 0xc] at 0x005C944C"
Gamma,0xA64,4,0,"??0Gamma@@QAE@XZ: mov dword ptr [esi + 0xa64], 0 at 0x005C8E48"
Gamma,0xA90,1,0,"?adjust_palette@Gamma@@QAEXXZ: mov byte ptr [esi - 1], al at 0x005C95A7"
Gamma,0xA91,1,0,"?adjust_palette@Gamma@@QAEXXZ: mov byte ptr [esi], al at 0x005C95AA"
Gamma,0xA92,1,0,"?adjust_palette@Gamma@@QAEXXZ: mov byte ptr [esi + 1], al at 0x005C95AC"
Gamma,0xEE4,4,1,"?exec@Gamma@@QAEXPAUPalette@@MH@Z: mov dword ptr [esi + 0xee4], ecx at 0x005C8E77"
Gamma,0xEE8,4,0,"??0Gamma@@QAE@XZ: mov dword ptr [esi + 0xee8], 0 at 0x005C8E24"
Gamma,0xEE8,8,1,?on_button_clicked@Gamma@@QAEXH@Z: fstp qword ptr [ecx + 0xee8] at 0x005C93DE
Gamma,0xEEC,4,0,"??0Gamma@@QAE@XZ: mov dword ptr [esi + 0xeec], 0x3ff00000 at 0x005C8E3E"
Gamma,0xEF0,4,0,"??1Gamma@@QAE@XZ: mov dword ptr [edi], 0x669d58 at 0x004561B4"
Gamma,0x1334,4,0,"??1Gamma@@QAE@XZ: mov dword ptr [edi + 0x444], 0x669d50 at 0x004561BA"
Gamma,0x191C,4,1,?on_button_clicked@Gamma@@QAEXH@Z: fild dword ptr [ecx + 0x191c] at 0x005C93D0
Gamma,0x199C,4,0,"??1Gamma@@QAE@XZ: mov dword ptr [ebx], 0x669754 at 0x00456207"
Gamma,0x1DE0,4,0,"??1Gamma@@QAE@XZ: mov dword ptr [ebx + 0x444], 0x66974c at 0x0045620D"
Gamma,0x24E8,4,0,"??1Gamma@@QAE@XZ: mov dword ptr [ebx], 0x669754 at 0x004561D8"
Gamma,0x292C,4,0,"??1Gamma@@QAE@XZ: mov dword ptr [ebx + 0x444], 0x66974c at 0x004561DE"
Gamma,0x303C,4,0,"??1Gamma@@QAE@XZ: mov dword ptr [edi], 0x66a038 at 0x00456176"
Gamma,0x3480,4,0,"??1Gamma@@QAE@XZ: mov dword ptr [edi + 0x444], 0x66a030 at 0x0045617C"
Gamma,0x3BB0,4,0,"?close@Gamma@@QAEXXZ: mov eax, dword ptr [esi + 0x3bb0] at 0x005C935E"
Gamma,0x46B0,4,0,"?close@Gamma@@QAEXXZ: mov edx, dword ptr [esi + 0x46b0] at 0x005C9370"
GraphicWin,0x0,4,0,"??0GraphicWin@@QAE@XZ: mov dword ptr [esi], 0x66fc50 at 0x005D4D2B"
GraphicWin,0x98,1,0,"?on_redraw_nc@GraphicWin@@QAEXPAURECT@@H@Z: test byte ptr [esi + 0x98], 0x10 at 0x005D655E"
GraphicWin,0x98,4,0,"?init@GraphicWin@@QAEXHHHHPADHPAUWin@@PAUMenu@@PAUBorderSizing@@@Z: mov eax, dword ptr [esi + 0x98] at 0x005D5038"
GraphicWin,0x9C,1,0,"?on_redraw_nc@GraphicWin@@QAEXPAURECT@@H@Z: test byte ptr [esi + 0x9c], 2 at 0x005D63F9"
GraphicWin,0xA0,4,0,"?on_paint@GraphicWin@@QAEHPAURECT@@@Z: mov eax, dword ptr [esi + 0xa0] at 0x005D5E7F"
GraphicWin,0xA4,4,0,"?on_paint@GraphicWin@@QAEHPAURECT@@@Z: mov ecx, dword ptr [esi + 0xa4] at 0x005D5E89"
GraphicWin,0xB4,4,0,"?on_redraw_nc@GraphicWin@@QAEXPAURECT@@H@Z: mov ecx, dword ptr [esi + 0xb4] at 0x005D649D"
GraphicWin,0xB8,4,0,"?on_redraw_nc@GraphicWin@@QAEXPAURECT@@H@Z: mov ecx, dword ptr [esi + 0xb8] at 0x005D67A1"
GraphicWin,0xBC,4,0,"?on_redraw_nc@GraphicWin@@QAEXPAURECT@@H@Z: mov ecx, dword ptr [esi + 0xbc] at 0x005D66BA"
GraphicWin,0xC0,4,0,"?on_redraw_nc@GraphicWin@@QAEXPAURECT@@H@Z: mov ecx, dword ptr [esi + 0xc0] at 0x005D65AE"
GraphicWin,0xC4,4,0,"?fill@GraphicWin@@QAEXH@Z: mov ecx, dword ptr [esi + 0xc4] at 0x005D5267"
GraphicWin,0xE0,4,0,"?on_redraw_nc@GraphicWin@@QAEXPAURECT@@H@Z: mov ecx, dword ptr [esi + 0xe0] at 0x005D6554"
GraphicWin,0x114,4,0,"?on_redraw_nc@GraphicWin@@QAEXPAURECT@@H@Z: mov edi, dword ptr [esi + 0x114] at 0x005D642E"
GraphicWin,0x118,4,0,"?on_redraw_nc@GraphicWin@@QAEXPAURECT@@H@Z: mov edi, dword ptr [esi + 0x118] at 0x005D6458"
GraphicWin,0x11C,4,0,"?on_redraw_nc@GraphicWin@@QAEXPAURECT@@H@Z: mov ebp, dword ptr [esi + 0x11c] at 0x005D6480"
GraphicWin,0x134,4,0,"??0GraphicWin@@QAE@XZ: mov dword ptr [esi + 0x134], edi at 0x005D4D3D"
GraphicWin,0x138,4,0,"??0GraphicWin@@QAE@XZ: mov dword ptr [esi + 0x138], edi at 0x005D4D43"
GraphicWin,0x13C,4,0,"?fill@GraphicWin@@QAEXH@Z: mov edx, dword ptr [ebx] at 0x005D52AA"
GraphicWin,0x140,4,0,"?fill@GraphicWin@@QAEXH@Z: mov edi, dword ptr [ebx + 4] at 0x005D52B4"
GraphicWin,0x144,4,0,"?fill@GraphicWin@@QAEXH@Z: mov ebp, dword ptr [ebx + 8] at 0x005D52B9"
GraphicWin,0x148,4,0,"?fill@GraphicWin@@QAEXH@Z: mov ebx, dword ptr [ebx + 0xc] at 0x005D52BE"
GraphicWin,0x14C,4,0,"?fill@GraphicWin@@QAEXH@Z: mov eax, dword ptr [edx] at 0x005D528F"
GraphicWin,0x150,4,0,"?fill@GraphicWin@@QAEXH@Z: mov ecx, dword ptr [edx + 4] at 0x005D5291"
GraphicWin,0x154,4,0,"?fill@GraphicWin@@QAEXH@Z: mov edi, dword ptr [edx + 8] at 0x005D5294"
GraphicWin,0x158,4,0,"?fill@GraphicWin@@QAEXH@Z: mov edx, dword ptr [edx + 0xc] at 0x005D529B"
GraphicWin,0x1A0,4,0,"?redraw@GraphicWin@@QAEXXZ: mov eax, dword ptr [esi + 0x1a0] at 0x005D5A83"
GraphicWin,0x444,4,0,"??0GraphicWin@@QAE@XZ: mov dword ptr [ebx], 0x66fc48 at 0x005D4D31"
GraphicWin,0x448,4,0,"?init@GraphicWin@@QAEXHHHHPADHPAUWin@@PAUMenu@@PAUBorderSizing@@@Z: mov dword ptr [esi + 0x448], esi at 0x005D5012"
GraphicWin,0x460,4,0,"?on_size@GraphicWin@@QAEXIHH@Z: mov eax, dword ptr [esi + 0x460] at 0x005D6258"
GraphicWin,0x464,4,0,"?overlay_nonclient@GraphicWin@@QAEXPAURECT@@@Z: mov ecx, dword ptr [eax] at 0x005D6AD4"
GraphicWin,0x468,4,0,"?overlay_nonclient@GraphicWin@@QAEXPAURECT@@@Z: mov edx, dword ptr [eax + 4] at 0x005D6ADA"
GraphicWin,0x46C,4,0,"?overlay_nonclient@GraphicWin@@QAEXPAURECT@@@Z: mov ecx, dword ptr [eax + 8] at 0x005D6AE1"
GraphicWin,0x470,4,0,"?overlay_nonclient@GraphicWin@@QAEXPAURECT@@@Z: mov edx, dword ptr [eax + 0xc] at 0x005D6AE8"
GraphicWin,0x474,4,0,"?update@GraphicWin@@QAEXPAURECT@@PAUGraphicWin@@@Z: mov ebp, dword ptr [eax] at 0x005D564A"
GraphicWin,0x478,4,0,"?update@GraphicWin@@QAEXPAURECT@@PAUGraphicWin@@@Z: mov ebx, dword ptr [eax + 4] at 0x005D5646"
GraphicWin,0x47C,4,0,"?update@GraphicWin@@QAEXPAURECT@@PAUGraphicWin@@@Z: mov edi, dword ptr [eax + 8] at 0x005D5651"
GraphicWin,0x480,4,0,"?update@GraphicWin@@QAEXPAURECT@@PAUGraphicWin@@@Z: mov esi, dword ptr [eax + 0xc] at 0x005D564D"
GraphicWin,0x49C,4,0,"?on_paint@GraphicWin@@QAEHPAURECT@@@Z: mov edx, dword ptr [esi + 0x49c] at 0x005D5E60"
GraphicWin,0x4C4,4,0,"?fill@GraphicWin@@QAEXH@Z: mov ebx, dword ptr [esi + 0x4c4] at 0x005D52DE"
GraphicWin,0x4C8,4,0,"?fill@GraphicWin@@QAEXH@Z: mov ebx, dword ptr [esi + 0x4c8] at 0x005D52D5"
GraphicWin,0x9CC,4,0,"??0GraphicWin@@QAE@XZ: mov dword ptr [esi + 0x9cc], edi at 0x005D4D49"
GraphicWin,0x9D0,4,0,"??0GraphicWin@@QAE@XZ: mov dword ptr [esi + 0x9d0], edi at 0x005D4D4F"
GraphicWin,0x9D4,4,0,"??0GraphicWin@@QAE@XZ: mov dword ptr [esi + 0x9d4], edi at 0x005D4D55"
GraphicWin,0x9D8,4,0,"??0GraphicWin@@QAE@XZ: mov dword ptr [esi + 0x9d8], edi at 0x005D4D5B"
GraphicWin,0x9DC,4,0,"??0GraphicWin@@QAE@XZ: mov dword ptr [esi + 0x9dc], edi at 0x005D4D61"
GraphicWin,0x9E0,4,0,"??0GraphicWin@@QAE@XZ: mov dword ptr [esi + 0x9e0], edi at 0x005D4D67"
GraphicWin,0x9E4,4,0,"??0GraphicWin@@QAE@XZ: mov dword ptr [esi + 0x9e4], edi at 0x005D4D6D"
GraphicWin,0x9E8,4,0,"??0GraphicWin@@QAE@XZ: mov dword ptr [esi + 0x9e8], edi at 0x005D4D73"
GraphicWin,0x9EC,4,0,"??0GraphicWin@@QAE@XZ: mov dword ptr [esi + 0x9ec], edi at 0x005D4D79"
GraphicWin,0x9F0,4,0,"??0GraphicWin@@QAE@XZ: mov dword ptr [esi + 0x9f0], edi at 0x005D4D7F"
GraphicWin,0x9F4,4,0,"??0GraphicWin@@QAE@XZ: mov dword ptr [esi + 0x9f4], edi at 0x005D4D85"
GraphicWin,0x9F8,4,0,"??0GraphicWin@@QAE@XZ: mov dword ptr [esi + 0x9f8], edi at 0x005D4D8B"
GraphicWin,0x9FC,4,0,"??0GraphicWin@@QAE@XZ: mov dword ptr [esi + 0x9fc], edi at 0x005D4D91"
GraphicWin,0xA00,4,0,"??0GraphicWin@@QAE@XZ: mov dword ptr [esi + 0xa00], edi at 0x005D4D97"
GraphicWin,0xA04,4,0,"??0GraphicWin@@QAE@XZ: mov dword ptr [esi + 0xa04], edi at 0x005D4D9D"
GraphicWin,0xA08,4,0,"??0GraphicWin@@QAE@XZ: mov dword ptr [esi + 0xa08], edi at 0x005D4DA3"
GraphicWin,0xA0C,4,0,"??0GraphicWin@@QAE@XZ: mov dword ptr [esi + 0xa0c], eax at 0x005D4DAF"
GraphicWin,0xA10,4,0,"??0GraphicWin@@QAE@XZ: mov dword ptr [esi + 0xa10], edi at 0x005D4D37"
Heap,0x0,1,0,"??0Heap@@QAE@XZ: mov byte ptr [eax], cl at 0x005D4564"
Heap,0x4,4,0,"??0Heap@@QAE@XZ: mov dword ptr [eax + 4], ecx at 0x005D4569"
Heap,0x8,4,0,"??0Heap@@QAE@XZ: mov dword ptr [eax + 8], ecx at 0x005D4566"
Heap,0xC,4,0,"??0Heap@@QAE@XZ: mov dword ptr [eax + 0xc], ecx at 0x005D456F"
Heap,0x10,4,0,"??0Heap@@QAE@XZ: mov dword ptr [eax + 0x10], ecx at 0x005D456C"
ImageButton,0x0,4,0,"??0ImageButton@@QAE@XZ: mov dword ptr [esi], 0x670a94 at 0x006252E8"
ImageButton,0xC4,4,0,"?on_redraw@ImageButton@@QAEXXZ: mov eax, dword ptr [esi + 0xc4] at 0x006253E4"
ImageButton,0x444,4,0,"??0ImageButton@@QAE@XZ: mov dword ptr [esi + 0x444], 0x670a8c at 0x006252EE"
ImageButton,0x474,4,0,"?on_redraw@ImageButton@@QAEXXZ: mov edx, dword ptr [ecx] at 0x00625414"
ImageButton,0x478,4,0,"?on_redraw@ImageButton@@QAEXXZ: mov eax, dword ptr [ecx + 4] at 0x0062541A"
ImageButton,0x47C,4,0,"?on_redraw@ImageButton@@QAEXXZ: mov edx, dword ptr [ecx + 8] at 0x00625421"
ImageButton,0x480,4,0,"?on_redraw@ImageButton@@QAEXXZ: mov eax, dword ptr [ecx + 0xc] at 0x00625428"
ImageButton,0xA7C,4,0,"?on_redraw@ImageButton@@QAEXXZ: mov esi, dword ptr [esi + 0xa7c] at 0x006256A3"
ImageButton,0xA84,4,0,"?on_redraw@ImageButton@@QAEXXZ: mov ecx, dword ptr [esi + 0xa84] at 0x0062542B"
ImageButton,0xA88,4,0,"?on_redraw@ImageButton@@QAEXXZ: mov edx, dword ptr [esi + 0xa88] at 0x00625527"
ImageButton,0xA8C,4,0,"?on_redraw@ImageButton@@QAEXXZ: mov ecx, dword ptr [esi + 0xa8c] at 0x00625521"
ImageButton,0xA90,4,0,"?on_redraw@ImageButton@@QAEXXZ: mov ecx, dword ptr [esi + 0xa90] at 0x006254D4"
ImageButton,0xA94,4,0,"?on_redraw@ImageButton@@QAEXXZ: mov eax, dword ptr [esi + 0xa94] at 0x0062543D"
ImageButton,0xA9C,4,0,"?on_redraw@ImageButton@@QAEXXZ: mov ecx, dword ptr [esi + 0xa9c] at 0x0062550B"
ImageButton,0xAB8,4,0,"??0ImageButton@@QAE@XZ: mov dword ptr [esi + 0xab8], 0 at 0x006252F8"
InfoWin,0x10,4,0,"?setup_text@InfoWin@@QAEXXZ: mov ebx, dword ptr [ecx - 4] at 0x00456390"
InfoWin,0x14,4,0,"?setup_text@InfoWin@@QAEXXZ: mov ecx, dword ptr [ecx] at 0x00456393"
InfoWin,0x18,4,0,"?init@InfoWin@@QAEXXZ: mov dword ptr [edx + 8], eax at 0x004593BD"
InfoWin,0x1C,4,0,"?init@InfoWin@@QAEXXZ: mov dword ptr [edx + 0xc], ebx at 0x004593C0"
InfoWin,0x20,4,0,"?init@InfoWin@@QAEXXZ: mov dword ptr [esi + 0x20], ecx at 0x004593E2"
InfoWin,0x24,4,0,"?init@InfoWin@@QAEXXZ: mov dword ptr [edx + 4], edi at 0x004593E5"
InfoWin,0x28,4,0,"?init@InfoWin@@QAEXXZ: mov dword ptr [edx + 8], eax at 0x004593E8"
InfoWin,0x2C,4,0,"?init@InfoWin@@QAEXXZ: mov dword ptr [edx + 0xc], ebx at 0x004593F4"
InfoWin,0x58,4,0,"?setup_text@InfoWin@@QAEXXZ: mov eax, dword ptr [esi + 0x58] at 0x00456316"
InfoWin,0x64,4,0,"?setup_text@InfoWin@@QAEXXZ: mov ecx, dword ptr [esi + 0x64] at 0x00456324"
InfoWin,0x68,4,0,"?setup_text@InfoWin@@QAEXXZ: mov ecx, dword ptr [esi + 0x68] at 0x0045631D"
InfoWin,0x80,4,0,"?setup_text@InfoWin@@QAEXXZ: mov eax, dword ptr [esi + 0x80] at 0x0045644C"
InfoWin,0x84,4,0,"?init@InfoWin@@QAEXXZ: mov dword ptr [esi + 0x84], eax at 0x004592D9"
InfoWin,0x88,4,0,"?init@InfoWin@@QAEXXZ: mov dword ptr [esi + 0x88], eax at 0x004592AA"
InfoWin,0x8C,4,0,"?init@InfoWin@@QAEXXZ: mov dword ptr [esi + 0x8c], eax at 0x004592B0"
InfoWin,0x90,4,0,"?timer_change@InfoWin@@QAEXH@Z: mov eax, dword ptr [esi + 0x90] at 0x0045904E"
InfoWin,0x94,4,0,"?draw_text@InfoWin@@QAEXH@Z: mov edx, dword ptr [edi + 0x94] at 0x00458562"
InfoWin,0xA8,4,0,"?on_left_click@InfoWin@@QAEXHH@Z: mov dword ptr [esi + 0xa8], 0 at 0x00458943"
InfoWin,0xAC,4,0,"?timer_proc@InfoWin@@QAEXH@Z: mov eax, dword ptr [esi + 0xac] at 0x00459159"
InfoWin,0xB0,4,0,"?setup_text@InfoWin@@QAEXXZ: mov eax, dword ptr [esi + 0xb0] at 0x00456327"
InfoWin,0xB4,4,0,"?init@InfoWin@@QAEXXZ: mov dword ptr [esi + 0xb4], eax at 0x004592BC"
InfoWin,0xB8,1,0,"?setup_text@InfoWin@@QAEXXZ: mov byte ptr [edx], 0 at 0x004563A1"
InfoWin,0x838,4,0,"?setup_text@InfoWin@@QAEXXZ: mov dword ptr [eax - 0x60], ebx at 0x004563A4"
InfoWin,0x898,4,0,"?setup_text@InfoWin@@QAEXXZ: mov dword ptr [eax], ecx at 0x004563A7"
InfoWin,0x8F8,4,0,"?setup_text@InfoWin@@QAEXXZ: mov dword ptr [eax + 0x60], edi at 0x004563AD"
InfoWin,0x958,4,0,"?setup_text@InfoWin@@QAEXXZ: mov dword ptr [eax + 0xc0], edi at 0x004563B0"
InfoWin,0x9C0,4,0,"?on_left_click@InfoWin@@QAEXHH@Z: mov edx, dword ptr [ecx - 8] at 0x0045895C"
InfoWin,0x9C4,4,0,"?on_left_click@InfoWin@@QAEXHH@Z: mov eax, dword ptr [esi + 0x9c4] at 0x0045897C"
InfoWin,0x9C8,4,0,"?UNK2@InfoWin@@QAEXXZ: mov dword ptr [esi + 0x9c8], eax at 0x004588DB"
InfoWin,0x9CC,4,0,"?UNK2@InfoWin@@QAEXXZ: mov dword ptr [esi + 0x9cc], eax at 0x004588E1"
Interlude,0x0,4,0,"??0Interlude@@QAE@XZ: mov dword ptr [esi], 0x66c708 at 0x0045F2C0"
Interlude,0x444,4,0,"??0Interlude@@QAE@XZ: mov dword ptr [esi + 0x444], 0x66c700 at 0x0045F2C6"
Interlude,0x474,4,0,"?exec@Interlude@@QAEXPAD@Z: mov edx, dword ptr [eax] at 0x0045F410"
Interlude,0x478,4,0,"?exec@Interlude@@QAEXPAD@Z: mov edx, dword ptr [eax + 4] at 0x0045F414"
Interlude,0x47C,4,0,"?exec@Interlude@@QAEXPAD@Z: mov edx, dword ptr [eax + 8] at 0x0045F41A"
Interlude,0x480,4,0,"?exec@Interlude@@QAEXPAD@Z: mov eax, dword ptr [eax + 0xc] at 0x0045F420"
Interlude,0x4C4,4,0,"?on_redraw@Interlude@@QAEHXZ: mov eax, dword ptr [esi + 0x4c4] at 0x0045F5F2"
Interlude,0x4C8,4,0,"?on_redraw@Interlude@@QAEHXZ: mov edx, dword ptr [esi + 0x4c8] at 0x0045F5E3"
Interlude,0xA14,4,0,"?exec@Interlude@@QAEXPAD@Z: mov dword ptr [ecx], edx at 0x0045F412"
Interlude,0xA18,4,0,"?exec@Interlude@@QAEXPAD@Z: mov dword ptr [ecx + 4], edx at 0x0045F417"
Interlude,0xA1C,4,0,"?exec@Interlude@@QAEXPAD@Z: mov dword ptr [ecx + 8], edx at 0x0045F41D"
Interlude,0xA20,4,0,"?exec@Interlude@@QAEXPAD@Z: mov dword ptr [ecx + 0xc], eax at 0x0045F423"
Interlude,0xA24,4,0,"??0Interlude@@QAE@XZ: mov dword ptr [esi + 0xa24], 0x6693a4 at 0x0045F25A"
Interlude,0xA28,4,0,"??0Interlude@@QAE@XZ: mov dword ptr [esi + 0xa28], 0x66b0ec at 0x0045F22C"
Interlude,0xA2C,4,0,"??0Interlude@@QAE@XZ: mov dword ptr [esi + 0xa2c], edi at 0x0045F278"
Interlude,0xA30,4,0,"??0Interlude@@QAE@XZ: mov dword ptr [esi + 0xa30], edi at 0x0045F27E"
Interlude,0xA34,4,0,"??0Interlude@@QAE@XZ: mov dword ptr [esi + 0xa34], edi at 0x0045F284"
Interlude,0xA38,4,0,"??0Interlude@@QAE@XZ: mov dword ptr [esi + 0xa38], edi at 0x0045F28A"
Interlude,0xA3C,4,0,"??0Interlude@@QAE@XZ: mov dword ptr [esi + 0xa3c], edi at 0x0045F290"
Interlude,0xA4C,4,0,"??0Interlude@@QAE@XZ: mov dword ptr [esi + 0xa4c], 0x6693ac at 0x0045F236"
Interlude,0xA50,4,0,"??0Interlude@@QAE@XZ: mov dword ptr [esi + 0xa50], eax at 0x0045F248"
Interlude,0xAD4,4,0,"?on_redraw@Interlude@@QAEHXZ: mov ecx, dword ptr [esi + 0xad4] at 0x0045F5D8"
Interlude,0xAD8,4,0,"?on_redraw@Interlude@@QAEHXZ: mov eax, dword ptr [esi + 0xad8] at 0x0045F5D2"
JackalVoiceRx,0x0,4,0,"??1JackalVoiceRx@@QAE@XZ: mov edx, dword ptr [esi] at 0x00538ED4"
JackalVoiceRx,0x8,4,0,"??1JackalVoiceRx@@QAE@XZ: cmp dword ptr [esi + 8], ebx at 0x00538EC6"
JackalVoiceRx,0xC,4,0,"??1JackalVoiceRx@@QAE@XZ: mov dword ptr [esi + 0xc], ecx at 0x00538ED9"
JackalVoiceRx,0x10,4,0,"??1JackalVoiceRx@@QAE@XZ: cmp dword ptr [esi + 0x10], ebx at 0x00538ECB"
JackalVoiceRx,0x14,4,0,"??1JackalVoiceRx@@QAE@XZ: mov dword ptr [esi + 0x14], ebx at 0x00538F25"
ListBox,0x0,4,0,"??0ListBox@@QAE@H@Z: mov dword ptr [esi], 0x670584 at 0x00609DE1"
ListBox,0x4,4,0,"??0ListBox@@QAE@H@Z: mov dword ptr [esi + 4], edi at 0x00609E46"
ListBox,0x8,4,0,"??0ListBox@@QAE@H@Z: mov dword ptr [esi + 8], edi at 0x00609E49"
ListBox,0xC,4,0,"??0ListBox@@QAE@H@Z: mov dword ptr [esi + 0xc], edi at 0x00609EA5"
ListBox,0x10,4,0,"??0ListBox@@QAE@H@Z: mov dword ptr [esi + 0x10], edx at 0x00609E52"
ListBox,0x14,4,0,"??0ListBox@@QAE@H@Z: mov dword ptr [esi + 0x14], eax at 0x00609E5A"
ListBox,0x18,4,0,"??0ListBox@@QAE@H@Z: mov dword ptr [esi + 0x18], edi at 0x00609E5D"
ListBox,0x1C,4,0,"??0ListBox@@QAE@H@Z: mov dword ptr [esi + 0x1c], edi at 0x00609E60"
ListBox,0x20,4,0,"??0ListBox@@QAE@H@Z: mov dword ptr [esi + 0x20], edi at 0x00609E63"
ListBox,0x24,4,0,"??0ListBox@@QAE@H@Z: mov dword ptr [esi + 0x24], ecx at 0x00609E6C"
ListBox,0x28,4,0,"??0ListBox@@QAE@H@Z: mov dword ptr [esi + 0x28], edx at 0x00609E77"
ListBox,0x2C,4,0,"??0ListBox@@QAE@H@Z: mov dword ptr [esi + 0x2c], eax at 0x00609E82"
ListBox,0x30,4,0,"??0ListBox@@QAE@H@Z: mov dword ptr [esi + 0x30], edi at 0x00609E7F"
ListBox,0x34,4,0,"??0ListBox@@QAE@H@Z: mov dword ptr [esi + 0x34], edi at 0x00609E85"
ListBox,0x38,4,0,"??0ListBox@@QAE@H@Z: mov dword ptr [esi + 0x38], edi at 0x00609E88"
ListBox,0x3C,4,0,"??0ListBox@@QAE@H@Z: mov dword ptr [esi + 0x3c], edi at 0x00609E8B"
ListBox,0x40,4,0,"??0ListBox@@QAE@H@Z: mov dword ptr [esi + 0x40], edi at 0x00609E8E"
Lock,0x0,1,0,"?clear@Lock@@QAEXXZ: mov byte ptr [edx], bl at 0x00590107"
Lock,0x4,4,0,"?clear@Lock@@QAEXXZ: mov dword ptr [eax - 4], esi at 0x005900FE"
Lock,0x8,4,0,"?clear@Lock@@QAEXXZ: mov dword ptr [eax], esi at 0x005900FC"
Lock,0xC,4,0,"?clear@Lock@@QAEXXZ: mov dword ptr [eax + 4], ebx at 0x005900F9"
Lock,0x28,1,0,"?check_global@Lock@@QAEXXZ: test byte ptr [ecx], 1 at 0x005901FE"
Lock,0xE0,4,0,"?clear@Lock@@QAEXXZ: mov dword ptr [ecx + 0xe0], ebx at 0x005900D5"
Lock,0xE4,4,0,"?clear@Lock@@QAEXXZ: mov dword ptr [ecx + 0xe4], ebx at 0x005900DB"
Lock,0xE8,4,0,"?clear@Lock@@QAEXXZ: mov dword ptr [ecx + 0xe8], ebx at 0x005900E1"
Log,0x0,4,0,"??0Log@@QAE@XZ: mov dword ptr [eax], 0 at 0x00625FB2"
Log,0x4,4,0,"??0Log@@QAE@XZ: mov dword ptr [eax + 4], 0 at 0x00625FB8"
MAmbience,0x0,4,0,"??0MAmbience@@QAE@XZ: mov dword ptr [esi], 0x66be28 at 0x0044731A"
MAmbience,0x58,4,0,"??0MAmbience@@QAE@XZ: mov dword ptr [esi + 0x58], eax at 0x00447320"
MAmbience,0x5C,4,0,"??0MAmbience@@QAE@XZ: mov dword ptr [esi + 0x5c], eax at 0x00447323"
MAmbience,0x60,4,0,"??0MAmbience@@QAE@XZ: mov dword ptr [esi + 0x60], eax at 0x00447326"
MAmbience,0x64,4,0,"??0MAmbience@@QAE@XZ: mov dword ptr [esi + 0x64], eax at 0x00447329"
MAmbience,0x68,4,0,"??0MAmbience@@QAE@XZ: mov dword ptr [esi + 0x68], eax at 0x00447332"
MAmbience,0x6C,1,0,"??0MAmbience@@QAE@XZ: mov byte ptr [esi + 0x6c], al at 0x0044732C"
MAmbience,0x6D,1,0,"??0MAmbience@@QAE@XZ: mov byte ptr [esi + 0x6d], al at 0x0044732F"
MAmbience,0x70,4,0,"??0MAmbience@@QAE@XZ: mov dword ptr [esi + 0x70], eax at 0x00447335"
MCIVideo,0x0,4,0,"?close@MCIVideo@@QAEXXZ: mov eax, dword ptr [esi] at 0x005FFE16"
MCIVideo,0x4,2,0,"??0MCIVideo@@QAE@XZ: mov word ptr [esi + 4], ax at 0x005FFD8D"
MCIVideo,0x8,4,0,"??0MCIVideo@@QAE@XZ: mov dword ptr [esi + 8], eax at 0x005FFD91"
MCIVideo,0xC,4,0,"??0MCIVideo@@QAE@XZ: mov dword ptr [esi + 0xc], eax at 0x005FFD94"
MCIVideo,0x468,4,0,"??0MCIVideo@@QAE@XZ: mov dword ptr [esi + 0x468], eax at 0x005FFD97"
MCIVideo,0x46C,4,0,"?load@MCIVideo@@QAEHPADPAUWin@@HH@Z: mov dword ptr [esi + 0x46c], eax at 0x005FFFD8"
MCIVideo,0x470,4,0,"?load@MCIVideo@@QAEHPADPAUWin@@HH@Z: mov dword ptr [esi + 0x470], ecx at 0x005FFFCD"
MainInterface,0x0,4,0,"??0MainInterface@@QAE@XZ: mov dword ptr [esi], 0x66c598 at 0x0045F196"
MainInterface,0x3EC,4,0,"?on_status@MainInterface@@QAEXH@Z: mov edx, dword ptr [esi] at 0x0045CABA"
MainInterface,0x444,4,0,"??0MainInterface@@QAE@XZ: mov dword ptr [esi + 0x444], 0x66c590 at 0x0045F19C"
MainInterface,0xA14,4,0,"??0MainInterface@@QAE@XZ: mov dword ptr [esi + 0xa14], 0x66a6e4 at 0x0045EF53"
MainInterface,0xA18,4,0,"?init@MainInterface@@QAEHH@Z: mov dword ptr [eax + 4], edx at 0x004596F2"
MainInterface,0xA1C,4,0,"?init@MainInterface@@QAEHH@Z: mov dword ptr [esi + 0xa1c], eax at 0x004597D9"
MainInterface,0xA20,4,0,"?init@MainInterface@@QAEHH@Z: mov dword ptr [esi + 0xa20], 0x157 at 0x004597DF"
MainInterface,0xA24,4,0,"?init@MainInterface@@QAEHH@Z: mov dword ptr [esi + 0xa24], 0x320 at 0x004597E9"
MainInterface,0xA28,4,0,"?init@MainInterface@@QAEHH@Z: mov dword ptr [esi + 0xa28], 0x258 at 0x004597F3"
MainInterface,0xA2C,4,0,"?init@MainInterface@@QAEHH@Z: mov dword ptr [edi], edx at 0x00459B16"
MainInterface,0xA30,4,0,"?init@MainInterface@@QAEHH@Z: mov dword ptr [edi + 4], ecx at 0x00459B18"
MainInterface,0xA34,4,0,"?init@MainInterface@@QAEHH@Z: mov dword ptr [edi + 8], eax at 0x00459B1E"
MainInterface,0xA38,4,0,"?init@MainInterface@@QAEHH@Z: mov dword ptr [edi + 0xc], ecx at 0x00459B21"
MainInterface,0xA3C,4,0,"?init@MainInterface@@QAEHH@Z: mov dword ptr [esi + 0xa3c], edx at 0x00459B39"
MainInterface,0xA40,4,0,"?init@MainInterface@@QAEHH@Z: mov dword ptr [edi + 4], edx at 0x00459B42"
MainInterface,0xA44,4,0,"?init@MainInterface@@QAEHH@Z: mov dword ptr [edi + 8], eax at 0x00459B45"
MainInterface,0xA48,4,0,"?init@MainInterface@@QAEHH@Z: mov dword ptr [edi + 0xc], ecx at 0x00459B48"
MainInterface,0xA4C,4,0,"?init@MainInterface@@QAEHH@Z: mov dword ptr [esi + 0xa4c], edi at 0x00459B69"
MainInterface,0xA50,4,0,"?init@MainInterface@@QAEHH@Z: mov dword ptr [edx + 4], ecx at 0x00459B6F"
MainInterface,0xA54,4,0,"?init@MainInterface@@QAEHH@Z: mov dword ptr [edx + 8], eax at 0x00459B72"
MainInterface,0xA58,4,0,"?init@MainInterface@@QAEHH@Z: mov dword ptr [edx + 0xc], eax at 0x00459B78"
MainInterface,0xA5C,4,0,"?init@MainInterface@@QAEHH@Z: mov dword ptr [esi + 0xa5c], 0xa at 0x004597FD"
MainInterface,0xA60,4,0,"?init@MainInterface@@QAEHH@Z: mov dword ptr [esi + 0xa60], 0x14 at 0x00459807"
MainInterface,0xA64,4,0,"?init@MainInterface@@QAEHH@Z: mov dword ptr [esi + 0xa64], ecx at 0x00459811"
MainInterface,0xA68,4,0,"?init@MainInterface@@QAEHH@Z: mov dword ptr [esi + 0xa68], 0x22 at 0x00459817"
MainInterface,0xA6C,4,0,"?init@MainInterface@@QAEHH@Z: mov dword ptr [esi + 0xa6c], 0x2ac at 0x00459826"
MainInterface,0xA70,4,0,"?init@MainInterface@@QAEHH@Z: mov dword ptr [esi + 0xa70], 0x16 at 0x00459830"
MainInterface,0xA74,4,0,"?init@MainInterface@@QAEHH@Z: mov dword ptr [esi + 0xa74], 0x316 at 0x0045983A"
MainInterface,0xA78,4,0,"?init@MainInterface@@QAEHH@Z: mov dword ptr [esi + 0xa78], 0x24 at 0x00459844"
MainInterface,0xA7C,4,0,"?init@MainInterface@@QAEHH@Z: mov dword ptr [esi + 0xa7c], eax at 0x00459D1E"
MainInterface,0xA80,4,0,"?init@MainInterface@@QAEHH@Z: mov dword ptr [edx + 4], ecx at 0x00459D27"
MainInterface,0xA84,4,0,"?init@MainInterface@@QAEHH@Z: mov dword ptr [edx + 8], eax at 0x00459D2D"
MainInterface,0xA88,4,0,"?init@MainInterface@@QAEHH@Z: mov dword ptr [edx + 0xc], ecx at 0x00459D30"
MainInterface,0xA8C,4,0,"?init@MainInterface@@QAEHH@Z: mov dword ptr [esi + 0xa8c], edx at 0x00459DD4"
MainInterface,0xA90,4,0,"?init@MainInterface@@QAEHH@Z: mov dword ptr [ecx + 4], edx at 0x00459DDD"
MainInterface,0xA94,4,0,"?init@MainInterface@@QAEHH@Z: mov dword ptr [ecx + 8], eax at 0x00459DE0"
MainInterface,0xA98,4,0,"?init@MainInterface@@QAEHH@Z: mov dword ptr [ecx + 0xc], eax at 0x00459DE6"
MainInterface,0xA9C,4,0,"?init@MainInterface@@QAEHH@Z: mov dword ptr [edx], ecx at 0x00459DAC"
MainInterface,0xAA0,4,0,"?init@MainInterface@@QAEHH@Z: mov dword ptr [edx + 4], ecx at 0x00459DB4"
MainInterface,0xAA4,4,0,"?init@MainInterface@@QAEHH@Z: mov dword ptr [edx + 8], eax at 0x00459DBA"
MainInterface,0xAA8,4,0,"?init@MainInterface@@QAEHH@Z: mov dword ptr [edx + 0xc], ecx at 0x00459DBD"
MainInterface,0xCCC,4,0,"?init@MainInterface@@QAEHH@Z: mov dword ptr [edx], ecx at 0x00459C91"
MainInterface,0xCD0,4,0,"?init@MainInterface@@QAEHH@Z: mov dword ptr [edx + 4], ecx at 0x00459C99"
MainInterface,0xCD4,4,0,"?init@MainInterface@@QAEHH@Z: mov dword ptr [edx + 8], ecx at 0x00459CA2"
MainInterface,0xCD8,4,0,"?init@MainInterface@@QAEHH@Z: mov dword ptr [edx + 0xc], ecx at 0x00459CAB"
MainInterface,0xCDC,4,0,"?init@MainInterface@@QAEHH@Z: mov dword ptr [edx], edi at 0x00459BD2"
MainInterface,0xCE0,4,0,"?init@MainInterface@@QAEHH@Z: mov dword ptr [edx + 4], edi at 0x00459BD7"
MainInterface,0xCE4,4,0,"?init@MainInterface@@QAEHH@Z: mov dword ptr [edx + 8], edi at 0x00459BDD"
MainInterface,0xCE8,4,0,"?init@MainInterface@@QAEHH@Z: mov dword ptr [edx + 0xc], eax at 0x00459BE3"
MainInterface,0xCEC,4,0,"?init@MainInterface@@QAEHH@Z: mov dword ptr [ecx], edx at 0x00459C3F"
MainInterface,0xCF0,4,0,"?init@MainInterface@@QAEHH@Z: mov dword ptr [ecx + 4], edx at 0x00459C44"
MainInterface,0xCF4,4,0,"?init@MainInterface@@QAEHH@Z: mov dword ptr [ecx + 8], edx at 0x00459C4A"
MainInterface,0xCF8,4,0,"?init@MainInterface@@QAEHH@Z: mov dword ptr [ecx + 0xc], eax at 0x00459C50"
MainInterface,0xCFC,4,0,"?init@MainInterface@@QAEHH@Z: mov dword ptr [edx], eax at 0x00459D6C"
MainInterface,0xD00,4,0,"?init@MainInterface@@QAEHH@Z: mov dword ptr [edx + 4], ecx at 0x00459D71"
MainInterface,0xD04,4,0,"?init@MainInterface@@QAEHH@Z: mov dword ptr [edx + 8], ecx at 0x00459D77"
MainInterface,0xD08,4,0,"?init@MainInterface@@QAEHH@Z: mov dword ptr [edx + 0xc], eax at 0x00459D7C"
MainInterface,0xD0C,4,0,"?init@MainInterface@@QAEHH@Z: mov dword ptr [esi + 0xd0c], ecx at 0x00459E15"
MainInterface,0xD10,4,0,"?init@MainInterface@@QAEHH@Z: mov dword ptr [edx + 4], ecx at 0x00459E1E"
MainInterface,0xD14,4,0,"?init@MainInterface@@QAEHH@Z: mov dword ptr [edx + 8], eax at 0x00459E27"
MainInterface,0xD18,4,0,"?init@MainInterface@@QAEHH@Z: mov dword ptr [edx + 0xc], ebx at 0x00459E2A"
MainInterface,0xD1C,4,0,"?init@MainInterface@@QAEHH@Z: mov dword ptr [edi], ecx at 0x00459BB1"
MainInterface,0xD20,4,0,"?init@MainInterface@@QAEHH@Z: mov dword ptr [edi + 4], edx at 0x00459BB9"
MainInterface,0xD24,4,0,"?init@MainInterface@@QAEHH@Z: mov dword ptr [edi + 8], eax at 0x00459BBC"
MainInterface,0xD28,4,0,"?init@MainInterface@@QAEHH@Z: mov dword ptr [edi + 0xc], ecx at 0x00459BC5"
MainInterface,0xD2C,4,0,"?init@MainInterface@@QAEHH@Z: mov dword ptr [esi + 0xd2c], edx at 0x004598A4"
MainInterface,0xD30,4,0,"?init@MainInterface@@QAEHH@Z: mov dword ptr [esi + 0xd30], eax at 0x004598AA"
MainInterface,0xD34,4,0,"?init@MainInterface@@QAEHH@Z: mov dword ptr [esi + 0xd34], 0x24a at 0x004598B0"
MainInterface,0xD38,4,0,"?init@MainInterface@@QAEHH@Z: mov dword ptr [esi + 0xd38], 0x2b at 0x004598BA"
MainInterface,0xD3C,4,0,"?init@MainInterface@@QAEHH@Z: mov dword ptr [esi + 0xd3c], 0xf4 at 0x00459AC5"
MainInterface,0xD40,4,0,"?init@MainInterface@@QAEHH@Z: mov dword ptr [esi + 0xd40], eax at 0x00459ADE"
MainInterface,0xD44,4,0,"?init@MainInterface@@QAEHH@Z: mov dword ptr [esi + 0xd44], 0x30b at 0x00459AD1"
MainInterface,0xD48,4,0,"?init@MainInterface@@QAEHH@Z: mov dword ptr [esi + 0xd48], eax at 0x00459AE7"
MainInterface,0xD6C,4,0,"?draw_edit_pane@MainInterface@@QAEXXZ: mov ecx, dword ptr [eax] at 0x0045B585"
MainInterface,0xD70,4,0,"?draw_edit_pane@MainInterface@@QAEXXZ: mov edx, dword ptr [eax + 4] at 0x0045B58E"
MainInterface,0xD74,4,0,"?draw_edit_pane@MainInterface@@QAEXXZ: mov ecx, dword ptr [eax + 8] at 0x0045B594"
MainInterface,0xD78,4,0,"?draw_edit_pane@MainInterface@@QAEXXZ: mov edx, dword ptr [eax + 0xc] at 0x0045B5A0"
MainInterface,0xD7C,4,0,"?init@MainInterface@@QAEHH@Z: mov dword ptr [esi + 0xd7c], 0xd5 at 0x00459726"
MainInterface,0xD80,4,0,"?init@MainInterface@@QAEHH@Z: mov dword ptr [esi + 0xd80], 4 at 0x00459735"
MainInterface,0xD84,4,0,"?init@MainInterface@@QAEHH@Z: mov dword ptr [esi + 0xd84], 0x38 at 0x00459755"
MainInterface,0xD88,4,0,"?init@MainInterface@@QAEHH@Z: mov dword ptr [esi + 0xd88], 0xf5 at 0x0045975F"
MainInterface,0xD8C,4,0,"?init@MainInterface@@QAEHH@Z: mov dword ptr [esi + 0xd8c], eax at 0x00459769"
MainInterface,0xD90,4,0,"?init@MainInterface@@QAEHH@Z: mov dword ptr [ebx], 0x22b at 0x0045976F"
MainInterface,0xD94,4,0,"?init@MainInterface@@QAEHH@Z: mov dword ptr [ebx + 4], 0x39 at 0x00459775"
MainInterface,0xD98,4,0,"?init@MainInterface@@QAEHH@Z: mov dword ptr [ebx + 8], 0x31c at 0x0045977C"
MainInterface,0xD9C,4,0,"?init@MainInterface@@QAEHH@Z: mov dword ptr [ebx + 0xc], edx at 0x00459783"
MainInterface,0xDA0,4,0,"?init@MainInterface@@QAEHH@Z: mov dword ptr [esi + 0xda0], 0x105 at 0x00459786"
MainInterface,0xDA4,4,0,"?init@MainInterface@@QAEHH@Z: mov dword ptr [esi + 0xda4], 0x42 at 0x00459790"
MainInterface,0xDA8,4,0,"?init@MainInterface@@QAEHH@Z: mov dword ptr [esi + 0xda8], 0x21c at 0x0045979A"
MainInterface,0xDAC,4,0,"?init@MainInterface@@QAEHH@Z: mov dword ptr [esi + 0xdac], 0xac at 0x004597A4"
MainInterface,0xDB0,4,0,"?init@MainInterface@@QAEHH@Z: mov dword ptr [esi + 0xdb0], 0xf4 at 0x004597B6"
MainInterface,0xDB4,4,0,"?init@MainInterface@@QAEHH@Z: mov dword ptr [esi + 0xdb4], 0xbc at 0x004597C0"
MainInterface,0xDB8,4,0,"?init@MainInterface@@QAEHH@Z: mov dword ptr [esi + 0xdb8], 0x220 at 0x004597CA"
MainInterface,0xDBC,4,0,"?init@MainInterface@@QAEHH@Z: mov dword ptr [esi + 0xdbc], eax at 0x004597AE"
MainInterface,0xDC0,4,0,"?init@MainInterface@@QAEHH@Z: mov dword ptr [edx], edi at 0x00459A63"
MainInterface,0xDC4,4,0,"?init@MainInterface@@QAEHH@Z: mov dword ptr [edx + 4], edi at 0x00459A68"
MainInterface,0xDC8,4,0,"?init@MainInterface@@QAEHH@Z: mov dword ptr [edx + 8], edi at 0x00459A6E"
MainInterface,0xDCC,4,0,"?init@MainInterface@@QAEHH@Z: mov dword ptr [edx + 0xc], eax at 0x00459A74"
MainInterface,0xDD0,4,0,"?init@MainInterface@@QAEHH@Z: mov dword ptr [edx], edi at 0x00459A94"
MainInterface,0xDD4,4,0,"?init@MainInterface@@QAEHH@Z: mov dword ptr [edx + 4], edi at 0x00459A99"
MainInterface,0xDD8,4,0,"?init@MainInterface@@QAEHH@Z: mov dword ptr [edx + 8], edi at 0x00459A9F"
MainInterface,0xDDC,4,0,"?init@MainInterface@@QAEHH@Z: mov dword ptr [edx + 0xc], eax at 0x00459AA5"
MainInterface,0xDE0,4,0,"?init@MainInterface@@QAEHH@Z: mov dword ptr [esi + 0xde0], ecx at 0x00459850"
MainInterface,0xDE4,4,0,"?init@MainInterface@@QAEHH@Z: mov dword ptr [esi + 0xde4], eax at 0x00459856"
MainInterface,0xDE8,4,0,"?init@MainInterface@@QAEHH@Z: mov dword ptr [esi + 0xde8], 0xf7 at 0x0045985C"
MainInterface,0xDEC,4,0,"?init@MainInterface@@QAEHH@Z: mov dword ptr [esi + 0xdec], 0x33 at 0x00459866"
MainInterface,0xDF0,4,0,"?init@MainInterface@@QAEHH@Z: mov dword ptr [esi + 0xdf0], 0x204 at 0x00459871"
MainInterface,0xDF4,4,0,"?init@MainInterface@@QAEHH@Z: mov dword ptr [esi + 0xdf4], 0x11 at 0x0045987B"
MainInterface,0xDF8,4,0,"?init@MainInterface@@QAEHH@Z: mov dword ptr [esi + 0xdf8], 0x2aa at 0x00459885"
MainInterface,0xDFC,4,0,"?init@MainInterface@@QAEHH@Z: mov dword ptr [esi + 0xdfc], 0x41 at 0x0045988F"
MainInterface,0x8A44,4,0,"?on_redraw@MainInterface@@QAEXXZ: mov edx, dword ptr [edi] at 0x0045BD2C"
MainInterface,0x1E0B8,4,0,"?on_status@MainInterface@@QAEXH@Z: mov edx, dword ptr [edi + 0x1e0b8] at 0x0045CAD9"
MainInterface,0x1E8FC,4,0,"?on_redraw@MainInterface@@QAEXXZ: mov eax, dword ptr [esi + 0x1e8fc] at 0x0045BC99"
MainInterface,0x1EAC8,4,0,"?init@MainInterface@@QAEHH@Z: mov dword ptr [esi + 0x1eac8], edx at 0x004596CD"
MainInterface,0x1EACC,4,0,"??1MainInterface@@QAE@XZ: mov dword ptr [edi], 0x66adc8 at 0x0045ED8F"
MainInterface,0x1EF10,4,0,"??1MainInterface@@QAE@XZ: mov dword ptr [edi + 0x444], 0x66adc0 at 0x0045ED95"
MainInterface,0x1F4EC,4,0,"??1MainInterface@@QAE@XZ: mov dword ptr [ebx], 0x669d58 at 0x0045EE26"
MainInterface,0x1F930,4,0,"??1MainInterface@@QAE@XZ: mov dword ptr [ebx + 0x444], 0x669d50 at 0x0045EE2C"
MainInterface,0x1FF98,4,0,"??1MainInterface@@QAE@XZ: mov dword ptr [ecx], 0x669754 at 0x0045EE78"
MainInterface,0x203DC,4,0,"??1MainInterface@@QAE@XZ: mov dword ptr [ecx + 0x444], 0x66974c at 0x0045EE7E"
MainInterface,0x20AE4,4,0,"??1MainInterface@@QAE@XZ: mov dword ptr [ecx], 0x669754 at 0x0045EE4A"
MainInterface,0x20CD8,4,0,"?on_iface_mouse_move@MainInterface@@QAEXHH@Z: mov eax, dword ptr [esi + 0x20cd8] at 0x0045D02E"
MainInterface,0x20F28,4,0,"??1MainInterface@@QAE@XZ: mov dword ptr [ecx + 0x444], 0x66974c at 0x0045EE50"
MainInterface,0x2163C,4,0,"??1MainInterface@@QAE@XZ: mov dword ptr [ecx], 0x6698c4 at 0x0045EDB6"
MainInterface,0x21640,4,0,"??1MainInterface@@QAE@XZ: mov edx, dword ptr [ebx - 0x24] at 0x0045EDBC"
MainInterface,0x21650,4,0,"??1MainInterface@@QAE@XZ: mov dword ptr [ebx - 0x14], 0 at 0x0045EDD6"
MainInterface,0x21664,4,0,"??1MainInterface@@QAE@XZ: mov dword ptr [edi + 0x2b98], 0x6693ac at 0x0045EE16"
MainInterface,0x21668,4,0,"??1MainInterface@@QAE@XZ: mov edx, dword ptr [edi + 0x2b9c] at 0x0045EE10"
MainInterface,0x216E4,4,0,"?init@MainInterface@@QAEHH@Z: mov dword ptr [esi + 0x216e4], edx at 0x00459710"
MainInterface,0x216E8,4,0,"?init@MainInterface@@QAEHH@Z: mov dword ptr [esi + 0x216e8], edx at 0x00459704"
MainInterface,0x216EC,4,0,"?init@MainInterface@@QAEHH@Z: mov dword ptr [esi + 0x216ec], edx at 0x0045970A"
MainInterface,0x216F0,4,0,"?init@MainInterface@@QAEHH@Z: mov dword ptr [esi + 0x216f0], 0xffffffff at 0x004596FA"
MainInterface,0x24AFC,4,0,"?redraw_complete@MainInterface@@QAEXXZ: mov eax, dword ptr [esi + 0x24afc] at 0x0045C48B"
MainInterface,0x24B00,4,0,"?redraw_complete@MainInterface@@QAEXXZ: mov edx, dword ptr [esi + 0x24b00] at 0x0045C485"
MainMenu,0x0,4,0,"?menu_init@MainMenu@@QAEHXZ: mov eax, dword ptr [esi] at 0x00460DB7"
MapWin,0x0,4,0,"??0MapWin@@QAE@H@Z: mov dword ptr [esi], 0x66c870 at 0x00462714"
MapWin,0x4,4,0,"??0MapWin@@QAE@H@Z: mov dword ptr [esi + 4], edi at 0x00462828"
MapWin,0x1DD6C,4,0,"?calculate_dimensions@MapWin@@QAEXXZ: mov dword ptr [esi + 0x1dd6c], 0x19 at 0x00462D1D"
MapWin,0x1DD70,4,0,"?clear@MapWin@@QAEXH@Z: mov dword ptr [esi + 0x1dd70], 0 at 0x0046288E"
MapWin,0x1DD74,4,0,"??0MapWin@@QAE@H@Z: mov dword ptr [esi + 0x1dd74], edi at 0x00462822"
MapWin,0x1DD78,4,0,"?clear@MapWin@@QAEXH@Z: mov dword ptr [esi + 0x1dd78], edi at 0x0046287C"
MapWin,0x1DD80,4,0,"??0MapWin@@QAE@H@Z: mov dword ptr [esi + 0x1dd80], edi at 0x0046282B"
MapWin,0x1DD84,4,0,"?direct_dest_line@MapWin@@QAEXHHHHHHHH@Z: mov eax, dword ptr [esi + 0x1dd84] at 0x0046738B"
MapWin,0x1DD88,4,0,"?click@MapWin@@QAEXHHH@Z: mov eax, dword ptr [esi + 0x1dd88] at 0x0046D602"
MapWin,0x1DD8C,4,0,"??0MapWin@@QAE@H@Z: mov dword ptr [esi + 0x1dd8c], edi at 0x00462831"
MapWin,0x1DD90,4,0,"?editor@MapWin@@QAEXHHH@Z: cmp edi, dword ptr [ecx + 0x1dd90] at 0x0046B52E"
MapWin,0x1DD94,4,0,"?editor@MapWin@@QAEXHHH@Z: cmp eax, dword ptr [ecx + 0x1dd94] at 0x0046B536"
MapWin,0x1DD98,4,0,"?clear@MapWin@@QAEXH@Z: mov dword ptr [esi + 0x1dd98], eax at 0x004628A9"
MapWin,0x1DD9C,4,0,"?clear@MapWin@@QAEXH@Z: mov dword ptr [esi + 0x1dd9c], edx at 0x004628DC"
MapWin,0x1DDA0,4,0,"?clear@MapWin@@QAEXH@Z: mov dword ptr [esi + 0x1dda0], ecx at 0x004628C1"
MapWin,0x1DDA4,4,0,"?calculate_dimensions@MapWin@@QAEXXZ: mov dword ptr [esi + 0x1dda4], eax at 0x00462C2C"
MapWin,0x1DDA8,4,0,"?calculate_dimensions@MapWin@@QAEXXZ: mov dword ptr [esi + 0x1dda8], eax at 0x00462BCD"
MapWin,0x1DDAC,4,0,"?calculate_dimensions@MapWin@@QAEXXZ: mov dword ptr [esi + 0x1ddac], ecx at 0x00462987"
MapWin,0x1DDB0,4,0,"?calculate_dimensions@MapWin@@QAEXXZ: mov dword ptr [esi + 0x1ddb0], ecx at 0x0046298D"
MapWin,0x1DDB4,4,0,"?calculate_dimensions@MapWin@@QAEXXZ: mov dword ptr [esi + 0x1ddb4], edi at 0x00462A14"
MapWin,0x1DDB8,4,0,"?calculate_dimensions@MapWin@@QAEXXZ: mov dword ptr [esi + 0x1ddb8], ebx at 0x00462A1A"
MapWin,0x1DDBC,4,0,"?calculate_dimensions@MapWin@@QAEXXZ: mov dword ptr [esi + 0x1ddbc], edx at 0x00462A08"
MapWin,0x1DDC0,4,0,"?calculate_dimensions@MapWin@@QAEXXZ: mov dword ptr [esi + 0x1ddc0], ecx at 0x00462A0E"
MapWin,0x1DDC4,4,0,"?calculate_dimensions@MapWin@@QAEXXZ: mov dword ptr [esi + 0x1ddc4], ecx at 0x004629F8"
MapWin,0x1DDC8,4,0,"?calculate_dimensions@MapWin@@QAEXXZ: mov dword ptr [esi + 0x1ddc8], eax at 0x004629D4"
MapWin,0x1DDCC,4,0,"?calculate_dimensions@MapWin@@QAEXXZ: mov dword ptr [esi + 0x1ddcc], eax at 0x00462A33"
MapWin,0x1DDD0,4,0,"?calculate_dimensions@MapWin@@QAEXXZ: mov dword ptr [esi + 0x1ddd0], eax at 0x00462A4C"
MapWin,0x1DDD4,4,0,"?calculate_dimensions@MapWin@@QAEXXZ: mov dword ptr [esi + 0x1ddd4], eax at 0x00462A6C"
MapWin,0x1DDD8,4,0,"?calculate_dimensions@MapWin@@QAEXXZ: mov dword ptr [esi + 0x1ddd8], eax at 0x00462A8B"
MapWin,0x1DDDC,4,0,"?calculate_dimensions@MapWin@@QAEXXZ: mov dword ptr [esi + 0x1dddc], edi at 0x00462CD2"
MapWin,0x1DDE0,4,0,"?calculate_dimensions@MapWin@@QAEXXZ: mov dword ptr [esi + 0x1dde0], ecx at 0x00462D17"
MapWin,0x1DE24,4,0,"?click@MapWin@@QAEXHHH@Z: mov edi, dword ptr [esi + 0x1de24] at 0x0046D6CA"
MapWin,0x1EEC0,4,0,"??0MapWin@@QAE@H@Z: mov dword ptr [esi + 0x1eec0], 0xffffd8f1 at 0x00462843"
MapWin,0x1EEC4,4,0,"??0MapWin@@QAE@H@Z: mov dword ptr [esi + 0x1eec4], 0xffffffff at 0x0046284D"
MapWin,0x1EEF0,4,0,"?calculate_dimensions@MapWin@@QAEXXZ: cmp dword ptr [esi + 0x1eef0], eax at 0x00462E4F"
MapWin,0x1EEF4,4,0,"?draw_wars@MapWin@@QAEXXZ: mov eax, dword ptr [edi] at 0x004698EF"
MapWin,0x1EF00,4,0,"?draw_wars@MapWin@@QAEXXZ: mov eax, dword ptr [edi + 0xc] at 0x00469902"
MapWin,0x1EF04,4,0,"?draw_wars@MapWin@@QAEXXZ: mov ecx, dword ptr [edi + 0x10] at 0x004698F8"
MapWin,0x1EF1C,4,0,"?calculate_dimensions@MapWin@@QAEXXZ: cmp dword ptr [esi + 0x1ef1c], edx at 0x00462ED3"
MapWin,0x1EF48,4,0,"?calculate_dimensions@MapWin@@QAEXXZ: cmp dword ptr [esi + 0x1ef48], eax at 0x00462E8E"
MapWin,0x1EF4C,4,0,"??0MapWin@@QAE@H@Z: mov dword ptr [esi + 0x1ef4c], edi at 0x0046283D"
MapWin,0x1EF50,4,0,"?clear@MapWin@@QAEXH@Z: mov dword ptr [esi + 0x1ef50], 0x7f00 at 0x0046292B"
MapWin,0x21A44,4,0,"??0MapWin@@QAE@H@Z: mov dword ptr [esi + 0x21a44], edi at 0x00462837"
MapWin,0x21A48,4,0,"?gen_map@MapWin@@QAEXHH@Z: mov eax, dword ptr [esi + 0x21a48] at 0x00469DDC"
MapWin,0x21A4C,4,0,"?gen_map@MapWin@@QAEXHH@Z: cmp ebx, dword ptr [esi + 0x21a4c] at 0x00469DC8"
MapWin,0x21A50,4,0,"?gen_map@MapWin@@QAEXHH@Z: mov ecx, dword ptr [esi + 0x21a50] at 0x00469DE2"
MapWin,0x21A54,4,0,"?gen_map@MapWin@@QAEXHH@Z: cmp ebx, dword ptr [esi + 0x21a54] at 0x00469DD4"
MapWin,0x21A58,4,0,"?gen_map@MapWin@@QAEXHH@Z: mov eax, dword ptr [esi + 0x21a58] at 0x00469DA2"
MapWin,0x21A5C,4,0,"?gen_map@MapWin@@QAEXHH@Z: cmp ebx, dword ptr [esi + 0x21a5c] at 0x00469D92"
MapWin,0x21A60,4,0,"?gen_map@MapWin@@QAEXHH@Z: mov ecx, dword ptr [esi + 0x21a60] at 0x00469DA8"
MapWin,0x21A64,4,0,"?gen_map@MapWin@@QAEXHH@Z: cmp ebx, dword ptr [esi + 0x21a64] at 0x00469D9A"
Menu,0x0,4,0,"??0Menu@@QAE@XZ: mov dword ptr [esi], 0x6700b0 at 0x005FAC94"
Menu,0xC4,4,0,"?menu_event@Menu@@QAEHH@Z: mov esi, dword ptr [esi + 0xc4] at 0x005FB8AB"
Menu,0x440,4,0,"?on_redraw@Menu@@QAEXXZ: mov eax, dword ptr [ecx - 4] at 0x005FC4A4"
Menu,0x444,4,0,"??0Menu@@QAE@XZ: mov dword ptr [esi + 0x444], 0x6700a8 at 0x005FAC9A"
Menu,0x474,4,0,"?on_redraw@Menu@@QAEXXZ: mov ecx, dword ptr [edi] at 0x005FC2E2"
Menu,0x478,4,0,"?on_redraw@Menu@@QAEXXZ: mov edx, dword ptr [edi + 4] at 0x005FC2EA"
Menu,0x47C,4,0,"?on_redraw@Menu@@QAEXXZ: mov edx, dword ptr [edi + 8] at 0x005FC2F7"
Menu,0x480,4,0,"?on_redraw@Menu@@QAEXXZ: mov edi, dword ptr [edi + 0xc] at 0x005FC301"
Menu,0x4C4,4,0,"?compute@Menu@@QAEXXZ: mov esi, dword ptr [esi + 0x4c4] at 0x005FBA02"
Menu,0x4C8,4,0,"?mouse_move@Menu@@QAEXHH@Z: mov eax, dword ptr [esi + 0x4c8] at 0x005FBE88"
Menu,0x980,4,0,"?on_redraw@Menu@@QAEXXZ: mov ecx, dword ptr [ebp + 0x980] at 0x005FC423"
Menu,0xA14,4,0,"??0Menu@@QAE@XZ: mov dword ptr [esi + 0xa14], ebx at 0x005FACA4"
Menu,0xA18,4,0,"??0Menu@@QAE@XZ: mov dword ptr [esi + 0xa18], ebx at 0x005FACAA"
Menu,0xA20,4,0,"??0Menu@@QAE@XZ: mov dword ptr [esi + 0xa20], ebx at 0x005FACB0"
Menu,0xA24,4,0,"??0Menu@@QAE@XZ: mov dword ptr [esi + 0xa24], 0xffffffff at 0x005FACB6"
Menu,0xA28,1,0,"?menu_event@Menu@@QAEHH@Z: test byte ptr [esi + 0xa28], 4 at 0x005FB88A"
Menu,0xA2C,4,0,"?mouse_move@Menu@@QAEXHH@Z: mov ecx, dword ptr [edi] at 0x005FBE7D"
Menu,0xA38,4,0,"??0Menu@@QAE@XZ: mov dword ptr [eax], 0xffffffff at 0x005FACCE"
Menu,0xA3C,4,0,"??0Menu@@QAE@XZ: mov dword ptr [eax + 4], ebx at 0x005FACCB"
Menu,0xA40,1,0,"??0Menu@@QAE@XZ: mov byte ptr [eax + 8], bl at 0x005FACD4"
Menu,0xA44,4,0,"??0Menu@@QAE@XZ: mov dword ptr [eax + 0xc], ebx at 0x005FACD7"
Menu,0xA48,4,0,"??0Menu@@QAE@XZ: mov dword ptr [eax + 0x10], ebx at 0x005FACDA"
MessageWin,0x2C,4,0,"?init@MessageWin@@QAEXXZ: mov dword ptr [eax], ecx at 0x00471DC5"
MessageWin,0x30,4,0,"?init@MessageWin@@QAEXXZ: mov dword ptr [eax + 4], edx at 0x00471DCD"
MessageWin,0x34,4,0,"?init@MessageWin@@QAEXXZ: mov dword ptr [eax + 8], ecx at 0x00471DD6"
MessageWin,0x38,4,0,"?init@MessageWin@@QAEXXZ: mov dword ptr [eax + 0xc], edx at 0x00471DE1"
MessageWin,0x64,4,0,"?add_message@MessageWin@@QAEXPADH@Z: mov eax, dword ptr [edi + 0x64] at 0x0047154A"
MessageWin,0x74,4,0,"?init@MessageWin@@QAEXXZ: mov dword ptr [esi + 0x74], eax at 0x00471E47"
MessageWin,0x78,4,0,"?init@MessageWin@@QAEXXZ: mov dword ptr [esi + 0x78], 0xffffffff at 0x00471E4A"
MessageWin,0x7C,4,0,"?clear@MessageWin@@QAEXXZ: mov dword ptr [ebx + 0x7c], eax at 0x00471850"
MessageWin,0x84,4,0,"?add_message@MessageWin@@QAEXPADH@Z: mov edx, dword ptr [edi + 0x84] at 0x004716CF"
MessageWin,0x90,4,0,"?init@MessageWin@@QAEXXZ: mov dword ptr [esi + 0x90], eax at 0x00471E41"
MessageWin,0x94,4,0,"?init@MessageWin@@QAEXXZ: mov dword ptr [esi + 0x94], 0x471870 at 0x00471EED"
MessageWin,0x98,4,0,"?init@MessageWin@@QAEXXZ: mov dword ptr [esi + 0x98], 0x471fd0 at 0x00471F01"
MessageWin,0x9C,4,0,"?init@MessageWin@@QAEXXZ: mov dword ptr [esi + 0x9c], 0x471f70 at 0x00471EF7"
MessageWin,0xBB8,4,0,"??1MessageWin@@QAE@XZ: mov dword ptr [esi], 0x66adc8 at 0x00472053"
MessageWin,0xFFC,4,0,"??1MessageWin@@QAE@XZ: mov dword ptr [esi + 0x444], 0x66adc0 at 0x00472059"
MessageWin,0x15D8,4,0,"??1MessageWin@@QAE@XZ: mov dword ptr [edi], 0x669d58 at 0x004720C8"
MessageWin,0x1A1C,4,0,"??1MessageWin@@QAE@XZ: mov dword ptr [edi + 0x444], 0x669d50 at 0x004720CE"
MessageWin,0x2BD0,4,0,"??1MessageWin@@QAE@XZ: mov dword ptr [ecx], 0x669754 at 0x004720EC"
MessageWin,0x3014,4,0,"??1MessageWin@@QAE@XZ: mov dword ptr [ecx + 0x444], 0x66974c at 0x004720F2"
MessageWin,0x3728,4,0,"??1MessageWin@@QAE@XZ: mov dword ptr [ecx], 0x6698c4 at 0x0047207A"
MessageWin,0x372C,4,0,"??1MessageWin@@QAE@XZ: mov eax, dword ptr [edi - 0x24] at 0x00472080"
MessageWin,0x373C,4,0,"??1MessageWin@@QAE@XZ: mov dword ptr [edi - 0x14], 0 at 0x0047209A"
MessageWin,0x3750,4,0,"??1MessageWin@@QAE@XZ: mov dword ptr [esi + 0x2b98], 0x6693ac at 0x004720B6"
MessageWin,0x3754,4,0,"??1MessageWin@@QAE@XZ: mov eax, dword ptr [esi + 0x2b9c] at 0x004720AA"
Midi,0x0,4,0,"?unload@Midi@@QAEHXZ: mov eax, dword ptr [esi] at 0x004C7E2D"
Midi,0x4,4,0,"?set_volume@Midi@@QAEXH@Z: mov dword ptr [edi + 4], esi at 0x004C779A"
Midi,0x3C,4,0,"?play@Midi@@QAEHXZ: mov ecx, dword ptr [ecx + 0x3c] at 0x004C7760"
Midi,0x40,4,0,"?unload@Midi@@QAEHXZ: mov eax, dword ptr [esi + 0x40] at 0x004C7E6C"
Midi,0x4C,4,0,"?init@Midi@@QAEHPADK@Z: mov eax, dword ptr [esi + 0x4c] at 0x004C7C6E"
Midi_Device,0x0,4,0,"??0Midi_Device@@QAE@XZ: mov dword ptr [esi], 0x66e098 at 0x004C574D"
Midi_Device,0x8,4,0,"??0Midi_Device@@QAE@XZ: mov dword ptr [esi + 8], 0x7f at 0x004C576A"
Midi_Device,0xC,4,0,"??0Midi_Device@@QAE@XZ: mov dword ptr [esi + 0xc], edi at 0x004C575B"
Midi_Device,0x10,4,0,"??0Midi_Device@@QAE@XZ: mov dword ptr [esi + 0x10], edi at 0x004C5764"
Midi_Device,0x14,4,0,"?create_device@Midi_Device@@QAEHK@Z: mov ecx, dword ptr [ecx + 0x14] at 0x004C56D6"
Midi_Device,0x18,4,0,"??0Midi_Device@@QAE@XZ: mov dword ptr [esi + 0x18], edi at 0x004C575E"
Midi_Device,0x1C,4,0,"??0Midi_Device@@QAE@XZ: mov dword ptr [esi + 0x1c], edi at 0x004C5761"
MonuWin,0x0,4,0,"?close@MonuWin@@QAEXXZ: mov eax, dword ptr [esi] at 0x00476763"
MonuWin,0x444,4,0,"??0MonuWin@@QAE@XZ: mov dword ptr [esi + 0x444], 0x66c878 at 0x00477DAC"
MonuWin,0xA14,4,0,"?init@MonuWin@@QAEHXZ: mov dword ptr [esi + 0xa14], ebx at 0x004722C4"
MonuWin,0xA18,4,0,"?init@MonuWin@@QAEHXZ: mov dword ptr [esi + 0xa18], ebx at 0x004722CA"
MonuWin,0xA1C,4,0,"?init@MonuWin@@QAEHXZ: mov dword ptr [esi + 0xa1c], 0x320 at 0x0047227E"
MonuWin,0xA20,4,0,"?init@MonuWin@@QAEHXZ: mov dword ptr [esi + 0xa20], 0x258 at 0x00472288"
MonuWin,0xA24,4,0,"?init@MonuWin@@QAEHXZ: mov dword ptr [esi + 0xa24], ebx at 0x004722DF"
MonuWin,0xA28,4,0,"?init@MonuWin@@QAEHXZ: mov dword ptr [esi + 0xa28], ebx at 0x004722E5"
MonuWin,0xA2C,4,0,"?init@MonuWin@@QAEHXZ: mov dword ptr [esi + 0xa2c], ecx at 0x004722D5"
MonuWin,0xA30,4,0,"?init@MonuWin@@QAEHXZ: mov dword ptr [esi + 0xa30], eax at 0x004722EB"
MonuWin,0xA34,4,0,"?on_redraw@MonuWin@@QAEXXZ: mov dword ptr [edx], ebx at 0x0047621B"
MonuWin,0xA38,4,0,"?on_redraw@MonuWin@@QAEXXZ: mov dword ptr [edx + 4], ebx at 0x00476220"
MonuWin,0xA3C,4,0,"?on_redraw@MonuWin@@QAEXXZ: mov dword ptr [edx + 8], ebx at 0x00476226"
MonuWin,0xA40,4,0,"?on_redraw@MonuWin@@QAEXXZ: mov dword ptr [edx + 0xc], eax at 0x0047622C"
MonuWin,0xA44,4,0,"?init@MonuWin@@QAEHXZ: mov dword ptr [esi + 0xa44], eax at 0x004723B4"
MonuWin,0xA48,4,0,"?init@MonuWin@@QAEHXZ: mov dword ptr [esi + 0xa48], eax at 0x0047229E"
MonuWin,0xA4C,4,0,"?on_redraw@MonuWin@@QAEXXZ: cmp dword ptr [esi + 0xa4c], ebx at 0x0047378F"
MonuWin,0xA50,4,0,"?on_redraw@MonuWin@@QAEXXZ: mov dword ptr [esi + 0xa50], ecx at 0x00473781"
MonuWin,0xA54,4,0,"?on_redraw@MonuWin@@QAEXXZ: mov dword ptr [esi + 0xa54], edi at 0x004762BA"
MonuWin,0xA58,4,0,"?on_redraw@MonuWin@@QAEXXZ: mov eax, dword ptr [esi + 0xa58] at 0x00476064"
MonuWin,0xE9C,4,0,"??1MonuWin@@QAE@XZ: mov dword ptr [edi + 0x444], 0x66974c at 0x00477C3B"
MonuWin,0x15A4,4,0,"?on_redraw@MonuWin@@QAEXXZ: mov edx, dword ptr [esi + 0x15a4] at 0x00476073"
MonuWin,0x19E8,4,0,"??1MonuWin@@QAE@XZ: mov dword ptr [edi + 0x444], 0x66974c at 0x00477C0C"
MonuWin,0x3134,4,0,"?init@MonuWin@@QAEHXZ: mov dword ptr [esi + 0x3134], 0x13f at 0x00472480"
MonuWin,0x3138,4,0,"?init@MonuWin@@QAEHXZ: mov dword ptr [esi + 0x3138], 0xca at 0x0047248A"
MonuWin,0x313C,4,0,"?init@MonuWin@@QAEHXZ: mov dword ptr [esi + 0x313c], 0x1df at 0x00472494"
MonuWin,0x3140,4,0,"?init@MonuWin@@QAEHXZ: mov dword ptr [esi + 0x3140], 0x12b at 0x0047249E"
MonuWin,0x3144,4,0,"?init@MonuWin@@QAEHXZ: mov dword ptr [esi + 0x3144], 0x90 at 0x00472669"
MonuWin,0x3148,4,0,"?init@MonuWin@@QAEHXZ: mov dword ptr [esi + 0x3148], 0x2f at 0x00472673"
MonuWin,0x314C,4,0,"?init@MonuWin@@QAEHXZ: mov dword ptr [esi + 0x314c], 0x293 at 0x0047267D"
MonuWin,0x3150,4,0,"?init@MonuWin@@QAEHXZ: mov dword ptr [esi + 0x3150], 0x5b at 0x00472687"
MonuWin,0x3154,4,0,"?init@MonuWin@@QAEHXZ: mov dword ptr [esi + 0x3154], 0x65 at 0x00472691"
MonuWin,0x3158,4,0,"?init@MonuWin@@QAEHXZ: mov dword ptr [esi + 0x3158], 0x76 at 0x0047269B"
MonuWin,0x315C,4,0,"?init@MonuWin@@QAEHXZ: mov dword ptr [esi + 0x315c], 0x2bd at 0x004726A5"
MonuWin,0x3160,4,0,"?init@MonuWin@@QAEHXZ: mov dword ptr [esi + 0x3160], 0x1de at 0x004726AF"
MonuWin,0x3164,4,0,"?init@MonuWin@@QAEHXZ: mov dword ptr [esi + 0x3164], ecx at 0x004724AD"
MonuWin,0x3168,4,0,"?init@MonuWin@@QAEHXZ: mov dword ptr [esi + 0x3168], edi at 0x004724B3"
MonuWin,0x316C,4,0,"?init@MonuWin@@QAEHXZ: mov dword ptr [esi + 0x316c], eax at 0x004724B9"
MonuWin,0x3170,4,0,"?init@MonuWin@@QAEHXZ: mov dword ptr [esi + 0x3170], edx at 0x004724BF"
MonuWin,0x3174,4,0,"?init@MonuWin@@QAEHXZ: mov dword ptr [esi + 0x3174], 0x1c7 at 0x004724C5"
MonuWin,0x3178,4,0,"?init@MonuWin@@QAEHXZ: mov dword ptr [esi + 0x3178], edi at 0x004724CF"
MonuWin,0x317C,4,0,"?init@MonuWin@@QAEHXZ: mov dword ptr [esi + 0x317c], ebx at 0x004724D5"
MonuWin,0x3180,4,0,"?init@MonuWin@@QAEHXZ: mov dword ptr [esi + 0x3180], edx at 0x004724DB"
MonuWin,0x3184,4,0,"?init@MonuWin@@QAEHXZ: mov dword ptr [esi + 0x3184], ecx at 0x004724E1"
MonuWin,0x3188,4,0,"?init@MonuWin@@QAEHXZ: mov dword ptr [esi + 0x3188], ecx at 0x004724F7"
MonuWin,0x318C,4,0,"?init@MonuWin@@QAEHXZ: mov dword ptr [esi + 0x318c], eax at 0x004724E7"
MonuWin,0x3190,4,0,"?init@MonuWin@@QAEHXZ: mov dword ptr [esi + 0x3190], eax at 0x004724FD"
MonuWin,0x3194,4,0,"?init@MonuWin@@QAEHXZ: mov dword ptr [esi + 0x3194], 0x1c7 at 0x00472503"
MonuWin,0x3198,4,0,"?init@MonuWin@@QAEHXZ: mov dword ptr [esi + 0x3198], ecx at 0x0047250D"
MonuWin,0x319C,4,0,"?init@MonuWin@@QAEHXZ: mov dword ptr [esi + 0x319c], ebx at 0x00472513"
MonuWin,0x31A0,4,0,"?init@MonuWin@@QAEHXZ: mov dword ptr [esi + 0x31a0], eax at 0x00472519"
MonuWin,0x31A4,4,0,"?init@MonuWin@@QAEHXZ: mov dword ptr [esi + 0x31a4], 0xa3 at 0x0047251F"
MonuWin,0x31A8,4,0,"?init@MonuWin@@QAEHXZ: mov dword ptr [esi + 0x31a8], edi at 0x00472529"
MonuWin,0x31AC,4,0,"?init@MonuWin@@QAEHXZ: mov dword ptr [esi + 0x31ac], 0xcf at 0x0047252F"
MonuWin,0x31B0,4,0,"?init@MonuWin@@QAEHXZ: mov dword ptr [esi + 0x31b0], edx at 0x00472539"
MonuWin,0x31B4,4,0,"?init@MonuWin@@QAEHXZ: mov dword ptr [esi + 0x31b4], 0x24e at 0x0047253F"
MonuWin,0x31B8,4,0,"?init@MonuWin@@QAEHXZ: mov dword ptr [esi + 0x31b8], edi at 0x00472549"
MonuWin,0x31BC,4,0,"?init@MonuWin@@QAEHXZ: mov dword ptr [esi + 0x31bc], 0x27a at 0x0047254F"
MonuWin,0x31C0,4,0,"?init@MonuWin@@QAEHXZ: mov dword ptr [esi + 0x31c0], edx at 0x00472559"
MonuWin,0x31C4,4,0,"?init@MonuWin@@QAEHXZ: mov dword ptr [esi + 0x31c4], 0xb7 at 0x0047255F"
MonuWin,0x31C8,4,0,"?init@MonuWin@@QAEHXZ: mov dword ptr [esi + 0x31c8], ecx at 0x00472569"
MonuWin,0x31CC,4,0,"?init@MonuWin@@QAEHXZ: mov dword ptr [esi + 0x31cc], 0xe3 at 0x0047256F"
MonuWin,0x31D0,4,0,"?init@MonuWin@@QAEHXZ: mov dword ptr [esi + 0x31d0], eax at 0x00472579"
MonuWin,0x31D4,4,0,"?init@MonuWin@@QAEHXZ: mov dword ptr [esi + 0x31d4], 0x23a at 0x0047257F"
MonuWin,0x31D8,4,0,"?init@MonuWin@@QAEHXZ: mov dword ptr [esi + 0x31d8], ecx at 0x00472589"
MonuWin,0x31DC,4,0,"?init@MonuWin@@QAEHXZ: mov dword ptr [esi + 0x31dc], 0x266 at 0x0047258F"
MonuWin,0x31E0,4,0,"?init@MonuWin@@QAEHXZ: mov dword ptr [esi + 0x31e0], eax at 0x00472599"
MonuWin,0x31E4,4,0,"?init@MonuWin@@QAEHXZ: mov dword ptr [esi + 0x31e4], 0 at 0x0047259F"
MonuWin,0x31E8,4,0,"?init@MonuWin@@QAEHXZ: mov dword ptr [esi + 0x31e8], edi at 0x004725A9"
MonuWin,0x31EC,4,0,"?init@MonuWin@@QAEHXZ: mov dword ptr [esi + 0x31ec], 0x2c at 0x004725AF"
MonuWin,0x31F0,4,0,"?init@MonuWin@@QAEHXZ: mov dword ptr [esi + 0x31f0], edx at 0x004725B9"
MonuWin,0x31F4,4,0,"?init@MonuWin@@QAEHXZ: mov dword ptr [esi + 0x31f4], 0x2ee at 0x004725BF"
MonuWin,0x31F8,4,0,"?init@MonuWin@@QAEHXZ: mov dword ptr [esi + 0x31f8], edi at 0x004725C9"
MonuWin,0x31FC,4,0,"?init@MonuWin@@QAEHXZ: mov dword ptr [esi + 0x31fc], 0x31a at 0x004725CF"
MonuWin,0x3200,4,0,"?init@MonuWin@@QAEHXZ: mov dword ptr [esi + 0x3200], edx at 0x004725D9"
MonuWin,0x3204,4,0,"?init@MonuWin@@QAEHXZ: mov dword ptr [esi + 0x3204], 0x25 at 0x004725DF"
MonuWin,0x3208,4,0,"?init@MonuWin@@QAEHXZ: mov dword ptr [esi + 0x3208], ecx at 0x004725E9"
MonuWin,0x320C,4,0,"?init@MonuWin@@QAEHXZ: mov dword ptr [esi + 0x320c], 0x51 at 0x004725EF"
MonuWin,0x3210,4,0,"?init@MonuWin@@QAEHXZ: mov dword ptr [esi + 0x3210], eax at 0x004725F9"
MonuWin,0x3214,4,0,"?init@MonuWin@@QAEHXZ: mov dword ptr [esi + 0x3214], 0x2cc at 0x00472615"
MonuWin,0x3218,4,0,"?init@MonuWin@@QAEHXZ: mov dword ptr [esi + 0x3218], ecx at 0x004725FF"
MonuWin,0x321C,4,0,"?init@MonuWin@@QAEHXZ: mov dword ptr [esi + 0x321c], 0x2f8 at 0x0047261F"
MonuWin,0x3220,4,0,"?init@MonuWin@@QAEHXZ: mov dword ptr [esi + 0x3220], eax at 0x00472605"
MonuWin,0x3224,4,0,"?init@MonuWin@@QAEHXZ: mov dword ptr [esi + 0x3224], 0x45 at 0x00472629"
MonuWin,0x3228,4,0,"?init@MonuWin@@QAEHXZ: mov dword ptr [esi + 0x3228], ecx at 0x00472633"
MonuWin,0x322C,4,0,"?init@MonuWin@@QAEHXZ: mov dword ptr [esi + 0x322c], 0x71 at 0x00472639"
MonuWin,0x3230,4,0,"?init@MonuWin@@QAEHXZ: mov dword ptr [esi + 0x3230], eax at 0x00472643"
MonuWin,0x3234,4,0,"?init@MonuWin@@QAEHXZ: mov dword ptr [esi + 0x3234], 0x2aa at 0x00472649"
MonuWin,0x3238,4,0,"?init@MonuWin@@QAEHXZ: mov dword ptr [esi + 0x3238], ecx at 0x00472653"
MonuWin,0x323C,4,0,"?init@MonuWin@@QAEHXZ: mov dword ptr [esi + 0x323c], 0x2d6 at 0x00472659"
MonuWin,0x3240,4,0,"?init@MonuWin@@QAEHXZ: mov dword ptr [esi + 0x3240], eax at 0x00472663"
MonuWin,0x361C,1,0,"?on_mouse_move@MonuWin@@QAEXHH@Z: mov dl, byte ptr [ecx + 8] at 0x004768EE"
MonuWin,0x3648,1,0,"?on_redraw@MonuWin@@QAEXXZ: mov dl, byte ptr [ecx + 8] at 0x00476582"
MonuWin,0x366C,4,0,"?init@MonuWin@@QAEHXZ: mov dword ptr [esi + 0x366c], 0xfe at 0x0047271F"
MonuWin,0x3670,4,0,"?init@MonuWin@@QAEHXZ: mov dword ptr [esi + 0x3670], ecx at 0x00472729"
MonuWin,0x3674,4,0,"?init@MonuWin@@QAEHXZ: mov dword ptr [esi + 0x3674], 0x138 at 0x0047272F"
MonuWin,0x3678,4,0,"?init@MonuWin@@QAEHXZ: mov dword ptr [esi + 0x3678], eax at 0x00472739"
MonuWin,0x367C,4,0,"?init@MonuWin@@QAEHXZ: mov dword ptr [esi + 0x367c], 0x1e0 at 0x0047273F"
MonuWin,0x3680,4,0,"?init@MonuWin@@QAEHXZ: mov dword ptr [esi + 0x3680], ecx at 0x00472749"
MonuWin,0x3684,4,0,"?init@MonuWin@@QAEHXZ: mov dword ptr [esi + 0x3684], 0x21a at 0x0047274F"
MonuWin,0x3688,4,0,"?init@MonuWin@@QAEHXZ: mov dword ptr [esi + 0x3688], eax at 0x00472759"
MonuWin,0x368C,4,0,"?init@MonuWin@@QAEHXZ: mov dword ptr [esi + 0x368c], 0xc0 at 0x0047275F"
MonuWin,0x3690,4,0,"?init@MonuWin@@QAEHXZ: mov dword ptr [esi + 0x3690], ecx at 0x00472769"
MonuWin,0x3694,4,0,"?init@MonuWin@@QAEHXZ: mov dword ptr [esi + 0x3694], 0xfa at 0x0047276F"
MonuWin,0x3698,4,0,"?init@MonuWin@@QAEHXZ: mov dword ptr [esi + 0x3698], eax at 0x00472779"
MonuWin,0x369C,4,0,"?init@MonuWin@@QAEHXZ: mov dword ptr [esi + 0x369c], 0x21e at 0x0047277F"
MonuWin,0x36A0,4,0,"?init@MonuWin@@QAEHXZ: mov dword ptr [esi + 0x36a0], ecx at 0x00472789"
MonuWin,0x36A4,4,0,"?init@MonuWin@@QAEHXZ: mov dword ptr [esi + 0x36a4], 0x258 at 0x0047278F"
MonuWin,0x36A8,4,0,"?init@MonuWin@@QAEHXZ: mov dword ptr [esi + 0x36a8], eax at 0x00472799"
MonuWin,0x36AC,4,0,"?init@MonuWin@@QAEHXZ: mov dword ptr [esi + 0x36ac], 0x81 at 0x0047279F"
MonuWin,0x36B0,4,0,"?init@MonuWin@@QAEHXZ: mov dword ptr [esi + 0x36b0], ecx at 0x004727A9"
MonuWin,0x36B4,4,0,"?init@MonuWin@@QAEHXZ: mov dword ptr [esi + 0x36b4], 0xbb at 0x004727AF"
MonuWin,0x36B8,4,0,"?init@MonuWin@@QAEHXZ: mov dword ptr [esi + 0x36b8], eax at 0x004727B9"
MonuWin,0x36BC,4,0,"?init@MonuWin@@QAEHXZ: mov dword ptr [esi + 0x36bc], 0x25d at 0x004727BF"
MonuWin,0x36C0,4,0,"?init@MonuWin@@QAEHXZ: mov dword ptr [esi + 0x36c0], ecx at 0x004727C9"
MonuWin,0x36C4,4,0,"?init@MonuWin@@QAEHXZ: mov dword ptr [esi + 0x36c4], 0x297 at 0x004727CF"
MonuWin,0x36C8,4,0,"?init@MonuWin@@QAEHXZ: mov dword ptr [esi + 0x36c8], eax at 0x004727D9"
MonuWin,0x36CC,4,0,"?init@MonuWin@@QAEHXZ: mov dword ptr [esi + 0x36cc], 0x148 at 0x004726C3"
MonuWin,0x36D0,4,0,"?init@MonuWin@@QAEHXZ: mov dword ptr [esi + 0x36d0], 6 at 0x004726CD"
MonuWin,0x36D4,4,0,"?init@MonuWin@@QAEHXZ: mov dword ptr [esi + 0x36d4], 0x1d6 at 0x004726D7"
MonuWin,0x36D8,4,0,"?init@MonuWin@@QAEHXZ: mov dword ptr [esi + 0x36d8], 0x6b at 0x004726E1"
MultiDebug,0x0,4,0,"??0MultiDebug@@QAE@XZ: mov dword ptr [esi], 0x66fa88 at 0x005C9838"
MultiDebug,0xA0,4,0,"?init@MultiDebug@@QAEHPAUNet@@PAUWin@@PAE@Z: mov dword ptr [esi + 0xa0], edx at 0x005C98A8"
MultiDebug,0x444,4,0,"??0MultiDebug@@QAE@XZ: mov dword ptr [esi + 0x444], 0x66fa80 at 0x005C983E"
MultiDebug,0xA3C,4,0,"??0MultiDebug@@QAE@XZ: mov dword ptr [esi + 0xa3c], 0 at 0x005C9848"
MultiWin,0x0,4,0,"?show@MultiWin@@QAEXXZ: mov edx, dword ptr [esi] at 0x00479A37"
MultiWin,0x444,4,0,"??0MultiWin@@QAE@XZ: mov dword ptr [esi + 0x444], 0x66c9e8 at 0x0047A6A1"
MultiWin,0x474,4,0,"?show@MultiWin@@QAEXXZ: mov edx, dword ptr [esi + 0x474] at 0x00479A87"
MultiWin,0x478,4,0,"?show@MultiWin@@QAEXXZ: mov eax, dword ptr [ecx + 4] at 0x00479A90"
MultiWin,0x47C,4,0,"?show@MultiWin@@QAEXXZ: mov edx, dword ptr [ecx + 8] at 0x00479A96"
MultiWin,0x480,4,0,"?show@MultiWin@@QAEXXZ: mov eax, dword ptr [ecx + 0xc] at 0x00479A9C"
MultiWin,0x4C4,4,0,"?draw@MultiWin@@QAEXH@Z: mov eax, dword ptr [esi + 0x4c4] at 0x004793EF"
MultiWin,0x4C8,4,0,"?show@MultiWin@@QAEXXZ: mov ecx, dword ptr [esi + 0x4c8] at 0x00479A44"
MultiWin,0xA24,4,0,"?draw@MultiWin@@QAEXH@Z: mov eax, dword ptr [esi + 0xa24] at 0x0047936E"
MultiWin,0xA38,4,0,"?UNK2@MultiWin@@QAEXXZ: mov dword ptr [ecx + 0xa38], edx at 0x00479939"
MultiWin,0xA3C,4,0,"?UNK2@MultiWin@@QAEXXZ: mov dword ptr [ecx + 0xa3c], edx at 0x0047993F"
MultiWin,0xA40,4,0,"?UNK2@MultiWin@@QAEXXZ: mov dword ptr [ecx + 0xa40], 0x8a at 0x00479945"
MultiWin,0xA44,4,0,"?UNK2@MultiWin@@QAEXXZ: mov dword ptr [ecx + 0xa44], eax at 0x0047994F"
MultiWin,0xA48,4,0,"?init@MultiWin@@QAEXXZ: mov dword ptr [esi + 0xa48], ebx at 0x00479FD2"
MultiWin,0xA4C,4,0,"?init@MultiWin@@QAEXXZ: mov dword ptr [esi + 0xa4c], ebx at 0x00479FC6"
MultiWin,0xA50,4,0,"?init@MultiWin@@QAEXXZ: mov dword ptr [esi + 0xa50], ebx at 0x00479FCC"
MultiWin,0xFF4,4,0,"?init@MultiWin@@QAEXXZ: mov eax, dword ptr [esi + 0xff4] at 0x0047A226"
MultiWin,0xFF8,4,0,"?draw@MultiWin@@QAEXH@Z: mov ecx, dword ptr [esi + 0xff8] at 0x004796E9"
MultiWin,0x107C,4,0,"?draw_player@MultiWin@@QAEXHHPAURECT@@@Z: mov edx, dword ptr [ebx + 0x107c] at 0x00478781"
MultiWin,0x10EC,1,0,"?draw@MultiWin@@QAEXH@Z: mov dl, byte ptr [ecx + 8] at 0x004793AD"
MultiWin,0x1100,4,0,"?draw@MultiWin@@QAEXH@Z: mov ecx, dword ptr [esi + 0x1100] at 0x004793B7"
MultiWin,0x1118,1,0,"?draw@MultiWin@@QAEXH@Z: mov dl, byte ptr [ecx + 8] at 0x004793E5"
MultiWin,0x112C,4,0,"?draw@MultiWin@@QAEXH@Z: mov ecx, dword ptr [esi + 0x112c] at 0x004793F5"
MultiWin,0x1144,1,0,"?draw@MultiWin@@QAEXH@Z: mov dl, byte ptr [ecx + 8] at 0x00479459"
MultiWin,0x1158,4,0,"?draw@MultiWin@@QAEXH@Z: mov eax, dword ptr [esi + 0x1158] at 0x00479378"
MultiWin,0x1168,4,0,"?on_mouse_move@MultiWin@@QAEXHH@Z: mov ecx, dword ptr [esi + 0x1168] at 0x00477EA1"
MultiWin,0x11A0,1,0,"?draw@MultiWin@@QAEXH@Z: mov dl, byte ptr [ecx + 8] at 0x004797F8"
MultiWin,0x11B4,4,0,"?draw@MultiWin@@QAEXH@Z: mov ecx, dword ptr [esi + 0x11b4] at 0x0047937E"
MultiWin,0x11C4,4,0,"?hide@MultiWin@@QAEXXZ: mov edx, dword ptr [esi + 0x11c4] at 0x00479F44"
MultiWin,0x1260,4,0,"?show@MultiWin@@QAEXXZ: mov eax, dword ptr [esi + 0x1260] at 0x004799E5"
MultiWin,0x1608,4,0,"??1MultiWin@@QAE@XZ: mov dword ptr [edi + 0x444], 0x66974c at 0x0047A4C0"
MultiWin,0x1C80,4,0,"?init@MultiWin@@QAEXXZ: mov dword ptr [esi + 0x1c80], 0x65 at 0x0047A34E"
MultiWin,0x1C84,4,0,"?init@MultiWin@@QAEXXZ: mov dword ptr [esi + 0x1c84], eax at 0x0047A358"
MultiWin,0x1C88,4,0,"?init@MultiWin@@QAEXXZ: mov dword ptr [esi + 0x1c88], eax at 0x0047A35E"
MultiWin,0x1C98,4,0,"?init@MultiWin@@QAEXXZ: mov dword ptr [edi + 0xad4], eax at 0x0047A32D"
MultiWin,0x1C9C,4,0,"?init@MultiWin@@QAEXXZ: mov dword ptr [edi + 0xad8], eax at 0x0047A339"
MultiWin,0x1CA0,4,0,"?init@MultiWin@@QAEXXZ: mov dword ptr [edi + 0xadc], ecx at 0x0047A33F"
MultiWin,0x1D10,4,0,"?hide@MultiWin@@QAEXXZ: mov eax, dword ptr [esi + 0x1d10] at 0x00479F35"
MultiWin,0x1DAC,4,0,"?show@MultiWin@@QAEXXZ: or dword ptr [esi + 0x1dac], ebx at 0x00479A07"
MultiWin,0x2154,4,0,"??1MultiWin@@QAE@XZ: mov dword ptr [edi + 0x444], 0x66974c at 0x0047A491"
MultiWin,0x27CC,4,0,"?init@MultiWin@@QAEXXZ: mov dword ptr [esi + 0x27cc], 0x65 at 0x0047A28E"
MultiWin,0x27D0,4,0,"?init@MultiWin@@QAEXXZ: mov dword ptr [esi + 0x27d0], eax at 0x0047A298"
MultiWin,0x27D4,4,0,"?init@MultiWin@@QAEXXZ: mov dword ptr [esi + 0x27d4], eax at 0x0047A29E"
MultiWin,0x27E4,4,0,"?init@MultiWin@@QAEXXZ: mov dword ptr [edi + 0xad4], eax at 0x0047A26D"
MultiWin,0x27E8,4,0,"?init@MultiWin@@QAEXXZ: mov dword ptr [edi + 0xad8], eax at 0x0047A279"
MultiWin,0x27EC,4,0,"?init@MultiWin@@QAEXXZ: mov dword ptr [edi + 0xadc], ecx at 0x0047A27F"
Net,0x0,4,0,"??1Net@@QAE@XZ: mov dword ptr [esi], 0x66eb04 at 0x004E34F3"
Net,0x4,4,0,"??0Net@@QAE@XZ: mov dword ptr [esi + 4], ebx at 0x0062D8B8"
Net,0x8,4,0,"??0Net@@QAE@XZ: mov dword ptr [esi + 8], ebx at 0x0062D8BB"
Net,0xC,4,0,"??0Net@@QAE@XZ: mov dword ptr [esi + 0xc], ebx at 0x0062D8BE"
Net,0x10,4,0,"??0Net@@QAE@XZ: mov dword ptr [esi + 0x10], ebx at 0x0062D8C1"
Net,0x14,4,0,"??0Net@@QAE@XZ: mov dword ptr [esi + 0x14], ebx at 0x0062D8C4"
Net,0x18,4,0,"??0Net@@QAE@XZ: mov dword ptr [esi + 0x18], ebx at 0x0062D8C7"
Net,0x1C,4,0,"??0Net@@QAE@XZ: mov dword ptr [esi + 0x1c], ebx at 0x0062D8B5"
Net,0x20,4,0,"??0Net@@QAE@XZ: mov dword ptr [esi + 0x20], ebx at 0x0062D8AF"
Net,0x24,4,0,"??0Net@@QAE@XZ: mov dword ptr [esi + 0x24], ebx at 0x0062D8B2"
Net,0x28,4,0,"??0Net@@QAE@XZ: mov dword ptr [esi + 0x28], ebx at 0x0062D8CA"
Net,0x44,4,0,"?init@Net@@QAEHPAU_GUID@@HH@Z: mov dword ptr [esi + 0x44], eax at 0x0062D8F2"
Net,0x48,4,0,"??0Net@@QAE@XZ: mov dword ptr [esi + 0x48], ebx at 0x0062D8A3"
Net,0x4C,4,0,"??0Net@@QAE@XZ: mov dword ptr [esi + 0x4c], ebx at 0x0062D8A6"
Net,0x50,4,0,"??0Net@@QAE@XZ: mov dword ptr [esi + 0x50], ebx at 0x0062D8A9"
Net,0x54,4,0,"??0Net@@QAE@XZ: mov dword ptr [esi + 0x54], ebx at 0x0062D8AC"
Net,0x58,4,0,"?stop_voice@Net@@QAEXXZ: mov eax, dword ptr [esi + 0x58] at 0x0062DFCF"
Net,0xB0,4,0,"??1Net@@QAE@XZ: mov dword ptr [edi], 0x66eafc at 0x004E3599"
Net,0xB4,4,0,"??1Net@@QAE@XZ: mov edx, dword ptr [esi + 0xb4] at 0x004E359F"
Net,0xB8,4,0,"??1Net@@QAE@XZ: mov eax, dword ptr [edi + 8] at 0x004E35B3"
Net,0xBC,4,0,"??1Net@@QAE@XZ: mov dword ptr [edi + 0xc], ecx at 0x004E35CC"
Net,0xC0,4,0,"??1Net@@QAE@XZ: mov eax, dword ptr [edi + 0x10] at 0x004E35BA"
Net,0xC4,4,0,"??1Net@@QAE@XZ: mov dword ptr [edi + 0x14], ebx at 0x004E361D"
Net,0xC8,4,0,"??0Net@@QAE@XZ: mov dword ptr [esi + 0xc8], ebx at 0x0062D72D"
Net,0xCC,4,0,"??1Net@@QAE@XZ: mov dword ptr [esi + 0xcc], 0x6693ac at 0x004E362C"
Net,0xD0,4,0,"??1Net@@QAE@XZ: mov ecx, dword ptr [esi + 0xd0] at 0x004E3626"
Net,0xD4,4,0,"?stop_voice@Net@@QAEXXZ: mov ecx, dword ptr [esi + 0xd4] at 0x0062DFD8"
Net,0xD8,1,0,"?send_group@Net@@QAEHPAXHJH@Z: mov al, byte ptr [edi + 0xd8] at 0x0062EEED"
Net,0xD8,4,0,"??0Net@@QAE@XZ: mov dword ptr [esi + 0xd8], ebx at 0x0062D893"
Net,0xDC,4,0,"??0Net@@QAE@XZ: mov dword ptr [esi + 0xdc], ebx at 0x0062D82E"
Net,0xE0,4,0,"??0Net@@QAE@XZ: mov dword ptr [esi + 0xe0], 0x4e20 at 0x0062D834"
Net,0xE4,4,0,"??0Net@@QAE@XZ: mov dword ptr [esi + 0xe4], 1 at 0x0062D899"
Net,0x154,4,0,"??0Net@@QAE@XZ: mov dword ptr [eax - 4], ebx at 0x0062D871"
Net,0x158,4,0,"??0Net@@QAE@XZ: mov dword ptr [eax], ebx at 0x0062D874"
Net,0x15C,4,0,"??0Net@@QAE@XZ: mov dword ptr [eax + 4], ebx at 0x0062D876"
Net,0x164,4,0,"??0Net@@QAE@XZ: mov dword ptr [eax + 0xc], ebx at 0x0062D87C"
Net,0x168,1,0,"??0Net@@QAE@XZ: mov byte ptr [eax + 0x10], bl at 0x0062D879"
Net,0x6D4,4,0,"??0Net@@QAE@XZ: mov dword ptr [esi + 0x6d4], 0x64 at 0x0062D889"
Net,0x6DC,4,0,"??0Net@@QAE@XZ: mov dword ptr [esi + 0x6dc], ebx at 0x0062D844"
Net,0x6E0,4,0,"??0Net@@QAE@XZ: mov dword ptr [esi + 0x6e0], ebx at 0x0062D856"
Net,0x6E4,4,0,"??0Net@@QAE@XZ: mov dword ptr [esi + 0x6e4], ebx at 0x0062D85C"
Net,0x6E8,4,0,"?poll_services@Net@@QAEHPAUServiceList@@@Z: mov edx, dword ptr [ecx + 0x6e8] at 0x0062E260"
Net,0x6FC,4,0,"??0Net@@QAE@XZ: mov dword ptr [esi + 0x6fc], 0xc8 at 0x0062D862"
Net,0x700,4,0,"??0Net@@QAE@XZ: mov dword ptr [esi + 0x700], 0x669430 at 0x0062D763"
Net,0x704,4,0,"?close@Net@@QAEXXZ: mov eax, dword ptr [esi + 0x704] at 0x0062E0FB"
Net,0x708,4,0,"?close@Net@@QAEXXZ: mov eax, dword ptr [esi + 0x708] at 0x0062E114"
Net,0x70C,4,0,"?join_session@Net@@QAEHPAUSessionStruct@@PADPAD@Z: mov dword ptr [ecx], edx at 0x0062E9BF"
Net,0x710,4,0,"?join_session@Net@@QAEHPAUSessionStruct@@PADPAD@Z: mov dword ptr [ecx + 4], edx at 0x0062E9C4"
Net,0x714,4,0,"?join_session@Net@@QAEHPAUSessionStruct@@PADPAD@Z: mov dword ptr [ecx + 8], edx at 0x0062E9CA"
Net,0x718,4,0,"?join_session@Net@@QAEHPAUSessionStruct@@PADPAD@Z: mov dword ptr [ecx + 0xc], eax at 0x0062E9D0"
Net,0x71C,4,0,"?join_session@Net@@QAEHPAUSessionStruct@@PADPAD@Z: mov dword ptr [esi + 0x71c], ecx at 0x0062E9D6"
Net,0x720,4,0,"?join_session@Net@@QAEHPAUSessionStruct@@PADPAD@Z: mov dword ptr [esi + 0x720], edx at 0x0062E9DF"
Net,0x72C,4,0,"??1Net@@QAE@XZ: mov dword ptr [ecx], 0x66941c at 0x004E3511"
Net,0x730,4,0,"??1Net@@QAE@XZ: mov eax, dword ptr [edi - 0x20] at 0x004E3517"
Net,0x734,4,0,"??0Net@@QAE@XZ: mov dword ptr [esi + 0x734], ebx at 0x0062D7D2"
Net,0x738,4,0,"??0Net@@QAE@XZ: mov dword ptr [esi + 0x738], ebx at 0x0062D7D8"
Net,0x73C,4,0,"??0Net@@QAE@XZ: mov dword ptr [esi + 0x73c], ebx at 0x0062D7DE"
Net,0x740,4,0,"??1Net@@QAE@XZ: mov dword ptr [edi - 0x10], ebx at 0x004E3533"
Net,0x744,4,0,"??0Net@@QAE@XZ: mov dword ptr [esi + 0x744], ebx at 0x0062D7EA"
Net,0x750,4,0,"??1Net@@QAE@XZ: mov dword ptr [edi], 0x6693ac at 0x004E3542"
Net,0x754,4,0,"??1Net@@QAE@XZ: mov eax, dword ptr [edi + 4] at 0x004E353F"
Net,0x758,4,0,"??1Net@@QAE@XZ: mov dword ptr [esi + 0x758], 0x6693ac at 0x004E3553"
Net,0x75C,4,0,"??1Net@@QAE@XZ: mov ecx, dword ptr [esi + 0x75c] at 0x004E354D"
Net,0x760,4,0,"??0Net@@QAE@XZ: mov dword ptr [esi + 0x760], ebx at 0x0062D84A"
Net,0x764,4,0,"??0Net@@QAE@XZ: mov dword ptr [esi + 0x764], ebx at 0x0062D850"
NetDaemon,0x0,4,0,"??0NetDaemon@@QAE@XZ: mov dword ptr [esi], 0x66ef0c at 0x00538B21"
NetDaemon,0xB0,4,0,"??1NetDaemon@@QAE@XZ: mov dword ptr [edi], 0x66eafc at 0x00538E64"
NetDaemon,0xB4,4,0,"??1NetDaemon@@QAE@XZ: mov edx, dword ptr [esi + 0xb4] at 0x00538E6A"
NetDaemon,0xC4,4,0,"??1NetDaemon@@QAE@XZ: mov dword ptr [edi + 0x14], 0 at 0x00538E85"
NetDaemon,0xCC,4,0,"??1NetDaemon@@QAE@XZ: mov dword ptr [esi + 0xcc], ebx at 0x00538E92"
NetDaemon,0xD0,4,0,"??1NetDaemon@@QAE@XZ: mov ecx, dword ptr [esi + 0xd0] at 0x00538E8C"
NetDaemon,0x72C,4,0,"??1NetDaemon@@QAE@XZ: mov dword ptr [ecx], 0x66941c at 0x00538DDC"
NetDaemon,0x730,4,0,"??1NetDaemon@@QAE@XZ: mov eax, dword ptr [edi - 0x20] at 0x00538DE2"
NetDaemon,0x740,4,0,"??1NetDaemon@@QAE@XZ: mov dword ptr [edi - 0x10], 0 at 0x00538DFC"
NetDaemon,0x750,4,0,"??1NetDaemon@@QAE@XZ: mov dword ptr [edi], ebx at 0x00538E14"
NetDaemon,0x754,4,0,"??1NetDaemon@@QAE@XZ: mov eax, dword ptr [edi + 4] at 0x00538E0C"
NetDaemon,0x758,4,0,"??1NetDaemon@@QAE@XZ: mov dword ptr [esi + 0x758], ebx at 0x00538E21"
NetDaemon,0x75C,4,0,"??1NetDaemon@@QAE@XZ: mov ecx, dword ptr [esi + 0x75c] at 0x00538E1B"
NetDaemon,0x760,4,0,"?on_player_added@NetDaemon@@QAEXPADK@Z: mov eax, dword ptr [esi + 0x760] at 0x0052E16C"
NetDaemon,0x764,4,0,"?on_player_added@NetDaemon@@QAEXPADK@Z: mov edi, dword ptr [esi + 0x764] at 0x0052E172"
NetDaemon,0x768,1,0,"?on_player_added@NetDaemon@@QAEXPADK@Z: mov dl, byte ptr [esi + 0x768] at 0x0052E227"
NetDaemon,0x768,4,0,"?on_player_added@NetDaemon@@QAEXPADK@Z: mov eax, dword ptr [esi + 0x768] at 0x0052E17A"
NetDaemon,0x928,4,0,"?on_player_added@NetDaemon@@QAEXPADK@Z: cmp dword ptr [edx], edi at 0x0052E259"
NetDaemon,0x930,1,0,"?send_files@NetDaemon@@QAEHXZ: cmp byte ptr [ecx], 1 at 0x0052F13E"
NetDaemon,0x144C,4,0,"??1NetDaemon@@QAE@XZ: mov dword ptr [ecx], 0x66eae8 at 0x00538D60"
NetDaemon,0x1450,4,0,"??1NetDaemon@@QAE@XZ: mov eax, dword ptr [edi - 0x34] at 0x00538D66"
NetDaemon,0x1460,4,0,"??1NetDaemon@@QAE@XZ: mov dword ptr [edi - 0x24], 0 at 0x00538D80"
NetDaemon,0x1484,4,0,"??1NetDaemon@@QAE@XZ: mov dword ptr [edi], 0x6693ac at 0x00538DB0"
NetDaemon,0x1488,4,0,"??1NetDaemon@@QAE@XZ: mov edx, dword ptr [edi + 4] at 0x00538DAD"
NetDaemon,0x14BC,1,0,"?on_player_deleted@NetDaemon@@QAEXPADK@Z: mov dl, byte ptr [edi] at 0x0052E5CB"
NetDaemon,0x1580,4,0,"?hang_up@NetDaemon@@QAEXXZ: mov edx, dword ptr [esi + 0x1580] at 0x0052E0EF"
NetDaemon,0x1584,4,0,"?hang_up@NetDaemon@@QAEXXZ: mov dword ptr [esi + 0x1584], 0 at 0x0052E0FE"
NetDaemon,0x158C,1,0,"??0NetDaemon@@QAE@XZ: mov byte ptr [eax], 0xff at 0x00538A59"
NetDaemon,0x1594,2,0,"??0NetDaemon@@QAE@XZ: mov word ptr [eax + 8], di at 0x00538A5C"
NetDaemon,0x1B2C,4,0,"?end_of_event@NetDaemon@@QAEHHH@Z: mov dword ptr [esi + 0x1b2c], eax at 0x005328D3"
NetDaemon,0x1B30,4,0,"?init@NetDaemon@@QAEHH@Z: mov dword ptr [esi + 0x1b30], ebx at 0x0052DF47"
NetDaemon,0x1B34,4,0,"?init@NetDaemon@@QAEHH@Z: mov dword ptr [esi + 0x1b34], ebx at 0x0052DF4D"
NetDaemon,0x1B38,4,0,"?init@NetDaemon@@QAEHH@Z: mov dword ptr [esi + 0x1b38], ebx at 0x0052DF53"
NetDaemon,0x1B3C,4,0,"?init@NetDaemon@@QAEHH@Z: mov dword ptr [esi + 0x1b3c], ebx at 0x0052DF59"
NetDaemon,0x1B40,4,0,"?init@NetDaemon@@QAEHH@Z: mov dword ptr [esi + 0x1b40], ebx at 0x0052DFCB"
NetDaemon,0x1B44,4,0,"?init@NetDaemon@@QAEHH@Z: mov dword ptr [esi + 0x1b44], ebx at 0x0052DFD1"
NetDaemon,0x1B48,4,0,"?init@NetDaemon@@QAEHH@Z: mov dword ptr [esi + 0x1b48], ebx at 0x0052DFE3"
NetDaemon,0x1B4C,4,0,"?init@NetDaemon@@QAEHH@Z: mov dword ptr [esi + 0x1b4c], ebx at 0x0052DFE9"
NetDaemon,0x1B50,4,0,"?init@NetDaemon@@QAEHH@Z: mov dword ptr [esi + 0x1b50], ebx at 0x0052DF9B"
NetDaemon,0x1B54,4,0,"?init@NetDaemon@@QAEHH@Z: mov dword ptr [esi + 0x1b54], ebx at 0x0052DFA1"
NetDaemon,0x1B58,4,0,"?init@NetDaemon@@QAEHH@Z: mov dword ptr [esi + 0x1b58], ebx at 0x0052DFA7"
NetDaemon,0x1B5C,4,0,"?init@NetDaemon@@QAEHH@Z: mov dword ptr [esi + 0x1b5c], ebx at 0x0052DF65"
NetDaemon,0x1B60,4,0,"?init@NetDaemon@@QAEHH@Z: mov dword ptr [esi + 0x1b60], ebx at 0x0052DF5F"
NetDaemon,0x1B68,4,0,"?init@NetDaemon@@QAEHH@Z: mov dword ptr [esi + 0x1b68], ebx at 0x0052DF71"
NetDaemon,0x1B6C,4,0,"?init@NetDaemon@@QAEHH@Z: mov dword ptr [esi + 0x1b6c], ebx at 0x0052DF6B"
NetDaemon,0x1B78,4,0,"?init@NetDaemon@@QAEHH@Z: mov dword ptr [esi + 0x1b78], ebx at 0x0052DFF9"
NetDaemon,0x1B7C,4,0,"?init@NetDaemon@@QAEHH@Z: mov dword ptr [esi + 0x1b7c], ebx at 0x0052DF77"
NetDaemon,0x1B80,4,0,"?init@NetDaemon@@QAEHH@Z: rep stosd dword ptr es:[edi], eax at 0x0052DFFF"
NetDaemon,0x1BA0,4,0,"?init@NetDaemon@@QAEHH@Z: mov dword ptr [esi + 0x1ba0], ebx at 0x0052DF83"
NetDaemon,0x1BA4,4,0,"?init@NetDaemon@@QAEHH@Z: mov dword ptr [esi + 0x1ba4], ebx at 0x0052DF89"
NetDaemon,0x1BA8,4,0,"?init@NetDaemon@@QAEHH@Z: mov dword ptr [esi + 0x1ba8], ebx at 0x0052DF7D"
NetDaemon,0x1BAC,4,0,"?init@NetDaemon@@QAEHH@Z: mov dword ptr [esi + 0x1bac], ebx at 0x0052DFBF"
NetDaemon,0x1BB0,4,0,"?init@NetDaemon@@QAEHH@Z: mov dword ptr [esi + 0x1bb0], ebx at 0x0052DFB9"
NetDaemon,0x1BB4,4,0,"?init@NetDaemon@@QAEHH@Z: mov dword ptr [esi + 0x1bb4], ebx at 0x0052DFC5"
NetDaemon,0x1BB8,4,0,"?unlock_base@NetDaemon@@QAEXH@Z: mov dword ptr [esi + 0x1bb8], ebx at 0x00530EB9"
NetDaemon,0x1BBC,4,0,"?on_player_deleted@NetDaemon@@QAEXPADK@Z: mov ecx, dword ptr [esi + 0x1bbc] at 0x0052E460"
NetDaemon,0x1BC0,4,0,"?init@NetDaemon@@QAEHH@Z: mov dword ptr [esi + 0x1bc0], ebx at 0x0052DFB3"
NetDaemon,0x1BC4,4,0,"?init@NetDaemon@@QAEHH@Z: mov dword ptr [esi + 0x1bc4], ebx at 0x0052DFAD"
NetDaemon,0x1BC8,4,0,"?init@NetDaemon@@QAEHH@Z: mov dword ptr [esi + 0x1bc8], ebx at 0x0052DF95"
NetDaemon,0x1BCC,4,0,"?init@NetDaemon@@QAEHH@Z: mov dword ptr [esi + 0x1bcc], ebx at 0x0052DF8F"
NetDaemon,0x1BD0,4,0,"?init@NetDaemon@@QAEHH@Z: mov dword ptr [esi + 0x1bd0], 0xff at 0x0052DFEF"
NetDaemon,0x1BD4,4,0,"?init@NetDaemon@@QAEHH@Z: mov dword ptr [esi + 0x1bd4], ebx at 0x0052DFDD"
NetDaemon,0x1BD8,4,0,"?init@NetDaemon@@QAEHH@Z: mov dword ptr [esi + 0x1bd8], ebx at 0x0052DFD7"
NetFifo,0x0,4,0,"??0NetFifo@@QAE@XZ: mov dword ptr [esi], eax at 0x006339C5"
NetFifo,0x4,4,0,"??0NetFifo@@QAE@XZ: mov dword ptr [esi + 4], eax at 0x006339C7"
NetFifo,0x8,4,0,"??0NetFifo@@QAE@XZ: mov dword ptr [esi + 8], eax at 0x006339CA"
NetMsg,0x0,4,0,"??0NetMsg@@QAE@HHH@Z: mov dword ptr [esi], 0x66cb60 at 0x0047AD3E"
NetMsg,0x444,4,0,"??0NetMsg@@QAE@HHH@Z: mov dword ptr [esi + 0x444], 0x66cb58 at 0x0047AD44"
NetMsg,0xA5C,4,0,"??1NetMsg@@QAE@XZ: mov dword ptr [edi], 0x669754 at 0x0047AF82"
NetMsg,0xEA0,4,0,"??1NetMsg@@QAE@XZ: mov dword ptr [edi + 0x444], ebx at 0x0047AF88"
NetMsg,0x15A8,4,0,"??1NetMsg@@QAE@XZ: mov dword ptr [edi], 0x669754 at 0x0047AF57"
NetMsg,0x19EC,4,0,"??1NetMsg@@QAE@XZ: mov dword ptr [edi + 0x444], ebx at 0x0047AF5D"
NetMsg,0x2178,4,0,"??1NetMsg@@QAE@XZ: mov dword ptr [edi], 0x6693ac at 0x0047AF2E"
NetMsg,0x217C,4,0,"??1NetMsg@@QAE@XZ: mov ecx, dword ptr [edi + 4] at 0x0047AF2B"
NetMsg,0x2180,4,0,"??1NetMsg@@QAE@XZ: mov dword ptr [ecx], 0x6698c4 at 0x0047AEDC"
NetMsg,0x2184,4,0,"??1NetMsg@@QAE@XZ: mov eax, dword ptr [edi - 0x24] at 0x0047AEE2"
NetMsg,0x2194,4,0,"??1NetMsg@@QAE@XZ: mov dword ptr [edi - 0x14], 0 at 0x0047AEFC"
NetMsg,0x21A8,4,0,"??1NetMsg@@QAE@XZ: mov dword ptr [edi], 0x6693ac at 0x0047AF0F"
NetMsg,0x21AC,4,0,"??1NetMsg@@QAE@XZ: mov eax, dword ptr [edi + 4] at 0x0047AF0C"
NetMsg,0x3230,4,0,"??1NetMsg@@QAE@XZ: mov dword ptr [edi], 0x669d58 at 0x0047ADFC"
NetMsg,0x3674,4,0,"??1NetMsg@@QAE@XZ: mov dword ptr [edi + 0x444], 0x669d50 at 0x0047AE02"
NetMsg,0x3CDC,4,0,"??1NetMsg@@QAE@XZ: mov dword ptr [ebx], 0x669754 at 0x0047AE4F"
NetMsg,0x4120,4,0,"??1NetMsg@@QAE@XZ: mov dword ptr [ebx + 0x444], 0x66974c at 0x0047AE55"
NetMsg,0x4828,4,0,"??1NetMsg@@QAE@XZ: mov dword ptr [ebx], 0x669754 at 0x0047AE20"
NetMsg,0x4C6C,4,0,"??1NetMsg@@QAE@XZ: mov dword ptr [ebx + 0x444], 0x66974c at 0x0047AE26"
NetMsg,0x537C,4,0,"?pop@NetMsg@@QAEXPBDHHPBD@Z: mov eax, dword ptr [esi + 0x537c] at 0x0047A945"
NetMsg,0x5380,4,0,"?pop@NetMsg@@QAEXPBDHHPBD@Z: mov edx, dword ptr [esi + 0x5380] at 0x0047A93F"
NetMsg,0x5384,4,0,"?close@NetMsg@@QAEXXZ: mov eax, dword ptr [esi + 0x5384] at 0x0047A7D3"
NetMsg,0x5388,4,0,"?pop@NetMsg@@QAEXPBDHHPBD@Z: mov edx, dword ptr [esi + 0x5388] at 0x0047A9C3"
NetWin,0x0,1,0,"?UNK5@NetWin@@QAEXXZ: mov byte ptr [eax], 0xff at 0x0048382A"
NetWin,0x0,4,0,"??0NetWin@@QAE@XZ: mov dword ptr [esi], 0x66ccec at 0x00481CD6"
NetWin,0x1,1,0,"?UNK5@NetWin@@QAEXXZ: mov byte ptr [eax + 1], cl at 0x0048382D"
NetWin,0x2,1,0,"?UNK5@NetWin@@QAEXXZ: mov byte ptr [eax + 2], cl at 0x00483830"
NetWin,0x3,1,0,"?UNK5@NetWin@@QAEXXZ: mov byte ptr [eax + 3], 0xff at 0x00483833"
NetWin,0x4,1,0,"?UNK5@NetWin@@QAEXXZ: mov byte ptr [eax + 4], 2 at 0x00483837"
NetWin,0x178,4,0,"?UNK5@NetWin@@QAEXXZ: mov dword ptr [eax + 0x178], ecx at 0x00483824"
NetWin,0x444,4,0,"??0NetWin@@QAE@XZ: mov dword ptr [esi + 0x444], 0x66cce4 at 0x00481CDC"
NetWin,0xA14,4,0,"?on_redraw@NetWin@@QAEXXZ: mov edx, dword ptr [ecx] at 0x00481B0B"
NetWin,0xA18,4,0,"?on_redraw@NetWin@@QAEXXZ: mov eax, dword ptr [ecx + 4] at 0x00481B10"
NetWin,0xA1C,4,0,"?on_redraw@NetWin@@QAEXXZ: mov edx, dword ptr [ecx + 8] at 0x00481B16"
NetWin,0xA20,4,0,"?on_redraw@NetWin@@QAEXXZ: mov eax, dword ptr [ecx + 0xc] at 0x00481B1C"
NetWin,0xA74,4,0,"?draw_player_names@NetWin@@QAEXXZ: mov edx, dword ptr [edi - 0x1e4] at 0x004805A4"
NetWin,0xA78,4,0,"?draw_player_names@NetWin@@QAEXXZ: mov ecx, dword ptr [eax + 4] at 0x004805AD"
NetWin,0xA7C,4,0,"?draw_player_names@NetWin@@QAEXXZ: mov edx, dword ptr [eax + 8] at 0x004805B3"
NetWin,0xA80,4,0,"?draw_player_names@NetWin@@QAEXXZ: mov eax, dword ptr [eax + 0xc] at 0x004805B9"
NetWin,0xAE4,4,0,"?draw_factions@NetWin@@QAEXXZ: mov edx, dword ptr [ecx] at 0x0047FF4B"
NetWin,0xAE8,4,0,"?draw_factions@NetWin@@QAEXXZ: mov eax, dword ptr [ecx + 4] at 0x0047FF51"
NetWin,0xAEC,4,0,"?draw_factions@NetWin@@QAEXXZ: mov edx, dword ptr [ecx + 8] at 0x0047FF5A"
NetWin,0xAF0,4,0,"?draw_factions@NetWin@@QAEXXZ: mov eax, dword ptr [ecx + 0xc] at 0x0047FF60"
NetWin,0xB54,4,0,"?draw_diffs@NetWin@@QAEXXZ: mov ecx, dword ptr [eax] at 0x004801F7"
NetWin,0xB58,4,0,"?draw_diffs@NetWin@@QAEXXZ: mov edx, dword ptr [eax + 4] at 0x004801FC"
NetWin,0xB5C,4,0,"?draw_diffs@NetWin@@QAEXXZ: mov ecx, dword ptr [eax + 8] at 0x00480202"
NetWin,0xB60,4,0,"?draw_diffs@NetWin@@QAEXXZ: mov edx, dword ptr [eax + 0xc] at 0x0048020B"
NetWin,0xBC4,4,0,"?draw_player_names@NetWin@@QAEXXZ: mov ecx, dword ptr [edi - 0x94] at 0x00480543"
NetWin,0xBC8,4,0,"?draw_player_names@NetWin@@QAEXXZ: mov edx, dword ptr [edi - 0x90] at 0x0048053D"
NetWin,0xBCC,4,0,"?draw_player_names@NetWin@@QAEXXZ: mov edx, dword ptr [edi - 0x8c] at 0x00480835"
NetWin,0xBD0,4,0,"?draw_player_names@NetWin@@QAEXXZ: mov edx, dword ptr [edi - 0x88] at 0x00480826"
NetWin,0xC54,4,0,"?draw_player_names@NetWin@@QAEXXZ: mov ecx, dword ptr [edi - 4] at 0x004807C2"
NetWin,0xC58,4,0,"?draw_player_names@NetWin@@QAEXXZ: mov eax, dword ptr [edi] at 0x004807BD"
NetWin,0xC5C,4,0,"?draw_player_names@NetWin@@QAEXXZ: mov edx, dword ptr [edi + 4] at 0x004807C8"
NetWin,0xC60,4,0,"?draw_player_names@NetWin@@QAEXXZ: mov edx, dword ptr [edi + 8] at 0x004807BF"
NetWin,0xD14,4,0,"?draw_custom_rules@NetWin@@QAEXXZ: mov edi, dword ptr [edi] at 0x0047FA56"
NetWin,0xD18,4,0,"?draw_custom_rules@NetWin@@QAEXXZ: mov esi, dword ptr [esi + 0xd18] at 0x0047FA58"
NetWin,0xD40,4,0,"??1NetWin@@QAE@XZ: mov dword ptr [edi], 0x66adc8 at 0x00483662"
NetWin,0x1184,4,0,"??1NetWin@@QAE@XZ: mov dword ptr [edi + 0x444], 0x66adc0 at 0x00483668"
NetWin,0x1760,4,0,"??1NetWin@@QAE@XZ: mov dword ptr [ebx], 0x669d58 at 0x004836F9"
NetWin,0x1BA4,4,0,"??1NetWin@@QAE@XZ: mov dword ptr [ebx + 0x444], 0x669d50 at 0x004836FF"
NetWin,0x220C,4,0,"??1NetWin@@QAE@XZ: mov dword ptr [ecx], 0x669754 at 0x0048374B"
NetWin,0x2650,4,0,"??1NetWin@@QAE@XZ: mov dword ptr [ecx + 0x444], 0x66974c at 0x00483751"
NetWin,0x2D58,4,0,"??1NetWin@@QAE@XZ: mov dword ptr [ecx], 0x669754 at 0x0048371D"
NetWin,0x319C,4,0,"??1NetWin@@QAE@XZ: mov dword ptr [ecx + 0x444], 0x66974c at 0x00483723"
NetWin,0x38B0,4,0,"??1NetWin@@QAE@XZ: mov dword ptr [ecx], 0x6698c4 at 0x00483689"
NetWin,0x38B4,4,0,"??1NetWin@@QAE@XZ: mov edx, dword ptr [ebx - 0x24] at 0x0048368F"
NetWin,0x38C4,4,0,"??1NetWin@@QAE@XZ: mov dword ptr [ebx - 0x14], 0 at 0x004836A6"
NetWin,0x38D8,4,0,"??1NetWin@@QAE@XZ: mov dword ptr [edi + 0x2b98], 0x6693ac at 0x004836E9"
NetWin,0x38DC,4,0,"??1NetWin@@QAE@XZ: mov edx, dword ptr [edi + 0x2b9c] at 0x004836E3"
NetWin,0x38E0,4,0,"?on_key_down@NetWin@@QAEHH@Z: mov edx, dword ptr [esi + 0x38e0] at 0x00483327"
NetWin,0x3D24,4,0,"??1NetWin@@QAE@XZ: mov dword ptr [ebx + 0x444], 0x66a030 at 0x0048362A"
NetWin,0x4F7C,4,0,"?draw_player_names@NetWin@@QAEXXZ: mov edx, dword ptr [esi] at 0x004808E1"
NetWin,0x53C0,4,0,"??1NetWin@@QAE@XZ: mov dword ptr [ebx + 0x444], 0x66974c at 0x004835DB"
NetWin,0x5AC8,4,0,"??1NetWin@@QAE@XZ: mov dword ptr [ebx], 0x669754 at 0x004835A6"
NetWin,0x5F0C,4,0,"??1NetWin@@QAE@XZ: mov dword ptr [ebx + 0x444], 0x66974c at 0x004835AC"
NetWin,0x7614,4,0,"?on_button_clicked@NetWin@@QAEXH@Z: mov dword ptr [edi + 0x7614], 0xffffffff at 0x0047B48C"
NetWin,0x7618,4,0,"?modal_callback@NetWin@@QAEHXZ: mov dword ptr [esi + 0x7618], eax at 0x004831D3"
NetWin,0x761C,4,0,"?close@NetWin@@QAEXXZ: mov dword ptr [esi + 0x761c], eax at 0x00481D56"
NetWin,0x7620,4,0,"?close@NetWin@@QAEXXZ: mov dword ptr [esi + 0x7620], eax at 0x00481D5C"
NetWin,0x7728,4,0,"?pick_map@NetWin@@QAEXXZ: mov eax, dword ptr [ebx + 0x7728] at 0x0047D37C"
NetWin,0x772C,4,0,"?get_player_color@NetWin@@QAEHH@Z: mov ebx, dword ptr [ecx + 0x772c] at 0x0047B385"
NetWin,0x7730,4,0,"?pick_map@NetWin@@QAEXXZ: mov ecx, dword ptr [ebx + 0x7730] at 0x0047D46F"
NewTechWin,0x0,4,0,"?on_link_clicked@NewTechWin@@QAEHHPAD@Z: mov eax, dword ptr [esi] at 0x00483901"
NewTechWin,0x16C,4,0,"?exec@NewTechWin@@QAEXHH@Z: mov dword ptr [esi + 0x16c], 0x1a at 0x004842F7"
NewTechWin,0x444,4,0,"??0NewTechWin@@QAE@XZ: mov dword ptr [esi + 0x444], 0x66ce54 at 0x00484A60"
NewTechWin,0x474,4,0,"?on_redraw@NewTechWin@@QAEXXZ: mov edx, dword ptr [ecx] at 0x0048397B"
NewTechWin,0x478,4,0,"?on_redraw@NewTechWin@@QAEXXZ: mov eax, dword ptr [ecx + 4] at 0x00483980"
NewTechWin,0x47C,4,0,"?on_redraw@NewTechWin@@QAEXXZ: mov edx, dword ptr [ecx + 8] at 0x00483986"
NewTechWin,0x480,4,0,"?on_redraw@NewTechWin@@QAEXXZ: mov eax, dword ptr [ecx + 0xc] at 0x0048398C"
NewTechWin,0xA14,4,0,"?exec@NewTechWin@@QAEXHH@Z: mov dword ptr [eax], 0 at 0x00483FB5"
NewTechWin,0xA18,4,0,"?exec@NewTechWin@@QAEXHH@Z: mov dword ptr [eax + 4], 0 at 0x00483FBB"
NewTechWin,0xA1C,4,0,"?exec@NewTechWin@@QAEXHH@Z: mov dword ptr [eax + 8], 0x226 at 0x00483FC2"
NewTechWin,0xA20,4,0,"?exec@NewTechWin@@QAEXHH@Z: mov dword ptr [eax + 0xc], 0x258 at 0x00483FC9"
NewTechWin,0xA24,4,0,"?exec@NewTechWin@@QAEXHH@Z: mov dword ptr [ebx], edi at 0x0048402A"
NewTechWin,0xA28,4,0,"?exec@NewTechWin@@QAEXHH@Z: mov dword ptr [ebx + 4], edi at 0x0048402F"
NewTechWin,0xA2C,4,0,"?exec@NewTechWin@@QAEXHH@Z: mov dword ptr [ebx + 8], eax at 0x00484035"
NewTechWin,0xA30,4,0,"?exec@NewTechWin@@QAEXHH@Z: mov dword ptr [ebx + 0xc], ecx at 0x0048403B"
NewTechWin,0xA34,4,0,"?exec@NewTechWin@@QAEXHH@Z: mov dword ptr [ebx], edx at 0x00484047"
NewTechWin,0xA38,4,0,"?exec@NewTechWin@@QAEXHH@Z: mov dword ptr [ebx + 4], edi at 0x00484049"
NewTechWin,0xA3C,4,0,"?exec@NewTechWin@@QAEXHH@Z: mov dword ptr [ebx + 8], eax at 0x0048404C"
NewTechWin,0xA40,4,0,"?exec@NewTechWin@@QAEXHH@Z: mov dword ptr [ebx + 0xc], ecx at 0x0048404F"
NewTechWin,0xA44,4,0,"?on_redraw@NewTechWin@@QAEXXZ: mov eax, dword ptr [edx] at 0x00483CED"
NewTechWin,0xA48,4,0,"?on_redraw@NewTechWin@@QAEXXZ: mov ecx, dword ptr [edx + 4] at 0x00483CF2"
NewTechWin,0xA4C,4,0,"?on_redraw@NewTechWin@@QAEXXZ: mov ecx, dword ptr [edx + 8] at 0x00483CFB"
NewTechWin,0xA50,4,0,"?on_redraw@NewTechWin@@QAEXXZ: mov edx, dword ptr [edx + 0xc] at 0x00483D01"
NewTechWin,0xA54,4,0,"?exec@NewTechWin@@QAEXHH@Z: mov dword ptr [ebx], edx at 0x004840BD"
NewTechWin,0xA58,4,0,"?exec@NewTechWin@@QAEXHH@Z: mov dword ptr [ebx + 4], edi at 0x004840BF"
NewTechWin,0xA5C,4,0,"?exec@NewTechWin@@QAEXHH@Z: mov dword ptr [ebx + 8], eax at 0x004840C2"
NewTechWin,0xA60,4,0,"?exec@NewTechWin@@QAEXHH@Z: mov dword ptr [ebx + 0xc], ecx at 0x004840C5"
NewTechWin,0xA64,4,0,"?exec@NewTechWin@@QAEXHH@Z: mov dword ptr [ecx], ebx at 0x0048419C"
NewTechWin,0xA68,4,0,"?exec@NewTechWin@@QAEXHH@Z: mov dword ptr [ecx + 4], ebx at 0x004841A1"
NewTechWin,0xA6C,4,0,"?exec@NewTechWin@@QAEXHH@Z: mov dword ptr [ecx + 8], ebx at 0x004841A7"
NewTechWin,0xA70,4,0,"?exec@NewTechWin@@QAEXHH@Z: mov dword ptr [ecx + 0xc], edx at 0x004841B9"
NewTechWin,0xA74,4,0,"?exec@NewTechWin@@QAEXHH@Z: mov dword ptr [ebx], edx at 0x00484103"
NewTechWin,0xA78,4,0,"?exec@NewTechWin@@QAEXHH@Z: mov dword ptr [ebx + 4], edi at 0x00484105"
NewTechWin,0xA7C,4,0,"?exec@NewTechWin@@QAEXHH@Z: mov dword ptr [ebx + 8], eax at 0x00484108"
NewTechWin,0xA80,4,0,"?exec@NewTechWin@@QAEXHH@Z: mov dword ptr [ebx + 0xc], ecx at 0x0048410B"
NewTechWin,0xA84,4,0,"?exec@NewTechWin@@QAEXHH@Z: mov dword ptr [eax], edx at 0x0048420B"
NewTechWin,0xA88,4,0,"?exec@NewTechWin@@QAEXHH@Z: mov dword ptr [eax + 4], edx at 0x00484217"
NewTechWin,0xA8C,4,0,"?exec@NewTechWin@@QAEXHH@Z: mov dword ptr [eax + 8], edx at 0x0048421D"
NewTechWin,0xA90,4,0,"?exec@NewTechWin@@QAEXHH@Z: mov dword ptr [eax + 0xc], ecx at 0x0048422C"
NewTechWin,0xA94,4,0,"?exec@NewTechWin@@QAEXHH@Z: mov dword ptr [ebx], edx at 0x00484097"
NewTechWin,0xA98,4,0,"?exec@NewTechWin@@QAEXHH@Z: mov dword ptr [ebx + 4], edi at 0x0048409C"
NewTechWin,0xA9C,4,0,"?exec@NewTechWin@@QAEXHH@Z: mov dword ptr [ebx + 8], eax at 0x0048409F"
NewTechWin,0xAA0,4,0,"?exec@NewTechWin@@QAEXHH@Z: mov dword ptr [ebx + 0xc], ecx at 0x004840A2"
NewTechWin,0xAA4,4,0,"?exec@NewTechWin@@QAEXHH@Z: mov dword ptr [edx], ebx at 0x00484152"
NewTechWin,0xAA8,4,0,"?exec@NewTechWin@@QAEXHH@Z: mov dword ptr [edx + 4], ebx at 0x00484157"
NewTechWin,0xAAC,4,0,"?exec@NewTechWin@@QAEXHH@Z: mov dword ptr [edx + 8], ebx at 0x0048415D"
NewTechWin,0xAB0,4,0,"?exec@NewTechWin@@QAEXHH@Z: mov dword ptr [edx + 0xc], eax at 0x00484163"
NewTechWin,0xAB4,4,0,"?exec@NewTechWin@@QAEXHH@Z: mov dword ptr [ebx], edx at 0x004840E0"
NewTechWin,0xAB8,4,0,"?exec@NewTechWin@@QAEXHH@Z: mov dword ptr [ebx + 4], edi at 0x004840E2"
NewTechWin,0xABC,4,0,"?exec@NewTechWin@@QAEXHH@Z: mov dword ptr [ebx + 8], eax at 0x004840E5"
NewTechWin,0xAC0,4,0,"?exec@NewTechWin@@QAEXHH@Z: mov dword ptr [ebx + 0xc], ecx at 0x004840E8"
NewTechWin,0xAC4,4,0,"?exec@NewTechWin@@QAEXHH@Z: mov dword ptr [edx], ebx at 0x004841CD"
NewTechWin,0xAC8,4,0,"?exec@NewTechWin@@QAEXHH@Z: mov dword ptr [edx + 4], ebx at 0x004841D5"
NewTechWin,0xACC,4,0,"?exec@NewTechWin@@QAEXHH@Z: mov dword ptr [edx + 8], ebx at 0x004841DE"
NewTechWin,0xAD0,4,0,"?exec@NewTechWin@@QAEXHH@Z: mov dword ptr [edx + 0xc], ebx at 0x004841F0"
NewTechWin,0xAD4,4,0,"?exec@NewTechWin@@QAEXHH@Z: mov dword ptr [ebx], edx at 0x00484126"
NewTechWin,0xAD8,4,0,"?exec@NewTechWin@@QAEXHH@Z: mov dword ptr [ebx + 4], edi at 0x00484131"
NewTechWin,0xADC,4,0,"?exec@NewTechWin@@QAEXHH@Z: mov dword ptr [ebx + 8], eax at 0x0048413A"
NewTechWin,0xAE0,4,0,"?exec@NewTechWin@@QAEXHH@Z: mov dword ptr [ebx + 0xc], ecx at 0x0048413D"
NewTechWin,0xAE4,4,0,"?exec@NewTechWin@@QAEXHH@Z: mov dword ptr [esi + 0xae4], ecx at 0x004842B4"
NewTechWin,0xAE8,4,0,"?exec@NewTechWin@@QAEXHH@Z: mov dword ptr [eax + 4], edx at 0x004842C0"
NewTechWin,0xAEC,4,0,"?exec@NewTechWin@@QAEXHH@Z: mov dword ptr [eax + 8], ecx at 0x004842C9"
NewTechWin,0xAF0,4,0,"?exec@NewTechWin@@QAEXHH@Z: mov dword ptr [eax + 0xc], edx at 0x004842CE"
NewTechWin,0xAF4,4,0,"?on_redraw@NewTechWin@@QAEXXZ: mov eax, dword ptr [ebx] at 0x004839BD"
NewTechWin,0xAF8,4,0,"?on_redraw@NewTechWin@@QAEXXZ: mov ecx, dword ptr [ebx + 4] at 0x004839C2"
NewTechWin,0xAFC,4,0,"?on_redraw@NewTechWin@@QAEXXZ: mov edx, dword ptr [ebx + 8] at 0x004839CB"
NewTechWin,0xB00,4,0,"?on_redraw@NewTechWin@@QAEXXZ: mov ebx, dword ptr [ebx + 0xc] at 0x004839D7"
NewTechWin,0xB04,4,0,"?exec@NewTechWin@@QAEXHH@Z: mov dword ptr [edx], ecx at 0x00484291"
NewTechWin,0xB08,4,0,"?exec@NewTechWin@@QAEXHH@Z: mov dword ptr [edx + 4], ecx at 0x00484296"
NewTechWin,0xB0C,4,0,"?exec@NewTechWin@@QAEXHH@Z: mov dword ptr [edx + 8], eax at 0x0048429F"
NewTechWin,0xB10,4,0,"?exec@NewTechWin@@QAEXHH@Z: mov dword ptr [edx + 0xc], eax at 0x004842A5"
NewTechWin,0xB14,4,0,"?exec@NewTechWin@@QAEXHH@Z: mov dword ptr [ecx], edx at 0x00484271"
NewTechWin,0xB18,4,0,"?exec@NewTechWin@@QAEXHH@Z: mov dword ptr [ecx + 4], edx at 0x00484276"
NewTechWin,0xB1C,4,0,"?exec@NewTechWin@@QAEXHH@Z: mov dword ptr [ecx + 8], eax at 0x0048427C"
NewTechWin,0xB20,4,0,"?exec@NewTechWin@@QAEXHH@Z: mov dword ptr [ecx + 0xc], edx at 0x00484282"
NewTechWin,0xB24,4,0,"?on_redraw@NewTechWin@@QAEXXZ: mov edx, dword ptr [edi + 0xb24] at 0x00483CC8"
NewTechWin,0xB28,4,0,"?on_redraw@NewTechWin@@QAEXXZ: mov eax, dword ptr [edi + 0xb28] at 0x00483A31"
NewTechWin,0xB2C,4,0,"?exec@NewTechWin@@QAEXHH@Z: mov edx, dword ptr [edi] at 0x004845D8"
NewTechWin,0x15F4,4,0,"?exec@NewTechWin@@QAEXHH@Z: mov dword ptr [edi + 0xac8], 0x78d960 at 0x004845B5"
NewTechWin,0x15F8,4,0,"?exec@NewTechWin@@QAEXHH@Z: mov dword ptr [edi + 0xacc], 0x78d988 at 0x004845BF"
NewTechWin,0x15FC,4,0,"?exec@NewTechWin@@QAEXHH@Z: mov dword ptr [edi + 0xad0], 0x78d9b0 at 0x004845C9"
NewTechWin,0x1678,4,0,"?exec@NewTechWin@@QAEXHH@Z: mov eax, dword ptr [edi] at 0x0048464D"
NewTechWin,0x214C,4,0,"?exec@NewTechWin@@QAEXHH@Z: mov dword ptr [edi + 0xad4], 0x822610 at 0x0048462F"
NewTechWin,0x2150,4,0,"?exec@NewTechWin@@QAEXHH@Z: mov dword ptr [edi + 0xad8], 0x82263c at 0x00484639"
NewTechWin,0x2154,4,0,"?exec@NewTechWin@@QAEXHH@Z: mov dword ptr [edi + 0xadc], 0x822668 at 0x00484643"
NewTechWin,0x21C4,4,0,"?exec@NewTechWin@@QAEXHH@Z: mov eax, dword ptr [ebx] at 0x004846A9"
NewTechWin,0x2C98,4,0,"?exec@NewTechWin@@QAEXHH@Z: mov dword ptr [ebx + 0xad4], 0x822694 at 0x0048468B"
NewTechWin,0x2C9C,4,0,"?exec@NewTechWin@@QAEXHH@Z: mov dword ptr [ebx + 0xad8], 0x8226c0 at 0x00484695"
NewTechWin,0x2CA0,4,0,"?exec@NewTechWin@@QAEXHH@Z: mov dword ptr [ebx + 0xadc], 0x8226ec at 0x0048469F"
NewTechWin,0x2DA4,4,0,"?exec@NewTechWin@@QAEXHH@Z: mov eax, dword ptr [ebx] at 0x0048444C"
NewTechWin,0xDC24,4,0,"?exec@NewTechWin@@QAEXHH@Z: mov edx, dword ptr [edi] at 0x00484552"
NewTechWin,0xE068,4,0,"??1NewTechWin@@QAE@XZ: mov dword ptr [esi + 0x444], 0x66adc0 at 0x00484849"
NewTechWin,0xE644,4,0,"??1NewTechWin@@QAE@XZ: mov dword ptr [edi], 0x669d58 at 0x004848DA"
NewTechWin,0xEA88,4,0,"??1NewTechWin@@QAE@XZ: mov dword ptr [edi + 0x444], 0x669d50 at 0x004848E0"
NewTechWin,0xF0F0,4,0,"??1NewTechWin@@QAE@XZ: mov dword ptr [ecx], 0x669754 at 0x0048492C"
NewTechWin,0xF534,4,0,"??1NewTechWin@@QAE@XZ: mov dword ptr [ecx + 0x444], 0x66974c at 0x00484932"
NewTechWin,0xFC3C,4,0,"??1NewTechWin@@QAE@XZ: mov dword ptr [ecx], 0x669754 at 0x004848FE"
NewTechWin,0x10080,4,0,"??1NewTechWin@@QAE@XZ: mov dword ptr [ecx + 0x444], 0x66974c at 0x00484904"
NewTechWin,0x10794,4,0,"??1NewTechWin@@QAE@XZ: mov dword ptr [ecx], 0x6698c4 at 0x0048486A"
NewTechWin,0x10798,4,0,"??1NewTechWin@@QAE@XZ: mov eax, dword ptr [edi - 0x24] at 0x00484870"
NewTechWin,0x107A8,4,0,"??1NewTechWin@@QAE@XZ: mov dword ptr [edi - 0x14], 0 at 0x0048488A"
NewTechWin,0x107BC,4,0,"??1NewTechWin@@QAE@XZ: mov dword ptr [esi + 0x2b98], 0x6693ac at 0x004848CA"
NewTechWin,0x107C0,4,0,"??1NewTechWin@@QAE@XZ: mov ecx, dword ptr [esi + 0x2b9c] at 0x004848C4"
Palette,0x0,1,0,"?init@Palette@@QAEXXZ: mov byte ptr [eax - 2], bl at 0x005FE396"
Palette,0x1,1,0,"?init@Palette@@QAEXXZ: mov byte ptr [eax - 1], bl at 0x005FE39C"
Palette,0x2,1,0,"?init@Palette@@QAEXXZ: mov byte ptr [eax], bl at 0x005FE3A2"
Palette,0x3,1,0,"?init@Palette@@QAEXXZ: mov byte ptr [eax + 1], 4 at 0x005FE3A4"
Palette,0x28,1,0,"?init@Palette@@QAEXXZ: mov byte ptr [ecx - 2], al at 0x005FE3E4"
Palette,0x29,1,0,"?init@Palette@@QAEXXZ: mov byte ptr [ecx - 1], al at 0x005FE3E7"
Palette,0x2A,1,0,"?init@Palette@@QAEXXZ: mov byte ptr [ecx], al at 0x005FE3EA"
Palette,0x2B,1,0,"?init@Palette@@QAEXXZ: mov byte ptr [ecx + 1], dl at 0x005FE3EC"
Palette,0x3D8,1,0,"?init@Palette@@QAEXXZ: mov byte ptr [eax + 0x3d6], bl at 0x005FE3AB"
Palette,0x3D9,1,0,"?init@Palette@@QAEXXZ: mov byte ptr [eax + 0x3d7], bl at 0x005FE3B4"
Palette,0x3DA,1,0,"?init@Palette@@QAEXXZ: mov byte ptr [eax + 0x3d8], bl at 0x005FE3C1"
Palette,0x3DB,1,0,"?init@Palette@@QAEXXZ: mov byte ptr [eax + 0x3d9], 4 at 0x005FE3C7"
Palette,0x400,4,0,"??0Palette@@QAE@XZ: mov dword ptr [esi + 0x400], ecx at 0x005FE2AA"
Palette,0x404,4,0,"??0Palette@@QAE@XZ: mov dword ptr [eax - 4], 0xffffffff at 0x005FE2B6"
Palette,0x408,4,0,"??0Palette@@QAE@XZ: mov dword ptr [eax], ecx at 0x005FE2BD"
Palette,0x40C,1,0,"??0Palette@@QAE@XZ: mov byte ptr [eax + 4], cl at 0x005FE2BF"
Palette,0x40D,1,0,"??0Palette@@QAE@XZ: mov byte ptr [eax + 5], cl at 0x005FE2C2"
Palette,0x410,4,0,"??0Palette@@QAE@XZ: mov dword ptr [eax + 8], ecx at 0x005FE2C5"
Patch,0x0,4,0,"??0Patch@@QAE@XZ: mov dword ptr [esi], 0x66e444 at 0x004C841A"
Patch,0x4,4,0,"??0Patch@@QAE@XZ: mov dword ptr [esi + 4], 0x7f at 0x004C8421"
Patch,0x8,4,0,"??0Patch@@QAE@XZ: mov dword ptr [esi + 8], 0 at 0x004C8428"
Patch,0x30,4,0,"??0Patch@@QAE@XZ: mov dword ptr [esi + 0x30], 0 at 0x004C8437"
Path,0x0,4,0,"?init@Path@@QAEXXZ: mov eax, dword ptr [esi] at 0x0059A223"
Path,0x4,4,0,"?init@Path@@QAEXXZ: mov eax, dword ptr [esi + 4] at 0x0059A232"
Path,0x8,4,0,"?init@Path@@QAEXXZ: mov eax, dword ptr [esi + 8] at 0x0059A242"
Path,0xC,4,0,"?territory@Path@@QAEXHHHH@Z: mov dword ptr [ecx + 0xc], edi at 0x0059C406"
Path,0x10,4,0,"?territory@Path@@QAEXHHHH@Z: mov dword ptr [ecx + 0x10], edi at 0x0059C403"
Path,0x14,4,0,"?move@Path@@QAEHHH@Z: mov ebx, dword ptr [ecx + 0x14] at 0x0059BC1C"
Path,0x18,4,0,"?init@Path@@QAEXXZ: mov dword ptr [esi + 0x18], eax at 0x0059A269"
Path,0x1C,4,0,"?init@Path@@QAEXXZ: mov dword ptr [esi + 0x1c], eax at 0x0059A26C"
PickTech,0x0,4,0,"??0PickTech@@QAE@XZ: mov dword ptr [esi], 0x66cfcc at 0x00484B3D"
PickTech,0x444,4,0,"??0PickTech@@QAE@XZ: mov dword ptr [esi + 0x444], 0x66cfc4 at 0x00484B43"
PickTech,0xA14,4,0,"?on_mouse_move@PickTech@@QAEXHH@Z: mov ebx, dword ptr [esi + 0xa14] at 0x00485FE1"
PickTech,0xA18,4,0,"?on_mouse_move@PickTech@@QAEXHH@Z: mov ecx, dword ptr [esi + 0xa18] at 0x00485FF5"
PickTech,0xA20,4,0,"?pick@PickTech@@QAEHHHHPAD@Z: mov dword ptr [ebx + 0xa20], edi at 0x0048657A"
PickTech,0xA24,4,0,"??0PickTech@@QAE@XZ: mov dword ptr [esi + 0xa24], edi at 0x00484B25"
PickTech,0xA28,4,0,"??0PickTech@@QAE@XZ: mov dword ptr [esi + 0xa28], edi at 0x00484B2B"
PickTech,0xA2C,4,0,"?on_key_click@PickTech@@QAEHHH@Z: cmp edi, dword ptr [esi + 0xa2c] at 0x00486233"
PickTech,0xA38,4,0,"??0PickTech@@QAE@XZ: mov dword ptr [esi + 0xa38], edi at 0x00484B31"
PickTech,0xA3C,4,0,"??0PickTech@@QAE@XZ: mov dword ptr [esi + 0xa3c], edi at 0x00484B37"
PickTech,0xA40,4,0,"?UNK1@PickTech@@QAEXPAD@Z: mov edx, dword ptr [esi + 0xa40] at 0x00484C31"
PickTech,0xA44,4,0,"?UNK1@PickTech@@QAEXPAD@Z: mov edx, dword ptr [esi + 0xa44] at 0x00484C04"
PickTech,0xA48,4,0,"?UNK1@PickTech@@QAEXPAD@Z: mov eax, dword ptr [esi + 0xa48] at 0x00484C16"
PickTech,0xA50,4,0,"?UNK1@PickTech@@QAEXPAD@Z: mov eax, dword ptr [esi + 0xa50] at 0x00484C0A"
PickTech,0xA54,4,0,"?UNK1@PickTech@@QAEXPAD@Z: mov eax, dword ptr [esi + 0xa54] at 0x00484B88"
PickTech,0xBBC,4,0,"?UNK1@PickTech@@QAEXPAD@Z: mov eax, dword ptr [edi] at 0x00484BF4"
PickTech,0xBCC,4,0,"?UNK1@PickTech@@QAEXPAD@Z: mov edi, dword ptr [edi + 0x10] at 0x00484BFA"
PickTech,0xC34,4,0,"?UNK1@PickTech@@QAEXPAD@Z: mov eax, dword ptr [edi] at 0x00484BAA"
PickTech,0xC44,4,0,"?UNK1@PickTech@@QAEXPAD@Z: mov edi, dword ptr [edi + 0x10] at 0x00484BB0"
PickWin,0x0,4,0,"?on_group_clicked@PickWin@@QAEXHHH@Z: mov eax, dword ptr [esi] at 0x00489B63"
PickWin,0x444,4,0,"??0PickWin@@QAE@XZ: mov dword ptr [esi + 0x444], 0x66d134 at 0x0048AD9E"
PickWin,0xA14,4,0,"?init@PickWin@@QAEXP6AXH@ZHH@Z: mov dword ptr [esi + 0xa14], ebx at 0x004889EC"
PickWin,0xA18,4,0,"?init@PickWin@@QAEXP6AXH@ZHH@Z: mov dword ptr [esi + 0xa18], ebx at 0x004889BB"
PickWin,0xA1C,4,0,"?init@PickWin@@QAEXP6AXH@ZHH@Z: mov dword ptr [esi + 0xa1c], 0x102 at 0x004889AB"
PickWin,0xA20,4,0,"?init@PickWin@@QAEXP6AXH@ZHH@Z: mov dword ptr [esi + 0xa20], eax at 0x004889B5"
PickWin,0xA24,4,0,"??1PickWin@@QAE@XZ: mov dword ptr [ebx], 0x6695c8 at 0x0048AB58"
PickWin,0xE68,4,0,"??1PickWin@@QAE@XZ: mov dword ptr [ebx + 0x444], 0x6695c0 at 0x0048AB5E"
PickWin,0x3C54,4,0,"??1PickWin@@QAE@XZ: mov dword ptr [edi], 0x669d58 at 0x0048AB7C"
PickWin,0x4098,4,0,"??1PickWin@@QAE@XZ: mov dword ptr [edi + 0x444], 0x669d50 at 0x0048AB82"
PickWin,0x524C,4,0,"??1PickWin@@QAE@XZ: mov dword ptr [ecx], 0x669754 at 0x0048ABA0"
PickWin,0x5690,4,0,"??1PickWin@@QAE@XZ: mov dword ptr [ecx + 0x444], 0x66974c at 0x0048ABA6"
PickWin,0x5DA0,4,0,"?init@PickWin@@QAEXP6AXH@ZHH@Z: mov dword ptr [esi + 0x5da0], ecx at 0x004887E5"
PickWin,0x5DA4,4,0,"?init@PickWin@@QAEXP6AXH@ZHH@Z: mov dword ptr [esi + 0x5da4], eax at 0x004887EB"
PickWin,0x5DA8,4,0,"?go_girl@PickWin@@QAEHXZ: mov eax, dword ptr [esi + 0x5da8] at 0x0048A834"
PickWin,0x5DAC,4,0,"?init@PickWin@@QAEXP6AXH@ZHH@Z: mov dword ptr [esi + 0x5dac], ecx at 0x004887D4"
PickWin,0x5DB0,4,0,"?init@PickWin@@QAEXP6AXH@ZHH@Z: mov dword ptr [esi + 0x5db0], ebx at 0x0048887C"
PickWin,0x5DB4,4,0,"?on_group_clicked@PickWin@@QAEXHHH@Z: mov dword ptr [esi + 0x5db4], eax at 0x00489B58"
PickWin,0x600F,1,0,"?init@PickWin@@QAEXP6AXH@ZHH@Z: mov byte ptr [edi + 0x257], 0 at 0x0048896D"
PickWin,0x6238,4,0,"?init@PickWin@@QAEXP6AXH@ZHH@Z: mov dword ptr [esi + 0x6238], edx at 0x004887DF"
PickWin,0x623C,4,0,"?init@PickWin@@QAEXP6AXH@ZHH@Z: mov dword ptr [esi + 0x623c], ebx at 0x00488C33"
PickWin,0x6240,4,0,"?init@PickWin@@QAEXP6AXH@ZHH@Z: mov dword ptr [esi + 0x6240], ebx at 0x00488C39"
PickWin,0x6244,4,0,"?init@PickWin@@QAEXP6AXH@ZHH@Z: mov dword ptr [esi + 0x6244], ecx at 0x00488C1D"
PickWin,0x6248,4,0,"?init@PickWin@@QAEXP6AXH@ZHH@Z: mov dword ptr [esi + 0x6248], eax at 0x00488C29"
PickWin,0x624C,4,0,"?init@PickWin@@QAEXP6AXH@ZHH@Z: mov dword ptr [edx], eax at 0x00488C3F"
PickWin,0x6250,4,0,"?init@PickWin@@QAEXP6AXH@ZHH@Z: mov dword ptr [edx + 4], eax at 0x00488C47"
PickWin,0x6254,4,0,"?init@PickWin@@QAEXP6AXH@ZHH@Z: mov dword ptr [edx + 8], eax at 0x00488C50"
PickWin,0x6258,4,0,"?init@PickWin@@QAEXP6AXH@ZHH@Z: mov dword ptr [edx + 0xc], eax at 0x00488C59"
PickWin,0x625C,4,0,"?init@PickWin@@QAEXP6AXH@ZHH@Z: mov dword ptr [esi + 0x625c], edx at 0x00488CD6"
PickWin,0x6260,4,0,"?init@PickWin@@QAEXP6AXH@ZHH@Z: mov dword ptr [esi + 0x6260], eax at 0x00488CDC"
PickWin,0x6264,4,0,"?init@PickWin@@QAEXP6AXH@ZHH@Z: mov dword ptr [esi + 0x6264], edx at 0x00488CEB"
PickWin,0x6268,4,0,"?init@PickWin@@QAEXP6AXH@ZHH@Z: mov dword ptr [esi + 0x6268], eax at 0x00488CF1"
PickWin,0x626C,4,0,"?init@PickWin@@QAEXP6AXH@ZHH@Z: mov dword ptr [esi + 0x626c], eax at 0x00488D0C"
PickWin,0x6270,4,0,"?init@PickWin@@QAEXP6AXH@ZHH@Z: mov dword ptr [esi + 0x6270], edx at 0x00488D06"
PickWin,0x6274,4,0,"?init@PickWin@@QAEXP6AXH@ZHH@Z: mov dword ptr [esi + 0x6274], eax at 0x00488D1A"
PickWin,0x6278,4,0,"?init@PickWin@@QAEXP6AXH@ZHH@Z: mov dword ptr [esi + 0x6278], edx at 0x00488D20"
PickWin,0x627C,4,0,"?init@PickWin@@QAEXP6AXH@ZHH@Z: mov dword ptr [esi + 0x627c], eax at 0x00488D35"
PickWin,0x6280,4,0,"?init@PickWin@@QAEXP6AXH@ZHH@Z: mov dword ptr [esi + 0x6280], edx at 0x00488D2F"
PickWin,0x6284,4,0,"?init@PickWin@@QAEXP6AXH@ZHH@Z: mov dword ptr [esi + 0x6284], eax at 0x00488D43"
PickWin,0x6288,4,0,"?init@PickWin@@QAEXP6AXH@ZHH@Z: mov dword ptr [esi + 0x6288], edx at 0x00488D49"
PickWin,0x628C,4,0,"?init@PickWin@@QAEXP6AXH@ZHH@Z: mov eax, dword ptr [ebx] at 0x004890CB"
PickWin,0x66D0,4,0,"??1PickWin@@QAE@XZ: mov dword ptr [edi + 0x444], ebx at 0x0048AB33"
PickWin,0x6D60,4,0,"?init@PickWin@@QAEXP6AXH@ZHH@Z: mov dword ptr [ebx + 0xad4], eax at 0x004890BA"
PickWin,0x6D64,4,0,"?init@PickWin@@QAEXP6AXH@ZHH@Z: mov dword ptr [ebx + 0xad8], ecx at 0x004890A7"
PickWin,0x6D68,4,0,"?init@PickWin@@QAEXP6AXH@ZHH@Z: mov dword ptr [ebx + 0xadc], edx at 0x004890C0"
PickWin,0x6DD8,4,0,"?init@PickWin@@QAEXP6AXH@ZHH@Z: mov edx, dword ptr [ebx] at 0x00489165"
PickWin,0x721C,4,0,"??1PickWin@@QAE@XZ: mov dword ptr [edi + 0x444], ebx at 0x0048AB08"
PickWin,0x78AC,4,0,"?init@PickWin@@QAEXP6AXH@ZHH@Z: mov dword ptr [ebx + 0xad4], eax at 0x00489141"
PickWin,0x78B0,4,0,"?init@PickWin@@QAEXP6AXH@ZHH@Z: mov dword ptr [ebx + 0xad8], eax at 0x0048915A"
PickWin,0x78B4,4,0,"?init@PickWin@@QAEXP6AXH@ZHH@Z: mov dword ptr [ebx + 0xadc], ecx at 0x0048914D"
PickWin,0x7924,4,0,"?init@PickWin@@QAEXP6AXH@ZHH@Z: mov eax, dword ptr [ebx] at 0x004891FE"
PickWin,0x7D68,4,0,"??1PickWin@@QAE@XZ: mov dword ptr [edi + 0x444], ebx at 0x0048AADD"
PickWin,0x83F8,4,0,"?init@PickWin@@QAEXP6AXH@ZHH@Z: mov dword ptr [ebx + 0xad4], eax at 0x004891ED"
PickWin,0x83FC,4,0,"?init@PickWin@@QAEXP6AXH@ZHH@Z: mov dword ptr [ebx + 0xad8], ecx at 0x004891DA"
PickWin,0x8400,4,0,"?init@PickWin@@QAEXP6AXH@ZHH@Z: mov dword ptr [ebx + 0xadc], edx at 0x004891F3"
PickWin,0x8688,1,0,"?on_redraw@PickWin@@QAEXXZ: mov dl, byte ptr [edi + 8] at 0x004898CE"
PickWin,0x86AC,4,0,"?init@PickWin@@QAEXP6AXH@ZHH@Z: mov dword ptr [edi], ebx at 0x00488D7E"
PickWin,0x86B0,4,0,"?init@PickWin@@QAEXP6AXH@ZHH@Z: mov dword ptr [edi + 4], edx at 0x00488D80"
PickWin,0x86B4,4,0,"?init@PickWin@@QAEXP6AXH@ZHH@Z: mov dword ptr [edi + 8], ebx at 0x00488D8B"
PickWin,0x86B8,4,0,"?init@PickWin@@QAEXP6AXH@ZHH@Z: mov dword ptr [edi + 0xc], edx at 0x00488D8E"
PickWin,0x86BC,4,0,"?init@PickWin@@QAEXP6AXH@ZHH@Z: mov ecx, dword ptr [ebx] at 0x00489212"
PickWin,0x86D0,4,0,"?init@PickWin@@QAEXP6AXH@ZHH@Z: mov dword ptr [esi + 0x86d0], 0xffffffff at 0x00489229"
PickWin,0x86E8,4,0,"?init@PickWin@@QAEXP6AXH@ZHH@Z: mov dword ptr [esi + 0x86e8], edi at 0x00489223"
PickWin,0x86FC,4,0,"?init@PickWin@@QAEXP6AXH@ZHH@Z: mov dword ptr [esi + 0x86fc], 0x488780 at 0x00489299"
PickWin,0x9210,4,0,"?init@PickWin@@QAEXP6AXH@ZHH@Z: mov dword ptr [esi + 0x9210], eax at 0x00488E91"
PickWin,0x9214,4,0,"?init@PickWin@@QAEXP6AXH@ZHH@Z: mov dword ptr [esi + 0x9214], edx at 0x00488E8B"
PickWin,0x9218,4,0,"?init@PickWin@@QAEXP6AXH@ZHH@Z: mov dword ptr [esi + 0x9218], eax at 0x00488E99"
PickWin,0x921C,4,0,"?init@PickWin@@QAEXP6AXH@ZHH@Z: mov dword ptr [esi + 0x921c], edx at 0x00488EA4"
PickWin,0x9220,4,0,"?init@PickWin@@QAEXP6AXH@ZHH@Z: mov dword ptr [esi + 0x9220], edx at 0x00488E4E"
PickWin,0x9224,4,0,"?init@PickWin@@QAEXP6AXH@ZHH@Z: mov dword ptr [esi + 0x9224], ebx at 0x00488E59"
PickWin,0x9228,4,0,"?init@PickWin@@QAEXP6AXH@ZHH@Z: mov dword ptr [esi + 0x9228], edx at 0x00488E61"
PickWin,0x922C,4,0,"?init@PickWin@@QAEXP6AXH@ZHH@Z: mov dword ptr [esi + 0x922c], ebx at 0x00488E67"
PickWin,0x9230,4,0,"?init@PickWin@@QAEXP6AXH@ZHH@Z: mov dword ptr [esi + 0x9230], eax at 0x00488F0B"
PickWin,0x9234,4,0,"?init@PickWin@@QAEXP6AXH@ZHH@Z: mov dword ptr [esi + 0x9234], edx at 0x00488F05"
PickWin,0x9238,4,0,"?init@PickWin@@QAEXP6AXH@ZHH@Z: mov dword ptr [esi + 0x9238], eax at 0x00488F13"
PickWin,0x923C,4,0,"?init@PickWin@@QAEXP6AXH@ZHH@Z: mov dword ptr [esi + 0x923c], edx at 0x00488F1E"
PickWin,0x9240,4,0,"?init@PickWin@@QAEXP6AXH@ZHH@Z: mov dword ptr [esi + 0x9240], eax at 0x00488F4E"
PickWin,0x9244,4,0,"?init@PickWin@@QAEXP6AXH@ZHH@Z: mov dword ptr [esi + 0x9244], ecx at 0x00488F54"
PickWin,0x9248,4,0,"?init@PickWin@@QAEXP6AXH@ZHH@Z: mov dword ptr [esi + 0x9248], eax at 0x00488F61"
PickWin,0x924C,4,0,"?init@PickWin@@QAEXP6AXH@ZHH@Z: mov dword ptr [esi + 0x924c], ecx at 0x00488F67"
PickWin,0x9250,4,0,"?init@PickWin@@QAEXP6AXH@ZHH@Z: mov dword ptr [esi + 0x9250], ecx at 0x00488F8E"
PickWin,0x9254,4,0,"?init@PickWin@@QAEXP6AXH@ZHH@Z: mov dword ptr [esi + 0x9254], eax at 0x00488F94"
PickWin,0x9258,4,0,"?init@PickWin@@QAEXP6AXH@ZHH@Z: mov dword ptr [esi + 0x9258], ecx at 0x00488FAA"
PickWin,0x925C,4,0,"?init@PickWin@@QAEXP6AXH@ZHH@Z: mov dword ptr [esi + 0x925c], eax at 0x00488F9E"
PickWin,0x9260,4,0,"?init@PickWin@@QAEXP6AXH@ZHH@Z: mov dword ptr [esi + 0x9260], eax at 0x00488ECE"
PickWin,0x9264,4,0,"?init@PickWin@@QAEXP6AXH@ZHH@Z: mov dword ptr [esi + 0x9264], edx at 0x00488EC8"
PickWin,0x9268,4,0,"?init@PickWin@@QAEXP6AXH@ZHH@Z: mov dword ptr [esi + 0x9268], eax at 0x00488ED6"
PickWin,0x926C,4,0,"?init@PickWin@@QAEXP6AXH@ZHH@Z: mov dword ptr [esi + 0x926c], edx at 0x00488EE1"
PickWin,0x9270,4,0,"?init@PickWin@@QAEXP6AXH@ZHH@Z: mov eax, dword ptr [ebx] at 0x00489316"
PickWin,0x96B4,4,0,"??1PickWin@@QAE@XZ: mov dword ptr [edi + 0x444], ebx at 0x0048AA1C"
PickWin,0x9DBC,4,0,"?init@PickWin@@QAEXP6AXH@ZHH@Z: mov eax, dword ptr [ebx] at 0x004893B6"
PickWin,0xA200,4,0,"??1PickWin@@QAE@XZ: mov dword ptr [edi + 0x444], ebx at 0x0048A9F1"
PickWin,0xA908,4,0,"?init@PickWin@@QAEXP6AXH@ZHH@Z: mov eax, dword ptr [ebx] at 0x0048944F"
PickWin,0xAD4C,4,0,"??1PickWin@@QAE@XZ: mov dword ptr [edi + 0x444], ebx at 0x0048A9C6"
PickWin,0xB454,4,0,"?init@PickWin@@QAEXP6AXH@ZHH@Z: mov eax, dword ptr [edi] at 0x004895FA"
PickWin,0xB898,4,0,"??1PickWin@@QAE@XZ: mov dword ptr [edi + 0x444], ebx at 0x0048A99B"
PickWin,0xBFA0,4,0,"?init@PickWin@@QAEXP6AXH@ZHH@Z: mov eax, dword ptr [ebx] at 0x0048956E"
PickWin,0xC3E4,4,0,"??1PickWin@@QAE@XZ: mov dword ptr [edi + 0x444], ebx at 0x0048A970"
PickWin,0xCAEC,4,0,"?init@PickWin@@QAEXP6AXH@ZHH@Z: mov eax, dword ptr [ebx] at 0x004894E2"
PickWin,0xCF30,4,0,"??1PickWin@@QAE@XZ: mov dword ptr [edi + 0x444], ebx at 0x0048A945"
PickWin,0xD6A8,4,0,"?init@PickWin@@QAEXP6AXH@ZHH@Z: mov edx, dword ptr [ebx] at 0x00489019"
PickWin,0xE17C,4,0,"?init@PickWin@@QAEXP6AXH@ZHH@Z: mov dword ptr [ebx + 0xad4], eax at 0x00488FFB"
PickWin,0xE180,4,0,"?init@PickWin@@QAEXP6AXH@ZHH@Z: mov dword ptr [ebx + 0xad8], eax at 0x00489007"
PickWin,0xE184,4,0,"?init@PickWin@@QAEXP6AXH@ZHH@Z: mov dword ptr [ebx + 0xadc], eax at 0x00489013"
PickWin,0xE1F4,4,0,"?on_redraw@PickWin@@QAEXXZ: mov eax, dword ptr [esi + 0xe1f4] at 0x00489A06"
PickWin,0xED40,4,0,"?on_redraw@PickWin@@QAEXXZ: mov edx, dword ptr [esi + 0xed40] at 0x00489A17"
PickWin,0xF88C,4,0,"?on_redraw@PickWin@@QAEXXZ: mov eax, dword ptr [esi + 0xf88c] at 0x00489A28"
PickWin,0x103D8,4,0,"?on_redraw@PickWin@@QAEXXZ: mov edx, dword ptr [esi + 0x103d8] at 0x00489A39"
PickWin,0x10F24,4,0,"?on_redraw@PickWin@@QAEXXZ: mov eax, dword ptr [esi + 0x10f24] at 0x00489A4A"
PickWin,0x11A70,4,0,"?on_redraw@PickWin@@QAEXXZ: mov edx, dword ptr [esi + 0x11a70] at 0x00489A5B"
PickWin,0x12640,4,0,"?on_redraw@PickWin@@QAEXXZ: mov eax, dword ptr [esi + 0x12640] at 0x004897D7"
PlanWin,0x0,4,0,"?UNK1@PlanWin@@QAEXXZ: mov eax, dword ptr [ecx] at 0x0048B3C0"
PlanWin,0x1DD70,4,0,"?back_redraw@PlanWin@@QAEXXZ: mov dword ptr [esi + 0x1dd70], 0x84010002 at 0x0048B3F7"
PlanWin,0x1DD78,4,0,"?init@PlanWin@@QAEXPAD@Z: mov dword ptr [esi + 0x1dd78], eax at 0x0048BC79"
PlanWin,0x1DD98,4,0,"?opticenter@PlanWin@@QAEXHHHHH@Z: mov eax, dword ptr [esi + 0x1dd98] at 0x0048B641"
PlanWin,0x1DD9C,4,0,"?opticenter@PlanWin@@QAEXHHHHH@Z: mov ecx, dword ptr [esi + 0x1dd9c] at 0x0048B647"
PlanWin,0x1DDA0,4,0,"?opticenter@PlanWin@@QAEXHHHHH@Z: mov edx, dword ptr [esi + 0x1dda0] at 0x0048B64D"
PlanWin,0x1DDA4,4,0,"?opticenter@PlanWin@@QAEXHHHHH@Z: mov ecx, dword ptr [esi + 0x1dda4] at 0x0048B753"
PlanWin,0x1DDA8,4,0,"?opticenter@PlanWin@@QAEXHHHHH@Z: mov edx, dword ptr [esi + 0x1dda8] at 0x0048B726"
PlanWin,0x1DDBC,4,0,"?draw_line_base@PlanWin@@QAEXHHH@Z: mov eax, dword ptr [esi + 0x1ddbc] at 0x0048BB17"
PlanWin,0x1DDC0,4,0,"?draw_line_base@PlanWin@@QAEXHHH@Z: mov ecx, dword ptr [esi + 0x1ddc0] at 0x0048BB23"
PlanWin,0x1DDCC,4,0,"?opticenter@PlanWin@@QAEXHHHHH@Z: add edx, dword ptr [esi + 0x1ddcc] at 0x0048B76B"
PlanWin,0x1DDD0,4,0,"?opticenter@PlanWin@@QAEXHHHHH@Z: mov ebx, dword ptr [esi + 0x1ddd0] at 0x0048B73A"
PlanWin,0x1DDD4,4,0,"?opticenter@PlanWin@@QAEXHHHHH@Z: mov edx, dword ptr [esi + 0x1ddd4] at 0x0048B765"
PlanWin,0x1DDD8,4,0,"?opticenter@PlanWin@@QAEXHHHHH@Z: mov edi, dword ptr [esi + 0x1ddd8] at 0x0048B734"
PlanWin,0x21A68,4,0,"?blink@PlanWin@@QAEXXZ: mov eax, dword ptr [ecx + 0x21a68] at 0x0048BC20"
PlanWin,0x21A6C,4,0,"?blink@PlanWin@@QAEXXZ: mov edx, dword ptr [ecx + 0x21a6c] at 0x0048BC2A"
PlanWin,0x21FF8,4,0,"?add_line@PlanWin@@QAEXHHHHH@Z: mov eax, dword ptr [ecx + 0x21ff8] at 0x0048AE43"
PlayerLock,0x0,1,0,"?clear@PlayerLock@@QAEXXZ: mov byte ptr [ecx], 0 at 0x0058FF92"
PlayerLock,0x4,4,0,"?clear@PlayerLock@@QAEXXZ: mov dword ptr [eax - 4], 0xffffffff at 0x0058FF85"
PlayerLock,0x8,4,0,"?clear@PlayerLock@@QAEXXZ: mov dword ptr [eax], 0xffffffff at 0x0058FF7F"
PlayerLock,0xC,4,0,"?clear@PlayerLock@@QAEXXZ: mov dword ptr [eax + 4], 0 at 0x0058FF78"
PopMenu,0x0,4,0,"??1PopMenu@@QAE@XZ: mov dword ptr [esi], 0x6695c8 at 0x00421437"
PopMenu,0x444,4,0,"??1PopMenu@@QAE@XZ: mov dword ptr [esi + 0x444], 0x6695c0 at 0x0042143D"
PopMenu,0xA5C,4,0,"??1PopMenu@@QAE@XZ: mov dword ptr [edi], 0x669754 at 0x004215E4"
PopMenu,0xEA0,4,0,"??1PopMenu@@QAE@XZ: mov dword ptr [edi + 0x444], ebx at 0x004215EA"
PopMenu,0x15A8,4,0,"??1PopMenu@@QAE@XZ: mov dword ptr [edi], 0x669754 at 0x004215B9"
PopMenu,0x19EC,4,0,"??1PopMenu@@QAE@XZ: mov dword ptr [edi + 0x444], ebx at 0x004215BF"
PopMenu,0x2178,4,0,"??1PopMenu@@QAE@XZ: mov dword ptr [edi], 0x6693ac at 0x00421590"
PopMenu,0x217C,4,0,"??1PopMenu@@QAE@XZ: mov ecx, dword ptr [edi + 4] at 0x0042158D"
PopMenu,0x2180,4,0,"??1PopMenu@@QAE@XZ: mov dword ptr [ecx], 0x6698c4 at 0x0042153E"
PopMenu,0x2184,4,0,"??1PopMenu@@QAE@XZ: mov eax, dword ptr [edi - 0x24] at 0x00421544"
PopMenu,0x2194,4,0,"??1PopMenu@@QAE@XZ: mov dword ptr [edi - 0x14], 0 at 0x0042155B"
PopMenu,0x21A8,4,0,"??1PopMenu@@QAE@XZ: mov dword ptr [edi], 0x6693ac at 0x00421571"
PopMenu,0x21AC,4,0,"??1PopMenu@@QAE@XZ: mov eax, dword ptr [edi + 4] at 0x0042156E"
PopMenu,0x3230,4,0,"??1PopMenu@@QAE@XZ: mov dword ptr [edi], 0x669d58 at 0x0042145E"
PopMenu,0x3674,4,0,"??1PopMenu@@QAE@XZ: mov dword ptr [edi + 0x444], 0x669d50 at 0x00421464"
PopMenu,0x3CDC,4,0,"??1PopMenu@@QAE@XZ: mov dword ptr [ebx], 0x669754 at 0x004214B1"
PopMenu,0x4120,4,0,"??1PopMenu@@QAE@XZ: mov dword ptr [ebx + 0x444], 0x66974c at 0x004214B7"
PopMenu,0x4828,4,0,"??1PopMenu@@QAE@XZ: mov dword ptr [ebx], 0x669754 at 0x00421482"
PopMenu,0x4C6C,4,0,"??1PopMenu@@QAE@XZ: mov dword ptr [ebx + 0x444], 0x66974c at 0x00421488"
Popup,0x0,4,0,"??0Popup@@QAE@XZ: mov dword ptr [esi], 0x6695c8 at 0x004048D9"
Popup,0x98,4,0,"?on_post_window_init@Popup@@QAEXXZ: mov eax, dword ptr [esi + 0x98] at 0x00404F4C"
Popup,0x16C,4,0,"?on_post_window_init@Popup@@QAEXXZ: mov dword ptr [esi + 0x16c], 0x1a at 0x00404F52"
Popup,0x444,4,0,"??0Popup@@QAE@XZ: mov dword ptr [esi + 0x444], 0x6695c0 at 0x004048DF"
Popup,0xA14,4,0,"?hide@Popup@@QAEXXZ: mov eax, dword ptr [esi + 0xa14] at 0x00404AAE"
Popup,0xA48,4,0,"?on_post_window_init@Popup@@QAEXXZ: mov eax, dword ptr [esi + 0xa48] at 0x00404F42"
Popup,0xA5C,4,0,"??1Popup@@QAE@XZ: mov dword ptr [edi], 0x669754 at 0x00406E02"
Popup,0xEA0,4,0,"??1Popup@@QAE@XZ: mov dword ptr [edi + 0x444], ebx at 0x00406E08"
Popup,0x15A8,4,0,"??1Popup@@QAE@XZ: mov dword ptr [edi], 0x669754 at 0x00406DD7"
Popup,0x19EC,4,0,"??1Popup@@QAE@XZ: mov dword ptr [edi + 0x444], ebx at 0x00406DDD"
Popup,0x2144,4,0,"?calculate_dimensions@Popup@@QAEHXZ: mov eax, dword ptr [esi + 0x2144] at 0x00404B17"
Popup,0x2150,4,0,"??1Popup@@QAE@XZ: mov dword ptr [ecx], 0x6698c4 at 0x00406D7B"
Popup,0x2154,4,0,"??1Popup@@QAE@XZ: mov edx, dword ptr [edi - 0x24] at 0x00406D81"
Popup,0x2164,4,0,"??1Popup@@QAE@XZ: mov dword ptr [edi - 0x14], 0 at 0x00406D9B"
Popup,0x2178,4,0,"??1Popup@@QAE@XZ: mov dword ptr [edi], 0x6693ac at 0x00406DAE"
Popup,0x217C,4,0,"??1Popup@@QAE@XZ: mov ecx, dword ptr [edi + 4] at 0x00406DAB"
Popup,0x2180,4,0,"??1Popup@@QAE@XZ: mov dword ptr [ecx], 0x6698c4 at 0x00406D31"
Popup,0x2184,4,0,"??1Popup@@QAE@XZ: mov eax, dword ptr [edi - 0x24] at 0x00406D37"
Popup,0x2188,4,0,"?on_exec@Popup@@QAEHXZ: mov eax, dword ptr [esi + 0x2188] at 0x0040596A"
Popup,0x218C,4,0,"?on_exec@Popup@@QAEHXZ: mov dword ptr [esi + 0x218c], eax at 0x00405972"
Popup,0x2190,4,0,"?on_exec@Popup@@QAEHXZ: mov ebx, dword ptr [esi + 0x2190] at 0x00405951"
Popup,0x2194,4,0,"?on_exec@Popup@@QAEHXZ: mov dword ptr [esi + 0x2194], eax at 0x004059B1"
Popup,0x21A8,4,0,"??1Popup@@QAE@XZ: mov dword ptr [edi], 0x6693ac at 0x00406D64"
Popup,0x21AC,4,0,"??1Popup@@QAE@XZ: mov eax, dword ptr [edi + 4] at 0x00406D61"
Popup,0x21D0,4,0,"?calculate_dimensions@Popup@@QAEHXZ: mov ecx, dword ptr [esi + 0x21d0] at 0x00404B7F"
Popup,0x2218,4,0,"?on_post_window_init@Popup@@QAEXXZ: mov dword ptr [esi + 0x2218], 0 at 0x00404F20"
Popup,0x221C,4,0,"?on_post_window_init@Popup@@QAEXXZ: mov dword ptr [esi + 0x221c], 0 at 0x00404F2A"
Popup,0x2350,4,0,"?calculate_dimensions@Popup@@QAEHXZ: cmp dword ptr [esi + 0x2350], 8 at 0x00404B41"
Popup,0x30A8,4,0,"?calculate_dimensions@Popup@@QAEHXZ: or dword ptr [esi + 0x30a8], 0x200000 at 0x00404C49"
Popup,0x30AC,4,0,"?show@Popup@@QAEXH@Z: mov ecx, dword ptr [esi + 0x30ac] at 0x00404934"
Popup,0x30B0,4,0,"?on_post_window_init@Popup@@QAEXXZ: mov eax, dword ptr [esi + 0x30b0] at 0x00404F67"
Popup,0x30D0,4,0,"?on_adjust_button_width@Popup@@QAEXXZ: mov dword ptr [ecx + 0x30d0], 0x14 at 0x0040503F"
Popup,0x30E0,4,0,"?calculate_dimensions@Popup@@QAEHXZ: mov ecx, dword ptr [esi + 0x30e0] at 0x00404B69"
Popup,0x3104,4,0,"?calculate_dimensions@Popup@@QAEHXZ: imul eax, dword ptr [esi + 0x3104] at 0x00404B6F"
Popup,0x3108,4,0,?calculate_dimensions@Popup@@QAEHXZ: idiv dword ptr [esi + 0x3108] at 0x00404B77
Popup,0x3120,4,0,"?calculate_dimensions@Popup@@QAEHXZ: mov dword ptr [ecx - 0x10], edx at 0x00404C70"
Popup,0x3130,4,0,"?calculate_dimensions@Popup@@QAEHXZ: mov dword ptr [ecx], edx at 0x00404C76"
Popup,0x3168,4,0,"?calculate_dimensions@Popup@@QAEHXZ: cmp dword ptr [esi + 0x3168], ebx at 0x00404BD6"
Popup,0x3230,4,0,"??1Popup@@QAE@XZ: mov dword ptr [edi], 0x669d58 at 0x00406C51"
Popup,0x3674,4,0,"??1Popup@@QAE@XZ: mov dword ptr [edi + 0x444], 0x669d50 at 0x00406C57"
Popup,0x3CDC,4,0,"??1Popup@@QAE@XZ: mov dword ptr [ebx], 0x669754 at 0x00406CA4"
Popup,0x4120,4,0,"??1Popup@@QAE@XZ: mov dword ptr [ebx + 0x444], 0x66974c at 0x00406CAA"
Popup,0x4828,4,0,"??1Popup@@QAE@XZ: mov dword ptr [ebx], 0x669754 at 0x00406C75"
Popup,0x4C6C,4,0,"??1Popup@@QAE@XZ: mov dword ptr [ebx + 0x444], 0x66974c at 0x00406C7B"
PrefWin,0x0,4,0,"?init@PrefWin@@QAEXXZ: mov eax, dword ptr [esi] at 0x0048F3FF"
PrefWin,0x444,4,0,"??0PrefWin@@QAE@XZ: mov dword ptr [esi + 0x444], 0x66d41c at 0x004923C2"
PrefWin,0xA14,4,0,"?init@PrefWin@@QAEXXZ: mov dword ptr [esi + 0xa14], ebx at 0x0048D850"
PrefWin,0xA18,4,0,"?init@PrefWin@@QAEXXZ: mov dword ptr [esi + 0xa18], ebx at 0x0048D856"
PrefWin,0xA1C,4,0,"?init@PrefWin@@QAEXXZ: mov dword ptr [esi + 0xa1c], ebx at 0x0048D85C"
PrefWin,0xA20,4,0,"?display@PrefWin@@QAEXH@Z: mov dword ptr [esi + 0xa20], ebx at 0x0048FA1D"
PrefWin,0xA24,4,0,"?display@PrefWin@@QAEXH@Z: mov dword ptr [esi + 0xa24], ebx at 0x0048FA23"
PrefWin,0xA28,4,0,"?display@PrefWin@@QAEXH@Z: mov dword ptr [esi + 0xa28], ebx at 0x0048FA29"
PrefWin,0xA30,4,0,"?display@PrefWin@@QAEXH@Z: mov dword ptr [esi + 0xa30], eax at 0x0048FA34"
PrefWin,0xA34,4,0,"?display@PrefWin@@QAEXH@Z: mov dword ptr [esi + 0xa34], ecx at 0x0048FA40"
PrefWin,0xA38,4,0,"?display@PrefWin@@QAEXH@Z: mov dword ptr [esi + 0xa38], edx at 0x0048FA4C"
PrefWin,0xA3C,4,0,"?display@PrefWin@@QAEXH@Z: mov dword ptr [esi + 0xa3c], eax at 0x0048FA57"
PrefWin,0xA40,4,0,"?display@PrefWin@@QAEXH@Z: mov dword ptr [esi + 0xa40], ecx at 0x0048FA63"
PrefWin,0xA44,4,0,"?display@PrefWin@@QAEXH@Z: mov dword ptr [esi + 0xa44], edx at 0x0048FA6F"
PrefWin,0xA48,4,0,"?display@PrefWin@@QAEXH@Z: mov dword ptr [esi + 0xa48], edx at 0x0048FA92"
PrefWin,0xA4C,4,0,"?display@PrefWin@@QAEXH@Z: mov dword ptr [esi + 0xa4c], eax at 0x0048FA7A"
PrefWin,0xA50,4,0,"?display@PrefWin@@QAEXH@Z: mov dword ptr [esi + 0xa50], ecx at 0x0048FA86"
PrefWin,0xA54,4,0,"?display@PrefWin@@QAEXH@Z: mov dword ptr [esi + 0xa54], eax at 0x0048FA9D"
PrefWin,0xA58,4,0,"?display@PrefWin@@QAEXH@Z: mov dword ptr [esi + 0xa58], ecx at 0x0048FAA9"
PrefWin,0xA5C,4,0,"?init@PrefWin@@QAEXXZ: mov dword ptr [esi + 0xa5c], ebx at 0x0048D862"
PrefWin,0xA60,4,0,"?init@PrefWin@@QAEXXZ: mov edx, dword ptr [edi] at 0x0048DA15"
PrefWin,0x15AC,4,0,"?init@PrefWin@@QAEXXZ: mov edx, dword ptr [esi + 0x15ac] at 0x0048DA91"
PrefWin,0x20F8,4,0,"?init@PrefWin@@QAEXXZ: mov edx, dword ptr [esi + 0x20f8] at 0x0048DB15"
PrefWin,0x2C44,4,0,"?init@PrefWin@@QAEXXZ: mov edx, dword ptr [esi + 0x2c44] at 0x0048DB99"
PrefWin,0x3790,4,0,"?init@PrefWin@@QAEXXZ: mov edx, dword ptr [esi + 0x3790] at 0x0048DC1D"
PrefWin,0x42DC,4,0,"?init@PrefWin@@QAEXXZ: mov edx, dword ptr [esi + 0x42dc] at 0x0048DCA1"
PrefWin,0x4E28,4,0,"?init@PrefWin@@QAEXXZ: mov edx, dword ptr [esi + 0x4e28] at 0x0048DD28"
PrefWin,0x5974,4,0,"?init@PrefWin@@QAEXXZ: mov eax, dword ptr [edi] at 0x0048DE1D"
PrefWin,0x5984,4,0,"?init@PrefWin@@QAEXXZ: mov dword ptr [edi + 0x10], 0x779504 at 0x0048DE2B"
PrefWin,0x5988,4,0,"?init@PrefWin@@QAEXXZ: mov dword ptr [edi + 0x14], 0x779530 at 0x0048DE32"
PrefWin,0x649C,4,0,"?init@PrefWin@@QAEXXZ: mov ecx, dword ptr [edi] at 0x0048E0BA"
PrefWin,0x64AC,4,0,"?init@PrefWin@@QAEXXZ: mov dword ptr [edi + 0x10], 0x779504 at 0x0048E0C8"
PrefWin,0x64B0,4,0,"?init@PrefWin@@QAEXXZ: mov dword ptr [edi + 0x14], 0x779530 at 0x0048E0CF"
PrefWin,0x6FC4,4,0,"?init@PrefWin@@QAEXXZ: mov ecx, dword ptr [edi] at 0x0048E449"
PrefWin,0x6FD4,4,0,"?init@PrefWin@@QAEXXZ: mov dword ptr [edi + 0x10], 0x779504 at 0x0048E457"
PrefWin,0x6FD8,4,0,"?init@PrefWin@@QAEXXZ: mov dword ptr [edi + 0x14], 0x779530 at 0x0048E45E"
PrefWin,0x7AEC,4,0,"?init@PrefWin@@QAEXXZ: mov edx, dword ptr [edi] at 0x0048E875"
PrefWin,0x7AFC,4,0,"?init@PrefWin@@QAEXXZ: mov dword ptr [edi + 0x10], 0x779504 at 0x0048E883"
PrefWin,0x7B00,4,0,"?init@PrefWin@@QAEXXZ: mov dword ptr [edi + 0x14], 0x779530 at 0x0048E88A"
PrefWin,0x8614,4,0,"?init@PrefWin@@QAEXXZ: mov eax, dword ptr [edi] at 0x0048EB28"
PrefWin,0x8624,4,0,"?init@PrefWin@@QAEXXZ: mov dword ptr [edi + 0x10], 0x779504 at 0x0048EB36"
PrefWin,0x8628,4,0,"?init@PrefWin@@QAEXXZ: mov dword ptr [edi + 0x14], 0x779530 at 0x0048EB3D"
PrefWin,0x913C,4,0,"?init@PrefWin@@QAEXXZ: mov edx, dword ptr [esi + 0x913c] at 0x0048EED1"
PrefWin,0x914C,4,0,"?init@PrefWin@@QAEXXZ: mov dword ptr [esi + 0x914c], 0x779504 at 0x0048EEE9"
PrefWin,0x9150,4,0,"?init@PrefWin@@QAEXXZ: mov dword ptr [esi + 0x9150], 0x779530 at 0x0048EEF3"
PrefWin,0x9C64,4,0,"?init@PrefWin@@QAEXXZ: mov ecx, dword ptr [eax] at 0x0048F0AA"
PrefWin,0x9C74,4,0,"?init@PrefWin@@QAEXXZ: mov dword ptr [esi + 0x9c74], 0x779504 at 0x0048F0B6"
PrefWin,0x9C78,4,0,"?init@PrefWin@@QAEXXZ: mov dword ptr [esi + 0x9c78], 0x779530 at 0x0048F0C0"
PrefWin,0xA78C,4,0,"?init@PrefWin@@QAEXXZ: mov edx, dword ptr [esi + 0xa78c] at 0x0048F4AF"
PrefWin,0xB1B8,4,0,"?init@PrefWin@@QAEXXZ: mov ecx, dword ptr [esi + 0xb1b8] at 0x0048F3F9"
PrefWin,0xC8D8,4,0,"?init@PrefWin@@QAEXXZ: mov eax, dword ptr [esi + 0xc8d8] at 0x0048F4BE"
PrefWin,0xCD1C,4,0,"??1PrefWin@@QAE@XZ: mov dword ptr [edi + 0x444], ebx at 0x00492091"
PrefWin,0xD304,4,0,"?init@PrefWin@@QAEXXZ: mov eax, dword ptr [esi + 0xd304] at 0x0048F428"
PrefWin,0xEA24,4,0,"?init@PrefWin@@QAEXXZ: mov edx, dword ptr [esi + 0xea24] at 0x0048F4CD"
PrefWin,0xEE68,4,0,"??1PrefWin@@QAE@XZ: mov dword ptr [edi + 0x444], ebx at 0x00492048"
PrefWin,0xF450,4,0,"?init@PrefWin@@QAEXXZ: mov eax, dword ptr [esi + 0xf450] at 0x0048F457"
PrefWin,0x10B70,4,0,"?init@PrefWin@@QAEXXZ: mov eax, dword ptr [esi + 0x10b70] at 0x0048F4DC"
PrefWin,0x10FB4,4,0,"??1PrefWin@@QAE@XZ: mov dword ptr [edi + 0x444], ebx at 0x00491FFF"
PrefWin,0x1159C,4,0,"?init@PrefWin@@QAEXXZ: mov eax, dword ptr [esi + 0x1159c] at 0x0048F48F"
PrefWin,0x12CBC,4,0,"??1PrefWin@@QAE@XZ: mov dword ptr [edi], 0x669d58 at 0x00491FB0"
PrefWin,0x13100,4,0,"??1PrefWin@@QAE@XZ: mov dword ptr [edi + 0x444], ebx at 0x00491FB6"
PrefWin,0x14E08,4,0,"?init@PrefWin@@QAEXXZ: mov edx, dword ptr [edi] at 0x0048F6F4"
PrefWin,0x1524C,4,0,"??1PrefWin@@QAE@XZ: mov dword ptr [edi + 0x444], ebx at 0x00491F86"
PrefWin,0x15820,4,0,"?init@PrefWin@@QAEXXZ: mov dword ptr [esi + 0x15820], ebx at 0x0048F771"
PrefWin,0x15954,4,0,"?init@PrefWin@@QAEXXZ: mov edx, dword ptr [esi + 0x15954] at 0x0048F736"
PrefWin,0x15D98,4,0,"??1PrefWin@@QAE@XZ: mov dword ptr [edi + 0x444], ebx at 0x00491F5B"
PrefWin,0x1636C,4,0,"?init@PrefWin@@QAEXXZ: mov dword ptr [esi + 0x1636c], ebx at 0x0048F77D"
PrefWin,0x164A0,4,0,"?init@PrefWin@@QAEXXZ: mov eax, dword ptr [esi + 0x164a0] at 0x0048F711"
PrefWin,0x168E4,4,0,"??1PrefWin@@QAE@XZ: mov dword ptr [edi + 0x444], ebx at 0x00491F30"
PrefWin,0x16EB8,4,0,"?init@PrefWin@@QAEXXZ: mov dword ptr [esi + 0x16eb8], ebx at 0x0048F777"
PrefWin,0x16FEC,4,0,"?init@PrefWin@@QAEXXZ: mov eax, dword ptr [esi + 0x16fec] at 0x0048F75B"
PrefWin,0x17430,4,0,"??1PrefWin@@QAE@XZ: mov dword ptr [edi + 0x444], ebx at 0x00491F05"
PrefWin,0x17A04,4,0,"?init@PrefWin@@QAEXXZ: mov dword ptr [esi + 0x17a04], ebx at 0x0048F783"
PrefWin,0x17B38,4,0,"??1PrefWin@@QAE@XZ: mov dword ptr [edi], 0x669754 at 0x00491ED4"
PrefWin,0x17F7C,4,0,"??1PrefWin@@QAE@XZ: mov dword ptr [edi + 0x444], ebx at 0x00491EDA"
PrefWin,0x18684,4,0,"?init@PrefWin@@QAEXXZ: mov edx, dword ptr [edi] at 0x0048F8FE"
PrefWin,0x18AC8,4,0,"??1PrefWin@@QAE@XZ: mov dword ptr [edi + 0x444], ebx at 0x00491EAF"
PrefWin,0x1909C,4,0,"?init@PrefWin@@QAEXXZ: mov dword ptr [esi + 0x1909c], ebx at 0x0048F956"
PrefWin,0x191D0,4,0,"?init@PrefWin@@QAEXXZ: mov edx, dword ptr [esi + 0x191d0] at 0x0048F940"
PrefWin,0x19614,4,0,"??1PrefWin@@QAE@XZ: mov dword ptr [edi + 0x444], ebx at 0x00491E84"
PrefWin,0x19BE8,4,0,"?init@PrefWin@@QAEXXZ: mov dword ptr [esi + 0x19be8], ebx at 0x0048F962"
PrefWin,0x19C6C,4,0,"?destroy@PrefWin@@QAEXXZ: mov dword ptr [esi + 0x19c6c], 0 at 0x0048FF08"
PrefWin,0x19D1C,4,0,"?init@PrefWin@@QAEXXZ: mov eax, dword ptr [esi + 0x19d1c] at 0x0048F91B"
PrefWin,0x1A160,4,0,"??1PrefWin@@QAE@XZ: mov dword ptr [edi + 0x444], ebx at 0x00491E59"
PrefWin,0x1A734,4,0,"?init@PrefWin@@QAEXXZ: mov dword ptr [esi + 0x1a734], ebx at 0x0048F95C"
PrefWin,0x1A7B8,4,0,"?destroy@PrefWin@@QAEXXZ: mov dword ptr [esi + 0x1a7b8], 0 at 0x0048FEFE"
PrefWin,0x1A868,4,0,"?init@PrefWin@@QAEXXZ: mov eax, dword ptr [edi] at 0x0048F9DA"
PrefWin,0x1ACAC,4,0,"??1PrefWin@@QAE@XZ: mov dword ptr [edi + 0x444], ebx at 0x00491E2E"
PrefWin,0x1B280,4,0,"?init@PrefWin@@QAEXXZ: mov dword ptr [esi + 0x1b280], ebx at 0x0048F9DE"
PrefWin,0x1B3B4,4,0,"?init@PrefWin@@QAEXXZ: mov dword ptr [esi + 0x1b3b4], eax at 0x0048D912"
PrefWin,0x1B3B8,4,0,"?init@PrefWin@@QAEXXZ: mov dword ptr [esi + 0x1b3b8], eax at 0x0048D921"
PrefWin,0x1B3BC,4,0,"?init@PrefWin@@QAEXXZ: mov dword ptr [esi + 0x1b3bc], eax at 0x0048D930"
PrefWin,0x1B3C0,4,0,"?init@PrefWin@@QAEXXZ: mov dword ptr [esi + 0x1b3c0], eax at 0x0048D93E"
PrefWin,0x1B3C4,4,0,"?init@PrefWin@@QAEXXZ: mov dword ptr [esi + 0x1b3c4], eax at 0x0048D94D"
PrefWin,0x1B3C8,4,0,"?init@PrefWin@@QAEXXZ: mov dword ptr [esi + 0x1b3c8], eax at 0x0048D95C"
PrefWin,0x1B3CC,4,0,"?init@PrefWin@@QAEXXZ: mov dword ptr [esi + 0x1b3cc], eax at 0x0048D96A"
ProdPicker,0x0,4,0,"??1ProdPicker@@QAE@XZ: mov dword ptr [esi], 0x66a250 at 0x00421123"
ProdPicker,0x444,4,0,"??1ProdPicker@@QAE@XZ: mov dword ptr [esi + 0x444], 0x66a248 at 0x00421129"
ProdPicker,0x4C4,4,0,"?exec@ProdPicker@@QAEHPAUBase@@HPAUGraphicWin@@H@Z: mov eax, dword ptr [ebx + 0x4c4] at 0x004949BF"
ProdPicker,0xA14,4,0,"??0ProdPicker@@QAE@XZ: mov dword ptr [esi + 0xa14], edi at 0x00492673"
ProdPicker,0xA9C,4,0,"?draw_item@ProdPicker@@QAEXHH@Z: mov ecx, dword ptr [esi + 0xa9c] at 0x00492A9F"
ProdPicker,0xAA8,4,0,"?draw_item@ProdPicker@@QAEXHH@Z: mov eax, dword ptr [esi + 0xaa8] at 0x00492ABC"
ProdPicker,0xAAC,4,0,"?draw_item@ProdPicker@@QAEXHH@Z: mov eax, dword ptr [esi + 0xaac] at 0x00492AB2"
ProdPicker,0xAEC,4,0,"?draw_item@ProdPicker@@QAEXHH@Z: mov dword ptr [esi + 0xaec], 3 at 0x00492B09"
ProdPicker,0xAF8,4,0,"?draw_item@ProdPicker@@QAEXHH@Z: mov eax, dword ptr [esi + 0xaf8] at 0x00492BBA"
ProdPicker,0xAFC,4,0,"?draw_item@ProdPicker@@QAEXHH@Z: mov eax, dword ptr [esi + 0xafc] at 0x00492BB0"
ProdPicker,0xB64,4,0,"?draw_item@ProdPicker@@QAEXHH@Z: mov ecx, dword ptr [esi + 0xb64] at 0x00492C62"
ProdPicker,0xB68,4,0,"?show@ProdPicker@@QAEXH@Z: mov eax, dword ptr [esi + 0xb68] at 0x004926CC"
ProdPicker,0xB6C,4,0,"?exec@ProdPicker@@QAEHPAUBase@@HPAUGraphicWin@@H@Z: mov dword ptr [ebx + 0xb6c], 6 at 0x00494A83"
ProdPicker,0xB70,4,0,"?exec@ProdPicker@@QAEHPAUBase@@HPAUGraphicWin@@H@Z: mov dword ptr [ebx + 0xb70], 0x64 at 0x004949B3"
ProdPicker,0xB74,4,0,"?exec@ProdPicker@@QAEHPAUBase@@HPAUGraphicWin@@H@Z: mov eax, dword ptr [esi] at 0x00494F1C"
ProdPicker,0x7120,4,0,"??1ProdPicker@@QAE@XZ: mov dword ptr [edi], 0x669d58 at 0x0042126F"
ProdPicker,0x7564,4,0,"??1ProdPicker@@QAE@XZ: mov dword ptr [edi + 0x444], 0x669d50 at 0x00421275"
ProdPicker,0x7B4C,4,0,"?on_key_click@ProdPicker@@QAEHHH@Z: mov ecx, dword ptr [esi + 0x7b4c] at 0x004942F0"
ProdPicker,0x7B50,4,0,"?exec@ProdPicker@@QAEHPAUBase@@HPAUGraphicWin@@H@Z: mov dword ptr [ebx + 0x7b50], edi at 0x00494A13"
ProdPicker,0x7B60,4,0,"?on_key_click@ProdPicker@@QAEHHH@Z: mov ecx, dword ptr [esi + 0x7b60] at 0x0049449F"
ProdPicker,0x7BCC,4,0,"??1ProdPicker@@QAE@XZ: mov dword ptr [ebx], 0x669754 at 0x004212C2"
ProdPicker,0x8010,4,0,"??1ProdPicker@@QAE@XZ: mov dword ptr [ebx + 0x444], 0x66974c at 0x004212C8"
ProdPicker,0x8718,4,0,"??1ProdPicker@@QAE@XZ: mov dword ptr [ebx], 0x669754 at 0x00421293"
ProdPicker,0x8B5C,4,0,"??1ProdPicker@@QAE@XZ: mov dword ptr [ebx + 0x444], 0x66974c at 0x00421299"
ProdPicker,0x92CC,4,0,"?exec@ProdPicker@@QAEHPAUBase@@HPAUGraphicWin@@H@Z: mov dword ptr [esi], eax at 0x004948D7"
ProdPicker,0x92D0,4,0,"?exec@ProdPicker@@QAEHPAUBase@@HPAUGraphicWin@@H@Z: mov dword ptr [esi + 4], ecx at 0x004948D9"
ProdPicker,0x92D4,4,0,"?exec@ProdPicker@@QAEHPAUBase@@HPAUGraphicWin@@H@Z: mov dword ptr [esi + 8], edx at 0x004948DE"
ProdPicker,0x92D8,4,0,"?exec@ProdPicker@@QAEHPAUBase@@HPAUGraphicWin@@H@Z: mov dword ptr [esi], eax at 0x004948BF"
ProdPicker,0x92DC,4,0,"?exec@ProdPicker@@QAEHPAUBase@@HPAUGraphicWin@@H@Z: mov dword ptr [esi + 4], ecx at 0x004948CB"
ProdPicker,0x92E0,4,0,"?exec@ProdPicker@@QAEHPAUBase@@HPAUGraphicWin@@H@Z: mov dword ptr [esi + 8], edx at 0x004948CE"
ProdPicker,0x9310,1,0,"?exec@ProdPicker@@QAEHPAUBase@@HPAUGraphicWin@@H@Z: mov byte ptr [ebx + 0x9310], 0 at 0x00494817"
ProdPicker,0xA638,4,0,"?draw_item@ProdPicker@@QAEXHH@Z: mov dword ptr [esi + 0xa638], 0 at 0x00492CF6"
ProdPicker,0xA73C,4,0,"?exec@ProdPicker@@QAEHPAUBase@@HPAUGraphicWin@@H@Z: mov dword ptr [eax], edi at 0x00494828"
ProdPicker,0xA740,4,0,"?exec@ProdPicker@@QAEHPAUBase@@HPAUGraphicWin@@H@Z: mov dword ptr [ebx + 0xa740], edi at 0x00494811"
ProdPicker,0xA744,4,0,"?exec@ProdPicker@@QAEHPAUBase@@HPAUGraphicWin@@H@Z: mov dword ptr [ebx + 0xa744], 0x3f48f5c3 at 0x0049481E"
ProdPicker,0xA760,4,1,?exec@ProdPicker@@QAEHPAUBase@@HPAUGraphicWin@@H@Z: fld dword ptr [ebx + 0xa760] at 0x00494837
ProdPicker,0xA764,4,1,?exec@ProdPicker@@QAEHPAUBase@@HPAUGraphicWin@@H@Z: fld dword ptr [ebx + 0xa764] at 0x00494845
ProdPicker,0xA768,4,1,?exec@ProdPicker@@QAEHPAUBase@@HPAUGraphicWin@@H@Z: fld dword ptr [ebx + 0xa768] at 0x00494856
ProdPicker,0xA76C,4,0,"?calculate@ProdPicker@@QAEXXZ: mov ecx, dword ptr [esi + 0xa76c] at 0x00493019"
ProdPicker,0xA770,4,0,"?exec@ProdPicker@@QAEHPAUBase@@HPAUGraphicWin@@H@Z: mov dword ptr [ebx + 0xa770], edx at 0x00494800"
ProdPicker,0xA774,4,0,"?draw_item@ProdPicker@@QAEXHH@Z: mov ecx, dword ptr [esi + 0xa774] at 0x00492867"
ProdPicker,0xA778,4,0,"?on_button_clicked@ProdPicker@@QAEXH@Z: mov dword ptr [esi + 0xa778], 1 at 0x004945F4"
ProdPicker,0xA77C,4,0,"?draw_item@ProdPicker@@QAEXHH@Z: mov edx, dword ptr [esi + 0xa77c] at 0x004927D1"
ProdPicker,0xA780,4,0,"??1ProdPicker@@QAE@XZ: mov dword ptr [ecx], 0x6698c4 at 0x004211FC"
ProdPicker,0xA784,4,0,"??1ProdPicker@@QAE@XZ: mov edx, dword ptr [edi - 0x24] at 0x00421202"
ProdPicker,0xA788,4,0,"??0ProdPicker@@QAE@XZ: mov dword ptr [esi + 0xa788], edi at 0x00492544"
ProdPicker,0xA78C,4,0,"??0ProdPicker@@QAE@XZ: mov dword ptr [esi + 0xa78c], edi at 0x0049254A"
ProdPicker,0xA790,4,0,"??0ProdPicker@@QAE@XZ: mov dword ptr [esi + 0xa790], edi at 0x00492550"
ProdPicker,0xA794,4,0,"??1ProdPicker@@QAE@XZ: mov dword ptr [edi - 0x14], 0 at 0x0042121C"
ProdPicker,0xA798,4,0,"??0ProdPicker@@QAE@XZ: mov dword ptr [esi + 0xa798], edi at 0x0049255C"
ProdPicker,0xA79C,4,0,"?calculate@ProdPicker@@QAEXXZ: mov dword ptr [ecx + 0x1c], edx at 0x004934DC"
ProdPicker,0xA7A0,4,0,"?calculate@ProdPicker@@QAEXXZ: mov dword ptr [ecx + 0x20], eax at 0x004934E9"
ProdPicker,0xA7A4,4,0,"?calculate@ProdPicker@@QAEXXZ: mov dword ptr [ecx + 0x24], edi at 0x004934E4"
ProdPicker,0xA7A8,4,0,"??1ProdPicker@@QAE@XZ: mov dword ptr [edi], 0x6693ac at 0x0042124C"
ProdPicker,0xA7AC,4,0,"??1ProdPicker@@QAE@XZ: mov eax, dword ptr [edi + 4] at 0x00421249"
ProdPicker,0xA7B0,4,0,"??1ProdPicker@@QAE@XZ: mov dword ptr [ecx], 0x6698c4 at 0x00421195"
ProdPicker,0xA7B4,4,0,"??1ProdPicker@@QAE@XZ: mov edx, dword ptr [edi - 0x24] at 0x0042119B"
ProdPicker,0xA7B8,4,0,"??0ProdPicker@@QAE@XZ: mov dword ptr [esi + 0xa7b8], edi at 0x004925BD"
ProdPicker,0xA7BC,4,0,"??0ProdPicker@@QAE@XZ: mov dword ptr [esi + 0xa7bc], edi at 0x004925C3"
ProdPicker,0xA7C0,4,0,"??0ProdPicker@@QAE@XZ: mov dword ptr [esi + 0xa7c0], edi at 0x004925C9"
ProdPicker,0xA7C4,4,0,"??1ProdPicker@@QAE@XZ: mov dword ptr [edi - 0x14], 0 at 0x004211B5"
ProdPicker,0xA7C8,4,0,"??0ProdPicker@@QAE@XZ: mov dword ptr [esi + 0xa7c8], edi at 0x004925D5"
ProdPicker,0xA7CC,4,0,"?calculate@ProdPicker@@QAEXXZ: mov dword ptr [ecx + 0x1c], eax at 0x004934FE"
ProdPicker,0xA7D0,4,0,"?calculate@ProdPicker@@QAEXXZ: mov dword ptr [ecx + 0x20], edi at 0x00493501"
ProdPicker,0xA7D4,4,0,"?calculate@ProdPicker@@QAEXXZ: mov dword ptr [ecx + 0x24], edi at 0x00493504"
ProdPicker,0xA7D8,4,0,"??1ProdPicker@@QAE@XZ: mov dword ptr [edi], 0x6693ac at 0x004211E5"
ProdPicker,0xA7DC,4,0,"??1ProdPicker@@QAE@XZ: mov eax, dword ptr [edi + 4] at 0x004211E2"
ProdPicker,0xA7E0,4,0,"??1ProdPicker@@QAE@XZ: mov dword ptr [ecx], 0x6698c4 at 0x0042114B"
ProdPicker,0xA7E4,4,0,"??1ProdPicker@@QAE@XZ: mov eax, dword ptr [edi - 0x24] at 0x00421151"
ProdPicker,0xA7E8,4,0,"??0ProdPicker@@QAE@XZ: mov dword ptr [esi + 0xa7e8], edi at 0x00492637"
ProdPicker,0xA7EC,4,0,"??0ProdPicker@@QAE@XZ: mov dword ptr [esi + 0xa7ec], edi at 0x0049263D"
ProdPicker,0xA7F0,4,0,"??0ProdPicker@@QAE@XZ: mov dword ptr [esi + 0xa7f0], edi at 0x00492643"
ProdPicker,0xA7F4,4,0,"??1ProdPicker@@QAE@XZ: mov dword ptr [edi - 0x14], 0 at 0x0042116B"
ProdPicker,0xA7F8,4,0,"??0ProdPicker@@QAE@XZ: mov dword ptr [esi + 0xa7f8], edi at 0x0049264F"
ProdPicker,0xA7FC,4,0,"?calculate@ProdPicker@@QAEXXZ: mov dword ptr [ecx + 0x1c], edx at 0x00493519"
ProdPicker,0xA800,4,0,"?calculate@ProdPicker@@QAEXXZ: mov dword ptr [ecx + 0x20], edi at 0x0049351C"
ProdPicker,0xA804,4,0,"?calculate@ProdPicker@@QAEXXZ: mov dword ptr [ecx + 0x24], edi at 0x0049351F"
ProdPicker,0xA808,4,0,"??1ProdPicker@@QAE@XZ: mov dword ptr [edi], 0x6693ac at 0x0042117E"
ProdPicker,0xA80C,4,0,"??1ProdPicker@@QAE@XZ: mov eax, dword ptr [edi + 4] at 0x0042117B"
ProdPicker,0xA810,4,0,"?draw_item@ProdPicker@@QAEXHH@Z: mov ebx, dword ptr [esi + 0xa810] at 0x004927EF"
ProdPicker,0xA814,4,0,"?calculate@ProdPicker@@QAEXXZ: mov dword ptr [esi + 0xa814], eax at 0x0049398A"
ProdPicker,0xA818,4,0,"?show@ProdPicker@@QAEXH@Z: mov eax, dword ptr [esi + 0xa818] at 0x0049270E"
ProdPicker,0xA81C,4,0,"?draw_item@ProdPicker@@QAEXHH@Z: mov edi, dword ptr [esi + 0xa81c] at 0x00492803"
ProdPicker,0xA820,4,0,"?draw_item@ProdPicker@@QAEXHH@Z: mov ecx, dword ptr [esi + 0xa820] at 0x004927FA"
ProdPicker,0xA824,4,0,"?calculate@ProdPicker@@QAEXXZ: mov dword ptr [esi + 0xa824], ecx at 0x00493953"
ProdPicker,0xA828,4,0,"?calculate@ProdPicker@@QAEXXZ: mov dword ptr [esi + 0xa828], edx at 0x00493961"
ProdPicker,0xA82C,4,0,"?show@ProdPicker@@QAEXH@Z: mov ecx, dword ptr [esi + 0xa82c] at 0x00492708"
ProdPicker,0xA830,4,0,"??0ProdPicker@@QAE@XZ: mov dword ptr [esi + 0xa830], eax at 0x00492667"
ProdPicker,0xA834,4,0,"??0ProdPicker@@QAE@XZ: mov dword ptr [esi + 0xa834], eax at 0x0049266D"
ProdPicker,0xA838,4,0,"??0ProdPicker@@QAE@XZ: mov dword ptr [esi + 0xa838], 0x6c at 0x00492689"
ProdPicker,0xA83C,4,0,"??0ProdPicker@@QAE@XZ: mov dword ptr [esi + 0xa83c], 0x5e at 0x00492693"
PullDown,0x0,4,0,"??0PullDown@@QAE@XZ: mov dword ptr [esi], 0x66ff40 at 0x005F8808"
PullDown,0xC4,4,0,"?show@PullDown@@QAEHHHP6AHXZ@Z: mov eax, dword ptr [esi + 0xc4] at 0x005F9202"
PullDown,0x13C,4,0,"?on_left_down@PullDown@@QAEXHH@Z: mov edx, dword ptr [esi + 0x13c] at 0x005F943F"
PullDown,0x140,4,0,"?on_left_down@PullDown@@QAEXHH@Z: mov edx, dword ptr [esi + 0x140] at 0x005F942B"
PullDown,0x444,4,0,"??0PullDown@@QAE@XZ: mov dword ptr [esi + 0x444], 0x66ff38 at 0x005F880E"
PullDown,0x474,4,0,"?on_left_down@PullDown@@QAEXHH@Z: mov ecx, dword ptr [eax] at 0x005F93D8"
PullDown,0x478,4,0,"?on_left_down@PullDown@@QAEXHH@Z: mov edx, dword ptr [eax + 4] at 0x005F93DE"
PullDown,0x47C,4,0,"?on_left_down@PullDown@@QAEXHH@Z: mov ecx, dword ptr [eax + 8] at 0x005F93E5"
PullDown,0x480,4,0,"?on_left_down@PullDown@@QAEXHH@Z: mov edx, dword ptr [eax + 0xc] at 0x005F93EC"
PullDown,0x4C4,4,0,"?show@PullDown@@QAEHHHP6AHXZ@Z: mov ecx, dword ptr [esi + 0x4c4] at 0x005F91C4"
PullDown,0x4C8,4,0,"?show@PullDown@@QAEHHHP6AHXZ@Z: mov ecx, dword ptr [esi + 0x4c8] at 0x005F91D1"
PullDown,0x964,4,0,"?init@PullDown@@QAEXPAUMenu@@@Z: mov dword ptr [esi + 0x964], 0 at 0x005F8959"
PullDown,0x980,4,0,"?on_redraw@PullDown@@QAEXXZ: mov ecx, dword ptr [ebp + 0x980] at 0x005F9C07"
PullDown,0xA14,4,0,"??0PullDown@@QAE@XZ: mov dword ptr [esi + 0xa14], ecx at 0x005F8872"
PullDown,0xA18,4,0,"??0PullDown@@QAE@XZ: mov dword ptr [eax - 4], ecx at 0x005F8825"
PullDown,0xA1C,4,0,"??0PullDown@@QAE@XZ: mov dword ptr [eax], ecx at 0x005F8828"
PullDown,0xA20,4,0,"??0PullDown@@QAE@XZ: mov dword ptr [eax + 4], 0xffffffff at 0x005F882A"
PullDown,0xA24,1,0,"?on_left_up@PullDown@@QAEXHH@Z: test byte ptr [edx], 1 at 0x005F9502"
PullDown,0xA24,4,0,"??0PullDown@@QAE@XZ: mov dword ptr [eax + 8], ecx at 0x005F8831"
PullDown,0xA28,4,0,"??0PullDown@@QAE@XZ: mov dword ptr [eax + 0xc], ecx at 0x005F8834"
PullDown,0xF18,4,0,"??0PullDown@@QAE@XZ: mov dword ptr [esi + 0xf18], ecx at 0x005F883D"
PullDown,0xF1C,4,0,"??0PullDown@@QAE@XZ: mov dword ptr [esi + 0xf1c], ecx at 0x005F8843"
PullDown,0xF20,4,0,"??0PullDown@@QAE@XZ: mov dword ptr [esi + 0xf20], ecx at 0x005F8849"
PullDown,0xF24,4,0,"??0PullDown@@QAE@XZ: mov dword ptr [esi + 0xf24], ecx at 0x005F884F"
PullDown,0xF28,4,0,"??0PullDown@@QAE@XZ: mov dword ptr [esi + 0xf28], 0xffffffff at 0x005F8855"
PullDown,0xF2C,4,0,"??0PullDown@@QAE@XZ: mov dword ptr [esi + 0xf2c], ecx at 0x005F8865"
PullDown,0xF30,4,0,"??0PullDown@@QAE@XZ: mov dword ptr [esi + 0xf30], ecx at 0x005F885F"
PullDown,0xF34,1,0,"??0PullDown@@QAE@XZ: mov byte ptr [esi + 0xf34], 1 at 0x005F886B"
PullDown,0xF38,4,0,"??0PullDown@@QAE@XZ: mov dword ptr [esi + 0xf38], eax at 0x005F887D"
PullDown,0xF3C,4,0,"??0PullDown@@QAE@XZ: mov dword ptr [esi + 0xf3c], ecx at 0x005F8889"
PushButton,0x0,4,0,"??0PushButton@@QAE@XZ: mov dword ptr [esi], 0x670c60 at 0x0062BF28"
PushButton,0xC4,4,0,"?on_redraw@PushButton@@QAEXXZ: mov eax, dword ptr [esi + 0xc4] at 0x0062C117"
PushButton,0x444,4,0,"??0PushButton@@QAE@XZ: mov dword ptr [esi + 0x444], 0x670c58 at 0x0062BF2E"
PushButton,0x474,4,0,"?on_redraw@PushButton@@QAEXXZ: mov eax, dword ptr [esi + 0x474] at 0x0062C159"
PushButton,0x478,4,0,"?on_redraw@PushButton@@QAEXXZ: mov ecx, dword ptr [edx + 4] at 0x0062C163"
PushButton,0x47C,4,0,"?on_redraw@PushButton@@QAEXXZ: mov eax, dword ptr [edx + 8] at 0x0062C16A"
PushButton,0x480,4,0,"?on_redraw@PushButton@@QAEXXZ: mov ecx, dword ptr [edx + 0xc] at 0x0062C171"
PushButton,0x4C4,4,0,"?on_redraw@PushButton@@QAEXXZ: mov edx, dword ptr [esi + 0x4c4] at 0x0062C201"
PushButton,0x4C8,4,0,"?on_redraw@PushButton@@QAEXXZ: mov ecx, dword ptr [esi + 0x4c8] at 0x0062C23B"
PushButton,0xA7C,4,0,"?on_redraw@PushButton@@QAEXXZ: mov esi, dword ptr [esi + 0xa7c] at 0x0062C804"
PushButton,0xA84,4,0,"?on_redraw@PushButton@@QAEXXZ: mov edx, dword ptr [esi + 0xa84] at 0x0062C174"
PushButton,0xA88,4,0,"?on_redraw@PushButton@@QAEXXZ: mov ecx, dword ptr [esi + 0xa88] at 0x0062C744"
PushButton,0xA8C,4,0,"?on_redraw@PushButton@@QAEXXZ: mov eax, dword ptr [esi + 0xa8c] at 0x0062C73E"
PushButton,0xA90,4,0,"?on_redraw@PushButton@@QAEXXZ: mov eax, dword ptr [esi + 0xa90] at 0x0062C194"
PushButton,0xA94,4,0,"?on_redraw@PushButton@@QAEXXZ: mov eax, dword ptr [esi + 0xa94] at 0x0062C688"
PushButton,0xA9C,4,0,"?on_redraw@PushButton@@QAEXXZ: mov ecx, dword ptr [esi + 0xa9c] at 0x0062C1C8"
PushButton,0xAB8,4,0,"??0PushButton@@QAE@XZ: mov dword ptr [esi + 0xab8], eax at 0x0062BF3D"
PushButton,0xABC,4,0,"??0PushButton@@QAE@XZ: mov dword ptr [esi + 0xabc], ecx at 0x0062BF49"
PushButton,0xAC0,4,0,"??0PushButton@@QAE@XZ: mov dword ptr [esi + 0xac0], edx at 0x0062BF55"
PushButton,0xAC4,4,0,"??0PushButton@@QAE@XZ: mov dword ptr [esi + 0xac4], eax at 0x0062BF60"
PushButton,0xAC8,4,0,"??0PushButton@@QAE@XZ: mov dword ptr [esi + 0xac8], ecx at 0x0062BF6C"
PushButton,0xACC,4,0,"??0PushButton@@QAE@XZ: mov dword ptr [esi + 0xacc], edx at 0x0062BF78"
PushButton,0xAD0,4,0,"??0PushButton@@QAE@XZ: mov dword ptr [esi + 0xad0], eax at 0x0062BF83"
PushButton,0xAD4,4,0,"??0PushButton@@QAE@XZ: mov dword ptr [esi + 0xad4], ecx at 0x0062BF8F"
PushButton,0xAD8,4,0,"??0PushButton@@QAE@XZ: mov dword ptr [esi + 0xad8], edx at 0x0062BF9B"
PushButton,0xADC,4,0,"??0PushButton@@QAE@XZ: mov dword ptr [esi + 0xadc], eax at 0x0062BFA6"
PushButton,0xAE0,4,0,"??0PushButton@@QAE@XZ: mov dword ptr [esi + 0xae0], ecx at 0x0062BFB2"
PushButton,0xAE4,4,0,"??0PushButton@@QAE@XZ: mov dword ptr [esi + 0xae4], edx at 0x0062BFBE"
PushButton,0xAE8,4,0,"??0PushButton@@QAE@XZ: mov dword ptr [esi + 0xae8], eax at 0x0062BFC9"
PushButton,0xAEC,4,0,"??0PushButton@@QAE@XZ: mov dword ptr [esi + 0xaec], ecx at 0x0062BFD5"
PushButton,0xAF0,4,0,"??0PushButton@@QAE@XZ: mov dword ptr [esi + 0xaf0], edx at 0x0062BFE1"
PushButton,0xAF4,4,0,"??0PushButton@@QAE@XZ: mov dword ptr [esi + 0xaf4], eax at 0x0062BFEC"
PushButton,0xAF8,4,0,"??0PushButton@@QAE@XZ: mov dword ptr [esi + 0xaf8], ecx at 0x0062BFF8"
PushButton,0xAFC,4,0,"??0PushButton@@QAE@XZ: mov dword ptr [esi + 0xafc], edx at 0x0062C004"
QuayleWin,0x0,4,0,"?close@QuayleWin@@QAEXXZ: mov eax, dword ptr [esi] at 0x004964AE"
QuayleWin,0x444,4,0,"??0QuayleWin@@QAE@XZ: mov dword ptr [esi + 0x444], 0x66d590 at 0x0049689C"
QuayleWin,0xA14,4,0,"?init@QuayleWin@@QAEHXZ: mov dword ptr [esi + 0xa14], ebx at 0x004951F6"
QuayleWin,0xA18,4,0,"?init@QuayleWin@@QAEHXZ: mov dword ptr [esi + 0xa18], ebx at 0x004951FC"
QuayleWin,0xA1C,4,0,"?init@QuayleWin@@QAEHXZ: mov dword ptr [esi + 0xa1c], 0x320 at 0x004951A7"
QuayleWin,0xA20,4,0,"?init@QuayleWin@@QAEHXZ: mov dword ptr [esi + 0xa20], 0x258 at 0x004951B1"
QuayleWin,0xA24,4,0,"?init@QuayleWin@@QAEHXZ: mov dword ptr [esi + 0xa24], ebx at 0x00495207"
QuayleWin,0xA28,4,0,"?init@QuayleWin@@QAEHXZ: mov dword ptr [esi + 0xa28], ebx at 0x0049520D"
QuayleWin,0xA2C,4,0,"?init@QuayleWin@@QAEHXZ: mov dword ptr [esi + 0xa2c], ecx at 0x00495213"
QuayleWin,0xA30,4,0,"?init@QuayleWin@@QAEHXZ: mov dword ptr [esi + 0xa30], eax at 0x00495219"
QuayleWin,0xA44,4,0,"?on_redraw@QuayleWin@@QAEXXZ: mov edx, dword ptr [esi + 0xa44] at 0x00495A1C"
QuayleWin,0xA48,4,0,"?on_redraw@QuayleWin@@QAEXXZ: mov ecx, dword ptr [esi + 0xa48] at 0x00495A16"
QuayleWin,0xA64,4,0,"?on_redraw@QuayleWin@@QAEXXZ: mov edx, dword ptr [esi + 0xa64] at 0x0049582D"
QuayleWin,0xA68,4,0,"?on_redraw@QuayleWin@@QAEXXZ: mov ecx, dword ptr [esi + 0xa68] at 0x00495833"
QuayleWin,0xA6C,4,0,"?on_redraw@QuayleWin@@QAEXXZ: mov eax, dword ptr [esi + 0xa6c] at 0x00495827"
QuayleWin,0xA74,4,0,"?on_redraw@QuayleWin@@QAEXXZ: mov ecx, dword ptr [esi + 0xa74] at 0x004958B3"
QuayleWin,0xA78,4,0,"?on_redraw@QuayleWin@@QAEXXZ: mov eax, dword ptr [esi + 0xa78] at 0x004958B9"
QuayleWin,0xA7C,4,0,"?on_redraw@QuayleWin@@QAEXXZ: mov edx, dword ptr [esi + 0xa7c] at 0x004958AD"
QuayleWin,0xA94,4,0,"?on_redraw@QuayleWin@@QAEXXZ: mov dword ptr [esi + 0xa94], ecx at 0x00495A80"
QuayleWin,0xA98,4,0,"?on_redraw@QuayleWin@@QAEXXZ: mov dword ptr [esi + 0xa98], eax at 0x00495A6E"
QuayleWin,0xA9C,4,0,"?on_redraw@QuayleWin@@QAEXXZ: mov dword ptr [esi + 0xa9c], ecx at 0x00495A8F"
QuayleWin,0xAA0,4,0,"?on_redraw@QuayleWin@@QAEXXZ: mov dword ptr [esi + 0xaa0], eax at 0x00495A77"
QuayleWin,0xAA4,4,0,"?init@QuayleWin@@QAEHXZ: mov dword ptr [esi + 0xaa4], eax at 0x004952AC"
QuayleWin,0xAA8,4,0,"?init@QuayleWin@@QAEHXZ: mov dword ptr [esi + 0xaa8], eax at 0x004951C6"
QuayleWin,0xAAC,4,0,"?on_redraw@QuayleWin@@QAEXXZ: mov edx, dword ptr [esi + 0xaac] at 0x00495D70"
QuayleWin,0xEF0,4,0,"??1QuayleWin@@QAE@XZ: mov dword ptr [edi + 0x444], 0x66974c at 0x004967C3"
QuayleWin,0x15F8,4,0,"?on_redraw@QuayleWin@@QAEXXZ: mov eax, dword ptr [esi + 0x15f8] at 0x00495D7F"
QuayleWin,0x1A3C,4,0,"??1QuayleWin@@QAE@XZ: mov dword ptr [edi + 0x444], 0x66974c at 0x00496794"
QuayleWin,0x2144,4,0,"?on_redraw@QuayleWin@@QAEXXZ: mov ecx, dword ptr [esi + 0x2144] at 0x0049586F"
RadioButton,0x0,4,0,"??0RadioButton@@QAE@H@Z: mov dword ptr [esi], 0x670590 at 0x0060D111"
RadioButton,0x4,4,0,"??0RadioButton@@QAE@H@Z: mov dword ptr [esi + 4], eax at 0x0060D18F"
RadioButton,0x8,4,0,"??0RadioButton@@QAE@H@Z: mov dword ptr [esi + 8], edx at 0x0060D187"
RadioButton,0xC,4,0,"??0RadioButton@@QAE@H@Z: mov dword ptr [esi + 0xc], edi at 0x0060D17A"
RadioButton,0x10,4,0,"??0RadioButton@@QAE@H@Z: mov dword ptr [esi + 0x10], edi at 0x0060D17D"
Random,0x0,4,0,"??0Random@@QAE@XZ: mov dword ptr [eax], 0 at 0x00625732"
ReplayWin,0x0,4,0,"?on_left_click@ReplayWin@@QAEXHH@Z: mov eax, dword ptr [ecx] at 0x005AD3B0"
ReplayWin,0x474,4,0,"?on_redraw@ReplayWin@@QAEXXZ: mov ecx, dword ptr [eax] at 0x005AD633"
ReplayWin,0x478,4,0,"?on_redraw@ReplayWin@@QAEXXZ: mov edx, dword ptr [eax + 4] at 0x005AD638"
ReplayWin,0x47C,4,0,"?on_redraw@ReplayWin@@QAEXXZ: mov ecx, dword ptr [eax + 8] at 0x005AD63E"
ReplayWin,0x480,4,0,"?on_redraw@ReplayWin@@QAEXXZ: mov edx, dword ptr [eax + 0xc] at 0x005AD646"
ReplayWin,0xA14,4,0,"?init@ReplayWin@@QAEXXZ: mov dword ptr [esi + 0xa14], ebx at 0x005AD732"
ReplayWin,0xA18,4,0,"?init@ReplayWin@@QAEXXZ: mov dword ptr [esi + 0xa18], ebx at 0x005AD957"
ReplayWin,0xA1C,4,0,"?init@ReplayWin@@QAEXXZ: mov dword ptr [esi + 0xa1c], ebx at 0x005AD965"
ReplayWin,0xA20,4,0,"?make_bases@ReplayWin@@QAEXXZ: mov eax, dword ptr [edi] at 0x005AD5A3"
ReplayWin,0xA24,2,0,"?make_bases@ReplayWin@@QAEXXZ: mov cx, word ptr [edi + 4] at 0x005AD5AD"
ReplayWin,0xA24,4,0,"?init@ReplayWin@@QAEXXZ: mov dword ptr [eax], edx at 0x005AD744"
ReplayWin,0xA28,1,0,"?make_bases@ReplayWin@@QAEXXZ: mov dl, byte ptr [edi + 8] at 0x005AD5B8"
ReplayWin,0xA28,4,0,"?init@ReplayWin@@QAEXXZ: mov dword ptr [eax + 4], edx at 0x005AD746"
ReplayWin,0x2220,1,0,"?init@ReplayWin@@QAEXXZ: mov byte ptr [eax], 0 at 0x005AD7DC"
ReplayWin,0x2320,4,0,"?on_redraw@ReplayWin@@QAEXXZ: mov edx, dword ptr [esi + 0x2320] at 0x005AD6FE"
ReplayWin,0x2324,4,0,"?close@ReplayWin@@QAEXXZ: mov eax, dword ptr [esi + 0x2324] at 0x005AD9B3"
ReplayWin,0x20090,4,0,"?init@ReplayWin@@QAEXXZ: mov dword ptr [esi + 0x20090], 0x85010080 at 0x005AD864"
ReplayWin,0x200B8,4,0,"?init@ReplayWin@@QAEXXZ: mov dword ptr [esi + 0x200b8], edi at 0x005AD85E"
ReplayWin,0x200BC,4,0,"?init@ReplayWin@@QAEXXZ: mov dword ptr [esi + 0x200bc], eax at 0x005AD87B"
ReplayWin,0x200C0,4,0,"?init@ReplayWin@@QAEXXZ: mov dword ptr [esi + 0x200c0], edx at 0x005AD894"
ReplayWin,0x247A0,4,0,"?init@ReplayWin@@QAEXXZ: mov edx, dword ptr [edi] at 0x005AD922"
ReplayWin,0x24BE4,4,0,"??1ReplayWin@@QAE@XZ: mov dword ptr [esi + 0x444], 0x66974c at 0x005ADF53"
ReplayWin,0x25268,4,0,"?init@ReplayWin@@QAEXXZ: mov dword ptr [edi + 0xac8], 0x78d960 at 0x005AD8F6"
ReplayWin,0x2526C,4,0,"?init@ReplayWin@@QAEXXZ: mov dword ptr [edi + 0xacc], eax at 0x005AD900"
ReplayWin,0x25270,4,0,"?init@ReplayWin@@QAEXXZ: mov dword ptr [edi + 0xad0], eax at 0x005AD917"
ReportIf,0x0,4,0,"??0ReportIf@@QAE@XZ: mov dword ptr [esi], 0x66a6e4 at 0x004AD1A7"
ReportIf,0x4,4,0,"?init@ReportIf@@QAEXXZ: mov dword ptr [esi + 4], 5 at 0x004A34A4"
ReportIf,0x8,4,0,"?report@ReportIf@@QAEXHHH@Z: mov dword ptr [esi + 8], edi at 0x004A3A44"
ReportIf,0xC,4,0,"?draw_labs@ReportIf@@QAEXXZ: mov dword ptr [esi + 0xc], eax at 0x004A7027"
ReportIf,0x10,4,0,"?draw_labs@ReportIf@@QAEXXZ: mov dword ptr [esi + 0x10], ecx at 0x004A702A"
ReportIf,0x14,4,0,"?draw_labs@ReportIf@@QAEXXZ: mov dword ptr [esi + 0x14], edx at 0x004A7039"
ReportIf,0x18,4,0,"?draw_labs@ReportIf@@QAEXXZ: mov dword ptr [esi + 0x18], eax at 0x004A7053"
ReportIf,0x1C,4,0,"?init@ReportIf@@QAEXXZ: mov dword ptr [esi + 0x1c], eax at 0x004A38FD"
ReportIf,0x20,4,0,"?init@ReportIf@@QAEXXZ: mov dword ptr [esi + 0x20], edx at 0x004A35F6"
ReportIf,0x24,4,0,"?init@ReportIf@@QAEXXZ: mov dword ptr [ecx + 4], eax at 0x004A35FE"
ReportIf,0x28,4,0,"?init@ReportIf@@QAEXXZ: mov dword ptr [ecx + 8], edx at 0x004A3607"
ReportIf,0x2C,4,0,"?init@ReportIf@@QAEXXZ: mov dword ptr [ecx + 0xc], eax at 0x004A360F"
ReportIf,0x30,4,0,"?init@ReportIf@@QAEXXZ: mov dword ptr [esi + 0x30], edx at 0x004A361B"
ReportIf,0x34,4,0,"?init@ReportIf@@QAEXXZ: mov dword ptr [ecx + 4], eax at 0x004A3623"
ReportIf,0x38,4,0,"?init@ReportIf@@QAEXXZ: mov dword ptr [ecx + 8], edx at 0x004A362C"
ReportIf,0x3C,4,0,"?init@ReportIf@@QAEXXZ: mov dword ptr [ecx + 0xc], eax at 0x004A3634"
ReportIf,0x40,4,0,"?init@ReportIf@@QAEXXZ: mov dword ptr [esi + 0x40], ecx at 0x004A3640"
ReportIf,0x44,4,0,"?init@ReportIf@@QAEXXZ: mov dword ptr [eax + 4], edx at 0x004A3649"
ReportIf,0x48,4,0,"?init@ReportIf@@QAEXXZ: mov dword ptr [eax + 8], ecx at 0x004A3652"
ReportIf,0x4C,4,0,"?init@ReportIf@@QAEXXZ: mov dword ptr [eax + 0xc], edx at 0x004A365B"
ReportIf,0x50,4,0,"?init@ReportIf@@QAEXXZ: mov dword ptr [esi + 0x50], ecx at 0x004A3667"
ReportIf,0x54,4,0,"?init@ReportIf@@QAEXXZ: mov dword ptr [eax + 4], edx at 0x004A3670"
ReportIf,0x58,4,0,"?init@ReportIf@@QAEXXZ: mov dword ptr [eax + 8], ecx at 0x004A3679"
ReportIf,0x5C,4,0,"?init@ReportIf@@QAEXXZ: mov dword ptr [eax + 0xc], edx at 0x004A3682"
ReportIf,0x60,4,0,"?init@ReportIf@@QAEXXZ: mov dword ptr [esi + 0x60], eax at 0x004A369A"
ReportIf,0x64,4,0,"?init@ReportIf@@QAEXXZ: mov dword ptr [esi + 0x64], 0x25 at 0x004A3693"
ReportIf,0x68,4,0,"?init@ReportIf@@QAEXXZ: mov dword ptr [esi + 0x68], 0x4a at 0x004A369D"
ReportIf,0x6C,4,0,"?init@ReportIf@@QAEXXZ: mov dword ptr [esi + 0x6c], 0x6f at 0x004A36A4"
ReportIf,0x70,4,0,"?init@ReportIf@@QAEXXZ: mov dword ptr [esi + 0x70], 0x94 at 0x004A36AB"
ReportIf,0x74,4,0,"?init@ReportIf@@QAEXXZ: mov dword ptr [esi + 0x74], 0xb9 at 0x004A36B2"
ReportIf,0x78,4,0,"?init@ReportIf@@QAEXXZ: mov dword ptr [esi + 0x78], 0xde at 0x004A36B9"
ReportIf,0x7C,4,0,"?init@ReportIf@@QAEXXZ: mov dword ptr [esi + 0x7c], eax at 0x004A37FB"
ReportIf,0x4FAC,4,0,"?init@ReportIf@@QAEXXZ: mov eax, dword ptr [esi + 0x4fac] at 0x004A37A9"
ReportIf,0x4FB0,4,0,"?init@ReportIf@@QAEXXZ: mov edx, dword ptr [esi + 0x4fb0] at 0x004A378B"
ReportIf,0xA298,4,0,"?init@ReportIf@@QAEXXZ: mov dword ptr [eax], edi at 0x004A37BD"
ReportIf,0xA2CC,4,0,"?init@ReportIf@@QAEXXZ: mov dword ptr [esi + 0xa2cc], eax at 0x004A37A3"
ReportIf,0xA2D0,4,0,"?draw_labs@ReportIf@@QAEXXZ: mov eax, dword ptr [ebx] at 0x004A7126"
ReportIf,0xA2E0,4,0,"?draw_labs@ReportIf@@QAEXXZ: mov dword ptr [esi + 0xa2e0], 0xf2 at 0x004A71B2"
ReportIf,0xA2E4,4,0,"?draw_labs@ReportIf@@QAEXXZ: mov dword ptr [esi + 0xa2e4], 0xffffffff at 0x004A7550"
ReportIf,0xA2FC,4,0,"?draw_labs@ReportIf@@QAEXXZ: mov dword ptr [esi + 0xa2fc], eax at 0x004A754A"
ReportIf,0xA304,4,0,"?draw_labs@ReportIf@@QAEXXZ: mov dword ptr [esi + 0xa304], 0x4a8440 at 0x004A71BC"
ReportIf,0xAE24,4,0,"?draw_energy@ReportIf@@QAEXXZ: mov eax, dword ptr [ebx] at 0x004A8D2B"
ReportIf,0xAE34,4,0,"?draw_energy@ReportIf@@QAEXXZ: mov dword ptr [esi + 0xae34], 0xf2 at 0x004A8DB9"
ReportIf,0xAE38,4,0,"?draw_energy@ReportIf@@QAEXXZ: mov dword ptr [esi + 0xae38], 0xffffffff at 0x004A8F4C"
ReportIf,0xAE50,4,0,"?draw_energy@ReportIf@@QAEXXZ: mov dword ptr [esi + 0xae50], eax at 0x004A8F46"
ReportIf,0xBA0C,4,0,"?report@ReportIf@@QAEXHHH@Z: mov eax, dword ptr [esi + 0xba0c] at 0x004A3974"
ReportIf,0xBE50,4,0,"??1ReportIf@@QAE@XZ: mov dword ptr [ebx + 0x444], edi at 0x004AD096"
ReportIf,0xC558,4,0,"?report@ReportIf@@QAEXHHH@Z: mov edx, dword ptr [esi + 0xc558] at 0x004A3983"
ReportIf,0xC99C,4,0,"??1ReportIf@@QAE@XZ: mov dword ptr [ebx + 0x444], edi at 0x004AD06B"
ReportIf,0xD128,4,0,"?draw_ops@ReportIf@@QAEXXZ: cmp dword ptr [esi + 0xd128], 0xd0b at 0x004A914B"
ReportIf,0xD138,4,0,"?draw_ops@ReportIf@@QAEXXZ: mov eax, dword ptr [esi + 0xd138] at 0x004A9129"
ReportIf,0xD57C,4,0,"??1ReportIf@@QAE@XZ: mov dword ptr [ebx + 0x444], edi at 0x004AD031"
ReportIf,0xDC84,4,0,"?draw_ops@ReportIf@@QAEXXZ: mov edx, dword ptr [esi + 0xdc84] at 0x004A913A"
ReportIf,0xE0C8,4,0,"??1ReportIf@@QAE@XZ: mov dword ptr [ebx + 0x444], edi at 0x004AD006"
ReportIf,0xE7D0,4,0,"?on_iface_group_clicked@ReportIf@@QAEXHHH@Z: mov eax, dword ptr [ecx] at 0x004A6DC7"
ReportIf,0xEC14,4,0,"??1ReportIf@@QAE@XZ: mov dword ptr [ebx + 0x444], edi at 0x004ACFDB"
ReportIf,0xF31C,4,0,"?on_iface_group_clicked@ReportIf@@QAEXHHH@Z: mov edx, dword ptr [esi + 0xf31c] at 0x004A6DCC"
ReportIf,0xF760,4,0,"??1ReportIf@@QAE@XZ: mov dword ptr [ebx + 0x444], edi at 0x004ACFB0"
ReportIf,0xFE68,4,0,"?on_iface_group_clicked@ReportIf@@QAEXHHH@Z: mov eax, dword ptr [esi + 0xfe68] at 0x004A6DDB"
ReportIf,0x102AC,4,0,"??1ReportIf@@QAE@XZ: mov dword ptr [ebx + 0x444], edi at 0x004ACF85"
ReportIf,0x109B4,4,0,"?on_iface_group_clicked@ReportIf@@QAEXHHH@Z: mov edx, dword ptr [esi + 0x109b4] at 0x004A6DEA"
ReportIf,0x10DF8,4,0,"??1ReportIf@@QAE@XZ: mov dword ptr [ebx + 0x444], edi at 0x004ACF5A"
ReportIf,0x11500,4,0,"?on_iface_group_clicked@ReportIf@@QAEXHHH@Z: mov eax, dword ptr [esi + 0x11500] at 0x004A6DF9"
ReportIf,0x11944,4,0,"??1ReportIf@@QAE@XZ: mov dword ptr [ebx + 0x444], edi at 0x004ACF2F"
ReportIf,0x1204C,4,0,"?on_iface_group_clicked@ReportIf@@QAEXHHH@Z: mov edx, dword ptr [esi + 0x1204c] at 0x004A6E08"
ReportIf,0x12490,4,0,"??1ReportIf@@QAE@XZ: mov dword ptr [ebx + 0x444], edi at 0x004ACF04"
ReportIf,0x12B98,4,0,"?on_iface_group_clicked@ReportIf@@QAEXHHH@Z: mov eax, dword ptr [esi + 0x12b98] at 0x004A6E17"
ReportIf,0x12FDC,4,0,"??1ReportIf@@QAE@XZ: mov dword ptr [ebx + 0x444], edi at 0x004ACED9"
ReportIf,0x13768,4,0,"?draw_sat@ReportIf@@QAEXXZ: mov eax, dword ptr [esi + 0x13768] at 0x004AB2AC"
ReportIf,0x13778,4,0,"?draw_sat@ReportIf@@QAEXXZ: mov eax, dword ptr [ecx] at 0x004AAA24"
ReportIf,0x18710,4,0,"?draw_sat@ReportIf@@QAEXXZ: mov eax, dword ptr [esi + 0x18710] at 0x004AB2D2"
ReportIf,0x18720,4,0,"?draw_sat@ReportIf@@QAEXXZ: mov eax, dword ptr [edi] at 0x004AB005"
ReportIf,0x1B450,4,0,"?draw_sat@ReportIf@@QAEXXZ: mov edx, dword ptr [esi + 0x1b450] at 0x004AB4FD"
ReportIf,0x1BF9C,4,0,"?report@ReportIf@@QAEXHHH@Z: mov edx, dword ptr [esi + 0x1bf9c] at 0x004A3B18"
ReportIf,0x1C3E0,4,0,"??1ReportIf@@QAE@XZ: mov dword ptr [ebx + 0x444], edi at 0x004ACE58"
ReportIf,0x1CAE8,4,0,"?report@ReportIf@@QAEXHHH@Z: mov edx, dword ptr [esi + 0x1cae8] at 0x004A3B36"
ReportIf,0x1CF2C,4,0,"??1ReportIf@@QAE@XZ: mov dword ptr [ebx + 0x444], edi at 0x004ACE2D"
ReportIf,0x1D634,4,0,"?report@ReportIf@@QAEXHHH@Z: mov eax, dword ptr [esi + 0x1d634] at 0x004A3B27"
ReportIf,0x1DA78,4,0,"??1ReportIf@@QAE@XZ: mov dword ptr [ebx + 0x444], edi at 0x004ACE02"
ReportIf,0x1E180,4,0,"?init@ReportIf@@QAEXXZ: mov dword ptr [esi + 0x1e180], eax at 0x004A3807"
ReportIf,0x1E184,4,0,"?init@ReportIf@@QAEXXZ: mov dword ptr [esi + 0x1e184], eax at 0x004A3816"
ReportIf,0x1E188,4,0,"?init@ReportIf@@QAEXXZ: mov dword ptr [esi + 0x1e188], eax at 0x004A3825"
ReportIf,0x1E18C,4,0,"?init@ReportIf@@QAEXXZ: mov dword ptr [esi + 0x1e18c], eax at 0x004A3834"
ReportIf,0x1E190,4,0,"?init@ReportIf@@QAEXXZ: mov dword ptr [esi + 0x1e190], eax at 0x004A3843"
ReportIf,0x1E194,4,0,"?init@ReportIf@@QAEXXZ: mov dword ptr [esi + 0x1e194], eax at 0x004A3852"
ReportIf,0x1E198,4,0,"?init@ReportIf@@QAEXXZ: mov dword ptr [esi + 0x1e198], eax at 0x004A3861"
ReportIf,0x1E19C,4,0,"?init@ReportIf@@QAEXXZ: mov dword ptr [esi + 0x1e19c], eax at 0x004A386F"
ReportIf,0x1E1A0,4,0,"?init@ReportIf@@QAEXXZ: mov dword ptr [esi + 0x1e1a0], eax at 0x004A3882"
ReportIf,0x1E1A4,4,0,"?init@ReportIf@@QAEXXZ: mov dword ptr [esi + 0x1e1a4], eax at 0x004A3891"
ReportIf,0x1E1A8,4,0,"?init@ReportIf@@QAEXXZ: mov dword ptr [esi + 0x1e1a8], eax at 0x004A38A0"
ReportIf,0x1E1AC,4,0,"?init@ReportIf@@QAEXXZ: mov dword ptr [esi + 0x1e1ac], eax at 0x004A38AF"
ReportIf,0x1E1B0,4,0,"?init@ReportIf@@QAEXXZ: mov dword ptr [esi + 0x1e1b0], eax at 0x004A38BE"
ReportIf,0x1E1B4,4,0,"?init@ReportIf@@QAEXXZ: mov dword ptr [esi + 0x1e1b4], eax at 0x004A38CD"
ReportIf,0x1E1B8,4,0,"?init@ReportIf@@QAEXXZ: mov dword ptr [esi + 0x1e1b8], eax at 0x004A38D8"
ReportIf,0x1E1C8,4,0,"?draw_labs@ReportIf@@QAEXXZ: mov dword ptr [edi], ecx at 0x004A707F"
ReportIf,0x1E1CC,4,0,"?draw_labs@ReportIf@@QAEXXZ: mov dword ptr [edi + 4], eax at 0x004A7083"
ReportIf,0x1E1D0,4,0,"?draw_labs@ReportIf@@QAEXXZ: mov dword ptr [edi + 8], ecx at 0x004A7086"
ReportIf,0x1E1D4,4,0,"?draw_labs@ReportIf@@QAEXXZ: mov dword ptr [edi + 0xc], eax at 0x004A7091"
ReportIf,0x1E1D8,4,0,"?on_iface_group_clicked@ReportIf@@QAEXHHH@Z: mov dword ptr [esi + 0x1e1d8], 0 at 0x004A6D92"
ReportIf,0x1E1DC,4,0,"?report@ReportIf@@QAEXHHH@Z: mov eax, dword ptr [esi + 0x1e1dc] at 0x004A3957"
ReportIf,0x1E1E0,4,0,"?report@ReportIf@@QAEXHHH@Z: cmp eax, dword ptr [esi + 0x1e1e0] at 0x004A3C00"
ReportIf,0x1E220,4,0,"?report@ReportIf@@QAEXHHH@Z: mov edx, dword ptr [eax - 4] at 0x004A3B88"
ReportIf,0x1E224,4,0,"?report@ReportIf@@QAEXHHH@Z: mov dword ptr [eax], edx at 0x004A3B8B"
ReportIf,0x1E228,4,0,"?report@ReportIf@@QAEXHHH@Z: mov dword ptr [esi + 0x1e228], ecx at 0x004A3A47"
ReportIf,0x1E22C,4,0,"?report@ReportIf@@QAEXHHH@Z: mov dword ptr [esi + 0x1e22c], eax at 0x004A3A35"
ReportIf,0x1E230,4,0,"?init@ReportIf@@QAEXXZ: mov dword ptr [esi + 0x1e230], eax at 0x004A36C0"
ReportIf,0x1E234,4,0,"?on_iface_group_clicked@ReportIf@@QAEXHHH@Z: mov eax, dword ptr [esi + 0x1e234] at 0x004A6EF7"
ReportIf,0x1E238,4,0,"?report@ReportIf@@QAEXHHH@Z: mov eax, dword ptr [esi + 0x1e238] at 0x004A3CA1"
ReportIf,0x1E23C,4,0,"?report@ReportIf@@QAEXHHH@Z: mov eax, dword ptr [esi + 0x1e23c] at 0x004A3C0E"
ReportIf,0x1E240,4,0,"?init@ReportIf@@QAEXXZ: mov dword ptr [esi + 0x1e240], edi at 0x004A3494"
ReportIf,0x1E244,4,0,"?init@ReportIf@@QAEXXZ: mov dword ptr [esi + 0x1e244], 4 at 0x004A349A"
ReportIf,0x1E248,4,0,"?bl_anim@ReportIf@@QAEXXZ: mov eax, dword ptr [esi + 0x1e248] at 0x004A406D"
ReportIf,0x1E24C,4,0,"?bl_anim@ReportIf@@QAEXXZ: mov edx, dword ptr [esi + 0x1e24c] at 0x004A4090"
ReportIf,0x1E250,4,0,"?bl_anim@ReportIf@@QAEXXZ: mov edx, dword ptr [esi + 0x1e250] at 0x004A4084"
ReportIf,0x1E254,4,0,"?init@ReportIf@@QAEXXZ: mov dword ptr [eax - 4], ecx at 0x004A34C7"
ReportIf,0x1E258,4,0,"?init@ReportIf@@QAEXXZ: mov dword ptr [eax], edi at 0x004A34CA"
ReportIf,0x1E25C,4,0,"?init@ReportIf@@QAEXXZ: mov dword ptr [eax + 4], ecx at 0x004A34CC"
ReportIf,0x1E260,4,0,"?init@ReportIf@@QAEXXZ: mov dword ptr [eax + 8], edi at 0x004A34CF"
ReportIf,0x2025C,1,0,"?bl_anim@ReportIf@@QAEXXZ: mov dl, byte ptr [ecx + 8] at 0x004A40A3"
ReportWin,0x0,4,0,"?right_menu@ReportWin@@QAEXHHH@Z: mov edx, dword ptr [ebx] at 0x00497E3B"
ReportWin,0x444,4,0,"??0ReportWin@@QAE@XZ: mov dword ptr [esi + 0x444], 0x66d74c at 0x004AD820"
ReportWin,0xA14,4,0,"?init@ReportWin@@QAEXXZ: mov dword ptr [esi + 0xa14], eax at 0x004969E9"
ReportWin,0xA18,4,0,"?init@ReportWin@@QAEXXZ: mov dword ptr [esi + 0xa18], edx at 0x004969EF"
ReportWin,0xA1C,4,0,"?init@ReportWin@@QAEXXZ: mov dword ptr [esi + 0xa1c], 0x28a at 0x00496996"
ReportWin,0xA20,4,0,"?init@ReportWin@@QAEXXZ: mov dword ptr [esi + 0xa20], 0x161 at 0x004969A0"
ReportWin,0xA24,4,0,"?draw_labs@ReportWin@@QAEXXZ: mov dword ptr [esi + 0xa24], eax at 0x00499C80"
ReportWin,0xA28,4,0,"?draw_labs@ReportWin@@QAEXXZ: mov dword ptr [esi + 0xa28], eax at 0x00498C38"
ReportWin,0xA2C,4,0,"?draw_labs@ReportWin@@QAEXXZ: mov dword ptr [esi + 0xa2c], edi at 0x00498C20"
ReportWin,0xA30,4,0,"?draw_labs@ReportWin@@QAEXXZ: mov dword ptr [esi + 0xa30], eax at 0x00498C49"
ReportWin,0xA34,4,0,"?draw_labs@ReportWin@@QAEXXZ: mov dword ptr [esi + 0xa34], edi at 0x00498C4F"
ReportWin,0xA38,4,0,"?reset@ReportWin@@QAEXXZ: mov eax, dword ptr [edi] at 0x00496BC0"
ReportWin,0x1584,4,0,"?draw_labs@ReportWin@@QAEXXZ: mov eax, dword ptr [edi] at 0x004997C7"
ReportWin,0x204C,4,0,"?draw_labs@ReportWin@@QAEXXZ: mov dword ptr [edi + 0xac8], 0x78d960 at 0x004997FA"
ReportWin,0x2050,4,0,"?draw_labs@ReportWin@@QAEXXZ: mov dword ptr [edi + 0xacc], 0x78d988 at 0x00499804"
ReportWin,0x2054,4,0,"?draw_labs@ReportWin@@QAEXXZ: mov dword ptr [edi + 0xad0], 0x78d9b0 at 0x0049980E"
ReportWin,0x20D0,4,0,"?draw_labs@ReportWin@@QAEXXZ: mov eax, dword ptr [edi] at 0x00499A4B"
ReportWin,0x2B98,4,0,"?draw_labs@ReportWin@@QAEXXZ: mov dword ptr [edi + 0xac8], 0x78d960 at 0x00499A7B"
ReportWin,0x2B9C,4,0,"?draw_labs@ReportWin@@QAEXXZ: mov dword ptr [edi + 0xacc], 0x78d988 at 0x00499A85"
ReportWin,0x2BA0,4,0,"?draw_labs@ReportWin@@QAEXXZ: mov dword ptr [edi + 0xad0], 0x78d9b0 at 0x00499A8F"
ReportWin,0x2C1C,4,0,"?draw_labs@ReportWin@@QAEXXZ: mov eax, dword ptr [edi] at 0x00499BBB"
ReportWin,0x36E4,4,0,"?draw_labs@ReportWin@@QAEXXZ: mov dword ptr [edi + 0xac8], 0x78d960 at 0x00499BED"
ReportWin,0x36E8,4,0,"?draw_labs@ReportWin@@QAEXXZ: mov dword ptr [edi + 0xacc], 0x78d988 at 0x00499BF7"
ReportWin,0x36EC,4,0,"?draw_labs@ReportWin@@QAEXXZ: mov dword ptr [edi + 0xad0], 0x78d9b0 at 0x00499C01"
ReportWin,0x594C,4,0,"?draw_labs@ReportWin@@QAEXXZ: mov edx, dword ptr [ebx] at 0x00499737"
ReportWin,0x5950,4,0,"?draw_labs@ReportWin@@QAEXXZ: mov dword ptr [esi + 0x5950], eax at 0x0049966E"
ReportWin,0x5954,4,0,"?draw_labs@ReportWin@@QAEXXZ: mov ecx, dword ptr [esi + 0x5954] at 0x00499B3A"
ReportWin,0x5958,4,0,"?draw_labs@ReportWin@@QAEXXZ: mov dword ptr [esi + 0x5958], eax at 0x00499574"
ReportWin,0x595C,4,0,"?draw_labs@ReportWin@@QAEXXZ: mov dword ptr [esi + 0x595c], ecx at 0x00499589"
ReportWin,0x5960,4,0,"?draw_labs@ReportWin@@QAEXXZ: mov dword ptr [esi + 0x5960], edx at 0x00499583"
ReportWin,0x5968,4,0,"?draw_labs@ReportWin@@QAEXXZ: mov eax, dword ptr [esi + 0x5968] at 0x00499878"
ReportWin,0x596C,4,0,"?draw_labs@ReportWin@@QAEXXZ: mov edx, dword ptr [esi + 0x596c] at 0x004999B8"
ReportWin,0x5970,4,0,"?draw_labs@ReportWin@@QAEXXZ: mov dword ptr [esi + 0x5970], ecx at 0x0049968D"
ReportWin,0x5974,4,0,"?init@ReportWin@@QAEXXZ: mov dword ptr [esi + 0x5974], 0x1a at 0x00496A38"
ReportWin,0x5978,4,0,"?init@ReportWin@@QAEXXZ: mov dword ptr [esi + 0x5978], 3 at 0x00496A44"
ReportWin,0x597C,4,0,"?init@ReportWin@@QAEXXZ: mov dword ptr [esi + 0x597c], ecx at 0x00496A4E"
ReportWin,0x5980,4,0,"?init@ReportWin@@QAEXXZ: mov dword ptr [esi + 0x5980], eax at 0x00496A2A"
ReportWin,0x5984,4,0,"?init@ReportWin@@QAEXXZ: mov dword ptr [esi + 0x5984], 0x17 at 0x004969F5"
ReportWin,0x5988,4,0,"?init@ReportWin@@QAEXXZ: mov dword ptr [esi + 0x5988], 0 at 0x004969FF"
ReportWin,0x598C,4,0,"?init@ReportWin@@QAEXXZ: mov dword ptr [esi + 0x598c], edi at 0x00496A09"
ReportWin,0x5990,4,0,"?init@ReportWin@@QAEXXZ: mov dword ptr [esi + 0x5990], ecx at 0x00496A0F"
ReportWin,0x599C,4,0,"?draw_ops@ReportWin@@QAEXXZ: mov dword ptr [esi + 0x599c], 0 at 0x0049D7C0"
ReportWin,0x59A0,4,0,"?draw_labs@ReportWin@@QAEXXZ: mov dword ptr [esi + 0x59a0], 0x96 at 0x00498B9E"
ReportWin,0x59A4,4,0,"?draw_labs@ReportWin@@QAEXXZ: mov dword ptr [esi + 0x59a4], 0x28 at 0x00498BAB"
ReportWin,0x59A8,4,0,"?draw_labs@ReportWin@@QAEXXZ: mov dword ptr [esi + 0x59a8], 0xaa at 0x00498BB8"
ReportWin,0x59AC,4,0,"?on_redraw@ReportWin@@QAEXXZ: mov dword ptr [esi + 0x59ac], 0xffffffff at 0x00496D18"
ReportWin,0x59B0,4,0,"?draw_energy@ReportWin@@QAEXXZ: mov dword ptr [esi + 0x59b0], eax at 0x0049CBB0"
ReportWin,0x59B4,4,0,"?init@ReportWin@@QAEXXZ: rep stosd dword ptr es:[edi], eax at 0x00496971"
ReportWin,0x59F4,4,0,"?init@ReportWin@@QAEXXZ: mov dword ptr [esi + 0x59f4], eax at 0x00496973"
ReportWin,0x59F8,4,0,"?init@ReportWin@@QAEXXZ: mov dword ptr [esi + 0x59f8], eax at 0x0049697E"
ReportWin,0x59FC,4,0,"?init@ReportWin@@QAEXXZ: mov dword ptr [esi + 0x59fc], eax at 0x0049698A"
ReportWin,0x5A00,4,0,"?init@ReportWin@@QAEXXZ: mov dword ptr [esi + 0x5a00], eax at 0x00496990"
ReportWin,0x5A08,4,0,"?draw_ops@ReportWin@@QAEXXZ: mov eax, dword ptr [esi + 0x5a08] at 0x0049D831"
ReportWin,0x5A0C,4,0,"?draw_energy@ReportWin@@QAEXXZ: mov ecx, dword ptr [ebx] at 0x0049CC4B"
ReportWin,0x5A1C,4,0,"?draw_energy@ReportWin@@QAEXXZ: mov dword ptr [esi + 0x5a1c], 0xf2 at 0x0049CD00"
ReportWin,0x5A20,4,0,"?draw_energy@ReportWin@@QAEXXZ: mov dword ptr [esi + 0x5a20], 0xffffffff at 0x0049D422"
ReportWin,0x5A38,4,0,"?draw_energy@ReportWin@@QAEXXZ: mov dword ptr [esi + 0x5a38], edi at 0x0049D41C"
ReportWin,0x6560,4,0,"??1ReportWin@@QAE@XZ: mov dword ptr [edi], 0x669754 at 0x004AD61A"
ReportWin,0x69A4,4,0,"??1ReportWin@@QAE@XZ: mov dword ptr [edi + 0x444], ebx at 0x004AD620"
ReportWin,0x70AC,4,0,"??1ReportWin@@QAE@XZ: mov dword ptr [edi], 0x669754 at 0x004AD5EF"
ReportWin,0x74F0,4,0,"??1ReportWin@@QAE@XZ: mov dword ptr [edi + 0x444], ebx at 0x004AD5F5"
ReportWin,0x7BF8,4,0,"?reset@ReportWin@@QAEXXZ: mov ebx, dword ptr [esi + 0x7bf8] at 0x00496C96"
ReportWin,0x7BFC,4,0,"?reset@ReportWin@@QAEXXZ: mov ecx, dword ptr [esi + 0x7bfc] at 0x00496C9C"
ReportWin,0x7C8C,4,0,"?draw_ops@ReportWin@@QAEXXZ: mov eax, dword ptr [esi + 0x7c8c] at 0x0049DEF8"
ReportWin,0x7C9C,4,0,"?draw_ops@ReportWin@@QAEXXZ: mov edx, dword ptr [esi + 0x7c9c] at 0x0049D697"
ReportWin,0x80E0,4,0,"??1ReportWin@@QAE@XZ: mov dword ptr [edi + 0x444], ebx at 0x004AD5BB"
ReportWin,0x87E8,4,0,"?draw_ops@ReportWin@@QAEXXZ: mov eax, dword ptr [esi + 0x87e8] at 0x0049D6A9"
ReportWin,0x8C2C,4,0,"??1ReportWin@@QAE@XZ: mov dword ptr [edi + 0x444], ebx at 0x004AD590"
ReportWin,0x9334,4,0,"?draw_ops@ReportWin@@QAEXXZ: mov edx, dword ptr [esi + 0x9334] at 0x0049D6BA"
ReportWin,0x9778,4,0,"??1ReportWin@@QAE@XZ: mov dword ptr [edi + 0x444], ebx at 0x004AD565"
ReportWin,0x9F04,4,0,"?draw_sat@ReportWin@@QAEXXZ: cmp dword ptr [esi + 0x9f04], 0xd3c at 0x0049F4DB"
ReportWin,0x9F14,4,0,"?draw_sat@ReportWin@@QAEXXZ: mov edx, dword ptr [esi + 0x9f14] at 0x0049F483"
ReportWin,0xA358,4,0,"??1ReportWin@@QAE@XZ: mov dword ptr [edi + 0x444], ebx at 0x004AD52B"
ReportWin,0xAA60,4,0,"?draw_sat@ReportWin@@QAEXXZ: mov eax, dword ptr [esi + 0xaa60] at 0x0049F49C"
ReportWin,0xAEA4,4,0,"??1ReportWin@@QAE@XZ: mov dword ptr [edi + 0x444], ebx at 0x004AD500"
ReportWin,0xB5AC,4,0,"?draw_sat@ReportWin@@QAEXXZ: mov edx, dword ptr [esi + 0xb5ac] at 0x0049F4EB"
ReportWin,0xB9F0,4,0,"??1ReportWin@@QAE@XZ: mov dword ptr [edi + 0x444], ebx at 0x004AD4D5"
ReportWin,0xC0F8,4,0,"?draw_ops@ReportWin@@QAEXXZ: mov eax, dword ptr [esi + 0xc0f8] at 0x0049D6CB"
ReportWin,0xC0FC,4,0,"?UNK1@ReportWin@@QAEXHHHH@Z: mov dword ptr [esi + 0xc0fc], eax at 0x00498120"
ReportWin,0xC100,4,0,"?UNK1@ReportWin@@QAEXHHHH@Z: mov dword ptr [esi + 0xc100], eax at 0x00498139"
ReportWin,0xC104,4,0,"?UNK1@ReportWin@@QAEXHHHH@Z: mov dword ptr [esi + 0xc104], ecx at 0x0049812F"
ReportWin,0xC108,4,0,"?UNK1@ReportWin@@QAEXHHHH@Z: mov dword ptr [esi + 0xc108], edx at 0x0049813F"
ReportWin,0xC10C,4,0,"??1ReportWin@@QAE@XZ: mov dword ptr [edi], 0x669d58 at 0x004AD45D"
ReportWin,0xC550,4,0,"??1ReportWin@@QAE@XZ: mov dword ptr [edi + 0x444], 0x669d50 at 0x004AD463"
ReportWin,0xCB4C,4,0,"?UNK1@ReportWin@@QAEXHHHH@Z: mov dword ptr [esi + 0xcb4c], eax at 0x00498150"
ReportWin,0xD704,4,0,"??1ReportWin@@QAE@XZ: mov dword ptr [ebx], 0x669754 at 0x004AD481"
ReportWin,0xDB48,4,0,"??1ReportWin@@QAE@XZ: mov dword ptr [ebx + 0x444], 0x66974c at 0x004AD487"
ReportWin,0xE258,4,0,"?reset@ReportWin@@QAEXXZ: mov dword ptr [ecx], edx at 0x00496C71"
ReportWin,0xE25C,4,0,"?reset@ReportWin@@QAEXXZ: mov dword ptr [ecx + 4], eax at 0x00496C79"
ReportWin,0xE260,4,0,"?reset@ReportWin@@QAEXXZ: mov dword ptr [ecx + 8], edx at 0x00496C82"
ReportWin,0xE264,4,0,"?reset@ReportWin@@QAEXXZ: mov dword ptr [ecx + 0xc], eax at 0x00496C85"
ReportWin,0xE268,4,0,"?init@ReportWin@@QAEXXZ: mov dword ptr [esi + 0xe268], eax at 0x00496B91"
ReportWin,0xE26C,4,0,"?draw_ops@ReportWin@@QAEXXZ: mov dword ptr [esi + 0xe26c], 1 at 0x0049D6FD"
ReportWin,0xE270,4,0,"?UNK1@ReportWin@@QAEXHHHH@Z: mov dword ptr [esi + 0xe270], 0 at 0x00498164"
ReportWin,0xE29C,4,0,"?draw_sat@ReportWin@@QAEXXZ: mov dword ptr [esi + 0xe29c], 0 at 0x0049F684"
ReportWin,0xE2A0,4,0,"?sat_anim@ReportWin@@QAEXXZ: mov edx, dword ptr [esi + 0xe2a0] at 0x0049FF27"
ReportWin,0xE2A4,4,0,"?sat_anim@ReportWin@@QAEXXZ: mov ecx, dword ptr [esi + 0xe2a4] at 0x0049FF21"
ReportWin,0xE2A8,4,0,"?sat_anim@ReportWin@@QAEXXZ: mov edx, dword ptr [esi + 0xe2a8] at 0x0049FF82"
ReportWin,0xE2AC,4,0,"?sat_anim@ReportWin@@QAEXXZ: mov edx, dword ptr [esi + 0xe2ac] at 0x0049FF6D"
ReportWin,0xE310,4,0,"?start_attack@ReportWin@@QAEXHHHH@Z: mov dword ptr [esi + 0xe310], eax at 0x004A0083"
ReportWin,0xE314,4,0,"?start_attack@ReportWin@@QAEXHHHH@Z: mov dword ptr [esi + 0xe314], ebx at 0x004A0071"
ReportWin,0xE318,4,0,"?start_attack@ReportWin@@QAEXHHHH@Z: mov dword ptr [esi + 0xe318], eax at 0x004A0095"
ReportWin,0xE31C,4,0,"?start_attack@ReportWin@@QAEXHHHH@Z: mov dword ptr [esi + 0xe31c], ebx at 0x004A009B"
ReportWin,0xEE30,4,1,?sat_anim@ReportWin@@QAEXXZ: fmul dword ptr [esi + 0xee30] at 0x0049FEAD
ReportWin,0xF3E0,4,0,"?sat_anim@ReportWin@@QAEXXZ: mov edx, dword ptr [esi + 0xf3e0] at 0x0049FF00"
ReportWin,0xF3E4,4,0,"?sat_anim@ReportWin@@QAEXXZ: mov eax, dword ptr [esi + 0xf3e4] at 0x0049FEFA"
ReportWin,0xF918,4,0,"?start_attack@ReportWin@@QAEXHHHH@Z: mov eax, dword ptr [esi + 0xf918] at 0x0049FFF4"
ReportWin,0xF91C,4,0,"?start_attack@ReportWin@@QAEXHHHH@Z: mov dword ptr [esi + 0xf91c], ecx at 0x004A000A"
ReportWin,0xF920,4,0,"?start_attack@ReportWin@@QAEXHHHH@Z: mov dword ptr [esi + 0xf920], ecx at 0x004A0004"
ReportWin,0xF924,4,0,"?start_attack@ReportWin@@QAEXHHHH@Z: mov dword ptr [esi + 0xf924], eax at 0x0049FFDF"
ReportWin,0xF928,4,0,"?start_attack@ReportWin@@QAEXHHHH@Z: mov dword ptr [esi + 0xf928], ecx at 0x0049FFE8"
ReportWin,0xF92C,4,0,"?start_attack@ReportWin@@QAEXHHHH@Z: mov dword ptr [esi + 0xf92c], edx at 0x0049FFFE"
ReportWin,0xF930,4,0,"?start_attack@ReportWin@@QAEXHHHH@Z: mov dword ptr [esi + 0xf930], eax at 0x0049FFEE"
ReportWin,0xF934,4,0,"?start_attack@ReportWin@@QAEXHHHH@Z: mov dword ptr [esi + 0xf934], ecx at 0x004A0010"
ReportWin,0xFAB8,4,0,"?on_left_click@ReportWin@@QAEXHH@Z: mov dword ptr [ebx + 0xfab8], eax at 0x00496EDC"
SAmbience,0x0,4,0,"?begin@SAmbience@@QAEXXZ: mov eax, dword ptr [esi] at 0x004476C3"
SAmbience,0x58,4,0,?tech@SAmbience@@QAEXXZ: inc dword ptr [ecx + 0x58] at 0x004476E0
SAmbience,0x5C,4,0,"??0SAmbience@@QAE@XZ: mov dword ptr [esi + 0x5c], eax at 0x00447863"
SAmbience,0x60,4,0,"??0SAmbience@@QAE@XZ: mov dword ptr [esi + 0x60], eax at 0x00447866"
SAmbience,0x64,4,0,"??0SAmbience@@QAE@XZ: mov dword ptr [esi + 0x64], eax at 0x00447869"
SAmbience,0x68,4,0,"??0SAmbience@@QAE@XZ: mov dword ptr [esi + 0x68], eax at 0x00447872"
SAmbience,0x6C,1,0,"??0SAmbience@@QAE@XZ: mov byte ptr [esi + 0x6c], al at 0x0044786C"
SAmbience,0x6D,1,0,"??0SAmbience@@QAE@XZ: mov byte ptr [esi + 0x6d], al at 0x0044786F"
SAmbience,0x70,4,0,"?hostility@SAmbience@@QAEXXZ: mov eax, dword ptr [esi + 0x70] at 0x004477C1"
SAmbience,0x74,4,0,"?hostility@SAmbience@@QAEXXZ: mov eax, dword ptr [esi + 0x74] at 0x004477F6"
Scroll,0x0,4,0,"??1Scroll@@QAE@XZ: mov dword ptr [esi], 0x669d58 at 0x00406E82"
Scroll,0xC4,4,0,"?set_pos@Scroll@@QAEXH@Z: mov eax, dword ptr [ecx + 0xc4] at 0x00605D20"
Scroll,0x444,4,0,"??1Scroll@@QAE@XZ: mov dword ptr [esi + 0x444], 0x669d50 at 0x00406E88"
Scroll,0x474,4,0,"?on_mouse_move@Scroll@@QAEXHH@Z: mov edx, dword ptr [esi + 0x474] at 0x00605DD0"
Scroll,0x478,4,0,"?on_mouse_move@Scroll@@QAEXHH@Z: mov edi, dword ptr [eax + 4] at 0x00605DD8"
Scroll,0x47C,4,0,"?on_mouse_move@Scroll@@QAEXHH@Z: mov ebx, dword ptr [eax + 8] at 0x00605DDD"
Scroll,0x480,4,0,"?on_mouse_move@Scroll@@QAEXHH@Z: mov ebp, dword ptr [eax + 0xc] at 0x00605DE8"
Scroll,0x4C4,4,0,"?set_sprite_left@Scroll@@QAEXPAUSprite@@PAUSprite@@PAUSprite@@@Z: mov ebx, dword ptr [ecx + 0x4c4] at 0x00605C07"
Scroll,0x4C8,4,0,"?set_sprite_left@Scroll@@QAEXPAUSprite@@PAUSprite@@PAUSprite@@@Z: mov edi, dword ptr [ecx + 0x4c8] at 0x00605C01"
Scroll,0xA14,1,0,"?compute_thumb_rect@Scroll@@QAEXPAURECT@@@Z: test byte ptr [ecx + 0xa14], 2 at 0x00606CD9"
Scroll,0xA14,4,0,"??0Scroll@@QAE@XZ: mov dword ptr [esi + 0xa14], eax at 0x00605229"
Scroll,0xA18,4,0,"?on_mousewheel_down@Scroll@@QAEXH@Z: mov eax, dword ptr [esi + 0xa18] at 0x00606396"
Scroll,0xA1C,1,0,"?on_redraw@Scroll@@QAEXXZ: mov al, byte ptr [esi + 0xa1c] at 0x0060673B"
Scroll,0xA1C,4,0,"??0Scroll@@QAE@XZ: mov dword ptr [esi + 0xa1c], ecx at 0x00605235"
Scroll,0xA20,4,0,"??0Scroll@@QAE@XZ: mov dword ptr [esi + 0xa20], edx at 0x00605247"
Scroll,0xA24,4,0,"??0Scroll@@QAE@XZ: mov dword ptr [esi + 0xa24], eax at 0x00605252"
Scroll,0xA28,4,0,"??0Scroll@@QAE@XZ: mov dword ptr [esi + 0xa28], edi at 0x0060523B"
Scroll,0xA2C,4,0,"??0Scroll@@QAE@XZ: mov dword ptr [esi + 0xa2c], ecx at 0x0060525E"
Scroll,0xA30,4,0,"??0Scroll@@QAE@XZ: mov dword ptr [esi + 0xa30], edx at 0x0060526A"
Scroll,0xA34,4,0,"??0Scroll@@QAE@XZ: mov dword ptr [esi + 0xa34], eax at 0x00605285"
Scroll,0xA38,4,0,"??0Scroll@@QAE@XZ: mov dword ptr [esi + 0xa38], edi at 0x0060527A"
Scroll,0xA3C,4,0,"??0Scroll@@QAE@XZ: mov dword ptr [esi + 0xa3c], 0xffffffff at 0x00605270"
Scroll,0xA40,4,0,"??0Scroll@@QAE@XZ: mov dword ptr [esi + 0xa40], ecx at 0x00605291"
Scroll,0xA44,4,0,"??0Scroll@@QAE@XZ: mov dword ptr [esi + 0xa44], edi at 0x00605297"
Scroll,0xA48,4,0,"??0Scroll@@QAE@XZ: mov dword ptr [esi + 0xa48], edx at 0x006052BB"
Scroll,0xA4C,4,0,"??0Scroll@@QAE@XZ: mov dword ptr [esi + 0xa4c], edi at 0x0060529D"
Scroll,0xA50,4,0,"??0Scroll@@QAE@XZ: mov dword ptr [esi + 0xa50], edi at 0x006052A3"
Scroll,0xA54,4,0,"??0Scroll@@QAE@XZ: mov dword ptr [esi + 0xa54], edi at 0x006052A9"
Scroll,0xA58,4,0,"??0Scroll@@QAE@XZ: mov dword ptr [esi + 0xa58], edi at 0x006052AF"
Scroll,0xA5C,4,0,"??0Scroll@@QAE@XZ: mov dword ptr [esi + 0xa5c], eax at 0x006052C6"
Scroll,0xA60,4,0,"?set_border_color@Scroll@@QAEXH@Z: mov eax, dword ptr [ecx + 0xa60] at 0x00605B1C"
Scroll,0xA64,4,0,"??0Scroll@@QAE@XZ: mov dword ptr [esi + 0xa64], ecx at 0x006052D2"
Scroll,0xA68,4,0,"??0Scroll@@QAE@XZ: mov dword ptr [esi + 0xa68], edx at 0x006052DE"
Scroll,0xA6C,4,0,"??0Scroll@@QAE@XZ: mov dword ptr [esi + 0xa6c], eax at 0x006052E9"
Scroll,0xA70,4,0,"??0Scroll@@QAE@XZ: mov dword ptr [esi + 0xa70], ecx at 0x006052F5"
Scroll,0xA74,4,0,"??0Scroll@@QAE@XZ: mov dword ptr [esi + 0xa74], eax at 0x00605336"
Scroll,0xA78,4,0,"??0Scroll@@QAE@XZ: mov dword ptr [esi + 0xa78], ecx at 0x00605342"
Scroll,0xA7C,4,0,"??0Scroll@@QAE@XZ: mov dword ptr [ecx - 0xc], edx at 0x0060530C"
Scroll,0xA80,4,0,"?set_sprite_left@Scroll@@QAEXPAUSprite@@PAUSprite@@PAUSprite@@@Z: mov dword ptr [ecx + 0xa80], edx at 0x00605BF5"
Scroll,0xA84,4,0,"?set_sprite_left@Scroll@@QAEXPAUSprite@@PAUSprite@@PAUSprite@@@Z: mov dword ptr [ecx + 0xa84], esi at 0x00605BFB"
Scroll,0xA88,4,0,"??0Scroll@@QAE@XZ: mov dword ptr [ecx], edx at 0x00605315"
Scroll,0xA8C,4,0,"?UNK1@Scroll@@QAEXPAUSprite@@PAUSprite@@PAUSprite@@@Z: mov dword ptr [ecx + 0xa8c], edx at 0x00605C95"
Scroll,0xA90,4,0,"?UNK1@Scroll@@QAEXPAUSprite@@PAUSprite@@PAUSprite@@@Z: mov dword ptr [ecx + 0xa90], esi at 0x00605C9B"
Scroll,0xA94,4,0,"??0Scroll@@QAE@XZ: mov dword ptr [ecx + 0xc], edx at 0x0060531D"
Scroll,0xA98,4,0,"?set_sprite_right@Scroll@@QAEXPAUSprite@@PAUSprite@@PAUSprite@@@Z: mov dword ptr [ecx + 0xa98], edx at 0x00605C45"
Scroll,0xA9C,4,0,"?set_sprite_right@Scroll@@QAEXPAUSprite@@PAUSprite@@PAUSprite@@@Z: mov dword ptr [ecx + 0xa9c], esi at 0x00605C4B"
Scroll,0xAA0,4,0,"??0Scroll@@QAE@XZ: mov dword ptr [ecx + 0x18], edx at 0x00605326"
Scroll,0xAA4,4,0,"?UNK2@Scroll@@QAEXPAUSprite@@PAUSprite@@PAUSprite@@@Z: mov dword ptr [ecx + 0xaa4], edx at 0x00605CE5"
Scroll,0xAA8,4,0,"?UNK2@Scroll@@QAEXPAUSprite@@PAUSprite@@PAUSprite@@@Z: mov dword ptr [ecx + 0xaa8], esi at 0x00605CEB"
Scroll,0xAAC,4,0,"??1Scroll@@QAE@XZ: mov dword ptr [edi], 0x669754 at 0x00406ED6"
Scroll,0xEF0,4,0,"??1Scroll@@QAE@XZ: mov dword ptr [edi + 0x444], 0x66974c at 0x00406EDC"
Scroll,0x1530,4,0,"?set_button_color@Scroll@@QAEXH@Z: mov dword ptr [esi + 0x1530], eax at 0x00605A23"
Scroll,0x1534,4,0,"?set_bevel_upper@Scroll@@QAEXH@Z: mov dword ptr [esi + 0x1534], eax at 0x00605AA3"
Scroll,0x1538,4,0,"?set_bevel_lower@Scroll@@QAEXH@Z: mov dword ptr [esi + 0x1538], eax at 0x00605AE3"
Scroll,0x153C,4,0,"?set_bevel_thickness@Scroll@@QAEXH@Z: mov dword ptr [esi + 0x153c], eax at 0x00605A63"
Scroll,0x15BC,4,0,"?set_sprite_left@Scroll@@QAEXPAUSprite@@PAUSprite@@PAUSprite@@@Z: mov dword ptr [ecx + 0x15bc], eax at 0x00605C13"
Scroll,0x15C0,4,0,"?set_sprite_left@Scroll@@QAEXPAUSprite@@PAUSprite@@PAUSprite@@@Z: mov dword ptr [ecx + 0x15c0], edx at 0x00605C19"
Scroll,0x15C4,4,0,"?set_sprite_left@Scroll@@QAEXPAUSprite@@PAUSprite@@PAUSprite@@@Z: mov dword ptr [ecx + 0x15c4], esi at 0x00605C1F"
Scroll,0x15F8,4,0,"??1Scroll@@QAE@XZ: mov dword ptr [edi], 0x669754 at 0x00406EA7"
Scroll,0x1A3C,4,0,"??1Scroll@@QAE@XZ: mov dword ptr [edi + 0x444], 0x66974c at 0x00406EAD"
Scroll,0x207C,4,0,"?set_button_color@Scroll@@QAEXH@Z: mov dword ptr [esi + 0x207c], eax at 0x00605A29"
Scroll,0x2080,4,0,"?set_bevel_upper@Scroll@@QAEXH@Z: mov dword ptr [esi + 0x2080], eax at 0x00605AA9"
Scroll,0x2084,4,0,"?set_bevel_lower@Scroll@@QAEXH@Z: mov dword ptr [esi + 0x2084], eax at 0x00605AE9"
Scroll,0x2088,4,0,"?set_bevel_thickness@Scroll@@QAEXH@Z: mov dword ptr [esi + 0x2088], eax at 0x00605A69"
Scroll,0x2108,4,0,"?set_sprite_right@Scroll@@QAEXPAUSprite@@PAUSprite@@PAUSprite@@@Z: mov dword ptr [ecx + 0x2108], eax at 0x00605C63"
Scroll,0x210C,4,0,"?set_sprite_right@Scroll@@QAEXPAUSprite@@PAUSprite@@PAUSprite@@@Z: mov dword ptr [ecx + 0x210c], edx at 0x00605C69"
Scroll,0x2110,4,0,"?set_sprite_right@Scroll@@QAEXPAUSprite@@PAUSprite@@PAUSprite@@@Z: mov dword ptr [ecx + 0x2110], esi at 0x00605C6F"
Scroll,0x2144,4,0,"??0Scroll@@QAE@XZ: mov dword ptr [esi + 0x2144], edi at 0x0060534C"
Scroll,0x2148,4,0,"??0Scroll@@QAE@XZ: mov dword ptr [esi + 0x2148], edi at 0x00605352"
SelectPartWin,0x0,4,0,"??0SelectPartWin@@QAE@XZ: mov dword ptr [esi], 0x66b2b8 at 0x00432942"
SelectPartWin,0x444,4,0,"??0SelectPartWin@@QAE@XZ: mov dword ptr [esi + 0x444], 0x66b2b0 at 0x00432948"
SelectPartWin,0x4C4,4,0,"?exec@SelectPartWin@@QAEHHHHHHHHHHHPAE@Z: mov eax, dword ptr [ebx + 0x4c4] at 0x00434293"
SelectPartWin,0xA14,4,0,"?exec@SelectPartWin@@QAEHHHHHHHHHHHPAE@Z: mov eax, dword ptr [esi] at 0x004342B8"
SelectPartWin,0xE58,4,0,"??1SelectPartWin@@QAE@XZ: mov dword ptr [edi + 0x444], 0x669d50 at 0x0043EECD"
SelectPartWin,0x1440,4,0,"?on_key_click@SelectPartWin@@QAEHHH@Z: mov ecx, dword ptr [esi + 0x1440] at 0x00433AA8"
SelectPartWin,0x1444,4,0,"?exec@SelectPartWin@@QAEHHHHHHHHHHHPAE@Z: mov dword ptr [ebx + 0x1444], 0 at 0x004342EE"
SelectPartWin,0x1454,4,0,"?on_key_click@SelectPartWin@@QAEHHH@Z: mov ecx, dword ptr [esi + 0x1454] at 0x00433C44"
SelectPartWin,0x14C0,4,0,"??1SelectPartWin@@QAE@XZ: mov dword ptr [ebx], 0x669754 at 0x0043EF1A"
SelectPartWin,0x1904,4,0,"??1SelectPartWin@@QAE@XZ: mov dword ptr [ebx + 0x444], 0x66974c at 0x0043EF20"
SelectPartWin,0x200C,4,0,"??1SelectPartWin@@QAE@XZ: mov dword ptr [ebx], 0x669754 at 0x0043EEEB"
SelectPartWin,0x2450,4,0,"??1SelectPartWin@@QAE@XZ: mov dword ptr [ebx + 0x444], 0x66974c at 0x0043EEF1"
SelectPartWin,0x2B60,4,0,"??0SelectPartWin@@QAE@XZ: mov dword ptr [esi + 0x2b60], edi at 0x0043293C"
SelectPartWin,0x2B64,4,0,"?on_redraw@SelectPartWin@@QAEXXZ: mov eax, dword ptr [edi + 0x2b64] at 0x004339CA"
SelectPartWin,0x2B68,4,0,"?close@SelectPartWin@@QAEXXZ: mov dword ptr [esi + 0x2b68], 0xffffffff at 0x0043298D"
SelectPartWin,0x2B6C,4,0,"??0SelectPartWin@@QAE@XZ: mov dword ptr [esi + 0x2b6c], edi at 0x00432924"
SelectPartWin,0x2B70,4,0,"??0SelectPartWin@@QAE@XZ: mov dword ptr [esi + 0x2b70], edi at 0x0043292A"
SelectPartWin,0x2B74,4,0,"?on_mouse_move@SelectPartWin@@QAEXHH@Z: cmp edi, dword ptr [esi + 0x2b74] at 0x004338BC"
SelectPartWin,0x2B80,4,0,"??0SelectPartWin@@QAE@XZ: mov dword ptr [esi + 0x2b80], edi at 0x00432930"
SelectPartWin,0x2B84,4,0,"?exec@SelectPartWin@@QAEHHHHHHHHHHHPAE@Z: mov dword ptr [ebx + 0x2b84], eax at 0x0043402D"
SelectPartWin,0x2B88,4,0,"?draw_armor@SelectPartWin@@QAEHHPAURECT@@H@Z: mov eax, dword ptr [edi + 0x2b88] at 0x00433180"
SelectPartWin,0x2B8C,4,0,"?exec@SelectPartWin@@QAEHHHHHHHHHHHPAE@Z: mov dword ptr [ebx + 0x2b8c], ecx at 0x00434018"
SelectPartWin,0x2B90,4,0,"?exec@SelectPartWin@@QAEHHHHHHHHHHHPAE@Z: mov dword ptr [ebx + 0x2b90], edx at 0x00434021"
SelectPartWin,0x2B94,4,0,"?exec@SelectPartWin@@QAEHHHHHHHHHHHPAE@Z: mov dword ptr [ebx + 0x2b94], ecx at 0x00434033"
SelectPartWin,0x2B98,4,0,"?exec@SelectPartWin@@QAEHHHHHHHHHHHPAE@Z: mov dword ptr [ebx + 0x2b98], edx at 0x00434039"
SelectPartWin,0x2BFC,4,0,"?exec@SelectPartWin@@QAEHHHHHHHHHHHPAE@Z: mov dword ptr [ebx + 0x2bfc], eax at 0x00434159"
SelectPartWin,0x2C00,4,0,"?exec@SelectPartWin@@QAEHHHHHHHHHHHPAE@Z: mov dword ptr [esi + 4], ecx at 0x00434165"
SelectPartWin,0x2C04,4,0,"?exec@SelectPartWin@@QAEHHHHHHHHHHHPAE@Z: mov dword ptr [esi + 8], edx at 0x00434168"
SelectPartWin,0x2C08,4,0,"?exec@SelectPartWin@@QAEHHHHHHHHHHHPAE@Z: mov dword ptr [esi], eax at 0x0043413E"
SelectPartWin,0x2C0C,4,0,"?exec@SelectPartWin@@QAEHHHHHHHHHHHPAE@Z: mov dword ptr [esi + 4], ecx at 0x0043414D"
SelectPartWin,0x2C10,4,0,"?exec@SelectPartWin@@QAEHHHHHHHHHHHPAE@Z: mov dword ptr [esi + 8], edx at 0x00434150"
SelectPartWin,0x2C40,1,0,"?exec@SelectPartWin@@QAEHHHHHHHHHHHPAE@Z: mov byte ptr [ebx + 0x2c40], 0 at 0x0043405B"
SelectPartWin,0x4644,4,0,"?exec@SelectPartWin@@QAEHHHHHHHHHHHPAE@Z: mov dword ptr [ebx + 0x4644], 0x6feb7c at 0x0043403F"
SelectPartWin,0x4648,4,0,"??0SelectPartWin@@QAE@XZ: mov dword ptr [esi + 0x4648], edi at 0x00432936"
ServiceStruct,0x0,4,0,"??0ServiceStruct@@QAE@H@Z: mov dword ptr [eax], 0x6693d4 at 0x00401692"
ServiceStruct,0x4,4,0,"??0ServiceStruct@@QAE@H@Z: mov dword ptr [eax + 4], 0x6693dc at 0x00401672"
ServiceStruct,0x8,4,0,"??0ServiceStruct@@QAE@H@Z: mov dword ptr [eax + 8], ecx at 0x004016A3"
ServiceStruct,0xC,4,0,"??0ServiceStruct@@QAE@H@Z: mov dword ptr [eax + 0xc], ecx at 0x004016A6"
ServiceStruct,0x10,4,0,"??0ServiceStruct@@QAE@H@Z: mov dword ptr [eax + 0x10], ecx at 0x004016A9"
ServiceStruct,0x14,4,0,"??0ServiceStruct@@QAE@H@Z: mov dword ptr [eax + 0x14], ecx at 0x004016AC"
ServiceStruct,0x18,4,0,"??0ServiceStruct@@QAE@H@Z: mov dword ptr [eax + 0x18], ecx at 0x004016AF"
ServiceStruct,0x1C,4,0,"??0ServiceStruct@@QAE@H@Z: mov dword ptr [eax + 0x1c], 0x6693ac at 0x00401679"
ServiceStruct,0x20,4,0,"??0ServiceStruct@@QAE@H@Z: mov dword ptr [eax + 0x20], edx at 0x00401686"
SetupWin,0x0,4,0,"??0SetupWin@@QAE@XZ: mov dword ptr [esi], 0x66d8e8 at 0x004AD957"
SetupWin,0xA0,4,0,"?do_menu_rightside@SetupWin@@QAEHPADH@Z: mov dword ptr [esi + 0xa0], 0x6f117c at 0x004ADE63"
SetupWin,0x444,4,0,"??0SetupWin@@QAE@XZ: mov dword ptr [esi + 0x444], 0x66d8e0 at 0x004AD95D"
SetupWin,0xA14,4,0,"??0SetupWin@@QAE@XZ: mov dword ptr [esi + 0xa14], eax at 0x004AD99D"
SetupWin,0xA18,4,0,"??0SetupWin@@QAE@XZ: mov dword ptr [esi + 0xa18], ecx at 0x004AD9A9"
SetupWin,0xA1C,4,0,"??0SetupWin@@QAE@XZ: mov dword ptr [esi + 0xa1c], edi at 0x004AD967"
SetupWin,0xA20,4,0,"??0SetupWin@@QAE@XZ: mov dword ptr [esi + 0xa20], edi at 0x004AD96D"
SetupWin,0xA24,4,0,"??0SetupWin@@QAE@XZ: mov dword ptr [esi + 0xa24], edi at 0x004AD973"
SetupWin,0xA40,4,0,"??0SetupWin@@QAE@XZ: mov dword ptr [esi + 0xa40], edx at 0x004AD98B"
SetupWin,0xFCC,4,0,"??0SetupWin@@QAE@XZ: mov dword ptr [esi + 0xfcc], edi at 0x004AD97F"
SetupWin,0xFD0,4,0,"??0SetupWin@@QAE@XZ: mov dword ptr [esi + 0xfd0], edi at 0x004AD979"
SetupWin,0xFE0,4,0,"??0SetupWin@@QAE@XZ: mov dword ptr [esi + 0xfe0], 0x6693a4 at 0x004AD8F4"
SetupWin,0xFE4,4,0,"??0SetupWin@@QAE@XZ: mov dword ptr [esi + 0xfe4], 0x66b0ec at 0x004AD8C9"
SetupWin,0xFE8,4,0,"??0SetupWin@@QAE@XZ: mov dword ptr [esi + 0xfe8], edi at 0x004AD912"
SetupWin,0xFEC,4,0,"??0SetupWin@@QAE@XZ: mov dword ptr [esi + 0xfec], edi at 0x004AD918"
SetupWin,0xFF0,4,0,"??0SetupWin@@QAE@XZ: mov dword ptr [esi + 0xff0], edi at 0x004AD91E"
SetupWin,0xFF4,4,0,"??0SetupWin@@QAE@XZ: mov dword ptr [esi + 0xff4], edi at 0x004AD924"
SetupWin,0xFF8,4,0,"??0SetupWin@@QAE@XZ: mov dword ptr [esi + 0xff8], edi at 0x004AD92A"
SetupWin,0xFFC,4,0,"?do_menu_rightside@SetupWin@@QAEHPADH@Z: mov dword ptr [edi + 0x1c], eax at 0x004ADD9C"
SetupWin,0x1000,4,0,"?do_menu_rightside@SetupWin@@QAEHPADH@Z: mov dword ptr [edi + 0x20], ebx at 0x004ADD9F"
SetupWin,0x1004,4,0,"?do_menu_rightside@SetupWin@@QAEHPADH@Z: mov dword ptr [edi + 0x24], ebx at 0x004ADDA2"
SetupWin,0x1008,4,0,"??0SetupWin@@QAE@XZ: mov dword ptr [esi + 0x1008], 0x6693ac at 0x004AD8D3"
SetupWin,0x100C,4,0,"??0SetupWin@@QAE@XZ: mov dword ptr [esi + 0x100c], eax at 0x004AD8E2"
SetupWin,0x1010,4,0,"?do_menu_rightside@SetupWin@@QAEHPADH@Z: mov dword ptr [esi + 0x1010], ecx at 0x004ADCD3"
SetupWin,0x1014,4,0,"??0SetupWin@@QAE@XZ: mov dword ptr [esi + 0x1014], edi at 0x004AD991"
SetupWin,0x1198,4,0,"?do_menu_rightside@SetupWin@@QAEHPADH@Z: mov edi, dword ptr [esi + 0x1198] at 0x004ADE25"
SetupWin,0x119C,4,0,"?do_menu_rightside@SetupWin@@QAEHPADH@Z: mov ecx, dword ptr [esi + 0x119c] at 0x004ADDF9"
SocialWin,0x0,4,0,"??0SocialWin@@QAE@XZ: mov dword ptr [esi], 0x66daa4 at 0x004AEBB5"
SocialWin,0x2E0,4,0,"?on_iface_button_clicked@SocialWin@@QAEXH@Z: mov ecx, dword ptr [esi + 0x2e0] at 0x004B24E4"
SocialWin,0x34C,4,0,"?on_iface_button_clicked@SocialWin@@QAEXH@Z: mov dword ptr [esi + 0x34c], eax at 0x004B2605"
SocialWin,0x350,4,0,"?on_iface_button_clicked@SocialWin@@QAEXH@Z: mov dword ptr [esi + 0x350], edx at 0x004B25FA"
SocialWin,0x358,4,0,"?on_status@SocialWin@@QAEXH@Z: mov eax, dword ptr [esi] at 0x004B2169"
SocialWin,0x444,4,0,"??0SocialWin@@QAE@XZ: mov dword ptr [esi + 0x444], 0x66da9c at 0x004AEBBB"
SocialWin,0xA14,4,0,"??0SocialWin@@QAE@XZ: mov dword ptr [esi + 0xa14], 0x66a6e4 at 0x004AEA11"
SocialWin,0xA18,4,0,"?init@SocialWin@@QAEXH@Z: mov dword ptr [eax + 4], 2 at 0x004B27E3"
SocialWin,0xA1C,4,0,"?UNK1@SocialWin@@QAEXHH@Z: mov dword ptr [esi + 0xa1c], 0xffffffff at 0x004AEBFE"
SocialWin,0xA2C,4,0,"?draw_mouseover@SocialWin@@QAEXXZ: mov ecx, dword ptr [edi + 0xa2c] at 0x004B1119"
SocialWin,0xA30,4,0,"?draw_overview@SocialWin@@QAEXXZ: mov eax, dword ptr [ebx + 0xa30] at 0x004B041E"
SocialWin,0xCF4,4,0,"??0SocialWin@@QAE@XZ: mov dword ptr [esi + 0xcf4], 0xffffffff at 0x004AEBCF"
SocialWin,0xCF8,4,0,"?reset@SocialWin@@QAEXXZ: mov dword ptr [ebx], eax at 0x004AED4B"
SocialWin,0xD08,4,0,"?UNK1@SocialWin@@QAEXHH@Z: mov edx, dword ptr [eax - 0x2c] at 0x004AEC21"
SocialWin,0xD0C,4,0,"?draw_info@SocialWin@@QAEXXZ: mov eax, dword ptr [esi + 0xd0c] at 0x004AFF39"
SocialWin,0xD34,4,0,"?UNK1@SocialWin@@QAEXHH@Z: mov dword ptr [eax], edx at 0x004AEC24"
SocialWin,0xD60,4,0,"?UNK1@SocialWin@@QAEXHH@Z: mov dword ptr [esi + 0xd60], ecx at 0x004AEC94"
SocialWin,0xD64,4,0,"?UNK1@SocialWin@@QAEXHH@Z: mov dword ptr [esi + 0xd64], eax at 0x004AEC88"
SocialWin,0xD6C,4,0,"?init@SocialWin@@QAEXH@Z: mov edx, dword ptr [edi] at 0x004B38B2"
SocialWin,0x1790,4,0,"?init@SocialWin@@QAEXH@Z: mov dword ptr [edi + 0xa24], ebx at 0x004B3823"
SocialWin,0x1794,4,0,"?init@SocialWin@@QAEXH@Z: mov dword ptr [edi + 0xa28], eax at 0x004B3829"
SocialWin,0x21BC,4,0,"?init@SocialWin@@QAEXH@Z: mov dword ptr [ecx + 0xa24], ebx at 0x004B385C"
SocialWin,0x21C0,4,0,"?init@SocialWin@@QAEXH@Z: mov dword ptr [ecx + 0xa28], eax at 0x004B3862"
SocialWin,0x2230,4,0,"?on_iface_button_clicked@SocialWin@@QAEXH@Z: mov dword ptr [eax], edx at 0x004B2543"
SocialWin,0x223C,4,0,"?on_iface_button_clicked@SocialWin@@QAEXH@Z: mov edx, dword ptr [eax + 0xc] at 0x004B2540"
SocialWin,0x2240,4,0,"?on_iface_button_clicked@SocialWin@@QAEXH@Z: mov eax, dword ptr [esi + 0x2240] at 0x004B2561"
SocialWin,0x2244,4,0,"?on_iface_button_clicked@SocialWin@@QAEXH@Z: mov eax, dword ptr [esi + 0x2244] at 0x004B2584"
SocialWin,0x2248,4,0,"?on_iface_button_clicked@SocialWin@@QAEXH@Z: mov dword ptr [esi + 0x2248], 1 at 0x004B24FE"
SocialWin,0x2BE8,4,0,"?init@SocialWin@@QAEXH@Z: mov dword ptr [ecx + 0xa24], ebx at 0x004B388E"
SocialWin,0x2BEC,4,0,"?init@SocialWin@@QAEXH@Z: mov dword ptr [ecx + 0xa28], eax at 0x004B3894"
SocialWin,0x2C24,4,0,"?maximize_effect@SocialWin@@QAEXH@Z: mov dword ptr [ecx + 0x2c24], eax at 0x004AF11E"
SocialWin,0x2C28,4,0,"?reset@SocialWin@@QAEXXZ: mov dword ptr [esi + 0x2c28], 1 at 0x004AED12"
SocialWin,0x2C38,4,0,"?reset@SocialWin@@QAEXXZ: mov ebx, dword ptr [eax - 0x18] at 0x004AEE1D"
SocialWin,0x2C3C,4,0,"?reset@SocialWin@@QAEXXZ: mov ecx, dword ptr [esi + 0x2c3c] at 0x004AEDBF"
SocialWin,0x2C40,4,0,"?reset@SocialWin@@QAEXXZ: mov ebx, dword ptr [esi + 0x2c40] at 0x004AEDD6"
SocialWin,0x2C44,4,0,"?init@SocialWin@@QAEXH@Z: mov dword ptr [esi + 0x2c44], eax at 0x004B3354"
SocialWin,0x2C48,4,0,"?init@SocialWin@@QAEXH@Z: mov dword ptr [esi + 0x2c48], eax at 0x004B336C"
SocialWin,0x2C4C,4,0,"?init@SocialWin@@QAEXH@Z: mov dword ptr [esi + 0x2c4c], ecx at 0x004B3384"
SocialWin,0x2C50,4,0,"?reset@SocialWin@@QAEXXZ: mov dword ptr [eax], ebx at 0x004AEE20"
SocialWin,0x2C54,4,0,"?allocate_energy@SocialWin@@QAEXHH@Z: mov ecx, dword ptr [esi + 0x2c54] at 0x004B2024"
SocialWin,0x2C58,4,0,"?allocate_energy@SocialWin@@QAEXHH@Z: mov edx, dword ptr [esi + 0x2c58] at 0x004B2018"
SocialWin,0x2C70,4,0,"?draw_social@SocialWin@@QAEXH@Z: mov edx, dword ptr [edi + 0x2c70] at 0x004AF633"
SocialWin,0x2E1C,4,0,"?init@SocialWin@@QAEXH@Z: mov eax, dword ptr [esi + 0x2e1c] at 0x004B3074"
SocialWin,0x2E30,4,0,"?draw_social@SocialWin@@QAEXH@Z: mov ecx, dword ptr [edi + 0x2e30] at 0x004AF622"
SocialWin,0x2E34,4,0,"?draw_faction_basal@SocialWin@@QAEXXZ: mov ecx, dword ptr [esi + 0x2e34] at 0x004AFA85"
SocialWin,0x3DA8,4,0,"?draw_economy_alloc@SocialWin@@QAEXXZ: mov edx, dword ptr [edi + 0x3da8] at 0x004B0A40"
SocialWin,0x3DAC,4,0,"?draw_economy_alloc@SocialWin@@QAEXXZ: mov ecx, dword ptr [edi + 0x3dac] at 0x004B0A3A"
SocialWin,0x560C,4,0,"?on_status@SocialWin@@QAEXH@Z: mov edx, dword ptr [esi] at 0x004B214C"
SocialWin,0x6020,4,0,"?close@SocialWin@@QAEXXZ: mov eax, dword ptr [esi] at 0x004B26E0"
SocialWin,0x114E0,4,0,"?init@SocialWin@@QAEXH@Z: mov eax, dword ptr [edi] at 0x004B36A7"
SocialWin,0x19124,4,0,"?init@SocialWin@@QAEXH@Z: mov eax, dword ptr [edi] at 0x004B373D"
SocialWin,0x19C70,4,0,"?init@SocialWin@@QAEXH@Z: mov eax, dword ptr [edi] at 0x004B37EC"
SocialWin,0x1A7BC,4,0,"?init@SocialWin@@QAEXH@Z: mov eax, dword ptr [edi] at 0x004B38FA"
SocialWin,0x1B290,4,0,"?init@SocialWin@@QAEXH@Z: mov dword ptr [edi + 0xad4], ebx at 0x004B3919"
SocialWin,0x1B294,4,0,"?init@SocialWin@@QAEXH@Z: mov dword ptr [edi + 0xad8], eax at 0x004B390D"
SocialWin,0x1B298,4,0,"?init@SocialWin@@QAEXH@Z: mov dword ptr [edi + 0xadc], eax at 0x004B391F"
SocialWin,0x1B308,4,0,"?init@SocialWin@@QAEXH@Z: mov eax, dword ptr [edi] at 0x004B397C"
SocialWin,0x1BDDC,4,0,"?init@SocialWin@@QAEXH@Z: mov dword ptr [edi + 0xad4], eax at 0x004B3989"
SocialWin,0x1BDE0,4,0,"?init@SocialWin@@QAEXH@Z: mov dword ptr [edi + 0xad8], eax at 0x004B3995"
SocialWin,0x1BDE4,4,0,"?init@SocialWin@@QAEXH@Z: mov dword ptr [edi + 0xadc], eax at 0x004B39A1"
SocialWin,0x1BE54,4,0,"?init@SocialWin@@QAEXH@Z: mov eax, dword ptr [edi] at 0x004B39FE"
SocialWin,0x1C928,4,0,"?init@SocialWin@@QAEXH@Z: mov dword ptr [edi + 0xad4], ebx at 0x004B3A0B"
SocialWin,0x1C92C,4,0,"?init@SocialWin@@QAEXH@Z: mov dword ptr [edi + 0xad8], eax at 0x004B3A11"
SocialWin,0x1C930,4,0,"?init@SocialWin@@QAEXH@Z: mov dword ptr [edi + 0xadc], eax at 0x004B3A1D"
SocialWin,0x1C9A0,4,0,"?init@SocialWin@@QAEXH@Z: mov eax, dword ptr [edi] at 0x004B3A7A"
SocialWin,0x1D474,4,0,"?init@SocialWin@@QAEXH@Z: mov dword ptr [edi + 0xad4], eax at 0x004B3A87"
SocialWin,0x1D478,4,0,"?init@SocialWin@@QAEXH@Z: mov dword ptr [edi + 0xad8], eax at 0x004B3A93"
SocialWin,0x1D47C,4,0,"?init@SocialWin@@QAEXH@Z: mov dword ptr [edi + 0xadc], eax at 0x004B3A9F"
SocialWin,0x1D4EC,4,0,"?init@SocialWin@@QAEXH@Z: mov eax, dword ptr [edi] at 0x004B3AFC"
SocialWin,0x1DFC0,4,0,"?init@SocialWin@@QAEXH@Z: mov dword ptr [edi + 0xad4], ebx at 0x004B3B09"
SocialWin,0x1DFC4,4,0,"?init@SocialWin@@QAEXH@Z: mov dword ptr [edi + 0xad8], eax at 0x004B3B0F"
SocialWin,0x1DFC8,4,0,"?init@SocialWin@@QAEXH@Z: mov dword ptr [edi + 0xadc], eax at 0x004B3B1B"
SocialWin,0x1E038,4,0,"?init@SocialWin@@QAEXH@Z: mov eax, dword ptr [edi] at 0x004B3B78"
SocialWin,0x1EB0C,4,0,"?init@SocialWin@@QAEXH@Z: mov dword ptr [edi + 0xad4], eax at 0x004B3B85"
SocialWin,0x1EB10,4,0,"?init@SocialWin@@QAEXH@Z: mov dword ptr [edi + 0xad8], eax at 0x004B3B91"
SocialWin,0x1EB14,4,0,"?init@SocialWin@@QAEXH@Z: mov dword ptr [edi + 0xadc], eax at 0x004B3B9D"
SocialWin,0x1EF08,4,0,"?draw_info@SocialWin@@QAEXXZ: mov ecx, dword ptr [edi] at 0x004AFCFE"
SocialWin,0x1EF14,4,0,"?draw_info@SocialWin@@QAEXXZ: mov eax, dword ptr [edi + 0xc] at 0x004AFD13"
SocialWin,0x1EF18,4,0,"?draw_info@SocialWin@@QAEXXZ: mov eax, dword ptr [edi + 0x10] at 0x004AFD06"
SocialWin,0x1EF30,4,0,"?init@SocialWin@@QAEXH@Z: mov dword ptr [edi], 3 at 0x004B3025"
SocialWin,0x1EF58,4,0,"?init@SocialWin@@QAEXH@Z: mov dword ptr [edi], 3 at 0x004B3043"
SocialWin,0x1EFD0,4,0,"?init@SocialWin@@QAEXH@Z: mov dword ptr [esi + 0x1efd0], ecx at 0x004B2F15"
SocialWin,0x1EFD4,4,0,"?init@SocialWin@@QAEXH@Z: mov dword ptr [ebx + 4], ecx at 0x004B2F1E"
SocialWin,0x1EFD8,4,0,"?init@SocialWin@@QAEXH@Z: mov dword ptr [ebx + 8], ecx at 0x004B2F24"
SocialWin,0x1EFDC,4,0,"?init@SocialWin@@QAEXH@Z: mov dword ptr [ebx + 0xc], edx at 0x004B2F2C"
SocialWin,0x1EFE0,4,0,"?init@SocialWin@@QAEXH@Z: mov dword ptr [esi + 0x1efe0], ecx at 0x004B2F50"
SocialWin,0x1EFE4,4,0,"?init@SocialWin@@QAEXH@Z: mov dword ptr [edx + 4], ecx at 0x004B2F59"
SocialWin,0x1EFE8,4,0,"?init@SocialWin@@QAEXH@Z: mov dword ptr [edx + 8], ebx at 0x004B2F5C"
SocialWin,0x1EFEC,4,0,"?init@SocialWin@@QAEXH@Z: mov dword ptr [edx + 0xc], eax at 0x004B2F5F"
SocialWin,0x1EFF0,4,0,"?init@SocialWin@@QAEXH@Z: mov dword ptr [ecx], eax at 0x004B2F7C"
SocialWin,0x1EFF4,4,0,"?init@SocialWin@@QAEXH@Z: mov dword ptr [ecx + 4], ebx at 0x004B2F87"
SocialWin,0x1EFF8,4,0,"?init@SocialWin@@QAEXH@Z: mov dword ptr [ecx + 8], edx at 0x004B2F93"
SocialWin,0x1EFFC,4,0,"?init@SocialWin@@QAEXH@Z: mov dword ptr [ecx + 0xc], edi at 0x004B2F9D"
SocialWin,0x1F000,4,0,"?init@SocialWin@@QAEXH@Z: mov dword ptr [esi + 0x1f000], eax at 0x004B2D53"
SocialWin,0x1F004,4,0,"?init@SocialWin@@QAEXH@Z: mov dword ptr [ebx + 4], ecx at 0x004B2D5C"
SocialWin,0x1F008,4,0,"?init@SocialWin@@QAEXH@Z: mov dword ptr [ebx + 8], eax at 0x004B2D62"
SocialWin,0x1F00C,4,0,"?init@SocialWin@@QAEXH@Z: mov dword ptr [ebx + 0xc], ecx at 0x004B2D65"
SocialWin,0x1F010,4,0,"?init@SocialWin@@QAEXH@Z: mov dword ptr [ebx], ecx at 0x004B2D93"
SocialWin,0x1F014,4,0,"?init@SocialWin@@QAEXH@Z: mov dword ptr [ebx + 4], eax at 0x004B2D98"
SocialWin,0x1F018,4,0,"?init@SocialWin@@QAEXH@Z: mov dword ptr [ebx + 8], ecx at 0x004B2D9E"
SocialWin,0x1F01C,4,0,"?init@SocialWin@@QAEXH@Z: mov dword ptr [ebx + 0xc], eax at 0x004B2DA1"
SocialWin,0x1F020,4,0,"?init@SocialWin@@QAEXH@Z: mov dword ptr [esi + 0x1f020], ecx at 0x004B2E88"
SocialWin,0x1F024,4,0,"?init@SocialWin@@QAEXH@Z: mov dword ptr [ebx + 4], ecx at 0x004B2E91"
SocialWin,0x1F028,4,0,"?init@SocialWin@@QAEXH@Z: mov dword ptr [ebx + 8], ecx at 0x004B2E97"
SocialWin,0x1F02C,4,0,"?init@SocialWin@@QAEXH@Z: mov dword ptr [ebx + 0xc], ecx at 0x004B2E9D"
SocialWin,0x1F030,4,0,"?init@SocialWin@@QAEXH@Z: mov dword ptr [esi + 0x1f030], ecx at 0x004B2ED4"
SocialWin,0x1F034,4,0,"?init@SocialWin@@QAEXH@Z: mov dword ptr [ebx + 4], ecx at 0x004B2EDD"
SocialWin,0x1F038,4,0,"?init@SocialWin@@QAEXH@Z: mov dword ptr [ebx + 8], ecx at 0x004B2EE3"
SocialWin,0x1F03C,4,0,"?init@SocialWin@@QAEXH@Z: mov dword ptr [ebx + 0xc], ecx at 0x004B2EE9"
SocialWin,0x1F040,4,0,"?init@SocialWin@@QAEXH@Z: mov dword ptr [esi + 0x1f040], ecx at 0x004B2DE7"
SocialWin,0x1F044,4,0,"?init@SocialWin@@QAEXH@Z: mov dword ptr [ebx + 4], ecx at 0x004B2DF0"
SocialWin,0x1F048,4,0,"?init@SocialWin@@QAEXH@Z: mov dword ptr [ebx + 8], ecx at 0x004B2DF6"
SocialWin,0x1F04C,4,0,"?init@SocialWin@@QAEXH@Z: mov dword ptr [ebx + 0xc], ecx at 0x004B2DFC"
SocialWin,0x1F050,4,0,"?init@SocialWin@@QAEXH@Z: mov dword ptr [esi + 0x1f050], ecx at 0x004B2E33"
SocialWin,0x1F054,4,0,"?init@SocialWin@@QAEXH@Z: mov dword ptr [ebx + 4], ecx at 0x004B2E3C"
SocialWin,0x1F058,4,0,"?init@SocialWin@@QAEXH@Z: mov dword ptr [ebx + 8], ecx at 0x004B2E42"
SocialWin,0x1F05C,4,0,"?init@SocialWin@@QAEXH@Z: mov dword ptr [ebx + 0xc], ecx at 0x004B2E48"
SocialWin,0x1F060,4,0,"?draw_presets@SocialWin@@QAEXXZ: mov ecx, dword ptr [eax] at 0x004AF1F9"
SocialWin,0x1F064,4,0,"?draw_presets@SocialWin@@QAEXXZ: mov edx, dword ptr [eax + 4] at 0x004AF1FE"
SocialWin,0x1F068,4,0,"?draw_presets@SocialWin@@QAEXXZ: mov ecx, dword ptr [eax + 8] at 0x004AF204"
SocialWin,0x1F06C,4,0,"?draw_presets@SocialWin@@QAEXXZ: mov edx, dword ptr [eax + 0xc] at 0x004AF20C"
SocialWin,0x1F070,4,0,"?init@SocialWin@@QAEXH@Z: mov dword ptr [eax - 8], 0x274 at 0x004B28A4"
SocialWin,0x1F074,4,0,"?init@SocialWin@@QAEXH@Z: mov dword ptr [eax - 4], ecx at 0x004B28AB"
SocialWin,0x1F078,4,0,"?init@SocialWin@@QAEXH@Z: mov dword ptr [eax], 0x303 at 0x004B28AE"
SocialWin,0x1F07C,4,0,"?init@SocialWin@@QAEXH@Z: mov dword ptr [eax + 4], ebx at 0x004B28B4"
SocialWin,0x1F110,4,0,"?init@SocialWin@@QAEXH@Z: mov dword ptr [esi + 0x1f110], eax at 0x004B292E"
SocialWin,0x1F114,4,0,"?init@SocialWin@@QAEXH@Z: mov dword ptr [esi + 0x1f114], 4 at 0x004B2934"
SocialWin,0x1F118,4,0,"?init@SocialWin@@QAEXH@Z: mov dword ptr [esi + 0x1f118], ecx at 0x004B293E"
SocialWin,0x1F11C,4,0,"?init@SocialWin@@QAEXH@Z: mov dword ptr [esi + 0x1f11c], 0x4a at 0x004B2944"
SocialWin,0x1F120,4,0,"?init@SocialWin@@QAEXH@Z: mov dword ptr [esi + 0x1f120], eax at 0x004B294E"
SocialWin,0x1F124,4,0,"?init@SocialWin@@QAEXH@Z: mov dword ptr [esi + 0x1f124], 0x4d at 0x004B2954"
SocialWin,0x1F128,4,0,"?init@SocialWin@@QAEXH@Z: mov dword ptr [esi + 0x1f128], ecx at 0x004B295E"
SocialWin,0x1F12C,4,0,"?init@SocialWin@@QAEXH@Z: mov dword ptr [esi + 0x1f12c], 0x93 at 0x004B2964"
SocialWin,0x1F130,4,0,"?init@SocialWin@@QAEXH@Z: mov dword ptr [esi + 0x1f130], eax at 0x004B296E"
SocialWin,0x1F134,4,0,"?init@SocialWin@@QAEXH@Z: mov dword ptr [esi + 0x1f134], 0x96 at 0x004B2974"
SocialWin,0x1F138,4,0,"?init@SocialWin@@QAEXH@Z: mov dword ptr [esi + 0x1f138], ecx at 0x004B297E"
SocialWin,0x1F13C,4,0,"?init@SocialWin@@QAEXH@Z: mov dword ptr [esi + 0x1f13c], 0xdc at 0x004B2984"
SocialWin,0x1F140,4,0,"?init@SocialWin@@QAEXH@Z: mov dword ptr [esi + 0x1f140], eax at 0x004B298E"
SocialWin,0x1F144,4,0,"?init@SocialWin@@QAEXH@Z: mov dword ptr [esi + 0x1f144], 0xdf at 0x004B29A4"
SocialWin,0x1F148,4,0,"?init@SocialWin@@QAEXH@Z: mov dword ptr [esi + 0x1f148], ecx at 0x004B2994"
SocialWin,0x1F14C,4,0,"?init@SocialWin@@QAEXH@Z: mov dword ptr [esi + 0x1f14c], 0x125 at 0x004B29AE"
SocialWin,0x1F150,4,0,"?init@SocialWin@@QAEXH@Z: mov dword ptr [esi + 0x1f150], edx at 0x004B29B8"
SocialWin,0x1F154,4,0,"?init@SocialWin@@QAEXH@Z: mov dword ptr [esi + 0x1f154], edx at 0x004B29BE"
SocialWin,0x1F158,4,0,"?init@SocialWin@@QAEXH@Z: mov dword ptr [esi + 0x1f158], eax at 0x004B29C4"
SocialWin,0x1F15C,4,0,"?init@SocialWin@@QAEXH@Z: mov dword ptr [esi + 0x1f15c], ecx at 0x004B29CA"
SocialWin,0x1F160,4,0,"?init@SocialWin@@QAEXH@Z: mov dword ptr [esi + 0x1f160], 0xb1 at 0x004B29D0"
SocialWin,0x1F164,4,0,"?init@SocialWin@@QAEXH@Z: mov dword ptr [esi + 0x1f164], edx at 0x004B29DA"
SocialWin,0x1F168,4,0,"?init@SocialWin@@QAEXH@Z: mov dword ptr [esi + 0x1f168], 0x143 at 0x004B29E0"
SocialWin,0x1F16C,4,0,"?init@SocialWin@@QAEXH@Z: mov dword ptr [esi + 0x1f16c], ecx at 0x004B29EA"
SocialWin,0x1F170,4,0,"?init@SocialWin@@QAEXH@Z: mov dword ptr [esi + 0x1f170], 0x145 at 0x004B29F0"
SocialWin,0x1F174,4,0,"?init@SocialWin@@QAEXH@Z: mov dword ptr [esi + 0x1f174], edx at 0x004B29FA"
SocialWin,0x1F178,4,0,"?init@SocialWin@@QAEXH@Z: mov dword ptr [esi + 0x1f178], 0x1d7 at 0x004B2A00"
SocialWin,0x1F17C,4,0,"?init@SocialWin@@QAEXH@Z: mov dword ptr [esi + 0x1f17c], ecx at 0x004B2A0A"
SocialWin,0x1F180,4,0,"?init@SocialWin@@QAEXH@Z: mov dword ptr [esi + 0x1f180], 0x1d9 at 0x004B2A20"
SocialWin,0x1F184,4,0,"?init@SocialWin@@QAEXH@Z: mov dword ptr [esi + 0x1f184], edx at 0x004B2A2A"
SocialWin,0x1F188,4,0,"?init@SocialWin@@QAEXH@Z: mov dword ptr [esi + 0x1f188], ebx at 0x004B2A30"
SocialWin,0x1F18C,4,0,"?init@SocialWin@@QAEXH@Z: mov dword ptr [esi + 0x1f18c], ecx at 0x004B2A10"
SocialWin,0x1F190,4,0,"?init@SocialWin@@QAEXH@Z: mov dword ptr [esi + 0x1f190], edx at 0x004B2A36"
SocialWin,0x1F194,4,0,"?init@SocialWin@@QAEXH@Z: mov dword ptr [esi + 0x1f194], edi at 0x004B2A3C"
SocialWin,0x1F198,4,0,"?init@SocialWin@@QAEXH@Z: mov dword ptr [esi + 0x1f198], eax at 0x004B2A42"
SocialWin,0x1F19C,4,0,"?init@SocialWin@@QAEXH@Z: mov dword ptr [esi + 0x1f19c], ecx at 0x004B2A48"
SocialWin,0x1F1A0,4,0,"?init@SocialWin@@QAEXH@Z: mov dword ptr [esi + 0x1f1a0], 0xb1 at 0x004B2A4E"
SocialWin,0x1F1A4,4,0,"?init@SocialWin@@QAEXH@Z: mov dword ptr [esi + 0x1f1a4], edi at 0x004B2A58"
SocialWin,0x1F1A8,4,0,"?init@SocialWin@@QAEXH@Z: mov dword ptr [esi + 0x1f1a8], 0x143 at 0x004B2A5E"
SocialWin,0x1F1AC,4,0,"?init@SocialWin@@QAEXH@Z: mov dword ptr [esi + 0x1f1ac], ecx at 0x004B2A68"
SocialWin,0x1F1B0,4,0,"?init@SocialWin@@QAEXH@Z: mov dword ptr [esi + 0x1f1b0], 0x145 at 0x004B2A6E"
SocialWin,0x1F1B4,4,0,"?init@SocialWin@@QAEXH@Z: mov dword ptr [esi + 0x1f1b4], edi at 0x004B2A78"
SocialWin,0x1F1B8,4,0,"?init@SocialWin@@QAEXH@Z: mov dword ptr [esi + 0x1f1b8], 0x1d7 at 0x004B2A7E"
SocialWin,0x1F1BC,4,0,"?init@SocialWin@@QAEXH@Z: mov dword ptr [esi + 0x1f1bc], ecx at 0x004B2A88"
SocialWin,0x1F1C0,4,0,"?init@SocialWin@@QAEXH@Z: mov dword ptr [esi + 0x1f1c0], 0x1d9 at 0x004B2A8E"
SocialWin,0x1F1C4,4,0,"?init@SocialWin@@QAEXH@Z: mov dword ptr [esi + 0x1f1c4], edi at 0x004B2A98"
SocialWin,0x1F1C8,4,0,"?init@SocialWin@@QAEXH@Z: mov dword ptr [esi + 0x1f1c8], ebx at 0x004B2A9E"
SocialWin,0x1F1CC,4,0,"?init@SocialWin@@QAEXH@Z: mov dword ptr [esi + 0x1f1cc], ecx at 0x004B2AA4"
SocialWin,0x1F1D0,4,0,"?init@SocialWin@@QAEXH@Z: mov dword ptr [esi + 0x1f1d0], edx at 0x004B2AB4"
SocialWin,0x1F1D4,4,0,"?init@SocialWin@@QAEXH@Z: mov dword ptr [esi + 0x1f1d4], eax at 0x004B2ABA"
SocialWin,0x1F1D8,4,0,"?init@SocialWin@@QAEXH@Z: mov dword ptr [esi + 0x1f1d8], eax at 0x004B2AC0"
SocialWin,0x1F1DC,4,0,"?init@SocialWin@@QAEXH@Z: mov dword ptr [esi + 0x1f1dc], ecx at 0x004B2AC6"
SocialWin,0x1F1E0,4,0,"?init@SocialWin@@QAEXH@Z: mov dword ptr [esi + 0x1f1e0], 0xb1 at 0x004B2ACC"
SocialWin,0x1F1E4,4,0,"?init@SocialWin@@QAEXH@Z: mov dword ptr [esi + 0x1f1e4], eax at 0x004B2AD6"
SocialWin,0x1F1E8,4,0,"?init@SocialWin@@QAEXH@Z: mov dword ptr [esi + 0x1f1e8], edi at 0x004B2ADC"
SocialWin,0x1F1EC,4,0,"?init@SocialWin@@QAEXH@Z: mov dword ptr [esi + 0x1f1ec], ecx at 0x004B2AE2"
SocialWin,0x1F1F0,4,0,"?init@SocialWin@@QAEXH@Z: mov dword ptr [esi + 0x1f1f0], 0x145 at 0x004B2AE8"
SocialWin,0x1F1F4,4,0,"?init@SocialWin@@QAEXH@Z: mov dword ptr [esi + 0x1f1f4], eax at 0x004B2AF2"
SocialWin,0x1F1F8,4,0,"?init@SocialWin@@QAEXH@Z: mov dword ptr [esi + 0x1f1f8], 0x1d7 at 0x004B2AF8"
SocialWin,0x1F1FC,4,0,"?init@SocialWin@@QAEXH@Z: mov dword ptr [esi + 0x1f1fc], ecx at 0x004B2B02"
SocialWin,0x1F200,4,0,"?init@SocialWin@@QAEXH@Z: mov dword ptr [esi + 0x1f200], 0x1d9 at 0x004B2B1A"
SocialWin,0x1F204,4,0,"?init@SocialWin@@QAEXH@Z: mov dword ptr [esi + 0x1f204], eax at 0x004B2B08"
SocialWin,0x1F208,4,0,"?init@SocialWin@@QAEXH@Z: mov dword ptr [esi + 0x1f208], ebx at 0x004B2B0E"
SocialWin,0x1F20C,4,0,"?init@SocialWin@@QAEXH@Z: mov dword ptr [esi + 0x1f20c], ecx at 0x004B2B14"
SocialWin,0x1F210,4,0,"?init@SocialWin@@QAEXH@Z: mov dword ptr [esi + 0x1f210], edx at 0x004B2B34"
SocialWin,0x1F214,4,0,"?init@SocialWin@@QAEXH@Z: mov dword ptr [esi + 0x1f214], ecx at 0x004B2B40"
SocialWin,0x1F218,4,0,"?init@SocialWin@@QAEXH@Z: mov dword ptr [esi + 0x1f218], eax at 0x004B2B24"
SocialWin,0x1F21C,4,0,"?init@SocialWin@@QAEXH@Z: mov dword ptr [esi + 0x1f21c], eax at 0x004B2B3A"
SocialWin,0x1F220,4,0,"?init@SocialWin@@QAEXH@Z: mov dword ptr [esi + 0x1f220], 0xb1 at 0x004B2B4C"
SocialWin,0x1F224,4,0,"?init@SocialWin@@QAEXH@Z: mov dword ptr [esi + 0x1f224], ecx at 0x004B2B56"
SocialWin,0x1F228,4,0,"?init@SocialWin@@QAEXH@Z: mov dword ptr [esi + 0x1f228], edi at 0x004B2B5C"
SocialWin,0x1F22C,4,0,"?init@SocialWin@@QAEXH@Z: mov dword ptr [esi + 0x1f22c], eax at 0x004B2B46"
SocialWin,0x1F230,4,0,"?init@SocialWin@@QAEXH@Z: mov dword ptr [esi + 0x1f230], 0x145 at 0x004B2B62"
SocialWin,0x1F234,4,0,"?init@SocialWin@@QAEXH@Z: mov dword ptr [esi + 0x1f234], ecx at 0x004B2B6C"
SocialWin,0x1F238,4,0,"?init@SocialWin@@QAEXH@Z: mov dword ptr [esi + 0x1f238], 0x1d7 at 0x004B2B72"
SocialWin,0x1F23C,4,0,"?init@SocialWin@@QAEXH@Z: mov dword ptr [esi + 0x1f23c], eax at 0x004B2B7C"
SocialWin,0x1F240,4,0,"?init@SocialWin@@QAEXH@Z: mov dword ptr [esi + 0x1f240], 0x1d9 at 0x004B2B82"
SocialWin,0x1F244,4,0,"?init@SocialWin@@QAEXH@Z: mov dword ptr [esi + 0x1f244], ecx at 0x004B2B8C"
SocialWin,0x1F248,4,0,"?init@SocialWin@@QAEXH@Z: mov dword ptr [esi + 0x1f248], ebx at 0x004B2B92"
SocialWin,0x1F24C,4,0,"?init@SocialWin@@QAEXH@Z: mov dword ptr [esi + 0x1f24c], eax at 0x004B2B98"
SocialWin,0x1F250,4,0,"?draw_overview@SocialWin@@QAEXXZ: mov ecx, dword ptr [eax] at 0x004B046A"
SocialWin,0x1F254,4,0,"?draw_overview@SocialWin@@QAEXXZ: mov edx, dword ptr [eax + 4] at 0x004B046F"
SocialWin,0x1F258,4,0,"?draw_overview@SocialWin@@QAEXXZ: mov ecx, dword ptr [eax + 8] at 0x004B0475"
SocialWin,0x1F25C,4,0,"?draw_overview@SocialWin@@QAEXXZ: mov edx, dword ptr [eax + 0xc] at 0x004B0480"
SocialWin,0x1F260,4,0,"?draw_economy_alloc@SocialWin@@QAEXXZ: mov ecx, dword ptr [eax] at 0x004B08B9"
SocialWin,0x1F264,4,0,"?draw_economy_alloc@SocialWin@@QAEXXZ: mov edx, dword ptr [eax + 4] at 0x004B08BE"
SocialWin,0x1F268,4,0,"?draw_economy_alloc@SocialWin@@QAEXXZ: mov ecx, dword ptr [eax + 8] at 0x004B08C4"
SocialWin,0x1F26C,4,0,"?draw_economy_alloc@SocialWin@@QAEXXZ: mov edx, dword ptr [eax + 0xc] at 0x004B08CF"
SocialWin,0x1F270,4,0,"?draw_labs_alloc@SocialWin@@QAEXXZ: mov ecx, dword ptr [eax] at 0x004B0B19"
SocialWin,0x1F274,4,0,"?draw_labs_alloc@SocialWin@@QAEXXZ: mov edx, dword ptr [eax + 4] at 0x004B0B1E"
SocialWin,0x1F278,4,0,"?draw_labs_alloc@SocialWin@@QAEXXZ: mov ecx, dword ptr [eax + 8] at 0x004B0B24"
SocialWin,0x1F27C,4,0,"?draw_labs_alloc@SocialWin@@QAEXXZ: mov edx, dword ptr [eax + 0xc] at 0x004B0B2F"
SocialWin,0x1F280,4,0,"?draw_psych_alloc@SocialWin@@QAEXXZ: mov ecx, dword ptr [eax] at 0x004B0D69"
SocialWin,0x1F284,4,0,"?draw_psych_alloc@SocialWin@@QAEXXZ: mov edx, dword ptr [eax + 4] at 0x004B0D6E"
SocialWin,0x1F288,4,0,"?draw_psych_alloc@SocialWin@@QAEXXZ: mov ecx, dword ptr [eax + 8] at 0x004B0D74"
SocialWin,0x1F28C,4,0,"?draw_psych_alloc@SocialWin@@QAEXXZ: mov edx, dword ptr [eax + 0xc] at 0x004B0D7F"
SocialWin,0x1F290,4,0,"?draw_mouseover@SocialWin@@QAEXXZ: mov ecx, dword ptr [eax] at 0x004B10AB"
SocialWin,0x1F294,4,0,"?draw_mouseover@SocialWin@@QAEXXZ: mov edx, dword ptr [eax + 4] at 0x004B10B0"
SocialWin,0x1F298,4,0,"?draw_mouseover@SocialWin@@QAEXXZ: mov ecx, dword ptr [eax + 8] at 0x004B10B6"
SocialWin,0x1F29C,4,0,"?draw_mouseover@SocialWin@@QAEXXZ: mov edx, dword ptr [eax + 0xc] at 0x004B10C1"
SocialWin,0x1F2A0,4,0,"?draw_faction_basal@SocialWin@@QAEXXZ: mov ecx, dword ptr [eax] at 0x004AF8D7"
SocialWin,0x1F2A4,4,0,"?draw_faction_basal@SocialWin@@QAEXXZ: mov edx, dword ptr [eax + 4] at 0x004AF8DC"
SocialWin,0x1F2A8,4,0,"?draw_faction_basal@SocialWin@@QAEXXZ: mov ecx, dword ptr [eax + 8] at 0x004AF8E2"
SocialWin,0x1F2AC,4,0,"?draw_faction_basal@SocialWin@@QAEXXZ: mov edx, dword ptr [eax + 0xc] at 0x004AF8EA"
SocialWin,0x1F2B0,4,0,"?init@SocialWin@@QAEXH@Z: mov dword ptr [edi], ebx at 0x004B290F"
SocialWin,0x1F2B4,4,0,"?init@SocialWin@@QAEXH@Z: mov dword ptr [edi + 4], eax at 0x004B2916"
SocialWin,0x1F2B8,4,0,"?init@SocialWin@@QAEXH@Z: mov dword ptr [edi + 8], eax at 0x004B291E"
SocialWin,0x1F2BC,4,0,"?init@SocialWin@@QAEXH@Z: mov dword ptr [edi + 0xc], ecx at 0x004B2926"
SocialWin,0x1F2C0,4,0,"?init@SocialWin@@QAEXH@Z: mov dword ptr [edi], ebx at 0x004B28F2"
SocialWin,0x1F2C4,4,0,"?init@SocialWin@@QAEXH@Z: mov dword ptr [edi + 4], eax at 0x004B28F4"
SocialWin,0x1F2C8,4,0,"?init@SocialWin@@QAEXH@Z: mov dword ptr [ebx + 8], edi at 0x004B28FE"
SocialWin,0x1F2CC,4,0,"?init@SocialWin@@QAEXH@Z: mov dword ptr [ebx + 0xc], ecx at 0x004B2907"
SocialWin,0x1F2D0,4,0,"?init@SocialWin@@QAEXH@Z: mov dword ptr [edi], ebx at 0x004B28D5"
SocialWin,0x1F2D4,4,0,"?init@SocialWin@@QAEXH@Z: mov dword ptr [edi + 4], eax at 0x004B28D7"
SocialWin,0x1F2D8,4,0,"?init@SocialWin@@QAEXH@Z: mov dword ptr [ebx + 8], edi at 0x004B28E1"
SocialWin,0x1F2DC,4,0,"?init@SocialWin@@QAEXH@Z: mov dword ptr [ebx + 0xc], ecx at 0x004B28EA"
SocialWin,0x1F2E0,4,0,"?draw_info@SocialWin@@QAEXXZ: mov edx, dword ptr [ecx] at 0x004AFB79"
SocialWin,0x1F2E4,4,0,"?draw_info@SocialWin@@QAEXXZ: mov edx, dword ptr [ecx + 4] at 0x004AFB7E"
SocialWin,0x1F2E8,4,0,"?draw_info@SocialWin@@QAEXXZ: mov edx, dword ptr [ecx + 8] at 0x004AFB84"
SocialWin,0x1F2EC,4,0,"?draw_info@SocialWin@@QAEXXZ: mov ecx, dword ptr [ecx + 0xc] at 0x004AFB8A"
Sound,0x0,4,0,"??0Sound@@QAE@XZ: mov dword ptr [esi], 0x66e444 at 0x004C60AA"
Sound,0x4,4,0,"??0Sound@@QAE@XZ: mov dword ptr [esi + 4], 0x7f at 0x004C60B0"
Sound,0x8,4,0,"??0Sound@@QAE@XZ: mov dword ptr [esi + 8], edi at 0x004C60B7"
Sound,0x30,4,0,"??0Sound@@QAE@XZ: mov dword ptr [esi + 0x30], edi at 0x004C60BF"
Sound,0x34,4,0,"?set_delay@Sound@@QAEXI@Z: mov dword ptr [ecx + 0x34], eax at 0x004C6566"
Sound,0x38,4,0,"??0Sound@@QAE@XZ: mov dword ptr [esi + 0x38], 0x3e8 at 0x004C60EB"
Sound,0x3C,4,0,"??0Sound@@QAE@XZ: mov dword ptr [esi + 0x3c], edi at 0x004C60D8"
Sound,0x40,1,0,"??1Sound@@QAE@XZ: test byte ptr [esi + 0x40], 2 at 0x004C617A"
Sound,0x40,4,0,"??0Sound@@QAE@XZ: mov ecx, dword ptr [ebx] at 0x004C60E3"
Sound,0x44,4,0,"??0Sound@@QAE@XZ: mov dword ptr [esi + 0x44], edi at 0x004C60D2"
Sound,0x48,4,0,"??0Sound@@QAE@XZ: mov dword ptr [esi + 0x48], edi at 0x004C60D5"
Sound,0x4C,4,0,"??0Sound@@QAE@XZ: mov dword ptr [esi + 0x4c], edi at 0x004C60DB"
Sound,0x50,4,0,"??0Sound@@QAE@XZ: mov dword ptr [esi + 0x50], edi at 0x004C6107"
Spot,0x0,4,0,"?clear@Spot@@QAEXXZ: mov dword ptr [ecx], eax at 0x005FA828"
Spot,0x4,4,0,"?clear@Spot@@QAEXXZ: mov dword ptr [ecx + 4], eax at 0x005FA822"
Spot,0x8,4,0,"?clear@Spot@@QAEXXZ: mov dword ptr [ecx + 8], eax at 0x005FA825"
Sprite,0x0,4,0,"??0Sprite@@QAE@XZ: mov dword ptr [eax], ecx at 0x005E37E4"
Sprite,0x4,4,0,"??0Sprite@@QAE@XZ: mov dword ptr [eax + 4], ecx at 0x005E37F5"
Sprite,0x8,1,0,"??0Sprite@@QAE@XZ: mov byte ptr [eax + 8], 9 at 0x005E380D"
Sprite,0xC,4,0,"??0Sprite@@QAE@XZ: mov dword ptr [eax + 0xc], ecx at 0x005E37F8"
Sprite,0x10,4,0,"??0Sprite@@QAE@XZ: mov dword ptr [eax + 0x10], ecx at 0x005E37FB"
Sprite,0x14,4,0,"??0Sprite@@QAE@XZ: mov dword ptr [eax + 0x14], ecx at 0x005E37FE"
Sprite,0x18,4,0,"??0Sprite@@QAE@XZ: mov dword ptr [eax + 0x18], ecx at 0x005E3801"
Sprite,0x1C,4,0,"??0Sprite@@QAE@XZ: mov dword ptr [eax + 0x1c], ecx at 0x005E3804"
Sprite,0x20,4,0,"??0Sprite@@QAE@XZ: mov dword ptr [eax + 0x20], ecx at 0x005E3807"
Sprite,0x24,4,0,"??0Sprite@@QAE@XZ: mov dword ptr [eax + 0x24], ecx at 0x005E380A"
Sprite,0x28,4,0,"??0Sprite@@QAE@XZ: mov dword ptr [eax + 0x28], ecx at 0x005E3811"
SpriteBox,0x0,4,0,"??0SpriteBox@@QAE@H@Z: mov dword ptr [esi], 0x6708b4 at 0x0060FF3A"
SpriteBox,0x4,4,0,"??0SpriteBox@@QAE@H@Z: mov dword ptr [esi + 4], edi at 0x0061001F"
SpriteBox,0x8,4,0,"??0SpriteBox@@QAE@H@Z: mov dword ptr [esi + 8], edx at 0x0061005B"
SpriteBox,0x1C,4,0,"??0SpriteBox@@QAE@H@Z: mov dword ptr [esi + 0x1c], ebx at 0x00610022"
SpriteBox,0x20,4,0,"??0SpriteBox@@QAE@H@Z: mov dword ptr [esi + 0x20], ebx at 0x00610025"
SpriteBox,0x24,4,0,"??0SpriteBox@@QAE@H@Z: mov dword ptr [esi + 0x24], 0x66943c at 0x0060FF96"
SpriteBox,0x28,4,0,"??0SpriteBox@@QAE@H@Z: mov dword ptr [esi + 0x28], 0x6708ac at 0x0060FF70"
SpriteBox,0x2C,4,0,"??0SpriteBox@@QAE@H@Z: mov dword ptr [esi + 0x2c], edi at 0x0060FFB3"
SpriteBox,0x30,4,0,"??0SpriteBox@@QAE@H@Z: mov dword ptr [esi + 0x30], edi at 0x0060FFB6"
SpriteBox,0x34,4,0,"??0SpriteBox@@QAE@H@Z: mov dword ptr [esi + 0x34], edi at 0x0060FFB9"
SpriteBox,0x38,4,0,"??0SpriteBox@@QAE@H@Z: mov dword ptr [esi + 0x38], edi at 0x0060FFBC"
SpriteBox,0x3C,4,0,"??0SpriteBox@@QAE@H@Z: mov dword ptr [esi + 0x3c], edi at 0x0060FFBF"
SpriteBox,0x4C,4,0,"??0SpriteBox@@QAE@H@Z: mov dword ptr [esi + 0x4c], 0x6693ac at 0x0060FF77"
SpriteBox,0x50,4,0,"??0SpriteBox@@QAE@H@Z: mov dword ptr [esi + 0x50], eax at 0x0060FF83"
SpriteBox,0x54,4,0,"??0SpriteBox@@QAE@H@Z: mov dword ptr [esi + 0x54], edi at 0x00610028"
SpriteBox,0x58,4,0,"??0SpriteBox@@QAE@H@Z: mov dword ptr [esi + 0x58], edi at 0x0061002B"
SpriteBox,0x5C,4,0,"??0SpriteBox@@QAE@H@Z: mov dword ptr [esi + 0x5c], edi at 0x0061002E"
SpriteBox,0x60,4,0,"??0SpriteBox@@QAE@H@Z: mov dword ptr [esi + 0x60], edi at 0x00610031"
SpriteBox,0x64,4,0,"??0SpriteBox@@QAE@H@Z: mov dword ptr [esi + 0x64], edi at 0x00610034"
SpriteBox,0x68,4,0,"??0SpriteBox@@QAE@H@Z: mov dword ptr [esi + 0x68], edi at 0x00610037"
SpriteBox,0x6C,4,0,"??0SpriteBox@@QAE@H@Z: mov dword ptr [esi + 0x6c], edi at 0x0061003A"
SpriteBox,0x70,4,0,"??0SpriteBox@@QAE@H@Z: mov dword ptr [esi + 0x70], edi at 0x0061003D"
SpriteBox,0x74,4,0,"??0SpriteBox@@QAE@H@Z: mov dword ptr [esi + 0x74], edi at 0x00610040"
SpriteBox,0x78,4,0,"??0SpriteBox@@QAE@H@Z: mov dword ptr [esi + 0x78], edi at 0x00610043"
SpriteBox,0x7C,4,0,"??0SpriteBox@@QAE@H@Z: mov dword ptr [esi + 0x7c], edi at 0x00610046"
SpriteBox,0x80,4,0,"??0SpriteBox@@QAE@H@Z: mov dword ptr [esi + 0x80], edi at 0x00610049"
SpriteBox,0x84,4,0,"??0SpriteBox@@QAE@H@Z: mov dword ptr [esi + 0x84], edi at 0x0061004F"
SpriteList,0x18,4,0,"?kill_entry@SpriteList@@QAEHPAUSpriteStruct@@@Z: mov eax, dword ptr [ecx + 0x18] at 0x005EB32F"
SpriteList,0x1C,4,0,"?fill_entry@SpriteList@@QAEHPAUSpriteStruct@@@Z: mov eax, dword ptr [esi + 0x1c] at 0x005EB2A7"
SpriteList,0x20,4,0,"?fill_entry@SpriteList@@QAEHPAUSpriteStruct@@@Z: mov eax, dword ptr [esi + 0x20] at 0x005EB2AD"
SpriteList,0x24,4,0,"?fill_entry@SpriteList@@QAEHPAUSpriteStruct@@@Z: mov eax, dword ptr [esi + 0x24] at 0x005EB2B7"
SquareLock,0x0,4,0,"?clear@SquareLock@@QAEXXZ: mov dword ptr [ecx], 0xffffffff at 0x0058FD7E"
SquareLock,0x4,4,0,"?clear@SquareLock@@QAEXXZ: mov dword ptr [ecx + 4], 0xffffffff at 0x0058FD77"
SquareLock,0x8,4,0,"?clear@SquareLock@@QAEXXZ: mov dword ptr [ecx + 8], 0 at 0x0058FD70"
StatusWin,0x9C,4,0,"?init@StatusWin@@QAEXXZ: mov dword ptr [edi], eax at 0x004BA0FD"
StatusWin,0xA0,4,0,"?init@StatusWin@@QAEXXZ: mov dword ptr [edi + 4], ecx at 0x004BA10B"
StatusWin,0xA4,4,0,"?init@StatusWin@@QAEXXZ: mov dword ptr [edi + 8], edx at 0x004BA111"
StatusWin,0xD4,1,0,"?init@StatusWin@@QAEXXZ: mov byte ptr [esi + 0xd4], bl at 0x004BA04A"
StatusWin,0x1500,4,0,"?init@StatusWin@@QAEXXZ: mov dword ptr [eax], ebx at 0x004BA060"
StatusWin,0x1504,4,0,"?init@StatusWin@@QAEXXZ: mov dword ptr [esi + 0x1504], ebx at 0x004BA050"
StatusWin,0x1508,4,0,"?init@StatusWin@@QAEXXZ: mov dword ptr [esi + 0x1508], 0x3f48f5c3 at 0x004BA056"
StatusWin,0x1524,4,1,?init@StatusWin@@QAEXXZ: fld dword ptr [esi + 0x1524] at 0x004BA06F
StatusWin,0x1528,4,1,?init@StatusWin@@QAEXXZ: fld dword ptr [esi + 0x1528] at 0x004BA07D
StatusWin,0x152C,4,1,?init@StatusWin@@QAEXXZ: fld dword ptr [esi + 0x152c] at 0x004BA08E
StatusWin,0x1530,4,0,"?UNK1@StatusWin@@QAEXXZ: mov dword ptr [edi + 0x1530], eax at 0x004B4A09"
StatusWin,0x1540,4,0,"?draw_active@StatusWin@@QAEXHHH@Z: mov eax, dword ptr [eax + 0x10] at 0x004B4D0C"
StatusWin,0x1558,4,0,"?UNK1@StatusWin@@QAEXXZ: mov dword ptr [edi + 0x1558], eax at 0x004B4A0F"
StatusWin,0x1580,4,0,"?UNK1@StatusWin@@QAEXXZ: mov dword ptr [edi + 0x1580], eax at 0x004B4A15"
StatusWin,0x15A8,4,0,"?on_right_click@StatusWin@@QAEXHHH@Z: mov dword ptr [esi + 0x15a8], 0xffffffff at 0x004B9195"
StatusWin,0x15AC,4,0,"?UNK1@StatusWin@@QAEXXZ: mov eax, dword ptr [edi + 0x15ac] at 0x004B49A7"
StatusWin,0x15B4,4,0,"?arrow_right@StatusWin@@QAEXXZ: mov ecx, dword ptr [esi + 0x15b4] at 0x004B8BEE"
StatusWin,0x15B8,4,0,"?arrow_right@StatusWin@@QAEXXZ: mov eax, dword ptr [esi + 0x15b8] at 0x004B8BE8"
StatusWin,0x15BC,4,0,"?arrow_left@StatusWin@@QAEXXZ: mov eax, dword ptr [esi + 0x15bc] at 0x004B89CA"
StatusWin,0x15C0,4,0,"?arrow_right@StatusWin@@QAEXXZ: mov eax, dword ptr [esi + 0x15c0] at 0x004B8BDA"
StatusWin,0x15C4,4,0,"?reset_active@StatusWin@@QAEXXZ: mov eax, dword ptr [ecx + 0x15c4] at 0x004B6530"
StatusWin,0x15C8,4,0,"?reset_active@StatusWin@@QAEXXZ: mov eax, dword ptr [ecx + 0x15c8] at 0x004B653A"
StatusWin,0x15CC,4,0,"?reset_active@StatusWin@@QAEXXZ: mov edx, dword ptr [ecx + 0x15cc] at 0x004B6544"
StatusWin,0x15D0,4,0,"?reset_active@StatusWin@@QAEXXZ: mov eax, dword ptr [ecx + 0x15d0] at 0x004B6559"
StatusWin,0x15D4,4,0,"?reset@StatusWin@@QAEXXZ: mov eax, dword ptr [ecx + 0x15d4] at 0x004B8970"
StatusWin,0x15D8,4,0,"?on_left_double_click@StatusWin@@QAEXHH@Z: mov dword ptr [esi + 0x15d8], 1 at 0x004B89A0"
StatusWin,0x15DC,4,0,"?draw_status@StatusWin@@QAEXHHHHH@Z: mov dword ptr [ebx + 0x15dc], edi at 0x004B6588"
StringBox,0x0,4,0,"??1StringBox@@QAE@XZ: mov dword ptr [esi], 0x66adc8 at 0x004325E3"
StringBox,0xC4,4,0,"?on_link_clicked@StringBox@@QAEXHPAD@Z: mov ecx, dword ptr [esi + 0xc4] at 0x00432726"
StringBox,0x444,4,0,"??1StringBox@@QAE@XZ: mov dword ptr [esi + 0x444], 0x66adc0 at 0x004325E9"
StringBox,0x4C4,4,0,"?add_fixup@StringBox@@QAEXXZ: mov eax, dword ptr [edi + 0x4c4] at 0x006294DA"
StringBox,0x4C8,4,0,"?init@StringBox@@QAEXHHHHPAUWin@@PAUStringList@@H@Z: mov edx, dword ptr [ebx + 0x4c8] at 0x00629447"
StringBox,0xA14,4,0,"??0StringBox@@QAE@XZ: mov dword ptr [esi + 0xa14], edi at 0x006291DB"
StringBox,0xA18,4,0,"??0StringBox@@QAE@XZ: mov dword ptr [esi + 0xa18], 0xffffffff at 0x006291F1"
StringBox,0xA1C,4,0,"??0StringBox@@QAE@XZ: mov dword ptr [esi + 0xa1c], edi at 0x006291CF"
StringBox,0xA20,4,0,"??1StringBox@@QAE@XZ: mov dword ptr [edi], 0x669d58 at 0x00432670"
StringBox,0xABC,1,0,"?add_fixup@StringBox@@QAEXXZ: mov cl, byte ptr [edi + 0xabc] at 0x006294D4"
StringBox,0xE64,4,0,"??1StringBox@@QAE@XZ: mov dword ptr [edi + 0x444], 0x669d50 at 0x00432676"
StringBox,0x1440,4,0,"?init@StringBox@@QAEXHHHHPAUWin@@PAUStringList@@H@Z: mov dword ptr [ebx + 0x1440], ebp at 0x00629470"
StringBox,0x1444,4,0,"?init@StringBox@@QAEXHHHHPAUWin@@PAUStringList@@H@Z: mov dword ptr [ebx + 0x1444], ebp at 0x00629476"
StringBox,0x144C,4,0,"?add_fixup@StringBox@@QAEXXZ: mov eax, dword ptr [edi + 0x144c] at 0x006296E5"
StringBox,0x1460,4,0,"?add_fixup@StringBox@@QAEXXZ: mov dword ptr [edi + 0x1460], ecx at 0x006295EE"
StringBox,0x1480,4,0,"?add_fixup@StringBox@@QAEXXZ: sub eax, dword ptr [edi + 0x1480] at 0x006294E9"
StringBox,0x14CC,4,0,"??1StringBox@@QAE@XZ: mov dword ptr [ebx], 0x669754 at 0x004326C3"
StringBox,0x1910,4,0,"??1StringBox@@QAE@XZ: mov dword ptr [ebx + 0x444], 0x66974c at 0x004326C9"
StringBox,0x2018,4,0,"??1StringBox@@QAE@XZ: mov dword ptr [ebx], 0x669754 at 0x00432694"
StringBox,0x245C,4,0,"??1StringBox@@QAE@XZ: mov dword ptr [ebx + 0x444], 0x66974c at 0x0043269A"
StringBox,0x2B6C,4,0,"??0StringBox@@QAE@XZ: mov dword ptr [esi + 0x2b6c], edi at 0x006291D5"
StringBox,0x2B70,4,0,"??1StringBox@@QAE@XZ: mov dword ptr [ecx], 0x6698c4 at 0x0043260B"
StringBox,0x2B74,4,0,"??1StringBox@@QAE@XZ: mov eax, dword ptr [edi - 0x24] at 0x00432611"
StringBox,0x2B78,4,0,"??0StringBox@@QAE@XZ: mov dword ptr [esi + 0x2b78], edi at 0x00629193"
StringBox,0x2B7C,4,0,"??0StringBox@@QAE@XZ: mov dword ptr [esi + 0x2b7c], edi at 0x00629199"
StringBox,0x2B80,4,0,"??0StringBox@@QAE@XZ: mov dword ptr [esi + 0x2b80], edi at 0x0062919F"
StringBox,0x2B84,4,0,"??1StringBox@@QAE@XZ: mov dword ptr [edi - 0x14], 0 at 0x0043262B"
StringBox,0x2B88,4,0,"??0StringBox@@QAE@XZ: mov dword ptr [esi + 0x2b88], edi at 0x006291AB"
StringBox,0x2B8C,4,0,"?add@StringBox@@QAEXPADHH@Z: mov dword ptr [ecx + 0x1c], eax at 0x00629721"
StringBox,0x2B90,4,0,"?add@StringBox@@QAEXPADHH@Z: mov dword ptr [ecx + 0x20], edx at 0x00629729"
StringBox,0x2B94,4,0,"?add@StringBox@@QAEXPADHH@Z: mov dword ptr [ecx + 0x24], 0 at 0x0062972C"
StringBox,0x2B98,4,0,"??1StringBox@@QAE@XZ: mov dword ptr [edi], 0x6693ac at 0x0043265B"
StringBox,0x2B9C,4,0,"??1StringBox@@QAE@XZ: mov edx, dword ptr [edi + 4] at 0x00432658"
StringList,0x0,4,0,"?load@StringList@@QAEHPADPADHP6AXPAD@Z@Z: mov edx, dword ptr [esi] at 0x006089E4"
StringList,0x8,4,0,"?sort@StringList@@QAEXH@Z: mov eax, dword ptr [esi + 8] at 0x006087BF"
StringList,0xC,4,0,"?sort@StringList@@QAEXH@Z: mov dword ptr [esi + 0xc], eax at 0x006087C4"
StringList,0x10,4,0,"?sort@StringList@@QAEXH@Z: mov edi, dword ptr [esi + 0x10] at 0x006087AA"
StringList,0x14,4,0,"?sort@StringList@@QAEXH@Z: mov dword ptr [esi + 0x14], ecx at 0x0060880A"
StringList,0x18,4,0,"?fill_entry@StringList@@QAEHPAUStringStruct@@@Z: mov ecx, dword ptr [esi + 0x18] at 0x006086FF"
StringList,0x1C,4,0,"?fill_entry@StringList@@QAEHPAUStringStruct@@@Z: mov eax, dword ptr [esi + 0x1c] at 0x006086F8"
StringList,0x20,4,0,"?load@StringList@@QAEHPADPADHP6AXPAD@Z@Z: mov dword ptr [esi + 0x20], eax at 0x00608B21"
StringList,0x24,4,0,"?load@StringList@@QAEHPADPADHP6AXPAD@Z@Z: mov dword ptr [esi + 0x24], ebx at 0x00608B24"
StringStruct,0x0,4,0,"??0StringStruct@@QAE@H@Z: mov dword ptr [eax], 0x6693a4 at 0x00401032"
StringStruct,0x4,4,0,"??0StringStruct@@QAE@H@Z: mov dword ptr [eax + 4], 0x6693b0 at 0x00401012"
StringStruct,0x8,4,0,"??0StringStruct@@QAE@H@Z: mov dword ptr [eax + 8], ecx at 0x00401043"
StringStruct,0xC,4,0,"??0StringStruct@@QAE@H@Z: mov dword ptr [eax + 0xc], ecx at 0x00401046"
StringStruct,0x10,4,0,"??0StringStruct@@QAE@H@Z: mov dword ptr [eax + 0x10], ecx at 0x00401049"
StringStruct,0x14,4,0,"??0StringStruct@@QAE@H@Z: mov dword ptr [eax + 0x14], ecx at 0x0040104C"
StringStruct,0x18,4,0,"??0StringStruct@@QAE@H@Z: mov dword ptr [eax + 0x18], ecx at 0x0040104F"
StringStruct,0x1C,4,0,"??0StringStruct@@QAE@H@Z: mov dword ptr [eax + 0x1c], 0x6693ac at 0x00401019"
StringStruct,0x20,4,0,"??0StringStruct@@QAE@H@Z: mov dword ptr [eax + 0x20], edx at 0x00401026"
Strings,0x4,4,0,"?get@Strings@@QAEHH@Z: mov eax, dword ptr [ecx + 4] at 0x006169A0"
Strings,0xC,4,0,"?get@Strings@@QAEHH@Z: mov ecx, dword ptr [ecx + 0xc] at 0x006169AB"
Strings,0x14,4,0,"??0Strings@@QAE@XZ: mov dword ptr [esi + 0x14], 0 at 0x006168D8"
SubInterface,0x4,4,0,"?set_iface_mode@SubInterface@@QAEXXZ: mov edx, dword ptr [esi + 4] at 0x0045D319"
TexHeap,0x0,4,0,"??0TexHeap@@QAE@XZ: mov dword ptr [eax], ecx at 0x00634FB4"
TexHeap,0x4,4,0,"??0TexHeap@@QAE@XZ: mov dword ptr [eax + 4], ecx at 0x00634FBC"
TexHeap,0x8,4,0,"??0TexHeap@@QAE@XZ: mov dword ptr [eax + 8], ecx at 0x00634FB6"
TexHeap,0xC,4,0,"??0TexHeap@@QAE@XZ: mov dword ptr [eax + 0xc], ecx at 0x00634FB9"
Text,0x0,1,0,"??0Text@@QAE@@Z: mov byte ptr [eax], cl at 0x005FD864"
Text,0x150,4,0,"??0Text@@QAE@@Z: mov dword ptr [eax + 0x150], ecx at 0x005FD866"
Text,0x154,4,0,"??0Text@@QAE@@Z: mov dword ptr [eax + 0x154], ecx at 0x005FD86C"
Text,0x158,4,0,"??0Text@@QAE@@Z: mov dword ptr [eax + 0x158], ecx at 0x005FD872"
Text,0x15C,4,0,"??0Text@@QAE@@Z: mov dword ptr [eax + 0x15c], ecx at 0x005FD878"
TextIndex,0x0,1,0,"??0TextIndex@@QAE@XZ: mov byte ptr [esi], 0 at 0x005FDF58"
TextIndex,0x100,4,0,"??0TextIndex@@QAE@XZ: mov dword ptr [esi + 0x100], 0 at 0x005FDF4E"
TextIndex,0x108,4,0,"?search_index@TextIndex@@QAEHPAD0@Z: mov esi, dword ptr [esi + 0x108] at 0x005FE185"
Texture,0x0,4,0,"??0Texture@@QAE@XZ: mov dword ptr [eax], ecx at 0x00619654"
Texture,0x4,4,0,"??0Texture@@QAE@XZ: mov dword ptr [eax + 4], ecx at 0x00619656"
Texture,0x8,4,0,"??0Texture@@QAE@XZ: mov dword ptr [eax + 8], ecx at 0x00619659"
Texture,0x6C,4,0,"??0Texture@@QAE@XZ: mov dword ptr [eax + 0x6c], ecx at 0x0061965C"
TextureStore,0x0,4,0,"??0TextureStore@@QAE@XZ: mov dword ptr [eax], 3 at 0x006252A2"
TextureStore,0x4,4,0,"??0TextureStore@@QAE@XZ: mov dword ptr [eax + 4], 0 at 0x006252A8"
Time,0x0,4,0,"??0Time@@QAE@XZ: mov dword ptr [eax], ecx at 0x006161F3"
Time,0x4,4,0,"??0Time@@QAE@XZ: mov dword ptr [eax + 4], ecx at 0x006161D4"
Time,0x8,4,0,"??0Time@@QAE@XZ: mov dword ptr [eax + 8], ecx at 0x006161D7"
Time,0xC,4,0,"??0Time@@QAE@XZ: mov dword ptr [eax + 0xc], ecx at 0x006161DA"
Time,0x10,4,0,"??0Time@@QAE@XZ: mov dword ptr [eax + 0x10], ecx at 0x006161DD"
Time,0x14,4,0,"??0Time@@QAE@XZ: mov dword ptr [eax + 0x14], ecx at 0x006161E0"
Time,0x18,4,0,"??0Time@@QAE@XZ: mov dword ptr [eax + 0x18], ecx at 0x006161E3"
Time,0x1C,4,0,"??0Time@@QAE@XZ: mov dword ptr [eax + 0x1c], ecx at 0x006161E6"
Time,0x20,4,0,"??0Time@@QAE@XZ: mov dword ptr [eax + 0x20], 5 at 0x006161E9"
Time,0x24,4,0,"??0Time@@QAE@XZ: mov dword ptr [eax + 0x24], ecx at 0x006161F0"
TutWin,0x0,4,0,"??0TutWin@@QAE@XZ: mov dword ptr [esi], 0x66dd84 at 0x004BA6BD"
TutWin,0x444,4,0,"??0TutWin@@QAE@XZ: mov dword ptr [esi + 0x444], 0x66dd7c at 0x004BA6C3"
TutWin,0xA5C,4,0,"??1TutWin@@QAE@XZ: mov dword ptr [edi], 0x669754 at 0x004BE99E"
TutWin,0xEA0,4,0,"??1TutWin@@QAE@XZ: mov dword ptr [edi + 0x444], ebx at 0x004BE9A4"
TutWin,0x15A8,4,0,"??1TutWin@@QAE@XZ: mov dword ptr [edi], 0x669754 at 0x004BE973"
TutWin,0x19EC,4,0,"??1TutWin@@QAE@XZ: mov dword ptr [edi + 0x444], ebx at 0x004BE979"
TutWin,0x2144,4,0,"?tut_win@TutWin@@QAEHPAUGraphicWin@@PBDHHPAUSprite@@HHH@Z: mov dword ptr [esi + 0x2144], eax at 0x004BE1B1"
TutWin,0x2178,4,0,"??1TutWin@@QAE@XZ: mov dword ptr [edi], 0x6693ac at 0x004BE94A"
TutWin,0x217C,4,0,"??1TutWin@@QAE@XZ: mov ecx, dword ptr [edi + 4] at 0x004BE947"
TutWin,0x2180,4,0,"??1TutWin@@QAE@XZ: mov dword ptr [ecx], 0x6698c4 at 0x004BE8F8"
TutWin,0x2184,4,0,"??1TutWin@@QAE@XZ: mov eax, dword ptr [edi - 0x24] at 0x004BE8FE"
TutWin,0x2194,4,0,"??1TutWin@@QAE@XZ: mov dword ptr [edi - 0x14], 0 at 0x004BE918"
TutWin,0x21A8,4,0,"??1TutWin@@QAE@XZ: mov dword ptr [edi], 0x6693ac at 0x004BE92B"
TutWin,0x21AC,4,0,"??1TutWin@@QAE@XZ: mov eax, dword ptr [edi + 4] at 0x004BE928"
TutWin,0x2274,4,0,"?tut_win@TutWin@@QAEHPAUGraphicWin@@PBDHHPAUSprite@@HHH@Z: cmp dword ptr [esi + 0x2274], ebx at 0x004BE1A0"
TutWin,0x30BC,4,0,"?tut_win@TutWin@@QAEHPAUGraphicWin@@PBDHHPAUSprite@@HHH@Z: mov eax, dword ptr [esi + 0x30bc] at 0x004BE348"
TutWin,0x30C0,4,0,"?tut_win@TutWin@@QAEHPAUGraphicWin@@PBDHHPAUSprite@@HHH@Z: mov edx, dword ptr [esi + 0x30c0] at 0x004BE30E"
TutWin,0x3168,4,0,"?tut_win@TutWin@@QAEHPAUGraphicWin@@PBDHHPAUSprite@@HHH@Z: mov dword ptr [esi + 0x3168], 0x4bdf70 at 0x004BE212"
TutWin,0x3230,4,0,"??1TutWin@@QAE@XZ: mov dword ptr [edi], 0x669d58 at 0x004BE818"
TutWin,0x3674,4,0,"??1TutWin@@QAE@XZ: mov dword ptr [edi + 0x444], 0x669d50 at 0x004BE81E"
TutWin,0x3CDC,4,0,"??1TutWin@@QAE@XZ: mov dword ptr [ebx], 0x669754 at 0x004BE86B"
TutWin,0x4120,4,0,"??1TutWin@@QAE@XZ: mov dword ptr [ebx + 0x444], 0x66974c at 0x004BE871"
TutWin,0x4828,4,0,"??1TutWin@@QAE@XZ: mov dword ptr [ebx], 0x669754 at 0x004BE83C"
TutWin,0x4C6C,4,0,"??1TutWin@@QAE@XZ: mov dword ptr [ebx + 0x444], 0x66974c at 0x004BE842"
TutWin,0x537C,4,0,"??0TutWin@@QAE@XZ: mov dword ptr [esi + 0x537c], ecx at 0x004BA6F1"
TutWin,0x5380,4,0,"??0TutWin@@QAE@XZ: mov dword ptr [esi + 0x5380], ecx at 0x004BA6EB"
TutWin,0x5384,4,0,"?draw_arrow@TutWin@@QAEXXZ: mov edx, dword ptr [esi + 0x5384] at 0x004BDEB8"
TutWin,0x5388,4,0,"?draw_arrow@TutWin@@QAEXXZ: mov ecx, dword ptr [esi + 0x5388] at 0x004BDEB2"
TutWin,0x538C,4,0,"?draw_arrow@TutWin@@QAEXXZ: mov ecx, dword ptr [esi + 0x538c] at 0x004BDECA"
TutWin,0x5390,4,0,"?draw_arrow@TutWin@@QAEXXZ: mov eax, dword ptr [esi + 0x5390] at 0x004BDEC3"
TutWin,0x5394,4,0,"?draw_arrow@TutWin@@QAEXXZ: mov edx, dword ptr [esi + 0x5394] at 0x004BDEF9"
TutWin,0x5398,4,0,"?draw_arrow@TutWin@@QAEXXZ: mov ecx, dword ptr [esi + 0x5398] at 0x004BDEEE"
TutWin,0x539C,4,0,"??0TutWin@@QAE@XZ: mov dword ptr [esi + 0x539c], ecx at 0x004BA6F7"
TutWin,0x53A0,4,0,"?draw_arrow@TutWin@@QAEXXZ: mov ecx, dword ptr [esi + 0x53a0] at 0x004BDF00"
TutWin,0x53A4,4,0,"??0TutWin@@QAE@XZ: mov dword ptr [esi + 0x53a4], eax at 0x004BA6E5"
TutWin,0x53A8,4,0,"??0TutWin@@QAE@XZ: mov dword ptr [esi + 0x53a8], eax at 0x004BA6FD"
TutWin,0x53AC,4,0,"??0TutWin@@QAE@XZ: mov dword ptr [esi + 0x53ac], ecx at 0x004BA703"
TutWin,0x53B4,4,0,"??0TutWin@@QAE@XZ: mov dword ptr [esi + 0x53b4], eax at 0x004BA6CD"
TutWin,0x53B8,4,0,"??0TutWin@@QAE@XZ: mov dword ptr [esi + 0x53b8], eax at 0x004BA709"
TutWin,0x53BC,4,0,"?on_button_clicked@TutWin@@QAEXH@Z: mov dword ptr [esi + 0x53bc], edx at 0x004BDD55"
TutWin,0x53C0,4,0,"??0TutWin@@QAE@XZ: mov dword ptr [esi + 0x53c0], eax at 0x004BA6D3"
TutWin,0x53C4,4,0,"??0TutWin@@QAE@XZ: mov dword ptr [esi + 0x53c4], eax at 0x004BA70F"
TutWin,0x53C8,4,0,"?on_key_click@TutWin@@QAEHHH@Z: mov dword ptr [esi + 0x53c8], ecx at 0x004BA80F"
TutWin,0x53CC,4,0,"?on_key_click@TutWin@@QAEHHH@Z: mov dword ptr [esi + 0x53cc], eax at 0x004BA815"
TutWin,0x53D0,4,0,"??0TutWin@@QAE@XZ: mov dword ptr [esi + 0x53d0], eax at 0x004BA6D9"
TutWin,0x53D4,4,0,"??0TutWin@@QAE@XZ: mov dword ptr [esi + 0x53d4], eax at 0x004BA6DF"
UAmbience,0x0,4,0,"?begin@UAmbience@@QAEXXZ: mov eax, dword ptr [esi] at 0x00447513"
UAmbience,0x6C,1,0,"?basewin_show@UAmbience@@QAEXXZ: mov al, byte ptr [esi + 0x6c] at 0x00447533"
UV2Player,0x108,4,0,"?close@UV2Player@@QAEXXZ: mov dword ptr [esi + 0x108], edi at 0x004BF481"
UV2Player,0x10C,4,0,"??0UV2Player@@QAE@XZ: mov dword ptr [esi + 0x10c], 0 at 0x004BEA3E"
UV2Player,0x110,4,0,"?UNK3@UV2Player@@QAEXXZ: mov ecx, dword ptr [ebx + 0x110] at 0x004BF11D"
UV2Player,0x114,4,0,"?close@UV2Player@@QAEXXZ: mov dword ptr [esi + 0x114], edi at 0x004BF487"
UV2Player,0x118,4,0,"?UNK3@UV2Player@@QAEXXZ: mov edx, dword ptr [ebx + 0x118] at 0x004BF123"
UV2Player,0x11C,4,0,"?close@UV2Player@@QAEXXZ: mov dword ptr [esi + 0x11c], edi at 0x004BF48D"
UV2Player,0x120,4,0,"?close@UV2Player@@QAEXXZ: mov dword ptr [esi + 0x120], edi at 0x004BF493"
UV2Player,0x124,4,0,"?close@UV2Player@@QAEXXZ: mov dword ptr [esi + 0x124], edi at 0x004BF499"
UV2Player,0x8E4,4,0,"?UNK1@UV2Player@@QAEHHHHH@Z: mov dword ptr [ebx + 0x8e4], eax at 0x004BEDCE"
UV2Player,0xE64,4,0,"?UNK1@UV2Player@@QAEHHHHH@Z: mov ecx, dword ptr [ebx + 0xe64] at 0x004BEE08"
Vector,0x0,4,1,"??0Vector@@QAE@XZ: mov dword ptr [eax], ecx at 0x006343C4"
Vector,0x4,4,1,"??0Vector@@QAE@XZ: mov dword ptr [eax + 4], ecx at 0x006343C6"
Vector,0x8,4,1,"??0Vector@@QAE@XZ: mov dword ptr [eax + 8], ecx at 0x006343C9"
Video,0x0,4,0,"?play_frame@Video@@QAEHXZ: mov eax, dword ptr [esi] at 0x00637D89"
Video,0x4A8,4,0,"??0Video@@QAE@XZ: mov dword ptr [esi + 0x4a8], edi at 0x0063647D"
Video,0x4AC,1,0,"?process@Video@@QAEXXZ: mov al, byte ptr [esi + 0x4ac] at 0x00636FFE"
Video,0x4AC,4,0,"??0Video@@QAE@XZ: mov dword ptr [esi + 0x4ac], edi at 0x0063648F"
Video,0x4B0,4,0,"??0Video@@QAE@XZ: mov dword ptr [esi + 0x4b0], edi at 0x006364A7"
Video,0x4CC,4,0,"?read_frame@Video@@QAEHXZ: mov eax, dword ptr [esi + 0x4cc] at 0x00637C36"
Video,0x4DC,4,0,"??0Video@@QAE@XZ: mov dword ptr [esi + 0x4dc], edi at 0x006364B9"
Video,0x52C,4,0,?play_frame@Video@@QAEHXZ: div dword ptr [esi + 0x52c] at 0x00637DB0
Video,0x530,4,0,"?play_frame@Video@@QAEHXZ: mov eax, dword ptr [esi + 0x530] at 0x00637DA3"
Video,0x598,4,0,"??0Video@@QAE@XZ: mov dword ptr [esi + 0x598], edi at 0x006364AD"
Video,0x59C,4,0,"??0Video@@QAE@XZ: mov dword ptr [esi + 0x59c], edi at 0x006364B3"
Video,0xFF4,4,0,"??0Video@@QAE@XZ: mov dword ptr [esi + 0xff4], edi at 0x00636507"
Video,0xFF8,4,0,"??0Video@@QAE@XZ: mov dword ptr [esi + 0xff8], edi at 0x00636495"
Video,0xFFC,4,0,"??0Video@@QAE@XZ: mov dword ptr [esi + 0xffc], edi at 0x0063650D"
Video,0x1000,4,0,"??0Video@@QAE@XZ: mov dword ptr [esi + 0x1000], edi at 0x0063649B"
Video,0x1004,4,0,"??0Video@@QAE@XZ: mov dword ptr [esi + 0x1004], edi at 0x006364A1"
Video,0x1008,4,0,"??0Video@@QAE@XZ: mov dword ptr [esi + 0x1008], edi at 0x006364FB"
Video,0x100C,4,0,"??0Video@@QAE@XZ: mov dword ptr [esi + 0x100c], edi at 0x00636501"
Video,0x1010,4,0,"??0Video@@QAE@XZ: mov dword ptr [esi + 0x1010], edi at 0x00636483"
Video,0x1014,4,0,"??0Video@@QAE@XZ: mov dword ptr [esi + 0x1014], edi at 0x00636489"
Video,0x1018,4,0,"??0Video@@QAE@XZ: mov dword ptr [esi + 0x1018], edi at 0x00636465"
Video,0x101C,4,0,"??0Video@@QAE@XZ: mov dword ptr [esi + 0x101c], edi at 0x0063646B"
Video,0x1020,4,0,"??0Video@@QAE@XZ: mov dword ptr [esi + 0x1020], edi at 0x00636471"
Video,0x1024,4,0,"??0Video@@QAE@XZ: mov dword ptr [esi + 0x1024], edi at 0x00636477"
VoiceRx,0x0,4,0,"??0VoiceRx@@QAE@XZ: mov dword ptr [esi], 0x66e444 at 0x004C898C"
VoiceRx,0x4,4,0,"??0VoiceRx@@QAE@XZ: mov dword ptr [esi + 4], 0x7f at 0x004C8992"
VoiceRx,0x8,4,0,"??0VoiceRx@@QAE@XZ: mov dword ptr [esi + 8], ebx at 0x004C8999"
VoiceRx,0x30,4,0,"??0VoiceRx@@QAE@XZ: mov dword ptr [esi + 0x30], ebx at 0x004C89A1"
VoiceRx,0x38,4,0,"??0VoiceRx@@QAE@XZ: mov dword ptr [esi + 0x38], 0x3e8 at 0x004C89CD"
VoiceRx,0x3C,4,0,"??0VoiceRx@@QAE@XZ: mov dword ptr [esi + 0x3c], ebx at 0x004C89BA"
VoiceRx,0x40,1,0,"??1VoiceRx@@QAE@XZ: test byte ptr [esi + 0x40], 2 at 0x004C8ADB"
VoiceRx,0x40,4,0,"??0VoiceRx@@QAE@XZ: mov ecx, dword ptr [edi] at 0x004C89C5"
VoiceRx,0x44,4,0,"??0VoiceRx@@QAE@XZ: mov dword ptr [esi + 0x44], ebx at 0x004C89B4"
VoiceRx,0x48,4,0,"??0VoiceRx@@QAE@XZ: mov dword ptr [esi + 0x48], ebx at 0x004C89B7"
VoiceRx,0x4C,4,0,"??0VoiceRx@@QAE@XZ: mov dword ptr [esi + 0x4c], ebx at 0x004C89BD"
VoiceRx,0x50,4,0,"??0VoiceRx@@QAE@XZ: mov dword ptr [esi + 0x50], ebx at 0x004C89E6"
VoiceTx,0x0,4,0,"??0VoiceTx@@QAE@XZ: mov dword ptr [esi], 0x66e444 at 0x004C8CEC"
VoiceTx,0x4,4,0,"??0VoiceTx@@QAE@XZ: mov dword ptr [esi + 4], 0x7f at 0x004C8CF2"
VoiceTx,0x8,4,0,"??0VoiceTx@@QAE@XZ: mov dword ptr [esi + 8], ebx at 0x004C8CF9"
VoiceTx,0x30,4,0,"??0VoiceTx@@QAE@XZ: mov dword ptr [esi + 0x30], ebx at 0x004C8D01"
VoiceTx,0x38,4,0,"??0VoiceTx@@QAE@XZ: mov dword ptr [esi + 0x38], 0x3e8 at 0x004C8D2D"
VoiceTx,0x3C,4,0,"??0VoiceTx@@QAE@XZ: mov dword ptr [esi + 0x3c], ebx at 0x004C8D1A"
VoiceTx,0x40,1,0,"??1VoiceTx@@QAE@XZ: test byte ptr [esi + 0x40], 2 at 0x004C8E46"
VoiceTx,0x40,4,0,"??0VoiceTx@@QAE@XZ: mov ecx, dword ptr [edi] at 0x004C8D25"
VoiceTx,0x44,4,0,"??0VoiceTx@@QAE@XZ: mov dword ptr [esi + 0x44], ebx at 0x004C8D14"
VoiceTx,0x48,4,0,"??0VoiceTx@@QAE@XZ: mov dword ptr [esi + 0x48], ebx at 0x004C8D17"
VoiceTx,0x4C,4,0,"??0VoiceTx@@QAE@XZ: mov dword ptr [esi + 0x4c], ebx at 0x004C8D1D"
VoiceTx,0x50,4,0,"??0VoiceTx@@QAE@XZ: mov dword ptr [esi + 0x50], ebx at 0x004C8D46"
VoiceTx,0x54,1,0,"?start@VoiceTx@@QAEHXZ: test byte ptr [esi + 0x54], 1 at 0x004C8EB3"
VoiceTx,0x54,4,0,"?start@VoiceTx@@QAEHXZ: mov eax, dword ptr [esi + 0x54] at 0x004C8EE8"
Wave,0x0,4,0,"??0Wave@@QAE@XZ: mov dword ptr [esi], 0x66e444 at 0x004C670A"
Wave,0x4,4,0,"??0Wave@@QAE@XZ: mov dword ptr [esi + 4], 0x7f at 0x004C6710"
Wave,0x8,4,0,"??0Wave@@QAE@XZ: mov dword ptr [esi + 8], ebx at 0x004C6717"
Wave,0x30,4,0,"??0Wave@@QAE@XZ: mov dword ptr [esi + 0x30], ebx at 0x004C671F"
Wave,0x38,4,0,"??0Wave@@QAE@XZ: mov dword ptr [esi + 0x38], 0x3e8 at 0x004C674B"
Wave,0x3C,4,0,"??0Wave@@QAE@XZ: mov dword ptr [esi + 0x3c], ebx at 0x004C6738"
Wave,0x40,1,0,"??1Wave@@QAE@XZ: mov al, byte ptr [esi + 0x40] at 0x004C680E"
Wave,0x40,4,0,"??0Wave@@QAE@XZ: mov ecx, dword ptr [edi] at 0x004C6743"
Wave,0x44,4,0,"??0Wave@@QAE@XZ: mov dword ptr [esi + 0x44], ebx at 0x004C6732"
Wave,0x48,4,0,"??0Wave@@QAE@XZ: mov dword ptr [esi + 0x48], ebx at 0x004C6735"
Wave,0x4C,4,0,"??0Wave@@QAE@XZ: mov dword ptr [esi + 0x4c], ebx at 0x004C673B"
Wave,0x50,4,0,"??0Wave@@QAE@XZ: mov dword ptr [esi + 0x50], ebx at 0x004C676B"
Wave,0x54,1,0,"?unload@Wave@@QAEXXZ: mov al, byte ptr [esi + 0x54] at 0x004C6EB4"
Wave,0x54,4,0,"?init@Wave@@QAEXPADK@Z: mov ecx, dword ptr [esi] at 0x004C6A2E"
Wave,0x58,4,0,"??0Wave@@QAE@XZ: mov dword ptr [esi + 0x58], ebx at 0x004C678F"
Wave,0x5C,4,0,"??0Wave@@QAE@XZ: mov dword ptr [esi + 0x5c], 0x3f800000 at 0x004C6792"
Wave,0x60,4,0,"??0Wave@@QAE@XZ: mov dword ptr [esi + 0x60], ebx at 0x004C67A0"
Wave,0x64,4,0,"??0Wave@@QAE@XZ: mov dword ptr [esi + 0x64], ebx at 0x004C67A3"
Wave,0x68,4,0,"??0Wave@@QAE@XZ: mov dword ptr [esi + 0x68], 0x10 at 0x004C6799"
WaveControlGroup,0x0,1,0,"??0WaveControlGroup@@QAE@XZ: mov byte ptr [eax], 1 at 0x004C54A7"
WaveControlGroup,0x4,4,0,"??0WaveControlGroup@@QAE@XZ: mov dword ptr [eax + 4], 0x7f at 0x004C54A0"
WaveControlGroup,0x8,4,0,"??0WaveControlGroup@@QAE@XZ: mov dword ptr [eax + 8], ecx at 0x004C5494"
WaveControlGroup,0xC,4,0,"??0WaveControlGroup@@QAE@XZ: mov dword ptr [eax + 0xc], ecx at 0x004C5497"
WaveControlGroup,0x10,4,0,"??0WaveControlGroup@@QAE@XZ: mov dword ptr [eax + 0x10], ecx at 0x004C549A"
WaveControlGroup,0x14,4,0,"??0WaveControlGroup@@QAE@XZ: mov dword ptr [eax + 0x14], ecx at 0x004C549D"
Wave_Device,0x0,4,0,"??0Wave_Device@@QAE@XZ: mov dword ptr [esi], 0x66e098 at 0x004C4DF9"
Wave_Device,0x8,4,0,"??0Wave_Device@@QAE@XZ: mov dword ptr [esi + 8], 0x7f at 0x004C4E07"
Wave_Device,0xC,4,0,"??0Wave_Device@@QAE@XZ: mov dword ptr [esi + 0xc], edi at 0x004C4E0E"
Wave_Device,0x10,4,0,"??0Wave_Device@@QAE@XZ: mov dword ptr [esi + 0x10], edi at 0x004C4E17"
Wave_Device,0x14,4,0,"??0Wave_Device@@QAE@XZ: mov dword ptr [esi + 0x14], edi at 0x004C4E1A"
Wave_Device,0x18,4,0,"??0Wave_Device@@QAE@XZ: mov dword ptr [esi + 0x18], edi at 0x004C4E11"
Wave_Device,0x1C,4,0,"??0Wave_Device@@QAE@XZ: mov dword ptr [esi + 0x1c], edi at 0x004C4E14"
Wave_In_Device,0x0,4,0,"??0Wave_In_Device@@QAE@XZ: mov dword ptr [esi], 0x66e098 at 0x004C594D"
Wave_In_Device,0x8,4,0,"??0Wave_In_Device@@QAE@XZ: mov dword ptr [esi + 8], 0x7f at 0x004C596A"
Wave_In_Device,0xC,4,0,"??0Wave_In_Device@@QAE@XZ: mov dword ptr [esi + 0xc], edi at 0x004C595B"
Wave_In_Device,0x10,4,0,"??0Wave_In_Device@@QAE@XZ: mov dword ptr [esi + 0x10], edi at 0x004C5964"
Wave_In_Device,0x14,4,0,"??0Wave_In_Device@@QAE@XZ: mov dword ptr [esi + 0x14], edi at 0x004C5967"
Wave_In_Device,0x18,4,0,"??0Wave_In_Device@@QAE@XZ: mov dword ptr [esi + 0x18], edi at 0x004C595E"
Wave_In_Device,0x1C,4,0,"??0Wave_In_Device@@QAE@XZ: mov dword ptr [esi + 0x1c], edi at 0x004C5961"
Win,0x0,4,0,"??0Win@@QAE@XZ: mov dword ptr [esi], 0x66fdd0 at 0x005EB402"
Win,0xC,4,0,"?show@Win@@QAEXH@Z: mov esi, dword ptr [esi + 0xc] at 0x005EDCA8"
Win,0x10,4,0,"?hide@Win@@QAEXXZ: mov esi, dword ptr [ebx + 0x10] at 0x005EDE39"
Win,0x1C,4,0,"?on_mouse_move@Win@@QAEXHHIH@Z: mov esi, dword ptr [esi + 0x1c] at 0x005F636E"
Win,0x20,4,0,"?on_l_button_up@Win@@QAEXHHIH@Z: mov edi, dword ptr [esi + 0x20] at 0x005F661A"
Win,0x24,4,0,"?left_down_event@Win@@QAEXHHH@Z: mov esi, dword ptr [esi + 0x24] at 0x005EE7B8"
Win,0x28,4,0,"?on_l_button_up@Win@@QAEXHHIH@Z: mov esi, dword ptr [esi + 0x28] at 0x005F66BB"
Win,0x2C,4,0,"?on_r_button_up@Win@@QAEXHHIH@Z: mov edi, dword ptr [esi + 0x2c] at 0x005F6952"
Win,0x30,4,0,"?on_r_button_down@Win@@QAEXJHHIH@Z: mov esi, dword ptr [esi + 0x30] at 0x005F6833"
Win,0x34,4,0,"?on_r_button_up@Win@@QAEXHHIH@Z: mov esi, dword ptr [esi + 0x34] at 0x005F69CF"
Win,0x38,4,0,"?key_click_event@Win@@QAEHHH@Z: mov esi, dword ptr [esi + 0x38] at 0x005EEB3B"
Win,0x44,4,0,"?on_l_button_down@Win@@QAEXJHHIH@Z: mov edi, dword ptr [esi + 0x44] at 0x005F64B7"
Win,0x48,4,0,"?on_r_button_down@Win@@QAEXJHHIH@Z: mov ebx, dword ptr [esi + 0x48] at 0x005F67B6"
Win,0x50,4,0,"?on_l_button_up@Win@@QAEXHHIH@Z: mov edi, dword ptr [esi + 0x50] at 0x005F6641"
Win,0x5C,4,0,"?on_r_button_up@Win@@QAEXHHIH@Z: mov edi, dword ptr [esi + 0x5c] at 0x005F6979"
Win,0x68,4,0,"?on_l_button_down@Win@@QAEXJHHIH@Z: mov edi, dword ptr [esi + 0x68] at 0x005F64DE"
Win,0x6C,4,0,"?on_r_button_down@Win@@QAEXJHHIH@Z: mov ebx, dword ptr [esi + 0x6c] at 0x005F67DD"
Win,0x98,1,0,"?close@Win@@QAEXXZ: test byte ptr [esi + 0x98], bl at 0x005EB734"
Win,0x98,4,0,"??0Win@@QAE@XZ: mov dword ptr [esi + 0x98], eax at 0x005EB5B7"
Win,0x9C,1,0,"?init@Win@@QAEHHHHHPADHPAVWin@@PAVMenu@@PAUBorderSizing@@@Z: test byte ptr [esi + 0x9c], 2 at 0x005EC0DC"
Win,0x9C,4,0,"??0Win@@QAE@XZ: mov dword ptr [esi + 0x9c], eax at 0x005EB414"
Win,0xA0,4,0,"??0Win@@QAE@XZ: mov dword ptr [esi + 0xa0], eax at 0x005EB41A"
Win,0xA4,4,0,"??0Win@@QAE@XZ: mov dword ptr [esi + 0xa4], eax at 0x005EB420"
Win,0xA8,4,0,"??0Win@@QAE@XZ: mov dword ptr [esi + 0xa8], esi at 0x005EB408"
Win,0xAC,4,0,"??0Win@@QAE@XZ: mov dword ptr [esi + 0xac], eax at 0x005EB426"
Win,0xB0,4,0,"??0Win@@QAE@XZ: mov dword ptr [esi + 0xb0], eax at 0x005EB42C"
Win,0xB4,4,0,"??0Win@@QAE@XZ: mov dword ptr [esi + 0xb4], eax at 0x005EB593"
Win,0xB8,4,0,"??0Win@@QAE@XZ: mov dword ptr [esi + 0xb8], eax at 0x005EB5A5"
Win,0xBC,4,0,"??0Win@@QAE@XZ: mov dword ptr [esi + 0xbc], eax at 0x005EB59F"
Win,0xC0,4,0,"??0Win@@QAE@XZ: mov dword ptr [esi + 0xc0], eax at 0x005EB599"
Win,0xC4,4,0,"??0Win@@QAE@XZ: mov dword ptr [esi + 0xc4], eax at 0x005EB462"
Win,0xC8,4,0,"??0Win@@QAE@XZ: mov dword ptr [esi + 0xc8], 0x66ff30 at 0x005EB3DA"
Win,0xCC,4,0,"??0Win@@QAE@XZ: mov dword ptr [esi + 0xcc], eax at 0x005EB3E4"
Win,0xD0,4,0,"??0Win@@QAE@XZ: mov dword ptr [esi + 0xd0], eax at 0x005EB3EA"
Win,0xD4,4,0,"??0Win@@QAE@XZ: mov dword ptr [esi + 0xd4], eax at 0x005EB3F0"
Win,0xD8,4,0,"??0Win@@QAE@XZ: mov dword ptr [esi + 0xd8], eax at 0x005EB3F6"
Win,0xDC,4,0,"??0Win@@QAE@XZ: mov dword ptr [esi + 0xdc], eax at 0x005EB3FC"
Win,0xE0,4,0,"??0Win@@QAE@XZ: mov dword ptr [esi + 0xe0], eax at 0x005EB521"
Win,0xE4,4,0,"??0Win@@QAE@XZ: mov dword ptr [esi + 0xe4], eax at 0x005EB527"
Win,0xE8,4,0,"??0Win@@QAE@XZ: mov dword ptr [esi + 0xe8], eax at 0x005EB52D"
Win,0xEC,4,0,"??0Win@@QAE@XZ: mov dword ptr [esi + 0xec], eax at 0x005EB533"
Win,0xF0,4,0,"??0Win@@QAE@XZ: mov dword ptr [esi + 0xf0], eax at 0x005EB468"
Win,0xF4,4,0,"??0Win@@QAE@XZ: mov dword ptr [esi + 0xf4], eax at 0x005EB545"
Win,0xF8,4,0,"??0Win@@QAE@XZ: mov dword ptr [esi + 0xf8], edx at 0x005EB51B"
Win,0xFC,4,0,"??0Win@@QAE@XZ: mov dword ptr [esi + 0xfc], edx at 0x005EB48B"
Win,0x100,4,0,"??0Win@@QAE@XZ: mov dword ptr [esi + 0x100], edx at 0x005EB497"
Win,0x104,4,0,"??0Win@@QAE@XZ: mov dword ptr [esi + 0x104], edx at 0x005EB4AF"
Win,0x108,4,0,"??0Win@@QAE@XZ: mov dword ptr [esi + 0x108], edx at 0x005EB4BB"
Win,0x10C,4,0,"??0Win@@QAE@XZ: mov dword ptr [esi + 0x10c], edx at 0x005EB4C7"
Win,0x110,4,0,"??0Win@@QAE@XZ: mov dword ptr [esi + 0x110], edx at 0x005EB4D3"
Win,0x114,4,0,"??0Win@@QAE@XZ: mov dword ptr [esi + 0x114], edx at 0x005EB4A3"
Win,0x118,4,0,"??0Win@@QAE@XZ: mov dword ptr [esi + 0x118], edx at 0x005EB4DF"
Win,0x11C,4,0,"??0Win@@QAE@XZ: mov dword ptr [esi + 0x11c], edx at 0x005EB4EB"
Win,0x120,4,0,"??0Win@@QAE@XZ: mov dword ptr [esi + 0x120], edx at 0x005EB4F7"
Win,0x124,4,0,"??0Win@@QAE@XZ: mov dword ptr [esi + 0x124], edx at 0x005EB503"
Win,0x128,4,0,"??0Win@@QAE@XZ: mov dword ptr [esi + 0x128], edx at 0x005EB50F"
Win,0x12C,4,0,"??0Win@@QAE@XZ: mov dword ptr [esi + 0x12c], eax at 0x005EB479"
Win,0x130,4,0,"??0Win@@QAE@XZ: mov dword ptr [esi + 0x130], ecx at 0x005EB47F"
Win,0x134,4,0,"??0Win@@QAE@XZ: mov dword ptr [esi + 0x134], eax at 0x005EB432"
Win,0x138,4,0,"??0Win@@QAE@XZ: mov dword ptr [esi + 0x138], eax at 0x005EB438"
Win,0x13C,4,0,"??0Win@@QAE@XZ: mov dword ptr [esi + 0x13c], eax at 0x005EB563"
Win,0x140,4,0,"??0Win@@QAE@XZ: mov dword ptr [esi + 0x140], eax at 0x005EB569"
Win,0x144,4,0,"??0Win@@QAE@XZ: mov dword ptr [esi + 0x144], eax at 0x005EB56F"
Win,0x148,4,0,"??0Win@@QAE@XZ: mov dword ptr [esi + 0x148], eax at 0x005EB575"
Win,0x14C,4,0,"??0Win@@QAE@XZ: mov dword ptr [esi + 0x14c], eax at 0x005EB57B"
Win,0x150,4,0,"??0Win@@QAE@XZ: mov dword ptr [esi + 0x150], eax at 0x005EB581"
Win,0x154,4,0,"??0Win@@QAE@XZ: mov dword ptr [esi + 0x154], eax at 0x005EB587"
Win,0x158,4,0,"??0Win@@QAE@XZ: mov dword ptr [esi + 0x158], eax at 0x005EB58D"
Win,0x15C,4,0,"??0Win@@QAE@XZ: mov dword ptr [esi + 0x15c], eax at 0x005EB54B"
Win,0x160,4,0,"??0Win@@QAE@XZ: mov dword ptr [esi + 0x160], eax at 0x005EB551"
Win,0x164,4,0,"??0Win@@QAE@XZ: mov dword ptr [esi + 0x164], eax at 0x005EB557"
Win,0x168,4,0,"??0Win@@QAE@XZ: mov dword ptr [esi + 0x168], eax at 0x005EB55D"
Win,0x16C,4,0,"??0Win@@QAE@XZ: mov dword ptr [esi + 0x16c], eax at 0x005EB5AB"
Win,0x170,4,0,"??0Win@@QAE@XZ: mov dword ptr [esi + 0x170], eax at 0x005EB5B1"
Win,0x174,4,0,"??0Win@@QAE@XZ: mov dword ptr [esi + 0x174], ecx at 0x005EB617"
Win,0x178,4,0,"??0Win@@QAE@XZ: mov dword ptr [esi + 0x178], ecx at 0x005EB61D"
Win,0x17C,4,0,"??0Win@@QAE@XZ: mov dword ptr [esi + 0x17c], ecx at 0x005EB623"
Win,0x180,4,0,"??0Win@@QAE@XZ: mov dword ptr [esi + 0x180], ecx at 0x005EB629"
Win,0x184,4,0,"??0Win@@QAE@XZ: mov dword ptr [esi + 0x184], eax at 0x005EB45C"
Win,0x188,4,0,"??0Win@@QAE@XZ: mov dword ptr [esi + 0x188], eax at 0x005EB43E"
Win,0x18C,4,0,"??0Win@@QAE@XZ: mov dword ptr [esi + 0x18c], eax at 0x005EB444"
Win,0x190,4,0,"??0Win@@QAE@XZ: mov dword ptr [esi + 0x190], eax at 0x005EB44A"
Win,0x194,4,0,"??0Win@@QAE@XZ: mov dword ptr [esi + 0x194], eax at 0x005EB450"
Win,0x198,4,0,"??0Win@@QAE@XZ: mov dword ptr [esi + 0x198], eax at 0x005EB456"
Win,0x19C,4,0,"??0Win@@QAE@XZ: mov dword ptr [esi + 0x19c], eax at 0x005EB46E"
Win,0x1A0,4,0,"??0Win@@QAE@XZ: mov dword ptr [esi + 0x1a0], 2 at 0x005EB62F"
Win,0x1A4,4,0,"?close@Win@@QAEXXZ: mov ecx, dword ptr [edi] at 0x005EB690"
Win,0x3FC,4,0,"??0Win@@QAE@XZ: mov dword ptr [esi + 0x3fc], eax at 0x005EB40E"
Win,0x400,4,0,"??0Win@@QAE@XZ: mov dword ptr [esi + 0x400], eax at 0x005EB5BD"
Win,0x404,4,0,"??0Win@@QAE@XZ: mov dword ptr [esi + 0x404], eax at 0x005EB5C3"
Win,0x408,4,0,"??0Win@@QAE@XZ: mov dword ptr [esi + 0x408], eax at 0x005EB5C9"
Win,0x40C,4,0,"??0Win@@QAE@XZ: mov dword ptr [esi + 0x40c], eax at 0x005EB5CF"
Win,0x410,4,0,"??0Win@@QAE@XZ: mov dword ptr [esi + 0x410], eax at 0x005EB5D5"
Win,0x414,4,0,"??0Win@@QAE@XZ: mov dword ptr [esi + 0x414], eax at 0x005EB5DB"
Win,0x418,4,0,"??0Win@@QAE@XZ: mov dword ptr [esi + 0x418], eax at 0x005EB5E1"
Win,0x41C,4,0,"??0Win@@QAE@XZ: mov dword ptr [esi + 0x41c], eax at 0x005EB5E7"
Win,0x420,4,0,"??0Win@@QAE@XZ: mov dword ptr [esi + 0x420], eax at 0x005EB5ED"
Win,0x424,4,0,"??0Win@@QAE@XZ: mov dword ptr [esi + 0x424], eax at 0x005EB5F3"
Win,0x428,4,0,"??0Win@@QAE@XZ: mov dword ptr [esi + 0x428], eax at 0x005EB5F9"
Win,0x42C,4,0,"??0Win@@QAE@XZ: mov dword ptr [esi + 0x42c], eax at 0x005EB5FF"
Win,0x430,4,0,"??0Win@@QAE@XZ: mov dword ptr [esi + 0x430], eax at 0x005EB605"
Win,0x434,4,0,"??0Win@@QAE@XZ: mov dword ptr [esi + 0x434], eax at 0x005EB60B"
Win,0x438,4,0,"??0Win@@QAE@XZ: mov dword ptr [esi + 0x438], eax at 0x005EB611"
Win,0x43C,4,0,"??0Win@@QAE@XZ: mov dword ptr [esi + 0x43c], eax at 0x005EB539"
Win,0x440,4,0,"??0Win@@QAE@XZ: mov dword ptr [esi + 0x440], eax at 0x005EB53F"
WorldWin,0x0,4,0,"?right_menu@WorldWin@@QAEXHH@Z: mov edx, dword ptr [edi] at 0x004C3C66"
WorldWin,0x444,4,0,"??0WorldWin@@QAE@XZ: mov dword ptr [esi + 0x444], 0x66df28 at 0x004C4C4F"
WorldWin,0x4C4,4,0,"?on_redraw@WorldWin@@QAEXXZ: mov eax, dword ptr [esi + 0x4c4] at 0x004C4124"
WorldWin,0x4C8,4,0,"?on_redraw@WorldWin@@QAEXXZ: mov edx, dword ptr [esi + 0x4c8] at 0x004C4132"
WorldWin,0xA14,4,0,"?on_redraw@WorldWin@@QAEXXZ: mov dword ptr [esi + 0xa14], eax at 0x004C3F1C"
WorldWin,0xA18,4,0,"?on_redraw@WorldWin@@QAEXXZ: mov dword ptr [esi + 0xa18], eax at 0x004C3F3E"
WorldWin,0x152C,4,0,"?on_redraw@WorldWin@@QAEXXZ: mov eax, dword ptr [esi + 0x152c] at 0x004C3F6E"
WorldWin,0x1F29C,4,0,"?on_redraw@WorldWin@@QAEXXZ: mov dword ptr [esi + 0x1f29c], 0x80000000 at 0x004C3F74"
WorldWin,0x1F2A4,4,0,"?init@WorldWin@@QAEXH@Z: mov dword ptr [esi + 0x1f2a4], 1 at 0x004C4A11"
WorldWin,0x1F2C4,4,0,"?on_redraw@WorldWin@@QAEXXZ: mov dword ptr [esi + 0x1f2c4], 0xfffffff2 at 0x004C3F5C"
WorldWin,0x1F2C8,4,0,"?on_redraw@WorldWin@@QAEXXZ: mov dword ptr [esi + 0x1f2c8], eax at 0x004C3F4E"
WorldWin,0x1F2CC,4,0,"?on_redraw@WorldWin@@QAEXXZ: mov dword ptr [esi + 0x1f2cc], eax at 0x004C3F68"
WorldWin,0x1F2D8,4,0,"?on_redraw@WorldWin@@QAEXXZ: mov dword ptr [esi + 0x1f2d8], ebx at 0x004C3F2A"
WorldWin,0x1F2DC,4,0,"?on_redraw@WorldWin@@QAEXXZ: mov dword ptr [esi + 0x1f2dc], ebx at 0x004C3F35"
WorldWin,0x239BC,1,0,"?on_redraw@WorldWin@@QAEXXZ: test byte ptr [esi + 0x239bc], 6 at 0x004C40A2"
WorldWin,0x239BC,4,0,"?on_redraw@WorldWin@@QAEXXZ: mov eax, dword ptr [esi + 0x239bc] at 0x004C3EEF"
WorldWin,0x239C0,4,0,"?init@WorldWin@@QAEXH@Z: mov dword ptr [esi + 0x239c0], edi at 0x004C49FF"
WorldWin,0x239C4,4,0,"?on_redraw@WorldWin@@QAEXXZ: mov dword ptr [esi + 0x239c4], eax at 0x004C414B"
WorldWin,0x239C8,4,0,"?on_redraw@WorldWin@@QAEXXZ: mov dword ptr [esi + 0x239c8], eax at 0x004C4162"
WorldWin,0x239CC,4,0,"?set_detail_map@WorldWin@@QAEXXZ: mov dword ptr [ecx + 0x239cc], 1 at 0x004C3950"
WorldWin,0x239D0,4,0,"?UNK3@WorldWin@@QAEXXZ: mov eax, dword ptr [esi + 0x239d0] at 0x004C47FB"
