priority,score,address,name,size,caller_count,call_target_count,recovery_state,binding_category,binding_strategy,analysis_entry_agreement,ida9_relation,ghidra_relation,prototype
P2,12021,0x00401000,??0StringStruct@@QAE@H@Z,88,12,0,unrecovered,,,2,exact,exact,"void (__thiscall ??0StringStruct@@QAE@H@Z)(StringStruct* this, int)"
P0,1021321,0x00401100,?add@StringStruct@@QAEHH@Z,1043,21,3,original_dependency,ui_dependency,recover_string_struct_add,2,exact,exact,"int (__thiscall ?add@StringStruct@@QAEHH@Z)(StringStruct* this, int)"
P3,120,0x00401520,sub_401520,62,0,1,unrecovered,,,2,exact,exact,
P3,2121,0x004015B0,?seek_pos@StringStruct@@QAEHH@Z,134,2,1,unrecovered,,,2,exact,exact,"int (__thiscall ?seek_pos@StringStruct@@QAEHH@Z)(StringStruct* this, int)"
P3,2021,0x00401660,??0ServiceStruct@@QAE@H@Z,88,2,0,unrecovered,,,2,exact,exact,"void (__thiscall ??0ServiceStruct@@QAE@H@Z)(ServiceStruct* this, int)"
P3,1021,0x004016C0,?close@ServiceStruct@@QAEXXZ,153,1,0,unrecovered,,,2,exact,exact,void (__thiscall ?close@ServiceStruct@@QAEXXZ)(ServiceStruct* this)
P3,1321,0x00401760,?add@ServiceStruct@@QAEHH@Z,1043,1,3,unrecovered,,,2,exact,exact,"int (__thiscall ?add@ServiceStruct@@QAEHH@Z)(ServiceStruct* this, int)"
P3,1020,0x00401B80,sub_401b80,88,1,0,unrecovered,,,2,exact,exact,
P3,3020,0x00401BE0,sub_401be0,153,3,0,unrecovered,,,2,exact,exact,
P3,1020,0x00401C80,SessionStruct::SessionStruct,88,1,0,unrecovered,,,2,exact,exact,
P3,1020,0x00401CE0,SessionStruct::close,153,1,0,unrecovered,,,2,exact,exact,
P3,1620,0x00401D80,sub_401d80,1568,1,6,unrecovered,,,2,exact,entry_range,
P3,1020,0x00402310,sub_402310,15,1,0,unrecovered,,,2,exact,exact,
P3,2120,0x00402320,sub_402320,41,2,1,unrecovered,,,2,exact,exact,
P3,220,0x00402350,sub_402350,75,0,2,unrecovered,,,2,exact,exact,
P3,1020,0x004023A0,sub_4023a0,365,1,0,unrecovered,,,2,exact,entry_range,
P3,1320,0x00402550,SpriteStruct::add,1043,1,3,unrecovered,,,2,exact,exact,
P3,221,0x004029F0,??1StringStruct@@QAE@H@Z,102,0,2,unrecovered,,,2,exact,exact,"void (__thiscall ??1StringStruct@@QAE@H@Z)(StringStruct* this, unsigned int)"
P3,220,0x00402A60,ServiceStruct::dt,102,0,2,unrecovered,,,2,exact,exact,
P3,220,0x00402AD0,sub_402ad0,102,0,2,unrecovered,,,2,exact,exact,
P3,220,0x00402B40,SessionStruct::dt,102,0,2,unrecovered,,,2,exact,exact,
P3,220,0x00402BB0,sub_402bb0,102,0,2,unrecovered,,,2,exact,exact,
P3,120,0x00402C20,sub_402c20,66,0,1,unrecovered,,,2,exact,exact,
P3,120,0x00402C70,sub_402c70,66,0,1,unrecovered,,,2,exact,exact,
P3,220,0x00402CC0,sub_402cc0,75,0,2,unrecovered,,,2,exact,exact,
P3,1020,0x00402D10,sub_402d10,108,1,0,unrecovered,,,2,exact,exact,
P3,120,0x00402D80,sub_402d80,66,0,1,unrecovered,,,2,exact,exact,
P3,4120,0x00402DD0,sub_402dd0,279,4,1,unrecovered,,,2,exact,entry_range,
P3,1020,0x00402EE0,sub_402ee0,40,1,0,unrecovered,,,2,exact,exact,
P3,621,0x00402F40,?init@AlphaMenu@@QAEHPAUWin@@@Z,622,0,6,unrecovered,,,2,exact,entry_range,"int (__thiscall ?init@AlphaMenu@@QAEHPAUWin@@@Z)(AlphaMenu* this, Win*)"
P3,221,0x004031A0,?compute@AlphaMenu@@QAEXXZ,242,0,2,unrecovered,,,2,exact,exact,void (__thiscall ?compute@AlphaMenu@@QAEXXZ)(AlphaMenu* this)
P3,121,0x004032A0,?adjust@AlphaMenu@@QAEXXZ,149,0,1,unrecovered,,,2,exact,exact,void (__thiscall ?adjust@AlphaMenu@@QAEXXZ)(AlphaMenu* this)
P3,721,0x00403340,?on_redraw@AlphaMenu@@QAEXXZ,516,0,7,unrecovered,,,2,exact,exact,void (__thiscall ?on_redraw@AlphaMenu@@QAEXXZ)(AlphaMenu* this)
P3,221,0x00403550,?on_mouse_move@AlphaMenu@@QAEXHH@Z,191,0,2,unrecovered,,,2,exact,exact,"void (__thiscall ?on_mouse_move@AlphaMenu@@QAEXHH@Z)(AlphaMenu* this, int xCoord, int yCoord)"
P3,21,0x00403620,?on_adjust_pulldown_pos@AlphaMenu@@QAEXPAHPAH@Z,87,0,0,unrecovered,,,2,exact,exact,"void (__thiscall ?on_adjust_pulldown_pos@AlphaMenu@@QAEXPAHPAH@Z)(AlphaMenu* this, int*, int*)"
P3,3821,0x00403680,?show@AlphaMenu@@QAEXXZ,431,3,8,unrecovered,,,2,exact,exact,void (__thiscall ?show@AlphaMenu@@QAEXXZ)(AlphaMenu* this)
P2,9221,0x00403830,?hide@AlphaMenu@@QAEXXZ,693,8,12,unrecovered,,,2,exact,exact,void (__thiscall ?hide@AlphaMenu@@QAEXXZ)(AlphaMenu* this)
P3,220,0x00403AF0,?fill_func@AlphaMenu@@QAAHPAUGraphicWin@@HPAURECT@@@Z,128,0,2,unrecovered,,,2,exact,exact,
P3,120,0x00403B70,?backfill_func@AlphaMenu@@QAAHPAUGraphicWin@@@Z,36,0,1,unrecovered,,,2,exact,exact,
P3,2420,0x00403BA0,?amovie_project@@YAXH@Z,63,2,4,unrecovered,,,2,exact,exact,
P2,6620,0x00403BE0,?amovie_project@@YAXPAD@Z,1321,5,16,unrecovered,,,2,exact,entry_range,
P3,221,0x00404010,??0AlphaMovie@@QAE@XZ,105,0,2,unrecovered,,,2,exact,entry_range,void (__thiscall ??0AlphaMovie@@QAE@XZ)(AlphaMovie* this)
P3,1921,0x00404070,?exec@AlphaMovie@@QAEHPAD@Z,335,1,9,unrecovered,,,2,exact,exact,"int (__thiscall ?exec@AlphaMovie@@QAEHPAD@Z)(AlphaMovie* this, int8* lpszPath)"
P3,111,0x004041C0,?on_modal@AlphaMovie@@QAE_NXZ,18,0,1,unrecovered,,,1,exact,missing,bool (__thiscall ?on_modal@AlphaMovie@@QAE_NXZ)(AlphaMovie* this)
P3,211,0x004041E0,?close@AlphaMovie@@QAEXXZ,23,0,2,unrecovered,,,1,missing,exact,void (__thiscall ?close@AlphaMovie@@QAEXXZ)(AlphaMovie* this)
P3,1,0x00404200,?UNK1@AlphaMovie@@QAEXXZ,8,0,0,unrecovered,,,0,missing,missing,void (__thiscall ?UNK1@AlphaMovie@@QAEXXZ)(AlphaMovie* this)
P3,111,0x00404290,?update@AlphaMovie@@QAEXXZ,8,0,1,unrecovered,,,1,exact,missing,void (__thiscall ?update@AlphaMovie@@QAEXXZ)(AlphaMovie* this)
P0,1000010,0x004042B0,sub_4042b0,3,0,0,original_dependency,ui_dependency,recover_owning_class,1,exact,missing,
P3,1221,0x004042C0,??1MCIVideo@@QAE@XZ,94,1,2,unrecovered,,,2,exact,entry_range,void (__thiscall ??1MCIVideo@@QAE@XZ)(MCIVideo* this)
P0,1001421,0x00404310,??1AlphaMovie@@QAE@XZ,176,1,4,original_dependency,ui_dependency,recover_owning_class,2,exact,entry_range,void (__thiscall ??1AlphaMovie@@QAE@XZ)(AlphaMovie* this)
P3,221,0x004043D0,??1UV2Player@@QAE@XZ,100,0,2,unrecovered,,,2,exact,entry_range,void (__thiscall ??1UV2Player@@QAE@XZ)(UV2Player* this)
P3,120,0x00404860,?sprite_draw_func@@YAXPAUSprite@@PAUGraphicWin@@HHH@Z,54,0,1,unrecovered,,,2,exact,exact,
P1,104221,0x004048A0,??0Popup@@QAE@XZ,105,104,2,unrecovered,,,2,exact,entry_range,void (__thiscall ??0Popup@@QAE@XZ)(Popup* this)
P3,721,0x00404920,?show@Popup@@QAEXH@Z,348,0,7,unrecovered,,,2,exact,exact,"void (__thiscall ?show@Popup@@QAEXH@Z)(Popup* this, int)"
P0,1004421,0x00404A80,?hide@Popup@@QAEXXZ,127,4,4,original_dependency,ui_dependency,recover_popup_hide,2,exact,exact,void (__thiscall ?hide@Popup@@QAEXXZ)(Popup* this)
P3,321,0x00404B10,?calculate_dimensions@Popup@@QAEHXZ,991,0,3,unrecovered,,,2,exact,exact,int (__thiscall ?calculate_dimensions@Popup@@QAEHXZ)(Popup* this)
P3,321,0x00404EF0,?on_post_window_init@Popup@@QAEXXZ,138,0,3,unrecovered,,,2,exact,exact,void (__thiscall ?on_post_window_init@Popup@@QAEXXZ)(Popup* this)
P3,121,0x00404F90,?on_nc_hittest@Popup@@QAEHHH@Z,20,0,1,unrecovered,,,2,exact,exact,"int (__thiscall ?on_nc_hittest@Popup@@QAEHHH@Z)(Popup* this, int, int)"
P3,420,0x00404FB0,?alloc@Popup@@QAAHXZ,137,0,4,unrecovered,,,2,exact,entry_range,
P3,21,0x00405050,?on_adjust_button_placement@Popup@@QAEXPAH00@Z,67,0,0,unrecovered,,,2,exact,exact,"void (__thiscall ?on_adjust_button_placement@Popup@@QAEXPAH00@Z)(Popup* this, int*, int*, int*)"
P3,321,0x004050A0,?on_link_clicked@Popup@@QAEHHPAD@Z,145,0,3,unrecovered,,,2,exact,exact,"int (__thiscall ?on_link_clicked@Popup@@QAEHHPAD@Z)(Popup* this, int, int8*)"
P3,5820,0x00405140,?POP2@@YAHPBDPBDH@Z,1285,4,18,unrecovered,,,2,exact,entry_range,
P3,3420,0x004055A0,?POP3@@YAXPBDPBDHHH@Z,1028,2,14,unrecovered,,,2,exact,entry_range,
P3,421,0x00405910,?on_exec@Popup@@QAEHXZ,497,0,4,unrecovered,,,2,exact,exact,int (__thiscall ?on_exec@Popup@@QAEHXZ)(Popup* this)
P3,421,0x00405B20,?on_dialog_item_back_draw@Popup@@QAEHPAUGraphicWin@@HHPAURECT@@@Z,338,0,4,unrecovered,,,2,exact,exact,"int (__thiscall ?on_dialog_item_back_draw@Popup@@QAEHPAUGraphicWin@@HHPAURECT@@@Z)(Popup* this, GraphicWin*, int, int, RECT*)"
P3,921,0x00405C80,?on_draw_background@Popup@@QAEHXZ,1489,0,9,unrecovered,,,2,exact,exact,int (__thiscall ?on_draw_background@Popup@@QAEHXZ)(Popup* this)
P3,421,0x00406260,?on_listbox_scroll_create@Popup@@QAEHXZ,195,0,4,unrecovered,,,2,exact,exact,int (__thiscall ?on_listbox_scroll_create@Popup@@QAEHXZ)(Popup* this)
P3,221,0x00406330,?on_listbox_scroll_delete@Popup@@QAEHPAUScroll@@@Z,76,0,2,unrecovered,,,2,exact,exact,"int (__thiscall ?on_listbox_scroll_delete@Popup@@QAEHPAUScroll@@@Z)(Popup* this, Scroll*)"
P0,1084421,0x00406380,?start@Popup@@QAEXPADPBDHPADHPAUGraphicWin@@@Z,332,84,4,original_dependency,ui_dependency,recover_popup_start_full,2,exact,exact,"void (__thiscall ?start@Popup@@QAEXPADPBDHPADHPAUGraphicWin@@@Z)(Popup* this, int8* srcFileID, int8* sectionID, int, int8*, int, GraphicWin*)"
P0,1076121,0x004064D0,??1BasePop@@QAE@XZ,583,75,11,original_dependency,ui_dependency,recover_owning_class,2,exact,entry_range,void (__thiscall ??1BasePop@@QAE@XZ)(BasePop* this)
P3,220,0x00406670,sub_406670,75,0,2,unrecovered,,,2,exact,exact,
P3,10,0x00406840,sub_406840,6,0,0,unrecovered,,,1,exact,missing,
P0,1001020,0x00406850,??1Sprite@@QAE@XZ,5,1,0,original_dependency,ui_dependency,recover_sprite_element_teardown,2,exact,exact,
P3,11,0x00406860,?hide@BaseButton@@QAEXXZ,25,0,0,unrecovered,,,1,exact,missing,void (__thiscall ?hide@BaseButton@@QAEXXZ)(BaseButton* this)
P2,9120,0x00406A90,sub_406a90,83,9,1,unrecovered,,,2,exact,exact,
P2,9320,0x00406AF0,sub_406af0,38,9,3,unrecovered,,,2,exact,exact,
P3,10,0x00406B20,nullsub_27,3,0,0,unrecovered,,,1,exact,missing,
P3,20,0x00406B70,sub_406b70,44,0,0,unrecovered,,,2,exact,exact,
P3,20,0x00406BA0,sub_406ba0,44,0,0,unrecovered,,,2,exact,exact,
P0,1007221,0x00406C00,??1Popup@@QAE@XZ,836,6,12,original_dependency,ui_dependency,recover_owning_class,2,exact,entry_range,void (__thiscall ??1Popup@@QAE@XZ)(Popup* this)
P0,1000411,0x00406F60,??1RadioButton@@QAE@H@Z,130,0,4,original_dependency,ui_dependency,recover_radio_button_dtor,1,missing,exact,"void (__thiscall ??1RadioButton@@QAE@H@Z)(RadioButton* this, int)"
P0,1000411,0x00407100,??_GDialogs@@UAEPAXI@Z,65,0,4,source_complete,ui_dependency,recover_dialogs_scalar_delete,1,missing,exact,"void* (__thiscall ??_GDialogs@@UAEPAXI@Z)(Dialogs* this, unsigned int)"
P3,220,0x004072D0,?filebox_draw@AlphaSave@@QAAXPAUGraphicWin@@HHHHH@Z,120,0,2,unrecovered,,,2,exact,exact,
P3,3621,0x00407350,??0AlphaSave@@QAE@XZ,304,3,6,unrecovered,,,2,exact,entry_range,void (__thiscall ??0AlphaSave@@QAE@XZ)(AlphaSave* this)
P3,4121,0x00407410,?init@AlphaSave@@QAEXXZ,1291,3,11,unrecovered,,,2,exact,entry_range,void (__thiscall ?init@AlphaSave@@QAEXXZ)(AlphaSave* this)
P3,2021,0x00407920,?save@AlphaSave@@QAEXXZ,350,1,10,unrecovered,,,2,exact,exact,void (__thiscall ?save@AlphaSave@@QAEXXZ)(AlphaSave* this)
P3,3021,0x00407A80,?load@AlphaSave@@QAEXXZ,350,2,10,unrecovered,,,2,exact,exact,void (__thiscall ?load@AlphaSave@@QAEXXZ)(AlphaSave* this)
P3,421,0x00407BE0,?show@AlphaSave@@QAEXH@Z,119,0,4,unrecovered,,,2,exact,exact,"void (__thiscall ?show@AlphaSave@@QAEXH@Z)(AlphaSave* this, int)"
P3,421,0x00407C60,?hide@AlphaSave@@QAEXXZ,100,0,4,unrecovered,,,2,exact,exact,void (__thiscall ?hide@AlphaSave@@QAEXXZ)(AlphaSave* this)
P3,121,0x00407CD0,?on_button_clicked@AlphaSave@@QAEXH@Z,22,0,1,unrecovered,,,2,exact,exact,"void (__thiscall ?on_button_clicked@AlphaSave@@QAEXH@Z)(AlphaSave* this, int)"
P3,121,0x00407CF0,?on_double_clicked@AlphaSave@@QAEXH@Z,22,0,1,unrecovered,,,2,exact,exact,"void (__thiscall ?on_double_clicked@AlphaSave@@QAEXH@Z)(AlphaSave* this, int)"
P3,221,0x00407D10,?on_key_click@AlphaSave@@QAEXHH@Z,82,0,2,unrecovered,,,2,exact,exact,"void (__thiscall ?on_key_click@AlphaSave@@QAEXHH@Z)(AlphaSave* this, int, int)"
P3,311,0x00407D90,?on_selected@AlphaSave@@QAEXH@Z,235,0,3,unrecovered,,,1,exact,missing,"void (__thiscall ?on_selected@AlphaSave@@QAEXH@Z)(AlphaSave* this, int)"
P3,421,0x00407E80,?on_listbox_scroll_create@AlphaSave@@QAEHXZ,74,0,4,unrecovered,,,2,exact,exact,int (__thiscall ?on_listbox_scroll_create@AlphaSave@@QAEHXZ)(AlphaSave* this)
P3,221,0x00407ED0,?on_listbox_scroll_delete@AlphaSave@@QAEHPAUScroll@@@Z,35,0,2,unrecovered,,,2,exact,exact,"int (__thiscall ?on_listbox_scroll_delete@AlphaSave@@QAEHPAUScroll@@@Z)(AlphaSave* this, Scroll*)"
P3,2821,0x00407F00,??1FileWin@@QAE@XZ,363,2,8,unrecovered,,,2,exact,entry_range,void (__thiscall ??1FileWin@@QAE@XZ)(FileWin* this)
P0,1002321,0x00408010,??1EditBox@@QAE@XZ,135,2,3,original_dependency,ui_dependency,recover_owning_class,2,exact,entry_range,void (__thiscall ??1EditBox@@QAE@XZ)(EditBox* this)
P3,3320,0x004080B0,sub_4080b0,35,3,3,unrecovered,,,2,exact,exact,
P3,21,0x004080E0,?on_scrolling@AlphaSave@@QAEXHH@Z,44,0,0,unrecovered,,,2,exact,exact,"void (__thiscall ?on_scrolling@AlphaSave@@QAEXHH@Z)(AlphaSave* this, int, int)"
P3,21,0x00408110,?on_scrolled@AlphaSave@@QAEXHH@Z,44,0,0,unrecovered,,,2,exact,exact,"void (__thiscall ?on_scrolled@AlphaSave@@QAEXHH@Z)(AlphaSave* this, int, int)"
P0,1002221,0x00408170,??1AlphaSave@@QAE@XZ,803,1,12,original_dependency,ui_dependency,recover_owning_class,2,exact,entry_range,void (__thiscall ??1AlphaSave@@QAE@XZ)(AlphaSave* this)
P3,500,0x00408410,?load_inverts@@YAXXZ,91,0,5,unrecovered,,,0,missing,missing,
P3,10,0x00408470,sub_408470,26,0,0,unrecovered,,,1,missing,exact,
P0,1002521,0x00408490,??0BaseWin@@QAE@XZ,1147,1,15,original_dependency,ui_dependency,recover_owning_class,2,exact,entry_range,void (__thiscall ??0BaseWin@@QAE@XZ)(BaseWin* this)
P3,1621,0x00408720,?psych_row@BaseWin@@QAEXHHHHHHH@Z,1037,1,6,unrecovered,,,2,exact,entry_range,"void (__thiscall ?psych_row@BaseWin@@QAEXHHHHHHH@Z)(BaseWin* this, int, int, int, int, int, int, int)"
P3,2321,0x00408B20,?draw_psych@BaseWin@@QAEXXZ,901,1,13,unrecovered,,,2,exact,entry_range,void (__thiscall ?draw_psych@BaseWin@@QAEXXZ)(BaseWin* this)
P3,1521,0x00408EB0,?draw_support@BaseWin@@QAEXXZ,527,1,5,unrecovered,,,2,exact,exact,void (__thiscall ?draw_support@BaseWin@@QAEXXZ)(BaseWin* this)
P3,11,0x004090C0,?UNK1@BaseWin@@QAEHH@Z,58,0,0,unrecovered,,,1,missing,exact,"int (__thiscall ?UNK1@BaseWin@@QAEHH@Z)(BaseWin* this, int)"
P3,4221,0x00409100,?farm_get@BaseWin@@QAEHHH@Z,251,4,2,unrecovered,,,2,exact,exact,"int (__thiscall ?farm_get@BaseWin@@QAEHHH@Z)(BaseWin* this, int, int)"
P3,5121,0x00409200,?queue_click@BaseWin@@QAEXHHHH@Z,4888,1,41,unrecovered,,,2,exact,entry_range,"void (__thiscall ?queue_click@BaseWin@@QAEXHHHH@Z)(BaseWin* this, int, int, int, int)"
P3,2121,0x0040A1D0,?farm_click@BaseWin@@QAEXHHH@Z,1711,1,11,unrecovered,,,2,exact,exact,"void (__thiscall ?farm_click@BaseWin@@QAEXHHH@Z)(BaseWin* this, int, int, int)"
P3,5621,0x0040A880,?pop_click@BaseWin@@QAEXHHHH@Z,2600,2,36,unrecovered,,,2,exact,entry_range,"void (__thiscall ?pop_click@BaseWin@@QAEXHHHH@Z)(BaseWin* this, int, int, int, int)"
P3,111,0x0040B120,?UNK2@BaseWin@@QAEXHHHH@Z,28,0,1,unrecovered,,,1,missing,exact,"void (__thiscall ?UNK2@BaseWin@@QAEXHHHH@Z)(BaseWin* this, int, int, int, int)"
P3,7421,0x0040B140,?garrison_click@BaseWin@@QAEXHHHH@Z,3768,4,34,unrecovered,,,2,exact,entry_range,"void (__thiscall ?garrison_click@BaseWin@@QAEXHHHH@Z)(BaseWin* this, int vehID, int, int, int)"
P3,2721,0x0040C070,?facilities_click@BaseWin@@QAEHHHHH@Z,2002,1,17,unrecovered,,,2,exact,exact,"int (__thiscall ?facilities_click@BaseWin@@QAEHHHHH@Z)(BaseWin* this, int, int, int, int)"
P0,1004621,0x0040C850,?draw_supported@BaseWin@@QAEXH@Z,2577,2,26,original_dependency,ui_dependency,recover_base_win_draw_supported,2,exact,entry_range,"void (__thiscall ?draw_supported@BaseWin@@QAEXH@Z)(BaseWin* this, int)"
P3,4121,0x0040D250,?draw_flash@BaseWin@@QAEXH@Z,4406,1,31,unrecovered,,,2,exact,entry_range,"void (__thiscall ?draw_flash@BaseWin@@QAEXH@Z)(BaseWin* this, int)"
P2,9921,0x0040E360,?draw_production@BaseWin@@QAEXH@Z,3504,6,39,unrecovered,,,2,exact,entry_range,"void (__thiscall ?draw_production@BaseWin@@QAEXH@Z)(BaseWin* this, int)"
P3,5921,0x0040F0F0,?draw_farm@BaseWin@@QAEXH@Z,3011,3,29,unrecovered,,,2,exact,exact,"void (__thiscall ?draw_farm@BaseWin@@QAEXH@Z)(BaseWin* this, int)"
P3,4721,0x0040FCC0,?draw_facilities@BaseWin@@QAEXH@Z,1788,2,27,unrecovered,,,2,exact,entry_range,"void (__thiscall ?draw_facilities@BaseWin@@QAEXH@Z)(BaseWin* this, int)"
P3,4021,0x004103B0,?draw_garrison@BaseWin@@QAEXH@Z,1229,2,20,unrecovered,,,2,exact,entry_range,"void (__thiscall ?draw_garrison@BaseWin@@QAEXH@Z)(BaseWin* this, int)"
P3,2521,0x00410870,?draw_commerce@BaseWin@@QAEXH@Z,2522,1,15,unrecovered,,,2,exact,entry_range,"void (__thiscall ?draw_commerce@BaseWin@@QAEXH@Z)(BaseWin* this, int)"
P3,2921,0x00411240,?draw_nutrients@BaseWin@@QAEXH@Z,1864,1,19,unrecovered,,,2,exact,entry_range,"void (__thiscall ?draw_nutrients@BaseWin@@QAEXH@Z)(BaseWin* this, int)"
P3,4621,0x00411980,?draw_energy_alloc@BaseWin@@QAEXH@Z,4395,3,16,unrecovered,,,2,exact,entry_range,"void (__thiscall ?draw_energy_alloc@BaseWin@@QAEXH@Z)(BaseWin* this, int)"
P2,7021,0x00412AA0,?draw_expenses@BaseWin@@QAEXH@Z,8365,5,20,unrecovered,,,2,exact,entry_range,"void (__thiscall ?draw_expenses@BaseWin@@QAEXH@Z)(BaseWin* this, int)"
P3,2521,0x00414B40,?draw_pop@BaseWin@@QAEXH@Z,1365,1,15,unrecovered,,,2,exact,entry_range,"void (__thiscall ?draw_pop@BaseWin@@QAEXH@Z)(BaseWin* this, int)"
P2,10121,0x00415080,?draw_queue@BaseWin@@QAEXH@Z,1729,8,21,unrecovered,,,2,exact,entry_range,"void (__thiscall ?draw_queue@BaseWin@@QAEXH@Z)(BaseWin* this, int)"
P3,2321,0x00415730,?draw_misc@BaseWin@@QAEXH@Z,997,1,13,unrecovered,,,2,exact,exact,"void (__thiscall ?draw_misc@BaseWin@@QAEXH@Z)(BaseWin* this, int)"
P3,3121,0x00415B20,?draw_info@BaseWin@@QAEXH@Z,686,2,11,unrecovered,,,2,exact,exact,"void (__thiscall ?draw_info@BaseWin@@QAEXH@Z)(BaseWin* this, int)"
P3,4421,0x00415DD0,?focus@BaseWin@@QAEXXZ,130,4,4,unrecovered,,,2,exact,exact,void (__thiscall ?focus@BaseWin@@QAEXXZ)(BaseWin* this)
P3,411,0x00415E60,?UNK3@BaseWin@@QAEXH@Z,155,0,4,unrecovered,,,1,missing,exact,"void (__thiscall ?UNK3@BaseWin@@QAEXH@Z)(BaseWin* this, int baseID)"
P3,2321,0x00415F00,?gov_activate@BaseWin@@QAEXXZ,112,2,3,unrecovered,,,2,exact,exact,void (__thiscall ?gov_activate@BaseWin@@QAEXXZ)(BaseWin* this)
P3,4721,0x00415F70,?gov_on@BaseWin@@QAEXH@Z,369,4,7,unrecovered,,,2,exact,exact,"void (__thiscall ?gov_on@BaseWin@@QAEXH@Z)(BaseWin* this, int)"
P0,1005621,0x004160F0,?iface_click@BaseWin@@QAEXHHHH@Z,1058,4,16,original_dependency,ui_dependency,recover_base_win_iface_click,2,exact,exact,"void (__thiscall ?iface_click@BaseWin@@QAEXHHHH@Z)(BaseWin* this, int xCoord, int yCoord, int, int)"
P3,211,0x00416540,?bubble_me_elmo2@BaseWin@@QAEXPADHH@Z,64,0,2,unrecovered,,,1,missing,exact,"void (__thiscall ?bubble_me_elmo2@BaseWin@@QAEXPADHH@Z)(BaseWin* this, int8*, int, int)"
P3,210,0x00416580,?bubble_me_elmo2@BaseWin@@QAGXPADHH@Z,66,0,2,unrecovered,,,1,missing,exact,
P0,1004421,0x004165D0,?click@BaseWin@@QAEXHHHH@Z,1971,3,14,original_dependency,ui_dependency,recover_base_win_click,2,exact,exact,"void (__thiscall ?click@BaseWin@@QAEXHHHH@Z)(BaseWin* this, int xCoord, int yCoord, int, int)"
P3,1421,0x00416D90,?recompute@BaseWin@@QAEXH@Z,58,1,4,unrecovered,,,2,exact,exact,"void (__thiscall ?recompute@BaseWin@@QAEXH@Z)(BaseWin* this, int)"
P3,1221,0x00416DE0,?add_queue@BaseWin@@QAEXHH@Z,456,1,2,unrecovered,,,2,exact,exact,"void (__thiscall ?add_queue@BaseWin@@QAEXHH@Z)(BaseWin* this, int, int)"
P3,111,0x00416FB0,?delete_queue@BaseWin@@QAEXH@Z,140,0,1,unrecovered,,,1,missing,exact,"void (__thiscall ?delete_queue@BaseWin@@QAEXH@Z)(BaseWin* this, int)"
P2,12421,0x00417040,?production@BaseWin@@QAEXHH@Z,9193,7,54,unrecovered,,,2,exact,entry_range,"void (__thiscall ?production@BaseWin@@QAEXHH@Z)(BaseWin* this, int, int)"
P2,8821,0x00418DF0,?hurry@BaseWin@@QAEXXZ,3870,5,38,unrecovered,,,2,exact,entry_range,void (__thiscall ?hurry@BaseWin@@QAEXXZ)(BaseWin* this)
P3,5021,0x00419A90,?governor@BaseWin@@QAEHH@Z,1408,4,10,unrecovered,,,2,exact,exact,"int (__thiscall ?governor@BaseWin@@QAEHH@Z)(BaseWin* this, int)"
P3,2421,0x0041A010,?prev@BaseWin@@QAEXXZ,333,2,4,unrecovered,,,2,exact,exact,void (__thiscall ?prev@BaseWin@@QAEXXZ)(BaseWin* this)
P3,2421,0x0041A160,?next@BaseWin@@QAEXXZ,333,2,4,unrecovered,,,2,exact,exact,void (__thiscall ?next@BaseWin@@QAEXXZ)(BaseWin* this)
P3,3221,0x0041A2B0,?rename@BaseWin@@QAEXXZ,518,2,12,unrecovered,,,2,exact,exact,void (__thiscall ?rename@BaseWin@@QAEXXZ)(BaseWin* this)
P3,4521,0x0041A4C0,?exit@BaseWin@@QAEXXZ,329,4,5,unrecovered,,,2,exact,exact,void (__thiscall ?exit@BaseWin@@QAEXXZ)(BaseWin* this)
P3,1521,0x0041A620,?base_killed@BaseWin@@QAEXH@Z,381,1,5,unrecovered,,,2,exact,exact,"void (__thiscall ?base_killed@BaseWin@@QAEXH@Z)(BaseWin* this, int baseID)"
P2,9321,0x0041A7A0,?check_base@BaseWin@@QAEXH@Z,63,9,3,unrecovered,,,2,exact,exact,"void (__thiscall ?check_base@BaseWin@@QAEXH@Z)(BaseWin* this, int baseID)"
P3,2421,0x0041A7E0,?check_loc@BaseWin@@QAEXHHH@Z,199,2,4,unrecovered,,,2,exact,exact,"void (__thiscall ?check_loc@BaseWin@@QAEXHHH@Z)(BaseWin* this, int, int, int)"
P3,3221,0x0041A8B0,?check_veh@BaseWin@@QAEXH@Z,109,3,2,unrecovered,,,2,exact,exact,"void (__thiscall ?check_veh@BaseWin@@QAEXH@Z)(BaseWin* this, int)"
P1,24821,0x0041A920,?zoom@BaseWin@@QAEXHH@Z,1312,23,18,unrecovered,,,2,exact,exact,"void (__thiscall ?zoom@BaseWin@@QAEXHH@Z)(BaseWin* this, int baseID, int)"
P2,6621,0x0041AE40,?soft_zoom@BaseWin@@QAEXH@Z,210,6,6,unrecovered,,,2,exact,exact,"void (__thiscall ?soft_zoom@BaseWin@@QAEXH@Z)(BaseWin* this, int)"
P3,121,0x0041AF50,?on_key_click@BaseWin@@QAEXHH@Z,25,0,1,unrecovered,,,2,exact,exact,"void (__thiscall ?on_key_click@BaseWin@@QAEXHH@Z)(BaseWin* this, int, int)"
P3,421,0x0041AFD0,?on_left_up@BaseWin@@QAEXHH@Z,317,0,4,unrecovered,,,2,exact,exact,"void (__thiscall ?on_left_up@BaseWin@@QAEXHH@Z)(BaseWin* this, int, int)"
P3,321,0x0041B110,?on_left_down@BaseWin@@QAEXHH@Z,201,0,3,unrecovered,,,2,exact,exact,"void (__thiscall ?on_left_down@BaseWin@@QAEXHH@Z)(BaseWin* this, int xCoord, int yCoord)"
P3,1121,0x0041B1F0,?on_mouse_move@BaseWin@@QAEXHH@Z,673,0,11,unrecovered,,,2,exact,exact,"void (__thiscall ?on_mouse_move@BaseWin@@QAEXHH@Z)(Win* this, int xCoord, int yCoord)"
P3,121,0x0041B4A0,?on_scrolled@BaseWin@@QAEXHH@Z,29,0,1,unrecovered,,,2,exact,exact,"void (__thiscall ?on_scrolled@BaseWin@@QAEXHH@Z)(BaseWin* this, int, int)"
P3,2021,0x0041B4F0,?staple_the_bastards@BaseWin@@QAEXXZ,669,1,10,unrecovered,,,2,exact,exact,void (__thiscall ?staple_the_bastards@BaseWin@@QAEXXZ)(BaseWin* this)
P3,3621,0x0041B790,?base_editor_fac@BaseWin@@QAEXXZ,1262,1,26,unrecovered,,,2,exact,entry_range,void (__thiscall ?base_editor_fac@BaseWin@@QAEXXZ)(BaseWin* this)
P3,3521,0x0041BBC0,?base_editor_proj@BaseWin@@QAEXXZ,2038,1,25,unrecovered,,,2,exact,entry_range,void (__thiscall ?base_editor_proj@BaseWin@@QAEXXZ)(BaseWin* this)
P3,3221,0x0041C240,?base_editor_copy@BaseWin@@QAEXH@Z,1636,1,22,unrecovered,,,2,exact,entry_range,"void (__thiscall ?base_editor_copy@BaseWin@@QAEXH@Z)(BaseWin* this, int)"
P3,7621,0x0041C7A0,?base_editor@BaseWin@@QAEXXZ,4031,2,56,unrecovered,,,2,exact,entry_range,void (__thiscall ?base_editor@BaseWin@@QAEXXZ)(BaseWin* this)
P3,3121,0x0041D500,?on_button_clicked@BaseWin@@QAEXH@Z,1388,0,31,unrecovered,,,2,exact,exact,"void (__thiscall ?on_button_clicked@BaseWin@@QAEXH@Z)(BaseWin* this, int)"
P3,1121,0x0041DAD0,?on_status@BaseWin@@QAEXH@Z,431,0,11,unrecovered,,,2,exact,exact,"void (__thiscall ?on_status@BaseWin@@QAEXH@Z)(BaseWin* this, int isDisplaying)"
P3,421,0x0041DD10,?on_iface_left_up@BaseWin@@QAEXHH@Z,331,0,4,unrecovered,,,2,exact,exact,"void (__thiscall ?on_iface_left_up@BaseWin@@QAEXHH@Z)(BaseWin* this, int, int)"
P3,321,0x0041DE60,?on_iface_left_down@BaseWin@@QAEXHH@Z,216,0,3,unrecovered,,,2,exact,exact,"void (__thiscall ?on_iface_left_down@BaseWin@@QAEXHH@Z)(BaseWin* this, int xCoord, int yCoord)"
P3,1321,0x0041DF50,?on_iface_mouse_move@BaseWin@@QAEXHH@Z,1164,0,13,unrecovered,,,2,exact,exact,"void (__thiscall ?on_iface_mouse_move@BaseWin@@QAEXHH@Z)(BaseWin* this, int xCoord, int yCoord)"
P3,721,0x0041E3E0,?on_iface_mouse_leave@BaseWin@@QAEXHH@Z,224,0,7,unrecovered,,,2,exact,exact,"void (__thiscall ?on_iface_mouse_leave@BaseWin@@QAEXHH@Z)(BaseWin* this, int, int)"
P3,21,0x0041E510,?on_iface_button_clicked@BaseWin@@QAEXH@Z,29,0,0,unrecovered,,,2,exact,exact,"void (__thiscall ?on_iface_button_clicked@BaseWin@@QAEXH@Z)(BaseWin* this, int)"
P3,21,0x0041E530,?on_iface_button_toggled@BaseWin@@QAEXHH@Z,33,0,0,unrecovered,,,2,exact,exact,"void (__thiscall ?on_iface_button_toggled@BaseWin@@QAEXHH@Z)(BaseWin* this, int, int)"
P3,1121,0x0041E560,?update_gov_buttons@BaseWin@@QAEXXZ,552,1,1,unrecovered,,,2,exact,exact,void (__thiscall ?update_gov_buttons@BaseWin@@QAEXXZ)(BaseWin* this)
P3,4621,0x0041E790,?on_redraw@BaseWin@@QAEXXZ,245,3,16,unrecovered,,,2,exact,exact,void (__thiscall ?on_redraw@BaseWin@@QAEXXZ)(BaseWin* this)
P3,221,0x0041E890,?show@BaseWin@@QAEXH@Z,27,0,2,unrecovered,,,2,exact,exact,"void (__thiscall ?show@BaseWin@@QAEXH@Z)(BaseWin* this, int)"
P3,221,0x0041E8B0,?hide@BaseWin@@QAEXXZ,25,0,2,unrecovered,,,2,exact,exact,void (__thiscall ?hide@BaseWin@@QAEXXZ)(BaseWin* this)
P3,4021,0x0041E8D0,?init@BaseWin@@QAEXXZ,8578,1,30,unrecovered,,,2,exact,entry_range,void (__thiscall ?init@BaseWin@@QAEXXZ)(BaseWin* this)
P3,121,0x00420A40,?on_nc_hittest@BaseWin@@QAEHHH@Z,47,0,1,unrecovered,,,2,exact,exact,"int (__thiscall ?on_nc_hittest@BaseWin@@QAEHHH@Z)(BaseWin* this, int, int)"
P0,1002721,0x00420A70,??1BaseWin@@QAE@XZ,2201,1,17,original_dependency,ui_dependency,recover_owning_class,2,exact,entry_range,void (__thiscall ??1BaseWin@@QAE@XZ)(BaseWin* this)
P0,1006521,0x00420F90,??1MapWin@@QAE@XZ,507,6,5,original_dependency,ui_dependency,recover_owning_class,2,exact,entry_range,void (__thiscall ??1MapWin@@QAE@XZ)(MapWin* this)
P0,1002121,0x00421100,??1ProdPicker@@QAE@XZ,952,1,11,original_dependency,ui_dependency,recover_owning_class,2,exact,entry_range,void (__thiscall ??1ProdPicker@@QAE@XZ)(ProdPicker* this)
P0,1002521,0x00421400,??1PopMenu@@QAE@XZ,803,1,15,original_dependency,ui_dependency,recover_owning_class,2,exact,entry_range,void (__thiscall ??1PopMenu@@QAE@XZ)(PopMenu* this)
P3,3020,0x004216F0,sub_4216f0,284,3,0,unrecovered,,,2,exact,exact,
P0,1000311,0x00421830,??_GMapWin@@UAEPAXI@Z,54,0,3,original_dependency,ui_dependency,recover_map_win_scalar_delete,1,missing,exact,"void* (__thiscall ??_GMapWin@@UAEPAXI@Z)(MapWin* this, unsigned int)"
P3,1221,0x004219E0,?init@BattleWin@@QAEXXZ,319,1,2,unrecovered,,,2,exact,exact,void (__thiscall ?init@BattleWin@@QAEXXZ)(BattleWin* this)
P3,1121,0x00421B20,?pulse_timer@BattleWin@@QAEXXZ,23,1,1,unrecovered,,,2,exact,exact,void (__thiscall ?pulse_timer@BattleWin@@QAEXXZ)(BattleWin* this)
P3,2021,0x00421B40,?stop_timer@BattleWin@@QAEXXZ,8,2,0,unrecovered,,,2,exact,exact,void (__thiscall ?stop_timer@BattleWin@@QAEXXZ)(BattleWin* this)
P3,3821,0x00421B50,?battle_report@BattleWin@@QAEXHHHHH@Z,4311,1,28,unrecovered,,,2,exact,entry_range,"void (__thiscall ?battle_report@BattleWin@@QAEXHHHHH@Z)(BattleWin* this, int, int, int, int, int)"
P3,1321,0x00422C50,?clear@BattleWin@@QAEXXZ,101,1,3,unrecovered,,,2,exact,exact,void (__thiscall ?clear@BattleWin@@QAEXXZ)(BattleWin* this)
P3,721,0x00422CC0,?on_status@BattleWin@@QAEXH@Z,249,0,7,unrecovered,,,2,exact,exact,"void (__thiscall ?on_status@BattleWin@@QAEXH@Z)(BattleWin* this, int)"
P3,221,0x00422DC0,?on_iface_button_clicked@BattleWin@@QAEXH@Z,26,0,2,unrecovered,,,2,exact,exact,"void (__thiscall ?on_iface_button_clicked@BattleWin@@QAEXH@Z)(BattleWin* this, int)"
P3,221,0x00422DE0,?on_iface_group_clicked@BattleWin@@QAEXHHH@Z,38,0,2,unrecovered,,,2,exact,exact,"void (__thiscall ?on_iface_group_clicked@BattleWin@@QAEXHHH@Z)(BattleWin* this, int, int, int)"
P3,221,0x00422E30,?on_iface_left_down@BattleWin@@QAEXHH@Z,52,0,2,unrecovered,,,2,exact,exact,"void (__thiscall ?on_iface_left_down@BattleWin@@QAEXHH@Z)(BattleWin* this, int xCoord, int yCoord)"
P0,1001121,0x00422EE0,??0BattleWin@@QAE@XZ,27,1,1,original_dependency,ui_dependency,recover_owning_class,2,exact,exact,void (__thiscall ??0BattleWin@@QAE@XZ)(BattleWin* this)
P3,2720,0x00422F20,?compare_palettes@@YAHXZ,236,2,7,unrecovered,,,2,exact,entry_range,
P3,3020,0x00423000,?colortables_init_faction@@YAXH@Z,1422,1,20,unrecovered,,,2,exact,entry_range,
P3,3620,0x00423570,?colortables_init@@YAXXZ,3671,1,26,unrecovered,,,2,exact,entry_range,
P3,1020,0x004243D0,?clear_council_notify@@YAXH@Z,24,1,0,unrecovered,,,2,exact,exact,
P3,1020,0x004243F0,?clear_council_notify@@YAXXZ,29,1,0,unrecovered,,,2,exact,exact,
P3,2121,0x00424410,?make_resolution@CouncWin@@QAEHH@Z,783,2,1,unrecovered,,,2,exact,exact,"int (__thiscall ?make_resolution@CouncWin@@QAEHH@Z)(CouncWin* this, int)"
P3,4321,0x00424720,?set_vote@CouncWin@@QAEXHH@Z,332,4,3,unrecovered,,,2,exact,exact,"void (__thiscall ?set_vote@CouncWin@@QAEXHH@Z)(CouncWin* this, int, int)"
P3,3021,0x00424870,?on_button_clicked@CouncWin@@QAEXH@Z,2374,0,30,unrecovered,,,2,exact,entry_range,"void (__thiscall ?on_button_clicked@CouncWin@@QAEXH@Z)(CouncWin* this, int)"
P3,3221,0x00425050,?on_left_click@CouncWin@@QAEXHH@Z,3439,0,32,unrecovered,,,2,exact,entry_range,"void (__thiscall ?on_left_click@CouncWin@@QAEXHH@Z)(CouncWin* this, int xCoord, int yCoord)"
P3,421,0x00425BA0,?on_key_click@CouncWin@@QAEHHH@Z,493,0,4,unrecovered,,,2,exact,exact,"int (__thiscall ?on_key_click@CouncWin@@QAEHHH@Z)(CouncWin* this, int, int)"
P3,111,0x00425D90,?draw_all_leaders@CouncWin@@QAEXXZ,26,0,1,unrecovered,,,1,missing,exact,void (__thiscall ?draw_all_leaders@CouncWin@@QAEXXZ)(CouncWin* this)
P2,6321,0x00425DB0,?draw_leader@CouncWin@@QAEXH@Z,1705,5,13,unrecovered,,,2,exact,exact,"void (__thiscall ?draw_leader@CouncWin@@QAEXH@Z)(CouncWin* this, int factionID)"
P3,2521,0x00426470,?draw_info@CouncWin@@QAEXXZ,1573,1,15,unrecovered,,,2,exact,exact,void (__thiscall ?draw_info@CouncWin@@QAEXXZ)(CouncWin* this)
P3,1021,0x00426AA0,?on_redraw@CouncWin@@QAEXXZ,1025,0,10,unrecovered,,,2,exact,exact,void (__thiscall ?on_redraw@CouncWin@@QAEXXZ)(CouncWin* this)
P3,111,0x00426EC0,?on_mouse_leave@CouncWin@@QAEXHH@Z,30,0,1,unrecovered,,,1,exact,missing,"void (__thiscall ?on_mouse_leave@CouncWin@@QAEXHH@Z)(CouncWin* this, int, int)"
P3,321,0x00426EE0,?on_mouse_move@CouncWin@@QAEXHH@Z,152,0,3,unrecovered,,,2,exact,exact,"void (__thiscall ?on_mouse_move@CouncWin@@QAEXHH@Z)(CouncWin* this, int xCoord, int yCoord)"
P3,721,0x00426FA0,?on_status@CouncWin@@QAEXH@Z,180,0,7,unrecovered,,,2,exact,exact,"void (__thiscall ?on_status@CouncWin@@QAEXH@Z)(CouncWin* this, int)"
P3,21,0x004270F0,?on_iface_button_clicked@CouncWin@@QAEXH@Z,29,0,0,unrecovered,,,2,exact,exact,"void (__thiscall ?on_iface_button_clicked@CouncWin@@QAEXH@Z)(CouncWin* this, int)"
P3,221,0x00427130,?show@CouncWin@@QAEHH@Z,27,0,2,unrecovered,,,2,exact,exact,"int (__thiscall ?show@CouncWin@@QAEHH@Z)(CouncWin* this, int)"
P3,111,0x00427160,?close@CouncWin@@QAEXXZ,94,0,1,unrecovered,,,1,exact,missing,void (__thiscall ?close@CouncWin@@QAEXXZ)(CouncWin* this)
P3,1121,0x004271C0,?arrived@CouncWin@@QAEXH@Z,109,1,1,unrecovered,,,2,exact,exact,"void (__thiscall ?arrived@CouncWin@@QAEXH@Z)(CouncWin* this, int)"
P3,4321,0x00427230,?init@CouncWin@@QAEXHH@Z,4396,1,33,unrecovered,,,2,exact,entry_range,"void (__thiscall ?init@CouncWin@@QAEXHH@Z)(CouncWin* this, int, int)"
P3,3520,0x00428350,?council@@YAXHHH@Z,510,3,5,unrecovered,,,2,exact,exact,
P0,1001421,0x00428550,??1CouncWin@@QAE@XZ,312,1,4,original_dependency,ui_dependency,recover_owning_class,2,exact,entry_range,void (__thiscall ??1CouncWin@@QAE@XZ)(CouncWin* this)
P0,1001421,0x00428620,??0CouncWin@@QAE@XZ,346,1,4,original_dependency,ui_dependency,recover_owning_class,2,exact,entry_range,void (__thiscall ??0CouncWin@@QAE@XZ)(CouncWin* this)
P3,1521,0x00428780,??0Credits@@QAE@XZ,250,1,5,unrecovered,,,2,exact,entry_range,void (__thiscall ??0Credits@@QAE@XZ)(Credits* this)
P3,211,0x00428830,?unload@Credits@@QAEXXZ,77,0,2,unrecovered,,,1,exact,missing,void (__thiscall ?unload@Credits@@QAEXXZ)(Credits* this)
P3,2021,0x00428880,?load@Credits@@QAEXXZ,314,1,10,unrecovered,,,2,exact,exact,void (__thiscall ?load@Credits@@QAEXXZ)(Credits* this)
P3,211,0x004289C0,?close@Credits@@QAEXXZ,41,0,2,unrecovered,,,1,missing,exact,void (__thiscall ?close@Credits@@QAEXXZ)(Credits* this)
P3,2521,0x004289F0,?exec@Credits@@QAEXXZ,514,1,15,unrecovered,,,2,exact,exact,void (__thiscall ?exec@Credits@@QAEXXZ)(Credits* this)
P3,1521,0x00428C00,?draw_credits@Credits@@QAEXXZ,348,1,5,unrecovered,,,2,exact,exact,void (__thiscall ?draw_credits@Credits@@QAEXXZ)(Credits* this)
P3,11,0x00428DC0,?timer_callback_daemon@Credits@@QAEXXZ,11,0,0,unrecovered,,,1,exact,missing,void (__thiscall ?timer_callback_daemon@Credits@@QAEXXZ)(Credits* this)
P3,120,0x00428DD0,?timer_callback_daemon@Credits@@QAAXH@Z,23,0,1,unrecovered,,,2,exact,exact,
P3,4420,0x00428DF0,?show_credits@@YAXXZ,128,4,4,unrecovered,,,2,exact,entry_range,
P0,1001821,0x00428E90,??1Credits@@QAE@XZ,322,1,8,original_dependency,ui_dependency,recover_owning_class,2,exact,entry_range,void (__thiscall ??1Credits@@QAE@XZ)(Credits* this)
P0,1001921,0x00428FC0,??0Datalink@@QAE@XZ,737,1,9,original_dependency,ui_dependency,recover_owning_class,2,exact,entry_range,void (__thiscall ??0Datalink@@QAE@XZ)(Datalink* this)
P0,1018821,0x00429180,?exec@Datalink@@QAEXIH@Z,380,18,8,original_dependency,ui_dependency,recover_datalink_exec,2,exact,exact,"void (__thiscall ?exec@Datalink@@QAEXIH@Z)(Datalink* this, DatalinkID datalinkID, int)"
P3,4421,0x00429300,?init@Datalink@@QAEXXZ,3367,2,24,unrecovered,,,2,exact,entry_range,void (__thiscall ?init@Datalink@@QAEXXZ)(Datalink* this)
P3,1021,0x0042A040,?parse_id@Datalink@@QAEXHPAUDatalinkID@@PAH@Z,54,1,0,unrecovered,,,2,exact,exact,"int (__thiscall ?parse_id@Datalink@@QAEXHPAUDatalinkID@@PAH@Z)(Datalink* this, int, DatalinkID*, int*)"
P3,2121,0x0042A080,?construct_id@Datalink@@QAEXPADIH@Z,45,2,1,unrecovered,,,2,exact,exact,"void (__thiscall ?construct_id@Datalink@@QAEXPADIH@Z)(Datalink* this, int8*, DatalinkID, int)"
P3,111,0x0042A0B0,?UNK2@Datalink@@QAEXPADPAHPAH@Z,65,0,1,unrecovered,,,1,missing,exact,"void (__thiscall ?UNK2@Datalink@@QAEXPADPAHPAH@Z)(Datalink* this, int8*, int*, int*)"
P3,121,0x0042A100,?on_dialog_back_draw@Datalink@@QAEHPAUGraphicWin@@@Z,80,0,1,unrecovered,,,2,exact,exact,"int (__thiscall ?on_dialog_back_draw@Datalink@@QAEHPAUGraphicWin@@@Z)(Datalink* this, GraphicWin*)"
P3,221,0x0042A150,?on_dialog_item_back_draw@Datalink@@QAEHPAUGraphicWin@@HHPAURECT@@@Z,272,0,2,unrecovered,,,2,exact,exact,"int (__thiscall ?on_dialog_item_back_draw@Datalink@@QAEHPAUGraphicWin@@HHPAURECT@@@Z)(Datalink* this, GraphicWin*, int, int, RECT*)"
P3,211,0x0042A260,?UNK3@Datalink@@QAEXIH@Z,95,0,2,unrecovered,,,1,missing,exact,"void (__thiscall ?UNK3@Datalink@@QAEXIH@Z)(Datalink* this, DatalinkID, int)"
P2,8021,0x0042A2C0,?set_cat@Datalink@@QAEXIH@Z,492,6,20,unrecovered,,,2,exact,exact,"void (__thiscall ?set_cat@Datalink@@QAEXIH@Z)(Datalink* this, DatalinkID, int)"
P3,3121,0x0042A4F0,?set_cat_all@Datalink@@QAEXXZ,305,1,21,unrecovered,,,2,exact,exact,void (__thiscall ?set_cat_all@Datalink@@QAEXXZ)(Datalink* this)
P3,3021,0x0042A630,?set_cat_unit@Datalink@@QAEXXZ,350,2,10,unrecovered,,,2,exact,exact,void (__thiscall ?set_cat_unit@Datalink@@QAEXXZ)(Datalink* this)
P3,3021,0x0042A790,?set_cat_chassis@Datalink@@QAEXXZ,356,2,10,unrecovered,,,2,exact,exact,void (__thiscall ?set_cat_chassis@Datalink@@QAEXXZ)(Datalink* this)
P3,3021,0x0042A900,?set_cat_reactor@Datalink@@QAEXXZ,346,2,10,unrecovered,,,2,exact,exact,void (__thiscall ?set_cat_reactor@Datalink@@QAEXXZ)(Datalink* this)
P3,3021,0x0042AA60,?set_cat_weapon@Datalink@@QAEXXZ,346,2,10,unrecovered,,,2,exact,exact,void (__thiscall ?set_cat_weapon@Datalink@@QAEXXZ)(Datalink* this)
P3,3021,0x0042ABC0,?set_cat_defense@Datalink@@QAEXXZ,346,2,10,unrecovered,,,2,exact,exact,void (__thiscall ?set_cat_defense@Datalink@@QAEXXZ)(Datalink* this)
P3,3021,0x0042AD20,?set_cat_ability@Datalink@@QAEXXZ,346,2,10,unrecovered,,,2,exact,exact,void (__thiscall ?set_cat_ability@Datalink@@QAEXXZ)(Datalink* this)
P3,3021,0x0042AE80,?set_cat_facility@Datalink@@QAEXXZ,345,2,10,unrecovered,,,2,exact,exact,void (__thiscall ?set_cat_facility@Datalink@@QAEXXZ)(Datalink* this)
P3,3221,0x0042AFE0,?set_cat_project@Datalink@@QAEXXZ,426,2,12,unrecovered,,,2,exact,exact,void (__thiscall ?set_cat_project@Datalink@@QAEXXZ)(Datalink* this)
P3,3021,0x0042B190,?set_cat_tech@Datalink@@QAEXXZ,355,2,10,unrecovered,,,2,exact,exact,void (__thiscall ?set_cat_tech@Datalink@@QAEXXZ)(Datalink* this)
P3,3321,0x0042B300,?set_cat_concept@Datalink@@QAEXXZ,391,2,13,unrecovered,,,2,exact,exact,void (__thiscall ?set_cat_concept@Datalink@@QAEXXZ)(Datalink* this)
P3,2321,0x0042B490,?set_cat_adv_concept@Datalink@@QAEXXZ,410,1,13,unrecovered,,,2,exact,exact,void (__thiscall ?set_cat_adv_concept@Datalink@@QAEXXZ)(Datalink* this)
P3,3021,0x0042B630,?set_cat_social@Datalink@@QAEXXZ,421,2,10,unrecovered,,,2,exact,exact,void (__thiscall ?set_cat_social@Datalink@@QAEXXZ)(Datalink* this)
P3,3021,0x0042B7E0,?set_cat_effect@Datalink@@QAEXXZ,340,2,10,unrecovered,,,2,exact,exact,void (__thiscall ?set_cat_effect@Datalink@@QAEXXZ)(Datalink* this)
P3,3021,0x0042B940,?set_cat_faction@Datalink@@QAEXXZ,355,2,10,unrecovered,,,2,exact,exact,void (__thiscall ?set_cat_faction@Datalink@@QAEXXZ)(Datalink* this)
P3,3021,0x0042BAB0,?set_cat_terraform@Datalink@@QAEXXZ,513,2,10,unrecovered,,,2,exact,exact,void (__thiscall ?set_cat_terraform@Datalink@@QAEXXZ)(Datalink* this)
P3,1121,0x0042BCC0,?set_index@Datalink@@QAEXHH@Z,84,1,1,unrecovered,,,2,exact,exact,"void (__thiscall ?set_index@Datalink@@QAEXHH@Z)(Datalink* this, int, int)"
P3,1221,0x0042BD40,?show@Datalink@@QAEXH@Z,27,1,2,unrecovered,,,2,exact,exact,"void (__thiscall ?show@Datalink@@QAEXH@Z)(Datalink* this, int)"
P3,221,0x0042BD60,?hide@Datalink@@QAEXXZ,25,0,2,unrecovered,,,2,exact,exact,void (__thiscall ?hide@Datalink@@QAEXXZ)(Datalink* this)
P3,11,0x0042BD80,?UNK4@Datalink@@QAEXHH@Z,122,0,0,unrecovered,,,1,missing,exact,"void (__thiscall ?UNK4@Datalink@@QAEXHH@Z)(Datalink* this, int, int)"
P3,311,0x0042BE00,?UNK5@Datalink@@QAEXXZ,157,0,3,unrecovered,,,1,missing,exact,void (__thiscall ?UNK5@Datalink@@QAEXXZ)(Datalink* this)
P3,311,0x0042BEB0,?UNK7@Datalink@@QAEXPADPAD@Z,74,0,3,unrecovered,,,1,missing,exact,"void (__thiscall ?UNK7@Datalink@@QAEXPADPAD@Z)(Datalink* this, int8*, int8*)"
P2,9121,0x0042BF10,?draw_entry@Datalink@@QAEXXZ,906,6,31,unrecovered,,,2,exact,exact,void (__thiscall ?draw_entry@Datalink@@QAEXXZ)(Datalink* this)
P3,3521,0x0042C2E0,?draw_concept@Datalink@@QAEXXZ,1071,1,25,unrecovered,,,2,exact,entry_range,void (__thiscall ?draw_concept@Datalink@@QAEXXZ)(Datalink* this)
P3,3521,0x0042C650,?draw_adv_concept@Datalink@@QAEXXZ,1074,1,25,unrecovered,,,2,exact,entry_range,void (__thiscall ?draw_adv_concept@Datalink@@QAEXXZ)(Datalink* this)
P3,3221,0x0042C9C0,?draw_unit@Datalink@@QAEXXZ,3196,1,22,unrecovered,,,2,exact,entry_range,void (__thiscall ?draw_unit@Datalink@@QAEXXZ)(Datalink* this)
P3,3121,0x0042D610,?draw_chassis@Datalink@@QAEXXZ,2323,1,21,unrecovered,,,2,exact,entry_range,void (__thiscall ?draw_chassis@Datalink@@QAEXXZ)(Datalink* this)
P3,3121,0x0042DEF0,?draw_reactor@Datalink@@QAEXXZ,1047,1,21,unrecovered,,,2,exact,entry_range,void (__thiscall ?draw_reactor@Datalink@@QAEXXZ)(Datalink* this)
P3,3321,0x0042E2E0,?draw_weapon@Datalink@@QAEXXZ,1575,1,23,unrecovered,,,2,exact,entry_range,void (__thiscall ?draw_weapon@Datalink@@QAEXXZ)(Datalink* this)
P3,3421,0x0042E8E0,?draw_defense@Datalink@@QAEXXZ,1402,1,24,unrecovered,,,2,exact,entry_range,void (__thiscall ?draw_defense@Datalink@@QAEXXZ)(Datalink* this)
P3,3021,0x0042EE30,?draw_ability@Datalink@@QAEXXZ,1644,1,20,unrecovered,,,2,exact,entry_range,void (__thiscall ?draw_ability@Datalink@@QAEXXZ)(Datalink* this)
P3,4621,0x0042F490,?draw_facility@Datalink@@QAEXXZ,1810,1,36,unrecovered,,,2,exact,entry_range,void (__thiscall ?draw_facility@Datalink@@QAEXXZ)(Datalink* this)
P3,4321,0x0042FAD0,?draw_project@Datalink@@QAEXXZ,1673,1,33,unrecovered,,,2,exact,entry_range,void (__thiscall ?draw_project@Datalink@@QAEXXZ)(Datalink* this)
P3,4321,0x00430090,?draw_social@Datalink@@QAEXXZ,1970,1,33,unrecovered,,,2,exact,entry_range,void (__thiscall ?draw_social@Datalink@@QAEXXZ)(Datalink* this)
P3,3421,0x00430770,?draw_effect@Datalink@@QAEXXZ,1170,1,24,unrecovered,,,2,exact,entry_range,void (__thiscall ?draw_effect@Datalink@@QAEXXZ)(Datalink* this)
P3,1211,0x00430B30,?draw_tech@Datalink@@QAEXXZ,326,0,12,unrecovered,,,1,missing,exact,void (__thiscall ?draw_tech@Datalink@@QAEXXZ)(Datalink* this)
P3,3721,0x00430C80,?draw_faction@Datalink@@QAEXXZ,1488,1,27,unrecovered,,,2,exact,entry_range,void (__thiscall ?draw_faction@Datalink@@QAEXXZ)(Datalink* this)
P3,4621,0x00431180,?draw_terraform@Datalink@@QAEXXZ,3517,1,36,unrecovered,,,2,exact,entry_range,void (__thiscall ?draw_terraform@Datalink@@QAEXXZ)(Datalink* this)
P3,321,0x00431DC0,?on_link_clicked@Datalink@@QAEHHPAD@Z,161,0,3,unrecovered,,,2,exact,exact,"int (__thiscall ?on_link_clicked@Datalink@@QAEHHPAD@Z)(Datalink* this, int, int8*)"
P3,321,0x00431E70,?on_redraw@Datalink@@QAEXXZ,54,0,3,unrecovered,,,2,exact,exact,void (__thiscall ?on_redraw@Datalink@@QAEXXZ)(Datalink* this)
P3,421,0x00431EC0,?on_button_clicked@Datalink@@QAEXH@Z,233,0,4,unrecovered,,,2,exact,exact,"void (__thiscall ?on_button_clicked@Datalink@@QAEXH@Z)(Datalink* this, int)"
P3,21,0x00431FC0,?on_key_click@Datalink@@QAEHHH@Z,59,0,0,unrecovered,,,2,exact,exact,"int (__thiscall ?on_key_click@Datalink@@QAEHHH@Z)(Datalink* this, int, int)"
P3,121,0x00432010,?on_button_passover@Datalink@@QAEXHH@Z,34,0,1,unrecovered,,,2,exact,exact,"void (__thiscall ?on_button_passover@Datalink@@QAEXHH@Z)(Datalink* this, int, int)"
P3,111,0x00432040,?on_selected@Datalink@@QAEXH@Z,18,0,1,unrecovered,,,1,exact,missing,"void (__thiscall ?on_selected@Datalink@@QAEXH@Z)(Datalink* this, int)"
P3,521,0x00432060,?on_status@Datalink@@QAEXH@Z,242,0,5,unrecovered,,,2,exact,exact,"void (__thiscall ?on_status@Datalink@@QAEXH@Z)(Datalink* this, int)"
P3,321,0x00432210,?on_iface_group_clicked@Datalink@@QAEXHHH@Z,123,0,3,unrecovered,,,2,exact,exact,"void (__thiscall ?on_iface_group_clicked@Datalink@@QAEXHHH@Z)(Datalink* this, int, int, int)"
P0,1002321,0x00432290,??1Datalink@@QAE@XZ,1260,1,13,original_dependency,ui_dependency,recover_owning_class,2,exact,entry_range,void (__thiscall ??1Datalink@@QAE@XZ)(Datalink* this)
P0,1001621,0x004325C0,??1StringBox@@QAE@XZ,448,1,6,original_dependency,ui_dependency,recover_owning_class,2,exact,entry_range,void (__thiscall ??1StringBox@@QAE@XZ)(StringBox* this)
P3,21,0x00432720,?on_link_clicked@StringBox@@QAEXHPAD@Z,65,0,0,unrecovered,,,2,exact,exact,"void (__thiscall ?on_link_clicked@StringBox@@QAEXHPAD@Z)(StringBox* this, int, int8*)"
P0,1000321,0x004327A0,??1Flic@@QAE@XZ,123,0,3,original_dependency,ui_dependency,recover_owning_class,2,exact,entry_range,void (__thiscall ??1Flic@@QAE@XZ)(Flic* this)
P3,4521,0x004328B0,??0SelectPartWin@@QAE@XZ,251,4,5,unrecovered,,,2,exact,entry_range,void (__thiscall ??0SelectPartWin@@QAE@XZ)(SelectPartWin* this)
P3,211,0x00432970,?close@SelectPartWin@@QAEXXZ,63,0,2,unrecovered,,,1,missing,exact,void (__thiscall ?close@SelectPartWin@@QAEXXZ)(SelectPartWin* this)
P3,2420,0x004329B0,?draw_chassis@SelectPartWin@@QAEHHPAURECT@@H@Z,769,1,14,unrecovered,,,2,exact,exact,
P3,2620,0x00432CC0,?draw_weapon@SelectPartWin@@QAEHHPAURECT@@H@Z,1191,1,16,unrecovered,,,2,exact,exact,
P3,2520,0x00433170,?draw_armor@SelectPartWin@@QAEHHPAURECT@@H@Z,940,1,15,unrecovered,,,2,exact,exact,
P3,2421,0x00433520,?draw_reactor@SelectPartWin@@QAEHHPAURECT@@H@Z,753,1,14,unrecovered,,,2,exact,exact,"int (__thiscall ?draw_reactor@SelectPartWin@@QAEHHPAURECT@@H@Z)(SelectPartWin* this, int, RECT*, int)"
P3,121,0x00433820,?on_mouse_move@SelectPartWin@@QAEXHH@Z,276,0,1,unrecovered,,,2,exact,exact,"void (__thiscall ?on_mouse_move@SelectPartWin@@QAEXHH@Z)(SelectPartWin* this, int, int)"
P3,21,0x00433940,?on_left_up@SelectPartWin@@QAEXHH@Z,127,0,0,unrecovered,,,2,exact,exact,"void (__thiscall ?on_left_up@SelectPartWin@@QAEXHH@Z)(SelectPartWin* this, int, int)"
P3,121,0x004339C0,?on_redraw@SelectPartWin@@QAEXXZ,66,0,1,unrecovered,,,2,exact,exact,void (__thiscall ?on_redraw@SelectPartWin@@QAEXXZ)(SelectPartWin* this)
P3,221,0x00433A10,?on_key_click@SelectPartWin@@QAEHHH@Z,704,0,2,unrecovered,,,2,exact,exact,"int (__thiscall ?on_key_click@SelectPartWin@@QAEHHH@Z)(SelectPartWin* this, int, int)"
P3,4721,0x00433D60,?draw_part@SelectPartWin@@QAEHHH@Z,445,4,7,unrecovered,,,2,exact,exact,"int (__thiscall ?draw_part@SelectPartWin@@QAEHHH@Z)(SelectPartWin* this, int, int)"
P3,21,0x00433F30,?on_scrolled@SelectPartWin@@QAEXHH@Z,31,0,0,unrecovered,,,2,exact,exact,"void (__thiscall ?on_scrolled@SelectPartWin@@QAEXHH@Z)(SelectPartWin* this, int, int)"
P3,6021,0x00433F70,?exec@SelectPartWin@@QAEHHHHHHHHHHHPAE@Z,1300,4,20,unrecovered,,,2,exact,entry_range,"int (__thiscall ?exec@SelectPartWin@@QAEHHHHHHHHHHHPAE@Z)(SelectPartWin* this, int, int, int, int, int, int, int, int, int, int, LPBYTE)"
P0,1001821,0x00434480,??0DesignWin@@QAE@XZ,452,1,8,original_dependency,ui_dependency,recover_owning_class,2,exact,entry_range,void (__thiscall ??0DesignWin@@QAE@XZ)(DesignWin* this)
P3,11,0x004345D0,?UNK2@DesignWin@@QAEHH@Z,121,0,0,unrecovered,,,1,missing,exact,"int (__thiscall ?UNK2@DesignWin@@QAEHH@Z)(DesignWin* this, int protoID)"
P3,11,0x00434650,?UNK3@DesignWin@@QAEXXZ,65,0,0,unrecovered,,,1,exact,missing,void (__thiscall ?UNK3@DesignWin@@QAEXXZ)(DesignWin* this)
P2,7521,0x004346A0,?draw_info@DesignWin@@QAEXXZ,1318,6,15,unrecovered,,,2,exact,entry_range,void (__thiscall ?draw_info@DesignWin@@QAEXXZ)(DesignWin* this)
P3,4621,0x00434BC0,?draw_chassis@DesignWin@@QAEXH@Z,886,3,16,unrecovered,,,2,exact,exact,"void (__thiscall ?draw_chassis@DesignWin@@QAEXH@Z)(DesignWin* this, int)"
P3,4721,0x00434F40,?draw_weapon@DesignWin@@QAEXH@Z,1215,3,17,unrecovered,,,2,exact,exact,"void (__thiscall ?draw_weapon@DesignWin@@QAEXH@Z)(DesignWin* this, int)"
P3,5721,0x00435400,?draw_armor@DesignWin@@QAEXH@Z,1024,4,17,unrecovered,,,2,exact,exact,"void (__thiscall ?draw_armor@DesignWin@@QAEXH@Z)(DesignWin* this, int)"
P3,5621,0x00435800,?draw_reactor@DesignWin@@QAEXH@Z,809,4,16,unrecovered,,,2,exact,exact,"void (__thiscall ?draw_reactor@DesignWin@@QAEXH@Z)(DesignWin* this, int)"
P2,7121,0x00435B30,?draw_special_1@DesignWin@@QAEXH@Z,673,6,11,unrecovered,,,2,exact,exact,"void (__thiscall ?draw_special_1@DesignWin@@QAEXH@Z)(DesignWin* this, int)"
P2,7121,0x00435DE0,?draw_special_2@DesignWin@@QAEXH@Z,673,6,11,unrecovered,,,2,exact,exact,"void (__thiscall ?draw_special_2@DesignWin@@QAEXH@Z)(DesignWin* this, int)"
P2,11121,0x00436090,?draw_vehicle@DesignWin@@QAEXH@Z,6409,8,31,unrecovered,,,2,exact,exact,"void (__thiscall ?draw_vehicle@DesignWin@@QAEXH@Z)(DesignWin* this, int)"
P3,2021,0x004379A0,?on_redraw@DesignWin@@QAEXXZ,501,0,20,unrecovered,,,2,exact,exact,void (__thiscall ?on_redraw@DesignWin@@QAEXXZ)(DesignWin* this)
P3,221,0x00437BA0,?on_mouse_move@DesignWin@@QAEXHH@Z,53,0,2,unrecovered,,,2,exact,exact,"void (__thiscall ?on_mouse_move@DesignWin@@QAEXHH@Z)(DesignWin* this, int xCoord, int yCoord)"
P3,2721,0x00437BF0,?design_it@DesignWin@@QAEHXZ,2149,1,17,unrecovered,,,2,exact,exact,int (__thiscall ?design_it@DesignWin@@QAEHXZ)(DesignWin* this)
P3,4621,0x00438460,?on_button_clicked@DesignWin@@QAEXH@Z,4973,0,46,unrecovered,,,2,exact,entry_range,"void (__thiscall ?on_button_clicked@DesignWin@@QAEXH@Z)(DesignWin* this, int)"
P3,211,0x00439670,?bubble_me_elmo2@DesignWin@@QAEXPADHH@Z,64,0,2,unrecovered,,,1,missing,exact,"void (__thiscall ?bubble_me_elmo2@DesignWin@@QAEXPADHH@Z)(DesignWin* this, LPCSTR, int, int)"
P3,211,0x004396B0,?bubble_me_elmo2@DesignWin@@QAGXPADHH@Z,66,0,2,unrecovered,,,1,missing,exact,"void (__stdcall ?bubble_me_elmo2@DesignWin@@QAGXPADHH@Z)(DesignWin* this, LPCSTR, int, int)"
P3,521,0x00439700,?on_right_click@DesignWin@@QAEXHH@Z,584,0,5,unrecovered,,,2,exact,exact,"void (__thiscall ?on_right_click@DesignWin@@QAEXHH@Z)(Win* this, int xCoord, int yCoord)"
P3,721,0x00439960,?on_left_click@DesignWin@@QAEXHH@Z,154,0,7,unrecovered,,,2,exact,exact,"void (__thiscall ?on_left_click@DesignWin@@QAEXHH@Z)(DesignWin* this, int xCoord, int yCoord)"
P3,221,0x00439A20,?on_key_click@DesignWin@@QAEHHH@Z,283,0,2,unrecovered,,,2,exact,exact,"int (__thiscall ?on_key_click@DesignWin@@QAEHHH@Z)(DesignWin* this, int, int)"
P2,6321,0x00439C00,?check_abil@DesignWin@@QAEXXZ,292,6,3,unrecovered,,,2,exact,exact,void (__thiscall ?check_abil@DesignWin@@QAEXXZ)(DesignWin* this)
P3,3521,0x00439D30,?suggest_abil@DesignWin@@QAEXH@Z,371,3,5,unrecovered,,,2,exact,exact,"void (__thiscall ?suggest_abil@DesignWin@@QAEXH@Z)(DesignWin* this, int)"
P3,11,0x00439EB0,?delete_abil@DesignWin@@QAEXH@Z,104,0,0,unrecovered,,,1,missing,exact,"void (__thiscall ?delete_abil@DesignWin@@QAEXH@Z)(DesignWin* this, int)"
P3,3321,0x00439F20,?select_chassis@DesignWin@@QAEXXZ,1125,1,23,unrecovered,,,2,exact,entry_range,void (__thiscall ?select_chassis@DesignWin@@QAEXXZ)(DesignWin* this)
P3,3321,0x0043A300,?select_weapon@DesignWin@@QAEXXZ,1241,1,23,unrecovered,,,2,exact,entry_range,void (__thiscall ?select_weapon@DesignWin@@QAEXXZ)(DesignWin* this)
P3,3021,0x0043A760,?select_armor@DesignWin@@QAEXXZ,797,1,20,unrecovered,,,2,exact,entry_range,void (__thiscall ?select_armor@DesignWin@@QAEXXZ)(DesignWin* this)
P3,2921,0x0043AA00,?select_reactor@DesignWin@@QAEXXZ,750,1,19,unrecovered,,,2,exact,entry_range,void (__thiscall ?select_reactor@DesignWin@@QAEXXZ)(DesignWin* this)
P3,6421,0x0043AC70,?select_special@DesignWin@@QAEXH@Z,5166,3,34,unrecovered,,,2,exact,entry_range,"void (__thiscall ?select_special@DesignWin@@QAEXH@Z)(DesignWin* this, int)"
P3,101,0x0043BE10,?select_special_1@DesignWin@@QAEXXZ,8,0,1,unrecovered,,,0,missing,missing,void (__thiscall ?select_special_1@DesignWin@@QAEXXZ)(DesignWin* this)
P3,101,0x0043BE20,?select_special_2@DesignWin@@QAEXXZ,8,0,1,unrecovered,,,0,missing,missing,void (__thiscall ?select_special_2@DesignWin@@QAEXXZ)(DesignWin* this)
P3,1721,0x0043BE30,?select_name@DesignWin@@QAEXXZ,284,1,7,unrecovered,,,2,exact,exact,void (__thiscall ?select_name@DesignWin@@QAEXXZ)(DesignWin* this)
P3,1521,0x0043BF50,?construct_vehicle@DesignWin@@QAEXXZ,274,1,5,unrecovered,,,2,exact,exact,void (__thiscall ?construct_vehicle@DesignWin@@QAEXXZ)(DesignWin* this)
P3,101,0x0043C070,?construct_chassis@DesignWin@@QAEXXZ,46,0,1,unrecovered,,,0,missing,missing,void (__thiscall ?construct_chassis@DesignWin@@QAEXXZ)(DesignWin* this)
P3,101,0x0043C0A0,?construct_weapon@DesignWin@@QAEXXZ,79,0,1,unrecovered,,,0,missing,missing,void (__thiscall ?construct_weapon@DesignWin@@QAEXXZ)(DesignWin* this)
P3,111,0x0043C0F0,?construct_armor@DesignWin@@QAEXH@Z,54,0,1,unrecovered,,,1,missing,exact,"void (__thiscall ?construct_armor@DesignWin@@QAEXH@Z)(DesignWin* this, int)"
P3,101,0x0043C130,?construct_reactor@DesignWin@@QAEXXZ,51,0,1,unrecovered,,,0,missing,missing,void (__thiscall ?construct_reactor@DesignWin@@QAEXXZ)(DesignWin* this)
P3,210,0x0043C170,?timer_function@DesignWin@@QAAXH@Z,43,0,2,unrecovered,,,1,exact,missing,
P2,6421,0x0043C1A0,?close@DesignWin@@QAEXXZ,193,6,4,unrecovered,,,2,exact,exact,void (__thiscall ?close@DesignWin@@QAEXXZ)(DesignWin* this)
P3,4321,0x0043C270,?init@DesignWin@@QAEXXZ,3676,2,23,unrecovered,,,2,exact,entry_range,void (__thiscall ?init@DesignWin@@QAEXXZ)(DesignWin* this)
P3,321,0x0043D0C0,?show@DesignWin@@QAEXH@Z,40,0,3,unrecovered,,,2,exact,exact,"void (__thiscall ?show@DesignWin@@QAEXH@Z)(DesignWin* this, int)"
P3,321,0x0043D0F0,?hide@DesignWin@@QAEXXZ,38,0,3,unrecovered,,,2,exact,exact,void (__thiscall ?hide@DesignWin@@QAEXXZ)(DesignWin* this)
P3,721,0x0043D120,?on_status@DesignWin@@QAEXH@Z,245,0,7,unrecovered,,,2,exact,exact,"void (__thiscall ?on_status@DesignWin@@QAEXH@Z)(DesignWin* this, int)"
P3,321,0x0043D220,?on_iface_left_click@DesignWin@@QAEXHH@Z,97,0,3,unrecovered,,,2,exact,exact,"void (__thiscall ?on_iface_left_click@DesignWin@@QAEXHH@Z)(DesignWin* this, int xCoord, int yCoord)"
P3,521,0x0043D290,?on_iface_right_click@DesignWin@@QAEXHH@Z,151,0,5,unrecovered,,,2,exact,exact,"void (__thiscall ?on_iface_right_click@DesignWin@@QAEXHH@Z)(DesignWin* this, int xCoord, int yCoord)"
P3,321,0x0043D350,?on_iface_mouse_move@DesignWin@@QAEXHH@Z,105,0,3,unrecovered,,,2,exact,exact,"void (__thiscall ?on_iface_mouse_move@DesignWin@@QAEXHH@Z)(DesignWin* this, int xCoord, int yCoord)"
P3,221,0x0043D3C0,?on_iface_mouse_leave@DesignWin@@QAEXHH@Z,49,0,2,unrecovered,,,2,exact,exact,"void (__thiscall ?on_iface_mouse_leave@DesignWin@@QAEXHH@Z)(DesignWin* this, int, int)"
P3,21,0x0043D430,?on_iface_button_clicked@DesignWin@@QAEXH@Z,29,0,0,unrecovered,,,2,exact,exact,"void (__thiscall ?on_iface_button_clicked@DesignWin@@QAEXH@Z)(DesignWin* this, int)"
P3,21,0x0043D450,?on_iface_button_pressed@DesignWin@@QAEXH@Z,31,0,0,unrecovered,,,2,exact,exact,"void (__thiscall ?on_iface_button_pressed@DesignWin@@QAEXH@Z)(DesignWin* this, int)"
P3,211,0x0043D490,?center_stack@DesignWin@@QAEXHH@Z,123,0,2,unrecovered,,,1,missing,exact,"void (__thiscall ?center_stack@DesignWin@@QAEXHH@Z)(DesignWin* this, int, int)"
P2,7521,0x0043D510,?draw_stack@DesignWin@@QAEXXZ,2117,5,25,unrecovered,,,2,exact,entry_range,void (__thiscall ?draw_stack@DesignWin@@QAEXXZ)(DesignWin* this)
P2,10021,0x0043DD50,?draw_flash@DesignWin@@QAEXXZ,1875,8,20,unrecovered,,,2,exact,entry_range,void (__thiscall ?draw_flash@DesignWin@@QAEXXZ)(DesignWin* this)
P3,3721,0x0043E490,?setup_veh@DesignWin@@QAEXHH@Z,1218,3,7,unrecovered,,,2,exact,exact,"void (__thiscall ?setup_veh@DesignWin@@QAEXHH@Z)(DesignWin* this, int protoID, int)"
P3,2321,0x0043E960,?shut_that_badboy_down@DesignWin@@QAEXXZ,61,2,3,unrecovered,,,2,exact,exact,void (__thiscall ?shut_that_badboy_down@DesignWin@@QAEXXZ)(DesignWin* this)
P3,5921,0x0043E9A0,?exec@DesignWin@@QAEHHH@Z,802,4,19,unrecovered,,,2,exact,entry_range,"int (__thiscall ?exec@DesignWin@@QAEHHH@Z)(DesignWin* this, int, int)"
P0,1001821,0x0043ECB0,??1DesignWin@@QAE@XZ,403,1,8,original_dependency,ui_dependency,recover_owning_class,2,exact,entry_range,void (__thiscall ??1DesignWin@@QAE@XZ)(DesignWin* this)
P0,1001921,0x0043EE10,??1SelectPartWin@@QAE@XZ,486,1,9,original_dependency,ui_dependency,recover_owning_class,2,exact,entry_range,void (__thiscall ??1SelectPartWin@@QAE@XZ)(SelectPartWin* this)
P0,1001521,0x0043EFF0,??0DiploPop@@QAE@XZ,366,1,5,original_dependency,ui_dependency,recover_owning_class,2,exact,entry_range,void (__thiscall ??0DiploPop@@QAE@XZ)(DiploPop* this)
P3,211,0x0043F0F0,?close@DiploPop@@QAEXXZ,71,0,2,unrecovered,,,1,missing,exact,void (__thiscall ?close@DiploPop@@QAEXXZ)(DiploPop* this)
P3,221,0x0043F140,?show@DiploPop@@QAEXH@Z,34,0,2,unrecovered,,,2,exact,exact,"void (__thiscall ?show@DiploPop@@QAEXH@Z)(DiploPop* this, int)"
P3,221,0x0043F170,?hide@DiploPop@@QAEXXZ,21,0,2,unrecovered,,,2,exact,exact,void (__thiscall ?hide@DiploPop@@QAEXXZ)(DiploPop* this)
P3,211,0x0043F190,?portrait_anim@DiploPop@@QAEXXZ,47,0,2,unrecovered,,,1,missing,exact,void (__thiscall ?portrait_anim@DiploPop@@QAEXXZ)(DiploPop* this)
P3,211,0x0043F1C0,?bioscan_anim@DiploPop@@QAEXXZ,60,0,2,unrecovered,,,1,missing,exact,void (__thiscall ?bioscan_anim@DiploPop@@QAEXXZ)(DiploPop* this)
P3,220,0x0043F200,?timer_callback_daemon@DiploPop@@QAAXHH@Z,69,0,2,unrecovered,,,2,exact,exact,
P3,220,0x0043F250,?timer_callback_daemon2@DiploPop@@QAAXHH@Z,56,0,2,unrecovered,,,2,exact,exact,
P3,21,0x0043F290,?on_button_clicked@DiploPop@@QAEXH@Z,29,0,0,unrecovered,,,2,exact,exact,"void (__thiscall ?on_button_clicked@DiploPop@@QAEXH@Z)(DiploPop* this, int)"
P3,2021,0x0043F2B0,?start@DiploPop@@QAEXH@Z,773,1,10,unrecovered,,,2,exact,exact,"void (__thiscall ?start@DiploPop@@QAEXH@Z)(DiploPop* this, int)"
P3,1221,0x0043F5C0,?stop@DiploPop@@QAEXXZ,48,1,2,unrecovered,,,2,exact,exact,void (__thiscall ?stop@DiploPop@@QAEXXZ)(DiploPop* this)
P3,1821,0x0043F5F0,?draw_bioscan@DiploPop@@QAEXXZ,404,1,8,unrecovered,,,2,exact,exact,void (__thiscall ?draw_bioscan@DiploPop@@QAEXXZ)(DiploPop* this)
P3,2121,0x0043F790,?draw_portrait@DiploPop@@QAEXXZ,766,1,11,unrecovered,,,2,exact,exact,void (__thiscall ?draw_portrait@DiploPop@@QAEXXZ)(DiploPop* this)
P3,4421,0x0043FA90,?draw_info@DiploPop@@QAEXXZ,1519,3,14,unrecovered,,,2,exact,exact,void (__thiscall ?draw_info@DiploPop@@QAEXXZ)(DiploPop* this)
P3,4221,0x00440080,?draw_hq@DiploPop@@QAEXXZ,529,3,12,unrecovered,,,2,exact,exact,void (__thiscall ?draw_hq@DiploPop@@QAEXXZ)(DiploPop* this)
P3,621,0x004402A0,?on_redraw@DiploPop@@QAEXXZ,217,0,6,unrecovered,,,2,exact,exact,void (__thiscall ?on_redraw@DiploPop@@QAEXXZ)(DiploPop* this)
P3,921,0x00440380,?on_status@DiploPop@@QAEXH@Z,308,0,9,unrecovered,,,2,exact,exact,"void (__thiscall ?on_status@DiploPop@@QAEXH@Z)(DiploPop* this, int)"
P3,621,0x00440550,?on_iface_button_clicked@DiploPop@@QAEXH@Z,180,0,6,unrecovered,,,2,exact,exact,"void (__thiscall ?on_iface_button_clicked@DiploPop@@QAEXH@Z)(DiploPop* this, int)"
P3,521,0x00440620,?on_iface_group_clicked@DiploPop@@QAEXHHH@Z,171,0,5,unrecovered,,,2,exact,exact,"void (__thiscall ?on_iface_group_clicked@DiploPop@@QAEXHHH@Z)(DiploPop* this, int, int, int)"
P3,121,0x004406D0,?set_modal@DiploPop@@QAEHHP6AHXZPAUWin@@@Z,28,0,1,unrecovered,,,2,exact,exact,"int (__thiscall ?set_modal@DiploPop@@QAEHHP6AHXZPAUWin@@@Z)(DiploPop* this, int, int (__cdecl *)(), Win*)"
P3,2821,0x00440700,?init@DiploPop@@QAEXXZ,1654,1,18,unrecovered,,,2,exact,entry_range,void (__thiscall ?init@DiploPop@@QAEXXZ)(DiploPop* this)
P0,1001921,0x00440D50,??1DiploPop@@QAE@XZ,553,1,9,original_dependency,ui_dependency,recover_owning_class,2,exact,entry_range,void (__thiscall ??1DiploPop@@QAE@XZ)(DiploPop* this)
P3,210,0x00440F30,sub_440f30,36,0,2,unrecovered,,,1,exact,missing,
P3,110,0x00440F60,sub_440f60,20,0,1,unrecovered,,,1,exact,missing,
P3,1020,0x00440F80,?clear_hotseat_chat@@YAXXZ,179,1,0,unrecovered,,,2,exact,exact,
P3,210,0x00441040,sub_441040,177,0,2,unrecovered,,,1,missing,exact,
P3,1420,0x00441100,sub_441100,236,1,4,unrecovered,,,2,exact,exact,
P3,10,0x004411F0,sub_4411f0,81,0,0,unrecovered,,,1,missing,exact,
P3,1020,0x00441250,?clear_all_offers@@YAXXZ,70,1,0,unrecovered,,,2,exact,exact,
P3,120,0x004412A0,?string_callback@DiploWin@@QAAXHH@Z,48,0,1,unrecovered,,,2,exact,exact,
P3,211,0x004412D0,?UNK1@DiploWin@@QAEXXZ,29,0,2,unrecovered,,,1,missing,exact,void (__thiscall ?UNK1@DiploWin@@QAEXXZ)(DiploWin* this)
P3,1221,0x004412F0,?new_chat@DiploWin@@QAEXPADH@Z,183,1,2,unrecovered,,,2,exact,exact,"void (__thiscall ?new_chat@DiploWin@@QAEXPADH@Z)(DiploWin* this, int8*, int)"
P3,3121,0x004413F0,?kill_offer@DiploWin@@QAEXHH@Z,156,3,1,unrecovered,,,2,exact,exact,"void (__thiscall ?kill_offer@DiploWin@@QAEXHH@Z)(DiploWin* this, int, int)"
P3,3221,0x00441490,?add_offer@DiploWin@@QAEXHHH@Z,297,3,2,unrecovered,,,2,exact,exact,"void (__thiscall ?add_offer@DiploWin@@QAEXHHH@Z)(DiploWin* this, int, int, int)"
P3,4121,0x004415C0,?on_button_clicked@DiploWin@@QAEXH@Z,4512,0,41,unrecovered,,,2,exact,entry_range,"void (__thiscall ?on_button_clicked@DiploWin@@QAEXH@Z)(DiploWin* this, int)"
P3,221,0x00442510,?on_left_click@DiploWin@@QAEXHH@Z,72,0,2,unrecovered,,,2,exact,exact,"void (__thiscall ?on_left_click@DiploWin@@QAEXHH@Z)(DiploWin* this, int xCoord, int yCoord)"
P3,21,0x00442560,?on_key_down@DiploWin@@QAEHH@Z,42,0,0,unrecovered,,,2,exact,exact,"int (__thiscall ?on_key_down@DiploWin@@QAEHH@Z)(DiploWin* this, int)"
P3,521,0x00442590,?on_key_click@DiploWin@@QAEHHH@Z,349,0,5,unrecovered,,,2,exact,exact,"int (__thiscall ?on_key_click@DiploWin@@QAEHHH@Z)(DiploWin* this, int, int)"
P3,1221,0x004426F0,?check_done@DiploWin@@QAEXXZ,70,1,2,unrecovered,,,2,exact,exact,void (__thiscall ?check_done@DiploWin@@QAEXXZ)(DiploWin* this)
P3,3821,0x00442740,?do_it@DiploWin@@QAEXXZ,605,3,8,unrecovered,,,2,exact,exact,void (__thiscall ?do_it@DiploWin@@QAEXXZ)(DiploWin* this)
P3,1021,0x004429C0,?done_deal@DiploWin@@QAEXXZ,39,1,0,unrecovered,,,2,exact,exact,void (__thiscall ?done_deal@DiploWin@@QAEXXZ)(DiploWin* this)
P3,2021,0x00442A10,?draw_who@DiploWin@@QAEXXZ,904,1,10,unrecovered,,,2,exact,exact,void (__thiscall ?draw_who@DiploWin@@QAEXXZ)(DiploWin* this)
P3,2021,0x00442DC0,?draw_whom@DiploWin@@QAEXXZ,905,1,10,unrecovered,,,2,exact,exact,void (__thiscall ?draw_whom@DiploWin@@QAEXXZ)(DiploWin* this)
P3,2221,0x00443170,?draw_offers@DiploWin@@QAEXXZ,1327,1,12,unrecovered,,,2,exact,exact,void (__thiscall ?draw_offers@DiploWin@@QAEXXZ)(DiploWin* this)
P3,1321,0x004436C0,?on_redraw@DiploWin@@QAEXXZ,1381,0,13,unrecovered,,,2,exact,exact,void (__thiscall ?on_redraw@DiploWin@@QAEXXZ)(DiploWin* this)
P3,221,0x00443C30,?show@DiploWin@@QAEXH@Z,27,0,2,unrecovered,,,2,exact,exact,"void (__thiscall ?show@DiploWin@@QAEXH@Z)(DiploWin* this, int)"
P3,121,0x00443C50,?hide@DiploWin@@QAEXXZ,24,0,1,unrecovered,,,2,exact,exact,void (__thiscall ?hide@DiploWin@@QAEXXZ)(DiploWin* this)
P3,721,0x00443C70,?on_status@DiploWin@@QAEXH@Z,263,0,7,unrecovered,,,2,exact,exact,"void (__thiscall ?on_status@DiploWin@@QAEXH@Z)(DiploWin* this, int)"
P3,421,0x00443E50,?on_iface_dialog_item_back_draw@DiploWin@@QAEHPAUGraphicWin@@HHPAURECT@@@Z,188,0,4,unrecovered,,,2,exact,exact,"int (__thiscall ?on_iface_dialog_item_back_draw@DiploWin@@QAEHPAUGraphicWin@@HHPAURECT@@@Z)(DiploWin* this, GraphicWin*, int, int, RECT*)"
P3,3421,0x00443F10,?exec@DiploWin@@QAEXHH@Z,3707,1,24,unrecovered,,,2,exact,exact,"void (__thiscall ?exec@DiploWin@@QAEXHH@Z)(DiploWin* this, int, int)"
P3,4120,0x00444D90,?diplo@@YAXHH@Z,23,4,1,unrecovered,,,2,exact,exact,
P0,1002221,0x00444DB0,??1DiploWin@@QAE@XZ,722,1,12,original_dependency,ui_dependency,recover_owning_class,2,exact,entry_range,void (__thiscall ??1DiploWin@@QAE@XZ)(DiploWin* this)
P0,1001721,0x00444FC0,??0DiploWin@@QAE@XZ,274,1,7,original_dependency,ui_dependency,recover_owning_class,2,exact,entry_range,void (__thiscall ??0DiploWin@@QAE@XZ)(DiploWin* this)
P3,20,0x004450B0,sub_4450b0,108,0,0,unrecovered,,,2,exact,exact,
P2,9520,0x00445130,?energy_compute@@YAXHH@Z,771,9,5,unrecovered,,,2,exact,exact,
P0,1007320,0x004455F0,?wave_it@@YAXH@Z,93,7,3,original_dependency,game_service,recover_audio_event,2,exact,exact,
P3,1220,0x00445650,?ok_callback@@YAXXZ,77,1,2,unrecovered,,,2,exact,exact,
P3,0,0x004457C0,?input_callback@@YAXXZ,19,0,0,unrecovered,,,0,missing,missing,
P3,2620,0x004457E0,?load_music@@YAXH@Z,1062,2,6,unrecovered,,,2,exact,entry_range,
P3,1521,0x00445BB0,?init@Effect@@QAEXPADJ@Z,278,1,5,unrecovered,,,2,exact,exact,"void (__thiscall ?init@Effect@@QAEXPADJ@Z)(Effect* this, int8*, unsigned int32)"
P3,1721,0x00445CD0,?init@FX@@QAEXXZ,3089,1,7,unrecovered,,,2,exact,exact,void (__thiscall ?init@FX@@QAEXXZ)(FX* this)
P3,10,0x004468F0,sub_4468f0,107,0,0,unrecovered,,,1,missing,exact,
P3,4021,0x00446960,?play@FX@@QAEXHHH@Z,153,4,0,unrecovered,,,2,exact,exact,"void (__thiscall ?play@FX@@QAEXHHH@Z)(FX* this, int, int xCoord, int yCoord)"
P0,1024021,0x00446A00,?play@FX@@QAEXH@Z,142,24,0,original_dependency,ui_dependency,recover_fx_play,2,exact,exact,"void (__thiscall ?play@FX@@QAEXH@Z)(FX* this, int)"
P3,1021,0x00446A90,?stop@FX@@QAEXH@Z,25,1,0,unrecovered,,,2,exact,exact,"void (__thiscall ?stop@FX@@QAEXH@Z)(FX* this, int)"
P3,11,0x00446AB0,?release@FX@@QAEXH@Z,25,0,0,unrecovered,,,1,missing,exact,"void (__thiscall ?release@FX@@QAEXH@Z)(FX* this, int)"
P3,4021,0x00446AD0,?fade@FX@@QAEXH@Z,25,4,0,unrecovered,,,2,exact,exact,"void (__thiscall ?fade@FX@@QAEXH@Z)(FX* this, int)"
P3,11,0x00446AF0,?set_pitch@FX@@QAEXHH@Z,32,0,0,unrecovered,,,1,missing,exact,"void (__thiscall ?set_pitch@FX@@QAEXHH@Z)(FX* this, int, int)"
P3,1021,0x00446B10,?engine_pitch@FX@@QAEXH@Z,39,1,0,unrecovered,,,2,exact,exact,"void (__thiscall ?engine_pitch@FX@@QAEXH@Z)(FX* this, int)"
P2,18120,0x00446B40,?ambience@@YAHH@Z,406,18,1,unrecovered,,,2,exact,exact,
P3,2120,0x00446D10,?ambience_veh@@YAXH@Z,1246,2,1,unrecovered,,,2,exact,exact,
P3,1121,0x004471F0,??0FactionAmbience@@QAE@XZ,41,1,1,unrecovered,,,2,exact,exact,void (__thiscall ??0FactionAmbience@@QAE@XZ)(FactionAmbience* this)
P3,111,0x00447310,??0MAmbience@@QAE@XZ,44,0,1,unrecovered,,,1,missing,exact,void (__thiscall ??0MAmbience@@QAE@XZ)(MAmbience* this)
P3,21,0x00447340,?begin@MAmbience@@QAEXXZ,22,0,0,unrecovered,,,2,exact,exact,void (__thiscall ?begin@MAmbience@@QAEXXZ)(MAmbience* this)
P3,21,0x00447360,?general@MAmbience@@QAEXXZ,266,0,0,unrecovered,,,2,exact,exact,void (__thiscall ?general@MAmbience@@QAEXXZ)(MAmbience* this)
P3,21,0x00447470,?tech@MAmbience@@QAEXXZ,31,0,0,unrecovered,,,2,exact,exact,void (__thiscall ?tech@MAmbience@@QAEXXZ)(MAmbience* this)
P3,21,0x00447490,?energy_resources@MAmbience@@QAEXXZ,31,0,0,unrecovered,,,2,exact,exact,void (__thiscall ?energy_resources@MAmbience@@QAEXXZ)(MAmbience* this)
P3,21,0x004474B0,?production@MAmbience@@QAEXXZ,47,0,0,unrecovered,,,2,exact,exact,void (__thiscall ?production@MAmbience@@QAEXXZ)(MAmbience* this)
P3,21,0x004474E0,?new_base@MAmbience@@QAEXXZ,39,0,0,unrecovered,,,2,exact,exact,void (__thiscall ?new_base@MAmbience@@QAEXXZ)(MAmbience* this)
P3,21,0x00447510,?begin@UAmbience@@QAEXXZ,22,0,0,unrecovered,,,2,exact,exact,void (__thiscall ?begin@UAmbience@@QAEXXZ)(UAmbience* this)
P3,21,0x00447530,?basewin_show@UAmbience@@QAEXXZ,26,0,0,unrecovered,,,2,exact,exact,void (__thiscall ?basewin_show@UAmbience@@QAEXXZ)(UAmbience* this)
P3,21,0x00447550,?basewin_hide@UAmbience@@QAEXXZ,19,0,0,unrecovered,,,2,exact,exact,void (__thiscall ?basewin_hide@UAmbience@@QAEXXZ)(UAmbience* this)
P3,21,0x00447570,?general@UAmbience@@QAEXXZ,276,0,0,unrecovered,,,2,exact,exact,void (__thiscall ?general@UAmbience@@QAEXXZ)(UAmbience* this)
P3,21,0x004476C0,?begin@SAmbience@@QAEXXZ,22,0,0,unrecovered,,,2,exact,exact,void (__thiscall ?begin@SAmbience@@QAEXXZ)(SAmbience* this)
P3,11,0x004476E0,?tech@SAmbience@@QAEXXZ,4,0,0,unrecovered,,,1,exact,missing,void (__thiscall ?tech@SAmbience@@QAEXXZ)(SAmbience* this)
P3,21,0x004476F0,?general@SAmbience@@QAEXXZ,185,0,0,unrecovered,,,2,exact,exact,void (__thiscall ?general@SAmbience@@QAEXXZ)(SAmbience* this)
P3,21,0x004477B0,?hostility@SAmbience@@QAEXXZ,129,0,0,unrecovered,,,2,exact,exact,void (__thiscall ?hostility@SAmbience@@QAEXXZ)(SAmbience* this)
P3,11,0x00447840,?production@SAmbience@@QAEXXZ,11,0,0,unrecovered,,,1,exact,missing,void (__thiscall ?production@SAmbience@@QAEXXZ)(SAmbience* this)
P3,111,0x00447850,??0SAmbience@@QAE@XZ,47,0,1,unrecovered,,,1,missing,exact,void (__thiscall ??0SAmbience@@QAE@XZ)(SAmbience* this)
P3,21,0x00447880,?base_liberated@SAmbience@@QAEXXZ,67,0,0,unrecovered,,,2,exact,exact,void (__thiscall ?base_liberated@SAmbience@@QAEXXZ)(SAmbience* this)
P3,111,0x004478D0,??0BAmbience@@QAE@XZ,65,0,1,unrecovered,,,1,missing,exact,void (__thiscall ??0BAmbience@@QAE@XZ)(BAmbience* this)
P3,21,0x00447920,?begin@BAmbience@@QAEXXZ,22,0,0,unrecovered,,,2,exact,exact,void (__thiscall ?begin@BAmbience@@QAEXXZ)(BAmbience* this)
P3,121,0x00447940,?general@BAmbience@@QAEXXZ,361,0,1,unrecovered,,,2,exact,exact,void (__thiscall ?general@BAmbience@@QAEXXZ)(BAmbience* this)
P3,11,0x00447AB0,?design_window_show@BAmbience@@QAEXXZ,5,0,0,unrecovered,,,1,exact,missing,void (__thiscall ?design_window_show@BAmbience@@QAEXXZ)(BAmbience* this)
P3,21,0x00447AC0,?design_window_hide@BAmbience@@QAEXXZ,43,0,0,unrecovered,,,2,exact,exact,void (__thiscall ?design_window_hide@BAmbience@@QAEXXZ)(BAmbience* this)
P3,11,0x00447AF0,?hostility@BAmbience@@QAEXXZ,61,0,0,unrecovered,,,1,exact,missing,void (__thiscall ?hostility@BAmbience@@QAEXXZ)(BAmbience* this)
P3,21,0x00447B30,?new_base@BAmbience@@QAEXXZ,40,0,0,unrecovered,,,2,exact,exact,void (__thiscall ?new_base@BAmbience@@QAEXXZ)(BAmbience* this)
P3,21,0x00447B60,?base_liberated@BAmbience@@QAEXXZ,43,0,0,unrecovered,,,2,exact,exact,void (__thiscall ?base_liberated@BAmbience@@QAEXXZ)(BAmbience* this)
P3,111,0x00447B90,??0GAmbience@@QAE@XZ,44,0,1,unrecovered,,,1,missing,exact,void (__thiscall ??0GAmbience@@QAE@XZ)(GAmbience* this)
P3,21,0x00447BC0,?begin@GAmbience@@QAEXXZ,29,0,0,unrecovered,,,2,exact,exact,void (__thiscall ?begin@GAmbience@@QAEXXZ)(GAmbience* this)
P3,11,0x00447BE0,?basewin_show@GAmbience@@QAEXXZ,12,0,0,unrecovered,,,1,exact,missing,void (__thiscall ?basewin_show@GAmbience@@QAEXXZ)(GAmbience* this)
P3,21,0x00447C00,?general@GAmbience@@QAEXXZ,88,0,0,unrecovered,,,2,exact,exact,void (__thiscall ?general@GAmbience@@QAEXXZ)(GAmbience* this)
P3,11,0x00447C70,?terraform@GAmbience@@QAEXXZ,42,0,0,unrecovered,,,1,exact,missing,void (__thiscall ?terraform@GAmbience@@QAEXXZ)(GAmbience* this)
P3,21,0x00447CD0,?new_base@GAmbience@@QAEXXZ,55,0,0,unrecovered,,,2,exact,exact,void (__thiscall ?new_base@GAmbience@@QAEXXZ)(GAmbience* this)
P3,10,0x00447D20,sub_447d20,133,0,0,unrecovered,,,1,missing,exact,
P3,21,0x00447DB0,?begin@AAmbience@@QAEXXZ,22,0,0,unrecovered,,,2,exact,exact,void (__thiscall ?begin@AAmbience@@QAEXXZ)(AAmbience* this)
P3,11,0x00447DD0,?general@AAmbience@@QAEXXZ,1187,0,0,unrecovered,,,1,exact,missing,void (__thiscall ?general@AAmbience@@QAEXXZ)(AAmbience* this)
P3,11,0x00448280,?tech@AAmbience@@QAEXXZ,4,0,0,unrecovered,,,1,exact,missing,void (__thiscall ?tech@AAmbience@@QAEXXZ)(AAmbience* this)
P0,1001021,0x004482C0,??1Effect@@QAE@XZ,5,1,0,original_dependency,ui_dependency,recover_wave_destructor,2,exact,exact,void (__thiscall ??1Effect@@QAE@XZ)(Effect* this)
P0,1000121,0x004482D0,??0Effect@@QAE@XZ,18,0,1,original_dependency,ui_dependency,recover_wave_destructor,2,exact,exact,void (__thiscall ??0Effect@@QAE@XZ)(Effect* this)
P3,20,0x004482F0,sub_4482f0,28,0,0,unrecovered,,,2,exact,exact,
P3,10,0x00448310,sub_448310,4,0,0,unrecovered,,,1,exact,missing,
P3,10,0x00448320,sub_448320,4,0,0,unrecovered,,,1,exact,missing,
P3,10,0x00448330,sub_448330,4,0,0,unrecovered,,,1,exact,missing,
P3,10,0x00448340,sub_448340,15,0,0,unrecovered,,,1,exact,missing,
P3,10,0x00448380,sub_448380,10,0,0,unrecovered,,,1,exact,missing,
P3,2421,0x00448400,?init@FameWin@@QAEHXZ,2421,1,14,unrecovered,,,2,exact,entry_range,int (__thiscall ?init@FameWin@@QAEHXZ)(FameWin* this)
P3,211,0x00448D60,?close@FameWin@@QAEXXZ,33,0,2,unrecovered,,,1,missing,exact,void (__thiscall ?close@FameWin@@QAEXXZ)(FameWin* this)
P3,2221,0x00448D90,?on_redraw@FameWin@@QAEXXZ,5938,0,22,unrecovered,,,2,exact,entry_range,void (__thiscall ?on_redraw@FameWin@@QAEXXZ)(FameWin* this)
P3,221,0x0044A4B0,?on_key_click@FameWin@@QAEHHH@Z,67,0,2,unrecovered,,,2,exact,exact,"int (__thiscall ?on_key_click@FameWin@@QAEHHH@Z)(FameWin* this, int, int)"
P3,121,0x0044A500,?on_left_click@FameWin@@QAEXHH@Z,99,0,1,unrecovered,,,2,exact,exact,"void (__thiscall ?on_left_click@FameWin@@QAEXHH@Z)(FameWin* this, int xCoord, int yCoord)"
P3,321,0x0044A570,?on_button_clicked@FameWin@@QAEXH@Z,208,0,3,unrecovered,,,2,exact,exact,"void (__thiscall ?on_button_clicked@FameWin@@QAEXH@Z)(FameWin* this, int)"
P3,11,0x0044A640,?on_group_clicked@FameWin@@QAEXHHH@Z,21,0,0,unrecovered,,,1,exact,missing,"void (__thiscall ?on_group_clicked@FameWin@@QAEXHHH@Z)(FameWin* this, int, int, int)"
P3,1821,0x0044A660,?try_to_add_me@FameWin@@QAEXXZ,1445,1,8,unrecovered,,,2,exact,exact,void (__thiscall ?try_to_add_me@FameWin@@QAEXXZ)(FameWin* this)
P3,1721,0x0044AC10,?demote@FameWin@@QAEXH@Z,583,1,7,unrecovered,,,2,exact,entry_range,"void (__thiscall ?demote@FameWin@@QAEXH@Z)(FameWin* this, int)"
P3,4820,0x0044AE50,?hall_of_fame@@YAXH@Z,285,4,8,unrecovered,,,2,exact,exact,
P3,1020,0x0044AF70,sub_44af70,29,1,0,unrecovered,,,2,exact,exact,
P3,210,0x0044AF90,sub_44af90,98,0,2,unrecovered,,,1,missing,exact,
P3,300,0x0044B000,?hof_save@@YAHXZ,108,0,3,unrecovered,,,0,missing,missing,
P3,300,0x0044B070,?hof_load@@YAHXZ,136,0,3,unrecovered,,,0,missing,missing,
P0,1001721,0x0044B100,??1FameWin@@QAE@XZ,405,1,7,original_dependency,ui_dependency,recover_owning_class,2,exact,entry_range,void (__thiscall ??1FameWin@@QAE@XZ)(FameWin* this)
P0,1001721,0x0044B200,??0FameWin@@QAE@XZ,385,1,7,original_dependency,ui_dependency,recover_owning_class,2,exact,entry_range,void (__thiscall ??0FameWin@@QAE@XZ)(FameWin* this)
P3,10,0x0044B340,sub_44b340,59,0,0,unrecovered,,,1,missing,exact,
P3,1720,0x0044B380,?tech_heck@@YAXP6AXPAD@ZH@Z,1628,1,7,unrecovered,,,2,exact,exact,
P3,3620,0x0044B9E0,?help_tech_info@@YAXP6AXPAD@ZHHH@Z,3561,3,6,unrecovered,,,2,exact,exact,
P3,120,0x0044C7D0,?help_info_pop@@YAXPAD@Z,20,0,1,unrecovered,,,2,exact,exact,
P3,1120,0x0044C7F0,?help_tech_info@@YAXPAUPopup@@HH@Z,36,1,1,unrecovered,,,2,exact,exact,
P3,110,0x0044C830,sub_44c830,28,0,1,unrecovered,,,1,missing,exact,
P3,10,0x0044C860,sub_44c860,13,0,0,unrecovered,,,1,missing,exact,
P3,1120,0x0044C9E0,?help_project@@YAXH@Z,24,1,1,unrecovered,,,2,exact,exact,
P3,110,0x0044CA90,sub_44ca90,42,0,1,unrecovered,,,1,missing,exact,
P2,5120,0x0044CB30,?help_any@@YAXXZ,15,5,1,unrecovered,,,2,exact,exact,
P3,1020,0x0044CB40,sub_44cb40,22,1,0,unrecovered,,,2,exact,exact,
P3,1120,0x0044CB80,?help_create_link@@YAXPAD00@Z,66,1,1,unrecovered,,,2,exact,exact,
P3,110,0x0044CBD0,sub_44cbd0,72,0,1,unrecovered,,,1,missing,exact,
P3,210,0x00450DE0,sub_450de0,77,0,2,unrecovered,,,1,missing,exact,
P3,210,0x00450E30,sub_450e30,77,0,2,unrecovered,,,1,missing,exact,
P3,210,0x00450E80,sub_450e80,77,0,2,unrecovered,,,1,missing,exact,
P3,210,0x00450ED0,sub_450ed0,81,0,2,unrecovered,,,1,missing,exact,
P3,210,0x00450F30,sub_450f30,81,0,2,unrecovered,,,1,missing,exact,
P3,110,0x00450F90,sub_450f90,32,0,1,unrecovered,,,1,missing,exact,
P3,210,0x00450FB0,sub_450fb0,113,0,2,unrecovered,,,1,missing,exact,
P3,2020,0x00451030,?load_voxels@@YAXXZ,2539,1,10,unrecovered,,,2,exact,entry_range,
P3,2820,0x00451A10,?load_palette@@YAXXZ,747,1,18,unrecovered,,,2,exact,entry_range,
P3,2320,0x00451C50,?load_terrain@@YAXXZ,6909,1,13,unrecovered,,,2,exact,entry_range,
P0,1005620,0x00453710,?load_faction_art@@YAXH@Z,775,5,6,original_dependency,game_service,recover_faction_art,2,exact,exact,
P3,20,0x00453A20,?load_bases@@YAXXZ,74,0,0,unrecovered,,,2,exact,exact,
P3,1620,0x00453A70,?load_box_sprites@@YAXXZ,1279,1,6,unrecovered,,,2,exact,exact,
P3,4820,0x00453F70,?load_flags@@YAXXZ,785,4,8,unrecovered,,,2,exact,entry_range,
P3,2020,0x00454270,?load_vehicles@@YAXXZ,1427,1,10,unrecovered,,,2,exact,entry_range,
P3,1420,0x004547E0,?load_icons@@YAXXZ,1324,1,4,unrecovered,,,2,exact,exact,
P3,1320,0x00454D10,?load_misc@@YAXXZ,678,1,3,unrecovered,,,2,exact,exact,
P3,2520,0x00454FC0,?load_cursors@@YAXXZ,1075,2,5,unrecovered,,,2,exact,exact,
P3,520,0x00455400,?load_cycling@@YAXXZ,192,0,5,unrecovered,,,2,exact,exact,
P3,720,0x004554C0,?def_caption_draw@@YAHPAUGraphicWin@@PADPAUBuffer@@@Z,326,0,7,unrecovered,,,2,exact,exact,
P3,1920,0x00455610,?load_interface@@YAXH@Z,2097,1,9,unrecovered,,,2,exact,exact,
P3,1220,0x00455E50,?load_deswin_sprites@@YAXXZ,35,1,2,unrecovered,,,2,exact,exact,
P3,1620,0x00455E80,?load_fixed_sprites@@YAXXZ,40,1,6,unrecovered,,,2,exact,exact,
P3,1420,0x00455EB0,?load_sprites@@YAXXZ,94,1,4,unrecovered,,,2,exact,exact,
P0,1000321,0x00455F10,??0FactionArt@@QAE@XZ,412,0,3,original_dependency,ui_dependency,recover_owning_class,2,exact,entry_range,FactionArt* (__thiscall ??0FactionArt@@QAE@XZ)(FactionArt* this)
P0,1000221,0x00456010,??1FactionArt@@QAE@XZ,397,0,2,original_dependency,ui_dependency,recover_faction_art_teardown,2,exact,entry_range,void (__thiscall ??1FactionArt@@QAE@XZ)(faction_art* this)
P0,1000021,0x00456100,??1CaviarData@@QAE@XZ,5,0,0,original_dependency,ui_dependency,recover_caviar_element_teardown,2,exact,exact,void (__thiscall ??1CaviarData@@QAE@XZ)(CaviarData* this)
P0,1002021,0x00456110,??1Gamma@@QAE@XZ,533,1,10,original_dependency,ui_dependency,recover_owning_class,2,exact,entry_range,void (__thiscall ??1Gamma@@QAE@XZ)(Gamma* this)
P3,6121,0x00456300,?setup_text@InfoWin@@QAEXXZ,8333,4,21,unrecovered,,,2,exact,exact,void (__thiscall ?setup_text@InfoWin@@QAEXXZ)(InfoWin* this)
P2,7121,0x00458420,?draw_text@InfoWin@@QAEXH@Z,1161,6,11,unrecovered,,,2,exact,exact,"void (__thiscall ?draw_text@InfoWin@@QAEXH@Z)(InfoWin* this, int)"
P3,311,0x004588B0,?UNK2@InfoWin@@QAEXXZ,78,0,3,unrecovered,,,1,missing,exact,void (__thiscall ?UNK2@InfoWin@@QAEXXZ)(InfoWin* this)
P3,1321,0x00458930,?on_left_click@InfoWin@@QAEXHH@Z,144,1,3,unrecovered,,,2,exact,exact,"void (__thiscall ?on_left_click@InfoWin@@QAEXHH@Z)(InfoWin* this, int, int)"
P3,2421,0x004589C0,?right_menu@InfoWin@@QAEXHH@Z,911,1,14,unrecovered,,,2,exact,entry_range,"void (__thiscall ?right_menu@InfoWin@@QAEXHH@Z)(InfoWin* this, int, int)"
P3,1121,0x00458D40,?on_right_click@InfoWin@@QAEXHH@Z,20,1,1,unrecovered,,,2,exact,exact,"void (__thiscall ?on_right_click@InfoWin@@QAEXHH@Z)(InfoWin* this, int, int)"
P3,1,0x00458D60,?UNK4@InfoWin@@QAEXXZ,91,0,0,unrecovered,,,0,missing,missing,void (__thiscall ?UNK4@InfoWin@@QAEXXZ)(InfoWin* this)
P3,3021,0x00458DC0,?state_valid@InfoWin@@QAEHH@Z,282,3,0,unrecovered,,,2,exact,exact,"int (__thiscall ?state_valid@InfoWin@@QAEHH@Z)(InfoWin* this, int)"
P3,3421,0x00458F10,?set_state@InfoWin@@QAEXHH@Z,218,3,4,unrecovered,,,2,exact,exact,"void (__thiscall ?set_state@InfoWin@@QAEXHH@Z)(InfoWin* this, int, int)"
P3,2421,0x00458FF0,?timer_change@InfoWin@@QAEXH@Z,337,2,4,unrecovered,,,2,exact,exact,"void (__thiscall ?timer_change@InfoWin@@QAEXH@Z)(InfoWin* this, int)"
P0,1002521,0x00459150,?timer_proc@InfoWin@@QAEXH@Z,272,2,5,original_dependency,ui_dependency,recover_info_win_timer_proc,2,exact,exact,"void (__thiscall ?timer_proc@InfoWin@@QAEXH@Z)(InfoWin* this, int)"
P3,120,0x00459260,?timer_daemon@InfoWin@@QAAXH@Z,28,0,1,unrecovered,,,2,exact,exact,
P3,1221,0x004592A0,?init@InfoWin@@QAEXXZ,372,1,2,unrecovered,,,2,exact,exact,void (__thiscall ?init@InfoWin@@QAEXXZ)(InfoWin* this)
P3,221,0x00459420,?UNK5@InfoWin@@QAEXHHHHH@Z,160,0,2,unrecovered,,,2,exact,entry_range,"void (__thiscall ?UNK5@InfoWin@@QAEXHHHHH@Z)(InfoWin* this, int, int, int, int, int)"
P0,1000321,0x004594A0,??1InfoWin@@QAE@XZ,123,0,3,original_dependency,ui_dependency,recover_owning_class,2,exact,entry_range,void (__thiscall ??1InfoWin@@QAE@XZ)(InfoWin* this)
P0,1001321,0x00459500,??0InfoWin@@QAE@XZ,118,1,3,original_dependency,ui_dependency,recover_owning_class,2,exact,entry_range,void (__thiscall ??0InfoWin@@QAE@XZ)(InfoWin* this)
P3,1520,0x004595C0,?bung_momma@@YAXXZ,191,1,5,unrecovered,,,2,exact,exact,
P3,3521,0x00459680,?init@MainInterface@@QAEHH@Z,7829,1,25,unrecovered,,,2,exact,entry_range,"int (__thiscall ?init@MainInterface@@QAEHH@Z)(MainInterface* this, int)"
P2,7221,0x0045B550,?draw_edit_pane@MainInterface@@QAEXXZ,1703,6,12,unrecovered,,,2,exact,exact,void (__thiscall ?draw_edit_pane@MainInterface@@QAEXXZ)(MainInterface* this)
P3,1021,0x0045BC50,?on_redraw@MainInterface@@QAEXXZ,557,0,10,unrecovered,,,2,exact,exact,void (__thiscall ?on_redraw@MainInterface@@QAEXXZ)(MainInterface* this)
P0,1005121,0x0045BE80,?set_date@MainInterface@@QAEXPAD@Z,559,4,11,original_dependency,ui_dependency,recover_main_interface_set_date,2,exact,exact,"void (__thiscall ?set_date@MainInterface@@QAEXPAD@Z)(MainInterface* this, int8*)"
P3,1221,0x0045C0B0,?chat@MainInterface@@QAEXPADH@Z,53,1,2,unrecovered,,,2,exact,exact,"void (__thiscall ?chat@MainInterface@@QAEXPADH@Z)(MainInterface* this, int8*, int)"
P3,3421,0x0045C0F0,?set_message@MainInterface@@QAEXPADHHHH@Z,132,3,4,unrecovered,,,2,exact,entry_range,"void (__thiscall ?set_message@MainInterface@@QAEXPADHHHH@Z)(MainInterface* this, int8*, int, int, int, int)"
P3,211,0x0045C180,?timer_callback_daemon@MainInterface@@QAEXH@Z,116,0,2,unrecovered,,,1,missing,exact,"void (__thiscall ?timer_callback_daemon@MainInterface@@QAEXH@Z)(MainInterface* this, int)"
P3,220,0x0045C200,?timer_callback_daemon@MainInterface@@QAAXHH@Z,115,0,2,unrecovered,,,2,exact,exact,
P2,12221,0x0045C290,?restore_back@MainInterface@@QAEXH@Z,259,12,2,unrecovered,,,2,exact,exact,"void (__thiscall ?restore_back@MainInterface@@QAEXH@Z)(MainInterface* this, int)"
P2,6021,0x0045C3A0,?redraw_complete@MainInterface@@QAEXXZ,527,5,10,unrecovered,,,2,exact,exact,void (__thiscall ?redraw_complete@MainInterface@@QAEXXZ)(MainInterface* this)
P3,21,0x0045C5C0,?on_scrolling@MainInterface@@QAEXHH@Z,52,0,0,unrecovered,,,2,exact,exact,"void (__thiscall ?on_scrolling@MainInterface@@QAEXHH@Z)(MainInterface* this, int, int)"
P3,21,0x0045C600,?on_scrolled@MainInterface@@QAEXHH@Z,52,0,0,unrecovered,,,2,exact,exact,"void (__thiscall ?on_scrolled@MainInterface@@QAEXHH@Z)(MainInterface* this, int, int)"
P3,21,0x0045C640,?on_left_double_click@MainInterface@@QAEXHH@Z,52,0,0,unrecovered,,,2,exact,exact,"void (__thiscall ?on_left_double_click@MainInterface@@QAEXHH@Z)(MainInterface* this, int, int)"
P3,21,0x0045C680,?on_right_double_click@MainInterface@@QAEXHH@Z,52,0,0,unrecovered,,,2,exact,exact,"void (__thiscall ?on_right_double_click@MainInterface@@QAEXHH@Z)(MainInterface* this, int, int)"
P3,21,0x0045C6C0,?on_left_up@MainInterface@@QAEXHH@Z,52,0,0,unrecovered,,,2,exact,exact,"void (__thiscall ?on_left_up@MainInterface@@QAEXHH@Z)(MainInterface* this, int, int)"
P3,21,0x0045C700,?on_left_click@MainInterface@@QAEXHH@Z,52,0,0,unrecovered,,,2,exact,exact,"void (__thiscall ?on_left_click@MainInterface@@QAEXHH@Z)(MainInterface* this, int, int)"
P3,21,0x0045C740,?on_right_click@MainInterface@@QAEXHH@Z,52,0,0,unrecovered,,,2,exact,exact,"void (__thiscall ?on_right_click@MainInterface@@QAEXHH@Z)(MainInterface* this, int, int)"
P3,21,0x0045C780,?on_left_down@MainInterface@@QAEXHH@Z,52,0,0,unrecovered,,,2,exact,exact,"void (__thiscall ?on_left_down@MainInterface@@QAEXHH@Z)(MainInterface* this, int, int)"
P3,21,0x0045C7C0,?on_right_down@MainInterface@@QAEXHH@Z,52,0,0,unrecovered,,,2,exact,exact,"void (__thiscall ?on_right_down@MainInterface@@QAEXHH@Z)(MainInterface* this, int, int)"
P3,21,0x0045C800,?on_button_clicked@MainInterface@@QAEXH@Z,48,0,0,unrecovered,,,2,exact,exact,"void (__thiscall ?on_button_clicked@MainInterface@@QAEXH@Z)(MainInterface* this, int)"
P3,21,0x0045C830,?on_button_pressed@MainInterface@@QAEHH@Z,54,0,0,unrecovered,,,2,exact,exact,"int (__thiscall ?on_button_pressed@MainInterface@@QAEHH@Z)(MainInterface* this, int)"
P3,21,0x0045C870,?on_button_toggled@MainInterface@@QAEXHH@Z,52,0,0,unrecovered,,,2,exact,exact,"void (__thiscall ?on_button_toggled@MainInterface@@QAEXHH@Z)(MainInterface* this, int, int)"
P3,21,0x0045C8B0,?on_dialog_back_draw@MainInterface@@QAEHPAUGraphicWin@@@Z,54,0,0,unrecovered,,,2,exact,exact,"int (__thiscall ?on_dialog_back_draw@MainInterface@@QAEHPAUGraphicWin@@@Z)(MainInterface* this, GraphicWin*)"
P3,21,0x0045C8F0,?on_dialog_item_back_draw@MainInterface@@QAEHPAUGraphicWin@@HHPAURECT@@@Z,66,0,0,unrecovered,,,2,exact,exact,"int (__thiscall ?on_dialog_item_back_draw@MainInterface@@QAEHPAUGraphicWin@@HHPAURECT@@@Z)(MainInterface* this, GraphicWin*, int, int, RECT*)"
P3,21,0x0045C940,?on_group_clicked@MainInterface@@QAEXHHH@Z,56,0,0,unrecovered,,,2,exact,exact,"void (__thiscall ?on_group_clicked@MainInterface@@QAEXHHH@Z)(MainInterface* this, int, int, int)"
P3,21,0x0045C980,?on_mouse_move@MainInterface@@QAEXHH@Z,52,0,0,unrecovered,,,2,exact,exact,"void (__thiscall ?on_mouse_move@MainInterface@@QAEXHH@Z)(MainInterface* this, int, int)"
P3,21,0x0045C9C0,?on_mouse_leave@MainInterface@@QAEXHH@Z,52,0,0,unrecovered,,,2,exact,exact,"void (__thiscall ?on_mouse_leave@MainInterface@@QAEXHH@Z)(MainInterface* this, int, int)"
P3,21,0x0045CA00,?on_selected@MainInterface@@QAEXHH@Z,52,0,0,unrecovered,,,2,exact,exact,"void (__thiscall ?on_selected@MainInterface@@QAEXHH@Z)(MainInterface* this, int, int)"
P3,1421,0x0045CA40,?on_status@MainInterface@@QAEXH@Z,568,0,14,unrecovered,,,2,exact,exact,"void (__thiscall ?on_status@MainInterface@@QAEXH@Z)(MainInterface* this, int)"
P3,1421,0x0045CCB0,?on_iface_group_clicked@MainInterface@@QAEXHHH@Z,197,1,4,unrecovered,,,2,exact,exact,"void (__thiscall ?on_iface_group_clicked@MainInterface@@QAEXHHH@Z)(MainInterface* this, int, int, int)"
P3,221,0x0045CD80,?on_iface_left_double_click@MainInterface@@QAEXHH@Z,48,0,2,unrecovered,,,2,exact,exact,"void (__thiscall ?on_iface_left_double_click@MainInterface@@QAEXHH@Z)(MainInterface* this, int, int)"
P3,321,0x0045CDC0,?on_iface_left_click@MainInterface@@QAEXHH@Z,178,0,3,unrecovered,,,2,exact,exact,"void (__thiscall ?on_iface_left_click@MainInterface@@QAEXHH@Z)(MainInterface* this, int, int)"
P3,321,0x0045CE80,?on_iface_right_click@MainInterface@@QAEXHH@Z,184,0,3,unrecovered,,,2,exact,exact,"void (__thiscall ?on_iface_right_click@MainInterface@@QAEXHH@Z)(MainInterface* this, int, int)"
P3,221,0x0045CF40,?on_iface_left_down@MainInterface@@QAEXHH@Z,53,0,2,unrecovered,,,2,exact,exact,"void (__thiscall ?on_iface_left_down@MainInterface@@QAEXHH@Z)(MainInterface* this, int xCoord, int yCoord)"
P3,421,0x0045CF80,?on_iface_right_down@MainInterface@@QAEXHH@Z,125,0,4,unrecovered,,,2,exact,exact,"void (__thiscall ?on_iface_right_down@MainInterface@@QAEXHH@Z)(MainInterface* this, int xCoord, int yCoord)"
P3,421,0x0045D000,?on_iface_mouse_move@MainInterface@@QAEXHH@Z,261,0,4,unrecovered,,,2,exact,exact,"void (__thiscall ?on_iface_mouse_move@MainInterface@@QAEXHH@Z)(MainInterface* this, int xCoord, int yCoord)"
P3,221,0x0045D110,?on_iface_mouse_leave@MainInterface@@QAEXHH@Z,47,0,2,unrecovered,,,2,exact,exact,"void (__thiscall ?on_iface_mouse_leave@MainInterface@@QAEXHH@Z)(MainInterface* this, int, int)"
P3,121,0x0045D140,?on_iface_selected@MainInterface@@QAEXHH@Z,25,0,1,unrecovered,,,2,exact,exact,"void (__thiscall ?on_iface_selected@MainInterface@@QAEXHH@Z)(MainInterface* this, int, int)"
P3,3021,0x0045D170,?on_iface_button_clicked@MainInterface@@QAEXH@Z,257,2,10,unrecovered,,,2,exact,exact,"void (__thiscall ?on_iface_button_clicked@MainInterface@@QAEXH@Z)(MainInterface* this, int)"
P3,1121,0x0045D2A0,?set_alert@MainInterface@@QAEXH@Z,49,1,1,unrecovered,,,2,exact,exact,"void (__thiscall ?set_alert@MainInterface@@QAEXH@Z)(MainInterface* this, int)"
P3,1021,0x0045D2E0,?delete_iface_mode@SubInterface@@QAEXXZ,35,1,0,unrecovered,,,2,exact,exact,void (__thiscall ?delete_iface_mode@SubInterface@@QAEXXZ)(SubInterface* this)
P2,9121,0x0045D310,?set_iface_mode@SubInterface@@QAEXXZ,109,9,1,unrecovered,,,2,exact,exact,void (__thiscall ?set_iface_mode@SubInterface@@QAEXXZ)(SubInterface* this)
P0,1024121,0x0045D380,?release_iface_mode@SubInterface@@QAEXXZ,191,24,1,original_dependency,ui_dependency,recover_sub_interface_release_iface_mode,2,exact,exact,void (__thiscall ?release_iface_mode@SubInterface@@QAEXXZ)(SubInterface* this)
P2,14720,0x0045D440,?slide_show@@YAXPAUGraphicWin@@H@Z,1350,13,17,unrecovered,,,2,exact,entry_range,
P2,15020,0x0045D970,?slide_hide@@YAXPAUGraphicWin@@H@Z,1371,13,20,unrecovered,,,2,exact,entry_range,
P2,9720,0x0045DEA0,?scroll_show@@YAXPAUGraphicWin@@PAUScroll@@@Z,1728,8,17,unrecovered,,,2,exact,entry_range,
P2,12520,0x0045E540,?scroll_hide@@YAXPAUGraphicWin@@PAUScroll@@@Z,1605,11,15,unrecovered,,,2,exact,entry_range,
P0,1002421,0x0045EB80,??1MainInterface@@QAE@XZ,1529,1,14,original_dependency,ui_dependency,recover_owning_class,2,exact,entry_range,void (__thiscall ??1MainInterface@@QAE@XZ)(MainInterface* this)
P0,1001921,0x0045EF10,??0MainInterface@@QAE@XZ,1185,1,9,original_dependency,ui_dependency,recover_owning_class,2,exact,entry_range,void (__thiscall ??0MainInterface@@QAE@XZ)(MainInterface* this)
P3,1221,0x0045F200,??0Interlude@@QAE@XZ,255,1,2,unrecovered,,,2,exact,entry_range,void (__thiscall ??0Interlude@@QAE@XZ)(Interlude* this)
P3,2421,0x0045F2E0,?exec@Interlude@@QAEXPAD@Z,736,1,14,unrecovered,,,2,exact,exact,"void (__thiscall ?exec@Interlude@@QAEXPAD@Z)(Interlude* this, int8*)"
P3,221,0x0045F5C0,?on_redraw@Interlude@@QAEHXZ,126,0,2,unrecovered,,,2,exact,exact,int (__thiscall ?on_redraw@Interlude@@QAEHXZ)(Interlude* this)
P3,1221,0x0045F640,?close@Interlude@@QAEXXZ,165,1,2,unrecovered,,,2,exact,exact,void (__thiscall ?close@Interlude@@QAEXXZ)(Interlude* this)
P0,1001521,0x0045F740,??1Interlude@@QAE@XZ,510,1,5,original_dependency,ui_dependency,recover_owning_class,2,exact,entry_range,void (__thiscall ??1Interlude@@QAE@XZ)(Interlude* this)
P3,2121,0x0045F950,_WinMain@16,459,1,11,unrecovered,,,2,exact,exact,"int (__stdcall _WinMain@16)(HINSTANCE hInstance, HINSTANCE hPrevInstance, LPSTR lpCmdLine, int nShowCmd)"
P3,2121,0x0045FB20,?menu_init@MainMenu@@QAEHXZ,4784,1,11,unrecovered,,,2,exact,exact,int (__thiscall ?menu_init@MainMenu@@QAEHXZ)(MainMenu* this)
P2,16721,0x00460DD0,?check@MainMenu@@QAEXH@Z,4782,15,17,unrecovered,,,2,exact,exact,"void (__thiscall ?check@MainMenu@@QAEXH@Z)(MainMenu* this, int vehID)"
P3,10,0x004620C0,sub_4620c0,196,0,0,unrecovered,,,1,missing,exact,
P3,1020,0x00462190,?alt_get_ocean_detail@@YAHHHHH@Z,1289,1,0,unrecovered,,,2,exact,exact,
P0,1007621,0x004626E0,??0MapWin@@QAE@H@Z,584,7,6,original_dependency,ui_dependency,recover_owning_class,2,exact,entry_range,"void (__thiscall ??0MapWin@@QAE@H@Z)(MapWin* this, BOOL)"
P2,12121,0x00462870,?clear@MapWin@@QAEXH@Z,233,12,1,unrecovered,,,2,exact,exact,"void (__thiscall ?clear@MapWin@@QAEXH@Z)(MapWin* this, int)"
P3,3121,0x00462980,?calculate_dimensions@MapWin@@QAEXXZ,1402,3,1,unrecovered,,,2,exact,exact,void (__thiscall ?calculate_dimensions@MapWin@@QAEXXZ)(MapWin* this)
P2,18121,0x00462F00,?tile_to_pixel@MapWin@@QAEXHHPAHPAH@Z,316,18,1,unrecovered,,,2,exact,exact,"void (__thiscall ?tile_to_pixel@MapWin@@QAEXHHPAHPAH@Z)(MapWin* this, int xCoord, int yCoord, int*, int*)"
P2,7121,0x00463040,?pixel_to_tile@MapWin@@QAEHHHPAHPAH@Z,652,7,1,unrecovered,,,2,exact,exact,"int (__thiscall ?pixel_to_tile@MapWin@@QAEHHHPAHPAH@Z)(MapWin* this, int, int, int*, int*)"
P2,10820,0x004632D0,?gen_terrain_poly@MapWin@@QAAHPAUBuffer@@PAUMapWin@@HHHHHHHH@Z,14804,7,38,unrecovered,,,2,exact,entry_range,
P3,3821,0x00466CA0,?draw_vehicles@MapWin@@QAEXHHHHH@Z,1263,3,8,unrecovered,,,2,exact,exact,"void (__thiscall ?draw_vehicles@MapWin@@QAEXHHHHH@Z)(MapWin* this, int, int, int, int, int)"
P3,2221,0x00467190,?draw_bases@MapWin@@QAEXHHHHH@Z,296,2,2,unrecovered,,,2,exact,exact,"void (__thiscall ?draw_bases@MapWin@@QAEXHHHHH@Z)(MapWin* this, int xCoord, int yCoord, int, int, int)"
P3,1521,0x004672C0,?direct_dest_line@MapWin@@QAEXHHHHHHHH@Z,364,1,5,unrecovered,,,2,exact,exact,"void (__thiscall ?direct_dest_line@MapWin@@QAEXHHHHHHHH@Z)(MapWin* this, int xCoord, int yCoord, int, int, int, int, int, int)"
P3,5021,0x00467430,?dest_line@MapWin@@QAEXHHHHHHHHHHH@Z,1320,4,10,unrecovered,,,2,exact,exact,"void (__thiscall ?dest_line@MapWin@@QAEXHHHHHHHHHHH@Z)(MapWin* this, int xCoord1, int yCoord1, int xCoord2, int yCoord2, int vehID, int, int, int, int, int, int)"
P2,7121,0x00467970,?draw_base_dest@MapWin@@QAEXH@Z,1129,7,1,unrecovered,,,2,exact,exact,"void (__thiscall ?draw_base_dest@MapWin@@QAEXH@Z)(MapWin* this, int)"
P3,3121,0x00467DE0,?draw_base_names@MapWin@@QAEXXZ,2816,2,11,unrecovered,,,2,exact,exact,void (__thiscall ?draw_base_names@MapWin@@QAEXXZ)(MapWin* this)
P3,3721,0x004688E0,?gen_overlays@MapWin@@QAEXHH@Z,741,3,7,unrecovered,,,2,exact,exact,"void (__thiscall ?gen_overlays@MapWin@@QAEXHH@Z)(MapWin* this, int xCoord, int yCoord)"
P3,411,0x00468C20,?gen_tile@MapWin@@QAEXHHHH@Z,165,0,4,unrecovered,,,1,missing,exact,"void (__thiscall ?gen_tile@MapWin@@QAEXHHHH@Z)(MapWin* this, int xCoord, int yCoord, int, int)"
P3,3121,0x00468CD0,?compute_clip@MapWin@@QAEHHHHPAURECT@@@Z,701,3,1,unrecovered,,,2,exact,exact,"int (__thiscall ?compute_clip@MapWin@@QAEHHHHPAURECT@@@Z)(MapWin* this, int, int, int, RECT*)"
P3,1321,0x00468F90,?draw_vehicles@MapWin@@QAEXHHHH@Z,499,1,3,unrecovered,,,2,exact,exact,"void (__thiscall ?draw_vehicles@MapWin@@QAEXHHHH@Z)(MapWin* this, int, int, int, int)"
P3,2321,0x00469190,?gen_radius@MapWin@@QAEXHHHHH@Z,1416,1,13,unrecovered,,,2,exact,exact,"void (__thiscall ?gen_radius@MapWin@@QAEXHHHHH@Z)(MapWin* this, int, int, int, int, int)"
P3,2921,0x00469720,?draw_legend@MapWin@@QAEXXZ,442,2,9,unrecovered,,,2,exact,entry_range,void (__thiscall ?draw_legend@MapWin@@QAEXXZ)(MapWin* this)
P3,1621,0x004698D0,?draw_wars@MapWin@@QAEXXZ,610,1,6,unrecovered,,,2,exact,exact,void (__thiscall ?draw_wars@MapWin@@QAEXXZ)(MapWin* this)
P3,1221,0x00469B40,?gen_bases_only@MapWin@@QAEXXZ,351,1,2,unrecovered,,,2,exact,exact,void (__thiscall ?gen_bases_only@MapWin@@QAEXXZ)(MapWin* this)
P3,1921,0x00469CA0,?gen_map@MapWin@@QAEXHH@Z,1522,1,9,unrecovered,,,2,exact,exact,"void (__thiscall ?gen_map@MapWin@@QAEXHH@Z)(MapWin* this, int, int)"
P0,1010521,0x0046A2A0,?draw_radius@MapWin@@QAEXHHHH@Z,502,10,5,original_dependency,ui_dependency,recover_map_win_draw_radius,2,exact,exact,"void (__thiscall ?draw_radius@MapWin@@QAEXHHHH@Z)(MapWin* this, int xCoord, int yCoord, int, int)"
P3,1121,0x0046A4A0,?draw_tile@MapWin@@QAEXHHH@Z,143,1,1,unrecovered,,,2,exact,exact,"void (__thiscall ?draw_tile@MapWin@@QAEXHHH@Z)(MapWin* this, int xCoord, int yCoord, int)"
P3,111,0x0046A530,?draw_radius@MapWin@@QAEXHHH@Z,26,0,1,unrecovered,,,1,missing,exact,"void (__thiscall ?draw_radius@MapWin@@QAEXHHH@Z)(MapWin* this, int xCoord, int yCoord, int)"
P0,1034821,0x0046A550,?draw_map@MapWin@@QAEXH@Z,2049,34,8,original_dependency,ui_dependency,recover_owning_class,2,exact,exact,"void (__thiscall ?draw_map@MapWin@@QAEXH@Z)(MapWin* this, int)"
P2,10121,0x0046AD60,?draw_cursor@MapWin@@QAEXXZ,145,10,1,unrecovered,,,2,exact,exact,void (__thiscall ?draw_cursor@MapWin@@QAEXXZ)(MapWin* this)
P2,10220,0x0046AE00,?draw_cursor@@YAXXZ,237,10,2,unrecovered,,,2,exact,exact,
P0,1017120,0x0046AEF0,?draw_radius@@YAXHHHH@Z,72,17,1,original_dependency,game_service,recover_map_render,2,exact,exact,
P2,7120,0x0046AF90,?draw_tile_fixup@@YAXHHHH@Z,161,7,1,unrecovered,,,2,exact,exact,
P3,1120,0x0046B040,?draw_tile_fixup@@YAXHHHHHH@Z,242,1,1,unrecovered,,,2,exact,exact,
P0,1068120,0x0046B190,?draw_map@@YAXH@Z,58,68,1,original_dependency,game_service,recover_map_render,2,exact,exact,
P0,1000111,0x0046B1D0,?on_redraw@MapWin@@QAEXXZ,24,0,1,original_dependency,ui_dependency,recover_map_win_on_redraw,1,missing,exact,void (__thiscall ?on_redraw@MapWin@@QAEXXZ)(MapWin* this)
P1,22521,0x0046B1F0,?set_center@MapWin@@QAEXHHH@Z,275,22,5,unrecovered,,,2,exact,exact,"void (__thiscall ?set_center@MapWin@@QAEXHHH@Z)(MapWin* this, int xCoord, int yCoord, int)"
P0,1009221,0x0046B310,?focus@MapWin@@QAEHHH@Z,508,9,2,original_dependency,ui_dependency,recover_owning_class,2,exact,exact,"int (__thiscall ?focus@MapWin@@QAEHHH@Z)(MapWin* this, int, int)"
P3,5221,0x0046B510,?editor@MapWin@@QAEXHHH@Z,2751,4,12,unrecovered,,,2,exact,exact,"void (__thiscall ?editor@MapWin@@QAEXHHH@Z)(MapWin* this, int xCoord, int yCoord, int)"
P3,311,0x0046C020,?UNK4@MapWin@@QAEXHH@Z,169,0,3,unrecovered,,,1,missing,exact,"void (__thiscall ?UNK4@MapWin@@QAEXHH@Z)(MapWin* this, int xCoord, int yCoord)"
P3,6521,0x0046C0D0,?right_menu@MapWin@@QAEXHHHH@Z,5271,1,55,unrecovered,,,2,exact,entry_range,"void (__thiscall ?right_menu@MapWin@@QAEXHHHH@Z)(MapWin* this, int xCoord, int yCoord, int, int)"
P0,1007921,0x0046D5D0,?click@MapWin@@QAEXHHH@Z,6865,2,59,original_dependency,ui_dependency,recover_map_win_click,2,exact,start_only,"void (__thiscall ?click@MapWin@@QAEXHHH@Z)(MapWin* this, int, int, int)"
P0,1000021,0x0046EB90,?on_lose_mouse_capture@MapWin@@QAEXXZ,5,0,0,original_dependency,ui_dependency,recover_map_win_on_lose_mouse_capture,2,exact,exact,void (__thiscall ?on_lose_mouse_capture@MapWin@@QAEXXZ)(MapWin* this)
P0,1000121,0x0046EBA0,?on_left_click@MapWin@@QAEXHH@Z,37,0,1,source_complete,ui_dependency,recover_map_win_on_left_click,2,exact,exact,"void (__thiscall ?on_left_click@MapWin@@QAEXHH@Z)(MapWin* this, int, int)"
P0,1000011,0x0046EBD0,?on_left_double_click@MapWin@@QAEXHH@Z,3,0,0,source_complete,ui_dependency,recover_map_win_on_left_double_click,1,exact,missing,"void (__thiscall ?on_left_double_click@MapWin@@QAEXHH@Z)(MapWin* this, int, int)"
P0,1000121,0x0046EBE0,?on_right_click@MapWin@@QAEXHH@Z,37,0,1,source_complete,ui_dependency,recover_map_win_on_right_click,2,exact,exact,"void (__thiscall ?on_right_click@MapWin@@QAEXHH@Z)(MapWin* this, int, int)"
P0,1000121,0x0046EC10,?on_right_down@MapWin@@QAEXHH@Z,273,0,1,original_dependency,ui_dependency,recover_map_win_on_right_down,2,exact,exact,"void (__thiscall ?on_right_down@MapWin@@QAEXHH@Z)(MapWin* this, int, int)"
P0,1000921,0x0046ED30,?on_left_down@MapWin@@QAEXHH@Z,689,0,9,original_dependency,ui_dependency,recover_map_win_on_left_down,2,exact,exact,"void (__thiscall ?on_left_down@MapWin@@QAEXHH@Z)(MapWin* this, int, int)"
P0,1000011,0x0046EFF0,?on_left_up@MapWin@@QAEXHH@Z,3,0,0,source_complete,ui_dependency,recover_map_win_on_left_up,1,exact,missing,"void (__thiscall ?on_left_up@MapWin@@QAEXHH@Z)(MapWin* this, int, int)"
P0,1001921,0x0046F000,?on_mouse_move@MapWin@@QAEXHH@Z,1617,0,19,original_dependency,ui_dependency,recover_map_win_on_mouse_move,2,exact,exact,"void (__thiscall ?on_mouse_move@MapWin@@QAEXHH@Z)(MapWin* this, int, int)"
P0,1000221,0x0046F660,?on_nc_hittest@MapWin@@QAEXHH@Z,153,0,2,original_dependency,ui_dependency,recover_map_win_on_nc_hittest,2,exact,exact,"void (__thiscall ?on_nc_hittest@MapWin@@QAEXHH@Z)(MapWin* this, int, int)"
P0,1000121,0x0046F700,?on_nc_left_down@MapWin@@QAEXHH@Z,384,0,1,original_dependency,ui_dependency,recover_map_win_on_nc_left_down,2,exact,exact,"void (__thiscall ?on_nc_left_down@MapWin@@QAEXHH@Z)(MapWin* this, int, int)"
P0,1000211,0x0046F880,?on_sys_close@MapWin@@QAEXXZ,64,0,2,original_dependency,ui_dependency,recover_map_win_on_sys_close,1,missing,exact,void (__thiscall ?on_sys_close@MapWin@@QAEXXZ)(MapWin* this)
P0,1000821,0x0046F8C0,?on_button_clicked@MapWin@@QAEXH@Z,294,0,8,original_dependency,ui_dependency,recover_map_win_on_button_clicked,2,exact,exact,"void (__thiscall ?on_button_clicked@MapWin@@QAEXH@Z)(MapWin* this, int)"
P0,1000111,0x0046FA00,?on_resize@MapWin@@QAEXHH@Z,26,0,1,original_dependency,ui_dependency,recover_map_win_on_resize,1,missing,exact,"void (__thiscall ?on_resize@MapWin@@QAEXHH@Z)(MapWin* this, int, int)"
P3,1021,0x0046FA20,?UNK5@MapWin@@QAEXH@Z,240,1,0,unrecovered,,,2,exact,exact,"void (__thiscall ?UNK5@MapWin@@QAEXH@Z)(MapWin* this, int)"
P3,311,0x0046FB20,?standard_caption@MapWin@@QAEXXZ,91,0,3,unrecovered,,,1,missing,exact,void (__thiscall ?standard_caption@MapWin@@QAEXXZ)(MapWin* this)
P3,2021,0x0046FB90,?clear_alt@MapWin@@QAEXHHH@Z,153,2,0,unrecovered,,,2,exact,exact,"void (__thiscall ?clear_alt@MapWin@@QAEXHHH@Z)(MapWin* this, int, int, int)"
P3,11,0x0046FC30,?clear_alt@MapWin@@QAEXXZ,75,0,0,unrecovered,,,1,missing,exact,void (__thiscall ?clear_alt@MapWin@@QAEXXZ)(MapWin* this)
P3,11,0x0046FC80,?UNK6@MapWin@@QAEXHHH@Z,83,0,0,unrecovered,,,1,missing,exact,"void (__thiscall ?UNK6@MapWin@@QAEXHHH@Z)(MapWin* this, int, int, int)"
P3,1,0x0046FCE0,?UNK7@MapWin@@QAEXXZ,58,0,0,unrecovered,,,0,missing,missing,void (__thiscall ?UNK7@MapWin@@QAEXXZ)(MapWin* this)
P3,111,0x0046FD20,?UNK8@MapWin@@QAEXHHH@Z,99,0,1,unrecovered,,,1,missing,exact,"void (__thiscall ?UNK8@MapWin@@QAEXHHH@Z)(MapWin* this, int, int, int)"
P3,4021,0x0046FD90,?clear_terrain@MapWin@@QAEXXZ,110,4,0,unrecovered,,,2,exact,exact,void (__thiscall ?clear_terrain@MapWin@@QAEXXZ)(MapWin* this)
P3,4121,0x0046FE00,?get_relative_alt@MapWin@@QAEHHHH@Z,103,4,1,unrecovered,,,2,exact,exact,"int (__thiscall ?get_relative_alt@MapWin@@QAEHHHH@Z)(MapWin* this, int, int, int)"
P2,8121,0x0046FE70,?get_alt@MapWin@@QAEHHHH@Z,1444,8,1,unrecovered,,,2,exact,exact,"int (__thiscall ?get_alt@MapWin@@QAEHHHH@Z)(MapWin* this, int, int, int)"
P3,1121,0x00470420,?compute_lighting_table@MapWin@@QAEXXZ,278,1,1,unrecovered,,,2,exact,exact,void (__thiscall ?compute_lighting_table@MapWin@@QAEXXZ)(MapWin* this)
P3,1121,0x00470550,?get_brighting@MapWin@@QAEHHHH@Z,550,1,1,unrecovered,,,2,exact,exact,"int (__thiscall ?get_brighting@MapWin@@QAEHHHH@Z)(MapWin* this, int, int, int)"
P3,1121,0x00470790,?get_point_light@MapWin@@QAEHHHH@Z,391,1,1,unrecovered,,,2,exact,exact,"int (__thiscall ?get_point_light@MapWin@@QAEHHHH@Z)(MapWin* this, int, int, int)"
P3,2521,0x00470920,?init@MapWin@@QAEXPAURECT@@PADH@Z,368,2,5,unrecovered,,,2,exact,exact,"void (__thiscall ?init@MapWin@@QAEXPAURECT@@PADH@Z)(MapWin* this, RECT*, int8*, int)"
P2,5921,0x00470A90,?init@MapWin@@QAEXHH@Z,1074,5,9,unrecovered,,,2,exact,exact,"void (__thiscall ?init@MapWin@@QAEXHH@Z)(MapWin* this, int, int)"
P3,1221,0x00470ED0,?init_dummy@MapWin@@QAEXXZ,152,1,2,unrecovered,,,2,exact,exact,void (__thiscall ?init_dummy@MapWin@@QAEXXZ)(MapWin* this)
P3,210,0x00470FA0,sub_470fa0,141,0,2,unrecovered,,,1,missing,exact,
P3,1420,0x00471030,?mapwin_system_init@@YAXH@Z,175,1,4,unrecovered,,,2,exact,exact,
P3,3220,0x004710E0,?mapwin_system_shutdown@@YAXXZ,127,3,2,unrecovered,,,2,exact,exact,
P3,1220,0x004711A0,?terrain_fixup@@YAXPAUMapWin@@@Z,155,1,2,unrecovered,,,2,exact,exact,
P0,1001120,0x00471240,?mapwin_terrain_fixup@@YAXXZ,83,1,1,original_dependency,game_service,recover_map_render,2,exact,exact,
P3,1120,0x004712D0,mapwin_unk1,70,1,1,unrecovered,,,2,exact,exact,
P3,1521,0x004713B0,?add_base@MessageWin@@QAEXHPADPAUSprite@@@Z,177,1,5,unrecovered,,,2,exact,exact,"void (__thiscall ?add_base@MessageWin@@QAEXHPADPAUSprite@@@Z)(MessageWin* this, int, int8* lpString, Sprite*)"
P3,411,0x00471470,?UNK2@MessageWin@@QAEHHPADH@Z,82,0,4,unrecovered,,,1,missing,exact,"int (__thiscall ?UNK2@MessageWin@@QAEHHPADH@Z)(MessageWin* this, int, int8* lpString, int)"
P3,411,0x004714D0,?UNK3@MessageWin@@QAEHHHPAD@Z,91,0,4,unrecovered,,,1,missing,exact,"int (__thiscall ?UNK3@MessageWin@@QAEHHHPAD@Z)(MessageWin* this, int, int, int8* lpString)"
P3,2621,0x00471530,?add_message@MessageWin@@QAEXPADH@Z,612,2,6,unrecovered,,,2,exact,exact,"void (__thiscall ?add_message@MessageWin@@QAEXPADH@Z)(MessageWin* this, int8* lpString, int)"
P3,3121,0x004717A0,?clear@MessageWin@@QAEXXZ,196,3,1,unrecovered,,,2,exact,exact,void (__thiscall ?clear@MessageWin@@QAEXXZ)(MessageWin* this)
P3,120,0x00471870,?listbox_draw@MessageWin@@QAAHPAUGraphicWin@@HHHHH@Z,79,0,1,unrecovered,,,2,exact,exact,
P3,2621,0x004718C0,?on_selected@MessageWin@@QAEXHH@Z,1163,1,16,unrecovered,,,2,exact,entry_range,"void (__thiscall ?on_selected@MessageWin@@QAEXHH@Z)(MessageWin* this, int, int)"
P3,2021,0x00471D50,?init@MessageWin@@QAEXXZ,555,1,10,unrecovered,,,2,exact,entry_range,void (__thiscall ?init@MessageWin@@QAEXXZ)(MessageWin* this)
P3,220,0x00471F70,?listbox_fill@MessageWin@@QAAHPAUGraphicWin@@HHPAURECT@@@Z,82,0,2,unrecovered,,,2,exact,exact,
P3,120,0x00471FD0,?listbox_write@MessageWin@@QAAHPAUGraphicWin@@HHPAURECT@@PAD@Z,79,0,1,unrecovered,,,2,exact,exact,
P0,1001221,0x00472020,??1MessageWin@@QAE@XZ,487,0,12,original_dependency,ui_dependency,recover_owning_class,2,exact,entry_range,void (__thiscall ??1MessageWin@@QAE@XZ)(MessageWin* this)
P0,1001421,0x00472190,??0MessageWin@@QAE@XZ,137,1,4,original_dependency,ui_dependency,recover_owning_class,2,exact,entry_range,void (__thiscall ??0MessageWin@@QAE@XZ)(MessageWin* this)
P3,2821,0x00472230,?init@MonuWin@@QAEHXZ,5432,1,18,unrecovered,,,2,exact,entry_range,int (__thiscall ?init@MonuWin@@QAEHXZ)(MonuWin* this)
P3,2021,0x004736E0,?on_redraw@MonuWin@@QAEXXZ,12387,0,20,unrecovered,,,2,exact,entry_range,void (__thiscall ?on_redraw@MonuWin@@QAEXXZ)(MonuWin* this)
P3,111,0x00476760,?close@MonuWin@@QAEXXZ,20,0,1,unrecovered,,,1,missing,exact,void (__thiscall ?close@MonuWin@@QAEXXZ)(MonuWin* this)
P3,121,0x00476780,?on_left_click@MonuWin@@QAEXHH@Z,193,0,1,unrecovered,,,2,exact,exact,"void (__thiscall ?on_left_click@MonuWin@@QAEXHH@Z)(MonuWin* this, int xCoord, int yCoord)"
P3,321,0x00476850,?on_mouse_move@MonuWin@@QAEXHH@Z,345,0,3,unrecovered,,,2,exact,exact,"void (__thiscall ?on_mouse_move@MonuWin@@QAEXHH@Z)(MonuWin* this, int xCoord, int yCoord)"
P3,121,0x004769B0,?on_button_clicked@MonuWin@@QAEXH@Z,71,0,1,unrecovered,,,2,exact,exact,"void (__thiscall ?on_button_clicked@MonuWin@@QAEXH@Z)(MonuWin* this, int)"
P3,121,0x00476A00,?on_key_click@MonuWin@@QAEHHH@Z,66,0,1,unrecovered,,,2,exact,exact,"int (__thiscall ?on_key_click@MonuWin@@QAEHHH@Z)(MonuWin* this, int, int)"
P2,18320,0x00476A50,?monument@@YAXH@Z,210,18,3,unrecovered,,,2,exact,exact,
P3,2020,0x00476B30,?clear_monuments@@YAXXZ,49,2,0,unrecovered,,,2,exact,exact,
P3,1320,0x00476B70,?mon_colony_founded@@YAXHPAD@Z,276,1,3,unrecovered,,,2,exact,exact,
P3,1220,0x00476C90,?mon_tech_discovered@@YAXHH@Z,259,1,2,unrecovered,,,2,exact,exact,
P3,1220,0x00476DA0,?mon_secrets_of_tech@@YAXH@Z,317,1,2,unrecovered,,,2,exact,exact,
P3,1220,0x00476EE0,?mon_prototype_built@@YAXH@Z,254,1,2,unrecovered,,,2,exact,exact,
P3,1320,0x00476FE0,?mon_facility_built@@YAXHPAD@Z,274,1,3,unrecovered,,,2,exact,exact,
P3,1220,0x00477100,?mon_secret_project@@YAXHH@Z,263,1,2,unrecovered,,,2,exact,exact,
P3,1220,0x00477210,?mon_enemy_destroyed@@YAXHH@Z,272,1,2,unrecovered,,,2,exact,exact,
P3,1321,0x00477320,?mon_conquer_base@@YAXHPAD@Z,276,1,3,unrecovered,,,2,exact,exact,"void (__cdecl ?mon_conquer_base@@YAXHPAD@Z)(int factionID, int8* lpszBaseName)"
P3,1220,0x00477440,?mon_naval_unit_built@@YAXH@Z,254,1,2,unrecovered,,,2,exact,exact,
P3,1220,0x00477540,?mon_air_unit_built@@YAXH@Z,254,1,2,unrecovered,,,2,exact,exact,
P3,1220,0x00477640,?mon_native_life_bred@@YAXH@Z,254,1,2,unrecovered,,,2,exact,exact,
P3,1220,0x00477740,?mon_first_in_space@@YAXH@Z,254,1,2,unrecovered,,,2,exact,exact,
P3,1220,0x00477840,?mon_built_preserve@@YAXH@Z,254,1,2,unrecovered,,,2,exact,exact,
P3,1220,0x00477940,?mon_winning_unify@@YAXHH@Z,135,1,2,unrecovered,,,2,exact,exact,
P3,1220,0x004779D0,?mon_winning_trans@@YAXHH@Z,135,1,2,unrecovered,,,2,exact,exact,
P3,1220,0x00477A60,?mon_killed_faction@@YAXHH@Z,175,1,2,unrecovered,,,2,exact,exact,
P0,1001721,0x00477B10,??1MonuWin@@QAE@XZ,599,1,7,original_dependency,ui_dependency,recover_owning_class,2,exact,entry_range,void (__thiscall ??1MonuWin@@QAE@XZ)(MonuWin* this)
P0,1001721,0x00477C80,??0MonuWin@@QAE@XZ,549,1,7,original_dependency,ui_dependency,recover_owning_class,2,exact,entry_range,void (__thiscall ??0MonuWin@@QAE@XZ)(MonuWin* this)
P3,221,0x00477E70,?on_mouse_move@MultiWin@@QAEXHH@Z,107,0,2,unrecovered,,,2,exact,exact,"void (__thiscall ?on_mouse_move@MultiWin@@QAEXHH@Z)(MultiWin* this, int xCoord, int yCoord)"
P3,111,0x00477EE0,?on_mouse_leave@MultiWin@@QAEXHH@Z,30,0,1,unrecovered,,,1,exact,missing,"void (__thiscall ?on_mouse_leave@MultiWin@@QAEXHH@Z)(MultiWin* this, int, int)"
P3,2221,0x00477F00,?on_button_clicked@MultiWin@@QAEXH@Z,48,2,2,unrecovered,,,2,exact,exact,"void (__thiscall ?on_button_clicked@MultiWin@@QAEXH@Z)(MultiWin* this, int)"
P3,921,0x00477F30,?on_left_click@MultiWin@@QAEXHH@Z,536,0,9,unrecovered,,,2,exact,exact,"void (__thiscall ?on_left_click@MultiWin@@QAEXHH@Z)(MultiWin* this, int xCoord, int yCoord)"
P3,2021,0x00478150,?on_right_click@MultiWin@@QAEXHH@Z,1215,0,20,unrecovered,,,2,exact,entry_range,"void (__thiscall ?on_right_click@MultiWin@@QAEXHH@Z)(MultiWin* this, int xCoord, int yCoord)"
P3,2121,0x00478630,?draw_player@MultiWin@@QAEXHHPAURECT@@@Z,1451,1,11,unrecovered,,,2,exact,exact,"void (__thiscall ?draw_player@MultiWin@@QAEXHHPAURECT@@@Z)(MultiWin* this, int, int, RECT*)"
P3,2421,0x00478BE0,?draw_time@MultiWin@@QAEXPAURECT@@H@Z,1673,1,14,unrecovered,,,2,exact,exact,"void (__thiscall ?draw_time@MultiWin@@QAEXPAURECT@@H@Z)(MultiWin* this, RECT*, int)"
P3,411,0x00479270,?UNK1@MultiWin@@QAEXPAURECT@@@Z,188,0,4,unrecovered,,,1,missing,exact,"void (__thiscall ?UNK1@MultiWin@@QAEXPAURECT@@@Z)(MultiWin* this, RECT*)"
P2,14021,0x00479330,?draw@MultiWin@@QAEXH@Z,1468,12,20,unrecovered,,,2,exact,exact,"void (__thiscall ?draw@MultiWin@@QAEXH@Z)(MultiWin* this, int)"
P3,111,0x004798F0,?on_redraw@MultiWin@@QAEXXZ,8,0,1,unrecovered,,,1,exact,missing,void (__thiscall ?on_redraw@MultiWin@@QAEXXZ)(MultiWin* this)
P3,1,0x00479900,?UNK2@MultiWin@@QAEXXZ,100,0,0,unrecovered,,,0,missing,missing,void (__thiscall ?UNK2@MultiWin@@QAEXXZ)(MultiWin* this)
P3,5321,0x00479970,?show@MultiWin@@QAEXXZ,662,4,13,unrecovered,,,2,exact,entry_range,void (__thiscall ?show@MultiWin@@QAEXXZ)(MultiWin* this)
P2,8721,0x00479C00,?hide@MultiWin@@QAEXXZ,931,7,17,unrecovered,,,2,exact,entry_range,void (__thiscall ?hide@MultiWin@@QAEXXZ)(MultiWin* this)
P3,2521,0x00479F90,?init@MultiWin@@QAEXXZ,1198,1,15,unrecovered,,,2,exact,entry_range,void (__thiscall ?init@MultiWin@@QAEXXZ)(MultiWin* this)
P0,1001821,0x0047A430,??1MultiWin@@QAE@XZ,568,1,8,original_dependency,ui_dependency,recover_owning_class,2,exact,entry_range,void (__thiscall ??1MultiWin@@QAE@XZ)(MultiWin* this)
P0,1001821,0x0047A590,??0MultiWin@@QAE@XZ,503,1,8,original_dependency,ui_dependency,recover_owning_class,2,exact,entry_range,void (__thiscall ??0MultiWin@@QAE@XZ)(MultiWin* this)
P3,1121,0x0047A6F0,?UNK3@MultiWin@@QAEHHHPAURECT@@@Z,46,1,1,unrecovered,,,2,exact,exact,"int (__thiscall ?UNK3@MultiWin@@QAEHHHPAURECT@@@Z)(MultiWin* this, int, int, RECT*)"
P3,1221,0x0047A720,?UNK4@MultiWin@@QAEHPADPAURECT@@@Z,50,1,2,unrecovered,,,2,exact,exact,"int (__thiscall ?UNK4@MultiWin@@QAEHPADPAURECT@@@Z)(MultiWin* this, LPSTR lpString, RECT*)"
P3,220,0x0047A800,?timer_daemon@NetMsg@@QAAXH@Z,95,0,2,unrecovered,,,2,exact,exact,
P3,221,0x0047A860,?on_button_clicked@NetMsg@@QAEXH@Z,45,0,2,unrecovered,,,2,exact,exact,"void (__thiscall ?on_button_clicked@NetMsg@@QAEXH@Z)(NetMsg* this, int)"
P1,110921,0x0047A890,?pop@NetMsg@@QAEXPBDHHPBD@Z,1359,108,29,unrecovered,,,2,exact,entry_range,"void (__thiscall ?pop@NetMsg@@QAEXPBDHHPBD@Z)(NetMsg* this, int8*, int, int, int8*)"
P0,1002221,0x0047ACF0,??0NetMsg@@QAE@HHH@Z,144,2,2,original_dependency,ui_dependency,recover_owning_class,2,exact,entry_range,"void (__thiscall ??0NetMsg@@QAE@HHH@Z)(NetMsg* this, int, int, int)"
P0,1002521,0x0047ADA0,??1NetMsg@@QAE@XZ,801,1,15,original_dependency,ui_dependency,recover_owning_class,2,exact,entry_range,void (__thiscall ??1NetMsg@@QAE@XZ)(NetMsg* this)
P3,2420,0x0047B020,?send_faction_data@@YAXH@Z,193,2,4,unrecovered,,,2,exact,exact,
P3,1220,0x0047B0F0,?send_all_player_packets@@YAXH@Z,222,1,2,unrecovered,,,2,exact,exact,
P3,210,0x0047B1D0,sub_47b1d0,140,0,2,unrecovered,,,1,missing,exact,
P3,1120,0x0047B260,?send_session_packet@@YAXHH@Z,126,1,1,unrecovered,,,2,exact,exact,
P3,1120,0x0047B2E0,?send_session2_packet@@YAXHH@Z,153,1,1,unrecovered,,,2,exact,exact,
P3,4021,0x0047B380,?get_player_color@NetWin@@QAEHH@Z,194,4,0,unrecovered,,,2,exact,exact,"int (__thiscall ?get_player_color@NetWin@@QAEHH@Z)(NetWin* this, int)"
P3,1421,0x0047B450,?on_button_clicked@NetWin@@QAEXH@Z,758,1,4,unrecovered,,,2,exact,exact,"void (__thiscall ?on_button_clicked@NetWin@@QAEXH@Z)(NetWin* this, int)"
P3,1621,0x0047B760,?on_left_click@NetWin@@QAEXHH@Z,918,0,16,unrecovered,,,2,exact,exact,"void (__thiscall ?on_left_click@NetWin@@QAEXHH@Z)(NetWin* this, int xCoord, int yCoord)"
P3,3821,0x0047BBF0,?pick_player@NetWin@@QAEXXZ,2800,1,28,unrecovered,,,2,exact,entry_range,void (__thiscall ?pick_player@NetWin@@QAEXXZ)(NetWin* this)
P3,2921,0x0047C530,?pick_faction@NetWin@@QAEXH@Z,1280,1,19,unrecovered,,,2,exact,entry_range,"void (__thiscall ?pick_faction@NetWin@@QAEXH@Z)(NetWin* this, int)"
P3,4721,0x0047C970,?pick_pass@NetWin@@QAEHH@Z,1771,3,17,unrecovered,,,2,exact,entry_range,"int (__thiscall ?pick_pass@NetWin@@QAEHH@Z)(NetWin* this, int)"
P3,3521,0x0047CF40,?pick_diff@NetWin@@QAEXH@Z,1164,1,25,unrecovered,,,2,exact,entry_range,"void (__thiscall ?pick_diff@NetWin@@QAEXH@Z)(NetWin* this, int)"
P3,5021,0x0047D300,?pick_map@NetWin@@QAEXXZ,3803,1,40,unrecovered,,,2,exact,entry_range,void (__thiscall ?pick_map@NetWin@@QAEXXZ)(NetWin* this)
P3,3621,0x0047E010,?pick_num_players@NetWin@@QAEXXZ,1027,1,26,unrecovered,,,2,exact,entry_range,void (__thiscall ?pick_num_players@NetWin@@QAEXXZ)(NetWin* this)
P3,3621,0x0047E340,?pick_global_diff@NetWin@@QAEXXZ,984,1,26,unrecovered,,,2,exact,entry_range,void (__thiscall ?pick_global_diff@NetWin@@QAEXXZ)(NetWin* this)
P3,3521,0x0047E640,?pick_time@NetWin@@QAEXXZ,956,1,25,unrecovered,,,2,exact,entry_range,void (__thiscall ?pick_time@NetWin@@QAEXXZ)(NetWin* this)
P3,3621,0x0047E930,?pick_planet_size@NetWin@@QAEXXZ,1032,1,26,unrecovered,,,2,exact,entry_range,void (__thiscall ?pick_planet_size@NetWin@@QAEXXZ)(NetWin* this)
P3,3621,0x0047EC60,?pick_ocean@NetWin@@QAEXXZ,1028,1,26,unrecovered,,,2,exact,entry_range,void (__thiscall ?pick_ocean@NetWin@@QAEXXZ)(NetWin* this)
P3,3621,0x0047EF90,?pick_erosion@NetWin@@QAEXXZ,1028,1,26,unrecovered,,,2,exact,entry_range,void (__thiscall ?pick_erosion@NetWin@@QAEXXZ)(NetWin* this)
P3,3621,0x0047F2C0,?pick_native@NetWin@@QAEXXZ,1028,1,26,unrecovered,,,2,exact,entry_range,void (__thiscall ?pick_native@NetWin@@QAEXXZ)(NetWin* this)
P3,3621,0x0047F5F0,?pick_clouds@NetWin@@QAEXXZ,1028,1,26,unrecovered,,,2,exact,entry_range,void (__thiscall ?pick_clouds@NetWin@@QAEXXZ)(NetWin* this)
P3,2521,0x0047F960,?draw_custom_rules@NetWin@@QAEXXZ,1230,1,15,unrecovered,,,2,exact,exact,void (__thiscall ?draw_custom_rules@NetWin@@QAEXXZ)(NetWin* this)
P3,111,0x0047FE80,?UNK3@NetWin@@QAEXXZ,70,0,1,unrecovered,,,1,missing,exact,void (__thiscall ?UNK3@NetWin@@QAEXXZ)(NetWin* this)
P3,2521,0x0047FED0,?draw_factions@NetWin@@QAEXXZ,675,1,15,unrecovered,,,2,exact,exact,void (__thiscall ?draw_factions@NetWin@@QAEXXZ)(NetWin* this)
P3,2321,0x00480180,?draw_diffs@NetWin@@QAEXXZ,495,1,13,unrecovered,,,2,exact,exact,void (__thiscall ?draw_diffs@NetWin@@QAEXXZ)(NetWin* this)
P3,3121,0x00480370,?draw_player_names@NetWin@@QAEXXZ,1410,1,21,unrecovered,,,2,exact,exact,void (__thiscall ?draw_player_names@NetWin@@QAEXXZ)(NetWin* this)
P3,3021,0x00480900,?draw_session_info@NetWin@@QAEXXZ,4598,1,20,unrecovered,,,2,exact,entry_range,void (__thiscall ?draw_session_info@NetWin@@QAEXXZ)(NetWin* this)
P3,4521,0x00481AD0,?on_redraw@NetWin@@QAEXXZ,384,3,15,unrecovered,,,2,exact,exact,void (__thiscall ?on_redraw@NetWin@@QAEXXZ)(NetWin* this)
P0,1001621,0x00481C50,??0NetWin@@QAE@XZ,272,1,6,original_dependency,ui_dependency,recover_owning_class,2,exact,entry_range,void (__thiscall ??0NetWin@@QAE@XZ)(NetWin* this)
P3,511,0x00481D10,?close@NetWin@@QAEXXZ,140,0,5,unrecovered,,,1,missing,exact,void (__thiscall ?close@NetWin@@QAEXXZ)(NetWin* this)
P3,1321,0x00481DA0,?fill_player@NetWin@@QAEXPAUPlayerData@@H@Z,237,1,3,unrecovered,,,2,exact,exact,"int (__thiscall ?fill_player@NetWin@@QAEXPAUPlayerData@@H@Z)(NetWin* this, player_data*, int)"
P3,1221,0x00481E90,?config_players@NetWin@@QAEXXZ,313,1,2,unrecovered,,,2,exact,exact,void (__thiscall ?config_players@NetWin@@QAEXXZ)(NetWin* this)
P3,4521,0x00481FD0,?setup_faction_data@NetWin@@QAEXPAUMessageFactionData@@@Z,1229,3,15,unrecovered,,,2,exact,entry_range,"void (__thiscall ?setup_faction_data@NetWin@@QAEXPAUMessageFactionData@@@Z)(NetWin* this, MessageFactionData*)"
P3,4321,0x00482490,?exec@NetWin@@QAEHXZ,2292,1,33,unrecovered,,,2,exact,exact,int (__thiscall ?exec@NetWin@@QAEHXZ)(NetWin* this)
P3,2221,0x00482D90,?prepare_game@NetWin@@QAEXXZ,1040,1,12,unrecovered,,,2,exact,entry_range,void (__thiscall ?prepare_game@NetWin@@QAEXXZ)(NetWin* this)
P3,111,0x00483190,?modal_callback@NetWin@@QAEHXZ,164,0,1,unrecovered,,,1,missing,exact,int (__thiscall ?modal_callback@NetWin@@QAEHXZ)(NetWin* this)
P3,110,0x00483240,?modal_callback_daemon@NetWin@@QAAHXZ,143,0,1,unrecovered,,,1,exact,missing,
P3,220,0x004832D0,?string_callback@NetWin@@QAAXHH@Z,50,0,2,unrecovered,,,2,exact,exact,
P3,821,0x00483310,?on_key_down@NetWin@@QAEHH@Z,260,0,8,unrecovered,,,2,exact,exact,"int (__thiscall ?on_key_down@NetWin@@QAEHH@Z)(NetWin* this, int)"
P3,1321,0x00483420,?new_chat@NetWin@@QAEXPADH@Z,165,1,3,unrecovered,,,2,exact,exact,"void (__thiscall ?new_chat@NetWin@@QAEXPADH@Z)(NetWin* this, int8*, int)"
P0,1002421,0x004834E0,??1NetWin@@QAE@XZ,963,1,14,original_dependency,ui_dependency,recover_owning_class,2,exact,entry_range,void (__thiscall ??1NetWin@@QAE@XZ)(NetWin* this)
P3,2321,0x004837F0,?UNK4@NetWin@@QAEXXZ,35,2,3,unrecovered,,,2,exact,exact,void (__thiscall ?UNK4@NetWin@@QAEXXZ)(NetWin* this)
P3,11,0x00483820,?UNK5@NetWin@@QAEXXZ,28,0,0,unrecovered,,,1,exact,missing,void (__thiscall ?UNK5@NetWin@@QAEXXZ)(NetWin* this)
P3,110,0x004838B0,??__Fg_NEWTECHWIN_SPRITES@@YAXXZ,40,0,1,unrecovered,,,1,exact,missing,
P3,121,0x004838E0,?on_link_clicked@NewTechWin@@QAEHHPAD@Z,63,0,1,unrecovered,,,2,exact,exact,"int (__thiscall ?on_link_clicked@NewTechWin@@QAEHHPAD@Z)(NewTechWin* this, int, int8*)"
P3,120,0x00483920,?info@NewTechWin@@QAAXPAD@Z,48,0,1,unrecovered,,,2,exact,exact,
P3,1521,0x00483950,?on_redraw@NewTechWin@@QAEXXZ,1327,0,15,unrecovered,,,2,exact,exact,void (__thiscall ?on_redraw@NewTechWin@@QAEXXZ)(NewTechWin* this)
P3,521,0x00483EB0,?on_group_clicked@NewTechWin@@QAEXHH@Z,220,0,5,unrecovered,,,2,exact,exact,"void (__thiscall ?on_group_clicked@NewTechWin@@QAEXHH@Z)(NewTechWin* this, int, int)"
P3,3721,0x00483F90,?exec@NewTechWin@@QAEXHH@Z,2175,1,27,unrecovered,,,2,exact,exact,"void (__thiscall ?exec@NewTechWin@@QAEXHH@Z)(NewTechWin* this, int, int)"
P0,1001821,0x00484810,??1NewTechWin@@QAE@XZ,630,1,8,original_dependency,ui_dependency,recover_owning_class,2,exact,entry_range,void (__thiscall ??1NewTechWin@@QAE@XZ)(NewTechWin* this)
P0,1001521,0x004849D0,??0NewTechWin@@QAE@XZ,254,1,5,original_dependency,ui_dependency,recover_owning_class,2,exact,entry_range,void (__thiscall ??0NewTechWin@@QAE@XZ)(NewTechWin* this)
P3,1221,0x00484AC0,??0PickTech@@QAE@XZ,216,1,2,unrecovered,,,2,exact,entry_range,void (__thiscall ??0PickTech@@QAE@XZ)(PickTech* this)
P3,1021,0x00484B60,?close@PickTech@@QAEXXZ,31,1,0,unrecovered,,,2,exact,exact,void (__thiscall ?close@PickTech@@QAEXXZ)(PickTech* this)
P3,1321,0x00484B80,?UNK1@PickTech@@QAEXPAD@Z,221,1,3,unrecovered,,,2,exact,exact,"void (__thiscall ?UNK1@PickTech@@QAEXPAD@Z)(PickTech* this, int8*)"
P3,3521,0x00484C60,?draw_tech@PickTech@@QAEHHPAURECT@@H@Z,5009,1,25,unrecovered,,,2,exact,entry_range,"int (__thiscall ?draw_tech@PickTech@@QAEHHPAURECT@@H@Z)(PickTech* this, int, RECT*, int)"
P3,221,0x00485FC0,?on_mouse_move@PickTech@@QAEXHH@Z,230,0,2,unrecovered,,,2,exact,exact,"void (__thiscall ?on_mouse_move@PickTech@@QAEXHH@Z)(PickTech* this, int, int)"
P3,21,0x004860B0,?on_left_click@PickTech@@QAEXHH@Z,89,0,0,unrecovered,,,2,exact,exact,"void (__thiscall ?on_left_click@PickTech@@QAEXHH@Z)(PickTech* this, int, int)"
P3,221,0x00486110,?on_right_click@PickTech@@QAEXHH@Z,90,0,2,unrecovered,,,2,exact,exact,"void (__thiscall ?on_right_click@PickTech@@QAEXHH@Z)(PickTech* this, int, int)"
P3,421,0x00486170,?on_key_click@PickTech@@QAEHHH@Z,573,0,4,unrecovered,,,2,exact,exact,"int (__thiscall ?on_key_click@PickTech@@QAEHHH@Z)(PickTech* this, int, int)"
P3,3321,0x004863F0,?draw_item@PickTech@@QAEHHH@Z,284,3,3,unrecovered,,,2,exact,exact,"int (__thiscall ?draw_item@PickTech@@QAEHHH@Z)(PickTech* this, int, int)"
P3,5821,0x00486510,?pick@PickTech@@QAEHHHHPAD@Z,9911,1,48,unrecovered,,,2,exact,entry_range,"int (__thiscall ?pick@PickTech@@QAEHHHHPAD@Z)(PickTech* this, int factionID, int, int, int8* sectionID)"
P0,1001321,0x00488690,??1PickTech@@QAE@XZ,249,1,3,original_dependency,ui_dependency,recover_owning_class,2,exact,entry_range,void (__thiscall ??1PickTech@@QAE@XZ)(PickTech* this)
P3,120,0x00488780,?list_was_dblclicked@@YAXH@Z,29,0,1,unrecovered,,,2,exact,exact,
P3,3221,0x004887A0,?init@PickWin@@QAEXP6AXH@ZHH@Z,3796,1,22,unrecovered,,,2,exact,entry_range,"void (__thiscall ?init@PickWin@@QAEXP6AXH@ZHH@Z)(PickWin* this, void (__cdecl *)(int this), int, int)"
P3,1121,0x00489660,?on_redraw@PickWin@@QAEXXZ,1175,0,11,unrecovered,,,2,exact,exact,void (__thiscall ?on_redraw@PickWin@@QAEXXZ)(PickWin* this)
P3,321,0x00489B20,?on_group_clicked@PickWin@@QAEXHHH@Z,116,0,3,unrecovered,,,2,exact,exact,"void (__thiscall ?on_group_clicked@PickWin@@QAEXHHH@Z)(PickWin* this, int, int, int)"
P3,5221,0x00489BA0,?on_button_clicked@PickWin@@QAEXH@Z,3644,1,42,unrecovered,,,2,exact,entry_range,"void (__thiscall ?on_button_clicked@PickWin@@QAEXH@Z)(PickWin* this, int)"
P3,21,0x0048A7C0,?on_key_click@PickWin@@QAEHHH@Z,77,0,0,unrecovered,,,2,exact,exact,"int (__thiscall ?on_key_click@PickWin@@QAEHHH@Z)(PickWin* this, int, int)"
P3,1021,0x0048A810,?go_girl@PickWin@@QAEHXZ,44,1,0,unrecovered,,,2,exact,exact,int (__thiscall ?go_girl@PickWin@@QAEHXZ)(PickWin* this)
P3,321,0x0048A840,?on_dialog_item_back_draw@PickWin@@QAEHPAUGraphicWin@@HHPAURECT@@@Z,147,0,3,unrecovered,,,2,exact,exact,"int (__thiscall ?on_dialog_item_back_draw@PickWin@@QAEHPAUGraphicWin@@HHPAURECT@@@Z)(PickWin* this, GraphicWin*, int, int, RECT*)"
P0,1002221,0x0048A8E0,??1PickWin@@QAE@XZ,1256,1,12,original_dependency,ui_dependency,recover_owning_class,2,exact,entry_range,void (__thiscall ??1PickWin@@QAE@XZ)(PickWin* this)
P0,1001821,0x0048AC10,??0PickWin@@QAE@XZ,731,1,8,original_dependency,ui_dependency,recover_owning_class,2,exact,entry_range,void (__thiscall ??0PickWin@@QAE@XZ)(PickWin* this)
P3,1021,0x0048AE40,?add_line@PlanWin@@QAEXHHHHH@Z,80,1,0,unrecovered,,,2,exact,exact,"void (__thiscall ?add_line@PlanWin@@QAEXHHHHH@Z)(PlanWin* this, int, int, int, int, int)"
P3,4021,0x0048AE90,?add_line@PlanWin@@QAEXHHH@Z,132,4,0,unrecovered,,,2,exact,exact,"void (__thiscall ?add_line@PlanWin@@QAEXHHH@Z)(PlanWin* this, int, int, int)"
P0,1006621,0x0048AF30,?on_redraw@PlanWin@@QAEXXZ,1159,6,6,original_dependency,ui_dependency,recover_plan_win_on_redraw,2,exact,exact,void (__thiscall ?on_redraw@PlanWin@@QAEXXZ)(PlanWin* this)
P3,4321,0x0048B3F0,?back_redraw@PlanWin@@QAEXXZ,85,4,3,unrecovered,,,2,exact,exact,void (__thiscall ?back_redraw@PlanWin@@QAEXXZ)(PlanWin* this)
P3,1121,0x0048B450,?find_view@PlanWin@@QAEXHHHHHHHH@Z,473,1,1,unrecovered,,,2,exact,exact,"void (__thiscall ?find_view@PlanWin@@QAEXHHHHHHHH@Z)(PlanWin* this, int, int, int, int, int, int, int, int)"
P3,1421,0x0048B630,?opticenter@PlanWin@@QAEXHHHHH@Z,678,1,4,unrecovered,,,2,exact,exact,"void (__thiscall ?opticenter@PlanWin@@QAEXHHHHH@Z)(PlanWin* this, int, int, int, int, int)"
P3,3421,0x0048B8E0,?monocenter@PlanWin@@QAEXHHH@Z,449,3,4,unrecovered,,,2,exact,exact,"void (__thiscall ?monocenter@PlanWin@@QAEXHHH@Z)(PlanWin* this, int, int, int)"
P3,211,0x0048BAB0,?draw_line_base@PlanWin@@QAEXHHH@Z,194,0,2,unrecovered,,,1,missing,exact,"void (__thiscall ?draw_line_base@PlanWin@@QAEXHHH@Z)(PlanWin* this, int, int, int)"
P3,211,0x0048BB80,?draw_line@PlanWin@@QAEXHHHHH@Z,148,0,2,unrecovered,,,1,missing,exact,"void (__thiscall ?draw_line@PlanWin@@QAEXHHHHH@Z)(PlanWin* this, int xCoord, int yCoord, int, int, int)"
P3,3321,0x0048BC60,?init@PlanWin@@QAEXPAD@Z,101,3,3,unrecovered,,,2,exact,exact,"void (__thiscall ?init@PlanWin@@QAEXPAD@Z)(PlanWin* this, int8*)"
P0,1001321,0x0048BCD0,??0PlanWin@@QAE@H@Z,227,1,3,original_dependency,ui_dependency,recover_owning_class,2,exact,entry_range,"void (__thiscall ??0PlanWin@@QAE@H@Z)(PlanWin* this, int)"
P0,1002521,0x0048BD80,??1PlanWin@@QAE@XZ,548,2,5,original_dependency,ui_dependency,recover_owning_class,2,exact,entry_range,void (__thiscall ??1PlanWin@@QAE@XZ)(PlanWin* this)
P0,1000311,0x0048BF20,??_GPlanWin@@UAEPAXI@Z,54,0,3,original_dependency,ui_dependency,recover_plan_win_scalar_delete,1,missing,exact,"void* (__thiscall ??_GPlanWin@@UAEPAXI@Z)(PlanWin* this, unsigned int)"
P2,5321,0x0048C060,?parse_it@@YAXPADPBD@Z,57,5,3,unrecovered,,,2,exact,exact,"void (__cdecl ?parse_it@@YAXPADPBD@Z)(int8* srcFileID, int8* sectionID)"
P0,1067620,0x0048C0A0,?popp@@YAHPADPBDHPBDP6AHXZ@Z,726,66,16,original_dependency,game_service,recover_script_popup,2,exact,entry_range,
P3,2320,0x0048C320,?popt@@YAHPADPBDHPADH@Z,51,2,3,unrecovered,,,2,exact,exact,
P3,2920,0x0048C360,?popv@@YAHPADPBDHH@Z,962,1,19,unrecovered,,,2,exact,entry_range,
P0,1010220,0x0048C650,?popb@@YAHPBDHHPBDPAUSprite@@@Z,2572,7,32,original_dependency,game_service,recover_script_popup,2,exact,entry_range,
P3,121,0x0048CEB0,?veh_sprite_draw@@YAHPAUSprite@@PAUGraphicWin@@HHH@Z,66,0,1,unrecovered,,,2,exact,exact,"int (__cdecl ?veh_sprite_draw@@YAHPAUSprite@@PAUGraphicWin@@HHH@Z)(Sprite*, GraphicWin*, int vehID, int, int)"
P3,110,0x0048CF00,sub_48cf00,74,0,1,unrecovered,,,1,missing,exact,
P3,820,0x0048CF50,?veh_sprite_click@@YAHH@Z,182,0,8,unrecovered,,,2,exact,exact,
P3,820,0x0048D010,?veh_sprite_double_click@@YAHH@Z,189,0,8,unrecovered,,,2,exact,exact,
P3,5421,0x0048D0D0,?veh_pick@@YAHHPBDH@Z,1282,3,24,unrecovered,,,2,exact,entry_range,"int (__cdecl ?veh_pick@@YAHHPBDH@Z)(int vehID, int8*, int)"
P3,10,0x0048D650,sub_48d650,30,0,0,unrecovered,,,1,exact,missing,
P3,10,0x0048D820,sub_48d820,30,0,0,unrecovered,,,1,exact,missing,
P3,3121,0x0048D840,?init@PrefWin@@QAEXXZ,8629,1,21,unrecovered,,,2,exact,exact,void (__thiscall ?init@PrefWin@@QAEXXZ)(PrefWin* this)
P0,1006721,0x0048FA00,?display@PrefWin@@QAEXH@Z,709,6,7,original_dependency,ui_dependency,recover_pref_win_display,2,exact,exact,"void (__thiscall ?display@PrefWin@@QAEXH@Z)(PrefWin* this, int)"
P3,221,0x0048FCD0,?on_key_click@PrefWin@@QAEHHH@Z,200,0,2,unrecovered,,,2,exact,exact,"int (__thiscall ?on_key_click@PrefWin@@QAEHHH@Z)(PrefWin* this, int, int)"
P3,2721,0x0048FDD0,?destroy@PrefWin@@QAEXXZ,385,2,7,unrecovered,,,2,exact,exact,void (__thiscall ?destroy@PrefWin@@QAEXXZ)(PrefWin* this)
P3,21,0x0048FF60,?on_group_clicked@PrefWin@@QAEXHHH@Z,65,0,0,unrecovered,,,2,exact,exact,"void (__thiscall ?on_group_clicked@PrefWin@@QAEXHHH@Z)(PrefWin* this, int, int, int)"
P3,1021,0x0048FFB0,?hide_option_buttons@PrefWin@@QAEXXZ,371,1,0,unrecovered,,,2,exact,exact,void (__thiscall ?hide_option_buttons@PrefWin@@QAEXXZ)(PrefWin* this)
P3,1321,0x00490140,?update_pref_buttons@PrefWin@@QAEXXZ,486,1,3,unrecovered,,,2,exact,exact,void (__thiscall ?update_pref_buttons@PrefWin@@QAEXXZ)(PrefWin* this)
P3,1121,0x00490350,?set_preferences@PrefWin@@QAEXXZ,1962,1,1,unrecovered,,,2,exact,exact,void (__thiscall ?set_preferences@PrefWin@@QAEXXZ)(PrefWin* this)
P3,2321,0x00490B00,?get_preferences@PrefWin@@QAEXXZ,1789,2,3,unrecovered,,,2,exact,exact,void (__thiscall ?get_preferences@PrefWin@@QAEXXZ)(PrefWin* this)
P3,221,0x00491380,?on_scrolling@PrefWin@@QAEXHH@Z,102,0,2,unrecovered,,,2,exact,exact,"void (__thiscall ?on_scrolling@PrefWin@@QAEXHH@Z)(PrefWin* this, int, int)"
P3,2621,0x00491400,?on_button_clicked@PrefWin@@QAEXH@Z,1088,0,26,unrecovered,,,2,exact,entry_range,"void (__thiscall ?on_button_clicked@PrefWin@@QAEXH@Z)(PrefWin* this, int)"
P3,111,0x00491810,?redraw_option@PrefWin@@QAEXXZ,71,0,1,unrecovered,,,1,missing,exact,void (__thiscall ?redraw_option@PrefWin@@QAEXXZ)(PrefWin* this)
P3,111,0x00491860,?redraw_volume@PrefWin@@QAEXXZ,90,0,1,unrecovered,,,1,missing,exact,void (__thiscall ?redraw_volume@PrefWin@@QAEXXZ)(PrefWin* this)
P3,4221,0x004918C0,?change_volume_button_text@PrefWin@@QAEXH@Z,285,4,2,unrecovered,,,2,exact,exact,"void (__thiscall ?change_volume_button_text@PrefWin@@QAEXH@Z)(PrefWin* this, int)"
P3,1621,0x004919F0,?change_volume_button_state@PrefWin@@QAEXH@Z,505,1,6,unrecovered,,,2,exact,exact,"void (__thiscall ?change_volume_button_state@PrefWin@@QAEXH@Z)(PrefWin* this, int)"
P3,321,0x00491C00,?on_redraw@PrefWin@@QAEXXZ,494,0,3,unrecovered,,,2,exact,exact,void (__thiscall ?on_redraw@PrefWin@@QAEXXZ)(PrefWin* this)
P0,1001921,0x00491DF0,??1PrefWin@@QAE@XZ,1619,1,9,original_dependency,ui_dependency,recover_owning_class,2,exact,entry_range,void (__thiscall ??1PrefWin@@QAE@XZ)(PrefWin* this)
P0,1001421,0x004921E0,??0PrefWin@@QAE@XZ,902,1,4,original_dependency,ui_dependency,recover_owning_class,2,exact,entry_range,void (__thiscall ??0PrefWin@@QAE@XZ)(PrefWin* this)
P3,1721,0x00492420,??0ProdPicker@@QAE@XZ,806,1,7,unrecovered,,,2,exact,entry_range,void (__thiscall ??0ProdPicker@@QAE@XZ)(ProdPicker* this)
P3,421,0x004926C0,?show@ProdPicker@@QAEXH@Z,117,0,4,unrecovered,,,2,exact,exact,"void (__thiscall ?show@ProdPicker@@QAEXH@Z)(ProdPicker* this, int)"
P3,421,0x00492740,?hide@ProdPicker@@QAEXXZ,113,0,4,unrecovered,,,2,exact,exact,void (__thiscall ?hide@ProdPicker@@QAEXXZ)(ProdPicker* this)
P2,7521,0x004927C0,?draw_item@ProdPicker@@QAEXHH@Z,2015,5,25,unrecovered,,,2,exact,exact,"void (__thiscall ?draw_item@ProdPicker@@QAEXHH@Z)(ProdPicker* this, int, int)"
P3,4521,0x00492FA0,?calculate@ProdPicker@@QAEXXZ,2765,3,15,unrecovered,,,2,exact,exact,void (__thiscall ?calculate@ProdPicker@@QAEXXZ)(ProdPicker* this)
P3,1021,0x00493AF0,?edbc_unit@ProdPicker@@QAEHH@Z,90,1,0,unrecovered,,,2,exact,exact,"int (__thiscall ?edbc_unit@ProdPicker@@QAEHH@Z)(ProdPicker* this, int)"
P3,2021,0x00493B70,?edbc_fac@ProdPicker@@QAEHH@Z,67,2,0,unrecovered,,,2,exact,exact,"int (__thiscall ?edbc_fac@ProdPicker@@QAEHH@Z)(ProdPicker* this, int)"
P3,221,0x00493C20,?on_mousewheel@ProdPicker@@QAEXH@Z,72,0,2,unrecovered,,,2,exact,exact,"void (__thiscall ?on_mousewheel@ProdPicker@@QAEXH@Z)(ProdPicker* this, int)"
P3,121,0x00493C70,?on_redraw@ProdPicker@@QAEXXZ,54,0,1,unrecovered,,,2,exact,exact,void (__thiscall ?on_redraw@ProdPicker@@QAEXXZ)(ProdPicker* this)
P3,421,0x00493CB0,?on_scrolled@ProdPicker@@QAEXHH@Z,447,0,4,unrecovered,,,2,exact,exact,"void (__thiscall ?on_scrolled@ProdPicker@@QAEXHH@Z)(ProdPicker* this, int, int)"
P3,1121,0x00493EA0,?on_right_click@ProdPicker@@QAEXHH@Z,788,0,11,unrecovered,,,2,exact,entry_range,"void (__thiscall ?on_right_click@ProdPicker@@QAEXHH@Z)(ProdPicker* this, int, int)"
P3,221,0x004941C0,?on_left_click@ProdPicker@@QAEXHH@Z,111,0,2,unrecovered,,,2,exact,exact,"void (__thiscall ?on_left_click@ProdPicker@@QAEXHH@Z)(ProdPicker* this, int, int)"
P3,21,0x00494230,?on_left_double_click@ProdPicker@@QAEXHH@Z,65,0,0,unrecovered,,,2,exact,exact,"void (__thiscall ?on_left_double_click@ProdPicker@@QAEXHH@Z)(ProdPicker* this, int, int)"
P3,321,0x00494280,?on_key_click@ProdPicker@@QAEHHH@Z,709,0,3,unrecovered,,,2,exact,exact,"int (__thiscall ?on_key_click@ProdPicker@@QAEHHH@Z)(ProdPicker* this, int, int)"
P3,21,0x004945D0,?on_button_clicked@ProdPicker@@QAEXH@Z,209,0,0,unrecovered,,,2,exact,exact,"void (__thiscall ?on_button_clicked@ProdPicker@@QAEXH@Z)(ProdPicker* this, int)"
P3,110,0x004946D0,?UNK2@ProdPicker@@QAAXHPAUProdPicker@@@Z,39,0,1,unrecovered,,,1,missing,exact,
P3,3221,0x00494700,?exec@ProdPicker@@QAEHPAUBase@@HPAUGraphicWin@@H@Z,2687,1,22,unrecovered,,,2,exact,entry_range,"int (__thiscall ?exec@ProdPicker@@QAEHPAUBase@@HPAUGraphicWin@@H@Z)(ProdPicker* this, Base*, int, GraphicWin*, int)"
P3,2821,0x004951A0,?init@QuayleWin@@QAEHXZ,1313,2,8,unrecovered,,,2,exact,exact,int (__thiscall ?init@QuayleWin@@QAEHXZ)(QuayleWin* this)
P3,3421,0x004956D0,?on_redraw@QuayleWin@@QAEXXZ,3596,0,34,unrecovered,,,2,exact,entry_range,void (__thiscall ?on_redraw@QuayleWin@@QAEXXZ)(QuayleWin* this)
P3,211,0x004964A0,?close@QuayleWin@@QAEXXZ,33,0,2,unrecovered,,,1,missing,exact,void (__thiscall ?close@QuayleWin@@QAEXXZ)(QuayleWin* this)
P3,121,0x004964D0,?on_left_click@QuayleWin@@QAEXHH@Z,99,0,1,unrecovered,,,2,exact,exact,"void (__thiscall ?on_left_click@QuayleWin@@QAEXHH@Z)(QuayleWin* this, int xCoord, int yCoord)"
P3,21,0x00496540,?on_selected@QuayleWin@@QAEXHH@Z,24,0,0,unrecovered,,,2,exact,exact,"void (__thiscall ?on_selected@QuayleWin@@QAEXHH@Z)(QuayleWin* this, int, int)"
P3,221,0x00496560,?on_button_clicked@QuayleWin@@QAEXH@Z,81,0,2,unrecovered,,,2,exact,exact,"void (__thiscall ?on_button_clicked@QuayleWin@@QAEXH@Z)(QuayleWin* this, int)"
P3,221,0x004965C0,?on_key_click@QuayleWin@@QAEHHH@Z,76,0,2,unrecovered,,,2,exact,exact,"int (__thiscall ?on_key_click@QuayleWin@@QAEHHH@Z)(QuayleWin* this, int, int)"
P3,110,0x00496610,sub_496610,88,0,1,unrecovered,,,1,missing,exact,
P3,2221,0x00496670,?quayle@@YAXH@Z,159,2,2,unrecovered,,,2,exact,exact,void (__cdecl ?quayle@@YAXH@Z)(int factionID)
P0,1001721,0x00496710,??1QuayleWin@@QAE@XZ,345,1,7,original_dependency,ui_dependency,recover_owning_class,2,exact,entry_range,void (__thiscall ??1QuayleWin@@QAE@XZ)(QuayleWin* this)
P0,1001521,0x00496810,??0QuayleWin@@QAE@XZ,252,1,5,original_dependency,ui_dependency,recover_owning_class,2,exact,entry_range,void (__thiscall ??0QuayleWin@@QAE@XZ)(QuayleWin* this)
P3,1221,0x00496960,?init@ReportWin@@QAEXXZ,581,1,2,unrecovered,,,2,exact,exact,void (__thiscall ?init@ReportWin@@QAEXXZ)(ReportWin* this)
P2,9521,0x00496BB0,?reset@ReportWin@@QAEXXZ,332,9,5,unrecovered,,,2,exact,exact,void (__thiscall ?reset@ReportWin@@QAEXXZ)(ReportWin* this)
P3,1021,0x00496D00,?on_redraw@ReportWin@@QAEXXZ,228,0,10,unrecovered,,,2,exact,exact,void (__thiscall ?on_redraw@ReportWin@@QAEXXZ)(ReportWin* this)
P3,2721,0x00496E10,?on_left_click@ReportWin@@QAEXHH@Z,3104,0,27,unrecovered,,,2,exact,exact,"void (__thiscall ?on_left_click@ReportWin@@QAEXHH@Z)(ReportWin* this, int xCoord, int yCoord)"
P3,221,0x00497A60,?on_left_double_click@ReportWin@@QAEXHH@Z,82,0,2,unrecovered,,,2,exact,exact,"void (__thiscall ?on_left_double_click@ReportWin@@QAEXHH@Z)(ReportWin* this, int xCoord, int yCoord)"
P3,2821,0x00497AC0,?right_menu@ReportWin@@QAEXHHH@Z,958,1,18,unrecovered,,,2,exact,entry_range,"void (__thiscall ?right_menu@ReportWin@@QAEXHHH@Z)(ReportWin* this, int, int, int)"
P3,921,0x00497F00,?on_right_click@ReportWin@@QAEXHH@Z,495,0,9,unrecovered,,,2,exact,exact,"void (__thiscall ?on_right_click@ReportWin@@QAEXHH@Z)(ReportWin* this, int xCoord, int yCoord)"
P3,211,0x00498110,?UNK1@ReportWin@@QAEXHHHH@Z,100,0,2,unrecovered,,,1,missing,exact,"void (__thiscall ?UNK1@ReportWin@@QAEXHHHH@Z)(ReportWin* this, int, int, int, int)"
P3,321,0x00498180,?on_scrolled@ReportWin@@QAEXHH@Z,88,0,3,unrecovered,,,2,exact,exact,"void (__thiscall ?on_scrolled@ReportWin@@QAEXHH@Z)(ReportWin* this, int, int)"
P3,321,0x00498200,?on_scrolling@ReportWin@@QAEXHH@Z,88,0,3,unrecovered,,,2,exact,exact,"void (__thiscall ?on_scrolling@ReportWin@@QAEXHH@Z)(ReportWin* this, int, int)"
P3,421,0x00498280,?on_key_click@ReportWin@@QAEHHH@Z,1041,0,4,unrecovered,,,2,exact,exact,"int (__thiscall ?on_key_click@ReportWin@@QAEHHH@Z)(ReportWin* this, int, int)"
P3,1621,0x004986D0,?on_button_clicked@ReportWin@@QAEXH@Z,728,1,6,unrecovered,,,2,exact,exact,"void (__thiscall ?on_button_clicked@ReportWin@@QAEXH@Z)(ReportWin* this, int)"
P3,1121,0x004989F0,?on_group_clicked@ReportWin@@QAEXHHH@Z,278,0,11,unrecovered,,,2,exact,exact,"void (__thiscall ?on_group_clicked@ReportWin@@QAEXHHH@Z)(ReportWin* this, int, int, int)"
P3,7421,0x00498B30,?draw_labs@ReportWin@@QAEXXZ,9900,4,34,unrecovered,,,2,exact,exact,void (__thiscall ?draw_labs@ReportWin@@QAEXXZ)(ReportWin* this)
P3,1321,0x0049B220,?on_button_passover@ReportWin@@QAEXHH@Z,550,1,3,unrecovered,,,2,exact,exact,"void (__thiscall ?on_button_passover@ReportWin@@QAEXHH@Z)(ReportWin* this, int, int)"
P3,2321,0x0049B450,?labs_line@ReportWin@@QAEXHHHHHHH@Z,2167,2,3,unrecovered,,,2,exact,exact,"void (__thiscall ?labs_line@ReportWin@@QAEXHHHHHHH@Z)(ReportWin* this, int, int, int, int, int, int, int)"
P3,6021,0x0049BCD0,?draw_energy@ReportWin@@QAEXXZ,6065,3,30,unrecovered,,,2,exact,exact,void (__thiscall ?draw_energy@ReportWin@@QAEXXZ)(ReportWin* this)
P3,521,0x0049D490,?on_selected@ReportWin@@QAEXHH@Z,165,0,5,unrecovered,,,2,exact,exact,"void (__thiscall ?on_selected@ReportWin@@QAEXHH@Z)(ReportWin* this, int, int)"
P3,5621,0x0049D540,?draw_ops@ReportWin@@QAEXXZ,5565,2,36,unrecovered,,,2,exact,entry_range,void (__thiscall ?draw_ops@ReportWin@@QAEXXZ)(ReportWin* this)
P2,6821,0x0049EB10,?draw_projects@ReportWin@@QAEXXZ,2099,5,18,unrecovered,,,2,exact,exact,void (__thiscall ?draw_projects@ReportWin@@QAEXXZ)(ReportWin* this)
P3,3421,0x0049F350,?draw_sat@ReportWin@@QAEXXZ,2766,1,24,unrecovered,,,2,exact,exact,void (__thiscall ?draw_sat@ReportWin@@QAEXXZ)(ReportWin* this)
P3,3621,0x0049FE40,?sat_anim@ReportWin@@QAEXXZ,375,3,6,unrecovered,,,2,exact,exact,void (__thiscall ?sat_anim@ReportWin@@QAEXXZ)(ReportWin* this)
P3,120,0x0049FFC0,?sat_anim_daemon@@YAXH@Z,13,0,1,unrecovered,,,2,exact,exact,
P3,1621,0x0049FFD0,?start_attack@ReportWin@@QAEXHHHH@Z,289,1,6,unrecovered,,,2,exact,exact,"void (__thiscall ?start_attack@ReportWin@@QAEXHHHH@Z)(ReportWin* this, int, int, int, int)"
P3,1621,0x004A0100,?exp_anim@ReportWin@@QAEXXZ,328,1,6,unrecovered,,,2,exact,exact,void (__thiscall ?exp_anim@ReportWin@@QAEXXZ)(ReportWin* this)
P3,120,0x004A0250,?sat_expl_daemon@@YAXH@Z,13,0,1,unrecovered,,,2,exact,exact,
P3,3321,0x004A0260,?sat_attack@@YAXHHH@Z,1765,1,23,unrecovered,,,2,exact,entry_range,"void (__cdecl ?sat_attack@@YAXHHH@Z)(int factionIDAtk, int factionIDDef, int type)"
P3,1221,0x004A0810,?sat_edit@@YAXHHH@Z,194,1,2,unrecovered,,,2,exact,exact,"void (__cdecl ?sat_edit@@YAXHHH@Z)(int a1, int factionID, int type)"
P3,4021,0x004A08E0,?draw_security@ReportWin@@QAEXXZ,2132,2,20,unrecovered,,,2,exact,exact,void (__thiscall ?draw_security@ReportWin@@QAEXXZ)(ReportWin* this)
P3,3021,0x004A1140,?draw_score@ReportWin@@QAEXXZ,4296,1,20,unrecovered,,,2,exact,exact,void (__thiscall ?draw_score@ReportWin@@QAEXXZ)(ReportWin* this)
P3,2721,0x004A2210,?draw_intel@ReportWin@@QAEXXZ,4687,1,17,unrecovered,,,2,exact,exact,void (__thiscall ?draw_intel@ReportWin@@QAEXXZ)(ReportWin* this)
P3,1921,0x004A3460,?init@ReportIf@@QAEXXZ,1244,1,9,unrecovered,,,2,exact,entry_range,void (__thiscall ?init@ReportIf@@QAEXXZ)(ReportIf* this)
P3,2221,0x004A3930,?done@ReportIf@@QAEXXZ,22,2,2,unrecovered,,,2,exact,exact,void (__thiscall ?done@ReportIf@@QAEXXZ)(ReportIf* this)
P2,13821,0x004A3950,?report@ReportIf@@QAEXHHH@Z,899,12,18,unrecovered,,,2,exact,exact,"void (__thiscall ?report@ReportIf@@QAEXHHH@Z)(ReportIf* this, int, int factionID, int)"
P2,5721,0x004A3D20,?reset@ReportIf@@QAEXXZ,671,5,7,unrecovered,,,2,exact,exact,void (__thiscall ?reset@ReportIf@@QAEXXZ)(ReportIf* this)
P3,1921,0x004A3FC0,?on_redraw@ReportIf@@QAEXXZ,95,1,9,unrecovered,,,2,exact,exact,void (__thiscall ?on_redraw@ReportIf@@QAEXXZ)(ReportIf* this)
P3,120,0x004A4050,?bl_daemon@@YAXH@Z,13,0,1,unrecovered,,,2,exact,exact,
P3,2321,0x004A4060,?bl_anim@ReportIf@@QAEXXZ,305,2,3,unrecovered,,,2,exact,exact,void (__thiscall ?bl_anim@ReportIf@@QAEXXZ)(ReportIf* this)
P3,2721,0x004A41D0,?on_status@ReportIf@@QAEXH@Z,7426,0,27,unrecovered,,,2,exact,exact,"void (__thiscall ?on_status@ReportIf@@QAEXH@Z)(ReportIf* this, int)"
P3,211,0x004A5F00,?show@ReportWin@@QAEXH@Z,22,0,2,unrecovered,,,1,exact,missing,"void (__thiscall ?show@ReportWin@@QAEXH@Z)(ReportWin* this, int)"
P3,111,0x004A5F20,?hide@ReportWin@@QAEXXZ,20,0,1,unrecovered,,,1,exact,missing,void (__thiscall ?hide@ReportWin@@QAEXXZ)(ReportWin* this)
P3,221,0x004A5F40,?on_iface_left_click@ReportIf@@QAEXHH@Z,150,0,2,unrecovered,,,2,exact,exact,"void (__thiscall ?on_iface_left_click@ReportIf@@QAEXHH@Z)(ReportIf* this, int xCoord, int yCoord)"
P3,1021,0x004A6050,?on_iface_selected@ReportIf@@QAEXHH@Z,675,0,10,unrecovered,,,2,exact,exact,"void (__thiscall ?on_iface_selected@ReportIf@@QAEXHH@Z)(ReportIf* this, int, int)"
P3,1321,0x004A6330,?on_iface_button_clicked@ReportIf@@QAEXH@Z,2528,0,13,unrecovered,,,2,exact,exact,"void (__thiscall ?on_iface_button_clicked@ReportIf@@QAEXH@Z)(ReportIf* this, int)"
P3,1421,0x004A6D70,?on_iface_group_clicked@ReportIf@@QAEXHHH@Z,615,0,14,unrecovered,,,2,exact,exact,"void (__thiscall ?on_iface_group_clicked@ReportIf@@QAEXHHH@Z)(ReportIf* this, int, int, int)"
P2,8221,0x004A7000,?draw_labs@ReportIf@@QAEXXZ,5167,5,32,unrecovered,,,2,exact,exact,void (__thiscall ?draw_labs@ReportIf@@QAEXXZ)(ReportIf* this)
P3,320,0x004A8440,?labs_write@@YAXPAUGraphicWin@@HHPAURECT@@PAD@Z,46,0,3,unrecovered,,,2,exact,exact,
P3,111,0x004A8470,?close_labs@ReportIf@@QAEXXZ,46,0,1,unrecovered,,,1,missing,exact,void (__thiscall ?close_labs@ReportIf@@QAEXXZ)(ReportIf* this)
P3,6521,0x004A84A0,?draw_energy@ReportIf@@QAEXXZ,2935,4,25,unrecovered,,,2,exact,exact,void (__thiscall ?draw_energy@ReportIf@@QAEXXZ)(ReportIf* this)
P2,7721,0x004A9050,?draw_ops@ReportIf@@QAEXXZ,3893,5,27,unrecovered,,,2,exact,exact,void (__thiscall ?draw_ops@ReportIf@@QAEXXZ)(ReportIf* this)
P3,2321,0x004A9F90,?close_ops@ReportIf@@QAEXXZ,287,2,3,unrecovered,,,2,exact,exact,void (__thiscall ?close_ops@ReportIf@@QAEXXZ)(ReportIf* this)
P2,6921,0x004AA0B0,?draw_projects@ReportIf@@QAEXXZ,2213,5,19,unrecovered,,,2,exact,entry_range,void (__thiscall ?draw_projects@ReportIf@@QAEXXZ)(ReportIf* this)
P3,101,0x004AA930,?close_projects@ReportIf@@QAEXXZ,52,0,1,unrecovered,,,0,missing,missing,void (__thiscall ?close_projects@ReportIf@@QAEXXZ)(ReportIf* this)
P3,6321,0x004AA970,?draw_sat@ReportIf@@QAEXXZ,3035,4,23,unrecovered,,,2,exact,exact,void (__thiscall ?draw_sat@ReportIf@@QAEXXZ)(ReportIf* this)
P3,2221,0x004AB550,?close_sat@ReportIf@@QAEXXZ,169,2,2,unrecovered,,,2,exact,exact,void (__thiscall ?close_sat@ReportIf@@QAEXXZ)(ReportIf* this)
P2,6421,0x004AB600,?draw_security@ReportIf@@QAEXXZ,2084,5,14,unrecovered,,,2,exact,exact,void (__thiscall ?draw_security@ReportIf@@QAEXXZ)(ReportIf* this)
P3,11,0x004ABE30,?close_security@ReportIf@@QAEXXZ,50,0,0,unrecovered,,,1,missing,exact,void (__thiscall ?close_security@ReportIf@@QAEXXZ)(ReportIf* this)
P3,4921,0x004ABE70,?draw_score@ReportIf@@QAEXXZ,695,4,9,unrecovered,,,2,exact,exact,void (__thiscall ?draw_score@ReportIf@@QAEXXZ)(ReportIf* this)
P3,6421,0x004AC140,?draw_intel@ReportIf@@QAEXXZ,2103,4,24,unrecovered,,,2,exact,exact,void (__thiscall ?draw_intel@ReportIf@@QAEXXZ)(ReportIf* this)
P3,2120,0x004AC9A0,?report_labs@@YAXXZ,76,2,1,unrecovered,,,2,exact,exact,
P3,2120,0x004AC9F0,?report_energy@@YAXXZ,76,2,1,unrecovered,,,2,exact,exact,
P3,2120,0x004ACA40,?report_ops@@YAXXZ,76,2,1,unrecovered,,,2,exact,exact,
P3,2120,0x004ACA90,?report_projects@@YAXXZ,76,2,1,unrecovered,,,2,exact,exact,
P3,2120,0x004ACAE0,?report_sat@@YAXXZ,76,2,1,unrecovered,,,2,exact,exact,
P3,2120,0x004ACB30,?report_security@@YAXXZ,76,2,1,unrecovered,,,2,exact,exact,
P3,4120,0x004ACB80,?report_score@@YAXH@Z,76,4,1,unrecovered,,,2,exact,exact,
P2,5120,0x004ACBD0,?report_intel@@YAXH@Z,89,5,1,unrecovered,,,2,exact,exact,
P3,2221,0x004ACC30,?merge_sort@ReportIf@@QAEXHH@Z,360,2,2,unrecovered,,,2,exact,exact,"void (__thiscall ?merge_sort@ReportIf@@QAEXHH@Z)(ReportIf* this, int, int)"
P0,1000821,0x004ACDA0,??1ReportIf@@QAE@XZ,1520,0,8,original_dependency,ui_dependency,recover_owning_class,2,exact,entry_range,void (__thiscall ??1ReportIf@@QAE@XZ)(ReportIf* this)
P0,1001621,0x004AD170,??0ReportIf@@QAE@XZ,1006,1,6,original_dependency,ui_dependency,recover_owning_class,2,exact,entry_range,void (__thiscall ??0ReportIf@@QAE@XZ)(ReportIf* this)
P0,1002421,0x004AD3B0,??1ReportWin@@QAE@XZ,1191,1,14,original_dependency,ui_dependency,recover_owning_class,2,exact,entry_range,void (__thiscall ??1ReportWin@@QAE@XZ)(ReportWin* this)
P0,1002121,0x004AD6B0,??0ReportWin@@QAE@XZ,689,1,11,original_dependency,ui_dependency,recover_owning_class,2,exact,entry_range,void (__thiscall ??0ReportWin@@QAE@XZ)(ReportWin* this)
P2,5321,0x004AD880,??0SetupWin@@QAE@XZ,380,5,3,unrecovered,,,2,exact,entry_range,void (__thiscall ??0SetupWin@@QAE@XZ)(SetupWin* this)
P2,5221,0x004AD9C0,?close@SetupWin@@QAEXXZ,187,5,2,unrecovered,,,2,exact,exact,void (__thiscall ?close@SetupWin@@QAEXXZ)(SetupWin* this)
P3,1121,0x004ADAF0,?do_menu@SetupWin@@QAEHPADHH@Z,33,1,1,unrecovered,,,2,exact,exact,"int (__thiscall ?do_menu@SetupWin@@QAEHPADHH@Z)(SetupWin* this, int8*, int, int)"
P2,5121,0x004ADB20,?do_menu@SetupWin@@QAEHPAUPopup@@HH@Z,70,5,1,unrecovered,,,2,exact,exact,"int (__thiscall ?do_menu@SetupWin@@QAEHPAUPopup@@HH@Z)(SetupWin* this, Popup*, int, int)"
P3,6021,0x004ADB70,?do_menu_rightside@SetupWin@@QAEHPADH@Z,2129,2,40,unrecovered,,,2,exact,entry_range,"int (__thiscall ?do_menu_rightside@SetupWin@@QAEHPADH@Z)(SetupWin* this, int8*, int)"
P3,121,0x004AE340,?on_left_click@SetupWin@@QAEXHH@Z,64,0,1,unrecovered,,,2,exact,exact,"void (__thiscall ?on_left_click@SetupWin@@QAEXHH@Z)(SetupWin* this, int xCoord, int yCoord)"
P3,321,0x004AE380,?on_mouse_move@SetupWin@@QAEHHH@Z,90,0,3,unrecovered,,,2,exact,exact,"int (__thiscall ?on_mouse_move@SetupWin@@QAEHHH@Z)(SetupWin* this, int xCoord, int yCoord)"
P3,221,0x004AE3E0,?on_key_click@SetupWin@@QAEHHH@Z,189,0,2,unrecovered,,,2,exact,exact,"int (__thiscall ?on_key_click@SetupWin@@QAEHHH@Z)(SetupWin* this, int, int)"
P3,4021,0x004AE4D0,?draw_item@SetupWin@@QAEHHH@Z,647,3,10,unrecovered,,,2,exact,exact,"int (__thiscall ?draw_item@SetupWin@@QAEHHH@Z)(SetupWin* this, int, int)"
P0,1001621,0x004AE790,??1SetupWin@@QAE@XZ,611,1,6,original_dependency,ui_dependency,recover_owning_class,2,exact,entry_range,void (__thiscall ??1SetupWin@@QAE@XZ)(SetupWin* this)
P0,1001621,0x004AE9E0,??0SocialWin@@QAE@XZ,881,1,6,original_dependency,ui_dependency,recover_owning_class,2,exact,entry_range,void (__thiscall ??0SocialWin@@QAE@XZ)(SocialWin* this)
P3,2321,0x004AEBF0,?UNK1@SocialWin@@QAEXHH@Z,226,2,3,unrecovered,,,2,exact,exact,"void (__thiscall ?UNK1@SocialWin@@QAEXHH@Z)(SocialWin* this, int, int)"
P3,3621,0x004AECE0,?reset@SocialWin@@QAEXXZ,529,3,6,unrecovered,,,2,exact,exact,void (__thiscall ?reset@SocialWin@@QAEXXZ)(SocialWin* this)
P3,2721,0x004AEF10,?exit@SocialWin@@QAEXXZ,508,2,7,unrecovered,,,2,exact,exact,void (__thiscall ?exit@SocialWin@@QAEXXZ)(SocialWin* this)
P3,1321,0x004AF110,?maximize_effect@SocialWin@@QAEXH@Z,199,1,3,unrecovered,,,2,exact,exact,"void (__thiscall ?maximize_effect@SocialWin@@QAEXH@Z)(SocialWin* this, int effectID)"
P3,2021,0x004AF1E0,?draw_presets@SocialWin@@QAEXXZ,295,1,10,unrecovered,,,2,exact,exact,void (__thiscall ?draw_presets@SocialWin@@QAEXXZ)(SocialWin* this)
P3,3221,0x004AF310,?draw_social@SocialWin@@QAEXH@Z,1452,2,12,unrecovered,,,2,exact,exact,"void (__thiscall ?draw_social@SocialWin@@QAEXH@Z)(SocialWin* this, int socCategory)"
P3,2021,0x004AF8C0,?draw_faction_basal@SocialWin@@QAEXXZ,669,1,10,unrecovered,,,2,exact,exact,void (__thiscall ?draw_faction_basal@SocialWin@@QAEXXZ)(SocialWin* this)
P3,2321,0x004AFB60,?draw_info@SocialWin@@QAEXXZ,2213,1,13,unrecovered,,,2,exact,exact,void (__thiscall ?draw_info@SocialWin@@QAEXXZ)(SocialWin* this)
P3,4021,0x004B0410,?draw_overview@SocialWin@@QAEXXZ,1162,2,20,unrecovered,,,2,exact,exact,void (__thiscall ?draw_overview@SocialWin@@QAEXXZ)(SocialWin* this)
P3,2321,0x004B08A0,?draw_economy_alloc@SocialWin@@QAEXXZ,594,1,13,unrecovered,,,2,exact,exact,void (__thiscall ?draw_economy_alloc@SocialWin@@QAEXXZ)(SocialWin* this)
P3,2321,0x004B0B00,?draw_labs_alloc@SocialWin@@QAEXXZ,578,1,13,unrecovered,,,2,exact,exact,void (__thiscall ?draw_labs_alloc@SocialWin@@QAEXXZ)(SocialWin* this)
P3,2321,0x004B0D50,?draw_psych_alloc@SocialWin@@QAEXXZ,578,1,13,unrecovered,,,2,exact,exact,void (__thiscall ?draw_psych_alloc@SocialWin@@QAEXXZ)(SocialWin* this)
P3,11,0x004B0FA0,?immune@SocialWin@@QAEHHHH@Z,212,0,0,unrecovered,,,1,missing,exact,"int (__thiscall ?immune@SocialWin@@QAEHHHH@Z)(SocialWin* this, int, int, int)"
P3,5321,0x004B1080,?draw_mouseover@SocialWin@@QAEXXZ,1807,4,13,unrecovered,,,2,exact,exact,void (__thiscall ?draw_mouseover@SocialWin@@QAEXXZ)(SocialWin* this)
P3,721,0x004B17A0,?on_button_text_draw@SocialWin@@QAEHPAUGraphicWin@@PADH@Z,497,0,7,unrecovered,,,2,exact,exact,"int (__thiscall ?on_button_text_draw@SocialWin@@QAEHPAUGraphicWin@@PADH@Z)(SocialWin* this, GraphicWin*, int8*, int)"
P3,1221,0x004B19A0,?on_redraw@SocialWin@@QAEXXZ,377,0,12,unrecovered,,,2,exact,exact,void (__thiscall ?on_redraw@SocialWin@@QAEXXZ)(SocialWin* this)
P3,111,0x004B1B20,?on_left_click@SocialWin@@QAEHHH@Z,13,0,1,unrecovered,,,1,exact,missing,"int (__thiscall ?on_left_click@SocialWin@@QAEHHH@Z)(SocialWin* this, int, int)"
P3,211,0x004B1B30,?bubble_me_elmo2@SocialWin@@QAEXPADHH@Z,64,0,2,unrecovered,,,1,missing,exact,"void (__thiscall ?bubble_me_elmo2@SocialWin@@QAEXPADHH@Z)(SocialWin* this, LPCSTR, int, int)"
P3,211,0x004B1B70,?bubble_me_elmo2@SocialWin@@QAGXPADHH@Z,66,0,2,unrecovered,,,1,missing,exact,"void (__stdcall ?bubble_me_elmo2@SocialWin@@QAGXPADHH@Z)(SocialWin* this, int8*, int, int)"
P3,521,0x004B1BC0,?on_right_click@SocialWin@@QAEXHH@Z,273,0,5,unrecovered,,,2,exact,exact,"void (__thiscall ?on_right_click@SocialWin@@QAEXHH@Z)(SocialWin* this, int, int)"
P3,321,0x004B1CE0,?on_group_clicked@SocialWin@@QAEXHH@Z,132,0,3,unrecovered,,,2,exact,exact,"void (__thiscall ?on_group_clicked@SocialWin@@QAEXHH@Z)(SocialWin* this, int, int)"
P3,321,0x004B1D70,?on_button_passover@SocialWin@@QAEXHH@Z,131,0,3,unrecovered,,,2,exact,exact,"void (__thiscall ?on_button_passover@SocialWin@@QAEXHH@Z)(SocialWin* this, int, int)"
P3,321,0x004B1E00,?on_button_clicked@SocialWin@@QAEXH@Z,73,0,3,unrecovered,,,2,exact,exact,"void (__thiscall ?on_button_clicked@SocialWin@@QAEXH@Z)(SocialWin* this, int)"
P3,321,0x004B1E80,?on_key_click@SocialWin@@QAEHHH@Z,53,0,3,unrecovered,,,2,exact,exact,"int (__thiscall ?on_key_click@SocialWin@@QAEHHH@Z)(SocialWin* this, int, int)"
P3,421,0x004B1EC0,?on_mouse_move@SocialWin@@QAEXHH@Z,242,0,4,unrecovered,,,2,exact,exact,"void (__thiscall ?on_mouse_move@SocialWin@@QAEXHH@Z)(SocialWin* this, int, int)"
P3,221,0x004B1FC0,?on_mouse_leave@SocialWin@@QAEXHH@Z,44,0,2,unrecovered,,,2,exact,exact,"void (__thiscall ?on_mouse_leave@SocialWin@@QAEXHH@Z)(SocialWin* this, int, int)"
P3,1121,0x004B1FF0,?allocate_energy@SocialWin@@QAEXHH@Z,300,1,1,unrecovered,,,2,exact,exact,"void (__thiscall ?allocate_energy@SocialWin@@QAEXHH@Z)(SocialWin* this, int energyAllocID, int energyAllocSet)"
P3,621,0x004B2120,?on_status@SocialWin@@QAEXH@Z,228,0,6,unrecovered,,,2,exact,exact,"void (__thiscall ?on_status@SocialWin@@QAEXH@Z)(SocialWin* this, int)"
P3,111,0x004B2210,?on_iface_left_click@SocialWin@@QAEHHH@Z,13,0,1,unrecovered,,,1,exact,missing,"int (__thiscall ?on_iface_left_click@SocialWin@@QAEHHH@Z)(SocialWin* this, int, int)"
P3,521,0x004B2220,?on_iface_right_click@SocialWin@@QAEXHH@Z,474,0,5,unrecovered,,,2,exact,exact,"void (__thiscall ?on_iface_right_click@SocialWin@@QAEXHH@Z)(SocialWin* this, int, int)"
P3,621,0x004B2470,?on_iface_button_clicked@SocialWin@@QAEXH@Z,478,0,6,unrecovered,,,2,exact,exact,"void (__thiscall ?on_iface_button_clicked@SocialWin@@QAEXH@Z)(SocialWin* this, int)"
P3,1221,0x004B2690,?show@SocialWin@@QAEXH@Z,27,1,2,unrecovered,,,2,exact,exact,"void (__thiscall ?show@SocialWin@@QAEXH@Z)(SocialWin* this, int)"
P3,1221,0x004B26B0,?hide@SocialWin@@QAEXXZ,25,1,2,unrecovered,,,2,exact,exact,void (__thiscall ?hide@SocialWin@@QAEXXZ)(SocialWin* this)
P3,2121,0x004B26D0,?close@SocialWin@@QAEXXZ,108,2,1,unrecovered,,,2,exact,exact,void (__thiscall ?close@SocialWin@@QAEXXZ)(SocialWin* this)
P3,4621,0x004B2740,?init@SocialWin@@QAEXH@Z,5458,2,26,unrecovered,,,2,exact,entry_range,"void (__thiscall ?init@SocialWin@@QAEXH@Z)(SocialWin* this, int factionID)"
P0,1001521,0x004B3C80,??1SocialWin@@QAE@XZ,943,1,5,original_dependency,ui_dependency,recover_owning_class,2,exact,entry_range,void (__thiscall ??1SocialWin@@QAE@XZ)(SocialWin* this)
P0,1001221,0x004B3EC0,??1CheckButton@@QAE@XZ,106,1,2,original_dependency,ui_dependency,recover_owning_class,2,exact,entry_range,void (__thiscall ??1CheckButton@@QAE@XZ)(CheckButton* this)
P3,2921,0x004B43E0,?say_orders@@YAXPADH@Z,1421,2,9,unrecovered,,,2,exact,exact,"void (__cdecl ?say_orders@@YAXPADH@Z)(int8*, int vehID)"
P3,2121,0x004B4970,?say_orders@@YAXH@Z,22,2,1,unrecovered,,,2,exact,exact,void (__cdecl ?say_orders@@YAXH@Z)(int vehID)
P3,101,0x004B4990,?UNK1@StatusWin@@QAEXXZ,142,0,1,unrecovered,,,0,missing,missing,void (__thiscall ?UNK1@StatusWin@@QAEXXZ)(StatusWin* this)
P3,2321,0x004B4A20,?set_title@StatusWin@@QAEXH@Z,451,2,3,unrecovered,,,2,exact,exact,"void (__thiscall ?set_title@StatusWin@@QAEXH@Z)(StatusWin* this, int)"
P3,2320,0x004B4BF0,?draw_my_dest@@YAXH@Z,213,2,3,unrecovered,,,2,exact,exact,
P3,1,0x004B4CD0,?UNK2@StatusWin@@QAEXXZ,20,0,0,unrecovered,,,0,missing,missing,void (__thiscall ?UNK2@StatusWin@@QAEXXZ)(StatusWin* this)
P3,7321,0x004B4CF0,?draw_active@StatusWin@@QAEXHHH@Z,6203,4,33,unrecovered,,,2,exact,exact,"void (__thiscall ?draw_active@StatusWin@@QAEXHHH@Z)(StatusWin* this, int, int, int)"
P3,2121,0x004B6530,?reset_active@StatusWin@@QAEXXZ,57,2,1,unrecovered,,,2,exact,exact,void (__thiscall ?reset_active@StatusWin@@QAEXXZ)(StatusWin* this)
P2,10621,0x004B6570,?draw_status@StatusWin@@QAEXHHHHH@Z,8885,7,36,unrecovered,,,2,exact,exact,"void (__thiscall ?draw_status@StatusWin@@QAEXHHHHH@Z)(StatusWin* this, int, int, int, int, int)"
P3,1221,0x004B8830,?draw@StatusWin@@QAEXHHHHH@Z,90,1,2,unrecovered,,,2,exact,exact,"void (__thiscall ?draw@StatusWin@@QAEXHHHHH@Z)(StatusWin* this, int, int, int, int, int)"
P3,3321,0x004B8890,?on_redraw@StatusWin@@QAEXXZ,219,3,3,unrecovered,,,2,exact,exact,void (__thiscall ?on_redraw@StatusWin@@QAEXXZ)(StatusWin* this)
P3,1121,0x004B8990,?on_left_double_click@StatusWin@@QAEXHH@Z,46,1,1,unrecovered,,,2,exact,exact,"void (__thiscall ?on_left_double_click@StatusWin@@QAEXHH@Z)(StatusWin* this, int xCoord, int yCoord)"
P3,1421,0x004B89C0,?arrow_left@StatusWin@@QAEXXZ,517,1,4,unrecovered,,,2,exact,exact,void (__thiscall ?arrow_left@StatusWin@@QAEXXZ)(StatusWin* this)
P3,1421,0x004B8BD0,?arrow_right@StatusWin@@QAEXXZ,544,1,4,unrecovered,,,2,exact,exact,void (__thiscall ?arrow_right@StatusWin@@QAEXXZ)(StatusWin* this)
P3,301,0x004B8DF0,?UNK3@StatusWin@@QAEXXZ,65,0,3,unrecovered,,,0,missing,missing,void (__thiscall ?UNK3@StatusWin@@QAEXXZ)(StatusWin* this)
P3,3321,0x004B8E40,?on_left_click@StatusWin@@QAEXHH@Z,403,2,13,unrecovered,,,2,exact,exact,"void (__thiscall ?on_left_click@StatusWin@@QAEXHH@Z)(StatusWin* this, int xCoord, int yCoord)"
P3,6121,0x004B9010,?on_right_click@StatusWin@@QAEXHHH@Z,3858,1,51,unrecovered,,,2,exact,entry_range,"void (__thiscall ?on_right_click@StatusWin@@QAEXHHH@Z)(StatusWin* this, int xCoord, int yCoord, int)"
P3,11,0x004B9E90,?UNK4@StatusWin@@QAEXXZ,13,0,0,unrecovered,,,1,exact,missing,void (__thiscall ?UNK4@StatusWin@@QAEXXZ)(StatusWin* this)
P0,1017321,0x004B9EA0,?redraw@StatusWin@@QAEXXZ,219,17,3,original_dependency,ui_dependency,recover_status_win_redraw,2,exact,exact,void (__thiscall ?redraw@StatusWin@@QAEXXZ)(StatusWin* this)
P3,1521,0x004B9FC0,?init@StatusWin@@QAEXXZ,350,1,5,unrecovered,,,2,exact,exact,void (__thiscall ?init@StatusWin@@QAEXXZ)(StatusWin* this)
P0,1000321,0x004BA120,??1StatusWin@@QAE@XZ,187,0,3,original_dependency,ui_dependency,recover_owning_class,2,exact,entry_range,void (__thiscall ??1StatusWin@@QAE@XZ)(StatusWin* this)
P0,1001321,0x004BA1A0,??0StatusWin@@QAE@XZ,182,1,3,original_dependency,ui_dependency,recover_owning_class,2,exact,entry_range,void (__thiscall ??0StatusWin@@QAE@XZ)(StatusWin* this)
P3,1520,0x004BA220,?textcolor_init@@YAXXZ,936,1,5,unrecovered,,,2,exact,entry_range,
P2,7020,0x004BA5F0,?tut_check@@YAHH@Z,94,7,0,unrecovered,,,2,exact,exact,
P2,9020,0x004BA650,?tut_check2@@YAHH@Z,94,9,0,unrecovered,,,2,exact,exact,
P0,1001121,0x004BA6B0,??0TutWin@@QAE@XZ,110,1,1,original_dependency,ui_dependency,recover_owning_class,2,exact,exact,void (__thiscall ??0TutWin@@QAE@XZ)(TutWin* this)
P3,121,0x004BA770,?on_key_click@TutWin@@QAEHHH@Z,190,0,1,unrecovered,,,2,exact,exact,"int (__thiscall ?on_key_click@TutWin@@QAEHHH@Z)(TutWin* this, int, int)"
P3,1921,0x004BAA70,?tour6@TutWin@@QAEXXZ,1186,1,9,unrecovered,,,2,exact,exact,void (__thiscall ?tour6@TutWin@@QAEXXZ)(TutWin* this)
P3,1721,0x004BAF20,?tour7@TutWin@@QAEXXZ,1107,1,7,unrecovered,,,2,exact,exact,void (__thiscall ?tour7@TutWin@@QAEXXZ)(TutWin* this)
P3,2221,0x004BB380,?tour5@TutWin@@QAEXXZ,1041,1,12,unrecovered,,,2,exact,exact,void (__thiscall ?tour5@TutWin@@QAEXXZ)(TutWin* this)
P3,2421,0x004BB7A0,?tour1@TutWin@@QAEXXZ,3569,1,14,unrecovered,,,2,exact,exact,void (__thiscall ?tour1@TutWin@@QAEXXZ)(TutWin* this)
P2,7921,0x004BC6E0,?tour@TutWin@@QAEXXZ,5598,5,29,unrecovered,,,2,exact,exact,void (__thiscall ?tour@TutWin@@QAEXXZ)(TutWin* this)
P3,121,0x004BDCC0,?on_button_clicked@TutWin@@QAEXH@Z,226,0,1,unrecovered,,,2,exact,start_only,"void (__thiscall ?on_button_clicked@TutWin@@QAEXH@Z)(TutWin* this, int)"
P3,11,0x004BDDB0,?on_move@TutWin@@QAEXHH@Z,21,0,0,unrecovered,,,1,exact,missing,"void (__thiscall ?on_move@TutWin@@QAEXHH@Z)(TutWin* this, int, int)"
P1,22121,0x004BDDE0,?reset@TutWin@@QAEHXZ,183,22,1,unrecovered,,,2,exact,exact,int (__thiscall ?reset@TutWin@@QAEHXZ)(TutWin* this)
P3,3121,0x004BDEA0,?draw_arrow@TutWin@@QAEXXZ,118,3,1,unrecovered,,,2,exact,exact,void (__thiscall ?draw_arrow@TutWin@@QAEXXZ)(TutWin* this)
P3,120,0x004BDF20,?terrain_draw@TutWin@@QAAXPAUSprite@@PAUGraphicWin@@HHH@Z,70,0,1,unrecovered,,,2,exact,exact,
P3,121,0x004BDF70,?veh_draw@TutWin@@QAAXPAUSprite@@PAUGraphicWin@@HHH@Z,48,0,1,unrecovered,,,2,exact,exact,"void (__cdecl ?veh_draw@TutWin@@QAAXPAUSprite@@PAUGraphicWin@@HHH@Z)(Sprite*, GraphicWin*, int vehID, int, int)"
P3,120,0x004BDFA0,?base_draw@TutWin@@QAAXPAUSprite@@PAUGraphicWin@@HHH@Z,61,0,1,unrecovered,,,2,exact,exact,
P0,1014621,0x004BDFE0,?tut_win@TutWin@@QAEHPAUGraphicWin@@PBDHHPAUSprite@@HHH@Z,1653,13,16,original_dependency,ui_dependency,recover_owning_class,2,exact,entry_range,"int (__thiscall ?tut_win@TutWin@@QAEHPAUGraphicWin@@PBDHHPAUSprite@@HHH@Z)(TutWin* this, GraphicWin*, int8*, int, int, Sprite*, int, int, int)"
P2,9321,0x004BE650,?tut_map@TutWin@@QAEHPBDHHHPAUSprite@@HHH@Z,374,9,3,unrecovered,,,2,exact,exact,"int (__thiscall ?tut_map@TutWin@@QAEHPBDHHHPAUSprite@@HHH@Z)(TutWin* this, int8*, int xCoord, int yCoord, int, Sprite*, int, int, int)"
P0,1002421,0x004BE7D0,??1TutWin@@QAE@XZ,773,1,14,original_dependency,ui_dependency,recover_owning_class,2,exact,entry_range,void (__thiscall ??1TutWin@@QAE@XZ)(TutWin* this)
P3,1121,0x004BEA30,??0UV2Player@@QAE@XZ,28,1,1,unrecovered,,,2,exact,exact,void (__thiscall ??0UV2Player@@QAE@XZ)(UV2Player* this)
P3,2821,0x004BEA50,?exec@UV2Player@@QAEHPADHHH@Z,869,1,18,unrecovered,,,2,exact,exact,"int (__thiscall ?exec@UV2Player@@QAEHPADHHH@Z)(UV2Player* this, LPSTR pszFileName, int, int, int)"
P3,111,0x004BEDC0,?UNK1@UV2Player@@QAEHHHHH@Z,154,0,1,unrecovered,,,1,missing,exact,"int (__thiscall ?UNK1@UV2Player@@QAEHHHHH@Z)(UV2Player* this, int, int, int, int)"
P3,120,0x004BEE60,?UNK2@UV2Player@@QAAHHHHH@Z,157,0,1,unrecovered,,,2,exact,exact,
P3,3221,0x004BEF00,?UNK3@UV2Player@@QAEXXZ,1237,1,22,unrecovered,,,2,exact,entry_range,void (__thiscall ?UNK3@UV2Player@@QAEXXZ)(UV2Player* this)
P3,20,0x004BF390,?on_key@UV2Player@@QAAHXZ,110,0,0,unrecovered,,,2,exact,exact,
P3,4221,0x004BF400,?close@UV2Player@@QAEXXZ,162,4,2,unrecovered,,,2,exact,exact,void (__thiscall ?close@UV2Player@@QAEXXZ)(UV2Player* this)
P3,1521,0x004BF4B0,?play@UV2Player@@QAEHHH@Z,545,1,5,unrecovered,,,2,exact,exact,"int (__thiscall ?play@UV2Player@@QAEHHH@Z)(UV2Player* this, int, int)"
P3,4520,0x004BF740,?compute_camera@@YAXPAUVOX_Vect@@PAUVOX_Matrix@@@Z,385,4,5,unrecovered,,,2,exact,exact,
P3,2021,0x004BF8D0,?vehdraw_turn_start@@YAHHHHH@Z,919,1,10,unrecovered,,,2,exact,exact,"int (__cdecl ?vehdraw_turn_start@@YAHHHHH@Z)(int vehID, int, int, int)"
P3,1720,0x004BFC70,?vehdraw_turn@@YAXPAUBuffer@@HHHH@Z,394,1,7,unrecovered,,,2,exact,exact,
P3,1621,0x004BFE00,?vehdraw_scoot_start@@YAXHHHH@Z,4388,1,6,unrecovered,,,2,exact,exact,"void (__cdecl ?vehdraw_scoot_start@@YAXHHHH@Z)(int vehID, int, int, int)"
P3,2520,0x004C0F50,?vehdraw_scoot@@YAXPAUBuffer@@HHHH@Z,838,1,15,unrecovered,,,2,exact,exact,
P3,2621,0x004C12A0,?vehdraw_draw@@YAXPAUBuffer@@HHHHHH@Z,1170,1,16,unrecovered,,,2,exact,exact,"void (__cdecl ?vehdraw_draw@@YAXPAUBuffer@@HHHHHH@Z)(Buffer*, int unitID, int, int, int, int, int)"
P3,1810,0x004C1740,vehdraw_unk1,965,0,18,unrecovered,,,1,missing,exact,
P3,220,0x004C1B10,?vehdraw_compute_facet_normals@@YAXXZ,487,0,2,unrecovered,,,2,exact,exact,
P2,7021,0x004C1D20,?vehdraw_construct_vehicle@@YAHHPAUCaviar@@@Z,781,6,10,unrecovered,,,2,exact,exact,"int (__cdecl ?vehdraw_construct_vehicle@@YAHHPAUCaviar@@@Z)(int vehID, Caviar*)"
P3,3221,0x004C2030,?vehdraw_construct_abil@@YAHHPAUCaviar@@H@Z,816,3,2,unrecovered,,,2,exact,exact,"int (__cdecl ?vehdraw_construct_abil@@YAHHPAUCaviar@@H@Z)(int abilityFlags, Caviar*, int factionID)"
P3,611,0x004C2360,?vehdraw_construct_vehicle@@YAHHHHHHHPAUCaviar@@@Z,269,0,6,unrecovered,,,1,missing,exact,"int (__cdecl ?vehdraw_construct_vehicle@@YAHHHHHHHPAUCaviar@@@Z)(int factionID, int, int, int, int, int, Caviar*)"
P2,7520,0x004C2470,?vehdraw_construct_chassis@@YAHHHHHHPAUCaviar@@@Z,2071,7,5,unrecovered,,,2,exact,start_only,
P2,7321,0x004C2CF0,?vehdraw_construct_weapon@@YAHHHHPAUCaviar@@@Z,890,7,3,unrecovered,,,2,exact,exact,"int (__cdecl ?vehdraw_construct_weapon@@YAHHHHPAUCaviar@@@Z)(int factionID, int a2, int weapID, Caviar* a4)"
P2,12420,0x004C3090,?vehdraw_construct_armor@@YAHHHHHHPAUCaviar@@@Z,1797,12,4,unrecovered,,,2,exact,exact,
P2,5220,0x004C3800,?vehdraw_construct_reactor@@YAHHHHHHPAUCaviar@@@Z,150,5,2,unrecovered,,,2,exact,exact,
P3,100,0x004C38E0,sub_4c38e0,48,0,1,unrecovered,,,0,missing,missing,
P3,200,0x004C3910,sub_4c3910,49,0,2,unrecovered,,,0,missing,missing,
P3,3121,0x004C3950,?set_detail_map@WorldWin@@QAEXXZ,58,3,1,unrecovered,,,2,exact,exact,void (__thiscall ?set_detail_map@WorldWin@@QAEXXZ)(WorldWin* this)
P3,4221,0x004C3990,?set_world_map@WorldWin@@QAEXXZ,59,4,2,unrecovered,,,2,exact,exact,void (__thiscall ?set_world_map@WorldWin@@QAEXXZ)(WorldWin* this)
P2,5221,0x004C39D0,?show_all@WorldWin@@QAEXXZ,105,5,2,unrecovered,,,2,exact,exact,void (__thiscall ?show_all@WorldWin@@QAEXXZ)(WorldWin* this)
P2,7121,0x004C3A40,?hide_all@WorldWin@@QAEXXZ,43,7,1,unrecovered,,,2,exact,exact,void (__thiscall ?hide_all@WorldWin@@QAEXXZ)(WorldWin* this)
P3,11,0x004C3A70,?UNK1@WorldWin@@QAEXXZ,57,0,0,unrecovered,,,1,exact,missing,void (__thiscall ?UNK1@WorldWin@@QAEXXZ)(WorldWin* this)
P3,2521,0x004C3AB0,?right_menu@WorldWin@@QAEXHH@Z,625,1,15,unrecovered,,,2,exact,entry_range,"void (__thiscall ?right_menu@WorldWin@@QAEXHH@Z)(WorldWin* this, int, int)"
P0,1002521,0x004C3D40,?click@WorldWin@@QAEXHHHH@Z,264,2,5,original_dependency,ui_dependency,recover_world_win_click,2,exact,exact,"void (__thiscall ?click@WorldWin@@QAEXHHHH@Z)(WorldWin* this, int, int, int, int)"
P3,1121,0x004C3EA0,?follow_center@WorldWin@@QAEXHH@Z,19,1,1,unrecovered,,,2,exact,exact,"void (__thiscall ?follow_center@WorldWin@@QAEXHH@Z)(WorldWin* this, int xCoord, int yCoord)"
P3,1211,0x004C3EC0,?on_redraw@WorldWin@@QAEXXZ,871,0,12,unrecovered,,,1,exact,missing,void (__thiscall ?on_redraw@WorldWin@@QAEXXZ)(WorldWin* this)
P3,611,0x004C4230,?UNK2@WorldWin@@QAEXH@Z,448,0,6,unrecovered,,,1,missing,exact,"void (__thiscall ?UNK2@WorldWin@@QAEXH@Z)(WorldWin* this, int)"
P3,3021,0x004C43F0,?pixel_to_tile@WorldWin@@QAEHHHPAH0@Z,227,3,0,unrecovered,,,2,exact,exact,"int (__thiscall ?pixel_to_tile@WorldWin@@QAEHHHPAH0@Z)(WorldWin* this, int, int, int*, int*)"
P3,3021,0x004C44E0,?tile_to_pixel@WorldWin@@QAEHHHPAH0@Z,242,3,0,unrecovered,,,2,exact,exact,"int (__thiscall ?tile_to_pixel@WorldWin@@QAEHHHPAH0@Z)(WorldWin* this, int, int, int*, int*)"
P3,1121,0x004C45F0,?set_center@WorldWin@@QAEXHH@Z,19,1,1,unrecovered,,,2,exact,exact,"void (__thiscall ?set_center@WorldWin@@QAEXHH@Z)(WorldWin* this, int, int)"
P3,111,0x004C4610,?focus@WorldWin@@QAEXHH@Z,19,0,1,unrecovered,,,1,missing,exact,"void (__thiscall ?focus@WorldWin@@QAEXHH@Z)(WorldWin* this, int, int)"
P3,1421,0x004C4630,?draw_box@WorldWin@@QAEXXZ,439,1,4,unrecovered,,,2,exact,exact,void (__thiscall ?draw_box@WorldWin@@QAEXXZ)(WorldWin* this)
P3,411,0x004C47F0,?UNK3@WorldWin@@QAEXXZ,428,0,4,unrecovered,,,1,missing,exact,void (__thiscall ?UNK3@WorldWin@@QAEXXZ)(WorldWin* this)
P3,1321,0x004C49A0,?init@WorldWin@@QAEXH@Z,198,1,3,unrecovered,,,2,exact,exact,"void (__thiscall ?init@WorldWin@@QAEXH@Z)(WorldWin* this, int)"
P0,1001621,0x004C4A70,??1WorldWin@@QAE@XZ,608,1,6,original_dependency,ui_dependency,recover_owning_class,2,exact,entry_range,void (__thiscall ??1WorldWin@@QAE@XZ)(WorldWin* this)
P0,1001321,0x004C4BF0,??0WorldWin@@QAE@XZ,165,1,3,original_dependency,ui_dependency,recover_owning_class,2,exact,entry_range,void (__thiscall ??0WorldWin@@QAE@XZ)(WorldWin* this)
P3,0,0x004C4CB0,sub_4c4cb0,81,0,0,unrecovered,,,0,missing,missing,
P3,0,0x004C4D10,sub_4c4d10,92,0,0,unrecovered,,,0,missing,missing,
P3,110,0x004C4D70,sub_4c4d70,54,0,1,unrecovered,,,1,missing,exact,
P0,1000121,0x004C4E60,??1Wave_Device@@QAE@XZ,139,0,1,source_complete,ui_dependency,recover_owning_class,2,exact,entry_range,void (__thiscall ??1Wave_Device@@QAE@XZ)(Wave_Device* this)
P0,1001121,0x004C5280,?pull_from_group@Wave_Device@@QAEHPAUWave@@@Z,156,1,1,source_complete,ui_dependency,recover_wave_device,2,exact,exact,"int (__thiscall ?pull_from_group@Wave_Device@@QAEHPAUWave@@@Z)(Wave_Device* this, Wave*)"
P0,1001021,0x004C5460,?is_group_disabled@Wave_Device@@QAEHI@Z,33,1,0,source_complete,ui_dependency,recover_wave_device,2,exact,exact,"int (__thiscall ?is_group_disabled@Wave_Device@@QAEHI@Z)(Wave_Device* this, unsigned int)"
P0,1000011,0x004C5490,??0WaveControlGroup@@QAE@XZ,27,0,0,source_complete,ui_dependency,recover_wave_control_group,1,exact,missing,void (__thiscall ??0WaveControlGroup@@QAE@XZ)(WaveControlGroup* this)
P3,21,0x004C56D0,?create_device@Midi_Device@@QAEHK@Z,55,0,0,unrecovered,,,2,exact,exact,"int (__thiscall ?create_device@Midi_Device@@QAEHK@Z)(Midi_Device* this, unsigned int)"
P3,21,0x004C5710,?delete_device@Midi_Device@@QAEHXZ,39,0,0,unrecovered,,,2,exact,exact,int (__thiscall ?delete_device@Midi_Device@@QAEHXZ)(Midi_Device* this)
P0,1001121,0x004C5740,??0Midi_Device@@QAE@XZ,60,1,1,original_dependency,ui_dependency,recover_owning_class,2,exact,exact,void (__thiscall ??0Midi_Device@@QAE@XZ)(Midi_Device* this)
P0,1000001,0x004C5780,??1Midi_Device@@QAE@XZ,19,0,0,original_dependency,ui_dependency,recover_owning_class,0,missing,missing,void (__thiscall ??1Midi_Device@@QAE@XZ)(Midi_Device* this)
P3,1021,0x004C57A0,?init@Midi_Device@@QAEHPAXK@Z,68,1,0,unrecovered,,,2,exact,exact,"int (__thiscall ?init@Midi_Device@@QAEHPAXK@Z)(Midi_Device* this, void*, unsigned int)"
P3,1021,0x004C57F0,?release@Midi_Device@@QAEXXZ,51,1,0,unrecovered,,,2,exact,exact,void (__thiscall ?release@Midi_Device@@QAEXXZ)(Midi_Device* this)
P0,1001121,0x004C5940,??0Wave_In_Device@@QAE@XZ,60,1,1,original_dependency,ui_dependency,recover_owning_class,2,exact,exact,void (__thiscall ??0Wave_In_Device@@QAE@XZ)(Wave_In_Device* this)
P0,1000001,0x004C5980,??1Wave_In_Device@@QAE@XZ,19,0,0,original_dependency,ui_dependency,recover_owning_class,0,missing,missing,void (__thiscall ??1Wave_In_Device@@QAE@XZ)(Wave_In_Device* this)
P3,21,0x004C59A0,?create_device@Wave_In_Device@@QAEHK@Z,55,0,0,unrecovered,,,2,exact,exact,"int (__thiscall ?create_device@Wave_In_Device@@QAEHK@Z)(Wave_In_Device* this, unsigned int)"
P3,21,0x004C59E0,?delete_device@Wave_In_Device@@QAEHXZ,39,0,0,unrecovered,,,2,exact,exact,int (__thiscall ?delete_device@Wave_In_Device@@QAEHXZ)(Wave_In_Device* this)
P3,1021,0x004C5A10,?init@Wave_In_Device@@QAEHPAXK@Z,61,1,0,unrecovered,,,2,exact,exact,"int (__thiscall ?init@Wave_In_Device@@QAEHPAXK@Z)(Wave_In_Device* this, void*, unsigned int)"
P3,1021,0x004C5A50,?release@Wave_In_Device@@QAEXXZ,33,1,0,unrecovered,,,2,exact,exact,void (__thiscall ?release@Wave_In_Device@@QAEXXZ)(Wave_In_Device* this)
P0,1000121,0x004C5B80,??1WaveControlGroup@@QAE@XZ,111,0,1,source_complete,ui_dependency,recover_wave_control_group,2,exact,exact,void (__thiscall ??1WaveControlGroup@@QAE@XZ)(WaveControlGroup* this)
P0,1001120,0x004C5BF0,sub_4c5bf0,90,1,1,source_complete,ui_dependency,recover_wave_device,2,exact,exact,
P3,1420,0x004C5CE0,?init_sound@@YAHPAXK@Z,174,1,4,unrecovered,,,2,exact,exact,
P3,1420,0x004C5D90,?release_sound@@YAHXZ,178,1,4,unrecovered,,,2,exact,exact,
P3,1220,0x004C5E50,?load_sound_dll@@YAHXZ,280,1,2,unrecovered,,,2,exact,exact,
P3,0,0x004C5F70,?unload_sound_dll@@YAXXZ,53,0,0,unrecovered,,,0,missing,missing,
P3,10,0x004C5FB0,?init_sound_timer@@YAHKK@Z,38,0,0,unrecovered,,,1,missing,exact,
P3,1020,0x004C5FE0,?get_sound_version@@YAHXZ,18,1,0,unrecovered,,,2,exact,exact,
P3,10,0x004C6000,sub_4c6000,42,0,0,unrecovered,,,1,missing,exact,
P3,10,0x004C6030,sub_4c6030,34,0,0,unrecovered,,,1,missing,exact,
P3,0,0x004C6060,sub_4c6060,17,0,0,unrecovered,,,0,missing,missing,
P3,121,0x004C6080,??0Sound@@QAE@XZ,179,0,1,unrecovered,,,2,entry_range,entry_range,void (__thiscall ??0Sound@@QAE@XZ)(Sound* this)
P0,1005021,0x004C61E0,?set_type@Sound@@QAEXI@Z,128,5,0,source_complete,ui_dependency,recover_sound,2,exact,exact,"void (__thiscall ?set_type@Sound@@QAEXI@Z)(Sound* this, SOUNDTYPE)"
P0,1005521,0x004C6280,?load@Sound@@QAEHPBD@Z,225,5,5,source_complete,ui_dependency,recover_sound_load,2,exact,exact,"int (__thiscall ?load@Sound@@QAEHPBD@Z)(Sound* this, int8*)"
P0,1016221,0x004C66E0,??0Wave@@QAE@XZ,239,16,2,source_complete,ui_dependency,recover_wave_element_ctor,2,entry_range,entry_range,void (__thiscall ??0Wave@@QAE@XZ)(Wave* this)
P0,1002220,0x004C67C0,??1Wave@@QAE@XZ,333,2,2,source_complete,ui_dependency,recover_wave_destructor,2,entry_range,entry_range,
P0,1020221,0x004C6920,?play@Wave@@QAEHXZ,141,20,2,source_complete,ui_dependency,runtime_redirect_entry,2,exact,exact,int (__thiscall ?play@Wave@@QAEHXZ)(Wave* this)
P0,1005021,0x004C6B10,?is_playing@Wave@@QAEHXZ,67,5,0,source_complete,ui_dependency,runtime_redirect_entry,2,exact,exact,int (__thiscall ?is_playing@Wave@@QAEHXZ)(Wave* this)
P0,1003121,0x004C6CE0,?load@Wave@@QAEHXZ,204,3,1,source_complete,ui_dependency,recover_wave_load;runtime_redirect_entry,2,exact,exact,int (__thiscall ?load@Wave@@QAEHXZ)(Wave* this)
P3,110,0x004C7270,sub_4c7270,46,0,1,unrecovered,,,1,missing,exact,
P3,120,0x004C72A0,sub_4c72a0,85,0,1,unrecovered,,,2,exact,exact,
P3,110,0x004C7300,sub_4c7300,115,0,1,unrecovered,,,1,missing,exact,
P3,110,0x004C7380,sub_4c7380,51,0,1,unrecovered,,,1,missing,exact,
P3,410,0x004C73C0,sub_4c73c0,228,0,4,unrecovered,,,1,missing,exact,
P3,410,0x004C74B0,sub_4c74b0,64,0,4,unrecovered,,,1,missing,exact,
P3,410,0x004C74F0,sub_4c74f0,176,0,4,unrecovered,,,1,missing,exact,
P3,10,0x004C75A0,sub_4c75a0,7,0,0,unrecovered,,,1,exact,missing,
P3,120,0x004C75B0,sub_4c75b0,214,0,1,unrecovered,,,2,entry_range,entry_range,
P3,21,0x004C7780,?set_volume@Midi@@QAEXH@Z,35,0,0,unrecovered,,,2,exact,exact,"void (__thiscall ?set_volume@Midi@@QAEXH@Z)(Midi* this, int)"
P3,21,0x004C77B0,?switch_state@Midi@@QAEH_N@Z,26,0,0,unrecovered,,,2,exact,exact,"int (__thiscall ?switch_state@Midi@@QAEH_N@Z)(Midi* this, bool)"
P3,21,0x004C78C0,?set_base_path@Midi@@QAEHPBD@Z,26,0,0,unrecovered,,,2,exact,exact,"int (__thiscall ?set_base_path@Midi@@QAEHPBD@Z)(Midi* this, int8*)"
P3,1021,0x004C7AB0,?is_trackset_playing@Midi@@QAEHI@Z,32,1,0,unrecovered,,,2,exact,exact,"int (__thiscall ?is_trackset_playing@Midi@@QAEHI@Z)(Midi* this, unsigned int)"
P3,521,0x004C7C60,?init@Midi@@QAEHPADK@Z,85,0,5,unrecovered,,,2,exact,exact,"int (__thiscall ?init@Midi@@QAEHPADK@Z)(Midi* this, int8*, unsigned int)"
P3,2120,0x004C7CC0,sub_4c7cc0,42,2,1,unrecovered,,,2,exact,exact,
P3,411,0x004C7CF0,?set_fname@Midi@@QAEHPBD@Z,82,0,4,unrecovered,,,1,missing,exact,"int (__thiscall ?set_fname@Midi@@QAEHPBD@Z)(Midi* this, int8*)"
P3,121,0x004C7D80,?load@Midi@@QAEHPBD@Z,77,0,1,unrecovered,,,2,exact,exact,"int (__thiscall ?load@Midi@@QAEHPBD@Z)(Midi* this, int8*)"
P3,121,0x004C7DD0,?load@Midi@@QAEHXZ,75,0,1,unrecovered,,,2,exact,exact,int (__thiscall ?load@Midi@@QAEHXZ)(Midi* this)
P3,21,0x004C7E20,?unload@Midi@@QAEHXZ,89,0,0,unrecovered,,,2,exact,exact,int (__thiscall ?unload@Midi@@QAEHXZ)(Midi* this)
P3,20,0x004C7F70,sub_4c7f70,39,0,0,unrecovered,,,2,exact,exact,
P3,20,0x004C7FA0,sub_4c7fa0,32,0,0,unrecovered,,,2,exact,exact,
P3,20,0x004C7FC0,sub_4c7fc0,39,0,0,unrecovered,,,2,exact,exact,
P3,20,0x004C7FF0,sub_4c7ff0,39,0,0,unrecovered,,,2,exact,exact,
P3,20,0x004C8020,sub_4c8020,35,0,0,unrecovered,,,2,exact,exact,
P3,21,0x004C8050,?set_play_type@Midi@@QAEHI@Z,26,0,0,unrecovered,,,2,exact,exact,"int (__thiscall ?set_play_type@Midi@@QAEHI@Z)(Midi* this, unsigned int)"
P3,10,0x004C8070,sub_4c8070,25,0,0,unrecovered,,,1,exact,missing,
P3,10,0x004C8090,sub_4c8090,35,0,0,unrecovered,,,1,exact,missing,
P3,10,0x004C80C0,sub_4c80c0,23,0,0,unrecovered,,,1,missing,exact,
P3,10,0x004C80E0,sub_4c80e0,23,0,0,unrecovered,,,1,missing,exact,
P3,10,0x004C8100,sub_4c8100,11,0,0,unrecovered,,,1,exact,missing,
P3,110,0x004C8110,sub_4c8110,43,0,1,unrecovered,,,1,missing,exact,
P3,110,0x004C8150,sub_4c8150,56,0,1,unrecovered,,,1,missing,exact,
P3,110,0x004C8190,sub_4c8190,37,0,1,unrecovered,,,1,missing,exact,
P3,610,0x004C81C0,sub_4c81c0,198,0,6,unrecovered,,,1,missing,exact,
P3,1620,0x004C8290,sub_4c8290,184,1,6,unrecovered,,,2,exact,exact,
P3,0,0x004C8350,sub_4c8350,70,0,0,unrecovered,,,0,missing,missing,
P3,410,0x004C83A0,sub_4c83a0,75,0,4,unrecovered,,,1,missing,exact,
P3,0,0x004C83F0,sub_4c83f0,31,0,0,unrecovered,,,0,missing,missing,
P3,111,0x004C8410,??0Patch@@QAE@XZ,50,0,1,unrecovered,,,1,missing,exact,void (__thiscall ??0Patch@@QAE@XZ)(Patch* this)
P3,421,0x004C8530,?load@Ambience@@QAEHPBD@Z,191,0,4,unrecovered,,,2,exact,exact,"int (__thiscall ?load@Ambience@@QAEHPBD@Z)(Ambience* this, int8*)"
P3,21,0x004C85F0,?unload@Ambience@@QAEXXZ,44,0,0,unrecovered,,,2,exact,exact,void (__thiscall ?unload@Ambience@@QAEXXZ)(Ambience* this)
P3,1220,0x004C8620,sub_4c8620,194,1,2,unrecovered,,,2,entry_range,entry_range,
P0,1002120,0x004C86D0,sub_4c86d0,243,2,1,original_dependency,ui_dependency,recover_owning_class,2,entry_range,entry_range,
P3,20,0x004C87B0,sub_4c87b0,137,0,0,unrecovered,,,2,exact,exact,
P3,20,0x004C8840,sub_4c8840,72,0,0,unrecovered,,,2,exact,exact,
P3,20,0x004C8890,sub_4c8890,28,0,0,unrecovered,,,2,exact,exact,
P3,10,0x004C88B0,sub_4c88b0,15,0,0,unrecovered,,,1,exact,missing,
P3,20,0x004C88C0,sub_4c88c0,32,0,0,unrecovered,,,2,exact,exact,
P3,20,0x004C88E0,sub_4c88e0,35,0,0,unrecovered,,,2,exact,exact,
P3,10,0x004C8910,sub_4c8910,15,0,0,unrecovered,,,1,exact,missing,
P3,10,0x004C8930,sub_4c8930,18,0,0,unrecovered,,,1,exact,missing,
P3,1421,0x004C8960,??0VoiceRx@@QAE@XZ,260,1,4,unrecovered,,,2,entry_range,entry_range,void (__thiscall ??0VoiceRx@@QAE@XZ)(VoiceRx* this)
P0,1001121,0x004C8A50,??1VoiceRx@@QAE@XZ,262,1,1,original_dependency,ui_dependency,recover_owning_class,2,entry_range,entry_range,void (__thiscall ??1VoiceRx@@QAE@XZ)(VoiceRx* this)
P3,21,0x004C8B40,?init@VoiceRx@@QAEHKPAXK@Z,133,0,0,unrecovered,,,2,exact,exact,"int (__thiscall ?init@VoiceRx@@QAEHKPAXK@Z)(VoiceRx* this, unsigned int, void*, unsigned int)"
P3,21,0x004C8BD0,?release@VoiceRx@@QAEHXZ,72,0,0,unrecovered,,,2,exact,exact,int (__thiscall ?release@VoiceRx@@QAEHXZ)(VoiceRx* this)
P3,1421,0x004C8CC0,??0VoiceTx@@QAE@XZ,272,1,4,unrecovered,,,2,entry_range,entry_range,void (__thiscall ??0VoiceTx@@QAE@XZ)(VoiceTx* this)
P0,1004121,0x004C8DB0,??1VoiceTx@@QAE@XZ,273,4,1,original_dependency,ui_dependency,recover_owning_class,2,entry_range,entry_range,void (__thiscall ??1VoiceTx@@QAE@XZ)(VoiceTx* this)
P3,221,0x004C8EB0,?start@VoiceTx@@QAEHXZ,68,0,2,unrecovered,,,2,exact,exact,int (__thiscall ?start@VoiceTx@@QAEHXZ)(VoiceTx* this)
P3,221,0x004C8F00,?stop@VoiceTx@@QAEHXZ,60,0,2,unrecovered,,,2,exact,exact,int (__thiscall ?stop@VoiceTx@@QAEHXZ)(VoiceTx* this)
P3,21,0x004C8F40,?unload@VoiceTx@@QAEXXZ,48,0,0,unrecovered,,,2,exact,exact,void (__thiscall ?unload@VoiceTx@@QAEXXZ)(VoiceTx* this)
P3,21,0x004C8F70,?init@VoiceTx@@QAEHKPAXK@Z,151,0,0,unrecovered,,,2,exact,exact,"int (__thiscall ?init@VoiceTx@@QAEHKPAXK@Z)(VoiceTx* this, unsigned int, void*, unsigned int)"
P3,2620,0x004C9080,sub_4c9080,749,1,16,unrecovered,,,2,exact,entry_range,
P3,10,0x004C9390,sub_4c9390,18,0,0,unrecovered,,,1,exact,missing,
P3,10,0x004C93E0,sub_4c93e0,8,0,0,unrecovered,,,1,exact,missing,
P3,4521,0x004C96E0,?action_build@@YAHHPAD@Z,741,3,15,unrecovered,,,2,exact,exact,"int (__cdecl ?action_build@@YAHHPAD@Z)(int vehID, int8*)"
P3,10,0x004C99D0,sub_4c99d0,115,0,0,unrecovered,,,1,missing,exact,
P2,10721,0x004C9B00,?action_terraform@@YAHHHH@Z,3179,8,27,unrecovered,,,2,exact,exact,"int (__cdecl ?action_terraform@@YAHHHH@Z)(int vehID, int terraformID, BOOL tgl)"
P3,3621,0x004CA7F0,?action_staple@@YAXH@Z,603,3,6,unrecovered,,,2,exact,exact,void (__cdecl ?action_staple@@YAXH@Z)(int baseID)
P2,7521,0x004CAA50,?action_destroy@@YAXHHHH@Z,2226,5,25,unrecovered,,,2,exact,exact,"void (__cdecl ?action_destroy@@YAXHHHH@Z)(int vehID, int, int xCoord, int yCoord)"
P3,2821,0x004CB310,?action_go_to@@YAXH@Z,623,2,8,unrecovered,,,2,exact,exact,void (__cdecl ?action_go_to@@YAXH@Z)(int vehID)
P3,3321,0x004CB580,?action_road_to@@YAXH@Z,1304,2,13,unrecovered,,,2,exact,exact,void (__cdecl ?action_road_to@@YAXH@Z)(int vehID)
P2,8621,0x004CBAA0,?action_home@@YAHHH@Z,2239,8,6,unrecovered,,,2,exact,exact,"int (__cdecl ?action_home@@YAHHH@Z)(int vehID, int)"
P3,5821,0x004CC360,?action_airdrop@@YAHHHHH@Z,3313,3,28,unrecovered,,,2,exact,exact,"int (__cdecl ?action_airdrop@@YAHHHHH@Z)(int vehID, int xCoord, int yCoord, int factionID)"
P3,100,0x004CD060,?action_feature@@YAXXZ,34,0,1,unrecovered,,,0,missing,missing,
P3,3421,0x004CD090,?action_arty@@YAXHHH@Z,605,2,14,unrecovered,,,2,exact,exact,"void (__cdecl ?action_arty@@YAXHHH@Z)(int vehID, int xCoord, int yCoord)"
P3,2821,0x004CD2F0,?action_destruct@@YAXH@Z,481,2,8,unrecovered,,,2,exact,exact,void (__cdecl ?action_destruct@@YAXH@Z)(int vehID)
P3,3621,0x004CD4E0,?action_oblit@@YAXHH@Z,445,3,6,unrecovered,,,2,exact,exact,"void (__cdecl ?action_oblit@@YAXHH@Z)(int vehID, int baseID)"
P3,2521,0x004CD6A0,?valid_patrol@@YAHHHH@Z,899,2,5,unrecovered,,,2,exact,exact,"int (__cdecl ?valid_patrol@@YAHHHH@Z)(int vehID, int xCoord, int yCoord)"
P3,2121,0x004CDA30,?action_patrol@@YAXHHH@Z,186,2,1,unrecovered,,,2,exact,exact,"void (__cdecl ?action_patrol@@YAXHHH@Z)(int vehID, int xCoord, int yCoord)"
P3,2821,0x004CDAF0,?shoot_it@@YAHHHHHH@Z,1814,2,8,unrecovered,,,2,exact,exact,"int (__cdecl ?shoot_it@@YAHHHHHH@Z)(int factionID1, int factionID2, int xCoord, int yCoord, int)"
P3,4321,0x004CE210,?action_tectonic@@YAXHHH@Z,1169,3,13,unrecovered,,,2,exact,exact,"void (__cdecl ?action_tectonic@@YAXHHH@Z)(int vehID, int xCoord, int yCoord)"
P3,410,0x004CE6B0,sub_4ce6b0,221,0,4,unrecovered,,,1,missing,exact,
P3,4621,0x004CE790,?action_fungal@@YAXHHH@Z,1611,3,16,unrecovered,,,2,exact,exact,"void (__cdecl ?action_fungal@@YAXHHH@Z)(int vehID, int xCoord, int yCoord)"
P3,3921,0x004CEDE0,?action_give@@YAXHH@Z,1433,3,9,unrecovered,,,2,exact,exact,"void (__cdecl ?action_give@@YAXHH@Z)(int vehID, int protoID)"
P3,3521,0x004CF380,?action_gate@@YAXHH@Z,247,3,5,unrecovered,,,2,exact,exact,"void (__cdecl ?action_gate@@YAXHH@Z)(int vehID, int baseID)"
P3,3721,0x004CF480,?action_sat_attack@@YAXHHHH@Z,702,3,7,unrecovered,,,2,exact,exact,"void (__cdecl ?action_sat_attack@@YAXHHHH@Z)(int factionIDAtk, int factionIDDef, int type, int baseID)"
P3,3321,0x004CF740,?action@@YAHH@Z,116,3,3,unrecovered,,,2,exact,exact,int (__cdecl ?action@@YAHH@Z)(int vehID)
P3,5821,0x004CF7C0,?new_base@Console@@QAEXH@Z,3202,2,38,unrecovered,,,2,exact,exact,"void (__thiscall ?new_base@Console@@QAEXH@Z)(Console* this, int vehID)"
P3,2321,0x004D0450,?skip@Console@@QAEXH@Z,68,2,3,unrecovered,,,2,exact,exact,"void (__thiscall ?skip@Console@@QAEXH@Z)(Console* this, int vehID)"
P3,2121,0x004D04A0,?wait@Console@@QAEXH@Z,64,2,1,unrecovered,,,2,exact,exact,"void (__thiscall ?wait@Console@@QAEXH@Z)(Console* this, int)"
P3,2821,0x004D04E0,?unload@Console@@QAEXH@Z,470,2,8,unrecovered,,,2,exact,exact,"void (__thiscall ?unload@Console@@QAEXH@Z)(Console* this, int vehID)"
P3,7621,0x004D06C0,?upgrade@Console@@QAEHH@Z,8225,3,46,unrecovered,,,2,exact,entry_range,"int (__thiscall ?upgrade@Console@@QAEHH@Z)(Console* this, int vehID)"
P3,2821,0x004D2220,?sentry@Console@@QAEXHH@Z,667,2,8,unrecovered,,,2,exact,exact,"void (__thiscall ?sentry@Console@@QAEXHH@Z)(Console* this, int vehID, int)"
P3,2721,0x004D24C0,?hold@Console@@QAEXHH@Z,471,2,7,unrecovered,,,2,exact,exact,"void (__thiscall ?hold@Console@@QAEXHH@Z)(Console* this, int vehID, int)"
P3,2921,0x004D26A0,?give_veh@Console@@QAEXH@Z,1052,2,9,unrecovered,,,2,exact,exact,"void (__thiscall ?give_veh@Console@@QAEXH@Z)(Console* this, int vehID)"
P2,6421,0x004D2AC0,?disband@Console@@QAEXH@Z,796,5,14,unrecovered,,,2,exact,exact,"void (__thiscall ?disband@Console@@QAEXH@Z)(Console* this, int vehID)"
P3,3021,0x004D2DE0,?disband@Console@@QAEXHH@Z,275,2,10,unrecovered,,,2,exact,exact,"void (__thiscall ?disband@Console@@QAEXHH@Z)(Console* this, int xCoord, int yCoord)"
P2,7321,0x004D2F00,?activate@Console@@QAEXHHH@Z,1383,5,23,unrecovered,,,2,exact,exact,"void (__thiscall ?activate@Console@@QAEXHHH@Z)(Console* this, int xCoord, int yCoord, int)"
P3,7021,0x004D3470,?terraform@Console@@QAEXHH@Z,9136,2,50,unrecovered,,,2,exact,entry_range,"void (__thiscall ?terraform@Console@@QAEXHH@Z)(Console* this, int vehID, int terraformID)"
P3,6321,0x004D52A0,?destroy@Console@@QAEXH@Z,3307,3,33,unrecovered,,,2,exact,entry_range,"void (__thiscall ?destroy@Console@@QAEXH@Z)(Console* this, int vehID)"
P3,3321,0x004D5D30,?oblit@Console@@QAEXH@Z,564,2,13,unrecovered,,,2,exact,exact,"void (__thiscall ?oblit@Console@@QAEXH@Z)(Console* this, int vehID)"
P3,110,0x004D5F70,sub_4d5f70,118,0,1,unrecovered,,,1,missing,exact,
P3,210,0x004D5FF0,sub_4d5ff0,126,0,2,unrecovered,,,1,missing,exact,
P3,1620,0x004D6070,?goto_routine@Console@@QAAXH@Z,294,1,6,unrecovered,,,2,exact,exact,
P2,12021,0x004D61A0,?go_to@Console@@QAEXHHH@Z,7172,5,70,unrecovered,,,2,exact,entry_range,"void (__thiscall ?go_to@Console@@QAEXHHH@Z)(Console* this, int vehID, int, int)"
P3,2321,0x004D7BE0,?road_to@Console@@QAEXHH@Z,269,2,3,unrecovered,,,2,exact,exact,"void (__thiscall ?road_to@Console@@QAEXHH@Z)(Console* this, int, int)"
P3,2521,0x004D7CF0,?designate@Console@@QAEXH@Z,232,2,5,unrecovered,,,2,exact,exact,"void (__thiscall ?designate@Console@@QAEXH@Z)(Console* this, int vehID)"
P3,3821,0x004D7DE0,?go_home@Console@@QAEXH@Z,250,3,8,unrecovered,,,2,exact,exact,"void (__thiscall ?go_home@Console@@QAEXH@Z)(Console* this, int vehID)"
P3,2321,0x004D7EE0,?set_patrol@Console@@QAEXH@Z,127,2,3,unrecovered,,,2,exact,exact,"void (__thiscall ?set_patrol@Console@@QAEXH@Z)(Console* this, int vehID)"
P3,5021,0x004D7F60,?use_ability@Console@@QAEXH@Z,3493,2,30,unrecovered,,,2,exact,entry_range,"void (__thiscall ?use_ability@Console@@QAEXH@Z)(Console* this, int vehID)"
P3,3721,0x004D8A70,?automate@Console@@QAEXHH@Z,601,3,7,unrecovered,,,2,exact,exact,"void (__thiscall ?automate@Console@@QAEXHH@Z)(Console* this, int vehID, uint32_t orderAutoType)"
P3,2621,0x004D8CD0,?set_bombing_run@Console@@QAEXHHH@Z,238,2,6,unrecovered,,,2,exact,exact,"void (__thiscall ?set_bombing_run@Console@@QAEXHHH@Z)(Console* this, int vehID, int xCoord, int yCoord)"
P3,1621,0x004D8DC0,?set_road_to@Console@@QAEXHHHH@Z,375,1,6,unrecovered,,,2,exact,exact,"void (__thiscall ?set_road_to@Console@@QAEXHHHH@Z)(Console* this, int vehID, int xCoord, int yCoord, int)"
P3,2421,0x004D8F40,?explore@Console@@QAEXH@Z,96,2,4,unrecovered,,,2,exact,exact,"void (__thiscall ?explore@Console@@QAEXH@Z)(Console* this, int vehID)"
P3,3321,0x004D8FA0,?convoy@Console@@QAEXH@Z,461,2,13,unrecovered,,,2,exact,exact,"void (__thiscall ?convoy@Console@@QAEXH@Z)(Console* this, int vehID)"
P3,2621,0x004D9170,?arty@Console@@QAEXH@Z,349,2,6,unrecovered,,,2,exact,exact,"void (__thiscall ?arty@Console@@QAEXH@Z)(Console* this, int vehID)"
P3,3421,0x004D92D0,?group@Console@@QAEXH@Z,791,3,4,unrecovered,,,2,exact,exact,"void (__thiscall ?group@Console@@QAEXH@Z)(Console* this, int)"
P3,2721,0x004D95F0,?assemble@Console@@QAEXXZ,896,2,7,unrecovered,,,2,exact,exact,void (__thiscall ?assemble@Console@@QAEXXZ)(Console* this)
P3,3021,0x004D9970,?editor_on@Console@@QAEXXZ,341,2,10,unrecovered,,,2,exact,exact,void (__thiscall ?editor_on@Console@@QAEXXZ)(Console* this)
P3,5721,0x004D9AD0,?editor_who@Console@@QAEHHH@Z,950,4,17,unrecovered,,,2,exact,entry_range,"int (__thiscall ?editor_who@Console@@QAEHHH@Z)(Console* this, int, int)"
P3,3021,0x004D9DE0,?on_button_clicked@DipEdit@@QAEXH@Z,2689,0,30,unrecovered,,,2,exact,entry_range,"void (__thiscall ?on_button_clicked@DipEdit@@QAEXH@Z)(DipEdit* this, int)"
P3,221,0x004DA740,?on_selected@DipEdit@@QAEXH@Z,32,0,2,unrecovered,,,2,exact,exact,"void (__thiscall ?on_selected@DipEdit@@QAEXH@Z)(DipEdit* this, int)"
P3,311,0x004DA760,?UNK1@DipEdit@@QAEXH@Z,128,0,3,unrecovered,,,1,missing,exact,"void (__thiscall ?UNK1@DipEdit@@QAEXH@Z)(DipEdit* this, int)"
P3,1321,0x004DA7E0,?UNK2@DipEdit@@QAEXH@Z,135,1,3,unrecovered,,,2,exact,exact,"void (__thiscall ?UNK2@DipEdit@@QAEXH@Z)(DipEdit* this, int)"
P3,1221,0x004DA870,?UNK3@DipEdit@@QAEXH@Z,132,1,2,unrecovered,,,2,exact,exact,"void (__thiscall ?UNK3@DipEdit@@QAEXH@Z)(DipEdit* this, int)"
P3,1221,0x004DA900,?UNK4@DipEdit@@QAEXH@Z,139,1,2,unrecovered,,,2,exact,exact,"void (__thiscall ?UNK4@DipEdit@@QAEXH@Z)(DipEdit* this, int)"
P3,2821,0x004DA990,?read_check@DipEdit@@QAEXXZ,1035,2,8,unrecovered,,,2,exact,exact,void (__thiscall ?read_check@DipEdit@@QAEXXZ)(DipEdit* this)
P3,3121,0x004DADA0,?do_check@DipEdit@@QAEXXZ,721,3,1,unrecovered,,,2,exact,exact,void (__thiscall ?do_check@DipEdit@@QAEXXZ)(DipEdit* this)
P3,3321,0x004DB080,?init@DipEdit@@QAEXH@Z,2024,1,23,unrecovered,,,2,exact,exact,"void (__thiscall ?init@DipEdit@@QAEXH@Z)(DipEdit* this, int)"
P3,4221,0x004DB870,?editor_diplomacy@Console@@QAEXXZ,966,2,22,unrecovered,,,2,exact,entry_range,void (__thiscall ?editor_diplomacy@Console@@QAEXXZ)(Console* this)
P3,2321,0x004DBB40,?editor_reset_faction@Console@@QAEXXZ,242,2,3,unrecovered,,,2,exact,exact,void (__thiscall ?editor_reset_faction@Console@@QAEXXZ)(Console* this)
P3,2321,0x004DBC40,?editor_reset_tech@Console@@QAEXXZ,216,2,3,unrecovered,,,2,exact,exact,void (__thiscall ?editor_reset_tech@Console@@QAEXXZ)(Console* this)
P3,2421,0x004DBD20,?editor_personality@Console@@QAEXXZ,648,2,4,unrecovered,,,2,exact,exact,void (__thiscall ?editor_personality@Console@@QAEXXZ)(Console* this)
P3,2421,0x004DBFB0,?editor_strategy@Console@@QAEXXZ,629,2,4,unrecovered,,,2,exact,exact,void (__thiscall ?editor_strategy@Console@@QAEXXZ)(Console* this)
P3,2421,0x004DC230,?editor_rules@Console@@QAEXXZ,741,2,4,unrecovered,,,2,exact,exact,void (__thiscall ?editor_rules@Console@@QAEXXZ)(Console* this)
P3,3221,0x004DC520,?editor_scen_rules@Console@@QAEXXZ,927,2,12,unrecovered,,,2,exact,entry_range,void (__thiscall ?editor_scen_rules@Console@@QAEXXZ)(Console* this)
P3,4221,0x004DC860,?editor_scen_victory@Console@@QAEXXZ,1324,2,22,unrecovered,,,2,exact,entry_range,void (__thiscall ?editor_scen_victory@Console@@QAEXXZ)(Console* this)
P3,4221,0x004DCCC0,?editor_scen_param@Console@@QAEXXZ,1517,2,22,unrecovered,,,2,exact,entry_range,void (__thiscall ?editor_scen_param@Console@@QAEXXZ)(Console* this)
P3,4021,0x004DD1B0,?custom_my_faction@Console@@QAEXXZ,1527,2,20,unrecovered,,,2,exact,entry_range,void (__thiscall ?custom_my_faction@Console@@QAEXXZ)(Console* this)
P3,4121,0x004DD6F0,?editor_diff@Console@@QAEXXZ,1130,2,21,unrecovered,,,2,exact,entry_range,void (__thiscall ?editor_diff@Console@@QAEXXZ)(Console* this)
P2,8521,0x004DDA50,?editor_edit_veh@Console@@QAEXH@Z,4512,5,35,unrecovered,,,2,exact,entry_range,"void (__thiscall ?editor_edit_veh@Console@@QAEXH@Z)(Console* this, int)"
P3,2521,0x004DE960,?editor_kill_veh@Console@@QAEXH@Z,1204,1,15,unrecovered,,,2,exact,entry_range,"void (__thiscall ?editor_kill_veh@Console@@QAEXH@Z)(Console* this, int vehID)"
P3,5321,0x004DED00,?editor_veh@Console@@QAEXXZ,2344,2,33,unrecovered,,,2,exact,entry_range,void (__thiscall ?editor_veh@Console@@QAEXXZ)(Console* this)
P3,4721,0x004DF4F0,?editor_view@Console@@QAEXXZ,1822,2,27,unrecovered,,,2,exact,entry_range,void (__thiscall ?editor_view@Console@@QAEXXZ)(Console* this)
P3,5321,0x004DFAD0,?editor_tech@Console@@QAEXXZ,1618,2,33,unrecovered,,,2,exact,entry_range,void (__thiscall ?editor_tech@Console@@QAEXXZ)(Console* this)
P3,2721,0x004E0120,?editor_energy@Console@@QAEXXZ,238,2,7,unrecovered,,,2,exact,exact,void (__thiscall ?editor_energy@Console@@QAEXXZ)(Console* this)
P3,2521,0x004E0210,?editor_date@Console@@QAEXXZ,114,2,5,unrecovered,,,2,exact,exact,void (__thiscall ?editor_date@Console@@QAEXXZ)(Console* this)
P3,3621,0x004E0290,?editor_reload@Console@@QAEXXZ,1068,2,16,unrecovered,,,2,exact,entry_range,void (__thiscall ?editor_reload@Console@@QAEXXZ)(Console* this)
P3,4321,0x004E05E0,?editor_eliminate@Console@@QAEXXZ,1221,2,23,unrecovered,,,2,exact,entry_range,void (__thiscall ?editor_eliminate@Console@@QAEXXZ)(Console* this)
P3,2321,0x004E09B0,?editor_kill_vehicles@Console@@QAEXXZ,41,2,3,unrecovered,,,2,exact,exact,void (__thiscall ?editor_kill_vehicles@Console@@QAEXXZ)(Console* this)
P3,2121,0x004E09E0,?editor_save@Console@@QAEXXZ,25,2,1,unrecovered,,,2,exact,exact,void (__thiscall ?editor_save@Console@@QAEXXZ)(Console* this)
P3,2221,0x004E0A00,?editor_load@Console@@QAEXXZ,80,2,2,unrecovered,,,2,exact,exact,void (__thiscall ?editor_load@Console@@QAEXXZ)(Console* this)
P2,5321,0x004E0A50,?editor_paints@Console@@QAEXH@Z,127,5,3,unrecovered,,,2,exact,exact,"void (__thiscall ?editor_paints@Console@@QAEXH@Z)(Console* this, int)"
P3,1221,0x004E0AD0,?editor_minor@Console@@QAEXXZ,37,1,2,unrecovered,,,2,exact,exact,void (__thiscall ?editor_minor@Console@@QAEXXZ)(Console* this)
P3,4321,0x004E0B00,?editor_terrain@Console@@QAEXXZ,1147,2,23,unrecovered,,,2,exact,entry_range,void (__thiscall ?editor_terrain@Console@@QAEXXZ)(Console* this)
P3,2421,0x004E0EA0,?editor_set_brush@Console@@QAEXXZ,130,2,4,unrecovered,,,2,exact,exact,void (__thiscall ?editor_set_brush@Console@@QAEXXZ)(Console* this)
P3,1421,0x004E0F30,?editor_flat@Console@@QAEXXZ,77,1,4,unrecovered,,,2,exact,exact,void (__thiscall ?editor_flat@Console@@QAEXXZ)(Console* this)
P3,1421,0x004E0F80,?editor_polar@Console@@QAEXXZ,24,1,4,unrecovered,,,2,exact,exact,void (__thiscall ?editor_polar@Console@@QAEXXZ)(Console* this)
P3,2421,0x004E0FA0,?editor_climate@Console@@QAEXXZ,35,2,4,unrecovered,,,2,exact,exact,void (__thiscall ?editor_climate@Console@@QAEXXZ)(Console* this)
P3,2421,0x004E0FD0,?editor_generate@Console@@QAEXXZ,236,2,4,unrecovered,,,2,exact,exact,void (__thiscall ?editor_generate@Console@@QAEXXZ)(Console* this)
P3,2321,0x004E10C0,?editor_fast@Console@@QAEXXZ,205,2,3,unrecovered,,,2,exact,exact,void (__thiscall ?editor_fast@Console@@QAEXXZ)(Console* this)
P3,1321,0x004E1190,?editor_randomize@Console@@QAEXXZ,103,1,3,unrecovered,,,2,exact,exact,void (__thiscall ?editor_randomize@Console@@QAEXXZ)(Console* this)
P3,1321,0x004E1200,?editor_clear_random@Console@@QAEXXZ,139,1,3,unrecovered,,,2,exact,exact,void (__thiscall ?editor_clear_random@Console@@QAEXXZ)(Console* this)
P3,1721,0x004E1290,?editor_clear@Console@@QAEXXZ,107,1,7,unrecovered,,,2,exact,exact,void (__thiscall ?editor_clear@Console@@QAEXXZ)(Console* this)
P3,1321,0x004E1300,?editor_clear_vehicles@Console@@QAEXXZ,127,1,3,unrecovered,,,2,exact,exact,void (__thiscall ?editor_clear_vehicles@Console@@QAEXXZ)(Console* this)
P3,1221,0x004E1380,?editor_clear_terrain@Console@@QAEXXZ,82,1,2,unrecovered,,,2,exact,exact,void (__thiscall ?editor_clear_terrain@Console@@QAEXXZ)(Console* this)
P3,1421,0x004E13E0,?editor_fungus@Console@@QAEXXZ,187,1,4,unrecovered,,,2,exact,exact,void (__thiscall ?editor_fungus@Console@@QAEXXZ)(Console* this)
P3,1421,0x004E14A0,?editor_rockiness@Console@@QAEXXZ,40,1,4,unrecovered,,,2,exact,exact,void (__thiscall ?editor_rockiness@Console@@QAEXXZ)(Console* this)
P3,5621,0x004E14D0,?editor_natural@Console@@QAEXH@Z,2977,1,46,unrecovered,,,2,exact,entry_range,"void (__thiscall ?editor_natural@Console@@QAEXH@Z)(Console* this, int)"
P3,1121,0x004E1F30,?editor_redo@Console@@QAEXXZ,9,1,1,unrecovered,,,2,exact,exact,void (__thiscall ?editor_redo@Console@@QAEXXZ)(Console* this)
P3,2321,0x004E1F70,?editor_lock2@Console@@QAEXXZ,134,2,3,unrecovered,,,2,exact,exact,void (__thiscall ?editor_lock2@Console@@QAEXXZ)(Console* this)
P3,3221,0x004E2000,?corner_the_market@Console@@QAEXXZ,565,2,12,unrecovered,,,2,exact,exact,void (__thiscall ?corner_the_market@Console@@QAEXXZ)(Console* this)
P0,1002721,0x004E2240,??1DipEdit@@QAE@XZ,534,2,7,original_dependency,ui_dependency,recover_owning_class,2,exact,entry_range,void (__thiscall ??1DipEdit@@QAE@XZ)(DipEdit* this)
P3,10,0x004E2400,sub_4e2400,68,0,0,unrecovered,,,1,exact,missing,
P3,10,0x004E2450,sub_4e2450,13,0,0,unrecovered,,,1,exact,missing,
P3,10,0x004E2460,sub_4e2460,47,0,0,unrecovered,,,1,exact,missing,
P3,1221,0x004E2490,??0AlphaNet@@QAE@XZ,309,1,2,unrecovered,,,2,exact,entry_range,void (__thiscall ??0AlphaNet@@QAE@XZ)(AlphaNet* this)
P3,2221,0x004E26E0,?pick_service@AlphaNet@@QAEHPAH@Z,846,1,12,unrecovered,,,2,exact,entry_range,"int (__thiscall ?pick_service@AlphaNet@@QAEHPAH@Z)(AlphaNet* this, int*)"
P3,301,0x004E29E0,?do_join_or_create@AlphaNet@@QAEHXZ,79,0,3,unrecovered,,,0,missing,missing,int (__thiscall ?do_join_or_create@AlphaNet@@QAEHXZ)(AlphaNet* this)
P3,3621,0x004E2A30,?create@AlphaNet@@QAEHXZ,1320,2,16,unrecovered,,,2,exact,entry_range,int (__thiscall ?create@AlphaNet@@QAEHXZ)(AlphaNet* this)
P3,4121,0x004E2E50,?join@AlphaNet@@QAEHXZ,1025,2,21,unrecovered,,,2,exact,entry_range,int (__thiscall ?join@AlphaNet@@QAEHXZ)(AlphaNet* this)
P3,1621,0x004E31E0,?setup@AlphaNet@@QAEHH@Z,218,1,6,unrecovered,,,2,exact,exact,"int (__thiscall ?setup@AlphaNet@@QAEHH@Z)(AlphaNet* this, int)"
P3,220,0x004E3300,sub_4e3300,75,0,2,unrecovered,,,2,exact,exact,
P3,3020,0x004E3350,sub_4e3350,365,3,0,unrecovered,,,2,exact,entry_range,
P3,1120,0x004E34B0,sub_4e34b0,27,1,1,unrecovered,,,2,exact,exact,
P3,621,0x004E34D0,??1Net@@QAE@XZ,525,0,6,unrecovered,,,2,exact,entry_range,void (__thiscall ??1Net@@QAE@XZ)(Net* this)
P3,20,0x004E3660,sub_4e3660,172,0,0,unrecovered,,,2,exact,exact,
P3,3020,0x004E3730,sub_4e3730,365,3,0,unrecovered,,,2,exact,entry_range,
P3,220,0x004E3890,sub_4e3890,75,0,2,unrecovered,,,2,exact,exact,
P3,120,0x004E3900,sub_4e3900,207,0,1,unrecovered,,,2,exact,exact,
P3,4621,0x004E4B80,?base_init@@YAHHHH@Z,1744,3,16,unrecovered,,,2,exact,exact,"int (__cdecl ?base_init@@YAHHHH@Z)(int factionID, int xCoord, int yCoord)"
P2,15521,0x004E5250,?base_kill@@YAXH@Z,2056,14,15,unrecovered,,,2,exact,exact,void (__cdecl ?base_kill@@YAXH@Z)(int baseID)
P3,1821,0x004E5A60,?base_change@@YAXHH@Z,1404,1,8,unrecovered,,,2,exact,exact,"void (__cdecl ?base_change@@YAXHH@Z)(int baseID, int)"
P2,12621,0x004E5FE0,?base_reset@@YAXHH@Z,795,12,6,unrecovered,,,2,exact,exact,"void (__cdecl ?base_reset@@YAXHH@Z)(int baseID, int)"
P3,4120,0x004E6300,?bases_reset@@YAXHHH@Z,252,4,1,unrecovered,,,2,exact,exact,
P3,1720,0x004E68B0,?farm_compute@@YAXXZ,1438,1,7,unrecovered,,,2,exact,exact,
P2,10321,0x004E6E50,?crop_yield@@YAHHHHHH@Z,1206,10,3,unrecovered,,,2,exact,exact,"int (__cdecl ?crop_yield@@YAHHHHHH@Z)(int factionID, int, int, int, int)"
P2,6321,0x004E7310,?mine_yield@@YAHHHHHH@Z,1080,6,3,unrecovered,,,2,exact,exact,"int (__cdecl ?mine_yield@@YAHHHHHH@Z)(int factionID, int, int, int, int)"
P2,8321,0x004E7750,?energy_yield@@YAHHHHHH@Z,1619,8,3,unrecovered,,,2,exact,exact,"int (__cdecl ?energy_yield@@YAHHHHHH@Z)(int factionID, int, int, int, int)"
P3,10,0x004E7DB0,sub_4e7db0,13,0,0,unrecovered,,,1,exact,missing,
P2,7321,0x004E7DC0,?resource_yield@@YAHHHHHH@Z,116,7,3,unrecovered,,,2,exact,exact,"int (__cdecl ?resource_yield@@YAHHHHHH@Z)(int type, int factionID, int baseID, int xCoord, int yCoord)"
P3,310,0x004E7E50,sub_4e7e50,276,0,3,unrecovered,,,1,missing,exact,
P3,310,0x004E7F80,sub_4e7f80,276,0,3,unrecovered,,,1,missing,exact,
P2,7920,0x004E80B0,?base_yield@@YAXXZ,5275,7,9,unrecovered,,,2,exact,exact,
P2,7620,0x004E9550,?base_support@@YAXXZ,1530,7,6,unrecovered,,,2,exact,exact,
P2,7620,0x004EB560,?base_energy@@YAXXZ,3654,7,6,unrecovered,,,2,exact,exact,
P1,43520,0x004EC3B0,?base_compute@@YAHH@Z,55,43,5,unrecovered,,,2,exact,exact,
P3,1820,0x004EC3F0,?base_connect@@YAHH@Z,1940,1,8,unrecovered,,,2,exact,exact,
P3,3520,0x004ECBF0,?base_terraform@@YAXH@Z,9073,2,15,unrecovered,,,2,exact,exact,
P3,2620,0x004EF1C0,?base_growth@@YAHXZ,2446,1,16,unrecovered,,,2,exact,exact,
P3,2421,0x004EFB50,?do_upgrade@@YAXHHH@Z,506,2,4,unrecovered,,,2,exact,exact,"void (__cdecl ?do_upgrade@@YAXHHH@Z)(int factionID, int protoID1, int protoID2)"
P3,3021,0x004EFD50,?upgrade_cost@@YAHHHH@Z,303,3,0,unrecovered,,,2,exact,exact,"int (__cdecl ?upgrade_cost@@YAHHHH@Z)(int factionID, int protoIDInit, int protoIDUpg)"
P3,4121,0x004EFE80,?upgrade_prototype@@YAHHHHH@Z,1499,3,11,unrecovered,,,2,exact,exact,"int (__cdecl ?upgrade_prototype@@YAHHHHH@Z)(int factionID, int protoID1, int protoID2, int)"
P3,4221,0x004F0460,?upgrade_prototypes@@YAXHH@Z,485,4,2,unrecovered,,,2,exact,exact,"void (__cdecl ?upgrade_prototypes@@YAXHH@Z)(int factionID, int protoID)"
P3,1121,0x004F0650,?upgrade_any_prototypes@@YAXH@Z,131,1,1,unrecovered,,,2,exact,exact,void (__cdecl ?upgrade_any_prototypes@@YAXH@Z)(int factionID)
P3,10020,0x004F07E0,?base_production@@YAXXZ,16430,1,90,unrecovered,,,2,exact,entry_range,
P3,2020,0x004F3FE0,?base_hurry@@YAXXZ,2118,1,10,unrecovered,,,2,exact,exact,
P3,1720,0x004F4830,?base_check_support@@YAXXZ,1419,1,7,unrecovered,,,2,exact,exact,
P3,1220,0x004F4E80,?base_research@@YAXXZ,299,1,2,unrecovered,,,2,exact,exact,
P3,2510,0x004F4FB0,?drone_riot@@YAXXZ,3366,0,25,unrecovered,,,1,exact,missing,
P3,1320,0x004F5CE0,?base_drones@@YAXXZ,581,1,3,unrecovered,,,2,exact,entry_range,
P3,4920,0x004F5F30,?base_doctors@@YAXXZ,1500,4,9,unrecovered,,,2,exact,exact,
P3,3220,0x004F67F0,?base_ecology@@YAXXZ,4547,1,22,unrecovered,,,2,exact,exact,
P3,3721,0x004F79C0,?base_upkeep@@YAHH@Z,1562,1,27,unrecovered,,,2,exact,exact,int (__cdecl ?base_upkeep@@YAHH@Z)(int baseID)
P3,1020,0x004F8110,?base_claimed@@YAHHHHHHH@Z,133,1,0,unrecovered,,,2,exact,exact,
P3,6921,0x004F81A0,?base_build@@YAHHPAH00@Z,32280,1,59,unrecovered,,,2,exact,exact,"int (__cdecl ?base_build@@YAHHPAH00@Z)(int baseID, int*, int*, int*)"
P3,4020,0x00500120,?clear@@YAXXZ,8,4,0,unrecovered,,,2,exact,exact,
P3,4120,0x00500130,?says@@YAXPBD@Z,22,4,1,unrecovered,,,2,exact,exact,
P3,310,0x00500380,sub_500380,362,0,3,unrecovered,,,1,missing,exact,
P3,1821,0x00500560,?shoot@@YAHHHHH@Z,1521,1,8,unrecovered,,,2,exact,exact,"int (__cdecl ?shoot@@YAHHHHH@Z)(int atk_factionID, int def_factionID, int xDest, int yDest)"
P3,3121,0x00500B60,?planet_busting@@YAHHHH@Z,1371,1,21,unrecovered,,,2,exact,exact,"int (__cdecl ?planet_busting@@YAHHHH@Z)(int vehID, int xCoord, int yCoord)"
P2,9021,0x00504AA0,?boom@@YAHHHH@Z,4731,7,20,unrecovered,,,2,exact,exact,"int (__cdecl ?boom@@YAHHHH@Z)(int xCoord, int yCoord, int)"
P3,110,0x00505D40,??__Eg_BOOM_BUFFERS1@@YAXXZ,23,0,1,unrecovered,,,1,exact,missing,
P3,110,0x00505D60,??__Eg_BOOM_BUFFERS2@@YAXXZ,23,0,1,unrecovered,,,1,exact,missing,
P3,3921,0x00505D80,?battle_kill@@YAHHPAHPAHPAHHH@Z,938,3,9,unrecovered,,,2,exact,exact,"int (__cdecl ?battle_kill@@YAHHPAHPAHPAHHH@Z)(int vehID1, int*, int*, int*, int vehID2, int)"
P3,1121,0x00506130,?battle_kill_stack@@YAXHPAHPAHPAHHH@Z,126,1,1,unrecovered,,,2,exact,exact,"void (__cdecl ?battle_kill_stack@@YAXHPAHPAHPAHHH@Z)(int vehID1, int*, int*, int*, int vehID2, int)"
P3,111,0x005061B0,?battle_kill_chaff@@YAXHPAHPAHPAHHH@Z,242,0,1,unrecovered,,,1,missing,exact,"void (__cdecl ?battle_kill_chaff@@YAXHPAHPAHPAHHH@Z)(int vehID1, int*, int*, int*, int vehID2, int)"
P3,1521,0x005062B0,?promote@@YAXH@Z,475,1,5,unrecovered,,,2,exact,exact,void (__cdecl ?promote@@YAXH@Z)(int vehID)
P3,2121,0x00506650,?interceptor@@YAHHHHH@Z,1027,1,11,unrecovered,,,2,exact,exact,"int (__cdecl ?interceptor@@YAHHHHH@Z)(int factionID1, int factionID2, int xCoord, int yCoord)"
P2,6121,0x00506A60,?battle_fight@@YAHHHHHPAH@Z,139,6,1,unrecovered,,,2,exact,exact,"int (__cdecl ?battle_fight@@YAHHHHHPAH@Z)(int vehID, int, int, int, int*)"
P3,12221,0x00506AF0,?battle_fight@@YAHHHHHHHPAH@Z,19875,2,102,unrecovered,,,2,exact,exact,"int (__cdecl ?battle_fight@@YAHHHHHHHPAH@Z)(int vehID, int, int xCoord, int yCoord, int, int, int*)"
P3,3220,0x0050B8A0,?say_num@@YAXH@Z,42,3,2,unrecovered,,,2,exact,exact,
P3,1120,0x0050B8D0,?POP3@@YAXPBDHHH@Z,31,1,1,unrecovered,,,2,exact,exact,
P3,2020,0x0050B8F0,sub_50b8f0,26,2,0,unrecovered,,,2,exact,exact,
P3,2120,0x0050B970,?popp@@YAHPBDPBDP6AHXZ@Z,33,2,1,unrecovered,,,2,exact,exact,
P3,1120,0x0050B9C0,sub_50b9c0,30,1,1,unrecovered,,,2,exact,exact,
P3,2120,0x0050B9E0,?pop@NetMsg@@QAAXPBDPBD@Z,30,2,1,unrecovered,,,2,exact,exact,
P3,1420,0x0050BA50,?intervention@@YAXHH@Z,614,1,4,unrecovered,,,2,exact,exact,
P2,15920,0x0050BCC0,?double_cross@@YAXHHH@Z,1559,15,9,unrecovered,,,2,exact,exact,
P3,4220,0x0050C2E0,?act_of_aggression@@YAHHH@Z,82,4,2,unrecovered,,,2,exact,exact,
P3,2721,0x0050C340,?steal_tech@@YAHHHH@Z,367,2,7,unrecovered,,,2,exact,exact,"int (__cdecl ?steal_tech@@YAHHHH@Z)(int factionID1, int factionID2, int)"
P3,8021,0x0050C510,?capture_base@@YAXHHH@Z,6271,3,50,unrecovered,,,2,exact,exact,"void (__cdecl ?capture_base@@YAXHHH@Z)(int baseID, int factionID, int)"
P2,7220,0x0050DD90,?clock_wait@@YAXH@Z,42,7,2,unrecovered,,,2,exact,exact,
P3,210,0x0050E890,?auto_play_callback@@YAXH@Z,238,0,2,unrecovered,,,1,exact,missing,
P3,210,0x0050E9B0,sub_50e9b0,62,0,2,unrecovered,,,1,exact,missing,
P3,110,0x0050E9F0,sub_50e9f0,50,0,1,unrecovered,,,1,exact,missing,
P0,1000820,0x0050EA40,?blink_timer@@YAXH@Z,997,0,8,original_dependency,timer_callback,recover_timer_callback,2,exact,exact,
P0,1000110,0x0050EE30,?blink2_timer@@YAXH@Z,77,0,1,original_dependency,timer_callback,recover_timer_callback,1,exact,missing,
P0,1000300,0x0050EE80,?line_timer@@YAXH@Z,129,0,3,original_dependency,timer_callback,recover_timer_callback,0,missing,missing,
P0,1000210,0x0050EF10,?turn_timer@@YAXH@Z,50,0,2,original_dependency,timer_callback,recover_timer_callback,1,exact,missing,
P2,7420,0x0050EF50,?go_reset@@YAXXZ,534,7,4,unrecovered,,,2,exact,exact,
P3,1820,0x0050F170,?go_timer@@YAXH@Z,596,1,8,unrecovered,,,2,exact,exact,
P0,1001721,0x0050F460,??0Console@@QAE@H@Z,616,1,7,original_dependency,ui_dependency,recover_owning_class,2,exact,entry_range,"void (__thiscall ??0Console@@QAE@H@Z)(Console* this, int)"
P3,100,0x0050F630,sub_50f630,16,0,1,unrecovered,,,0,missing,missing,
P3,10,0x0050F640,nullsub_185,16,0,0,unrecovered,,,1,start_only,missing,
P0,1000121,0x0050F680,?on_nc_hittest@Console@@QAEXHH@Z,721,0,1,original_dependency,ui_dependency,recover_console_on_nc_hittest,2,exact,exact,"void (__thiscall ?on_nc_hittest@Console@@QAEXHH@Z)(Console* this, int, int)"
P0,1000121,0x0050F960,?on_post_redraw_nc_buffer@Console@@QAEXPAUBuffer@@H@Z,424,0,1,original_dependency,ui_dependency,recover_console_on_post_redraw_nc_buffer,2,exact,exact,"void (__thiscall ?on_post_redraw_nc_buffer@Console@@QAEXPAUBuffer@@H@Z)(Console* this, Buffer*, int)"
P0,1000321,0x0050FB10,?on_nc_left_down@Console@@QAEXHH@Z,857,0,3,original_dependency,ui_dependency,recover_console_on_nc_left_down,2,exact,exact,"void (__thiscall ?on_nc_left_down@Console@@QAEXHH@Z)(Console* this, int, int)"
P0,1000221,0x0050FE70,?on_nc_left_up@Console@@QAEXHH@Z,666,0,2,original_dependency,ui_dependency,recover_console_on_nc_left_up,2,exact,exact,"void (__thiscall ?on_nc_left_up@Console@@QAEXHH@Z)(Console* this, int, int)"
P0,1000421,0x00510110,?on_nc_mouse_move@Console@@QAEXHH@Z,751,0,4,original_dependency,ui_dependency,recover_console_on_nc_mouse_move,2,exact,exact,"void (__thiscall ?on_nc_mouse_move@Console@@QAEXHH@Z)(Console* this, int, int)"
P3,211,0x00510400,?cursor_on@Console@@QAEXH@Z,144,0,2,unrecovered,,,1,missing,start_only,"void (__thiscall ?cursor_on@Console@@QAEXH@Z)(Console* this, int)"
P2,5221,0x00510490,?cursor_on@Console@@QAEXHH@Z,141,5,2,unrecovered,,,2,exact,exact,"void (__thiscall ?cursor_on@Console@@QAEXHH@Z)(Console* this, int, int)"
P3,1321,0x00510520,?cursor_off@Console@@QAEXXZ,158,1,3,unrecovered,,,2,exact,exact,void (__thiscall ?cursor_off@Console@@QAEXXZ)(Console* this)
P3,1421,0x005105C0,?selecting@Console@@QAEHHH@Z,533,1,4,unrecovered,,,2,exact,exact,"int (__thiscall ?selecting@Console@@QAEHHH@Z)(Console* this, int xCoord, int yCoord)"
P3,1321,0x005107E0,?selected@Console@@QAEXXZ,185,1,3,unrecovered,,,2,exact,exact,void (__thiscall ?selected@Console@@QAEXXZ)(Console* this)
P0,1011221,0x005109B0,?cursor_next@Console@@QAEXHH@Z,169,11,2,original_dependency,ui_dependency,recover_owning_class,2,exact,exact,"void (__thiscall ?cursor_next@Console@@QAEXHH@Z)(Console* this, int, int)"
P3,1011,0x00510A60,?prev_cursor@Console@@QAEXXZ,272,0,10,unrecovered,,,1,missing,start_only,void (__thiscall ?prev_cursor@Console@@QAEXXZ)(Console* this)
P3,3021,0x00510B70,?next_cursor@Console@@QAEXXZ,281,2,10,unrecovered,,,2,exact,exact,void (__thiscall ?next_cursor@Console@@QAEXXZ)(Console* this)
P3,310,0x00510C90,sub_510c90,80,0,3,unrecovered,,,1,missing,start_only,
P3,4221,0x00510CE0,?ready_search@Console@@QAEHH@Z,616,4,2,unrecovered,,,2,exact,exact,"int (__thiscall ?ready_search@Console@@QAEHH@Z)(Console* this, int)"
P3,4521,0x00510F50,?ready@Console@@QAEXXZ,1313,3,15,unrecovered,,,2,exact,exact,void (__thiscall ?ready@Console@@QAEXXZ)(Console* this)
P2,8721,0x00511480,?set_view@Console@@QAEXH@Z,152,8,7,unrecovered,,,2,exact,exact,"void (__thiscall ?set_view@Console@@QAEXH@Z)(Console* this, int)"
P2,16621,0x00511520,?set_move@Console@@QAEXH@Z,733,15,16,unrecovered,,,2,exact,exact,"void (__thiscall ?set_move@Console@@QAEXH@Z)(Console* this, int)"
P3,1621,0x00511800,?turn_hints@Console@@QAEXXZ,936,1,6,unrecovered,,,2,exact,exact,void (__thiscall ?turn_hints@Console@@QAEXXZ)(Console* this)
P3,3121,0x00511BB0,?give_hints@Console@@QAEXXZ,8149,1,21,unrecovered,,,2,exact,exact,void (__thiscall ?give_hints@Console@@QAEXXZ)(Console* this)
P3,3121,0x00513B90,?veh_turn@Console@@QAEHXZ,1065,1,21,unrecovered,,,2,exact,exact,int (__thiscall ?veh_turn@Console@@QAEHXZ)(Console* this)
P3,321,0x00513FC0,?end_of_turn@Console@@QAEXXZ,144,0,3,unrecovered,,,2,start_only,start_only,void (__thiscall ?end_of_turn@Console@@QAEXXZ)(Console* this)
P3,5221,0x00514050,?human_turn@Console@@QAEXXZ,1930,2,32,unrecovered,,,2,exact,exact,void (__thiscall ?human_turn@Console@@QAEXXZ)(Console* this)
P2,6421,0x005147E0,?set_cursor@Console@@QAEXHH@Z,157,6,4,unrecovered,,,2,exact,exact,"void (__thiscall ?set_cursor@Console@@QAEXHH@Z)(Console* this, int xCoord, int yCoord)"
P3,511,0x005148B0,?move_cursor@Console@@QAEXH@Z,224,0,5,unrecovered,,,1,missing,start_only,"void (__thiscall ?move_cursor@Console@@QAEXH@Z)(Console* this, int)"
P3,801,0x00514990,?quit_game@Console@@QAEXXZ,412,0,8,unrecovered,,,0,missing,missing,void (__thiscall ?quit_game@Console@@QAEXXZ)(Console* this)
P3,3321,0x00514B30,?retire_game@Console@@QAEXXZ,507,2,13,unrecovered,,,2,exact,exact,void (__thiscall ?retire_game@Console@@QAEXXZ)(Console* this)
P3,801,0x00514D30,?new_game@Console@@QAEXXZ,434,0,8,unrecovered,,,0,missing,missing,void (__thiscall ?new_game@Console@@QAEXXZ)(Console* this)
P3,3221,0x00514F50,?set_ai@Console@@QAEXH@Z,191,3,2,unrecovered,,,2,exact,exact,"void (__thiscall ?set_ai@Console@@QAEXH@Z)(Console* this, int factionID)"
P3,3521,0x00515010,?set_tech@Console@@QAEXH@Z,178,3,5,unrecovered,,,2,exact,exact,"void (__thiscall ?set_tech@Console@@QAEXH@Z)(Console* this, int factionID)"
P3,3621,0x005150D0,?zoom@Console@@QAEXHH@Z,783,3,6,unrecovered,,,2,exact,exact,"void (__thiscall ?zoom@Console@@QAEXHH@Z)(Console* this, int, int)"
P2,5121,0x00515400,?center@Console@@QAEXXZ,35,5,1,unrecovered,,,2,exact,exact,void (__thiscall ?center@Console@@QAEXXZ)(Console* this)
P3,100,0x00515430,sub_515430,19,0,1,unrecovered,,,0,missing,missing,
P3,2121,0x00515450,?survey@Console@@QAEXXZ,219,2,1,unrecovered,,,2,exact,exact,void (__thiscall ?survey@Console@@QAEXXZ)(Console* this)
P3,301,0x00515530,?survey2@Console@@QAEXXZ,197,0,3,unrecovered,,,0,missing,missing,void (__thiscall ?survey2@Console@@QAEXXZ)(Console* this)
P3,201,0x00515600,?base_names@Console@@QAEXXZ,56,0,2,unrecovered,,,0,missing,missing,void (__thiscall ?base_names@Console@@QAEXXZ)(Console* this)
P3,401,0x00515640,?toggle_flatten@Console@@QAEXXZ,81,0,4,unrecovered,,,0,missing,missing,void (__thiscall ?toggle_flatten@Console@@QAEXXZ)(Console* this)
P3,401,0x005156A0,?toggle_grid@Console@@QAEXXZ,79,0,4,unrecovered,,,0,missing,missing,void (__thiscall ?toggle_grid@Console@@QAEXXZ)(Console* this)
P3,401,0x005156F0,?toggle_base_grid@Console@@QAEXXZ,79,0,4,unrecovered,,,0,missing,missing,void (__thiscall ?toggle_base_grid@Console@@QAEXXZ)(Console* this)
P3,101,0x00515740,?toggle_dest@Console@@QAEXXZ,24,0,1,unrecovered,,,0,missing,missing,void (__thiscall ?toggle_dest@Console@@QAEXXZ)(Console* this)
P2,5421,0x00515770,?chat@Console@@QAEXH@Z,388,5,4,unrecovered,,,2,exact,exact,"void (__thiscall ?chat@Console@@QAEXH@Z)(Console* this, int)"
P3,5821,0x00515900,?time_controls@Console@@QAEXXZ,1770,3,28,unrecovered,,,2,exact,entry_range,void (__thiscall ?time_controls@Console@@QAEXXZ)(Console* this)
P3,201,0x00515EF0,?toggle_patrol@Console@@QAEXXZ,128,0,2,unrecovered,,,0,missing,missing,void (__thiscall ?toggle_patrol@Console@@QAEXXZ)(Console* this)
P3,4321,0x00515F70,?show_movies@Console@@QAEXXZ,1022,2,23,unrecovered,,,2,exact,entry_range,void (__thiscall ?show_movies@Console@@QAEXXZ)(Console* this)
P3,4121,0x005162A0,?name_landmark@Console@@QAEXHH@Z,495,3,11,unrecovered,,,2,exact,exact,"void (__thiscall ?name_landmark@Console@@QAEXHH@Z)(Console* this, int xCoord, int yCoord)"
P3,3821,0x00516490,?erase_landmark@Console@@QAEXHH@Z,278,3,8,unrecovered,,,2,exact,exact,"void (__thiscall ?erase_landmark@Console@@QAEXHH@Z)(Console* this, int xCoord, int yCoord)"
P3,2221,0x005165B0,?zoom_to_upkeep_base@Console@@QAEXXZ,275,2,2,unrecovered,,,2,exact,exact,void (__thiscall ?zoom_to_upkeep_base@Console@@QAEXXZ)(Console* this)
P3,1821,0x005166D0,?cursor_key@Console@@QAEXHHH@Z,487,1,8,unrecovered,,,2,exact,exact,"void (__thiscall ?cursor_key@Console@@QAEXHHH@Z)(Console* this, int, int, int)"
P3,201,0x00516930,?menu_detail@Console@@QAEXXZ,49,0,2,unrecovered,,,0,missing,missing,void (__thiscall ?menu_detail@Console@@QAEXXZ)(Console* this)
P3,201,0x00516970,?menu_simple@Console@@QAEXXZ,49,0,2,unrecovered,,,0,missing,missing,void (__thiscall ?menu_simple@Console@@QAEXXZ)(Console* this)
P3,201,0x005169B0,?base_me@Console@@QAEXXZ,54,0,2,unrecovered,,,0,missing,missing,void (__thiscall ?base_me@Console@@QAEXXZ)(Console* this)
P2,6321,0x005169F0,?end_my_turn@Console@@QAEXXZ,605,5,13,unrecovered,,,2,exact,exact,void (__thiscall ?end_my_turn@Console@@QAEXXZ)(Console* this)
P3,2521,0x00516C50,?show_scen_objectives@Console@@QAEXXZ,328,2,5,unrecovered,,,2,exact,exact,void (__thiscall ?show_scen_objectives@Console@@QAEXXZ)(Console* this)
P3,911,0x00516DA0,?governor_directives@Console@@QAEXXZ,659,0,9,unrecovered,,,1,missing,exact,void (__thiscall ?governor_directives@Console@@QAEXXZ)(Console* this)
P3,3321,0x00517060,?use_time_bonus@Console@@QAEXXZ,275,3,3,unrecovered,,,2,exact,exact,void (__thiscall ?use_time_bonus@Console@@QAEXXZ)(Console* this)
P3,201,0x00517180,?show_version@Console@@QAEXXZ,65,0,2,unrecovered,,,0,missing,missing,void (__thiscall ?show_version@Console@@QAEXXZ)(Console* this)
P3,3421,0x005171D0,?veh_key@Console@@QAEXHHH@Z,1466,1,24,unrecovered,,,2,exact,exact,"void (__thiscall ?veh_key@Console@@QAEXHHH@Z)(Console* this, int, int, int)"
P0,1019621,0x005178C0,?on_key_click@Console@@QAEHHH@Z,15809,2,176,original_dependency,ui_dependency,recover_console_on_key_click,2,exact,entry_range,"int (__thiscall ?on_key_click@Console@@QAEHHH@Z)(Console* this, int, int)"
P3,2921,0x0051BBA0,?load_proc@Console@@QAEXHH@Z,194,2,9,unrecovered,,,2,exact,exact,"void (__thiscall ?load_proc@Console@@QAEXHH@Z)(Console* this, int, int)"
P3,15821,0x0051BC70,?menu_proc@Console@@QAEXH@Z,5582,1,148,unrecovered,,,2,exact,exact,"void (__thiscall ?menu_proc@Console@@QAEXH@Z)(Console* this, int)"
P3,120,0x0051D720,?menu_daemon@Console@@QAAXH@Z,19,0,1,unrecovered,,,2,exact,exact,
P3,101,0x0051D740,?menu_update@Console@@QAEXXZ,19,0,1,unrecovered,,,0,missing,missing,void (__thiscall ?menu_update@Console@@QAEXXZ)(Console* this)
P3,0,0x0051D760,sub_51d760,85,0,0,unrecovered,,,0,missing,missing,
P0,1000021,0x0051D7C0,?on_sys_close@Console@@QAEXXZ,11,0,0,original_dependency,ui_dependency,recover_console_on_sys_close,2,exact,exact,void (__thiscall ?on_sys_close@Console@@QAEXXZ)(Console* this)
P3,3421,0x0051D7D0,?close@Console@@QAEXXZ,190,3,4,unrecovered,,,2,exact,exact,void (__thiscall ?close@Console@@QAEXXZ)(Console* this)
P3,1821,0x0051D890,?init@Console@@QAEXH@Z,319,1,8,unrecovered,,,2,exact,exact,"void (__thiscall ?init@Console@@QAEXH@Z)(Console* this, int)"
P0,1003021,0x0051D9F0,??1Console@@QAE@XZ,864,2,10,original_dependency,ui_dependency,recover_owning_class,2,exact,entry_range,void (__thiscall ??1Console@@QAE@XZ)(Console* this)
P0,1001421,0x0051DC10,??1AlphaMenu@@QAE@XZ,164,1,4,original_dependency,ui_dependency,recover_owning_class,2,exact,entry_range,void (__thiscall ??1AlphaMenu@@QAE@XZ)(AlphaMenu* this)
P3,1020,0x0051DCC0,sub_51dcc0,54,1,0,unrecovered,,,2,exact,exact,
P3,1220,0x0051DD00,sub_51dd00,224,1,2,unrecovered,,,2,exact,exact,
P0,1000311,0x0051DDF0,??_GConsole@@UAEPAXI@Z,54,0,3,original_dependency,ui_dependency,recover_console_scalar_delete,1,containing,exact,"void* (__thiscall ??_GConsole@@UAEPAXI@Z)(Console* this, unsigned int)"
P3,210,0x0051DF80,sub_51df80,36,0,2,unrecovered,,,1,exact,missing,
P3,110,0x0051DFB0,sub_51dfb0,20,0,1,unrecovered,,,1,exact,missing,
P3,0,0x0051DFD0,sub_51dfd0,41,0,0,unrecovered,,,0,missing,missing,
P3,10,0x0051E000,?read_tamper@@YAXXZ,135,0,0,unrecovered,,,1,missing,exact,
P3,10,0x0051E090,?set_tamper@@YAXXZ,114,0,0,unrecovered,,,1,missing,exact,
P3,1120,0x0051E110,?check_tamper@@YAXXZ,635,1,1,unrecovered,,,2,exact,exact,
P3,2020,0x0051E390,?clear_tamper@@YAXXZ,44,2,0,unrecovered,,,2,exact,exact,
P3,1020,0x0051E3C0,?clear_all_player_messages@@YAXXZ,185,1,0,unrecovered,,,2,exact,exact,
P3,10,0x0051E480,sub_51e480,163,0,0,unrecovered,,,1,missing,exact,
P3,1520,0x0051E530,sub_51e530,445,1,5,unrecovered,,,2,exact,exact,
P3,310,0x0051E6F0,sub_51e6f0,106,0,3,unrecovered,,,1,missing,exact,
P3,4521,0x0051E760,?do_checksums@@YAXH@Z,2375,4,5,unrecovered,,,2,exact,start_only,void (__cdecl ?do_checksums@@YAXH@Z)(int type)
P3,210,0x0051F0C0,?help_spock@@YAXXZ,234,0,2,unrecovered,,,1,missing,exact,
P1,22120,0x0051F1B0,?check_spock@@YAXXZ,66,22,1,unrecovered,,,2,entry_range,exact,
P2,7420,0x0051F200,?wait_loop@@YAXXZ,191,7,4,unrecovered,,,2,exact,exact,
P3,1020,0x0051F2C0,?wait_2@@YAXXZ,24,1,0,unrecovered,,,2,exact,exact,
P3,4620,0x0051F2E0,?random_events@@YAXH@Z,11837,1,36,unrecovered,,,2,exact,exact,
P3,2520,0x00522180,?alien_fauna@@YAXXZ,3452,1,15,unrecovered,,,2,exact,exact,
P3,1620,0x00522F00,?do_fungal_towers@@YAXXZ,477,1,6,unrecovered,,,2,exact,exact,
P2,16821,0x005230E0,?interlude@@YAXHPADHH@Z,3142,15,18,unrecovered,,,2,exact,entry_range,"void (__cdecl ?interlude@@YAXHPADHH@Z)(int interludeID, int8* lpszInput, int popupInitType, int)"
P3,500,0x00523B50,?ascent@@YAXXZ,264,0,5,unrecovered,,,0,missing,missing,
P3,2020,0x00523C60,?set_time_controls@@YAXXZ,361,2,0,unrecovered,,,2,exact,exact,
P2,11720,0x00523DD0,?reset_territory@@YAXXZ,1074,11,7,unrecovered,,,2,exact,exact,
P3,300,0x00524210,?climactic_changes@@YAXXZ,176,0,3,unrecovered,,,0,missing,missing,
P3,210,0x005242C0,sub_5242c0,87,0,2,unrecovered,,,1,missing,exact,
P3,0,0x00524320,sub_524320,27,0,0,unrecovered,,,0,missing,missing,
P3,20,0x00524340,Demo::timer_callback,35,0,0,unrecovered,,,2,exact,exact,
P3,10,0x00524370,sub_524370,38,0,0,unrecovered,,,1,missing,exact,
P3,110,0x005243A0,sub_5243a0,187,0,1,unrecovered,,,1,missing,exact,
P3,820,0x00524460,Demo__init,859,0,8,unrecovered,,,2,exact,entry_range,
P3,2121,0x005247B0,?generators@@YAHHPAH@Z,178,2,1,unrecovered,,,2,exact,exact,"int (__cdecl ?generators@@YAHHPAH@Z)(int factionID, int* count)"
P2,7320,0x00524870,?end_of_game@@YAHH@Z,4015,5,23,unrecovered,,,2,exact,exact,
P3,4820,0x005258C0,?turn_upkeep@@YAXXZ,1901,2,28,unrecovered,,,2,exact,exact,
P3,1821,0x00526030,?repair_phase@@YAXH@Z,1913,1,8,unrecovered,,,2,exact,exact,void (__cdecl ?repair_phase@@YAXH@Z)(int factionID)
P3,1821,0x005267B0,?allocate_energy@@YAXH@Z,1715,1,8,unrecovered,,,2,exact,exact,void (__cdecl ?allocate_energy@@YAXH@Z)(int factionID)
P3,1621,0x00526E70,?production_phase@@YAXH@Z,1045,1,6,unrecovered,,,2,exact,exact,void (__cdecl ?production_phase@@YAXH@Z)(int factionID)
P3,3820,0x00527290,?faction_upkeep@@YAXH@Z,796,2,18,unrecovered,,,2,exact,exact,
P3,8120,0x005275B0,?control_turn@@YAXXZ,7534,1,71,unrecovered,,,2,exact,entry_range,
P3,2020,0x00528EA0,?net_upkeep_phase@@YAHH@Z,503,1,10,unrecovered,,,2,exact,exact,
P3,3920,0x005290A0,?net_upkeep@@YAXXZ,2882,1,29,unrecovered,,,2,exact,exact,
P3,1620,0x00529C00,?mash_planes@@YAXXZ,615,1,6,unrecovered,,,2,exact,exact,
P3,400,0x00529E70,?net_not_my_turn@@YAXXZ,188,0,4,unrecovered,,,0,missing,missing,
P3,3120,0x00529F30,?net_end_of_turn@@YAXXZ,931,1,21,unrecovered,,,2,exact,exact,
P3,4120,0x0052A2E0,?net_control_turn@@YAXXZ,1681,1,31,unrecovered,,,2,exact,exact,
P3,0,0x0052A980,sub_52a980,37,0,0,unrecovered,,,0,missing,missing,
P3,110,0x0052A9B0,sub_52a9b0,125,0,1,unrecovered,,,1,missing,exact,
P3,4120,0x0052AA30,?control_game@@YAXXZ,765,1,31,unrecovered,,,2,exact,exact,
P3,3620,0x0052AEB0,?wants_prop@@YAHHHH@Z,3970,3,6,unrecovered,,,2,exact,exact,
P2,5120,0x0052BE60,?council_get_vote@@YAHHHH@Z,248,5,1,unrecovered,,,2,exact,exact,
P3,4020,0x0052BF60,?council_action@@YAXHH@Z,1776,3,10,unrecovered,,,2,exact,exact,
P3,3120,0x0052C670,?can_call_council@@YAHHH@Z,525,3,1,unrecovered,,,2,exact,exact,
P3,6021,0x0052C880,?call_council@@YAXH@Z,5613,3,30,unrecovered,,,2,exact,entry_range,void (__cdecl ?call_council@@YAXH@Z)(int factionID)
P3,10,0x0052DB40,sub_52db40,39,0,0,unrecovered,,,1,exact,missing,
P3,0,0x0052DB70,sub_52db70,44,0,0,unrecovered,,,0,missing,missing,
P0,1003020,0x0052DBA0,?current_server@@YAHXZ,70,3,0,original_dependency,ui_dependency,recover_current_server,2,exact,exact,
P3,2120,0x0052DBF0,?next_player_turn@@YAHXZ,120,2,1,unrecovered,,,2,exact,exact,
P3,1,0x0052DCA0,??0DeletionList@@QAE@XZ,33,0,0,unrecovered,,,0,missing,missing,void (__thiscall ??0DeletionList@@QAE@XZ)(DeletionList* this)
P3,11,0x0052DCF0,?UNK1@DeletionList@@QAEHXZ,32,0,0,unrecovered,,,1,missing,exact,int (__thiscall ?UNK1@DeletionList@@QAEHXZ)(DeletionList* this)
P3,11,0x0052DD10,?UNK2@DeletionList@@QAEHH@Z,59,0,0,unrecovered,,,1,missing,exact,"int (__thiscall ?UNK2@DeletionList@@QAEHH@Z)(DeletionList* this, int)"
P3,11,0x0052DD50,?ack@DeletionList@@QAEXHH@Z,101,0,0,unrecovered,,,1,missing,exact,"void (__thiscall ?ack@DeletionList@@QAEXHH@Z)(DeletionList* this, int, int)"
P3,1121,0x0052DDC0,?convert@DeletionList@@QAEHHH@Z,165,1,1,unrecovered,,,2,exact,exact,"int (__thiscall ?convert@DeletionList@@QAEHHH@Z)(DeletionList* this, int, int)"
P3,1121,0x0052DE70,?add_deletion@DeletionList@@QAEHH@Z,190,1,1,unrecovered,,,2,exact,exact,"int (__thiscall ?add_deletion@DeletionList@@QAEHH@Z)(DeletionList* this, int vehID)"
P3,1321,0x0052DF30,?init@NetDaemon@@QAEHH@Z,273,1,3,unrecovered,,,2,exact,exact,"int (__thiscall ?init@NetDaemon@@QAEHH@Z)(NetDaemon* this, int)"
P2,9321,0x0052E050,?hang_up@NetDaemon@@QAEXXZ,257,9,3,unrecovered,,,2,exact,exact,void (__thiscall ?hang_up@NetDaemon@@QAEXXZ)(NetDaemon* this)
P3,1121,0x0052E160,?on_player_added@NetDaemon@@QAEXPADK@Z,516,0,11,unrecovered,,,2,exact,exact,"void (__thiscall ?on_player_added@NetDaemon@@QAEXPADK@Z)(NetDaemon* this, int8* lpszInput, unsigned int)"
P3,1321,0x0052E370,?on_player_deleted@NetDaemon@@QAEXPADK@Z,1421,0,13,unrecovered,,,2,exact,exact,"void (__thiscall ?on_player_deleted@NetDaemon@@QAEXPADK@Z)(NetDaemon* this, int8*, unsigned int)"
P3,1321,0x0052E900,?send_game@NetDaemon@@QAEXXZ,1075,1,3,unrecovered,,,2,exact,exact,void (__thiscall ?send_game@NetDaemon@@QAEXXZ)(NetDaemon* this)
P3,4021,0x0052ED40,?send_files@NetDaemon@@QAEHXZ,2025,1,30,unrecovered,,,2,exact,entry_range,int (__thiscall ?send_files@NetDaemon@@QAEHXZ)(NetDaemon* this)
P3,1321,0x0052F520,?send_rules@NetDaemon@@QAEXXZ,950,1,3,unrecovered,,,2,exact,exact,void (__thiscall ?send_rules@NetDaemon@@QAEXXZ)(NetDaemon* this)
P3,1221,0x0052F8E0,?game_checksum@NetDaemon@@QAEXPAH@Z,2622,1,2,unrecovered,,,2,exact,exact,"void (__thiscall ?game_checksum@NetDaemon@@QAEXPAH@Z)(NetDaemon* this, int*)"
P2,6521,0x00530360,?net_tasks@NetDaemon@@QAEXXZ,73,6,5,unrecovered,,,2,exact,exact,void (__thiscall ?net_tasks@NetDaemon@@QAEXXZ)(NetDaemon* this)
P3,2721,0x005303B0,?wait@NetDaemon@@QAEHPADPAHHH@Z,227,2,7,unrecovered,,,2,exact,exact,"int (__thiscall ?wait@NetDaemon@@QAEHPADPAHHH@Z)(NetDaemon* this, int8*, int*, int, int)"
P3,3921,0x005304A0,?open_channel@NetDaemon@@QAEHHH@Z,351,3,9,unrecovered,,,2,exact,exact,"int (__thiscall ?open_channel@NetDaemon@@QAEHHH@Z)(NetDaemon* this, int, int)"
P3,1121,0x00530600,?close_channel@NetDaemon@@QAEXXZ,47,1,1,unrecovered,,,2,exact,exact,void (__thiscall ?close_channel@NetDaemon@@QAEXXZ)(NetDaemon* this)
P3,4921,0x00530630,?lock@NetDaemon@@QAEHHHHHHH@Z,750,4,9,unrecovered,,,2,exact,exact,"int (__thiscall ?lock@NetDaemon@@QAEHHHHHHH@Z)(NetDaemon* this, int, int, int, int, int, int)"
P3,2921,0x00530920,?add_lock@NetDaemon@@QAEHHHH@Z,369,2,9,unrecovered,,,2,exact,exact,"int (__thiscall ?add_lock@NetDaemon@@QAEHHHH@Z)(NetDaemon* this, int, int, int)"
P2,12821,0x00530AA0,?add_global@NetDaemon@@QAEHXZ,607,12,8,unrecovered,,,2,exact,exact,int (__thiscall ?add_global@NetDaemon@@QAEHXZ)(NetDaemon* this)
P2,10221,0x00530D00,?unlock@NetDaemon@@QAEXXZ,78,10,2,unrecovered,,,2,exact,exact,void (__thiscall ?unlock@NetDaemon@@QAEXXZ)(NetDaemon* this)
P1,26321,0x00530D50,?lock_base@NetDaemon@@QAEHHHHH@Z,248,26,3,unrecovered,,,2,exact,exact,"int (__thiscall ?lock_base@NetDaemon@@QAEHHHHH@Z)(NetDaemon* this, int, int, int, int)"
P1,27021,0x00530E50,?unlock_base@NetDaemon@@QAEXH@Z,463,26,10,unrecovered,,,2,exact,exact,"void (__thiscall ?unlock_base@NetDaemon@@QAEXH@Z)(NetDaemon* this, int)"
P1,32221,0x00531020,?lock_veh@NetDaemon@@QAEHPAHHHHH@Z,203,32,2,unrecovered,,,2,exact,exact,"int (__thiscall ?lock_veh@NetDaemon@@QAEHPAHHHHH@Z)(NetDaemon* this, int*, int, int, int, int)"
P3,2921,0x00531150,?automated_lock@NetDaemon@@QAEHPAHH@Z,422,2,9,unrecovered,,,2,exact,exact,"int (__thiscall ?automated_lock@NetDaemon@@QAEHPAHH@Z)(NetDaemon* this, int*, int)"
P2,17921,0x00531300,?await_exec@NetDaemon@@QAEXH@Z,375,17,9,unrecovered,,,2,exact,exact,"void (__thiscall ?await_exec@NetDaemon@@QAEXH@Z)(NetDaemon* this, int)"
P1,22821,0x00531480,?await_synch@NetDaemon@@QAEXXZ,310,22,8,unrecovered,,,2,exact,exact,void (__thiscall ?await_synch@NetDaemon@@QAEXXZ)(NetDaemon* this)
P1,35821,0x005315C0,?await_diplo@NetDaemon@@QAEXH@Z,313,35,8,unrecovered,,,2,exact,exact,"void (__thiscall ?await_diplo@NetDaemon@@QAEXH@Z)(NetDaemon* this, int)"
P3,1221,0x00531700,?maybe_lock@NetDaemon@@QAEHPAHHHHHH@Z,128,1,2,unrecovered,,,2,exact,exact,"int (__thiscall ?maybe_lock@NetDaemon@@QAEHPAHHHHHH@Z)(NetDaemon* this, int*, int, int, int, int, int)"
P2,6921,0x00531780,?order_veh@NetDaemon@@QAEHHHH@Z,2485,5,19,unrecovered,,,2,exact,exact,"int (__thiscall ?order_veh@NetDaemon@@QAEHHHH@Z)(NetDaemon* this, int, int, int)"
P3,3521,0x00532140,?veh_drop@NetDaemon@@QAEHHHH@Z,1059,2,15,unrecovered,,,2,exact,exact,"int (__thiscall ?veh_drop@NetDaemon@@QAEHHHH@Z)(NetDaemon* this, int vehID, int xCoord, int yCoord)"
P3,4421,0x00532570,?action@NetDaemon@@QAEHHH@Z,842,3,14,unrecovered,,,2,exact,exact,"int (__thiscall ?action@NetDaemon@@QAEHHH@Z)(NetDaemon* this, int vehID, int)"
P3,211,0x005328C0,?end_of_event@NetDaemon@@QAEHHH@Z,116,0,2,unrecovered,,,1,missing,exact,"int (__thiscall ?end_of_event@NetDaemon@@QAEHHH@Z)(NetDaemon* this, int, int)"
P2,12221,0x00532940,?send_message@NetDaemon@@QAEXPADKH@Z,260,12,2,unrecovered,,,2,exact,exact,"void (__thiscall ?send_message@NetDaemon@@QAEXPADKH@Z)(NetDaemon* this, int8*, unsigned int, int)"
P3,10,0x00532A50,sub_532a50,49,0,0,unrecovered,,,1,missing,exact,
P3,1320,0x00532C30,?synch_display@@YAXHHHH@Z,370,1,3,unrecovered,,,2,exact,exact,
P0,1026321,0x00532E00,?synch@NetDaemon@@QAEXFHHHPADHF@Z,4905,24,23,original_dependency,ui_dependency,recover_net_daemon_synch,2,exact,exact,"void (__thiscall ?synch@NetDaemon@@QAEXFHHHPADHF@Z)(NetDaemon* this, int16, int id, int, int, int8*, int uDelay, int16)"
P3,1121,0x00534330,?fixup_message@NetDaemon@@QAEHPAD@Z,204,1,1,unrecovered,,,2,exact,exact,"int (__thiscall ?fixup_message@NetDaemon@@QAEHPAD@Z)(NetDaemon* this, int8*)"
P0,1031321,0x00534400,?process_message@NetDaemon@@QAEXPADKH@Z,18489,18,133,original_dependency,ui_dependency,recover_net_daemon_process_message,2,exact,entry_range,"void (__thiscall ?process_message@NetDaemon@@QAEXPADKH@Z)(NetDaemon* this, MessageFactionData*, unsigned int, int)"
P0,1001421,0x005389F0,??0NetDaemon@@QAE@XZ,378,1,4,original_dependency,ui_dependency,recover_owning_class,2,exact,entry_range,void (__thiscall ??0NetDaemon@@QAE@XZ)(NetDaemon* this)
P3,921,0x00538B60,??1AlphaNet@@QAE@XZ,606,0,9,unrecovered,,,2,exact,entry_range,void (__thiscall ??1AlphaNet@@QAE@XZ)(AlphaNet* this)
P0,1000921,0x00538D10,??1NetDaemon@@QAE@XZ,606,0,9,original_dependency,ui_dependency,recover_owning_class,2,exact,entry_range,void (__thiscall ??1NetDaemon@@QAE@XZ)(NetDaemon* this)
P3,2021,0x00538EC0,??1JackalVoiceRx@@QAE@XZ,110,2,0,unrecovered,,,2,exact,exact,void (__thiscall ??1JackalVoiceRx@@QAE@XZ)(JackalVoiceRx* this)
P3,2420,0x00538FE0,?checksum_file@@YAEPAD@Z,193,2,4,unrecovered,,,2,exact,entry_range,
P3,200,0x005391A0,sub_5391a0,32,0,2,unrecovered,,,0,missing,missing,
P3,4420,0x005391C0,?net_treaty_on@@YAXHHHH@Z,106,4,4,unrecovered,,,2,exact,exact,
P3,2420,0x00539230,?net_treaty_off@@YAXHHHH@Z,106,2,4,unrecovered,,,2,exact,exact,
P3,2420,0x005392A0,?net_set_treaty@@YAXHHHHH@Z,112,2,4,unrecovered,,,2,exact,exact,
P3,410,0x00539310,?net_agenda_on@@YAXHHHH@Z,106,0,4,unrecovered,,,1,missing,exact,
P3,1420,0x00539380,?net_agenda_off@@YAXHHHH@Z,106,1,4,unrecovered,,,2,exact,exact,
P3,1420,0x005393F0,?net_set_agenda@@YAXHHHHH@Z,112,1,4,unrecovered,,,2,exact,exact,
P3,3420,0x00539460,?net_energy@@YAXHHHHH@Z,166,3,4,unrecovered,,,2,exact,exact,
P3,1220,0x00539510,?net_loan@@YAXHHHH@Z,111,1,2,unrecovered,,,2,exact,exact,
P3,2420,0x00539580,?net_maps@@YAXHHH@Z,99,2,4,unrecovered,,,2,exact,exact,
P3,3420,0x005395F0,?net_tech@@YAXHHHH@Z,108,3,4,unrecovered,,,2,exact,exact,
P3,2420,0x00539660,?net_pact_ends@@YAXHHH@Z,97,2,4,unrecovered,,,2,exact,exact,
P3,410,0x005396D0,?net_withdrawal@@YAXHHH@Z,104,0,4,unrecovered,,,1,missing,exact,
P3,1420,0x00539740,?net_cede_base@@YAXHHH@Z,99,1,4,unrecovered,,,2,exact,exact,
P3,2420,0x005397B0,?net_double_cross@@YAXHHHH@Z,106,2,4,unrecovered,,,2,exact,exact,
P2,10420,0x00539820,?diplo_lock@@YAHH@Z,159,10,4,unrecovered,,,2,exact,exact,
P2,10120,0x005398C0,?diplo_unlock@@YAXXZ,29,10,1,unrecovered,,,2,exact,exact,
P3,110,0x005398E0,?pop_wait@@YAHXZ,52,0,1,unrecovered,,,1,exact,missing,
P3,110,0x00539920,?pop_expire@@YAHXZ,65,0,1,unrecovered,,,1,exact,missing,
P3,300,0x00539970,sub_539970,40,0,3,unrecovered,,,0,missing,missing,
P1,20720,0x005399A0,?diplomacy_caption@@YAXHH@Z,459,20,7,unrecovered,,,2,exact,exact,
P3,3020,0x0053A230,?mention_prototypes@@YAXHH@Z,614,2,10,unrecovered,,,2,exact,exact,
P3,3220,0x0053A4A0,?scan_prototypes@@YAXHH@Z,724,3,2,unrecovered,,,2,exact,exact,
P2,5221,0x0053A780,?contiguous@@YAHHHHH@Z,508,5,2,unrecovered,,,2,exact,exact,"int (__cdecl ?contiguous@@YAHHHHH@Z)(int factionID1, int factionID2, int region, int)"
P2,14021,0x0053A980,?diplomacy_check@@YAXHHH@Z,6638,13,10,unrecovered,,,2,exact,exact,"void (__cdecl ?diplomacy_check@@YAXHHH@Z)(int factionID, int, int)"
P3,1821,0x0053C370,?pact_withdraw@@YAHHH@Z,729,1,8,unrecovered,,,2,exact,exact,"int (__cdecl ?pact_withdraw@@YAHHH@Z)(int factionID1, int factionID2)"
P2,11521,0x0053C650,?pact_ends@@YAXHH@Z,1376,9,25,unrecovered,,,2,exact,entry_range,"void (__cdecl ?pact_ends@@YAXHH@Z)(int factionID1, int factionID2)"
P3,3520,0x0053CAF0,?pact_of_brotherhood@@YAXHH@Z,789,2,15,unrecovered,,,2,exact,exact,
P3,3620,0x0053CE10,?make_treaty@@YAXHH@Z,840,2,16,unrecovered,,,2,exact,exact,
P3,1720,0x0053D160,?pledge_truce@@YAXHHH@Z,497,1,7,unrecovered,,,2,exact,exact,
P3,3720,0x0053D360,?introduce@@YAXHH@Z,2625,1,27,unrecovered,,,2,exact,entry_range,
P3,7420,0x0053DCE0,?wants_to_speak@@YAHHH@Z,2244,4,34,unrecovered,,,2,exact,entry_range,
P3,3321,0x0053E470,?diplomacy_ends@@YAXHH@Z,76,3,3,unrecovered,,,2,exact,exact,"void (__cdecl ?diplomacy_ends@@YAXHH@Z)(int factionID, int)"
P3,1420,0x0053E4C0,?demands_withdrawal@@YAXHH@Z,246,1,4,unrecovered,,,2,exact,exact,
P3,2520,0x0053E5C0,?renounce_pact@@YAXHH@Z,568,1,15,unrecovered,,,2,exact,exact,
P2,7320,0x0053E800,?tech_analysis@@YAXHH@Z,834,7,3,unrecovered,,,2,exact,exact,
P3,7320,0x0053EB50,?buy_council_vote@@YAXHHHH@Z,6684,2,53,unrecovered,,,2,exact,entry_range,
P3,2820,0x005401A0,?buy_tech@@YAHHHHHH@Z,1158,1,18,unrecovered,,,2,exact,exact,
P3,2820,0x00540630,?energy_trade@@YAHHH@Z,2755,1,18,unrecovered,,,2,exact,exact,
P3,7720,0x00541100,?tech_trade@@YAHHHHHH@Z,12193,2,57,unrecovered,,,2,exact,entry_range,
P2,6320,0x00543A20,?trade_maps@@YAXHH@Z,416,6,3,unrecovered,,,2,exact,exact,
P3,3820,0x00543BC0,?propose_pact@@YAHHH@Z,4726,1,28,unrecovered,,,2,exact,exact,
P3,3420,0x00544E40,?propose_treaty@@YAHHH@Z,3861,1,24,unrecovered,,,2,exact,exact,
P3,610,0x00545D60,?propose_trade_maps@@YAXHH@Z,288,0,6,unrecovered,,,1,missing,exact,
P3,6420,0x00545E80,?propose_attack@@YAHHH@Z,8344,1,54,unrecovered,,,2,exact,entry_range,
P3,5421,0x00547C10,?make_gift@@YAXHH@Z,4950,1,44,unrecovered,,,2,exact,entry_range,"void (__cdecl ?make_gift@@YAXHH@Z)(uint32_t factionID, uint32_t factionIDRecipient)"
P3,1420,0x00548DD0,?dont_withdrawal@@YAHHH@Z,429,1,4,unrecovered,,,2,exact,exact,
P3,5220,0x00548F80,?do_withdrawal@@YAHHH@Z,740,4,12,unrecovered,,,2,exact,exact,
P3,3320,0x00549270,?demand_withdrawal@@YAHHH@Z,1715,2,13,unrecovered,,,2,exact,exact,
P3,3720,0x00549930,?threaten@@YAXHH@Z,5001,1,27,unrecovered,,,2,exact,exact,
P3,1320,0x0054ACC0,?suggest_plan@@YAHHH@Z,733,1,3,unrecovered,,,2,exact,exact,
P3,420,0x0054B140,?battle_routine@@YAXH@Z,118,0,4,unrecovered,,,2,exact,exact,
P3,5320,0x0054B1C0,?battle_plans@@YAXHH@Z,3992,1,43,unrecovered,,,2,exact,entry_range,
P3,3320,0x0054BEC0,?call_off_vendetta@@YAXHH@Z,1943,1,23,unrecovered,,,2,exact,entry_range,
P3,3820,0x0054C560,?diplomacy_menu@@YAHHH@Z,1742,1,28,unrecovered,,,2,exact,entry_range,
P2,6321,0x0054CF40,?give_a_base@@YAXHH@Z,1232,5,13,unrecovered,,,2,exact,exact,"void (__cdecl ?give_a_base@@YAXHH@Z)(int baseID, int factionID)"
P3,2721,0x0054D410,?base_swap@@YAXHH@Z,2172,1,17,unrecovered,,,2,exact,exact,"void (__cdecl ?base_swap@@YAXHH@Z)(int factionIDRes, int factionIDReq)"
P3,410,0x0054DC90,sub_54dc90,84,0,4,unrecovered,,,1,missing,exact,
P3,5720,0x0054DCF0,?proposal_menu@@YAHHH@Z,6552,1,47,unrecovered,,,2,exact,entry_range,
P3,5120,0x0054F420,?make_a_proposal@@YAXHHH@Z,3451,1,41,unrecovered,,,2,exact,entry_range,
P2,16021,0x0054FFD0,?communicate@@YAXHHH@Z,35269,5,110,unrecovered,,,2,exact,entry_range,"void (__cdecl ?communicate@@YAXHHH@Z)(int factionID, int, int)"
P3,3620,0x005589E0,?commlink_attempter@@YAHHH@Z,629,3,6,unrecovered,,,2,exact,exact,
P3,4320,0x00558C60,?commlink_attempt@@YAXH@Z,852,3,13,unrecovered,,,2,exact,exact,
P3,1120,0x00559000,sub_559000,58,1,1,unrecovered,,,2,exact,exact,
P3,2021,0x00559060,?get_name@@YAPADH@Z,50,2,0,unrecovered,,,2,exact,exact,int8* (__cdecl ?get_name@@YAPADH@Z)(int factionID)
P3,2021,0x005590A0,?get_title@@YAPADH@Z,50,2,0,unrecovered,,,2,exact,exact,int8* (__cdecl ?get_title@@YAPADH@Z)(int factionID)
P3,1021,0x005590E0,?get_adjective_leader@@YAPADH@Z,26,1,0,unrecovered,,,2,exact,exact,int8* (__cdecl ?get_adjective_leader@@YAPADH@Z)(int factionID)
P3,1021,0x00559100,?get_adjective_insult_leader@@YAPADH@Z,26,1,0,unrecovered,,,2,exact,exact,int8* (__cdecl ?get_adjective_insult_leader@@YAPADH@Z)(int factionID)
P3,1021,0x00559120,?get_adjective_faction@@YAPADH@Z,26,1,0,unrecovered,,,2,exact,exact,int8* (__cdecl ?get_adjective_faction@@YAPADH@Z)(int factionID)
P3,1021,0x00559140,?get_adjective_insult_faction@@YAPADH@Z,26,1,0,unrecovered,,,2,exact,exact,int8* (__cdecl ?get_adjective_insult_faction@@YAPADH@Z)(int factionID)
P3,1021,0x00559160,?get_insult_leader@@YAPADH@Z,50,1,0,unrecovered,,,2,exact,exact,int8* (__cdecl ?get_insult_leader@@YAPADH@Z)(int factionID)
P3,1020,0x00559210,sub_559210,17,1,0,unrecovered,,,2,exact,exact,
P0,1002121,0x00559290,??0FontQueue@@QAE@XZ,61,2,1,original_dependency,ui_dependency,recover_owning_class,2,exact,exact,void (__thiscall ??0FontQueue@@QAE@XZ)(FontQueue* this)
P3,2121,0x005592D0,?get_zoom@FontQueue@@QAEHHHHH@Z,265,2,1,unrecovered,,,2,exact,exact,"int (__thiscall ?get_zoom@FontQueue@@QAEHHHHH@Z)(FontQueue* this, int, int, int, int)"
P2,5021,0x005593E0,?pick_top_veh@@YAHH@Z,267,5,0,unrecovered,,,2,exact,exact,int (__cdecl ?pick_top_veh@@YAHH@Z)(int vehID)
P1,24121,0x005594F0,?veh_draw@@YAHPAUBuffer@@HHHHHH@Z,3166,22,21,unrecovered,,,2,exact,exact,"int (__cdecl ?veh_draw@@YAHPAUBuffer@@HHHHHH@Z)(Buffer*, int vehID, int, int, int, int, int)"
P3,6521,0x0055A150,?veh_scoot@@YAXHHHHH@Z,3608,4,25,unrecovered,,,2,exact,entry_range,"void (__cdecl ?veh_scoot@@YAXHHHHH@Z)(int vehID, int xCoord, int yCoord, int, int)"
P2,8520,0x0055AF20,?base_draw@@YAXPAUBuffer@@HHHHH@Z,2073,7,15,unrecovered,,,2,exact,exact,
P2,14020,0x0055B760,?treaty_off@@YAXHHH@Z,184,14,0,unrecovered,,,2,exact,exact,
P2,5020,0x0055B820,?agenda_off@@YAXHHH@Z,80,5,0,unrecovered,,,2,exact,exact,
P1,33220,0x0055B870,?treaty_on@@YAXHHH@Z,518,33,2,unrecovered,,,2,exact,exact,
P2,8020,0x0055BA80,?agenda_on@@YAXHHH@Z,169,8,0,unrecovered,,,2,exact,exact,
P0,1009321,0x0055BC80,?wants_to_attack@@YAHHHH@Z,1963,9,3,source_complete,source_fallback,validate_source_implementation,2,exact,exact,"int (__cdecl ?wants_to_attack@@YAHHHH@Z)(uint32_t factionID, uint32_t factionIDTarget, int factionIDUnk)"
P3,1520,0x0055C430,?comm_check@@YAXHH@Z,758,1,5,unrecovered,,,2,exact,exact,
P3,310,0x0055C730,?pact_attacks@@YAXHH@Z,259,0,3,unrecovered,,,1,missing,exact,
P3,1920,0x0055C840,?enemies_war@@YAXHH@Z,1114,1,9,unrecovered,,,2,exact,exact,
P3,1520,0x0055CCA0,?pact_unpact@@YAXHH@Z,373,1,5,unrecovered,,,2,exact,exact,
P3,1420,0x0055CE20,?enemies_unpact@@YAXHH@Z,529,1,4,unrecovered,,,2,exact,exact,
P3,310,0x0055D040,?pact_truce@@YAXHH@Z,321,0,3,unrecovered,,,1,missing,exact,
P3,310,0x0055D190,?pact_treaty@@YAXHH@Z,259,0,3,unrecovered,,,1,missing,exact,
P3,1421,0x0055D2A0,?enemies_team_up@@YAXHHH@Z,389,1,4,unrecovered,,,2,exact,exact,"void (__cdecl ?enemies_team_up@@YAXHHH@Z)(int factionID, int factionIDTeam, int factionIDAgainst)"
P3,3521,0x0055D430,?enemies_trade_tech@@YAXHH@Z,803,3,5,unrecovered,,,2,exact,exact,"void (__cdecl ?enemies_trade_tech@@YAXHH@Z)(int factionID, int)"
P3,3220,0x0055D760,?enemies_treaty@@YAXHHH@Z,3088,2,12,unrecovered,,,2,exact,exact,
P3,3320,0x0055E370,?encounter@@YAXHHHHHH@Z,2058,2,13,unrecovered,,,2,exact,exact,
P3,4220,0x0055EB80,?territory@@YAHHHHPAHPAH@Z,862,4,2,unrecovered,,,2,exact,exact,
P3,5121,0x0055EEE0,?atrocity@@YAXHHHH@Z,1391,4,11,unrecovered,,,2,exact,exact,"void (__cdecl ?atrocity@@YAXHHHH@Z)(int factionID1, int factionID2, int, int)"
P3,2620,0x0055F450,?major_atrocity@@YAXHH@Z,794,2,6,unrecovered,,,2,exact,exact,
P2,7420,0x0055F770,?break_treaty@@YAHHHH@Z,435,7,4,unrecovered,,,2,exact,exact,
P3,2521,0x0055F930,?enemy_diplomacy@@YAXH@Z,4509,1,15,unrecovered,,,2,exact,exact,void (__cdecl ?enemy_diplomacy@@YAXH@Z)(int factionID)
P3,6221,0x00561080,?enemy_strategy@@YAXH@Z,14344,2,42,unrecovered,,,2,exact,exact,void (__cdecl ?enemy_strategy@@YAXH@Z)(int factionID)
P3,2221,0x00564890,?set_course@@YAXHDHH@Z,754,2,2,unrecovered,,,2,exact,exact,"void (__cdecl ?set_course@@YAXHDHH@Z)(int vehID, int8 type, int xCoord, int yCoord)"
P3,1421,0x00564B90,?assemble_passengers@@YAXHHH@Z,512,1,4,unrecovered,,,2,exact,exact,"void (__cdecl ?assemble_passengers@@YAXHHH@Z)(int baseID, int, int)"
P3,2421,0x00564D90,?can_convoy@@YAHHH@Z,282,2,4,unrecovered,,,2,exact,exact,"int (__cdecl ?can_convoy@@YAHHH@Z)(int xCoord, int yCoord)"
P3,2521,0x00564EB0,?good_sensor@@YAHHHH@Z,679,2,5,unrecovered,,,2,exact,exact,"int (__cdecl ?good_sensor@@YAHHHH@Z)(int factionID, int xCoord, int yCoord)"
P3,210,0x00565160,sub_565160,442,0,2,unrecovered,,,1,missing,exact,
P3,3621,0x00565320,?can_terraform@@YAHHHHHH@Z,3070,3,6,unrecovered,,,2,exact,exact,"int (__cdecl ?can_terraform@@YAHHHHHH@Z)(int factionID, int xCoord, int yCoord, int, int baseID)"
P3,2521,0x00565F20,?compute_odds@@YAHHHHHH@Z,1708,2,5,unrecovered,,,2,exact,exact,"int (__cdecl ?compute_odds@@YAHHHHHH@Z)(int, int factionID, int vehID1, int vehID2, int)"
P3,1421,0x005665D0,?alien_base@@YAHHHH@Z,562,1,4,unrecovered,,,2,exact,exact,"int (__cdecl ?alien_base@@YAHHHH@Z)(int vehID, int xCoord, int yCoord)"
P3,3721,0x00566810,?alien_move@@YAHH@Z,4265,1,27,unrecovered,,,2,exact,exact,int (__cdecl ?alien_move@@YAHH@Z)(int vehID)
P3,3221,0x005678C0,?air_power@@YAHHHHPAH0@Z,12254,1,22,unrecovered,,,2,exact,exact,"int (__cdecl ?air_power@@YAHHHHPAH0@Z)(int vehID, int, int, int*, int*)"
P3,2221,0x0056A8A0,?enemy_planet_buster@@YAHH@Z,2682,1,12,unrecovered,,,2,exact,exact,int (__cdecl ?enemy_planet_buster@@YAHH@Z)(int vehID)
P3,12621,0x0056B5B0,?enemy_move@@YAHH@Z,56408,2,106,unrecovered,,,2,exact,exact,int (__cdecl ?enemy_move@@YAHH@Z)(int vehID)
P3,3421,0x00579240,?enemy_veh@@YAHH@Z,648,2,14,unrecovered,,,2,exact,start_only,int (__cdecl ?enemy_veh@@YAHH@Z)(int vehID)
P3,2621,0x00579510,?enemy_turn@@YAHH@Z,601,2,6,unrecovered,,,2,exact,exact,int (__cdecl ?enemy_turn@@YAHH@Z)(int factionID)
P3,1220,0x005797D0,?site_at@@YAHHHH@Z,98,1,2,unrecovered,,,2,exact,exact,
P3,110,0x00579FF0,sub_579ff0,82,0,1,unrecovered,,,1,missing,exact,
P3,3721,0x0057A050,?monolith@@YAXH@Z,1545,2,17,unrecovered,,,2,exact,exact,void (__cdecl ?monolith@@YAXH@Z)(int vehID)
P3,7421,0x0057A660,?goody_box@@YAHHH@Z,10118,2,54,unrecovered,,,2,exact,exact,"int (__cdecl ?goody_box@@YAHHH@Z)(int vehID, int type)"
P3,3321,0x0057CFA0,?study_artifact@@YAHH@Z,584,2,13,unrecovered,,,2,exact,exact,int (__cdecl ?study_artifact@@YAHH@Z)(int vehID)
P3,10,0x0057DEE0,sub_57dee0,28,0,0,unrecovered,,,1,missing,exact,
P3,3020,0x0057DF00,?clear_bunglist@@YAXH@Z,47,3,0,unrecovered,,,2,exact,exact,
P3,1020,0x0057DF30,sub_57df30,130,1,0,unrecovered,,,2,exact,exact,
P3,1020,0x0057DFC0,?is_bunged@@YA_NHHHHHH@Z,119,1,0,unrecovered,,,2,exact,exact,
P2,7921,0x0057E040,?name_proto@@YAXPADHHHHHHH@Z,3925,7,9,unrecovered,,,2,exact,exact,"void (__cdecl ?name_proto@@YAXPADHHHHHHH@Z)(int8*, int protoID, int, int, int, int, int, int)"
P3,4420,0x0057F1D0,?retire_proto@@YAXHH@Z,736,4,4,unrecovered,,,2,exact,exact,
P3,5220,0x0057F4B0,?prune_protos@@YAXHHH@Z,5033,4,12,unrecovered,,,2,exact,exact,
P2,6121,0x00580860,?propose_proto@@YAHHHHHHHHPAD@Z,2312,5,11,unrecovered,,,2,exact,exact,"int (__cdecl ?propose_proto@@YAHHHHHHHHPAD@Z)(int factionID, int chassisType, int weapType, int armorType, int ability, int reactorType, int, int8*)"
P3,1121,0x00581190,?add_abil@@YAXPAHHH@Z,201,1,1,unrecovered,,,2,exact,exact,"void (__cdecl ?add_abil@@YAXPAHHH@Z)(int*, int, int factionID)"
P0,1007920,0x00581260,?consider_designs@@YAXH@Z,10799,7,9,original_dependency,game_service,recover_ai_design,2,exact,exact,
P3,3120,0x00583CB0,?design_new_veh@@YAXHH@Z,23,3,1,unrecovered,,,2,exact,exact,
P3,220,0x00583CD0,?hq_list_draw@@YAXPAUGraphicWin@@HHHHH@Z,346,0,2,unrecovered,,,2,exact,exact,
P3,5221,0x00583E30,?design_workshop@@YAHHH@Z,3972,1,42,unrecovered,,,2,exact,entry_range,"int (__cdecl ?design_workshop@@YAHHH@Z)(int factionID, int)"
P3,3020,0x00584B50,?abil_cond@@YAHHHHH@Z,431,3,0,unrecovered,,,2,exact,exact,
P3,110,0x00584D30,sub_584d30,34,0,1,unrecovered,,,1,missing,exact,
P2,8020,0x00588340,?scroll_normal@@YAXXZ,141,8,0,unrecovered,,,2,exact,exact,
P2,6020,0x005883D0,?scroll_small@@YAXXZ,141,6,0,unrecovered,,,2,exact,exact,
P3,5320,0x00588460,?popups_normal@@YAXXZ,914,4,13,unrecovered,,,2,exact,exact,
P3,800,0x00588800,sub_588800,222,0,8,unrecovered,,,0,missing,missing,
P3,2820,0x005888E0,?popups_tutorial@@YAXXZ,222,2,8,unrecovered,,,2,exact,exact,
P3,1320,0x005889C0,?popups_medium@@YAXXZ,106,1,3,unrecovered,,,2,exact,exact,
P3,300,0x00588A30,sub_588a30,106,0,3,unrecovered,,,0,missing,missing,
P3,1820,0x00588AA0,?config_popups@@YAXXZ,1262,1,8,unrecovered,,,2,exact,exact,
P3,1420,0x00588F90,?alien_start@@YAXXZ,492,1,4,unrecovered,,,2,exact,exact,
P3,3520,0x00589330,?time_controls_dialog@@YAXPAUPopup@@@Z,538,3,5,unrecovered,,,2,exact,exact,
P3,1010,0x00589560,sub_589560,488,0,10,unrecovered,,,1,missing,exact,
P3,10,0x00589750,sub_589750,16,0,0,unrecovered,,,1,missing,exact,
P3,420,0x00589760,sub_589760,287,0,4,unrecovered,,,2,exact,entry_range,
P3,210,0x00589870,sub_589870,22,0,2,unrecovered,,,1,exact,missing,
P3,2020,0x005898A0,?thumb_routine@@YAXH@Z,388,1,10,unrecovered,,,2,exact,exact,
P3,1421,0x00589A30,?change_opening@@YAHPAD@Z,258,1,4,unrecovered,,,2,exact,entry_range,int (__cdecl ?change_opening@@YAHPAD@Z)(int8* lpszFileName)
P3,2020,0x00589B20,?close_opening@@YAXXZ,55,2,0,unrecovered,,,2,exact,exact,
P3,1120,0x00589B60,?init_opening@@YAHPBD@Z,489,0,11,unrecovered,,,2,exact,entry_range,
P3,9620,0x00589D30,?config_game@@YAHH@Z,10376,2,76,unrecovered,,,2,exact,entry_range,
P3,4920,0x0058C2A0,?custom_planet@@YAHHH@Z,3630,2,29,unrecovered,,,2,exact,entry_range,
P3,6520,0x0058CED0,?size_of_planet@@YAHH@Z,2438,3,35,unrecovered,,,2,exact,entry_range,
P3,3421,0x0058D6B0,?map_menu@@YAHH@Z,1396,1,24,unrecovered,,,2,exact,entry_range,int (__cdecl ?map_menu@@YAHH@Z)(BOOL isQuickStart)
P3,6420,0x0058DB30,?multiplayer_init@@YAHH@Z,2094,2,44,unrecovered,,,2,exact,exact,
P3,7820,0x0058E360,?top_menu@@YAHH@Z,3090,2,58,unrecovered,,,2,exact,entry_range,
P2,7520,0x0058EE60,?desktop_init@@YAHH@Z,395,6,15,unrecovered,,,2,exact,exact,
P3,1520,0x0058EFF0,?desktop_close@@YAXXZ,65,1,5,unrecovered,,,2,exact,exact,
P3,3320,0x0058F040,?system_init@@YAHXZ,538,1,23,unrecovered,,,2,exact,entry_range,
P3,1620,0x0058F250,?system_close@@YAXXZ,150,1,6,unrecovered,,,2,exact,exact,
P3,5221,0x0058F2F0,?game_init@@YAHHH@Z,305,4,12,unrecovered,,,2,exact,exact,"BOOL (__cdecl ?game_init@@YAHHH@Z)(BOOL tglParseStrings, BOOL tglAllRules)"
P3,1220,0x0058F430,?game_close@@YAXH@Z,20,1,2,unrecovered,,,2,exact,exact,
P3,3121,0x0058F450,?game_reload@@YAHHH@Z,151,2,11,unrecovered,,,2,exact,exact,"int (__cdecl ?game_reload@@YAHHH@Z)(int, BOOL tglAllRules)"
P3,210,0x0058F4F0,sub_58f4f0,281,0,2,unrecovered,,,1,missing,exact,
P3,4220,0x0058F610,?say_special@@YAXPADPADH@Z,230,4,2,unrecovered,,,2,exact,exact,
P3,1220,0x0058F700,?say_fac_special@@YAXPADPADH@Z,266,1,2,unrecovered,,,2,exact,exact,
P2,8520,0x0058F810,?get_phrase@@YAPADHH@Z,146,8,5,unrecovered,,,2,exact,exact,
P2,9720,0x0058F8B0,?get_noun_phrase@@YAPADHH@Z,281,9,7,unrecovered,,,2,exact,exact,
P2,8120,0x0058F9D0,?get_pact@@YAPADH@Z,73,8,1,unrecovered,,,2,exact,exact,
P3,1120,0x0058FA20,?get_pacts@@YAPADH@Z,73,1,1,unrecovered,,,2,exact,exact,
P3,2120,0x0058FA70,?get_pacts@@YAPADHH@Z,138,2,1,unrecovered,,,2,exact,exact,
P2,10120,0x0058FB00,?get_pact_hood@@YAPADHH@Z,97,10,1,unrecovered,,,2,exact,exact,
P3,10,0x0058FB70,sub_58fb70,66,0,0,unrecovered,,,1,missing,exact,
P3,4220,0x0058FBC0,?get_his_her@@YAPADHH@Z,139,4,2,unrecovered,,,2,exact,exact,
P2,5220,0x0058FC50,?get_him_her@@YAPADHH@Z,139,5,2,unrecovered,,,2,exact,exact,
P2,6220,0x0058FCE0,?get_he_she@@YAPADHH@Z,139,6,2,unrecovered,,,2,exact,exact,
P0,1004121,0x0058FD90,?unlock@SquareLock@@QAEXH@Z,231,4,1,source_complete,ui_dependency,recover_square_lock_unlock,2,exact,exact,"void (__thiscall ?unlock@SquareLock@@QAEXH@Z)(SquareLock* this, int)"
P0,1004121,0x0058FE80,?lock@SquareLock@@QAEHHHHH@Z,232,4,1,source_complete,ui_dependency,recover_square_lock_lock,2,exact,exact,"BOOL (__thiscall ?lock@SquareLock@@QAEHHHHH@Z)(SquareLock* this, int factionID, int flags, int xCoord, int yCoord)"
P3,211,0x00590000,?lock@PlayerLock@@QAEHHHHHHHH@Z,147,0,2,unrecovered,,,1,missing,exact,"int (__thiscall ?lock@PlayerLock@@QAEHHHHHHHH@Z)(PlayerLock* this, int, int, int, int, int, int, int)"
P3,10,0x00590500,sub_590500,153,0,0,unrecovered,,,1,exact,missing,
P3,320,0x00590510,?say_reactor@@YAXPAXHH@Z,165,0,3,unrecovered,,,2,exact,exact,
P3,320,0x005905C0,?say_weapon@@YAXPAXHH@Z,300,0,3,unrecovered,,,2,exact,exact,
P3,320,0x005906F0,?say_armor@@YAXPAXHH@Z,261,0,3,unrecovered,,,2,exact,exact,
P3,320,0x00590800,?say_chassis@@YAXPAXHH@Z,269,0,3,unrecovered,,,2,exact,exact,
P3,1220,0x00590910,?say_facility@@YAXPAXHH@Z,126,1,2,unrecovered,,,2,exact,exact,
P3,220,0x00590990,?say_project@@YAXPAXHH@Z,126,0,2,unrecovered,,,2,exact,exact,
P3,220,0x00590A10,?say_society@@YAXPAXHH@Z,131,0,2,unrecovered,,,2,exact,exact,
P3,220,0x00590AA0,?say_ability@@YAXPAXHH@Z,130,0,2,unrecovered,,,2,exact,exact,
P3,320,0x00590B30,?say_techs@@YAXPAXHH@Z,106,0,3,unrecovered,,,2,exact,exact,
P3,220,0x00590BA0,?say_vehicles@@YAXPAXHH@Z,116,0,2,unrecovered,,,2,exact,exact,
P3,10,0x00590CB0,sub_590cb0,18,0,0,unrecovered,,,1,missing,exact,
P3,10,0x00590CD0,sub_590cd0,22,0,0,unrecovered,,,1,missing,exact,
P3,10,0x00590CF0,sub_590cf0,31,0,0,unrecovered,,,1,missing,exact,
P3,10,0x00590D10,sub_590d10,45,0,0,unrecovered,,,1,missing,exact,
P3,0,0x00590D40,sub_590d40,28,0,0,unrecovered,,,0,missing,missing,
P3,10,0x00590D60,sub_590d60,11,0,0,unrecovered,,,1,exact,missing,
P3,10,0x00590D70,sub_590d70,67,0,0,unrecovered,,,1,missing,exact,
P3,310,0x00590DC0,sub_590dc0,208,0,3,unrecovered,,,1,missing,exact,
P0,1004521,0x00591290,?alt_set@@YAXHHH@Z,1540,3,15,original_dependency,game_service,recover_map_mutation,2,exact,exact,"void (__cdecl ?alt_set@@YAXHHH@Z)(int xCoord, int yCoord, int)"
P3,10,0x00591E90,sub_591e90,105,0,0,unrecovered,,,1,missing,exact,
P3,4521,0x00592250,?say_loc@@YAXPADHHHHH@Z,429,4,5,unrecovered,,,2,exact,exact,"void (__cdecl ?say_loc@@YAXPADHHHHH@Z)(int8*, int xCoord, int yCoord, int, int, int)"
P3,10,0x00592480,sub_592480,208,0,0,unrecovered,,,1,missing,exact,
P3,1121,0x005927D0,?delete_landmark@@YAXHH@Z,360,1,1,unrecovered,,,2,exact,exact,"void (__cdecl ?delete_landmark@@YAXHH@Z)(int xCoord, int yCoord)"
P0,1002020,0x00592940,?fixup_landmarks@@YAXXZ,308,2,0,original_dependency,game_service,recover_map_fixup,2,exact,exact,
P2,6020,0x00592A80,?set_dirty@@YAXXZ,102,6,0,unrecovered,,,2,exact,exact,
P3,2020,0x00592AF0,?clear_dirty@@YAXXZ,76,2,0,unrecovered,,,2,exact,exact,
P3,410,0x00592B40,sub_592b40,559,0,4,unrecovered,,,1,missing,exact,
P3,10,0x00592D70,sub_592d70,24,0,0,unrecovered,,,1,missing,exact,
P3,10,0x00592D90,sub_592d90,26,0,0,unrecovered,,,1,missing,exact,
P3,10,0x00592DB0,sub_592db0,44,0,0,unrecovered,,,1,missing,exact,
P3,110,0x00592DE0,sub_592de0,46,0,1,unrecovered,,,1,missing,exact,
P2,12121,0x00592E10,?message_veh@@YAXHHHH@Z,96,12,1,unrecovered,,,2,exact,exact,"void (__cdecl ?message_veh@@YAXHHHH@Z)(int, int vehID, int xCoord, int yCoord)"
P3,2220,0x00592E70,?message_base@@YAXHHPADH@Z,106,2,2,unrecovered,,,2,exact,exact,
P0,1092120,0x00592EE0,?message_data@@YAXHHHHHH@Z,108,92,1,original_dependency,ui_dependency,recover_message_data,2,exact,exact,
P3,110,0x00592F50,sub_592f50,153,0,1,unrecovered,,,1,missing,exact,
P3,1120,0x00592FF0,?message_big_data@@YAXHHPAHH@Z,153,1,1,unrecovered,,,2,exact,exact,
P3,2120,0x00593090,?message_lock@@YAXHHHHHHHH@Z,120,2,1,unrecovered,,,2,exact,exact,
P3,1220,0x00593110,?message_landmark@@YAXHHPADHHHH@Z,128,1,2,unrecovered,,,2,exact,exact,
P3,3220,0x00593190,?message_chat@@YAXHHPAD@Z,133,3,2,unrecovered,,,2,exact,exact,
P3,100,0x00593370,sub_593370,28,0,1,unrecovered,,,0,missing,missing,
P3,110,0x00593480,sub_593480,34,0,1,unrecovered,,,1,missing,exact,
P3,5721,0x00593A00,?supply_options@@YAHHH@Z,4374,2,37,unrecovered,,,2,exact,entry_range,"int (__cdecl ?supply_options@@YAHHH@Z)(int vehID, int baseID)"
P2,16121,0x005947C0,?order_veh@@YAHHHH@Z,23716,5,111,unrecovered,,,2,exact,entry_range,"int (__cdecl ?order_veh@@YAHHHH@Z)(int vehID, int factionID, int)"
P3,110,0x0059A1B0,??__EPaths@@YAXXZ,12,0,1,unrecovered,,,1,exact,missing,
P3,110,0x0059A1C0,??__FPaths@@YAXXZ,85,0,1,unrecovered,,,1,exact,missing,
P3,111,0x0059A320,??1Path@@QAE@XZ,72,0,1,unrecovered,,,1,missing,exact,void (__thiscall ??1Path@@QAE@XZ)(Path* this)
P3,100,0x0059D230,sub_59d230,19,0,1,unrecovered,,,0,missing,missing,
P2,16821,0x0059D250,?exec@PopMenu@@QAEXHHP6AHXZ@Z,322,16,8,unrecovered,,,2,exact,exact,"void (__thiscall ?exec@PopMenu@@QAEXHHP6AHXZ@Z)(PopMenu* this, int, int, int (__cdecl *)())"
P3,1820,0x0059D3B0,?popm@@YAHPADPADHHP6AHXZ@Z,968,0,18,unrecovered,,,2,exact,entry_range,
P3,2820,0x0059D690,?popm@@YAHPADHHP6AHXZ@Z,969,1,18,unrecovered,,,2,exact,entry_range,
P3,14021,0x0059F120,?probe@@YAHHHHH@Z,28292,2,120,unrecovered,,,2,exact,entry_range,"int (__cdecl ?probe@@YAHHHHH@Z)(int vehID1, int baseID, int vehID2, int)"
P3,1120,0x005A58B0,?space@@YAXXZ,19,1,1,unrecovered,,,2,exact,exact,
P3,2421,0x005A6270,?proto_sort@@YAXH@Z,345,2,4,unrecovered,,,2,exact,exact,void (__cdecl ?proto_sort@@YAXH@Z)(int factionID)
P2,5221,0x005A63D0,?proto_sort_2@@YAXH@Z,315,5,2,unrecovered,,,2,exact,exact,void (__cdecl ?proto_sort_2@@YAXH@Z)(int factionID)
P3,10,0x005A6510,sub_5a6510,132,0,0,unrecovered,,,1,missing,exact,
P3,3321,0x005A66E0,?encrypt_write@@YAHPAXIIPAUFILE@@@Z,200,3,3,unrecovered,,,2,exact,exact,"int (__cdecl ?encrypt_write@@YAHPAXIIPAUFILE@@@Z)(void*, unsigned int, unsigned int, FILE* file)"
P3,3321,0x005A67B0,?encrypt_read@@YAHPAXIIPAUFILE@@@Z,214,3,3,unrecovered,,,2,exact,exact,"int (__cdecl ?encrypt_read@@YAHPAXIIPAUFILE@@@Z)(void* buffer, unsigned int block, unsigned int count, FILE* file)"
P3,1421,0x005A6890,?game_io@@YAHHPAUFILE@@@Z,560,1,4,unrecovered,,,2,exact,exact,"int (__cdecl ?game_io@@YAHHPAUFILE@@@Z)(int, FILE* file)"
P3,3821,0x005A6AC0,?game_data@@YAHPAUFILE@@H@Z,10169,2,18,unrecovered,,,2,exact,exact,"int (__cdecl ?game_data@@YAHPAUFILE@@H@Z)(FILE* file, int)"
P3,2721,0x005A9280,?map_data@@YAHPAUFILE@@HH@Z,621,2,7,unrecovered,,,2,exact,exact,"int (__cdecl ?map_data@@YAHPAUFILE@@HH@Z)(FILE* file, int, int)"
P0,1007020,0x005A94F0,?save_daemon@@YAHPAD@Z,467,6,10,original_dependency,game_service,recover_save_orchestration,2,exact,exact,
P0,1004721,0x005A9760,?load_daemon@@YAHPADH@Z,953,3,17,original_dependency,game_service,recover_load_orchestration,2,exact,exact,"int (__cdecl ?load_daemon@@YAHPADH@Z)(int8* path, int* toggle)"
P3,1820,0x005A9B20,?save_map_daemon@@YAHPAD@Z,229,1,8,unrecovered,,,2,exact,exact,
P3,3020,0x005A9C10,?load_map_daemon@@YAHPAD@Z,413,2,10,unrecovered,,,2,exact,exact,
P3,1520,0x005A9DB0,?yearmotize@@YAXPAD@Z,256,1,5,unrecovered,,,2,exact,exact,
P2,10720,0x005A9EB0,?save_game@@YAHH@Z,3901,6,47,unrecovered,,,2,exact,entry_range,
P3,8420,0x005AAAB0,?load_game@@YAHHH@Z,3414,3,54,unrecovered,,,2,exact,entry_range,
P3,7420,0x005AB600,?load_map@@YAHXZ,1797,4,34,unrecovered,,,2,exact,entry_range,
P3,2520,0x005ABB90,?save_map@@YAXXZ,401,1,15,unrecovered,,,2,exact,entry_range,
P3,3021,0x005ABFF0,?get_rating@@YAHHH@Z,97,3,0,unrecovered,,,2,exact,exact,"int (__cdecl ?get_rating@@YAHHH@Z)(int factionID, int)"
P2,9521,0x005AC110,?num_objectives@@YAHHH@Z,1161,9,5,unrecovered,,,2,exact,exact,"int (__cdecl ?num_objectives@@YAHHH@Z)(int factionID, int)"
P3,2120,0x005AC5A0,?most_objectives@@YAHPAHPAH@Z,143,2,1,unrecovered,,,2,exact,exact,
P3,3720,0x005AC690,?rankings@@YAXH@Z,1350,3,7,unrecovered,,,2,exact,exact,
P3,4621,0x005ACBE0,?compute_score@@YAXHPAHPAHH@Z,1997,4,6,unrecovered,,,2,exact,exact,"void (__cdecl ?compute_score@@YAXHPAHPAHH@Z)(int factionID, int*, int*, int)"
P3,0,0x005AD450,sub_5ad450,32,0,0,unrecovered,,,0,missing,missing,
P3,10,0x005AD470,sub_5ad470,80,0,0,unrecovered,,,1,missing,start_only,
P3,10,0x005AD4C0,sub_5ad4c0,64,0,0,unrecovered,,,1,missing,exact,
P3,10,0x005AD500,sub_5ad500,96,0,0,unrecovered,,,1,missing,start_only,
P3,2321,0x005AD560,?make_bases@ReplayWin@@QAEXXZ,167,2,3,unrecovered,,,2,exact,exact,void (__thiscall ?make_bases@ReplayWin@@QAEXXZ)(ReplayWin* this)
P3,721,0x005AD610,?on_redraw@ReplayWin@@QAEXXZ,271,0,7,unrecovered,,,2,exact,exact,void (__thiscall ?on_redraw@ReplayWin@@QAEXXZ)(ReplayWin* this)
P3,2121,0x005AD720,?init@ReplayWin@@QAEXXZ,634,1,11,unrecovered,,,2,exact,exact,void (__thiscall ?init@ReplayWin@@QAEXXZ)(ReplayWin* this)
P3,311,0x005AD9A0,?close@ReplayWin@@QAEXXZ,64,0,3,unrecovered,,,1,missing,start_only,void (__thiscall ?close@ReplayWin@@QAEXXZ)(ReplayWin* this)
P3,1521,0x005AD9E0,?timer_callback@ReplayWin@@QAEXXZ,492,1,5,unrecovered,,,2,exact,exact,void (__thiscall ?timer_callback@ReplayWin@@QAEXXZ)(ReplayWin* this)
P3,120,0x005ADBD0,?timer_callback_daemon@ReplayWin@@QAAXH@Z,17,0,1,unrecovered,,,2,exact,exact,
P3,6320,0x005ADBF0,?show_replay@@YAXXZ,951,4,23,unrecovered,,,2,exact,entry_range,
P2,5220,0x005ADE80,?replay_base@@YAXHHHH@Z,131,5,2,unrecovered,,,2,exact,exact,
P0,1002021,0x005ADF10,??1ReplayWin@@QAE@XZ,667,1,10,original_dependency,ui_dependency,recover_owning_class,2,exact,entry_range,void (__thiscall ??1ReplayWin@@QAE@XZ)(ReplayWin* this)
P3,6120,0x005AE120,?crash_landing@@YAXH@Z,3800,1,51,unrecovered,,,2,exact,entry_range,
P3,3720,0x005AEDE0,?time_warp@@YAXXZ,5682,1,27,unrecovered,,,2,exact,exact,
P3,1620,0x005B0420,?balance@@YAXXZ,1548,1,6,unrecovered,,,2,exact,exact,
P3,2820,0x005B0A30,?scenario_setup@@YAXXZ,825,2,8,unrecovered,,,2,exact,exact,
P3,7721,0x005B0E00,?setup_player@@YAHHHH@Z,9596,4,37,unrecovered,,,2,exact,exact,"int (__cdecl ?setup_player@@YAHHHH@Z)(int8*, int protoID, int)"
P2,9720,0x005B3380,?eliminate_player@@YAHHH@Z,1350,8,17,unrecovered,,,2,exact,exact,
P3,6220,0x005B3920,?setup_game@@YAXH@Z,2273,4,22,unrecovered,,,2,exact,exact,
P0,1005520,0x005B4600,?social_set@@YAXH@Z,289,5,5,original_dependency,game_service,recover_social_model,2,exact,exact,
P3,4521,0x005B5620,?social_select@@YAXH@Z,104,4,5,unrecovered,,,2,exact,exact,void (__cdecl ?social_select@@YAXH@Z)(int factionID)
P3,1120,0x005B5700,sub_5b5700,202,1,1,unrecovered,,,2,exact,exact,
P2,8121,0x005B57D0,?spot_base@@YAXHH@Z,258,8,1,unrecovered,,,2,exact,exact,"void (__cdecl ?spot_base@@YAXHH@Z)(int baseID, int factionID)"
P3,2121,0x005B58E0,?spot_stack@@YAXHH@Z,385,2,1,unrecovered,,,2,exact,exact,"void (__cdecl ?spot_stack@@YAXHH@Z)(int vehID, int factionID)"
P3,2021,0x005B5A70,?unspot_stack@@YAXH@Z,85,2,0,unrecovered,,,2,exact,exact,void (__cdecl ?unspot_stack@@YAXH@Z)(int vehID)
P2,6321,0x005B5AD0,?spot_loc@@YAXHHH@Z,821,6,3,unrecovered,,,2,exact,exact,"void (__cdecl ?spot_loc@@YAXHHH@Z)(int xCoord, int yCoord, int factionID)"
P3,10,0x005B5E10,sub_5b5e10,144,0,0,unrecovered,,,1,missing,start_only,
P3,111,0x005B61A0,sub_5b61a0,185,0,1,unrecovered,,,1,missing,exact,int (__cdecl sub_5B61A0)(int vehID)
P2,8121,0x005B6260,?spot_all@@YAXHH@Z,10370,6,21,unrecovered,,,2,exact,exact,"void (__cdecl ?spot_all@@YAXHH@Z)(uint32_t vehID, BOOL tgl)"
P2,10721,0x005B8EE0,?stack_veh@@YAHHH@Z,1583,10,7,unrecovered,,,2,exact,exact,"int (__cdecl ?stack_veh@@YAHHH@Z)(int vehID, int)"
P2,5121,0x005B9510,?stack_kill@@YAXH@Z,103,5,1,unrecovered,,,2,exact,exact,void (__cdecl ?stack_kill@@YAXH@Z)(int vehID)
P3,511,0x005BADC0,?tech_secret@@YAXHH@Z,148,0,5,unrecovered,,,1,missing,exact,"void (__cdecl ?tech_secret@@YAXHH@Z)(int techID, int factionID)"
P1,30321,0x005BB000,?tech_achieved@@YAXHHHH@Z,7779,24,63,unrecovered,,,2,exact,entry_range,"void (__cdecl ?tech_achieved@@YAXHHHH@Z)(int factionID1, int techID, int factionID2, int)"
P0,1014521,0x005BCBE0,?tech_val@@YAHHHH@Z,4133,14,5,source_complete,legacy_diagnostic,preserve_exported_diagnostic,2,exact,exact,"int (__cdecl ?tech_val@@YAHHHH@Z)(int techID, int factionID, BOOL simpleCalc)"
P3,810,0x005BDE20,tech_wizard_unk1,728,0,8,unrecovered,,,1,missing,exact,
P3,110,0x005BE2A0,tech_wizard_unk2,216,0,1,unrecovered,,,1,missing,exact,
P3,3621,0x005BE380,?tech_selection@@YAHH@Z,426,3,6,unrecovered,,,2,exact,exact,int (__cdecl ?tech_selection@@YAHH@Z)(int factionID)
P2,8621,0x005BE530,?tech_advance@@YAHH@Z,373,8,6,unrecovered,,,2,exact,exact,int (__cdecl ?tech_advance@@YAHH@Z)(int factionID)
P3,1620,0x005BE940,?tech_research@@YAXHH@Z,560,1,6,unrecovered,,,2,exact,exact,
P3,3521,0x005BEB70,?tech_pick@@YAHHHHPAD@Z,275,3,5,unrecovered,,,2,exact,entry_range,"int (__cdecl ?tech_pick@@YAHHHHPAD@Z)(int factionID, int, int, int8* sectionID)"
P2,19221,0x005BECA0,?X_text_open@@YAHPADPBD@Z,119,19,2,unrecovered,,,2,exact,exact,"int (__cdecl ?X_text_open@@YAHPADPBD@Z)(int8* srcFileID, int8* sectionID)"
P3,2221,0x005BED20,?do_unity_crash@@YAHHHH@Z,703,1,12,unrecovered,,,2,exact,exact,"int (__cdecl ?do_unity_crash@@YAHHHH@Z)(int xCoord, int yCoord, int factionID)"
P0,1070120,0x005BF310,?X_pop@@YAHPBDP6AHXZ@Z,32,70,1,original_dependency,game_service,recover_script_popup,2,exact,exact,
P3,210,0x005BF350,?X_pop@@YAHPADPBDPADHP6AHXZ@Z,52,0,2,unrecovered,,,1,missing,exact,
P0,1009421,0x005BF480,?X_pop@@YAHPADPBDHPADHP6AHXZ@Z,322,9,4,original_dependency,ui_dependency,recover_x_pop_full,2,exact,exact,"int (__cdecl ?X_pop@@YAHPADPBDHPADHP6AHXZ@Z)(int8*, int8*, int length, int8*, int, int (__cdecl *)())"
P3,210,0x005BF6F0,?X_pops@@YAHPADPBDPADHPAUSprite@@P6AHXZ@Z,60,0,2,unrecovered,,,1,missing,exact,
P3,210,0x005BF730,?X_pops@@YAHPADPBDPADHPAUSprite@@HHP6AHXZ@Z,64,0,2,unrecovered,,,1,missing,exact,
P0,1017421,0x005BF930,?X_pops@@YAHPADPBDHPADHPAUSprite@@HHP6AHXZ@Z,370,17,4,original_dependency,ui_dependency,recover_x_pops_full,2,exact,exact,"int (__cdecl ?X_pops@@YAHPADPBDHPADHPAUSprite@@HHP6AHXZ@Z)(int8*, int8*, int length, int8*, int, Sprite*, int, int, int (__cdecl *)())"
P2,11120,0x005BFAB0,?X_pop_ask@@YAHPBDHPADP6AHXZH@Z,38,11,1,unrecovered,,,2,exact,exact,
P3,110,0x005BFAE0,?X_pop_ask@@YAHPADPBDHP6AHXZH@Z,35,0,1,unrecovered,,,1,missing,exact,
P3,110,0x005BFB10,?X_pop_ask@@YAHPBDHP6AHXZH@Z,36,0,1,unrecovered,,,1,missing,exact,
P3,210,0x005BFB40,?X_pop_ask@@YAHPADPBDPADP6AHXZH@Z,52,0,2,unrecovered,,,1,missing,exact,
P3,210,0x005BFB80,?X_pop_ask@@YAHPBDPADP6AHXZH@Z,64,0,2,unrecovered,,,1,missing,start_only,
P2,5420,0x005BFBC0,?X_pop_ask@@YAHPADPBDHPADP6AHXZH@Z,322,5,4,unrecovered,,,2,exact,exact,
P2,7120,0x005BFD10,?X_pop_ask_number@@YAHPBDHP6AHXZ@Z,30,7,1,unrecovered,,,2,exact,exact,
P3,110,0x005BFD30,?X_pop_ask_number@@YAHPADPBDP6AHXZ@Z,27,0,1,unrecovered,,,1,missing,exact,
P3,110,0x005BFD50,?X_pop_ask_number@@YAHPBDP6AHXZ@Z,28,0,1,unrecovered,,,1,missing,exact,
P3,3420,0x005BFD70,?X_pop_ask_number@@YAHPADPBDHP6AHXZ@Z,286,3,4,unrecovered,,,2,exact,exact,
P2,14221,0x005C03D0,?veh_init@@YAHHHHH@Z,1264,13,12,unrecovered,,,2,exact,exact,"int (__cdecl ?veh_init@@YAHHHHH@Z)(int protoID, int factionID, int xCoord, int yCoord)"
P2,15621,0x005C08C0,?veh_kill@@YAXH@Z,564,15,6,unrecovered,,,2,exact,exact,void (__cdecl ?veh_kill@@YAXH@Z)(int vehID)
P1,25921,0x005C0B00,?kill@@YAXH@Z,432,25,9,unrecovered,,,2,exact,exact,void (__cdecl ?kill@@YAXH@Z)(int vehID)
P3,3120,0x005C0CB0,?veh_find@@YAHHHHH@Z,249,3,1,unrecovered,,,2,exact,exact,
P2,11121,0x005C1A20,?veh_selectable@@YAHH@Z,138,11,1,unrecovered,,,2,exact,exact,int (__cdecl ?veh_selectable@@YAHH@Z)(int vehID)
P3,1221,0x005C1AB0,?veh_unmoved@@YAHH@Z,191,1,2,unrecovered,,,2,exact,exact,int (__cdecl ?veh_unmoved@@YAHH@Z)(int vehID)
P2,14221,0x005C1B70,?veh_ready@@YAHH@Z,200,14,2,unrecovered,,,2,exact,exact,int (__cdecl ?veh_ready@@YAHH@Z)(int vehID)
P3,2121,0x005C1E20,?init@Fractal@@QAEXXZ,242,2,1,unrecovered,,,2,exact,exact,void (__thiscall ?init@Fractal@@QAEXXZ)(Fractal* this)
P3,3021,0x005C1F20,?UNK1@Fractal@@QAEHHH@Z,153,3,0,unrecovered,,,2,exact,exact,"int (__thiscall ?UNK1@Fractal@@QAEHHH@Z)(Fractal* this, int, int)"
P3,111,0x005C1FC0,?UNK2@Fractal@@QAEHHHH@Z,96,0,1,unrecovered,,,1,missing,start_only,"int (__thiscall ?UNK2@Fractal@@QAEHHHH@Z)(Fractal* this, int, int, int)"
P3,1720,0x005C2CB0,?world_erosion@@YAXXZ,1513,1,7,unrecovered,,,2,exact,exact,
P3,2520,0x005C32A0,?world_rocky@@YAXXZ,415,2,5,unrecovered,,,2,exact,exact,
P3,2520,0x005C3440,?world_fungus@@YAXXZ,568,2,5,unrecovered,,,2,exact,exact,
P3,1420,0x005C38B0,?world_rivers@@YAXXZ,1718,1,4,unrecovered,,,2,exact,exact,
P3,3720,0x005C3F70,?world_shorelines@@YAXXZ,371,3,7,unrecovered,,,2,exact,exact,
P3,111,0x005C4410,?world_UNK1@@YAXHH@Z,87,0,1,unrecovered,,,1,missing,exact,"void (__cdecl ?world_UNK1@@YAXHH@Z)(int xCoord, int yCoord)"
P0,1003420,0x005C4470,?world_rainfall@@YAXXZ,2897,3,4,original_dependency,game_service,recover_world_generation,2,exact,exact,
P2,8220,0x005C4FD0,?world_site@@YAHHHH@Z,1509,8,2,unrecovered,,,2,exact,exact,
P2,19220,0x005C5A30,?world_climate@@YAXXZ,171,18,12,unrecovered,,,2,exact,exact,
P3,7320,0x005C86E0,?world_build@@YAXXZ,701,4,33,unrecovered,,,2,exact,exact,
P3,2621,0x005C8DA0,??0Gamma@@QAE@XZ,280,2,6,unrecovered,,,2,exact,entry_range,void (__thiscall ??0Gamma@@QAE@XZ)(Gamma* this)
P3,4421,0x005C8E60,?exec@Gamma@@QAEXPAUPalette@@MH@Z,1221,2,24,unrecovered,,,2,exact,exact,"void (__thiscall ?exec@Gamma@@QAEXPAUPalette@@MH@Z)(Gamma* this, Palette*, float, int)"
P3,3421,0x005C9330,?close@Gamma@@QAEXXZ,91,3,4,unrecovered,,,2,exact,exact,void (__thiscall ?close@Gamma@@QAEXXZ)(Gamma* this)
P3,111,0x005C9390,?on_scrolled@Gamma@@QAEXHH@Z,8,0,1,unrecovered,,,1,exact,missing,"void (__thiscall ?on_scrolled@Gamma@@QAEXHH@Z)(Gamma* this, int, int)"
P3,21,0x005C93C0,?on_button_clicked@Gamma@@QAEXH@Z,70,0,0,unrecovered,,,2,exact,exact,"void (__thiscall ?on_button_clicked@Gamma@@QAEXH@Z)(Gamma* this, int)"
P3,821,0x005C9420,?on_redraw@Gamma@@QAEXXZ,253,0,8,unrecovered,,,2,exact,exact,void (__thiscall ?on_redraw@Gamma@@QAEXXZ)(Gamma* this)
P3,2421,0x005C9520,?adjust_palette@Gamma@@QAEXXZ,192,2,4,unrecovered,,,2,exact,exact,void (__thiscall ?adjust_palette@Gamma@@QAEXXZ)(Gamma* this)
P3,1421,0x005C95E0,?adjust_pal@Gamma@@QAEXN@Z,465,1,4,unrecovered,,,2,exact,exact,"void (__thiscall ?adjust_pal@Gamma@@QAEXN@Z)(Gamma* this, unknown float)"
P0,1001321,0x005C97F0,??0MultiDebug@@QAE@XZ,144,1,3,original_dependency,ui_dependency,recover_owning_class,2,exact,entry_range,void (__thiscall ??0MultiDebug@@QAE@XZ)(MultiDebug* this)
P3,1421,0x005C9860,?init@MultiDebug@@QAEHPAUNet@@PAUWin@@PAE@Z,123,1,4,unrecovered,,,2,exact,exact,"int (__thiscall ?init@MultiDebug@@QAEHPAUNet@@PAUWin@@PAE@Z)(MultiDebug* this, Net*, Win*, LPBYTE)"
P3,1,0x005C98F0,?timer_callback@MultiDebug@@QAEXXZ,8,0,0,unrecovered,,,0,missing,missing,void (__thiscall ?timer_callback@MultiDebug@@QAEXXZ)(MultiDebug* this)
P3,20,0x005C9900,?timer_callback_daemon@MultiDebug@@QAAXH@Z,20,0,0,unrecovered,,,2,exact,exact,
P3,821,0x005C9920,?on_redraw@MultiDebug@@QAEXXZ,1241,0,8,unrecovered,,,2,exact,exact,void (__thiscall ?on_redraw@MultiDebug@@QAEXXZ)(MultiDebug* this)
P0,1001321,0x005C9E00,??1MultiDebug@@QAE@XZ,151,1,3,original_dependency,ui_dependency,recover_owning_class,2,exact,entry_range,void (__thiscall ??1MultiDebug@@QAE@XZ)(MultiDebug* this)
P3,3420,0x005C9EC0,sub_5c9ec0,876,3,4,unrecovered,,,2,exact,exact,
P3,1020,0x005CA230,sub_5ca230,216,1,0,unrecovered,,,2,exact,exact,
P3,1420,0x005CA310,sub_5ca310,940,1,4,unrecovered,,,2,exact,exact,
P3,1120,0x005CA6C0,sub_5ca6c0,667,1,1,unrecovered,,,2,exact,exact,
P3,1120,0x005CA970,sub_5ca970,305,1,1,unrecovered,,,2,exact,exact,
P3,1310,0x005CAAB0,sub_5caab0,841,0,13,unrecovered,,,1,exact,missing,
P3,1120,0x005CAE00,sub_5cae00,121,1,1,unrecovered,,,2,exact,exact,
P3,2021,0x005CAE80,sub_5cae80,454,1,10,unrecovered,,,2,start_only,exact,"int (__cdecl sub_5CAE80)(LPSTR pszFileName, int, int)"
P3,1221,0x005CB050,sub_5cb050,464,1,2,unrecovered,,,2,exact,exact,int (__thiscall sub_5CB050)(LPSTR pszFileName)
P3,1820,0x005CB220,sub_5cb220,1003,1,8,unrecovered,,,2,exact,exact,
P3,1020,0x005CB610,sub_5cb610,66,1,0,unrecovered,,,2,exact,exact,
P3,1020,0x005CB660,sub_5cb660,95,1,0,unrecovered,,,2,exact,exact,
P3,2220,0x005CB6C0,sub_5cb6c0,1041,2,2,unrecovered,,,2,exact,exact,
P3,2020,0x005CBAE0,sub_5cbae0,214,2,0,unrecovered,,,2,exact,exact,
P3,2020,0x005CBBC0,sub_5cbbc0,53,2,0,unrecovered,,,2,exact,exact,
P3,1020,0x005CBC00,sub_5cbc00,554,1,0,unrecovered,,,2,exact,exact,
P3,1520,0x005CBE30,sub_5cbe30,794,1,5,unrecovered,,,2,exact,exact,
P3,1120,0x005CC150,sub_5cc150,345,1,1,unrecovered,,,2,exact,exact,
P3,1020,0x005CC2B0,sub_5cc2b0,380,1,0,unrecovered,,,2,exact,exact,
P3,1020,0x005CC430,sub_5cc430,27,1,0,unrecovered,,,2,exact,exact,
P3,1120,0x005CC450,sub_5cc450,701,1,1,unrecovered,,,2,exact,exact,
P3,2220,0x005CC710,sub_5cc710,326,2,2,unrecovered,,,2,exact,exact,
P3,1020,0x005CC860,sub_5cc860,213,1,0,unrecovered,,,2,exact,exact,
P3,3720,0x005CC940,sub_5cc940,2380,2,17,unrecovered,,,2,exact,exact,
P3,1120,0x005CD2D0,sub_5cd2d0,210,1,1,unrecovered,,,2,exact,exact,
P3,1020,0x005CD3B0,sub_5cd3b0,422,1,0,unrecovered,,,2,exact,exact,
P3,1020,0x005CD560,sub_5cd560,493,1,0,unrecovered,,,2,exact,exact,
P3,1020,0x005CD750,sub_5cd750,373,1,0,unrecovered,,,2,exact,exact,
P3,1220,0x005CD8D0,sub_5cd8d0,171,1,2,unrecovered,,,2,exact,exact,
P3,1220,0x005CD980,sub_5cd980,172,1,2,unrecovered,,,2,exact,exact,
P3,1120,0x005CDA30,sub_5cda30,148,1,1,unrecovered,,,2,exact,exact,
P3,1020,0x005CDAD0,sub_5cdad0,179,1,0,unrecovered,,,2,exact,exact,
P3,1020,0x005CDB90,sub_5cdb90,380,1,0,unrecovered,,,2,exact,exact,
P3,1020,0x005CDD10,sub_5cdd10,643,1,0,unrecovered,,,2,exact,exact,
P3,110,0x005CDFA0,sub_5cdfa0,784,0,1,unrecovered,,,1,start_only,missing,
P3,2120,0x005CE2B0,sub_5ce2b0,64,2,1,unrecovered,,,2,exact,exact,
P3,2020,0x005CE2F0,sub_5ce2f0,70,2,0,unrecovered,,,2,exact,exact,
P3,1120,0x005CE340,sub_5ce340,267,1,1,unrecovered,,,2,exact,exact,
P3,2020,0x005CE450,sub_5ce450,83,2,0,unrecovered,,,2,exact,exact,
P3,2020,0x005CE4B0,sub_5ce4b0,362,2,0,unrecovered,,,2,exact,exact,
P3,2020,0x005CE620,sub_5ce620,31,2,0,unrecovered,,,2,exact,exact,
P3,10,0x005CE640,sub_5ce640,163,0,0,unrecovered,,,1,missing,exact,
P3,1020,0x005CE6E3,sub_5ce6e3,375,1,0,unrecovered,,,2,exact,exact,
P3,1020,0x005CE85C,sub_5ce85c,429,1,0,unrecovered,,,2,exact,exact,
P3,1120,0x005CEA09,sub_5cea09,265,1,1,unrecovered,,,2,exact,exact,
P3,1020,0x005CEB12,sub_5ceb12,523,1,0,unrecovered,,,2,exact,exact,
P3,1020,0x005CED1D,sub_5ced1d,355,1,0,unrecovered,,,2,exact,exact,
P3,1020,0x005CEE80,sub_5cee80,266,1,0,unrecovered,,,2,exact,exact,
P3,1220,0x005CEF8A,sub_5cef8a,403,1,2,unrecovered,,,2,exact,exact,
P3,1020,0x005CF120,sub_5cf120,36,1,0,unrecovered,,,2,exact,exact,
P3,3020,0x005CF150,sub_5cf150,416,3,0,unrecovered,,,2,exact,exact,
P3,100,0x005CF2F0,sub_5cf2f0,727,0,1,unrecovered,,,0,missing,missing,
P3,2020,0x005CF5C7,OutputPixelRow,651,2,0,unrecovered,,,2,exact,exact,
P3,2020,0x005CF852,OutputPixelRow16,667,2,0,unrecovered,,,2,exact,exact,
P3,1420,0x005CFAED,sub_5cfaed,2015,1,4,unrecovered,,,2,exact,exact,
P3,1420,0x005D02CC,sub_5d02cc,2015,1,4,unrecovered,,,2,exact,exact,
P2,5120,0x005D0AAB,sub_5d0aab,727,5,1,unrecovered,,,2,exact,exact,
P3,1220,0x005D0D82,sub_5d0d82,1270,1,2,unrecovered,,,2,exact,exact,
P3,1220,0x005D1278,sub_5d1278,494,1,2,unrecovered,,,2,exact,exact,
P3,1220,0x005D1466,sub_5d1466,494,1,2,unrecovered,,,2,exact,exact,
P3,1220,0x005D1654,sub_5d1654,494,1,2,unrecovered,,,2,exact,exact,
P3,1220,0x005D1842,sub_5d1842,494,1,2,unrecovered,,,2,exact,exact,
P3,1220,0x005D1A30,sub_5d1a30,344,1,2,unrecovered,,,2,exact,exact,
P3,1020,0x005D1B88,sub_5d1b88,1199,1,0,unrecovered,,,2,exact,exact,
P3,1020,0x005D2037,sub_5d2037,1279,1,0,unrecovered,,,2,exact,exact,
P3,1020,0x005D2536,sub_5d2536,487,1,0,unrecovered,,,2,exact,exact,
P3,1020,0x005D271D,sub_5d271d,68,1,0,unrecovered,,,2,exact,exact,
P3,1020,0x005D2761,sub_5d2761,211,1,0,unrecovered,,,2,exact,exact,
P3,10,0x005D2834,sub_5d2834,205,0,0,unrecovered,,,1,exact,missing,
P3,10,0x005D2901,sub_5d2901,224,0,0,unrecovered,,,1,exact,missing,
P3,3020,0x005D29E1,sub_5d29e1,319,3,0,unrecovered,,,2,exact,exact,
P3,2020,0x005D2B20,sub_5d2b20,234,2,0,unrecovered,,,2,exact,exact,
P3,1020,0x005D2C0A,sub_5d2c0a,265,1,0,unrecovered,,,2,exact,exact,
P3,1020,0x005D2D20,sub_5d2d20,210,1,0,unrecovered,,,2,exact,exact,
P3,1020,0x005D2E00,sub_5d2e00,110,1,0,unrecovered,,,2,exact,exact,
P3,1520,0x005D2E70,sub_5d2e70,1844,1,5,unrecovered,,,2,exact,exact,
P3,1320,0x005D35B0,sub_5d35b0,976,1,3,unrecovered,,,2,exact,exact,
P3,1420,0x005D3980,sub_5d3980,1136,1,4,unrecovered,,,2,exact,exact,
P3,1320,0x005D3DF0,sub_5d3df0,344,1,3,unrecovered,,,2,exact,exact,
P3,1020,0x005D3F50,sub_5d3f50,196,1,0,unrecovered,,,2,exact,exact,
P3,1120,0x005D4020,sub_5d4020,529,1,1,unrecovered,,,2,exact,exact,
P3,10,0x005D4240,sub_5d4240,60,0,0,unrecovered,,,1,missing,exact,
P3,1020,0x005D427C,sub_5d427c,291,1,0,unrecovered,,,2,exact,start_only,
P3,1020,0x005D439F,sub_5d439f,169,1,0,unrecovered,,,2,exact,exact,
P3,1020,0x005D4448,sub_5d4448,180,1,0,unrecovered,,,2,exact,start_only,
P3,10,0x005D4540,Heap::Heap2,17,0,0,unrecovered,,,1,exact,missing,
P3,400,0x005D47D0,sub_5d47d0,129,0,4,unrecovered,,,0,missing,containing,
P3,120,0x005D4860,sub_5d4860,39,0,1,unrecovered,,,2,exact,exact,
P3,410,0x005D4890,sub_5d4890,253,0,4,unrecovered,,,1,missing,exact,
P3,120,0x005D4990,sub_5d4990,62,0,1,unrecovered,,,2,exact,exact,
P3,1320,0x005D49D0,sub_5d49d0,471,1,3,unrecovered,,,2,exact,exact,
P3,1020,0x005D4BB0,sub_5d4bb0,145,1,0,unrecovered,,,2,exact,exact,
P3,420,0x005D4C50,sub_5d4c50,108,0,4,unrecovered,,,2,exact,exact,
P3,120,0x005D4CC0,sub_5d4cc0,39,0,1,unrecovered,,,2,exact,exact,
P0,1185221,0x005D4DD0,??1GraphicWin@@QAE@XZ,121,185,2,source_complete,ui_dependency,recover_owning_class,2,exact,entry_range,void (__thiscall ??1GraphicWin@@QAE@XZ)(GraphicWin* this)
P2,7121,0x005D50A0,?init@GraphicWin@@QAEHPAURECT@@PADHPAUWin@@PAUMenu@@PAUBorderSizing@@@Z,72,7,1,unrecovered,,,2,exact,exact,"int (__thiscall ?init@GraphicWin@@QAEHPAURECT@@PADHPAUWin@@PAUMenu@@PAUBorderSizing@@@Z)(GraphicWin* this, RECT*, int8*, int, Win*, Menu*, BorderSizing*)"
P3,610,0x005D50F0,sub_5d50f0,325,0,6,unrecovered,,,1,missing,exact,
P2,18321,0x005D5350,?fill@GraphicWin@@QAEHPAURECT@@H@Z,238,18,3,unrecovered,,,2,exact,exact,"int (__thiscall ?fill@GraphicWin@@QAEHPAURECT@@H@Z)(GraphicWin* this, RECT*, int)"
P3,100,0x005D5470,sub_5d5470,34,0,1,unrecovered,,,0,missing,missing,
P3,100,0x005D54A0,sub_5d54a0,34,0,1,unrecovered,,,0,missing,missing,
P3,100,0x005D54D0,sub_5d54d0,34,0,1,unrecovered,,,0,missing,missing,
P3,2121,0x005D5500,?load_pcx@GraphicWin@@QAEHPADPAUPalette@@HH@Z,54,2,1,unrecovered,,,2,exact,exact,"int (__thiscall ?load_pcx@GraphicWin@@QAEHPADPAUPalette@@HH@Z)(GraphicWin* this, int8* lpszFileName, Palette*, int, int)"
P3,1321,0x005D5540,?resize@GraphicWin@@QAEXHHH@Z,80,1,3,unrecovered,,,2,exact,exact,"void (__thiscall ?resize@GraphicWin@@QAEXHHH@Z)(GraphicWin* this, int, int, int)"
P3,200,0x005D5590,sub_5d5590,60,0,2,unrecovered,,,0,missing,missing,
P3,2421,0x005D55D0,?update@GraphicWin@@QAEXHHHHPAUGraphicWin@@@Z,95,2,4,unrecovered,,,2,exact,exact,"void (__thiscall ?update@GraphicWin@@QAEXHHHHPAUGraphicWin@@@Z)(GraphicWin* this, int, int, int, int, GraphicWin*)"
P1,21421,0x005D5630,?update@GraphicWin@@QAEXPAURECT@@PAUGraphicWin@@@Z,122,21,4,unrecovered,,,2,exact,exact,"void (__thiscall ?update@GraphicWin@@QAEXPAURECT@@PAUGraphicWin@@@Z)(GraphicWin* this, RECT*, GraphicWin*)"
P2,8421,0x005D56B0,?update@GraphicWin@@QAEXPAUGraphicWin@@@Z,109,8,4,unrecovered,,,2,exact,exact,"void (__thiscall ?update@GraphicWin@@QAEXPAUGraphicWin@@@Z)(GraphicWin* this, GraphicWin*)"
P3,1221,0x005D5720,?soft_update@GraphicWin@@QAEXHHHH@Z,364,1,2,unrecovered,,,2,exact,exact,"void (__thiscall ?soft_update@GraphicWin@@QAEXHHHH@Z)(GraphicWin* this, int, int, int, int)"
P1,41221,0x005D5890,?soft_update@GraphicWin@@QAEXXZ,157,41,2,unrecovered,,,2,exact,exact,void (__thiscall ?soft_update@GraphicWin@@QAEXXZ)(GraphicWin* this)
P1,82221,0x005D5930,?soft_update@GraphicWin@@QAEXPAURECT@@@Z,318,82,2,unrecovered,,,2,exact,exact,"void (__thiscall ?soft_update@GraphicWin@@QAEXPAURECT@@@Z)(GraphicWin* this, RECT*)"
P3,800,0x005D5B80,sub_5d5b80,206,0,8,unrecovered,,,0,missing,missing,
P3,10,0x005D5C50,PrevWndFunc,154,0,0,unrecovered,,,1,exact,missing,
P3,811,0x005D5CF0,?on_paint@GraphicWin@@QAEHPAURECT@@@Z,1306,0,8,unrecovered,,,1,exact,missing,"int (__thiscall ?on_paint@GraphicWin@@QAEHPAURECT@@@Z)(GraphicWin* this, RECT*)"
P3,511,0x005D6210,?on_size@GraphicWin@@QAEXIHH@Z,248,0,5,unrecovered,,,1,exact,missing,"void (__thiscall ?on_size@GraphicWin@@QAEXIHH@Z)(GraphicWin* this, unsigned int, int, int)"
P3,111,0x005D6310,?on_mouse_move@GraphicWin@@QAEXHHIH@Z,28,0,1,unrecovered,,,1,exact,missing,"void (__thiscall ?on_mouse_move@GraphicWin@@QAEXHHIH@Z)(GraphicWin* this, int, int, unsigned int, int)"
P3,111,0x005D6330,?on_set_cursor@GraphicWin@@QAEHPAXII@Z,32,0,1,unrecovered,,,1,exact,missing,"int (__thiscall ?on_set_cursor@GraphicWin@@QAEHPAXII@Z)(GraphicWin* this, void*, unsigned int, unsigned int)"
P3,0,0x005D6350,sub_5d6350,43,0,0,unrecovered,,,0,missing,missing,
P3,0,0x005D6380,sub_5d6380,42,0,0,unrecovered,,,0,missing,missing,
P3,0,0x005D63B0,sub_5d63b0,46,0,0,unrecovered,,,0,missing,missing,
P3,411,0x005D63F0,?on_redraw_nc@GraphicWin@@QAEXPAURECT@@H@Z,1223,0,4,unrecovered,,,1,exact,missing,"void (__thiscall ?on_redraw_nc@GraphicWin@@QAEXPAURECT@@H@Z)(GraphicWin* this, RECT*, int)"
P3,10,0x005D68C0,sub_5d68c0,386,0,0,unrecovered,,,1,exact,missing,
P3,1020,0x005D6A50,?set_def_nc_sprites@GraphicWin@@QAAXPAUNCSprites@@@Z,106,1,0,unrecovered,,,2,exact,exact,
P0,1001421,0x005D6AC0,?overlay_nonclient@GraphicWin@@QAEXPAURECT@@@Z,1015,1,4,original_dependency,ui_dependency,recover_graphic_win_overlay,2,exact,exact,"void (__thiscall ?overlay_nonclient@GraphicWin@@QAEXPAURECT@@@Z)(GraphicWin* this, RECT*)"
P3,0,0x005D6EC0,sub_5d6ec0,139,0,0,unrecovered,,,0,missing,missing,
P3,1021,0x005D6F50,?load_all_nc_sprites_from_defs@GraphicWin@@QAEXXZ,210,1,0,unrecovered,,,2,exact,exact,void (__thiscall ?load_all_nc_sprites_from_defs@GraphicWin@@QAEXXZ)(GraphicWin* this)
P0,1003021,0x005D7030,?compute_min_size@GraphicWin@@QAEXXZ,272,3,0,original_dependency,ui_dependency,recover_owning_class,2,exact,exact,void (__thiscall ?compute_min_size@GraphicWin@@QAEXXZ)(GraphicWin* this)
P3,210,0x005D7170,sub_5d7170,36,0,2,unrecovered,,,1,exact,missing,
P3,110,0x005D71A0,sub_5d71a0,40,0,1,unrecovered,,,1,exact,missing,
P0,1080221,0x005D7210,??0Buffer@@QAE@XZ,530,80,2,source_complete,ui_dependency,recover_buffer_element_ctor,2,exact,entry_range,void (__thiscall ??0Buffer@@QAE@XZ)(Buffer* this)
P0,1087221,0x005D7410,??1Buffer@@QAE@XZ,107,87,2,source_complete,ui_dependency,recover_buffer_element_teardown,2,exact,entry_range,void (__thiscall ??1Buffer@@QAE@XZ)(Buffer* this)
P0,1042621,0x005D7670,?init@Buffer@@QAEHHHHPAUExtDirectDraw@@@Z,847,42,6,original_dependency,ui_dependency,recover_owning_class,2,exact,exact,"int (__thiscall ?init@Buffer@@QAEHHHHPAUExtDirectDraw@@@Z)(Buffer* this, int width, int height, int, ExtDirectDraw*)"
P2,5121,0x005D79C0,?resize@Buffer@@QAEXHH@Z,69,5,1,unrecovered,,,2,exact,exact,"void (__thiscall ?resize@Buffer@@QAEXHH@Z)(Buffer* this, int width, int height)"
P3,1010,0x005D7A10,sub_5d7a10,31,1,0,unrecovered,,,1,exact,missing,
P3,1320,0x005D7A30,sub_5d7a30,188,1,3,unrecovered,,,2,exact,entry_range,
P3,1110,0x005D7AE0,sub_5d7ae0,61,1,1,unrecovered,,,1,exact,missing,
P3,101,0x005D7B20,?load_tga@Buffer@@QAGHPBD@Z,22,0,1,unrecovered,,,0,missing,missing,"int (__stdcall ?load_tga@Buffer@@QAGHPBD@Z)(Buffer* this, int8*)"
P3,1520,0x005D7B40,?load_tga@Buffer@@QAGHPBDPAVPalette@@HH@Z,333,1,5,unrecovered,,,2,exact,entry_range,
P3,101,0x005D7C80,?load_bmp@Buffer@@QAGHPBD@Z,22,0,1,unrecovered,,,0,missing,missing,"int (__stdcall ?load_bmp@Buffer@@QAGHPBD@Z)(Buffer* this, int8*)"
P3,1520,0x005D7CA0,?load_bmp@Buffer@@QAGHPBDPAVPalette@@HH@Z,333,1,5,unrecovered,,,2,exact,entry_range,
P1,44621,0x005D7DE0,?load_pcx@Buffer@@QAEHPBDPAVPalette@@HH@Z,338,44,6,unrecovered,,,2,exact,entry_range,"int (__thiscall ?load_pcx@Buffer@@QAEHPBDPAVPalette@@HH@Z)(Buffer* this, int8* fileName, Palette*, int, int size)"
P3,420,0x005D7F20,sub_5d7f20,262,0,4,unrecovered,,,2,exact,entry_range,
P3,2121,0x005D8200,?set_clip@Buffer@@QAEHHHHH@Z,61,2,1,unrecovered,,,2,exact,exact,"int (__thiscall ?set_clip@Buffer@@QAEHHHHH@Z)(Buffer* this, int xLeft, int yTop, int length, int width)"
P0,1004121,0x005D8240,?fill@Buffer@@QAEHHHHHH@Z,66,4,1,original_dependency,ui_dependency,recover_buffer_fill,2,exact,exact,"int (__thiscall ?fill@Buffer@@QAEHHHHHH@Z)(Buffer* this, int xLeft, int yTop, int length, int width, int)"
P3,11,0x005D8290,?setup_buff_sprite@Buffer@@QAEXH@Z,204,0,0,unrecovered,,,1,missing,exact,"void (__thiscall ?setup_buff_sprite@Buffer@@QAEXH@Z)(Buffer* this, int)"
P3,3121,0x005D8370,?draw@Buffer@@QAEHPAVBuffer@@HHH@Z,327,3,1,unrecovered,,,2,exact,exact,"int (__thiscall ?draw@Buffer@@QAEHPAVBuffer@@HHH@Z)(Buffer* this, Buffer*, int, int horiz_pos, int vert_pos)"
P2,14121,0x005D84C0,?draw@Buffer@@QAEHPAVBuffer@@HHHHH@Z,390,14,1,unrecovered,,,2,exact,exact,"int (__thiscall ?draw@Buffer@@QAEHPAVBuffer@@HHHHH@Z)(Buffer* this, Buffer*, int, int, int, int, int)"
P3,110,0x005D8650,sub_5d8650,238,0,1,unrecovered,,,1,exact,missing,
P3,110,0x005D8740,sub_5d8740,248,0,1,unrecovered,,,1,exact,missing,
P3,111,0x005D8840,?draw_mono@Buffer@@QAEHPAVBuffer@@HHHH@Z,238,0,1,unrecovered,,,1,exact,missing,"int (__thiscall ?draw_mono@Buffer@@QAEHPAVBuffer@@HHHH@Z)(Buffer* this, Buffer*, int, int, int, int)"
P3,1121,0x005D8930,?draw_mono@Buffer@@QAEHPAVBuffer@@HHHHHH@Z,248,1,1,unrecovered,,,2,exact,exact,"int (__thiscall ?draw_mono@Buffer@@QAEHPAVBuffer@@HHHHHH@Z)(Buffer* this, Buffer*, int, int, int, int, int, int)"
P3,111,0x005D8A30,?draw_dest@Buffer@@QAEHPAVBuffer@@HHHH@Z,238,0,1,unrecovered,,,1,exact,missing,"int (__thiscall ?draw_dest@Buffer@@QAEHPAVBuffer@@HHHH@Z)(Buffer* this, Buffer*, int, int, int, int)"
P3,1121,0x005D8B20,?draw_dest@Buffer@@QAEHPAVBuffer@@HHHHHPAE@Z,248,1,1,unrecovered,,,2,exact,exact,"int (__thiscall ?draw_dest@Buffer@@QAEHPAVBuffer@@HHHHHPAE@Z)(Buffer* this, Buffer*, int, int, int, int, int, unsigned int8*)"
P3,110,0x005D8C20,sub_5d8c20,224,0,1,unrecovered,,,1,missing,exact,
P3,110,0x005D8D00,sub_5d8d00,234,0,1,unrecovered,,,1,missing,exact,
P3,111,0x005D8DF0,?draw_dest_source@Buffer@@QAEHPAVBuffer@@HHHPAE@Z,238,0,1,unrecovered,,,1,exact,missing,"int (__thiscall ?draw_dest_source@Buffer@@QAEHPAVBuffer@@HHHPAE@Z)(Buffer* this, Buffer*, int, int, int, unsigned int8*)"
P3,1121,0x005D8EE0,?draw_dest_source@Buffer@@QAEHPAVBuffer@@HHHHHPAE@Z,248,1,1,unrecovered,,,2,exact,exact,"int (__thiscall ?draw_dest_source@Buffer@@QAEHPAVBuffer@@HHHHHPAE@Z)(Buffer* this, Buffer*, int, int, int, int, int, unsigned int8*)"
P3,110,0x005D8FE0,sub_5d8fe0,238,0,1,unrecovered,,,1,exact,missing,
P3,110,0x005D90D0,sub_5d90d0,248,0,1,unrecovered,,,1,exact,missing,
P3,110,0x005D91D0,sub_5d91d0,238,0,1,unrecovered,,,1,exact,missing,
P3,110,0x005D92C0,sub_5d92c0,248,0,1,unrecovered,,,1,exact,missing,
P3,111,0x005D93C0,?draw_multi_table_dest@Buffer@@QAEHPAVBuffer@@HHHH@Z,238,0,1,unrecovered,,,1,exact,missing,"int (__thiscall ?draw_multi_table_dest@Buffer@@QAEHPAVBuffer@@HHHH@Z)(Buffer* this, Buffer*, int, int, int, int)"
P3,4121,0x005D94B0,?draw_multi_table_dest@Buffer@@QAEHPAVBuffer@@HHHHHPAE@Z,248,4,1,unrecovered,,,2,exact,exact,"int (__thiscall ?draw_multi_table_dest@Buffer@@QAEHPAVBuffer@@HHHHHPAE@Z)(Buffer* this, Buffer*, int, int, int, int, int, unsigned int8*)"
P3,4321,0x005D9610,?copy@Buffer@@QAEHPAVBuffer@@HHHHHHHH@Z,730,4,3,unrecovered,,,2,exact,exact,"int (__thiscall ?copy@Buffer@@QAEHPAVBuffer@@HHHHHHHH@Z)(Buffer* this, Buffer* hdcSrc, int xSrc, int ySrc, int wSrc, int hSrc, int xDest, int yDest, int wDest, int hDest)"
P3,310,0x005D98F0,sub_5d98f0,743,0,3,unrecovered,,,1,exact,missing,
P3,2821,0x005D9BE0,?copy_to_window@Buffer@@QAEHPAVWin@@HHHHHH@Z,975,2,8,unrecovered,,,2,exact,exact,"int (__thiscall ?copy_to_window@Buffer@@QAEHPAVWin@@HHHHHH@Z)(Buffer* this, Win*, int, int, int, int, int, int)"
P3,810,0x005D9FB0,sub_5d9fb0,888,0,8,unrecovered,,,1,exact,missing,
P0,1002021,0x005DA330,?map_colors@Buffer@@QAEHHHHHPAE@Z,401,2,0,original_dependency,ui_dependency,recover_buffer_map_colors,2,exact,exact,"int (__thiscall ?map_colors@Buffer@@QAEHHHHHPAE@Z)(Buffer* this, int, int, int, int, unsigned int8*)"
P3,2021,0x005DA4D0,?map_colors@Buffer@@QAEHPAURECT@@PAE@Z,429,2,0,unrecovered,,,2,exact,exact,"int (__thiscall ?map_colors@Buffer@@QAEHPAURECT@@PAE@Z)(Buffer* this, RECT*, unsigned int8*)"
P3,1120,0x005DA680,?poly@Buffer@@QAEHPAUVert@@HH@Z,27,1,1,unrecovered,,,2,exact,exact,
P3,10,0x005DA6A0,sub_5da6a0,8,0,0,unrecovered,,,1,exact,missing,
P3,10,0x005DA6B0,sub_5da6b0,8,0,0,unrecovered,,,1,exact,missing,
P3,1221,0x005DA6C0,?tile_mask@Buffer@@QAEHPAVBuffer@@HHHHHHH@Z,401,1,2,unrecovered,,,2,exact,exact,"int (__thiscall ?tile_mask@Buffer@@QAEHPAVBuffer@@HHHHHHH@Z)(Buffer* this, Buffer*, int, int, int, int, int, int, int)"
P2,12221,0x005DA860,?tile@Buffer@@QAEHPAVBuffer@@HHHHHH@Z,396,12,2,unrecovered,,,2,exact,exact,"int (__thiscall ?tile@Buffer@@QAEHPAVBuffer@@HHHHHH@Z)(Buffer* this, Buffer*, int, int, int, int, int, int)"
P2,13221,0x005DA9F0,?tile@Buffer@@QAEHPAVSprite@@HHHHHH@Z,410,13,2,unrecovered,,,2,exact,exact,"int (__thiscall ?tile@Buffer@@QAEHPAVSprite@@HHHHHH@Z)(Buffer* this, Sprite*, int, int, int, int, int, int)"
P3,10,0x005DAB90,sub_5dab90,213,0,0,unrecovered,,,1,missing,exact,
P3,5121,0x005DAD70,?write_strings_height@Buffer@@QAEHPAUStringList@@HH@Z,718,4,11,unrecovered,,,2,exact,exact,"int (__thiscall ?write_strings_height@Buffer@@QAEHPAUStringList@@HH@Z)(Buffer* this, StringList*, int, int)"
P2,20521,0x005DB040,?write_strings@Buffer@@QAEHPAUStringList@@HHHH@Z,950,19,15,unrecovered,,,2,exact,exact,"int (__thiscall ?write_strings@Buffer@@QAEHPAUStringList@@HHHH@Z)(Buffer* this, StringList*, int, int, int, int)"
P3,120,0x005DB400,sub_5db400,79,0,1,unrecovered,,,2,exact,exact,
P3,1321,0x005DB450,sub_5db450,289,1,3,unrecovered,,,2,exact,exact,"int (__stdcall sub_5DB450)(int8*, CHAR String)"
P3,1221,0x005DB580,?write_l@Buffer@@QAEHPAVFont@@PADHHH@Z,223,1,2,unrecovered,,,2,exact,exact,"int (__thiscall ?write_l@Buffer@@QAEHPAVFont@@PADHHH@Z)(Buffer* this, Font*, int8*, int, int, int)"
P3,121,0x005DB660,?write_l@Buffer@@QAEHPAVFont@@PADPAURECT@@H@Z,84,0,1,unrecovered,,,2,exact,exact,"int (__thiscall ?write_l@Buffer@@QAEHPAVFont@@PADPAURECT@@H@Z)(Buffer* this, Font*, int8*, RECT*, int)"
P3,121,0x005DB6C0,?write_cent_l@Buffer@@QAEHPAVFont@@PADHHHH@Z,94,0,1,unrecovered,,,2,exact,exact,"int (__thiscall ?write_cent_l@Buffer@@QAEHPAVFont@@PADHHHH@Z)(Buffer* this, Font*, int8*, int, int, int, int)"
P2,6121,0x005DB720,?write_cent_l@Buffer@@QAEHPAVFont@@PADPAURECT@@H@Z,84,6,1,unrecovered,,,2,exact,exact,"int (__thiscall ?write_cent_l@Buffer@@QAEHPAVFont@@PADPAURECT@@H@Z)(Buffer* this, Font*, int8*, RECT*, int)"
P3,1121,0x005DB780,?write_cent_l@Buffer@@QAEHPAVFont@@PADHHHHH@Z,134,1,1,unrecovered,,,2,exact,exact,"int (__thiscall ?write_cent_l@Buffer@@QAEHPAVFont@@PADHHHHH@Z)(Buffer* this, Font*, int8*, int, int, int, int, int)"
P3,121,0x005DB810,?write_cent_l@Buffer@@QAEHPAVFont@@PADHHH@Z,89,0,1,unrecovered,,,2,exact,exact,"int (__thiscall ?write_cent_l@Buffer@@QAEHPAVFont@@PADHHH@Z)(Buffer* this, Font*, int8*, int, int, int)"
P3,121,0x005DB870,?write_right_l@Buffer@@QAEHPAVFont@@PADHHHH@Z,94,0,1,unrecovered,,,2,exact,exact,"int (__thiscall ?write_right_l@Buffer@@QAEHPAVFont@@PADHHHH@Z)(Buffer* this, Font*, int8*, int, int, int, int)"
P3,121,0x005DB8D0,?write_right_l@Buffer@@QAEHPAVFont@@PADHHH@Z,89,0,1,unrecovered,,,2,exact,exact,"int (__thiscall ?write_right_l@Buffer@@QAEHPAVFont@@PADHHH@Z)(Buffer* this, Font*, int8*, int, int, int)"
P3,121,0x005DB930,?write_right_l@Buffer@@QAEHPAVFont@@PADPAURECT@@H@Z,84,0,1,unrecovered,,,2,exact,exact,"int (__thiscall ?write_right_l@Buffer@@QAEHPAVFont@@PADPAURECT@@H@Z)(Buffer* this, Font*, int8*, RECT*, int)"
P3,121,0x005DB990,?wrap@Buffer@@QAEHPAVFont@@PADPAURECT@@@Z,79,0,1,unrecovered,,,2,exact,exact,"int (__thiscall ?wrap@Buffer@@QAEHPAVFont@@PADPAURECT@@@Z)(Buffer* this, Font*, int8*, RECT*)"
P3,1321,0x005DB9E0,?wrap_cent@Buffer@@QAEHPAVFont@@PADHHH@Z,277,1,3,unrecovered,,,2,exact,exact,"int (__thiscall ?wrap_cent@Buffer@@QAEHPAVFont@@PADHHH@Z)(Buffer* this, Font*, int8*, int, int, int)"
P3,311,0x005DBB00,?wrap_cent@Buffer@@QAEHPAVFont@@PADHHHH@Z,250,0,3,unrecovered,,,1,exact,missing,"int (__thiscall ?wrap_cent@Buffer@@QAEHPAVFont@@PADHHHH@Z)(Buffer* this, Font*, int8*, int, int, int, int)"
P3,4121,0x005DBC00,?wrap_cent@Buffer@@QAEHPAVFont@@PADPAURECT@@@Z,79,4,1,unrecovered,,,2,exact,exact,"int (__thiscall ?wrap_cent@Buffer@@QAEHPAVFont@@PADPAURECT@@@Z)(Buffer* this, Font*, int8*, RECT*)"
P3,121,0x005DBC50,?wrap_right@Buffer@@QAEHPAVFont@@PADHHH@Z,89,0,1,unrecovered,,,2,exact,exact,"int (__thiscall ?wrap_right@Buffer@@QAEHPAVFont@@PADHHH@Z)(Buffer* this, Font*, int8*, int, int, int)"
P3,121,0x005DBCB0,?wrap_right@Buffer@@QAEHPAVFont@@PADH@Z,79,0,1,unrecovered,,,2,exact,exact,"int (__thiscall ?wrap_right@Buffer@@QAEHPAVFont@@PADH@Z)(Buffer* this, Font*, int8*, int)"
P3,3321,0x005DBD00,?write_raw_l@Buffer@@QAEHPADHHH@Z,1475,3,3,unrecovered,,,2,exact,exact,"int (__thiscall ?write_raw_l@Buffer@@QAEHPADHHH@Z)(Buffer* this, int8*, int, int, int)"
P3,10,0x005DC2D0,?get_special@@YAHPADPAH@Z,60,0,0,unrecovered,,,1,missing,exact,
P3,10,0x005DC310,?get_special_link@@YAHPADPAH@Z,65,0,0,unrecovered,,,1,missing,exact,
P2,18221,0x005DC360,?wrap_height@Buffer@@QAEHPADH@Z,170,18,2,unrecovered,,,2,exact,exact,"int (__thiscall ?wrap_height@Buffer@@QAEHPADH@Z)(Buffer* this, int8*, int)"
P2,15421,0x005DC410,?find_line_break_l@Buffer@@QAEHPADPAHH@Z,762,15,4,unrecovered,,,2,exact,exact,"int (__thiscall ?find_line_break_l@Buffer@@QAEHPADPAHH@Z)(Buffer* this, int8*, int*, int)"
P0,1016321,0x005DC7C0,?text_width@Buffer@@QAEHPADH@Z,578,16,3,original_dependency,ui_dependency,recover_buffertextwidthmeasured_body,2,exact,exact,"int (__thiscall ?text_width@Buffer@@QAEHPADH@Z)(Buffer* this, int8*, int)"
P0,1014621,0x005DCAE0,?write_multi_font_raw_l@Buffer@@QAEHPADHHH@Z,835,14,6,original_dependency,ui_dependency,recover_buffer_write_multi_font_raw_l,2,exact,exact,"int (__thiscall ?write_multi_font_raw_l@Buffer@@QAEHPADHHH@Z)(Buffer* this, int8*, int, int, int)"
P3,2121,0x005DD0E0,?write_cent_l@Buffer@@QAEHPADHHHHH@Z,67,2,1,unrecovered,,,2,exact,exact,"int (__thiscall ?write_cent_l@Buffer@@QAEHPADHHHHH@Z)(Buffer* this, int8*, int, int, int, int, int)"
P3,3321,0x005DD250,?write_cent_l@Buffer@@QAEHPADHHH@Z,163,3,3,unrecovered,,,2,exact,exact,"int (__thiscall ?write_cent_l@Buffer@@QAEHPADHHH@Z)(Buffer* this, int8*, int, int, int)"
P3,4321,0x005DD300,?write_right_l@Buffer@@QAEHPADHHHH@Z,165,4,3,unrecovered,,,2,exact,exact,"int (__thiscall ?write_right_l@Buffer@@QAEHPADHHHH@Z)(Buffer* this, int8*, int, int, int, int)"
P2,12321,0x005DD3B0,?write_right_l@Buffer@@QAEHPADHHH@Z,159,12,3,unrecovered,,,2,exact,exact,"int (__thiscall ?write_right_l@Buffer@@QAEHPADHHH@Z)(Buffer* this, int8*, int, int, int)"
P2,18321,0x005DD450,?write_right_l@Buffer@@QAEHPADPAURECT@@H@Z,219,18,3,unrecovered,,,2,exact,exact,"int (__thiscall ?write_right_l@Buffer@@QAEHPADPAURECT@@H@Z)(Buffer* this, int8*, RECT*, int)"
P2,7321,0x005DD530,?wrap@Buffer@@QAEHPADPAURECT@@@Z,512,7,3,unrecovered,,,2,exact,exact,"int (__thiscall ?wrap@Buffer@@QAEHPADPAURECT@@@Z)(Buffer* this, int8*, RECT*)"
P2,8321,0x005DD730,?wrap@Buffer@@QAEHPADHHH@Z,492,8,3,unrecovered,,,2,exact,exact,"int (__thiscall ?wrap@Buffer@@QAEHPADHHH@Z)(Buffer* this, int8*, int, int, int)"
P2,13321,0x005DD920,?wrap_cent@Buffer@@QAEHPADHHH@Z,210,13,3,unrecovered,,,2,exact,exact,"int (__thiscall ?wrap_cent@Buffer@@QAEHPADHHH@Z)(Buffer* this, int8*, int, int, int)"
P3,311,0x005DDA00,?wrap_cent@Buffer@@QAEHPADHHHH@Z,162,0,3,unrecovered,,,1,exact,missing,"int (__thiscall ?wrap_cent@Buffer@@QAEHPADHHHH@Z)(Buffer* this, int8* lpString, int, int, int, int)"
P1,23321,0x005DDAB0,?wrap_cent@Buffer@@QAEHPADPAURECT@@@Z,246,23,3,unrecovered,,,2,exact,exact,"int (__thiscall ?wrap_cent@Buffer@@QAEHPADPAURECT@@@Z)(Buffer* this, int8*, RECT*)"
P3,1321,0x005DDBB0,?wrap_right@Buffer@@QAEHPADHHH@Z,223,1,3,unrecovered,,,2,exact,exact,"int (__thiscall ?wrap_right@Buffer@@QAEHPADHHH@Z)(Buffer* this, int8*, int, int, int)"
P3,1321,0x005DDC90,?wrap_right@Buffer@@QAEHPADH@Z,257,1,3,unrecovered,,,2,exact,exact,"int (__thiscall ?wrap_right@Buffer@@QAEHPADH@Z)(Buffer* this, int8*, int)"
P3,2121,0x005DDDA0,?wrap_height_flying@Buffer@@QAEHPADH@Z,50,2,1,unrecovered,,,2,exact,exact,"int (__thiscall ?wrap_height_flying@Buffer@@QAEHPADH@Z)(Buffer* this, int8*, int)"
P3,3321,0x005DDDE0,?wrap_height_flying@Buffer@@QAEHPAD@Z,266,3,3,unrecovered,,,2,exact,exact,"int (__thiscall ?wrap_height_flying@Buffer@@QAEHPAD@Z)(Buffer* this, int8*)"
P3,2021,0x005DDEF0,?wrap_height_flying_flush@Buffer@@QAEHXZ,111,2,0,unrecovered,,,2,exact,exact,int (__thiscall ?wrap_height_flying_flush@Buffer@@QAEHXZ)(Buffer* this)
P3,3121,0x005DDF60,?wrap_flying@Buffer@@QAEHPADHHH@Z,70,3,1,unrecovered,,,2,exact,exact,"int (__thiscall ?wrap_flying@Buffer@@QAEHPADHHH@Z)(Buffer* this, int8*, int, int, int)"
P3,3621,0x005DDFB0,?wrap_flying@Buffer@@QAEHPAD@Z,536,3,6,unrecovered,,,2,exact,exact,"int (__thiscall ?wrap_flying@Buffer@@QAEHPAD@Z)(Buffer* this, int8*)"
P3,3221,0x005DE1D0,?wrap_flying_flush@Buffer@@QAEHXZ,270,3,2,unrecovered,,,2,exact,exact,int (__thiscall ?wrap_flying_flush@Buffer@@QAEHXZ)(Buffer* this)
P3,100,0x005DE2E0,sub_5de2e0,58,0,1,unrecovered,,,0,missing,missing,
P3,1611,0x005DE320,sub_5de320,421,1,6,unrecovered,,,1,exact,missing,int (__stdcall sub_5DE320)(LPCSTR lpString)
P3,200,0x005DE4D0,sub_5de4d0,176,0,2,unrecovered,,,0,missing,missing,
P2,12021,0x005DE580,?change_color@Buffer@@QAEHHH@Z,417,12,0,unrecovered,,,2,exact,exact,"int (__thiscall ?change_color@Buffer@@QAEHHH@Z)(Buffer* this, int, int)"
P3,1021,0x005DE730,?change_color@Buffer@@QAEHPAURECT@@HH@Z,443,1,0,unrecovered,,,2,exact,exact,"int (__thiscall ?change_color@Buffer@@QAEHPAURECT@@HH@Z)(Buffer* this, RECT*, int, int)"
P3,1120,0x005DEA20,sub_5dea20,252,1,1,unrecovered,,,2,exact,exact,
P3,110,0x005DEB20,sub_5deb20,1135,0,1,unrecovered,,,1,missing,exact,
P3,610,0x005DEFE0,sub_5defe0,1419,0,6,unrecovered,,,1,missing,exact,
P3,2821,0x005DF590,?write_pcx@Buffer@@QAEHPAD@Z,908,2,8,unrecovered,,,2,exact,entry_range,"int (__thiscall ?write_pcx@Buffer@@QAEHPAD@Z)(Buffer* this, int8*)"
P3,411,0x005DF910,?write_bmp@Buffer@@QAEHPAD@Z,568,0,4,unrecovered,,,1,start_only,missing,"int (__thiscall ?write_bmp@Buffer@@QAEHPAD@Z)(Buffer* this, int8*)"
P0,1020121,0x005DFB50,?fill@Buffer@@QAEHH@Z,381,20,1,original_dependency,ui_dependency,recover_buffer_fill,2,exact,exact,"int (__thiscall ?fill@Buffer@@QAEHH@Z)(Buffer* this, int)"
P2,8021,0x005DFCD0,?fill@Buffer@@QAEHPAURECT@@H@Z,556,8,0,unrecovered,,,2,exact,exact,"int (__thiscall ?fill@Buffer@@QAEHPAURECT@@H@Z)(Buffer* this, RECT* rect, int)"
P0,1051221,0x005DFF00,?copy@Buffer@@QAEHPAVBuffer@@HHHHHH@Z,2203,51,2,original_dependency,ui_dependency,recover_buffer_copy_full,2,exact,exact,"int (__thiscall ?copy@Buffer@@QAEHPAVBuffer@@HHHHHH@Z)(Buffer* this, Buffer* buffer, int xCoord, int yCoord, int, int, int width, int height)"
P3,10,0x005E07A0,sub_5e07a0,555,0,0,unrecovered,,,1,exact,missing,
P3,4321,0x005E09D0,?line@Buffer@@QAEXHHHHHHHHH@Z,1770,4,3,unrecovered,,,2,exact,exact,"void (__thiscall ?line@Buffer@@QAEXHHHHHHHHH@Z)(Buffer* this, int, int, int, int, int, int, int, int, int)"
P3,1021,0x005E10C0,?hline@Buffer@@QAEXHHHHHHHH@Z,654,1,0,unrecovered,,,2,exact,exact,"void (__thiscall ?hline@Buffer@@QAEXHHHHHHHH@Z)(Buffer* this, int, int, int, int, int, int, int, int)"
P3,1021,0x005E1350,?vline@Buffer@@QAEXHHHHHHHH@Z,663,1,0,unrecovered,,,2,exact,exact,"void (__thiscall ?vline@Buffer@@QAEXHHHHHHHH@Z)(Buffer* this, int, int, int, int, int, int, int, int)"
P2,5321,0x005E15F0,?line@Buffer@@QAEXHHHHH@Z,1167,5,3,unrecovered,,,2,exact,exact,"void (__thiscall ?line@Buffer@@QAEXHHHHH@Z)(Buffer* this, int, int, int, int, int)"
P0,1010121,0x005E1A80,?hline@Buffer@@QAEXHHHH@Z,368,10,1,original_dependency,ui_dependency,recover_buffer_hline,2,exact,exact,"void (__thiscall ?hline@Buffer@@QAEXHHHH@Z)(Buffer* this, int, int, int, int)"
P0,1007021,0x005E1BF0,?vline@Buffer@@QAEXHHHH@Z,376,7,0,original_dependency,ui_dependency,recover_buffer_vline,2,exact,exact,"void (__thiscall ?vline@Buffer@@QAEXHHHH@Z)(Buffer* this, int, int, int, int)"
P3,2021,0x005E1D70,?dotted_hline@Buffer@@QAEXHHHH@Z,372,2,0,unrecovered,,,2,exact,exact,"void (__thiscall ?dotted_hline@Buffer@@QAEXHHHH@Z)(Buffer* this, int, int, int, int)"
P3,2021,0x005E1EF0,?dotted_vline@Buffer@@QAEXHHHH@Z,384,2,0,unrecovered,,,2,exact,exact,"void (__thiscall ?dotted_vline@Buffer@@QAEXHHHH@Z)(Buffer* this, int, int, int, int)"
P3,2021,0x005E2070,?change_color@Buffer@@QAEHHHHHHH@Z,413,2,0,unrecovered,,,2,exact,exact,"int (__thiscall ?change_color@Buffer@@QAEHHHHHHH@Z)(Buffer* this, int, int, int, int, int, int)"
P2,15021,0x005E2210,?get_pixel@Buffer@@QAEHHH@Z,286,15,0,unrecovered,,,2,exact,exact,"int (__thiscall ?get_pixel@Buffer@@QAEHHH@Z)(Buffer* this, int, int)"
P3,1021,0x005E2330,?put_pixel@Buffer@@QAEHHHH@Z,295,1,0,unrecovered,,,2,exact,exact,"int (__thiscall ?put_pixel@Buffer@@QAEHHHH@Z)(Buffer* this, int, int, int)"
P3,10,0x005E2460,sub_5e2460,8,0,0,unrecovered,,,1,exact,missing,
P3,10,0x005E2470,sub_5e2470,8,0,0,unrecovered,,,1,exact,missing,
P2,13820,0x005E2480,?get_pcx_dimensions@Buffer@@QAAHPBDPAHPAH@Z,549,13,8,unrecovered,,,2,exact,entry_range,
P3,2721,0x005E2690,?load_pcx@Buffer@@QAEHPAEKPAVPalette@@HH@Z,1127,2,7,unrecovered,,,2,exact,exact,"int (__thiscall ?load_pcx@Buffer@@QAEHPAEKPAVPalette@@HH@Z)(Buffer* this, unsigned int8*, unsigned int, Palette*, int, int)"
P3,2221,0x005E2B00,?copy_mask@Buffer@@QAEHPAVBuffer@@HHHHHHH@Z,723,2,2,unrecovered,,,2,exact,exact,"int (__thiscall ?copy_mask@Buffer@@QAEHPAVBuffer@@HHHHHHH@Z)(Buffer* this, Buffer*, int, int, int, int, int, int, int)"
P1,127421,0x005E2DD3,?box_sprite@Buffer@@QAEHPAURECT@@PAUBoxSpriteParams@@@Z,949,127,4,unrecovered,,,2,exact,exact,"int (__thiscall ?box_sprite@Buffer@@QAEHPAURECT@@PAUBoxSpriteParams@@@Z)(Buffer* this, RECT*, BoxSpriteParams*)"
P3,1221,0x005E3193,?box@Buffer@@QAEHHHHHHH@Z,105,1,2,unrecovered,,,2,exact,exact,"int (__thiscall ?box@Buffer@@QAEHHHHHHH@Z)(Buffer* this, int, int, int, int, int, int)"
P3,211,0x005E3283,?dotted_box@Buffer@@QAEHHHHHH@Z,97,0,2,unrecovered,,,1,exact,missing,"int (__thiscall ?dotted_box@Buffer@@QAEHHHHHH@Z)(Buffer* this, int, int, int, int, int)"
P3,2221,0x005E32F3,?dotted_box@Buffer@@QAEHPAURECT@@H@Z,125,2,2,unrecovered,,,2,exact,exact,"int (__thiscall ?dotted_box@Buffer@@QAEHPAURECT@@H@Z)(Buffer* this, RECT*, int)"
P2,9021,0x005E33F3,?get_data@Buffer@@QAEHHH@Z,170,9,0,unrecovered,,,2,exact,exact,"int (__thiscall ?get_data@Buffer@@QAEHHH@Z)(Buffer* this, int, int)"
P3,10,0x005E35D0,sub_5e35d0,31,0,0,unrecovered,,,1,exact,missing,
P3,10,0x005E35F0,sub_5e35f0,29,0,0,unrecovered,,,1,exact,missing,
P3,2020,0x005E3630,sub_5e3630,20,2,0,unrecovered,,,2,exact,exact,
P3,2020,0x005E3650,sub_5e3650,16,2,0,unrecovered,,,2,exact,exact,
P3,1020,0x005E3660,sub_5e3660,46,1,0,unrecovered,,,2,exact,exact,
P3,1221,0x005E3690,sub_5e3690,154,1,2,unrecovered,,,2,exact,exact,"int (__stdcall sub_5E3690)(LPCSTR lpString, int x, int y)"
P3,1221,0x005E3730,sub_5e3730,59,1,2,unrecovered,,,2,exact,exact,"int (__stdcall sub_5E3730)(LPCSTR lpString, int, int y, int)"
P3,1221,0x005E3770,sub_5e3770,57,1,2,unrecovered,,,2,exact,exact,"int (__stdcall sub_5E3770)(LPCSTR lpString, int)"
P0,1154021,0x005E37E0,??0Sprite@@QAE@XZ,53,154,0,source_complete,ui_dependency,recover_sprite_element_ctor,2,exact,exact,void (__thiscall ??0Sprite@@QAE@XZ)(Sprite* this)
P2,15421,0x005E3890,?init@Sprite@@QAEHPADHH@Z,195,15,4,unrecovered,,,2,exact,exact,"int (__thiscall ?init@Sprite@@QAEHPADHH@Z)(Sprite* this, int8*, int, int)"
P3,1121,0x005E3960,?extract@Sprite@@QAEHPAUBuffer@@HPAURECT@@PAUTexHeap@@@Z,62,1,1,unrecovered,,,2,exact,exact,"int (__thiscall ?extract@Sprite@@QAEHPAUBuffer@@HPAURECT@@PAUTexHeap@@@Z)(Sprite* this, Buffer*, int, RECT*, #120*)"
P1,29821,0x005E39A0,?extract@Sprite@@QAEHPAUBuffer@@HHHHHPAUTexHeap@@@Z,1105,29,8,unrecovered,,,2,exact,exact,"int (__thiscall ?extract@Sprite@@QAEHPAUBuffer@@HHHHHPAUTexHeap@@@Z)(Sprite* this, Buffer*, int, int xCoord, int yCoord, int width, int height, #120*)"
P2,9121,0x005E3E00,?draw_mono@Sprite@@QAEHPAUBuffer@@HHHHHH@Z,80,9,1,unrecovered,,,2,exact,exact,"int (__thiscall ?draw_mono@Sprite@@QAEHPAUBuffer@@HHHHHH@Z)(Sprite* this, Buffer*, int, int, int, int, int, int)"
P2,6121,0x005E3E50,?draw_mono@Sprite@@QAEHPAUBuffer@@HHHH@Z,3210,5,11,unrecovered,,,2,exact,exact,"int (__thiscall ?draw_mono@Sprite@@QAEHPAUBuffer@@HHHH@Z)(Sprite* this, Buffer*, int, int, int, int)"
P3,1111,0x005E4AFA,?draw@Sprite@@QAEHPAUBuffer@@HHHHHH@Z,80,1,1,unrecovered,,,1,exact,missing,"int (__thiscall ?draw@Sprite@@QAEHPAUBuffer@@HHHHHH@Z)(Sprite* this, Buffer*, int, int, int, int, int, int)"
P0,1029121,0x005E4B9A,?draw@Sprite@@QAEHPAUBuffer@@HHH@Z,3225,28,11,original_dependency,ui_dependency,recover_sprite_draw_body,2,exact,exact,"int (__thiscall ?draw@Sprite@@QAEHPAUBuffer@@HHH@Z)(Sprite* this, Buffer*, int, int, int)"
P2,5821,0x005E5833,?draw_dest@Sprite@@QAEHPAUBuffer@@HHHPAE@Z,3615,5,8,unrecovered,,,2,exact,exact,"int (__thiscall ?draw_dest@Sprite@@QAEHPAUBuffer@@HHHPAE@Z)(Sprite* this, Buffer*, int, int, int, unsigned int8*)"
P3,1121,0x005E6652,?draw_dest@Sprite@@QAEHPAUBuffer@@HHHHHPAE@Z,80,1,1,unrecovered,,,2,exact,exact,"int (__thiscall ?draw_dest@Sprite@@QAEHPAUBuffer@@HHHHHPAE@Z)(Sprite* this, Buffer*, int, int, int, int, int, unsigned int8*)"
P3,2821,0x005E66A2,?draw_dest_unk1@Sprite@@QAEHPAUBuffer@@HHPAE@Z,3370,2,8,unrecovered,,,2,exact,exact,"int (__thiscall ?draw_dest_unk1@Sprite@@QAEHPAUBuffer@@HHPAE@Z)(Sprite* this, Buffer*, int, int, unsigned int8*)"
P3,1121,0x005E73CC,?draw_dest_unk1@Sprite@@QAEHPAUBuffer@@HHHHPAE@Z,75,1,1,unrecovered,,,2,exact,exact,"int (__thiscall ?draw_dest_unk1@Sprite@@QAEHPAUBuffer@@HHHHPAE@Z)(Sprite* this, Buffer*, int, int, int, int, unsigned int8*)"
P3,2821,0x005E741C,?draw_dest_source@Sprite@@QAEHPAUBuffer@@HHHPAE@Z,3328,2,8,unrecovered,,,2,exact,exact,"int (__thiscall ?draw_dest_source@Sprite@@QAEHPAUBuffer@@HHHPAE@Z)(Sprite* this, Buffer*, int, int, int, unsigned int8*)"
P3,1121,0x005E811C,?draw_dest_source@Sprite@@QAEHPAUBuffer@@HHHHHPAE@Z,80,1,1,unrecovered,,,2,exact,exact,"int (__thiscall ?draw_dest_source@Sprite@@QAEHPAUBuffer@@HHHHHPAE@Z)(Sprite* this, Buffer*, int, int, int, int, int, unsigned int8*)"
P3,1111,0x005E816C,?draw_dest_unk2@Sprite@@QAEHPAUBuffer@@HHHHHPAE@Z,80,1,1,unrecovered,,,1,exact,missing,"int (__thiscall ?draw_dest_unk2@Sprite@@QAEHPAUBuffer@@HHHHHPAE@Z)(Sprite* this, Buffer*, int, int, int, int, int, unsigned int8*)"
P3,2821,0x005E81BC,?draw_dest_unk2@Sprite@@QAEHPAUBuffer@@HHHPAE@Z,3561,2,8,unrecovered,,,2,exact,exact,"int (__thiscall ?draw_dest_unk2@Sprite@@QAEHPAUBuffer@@HHHPAE@Z)(Sprite* this, Buffer*, int, int, int, unsigned int8*)"
P3,1121,0x005E8FA5,?draw_multi_table_dest@Sprite@@QAEHPAUBuffer@@HHHHHPAE@Z,80,1,1,unrecovered,,,2,exact,exact,"int (__thiscall ?draw_multi_table_dest@Sprite@@QAEHPAUBuffer@@HHHHHPAE@Z)(Sprite* this, Buffer*, int, int, int, int, int, unsigned int8*)"
P3,4821,0x005E8FF5,?draw_multi_table_dest@Sprite@@QAEHPAUBuffer@@HHHPAE@Z,3407,4,8,unrecovered,,,2,exact,exact,"int (__thiscall ?draw_multi_table_dest@Sprite@@QAEHPAUBuffer@@HHHPAE@Z)(Sprite* this, Buffer*, int, int, int, unsigned int8*)"
P3,3821,0x005E9D44,?draw@Sprite@@QAEHPAUBuffer@@HHHPAE@Z,3515,3,8,unrecovered,,,2,exact,exact,"int (__thiscall ?draw@Sprite@@QAEHPAUBuffer@@HHHPAE@Z)(Sprite* this, Buffer*, int, int, int, unsigned int8*)"
P2,8021,0x005EAB0F,?get_clipped_x_table_expand@Sprite@@QAEHPAURECT@@PAURECT@@PAHPAHPAHPAH@Z,168,8,0,unrecovered,,,2,exact,exact,"int (__thiscall ?get_clipped_x_table_expand@Sprite@@QAEHPAURECT@@PAURECT@@PAHPAHPAHPAH@Z)(Spot* this, RECT*, RECT*, int*, int*, int*, int*)"
P2,8021,0x005EABBF,?get_clipped_y_table_expand@Sprite@@QAEHPAURECT@@PAURECT@@PAHPAHPAHPAH@Z,170,8,0,unrecovered,,,2,exact,exact,"int (__thiscall ?get_clipped_y_table_expand@Sprite@@QAEHPAURECT@@PAURECT@@PAHPAHPAHPAH@Z)(Spot* this, RECT*, RECT*, int*, int*, int*, int*)"
P2,8021,0x005EAC6F,?get_clipped_x_table_shrink@Sprite@@QAEHPAURECT@@PAURECT@@PAHPAHPAHPAH@Z,140,8,0,unrecovered,,,2,exact,exact,"int (__thiscall ?get_clipped_x_table_shrink@Sprite@@QAEHPAURECT@@PAURECT@@PAHPAHPAHPAH@Z)(Spot* this, RECT*, RECT*, int*, int*, int*, int*)"
P2,8021,0x005EACFF,?get_clipped_y_table_shrink@Sprite@@QAEHPAURECT@@PAURECT@@PAHPAHPAHPAH@Z,142,8,0,unrecovered,,,2,exact,exact,"int (__thiscall ?get_clipped_y_table_shrink@Sprite@@QAEHPAURECT@@PAURECT@@PAHPAHPAHPAH@Z)(Sprite* this, RECT*, RECT*, int*, int*, int*, int*)"
P3,1021,0x005EAD9F,?change_color@Sprite@@QAEHHH@Z,175,1,0,unrecovered,,,2,exact,exact,"int (__thiscall ?change_color@Sprite@@QAEHHH@Z)(Sprite* this, int, int)"
P3,2321,0x005EAE4F,?copy@Sprite@@QAEHPAUSprite@@@Z,229,2,3,unrecovered,,,2,exact,exact,"int (__thiscall ?copy@Sprite@@QAEHPAUSprite@@@Z)(Sprite* this, Sprite*)"
P2,6121,0x005EAF3F,?create_blank@Sprite@@QAEHHHH@Z,71,6,1,unrecovered,,,2,exact,exact,"int (__thiscall ?create_blank@Sprite@@QAEHHHH@Z)(Sprite* this, int, int, int)"
P3,521,0x005EAF8F,?save@Sprite@@QAEHH@Z,309,0,5,unrecovered,,,2,exact,entry_range,"int (__thiscall ?save@Sprite@@QAEHH@Z)(Sprite* this, int)"
P3,621,0x005EB0BF,?load@Sprite@@QAEHH@Z,344,0,6,unrecovered,,,2,exact,entry_range,"int (__thiscall ?load@Sprite@@QAEHH@Z)(Sprite* this, int)"
P2,8021,0x005EB20F,?fill_scaling_table@Sprite@@QAEXXZ,133,8,0,unrecovered,,,2,exact,exact,void (__thiscall ?fill_scaling_table@Sprite@@QAEXXZ)(Sprite* this)
P3,421,0x005EB29F,?fill_entry@SpriteList@@QAEHPAUSpriteStruct@@@Z,129,0,4,unrecovered,,,2,exact,exact,"int (__thiscall ?fill_entry@SpriteList@@QAEHPAUSpriteStruct@@@Z)(SpriteList* this, SpriteStruct*)"
P3,111,0x005EB32F,?kill_entry@SpriteList@@QAEHPAUSpriteStruct@@@Z,28,0,1,unrecovered,,,1,exact,missing,"int (__thiscall ?kill_entry@SpriteList@@QAEHPAUSpriteStruct@@@Z)(SpriteList* this, SpriteStruct*)"
P3,210,0x005EB390,sub_5eb390,22,0,2,unrecovered,,,1,exact,missing,
P0,1004621,0x005EB640,?close@Win@@QAEXXZ,1610,4,6,original_dependency,ui_dependency,recover_win_close,2,exact,exact,void (__thiscall ?close@Win@@QAEXXZ)(Win* this)
P0,1002321,0x005EBC90,??1Win@@QAE@XZ,401,2,3,original_dependency,ui_dependency,recover_win_close,2,entry_range,entry_range,void (__thiscall ??1Win@@QAE@XZ)(Win* this)
P0,1003721,0x005EBD80,?init@Win@@QAEHHHHHPADHPAVWin@@PAVMenu@@PAUBorderSizing@@@Z,2285,2,17,original_dependency,ui_dependency,recover_owning_class,2,exact,entry_range,"int (__thiscall ?init@Win@@QAEHHHHHPADHPAVWin@@PAVMenu@@PAUBorderSizing@@@Z)(Win* this, int, int, int, int, int8*, int, Win*, Menu*, BorderSizing*)"
P3,101,0x005EC630,?init@Win@@QAEHPAURECT@@PADHPAVWin@@PAVMenu@@PAUBorderSizing@@@Z,72,0,1,unrecovered,,,0,missing,missing,"int (__thiscall ?init@Win@@QAEHPAURECT@@PADHPAVWin@@PAVMenu@@PAUBorderSizing@@@Z)(Win* this, RECT*, int8*, int, Win*, Menu*, BorderSizing*)"
P2,6121,0x005EC740,?set_cursor@Win@@QAEHPAVSprite@@HH@Z,51,6,1,unrecovered,,,2,exact,exact,"int (__thiscall ?set_cursor@Win@@QAEHPAVSprite@@HH@Z)(Win* this, Sprite*, int, int)"
P3,101,0x005EC780,?set_cursor@Win@@QAEHPAUHCURSOR@@@Z,60,0,1,unrecovered,,,0,missing,missing,"int (__thiscall ?set_cursor@Win@@QAEHPAUHCURSOR@@@Z)(Win* this, HCURSOR* phCursor)"
P3,111,0x005EC800,?set_mouse_pos@Win@@QAEXHH@Z,155,0,1,unrecovered,,,1,missing,exact,"void (__thiscall ?set_mouse_pos@Win@@QAEXHH@Z)(Win* this, int xCoord, int yCoord)"
P1,26121,0x005EC8A0,?get_mouse_pos@Win@@QAEXPAHPAH@Z,178,26,1,unrecovered,,,2,exact,exact,"void (__thiscall ?get_mouse_pos@Win@@QAEXPAHPAH@Z)(Win* this, int*, int*)"
P3,2021,0x005EC960,?get_lbutton_state@Win@@QAEHXZ,27,2,0,unrecovered,,,2,exact,exact,int (__thiscall ?get_lbutton_state@Win@@QAEHXZ)(Win* this)
P3,1,0x005EC980,?get_rbutton_state@Win@@QAEHXZ,27,0,0,unrecovered,,,0,missing,missing,int (__thiscall ?get_rbutton_state@Win@@QAEHXZ)(Win* this)
P3,211,0x005EC9A0,?set_parent_dialog@Win@@QAEXPAVWin@@@Z,440,0,2,unrecovered,,,1,missing,exact,"void (__thiscall ?set_parent_dialog@Win@@QAEXPAVWin@@@Z)(Win* this, Win*)"
P3,101,0x005ECB60,?remove_parent_dialog@Win@@QAEXXZ,224,0,1,unrecovered,,,0,missing,missing,void (__thiscall ?remove_parent_dialog@Win@@QAEXXZ)(Win* this)
P3,21,0x005ECC40,?set_dialog_focus@Win@@QAEXPAVWin@@@Z,219,0,0,unrecovered,,,2,exact,exact,"void (__thiscall ?set_dialog_focus@Win@@QAEXPAVWin@@@Z)(Win* this, Win*)"
P3,21,0x005ECD20,?pass_dialog_focus@Win@@QAEXXZ,154,0,0,unrecovered,,,2,exact,exact,void (__thiscall ?pass_dialog_focus@Win@@QAEXXZ)(Win* this)
P3,2111,0x005ECDC0,?UNK2@Win@@QAEHH@Z,85,2,1,unrecovered,,,1,exact,missing,"int (__thiscall ?UNK2@Win@@QAEHH@Z)(Win* this, int)"
P3,111,0x005ECEC0,?UNK4@Win@@QAEHXZ,92,0,1,unrecovered,,,1,exact,missing,int (__thiscall ?UNK4@Win@@QAEHXZ)(Win* this)
P3,4121,0x005ECF20,?screen_to_client@Win@@QAEXPAURECT@@@Z,184,4,1,unrecovered,,,2,exact,exact,"void (__thiscall ?screen_to_client@Win@@QAEXPAURECT@@@Z)(Win* this, RECT*)"
P2,12121,0x005ECFE0,?client_to_screen@Win@@QAEXPAURECT@@@Z,180,12,1,unrecovered,,,2,exact,exact,"void (__thiscall ?client_to_screen@Win@@QAEXPAURECT@@@Z)(Win* this, RECT*)"
P3,111,0x005ED0A0,?nonscreen_to_client@Win@@QAEXPAURECT@@@Z,202,0,1,unrecovered,,,1,exact,missing,"void (__thiscall ?nonscreen_to_client@Win@@QAEXPAURECT@@@Z)(Win* this, RECT*)"
P3,1121,0x005ED170,?nonclient_to_screen@Win@@QAEXPAURECT@@@Z,198,1,1,unrecovered,,,2,exact,exact,"void (__thiscall ?nonclient_to_screen@Win@@QAEXPAURECT@@@Z)(Win* this, RECT*)"
P2,11121,0x005ED2D0,?screen_to_client@Win@@QAEXPAHPAH@Z,133,11,1,unrecovered,,,2,exact,exact,"void (__thiscall ?screen_to_client@Win@@QAEXPAHPAH@Z)(Win* this, int*, int*)"
P3,1110,0x005ED360,sub_5ed360,137,1,1,unrecovered,,,1,exact,missing,
P3,1121,0x005ED3F0,?nonclient_to_screen@Win@@QAEXPAH0@Z,157,1,1,unrecovered,,,2,exact,exact,"void (__thiscall ?nonclient_to_screen@Win@@QAEXPAH0@Z)(Win* this, int*, int*)"
P3,1110,0x005ED490,sub_5ed490,137,1,1,unrecovered,,,1,exact,missing,
P3,121,0x005ED520,?screen_to_nonclient@Win@@QAEXPAH0@Z,157,0,1,unrecovered,,,2,exact,exact,"void (__thiscall ?screen_to_nonclient@Win@@QAEXPAH0@Z)(Win* this, int*, int*)"
P2,6221,0x005ED5C0,?center@Win@@QAEHXZ,311,6,2,unrecovered,,,2,exact,exact,int (__thiscall ?center@Win@@QAEHXZ)(Win* this)
P3,110,0x005ED700,sub_5ed700,180,0,1,unrecovered,,,1,exact,missing,
P3,1321,0x005ED880,?resize@Win@@QAEHHHH@Z,309,1,3,unrecovered,,,2,exact,exact,"int (__thiscall ?resize@Win@@QAEHHHH@Z)(Win* this, int, int, int)"
P3,11,0x005ED9C0,?on_redraw@Win@@QAEHXZ,5,0,0,unrecovered,,,1,exact,missing,int (__thiscall ?on_redraw@Win@@QAEHXZ)(Win* this)
P1,35621,0x005ED9D0,?show@Win@@QAEXH@Z,763,35,6,unrecovered,,,2,exact,exact,"void (__thiscall ?show@Win@@QAEXH@Z)(Win* this, int)"
P1,34421,0x005EDCD0,?hide@Win@@QAEXXZ,390,34,4,unrecovered,,,2,exact,exact,void (__thiscall ?hide@Win@@QAEXXZ)(Win* this)
P3,1021,0x005EDE60,?maximize@Win@@QAEHXZ,72,1,0,unrecovered,,,2,exact,exact,int (__thiscall ?maximize@Win@@QAEHXZ)(Win* this)
P3,1021,0x005EDEB0,?minimize@Win@@QAEHXZ,72,1,0,unrecovered,,,2,exact,exact,int (__thiscall ?minimize@Win@@QAEHXZ)(Win* this)
P3,1,0x005EDF00,?show_maximize@Win@@QAEHXZ,72,0,0,unrecovered,,,0,missing,missing,int (__thiscall ?show_maximize@Win@@QAEHXZ)(Win* this)
P2,6521,0x005EDF50,?set_caption@Win@@QAEXPAD@Z,133,6,5,unrecovered,,,2,exact,exact,"void (__thiscall ?set_caption@Win@@QAEXPAD@Z)(Win* this, int8*)"
P3,11,0x005EDFF0,?UNK7@Win@@QAEXHHHH@Z,45,0,0,unrecovered,,,1,exact,missing,"void (__thiscall ?UNK7@Win@@QAEXHHHH@Z)(Win* this, int xLeft, int yTop, int, int)"
P3,1221,0x005EE190,?set_modal@Win@@QAEHHP6AHXZPAVWin@@@Z,235,1,2,unrecovered,,,2,exact,exact,"int (__thiscall ?set_modal@Win@@QAEHHP6AHXZPAVWin@@@Z)(Win* this, int, int (__cdecl *)(), Win*)"
P2,5021,0x005EE280,?release_modal@Win@@QAEXXZ,167,5,0,unrecovered,,,2,exact,exact,void (__thiscall ?release_modal@Win@@QAEXXZ)(Win* this)
P3,3221,0x005EE330,?resize_event@Win@@QAEHHH@Z,292,3,2,unrecovered,,,2,exact,exact,"int (__thiscall ?resize_event@Win@@QAEHHH@Z)(Win* this, int, int)"
P3,10,0x005EE460,sub_5ee460,55,0,0,unrecovered,,,1,missing,exact,
P3,0,0x005EE4A0,sub_5ee4a0,48,0,0,unrecovered,,,0,missing,missing,
P3,10,0x005EE4D0,sub_5ee4d0,155,0,0,unrecovered,,,1,missing,exact,
P3,10,0x005EE570,sub_5ee570,158,0,0,unrecovered,,,1,missing,exact,
P3,10,0x005EE610,sub_5ee610,158,0,0,unrecovered,,,1,missing,exact,
P3,10,0x005EE6B0,sub_5ee6b0,158,0,0,unrecovered,,,1,missing,exact,
P3,1021,0x005EE750,?left_down_event@Win@@QAEXHHH@Z,178,1,0,unrecovered,,,2,exact,exact,"void (__thiscall ?left_down_event@Win@@QAEXHHH@Z)(Win* this, int, int, int)"
P3,10,0x005EE810,sub_5ee810,158,0,0,unrecovered,,,1,missing,exact,
P3,10,0x005EE8B0,sub_5ee8b0,158,0,0,unrecovered,,,1,missing,exact,
P3,10,0x005EE950,sub_5ee950,158,0,0,unrecovered,,,1,missing,exact,
P3,10,0x005EE9F0,sub_5ee9f0,158,0,0,unrecovered,,,1,missing,exact,
P3,4121,0x005EEA90,?key_click_event@Win@@QAEHHH@Z,241,4,1,unrecovered,,,2,exact,exact,"int (__thiscall ?key_click_event@Win@@QAEHHH@Z)(Win* this, int, int)"
P3,3221,0x005EEB90,?key_down_event@Win@@QAEHH@Z,553,3,2,unrecovered,,,2,exact,exact,"int (__thiscall ?key_down_event@Win@@QAEHH@Z)(Win* this, int)"
P3,2121,0x005EEDC0,?key_up_event@Win@@QAEHH@Z,167,2,1,unrecovered,,,2,exact,exact,"int (__thiscall ?key_up_event@Win@@QAEHH@Z)(Win* this, int)"
P3,3021,0x005EEE70,?client_to_nonclient@Win@@QAEXPAH0@Z,230,3,0,unrecovered,,,2,exact,exact,"void (__thiscall ?client_to_nonclient@Win@@QAEXPAH0@Z)(Win* this, int*, int*)"
P0,1004021,0x005EEF60,?nonclient_to_client@Win@@QAEXPAH0@Z,240,4,0,original_dependency,ui_dependency,recover_owning_class,2,exact,exact,"void (__thiscall ?nonclient_to_client@Win@@QAEXPAH0@Z)(Win* this, int*, int*)"
P3,1021,0x005EF050,?client_to_nonclient@Win@@QAEXPAURECT@@@Z,189,1,0,unrecovered,,,2,exact,exact,"void (__thiscall ?client_to_nonclient@Win@@QAEXPAURECT@@@Z)(Win* this, RECT*)"
P3,2021,0x005EF110,?nonclient_to_client@Win@@QAEXPAURECT@@@Z,193,2,0,unrecovered,,,2,exact,exact,"void (__thiscall ?nonclient_to_client@Win@@QAEXPAURECT@@@Z)(Win* this, RECT*)"
P3,100,0x005EF1E0,sub_5ef1e0,304,0,1,unrecovered,,,0,missing,missing,
P3,310,0x005EF310,sub_5ef310,811,0,3,unrecovered,,,1,exact,missing,
P3,410,0x005EF640,sub_5ef640,774,0,4,unrecovered,,,1,exact,missing,
P3,210,0x005EF950,sub_5ef950,585,0,2,unrecovered,,,1,exact,missing,
P3,110,0x005EFBA0,sub_5efba0,341,0,1,unrecovered,,,1,exact,missing,
P3,3020,0x005EFD00,sub_5efd00,27,3,0,unrecovered,,,2,exact,exact,
P0,1028420,0x005EFD20,?flip@Win@@QAAXPAURECT@@@Z,1223,27,14,original_dependency,ui_dependency,recover_winfliporiginal_body,2,exact,exact,
P3,1720,0x005F01F0,?init_class@Win@@QAAHPAD@Z,761,1,7,unrecovered,,,2,exact,entry_range,
P3,1120,0x005F04E0,?close_class@Win@@QAAXXZ,64,1,1,unrecovered,,,2,exact,exact,
P3,11,0x005F0540,?adjust_menus@Win@@QAGHPAX@Z,57,0,0,unrecovered,,,1,exact,missing,int (__stdcall ?adjust_menus@Win@@QAGHPAX@Z)(HWND hWnd)
P3,1021,0x005F0580,?set_caption_height@Win@@QAEXH@Z,61,1,0,unrecovered,,,2,exact,exact,"void (__thiscall ?set_caption_height@Win@@QAEXH@Z)(Win* this, int)"
P3,10,0x005F05C0,sub_5f05c0,13,0,0,unrecovered,,,1,exact,missing,
P3,1021,0x005F05D0,?set_border_thickness@Win@@QAEXH@Z,61,1,0,unrecovered,,,2,exact,exact,"void (__thiscall ?set_border_thickness@Win@@QAEXH@Z)(Win* this, int thickness)"
P3,1021,0x005F0610,?set_bottom_border_thickness@Win@@QAEXH@Z,61,1,0,unrecovered,,,2,exact,exact,"void (__thiscall ?set_bottom_border_thickness@Win@@QAEXH@Z)(Win* this, int thickness)"
P3,1110,0x005F0650,?window_proc@Win@@QAGJPAXIIJ@Z,2007,0,11,unrecovered,,,1,exact,missing,
P3,1,0x005F1070,?OnQueryNewPalette@Win@@QAAHPAX@Z,209,0,0,unrecovered,,,0,missing,missing,int (__cdecl ?OnQueryNewPalette@Win@@QAAHPAX@Z)(HWND hWnd)
P3,1,0x005F1150,?OnPaletteChanged@Win@@QAAHPAXPAX@Z,219,0,0,unrecovered,,,0,missing,missing,"int (__cdecl ?OnPaletteChanged@Win@@QAAHPAXPAX@Z)(HWND hWnd, LPARAM lParam)"
P3,0,0x005F1230,sub_5f1230,79,0,0,unrecovered,,,0,missing,missing,
P3,0,0x005F1280,sub_5f1280,33,0,0,unrecovered,,,0,missing,missing,
P3,0,0x005F12B0,sub_5f12b0,38,0,0,unrecovered,,,0,missing,missing,
P3,0,0x005F12E0,sub_5f12e0,43,0,0,unrecovered,,,0,missing,missing,
P3,0,0x005F1310,sub_5f1310,43,0,0,unrecovered,,,0,missing,missing,
P3,211,0x005F1340,?OnPaint@Win@@QAA_NPAX@Z,98,0,2,unrecovered,,,1,exact,missing,bool (__cdecl ?OnPaint@Win@@QAA_NPAX@Z)(HWND hWnd)
P3,10,0x005F13B0,sub_5f13b0,107,0,0,unrecovered,,,1,exact,missing,
P3,1,0x005F1420,?OnNCHitTest@Win@@QAAJPAXHH@Z,81,0,0,unrecovered,,,0,missing,missing,"LRESULT (__cdecl ?OnNCHitTest@Win@@QAAJPAXHH@Z)(HWND hWnd, int, int)"
P3,1,0x005F1480,?OnActivate@Win@@QAAJPAXIPAXJ@Z,310,0,0,unrecovered,,,0,missing,missing,"LRESULT (__cdecl ?OnActivate@Win@@QAAJPAXIPAXJ@Z)(HWND hWnd, LPARAM lParam, void*, int)"
P3,100,0x005F15C0,?OnKey@Win@@QAAXPAXIJHI@Z,151,0,1,unrecovered,,,0,missing,missing,
P3,100,0x005F1660,?OnChar@Win@@QAAXPAXDH@Z,107,0,1,unrecovered,,,0,missing,missing,
P3,100,0x005F16D0,?OnSysKey@Win@@QAAXPAXIJHI@Z,117,0,1,unrecovered,,,0,missing,missing,
P3,1220,0x005F1750,sub_5f1750,194,1,2,unrecovered,,,2,exact,exact,
P0,1008620,0x005F1820,?update_cursor@Win@@QAAHPAUWin@@H@Z,2528,8,6,original_dependency,ui_dependency,recover_winupdatecursororiginal_body,2,exact,exact,
P3,100,0x005F2250,sub_5f2250,60,0,1,unrecovered,,,0,missing,missing,
P3,300,0x005F2290,?OnMouseMove@Win@@QAAXPAXHHI@Z,157,0,3,unrecovered,,,0,missing,missing,
P3,1220,0x005F2330,?OnLButtonDown@Win@@QAAXPAXJHHI@Z,571,1,2,unrecovered,,,2,exact,exact,
P3,100,0x005F2570,?OnLButtonUp@Win@@QAAXPAXHHI@Z,65,0,1,unrecovered,,,0,missing,missing,
P3,100,0x005F25C0,?OnRButtonDown@Win@@QAAXPAXJHHI@Z,95,0,1,unrecovered,,,0,missing,missing,
P3,100,0x005F2620,?OnRButtonUp@Win@@QAAXPAXHHI@Z,65,0,1,unrecovered,,,0,missing,missing,
P3,11,0x005F2680,?OnSysCommand@Win@@QAAHPAXIHH@Z,127,0,0,unrecovered,,,1,exact,missing,"int (__cdecl ?OnSysCommand@Win@@QAAHPAXIHH@Z)(HWND hWnd, WPARAM wParam, int, int)"
P3,1021,0x005F2700,?do_caption_buttons@Win@@QAEXXZ,83,1,0,unrecovered,,,2,exact,exact,void (__thiscall ?do_caption_buttons@Win@@QAEXXZ)(Win* this)
P3,1121,0x005F2760,?redo_caption_buttons@Win@@QAEXXZ,194,1,1,unrecovered,,,2,exact,exact,void (__thiscall ?redo_caption_buttons@Win@@QAEXXZ)(Win* this)
P3,0,0x005F2830,sub_5f2830,267,0,0,unrecovered,,,0,missing,missing,
P3,321,0x005F2940,?set_rects@Win@@QAEXXZ,378,0,3,unrecovered,,,2,exact,exact,void (__thiscall ?set_rects@Win@@QAEXXZ)(Win* this)
P3,3121,0x005F2AC0,?window_line_raw@Win@@QAEXHHHHHHI@Z,375,3,1,unrecovered,,,2,exact,exact,"void (__thiscall ?window_line_raw@Win@@QAEXHHHHHHI@Z)(Win* this, int, int, int xCoord, int yCoord, int, int, unsigned int)"
P3,2120,0x005F2C40,?set_display_mode@Win@@QAAHHHHH@Z,31,2,1,unrecovered,,,2,exact,exact,
P3,2021,0x005F2CF0,?on_redraw_nc@Win@@QAEXPAURECT@@H@Z,2762,1,10,unrecovered,,,2,exact,exact,"void (__thiscall ?on_redraw_nc@Win@@QAEXPAURECT@@H@Z)(Win* this, RECT*, int)"
P3,110,0x005F37C0,sub_5f37c0,947,0,1,unrecovered,,,1,exact,missing,
P3,110,0x005F3B80,sub_5f3b80,3879,0,1,unrecovered,,,1,exact,missing,
P3,111,0x005F4AB0,?bring_to_top@Win@@QAEXXZ,372,0,1,unrecovered,,,1,exact,missing,void (__thiscall ?bring_to_top@Win@@QAEXXZ)(Win* this)
P3,1021,0x005F4C30,?redraw_nc_buffer@Win@@QAEHH@Z,82,1,0,unrecovered,,,2,exact,exact,"int (__thiscall ?redraw_nc_buffer@Win@@QAEHH@Z)(Win* this, int)"
P3,1021,0x005F4CA0,?update_nc_buffer@Win@@QAEXH@Z,18,1,0,unrecovered,,,2,exact,exact,"void (__thiscall ?update_nc_buffer@Win@@QAEXH@Z)(Win* this, int)"
P3,100,0x005F4CC0,?redraw@Win@@QAAXXZ,49,0,1,unrecovered,,,0,missing,missing,
P3,100,0x005F4D00,?update@Win@@QAAXXZ,77,0,1,unrecovered,,,0,missing,missing,
P3,0,0x005F4D50,sub_5f4d50,64,0,0,unrecovered,,,0,missing,missing,
P3,110,0x005F4D90,sub_5f4d90,289,0,1,unrecovered,,,1,exact,missing,
P2,12220,0x005F4EC0,?recurse_zorder@@YAXPAUWin@@@Z,339,12,2,unrecovered,,,2,exact,exact,
P3,1120,0x005F5020,?update_zorder@Win@@QAAXXZ,96,1,1,unrecovered,,,2,exact,exact,
P3,10,0x005F5080,?add_parent@Win@@QAAXPAUWin@@@Z,85,0,0,unrecovered,,,1,missing,exact,
P3,0,0x005F50E0,?remove_parent@Win@@QAAXPAUWin@@@Z,86,0,0,unrecovered,,,0,missing,missing,
P3,2120,0x005F5140,?bring_parent_to_top@Win@@QAAXPAVWin@@@Z,183,2,1,unrecovered,,,2,exact,exact,
P3,0,0x005F5200,?add_child@Win@@QAEXPAUWin@@@Z,104,0,0,unrecovered,,,0,missing,missing,
P3,10,0x005F5270,?remove_child@Win@@QAEXPAUWin@@@Z,97,0,0,unrecovered,,,1,missing,exact,
P3,3121,0x005F52E0,?bring_child_to_top@Win@@QAEXPAVWin@@@Z,188,3,1,unrecovered,,,2,exact,exact,"void (__thiscall ?bring_child_to_top@Win@@QAEXPAVWin@@@Z)(Win* this, Win*)"
P3,211,0x005F53A0,?on_window_pos_changing@Win@@QAEJPAUWINDOWPOS@@@Z,224,0,2,unrecovered,,,1,exact,missing,"LRESULT (__thiscall ?on_window_pos_changing@Win@@QAEJPAUWINDOWPOS@@@Z)(Win* this, WINDOWPOS*)"
P3,11,0x005F5480,?on_window_pos_changed@Win@@QAEJPAUWINDOWPOS@@@Z,33,0,0,unrecovered,,,1,exact,missing,"LRESULT (__thiscall ?on_window_pos_changed@Win@@QAEJPAUWINDOWPOS@@@Z)(Win* this, WINDOWPOS*)"
P3,211,0x005F54E0,?on_paint@Win@@QAEXPAURECT@@@Z,803,0,2,unrecovered,,,1,exact,missing,"void (__thiscall ?on_paint@Win@@QAEXPAURECT@@@Z)(Win* this, RECT* lprc)"
P3,411,0x005F5810,?on_nc_paint@Win@@QAEXPAURECT@@H@Z,698,0,4,unrecovered,,,1,exact,missing,"void (__thiscall ?on_nc_paint@Win@@QAEXPAURECT@@H@Z)(Win* this, RECT* rect, int)"
P3,3021,0x005F5AD0,?on_nc_hittest@Win@@QAEHHH@Z,294,3,0,unrecovered,,,2,exact,exact,"int (__thiscall ?on_nc_hittest@Win@@QAEHHH@Z)(Win* this, int, int)"
P3,21,0x005F5C00,?on_activate@Win@@QAEJIPAXJ@Z,261,0,0,unrecovered,,,2,exact,exact,"int (__thiscall ?on_activate@Win@@QAEJIPAXJ@Z)(Win* this, unsigned int, LPARAM lParam, int)"
P3,611,0x005F5D10,?on_key@Win@@QAEXIJHI@Z,579,0,6,unrecovered,,,1,exact,missing,"void (__thiscall ?on_key@Win@@QAEXIJHI@Z)(Win* this, unsigned int, int, int, unsigned int)"
P3,0,0x005F5F60,?on_char@Win@@QAAHDH@Z,65,0,0,unrecovered,,,0,missing,missing,
P3,710,0x005F5FB0,sub_5f5fb0,635,0,7,unrecovered,,,1,exact,missing,
P3,11,0x005F6230,?on_sys_key@Win@@QAGHIJHI@Z,152,0,0,unrecovered,,,1,exact,missing,"LRESULT (__stdcall ?on_sys_key@Win@@QAGHIJHI@Z)(WPARAM wParam, int, int, unsigned int)"
P3,10,0x005F62D0,sub_5f62d0,71,0,0,unrecovered,,,1,exact,missing,
P3,1021,0x005F6320,?on_mouse_move@Win@@QAEXHHIH@Z,155,1,0,unrecovered,,,2,exact,exact,"void (__thiscall ?on_mouse_move@Win@@QAEXHHIH@Z)(Win* this, int, int, unsigned int, int)"
P3,411,0x005F63C0,?on_l_button_down@Win@@QAEXJHHIH@Z,398,0,4,unrecovered,,,1,exact,missing,"void (__thiscall ?on_l_button_down@Win@@QAEXJHHIH@Z)(Win* this, int, int xCoord, int yCoord, unsigned int, int)"
P3,211,0x005F6550,?on_l_button_up@Win@@QAEXHHIH@Z,445,0,2,unrecovered,,,1,exact,missing,"void (__thiscall ?on_l_button_up@Win@@QAEXHHIH@Z)(Win* this, int, int, unsigned int, int)"
P3,221,0x005F6710,?on_r_button_down@Win@@QAEXJHHIH@Z,367,0,2,unrecovered,,,2,exact,exact,"void (__thiscall ?on_r_button_down@Win@@QAEXJHHIH@Z)(Win* this, int, int, int, unsigned int, int)"
P3,111,0x005F6880,?on_r_button_up@Win@@QAEXHHIH@Z,417,0,1,unrecovered,,,1,exact,missing,"void (__thiscall ?on_r_button_up@Win@@QAEXHHIH@Z)(Win* this, int, int, unsigned int, int)"
P3,1120,0x005F6A50,?get_key_window@Win@@QAGHXZ,96,1,1,unrecovered,,,2,exact,exact,
P3,2420,0x005F6AB0,?get_mouse_window_recurse@@YAHPAUWin@@PAHPAH@Z,1110,2,4,unrecovered,,,2,exact,exact,
P2,8220,0x005F6F10,?get_mouse_window@Win@@QAAHPAH0@Z,1033,8,2,unrecovered,,,2,exact,exact,
P0,1012420,0x005F7320,?update_screen@Win@@QAAHPAURECT@@PAVWin@@@Z,383,12,4,original_dependency,ui_dependency,recover_winupdatescreenoriginal_body,2,exact,exact,
P3,3221,0x005F74A0,?update_window@Win@@QAEHPAURECT@@@Z,223,3,2,unrecovered,,,2,exact,exact,"int (__thiscall ?update_window@Win@@QAEHPAURECT@@@Z)(Win* this, RECT* lprcSrc2)"
P3,2621,0x005F7580,?do_tracking@Win@@QAEXHH@Z,2247,2,6,unrecovered,,,2,exact,exact,"void (__thiscall ?do_tracking@Win@@QAEXHH@Z)(Win* this, int, int)"
P3,1421,0x005F7EC0,?update_back_to_window@Win@@QAEXPAUBuffer@@@Z,639,1,4,unrecovered,,,2,exact,exact,"void (__thiscall ?update_back_to_window@Win@@QAEXPAUBuffer@@@Z)(Win* this, Buffer*)"
P2,6321,0x005F8140,?update_window_to_buffer@Win@@QAEXPAUBuffer@@@Z,624,6,3,unrecovered,,,2,exact,exact,"void (__thiscall ?update_window_to_buffer@Win@@QAEXPAUBuffer@@@Z)(Win* this, Buffer*)"
P3,100,0x005F83B0,sub_5f83b0,21,0,1,unrecovered,,,0,missing,missing,
P2,14421,0x005F83D0,?set_bubble_text@Win@@QAEXPADPAURECT@@@Z,299,14,4,unrecovered,,,2,exact,exact,"void (__thiscall ?set_bubble_text@Win@@QAEXPADPAURECT@@@Z)(Win* this, int8*, RECT*)"
P3,101,0x005F8530,?on_mousewheel_down_vert@Win@@QAEXH@Z,23,0,1,unrecovered,,,0,missing,missing,"void (__thiscall ?on_mousewheel_down_vert@Win@@QAEXH@Z)(Win* this, int)"
P3,101,0x005F8550,?on_mousewheel_down_horz@Win@@QAEXH@Z,23,0,1,unrecovered,,,0,missing,missing,"void (__thiscall ?on_mousewheel_down_horz@Win@@QAEXH@Z)(Win* this, int)"
P3,101,0x005F8570,?on_mousewheel_up_vert@Win@@QAEXH@Z,23,0,1,unrecovered,,,0,missing,missing,"void (__thiscall ?on_mousewheel_up_vert@Win@@QAEXH@Z)(Win* this, int)"
P3,101,0x005F8590,?on_mousewheel_up_horz@Win@@QAEXH@Z,23,0,1,unrecovered,,,0,missing,missing,"void (__thiscall ?on_mousewheel_up_horz@Win@@QAEXH@Z)(Win* this, int)"
P3,1121,0x005F85B0,?on_mousewheel_down@Win@@QAEXH@Z,45,1,1,unrecovered,,,2,exact,exact,"void (__thiscall ?on_mousewheel_down@Win@@QAEXH@Z)(Win* this, int)"
P3,1121,0x005F85E0,?on_mousewheel_up@Win@@QAEXH@Z,45,1,1,unrecovered,,,2,exact,exact,"void (__thiscall ?on_mousewheel_up@Win@@QAEXH@Z)(Win* this, int)"
P3,1020,0x005F86A0,sub_5f86a0,31,1,0,unrecovered,,,2,exact,exact,
P3,210,0x005F8770,sub_5f8770,134,0,2,unrecovered,,,1,missing,exact,
P1,26121,0x005F8800,??0PullDown@@QAE@XZ,147,26,1,unrecovered,,,2,exact,exact,void (__thiscall ??0PullDown@@QAE@XZ)(PullDown* this)
P2,12121,0x005F8920,?init@PullDown@@QAEXPAUMenu@@@Z,71,12,1,unrecovered,,,2,exact,exact,"void (__thiscall ?init@PullDown@@QAEXPAUMenu@@@Z)(PullDown* this, Menu*)"
P3,211,0x005F8970,?UNK1@PullDown@@QAEXXZ,88,0,2,unrecovered,,,1,missing,exact,void (__thiscall ?UNK1@PullDown@@QAEXXZ)(PullDown* this)
P2,12521,0x005F89D0,?add_item@PullDown@@QAEHHPAD@Z,527,12,5,unrecovered,,,2,exact,exact,"int (__thiscall ?add_item@PullDown@@QAEHHPAD@Z)(PullDown* this, int, int8*)"
P2,10021,0x005F8BE0,?add_separator@PullDown@@QAEHH@Z,161,10,0,unrecovered,,,2,exact,exact,"int (__thiscall ?add_separator@PullDown@@QAEHH@Z)(PullDown* this, int)"
P3,1621,0x005F8E50,?rename_item@PullDown@@QAEHHPAD@Z,494,1,6,unrecovered,,,2,exact,exact,"int (__thiscall ?rename_item@PullDown@@QAEHHPAD@Z)(PullDown* this, int, int8*)"
P3,1121,0x005F9100,?UNK4@PullDown@@QAEXXZ,101,1,1,unrecovered,,,2,exact,exact,void (__thiscall ?UNK4@PullDown@@QAEXXZ)(PullDown* this)
P2,14521,0x005F9170,?show@PullDown@@QAEHHHP6AHXZ@Z,551,14,5,unrecovered,,,2,exact,exact,"int (__thiscall ?show@PullDown@@QAEHHHP6AHXZ@Z)(PullDown* this, int, int, int (__cdecl *)())"
P3,221,0x005F93A0,?hide@PullDown@@QAEXXZ,25,0,2,unrecovered,,,2,exact,exact,void (__thiscall ?hide@PullDown@@QAEXXZ)(PullDown* this)
P3,211,0x005F93C0,?on_left_down@PullDown@@QAEXHH@Z,155,0,2,unrecovered,,,1,exact,missing,"void (__thiscall ?on_left_down@PullDown@@QAEXHH@Z)(PullDown* this, int, int)"
P3,11,0x005F9460,?on_right_down@PullDown@@QAEXHH@Z,18,0,0,unrecovered,,,1,exact,missing,"void (__thiscall ?on_right_down@PullDown@@QAEXHH@Z)(PullDown* this, int, int)"
P3,11,0x005F9480,?on_left_up@PullDown@@QAEXHH@Z,227,0,0,unrecovered,,,1,exact,missing,"void (__thiscall ?on_left_up@PullDown@@QAEXHH@Z)(PullDown* this, int, int)"
P3,11,0x005F9570,?on_right_up@PullDown@@QAEXHH@Z,18,0,0,unrecovered,,,1,exact,missing,"void (__thiscall ?on_right_up@PullDown@@QAEXHH@Z)(PullDown* this, int, int)"
P3,1121,0x005F9590,?mouse_move@PullDown@@QAEXHH@Z,161,1,1,unrecovered,,,2,exact,exact,"void (__thiscall ?mouse_move@PullDown@@QAEXHH@Z)(PullDown* this, int, int)"
P3,311,0x005F9640,?on_key_click@PullDown@@QAEHHH@Z,512,0,3,unrecovered,,,1,exact,missing,"int (__thiscall ?on_key_click@PullDown@@QAEHHH@Z)(PullDown* this, int, int)"
P3,1211,0x005F98B0,?on_redraw@PullDown@@QAEXXZ,1103,0,12,unrecovered,,,1,exact,missing,void (__thiscall ?on_redraw@PullDown@@QAEXXZ)(PullDown* this)
P3,2321,0x005F9D30,?compute_length@PullDown@@QAEHPAD@Z,516,2,3,unrecovered,,,2,exact,exact,"int (__thiscall ?compute_length@PullDown@@QAEHPAD@Z)(PullDown* this, int8*)"
P3,3221,0x005F9F60,?pulldown_update@PullDown@@QAEXHH@Z,1867,2,12,unrecovered,,,2,exact,exact,"void (__thiscall ?pulldown_update@PullDown@@QAEXHH@Z)(PullDown* this, int, int)"
P3,411,0x005FA6B0,?on_mouse_move@PullDown@@QAEXHH@Z,134,0,4,unrecovered,,,1,exact,missing,"void (__thiscall ?on_mouse_move@PullDown@@QAEXHH@Z)(PullDown* this, int, int)"
P3,1221,0x005FAC60,??0Menu@@QAE@XZ,168,1,2,unrecovered,,,2,exact,entry_range,void (__thiscall ??0Menu@@QAE@XZ)(Menu* this)
P0,1003321,0x005FAD00,??1Menu@@QAE@XZ,225,3,3,original_dependency,ui_dependency,recover_owning_class,2,exact,entry_range,void (__thiscall ??1Menu@@QAE@XZ)(Menu* this)
P3,111,0x005FADD0,?init@Menu@@QAEHPAUWin@@@Z,153,0,1,unrecovered,,,1,exact,missing,"int (__thiscall ?init@Menu@@QAEHPAUWin@@@Z)(Menu* this, Win*)"
P3,121,0x005FAE70,?UNK1@Menu@@QAEXXZ,104,0,1,unrecovered,,,2,exact,exact,void (__thiscall ?UNK1@Menu@@QAEXXZ)(Menu* this)
P3,1020,0x005FAEE0,?set_def_font@Menu@@QAAXPAUFont@@@Z,35,1,0,unrecovered,,,2,exact,entry_range,
P3,1921,0x005FAEF0,?add_menu@Menu@@QAEHHPADH@Z,543,1,9,unrecovered,,,2,exact,entry_range,"int (__thiscall ?add_menu@Menu@@QAEHHPADH@Z)(Menu* this, int, int8*, int)"
P3,1121,0x005FB100,?add_menu_item@Menu@@QAEHHHPAD@Z,89,1,1,unrecovered,,,2,exact,exact,"int (__thiscall ?add_menu_item@Menu@@QAEHHHPAD@Z)(Menu* this, int, int, int8*)"
P3,1121,0x005FB160,?add_separator@Menu@@QAEHHH@Z,86,1,1,unrecovered,,,2,exact,exact,"int (__thiscall ?add_separator@Menu@@QAEHHH@Z)(Menu* this, int, int)"
P3,111,0x005FB240,?UNK5@Menu@@QAEHHHHH@Z,94,0,1,unrecovered,,,1,exact,missing,"int (__thiscall ?UNK5@Menu@@QAEHHHHH@Z)(Menu* this, int, int, int, int)"
P3,511,0x005FB5A0,?UNK10@Menu@@QAEHHPAD@Z,349,0,5,unrecovered,,,1,exact,missing,"int (__thiscall ?UNK10@Menu@@QAEHHPAD@Z)(Menu* this, int, int8*)"
P3,1121,0x005FB700,?rename_menu_item@Menu@@QAEHHHPAD@Z,89,1,1,unrecovered,,,2,exact,exact,"int (__thiscall ?rename_menu_item@Menu@@QAEHHHPAD@Z)(Menu* this, int, int, int8*)"
P3,1221,0x005FB830,?menu_event@Menu@@QAEHH@Z,168,1,2,unrecovered,,,2,exact,exact,"int (__thiscall ?menu_event@Menu@@QAEHH@Z)(Menu* this, int)"
P3,111,0x005FB8E0,?UNK11@Menu@@QAEHHH@Z,80,0,1,unrecovered,,,1,exact,missing,"int (__thiscall ?UNK11@Menu@@QAEHHH@Z)(Menu* this, int, int)"
P3,11,0x005FB930,?UNK12@Menu@@QAEHHH@Z,81,0,0,unrecovered,,,1,exact,missing,"int (__thiscall ?UNK12@Menu@@QAEHHH@Z)(Menu* this, int, int)"
P3,311,0x005FB9C0,?compute@Menu@@QAEXXZ,253,0,3,unrecovered,,,1,exact,missing,void (__thiscall ?compute@Menu@@QAEXXZ)(Menu* this)
P3,521,0x005FBAC0,?on_left_up@Menu@@QAEXHH@Z,346,0,5,unrecovered,,,2,exact,exact,"void (__thiscall ?on_left_up@Menu@@QAEXHH@Z)(Menu* this, int xCoord, int yCoord)"
P3,621,0x005FBC20,?on_left_down@Menu@@QAEXHH@Z,395,0,6,unrecovered,,,2,exact,exact,"void (__thiscall ?on_left_down@Menu@@QAEXHH@Z)(Menu* this, int xCoord, int yCoord)"
P3,3321,0x005FBDB0,?mouse_move@Menu@@QAEXHH@Z,333,3,3,unrecovered,,,2,exact,exact,"void (__thiscall ?mouse_move@Menu@@QAEXHH@Z)(Menu* this, int, int)"
P3,1011,0x005FBF00,?on_key_click@Menu@@QAEHHH@Z,799,0,10,unrecovered,,,1,exact,missing,"int (__thiscall ?on_key_click@Menu@@QAEHHH@Z)(Menu* this, int, int)"
P3,1111,0x005FC290,?on_redraw@Menu@@QAEXXZ,772,0,11,unrecovered,,,1,exact,missing,void (__thiscall ?on_redraw@Menu@@QAEXXZ)(Menu* this)
P3,121,0x005FC5A0,?adjust@Menu@@QAEXXZ,123,0,1,unrecovered,,,2,exact,exact,void (__thiscall ?adjust@Menu@@QAEXXZ)(Menu* this)
P3,2221,0x005FC620,?hide_menus@Menu@@QAEXXZ,92,2,2,unrecovered,,,2,exact,exact,void (__thiscall ?hide_menus@Menu@@QAEXXZ)(Menu* this)
P3,1121,0x005FC680,?on_mouse_move@Menu@@QAEXHH@Z,18,1,1,unrecovered,,,2,exact,exact,"void (__thiscall ?on_mouse_move@Menu@@QAEXHH@Z)(Menu* this, int, int)"
P2,15420,0x005FC700,?wait_task@@YAXXZ,228,15,4,unrecovered,,,2,exact,exact,
P3,4420,0x005FC7F0,?do_task@@YAHXZ,248,4,4,unrecovered,,,2,exact,exact,
P3,2420,0x005FC8F0,?do_all_tasks@@YAXXZ,238,2,4,unrecovered,,,2,exact,exact,
P2,6020,0x005FC9F0,?do_all_tasks@@YAXPAUWin@@@Z,51,6,0,unrecovered,,,2,exact,exact,
P0,1012320,0x005FCA30,?do_non_input@@YAXXZ,228,12,3,source_complete,source_fallback,validate_source_implementation,2,exact,exact,
P3,210,0x005FCCF0,sub_5fccf0,77,0,2,unrecovered,,,1,exact,missing,
P3,310,0x005FCD40,sub_5fcd40,87,0,3,unrecovered,,,1,exact,missing,
P3,10,0x005FCDA0,sub_5fcda0,69,0,0,unrecovered,,,1,exact,missing,
P3,210,0x005FCDF0,sub_5fcdf0,208,0,2,unrecovered,,,1,exact,missing,
P3,310,0x005FCEC0,sub_5fcec0,204,0,3,unrecovered,,,1,exact,missing,
P3,210,0x005FCF90,?do_char@@YAXXZ,77,0,2,unrecovered,,,1,exact,missing,
P3,1320,0x005FCFE0,?do_all_chars@@YAXXZ,107,1,3,unrecovered,,,2,exact,exact,
P3,210,0x005FD050,?do_mouse@@YAXXZ,77,0,2,unrecovered,,,1,exact,missing,
P3,310,0x005FD0A0,?do_all_mouse@@YAXXZ,117,0,3,unrecovered,,,1,exact,missing,
P0,1017120,0x005FD120,?flush_input@@YAXXZ,154,17,1,original_dependency,ui_dependency,recover_owning_class,2,exact,exact,
P3,110,0x005FD1C0,?flush_keyboard@@YAXXZ,90,0,1,unrecovered,,,1,exact,missing,
P3,110,0x005FD220,?flush_mouse@@YAXXZ,90,0,1,unrecovered,,,1,exact,missing,
P3,110,0x005FD2C0,sub_5fd2c0,72,0,1,unrecovered,,,1,exact,missing,
P3,110,0x005FD310,sub_5fd310,77,0,1,unrecovered,,,1,exact,missing,
P3,10,0x005FD360,?do_all_sounds@@YAXXZ,11,0,0,unrecovered,,,1,exact,missing,
P0,1000121,0x005FDF40,??0TextIndex@@QAE@XZ,31,0,1,source_complete,ui_dependency,recover_textindex_element_ctor,2,exact,exact,void (__thiscall ??0TextIndex@@QAE@XZ)(TextIndex* this)
P0,1000011,0x005FDF60,??1TextIndex@@QAE@XZ,24,0,0,source_complete,ui_dependency,recover_textindex_teardown,1,exact,missing,void (__thiscall ??1TextIndex@@QAE@XZ)(TextIndex* this)
P0,1008121,0x005FE2A0,??0Palette@@QAE@XZ,57,8,1,original_dependency,ui_dependency,recover_owning_class,2,exact,exact,void (__thiscall ??0Palette@@QAE@XZ)(Palette* this)
P0,1018021,0x005FE2E0,??1Palette@@QAE@XZ,5,18,0,original_dependency,ui_dependency,recover_owning_class,2,exact,exact,void (__thiscall ??1Palette@@QAE@XZ)(Palette* this)
P3,2221,0x005FE2F0,?__as@Palette@@QAEHQAUPalette@@@Z,63,2,2,unrecovered,,,2,exact,exact,"int (__thiscall ?__as@Palette@@QAEHQAUPalette@@@Z)(Palette* this, Palette*)"
P2,5221,0x005FE330,?init@Palette@@QAEXXZ,303,5,2,unrecovered,,,2,exact,exact,void (__thiscall ?init@Palette@@QAEXXZ)(Palette* this)
P2,12121,0x005FE460,?set@Palette@@QAEHXZ,139,12,1,unrecovered,,,2,exact,exact,int (__thiscall ?set@Palette@@QAEHXZ)(Palette* this)
P2,5321,0x005FE500,?close@Palette@@QAEXXZ,84,5,3,unrecovered,,,2,exact,exact,void (__thiscall ?close@Palette@@QAEXXZ)(Palette* this)
P3,2111,0x005FE5C0,?UNK1@Palette@@QAEHHHH@Z,134,2,1,unrecovered,,,1,exact,missing,"int (__thiscall ?UNK1@Palette@@QAEHHHH@Z)(Palette* this, int, int, int)"
P3,1121,0x005FE650,?set_from_dib@Palette@@QAEHPAUDib@@@Z,119,1,1,unrecovered,,,2,exact,exact,"int (__thiscall ?set_from_dib@Palette@@QAEHPAUDib@@@Z)(Palette* this, Dib*)"
P3,3121,0x005FE6D0,?reseed@Palette@@QAEXXZ,40,3,1,unrecovered,,,2,exact,exact,void (__thiscall ?reseed@Palette@@QAEXXZ)(Palette* this)
P3,1821,0x005FE700,?init_cycle@Palette@@QAEHHHHK@Z,449,1,8,unrecovered,,,2,exact,entry_range,"int (__thiscall ?init_cycle@Palette@@QAEHHHHK@Z)(Palette* this, int, int, int, unsigned int)"
P3,1121,0x005FE8B0,?start_cycle@Palette@@QAEHH@Z,75,1,1,unrecovered,,,2,exact,exact,"int (__thiscall ?start_cycle@Palette@@QAEHH@Z)(Palette* this, int)"
P3,111,0x005FE900,?UNK2@Palette@@QAEXH@Z,65,0,1,unrecovered,,,1,exact,missing,"void (__thiscall ?UNK2@Palette@@QAEXH@Z)(Palette* this, int)"
P3,511,0x005FE950,?UNK3@Palette@@QAEXH@Z,372,0,5,unrecovered,,,1,exact,missing,"void (__thiscall ?UNK3@Palette@@QAEXH@Z)(Palette* this, int)"
P3,20,0x005FEAD0,?timer_callback@Palette@@QAAXHH@Z,216,0,0,unrecovered,,,2,exact,exact,
P3,1220,0x005FEBB0,?init_palette_class@Palette@@QAAXH@Z,320,1,2,unrecovered,,,2,exact,exact,
P3,1020,0x005FECF0,?close_palette_class@Palette@@QAAXXZ,27,1,0,unrecovered,,,2,exact,exact,
P3,1321,0x005FED40,?create_table@Palette@@QAEHPAEHHH@Z,312,1,3,unrecovered,,,2,exact,exact,"int (__thiscall ?create_table@Palette@@QAEHPAEHHH@Z)(Palette* this, unsigned int8*, int, int, int)"
P3,211,0x005FEE80,?UNK4@Palette@@QAEHPAXHHHHH@Z,359,0,2,unrecovered,,,1,exact,missing,"int (__thiscall ?UNK4@Palette@@QAEHPAXHHHHH@Z)(Palette* this, void*, int, int, int, int, int)"
P3,2121,0x005FEFF0,?create_table_from_color@Palette@@QAEHHPAEHHHH@Z,430,2,1,unrecovered,,,2,exact,exact,"int (__thiscall ?create_table_from_color@Palette@@QAEHHPAEHHHH@Z)(Palette* this, int, unsigned int8*, int, int, int, int)"
P3,101,0x005FF1A0,?UNK5@Palette@@QAEHHHHH@Z,124,0,1,unrecovered,,,0,missing,missing,"int (__thiscall ?UNK5@Palette@@QAEHHHHH@Z)(Palette* this, int, int, int, int)"
P3,101,0x005FF220,?UNK6@Palette@@QAEHHHH@Z,87,0,1,unrecovered,,,0,missing,split,"int (__thiscall ?UNK6@Palette@@QAEHHHH@Z)(Palette* this, int, int, int)"
P3,1021,0x005FF280,?UNK7@Palette@@QAEHHHHHHH@Z,491,1,0,unrecovered,,,2,exact,exact,"int (__thiscall ?UNK7@Palette@@QAEHHHHHHH@Z)(Palette* this, int, int, int, int, int, int)"
P2,5021,0x005FF470,?get_nearest_palette_index@Palette@@QAEHEEEH@Z,439,5,0,unrecovered,,,2,exact,exact,"int (__thiscall ?get_nearest_palette_index@Palette@@QAEHEEEH@Z)(Palette* this, unsigned int8, unsigned int8, unsigned int8, int)"
P3,1221,0x005FF630,?get_nearest_palette_index@Palette@@QAEHPAUHSV@@0H@Z,765,1,2,unrecovered,,,2,exact,exact,"int (__thiscall ?get_nearest_palette_index@Palette@@QAEHPAUHSV@@0H@Z)(Palette* this, HSV*, HSV*, int)"
P3,211,0x005FF930,?UNK8@Palette@@QAEHHHHHH@Z,475,0,2,unrecovered,,,1,exact,missing,"int (__thiscall ?UNK8@Palette@@QAEHHHHHH@Z)(Palette* this, void*, UINT iStartIndex, UINT cEntries, int, int)"
P3,311,0x005FFB10,?UNK9@Palette@@QAEHHHHHH@Z,623,0,3,unrecovered,,,1,exact,missing,"int (__thiscall ?UNK9@Palette@@QAEHHHHHH@Z)(Palette* this, UINT, UINT iStartIndex, UINT cEntries, int, int)"
P3,2121,0x005FFD80,??0MCIVideo@@QAE@XZ,33,2,1,unrecovered,,,2,exact,exact,void (__thiscall ??0MCIVideo@@QAE@XZ)(MCIVideo* this)
P3,4121,0x005FFDB0,?close@MCIVideo@@QAEXXZ,141,4,1,unrecovered,,,2,exact,exact,void (__thiscall ?close@MCIVideo@@QAEXXZ)(MCIVideo* this)
P3,0,0x005FFE40,sub_5ffe40,56,0,0,unrecovered,,,0,missing,missing,
P3,0,0x005FFE80,sub_5ffe80,61,0,0,unrecovered,,,0,missing,missing,
P3,0,0x005FFEC0,sub_5ffec0,203,0,0,unrecovered,,,0,missing,missing,
P3,1321,0x005FFF90,?load@MCIVideo@@QAEHPADPAUWin@@HH@Z,578,1,3,unrecovered,,,2,exact,exact,"int (__thiscall ?load@MCIVideo@@QAEHPADPAUWin@@HH@Z)(MCIVideo* this, int8*, Win*, int xCoord, int yCoord)"
P3,1121,0x006001E0,?play@MCIVideo@@QAEXXZ,144,1,1,unrecovered,,,2,exact,exact,void (__thiscall ?play@MCIVideo@@QAEXXZ)(MCIVideo* this)
P3,1021,0x00600270,?stop@MCIVideo@@QAEXXZ,123,1,0,unrecovered,,,2,exact,exact,void (__thiscall ?stop@MCIVideo@@QAEXXZ)(MCIVideo* this)
P3,11,0x006002F0,?status@MCIVideo@@QAEHXZ,47,0,0,unrecovered,,,1,exact,missing,int (__thiscall ?status@MCIVideo@@QAEHXZ)(MCIVideo* this)
P3,1021,0x00600320,?is_playing@MCIVideo@@QAEHXZ,6,1,0,unrecovered,,,2,exact,exact,int (__thiscall ?is_playing@MCIVideo@@QAEHXZ)(MCIVideo* this)
P3,210,0x00600330,sub_600330,99,0,2,unrecovered,,,1,missing,exact,
P2,8721,0x00600860,??0BasePop@@QAE@XZ,1815,8,7,unrecovered,,,2,exact,entry_range,void (__thiscall ??0BasePop@@QAE@XZ)(BasePop* this)
P0,1100921,0x00600F00,?close@BasePop@@QAEXXZ,1705,100,9,original_dependency,ui_dependency,recover_base_pop_close,2,exact,exact,void (__thiscall ?close@BasePop@@QAEXXZ)(BasePop* this)
P0,1009621,0x006015B0,?init@BasePop@@QAEHHJ@Z,490,9,6,original_dependency,ui_dependency,recover_base_pop_init,2,exact,exact,"int (__thiscall ?init@BasePop@@QAEHHJ@Z)(BasePop* this, int, int)"
P3,3421,0x006017A0,?set_ok_text@BasePop@@QAEHPAD@Z,113,3,4,unrecovered,,,2,exact,exact,"int (__thiscall ?set_ok_text@BasePop@@QAEHPAD@Z)(BasePop* this, int8*)"
P3,3421,0x00601820,?set_cancel_text@BasePop@@QAEHPAD@Z,113,3,4,unrecovered,,,2,exact,exact,"int (__thiscall ?set_cancel_text@BasePop@@QAEHPAD@Z)(BasePop* this, int8*)"
P3,2420,0x006018A0,?set_def_ok_text@BasePop@@QAAHPAD@Z,98,2,4,unrecovered,,,2,exact,exact,
P3,2420,0x00601910,?set_def_cancel_text@BasePop@@QAAHPAD@Z,98,2,4,unrecovered,,,2,exact,exact,
P2,5121,0x00601980,?string@BasePop@@QAEHPAD@Z,110,5,1,unrecovered,,,2,exact,exact,"int (__thiscall ?string@BasePop@@QAEHPAD@Z)(BasePop* this, int8*)"
P3,4121,0x006019F0,?button@BasePop@@QAEHPAD@Z,75,4,1,unrecovered,,,2,exact,exact,"int (__thiscall ?button@BasePop@@QAEHPAD@Z)(BasePop* this, int8*)"
P3,411,0x00601A40,?UNK1@BasePop@@QAEHPAD@Z,113,0,4,unrecovered,,,1,exact,missing,"int (__thiscall ?UNK1@BasePop@@QAEHPAD@Z)(BasePop* this, int8*)"
P3,1,0x00601AC0,?set_height@BasePop@@QAEXH@Z,87,0,0,unrecovered,,,0,missing,missing,"void (__thiscall ?set_height@BasePop@@QAEXH@Z)(BasePop* this, int)"
P3,1021,0x00601BD0,?read_check@BasePop@@QAEXXZ,17,1,0,unrecovered,,,2,exact,exact,void (__thiscall ?read_check@BasePop@@QAEXXZ)(BasePop* this)
P2,15421,0x00601BF0,?start@BasePop@@QAEHPADPBDH0HPAUGraphicWin@@@Z,2569,13,24,unrecovered,,,2,exact,exact,"int (__thiscall ?start@BasePop@@QAEHPADPBDH0HPAUGraphicWin@@@Z)(BasePop* this, int8* srcFileID, int8* sectionID, int, int8*, int, GraphicWin*)"
P0,1089421,0x00602600,?exec@BasePop@@QAEHHP6AHXZ@Z,4618,87,24,original_dependency,ui_dependency,recover_base_pop_exec,2,exact,entry_range,"int (__thiscall ?exec@BasePop@@QAEHHP6AHXZ@Z)(BasePop* this, int, int (__cdecl *)())"
P3,2621,0x00603800,?calculate_dimensions@BasePop@@QAEHXZ,2770,1,16,unrecovered,,,2,exact,exact,int (__thiscall ?calculate_dimensions@BasePop@@QAEHXZ)(BasePop* this)
P3,221,0x00604300,?on_button_clicked@BasePop@@QAEXH@Z,202,0,2,unrecovered,,,2,exact,exact,"void (__thiscall ?on_button_clicked@BasePop@@QAEXH@Z)(BasePop* this, int)"
P3,1220,0x006043D0,?set_def_file@BasePop@@QAAHPAD@Z,55,1,2,unrecovered,,,2,exact,exact,
P3,121,0x00604410,?on_key_down@BasePop@@QAEHH@Z,126,0,1,unrecovered,,,2,exact,exact,"int (__thiscall ?on_key_down@BasePop@@QAEHH@Z)(BasePop* this, int)"
P3,111,0x006044D0,?double_click@BasePop@@QAEXH@Z,177,0,1,unrecovered,,,1,exact,missing,"void (__thiscall ?double_click@BasePop@@QAEXH@Z)(BasePop* this, int)"
P3,1420,0x00604590,?init_class@BasePop@@QAAHXZ,234,1,4,unrecovered,,,2,exact,exact,
P3,1120,0x00604680,?close_class@BasePop@@QAAXXZ,109,1,1,unrecovered,,,2,exact,exact,
P3,10,0x00604A80,?on_modal@BasePop@@QAAHXZ,14,0,0,unrecovered,,,1,exact,missing,
P3,1211,0x00604AB0,?on_redraw@BasePop@@QAEXXZ,897,0,12,unrecovered,,,1,exact,missing,void (__thiscall ?on_redraw@BasePop@@QAEXXZ)(BasePop* this)
P3,321,0x00604E40,?basepop_alloc@BasePop@@QAEHXZ,111,0,3,unrecovered,,,2,exact,entry_range,int (__thiscall ?basepop_alloc@BasePop@@QAEHXZ)(BasePop* this)
P3,211,0x00604EA0,?UNK2@BasePop@@QAEHXZ,362,0,2,unrecovered,,,1,missing,exact,int (__thiscall ?UNK2@BasePop@@QAEHXZ)(BasePop* this)
P3,11,0x00605010,?set_external_window@BasePop@@QAEXPAUGraphicWin@@HHHH@Z,215,0,0,unrecovered,,,1,exact,missing,"void (__thiscall ?set_external_window@BasePop@@QAEXPAUGraphicWin@@HHHH@Z)(BasePop* this, GraphicWin*, int, int, int, int)"
P3,1020,0x006050F0,?set_def_external_window@BasePop@@QAAXPAUGraphicWin@@HHHH@Z,49,1,0,unrecovered,,,2,exact,exact,
P3,111,0x00605130,?on_left_down@BasePop@@QAEXHH@Z,66,0,1,unrecovered,,,1,exact,missing,"void (__thiscall ?on_left_down@BasePop@@QAEXHH@Z)(BasePop* this, int xCoord, int yCoord)"
P3,10,0x006051C0,sub_6051c0,14,0,0,unrecovered,,,1,exact,missing,
P2,13221,0x006051D0,??0Scroll@@QAE@XZ,439,13,2,unrecovered,,,2,exact,entry_range,Scroll* (__thiscall ??0Scroll@@QAE@XZ)(Scroll* this)
P0,1009521,0x006054D0,?init@Scroll@@QAEHHHHHPAUWin@@HH@Z,879,9,5,original_dependency,ui_dependency,recover_scroll_primary_init,2,exact,exact,"int (__thiscall ?init@Scroll@@QAEHHHHHPAUWin@@HH@Z)(Scroll* this, int, int, int, int, Win*, int, int)"
P3,311,0x00605D90,?on_mouse_move@Scroll@@QAEXHH@Z,1099,0,3,unrecovered,,,1,exact,missing,"void (__thiscall ?on_mouse_move@Scroll@@QAEXHH@Z)(Scroll* this, int, int)"
P3,21,0x006061E0,?on_left_down@Scroll@@QAEXHH@Z,216,0,0,unrecovered,,,2,exact,exact,"void (__thiscall ?on_left_down@Scroll@@QAEXHH@Z)(Scroll* this, int, int)"
P3,21,0x006062C0,?on_left_up@Scroll@@QAEXHH@Z,68,0,0,unrecovered,,,2,exact,exact,"void (__thiscall ?on_left_up@Scroll@@QAEXHH@Z)(Scroll* this, int, int)"
P3,4021,0x00606320,?on_mousewheel_down@Scroll@@QAEXH@Z,286,4,0,unrecovered,,,2,exact,exact,"void (__thiscall ?on_mousewheel_down@Scroll@@QAEXH@Z)(Scroll* this, int)"
P3,4021,0x00606440,?on_mousewheel_up@Scroll@@QAEXH@Z,284,4,0,unrecovered,,,2,exact,exact,"void (__thiscall ?on_mousewheel_up@Scroll@@QAEXH@Z)(Scroll* this, int)"
P3,21,0x00606560,?on_key_click@Scroll@@QAEHHH@Z,396,0,0,unrecovered,,,2,exact,exact,"int (__thiscall ?on_key_click@Scroll@@QAEHHH@Z)(Scroll* this, int, int)"
P3,611,0x006066F0,?on_redraw@Scroll@@QAEXXZ,356,0,6,unrecovered,,,1,exact,missing,void (__thiscall ?on_redraw@Scroll@@QAEXXZ)(Scroll* this)
P3,121,0x00606860,?on_resize@Scroll@@QAEXHH@Z,315,0,1,unrecovered,,,2,exact,exact,"void (__thiscall ?on_resize@Scroll@@QAEXHH@Z)(Scroll* this, int, int)"
P3,21,0x006069A0,?on_button_pressed@Scroll@@QAEXH@Z,372,0,0,unrecovered,,,2,exact,exact,"void (__thiscall ?on_button_pressed@Scroll@@QAEXH@Z)(Scroll* this, int)"
P3,21,0x00606B20,?on_button_clicked@Scroll@@QAEXH@Z,291,0,0,unrecovered,,,2,exact,exact,"void (__thiscall ?on_button_clicked@Scroll@@QAEXH@Z)(Scroll* this, int)"
P3,211,0x00607190,?UNK1@BaseButton@@QAEHPAUFont@@PADHHHHPAUWin@@H@Z,122,0,2,unrecovered,,,1,exact,missing,"int (__thiscall ?UNK1@BaseButton@@QAEHPAUFont@@PADHHHHPAUWin@@H@Z)(BaseButton* this, Font*, int8*, int, int, int, int, Win*, int)"
P3,211,0x006075C0,?on_left_down@BaseButton@@QAEXHH@Z,348,0,2,unrecovered,,,1,exact,missing,"void (__thiscall ?on_left_down@BaseButton@@QAEXHH@Z)(BaseButton* this, int, int)"
P3,111,0x00607720,?on_left_up@BaseButton@@QAEXHH@Z,198,0,1,unrecovered,,,1,exact,missing,"void (__thiscall ?on_left_up@BaseButton@@QAEXHH@Z)(BaseButton* this, int, int)"
P3,11,0x00607820,?on_mouse_leave@BaseButton@@QAEXHH@Z,45,0,0,unrecovered,,,1,exact,missing,"void (__thiscall ?on_mouse_leave@BaseButton@@QAEXHH@Z)(BaseButton* this, int, int)"
P3,1421,0x00607850,?on_mouse_move@BaseButton@@QAEXHH@Z,419,1,4,unrecovered,,,2,exact,exact,"void (__thiscall ?on_mouse_move@BaseButton@@QAEXHH@Z)(BaseButton* this, int, int)"
P3,111,0x00607A00,?on_right_click@BaseButton@@QAEXHH@Z,20,0,1,unrecovered,,,1,exact,missing,"void (__thiscall ?on_right_click@BaseButton@@QAEXHH@Z)(BaseButton* this, int, int)"
P3,111,0x00607A20,?on_left_click@BaseButton@@QAEXHH@Z,211,0,1,unrecovered,,,1,exact,missing,"void (__thiscall ?on_left_click@BaseButton@@QAEXHH@Z)(BaseButton* this, int, int)"
P3,110,0x00607B10,?timer_callback_daemon@BaseButton@@QAAXHH@Z,19,0,1,unrecovered,,,1,exact,missing,
P3,2421,0x00607B30,?timer_callback@BaseButton@@QAEXH@Z,249,2,4,unrecovered,,,2,exact,exact,"void (__thiscall ?timer_callback@BaseButton@@QAEXH@Z)(BaseButton* this, int)"
P3,11,0x00607C30,?UNK2@BaseButton@@QAEXXZ,68,0,0,unrecovered,,,1,missing,exact,void (__thiscall ?UNK2@BaseButton@@QAEXXZ)(BaseButton* this)
P2,17121,0x00607CF0,??0FlatButton@@QAE@XZ,166,17,1,unrecovered,,,2,exact,exact,void (__thiscall ??0FlatButton@@QAE@XZ)(FlatButton* this)
P3,1611,0x00607E50,?on_redraw@FlatButton@@QAEXXZ,1705,0,16,unrecovered,,,1,exact,missing,void (__thiscall ?on_redraw@FlatButton@@QAEXXZ)(FlatButton* this)
P3,611,0x00608500,?on_mouse_move@FlatButton@@QAEXHH@Z,343,0,6,unrecovered,,,1,exact,missing,"void (__thiscall ?on_mouse_move@FlatButton@@QAEXHH@Z)(FlatButton* this, int, int)"
P3,211,0x00608660,?on_mouse_leave@FlatButton@@QAEXHH@Z,140,0,2,unrecovered,,,1,exact,missing,"void (__thiscall ?on_mouse_leave@FlatButton@@QAEXHH@Z)(FlatButton* this, int, int)"
P3,421,0x006086F0,?fill_entry@StringList@@QAEHPAUStringStruct@@@Z,113,0,4,unrecovered,,,2,exact,exact,"int (__thiscall ?fill_entry@StringList@@QAEHPAUStringStruct@@@Z)(StringList* this, StringStruct*)"
P3,121,0x00608770,?kill_entry@StringList@@QAEXPAUStringStruct@@@Z,43,0,1,unrecovered,,,2,exact,exact,"void (__thiscall ?kill_entry@StringList@@QAEXPAUStringStruct@@@Z)(StringList* this, StringStruct*)"
P3,3321,0x006087A0,?sort@StringList@@QAEXH@Z,480,3,3,unrecovered,,,2,exact,exact,"void (__thiscall ?sort@StringList@@QAEXH@Z)(StringList* this, SortType)"
P1,21721,0x00608980,?load@StringList@@QAEHPADPADHP6AXPAD@Z@Z,560,21,7,unrecovered,,,2,exact,entry_range,"int (__thiscall ?load@StringList@@QAEHPADPADHP6AXPAD@Z@Z)(StringList* this, int8*, int8*, int, void (__cdecl *)(int8* this))"
P3,2121,0x00608BA0,?add_special@StringList@@QAEXPAD@Z,92,2,1,unrecovered,,,2,exact,exact,"void (__thiscall ?add_special@StringList@@QAEXPAD@Z)(StringList* this, int8*)"
P2,6121,0x00608C10,??0Dialog@@QAE@XZ,505,6,1,unrecovered,,,2,exact,exact,void (__thiscall ??0Dialog@@QAE@XZ)(Dialog* this)
P0,1016121,0x00608F50,?close@Dialog@@QAEXXZ,499,16,1,original_dependency,ui_dependency,recover_dialog_close,2,exact,exact,void (__thiscall ?close@Dialog@@QAEXXZ)(Dialog* this)
P3,111,0x00609150,?init@Dialog@@QAEHXZ,427,0,1,unrecovered,,,1,exact,missing,int (__thiscall ?init@Dialog@@QAEHXZ)(Dialog* this)
P3,3221,0x00609300,?init@Dialog@@QAEHHHHHH@Z,357,3,2,unrecovered,,,2,exact,exact,"int (__thiscall ?init@Dialog@@QAEHHHHHH@Z)(Dialog* this, int, int, int, int, int)"
P2,13221,0x00609470,?init@Dialog@@QAEHPAURECT@@H@Z,382,13,2,unrecovered,,,2,exact,exact,"int (__thiscall ?init@Dialog@@QAEHPAURECT@@H@Z)(Dialog* this, RECT*, int size)"
P3,2221,0x006095F0,?init@Dialog@@QAEHH@Z,320,2,2,unrecovered,,,2,exact,exact,"int (__thiscall ?init@Dialog@@QAEHH@Z)(Dialog* this, int)"
P3,2121,0x00609730,?init@Dialog@@QAEHHHHHPAUHeap@@@Z,190,2,1,unrecovered,,,2,exact,exact,"int (__thiscall ?init@Dialog@@QAEHHHHHPAUHeap@@@Z)(Dialog* this, int, int, int, int, Heap*)"
P3,4121,0x006097F0,?init@Dialog@@QAEHPAURECT@@PAUHeap@@@Z,216,4,1,unrecovered,,,2,exact,exact,"int (__thiscall ?init@Dialog@@QAEHPAURECT@@PAUHeap@@@Z)(Dialog* this, RECT*, Heap*)"
P3,2121,0x006098D0,?init@Dialog@@QAEHPAUHeap@@@Z,159,2,1,unrecovered,,,2,exact,exact,"int (__thiscall ?init@Dialog@@QAEHPAUHeap@@@Z)(Dialog* this, Heap*)"
P3,1,0x00609970,?UNK1@Dialog@@QAEXHH@Z,26,0,0,unrecovered,,,0,missing,missing,"void (__thiscall ?UNK1@Dialog@@QAEXHH@Z)(Dialog* this, int, int)"
P0,1001121,0x00609990,?item@Dialog@@QAEHPADH@Z,52,1,1,original_dependency,ui_dependency,recover_dialog_item,2,exact,exact,"int (__thiscall ?item@Dialog@@QAEHPADH@Z)(Dialog* this, int8*, int)"
P3,11,0x00609BF0,?UNK2@Dialog@@QAEXHHHH@Z,112,0,0,unrecovered,,,1,exact,missing,"void (__thiscall ?UNK2@Dialog@@QAEXHHHH@Z)(Dialog* this, HWND hWndParent, UINT Msg, HWND hWnd, LPARAM lParam)"
P3,1020,0x00609D50,?set_def_dialog_text_color@Dialog@@QAAXHHHHH@Z,60,1,0,unrecovered,,,2,exact,exact,
P2,11221,0x00609DB0,??0ListBox@@QAE@H@Z,299,11,2,unrecovered,,,2,exact,entry_range,"void (__thiscall ??0ListBox@@QAE@H@Z)(ListBox* this, int)"
P2,17121,0x00609FA0,?set_selected_id@ListBox@@QAEXH@Z,115,17,1,unrecovered,,,2,exact,exact,"void (__thiscall ?set_selected_id@ListBox@@QAEXH@Z)(ListBox* this, int)"
P1,21421,0x0060A020,?set_selected_pos@ListBox@@QAEXHH@Z,445,21,4,unrecovered,,,2,exact,exact,"void (__thiscall ?set_selected_pos@ListBox@@QAEXHH@Z)(ListBox* this, int, int)"
P3,2621,0x0060A1E0,?calculate_dimensions@ListBox@@QAEHXZ,1163,2,6,unrecovered,,,2,exact,exact,int (__thiscall ?calculate_dimensions@ListBox@@QAEHXZ)(ListBox* this)
P0,1014221,0x0060A670,?attach@ListBox@@QAEHPAUGraphicWin@@HHH@Z,933,13,12,original_dependency,ui_dependency,recover_list_box_attach,2,exact,exact,"int (__thiscall ?attach@ListBox@@QAEHPAUGraphicWin@@HHH@Z)(ListBox* this, GraphicWin*, int, int, int)"
P0,1000011,0x0060AA20,?on_right_down@ListBox@@QAEXHH@Z,50,0,0,original_dependency,ui_dependency,recover_list_box_on_right_down,1,missing,exact,"void (__thiscall ?on_right_down@ListBox@@QAEXHH@Z)(ListBox* this, int, int)"
P0,1001321,0x0060AA60,?on_left_down@ListBox@@QAEXHH@Z,1316,1,3,original_dependency,ui_dependency,recover_list_box_on_left_down,2,exact,exact,"void (__thiscall ?on_left_down@ListBox@@QAEXHH@Z)(ListBox* this, int xCoord, int yCoord)"
P0,1001821,0x0060AF90,?on_key_down@ListBox@@QAEXH@Z,1349,1,8,original_dependency,ui_dependency,recover_list_box_on_key_down,2,exact,exact,"void (__thiscall ?on_key_down@ListBox@@QAEXH@Z)(ListBox* this, int)"
P3,5721,0x0060B530,?draw_item@ListBox@@QAEXH@Z,3240,4,17,unrecovered,,,2,exact,exact,"void (__thiscall ?draw_item@ListBox@@QAEXH@Z)(ListBox* this, int)"
P3,211,0x0060C1E0,?UNK1@ListBox@@QAEXH@Z,351,0,2,unrecovered,,,1,exact,missing,"void (__thiscall ?UNK1@ListBox@@QAEXH@Z)(ListBox* this, int)"
P0,1000621,0x0060C350,?on_redraw@ListBox@@QAEXXZ,628,0,6,original_dependency,ui_dependency,recover_list_box_on_redraw,2,exact,exact,void (__thiscall ?on_redraw@ListBox@@QAEXXZ)(ListBox* this)
P0,1002321,0x0060C5D0,?on_scrolling@ListBox@@QAEXHH@Z,193,2,3,original_dependency,ui_dependency,recover_dialogslistboxonscrolling;recover_list_box_on_scrolling,2,exact,exact,"void (__thiscall ?on_scrolling@ListBox@@QAEXHH@Z)(ListBox* this, int, int)"
P0,1000011,0x0060C6A0,?on_scrolled@ListBox@@QAEXHH@Z,33,0,0,original_dependency,ui_dependency,recover_list_box_on_scrolled,1,missing,exact,"void (__thiscall ?on_scrolled@ListBox@@QAEXHH@Z)(ListBox* this, int, int)"
P0,1000011,0x0060C6D0,?on_right_double_click@ListBox@@QAEXHH@Z,50,0,0,original_dependency,ui_dependency,recover_list_box_on_right_double_click,1,missing,exact,"void (__thiscall ?on_right_double_click@ListBox@@QAEXHH@Z)(ListBox* this, int, int)"
P0,1001121,0x0060C710,?on_left_double_click@ListBox@@QAEXHH@Z,171,1,1,original_dependency,ui_dependency,recover_list_box_on_left_double_click,2,exact,exact,"void (__thiscall ?on_left_double_click@ListBox@@QAEXHH@Z)(ListBox* this, int, int)"
P0,1001021,0x0060C7C0,?on_dialog_focus@ListBox@@QAEXH@Z,3,1,0,source_complete,ui_dependency,recover_list_box_on_dialog_focus,2,exact,exact,"void (__thiscall ?on_dialog_focus@ListBox@@QAEXH@Z)(ListBox* this, int)"
P3,2221,0x0060C7D0,?UNK2@ListBox@@QAEHPAD@Z,336,2,2,unrecovered,,,2,exact,exact,"int (__thiscall ?UNK2@ListBox@@QAEHPAD@Z)(ListBox* this, int8*)"
P0,1032221,0x0060C920,?item@ListBox@@QAEHPADH@Z,137,32,2,original_dependency,ui_dependency,recover_list_box_item,2,exact,exact,"int (__thiscall ?item@ListBox@@QAEHPADH@Z)(ListBox* this, int8* lpString, int)"
P2,11021,0x0060C9B0,?update_changes@ListBox@@QAEHXZ,435,10,10,unrecovered,,,2,exact,exact,int (__thiscall ?update_changes@ListBox@@QAEHXZ)(ListBox* this)
P0,1001221,0x0060CB70,?on_mousewheel@ListBox@@QAEXH@Z,74,1,2,original_dependency,ui_dependency,recover_dialogslistboxonmousewheel;recover_list_box_on_mousewheel,2,exact,exact,"void (__thiscall ?on_mousewheel@ListBox@@QAEXH@Z)(ListBox* this, int)"
P0,1001321,0x0060CBC0,?on_mouse_move@ListBox@@QAEXHH@Z,587,1,3,original_dependency,ui_dependency,recover_list_box_on_mouse_move,2,exact,exact,"void (__thiscall ?on_mouse_move@ListBox@@QAEXHH@Z)(ListBox* this, int, int)"
P0,1001021,0x0060CE10,?on_mouse_leave@ListBox@@QAEXHH@Z,40,1,0,original_dependency,ui_dependency,recover_list_box_on_mouse_leave,2,exact,exact,"void (__thiscall ?on_mouse_leave@ListBox@@QAEXHH@Z)(ListBox* this, int, int)"
P3,400,0x0060CE40,sub_60ce40,135,0,4,unrecovered,,,0,missing,missing,
P3,10,0x0060CED0,sub_60ced0,49,0,0,unrecovered,,,1,exact,missing,
P3,10,0x0060CF10,sub_60cf10,61,0,0,unrecovered,,,1,exact,missing,
P3,400,0x0060D010,sub_60d010,144,0,4,unrecovered,,,0,missing,missing,
P3,400,0x0060D030,sub_60d030,141,0,4,unrecovered,,,0,missing,missing,
P3,1221,0x0060D0E0,??0RadioButton@@QAE@H@Z,230,1,2,unrecovered,,,2,exact,entry_range,"void (__thiscall ??0RadioButton@@QAE@H@Z)(RadioButton* this, int)"
P0,1002621,0x0060D1F0,?attach@RadioButton@@QAEHPAUGraphicWin@@HHH@Z,391,2,6,original_dependency,ui_dependency,recover_radio_button_attach,2,exact,exact,"int (__thiscall ?attach@RadioButton@@QAEHPAUGraphicWin@@HHH@Z)(RadioButton* this, GraphicWin*, int, int, int)"
P3,1621,0x0060D380,?calculate_dimensions@RadioButton@@QAEHXZ,965,1,6,unrecovered,,,2,exact,exact,int (__thiscall ?calculate_dimensions@RadioButton@@QAEHXZ)(RadioButton* this)
P3,4321,0x0060D750,?draw_item@RadioButton@@QAEXHH@Z,1720,3,13,unrecovered,,,2,exact,exact,"void (__thiscall ?draw_item@RadioButton@@QAEXHH@Z)(RadioButton* this, int, int)"
P0,1001421,0x0060DE10,?on_left_down@RadioButton@@QAEXHH@Z,523,1,4,original_dependency,ui_dependency,recover_radio_button_on_left_down,2,exact,exact,"void (__thiscall ?on_left_down@RadioButton@@QAEXHH@Z)(RadioButton* this, int xCoord, int yCoord)"
P0,1001221,0x0060E020,?on_key_down@RadioButton@@QAEHH@Z,355,1,2,original_dependency,ui_dependency,recover_radio_button_on_key_down,2,exact,exact,"int (__thiscall ?on_key_down@RadioButton@@QAEHH@Z)(RadioButton* this, int)"
P0,1001121,0x0060E1E0,?on_left_double_click@RadioButton@@QAEXHH@Z,55,1,1,original_dependency,ui_dependency,recover_radio_button_on_left_double_click,2,exact,exact,"void (__thiscall ?on_left_double_click@RadioButton@@QAEXHH@Z)(RadioButton* this, int, int)"
P0,1000321,0x0060E220,?on_redraw@RadioButton@@QAEXXZ,222,0,3,original_dependency,ui_dependency,recover_radio_button_on_redraw,2,exact,exact,void (__thiscall ?on_redraw@RadioButton@@QAEXXZ)(RadioButton* this)
P0,1001021,0x0060E300,?on_dialog_focus@RadioButton@@QAEXH@Z,23,1,0,original_dependency,ui_dependency,recover_radio_button_on_dialog_focus,2,exact,exact,"void (__thiscall ?on_dialog_focus@RadioButton@@QAEXH@Z)(RadioButton* this, int)"
P0,1001221,0x0060E320,?on_mouse_move@RadioButton@@QAEXHH@Z,372,1,2,original_dependency,ui_dependency,recover_radio_button_on_mouse_move,2,exact,exact,"void (__thiscall ?on_mouse_move@RadioButton@@QAEXHH@Z)(RadioButton* this, int, int)"
P0,1001021,0x0060E4A0,?on_mouse_leave@RadioButton@@QAEXHH@Z,40,1,0,original_dependency,ui_dependency,recover_radio_button_on_mouse_leave,2,exact,exact,"void (__thiscall ?on_mouse_leave@RadioButton@@QAEXHH@Z)(RadioButton* this, int, int)"
P3,1520,0x0060E4D0,?init_class@RadioButton@@QAAHXZ,263,1,5,unrecovered,,,2,exact,entry_range,
P3,4221,0x0060E670,??0CheckBox@@QAE@H@Z,233,4,2,unrecovered,,,2,exact,entry_range,"void (__thiscall ??0CheckBox@@QAE@H@Z)(CheckBox* this, int)"
P0,1024221,0x0060E740,??1CheckBox@@QAE@XZ,128,24,2,original_dependency,ui_dependency,recover_check_box_destructor,2,exact,exact,void (__thiscall ??1CheckBox@@QAE@XZ)(CheckBox* this)
P0,1002621,0x0060E800,?attach@CheckBox@@QAEHPAUGraphicWin@@HHH@Z,383,2,6,original_dependency,ui_dependency,recover_check_box_attach,2,exact,exact,"int (__thiscall ?attach@CheckBox@@QAEHPAUGraphicWin@@HHH@Z)(CheckBox* this, GraphicWin*, int, int, int)"
P3,2121,0x0060E980,?item@CheckBox@@QAEHPADHH@Z,141,2,1,unrecovered,,,2,exact,exact,"int (__thiscall ?item@CheckBox@@QAEHPADHH@Z)(CheckBox* this, int8*, int, int)"
P3,1021,0x0060EA10,?flip_state_id@CheckBox@@QAEXH@Z,312,1,0,unrecovered,,,2,exact,exact,"void (__thiscall ?flip_state_id@CheckBox@@QAEXH@Z)(CheckBox* this, int)"
P3,3021,0x0060EB80,?set_state_id@CheckBox@@QAEXHH@Z,139,3,0,unrecovered,,,2,exact,exact,"void (__thiscall ?set_state_id@CheckBox@@QAEXHH@Z)(CheckBox* this, int, int)"
P2,6021,0x0060EC10,?get_state_id@CheckBox@@QAEHH@Z,105,6,0,unrecovered,,,2,exact,exact,"int (__thiscall ?get_state_id@CheckBox@@QAEHH@Z)(CheckBox* this, int)"
P0,1001021,0x0060ECE0,?set_state_flag@CheckBox@@QAEXJ@Z,35,1,0,original_dependency,ui_dependency,recover_check_box_set_state_flag,2,exact,exact,"void (__thiscall ?set_state_flag@CheckBox@@QAEXJ@Z)(CheckBox* this, int)"
P3,1621,0x0060ED10,?calculate_dimensions@CheckBox@@QAEHXZ,795,1,6,unrecovered,,,2,exact,exact,int (__thiscall ?calculate_dimensions@CheckBox@@QAEHXZ)(CheckBox* this)
P3,4321,0x0060F030,?draw_item@CheckBox@@QAEXHHH@Z,1743,3,13,unrecovered,,,2,exact,exact,"void (__thiscall ?draw_item@CheckBox@@QAEXHHH@Z)(CheckBox* this, int, int, int)"
P0,1001621,0x0060F700,?on_left_down@CheckBox@@QAEXHH@Z,432,1,6,original_dependency,ui_dependency,recover_check_box_on_left_down,2,exact,exact,"void (__thiscall ?on_left_down@CheckBox@@QAEXHH@Z)(CheckBox* this, int xCoord, int yCoord)"
P0,1001221,0x0060F8B0,?on_key_down@CheckBox@@QAEHH@Z,360,1,2,original_dependency,ui_dependency,recover_check_box_on_key_down,2,exact,exact,"int (__thiscall ?on_key_down@CheckBox@@QAEHH@Z)(CheckBox* this, int)"
P0,1001021,0x0060FA80,?on_left_double_click@CheckBox@@QAEXHH@Z,45,1,0,original_dependency,ui_dependency,recover_check_box_on_left_double_click,2,exact,exact,"void (__thiscall ?on_left_double_click@CheckBox@@QAEXHH@Z)(CheckBox* this, int, int)"
P0,1000221,0x0060FAB0,?on_redraw@CheckBox@@QAEXXZ,221,0,2,original_dependency,ui_dependency,recover_check_box_on_redraw,2,exact,exact,void (__thiscall ?on_redraw@CheckBox@@QAEXXZ)(CheckBox* this)
P0,1001021,0x0060FB90,?on_dialog_focus@CheckBox@@QAEXH@Z,23,1,0,original_dependency,ui_dependency,recover_check_box_on_dialog_focus,2,exact,exact,"void (__thiscall ?on_dialog_focus@CheckBox@@QAEXH@Z)(CheckBox* this, int)"
P0,1001021,0x0060FBB0,?on_mouse_move@CheckBox@@QAEXHH@Z,123,1,0,original_dependency,ui_dependency,recover_check_box_on_mouse_move,2,exact,exact,"void (__thiscall ?on_mouse_move@CheckBox@@QAEXHH@Z)(CheckBox* this, int, int)"
P0,1001021,0x0060FC30,?on_mouse_leave@CheckBox@@QAEXHH@Z,40,1,0,original_dependency,ui_dependency,recover_check_box_on_mouse_leave,2,exact,exact,"void (__thiscall ?on_mouse_leave@CheckBox@@QAEXHH@Z)(CheckBox* this, int, int)"
P3,1520,0x0060FC60,?init_class@CheckBox@@QAAHXZ,263,1,5,unrecovered,,,2,exact,entry_range,
P3,500,0x0060FD80,sub_60fd80,184,0,5,unrecovered,,,0,missing,missing,
P3,500,0x0060FEB0,sub_60feb0,193,0,5,unrecovered,,,0,missing,missing,
P3,500,0x0060FED0,sub_60fed0,190,0,5,unrecovered,,,0,missing,missing,
P3,1821,0x0060FF00,??0SpriteBox@@QAE@H@Z,656,1,8,unrecovered,,,2,exact,entry_range,"void (__thiscall ??0SpriteBox@@QAE@H@Z)(SpriteBox* this, int)"
P0,1023321,0x00610120,??1SpriteBox@@QAE@XZ,399,23,3,original_dependency,ui_dependency,recover_sprite_box_destructor,2,exact,entry_range,void (__thiscall ??1SpriteBox@@QAE@XZ)(SpriteBox* this)
P2,8721,0x00610280,?close@SpriteBox@@QAEXXZ,406,8,7,unrecovered,,,2,exact,exact,void (__thiscall ?close@SpriteBox@@QAEXXZ)(SpriteBox* this)
P3,1221,0x00610420,?init@SpriteBox@@QAEHH@Z,29,1,2,unrecovered,,,2,exact,exact,"int (__thiscall ?init@SpriteBox@@QAEHH@Z)(SpriteBox* this, int)"
P3,1221,0x00610440,?init@SpriteBox@@QAEHHHHHH@Z,49,1,2,unrecovered,,,2,exact,exact,"int (__thiscall ?init@SpriteBox@@QAEHHHHHH@Z)(SpriteBox* this, int, int, int, int, int)"
P3,1221,0x00610480,?init@SpriteBox@@QAEHPAURECT@@H@Z,34,1,2,unrecovered,,,2,exact,exact,"int (__thiscall ?init@SpriteBox@@QAEHPAURECT@@H@Z)(SpriteBox* this, RECT*, int)"
P3,1221,0x006104B0,?init@SpriteBox@@QAEHPAUHeap@@@Z,29,1,2,unrecovered,,,2,exact,exact,"int (__thiscall ?init@SpriteBox@@QAEHPAUHeap@@@Z)(SpriteBox* this, Heap*)"
P3,1221,0x006104D0,?init@SpriteBox@@QAEHHHHHPAUHeap@@@Z,49,1,2,unrecovered,,,2,exact,exact,"int (__thiscall ?init@SpriteBox@@QAEHHHHHPAUHeap@@@Z)(SpriteBox* this, int, int, int, int, Heap*)"
P3,1221,0x00610510,?init@SpriteBox@@QAEHPAUHeap@@PAUHeap@@@Z,34,1,2,unrecovered,,,2,exact,exact,"int (__thiscall ?init@SpriteBox@@QAEHPAUHeap@@PAUHeap@@@Z)(SpriteBox* this, RECT*, Heap*)"
P0,1002921,0x00610540,?attach@SpriteBox@@QAEHPAUGraphicWin@@HHH@Z,917,2,9,original_dependency,ui_dependency,recover_sprite_box_attach,2,exact,exact,"int (__thiscall ?attach@SpriteBox@@QAEHPAUGraphicWin@@HHH@Z)(SpriteBox* this, GraphicWin*, int, int, int)"
P1,22221,0x006108E0,?sprite@SpriteBox@@QAEHPAUSprite@@PADH@Z,133,22,2,unrecovered,,,2,exact,exact,"int (__thiscall ?sprite@SpriteBox@@QAEHPAUSprite@@PADH@Z)(SpriteBox* this, Sprite*, int8*, int)"
P3,1621,0x00610970,?calculate_dimensions@SpriteBox@@QAEHXZ,730,1,6,unrecovered,,,2,exact,exact,int (__thiscall ?calculate_dimensions@SpriteBox@@QAEHXZ)(SpriteBox* this)
P3,4021,0x00610C50,?draw_item@SpriteBox@@QAEXH@Z,1003,3,10,unrecovered,,,2,exact,exact,"void (__thiscall ?draw_item@SpriteBox@@QAEXH@Z)(SpriteBox* this, int)"
P0,1001021,0x00611040,?on_mouse_move@SpriteBox@@QAEXHH@Z,3,1,0,source_complete,ui_dependency,recover_sprite_box_on_mouse_move,2,exact,exact,"void (__thiscall ?on_mouse_move@SpriteBox@@QAEXHH@Z)(SpriteBox* this, int, int)"
P0,1001021,0x00611050,?on_mouse_leave@SpriteBox@@QAEXHH@Z,3,1,0,source_complete,ui_dependency,recover_sprite_box_on_mouse_leave,2,exact,exact,"void (__thiscall ?on_mouse_leave@SpriteBox@@QAEXHH@Z)(SpriteBox* this, int, int)"
P0,1001221,0x00611060,?on_left_click@SpriteBox@@QAEXHH@Z,234,1,2,original_dependency,ui_dependency,recover_sprite_box_on_left_click,2,exact,exact,"void (__thiscall ?on_left_click@SpriteBox@@QAEXHH@Z)(SpriteBox* this, int xCoord, int yCoord)"
P0,1001121,0x00611150,?on_left_down@SpriteBox@@QAEXHH@Z,80,1,1,original_dependency,ui_dependency,recover_sprite_box_on_left_down,2,exact,exact,"void (__thiscall ?on_left_down@SpriteBox@@QAEXHH@Z)(SpriteBox* this, int xCoord, int yCoord)"
P0,1001121,0x006111A0,?on_left_up@SpriteBox@@QAEXHH@Z,80,1,1,original_dependency,ui_dependency,recover_dialogsspriteboxonleftup;recover_sprite_box_on_left_up,2,exact,exact,"void (__thiscall ?on_left_up@SpriteBox@@QAEXHH@Z)(SpriteBox* this, int xCoord, int yCoord)"
P0,1001121,0x006111F0,?on_right_click@SpriteBox@@QAEXHH@Z,80,1,1,original_dependency,ui_dependency,recover_dialogsspriteboxonrightclick;recover_sprite_box_on_right_click,2,exact,exact,"void (__thiscall ?on_right_click@SpriteBox@@QAEXHH@Z)(SpriteBox* this, int xCoord, int yCoord)"
P0,1001121,0x00611240,?on_right_down@SpriteBox@@QAEXHH@Z,80,1,1,original_dependency,ui_dependency,recover_dialogsspriteboxonrightdown;recover_sprite_box_on_right_down,2,exact,exact,"void (__thiscall ?on_right_down@SpriteBox@@QAEXHH@Z)(SpriteBox* this, int xCoord, int yCoord)"
P0,1001121,0x00611290,?on_right_up@SpriteBox@@QAEXHH@Z,80,1,1,original_dependency,ui_dependency,recover_dialogsspriteboxonrightup;recover_sprite_box_on_right_up,2,exact,exact,"void (__thiscall ?on_right_up@SpriteBox@@QAEXHH@Z)(SpriteBox* this, int xCoord, int yCoord)"
P0,1001121,0x006112E0,?on_left_double_click@SpriteBox@@QAEXHH@Z,80,1,1,original_dependency,ui_dependency,recover_sprite_box_on_left_double_click,2,exact,exact,"void (__thiscall ?on_left_double_click@SpriteBox@@QAEXHH@Z)(SpriteBox* this, int xCoord, int yCoord)"
P0,1001121,0x00611330,?on_right_double_click@SpriteBox@@QAEXHH@Z,80,1,1,original_dependency,ui_dependency,recover_dialogsspriteboxonrightdoubleclick;recover_sprite_box_on_right_double_click,2,exact,exact,"void (__thiscall ?on_right_double_click@SpriteBox@@QAEXHH@Z)(SpriteBox* this, int xCoord, int yCoord)"
P0,1000221,0x00611380,?on_redraw@SpriteBox@@QAEXXZ,121,0,2,original_dependency,ui_dependency,recover_sprite_box_on_redraw,2,exact,exact,void (__thiscall ?on_redraw@SpriteBox@@QAEXXZ)(SpriteBox* this)
P0,1001121,0x00611400,?on_key_down@SpriteBox@@QAEHH@Z,384,1,1,original_dependency,ui_dependency,recover_sprite_box_on_key_down,2,exact,exact,"int (__thiscall ?on_key_down@SpriteBox@@QAEHH@Z)(SpriteBox* this, int)"
P0,1001021,0x006115E0,?on_dialog_focus@SpriteBox@@QAEXH@Z,32,1,0,original_dependency,ui_dependency,recover_sprite_box_on_dialog_focus,2,exact,exact,"void (__thiscall ?on_dialog_focus@SpriteBox@@QAEXH@Z)(SpriteBox* this, int)"
P3,11,0x00611600,?id_to_pos@SpriteBox@@QAEXH@Z,64,0,0,unrecovered,,,1,exact,missing,"void (__thiscall ?id_to_pos@SpriteBox@@QAEXH@Z)(SpriteBox* this, int)"
P3,1121,0x00611640,?pos_to_id@SpriteBox@@QAEXH@Z,118,1,1,unrecovered,,,2,exact,exact,"void (__thiscall ?pos_to_id@SpriteBox@@QAEXH@Z)(SpriteBox* this, int)"
P3,200,0x006116E0,sub_6116e0,72,0,2,unrecovered,,,0,missing,missing,
P3,3020,0x00611730,sub_611730,147,3,0,unrecovered,,,2,exact,exact,
P3,400,0x006117D0,sub_6117d0,70,0,4,unrecovered,,,0,missing,missing,
P3,400,0x006118F0,sub_6118f0,79,0,4,unrecovered,,,0,missing,missing,
P3,400,0x00611910,sub_611910,76,0,4,unrecovered,,,0,missing,missing,
P3,1221,0x00611940,??0EditGroup@@QAE@H@Z,252,1,2,unrecovered,,,2,exact,entry_range,"void (__thiscall ??0EditGroup@@QAE@H@Z)(EditGroup* this, int)"
P0,1020121,0x00611A20,??1EditGroup@@QAE@XZ,104,20,1,original_dependency,ui_dependency,recover_edit_group_destructor,2,exact,exact,void (__thiscall ??1EditGroup@@QAE@XZ)(EditGroup* this)
P2,9221,0x00611A90,?close@EditGroup@@QAEXXZ,96,9,2,unrecovered,,,2,exact,exact,void (__thiscall ?close@EditGroup@@QAEXXZ)(EditGroup* this)
P0,1003221,0x00611AF0,?attach@EditGroup@@QAEHPAUGraphicWin@@HHH@Z,1182,2,12,original_dependency,ui_dependency,recover_edit_group_attach,2,exact,entry_range,"int (__thiscall ?attach@EditGroup@@QAEHPAUGraphicWin@@HHH@Z)(EditGroup* this, GraphicWin*, int, int, int)"
P2,7521,0x00611F80,?edit@EditGroup@@QAEHPADPADH@Z,192,7,5,unrecovered,,,2,exact,exact,"int (__thiscall ?edit@EditGroup@@QAEHPADPADH@Z)(EditGroup* this, int8*, int8*, int)"
P3,101,0x00612080,?append_text@EditGroup@@QAEXPADH@Z,42,0,1,unrecovered,,,0,missing,missing,"void (__thiscall ?append_text@EditGroup@@QAEXPADH@Z)(EditGroup* this, int8*, int)"
P3,1421,0x006120D0,?set_default@EditGroup@@QAEHPADH@Z,116,1,4,unrecovered,,,2,exact,exact,"int (__thiscall ?set_default@EditGroup@@QAEHPADH@Z)(EditGroup* this, int8*, int)"
P3,1721,0x00612150,?calculate_dimensions@EditGroup@@QAEHXZ,762,1,7,unrecovered,,,2,exact,exact,int (__thiscall ?calculate_dimensions@EditGroup@@QAEHXZ)(EditGroup* this)
P0,1000421,0x00612450,?on_redraw@EditGroup@@QAEXXZ,537,0,4,original_dependency,ui_dependency,recover_edit_group_on_redraw,2,exact,exact,void (__thiscall ?on_redraw@EditGroup@@QAEXXZ)(EditGroup* this)
P0,1001021,0x00612670,?on_dialog_focus@EditGroup@@QAEXH@Z,70,1,0,original_dependency,ui_dependency,recover_edit_group_on_dialog_focus,2,exact,exact,"void (__thiscall ?on_dialog_focus@EditGroup@@QAEXH@Z)(EditGroup* this, int)"
P0,1000011,0x006126C0,?pass_dialog_focus@EditGroup@@QAEXXZ,56,0,0,original_dependency,ui_dependency,recover_edit_group_pass_dialog_focus,1,missing,exact,void (__thiscall ?pass_dialog_focus@EditGroup@@QAEXXZ)(EditGroup* this)
P0,1000400,0x00612710,sub_612710,154,0,4,original_dependency,ui_dependency,recover_owning_class,0,missing,missing,
P3,0,0x006127E0,sub_6127e0,17,0,0,unrecovered,,,0,missing,missing,
P3,0,0x00612800,sub_612800,14,0,0,unrecovered,,,0,missing,missing,
P3,1721,0x00612830,??0Dialogs@@QAE@H@Z,418,1,7,unrecovered,,,2,exact,entry_range,"void (__thiscall ??0Dialogs@@QAE@H@Z)(Dialogs* this, int)"
P3,1521,0x00612970,?attach@Dialogs@@QAEHHPAUGraphicWin@@HHH@Z,216,1,5,unrecovered,,,2,exact,exact,"int (__thiscall ?attach@Dialogs@@QAEHHPAUGraphicWin@@HHH@Z)(Dialogs* this, int, GraphicWin*, int, int, int)"
P0,1000411,0x00612AE0,?on_mouse_leave@Dialogs@@QAEXHH@Z,120,0,4,original_dependency,ui_dependency,recover_dialogs_on_mouse_leave,1,missing,exact,"void (__thiscall ?on_mouse_leave@Dialogs@@QAEXHH@Z)(Dialogs* this, int, int)"
P0,1000411,0x00612B80,?on_mouse_move@Dialogs@@QAEXHH@Z,120,0,4,original_dependency,ui_dependency,recover_dialogs_on_mouse_move,1,missing,exact,"void (__thiscall ?on_mouse_move@Dialogs@@QAEXHH@Z)(Dialogs* this, int, int)"
P0,1000411,0x00612C20,?on_left_down@Dialogs@@QAEXHH@Z,120,0,4,original_dependency,ui_dependency,recover_dialogs_on_left_down,1,missing,exact,"void (__thiscall ?on_left_down@Dialogs@@QAEXHH@Z)(Dialogs* this, int xCoord, int yCoord)"
P0,1000411,0x00612CC0,?on_key_down@Dialogs@@QAEHH@Z,105,0,4,original_dependency,ui_dependency,recover_dialogs_on_key_down,1,missing,exact,"int (__thiscall ?on_key_down@Dialogs@@QAEHH@Z)(Dialogs* this, int)"
P0,1000411,0x00612D60,?on_left_double_click@Dialogs@@QAEXHH@Z,120,0,4,original_dependency,ui_dependency,recover_dialogs_on_left_double_click,1,missing,exact,"void (__thiscall ?on_left_double_click@Dialogs@@QAEXHH@Z)(Dialogs* this, int xCoord, int yCoord)"
P0,1000011,0x00612E00,?on_redraw@Dialogs@@QAEXXZ,77,0,0,original_dependency,ui_dependency,recover_dialogs_on_redraw,1,missing,exact,void (__thiscall ?on_redraw@Dialogs@@QAEXXZ)(Dialogs* this)
P0,1000111,0x00612E80,?on_left_click@Dialogs@@QAEXHH@Z,48,0,1,original_dependency,ui_dependency,recover_dialogs_on_left_click,1,missing,exact,"void (__thiscall ?on_left_click@Dialogs@@QAEXHH@Z)(Dialogs* this, int xCoord, int yCoord)"
P0,1000111,0x00612ED0,?on_right_down@Dialogs@@QAEXHH@Z,30,0,1,source_complete,ui_dependency,recover_dialogs_on_right_down,1,missing,exact,"void (__thiscall ?on_right_down@Dialogs@@QAEXHH@Z)(Dialogs* this, int xCoord, int yCoord)"
P0,1000111,0x00612EF0,?on_right_double_click@Dialogs@@QAEXHH@Z,30,0,1,source_complete,ui_dependency,recover_dialogs_on_right_double_click,1,missing,exact,"void (__thiscall ?on_right_double_click@Dialogs@@QAEXHH@Z)(Dialogs* this, int xCoord, int yCoord)"
P0,1000111,0x00612F10,?on_left_up@Dialogs@@QAEXHH@Z,37,0,1,source_complete,ui_dependency,recover_dialogs_on_left_up,1,missing,exact,"void (__thiscall ?on_left_up@Dialogs@@QAEXHH@Z)(Dialogs* this, int xCoord, int yCoord)"
P0,1000111,0x00612F40,?on_right_up@Dialogs@@QAEXHH@Z,30,0,1,source_complete,ui_dependency,recover_dialogs_on_right_up,1,missing,exact,"void (__thiscall ?on_right_up@Dialogs@@QAEXHH@Z)(Dialogs* this, int xCoord, int yCoord)"
P0,1000111,0x00612F60,?on_right_click@Dialogs@@QAEXHH@Z,30,0,1,source_complete,ui_dependency,recover_dialogs_on_right_click,1,missing,exact,"void (__thiscall ?on_right_click@Dialogs@@QAEXHH@Z)(Dialogs* this, int xCoord, int yCoord)"
P0,1000111,0x00612F80,?on_scrolled@Dialogs@@QAEXHH@Z,32,0,1,source_complete,ui_dependency,recover_dialogs_on_scrolled,1,missing,exact,"void (__thiscall ?on_scrolled@Dialogs@@QAEXHH@Z)(Dialogs* this, int, int)"
P0,1000111,0x00612FA0,?on_scrolling@Dialogs@@QAEXHH@Z,32,0,1,source_complete,ui_dependency,recover_dialogs_on_scrolling,1,missing,exact,"void (__thiscall ?on_scrolling@Dialogs@@QAEXHH@Z)(Dialogs* this, int, int)"
P0,1000111,0x00612FC0,?on_mousewheel@Dialogs@@QAEXH@Z,27,0,1,source_complete,ui_dependency,recover_dialogs_on_mousewheel,1,missing,exact,"void (__thiscall ?on_mousewheel@Dialogs@@QAEXH@Z)(Dialogs* this, int)"
P0,1000501,0x00612FE0,?attach@Dialogs@@QAEHPAUGraphicWin@@HHH@Z,206,0,5,original_dependency,ui_dependency,recover_dialogs_attach,0,missing,missing,"int (__thiscall ?attach@Dialogs@@QAEHPAUGraphicWin@@HHH@Z)(Dialogs* this, GraphicWin*, int, int, int)"
P0,1000511,0x006130E0,?on_dialog_focus@Dialogs@@QAEXH@Z,116,0,5,original_dependency,ui_dependency,recover_dialogs_on_dialog_focus,1,missing,exact,"void (__thiscall ?on_dialog_focus@Dialogs@@QAEXH@Z)(Dialogs* this, int)"
P0,1000011,0x00613180,?pass_dialog_focus@Dialogs@@QAEXXZ,117,0,0,original_dependency,ui_dependency,recover_dialogs_pass_dialog_focus,1,missing,exact,void (__thiscall ?pass_dialog_focus@Dialogs@@QAEXXZ)(Dialogs* this)
P0,1000011,0x00613220,?on_scroll_create@Dialogs@@QAEXXZ,52,0,0,original_dependency,ui_dependency,recover_dialogs_on_scroll_create,1,missing,exact,void (__thiscall ?on_scroll_create@Dialogs@@QAEXXZ)(Dialogs* this)
P0,1000011,0x00613260,?on_scroll_delete@Dialogs@@QAEHPAUScroll@@@Z,63,0,0,original_dependency,ui_dependency,recover_dialogs_on_scroll_delete,1,missing,exact,"int (__thiscall ?on_scroll_delete@Dialogs@@QAEHPAUScroll@@@Z)(Dialogs* this, Scroll*)"
P3,1021,0x006132A0,?calculate_dimensions@Dialogs@@QAEHXZ,88,1,0,unrecovered,,,2,exact,exact,int (__thiscall ?calculate_dimensions@Dialogs@@QAEHXZ)(Dialogs* this)
P3,611,0x00613320,?init@Dialogs@@QAEHHHHHH@Z,210,0,6,unrecovered,,,1,exact,missing,"int (__thiscall ?init@Dialogs@@QAEHHHHHH@Z)(Dialogs* this, int, int, int, int, int)"
P3,621,0x00613400,?init@Dialogs@@QAEHPAURECT@@H@Z,145,0,6,unrecovered,,,2,exact,exact,"int (__thiscall ?init@Dialogs@@QAEHPAURECT@@H@Z)(Dialogs* this, RECT*, int)"
P3,1621,0x006134A0,?init@Dialogs@@QAEHH@Z,132,1,6,unrecovered,,,2,exact,exact,"int (__thiscall ?init@Dialogs@@QAEHH@Z)(Dialogs* this, int)"
P3,621,0x00613530,?init@Dialogs@@QAEHHHHHPAUHeap@@@Z,210,0,6,unrecovered,,,2,exact,exact,"int (__thiscall ?init@Dialogs@@QAEHHHHHPAUHeap@@@Z)(Dialogs* this, int, int, int, int, Heap*)"
P3,621,0x00613610,?init@Dialogs@@QAEHPAURECT@@PAUHeap@@@Z,145,0,6,unrecovered,,,2,exact,exact,"int (__thiscall ?init@Dialogs@@QAEHPAURECT@@PAUHeap@@@Z)(Dialogs* this, RECT*, Heap*)"
P3,1621,0x006136B0,?init@Dialogs@@QAEHPAUHeap@@@Z,132,1,6,unrecovered,,,2,exact,exact,"int (__thiscall ?init@Dialogs@@QAEHPAUHeap@@@Z)(Dialogs* this, Heap*)"
P3,1421,0x00613850,??0FileWin@@QAE@XZ,221,1,4,unrecovered,,,2,exact,entry_range,void (__thiscall ??0FileWin@@QAE@XZ)(FileWin* this)
P2,5421,0x00613900,?close@FileWin@@QAEXXZ,172,5,4,unrecovered,,,2,exact,exact,void (__thiscall ?close@FileWin@@QAEXXZ)(FileWin* this)
P3,1521,0x006139B0,?init@FileWin@@QAEHPADPAUGraphicWin@@PAUFileWinConstruct@@@Z,487,1,5,unrecovered,,,2,exact,exact,"int (__thiscall ?init@FileWin@@QAEHPADPAUGraphicWin@@PAUFileWinConstruct@@@Z)(FileWin* this, int8*, GraphicWin*, FileWinConstruct*)"
P3,1521,0x00613BA0,?prepare_sprites@FileWin@@QAEHXZ,444,1,5,unrecovered,,,2,exact,entry_range,int (__thiscall ?prepare_sprites@FileWin@@QAEHXZ)(FileWin* this)
P3,1921,0x00613D50,?save@FileWin@@QAEXXZ,524,1,9,unrecovered,,,2,exact,exact,void (__thiscall ?save@FileWin@@QAEXXZ)(FileWin* this)
P3,1821,0x00613F60,?load@FileWin@@QAEXXZ,467,1,8,unrecovered,,,2,exact,exact,void (__thiscall ?load@FileWin@@QAEXXZ)(FileWin* this)
P3,3221,0x00614140,?add_def_ext@FileWin@@QAEHPAD@Z,124,3,2,unrecovered,,,2,exact,exact,"int (__thiscall ?add_def_ext@FileWin@@QAEHPAD@Z)(FileWin* this, int8*)"
P2,5221,0x006141C0,?set_def_name@FileWin@@QAEHPAD@Z,265,5,2,unrecovered,,,2,exact,exact,"int (__thiscall ?set_def_name@FileWin@@QAEHPAD@Z)(FileWin* this, int8*)"
P3,211,0x006142D0,?set_directory@FileWin@@QAEHPAD@Z,78,0,2,unrecovered,,,1,exact,missing,"int (__thiscall ?set_directory@FileWin@@QAEHPAD@Z)(FileWin* this, int8*)"
P3,4921,0x00614360,?UNK3@FileWin@@QAEHPAD@Z,820,4,9,unrecovered,,,2,exact,exact,"int (__thiscall ?UNK3@FileWin@@QAEHPAD@Z)(FileWin* this, int8* lpPathName)"
P3,3021,0x006146A0,?UNK4@FileWin@@QAEXXZ,1209,2,10,unrecovered,,,2,exact,exact,void (__thiscall ?UNK4@FileWin@@QAEXXZ)(FileWin* this)
P3,1,0x00614B60,?UNK5@FileWin@@QAEXXZ,24,0,0,unrecovered,,,0,missing,missing,void (__thiscall ?UNK5@FileWin@@QAEXXZ)(FileWin* this)
P3,1221,0x00614B90,?on_button_clicked@FileWin@@QAEXH@Z,176,1,2,unrecovered,,,2,exact,exact,"void (__thiscall ?on_button_clicked@FileWin@@QAEXH@Z)(FileWin* this, int)"
P3,1121,0x00614C40,?on_double_clicked@FileWin@@QAEXH@Z,8,1,1,unrecovered,,,2,exact,exact,"void (__thiscall ?on_double_clicked@FileWin@@QAEXH@Z)(FileWin* this, int)"
P3,1120,0x00614C50,?filebox_draw@FileWin@@QAAXPAUGraphicWin@@HHHHH@Z,308,1,1,unrecovered,,,2,exact,exact,
P3,1620,0x00614D90,?init_class@FileWin@@QAAHXZ,158,1,6,unrecovered,,,2,exact,exact,
P3,1120,0x00614E30,?close_class@FileWin@@QAAXXZ,29,1,1,unrecovered,,,2,exact,exact,
P2,5221,0x00614E50,??0EditBox@@QAE@XZ,238,5,2,unrecovered,,,2,exact,entry_range,void (__thiscall ??0EditBox@@QAE@XZ)(EditBox* this)
P2,16221,0x00614F30,?close@EditBox@@QAEXXZ,161,16,2,unrecovered,,,2,exact,exact,void (__thiscall ?close@EditBox@@QAEXXZ)(EditBox* this)
P2,5721,0x00614FE0,?init@EditBox@@QAEHHHHHPAUWin@@H@Z,409,5,7,unrecovered,,,2,exact,exact,"int (__thiscall ?init@EditBox@@QAEHHHHHPAUWin@@H@Z)(EditBox* this, int, int, int, int, Win*, int)"
P3,301,0x00615180,?UNK1@EditBox@@QAEHPAUFont@@HHHPAUWin@@@Z,86,0,3,unrecovered,,,0,missing,missing,"int (__thiscall ?UNK1@EditBox@@QAEHPAUFont@@HHHPAUWin@@@Z)(EditBox* this, Font*, int, int, int, Win*)"
P0,1009221,0x006151E0,?set_text@EditBox@@QAEXPAD@Z,138,9,2,original_dependency,ui_dependency,recover_edit_box_set_text,2,exact,exact,"void (__thiscall ?set_text@EditBox@@QAEXPAD@Z)(EditBox* this, int8*)"
P3,1011,0x00615270,?on_redraw@EditBox@@QAEXXZ,951,0,10,unrecovered,,,1,exact,missing,void (__thiscall ?on_redraw@EditBox@@QAEXXZ)(EditBox* this)
P3,321,0x00615630,?on_key_click@EditBox@@QAEHHH@Z,521,0,3,unrecovered,,,2,exact,exact,"int (__thiscall ?on_key_click@EditBox@@QAEHHH@Z)(EditBox* this, int, int)"
P3,511,0x00615840,?on_key_down@EditBox@@QAEHH@Z,1331,0,5,unrecovered,,,1,exact,missing,"int (__thiscall ?on_key_down@EditBox@@QAEHH@Z)(EditBox* this, int)"
P3,211,0x00615DF0,?on_dialog_focus@EditBox@@QAEXH@Z,65,0,2,unrecovered,,,1,exact,missing,"void (__thiscall ?on_dialog_focus@EditBox@@QAEXH@Z)(EditBox* this, int)"
P3,11,0x00615E40,?caret_callback@EditBox@@QAEXH@Z,31,0,0,unrecovered,,,1,exact,missing,"void (__thiscall ?caret_callback@EditBox@@QAEXH@Z)(EditBox* this, int)"
P3,111,0x00615E60,?on_left_down@EditBox@@QAEXHH@Z,85,0,1,unrecovered,,,1,exact,missing,"void (__thiscall ?on_left_down@EditBox@@QAEXHH@Z)(EditBox* this, int, int)"
P3,111,0x00615EC0,?on_left_up@EditBox@@QAEXHH@Z,77,0,1,unrecovered,,,1,exact,missing,"void (__thiscall ?on_left_up@EditBox@@QAEXHH@Z)(EditBox* this, int, int)"
P3,121,0x00615F10,?on_mouse_move@EditBox@@QAEXHH@Z,62,0,1,unrecovered,,,2,exact,exact,"void (__thiscall ?on_mouse_move@EditBox@@QAEXHH@Z)(EditBox* this, int, int)"
P3,2221,0x00615F50,?text_fits@EditBox@@QAEHXZ,217,2,2,unrecovered,,,2,exact,exact,int (__thiscall ?text_fits@EditBox@@QAEHXZ)(EditBox* this)
P3,3321,0x00616030,?text_position@EditBox@@QAEXH@Z,261,3,3,unrecovered,,,2,exact,exact,"void (__thiscall ?text_position@EditBox@@QAEXH@Z)(EditBox* this, int)"
P3,11,0x00616140,?pass_dialog_focus@EditBox@@QAEXXZ,86,0,0,unrecovered,,,1,exact,missing,void (__thiscall ?pass_dialog_focus@EditBox@@QAEXXZ)(EditBox* this)
P3,111,0x006161A0,?UNK2@EditBox@@QAEXXZ,42,0,1,unrecovered,,,1,missing,exact,void (__thiscall ?UNK2@EditBox@@QAEXXZ)(EditBox* this)
P0,1030121,0x00616200,??1Time@@QAE@XZ,96,30,1,source_complete,ui_dependency,recover_owning_class,2,exact,exact,void (__thiscall ??1Time@@QAE@XZ)(Time* this)
P0,1000011,0x006169C0,??1Strings@@QAE@XZ,5,0,0,source_complete,ui_dependency,recover_owning_class,1,exact,missing,void (__thiscall ??1Strings@@QAE@XZ)(Strings* this)
P3,10,0x00616B20,sub_616b20,13,0,0,unrecovered,,,1,exact,missing,
P3,100,0x00616B40,sub_616b40,118,0,1,unrecovered,,,0,missing,missing,
P0,1082021,0x00616BC0,??0CaviarData@@QAE@XZ,13,82,0,source_complete,ui_dependency,recover_caviardata_element_ctor,2,exact,exact,void (__thiscall ??0CaviarData@@QAE@XZ)(CaviarData* this)
P3,1421,0x00616BD0,?init@CaviarData@@QAEHPAD@Z,133,1,4,unrecovered,,,2,exact,exact,"int (__thiscall ?init@CaviarData@@QAEHPAD@Z)(CaviarData* this, int8*)"
P3,110,0x00616C80,sub_616c80,179,0,1,unrecovered,,,1,exact,missing,
P3,110,0x00616D40,sub_616d40,38,0,1,unrecovered,,,1,missing,exact,
P3,10,0x00616D80,sub_616d80,5,0,0,unrecovered,,,1,exact,missing,
P2,7521,0x00616DE0,?init@Caviar@@QAEXXZ,563,7,5,unrecovered,,,2,exact,exact,void (__thiscall ?init@Caviar@@QAEXXZ)(Caviar* this)
P0,1011121,0x00617020,?close@Caviar@@QAEXXZ,95,11,1,original_dependency,ui_dependency,recover_owning_class,2,exact,exact,void (__thiscall ?close@Caviar@@QAEXXZ)(Caviar* this)
P3,211,0x00617080,?UNK1@Caviar@@QAEHHH@Z,286,0,2,unrecovered,,,1,exact,missing,"int (__thiscall ?UNK1@Caviar@@QAEHHH@Z)(Caviar* this, int, int)"
P2,8521,0x006171A0,?render_multi_table_dest@Caviar@@QAEXPAUBuffer@@HHHPAEH@Z,134,8,5,unrecovered,,,2,exact,exact,"void (__thiscall ?render_multi_table_dest@Caviar@@QAEXPAUBuffer@@HHHPAEH@Z)(Caviar* this, Buffer*, int, int, int, LPBYTE, int)"
P1,22621,0x00617230,?render@Caviar@@QAEHPAUBuffer@@HHH@Z,1008,22,6,unrecovered,,,2,exact,exact,"int (__thiscall ?render@Caviar@@QAEHPAUBuffer@@HHH@Z)(MultiDebug* this, Buffer*, int, int, int)"
P3,4221,0x00617620,?render_mono@Caviar@@QAEXPAUBuffer@@HHHH@Z,79,4,2,unrecovered,,,2,exact,exact,"void (__thiscall ?render_mono@Caviar@@QAEXPAUBuffer@@HHHH@Z)(Caviar* this, Buffer*, int, int, int, int)"
P3,101,0x00617670,?UNK2@Caviar@@QAEHPAUBuffer@@HHHH@Z,74,0,1,unrecovered,,,0,missing,missing,"int (__thiscall ?UNK2@Caviar@@QAEHPAUBuffer@@HHHH@Z)(Caviar* this, Buffer*, int, int, int, int)"
P3,111,0x006176E0,?add_object@Caviar@@QAEHPAUCaviarData@@PAUCaviarData@@PAUVOX_Vect@@H@Z,286,0,1,unrecovered,,,1,exact,missing,"int (__thiscall ?add_object@Caviar@@QAEHPAUCaviarData@@PAUCaviarData@@PAUVOX_Vect@@H@Z)(Caviar* this, CaviarData*, CaviarData*, VOX_Vect*, int)"
P3,111,0x00617800,?add_object@Caviar@@QAEHPAUCaviarData@@PAEPAUCaviarData@@PAUVOX_Vect@@@Z,278,0,1,unrecovered,,,1,exact,missing,"int (__thiscall ?add_object@Caviar@@QAEHPAUCaviarData@@PAEPAUCaviarData@@PAUVOX_Vect@@@Z)(Caviar* this, CaviarData*, LPBYTE, CaviarData*, VOX_Vect*)"
P2,6121,0x00617920,?add_object@Caviar@@QAEHPAUCaviarData@@PAUVOX_Vect@@H@Z,383,6,1,unrecovered,,,2,exact,exact,"int (__thiscall ?add_object@Caviar@@QAEHPAUCaviarData@@PAUVOX_Vect@@H@Z)(Caviar* this, CaviarData*, game_base_warnings*, int)"
P3,2121,0x00617AA0,?add_object@Caviar@@QAEHPAUCaviarData@@PAEPAUVOX_Vect@@H@Z,387,2,1,unrecovered,,,2,exact,exact,"int (__thiscall ?add_object@Caviar@@QAEHPAUCaviarData@@PAEPAUVOX_Vect@@H@Z)(Caviar* this, CaviarData*, LPBYTE, game_base_warnings*, int)"
P3,11,0x00617C30,?add_object@Caviar@@QAEHPAUCaviarData@@PAUCaviarData@@H@Z,375,0,0,unrecovered,,,1,exact,missing,"int (__thiscall ?add_object@Caviar@@QAEHPAUCaviarData@@PAUCaviarData@@H@Z)(Caviar* this, CaviarData*, CaviarData*, int)"
P3,11,0x00617DB0,?add_object@Caviar@@QAEHPAUCaviarData@@PAEPAUCaviarData@@H@Z,367,0,0,unrecovered,,,1,exact,missing,"int (__thiscall ?add_object@Caviar@@QAEHPAUCaviarData@@PAEPAUCaviarData@@H@Z)(Caviar* this, CaviarData*, LPBYTE, CaviarData*, int)"
P2,10021,0x00617F20,?add_object@Caviar@@QAEHPAUCaviarData@@H@Z,345,10,0,unrecovered,,,2,exact,exact,"int (__thiscall ?add_object@Caviar@@QAEHPAUCaviarData@@H@Z)(Caviar* this, CaviarData*, int)"
P3,3021,0x00618080,?add_object@Caviar@@QAEHPAUCaviarData@@PAEH@Z,336,3,0,unrecovered,,,2,exact,exact,"int (__thiscall ?add_object@Caviar@@QAEHPAUCaviarData@@PAEH@Z)(Caviar* this, CaviarData*, LPBYTE, int)"
P3,221,0x006181D0,?set_shadow_vector@Caviar@@QAEXMM@Z,123,0,2,unrecovered,,,2,exact,exact,"void (__thiscall ?set_shadow_vector@Caviar@@QAEXMM@Z)(Caviar* this, float, float)"
P3,1,0x006183D0,?set_buffer@Caviar@@QAEHPAUBuffer@@@Z,86,0,0,unrecovered,,,0,missing,missing,"int (__thiscall ?set_buffer@Caviar@@QAEHPAUBuffer@@@Z)(Caviar* this, Buffer*)"
P3,4121,0x00618430,?set_shadow_table@Caviar@@QAEHPAE@Z,56,4,1,unrecovered,,,2,exact,exact,"int (__thiscall ?set_shadow_table@Caviar@@QAEHPAE@Z)(Caviar* this, LPBYTE)"
P2,8321,0x00618470,?clear_buffers@Caviar@@QAEXH@Z,173,8,3,unrecovered,,,2,exact,exact,"void (__thiscall ?clear_buffers@Caviar@@QAEXH@Z)(Caviar* this, int)"
P3,1,0x00618520,?UNK13@Caviar@@QAEXXZ,54,0,0,unrecovered,,,0,missing,missing,void (__thiscall ?UNK13@Caviar@@QAEXXZ)(Caviar* this)
P3,1,0x00618560,?UNK14@Caviar@@QAEXH@Z,64,0,0,unrecovered,,,0,missing,missing,"void (__thiscall ?UNK14@Caviar@@QAEXH@Z)(Caviar* this, int)"
P3,3420,0x006185A0,?init_class@Caviar@@QAAHXZ,2327,1,24,unrecovered,,,2,exact,start_only,
P3,1420,0x00618D20,?close_class@Caviar@@QAAXXZ,117,1,4,unrecovered,,,2,exact,exact,
P3,110,0x00618DA0,?object_start@Caviar@@QAAXPAUVOX_ScnRenderHnd@@JPAUVOX_Vect@@PAUVOX_Matrix@@PAUVOX_Rect@@PAUVOX_Vect@@@Z,102,0,1,unrecovered,,,1,exact,missing,
P3,110,0x00618E10,?vx_malloc@Caviar@@QAAXK@Z,14,0,1,unrecovered,,,1,exact,missing,
P3,110,0x00618E20,?vx_free@Caviar@@QAAXPAX@Z,16,0,1,unrecovered,,,1,exact,missing,
P3,110,0x00618E30,?vx_read@Caviar@@QAAXHPADJ@Z,24,0,1,unrecovered,,,1,exact,missing,
P3,110,0x00618E50,?vx_write@Caviar@@QAAXHPAXJ@Z,24,0,1,unrecovered,,,1,exact,missing,
P3,110,0x00618E70,?vx_seek@Caviar@@QAAXHJH@Z,24,0,1,unrecovered,,,1,exact,missing,
P3,110,0x00618E90,?vx_tell@Caviar@@QAAXH@Z,14,0,1,unrecovered,,,1,exact,missing,
P0,1041021,0x00618EA0,??0Font@@QAE@XZ,32,41,0,source_complete,ui_dependency,recover_font_element_ctor,2,exact,exact,void (__thiscall ??0Font@@QAE@XZ)(Font* this)
P0,1053121,0x00618EE0,??1Font@@QAE@XZ,77,53,1,source_complete,ui_dependency,recover_font_element_teardown,2,exact,exact,void (__thiscall ??1Font@@QAE@XZ)(Font* this)
P0,1005021,0x00619650,??0Texture@@QAE@XZ,16,5,0,source_complete,ui_dependency,recover_texture_element_ctor,2,exact,exact,void (__thiscall ??0Texture@@QAE@XZ)(Texture* this)
P0,1000121,0x00619660,??1Texture@@QAE@XZ,37,0,1,source_complete,ui_dependency,recover_texture_element_teardown,2,exact,exact,void (__thiscall ??1Texture@@QAE@XZ)(Texture* this)
P3,101,0x006196D0,?extract@Texture@@QAEHPAUBuffer@@PAURECT@@@Z,54,0,1,unrecovered,,,0,missing,missing,"int (__thiscall ?extract@Texture@@QAEHPAUBuffer@@PAURECT@@@Z)(Texture* this, Buffer*, RECT*)"
P3,3621,0x00619710,?extract@Texture@@QAEHPAUBuffer@@HHHHPAUTexHeap@@@Z,462,3,6,unrecovered,,,2,exact,exact,"int (__thiscall ?extract@Texture@@QAEHPAUBuffer@@HHHHPAUTexHeap@@@Z)(Texture* this, Buffer*, int xCoord, int yCoord, int height, int width, #120*)"
P3,1321,0x006198E0,?draw_trans@Texture@@QAEXPAUBuffer@@PAUVert@@HPAUVert@@@Z,1183,1,3,unrecovered,,,2,exact,exact,"void (__thiscall ?draw_trans@Texture@@QAEXPAUBuffer@@PAUVert@@HPAUVert@@@Z)(Texture* this, Buffer*, Vert*, int, Vert*)"
P3,310,0x00619D80,Texture::draw_trans2,1215,0,3,unrecovered,,,1,missing,exact,
P3,2321,0x0061A240,?draw_trans@Texture@@QAEXPAUBuffer@@PAUVert@@H@Z,1299,2,3,unrecovered,,,2,exact,exact,"void (__thiscall ?draw_trans@Texture@@QAEXPAUBuffer@@PAUVert@@H@Z)(Texture* this, Buffer*, Vert*, int)"
P3,2320,0x0061A760,?draw_upper_threshold_trans@Texture@@QAEXPAUBuffer@@PAUVert@@PAHHPAUVert@@H@Z,1267,2,3,unrecovered,,,2,exact,exact,
P3,1320,0x0061AC60,Texture::draw,1410,1,3,unrecovered,,,2,exact,exact,
P3,3321,0x0061B1F0,?draw@Texture@@QAEXPAUBuffer@@PAUVert@@PAHHPAUVert@@@Z,1416,3,3,unrecovered,,,2,exact,exact,"void (__thiscall ?draw@Texture@@QAEXPAUBuffer@@PAUVert@@PAHHPAUVert@@@Z)(Texture* this, Buffer*, Vert*, int*, int, Vert*)"
P3,310,0x0061B780,sub_61b780,2318,0,3,unrecovered,,,1,missing,exact,
P3,3321,0x0061C090,?draw_trans@Texture@@QAEXPAUBuffer@@PAUVert@@PAHHPAUVert@@@Z,1426,3,3,unrecovered,,,2,exact,exact,"void (__thiscall ?draw_trans@Texture@@QAEXPAUBuffer@@PAUVert@@PAHHPAUVert@@@Z)(Texture* this, Buffer*, Vert*, int*, int, Vert*)"
P3,1320,0x0061C630,sub_61c630,1310,1,3,unrecovered,,,2,exact,exact,
P3,310,0x0061CB50,sub_61cb50,1343,0,3,unrecovered,,,1,missing,exact,
P3,310,0x0061D090,sub_61d090,2298,0,3,unrecovered,,,1,missing,exact,
P3,310,0x0061D990,sub_61d990,1484,0,3,unrecovered,,,1,missing,exact,
P3,1320,0x0061DF60,sub_61df60,1496,1,3,unrecovered,,,2,exact,exact,
P3,1321,0x0061E540,?draw_mask_dest@Texture@@QAEXPAUBuffer@@PAUVert@@PAEPAEHPAUVert@@@Z,1422,1,3,unrecovered,,,2,exact,exact,"void (__thiscall ?draw_mask_dest@Texture@@QAEXPAUBuffer@@PAUVert@@PAEPAEHPAUVert@@@Z)(Texture* this, Buffer*, Vert*, unsigned int8*, unsigned int8*, int, Vert*)"
P3,1321,0x0061EAD0,?draw_coast@Texture@@QAEXPAUBuffer@@PAUVert@@PAHPAUTexture@@PAEH1@Z,1526,1,3,unrecovered,,,2,exact,exact,"void (__thiscall ?draw_coast@Texture@@QAEXPAUBuffer@@PAUVert@@PAHPAUTexture@@PAEH1@Z)(Texture* this, Buffer*, Vert*, int*, Texture*, unsigned int8*, int, Vert*)"
P3,410,0x0061F0D0,sub_61f0d0,1717,0,4,unrecovered,,,1,missing,start_only,
P3,0,0x0061F785,nullsub_259,3,0,0,unrecovered,,,0,missing,containing,
P3,100,0x0061F790,sub_61f790,109,0,1,unrecovered,,,0,missing,missing,
P3,10,0x0061F800,sub_61f800,1158,0,0,unrecovered,,,1,missing,start_only,
P2,16120,0x0061FC90,?setup_edge_gouraud@Texture@@QAAHPAUEdgeScan@@H@Z,346,16,1,unrecovered,,,2,exact,exact,
P3,100,0x0061FDF0,sub_61fdf0,120,0,1,unrecovered,,,0,missing,missing,
P3,10,0x0061FE70,sub_61fe70,654,0,0,unrecovered,,,1,missing,exact,
P3,2120,0x00620100,sub_620100,340,2,1,unrecovered,,,2,exact,exact,
P3,100,0x00620260,sub_620260,120,0,1,unrecovered,,,0,missing,missing,
P3,10,0x006202E0,sub_6202e0,861,0,0,unrecovered,,,1,missing,exact,
P3,10,0x00620640,sub_620640,976,0,0,unrecovered,,,1,missing,exact,
P3,1420,0x00620A10,sub_620a10,2196,1,4,unrecovered,,,2,exact,exact,
P3,1320,0x006212B0,sub_6212b0,1464,1,3,unrecovered,,,2,exact,exact,
P3,1420,0x00621870,sub_621870,2433,1,4,unrecovered,,,2,exact,exact,
P3,1320,0x00622200,sub_622200,1548,1,3,unrecovered,,,2,exact,exact,
P3,1320,0x00622810,sub_622810,1438,1,3,unrecovered,,,2,exact,exact,
P3,1420,0x00622DB0,Texture::draw_trans_3,1552,1,4,unrecovered,,,2,exact,exact,
P3,1421,0x006233C0,?draw@Texture@@QAEXPAUBuffer@@PAUVert@@PAHHPAUVert@@H@Z,1515,1,4,unrecovered,,,2,exact,exact,"void (__thiscall ?draw@Texture@@QAEXPAUBuffer@@PAUVert@@PAHHPAUVert@@H@Z)(Texture* this, Buffer*, Vert*, int*, int, Vert*, int)"
P3,101,0x006239B0,?draw_trans@Texture@@QAEXPAUBuffer@@PAUVert@@HPAUVert@@H@Z,35,0,1,unrecovered,,,0,missing,missing,"void (__thiscall ?draw_trans@Texture@@QAEXPAUBuffer@@PAUVert@@HPAUVert@@H@Z)(Texture* this, Buffer*, Vert*, int, Vert*, int)"
P3,1420,0x006239E0,Texture::draw_upper_threshold_trans2,1380,1,4,unrecovered,,,2,exact,exact,
P3,100,0x00623F50,sub_623f50,45,0,1,unrecovered,,,0,missing,missing,
P3,1420,0x00623F80,?draw_coast@Texture@@QAEXPAUBuffer@@PAUVert@@PAHPAUTexture@@PAEHPAUVert@@H@Z,1702,1,4,unrecovered,,,2,exact,exact,
P3,100,0x00624630,sub_624630,60,0,1,unrecovered,,,0,missing,missing,
P3,1420,0x00624670,Texture::draw2,1533,1,4,unrecovered,,,2,exact,exact,
P3,100,0x00624C70,sub_624c70,45,0,1,unrecovered,,,0,missing,missing,
P3,100,0x00624CA0,sub_624ca0,40,0,1,unrecovered,,,0,missing,missing,
P3,100,0x00624CD0,sub_624cd0,45,0,1,unrecovered,,,0,missing,missing,
P3,100,0x00624D00,sub_624d00,55,0,1,unrecovered,,,0,missing,missing,
P3,100,0x00624D40,sub_624d40,50,0,1,unrecovered,,,0,missing,missing,
P2,9120,0x00624D80,?setup_edge@Texture@@QAAHPAUEdgeScan@@H@Z,297,9,1,unrecovered,,,2,exact,exact,
P3,1120,0x00624EB0,sub_624eb0,453,1,1,unrecovered,,,2,exact,exact,
P3,4120,0x00625080,sub_625080,532,4,1,unrecovered,,,2,exact,exact,
P3,1021,0x006252A0,??0TextureStore@@QAE@XZ,16,1,0,unrecovered,,,2,exact,exact,void (__thiscall ??0TextureStore@@QAE@XZ)(TextureStore* this)
P3,0,0x006252C0,sub_6252c0,30,0,0,unrecovered,,,0,missing,missing,
P3,121,0x006252E0,??0ImageButton@@QAE@XZ,38,0,1,unrecovered,,,2,exact,exact,void (__thiscall ??0ImageButton@@QAE@XZ)(ImageButton* this)
P0,1001021,0x00625310,??1ImageButton@@QAE@XZ,21,1,0,original_dependency,ui_dependency,recover_owning_class,2,exact,exact,void (__thiscall ??1ImageButton@@QAE@XZ)(ImageButton* this)
P3,11,0x00625330,?close@ImageButton@@QAEXXZ,15,0,0,unrecovered,,,1,exact,missing,void (__thiscall ?close@ImageButton@@QAEXXZ)(ImageButton* this)
P3,101,0x00625340,?init@ImageButton@@QAEHHPADHHHHHPAUWin@@H@Z,58,0,1,unrecovered,,,0,missing,missing,"int (__thiscall ?init@ImageButton@@QAEHHPADHHHHHPAUWin@@H@Z)(ImageButton* this, int, int8*, int, int, int, int, int, Win*, int)"
P3,100,0x00625380,sub_625380,70,0,1,unrecovered,,,0,missing,missing,
P3,711,0x006253D0,?on_redraw@ImageButton@@QAEXXZ,764,0,7,unrecovered,,,1,exact,missing,void (__thiscall ?on_redraw@ImageButton@@QAEXXZ)(ImageButton* this)
P0,1023721,0x00625880,?parse_string@@YAHPADPAD@Z,1373,23,7,source_in_progress,source_fallback,finish_source_implementation,2,exact,exact,"int (__cdecl ?parse_string@@YAHPADPAD@Z)(int8* input, int8* output)"
P3,3020,0x00626470,sub_626470,208,3,0,unrecovered,,,2,exact,exact,
P3,100,0x00626540,sub_626540,87,0,1,unrecovered,,,0,missing,missing,
P3,10,0x006265A0,?scan_out_line_poly@@YAIHH@Z,115,0,0,unrecovered,,,1,missing,exact,
P3,1320,0x00626620,?polygon@@YAHPAUBuffer@@PAUVert@@HH@Z,736,1,3,unrecovered,,,2,exact,exact,
P3,1120,0x00626900,sub_626900,243,1,1,unrecovered,,,2,exact,exact,
P3,310,0x00626A00,sub_626a00,907,0,3,unrecovered,,,1,missing,exact,
P3,10,0x00626D90,?scan_out_line_poly_dest@@YAIHH@Z,123,0,0,unrecovered,,,1,missing,exact,
P3,1320,0x00626E10,?polygon_dest@@YAHPAUBuffer@@PAUVert@@HPAE@Z,752,1,3,unrecovered,,,2,exact,exact,
P3,10,0x00627110,sub_627110,20,0,0,unrecovered,,,1,exact,missing,
P3,200,0x00627190,?pop@@YAHPADPADPADHP6AHXZ@Z,58,0,2,unrecovered,,,0,missing,missing,
P3,3120,0x006272F0,?pop_close@@YAXXZ,22,3,1,unrecovered,,,2,exact,exact,
P3,200,0x00627440,?pops@@YAHPADPADPADHPAUSprite@@P6AHXZ@Z,61,0,2,unrecovered,,,0,missing,missing,
P3,200,0x00627480,?pops@@YAHPADPADPADHPAUSprite@@HHP6AHXZ@Z,67,0,2,unrecovered,,,0,missing,missing,
P0,1027920,0x006276A0,?pops@@YAHPADPADHPADHPAUSprite@@HHP6AHXZ@Z,345,27,9,original_dependency,ui_dependency,recover_pops_full,2,exact,exact,
P3,101,0x00627800,?pop_ask@@YAHPADHPADP6AHXZH@Z,39,0,1,unrecovered,,,0,missing,missing,"int (__cdecl ?pop_ask@@YAHPADHPADP6AHXZH@Z)(int8* sectionID, int, int8*, int (__cdecl *)(), int)"
P3,101,0x00627830,?pop_ask@@YAHPADPADHP6AHXZH@Z,36,0,1,unrecovered,,,0,missing,missing,"int (__cdecl ?pop_ask@@YAHPADPADHP6AHXZH@Z)(int8* srcFileID, int8* sectionID, int, int (__cdecl *)(), int)"
P3,101,0x00627860,?pop_ask@@YAHPADHP6AHXZH@Z,36,0,1,unrecovered,,,0,missing,missing,"int (__cdecl ?pop_ask@@YAHPADHP6AHXZH@Z)(int8* sectionID, int, int (__cdecl *)(), int)"
P3,201,0x00627890,?pop_ask@@YAHPADPADPADP6AHXZH@Z,52,0,2,unrecovered,,,0,missing,missing,"int (__cdecl ?pop_ask@@YAHPADPADPADP6AHXZH@Z)(int8* srcFileID, int8* sectionID, int8*, int (__cdecl *)(), int)"
P3,201,0x006278D0,?pop_ask@@YAHPADPADP6AHXZH@Z,52,0,2,unrecovered,,,0,missing,missing,"int (__cdecl ?pop_ask@@YAHPADPADP6AHXZH@Z)(int8* sectionID, int8*, int (__cdecl *)(), int)"
P2,6621,0x00627910,?pop_ask@@YAHPADPADHPADP6AHXZH@Z,167,6,6,unrecovered,,,2,exact,exact,"int (__cdecl ?pop_ask@@YAHPADPADHPADP6AHXZH@Z)(int8* srcFileID, int8* sectionID, int, int8*, int (__cdecl *)(), int)"
P3,911,0x006279C0,?pop_ask_number@@YAHPADHP6AHXZ@Z,203,0,9,unrecovered,,,1,exact,missing,"int (__cdecl ?pop_ask_number@@YAHPADHP6AHXZ@Z)(int8* sectionID, int, int (__cdecl *)())"
P3,911,0x00627A90,?pop_ask_number@@YAHPADPADP6AHXZ@Z,200,0,9,unrecovered,,,1,exact,missing,"int (__cdecl ?pop_ask_number@@YAHPADPADP6AHXZ@Z)(int8* srcFileID, int8* sectionID, int (__cdecl *)())"
P3,911,0x00627B60,?pop_ask_number@@YAHPADP6AHXZ@Z,200,0,9,unrecovered,,,1,exact,missing,"int (__cdecl ?pop_ask_number@@YAHPADP6AHXZ@Z)(int8* sectionID, int (__cdecl *)())"
P3,1921,0x00627C30,?pop_ask_number@@YAHPADPADHP6AHXZ@Z,204,1,9,unrecovered,,,2,exact,exact,"int (__cdecl ?pop_ask_number@@YAHPADPADHP6AHXZ@Z)(int8* srcFileID, int8* sectionID, int, int (__cdecl *)())"
P0,1008020,0x00627D00,sub_627d00,281,8,0,original_dependency,ui_dependency,recover_caviar_apply_rotation,2,exact,exact,
P2,5020,0x00627E20,sub_627e20,303,5,0,unrecovered,,,2,exact,exact,
P2,6020,0x00627F50,sub_627f50,399,6,0,unrecovered,,,2,exact,exact,
P2,14020,0x006280E0,sub_6280e0,107,14,0,unrecovered,,,2,exact,exact,
P3,3020,0x00628180,sub_628180,37,3,0,unrecovered,,,2,exact,exact,
P2,5020,0x006281B0,sub_6281b0,37,5,0,unrecovered,,,2,exact,exact,
P3,1020,0x006281E0,sub_6281e0,55,1,0,unrecovered,,,2,exact,exact,
P2,10020,0x00628220,sub_628220,107,10,0,unrecovered,,,2,exact,exact,
P3,1020,0x00628290,sub_628290,65,1,0,unrecovered,,,2,exact,exact,
P3,2020,0x006282E0,sub_6282e0,151,2,0,unrecovered,,,2,exact,exact,
P3,210,0x00628B70,?HSV_to_RGB@@YAXPAUHSV@@PAUPALETTEENTRY@@@Z,546,0,2,unrecovered,,,1,missing,exact,
P3,3020,0x00628DB0,?RGB_to_HSV@@YAXPAUPALETTEENTRY@@PAUHSV@@@Z,375,3,0,unrecovered,,,2,exact,exact,
P3,2320,0x00628F30,sub_628f30,432,2,3,unrecovered,,,2,exact,exact,
P2,6221,0x00629110,??0StringBox@@QAE@XZ,266,6,2,unrecovered,,,2,exact,entry_range,void (__thiscall ??0StringBox@@QAE@XZ)(StringBox* this)
P2,10221,0x00629210,?close@StringBox@@QAEXXZ,185,10,2,unrecovered,,,2,exact,exact,void (__thiscall ?close@StringBox@@QAEXXZ)(StringBox* this)
P2,6421,0x006292D0,?init@StringBox@@QAEXHHHHPAUWin@@PAUStringList@@H@Z,438,6,4,unrecovered,,,2,exact,exact,"void (__thiscall ?init@StringBox@@QAEXHHHHPAUWin@@PAUStringList@@H@Z)(StringBox* this, int, int, int, int, Win*, StringList*, int)"
P0,1021721,0x00629490,?add_fixup@StringBox@@QAEXXZ,627,21,7,original_dependency,ui_dependency,recover_string_box_add_fixup,2,exact,exact,void (__thiscall ?add_fixup@StringBox@@QAEXXZ)(StringBox* this)
P3,1221,0x00629750,?add_special@StringBox@@QAEXPAD@Z,36,1,2,unrecovered,,,2,exact,exact,"void (__thiscall ?add_special@StringBox@@QAEXPAD@Z)(StringBox* this, int8*)"
P1,20121,0x00629780,?clear@StringBox@@QAEXXZ,292,20,1,unrecovered,,,2,exact,exact,void (__thiscall ?clear@StringBox@@QAEXXZ)(StringBox* this)
P3,111,0x006298B0,?UNK1@StringBox@@QAEXH@Z,203,0,1,unrecovered,,,1,exact,missing,"void (__thiscall ?UNK1@StringBox@@QAEXH@Z)(StringBox* this, int)"
P3,111,0x00629980,?UNK2@StringBox@@QAEXHH@Z,227,0,1,unrecovered,,,1,exact,missing,"void (__thiscall ?UNK2@StringBox@@QAEXHH@Z)(StringBox* this, int, int)"
P3,1121,0x00629A70,?clip_ids@StringBox@@QAEXK@Z,249,1,1,unrecovered,,,2,exact,exact,"void (__thiscall ?clip_ids@StringBox@@QAEXK@Z)(StringBox* this, unsigned int)"
P3,711,0x00629B70,?on_redraw@StringBox@@QAEXXZ,428,0,7,unrecovered,,,1,exact,missing,void (__thiscall ?on_redraw@StringBox@@QAEXXZ)(StringBox* this)
P3,11,0x00629D20,?on_scrolled@StringBox@@QAEXHH@Z,21,0,0,unrecovered,,,1,exact,missing,"void (__thiscall ?on_scrolled@StringBox@@QAEXHH@Z)(StringBox* this, int, int)"
P3,11,0x00629D40,?on_scrolling@StringBox@@QAEXHH@Z,21,0,0,unrecovered,,,1,exact,missing,"void (__thiscall ?on_scrolling@StringBox@@QAEXHH@Z)(StringBox* this, int, int)"
P2,9221,0x00629D60,??0Flic@@QAE@XZ,151,9,2,unrecovered,,,2,exact,entry_range,void (__thiscall ??0Flic@@QAE@XZ)(Flic* this)
P2,11121,0x00629DF0,?close@Flic@@QAEXXZ,84,11,1,unrecovered,,,2,exact,exact,void (__thiscall ?close@Flic@@QAEXXZ)(Flic* this)
P2,8821,0x00629E50,?init@Flic@@QAEHPAUBuffer@@PADHHH@Z,536,8,8,unrecovered,,,2,exact,exact,"int (__thiscall ?init@Flic@@QAEHPAUBuffer@@PADHHH@Z)(Flic* this, Buffer*, int8*, int, int, int)"
P2,11421,0x0062A070,?decode_frame@Flic@@QAEHHH@Z,173,11,4,unrecovered,,,2,exact,exact,"int (__thiscall ?decode_frame@Flic@@QAEHHH@Z)(Flic* this, int, int)"
P3,411,0x0062A120,?UNK1@Flic@@QAEHHH@Z,226,0,4,unrecovered,,,1,missing,exact,"int (__thiscall ?UNK1@Flic@@QAEHHH@Z)(Flic* this, int, int)"
P3,111,0x0062A210,?UNK2@Flic@@QAEHXZ,107,0,1,unrecovered,,,1,missing,exact,int (__thiscall ?UNK2@Flic@@QAEHXZ)(Flic* this)
P3,3121,0x0062A280,?rewind@Flic@@QAEHXZ,57,3,1,unrecovered,,,2,exact,exact,int (__thiscall ?rewind@Flic@@QAEHXZ)(Flic* this)
P3,511,0x0062A2C0,?UNK3@Flic@@QAEHH@Z,570,0,5,unrecovered,,,1,exact,missing,"int (__thiscall ?UNK3@Flic@@QAEHH@Z)(Flic* this, int)"
P3,1621,0x0062A500,?decode_byte_run@Flic@@QAEXXZ,527,1,6,unrecovered,,,2,exact,exact,void (__thiscall ?decode_byte_run@Flic@@QAEXXZ)(Flic* this)
P3,1521,0x0062A720,?decode_delta_flc@Flic@@QAEXXZ,967,1,5,unrecovered,,,2,exact,exact,void (__thiscall ?decode_delta_flc@Flic@@QAEXXZ)(Flic* this)
P3,101,0x0062AB10,?fill@Flic@@QAEXXZ,98,0,1,unrecovered,,,0,missing,missing,void (__thiscall ?fill@Flic@@QAEXXZ)(Flic* this)
P3,1421,0x0062AB80,?decode_fli_copy@Flic@@QAEXXZ,310,1,4,unrecovered,,,2,exact,exact,void (__thiscall ?decode_fli_copy@Flic@@QAEXXZ)(Flic* this)
P3,5321,0x0062ACD0,?decode_chunk@Flic@@QAEXPAUDataChunk@@@Z,541,4,13,unrecovered,,,2,exact,exact,"int (__thiscall ?decode_chunk@Flic@@QAEXPAUDataChunk@@@Z)(Flic* this, DataChunk*)"
P3,1821,0x0062AF40,?decode_byte_run_trans@Flic@@QAEXXZ,582,1,8,unrecovered,,,2,exact,exact,void (__thiscall ?decode_byte_run_trans@Flic@@QAEXXZ)(Flic* this)
P3,1421,0x0062B190,?decode_delta_flc_trans@Flic@@QAEXXZ,1117,1,4,unrecovered,,,2,exact,exact,void (__thiscall ?decode_delta_flc_trans@Flic@@QAEXXZ)(Flic* this)
P3,101,0x0062B600,?decode_black_trans@Flic@@QAEXXZ,110,0,1,unrecovered,,,0,missing,missing,void (__thiscall ?decode_black_trans@Flic@@QAEXXZ)(Flic* this)
P3,1321,0x0062B670,?decode_fli_copy_trans@Flic@@QAEXXZ,262,1,3,unrecovered,,,2,exact,exact,void (__thiscall ?decode_fli_copy_trans@Flic@@QAEXXZ)(Flic* this)
P3,101,0x0062B780,?UNK9@Flic@@QAEXXZ,63,0,1,unrecovered,,,0,missing,missing,void (__thiscall ?UNK9@Flic@@QAEXXZ)(Flic* this)
P0,1005121,0x0062B8A0,?button_click@ButtonGroup@@QAEHH@Z,471,5,1,original_dependency,ui_dependency,recover_button_group_button_click,2,exact,exact,"int (__thiscall ?button_click@ButtonGroup@@QAEHH@Z)(ButtonGroup* this, int)"
P3,3121,0x0062BF20,??0PushButton@@QAE@XZ,238,3,1,unrecovered,,,2,exact,exact,void (__thiscall ??0PushButton@@QAE@XZ)(PushButton* this)
P0,1007021,0x0062C010,??1PushButton@@QAE@XZ,21,7,0,original_dependency,ui_dependency,recover_owning_class,2,exact,exact,void (__thiscall ??1PushButton@@QAE@XZ)(PushButton* this)
P3,121,0x0062C030,?close@PushButton@@QAEXXZ,220,0,1,unrecovered,,,2,exact,exact,void (__thiscall ?close@PushButton@@QAEXXZ)(PushButton* this)
P3,811,0x0062C110,?on_redraw@PushButton@@QAEXXZ,1821,0,8,unrecovered,,,1,exact,missing,void (__thiscall ?on_redraw@PushButton@@QAEXXZ)(PushButton* this)
P3,310,0x0062C860,Callback,119,0,3,unrecovered,,,1,exact,missing,
P3,3810,0x0062C8E0,sub_62c8e0,1398,2,18,unrecovered,,,1,exact,missing,
P3,10,0x0062CD10,sub_62cd10,56,0,0,unrecovered,,,1,exact,missing,
P3,310,0x0062CD50,sub_62cd50,925,0,3,unrecovered,,,1,exact,missing,
P3,100,0x0062D0F0,sub_62d0f0,8,0,1,unrecovered,,,0,missing,missing,
P3,1020,0x0062D100,sub_62d100,58,1,0,unrecovered,,,2,exact,exact,
P3,0,0x0062D160,sub_62d160,49,0,0,unrecovered,,,0,missing,missing,
P3,0,0x0062D1A0,sub_62d1a0,50,0,0,unrecovered,,,0,missing,missing,
P3,10,0x0062D1E0,sub_62d1e0,209,0,0,unrecovered,,,1,exact,missing,
P3,10,0x0062D2C0,sub_62d2c0,206,0,0,unrecovered,,,1,exact,missing,
P3,1020,0x0062D390,sub_62d390,6,1,0,unrecovered,,,2,exact,exact,
P3,2921,0x0062D3A0,?jackal_init_real@@YAHPAUPalette@@PAUFont@@PADHHHH@Z,342,1,19,unrecovered,,,2,exact,exact,"int (__cdecl ?jackal_init_real@@YAHPAUPalette@@PAUFont@@PADHHHH@Z)(Palette* pPalEntries, Font* fontBuffer, int8* lpWindowName, int nDDTgl, int displayWidth, int displayHeight, int nCmdLineVal)"
P3,2520,0x0062D500,?jackal_close@@YAXXZ,98,1,15,unrecovered,,,2,exact,exact,
P0,1012020,0x0062D5B0,?do_net@@YAXXZ,25,12,0,original_dependency,platform_service,recover_network_pump,2,exact,exact,
P0,1021020,0x0062D5D0,?check_net@@YAXXZ,25,21,0,original_dependency,platform_service,recover_network_pump,2,exact,exact,
P3,1420,0x0062D5F0,sub_62d5f0,173,1,4,unrecovered,,,2,exact,exact,
P3,1221,0x0062D6A0,??0Net@@QAE@XZ,635,1,2,unrecovered,,,2,exact,entry_range,void (__thiscall ??0Net@@QAE@XZ)(Net* this)
P3,2221,0x0062D8E0,?init@Net@@QAEHPAU_GUID@@HH@Z,248,2,2,unrecovered,,,2,exact,exact,"int (__thiscall ?init@Net@@QAEHPAU_GUID@@HH@Z)(Net* this, _GUID*, int, int)"
P3,2121,0x0062D9E0,?check_for_lobby@Net@@QAEHPADPAU_GUID@@HH@Z,1334,1,11,unrecovered,,,2,exact,exact,"int (__thiscall ?check_for_lobby@Net@@QAEHPADPAU_GUID@@HH@Z)(Net* this, int8*, _GUID*, int, int)"
P3,1021,0x0062DF20,?start_voice@Net@@QAEHK@Z,78,1,0,unrecovered,,,2,exact,exact,"int (__thiscall ?start_voice@Net@@QAEHK@Z)(Net* this, unsigned int)"
P3,1021,0x0062DF70,?start_voice@Net@@QAEHJ@Z,78,1,0,unrecovered,,,2,exact,exact,"int (__thiscall ?start_voice@Net@@QAEHJ@Z)(Net* this, int)"
P3,1121,0x0062DFC0,?stop_voice@Net@@QAEXXZ,69,1,1,unrecovered,,,2,exact,exact,void (__thiscall ?stop_voice@Net@@QAEXXZ)(Net* this)
P0,1012321,0x0062E010,?close@Net@@QAEXXZ,570,12,3,original_dependency,ui_dependency,recover_netcloseoriginal_body,2,exact,exact,void (__thiscall ?close@Net@@QAEXXZ)(Net* this)
P3,1121,0x0062E250,?poll_services@Net@@QAEHPAUServiceList@@@Z,73,1,1,unrecovered,,,2,exact,exact,"int (__thiscall ?poll_services@Net@@QAEHPAUServiceList@@@Z)(Net* this, ServiceList*)"
P3,2421,0x0062E2A0,?join_service@Net@@QAEHPAUServiceStruct@@@Z,380,2,4,unrecovered,,,2,exact,exact,"int (__thiscall ?join_service@Net@@QAEHPAUServiceStruct@@@Z)(Net* this, ServiceStruct*)"
P3,3321,0x0062E420,?on_player_added@Net@@QAEHPADI@Z,278,3,3,unrecovered,,,2,exact,exact,"int (__thiscall ?on_player_added@Net@@QAEHPADI@Z)(Net* this, int8*, unsigned int)"
P2,8421,0x0062E540,?join_session@Net@@QAEHPAUSessionStruct@@PADPAD@Z,1399,7,14,unrecovered,,,2,exact,entry_range,"int (__thiscall ?join_session@Net@@QAEHPAUSessionStruct@@PADPAD@Z)(Net* this, SessionStruct*, int8*, int8*)"
P3,3621,0x0062EAA0,?create_session@Net@@QAEHPADHPAD@Z,655,3,6,unrecovered,,,2,exact,exact,"int (__thiscall ?create_session@Net@@QAEHPADHPAD@Z)(Net* this, int8*, int, int8*)"
P3,1121,0x0062ED40,?create_group@Net@@QAEHPAD@Z,98,1,1,unrecovered,,,2,exact,exact,"int (__thiscall ?create_group@Net@@QAEHPAD@Z)(Net* this, int8*)"
P3,1021,0x0062EDB0,?delete_group@Net@@QAEXH@Z,23,1,0,unrecovered,,,2,exact,exact,"void (__thiscall ?delete_group@Net@@QAEXH@Z)(Net* this, int)"
P3,1021,0x0062EDD0,?add_to_group@Net@@QAEHJK@Z,42,1,0,unrecovered,,,2,exact,exact,"int (__thiscall ?add_to_group@Net@@QAEHJK@Z)(Net* this, int, unsigned int)"
P3,0,0x0062EE00,sub_62ee00,28,0,0,unrecovered,,,0,missing,missing,
P3,0,0x0062EE20,sub_62ee20,81,0,0,unrecovered,,,0,missing,missing,
P3,2021,0x0062EEA0,?send_group@Net@@QAEHPAXHJH@Z,1260,1,10,unrecovered,,,2,exact,exact,"int (__thiscall ?send_group@Net@@QAEHPAXHJH@Z)(Net* this, void*, int, int, int)"
P3,2020,0x0062F390,sub_62f390,1293,1,10,unrecovered,,,2,exact,exact,
P2,6021,0x0062F8A0,?send_packet_type@Net@@QAEHPAXHKHH@Z,2015,5,10,unrecovered,,,2,exact,exact,"int (__thiscall ?send_packet_type@Net@@QAEHPAXHKHH@Z)(Net* this, void*, int, unsigned int, int, int)"
P1,26021,0x00630080,?send@Net@@QAEHPAXHKH@Z,2296,25,10,unrecovered,,,2,exact,exact,"int (__thiscall ?send@Net@@QAEHPAXHKH@Z)(Net* this, void*, int, unsigned int, int)"
P3,100,0x00630980,sub_630980,58,0,1,unrecovered,,,0,missing,missing,
P3,100,0x006309C0,sub_6309c0,61,0,1,unrecovered,,,0,missing,missing,
P0,1018121,0x00630A00,?get@Net@@QAEHPAKPAK@Z,58,18,1,original_dependency,ui_dependency,recover_net_get,2,exact,exact,"int (__thiscall ?get@Net@@QAEHPAKPAK@Z)(Net* this, unsigned int*, unsigned int*)"
P3,100,0x00630A40,sub_630a40,61,0,1,unrecovered,,,0,missing,missing,
P3,110,0x00630A80,sub_630a80,124,0,1,unrecovered,,,1,exact,missing,
P3,110,0x00630B00,sub_630b00,124,0,1,unrecovered,,,1,exact,missing,
P3,10,0x00630B80,sub_630b80,99,0,0,unrecovered,,,1,exact,missing,
P3,221,0x00630BF0,sub_630bf0,57,0,2,unrecovered,,,2,exact,exact,"BOOL (__stdcall sub_630BF0)(LPGUID lpguidSP, LPSTR lpSPName, DWORD dwMajorVersion, DWORD dwMinorVersion, LPVOID lpContext)"
P3,110,0x00630C30,sub_630c30,76,0,1,unrecovered,,,1,exact,missing,
P3,111,0x00630C80,?enum_players@Net@@QAEHKKPBUDPNAME@@KPAX@Z,227,0,1,unrecovered,,,1,exact,missing,"int (__thiscall ?enum_players@Net@@QAEHKKPBUDPNAME@@KPAX@Z)(Net* this, unsigned int, unsigned int, DPNAME*, unsigned int, void*)"
P3,920,0x00630D70,sub_630d70,792,0,9,unrecovered,,,2,exact,entry_range,
P3,3010,0x00631050,sub_631050,3001,0,30,unrecovered,,,1,exact,missing,
P2,6021,0x00631A20,?get_player_name@Net@@QAEPADK@Z,53,6,0,unrecovered,,,2,exact,exact,"int8* (__thiscall ?get_player_name@Net@@QAEPADK@Z)(Net* this, unsigned int)"
P3,321,0x00631A60,?process_voice@Net@@QAEXXZ,206,0,3,unrecovered,,,2,exact,exact,void (__thiscall ?process_voice@Net@@QAEXXZ)(Net* this)
P3,1221,0x00631B30,?close_game@Net@@QAEXXZ,106,1,2,unrecovered,,,2,exact,exact,void (__thiscall ?close_game@Net@@QAEXXZ)(Net* this)
P3,1320,0x00631BA0,sub_631ba0,827,1,3,unrecovered,,,2,exact,exact,
P3,1221,0x00632070,?enable_join@Net@@QAEXXZ,106,1,2,unrecovered,,,2,exact,exact,void (__thiscall ?enable_join@Net@@QAEXXZ)(Net* this)
P3,4221,0x006320E0,?check_polling@Net@@QAEXXZ,432,4,2,unrecovered,,,2,exact,exact,void (__thiscall ?check_polling@Net@@QAEXXZ)(Net* this)
P3,10,0x00632290,sub_632290,108,0,0,unrecovered,,,1,exact,missing,
P3,1021,0x00632300,?set_polling@Net@@QAEXH@Z,65,1,0,unrecovered,,,2,exact,exact,"void (__thiscall ?set_polling@Net@@QAEXH@Z)(Net* this, int)"
P3,2521,0x00632350,?drop_player@Net@@QAEHKH@Z,966,2,5,unrecovered,,,2,exact,exact,"int (__thiscall ?drop_player@Net@@QAEHKH@Z)(Net* this, unsigned int, int)"
P3,210,0x00632740,sub_632740,146,0,2,unrecovered,,,1,start_only,missing,
P3,1320,0x006327E0,?internal_receive@Net@@QAAHPAUNetThreadInfo@@@Z,1235,1,3,unrecovered,,,2,exact,start_only,
P3,2320,0x00632CC0,sub_632cc0,234,2,3,unrecovered,,,2,exact,exact,
P2,7421,0x00632DB0,?handle_sys_msg@Net@@QAEXXZ,487,7,4,unrecovered,,,2,exact,exact,void (__thiscall ?handle_sys_msg@Net@@QAEXXZ)(Net* this)
P3,1,0x00632FA0,?check_message@Net@@QAEHKK@Z,103,0,0,unrecovered,,,0,missing,missing,"int (__thiscall ?check_message@Net@@QAEHKK@Z)(Net* this, unsigned int, unsigned int)"
P0,1001820,0x00633010,sub_633010,449,1,8,original_dependency,ui_dependency,recover_owning_class,2,exact,entry_range,
P3,1520,0x00633180,sub_633180,1536,1,5,unrecovered,,,2,exact,entry_range,
P0,1000220,0x006336D0,sub_6336d0,65,0,2,original_dependency,ui_dependency,recover_owning_class,2,exact,exact,
P3,121,0x00633750,??0CheckButton@@QAE@XZ,77,0,1,unrecovered,,,2,exact,exact,void (__thiscall ??0CheckButton@@QAE@XZ)(CheckButton* this)
P3,1021,0x006337A0,?close@CheckButton@@QAEXXZ,54,1,0,unrecovered,,,2,exact,exact,void (__thiscall ?close@CheckButton@@QAEXXZ)(CheckButton* this)
P3,1121,0x006337E0,?init@CheckButton@@QAEHHHPAUGraphicWin@@H@Z,97,1,1,unrecovered,,,2,exact,exact,"int (__thiscall ?init@CheckButton@@QAEHHHPAUGraphicWin@@H@Z)(CheckButton* this, int, int, GraphicWin*, int)"
P3,211,0x00633850,?on_redraw@CheckButton@@QAEXXZ,194,0,2,unrecovered,,,1,exact,missing,void (__thiscall ?on_redraw@CheckButton@@QAEXXZ)(CheckButton* this)
P3,21,0x00633920,?on_left_click@CheckButton@@QAEXHH@Z,95,0,0,unrecovered,,,2,exact,exact,"void (__thiscall ?on_left_click@CheckButton@@QAEXHH@Z)(CheckButton* this, int, int)"
P3,11,0x00633980,?on_left_double_click@CheckButton@@QAEXHH@Z,23,0,0,unrecovered,,,1,exact,missing,"void (__thiscall ?on_left_double_click@CheckButton@@QAEXHH@Z)(CheckButton* this, int, int)"
P3,1021,0x006339C0,??0NetFifo@@QAE@XZ,27,1,0,unrecovered,,,2,exact,exact,void (__thiscall ??0NetFifo@@QAE@XZ)(NetFifo* this)
P3,3121,0x006339E0,??1NetFifo@@QAE@XZ,98,3,1,unrecovered,,,2,exact,exact,void (__thiscall ??1NetFifo@@QAE@XZ)(NetFifo* this)
P3,1121,0x00633A50,?close@NetFifo@@QAEXXZ,91,1,1,unrecovered,,,2,exact,exact,void (__thiscall ?close@NetFifo@@QAEXXZ)(NetFifo* this)
P2,5221,0x00633AB0,?add@NetFifo@@QAEHPAXKKHK@Z,234,5,2,unrecovered,,,2,exact,exact,"int (__thiscall ?add@NetFifo@@QAEHPAXKKHK@Z)(NetFifo* this, void*, unsigned int, unsigned int, int, unsigned int)"
P3,220,0x00633BA0,sub_633ba0,225,0,2,unrecovered,,,2,exact,exact,
P3,210,0x00633C90,sub_633c90,241,0,2,unrecovered,,,1,exact,missing,
P3,2211,0x00633D90,?get@NetFifo@@QAEHPAXPAIPAH1@Z,229,2,2,unrecovered,,,1,exact,missing,"int (__thiscall ?get@NetFifo@@QAEHPAXPAIPAH1@Z)(NetFifo* this, void*, unsigned int*, int*, unsigned int*)"
P3,210,0x00633E80,sub_633e80,229,0,2,unrecovered,,,1,exact,missing,
P3,3221,0x00633F70,?get@NetFifo@@QAEHPAXPAIPAHPAI@Z,173,3,2,unrecovered,,,2,exact,exact,"int (__thiscall ?get@NetFifo@@QAEHPAXPAIPAHPAI@Z)(NetFifo* this, void*, unsigned int*, int*, unsigned int*)"
P3,110,0x00634020,sub_634020,149,0,1,unrecovered,,,1,missing,exact,
P3,1120,0x006340C0,sub_6340c0,153,1,1,unrecovered,,,2,exact,exact,
P3,110,0x00634160,sub_634160,153,0,1,unrecovered,,,1,missing,exact,
P3,1120,0x00634200,sub_634200,126,1,1,unrecovered,,,2,exact,exact,
P3,1320,0x00634280,sub_634280,166,1,3,unrecovered,,,2,exact,exact,
P3,1320,0x00634330,sub_634330,141,1,3,unrecovered,,,2,exact,exact,
P3,10,0x006343E0,sub_6343e0,75,0,0,unrecovered,,,1,exact,missing,
P3,0,0x006344E0,sub_6344e0,51,0,0,unrecovered,,,0,missing,missing,
P3,110,0x00634520,sub_634520,189,0,1,unrecovered,,,1,exact,missing,
P3,10,0x006345E0,sub_6345e0,97,0,0,unrecovered,,,1,exact,missing,
P3,0,0x00634650,sub_634650,27,0,0,unrecovered,,,0,missing,missing,
P3,10,0x006346C0,sub_6346c0,36,0,0,unrecovered,,,1,exact,missing,
P3,10,0x006346F0,sub_6346f0,34,0,0,unrecovered,,,1,exact,missing,
P3,10,0x00634720,sub_634720,158,0,0,unrecovered,,,1,exact,missing,
P3,10,0x006347C0,sub_6347c0,48,0,0,unrecovered,,,1,exact,missing,
P3,20,0x006347F0,sub_6347f0,204,0,0,unrecovered,,,2,exact,exact,
P3,0,0x006348C0,sub_6348c0,39,0,0,unrecovered,,,0,missing,missing,
P3,10,0x006348F0,sub_6348f0,48,0,0,unrecovered,,,1,exact,missing,
P3,10,0x00634920,sub_634920,85,0,0,unrecovered,,,1,exact,missing,
P3,10,0x00634980,sub_634980,208,0,0,unrecovered,,,1,exact,missing,
P3,20,0x00634A50,sub_634a50,121,0,0,unrecovered,,,2,exact,exact,
P3,10,0x00634AD0,sub_634ad0,151,0,0,unrecovered,,,1,exact,missing,
P3,10,0x00634B70,sub_634b70,36,0,0,unrecovered,,,1,exact,missing,
P3,4021,0x00634BE0,??0FileBox@@QAE@XZ,51,4,0,unrecovered,,,2,exact,exact,void (__thiscall ??0FileBox@@QAE@XZ)(FileBox* this)
P3,4021,0x00634C20,??1FileBox@@QAE@XZ,1,4,0,unrecovered,,,2,exact,exact,void (__thiscall ??1FileBox@@QAE@XZ)(FileBox* this)
P3,2221,0x00634C30,?save@FileBox@@QAEXXZ,190,2,2,unrecovered,,,2,exact,exact,void (__thiscall ?save@FileBox@@QAEXXZ)(FileBox* this)
P3,1221,0x00634CF0,?load@FileBox@@QAEXXZ,190,1,2,unrecovered,,,2,exact,exact,void (__thiscall ?load@FileBox@@QAEXXZ)(FileBox* this)
P3,3221,0x00634DB0,?add_filter@FileBox@@QAEHPADPAD@Z,195,3,2,unrecovered,,,2,exact,exact,"int (__thiscall ?add_filter@FileBox@@QAEHPADPAD@Z)(FileBox* this, int8*, int8*)"
P3,3221,0x00634E80,?set_def_ext@FileBox@@QAEHPAD@Z,76,3,2,unrecovered,,,2,exact,exact,"int (__thiscall ?set_def_ext@FileBox@@QAEHPAD@Z)(FileBox* this, int8*)"
P3,3221,0x00634ED0,?set_def_name@FileBox@@QAEHPAD@Z,78,3,2,unrecovered,,,2,exact,exact,"int (__thiscall ?set_def_name@FileBox@@QAEHPAD@Z)(FileBox* this, int8*)"
P3,211,0x00634F20,?UNK1@FileBox@@QAEHPAD@Z,78,0,2,unrecovered,,,1,exact,missing,"int (__thiscall ?UNK1@FileBox@@QAEHPAD@Z)(FileBox* this, int8*)"
P3,11,0x00634F70,?UNK2@FileBox@@QAEXXZ,49,0,0,unrecovered,,,1,exact,missing,void (__thiscall ?UNK2@FileBox@@QAEXXZ)(FileBox* this)
P3,11,0x00634FB0,??0TexHeap@@QAE@XZ,16,0,0,unrecovered,,,1,exact,missing,TexHeap* (__thiscall ??0TexHeap@@QAE@XZ)(TexHeap* this)
P3,101,0x00634FC0,?UNK1@TexHeap@@QAEHH@Z,19,0,1,unrecovered,,,0,missing,missing,"int (__thiscall ?UNK1@TexHeap@@QAEHH@Z)(TexHeap* this, int)"
P3,121,0x00634FE0,?shutdown@TexHeap@@QAEXXZ,102,0,1,unrecovered,,,2,exact,exact,void (__thiscall ?shutdown@TexHeap@@QAEXXZ)(TexHeap* this)
P3,1221,0x00635050,?UNK2@TexHeap@@QAEHH@Z,800,1,2,unrecovered,,,2,exact,exact,"int (__thiscall ?UNK2@TexHeap@@QAEHH@Z)(TexHeap* this, int)"
P3,1121,0x00635370,?get_tex_mem@TexHeap@@QAEHH@Z,77,1,1,unrecovered,,,2,exact,exact,"int (__thiscall ?get_tex_mem@TexHeap@@QAEHH@Z)(TexHeap* this, int)"
P3,1121,0x006353C0,?get_mem@TexHeap@@QAEHH@Z,66,1,1,unrecovered,,,2,exact,exact,"int (__thiscall ?get_mem@TexHeap@@QAEHH@Z)(#120* this, int)"
P3,110,0x00635410,sub_635410,49,0,1,unrecovered,,,1,exact,missing,
P3,110,0x00635450,sub_635450,122,0,1,unrecovered,,,1,exact,missing,
P3,10,0x006354D0,sub_6354d0,25,0,0,unrecovered,,,1,exact,missing,
P3,100,0x006354F0,sub_6354f0,19,0,1,unrecovered,,,0,missing,missing,
P3,3020,0x00635510,sub_635510,587,2,10,unrecovered,,,2,exact,entry_range,
P3,1120,0x00635750,sub_635750,113,1,1,unrecovered,,,2,exact,exact,
P3,110,0x006357D0,sub_6357d0,101,0,1,unrecovered,,,1,exact,missing,
P3,10,0x00635840,sub_635840,36,0,0,unrecovered,,,1,missing,exact,
P3,1320,0x00635870,sub_635870,1691,1,3,unrecovered,,,2,exact,exact,
P0,1016420,0x00636300,?do_video@@YAXXZ,238,16,4,original_dependency,platform_service,recover_video_pump,2,exact,exact,
P3,10,0x006363F0,sub_6363f0,12,0,0,unrecovered,,,1,exact,missing,
P3,621,0x00636400,??0Video@@QAE@XZ,359,0,6,unrecovered,,,2,exact,entry_range,void (__thiscall ??0Video@@QAE@XZ)(Video* this)
P3,521,0x00636530,??1Video@@QAE@XZ,175,0,5,unrecovered,,,2,exact,entry_range,void (__thiscall ??1Video@@QAE@XZ)(Video* this)
P3,4720,0x006365B0,Video_unk1,386,4,7,unrecovered,,,2,exact,exact,
P3,1720,0x00636740,Video_unk2,269,1,7,unrecovered,,,2,exact,exact,
P3,110,0x00636850,Video_unk3,120,0,1,unrecovered,,,1,exact,missing,
P3,110,0x006368D0,Video_unk4,132,0,1,unrecovered,,,1,exact,missing,
P3,1110,0x00636960,Video_unk5,1593,0,11,unrecovered,,,1,exact,missing,
P3,411,0x00636FC0,?process@Video@@QAEXXZ,175,0,4,unrecovered,,,1,missing,exact,void (__thiscall ?process@Video@@QAEXXZ)(Video* this)
P3,300,0x00637070,Video_unk6,98,0,3,unrecovered,,,0,missing,missing,
P3,311,0x006370E0,?play@Video@@QAEHXZ,175,0,3,unrecovered,,,1,missing,exact,int (__thiscall ?play@Video@@QAEHXZ)(Video* this)
P3,10,0x006371A0,Video_unk8,34,0,0,unrecovered,,,1,missing,exact,
P3,1420,0x006371D0,Video_unk10,295,1,4,unrecovered,,,2,exact,exact,
P3,100,0x00637300,Video_unk11,8,0,1,unrecovered,,,0,missing,missing,
P3,310,0x00637310,Video_unk12,133,0,3,unrecovered,,,1,exact,missing,
P3,3121,0x006373A0,?advance_frame@Video@@QAEHXZ,390,3,1,unrecovered,,,2,exact,exact,int (__thiscall ?advance_frame@Video@@QAEHXZ)(Video* this)
P3,1810,0x00637530,Video_unk13,821,1,8,unrecovered,,,1,exact,missing,
P3,301,0x00637870,?decode_frame_process@Video@@QAEXXZ,64,0,3,unrecovered,,,0,missing,missing,void (__thiscall ?decode_frame_process@Video@@QAEXXZ)(Video* this)
P3,401,0x006378B0,?read_frame_process@Video@@QAEXXZ,86,0,4,unrecovered,,,0,missing,missing,void (__thiscall ?read_frame_process@Video@@QAEXXZ)(Video* this)
P2,8721,0x00637910,?decode_frame@Video@@QAEHH@Z,790,8,7,unrecovered,,,2,exact,exact,"int (__thiscall ?decode_frame@Video@@QAEHH@Z)(Video* this, int)"
P2,7321,0x00637C30,?read_frame@Video@@QAEHXZ,306,7,3,unrecovered,,,2,exact,exact,int (__thiscall ?read_frame@Video@@QAEHXZ)(Video* this)
P2,6221,0x00637D70,?play_frame@Video@@QAEHXZ,797,5,12,unrecovered,,,2,exact,exact,int (__thiscall ?play_frame@Video@@QAEHXZ)(Video* this)
P3,1020,0x00638090,Video_unk14,152,1,0,unrecovered,,,2,exact,exact,
P3,1020,0x00638130,Video_unk15,173,1,0,unrecovered,,,2,exact,exact,
P3,1720,0x006381F0,sub_6381f0,565,1,7,unrecovered,,,2,exact,exact,
P0,1002020,0x00638430,sub_638430,413,2,0,original_dependency,ui_dependency,recover_caviar_free_record,2,exact,exact,
P3,2020,0x006385D0,sub_6385d0,65,2,0,unrecovered,,,2,exact,exact,
P2,8120,0x00638620,sub_638620,46,8,1,unrecovered,,,2,exact,exact,
P2,11120,0x00638650,sub_638650,88,11,1,unrecovered,,,2,exact,exact,
P3,1120,0x006386B0,sub_6386b0,28,1,1,unrecovered,,,2,exact,exact,
P3,1220,0x006386D0,sub_6386d0,77,1,2,unrecovered,,,2,exact,exact,
P3,1420,0x00638720,sub_638720,402,1,4,unrecovered,,,2,exact,exact,
P3,1520,0x006388C0,sub_6388c0,514,1,5,unrecovered,,,2,exact,exact,
P3,1620,0x00638AD0,sub_638ad0,489,1,6,unrecovered,,,2,exact,exact,
P3,1320,0x00638CC0,sub_638cc0,276,1,3,unrecovered,,,2,exact,exact,
P3,1320,0x00638DE0,sub_638de0,330,1,3,unrecovered,,,2,exact,exact,
P3,1320,0x00638F30,sub_638f30,342,1,3,unrecovered,,,2,exact,exact,
P3,1320,0x00639090,sub_639090,342,1,3,unrecovered,,,2,exact,exact,
P3,1220,0x006391F0,sub_6391f0,236,1,2,unrecovered,,,2,exact,exact,
P3,1220,0x006392E0,sub_6392e0,159,1,2,unrecovered,,,2,exact,exact,
P2,12020,0x00639390,sub_639390,41,12,0,unrecovered,,,2,exact,exact,
P3,1420,0x006393C0,sub_6393c0,594,1,4,unrecovered,,,2,exact,exact,
P3,1020,0x00639630,sub_639630,100,1,0,unrecovered,,,2,exact,exact,
P3,1720,0x006396A0,sub_6396a0,1972,1,7,unrecovered,,,2,exact,exact,
P3,2920,0x00639E60,sub_639e60,1049,2,9,unrecovered,,,2,exact,exact,
P3,1620,0x0063A280,sub_63a280,1136,1,6,unrecovered,,,2,exact,exact,
P3,1520,0x0063A6F0,sub_63a6f0,729,1,5,unrecovered,,,2,exact,exact,
P3,1120,0x0063A9D0,sub_63a9d0,900,1,1,unrecovered,,,2,exact,exact,
P3,1020,0x0063AD60,sub_63ad60,178,1,0,unrecovered,,,2,exact,exact,
P3,1020,0x0063AE20,sub_63ae20,178,1,0,unrecovered,,,2,exact,exact,
P3,310,0x0063AEE0,sub_63aee0,109,0,3,unrecovered,,,1,exact,missing,
P3,310,0x0063AF00,sub_63af00,109,0,3,unrecovered,,,1,exact,missing,
P3,310,0x0063AF20,sub_63af20,109,0,3,unrecovered,,,1,exact,missing,
P3,310,0x0063AF40,sub_63af40,109,0,3,unrecovered,,,1,exact,missing,
P3,2020,0x0063AF60,sub_63af60,274,2,0,unrecovered,,,2,exact,exact,
P3,20,0x0063B072,sub_63b072,170,0,0,unrecovered,,,2,exact,exact,
P3,20,0x0063B11C,sub_63b11c,163,0,0,unrecovered,,,2,exact,exact,
P3,20,0x0063B1BF,sub_63b1bf,130,0,0,unrecovered,,,2,exact,exact,
P3,20,0x0063B241,sub_63b241,138,0,0,unrecovered,,,2,exact,exact,
P3,11,0x0063B2D0,??0Cursor@@QAE@XZ,16,0,0,unrecovered,,,1,exact,missing,Cursor* (__thiscall ??0Cursor@@QAE@XZ)(Cursor* this)
P3,1511,0x0063B2E0,?init@Cursor@@QAEXPAUSprite@@HH@Z,1560,0,15,unrecovered,,,1,exact,missing,"void (__thiscall ?init@Cursor@@QAEXPAUSprite@@HH@Z)(Cursor* this, Sprite*, int, int)"
P3,221,0x0063B8D0,??1Cursor@@QAE@XZ,58,0,2,unrecovered,,,2,exact,exact,void (__thiscall ??1Cursor@@QAE@XZ)(Cursor* this)
P3,1020,0x0063B910,?init_cursor_class@Cursor@@QAAXXZ,29,1,0,unrecovered,,,2,exact,exact,
P3,1320,0x0063B940,?trig_init@@YAHXZ,110,1,3,unrecovered,,,2,exact,exact,
P3,2020,0x0063B9B0,?sin@@YAHHH@Z,267,2,0,unrecovered,,,2,exact,exact,
P3,100,0x0063BAC0,?cos@@YAHHH@Z,25,0,1,unrecovered,,,0,missing,missing,
P3,210,0x0063BAE0,sub_63bae0,22,0,2,unrecovered,,,1,exact,missing,
P3,1520,0x0063BB20,sub_63bb20,574,1,5,unrecovered,,,2,exact,entry_range,
P3,2320,0x0063BD10,sub_63bd10,413,2,3,unrecovered,,,2,exact,exact,
P3,0,0x0063BEB0,sub_63beb0,33,0,0,unrecovered,,,0,missing,missing,
P3,0,0x0063BEE0,sub_63bee0,33,0,0,unrecovered,,,0,missing,missing,
P3,910,0x0063BF10,sub_63bf10,1071,0,9,unrecovered,,,1,exact,missing,
P3,210,0x0063C340,sub_63c340,79,0,2,unrecovered,,,1,missing,exact,
P3,0,0x0063C390,sub_63c390,14,0,0,unrecovered,,,0,missing,missing,
P3,410,0x0063C3A0,sub_63c3a0,310,0,4,unrecovered,,,1,exact,missing,
P3,0,0x0063C4E0,sub_63c4e0,22,0,0,unrecovered,,,0,missing,missing,
P3,1820,0x0063C510,sub_63c510,442,1,8,unrecovered,,,2,exact,exact,
P3,300,0x0063C6D0,sub_63c6d0,229,0,3,unrecovered,,,0,missing,missing,
P3,1620,0x0063C7C0,sub_63c7c0,502,1,6,unrecovered,,,2,exact,exact,
P3,510,0x0063C9D0,sub_63c9d0,200,0,5,unrecovered,,,1,exact,missing,
P3,1820,0x0063CAA0,sub_63caa0,686,1,8,unrecovered,,,2,exact,exact,
P3,220,0x0063CD50,sub_63cd50,107,0,2,unrecovered,,,2,exact,exact,
P3,100,0x0063CDC0,sub_63cdc0,87,0,1,unrecovered,,,0,missing,missing,
P3,1520,0x0063CE20,sub_63ce20,220,1,5,unrecovered,,,2,exact,entry_range,
P3,1120,0x0063CF00,deflateInit_,37,1,1,unrecovered,,,2,exact,exact,
P3,1220,0x0063CF30,sub_63cf30,492,1,2,unrecovered,,,2,exact,exact,
P3,1220,0x0063D120,sub_63d120,115,1,2,unrecovered,,,2,exact,exact,
P3,1420,0x0063D1A0,sub_63d1a0,627,1,4,unrecovered,,,2,exact,exact,
P3,1020,0x0063D420,sub_63d420,47,1,0,unrecovered,,,2,exact,exact,
P3,4020,0x0063D450,sub_63d450,114,4,0,unrecovered,,,2,exact,exact,
P3,2020,0x0063D4D0,sub_63d4d0,143,2,0,unrecovered,,,2,exact,exact,
P3,1020,0x0063D560,sub_63d560,147,1,0,unrecovered,,,2,exact,exact,
P3,310,0x0063D600,sub_63d600,239,0,3,unrecovered,,,1,exact,missing,
P3,3120,0x0063D6F0,sub_63d6f0,290,3,1,unrecovered,,,2,exact,exact,
P3,1120,0x0063D820,sub_63d820,113,1,1,unrecovered,,,2,exact,exact,
P3,520,0x0063D8A0,sub_63d8a0,559,0,5,unrecovered,,,2,exact,exact,
P3,2020,0x0063DAD0,sub_63dad0,367,2,0,unrecovered,,,2,exact,exact,
P3,520,0x0063DC40,sub_63dc40,755,0,5,unrecovered,,,2,exact,exact,
P3,1120,0x0063DF40,sub_63df40,68,1,1,unrecovered,,,2,exact,exact,
P3,2120,0x0063DF90,sub_63df90,77,2,1,unrecovered,,,2,exact,exact,
P3,1320,0x0063DFE0,sub_63dfe0,270,1,3,unrecovered,,,2,exact,exact,
P3,1120,0x0063E0F0,sub_63e0f0,26,1,1,unrecovered,,,2,exact,exact,
P3,1220,0x0063E110,inflate,984,1,2,unrecovered,,,2,exact,exact,
P3,1020,0x0063E520,sub_63e520,20,1,0,unrecovered,,,2,exact,exact,
P3,3120,0x0063E540,sub_63e540,79,3,1,unrecovered,,,2,exact,exact,
P3,3120,0x0063E590,sub_63e590,79,3,1,unrecovered,,,2,exact,exact,
P3,310,0x0063E5E0,sub_63e5e0,253,0,3,unrecovered,,,1,missing,exact,
P3,1220,0x0063E6E0,sub_63e6e0,270,1,2,unrecovered,,,2,exact,exact,
P3,2020,0x0063E7F0,sub_63e7f0,44,2,0,unrecovered,,,2,exact,exact,
P3,2120,0x0063E820,sub_63e820,59,2,1,unrecovered,,,2,exact,exact,
P3,1020,0x0063E860,sub_63e860,238,1,0,unrecovered,,,2,exact,exact,
P3,1820,0x0063E950,sub_63e950,1711,1,8,unrecovered,,,2,exact,exact,
P3,1720,0x0063F000,sub_63f000,1495,1,7,unrecovered,,,2,exact,exact,
P3,1520,0x0063F5E0,sub_63f5e0,968,1,5,unrecovered,,,2,exact,exact,
P3,1020,0x0063F9B0,sub_63f9b0,194,1,0,unrecovered,,,2,exact,exact,
P3,3120,0x0063FA80,sub_63fa80,530,3,1,unrecovered,,,2,exact,exact,
P3,1420,0x0063FCA0,sub_63fca0,342,1,4,unrecovered,,,2,exact,exact,
P3,1320,0x0063FE00,sub_63fe00,477,1,3,unrecovered,,,2,exact,exact,
P3,1420,0x0063FFE0,sub_63ffe0,456,1,4,unrecovered,,,2,exact,exact,
P3,3020,0x006401B0,sub_6401b0,818,3,0,unrecovered,,,2,exact,exact,
P3,2020,0x006404F0,sub_6404f0,1362,2,0,unrecovered,,,2,exact,exact,
P3,120,0x00640A50,sub_640a50,19,0,1,unrecovered,,,2,exact,exact,
P3,110,0x00640A70,sub_640a70,12,0,1,unrecovered,,,1,exact,missing,
P3,1020,0x00640A80,sub_640a80,302,1,0,unrecovered,,,2,exact,exact,
P3,1220,0x00640BB0,sub_640bb0,114,1,2,unrecovered,,,2,exact,exact,
P3,1220,0x00640C30,sub_640c30,529,1,2,unrecovered,,,2,exact,exact,
P3,2020,0x00640E50,sub_640e50,102,2,0,unrecovered,,,2,exact,exact,
P3,2120,0x00640EC0,sub_640ec0,115,2,1,unrecovered,,,2,exact,exact,
P3,2120,0x00640F40,sub_640f40,179,2,1,unrecovered,,,2,exact,exact,
P3,1120,0x00641000,__tr_align,627,1,1,unrecovered,,,2,exact,exact,
P3,3820,0x00641280,__tr_flush_block,547,3,8,unrecovered,,,2,exact,exact,
P3,2320,0x006414B0,_build_tree,563,2,3,unrecovered,,,2,exact,exact,
P3,1020,0x006416F0,sub_6416f0,209,1,0,unrecovered,,,2,exact,exact,
P3,1020,0x006417D0,_gen_bitlen,545,1,0,unrecovered,,,2,exact,exact,
P3,1220,0x00641A00,sub_641a00,111,1,2,unrecovered,,,2,exact,exact,
P3,1020,0x00641A70,sub_641a70,231,1,0,unrecovered,,,2,exact,exact,
P3,1120,0x00641B60,_send_all_trees,613,1,1,unrecovered,,,2,exact,exact,
P3,1020,0x00641DD0,_send_tree,1397,1,0,unrecovered,,,2,exact,exact,
P3,2020,0x00642350,sub_642350,295,2,0,unrecovered,,,2,exact,exact,
P3,1020,0x00642480,_compress_block,1083,1,0,unrecovered,,,2,exact,exact,
P3,1020,0x006428C0,sub_6428c0,116,1,0,unrecovered,,,2,exact,exact,
P3,2020,0x00642940,sub_642940,31,2,0,unrecovered,,,2,exact,exact,
P3,1020,0x00642960,sub_642960,139,1,0,unrecovered,,,2,exact,exact,
P3,2020,0x006429F0,sub_6429f0,124,2,0,unrecovered,,,2,exact,exact,
P3,1120,0x00642A70,sub_642a70,151,1,1,unrecovered,,,2,exact,exact,
P3,4220,0x00642B10,sub_642b10,146,4,2,unrecovered,,,2,exact,exact,
P3,1120,0x00642BB0,sub_642bb0,110,1,1,unrecovered,,,2,exact,exact,
P3,1820,0x00642C20,_inflate_blocks,3309,1,8,unrecovered,,,2,exact,exact,
P3,1120,0x00643950,sub_643950,49,1,1,unrecovered,,,2,exact,exact,
P3,1220,0x00643990,sub_643990,85,1,2,unrecovered,,,2,exact,exact,
P3,3120,0x006439F0,_huft_build,1201,3,1,unrecovered,,,2,exact,exact,
P3,1220,0x00643EB0,sub_643eb0,232,1,2,unrecovered,,,2,exact,exact,
P3,1120,0x00643FA0,sub_643fa0,318,1,1,unrecovered,,,2,exact,exact,
P3,10,0x006440E0,sub_6440e0,24,0,0,unrecovered,,,1,exact,missing,
P2,5020,0x00644100,sub_644100,63,5,0,unrecovered,,,2,exact,exact,
P3,1020,0x00644140,sub_644140,57,1,0,unrecovered,,,2,exact,exact,
P3,1220,0x00644180,_inflate_codes,1894,1,2,unrecovered,,,2,exact,exact,
P3,2020,0x00644910,sub_644910,20,2,0,unrecovered,,,2,exact,exact,
P3,2020,0x00644930,sub_644930,306,2,0,unrecovered,,,2,exact,exact,
P3,1020,0x00644A70,_inflate_fast,834,1,0,unrecovered,,,2,exact,exact,
P0,1170420,0x00644EF2,_free,72,170,4,original_dependency,crt_ownership,replace_after_ownership_boundary,2,exact,exact,
P0,1401120,0x00645398,_atexit,18,401,1,original_dependency,crt_ownership,replace_after_exit_list_boundary,2,exact,exact,
P0,1115120,0x0064557F,??3@YAXPAX@Z,11,115,1,original_dependency,crt_ownership,replace_after_ownership_boundary,2,exact,exact,
P0,1027120,0x0064558A,??2@YAPAXI@Z,14,27,1,original_dependency,crt_ownership,replace_after_ownership_boundary,2,exact,exact,
P0,1012120,0x00645646,_fopen,19,12,1,original_dependency,crt_ownership,replace_after_file_boundary,2,exact,exact,
P0,1160221,0x006456E4,??_M@YGXPAXIHP6EX0@Z@Z,128,160,2,original_dependency,crt_ownership,replace_after_ownership_boundary,2,exact,start_only,"void (__stdcall ??_M@YGXPAXIHP6EX0@Z@Z)(void*, unsigned int size, int count, void (__thiscall *)(void*))"
P0,1132221,0x006457C2,??_L@YGXPAXIHP6EX0@Z1@Z,130,132,2,original_dependency,crt_ownership,replace_after_ownership_boundary,2,exact,start_only,"void (__stdcall ??_L@YGXPAXIHP6EX0@Z1@Z)(void*, unsigned int size, int count, void (__thiscall *)(void*), void (__thiscall *)(void*))"
P3,320,0x0064584D,sub_64584d,23,0,3,unrecovered,,,2,exact,exact,
P3,20,0x00645864,nullsub_18,1,0,0,unrecovered,,,2,exact,exact,
P0,1001120,0x00646010,_srand,13,1,1,original_dependency,crt_ownership,replace_with_owned_rng,2,exact,exact,
P0,1011321,0x0064603F,__fwrite,47,11,3,original_dependency,crt_ownership,replace_after_file_boundary,2,exact,exact,"int (__cdecl __fwrite)(void* Str, size_t Size, size_t Count, FILE* File)"
P0,1021321,0x00646178,__fread,47,21,3,original_dependency,crt_ownership,replace_after_file_boundary,2,exact,exact,"int (__cdecl __fread)(void* DstBuf, size_t ElementSize, size_t Count, FILE* File)"
P0,1001320,0x00646855,_fgetc,49,1,3,original_dependency,crt_ownership,replace_after_file_boundary,2,exact,exact,
P0,1001320,0x00646886,_fputc,59,1,3,original_dependency,crt_ownership,replace_after_file_boundary,2,exact,exact,
P0,1016120,0x006470A6,_malloc,18,16,1,original_dependency,crt_ownership,replace_after_ownership_boundary,2,exact,exact,
P3,1110,0x0064955B,sub_64955b,9,1,1,unrecovered,,,1,exact,missing,
P3,10,0x0064CB7A,sub_64cb7a,17,0,0,unrecovered,,,1,exact,missing,
P3,10,0x0064CB8B,sub_64cb8b,13,0,0,unrecovered,,,1,exact,missing,
P3,1120,0x0064D725,sub_64d725,22,1,1,unrecovered,,,2,exact,exact,
P3,1120,0x0064D73B,sub_64d73b,22,1,1,unrecovered,,,2,exact,exact,
P3,1220,0x0064D751,sub_64d751,45,1,2,unrecovered,,,2,exact,exact,
P3,1220,0x0064D77E,sub_64d77e,45,1,2,unrecovered,,,2,exact,exact,
P3,2020,0x0064F09C,sub_64f09c,3,2,0,unrecovered,,,2,exact,exact,
P3,20,0x0065BFB1,sub_65bfb1,11,0,0,unrecovered,,,2,exact,exact,
P3,20,0x0065BFBC,sub_65bfbc,11,0,0,unrecovered,,,2,exact,exact,
P3,20,0x0065BFC7,sub_65bfc7,11,0,0,unrecovered,,,2,exact,exact,
P3,20,0x0065BFD2,sub_65bfd2,11,0,0,unrecovered,,,2,exact,exact,
P3,20,0x0065BFDD,sub_65bfdd,8,0,0,unrecovered,,,2,exact,exact,
P3,20,0x0065BFE5,sub_65bfe5,14,0,0,unrecovered,,,2,exact,exact,
P3,20,0x0065BFF3,sub_65bff3,14,0,0,unrecovered,,,2,exact,exact,
P3,20,0x0065C001,sub_65c001,8,0,0,unrecovered,,,2,exact,exact,
P3,20,0x0065C009,sub_65c009,8,0,0,unrecovered,,,2,exact,exact,
P3,20,0x0065C011,sub_65c011,11,0,0,unrecovered,,,2,exact,exact,
P3,20,0x0065C01C,sub_65c01c,11,0,0,unrecovered,,,2,exact,exact,
P3,20,0x0065C027,sub_65c027,11,0,0,unrecovered,,,2,exact,exact,
P3,20,0x0065C032,sub_65c032,11,0,0,unrecovered,,,2,exact,exact,
P3,20,0x0065C03D,sub_65c03d,11,0,0,unrecovered,,,2,exact,exact,
P3,20,0x0065C048,sub_65c048,11,0,0,unrecovered,,,2,exact,exact,
P3,20,0x0065C053,sub_65c053,11,0,0,unrecovered,,,2,exact,exact,
P3,20,0x0065C05E,sub_65c05e,11,0,0,unrecovered,,,2,exact,exact,
P3,20,0x0065C069,sub_65c069,11,0,0,unrecovered,,,2,exact,exact,
P3,20,0x0065C074,sub_65c074,11,0,0,unrecovered,,,2,exact,exact,
P3,20,0x0065C07F,sub_65c07f,11,0,0,unrecovered,,,2,exact,exact,
P3,20,0x0065C08A,sub_65c08a,8,0,0,unrecovered,,,2,exact,exact,
P3,20,0x0065C092,sub_65c092,14,0,0,unrecovered,,,2,exact,exact,
P3,20,0x0065C0A0,sub_65c0a0,14,0,0,unrecovered,,,2,exact,exact,
P3,20,0x0065C0AE,sub_65c0ae,8,0,0,unrecovered,,,2,exact,exact,
P3,20,0x0065C0B6,sub_65c0b6,8,0,0,unrecovered,,,2,exact,exact,
P3,10,0x00664000,sub_664000,1787,0,0,unrecovered,,,1,exact,missing,
P3,1020,0x006646FB,sub_6646fb,232,1,0,unrecovered,,,2,exact,exact,
P3,10,0x006647F0,sub_6647f0,1377,0,0,unrecovered,,,1,exact,missing,
P3,1020,0x00664D51,sub_664d51,242,1,0,unrecovered,,,2,exact,exact,
P3,10,0x00664E50,sub_664e50,1787,0,0,unrecovered,,,1,exact,missing,
P3,1020,0x0066554B,sub_66554b,232,1,0,unrecovered,,,2,exact,exact,
P3,10,0x00665640,sub_665640,1377,0,0,unrecovered,,,1,exact,missing,
P3,1020,0x00665BA1,sub_665ba1,242,1,0,unrecovered,,,2,exact,exact,
P3,10,0x00665CA0,sub_665ca0,1775,0,0,unrecovered,,,1,exact,missing,
P3,1020,0x0066638F,sub_66638f,168,1,0,unrecovered,,,2,exact,exact,
P3,10,0x00666440,sub_666440,1353,0,0,unrecovered,,,1,exact,missing,
P3,1020,0x00666989,sub_666989,244,1,0,unrecovered,,,2,exact,exact,
P3,10,0x00666A80,sub_666a80,1256,0,0,unrecovered,,,1,exact,missing,
P3,4020,0x00666F68,sub_666f68,89,4,0,unrecovered,,,2,exact,exact,
P3,10,0x00667380,sub_667380,1775,0,0,unrecovered,,,1,exact,missing,
P3,1020,0x00667A6F,sub_667a6f,168,1,0,unrecovered,,,2,exact,exact,
P3,10,0x00667B20,sub_667b20,1353,0,0,unrecovered,,,1,exact,missing,
P3,1020,0x00668069,sub_668069,244,1,0,unrecovered,,,2,exact,exact,
