address,name,shape
0x00401060,?close@StringStruct@@QAEXXZ,loop
0x00401560,?seek_id@StringStruct@@QAEHH@Z,loop
0x00401640,?current_id@StringStruct@@QAEHXZ,straight_line
0x00402500,?next_entry@StringStruct@@QAEHXZ,straight_line
0x00402530,?current_entry@StringStruct@@QAEHXZ,straight_line
0x00402970,StringStruct::remove_all,loop
0x00402F10,??__Eg_ALPHAMENU_WAVE@@YAXXZ,seam_forwarding
0x00402F30,??__Fg_ALPHAMENU_WAVE@@YAXXZ,seam_forwarding
0x00403610,?requested_height@AlphaMenu@@QAEHXZ,straight_line
0x004041C0,?on_modal@AlphaMovie@@QAE_NXZ,straight_line
0x00404210,?on_key_click@AlphaMovie@@QAEHHH@Z,straight_line
0x00404220,?UNK2@AlphaMovie@@QAEHHHH@Z,straight_line
0x00404230,?UNK3@AlphaMovie@@QAEHH@Z,straight_line
0x00404240,?UNK4@AlphaMovie@@QAEHHHHH@Z,straight_line
0x00404250,?UNK5@AlphaMovie@@QAEHH@Z,straight_line
0x00404260,?UNK6@AlphaMovie@@QAEXHH@Z,straight_line
0x00404270,?UNK6@AlphaMovie@@QAEXH@Z,straight_line
0x00404280,?UNK7@AlphaMovie@@QAEXXZ,straight_line
0x004042A0,?UNK8@AlphaMovie@@QAEHHH@Z,straight_line
0x004043A0,??_GAlphaMovie@@UAEPAXI@Z,straight_line
0x00404420,sub_404420,loop
0x00404430,??3AlphaMovie@@SAXPAXI@Z,loop
0x00404440,??__Eg_UNUSED_SPRITE_VAR02@@YAXXZ,seam_forwarding
0x00404460,??__Fg_UNUSED_SPRITE_VAR02@@YAXXZ,seam_forwarding
0x00404470,??__Eg_UNUSED_SPRITE_VAR11@@YAXXZ,seam_forwarding
0x00404490,??__Fg_UNUSED_SPRITE_VAR11@@YAXXZ,seam_forwarding
0x004044A0,??__Eg_UNUSED_SPRITE_VAR06@@YAXXZ,seam_forwarding
0x004044C0,??__Fg_UNUSED_SPRITE_VAR06@@YAXXZ,seam_forwarding
0x004044D0,??__Eg_UNUSED_SPRITE_VAR09@@YAXXZ,seam_forwarding
0x004044F0,??__Fg_UNUSED_SPRITE_VAR09@@YAXXZ,seam_forwarding
0x00404500,??__Eg_UNUSED_SPRITE_VAR21@@YAXXZ,seam_forwarding
0x00404520,??__Fg_UNUSED_SPRITE_VAR21@@YAXXZ,seam_forwarding
0x00404530,??__Eg_UNUSED_SPRITE_VAR05@@YAXXZ,seam_forwarding
0x00404550,??__Fg_UNUSED_SPRITE_VAR05@@YAXXZ,seam_forwarding
0x00404560,??__Eg_UNUSED_SPRITE_VAR08@@YAXXZ,seam_forwarding
0x00404580,??__Fg_UNUSED_SPRITE_VAR08@@YAXXZ,seam_forwarding
0x00404590,??__Eg_UNUSED_SPRITE_VAR04@@YAXXZ,seam_forwarding
0x004045B0,??__Fg_UNUSED_SPRITE_VAR04@@YAXXZ,seam_forwarding
0x004045C0,??__Eg_UNUSED_SPRITE_VAR01@@YAXXZ,seam_forwarding
0x004045E0,??__Fg_UNUSED_SPRITE_VAR01@@YAXXZ,seam_forwarding
0x004045F0,??__Eg_UNUSED_SPRITE_VAR18@@YAXXZ,seam_forwarding
0x00404610,??__Fg_UNUSED_SPRITE_VAR18@@YAXXZ,seam_forwarding
0x00404620,??__Eg_UNUSED_SPRITE_VAR03@@YAXXZ,seam_forwarding
0x00404640,??__Fg_UNUSED_SPRITE_VAR03@@YAXXZ,seam_forwarding
0x00404650,??__Eg_UNUSED_SPRITE_VAR20@@YAXXZ,seam_forwarding
0x00404670,??__Fg_UNUSED_SPRITE_VAR20@@YAXXZ,seam_forwarding
0x00404680,??__Eg_UNUSED_SPRITE_VAR16@@YAXXZ,seam_forwarding
0x004046A0,??__Fg_UNUSED_SPRITE_VAR16@@YAXXZ,seam_forwarding
0x004046B0,??__Eg_UNUSED_SPRITE_VAR14@@YAXXZ,seam_forwarding
0x004046D0,??__Fg_UNUSED_SPRITE_VAR14@@YAXXZ,seam_forwarding
0x004046E0,??__Eg_UNUSED_SPRITE_VAR22@@YAXXZ,seam_forwarding
0x00404700,??__Fg_UNUSED_SPRITE_VAR22@@YAXXZ,seam_forwarding
0x00404710,??__Eg_UNUSED_SPRITE_VAR10@@YAXXZ,seam_forwarding
0x00404730,??__Fg_UNUSED_SPRITE_VAR10@@YAXXZ,seam_forwarding
0x00404740,??__Eg_UNUSED_SPRITE_VAR15@@YAXXZ,seam_forwarding
0x00404760,??__Fg_UNUSED_SPRITE_VAR15@@YAXXZ,seam_forwarding
0x00404770,??__Eg_UNUSED_SPRITE_VAR13@@YAXXZ,seam_forwarding
0x00404790,??__Fg_UNUSED_SPRITE_VAR13@@YAXXZ,seam_forwarding
0x004047A0,??__Eg_UNUSED_SPRITE_VAR17@@YAXXZ,seam_forwarding
0x004047C0,??__Fg_UNUSED_SPRITE_VAR17@@YAXXZ,seam_forwarding
0x004047D0,??__Eg_UNUSED_SPRITE_VAR19@@YAXXZ,seam_forwarding
0x004047F0,??__Fg_UNUSED_SPRITE_VAR19@@YAXXZ,seam_forwarding
0x00404800,??__Eg_UNUSED_SPRITE_VAR12@@YAXXZ,seam_forwarding
0x00404820,??__Fg_UNUSED_SPRITE_VAR12@@YAXXZ,seam_forwarding
0x00404830,??__Eg_UNUSED_SPRITE_VAR07@@YAXXZ,seam_forwarding
0x00404850,??__Fg_UNUSED_SPRITE_VAR07@@YAXXZ,seam_forwarding
0x00404900,?close@Popup@@QAEXXZ,straight_line
0x00404F80,?on_redraw_nc@Popup@@QAEXPAURECT@@H@Z,straight_line
0x00405020,?on_adjust_button_width@Popup@@QAEXXZ,straight_line
0x00405B10,?on_dialog_back_draw@Popup@@QAEHPAUGraphicWin@@@Z,straight_line
0x004066C0,sub_4066c0,loop
0x00406820,sub_406820,straight_line
0x00406840,sub_406840,straight_line
0x00406880,??1FlatButton@@QAE@XZ,loop
0x004068E0,??_GFlatButton@@UAEPAXI@Z,straight_line
0x00406910,??1Dialogs@@QAE@XZ,loop
0x00406A80,sub_406a80,straight_line
0x00406AF0,sub_406af0,straight_line
0x00406B20,nullsub_27,straight_line
0x00406B30,sub_406b30,straight_line
0x00406B40,??_GBasePop@@UAEPAXI@Z,straight_line
0x00406BD0,??_GPopup@@UAEPAXI@Z,straight_line
0x00406E60,??1Scroll@@QAE@XZ,loop
0x00406F20,??_GScroll@@UAEPAXI@Z,straight_line
0x00406F50,??1thunk1_RadioButton@@QAE@H@Z,straight_line
0x00406FF0,?on_redraw@thunk1_RadioButton@@QAEXXZ,straight_line
0x00407000,?on_mouse_move@thunk1_RadioButton@@QAEXHH@Z,straight_line
0x00407010,?on_mouse_leave@thunk1_RadioButton@@QAEXHH@Z,straight_line
0x00407020,?on_left_down@thunk1_RadioButton@@QAEXHH@Z,straight_line
0x00407030,?on_key_down@thunk1_RadioButton@@QAEHH@Z,straight_line
0x00407040,?on_left_double_click@thunk1_RadioButton@@QAEXHH@Z,straight_line
0x00407050,?on_dialog_focus@thunk1_RadioButton@@QAEXH@Z,straight_line
0x00407060,??1thunk2_RadioButton@@QAE@H@Z,loop
0x00407080,??1thunk3_RadioButton@@QAE@H@Z,loop
0x00407090,?attach@thunk1_RadioButton@@QAEHPAUGraphicWin@@HHH@Z,straight_line
0x004070A0,?on_redraw@thunk3_RadioButton@@QAEXXZ,straight_line
0x004070B0,??3BasePop@@SAXPAXI@Z,loop
0x004070C0,??3Scroll@@SAXPAXI@Z,loop
0x004070D0,??3Popup@@SAXPAXI@Z,loop
0x004070E0,??3FlatButton@@SAXPAXI@Z,loop
0x004070F0,??_Gthunk1_Dialogs@@UAEPAXI@Z,straight_line
0x00407100,??_GDialogs@@UAEPAXI@Z,straight_line
0x00407150,?on_scroll_create@thunk1_Dialogs@@QAEXXZ,straight_line
0x00407160,?on_scroll_delete@thunk1_Dialogs@@QAEHPAUScroll@@@Z,straight_line
0x00407170,?on_redraw@thunk1_Dialogs@@QAEXXZ,straight_line
0x00407180,?on_mousewheel@thunk1_Dialogs@@QAEXH@Z,straight_line
0x00407190,?on_mouse_move@thunk1_Dialogs@@QAEXHH@Z,straight_line
0x004071A0,?on_mouse_leave@thunk1_Dialogs@@QAEXHH@Z,straight_line
0x004071B0,?on_left_click@thunk1_Dialogs@@QAEXHH@Z,straight_line
0x004071C0,?on_left_down@thunk1_Dialogs@@QAEXHH@Z,straight_line
0x004071D0,?on_left_up@thunk1_Dialogs@@QAEXHH@Z,straight_line
0x004071E0,?on_right_click@thunk1_Dialogs@@QAEXHH@Z,straight_line
0x004071F0,?on_right_down@thunk1_Dialogs@@QAEXHH@Z,straight_line
0x00407200,?on_right_up@thunk1_Dialogs@@QAEXHH@Z,straight_line
0x00407210,?on_key_down@thunk1_Dialogs@@QAEHH@Z,straight_line
0x00407220,?on_left_double_click@thunk1_Dialogs@@QAEXHH@Z,straight_line
0x00407230,?on_right_double_click@thunk1_Dialogs@@QAEXHH@Z,straight_line
0x00407240,?on_scrolled@thunk1_Dialogs@@QAEXHH@Z,straight_line
0x00407250,?on_scrolling@thunk1_Dialogs@@QAEXHH@Z,straight_line
0x00407260,?on_dialog_focus@thunk1_Dialogs@@QAEXH@Z,straight_line
0x00407270,?pass_dialog_focus@thunk1_Dialogs@@QAEXXZ,straight_line
0x00407280,??_Gthunk2_Dialogs@@UAEPAXI@Z,loop
0x004072A0,??_Gthunk3_Dialogs@@UAEPAXI@Z,loop
0x004072B0,?attach@thunk1_Dialogs@@QAEHPAUGraphicWin@@HHH@Z,straight_line
0x004072C0,?on_redraw@thunk3_Dialogs@@QAEXXZ,straight_line
0x00408080,??_GEditBox@@UAEPAXI@Z,straight_line
0x004080B0,sub_4080b0,straight_line
0x00408140,??_GAlphaSave@@UAEPAXI@Z,straight_line
0x00408390,??3AlphaSave@@SAXPAXI@Z,loop
0x004083A0,??3EditBox@@SAXPAXI@Z,loop
0x004083B0,??__Eg_BASEWIN@@YAXXZ,seam_forwarding
0x004083D0,??__Fg_BASEWIN@@YAXXZ,seam_forwarding
0x004083E0,??__Eg_BASEWIN_WAVE@@YAXXZ,seam_forwarding
0x00408400,??__Fg_BASEWIN_WAVE@@YAXXZ,seam_forwarding
0x00408470,sub_408470,straight_line
0x00408710,?close@BaseWin@@QAEXXZ,straight_line
0x00416DD0,?UNK4@BaseWin@@QAEXXZ,straight_line
0x0041A610,?UNK5@BaseWin@@QAEXH@Z,straight_line
0x0041AF20,?UNK6@BaseWin@@QAEXXZ,straight_line
0x0041AF30,?UNK7@BaseWin@@QAEXXZ,straight_line
0x0041AF40,?timer_callback@BaseWin@@QAAXHH@Z,straight_line
0x0041AF70,?on_left_click@BaseWin@@QAEXHH@Z,straight_line
0x0041AF90,?on_right_click@BaseWin@@QAEXHH@Z,straight_line
0x0041AFB0,?on_left_double_click@BaseWin@@QAEXHH@Z,straight_line
0x0041B1E0,?on_mouse_leave@BaseWin@@QAEXHH@Z,straight_line
0x0041B4C0,?on_scrolling@BaseWin@@QAEXHH@Z,straight_line
0x0041B4E0,?on_button_toggled@BaseWin@@QAEXHH@Z,straight_line
0x0041DC80,?on_iface_scrolled@BaseWin@@QAEXHH@Z,straight_line
0x0041DCB0,?on_iface_scrolling@BaseWin@@QAEXHH@Z,straight_line
0x0041DCD0,?on_iface_left_click@BaseWin@@QAEXHH@Z,straight_line
0x0041DCF0,?on_iface_right_click@BaseWin@@QAEXHH@Z,straight_line
0x0041DF40,?on_iface_right_down@BaseWin@@QAEXHH@Z,straight_line
0x0041E4C0,?on_iface_selected@BaseWin@@QAEXHH@Z,straight_line
0x0041E4D0,?on_iface_left_double_click@BaseWin@@QAEXHH@Z,straight_line
0x0041E4F0,?on_iface_right_double_click@BaseWin@@QAEXHH@Z,straight_line
0x004213A0,??_GProdPicker@@UAEPAXI@Z,straight_line
0x004213D0,??_GBaseWin@@UAEPAXI@Z,straight_line
0x00421640,??_GPopMenu@@UAEPAXI@Z,straight_line
0x00421670,?has_fac@@YA_NHHH@Z,loop
0x00421810,??3BaseWin@@SAXPAXI@Z,loop
0x00421820,??_Gthunk1_MapWin@@UAEPAXI@Z,straight_line
0x00421870,?on_lose_mouse_capture@thunk1_MapWin@@QAEXXZ,straight_line
0x00421880,?on_redraw@thunk1_MapWin@@QAEXXZ,straight_line
0x00421890,?on_resize@thunk1_MapWin@@QAEXHH@Z,straight_line
0x004218A0,?on_sys_close@thunk1_MapWin@@QAEXXZ,straight_line
0x004218B0,?on_mouse_move@thunk1_MapWin@@QAEXHH@Z,straight_line
0x004218C0,?on_left_click@thunk1_MapWin@@QAEXHH@Z,straight_line
0x004218D0,?on_left_down@thunk1_MapWin@@QAEXHH@Z,straight_line
0x004218E0,?on_left_up@thunk1_MapWin@@QAEXHH@Z,straight_line
0x004218F0,?on_right_click@thunk1_MapWin@@QAEXHH@Z,straight_line
0x00421900,?on_right_down@thunk1_MapWin@@QAEXHH@Z,straight_line
0x00421910,?on_left_double_click@thunk1_MapWin@@QAEXHH@Z,straight_line
0x00421920,?on_nc_left_down@thunk1_MapWin@@QAEXHH@Z,straight_line
0x00421930,?on_button_clicked@thunk1_MapWin@@QAEXH@Z,straight_line
0x00421940,?on_nc_hittest@thunk1_MapWin@@QAEXHH@Z,straight_line
0x00421950,??_Gthunk2_MapWin@@UAEPAXI@Z,loop
0x00421970,??3ProdPicker@@SAXPAXI@Z,loop
0x00421980,PopMenu::delete1,loop
0x00421990,PopMenu::delete2,loop
0x004219A0,PopMenu::delete3,loop
0x004219B0,??__Eg_BattleWin@@YAXXZ,seam_forwarding
0x004219D0,??__Fg_BattleWin@@YAXXZ,seam_forwarding
0x00422E10,?on_iface_left_click@BattleWin@@QAEXHH@Z,straight_line
0x00422E20,?on_iface_right_click@BattleWin@@QAEXHH@Z,straight_line
0x00422E70,?on_iface_right_down@BattleWin@@QAEXHH@Z,straight_line
0x00422E80,?on_iface_mouse_move@BattleWin@@QAEXHH@Z,straight_line
0x00422E90,?on_iface_mouse_leave@BattleWin@@QAEXHH@Z,straight_line
0x00422EA0,?on_iface_selected@BattleWin@@QAEXHH@Z,straight_line
0x00422EB0,?timer_callback_daemon@BattleWin@@QAAXHH@Z,straight_line
0x00422EC0,?timer_callback_daemon@BattleWin@@QAAXH@Z,straight_line
0x00422ED0,??1BattleWin@@QAE@XZ,straight_line
0x00422F00,?range@@YAHHHH@Z,straight_line
0x004243A0,??__Eg_COUNCWIN@@YAXXZ,seam_forwarding
0x004243C0,??__Fg_COUNCWIN@@YAXXZ,seam_forwarding
0x00426EB0,?on_group_clicked@CouncWin@@QAEXHH@Z,straight_line
0x00426F80,?on_button_passover@CouncWin@@QAEXHH@Z,straight_line
0x00426F90,?on_button_text_draw@CouncWin@@QAEHPAUGraphicWin@@PADH@Z,straight_line
0x00427060,?on_iface_left_click@CouncWin@@QAEXHH@Z,straight_line
0x00427070,?on_iface_right_click@CouncWin@@QAEXHH@Z,straight_line
0x00427080,?on_iface_left_down@CouncWin@@QAEXHH@Z,straight_line
0x00427090,?on_iface_right_down@CouncWin@@QAEXHH@Z,straight_line
0x004270A0,?on_iface_mouse_move@CouncWin@@QAEXHH@Z,straight_line
0x004270B0,?on_iface_mouse_leave@CouncWin@@QAEXHH@Z,straight_line
0x004270C0,?on_iface_selected@CouncWin@@QAEXHH@Z,straight_line
0x004270D0,?on_iface_left_double_click@CouncWin@@QAEXHH@Z,straight_line
0x004270E0,?on_iface_right_double_click@CouncWin@@QAEXHH@Z,straight_line
0x00427110,?on_iface_button_toggled@CouncWin@@QAEXHH@Z,straight_line
0x00427120,?on_iface_group_clicked@CouncWin@@QAEXHHH@Z,straight_line
0x00428710,??_GCouncWin@@UAEPAXI@Z,straight_line
0x00428740,??3CouncWin@@SAXPAXI@Z,loop
0x00428750,??__Eg_CREDITS_WAVE@@YAXXZ,seam_forwarding
0x00428770,??__Fg_CREDITS_WAVE@@YAXXZ,seam_forwarding
0x00428D60,?on_key_click@Credits@@QAEXHH@Z,straight_line
0x00428D70,?on_left_click@Credits@@QAEXHH@Z,straight_line
0x00428D80,?on_left_down@Credits@@QAEXHH@Z,straight_line
0x00428D90,?on_right_down@Credits@@QAEXHH@Z,straight_line
0x00428DA0,?on_mouse_move@Credits@@QAEXHH@Z,straight_line
0x00428DB0,?on_button_clicked@Credits@@QAEXH@Z,straight_line
0x00428E60,??_GCredits@@UAEPAXI@Z,straight_line
0x00428F80,??3Credits@@SAXPAXI@Z,loop
0x00428F90,??__Eg_DATALINK@@YAXXZ,seam_forwarding
0x00428FB0,??__Fg_DATALINK@@YAXXZ,seam_forwarding
0x0042A020,?UNK1@Datalink@@QAEHHH@Z,straight_line
0x0042A040,?parse_id@Datalink@@QAEXHPAUDatalinkID@@PAH@Z,straight_line
0x0042BD20,?close@Datalink@@QAEXXZ,straight_line
0x0042BEA0,?UNK6@Datalink@@QAEXXZ,straight_line
0x0042BF00,?UNK8@Datalink@@QAEXXZ,straight_line
0x00431DB0,?UNK9@Datalink@@QAEXXZ,straight_line
0x00431EB0,?on_left_click@Datalink@@QAEXHH@Z,straight_line
0x00431FB0,?on_group_clicked@Datalink@@QAEXHH@Z,straight_line
0x00432000,?on_mouse_move@Datalink@@QAEXHH@Z,straight_line
0x00432160,?on_iface_left_click@Datalink@@QAEXHH@Z,straight_line
0x00432170,?on_iface_right_click@Datalink@@QAEXHH@Z,straight_line
0x00432180,?on_iface_left_down@Datalink@@QAEXHH@Z,straight_line
0x00432190,?on_iface_right_down@Datalink@@QAEXHH@Z,straight_line
0x004321A0,?on_iface_mouse_move@Datalink@@QAEXHH@Z,straight_line
0x004321B0,?on_iface_mouse_leave@Datalink@@QAEXHH@Z,straight_line
0x004321C0,?on_iface_selected@Datalink@@QAEXHH@Z,straight_line
0x004321D0,?on_iface_left_double_click@Datalink@@QAEXHH@Z,straight_line
0x004321E0,?on_iface_right_double_click@Datalink@@QAEXHH@Z,straight_line
0x004321F0,?on_iface_button_clicked@Datalink@@QAEXH@Z,straight_line
0x00432200,?on_iface_button_toggled@Datalink@@QAEXHH@Z,straight_line
0x00432770,??_GStringBox@@UAEPAXI@Z,straight_line
0x00432800,??_GDatalink@@UAEPAXI@Z,straight_line
0x00432830,??3StringBox@@SAXPAXI@Z,loop
0x00432840,??3Datalink@@SAXPAXI@Z,loop
0x00432850,??__Eg_DESIGNWIN@@YAXXZ,seam_forwarding
0x00432870,??__Fg_DESIGNWIN@@YAXXZ,seam_forwarding
0x00432880,??__Eg_DESIGNWIN_WAVE@@YAXXZ,seam_forwarding
0x004328A0,??__Fg_DESIGNWIN_WAVE@@YAXXZ,seam_forwarding
0x00432970,?close@SelectPartWin@@QAEXXZ,straight_line
0x00433F50,?on_scrolling@SelectPartWin@@QAEXHH@Z,straight_line
0x004345C0,?UNK1@DesignWin@@QAEXXZ,straight_line
0x00437BE0,?on_mouse_leave@DesignWin@@QAEXHH@Z,straight_line
0x0043D330,?on_iface_left_down@DesignWin@@QAEXHH@Z,straight_line
0x0043D340,?on_iface_right_down@DesignWin@@QAEXHH@Z,straight_line
0x0043D400,?on_iface_selected@DesignWin@@QAEXHH@Z,straight_line
0x0043D410,?on_iface_left_double_click@DesignWin@@QAEXHH@Z,straight_line
0x0043D420,?on_iface_right_double_click@DesignWin@@QAEXHH@Z,straight_line
0x0043D470,?on_iface_button_toggled@DesignWin@@QAEXHH@Z,straight_line
0x0043D480,?on_iface_group_clicked@DesignWin@@QAEXHHH@Z,straight_line
0x0043EDB0,??_GDesignWin@@UAEPAXI@Z,straight_line
0x0043EDE0,??_GSelectPartWin@@UAEPAXI@Z,straight_line
0x0043EF70,?start@Popup@@QAEXPADPBDHPADH@Z,straight_line
0x0043EFA0,??3DesignWin@@SAXPAXI@Z,loop
0x0043EFB0,??3SelectPartWin@@SAXPAXI@Z,loop
0x0043EFC0,??__Eg_DIPLOPOP@@YAXXZ,seam_forwarding
0x0043EFE0,??__Fg_DIPLOPOP@@YAXXZ,seam_forwarding
0x004404C0,?on_iface_left_click@DiploPop@@QAEXHH@Z,straight_line
0x004404D0,?on_iface_right_click@DiploPop@@QAEXHH@Z,straight_line
0x004404E0,?on_iface_left_down@DiploPop@@QAEXHH@Z,straight_line
0x004404F0,?on_iface_right_down@DiploPop@@QAEXHH@Z,straight_line
0x00440500,?on_iface_mouse_move@DiploPop@@QAEXHH@Z,straight_line
0x00440510,?on_iface_mouse_leave@DiploPop@@QAEXHH@Z,straight_line
0x00440520,?on_iface_selected@DiploPop@@QAEXHH@Z,straight_line
0x00440530,?on_iface_left_double_click@DiploPop@@QAEXHH@Z,straight_line
0x00440540,?on_iface_right_double_click@DiploPop@@QAEXHH@Z,straight_line
0x00440610,?on_iface_button_toggled@DiploPop@@QAEXHH@Z,straight_line
0x00440EC0,??_GDiploPop@@UAEPAXI@Z,straight_line
0x00440EF0,??3DiploPop@@SAXPAXI@Z,loop
0x00440F00,??__Eg_DIPLOWIN@@YAXXZ,seam_forwarding
0x00440F20,??__Fg_DIPLOWIN@@YAXXZ,seam_forwarding
0x004413B0,?UNK2@DiploWin@@QAEXXZ,straight_line
0x004413C0,?UNK3@DiploWin@@QAEXH@Z,straight_line
0x004429F0,?UNK4@DiploWin@@QAEXH@Z,straight_line
0x00442A00,?UNK5@DiploWin@@QAEXXZ,straight_line
0x00443D80,?on_iface_left_click@DiploWin@@QAEXHH@Z,straight_line
0x00443D90,?on_iface_left_up@DiploWin@@QAEXHH@Z,straight_line
0x00443DA0,?on_iface_right_click@DiploWin@@QAEXHH@Z,straight_line
0x00443DB0,?on_iface_left_down@DiploWin@@QAEXHH@Z,straight_line
0x00443DC0,?on_iface_right_down@DiploWin@@QAEXHH@Z,straight_line
0x00443DD0,?on_iface_mouse_move@DiploWin@@QAEXHH@Z,straight_line
0x00443DE0,?on_iface_mouse_leave@DiploWin@@QAEXHH@Z,straight_line
0x00443DF0,?on_iface_selected@DiploWin@@QAEXHH@Z,straight_line
0x00443E00,?on_iface_left_double_click@DiploWin@@QAEXHH@Z,straight_line
0x00443E10,?on_iface_right_double_click@DiploWin@@QAEXHH@Z,straight_line
0x00443E20,?on_iface_button_clicked@DiploWin@@QAEXH@Z,straight_line
0x00443E30,?on_iface_button_toggled@DiploWin@@QAEXHH@Z,straight_line
0x00443E40,?on_iface_dialog_back_draw@DiploWin@@QAEHH@Z,straight_line
0x00445080,??_GDiploWin@@UAEPAXI@Z,straight_line
0x00445120,??3DiploWin@@SAXPAXI@Z,loop
0x00445440,?energy_limit@@YAHH@Z,straight_line
0x00445450,??__Eg_CPU_WAVES@@YAXXZ,seam_forwarding
0x00445480,??__Fg_CPU_WAVES@@YAXXZ,seam_forwarding
0x004454A0,??__Eg_MENU_UP_WAVE@@YAXXZ,seam_forwarding
0x004454C0,??__Fg_MENU_UP_WAVE@@YAXXZ,seam_forwarding
0x004454D0,??__Eg_MENU_DOWN_WAVE@@YAXXZ,seam_forwarding
0x004454F0,??__Fg_MENU_DOWN_WAVE@@YAXXZ,seam_forwarding
0x00445500,??__Eg_SCOOT_WAVE@@YAXXZ,seam_forwarding
0x00445520,??__Fg_SCOOT_WAVE@@YAXXZ,seam_forwarding
0x00445530,??__Eg_OK_WAVE@@YAXXZ,seam_forwarding
0x00445550,??__Fg_OK_WAVE@@YAXXZ,seam_forwarding
0x00445560,??__Eg_PASSOVER_WAVE@@YAXXZ,seam_forwarding
0x00445580,??__Fg_PASSOVER_WAVE@@YAXXZ,seam_forwarding
0x00445590,??__Eg_FX@@YAXXZ,seam_forwarding
0x004455B0,??__Fg_FX@@YAXXZ,seam_forwarding
0x004455C0,??__Eg_AMBIENCE@@YAXXZ,seam_forwarding
0x004455E0,??__Fg_AMBIENCE@@YAXXZ,seam_forwarding
0x004456A0,?passover_callback@@YAXXZ,straight_line
0x004456B0,?popup_wave_callback@@YAXPAUPopupWave@@H@Z,straight_line
0x004471F0,??0FactionAmbience@@QAE@XZ,straight_line
0x00447220,?begin@FactionAmbience@@QAEXXZ,straight_line
0x00447230,?tech@FactionAmbience@@QAEXXZ,straight_line
0x00447240,?terraform@FactionAmbience@@QAEXXZ,straight_line
0x00447250,?production@FactionAmbience@@QAEXXZ,straight_line
0x00447260,?general@FactionAmbience@@QAEXXZ,straight_line
0x00447270,?basewin_show@FactionAmbience@@QAEXXZ,straight_line
0x00447280,?basewin_hide@FactionAmbience@@QAEXXZ,straight_line
0x00447290,?design_window_show@FactionAmbience@@QAEXXZ,straight_line
0x004472A0,?design_window_hide@FactionAmbience@@QAEXXZ,straight_line
0x004472B0,?new_base@FactionAmbience@@QAEXXZ,straight_line
0x004472C0,?popup1@FactionAmbience@@QAEXXZ,straight_line
0x004472D0,?eot@FactionAmbience@@QAEXXZ,straight_line
0x004472E0,?hostility@FactionAmbience@@QAEXXZ,straight_line
0x004472F0,?energy_resources@FactionAmbience@@QAEXXZ,straight_line
0x00447300,?base_liberated@FactionAmbience@@QAEXXZ,straight_line
0x00447310,??0MAmbience@@QAE@XZ,straight_line
0x00447690,?tech@UAmbience@@QAEXXZ,straight_line
0x004476A0,?popup1@UAmbience@@QAEXXZ,straight_line
0x004476B0,?eot@UAmbience@@QAEXXZ,straight_line
0x004476E0,?tech@SAmbience@@QAEXXZ,straight_line
0x00447850,??0SAmbience@@QAE@XZ,straight_line
0x00447AB0,?design_window_show@BAmbience@@QAEXXZ,straight_line
0x00447B90,??0GAmbience@@QAE@XZ,straight_line
0x00447BE0,?basewin_show@GAmbience@@QAEXXZ,straight_line
0x00447BF0,?basewin_hide@GAmbience@@QAEXXZ,straight_line
0x00447C60,?tech@GAmbience@@QAEXXZ,straight_line
0x00447CA0,?production@GAmbience@@QAEXXZ,straight_line
0x00447CB0,?popup1@GAmbience@@QAEXXZ,straight_line
0x00447CC0,?eot@GAmbience@@QAEXXZ,straight_line
0x00448280,?tech@AAmbience@@QAEXXZ,straight_line
0x00448290,??1FX@@QAE@XZ,straight_line
0x004482A0,??0FX@@QAE@XZ,straight_line
0x004482F0,sub_4482f0,straight_line
0x00448310,sub_448310,straight_line
0x00448320,sub_448320,straight_line
0x00448330,sub_448330,straight_line
0x00448350,??_GEffect@@UAEPAXI@Z,straight_line
0x00448380,sub_448380,straight_line
0x00448390,sub_448390,straight_line
0x004483D0,??__Eg_FAMEWIN@@YAXXZ,seam_forwarding
0x004483F0,??__Fg_FAMEWIN@@YAXXZ,seam_forwarding
0x0044B300,??_GFameWin@@UAEPAXI@Z,straight_line
0x0044B330,??3FameWin@@SAXPAXI@Z,loop
0x0044C820,nullsub_3,straight_line
0x0044C850,nullsub_191,straight_line
0x0044C870,sub_44c870,straight_line
0x0044C880,?help_tech@@YAXH@Z,straight_line
0x0044C8A0,nullsub_226,straight_line
0x0044C8B0,nullsub_227,straight_line
0x0044C8C0,sub_44c8c0,straight_line
0x0044C8D0,nullsub_229,straight_line
0x0044C8E0,nullsub_230,straight_line
0x0044C8F0,nullsub_231,straight_line
0x0044C900,nullsub_232,straight_line
0x0044C910,?help_weapon@@YAXH@Z,straight_line
0x0044C930,nullsub_233,straight_line
0x0044C940,?help_armor@@YAXH@Z,straight_line
0x0044C960,nullsub_234,straight_line
0x0044C970,sub_44c970,straight_line
0x0044C980,?help_chassis@@YAXH@Z,straight_line
0x0044C9A0,nullsub_235,straight_line
0x0044C9B0,?help_facility@@YAXH@Z,straight_line
0x0044C9D0,nullsub_236,straight_line
0x0044CA00,nullsub_237,straight_line
0x0044CA10,?help_abil@@YAXH@Z,straight_line
0x0044CA30,nullsub_238,straight_line
0x0044CA40,?help_social@@YAXH@Z,straight_line
0x0044CA60,nullsub_239,straight_line
0x0044CA70,?help_faction@@YAXH@Z,straight_line
0x0044CAC0,nullsub_240,straight_line
0x0044CAD0,?help_veh@@YAXH@Z,straight_line
0x0044CAF0,nullsub_241,straight_line
0x0044CB00,nullsub_242,straight_line
0x0044CB10,nullsub_243,straight_line
0x0044CB20,nullsub_244,straight_line
0x0044CB60,?help_topic@@YAXIH@Z,straight_line
0x0044CC20,??__Eg_PCX_PARSE_TEMP_BUFFER1@@YAXXZ,seam_forwarding
0x0044CC40,??__Fg_PCX_PARSE_TEMP_BUFFER1@@YAXXZ,seam_forwarding
0x0044CC50,??__EFactionArt@@YAXXZ,seam_forwarding
0x0044CC80,??__FFactionArt@@YAXXZ,seam_forwarding
0x0044CCA0,??__Eg_IFACE_CLOSE_X_SPRITES@@YAXXZ,seam_forwarding
0x0044CCD0,??__Fg_IFACE_CLOSE_X_SPRITES@@YAXXZ,seam_forwarding
0x0044CCF0,??__Eg_IFACE_BOX_SPRITES1@@YAXXZ,seam_forwarding
0x0044CD20,??__Fg_IFACE_BOX_SPRITES1@@YAXXZ,seam_forwarding
0x0044CD40,??__Eg_IFACE_BOX_SPRITES2@@YAXXZ,seam_forwarding
0x0044CD70,??__Fg_IFACE_BOX_SPRITES2@@YAXXZ,seam_forwarding
0x0044CD90,??__Eg_IFACE_BOX_SPRITES3@@YAXXZ,seam_forwarding
0x0044CDC0,??__Fg_IFACE_BOX_SPRITES3@@YAXXZ,seam_forwarding
0x0044CDE0,??__Eg_IFACE_BOX_SPRITES4@@YAXXZ,seam_forwarding
0x0044CE10,??__Fg_IFACE_BOX_SPRITES4@@YAXXZ,seam_forwarding
0x0044CE30,??__Eg_IFACE_BOX_SPRITES5@@YAXXZ,seam_forwarding
0x0044CE60,??__Fg_IFACE_BOX_SPRITES5@@YAXXZ,seam_forwarding
0x0044CE80,??__Eg_IFACE_BOX_SPRITES6@@YAXXZ,seam_forwarding
0x0044CEB0,??__Fg_IFACE_BOX_SPRITES6@@YAXXZ,seam_forwarding
0x0044CED0,??__Eg_IFACE_BOX_SPRITES7@@YAXXZ,seam_forwarding
0x0044CF00,??__Fg_IFACE_BOX_SPRITES7@@YAXXZ,seam_forwarding
0x0044CF20,??__Eg_IFACE_BOX_SPRITES8@@YAXXZ,seam_forwarding
0x0044CF50,??__Fg_IFACE_BOX_SPRITES8@@YAXXZ,seam_forwarding
0x0044CF70,??__Eg_IFACE_BOX_SPRITE_BUFFERS@@YAXXZ,seam_forwarding
0x0044CFA0,??__Fg_IFACE_BOX_SPRITE_BUFFERS@@YAXXZ,seam_forwarding
0x0044CFC0,??__Eg_IFACE_STD_POPUPS_TOP_LEFT_SPRITE@@YAXXZ,seam_forwarding
0x0044CFE0,??__Fg_IFACE_STD_POPUPS_TOP_LEFT_SPRITE@@YAXXZ,seam_forwarding
0x0044CFF0,??__Eg_IFACE_STD_POPUPS_TOP_RIGHT_SPRITE@@YAXXZ,seam_forwarding
0x0044D010,??__Fg_IFACE_STD_POPUPS_TOP_RIGHT_SPRITE@@YAXXZ,seam_forwarding
0x0044D020,??__Eg_IFACE_STD_POPUPS_BOT_LEFT_SPRITE@@YAXXZ,seam_forwarding
0x0044D040,??__Fg_IFACE_STD_POPUPS_BOT_LEFT_SPRITE@@YAXXZ,seam_forwarding
0x0044D050,??__Eg_IFACE_STD_POPUPS_BOT_RIGHT_SPRITE@@YAXXZ,seam_forwarding
0x0044D070,??__Fg_IFACE_STD_POPUPS_BOT_RIGHT_SPRITE@@YAXXZ,seam_forwarding
0x0044D080,??__Eg_IFACE_STD_POPUPS_TOP_MID_SPRITE@@YAXXZ,seam_forwarding
0x0044D0A0,??__Fg_IFACE_STD_POPUPS_TOP_MID_SPRITE@@YAXXZ,seam_forwarding
0x0044D0B0,??__Eg_IFACE_STD_POPUPS_BOT_MID_SPRITE@@YAXXZ,seam_forwarding
0x0044D0D0,??__Fg_IFACE_STD_POPUPS_BOT_MID_SPRITE@@YAXXZ,seam_forwarding
0x0044D0E0,??__Eg_IFACE_STD_POPUPS_MID_LEFT_SPRITE@@YAXXZ,seam_forwarding
0x0044D100,??__Fg_IFACE_STD_POPUPS_MID_LEFT_SPRITE@@YAXXZ,seam_forwarding
0x0044D110,??__Eg_IFACE_STD_POPUPS_MID_RIGHT_SPRITE@@YAXXZ,seam_forwarding
0x0044D130,??__Fg_IFACE_STD_POPUPS_MID_RIGHT_SPRITE@@YAXXZ,seam_forwarding
0x0044D140,??__Eg_IFACE_STD_POPUPS_MIDDLE_BUFFER@@YAXXZ,seam_forwarding
0x0044D160,??__Fg_IFACE_STD_POPUPS_MIDDLE_BUFFER@@YAXXZ,seam_forwarding
0x0044D170,??__Eg_UNUSED_CAVIARDATA_VAR1@@YAXXZ,seam_forwarding
0x0044D190,??__Fg_UNUSED_CAVIARDATA_VAR1@@YAXXZ,seam_forwarding
0x0044D1A0,??__Eg_SSF_CAVIARDATA@@YAXXZ,seam_forwarding
0x0044D1C0,??__Fg_SSF_CAVIARDATA@@YAXXZ,seam_forwarding
0x0044D1D0,??__Eg_SDP_CAVIARDATA@@YAXXZ,seam_forwarding
0x0044D1F0,??__Fg_SDP_CAVIARDATA@@YAXXZ,seam_forwarding
0x0044D200,??__Eg_SAS_CAVIARDATA@@YAXXZ,seam_forwarding
0x0044D220,??__Fg_SAS_CAVIARDATA@@YAXXZ,seam_forwarding
0x0044D230,??__Eg_SCD_CAVIARDATA@@YAXXZ,seam_forwarding
0x0044D250,??__Fg_SCD_CAVIARDATA@@YAXXZ,seam_forwarding
0x0044D260,??__Eg_SCJ_CAVIARDATA@@YAXXZ,seam_forwarding
0x0044D280,??__Fg_SCJ_CAVIARDATA@@YAXXZ,seam_forwarding
0x0044D290,??__Eg_SAGS_CAVIARDATA@@YAXXZ,seam_forwarding
0x0044D2B0,??__Fg_SAGS_CAVIARDATA@@YAXXZ,seam_forwarding
0x0044D2C0,??__Eg_SFT_CAVIARDATA@@YAXXZ,seam_forwarding
0x0044D2E0,??__Fg_SFT_CAVIARDATA@@YAXXZ,seam_forwarding
0x0044D2F0,??__Eg_VHR_CAVIARDATA1@@YAXXZ,seam_forwarding
0x0044D310,??__Fg_VHR_CAVIARDATA1@@YAXXZ,seam_forwarding
0x0044D320,??__Eg_SHT_CAVIARDATA@@YAXXZ,seam_forwarding
0x0044D340,??__Fg_SHT_CAVIARDATA@@YAXXZ,seam_forwarding
0x0044D350,??__Eg_SRB_CAVIARDATA@@YAXXZ,seam_forwarding
0x0044D370,??__Fg_SRB_CAVIARDATA@@YAXXZ,seam_forwarding
0x0044D380,??__Eg_ASAS_CAVIARDATA@@YAXXZ,seam_forwarding
0x0044D3A0,??__Fg_ASAS_CAVIARDATA@@YAXXZ,seam_forwarding
0x0044D3B0,??__Eg_RESLASER_CAVIARDATA@@YAXXZ,seam_forwarding
0x0044D3D0,??__Fg_RESLASER_CAVIARDATA@@YAXXZ,seam_forwarding
0x0044D3E0,??__Eg_RESBOLT_CAVIARDATA@@YAXXZ,seam_forwarding
0x0044D400,??__Fg_RESBOLT_CAVIARDATA@@YAXXZ,seam_forwarding
0x0044D410,??__Eg_FUNLOAD_CAVIARDATA@@YAXXZ,seam_forwarding
0x0044D430,??__Fg_FUNLOAD_CAVIARDATA@@YAXXZ,seam_forwarding
0x0044D440,??__Eg_TECLOAD_CAVIARDATA@@YAXXZ,seam_forwarding
0x0044D460,??__Fg_TECLOAD_CAVIARDATA@@YAXXZ,seam_forwarding
0x0044D470,??__Eg_SP_DISSWAVE_CAVIARDATA@@YAXXZ,seam_forwarding
0x0044D490,??__Fg_SP_DISSWAVE_CAVIARDATA@@YAXXZ,seam_forwarding
0x0044D4A0,??__Eg_SP_MARINED_CAVIARDATA@@YAXXZ,seam_forwarding
0x0044D4C0,??__Fg_SP_MARINED_CAVIARDATA@@YAXXZ,seam_forwarding
0x0044D4D0,??__Eg_SP_NANOO_CAVIARDATA@@YAXXZ,seam_forwarding
0x0044D4F0,??__Fg_SP_NANOO_CAVIARDATA@@YAXXZ,seam_forwarding
0x0044D500,??__Eg_SP_SOPORIFIC_CAVIARDATA@@YAXXZ,seam_forwarding
0x0044D520,??__Fg_SP_SOPORIFIC_CAVIARDATA@@YAXXZ,seam_forwarding
0x0044D530,??__Eg_AA01_CAVIARDATA@@YAXXZ,seam_forwarding
0x0044D550,??__Fg_AA01_CAVIARDATA@@YAXXZ,seam_forwarding
0x0044D560,??__Eg_AA_ROVER_CAVIARDATA@@YAXXZ,seam_forwarding
0x0044D580,??__Fg_AA_ROVER_CAVIARDATA@@YAXXZ,seam_forwarding
0x0044D590,??__Eg_AA_WING_CAVIARDATA@@YAXXZ,seam_forwarding
0x0044D5C0,??__Fg_AA_WING_CAVIARDATA@@YAXXZ,seam_forwarding
0x0044D5E0,??__Eg_ACP_CAVIARDATA@@YAXXZ,seam_forwarding
0x0044D610,??__Fg_ACP_CAVIARDATA@@YAXXZ,seam_forwarding
0x0044D630,??__Eg_AX_CAVIARDATA@@YAXXZ,seam_forwarding
0x0044D650,??__Fg_AX_CAVIARDATA@@YAXXZ,seam_forwarding
0x0044D660,??__Eg_AA_CAVIARDATA@@YAXXZ,seam_forwarding
0x0044D680,??__Fg_AA_CAVIARDATA@@YAXXZ,seam_forwarding
0x0044D690,??__Eg_ACOLPOD_CAVIARDATA@@YAXXZ,seam_forwarding
0x0044D6B0,??__Fg_ACOLPOD_CAVIARDATA@@YAXXZ,seam_forwarding
0x0044D6C0,??__Eg_AT_CAVIARDATA@@YAXXZ,seam_forwarding
0x0044D6E0,??__Fg_AT_CAVIARDATA@@YAXXZ,seam_forwarding
0x0044D6F0,??__Eg_VTA_CAVIARDATA@@YAXXZ,seam_forwarding
0x0044D710,??__Fg_VTA_CAVIARDATA@@YAXXZ,seam_forwarding
0x0044D720,??__Eg_ATP_CAVIARDATA@@YAXXZ,seam_forwarding
0x0044D740,??__Fg_ATP_CAVIARDATA@@YAXXZ,seam_forwarding
0x0044D750,??__Eg_SSFA_CAVIARDATA@@YAXXZ,seam_forwarding
0x0044D770,??__Fg_SSFA_CAVIARDATA@@YAXXZ,seam_forwarding
0x0044D780,??__Eg_SFTA_CAVIARDATA@@YAXXZ,seam_forwarding
0x0044D7A0,??__Fg_SFTA_CAVIARDATA@@YAXXZ,seam_forwarding
0x0044D7B0,??__Eg_VW00_CAVIARDATA@@YAXXZ,seam_forwarding
0x0044D7D0,??__Fg_VW00_CAVIARDATA@@YAXXZ,seam_forwarding
0x0044D7E0,??__Eg_VIPTAWL_CAVIARDATA@@YAXXZ,seam_forwarding
0x0044D800,??__Fg_VIPTAWL_CAVIARDATA@@YAXXZ,seam_forwarding
0x0044D810,??__Eg_VIPTASGN_CAVIARDATA@@YAXXZ,seam_forwarding
0x0044D830,??__Fg_VIPTASGN_CAVIARDATA@@YAXXZ,seam_forwarding
0x0044D840,??__Eg_VIPTAPSI_CAVIARDATA@@YAXXZ,seam_forwarding
0x0044D860,??__Fg_VIPTAPSI_CAVIARDATA@@YAXXZ,seam_forwarding
0x0044D870,??__Eg_VIPTR_CAVIARDATA@@YAXXZ,seam_forwarding
0x0044D8A0,??__Fg_VIPTR_CAVIARDATA@@YAXXZ,seam_forwarding
0x0044D8C0,??__Eg_VIPTA_CAVIARDATA@@YAXXZ,seam_forwarding
0x0044D8F0,??__Fg_VIPTA_CAVIARDATA@@YAXXZ,seam_forwarding
0x0044D910,??__Eg_PTMOD_CAVIARDATA@@YAXXZ,seam_forwarding
0x0044D930,??__Fg_PTMOD_CAVIARDATA@@YAXXZ,seam_forwarding
0x0044D940,??__Eg_VB_CAVIARDATA@@YAXXZ,seam_forwarding
0x0044D960,??__Fg_VB_CAVIARDATA@@YAXXZ,seam_forwarding
0x0044D970,??__Eg_VBP_CAVIARDATA@@YAXXZ,seam_forwarding
0x0044D990,??__Fg_VBP_CAVIARDATA@@YAXXZ,seam_forwarding
0x0044D9A0,??__Eg_VGMC_CAVIARDATA@@YAXXZ,seam_forwarding
0x0044D9C0,??__Fg_VGMC_CAVIARDATA@@YAXXZ,seam_forwarding
0x0044D9D0,??__Eg_VGMCP_CAVIARDATA@@YAXXZ,seam_forwarding
0x0044D9F0,??__Fg_VGMCP_CAVIARDATA@@YAXXZ,seam_forwarding
0x0044DA00,??__Eg_VLIGHTS_CAVIARDATA@@YAXXZ,seam_forwarding
0x0044DA20,??__Fg_VLIGHTS_CAVIARDATA@@YAXXZ,seam_forwarding
0x0044DA30,??__Eg_VPT_CAVIARDATA@@YAXXZ,seam_forwarding
0x0044DA50,??__Fg_VPT_CAVIARDATA@@YAXXZ,seam_forwarding
0x0044DA60,??__Eg_A_CAVIARDATA@@YAXXZ,seam_forwarding
0x0044DA80,??__Fg_A_CAVIARDATA@@YAXXZ,seam_forwarding
0x0044DA90,??__Eg_APWALL_CAVIARDATA@@YAXXZ,seam_forwarding
0x0044DAB0,??__Fg_APWALL_CAVIARDATA@@YAXXZ,seam_forwarding
0x0044DAC0,??__Eg_ASGEN_CAVIARDATA@@YAXXZ,seam_forwarding
0x0044DAE0,??__Fg_ASGEN_CAVIARDATA@@YAXXZ,seam_forwarding
0x0044DAF0,??__Eg_APSID_CAVIARDATA@@YAXXZ,seam_forwarding
0x0044DB10,??__Fg_APSID_CAVIARDATA@@YAXXZ,seam_forwarding
0x0044DB20,??__Eg_VA01_CAVIARDATA@@YAXXZ,seam_forwarding
0x0044DB40,??__Fg_VA01_CAVIARDATA@@YAXXZ,seam_forwarding
0x0044DB50,??__Eg_VR_CAVIARDATA@@YAXXZ,seam_forwarding
0x0044DB80,??__Fg_VR_CAVIARDATA@@YAXXZ,seam_forwarding
0x0044DBA0,??__Eg_VHR_CAVIARDATA2@@YAXXZ,seam_forwarding
0x0044DBC0,??__Fg_VHR_CAVIARDATA2@@YAXXZ,seam_forwarding
0x0044DBD0,??__Eg_VRC_CAVIARDATA@@YAXXZ,seam_forwarding
0x0044DC00,??__Fg_VRC_CAVIARDATA@@YAXXZ,seam_forwarding
0x0044DC20,??__Eg_VI_CAVIARDATA@@YAXXZ,seam_forwarding
0x0044DC40,??__Fg_VI_CAVIARDATA@@YAXXZ,seam_forwarding
0x0044DC50,??__Eg_VGMT_CAVIARDATA@@YAXXZ,seam_forwarding
0x0044DC70,??__Fg_VGMT_CAVIARDATA@@YAXXZ,seam_forwarding
0x0044DC80,??__Eg_VGMTP_CAVIARDATA@@YAXXZ,seam_forwarding
0x0044DCA0,??__Fg_VGMTP_CAVIARDATA@@YAXXZ,seam_forwarding
0x0044DCB0,??__Eg_UNUSED_CAVIARDATA_VAR2@@YAXXZ,seam_forwarding
0x0044DCD0,??__Fg_UNUSED_CAVIARDATA_VAR2@@YAXXZ,seam_forwarding
0x0044DCE0,??__Eg_VWNTU_CAVIARDATA@@YAXXZ,seam_forwarding
0x0044DD00,??__Fg_VWNTU_CAVIARDATA@@YAXXZ,seam_forwarding
0x0044DD10,??__Eg_VT_CAVIARDATA@@YAXXZ,seam_forwarding
0x0044DD30,??__Fg_VT_CAVIARDATA@@YAXXZ,seam_forwarding
0x0044DD40,??__Eg_DROP_CAVIARDATA@@YAXXZ,seam_forwarding
0x0044DD60,??__Fg_DROP_CAVIARDATA@@YAXXZ,seam_forwarding
0x0044DD70,??__Eg_DROPLET_CAVIARDATA@@YAXXZ,seam_forwarding
0x0044DD90,??__Fg_DROPLET_CAVIARDATA@@YAXXZ,seam_forwarding
0x0044DDA0,??__Eg_VCL_CAVIARDATA@@YAXXZ,seam_forwarding
0x0044DDC0,??__Fg_VCL_CAVIARDATA@@YAXXZ,seam_forwarding
0x0044DDD0,??__Eg_UNUSED_CAVIARDATA_VAR3@@YAXXZ,seam_forwarding
0x0044DE00,??__Fg_UNUSED_CAVIARDATA_VAR3@@YAXXZ,seam_forwarding
0x0044DE20,??__Eg_VCLT00_CAVIARDATA@@YAXXZ,seam_forwarding
0x0044DE40,??__Fg_VCLT00_CAVIARDATA@@YAXXZ,seam_forwarding
0x0044DE50,??__Eg_VHT_VBP_CAVIARDATA@@YAXXZ,seam_forwarding
0x0044DE70,??__Fg_VHT_VBP_CAVIARDATA@@YAXXZ,seam_forwarding
0x0044DE80,??__Eg_VHTP_CAVIARDATA@@YAXXZ,seam_forwarding
0x0044DEA0,??__Fg_VHTP_CAVIARDATA@@YAXXZ,seam_forwarding
0x0044DEB0,??__Eg_VHTA0_CAVIARDATA@@YAXXZ,seam_forwarding
0x0044DEE0,??__Fg_VHTA0_CAVIARDATA@@YAXXZ,seam_forwarding
0x0044DF00,??__Eg_VHTTP_CAVIARDATA@@YAXXZ,seam_forwarding
0x0044DF20,??__Fg_VHTTP_CAVIARDATA@@YAXXZ,seam_forwarding
0x0044DF30,??__Eg_VHTTPA0_CAVIARDATA@@YAXXZ,seam_forwarding
0x0044DF60,??__Fg_VHTTPA0_CAVIARDATA@@YAXXZ,seam_forwarding
0x0044DF80,??__Eg_VSP_CAVIARDATA@@YAXXZ,seam_forwarding
0x0044DFA0,??__Fg_VSP_CAVIARDATA@@YAXXZ,seam_forwarding
0x0044DFB0,??__Eg_VSPA0_CAVIARDATA@@YAXXZ,seam_forwarding
0x0044DFE0,??__Fg_VSPA0_CAVIARDATA@@YAXXZ,seam_forwarding
0x0044E000,??__Eg_VSPTF_CAVIARDATA@@YAXXZ,seam_forwarding
0x0044E020,??__Fg_VSPTF_CAVIARDATA@@YAXXZ,seam_forwarding
0x0044E030,??__Eg_VSPTB_CAVIARDATA@@YAXXZ,seam_forwarding
0x0044E050,??__Fg_VSPTB_CAVIARDATA@@YAXXZ,seam_forwarding
0x0044E060,??__Eg_VFL_CAVIARDATA@@YAXXZ,seam_forwarding
0x0044E080,??__Fg_VFL_CAVIARDATA@@YAXXZ,seam_forwarding
0x0044E090,??__Eg_VGS_CAVIARDATA@@YAXXZ,seam_forwarding
0x0044E0B0,??__Fg_VGS_CAVIARDATA@@YAXXZ,seam_forwarding
0x0044E0C0,??__Eg_VGSP_CAVIARDATA@@YAXXZ,seam_forwarding
0x0044E0E0,??__Fg_VGSP_CAVIARDATA@@YAXXZ,seam_forwarding
0x0044E0F0,??__Eg_VJTP_CAVIARDATA@@YAXXZ,seam_forwarding
0x0044E110,??__Fg_VJTP_CAVIARDATA@@YAXXZ,seam_forwarding
0x0044E120,??__Eg_VJT0_CAVIARDATA@@YAXXZ,seam_forwarding
0x0044E150,??__Fg_VJT0_CAVIARDATA@@YAXXZ,seam_forwarding
0x0044E170,??__Eg_VCU_CAVIARDATA@@YAXXZ,seam_forwarding
0x0044E190,??__Fg_VCU_CAVIARDATA@@YAXXZ,seam_forwarding
0x0044E1A0,??__Eg_VCUP_CAVIARDATA@@YAXXZ,seam_forwarding
0x0044E1C0,??__Fg_VCUP_CAVIARDATA@@YAXXZ,seam_forwarding
0x0044E1D0,??__Eg_VCUA0_CAVIARDATA@@YAXXZ,seam_forwarding
0x0044E200,??__Fg_VCUA0_CAVIARDATA@@YAXXZ,seam_forwarding
0x0044E220,??__Eg_VCUW_CAVIARDATA@@YAXXZ,seam_forwarding
0x0044E240,??__Fg_VCUW_CAVIARDATA@@YAXXZ,seam_forwarding
0x0044E250,??__Eg_VCT_CAVIARDATA@@YAXXZ,seam_forwarding
0x0044E270,??__Fg_VCT_CAVIARDATA@@YAXXZ,seam_forwarding
0x0044E280,??__Eg_VCTP_CAVIARDATA@@YAXXZ,seam_forwarding
0x0044E2A0,??__Fg_VCTP_CAVIARDATA@@YAXXZ,seam_forwarding
0x0044E2B0,??__Eg_VCTB_CAVIARDATA@@YAXXZ,seam_forwarding
0x0044E2D0,??__Fg_VCTB_CAVIARDATA@@YAXXZ,seam_forwarding
0x0044E2E0,??__Eg_VCT0_CAVIARDATA@@YAXXZ,seam_forwarding
0x0044E310,??__Fg_VCT0_CAVIARDATA@@YAXXZ,seam_forwarding
0x0044E330,??__Eg_VWNTT_CAVIARDATA@@YAXXZ,seam_forwarding
0x0044E350,??__Fg_VWNTT_CAVIARDATA@@YAXXZ,seam_forwarding
0x0044E360,??__Eg_VWNST_CAVIARDATA@@YAXXZ,seam_forwarding
0x0044E380,??__Fg_VWNST_CAVIARDATA@@YAXXZ,seam_forwarding
0x0044E390,??__Eg_VWNAA_CAVIARDATA@@YAXXZ,seam_forwarding
0x0044E3B0,??__Fg_VWNAA_CAVIARDATA@@YAXXZ,seam_forwarding
0x0044E3C0,??__Eg_VW_CAVIARDATA@@YAXXZ,seam_forwarding
0x0044E3F0,??__Fg_VW_CAVIARDATA@@YAXXZ,seam_forwarding
0x0044E410,??__Eg_VM_CAVIARDATA@@YAXXZ,seam_forwarding
0x0044E430,??__Fg_VM_CAVIARDATA@@YAXXZ,seam_forwarding
0x0044E440,??__Eg_VM13_CAVIARDATA@@YAXXZ,seam_forwarding
0x0044E460,??__Fg_VM13_CAVIARDATA@@YAXXZ,seam_forwarding
0x0044E470,??__Eg_VPBR0_CAVIARDATA@@YAXXZ,seam_forwarding
0x0044E4A0,??__Fg_VPBR0_CAVIARDATA@@YAXXZ,seam_forwarding
0x0044E4C0,??__Eg_UNUSED_CAVIARDATA_VAR4@@YAXXZ,seam_forwarding
0x0044E4F0,??__Fg_UNUSED_CAVIARDATA_VAR4@@YAXXZ,seam_forwarding
0x0044E510,??__Eg_NW_CAVIARDATA@@YAXXZ,seam_forwarding
0x0044E530,??__Fg_NW_CAVIARDATA@@YAXXZ,seam_forwarding
0x0044E540,??__Eg_NI_CAVIARDATA@@YAXXZ,seam_forwarding
0x0044E560,??__Fg_NI_CAVIARDATA@@YAXXZ,seam_forwarding
0x0044E570,??__Eg_NLC_CAVIARDATA@@YAXXZ,seam_forwarding
0x0044E590,??__Fg_NLC_CAVIARDATA@@YAXXZ,seam_forwarding
0x0044E5A0,??__Eg_UNUSED_CAVIARDATA_VAR5@@YAXXZ,seam_forwarding
0x0044E5D0,??__Fg_UNUSED_CAVIARDATA_VAR5@@YAXXZ,seam_forwarding
0x0044E5F0,??__Eg_RADIUS1_TEXTURE@@YAXXZ,seam_forwarding
0x0044E610,??__Fg_RADIUS1_TEXTURE@@YAXXZ,seam_forwarding
0x0044E620,??__Eg_RADIUS2_TEXTURE@@YAXXZ,seam_forwarding
0x0044E640,??__Fg_RADIUS2_TEXTURE@@YAXXZ,seam_forwarding
0x0044E650,??__Eg_ROCKY_TEXTURES@@YAXXZ,seam_forwarding
0x0044E680,??__Fg_ROCKY_TEXTURES@@YAXXZ,seam_forwarding
0x0044E6A0,??__Eg_OCEAN_TEXTURES@@YAXXZ,seam_forwarding
0x0044E6D0,??__Fg_OCEAN_TEXTURES@@YAXXZ,seam_forwarding
0x0044E6F0,??__Eg_FLAT_ARID_LAND_TEXTURE@@YAXXZ,seam_forwarding
0x0044E710,??__Fg_FLAT_ARID_LAND_TEXTURE@@YAXXZ,seam_forwarding
0x0044E720,??__Eg_MOIST_LAND_TEXTURES@@YAXXZ,seam_forwarding
0x0044E750,??__Fg_MOIST_LAND_TEXTURES@@YAXXZ,seam_forwarding
0x0044E770,??__Eg_RAINY_LAND_TEXTURES@@YAXXZ,seam_forwarding
0x0044E7A0,??__Fg_RAINY_LAND_TEXTURES@@YAXXZ,seam_forwarding
0x0044E7C0,??__Eg_JUNGLE_LAND_TEXTURES@@YAXXZ,seam_forwarding
0x0044E7F0,??__Fg_JUNGLE_LAND_TEXTURES@@YAXXZ,seam_forwarding
0x0044E810,??__Eg_DUNE_LAND_TEXTURE@@YAXXZ,seam_forwarding
0x0044E830,??__Fg_DUNE_LAND_TEXTURE@@YAXXZ,seam_forwarding
0x0044E840,??__Eg_SUNNY_MESA_TEXTURES@@YAXXZ,seam_forwarding
0x0044E870,??__Fg_SUNNY_MESA_TEXTURES@@YAXXZ,seam_forwarding
0x0044E890,??__Eg_RAINFALL_SINGLE_TILE_TEXTURES@@YAXXZ,seam_forwarding
0x0044E8C0,??__Fg_RAINFALL_SINGLE_TILE_TEXTURES@@YAXXZ,seam_forwarding
0x0044E8E0,??__Eg_ROAD_TEXTURES@@YAXXZ,seam_forwarding
0x0044E910,??__Fg_ROAD_TEXTURES@@YAXXZ,seam_forwarding
0x0044E930,??__Eg_MAGTUBE_TEXTURES@@YAXXZ,seam_forwarding
0x0044E960,??__Fg_MAGTUBE_TEXTURES@@YAXXZ,seam_forwarding
0x0044E980,??__Eg_RIVER_TEXTURES@@YAXXZ,seam_forwarding
0x0044E9B0,??__Fg_RIVER_TEXTURES@@YAXXZ,seam_forwarding
0x0044E9D0,??__Eg_MOUNT_PLANET_TEXTURES@@YAXXZ,seam_forwarding
0x0044EA00,??__Fg_MOUNT_PLANET_TEXTURES@@YAXXZ,seam_forwarding
0x0044EA20,??__Eg_GARLAND_CRATER_TEXTURES@@YAXXZ,seam_forwarding
0x0044EA50,??__Fg_GARLAND_CRATER_TEXTURES@@YAXXZ,seam_forwarding
0x0044EA70,??__Eg_FUNGUS_TEXTURES@@YAXXZ,seam_forwarding
0x0044EAA0,??__Fg_FUNGUS_TEXTURES@@YAXXZ,seam_forwarding
0x0044EAC0,??__Eg_FARM_TEXTURES@@YAXXZ,seam_forwarding
0x0044EAF0,??__Fg_FARM_TEXTURES@@YAXXZ,seam_forwarding
0x0044EB10,??__Eg_FOREST_TEXTURES@@YAXXZ,seam_forwarding
0x0044EB40,??__Fg_FOREST_TEXTURES@@YAXXZ,seam_forwarding
0x0044EB60,??__Eg_RAINFALL_SINGLE_TILE_TEXTURE@@YAXXZ,seam_forwarding
0x0044EB80,??__Fg_RAINFALL_SINGLE_TILE_TEXTURE@@YAXXZ,seam_forwarding
0x0044EB90,??__Eg_TER1_WHITE_ORG_YEL_TILE_SPRITES@@YAXXZ,seam_forwarding
0x0044EBC0,??__Fg_TER1_WHITE_ORG_YEL_TILE_SPRITES@@YAXXZ,seam_forwarding
0x0044EBE0,??__Eg_TER1_BOTTOM_LEFT_TILE_SPRITES@@YAXXZ,seam_forwarding
0x0044EC10,??__Fg_TER1_BOTTOM_LEFT_TILE_SPRITES@@YAXXZ,seam_forwarding
0x0044EC30,??__Eg_TER1_UNUSED_SPRITES2@@YAXXZ,seam_forwarding
0x0044EC60,??__Fg_TER1_UNUSED_SPRITES2@@YAXXZ,seam_forwarding
0x0044EC80,??__Eg_TER1_MINE_SPRITE@@YAXXZ,seam_forwarding
0x0044ECA0,??__Fg_TER1_MINE_SPRITE@@YAXXZ,seam_forwarding
0x0044ECB0,??__Eg_TER1_SOLAR_COLLECTOR_SPRITE@@YAXXZ,seam_forwarding
0x0044ECD0,??__Fg_TER1_SOLAR_COLLECTOR_SPRITE@@YAXXZ,seam_forwarding
0x0044ECE0,??__Eg_TER1_TIDAL_HARNESS_SPRITE@@YAXXZ,seam_forwarding
0x0044ED00,??__Fg_TER1_TIDAL_HARNESS_SPRITE@@YAXXZ,seam_forwarding
0x0044ED10,??__Eg_TER1_MINING_PLATFORM_SPRITE@@YAXXZ,seam_forwarding
0x0044ED30,??__Fg_TER1_MINING_PLATFORM_SPRITE@@YAXXZ,seam_forwarding
0x0044ED40,??__Eg_TER1_TUT_BLANK_SPRITE@@YAXXZ,seam_forwarding
0x0044ED60,??__Fg_TER1_TUT_BLANK_SPRITE@@YAXXZ,seam_forwarding
0x0044ED70,??__Eg_TER1_KELP_FARM_SPRITE@@YAXXZ,seam_forwarding
0x0044ED90,??__Fg_TER1_KELP_FARM_SPRITE@@YAXXZ,seam_forwarding
0x0044EDA0,??__Eg_TER1_CONDENSER_SPRITE@@YAXXZ,seam_forwarding
0x0044EDC0,??__Fg_TER1_CONDENSER_SPRITE@@YAXXZ,seam_forwarding
0x0044EDD0,??__Eg_TER1_ECHELON_MIRROR_SPRITE@@YAXXZ,seam_forwarding
0x0044EDF0,??__Fg_TER1_ECHELON_MIRROR_SPRITE@@YAXXZ,seam_forwarding
0x0044EE00,??__Eg_TER1_BOREHOLE_SPRITE@@YAXXZ,seam_forwarding
0x0044EE20,??__Fg_TER1_BOREHOLE_SPRITE@@YAXXZ,seam_forwarding
0x0044EE30,??__Eg_TER1_BOREHOLE_CLUSTER_SPRITE@@YAXXZ,seam_forwarding
0x0044EE50,??__Fg_TER1_BOREHOLE_CLUSTER_SPRITE@@YAXXZ,seam_forwarding
0x0044EE60,??__Eg_TER1_MANIFOLD_NEXUS_SPRITES@@YAXXZ,seam_forwarding
0x0044EE90,??__Fg_TER1_MANIFOLD_NEXUS_SPRITES@@YAXXZ,seam_forwarding
0x0044EEB0,??__Eg_TER1WRECK_UNITY_WRECKAGE_SPRITES@@YAXXZ,seam_forwarding
0x0044EEE0,??__Fg_TER1WRECK_UNITY_WRECKAGE_SPRITES@@YAXXZ,seam_forwarding
0x0044EF00,??__Eg_TER1WRECK_UNITY_WRECKAGE_ALT_SPRITES@@YAXXZ,seam_forwarding
0x0044EF30,??__Fg_TER1WRECK_UNITY_WRECKAGE_ALT_SPRITES@@YAXXZ,seam_forwarding
0x0044EF50,??__Eg_FOSSIL_FIELD_RIDGE_SPRITES@@YAXXZ,seam_forwarding
0x0044EF80,??__Fg_FOSSIL_FIELD_RIDGE_SPRITES@@YAXXZ,seam_forwarding
0x0044EFA0,??__Eg_TER1_UNUSED_SPRITES1@@YAXXZ,seam_forwarding
0x0044EFD0,??__Fg_TER1_UNUSED_SPRITES1@@YAXXZ,seam_forwarding
0x0044EFF0,??__Eg_TER1_FARM_SPRITES@@YAXXZ,seam_forwarding
0x0044F020,??__Fg_TER1_FARM_SPRITES@@YAXXZ,seam_forwarding
0x0044F040,??__Eg_TER1_SOIL_ENRICHER_SPRITES@@YAXXZ,seam_forwarding
0x0044F070,??__Fg_TER1_SOIL_ENRICHER_SPRITES@@YAXXZ,seam_forwarding
0x0044F090,??__Eg_TER1_SEA_LAND_RESOURCE_SPRITES@@YAXXZ,seam_forwarding
0x0044F0C0,??__Fg_TER1_SEA_LAND_RESOURCE_SPRITES@@YAXXZ,seam_forwarding
0x0044F0E0,??__Eg_TER1_LANDMARK_RESOURCE_SPRITES@@YAXXZ,seam_forwarding
0x0044F110,??__Fg_TER1_LANDMARK_RESOURCE_SPRITES@@YAXXZ,seam_forwarding
0x0044F130,??__Eg_GLOW_SPRITES@@YAXXZ,seam_forwarding
0x0044F160,??__Fg_GLOW_SPRITES@@YAXXZ,seam_forwarding
0x0044F180,??__Eg_TER1_UNITY_POD_SPRITES@@YAXXZ,seam_forwarding
0x0044F1B0,??__Fg_TER1_UNITY_POD_SPRITES@@YAXXZ,seam_forwarding
0x0044F1D0,??__Eg_TER1_MONOLITH_SPRITE@@YAXXZ,seam_forwarding
0x0044F1F0,??__Fg_TER1_MONOLITH_SPRITE@@YAXXZ,seam_forwarding
0x0044F200,??__Eg_TER1_BUNKER_SPRITE@@YAXXZ,seam_forwarding
0x0044F220,??__Fg_TER1_BUNKER_SPRITE@@YAXXZ,seam_forwarding
0x0044F230,??__Eg_TER1_AIRBASE_SPRITE@@YAXXZ,seam_forwarding
0x0044F250,??__Fg_TER1_AIRBASE_SPRITE@@YAXXZ,seam_forwarding
0x0044F260,??__Eg_TER1_SENSOR_ARRAY_SPRITE@@YAXXZ,seam_forwarding
0x0044F280,??__Fg_TER1_SENSOR_ARRAY_SPRITE@@YAXXZ,seam_forwarding
0x0044F290,??__Eg_RAINFALL_DOUBLE_TILE_SPRITES@@YAXXZ,seam_forwarding
0x0044F2C0,??__Fg_RAINFALL_DOUBLE_TILE_SPRITES@@YAXXZ,seam_forwarding
0x0044F2E0,??__Eg_VEH_SPRITES@@YAXXZ,seam_forwarding
0x0044F310,??__Fg_VEH_SPRITES@@YAXXZ,seam_forwarding
0x0044F330,??__Eg_FLAGS_VEH_SPRITES@@YAXXZ,seam_forwarding
0x0044F360,??__Fg_FLAGS_VEH_SPRITES@@YAXXZ,seam_forwarding
0x0044F380,??__Eg_ICONS_GENERAL_SPRITES@@YAXXZ,seam_forwarding
0x0044F3B0,??__Fg_ICONS_GENERAL_SPRITES@@YAXXZ,seam_forwarding
0x0044F3D0,??__Eg_RESOURCE_ICON_SPRITES@@YAXXZ,seam_forwarding
0x0044F400,??__Fg_RESOURCE_ICON_SPRITES@@YAXXZ,seam_forwarding
0x0044F420,??__Eg_CITIZEN_LG_CURSOR_SPRITES@@YAXXZ,seam_forwarding
0x0044F450,??__Fg_CITIZEN_LG_CURSOR_SPRITES@@YAXXZ,seam_forwarding
0x0044F470,??__Eg_SPECIALIST_LG_CURSOR_SPRITES@@YAXXZ,seam_forwarding
0x0044F4A0,??__Fg_SPECIALIST_LG_CURSOR_SPRITES@@YAXXZ,seam_forwarding
0x0044F4C0,??__Eg_CITIZEN_SM_CURSOR_SPRITES@@YAXXZ,seam_forwarding
0x0044F4F0,??__Fg_CITIZEN_SM_CURSOR_SPRITES@@YAXXZ,seam_forwarding
0x0044F510,??__Eg_SPECIALIST_SM_CURSOR_SPRITES@@YAXXZ,seam_forwarding
0x0044F540,??__Fg_SPECIALIST_SM_CURSOR_SPRITES@@YAXXZ,seam_forwarding
0x0044F560,??__Eg_AL_CITIZEN_LG_CURSOR_SPRITES@@YAXXZ,seam_forwarding
0x0044F590,??__Fg_AL_CITIZEN_LG_CURSOR_SPRITES@@YAXXZ,seam_forwarding
0x0044F5B0,??__Eg_AL_SPECIALIST_LG_CURSOR_SPRITES@@YAXXZ,seam_forwarding
0x0044F5E0,??__Fg_AL_SPECIALIST_LG_CURSOR_SPRITES@@YAXXZ,seam_forwarding
0x0044F600,??__Eg_AL_CITIZEN_SM_CURSOR_SPRITES@@YAXXZ,seam_forwarding
0x0044F630,??__Fg_AL_CITIZEN_SM_CURSOR_SPRITES@@YAXXZ,seam_forwarding
0x0044F650,??__Eg_AL_SPECIALIST_SM_CURSOR_SPRITES@@YAXXZ,seam_forwarding
0x0044F680,??__Fg_AL_SPECIALIST_SM_CURSOR_SPRITES@@YAXXZ,seam_forwarding
0x0044F6A0,??__Eg_RED_ALIEN_HEAD_ICON_SPRITE@@YAXXZ,seam_forwarding
0x0044F6C0,??__Fg_RED_ALIEN_HEAD_ICON_SPRITE@@YAXXZ,seam_forwarding
0x0044F6D0,??__Eg_SILVER_MENU_ICON_SPRITES@@YAXXZ,seam_forwarding
0x0044F700,??__Fg_SILVER_MENU_ICON_SPRITES@@YAXXZ,seam_forwarding
0x0044F720,??__Eg_SILVER_CHECKBOX_ICON_SPRITES@@YAXXZ,seam_forwarding
0x0044F750,??__Fg_SILVER_CHECKBOX_ICON_SPRITES@@YAXXZ,seam_forwarding
0x0044F770,??__Eg_RED_MALE_HEAD_ICON_SPRITE@@YAXXZ,seam_forwarding
0x0044F790,??__Fg_RED_MALE_HEAD_ICON_SPRITE@@YAXXZ,seam_forwarding
0x0044F7A0,??__Eg_NULL_RESOURCE_ICON_SPRITE@@YAXXZ,seam_forwarding
0x0044F7C0,??__Fg_NULL_RESOURCE_ICON_SPRITE@@YAXXZ,seam_forwarding
0x0044F7D0,??__Eg_PEACE_SIGN_SPRITES@@YAXXZ,seam_forwarding
0x0044F800,??__Fg_PEACE_SIGN_SPRITES@@YAXXZ,seam_forwarding
0x0044F820,??__Eg_ICON_TILE_SQUARE_SPRITE@@YAXXZ,seam_forwarding
0x0044F840,??__Fg_ICON_TILE_SQUARE_SPRITE@@YAXXZ,seam_forwarding
0x0044F850,??__Eg_XI_BOOM_VEH_SPRITES@@YAXXZ,seam_forwarding
0x0044F880,??__Fg_XI_BOOM_VEH_SPRITES@@YAXXZ,seam_forwarding
0x0044F8A0,??__Eg_XF_BOOM_VEH_SPRITES@@YAXXZ,seam_forwarding
0x0044F8D0,??__Fg_XF_BOOM_VEH_SPRITES@@YAXXZ,seam_forwarding
0x0044F8F0,??__Eg_BATTLE_MIND_WORM_SPRITE@@YAXXZ,seam_forwarding
0x0044F910,??__Fg_BATTLE_MIND_WORM_SPRITE@@YAXXZ,seam_forwarding
0x0044F920,??__Eg_BATTLE_ISLE_DEEP_SPRITE@@YAXXZ,seam_forwarding
0x0044F940,??__Fg_BATTLE_ISLE_DEEP_SPRITE@@YAXXZ,seam_forwarding
0x0044F950,??__Eg_BATTLE_LOCUSTS_CHIRON_SPRITE@@YAXXZ,seam_forwarding
0x0044F970,??__Fg_BATTLE_LOCUSTS_CHIRON_SPRITE@@YAXXZ,seam_forwarding
0x0044F980,??__Eg_BATTLE_FUNGAL_TOWER_SPRITE@@YAXXZ,seam_forwarding
0x0044F9A0,??__Fg_BATTLE_FUNGAL_TOWER_SPRITE@@YAXXZ,seam_forwarding
0x0044F9B0,??__Eg_BATTLE_SPORE_LAUNCHER_SPRITE@@YAXXZ,seam_forwarding
0x0044F9D0,??__Fg_BATTLE_SPORE_LAUNCHER_SPRITE@@YAXXZ,seam_forwarding
0x0044F9E0,??__Eg_BATTLE_SEALURK_SPRITE@@YAXXZ,seam_forwarding
0x0044FA00,??__Fg_BATTLE_SEALURK_SPRITE@@YAXXZ,seam_forwarding
0x0044FA10,??__Eg_TECH_ICON_SPRITES@@YAXXZ,seam_forwarding
0x0044FA40,??__Fg_TECH_ICON_SPRITES@@YAXXZ,seam_forwarding
0x0044FA60,??__Eg_FACILITY_ICON_SPRITES@@YAXXZ,seam_forwarding
0x0044FA90,??__Fg_FACILITY_ICON_SPRITES@@YAXXZ,seam_forwarding
0x0044FAB0,??__Eg_SECRET_PROJECT_ICON_SPRITES@@YAXXZ,seam_forwarding
0x0044FAE0,??__Fg_SECRET_PROJECT_ICON_SPRITES@@YAXXZ,seam_forwarding
0x0044FB00,??__Eg_IFACE_MP_COMBO_ARROW_SPRITES@@YAXXZ,seam_forwarding
0x0044FB30,??__Fg_IFACE_MP_COMBO_ARROW_SPRITES@@YAXXZ,seam_forwarding
0x0044FB50,??__Eg_SCROLL_BAR_ARROW_ICON_SPRITES@@YAXXZ,seam_forwarding
0x0044FB80,??__Fg_SCROLL_BAR_ARROW_ICON_SPRITES@@YAXXZ,seam_forwarding
0x0044FBA0,??__Eg_SCROLL_BAR_SMALL_ARROW_ICON_SPRITES@@YAXXZ,seam_forwarding
0x0044FBD0,??__Fg_SCROLL_BAR_SMALL_ARROW_ICON_SPRITES@@YAXXZ,seam_forwarding
0x0044FBF0,??__Eg_SCROLL_BAR_FILLER_ICON_SPRITES@@YAXXZ,seam_forwarding
0x0044FC10,??__Fg_SCROLL_BAR_FILLER_ICON_SPRITES@@YAXXZ,seam_forwarding
0x0044FC20,??__Eg_SCROLL_BAR_SMALL_FILLER_ICON_SPRITE@@YAXXZ,seam_forwarding
0x0044FC40,??__Fg_SCROLL_BAR_SMALL_FILLER_ICON_SPRITE@@YAXXZ,seam_forwarding
0x0044FC50,??__Eg_IFACE_LOCK_SPRITES@@YAXXZ,seam_forwarding
0x0044FC80,??__Fg_IFACE_LOCK_SPRITES@@YAXXZ,seam_forwarding
0x0044FCA0,??__Eg_UNUSED_SPRITES_VAR01@@YAXXZ,seam_forwarding
0x0044FCD0,??__Fg_UNUSED_SPRITES_VAR01@@YAXXZ,seam_forwarding
0x0044FCF0,??__Eg_IFACE_GENERAL_WINDOWS_TOP_LEFT_SPRITE@@YAXXZ,seam_forwarding
0x0044FD10,??__Fg_IFACE_GENERAL_WINDOWS_TOP_LEFT_SPRITE@@YAXXZ,seam_forwarding
0x0044FD20,??__Eg_IFACE_GENERAL_WINDOWS_TOP_RIGHT_SPRITE@@YAXXZ,seam_forwarding
0x0044FD40,??__Fg_IFACE_GENERAL_WINDOWS_TOP_RIGHT_SPRITE@@YAXXZ,seam_forwarding
0x0044FD50,??__Eg_IFACE_GENERAL_WINDOWS_BOT_LEFT_SPRITE@@YAXXZ,seam_forwarding
0x0044FD70,??__Fg_IFACE_GENERAL_WINDOWS_BOT_LEFT_SPRITE@@YAXXZ,seam_forwarding
0x0044FD80,??__Eg_IFACE_GENERAL_WINDOWS_BOT_RIGHT_SPRITE@@YAXXZ,seam_forwarding
0x0044FDA0,??__Fg_IFACE_GENERAL_WINDOWS_BOT_RIGHT_SPRITE@@YAXXZ,seam_forwarding
0x0044FDB0,??__Eg_IFACE_GENERAL_WINDOWS_MID_LEFT_SPRITE@@YAXXZ,seam_forwarding
0x0044FDD0,??__Fg_IFACE_GENERAL_WINDOWS_MID_LEFT_SPRITE@@YAXXZ,seam_forwarding
0x0044FDE0,??__Eg_IFACE_GENERAL_WINDOWS_MID_RIGHT_SPRITE@@YAXXZ,seam_forwarding
0x0044FE00,??__Fg_IFACE_GENERAL_WINDOWS_MID_RIGHT_SPRITE@@YAXXZ,seam_forwarding
0x0044FE10,??__Eg_IFACE_GENERAL_WINDOWS_TOP_MID_SPRITE@@YAXXZ,seam_forwarding
0x0044FE30,??__Fg_IFACE_GENERAL_WINDOWS_TOP_MID_SPRITE@@YAXXZ,seam_forwarding
0x0044FE40,??__Eg_IFACE_GENERAL_WINDOWS_BOT_MID_SPRITE@@YAXXZ,seam_forwarding
0x0044FE60,??__Fg_IFACE_GENERAL_WINDOWS_BOT_MID_SPRITE@@YAXXZ,seam_forwarding
0x0044FE70,??__Eg_IFACE_GENERAL_WINDOWS_NONCAP_MID_SPRITE@@YAXXZ,seam_forwarding
0x0044FE90,??__Fg_IFACE_GENERAL_WINDOWS_NONCAP_MID_SPRITE@@YAXXZ,seam_forwarding
0x0044FEA0,??__Eg_IFACE_GENERAL_WINDOWS_NONCAP_LEFT_SPRITE@@YAXXZ,seam_forwarding
0x0044FEC0,??__Fg_IFACE_GENERAL_WINDOWS_NONCAP_LEFT_SPRITE@@YAXXZ,seam_forwarding
0x0044FED0,??__Eg_IFACE_GENERAL_WINDOWS_NONCAP_RIGHT_SPRITE@@YAXXZ,seam_forwarding
0x0044FEF0,??__Fg_IFACE_GENERAL_WINDOWS_NONCAP_RIGHT_SPRITE@@YAXXZ,seam_forwarding
0x0044FF00,??__Eg_UNUSED_SPRITE_VAR23@@YAXXZ,seam_forwarding
0x0044FF20,??__Fg_UNUSED_SPRITE_VAR23@@YAXXZ,seam_forwarding
0x0044FF30,??__Eg_UNUSED_SPRITE_VAR24@@YAXXZ,seam_forwarding
0x0044FF50,??__Fg_UNUSED_SPRITE_VAR24@@YAXXZ,seam_forwarding
0x0044FF60,??__Eg_UNUSED_SPRITE_VAR25@@YAXXZ,seam_forwarding
0x0044FF80,??__Fg_UNUSED_SPRITE_VAR25@@YAXXZ,seam_forwarding
0x0044FF90,??__Eg_UNUSED_SPRITE_VAR26@@YAXXZ,seam_forwarding
0x0044FFB0,??__Fg_UNUSED_SPRITE_VAR26@@YAXXZ,seam_forwarding
0x0044FFC0,??__Eg_UNUSED_SPRITE_VAR27@@YAXXZ,seam_forwarding
0x0044FFE0,??__Fg_UNUSED_SPRITE_VAR27@@YAXXZ,seam_forwarding
0x0044FFF0,??__Eg_UNUSED_SPRITE_VAR28@@YAXXZ,seam_forwarding
0x00450010,??__Fg_UNUSED_SPRITE_VAR28@@YAXXZ,seam_forwarding
0x00450020,??__Eg_UNUSED_SPRITE_VAR29@@YAXXZ,seam_forwarding
0x00450040,??__Fg_UNUSED_SPRITE_VAR29@@YAXXZ,seam_forwarding
0x00450050,??__Eg_UNUSED_SPRITE_VAR30@@YAXXZ,seam_forwarding
0x00450070,??__Fg_UNUSED_SPRITE_VAR30@@YAXXZ,seam_forwarding
0x00450080,??__Eg_UNUSED_SPRITE_VAR31@@YAXXZ,seam_forwarding
0x004500A0,??__Fg_UNUSED_SPRITE_VAR31@@YAXXZ,seam_forwarding
0x004500B0,??__Eg_UNUSED_SPRITE_VAR32@@YAXXZ,seam_forwarding
0x004500D0,??__Fg_UNUSED_SPRITE_VAR32@@YAXXZ,seam_forwarding
0x004500E0,??__Eg_UNUSED_SPRITE_VAR33@@YAXXZ,seam_forwarding
0x00450100,??__Fg_UNUSED_SPRITE_VAR33@@YAXXZ,seam_forwarding
0x00450110,??__Eg_UNUSED_SPRITE_VAR34@@YAXXZ,seam_forwarding
0x00450130,??__Fg_UNUSED_SPRITE_VAR34@@YAXXZ,seam_forwarding
0x00450140,??__Eg_UNUSED_SPRITE_VAR35@@YAXXZ,seam_forwarding
0x00450160,??__Fg_UNUSED_SPRITE_VAR35@@YAXXZ,seam_forwarding
0x00450170,??__Eg_UNUSED_SPRITE_VAR36@@YAXXZ,seam_forwarding
0x00450190,??__Fg_UNUSED_SPRITE_VAR36@@YAXXZ,seam_forwarding
0x004501A0,??__Eg_UNUSED_SPRITE_VAR37@@YAXXZ,seam_forwarding
0x004501C0,??__Fg_UNUSED_SPRITE_VAR37@@YAXXZ,seam_forwarding
0x004501D0,??__Eg_UNUSED_SPRITE_VAR38@@YAXXZ,seam_forwarding
0x004501F0,??__Fg_UNUSED_SPRITE_VAR38@@YAXXZ,seam_forwarding
0x00450200,??__Eg_UNUSED_SPRITE_VAR39@@YAXXZ,seam_forwarding
0x00450220,??__Fg_UNUSED_SPRITE_VAR39@@YAXXZ,seam_forwarding
0x00450230,??__Eg_UNUSED_SPRITE_VAR40@@YAXXZ,seam_forwarding
0x00450250,??__Fg_UNUSED_SPRITE_VAR40@@YAXXZ,seam_forwarding
0x00450260,??__Eg_UNUSED_SPRITE_VAR41@@YAXXZ,seam_forwarding
0x00450280,??__Fg_UNUSED_SPRITE_VAR41@@YAXXZ,seam_forwarding
0x00450290,??__Eg_UNUSED_SPRITE_VAR42@@YAXXZ,seam_forwarding
0x004502B0,??__Fg_UNUSED_SPRITE_VAR42@@YAXXZ,seam_forwarding
0x004502C0,??__Eg_UNUSED_SPRITE_VAR43@@YAXXZ,seam_forwarding
0x004502E0,??__Fg_UNUSED_SPRITE_VAR43@@YAXXZ,seam_forwarding
0x004502F0,??__Eg_UNUSED_SPRITE_VAR44@@YAXXZ,seam_forwarding
0x00450310,??__Fg_UNUSED_SPRITE_VAR44@@YAXXZ,seam_forwarding
0x00450320,??__Eg_UNUSED_SPRITE_VAR45@@YAXXZ,seam_forwarding
0x00450340,??__Fg_UNUSED_SPRITE_VAR45@@YAXXZ,seam_forwarding
0x00450350,??__Eg_UNUSED_SPRITE_VAR46@@YAXXZ,seam_forwarding
0x00450370,??__Fg_UNUSED_SPRITE_VAR46@@YAXXZ,seam_forwarding
0x00450380,??__Eg_IFACE_TECH_TREE_ARROW_SPRITES@@YAXXZ,seam_forwarding
0x004503B0,??__Fg_IFACE_TECH_TREE_ARROW_SPRITES@@YAXXZ,seam_forwarding
0x004503D0,??__Eg_UNUSED_SPRITE_VAR47@@YAXXZ,seam_forwarding
0x004503F0,??__Fg_UNUSED_SPRITE_VAR47@@YAXXZ,seam_forwarding
0x00450400,??__Eg_UNUSED_SPRITE_VAR48@@YAXXZ,seam_forwarding
0x00450420,??__Fg_UNUSED_SPRITE_VAR48@@YAXXZ,seam_forwarding
0x00450430,??__Eg_UNUSED_SPRITE_VAR49@@YAXXZ,seam_forwarding
0x00450450,??__Fg_UNUSED_SPRITE_VAR49@@YAXXZ,seam_forwarding
0x00450460,??__Eg_UNUSED_SPRITE_VAR50@@YAXXZ,seam_forwarding
0x00450480,??__Fg_UNUSED_SPRITE_VAR50@@YAXXZ,seam_forwarding
0x00450490,??__Eg_UNUSED_SPRITE_VAR51@@YAXXZ,seam_forwarding
0x004504B0,??__Fg_UNUSED_SPRITE_VAR51@@YAXXZ,seam_forwarding
0x004504C0,??__Eg_UNUSED_SPRITE_VAR52@@YAXXZ,seam_forwarding
0x004504E0,??__Fg_UNUSED_SPRITE_VAR52@@YAXXZ,seam_forwarding
0x004504F0,??__Eg_UNUSED_SPRITE_VAR53@@YAXXZ,seam_forwarding
0x00450510,??__Fg_UNUSED_SPRITE_VAR53@@YAXXZ,seam_forwarding
0x00450520,??__Eg_UNUSED_SPRITE_VAR54@@YAXXZ,seam_forwarding
0x00450540,??__Fg_UNUSED_SPRITE_VAR54@@YAXXZ,seam_forwarding
0x00450550,??__Eg_UNUSED_SPRITE_VAR55@@YAXXZ,seam_forwarding
0x00450570,??__Fg_UNUSED_SPRITE_VAR55@@YAXXZ,seam_forwarding
0x00450580,??__Eg_UNUSED_SPRITE_VAR56@@YAXXZ,seam_forwarding
0x004505A0,??__Fg_UNUSED_SPRITE_VAR56@@YAXXZ,seam_forwarding
0x004505B0,??__Eg_UNUSED_SPRITE_VAR57@@YAXXZ,seam_forwarding
0x004505D0,??__Fg_UNUSED_SPRITE_VAR57@@YAXXZ,seam_forwarding
0x004505E0,??__Eg_UNUSED_SPRITE_VAR58@@YAXXZ,seam_forwarding
0x00450600,??__Fg_UNUSED_SPRITE_VAR58@@YAXXZ,seam_forwarding
0x00450610,??__Eg_UNUSED_SPRITE_VAR59@@YAXXZ,seam_forwarding
0x00450630,??__Fg_UNUSED_SPRITE_VAR59@@YAXXZ,seam_forwarding
0x00450640,??__Eg_UNUSED_SPRITE_VAR60@@YAXXZ,seam_forwarding
0x00450660,??__Fg_UNUSED_SPRITE_VAR60@@YAXXZ,seam_forwarding
0x00450670,??__Eg_UNUSED_SPRITE_VAR61@@YAXXZ,seam_forwarding
0x00450690,??__Fg_UNUSED_SPRITE_VAR61@@YAXXZ,seam_forwarding
0x004506A0,??__Eg_UNUSED_SPRITE_VAR62@@YAXXZ,seam_forwarding
0x004506C0,??__Fg_UNUSED_SPRITE_VAR62@@YAXXZ,seam_forwarding
0x004506D0,??__Eg_UNUSED_SPRITE_VAR63@@YAXXZ,seam_forwarding
0x004506F0,??__Fg_UNUSED_SPRITE_VAR63@@YAXXZ,seam_forwarding
0x00450700,??__Eg_UNUSED_SPRITE_VAR64@@YAXXZ,seam_forwarding
0x00450720,??__Fg_UNUSED_SPRITE_VAR64@@YAXXZ,seam_forwarding
0x00450730,??__Eg_UNUSED_SPRITE_VAR65@@YAXXZ,seam_forwarding
0x00450750,??__Fg_UNUSED_SPRITE_VAR65@@YAXXZ,seam_forwarding
0x00450760,??__Eg_UNUSED_SPRITE_VAR66@@YAXXZ,seam_forwarding
0x00450780,??__Fg_UNUSED_SPRITE_VAR66@@YAXXZ,seam_forwarding
0x00450790,??__Eg_UNUSED_SPRITE_VAR67@@YAXXZ,seam_forwarding
0x004507B0,??__Fg_UNUSED_SPRITE_VAR67@@YAXXZ,seam_forwarding
0x004507C0,??__Eg_UNUSED_SPRITE_VAR68@@YAXXZ,seam_forwarding
0x004507E0,??__Fg_UNUSED_SPRITE_VAR68@@YAXXZ,seam_forwarding
0x004507F0,??__Eg_UNUSED_SPRITE_VAR69@@YAXXZ,seam_forwarding
0x00450810,??__Fg_UNUSED_SPRITE_VAR69@@YAXXZ,seam_forwarding
0x00450820,??__Eg_UNUSED_SPRITE_VAR70@@YAXXZ,seam_forwarding
0x00450840,??__Fg_UNUSED_SPRITE_VAR70@@YAXXZ,seam_forwarding
0x00450850,??__Eg_UNUSED_SPRITE_VAR71@@YAXXZ,seam_forwarding
0x00450870,??__Fg_UNUSED_SPRITE_VAR71@@YAXXZ,seam_forwarding
0x00450880,??__Eg_UNUSED_SPRITE_VAR72@@YAXXZ,seam_forwarding
0x004508A0,??__Fg_UNUSED_SPRITE_VAR72@@YAXXZ,seam_forwarding
0x004508B0,??__Eg_UNUSED_SPRITE_VAR73@@YAXXZ,seam_forwarding
0x004508D0,??__Fg_UNUSED_SPRITE_VAR73@@YAXXZ,seam_forwarding
0x004508E0,??__Eg_UNUSED_SPRITE_VAR74@@YAXXZ,seam_forwarding
0x00450900,??__Fg_UNUSED_SPRITE_VAR74@@YAXXZ,seam_forwarding
0x00450910,??__Eg_UNUSED_SPRITES_VAR02@@YAXXZ,seam_forwarding
0x00450940,??__Fg_UNUSED_SPRITES_VAR02@@YAXXZ,seam_forwarding
0x00450960,??__Eg_UNUSED_SPRITES_VAR03@@YAXXZ,seam_forwarding
0x00450990,??__Fg_UNUSED_SPRITES_VAR03@@YAXXZ,seam_forwarding
0x004509B0,??__Eg_UNUSED_SPRITES_VAR04@@YAXXZ,seam_forwarding
0x004509E0,??__Fg_UNUSED_SPRITES_VAR04@@YAXXZ,seam_forwarding
0x00450A00,??__Eg_UNUSED_SPRITES_VAR05@@YAXXZ,seam_forwarding
0x00450A30,??__Fg_UNUSED_SPRITES_VAR05@@YAXXZ,seam_forwarding
0x00450A50,??__Eg_UNUSED_SPRITES_VAR06@@YAXXZ,seam_forwarding
0x00450A80,??__Fg_UNUSED_SPRITES_VAR06@@YAXXZ,seam_forwarding
0x00450AA0,??__Eg_UNUSED_SPRITES_VAR07@@YAXXZ,seam_forwarding
0x00450AD0,??__Fg_UNUSED_SPRITES_VAR07@@YAXXZ,seam_forwarding
0x00450AF0,??__Eg_UNUSED_SPRITES_VAR08@@YAXXZ,seam_forwarding
0x00450B20,??__Fg_UNUSED_SPRITES_VAR08@@YAXXZ,seam_forwarding
0x00450B40,??__Eg_UNUSED_SPRITES_VAR09@@YAXXZ,seam_forwarding
0x00450B70,??__Fg_UNUSED_SPRITES_VAR09@@YAXXZ,seam_forwarding
0x00450B90,??__Eg_UNUSED_SPRITES_VAR10@@YAXXZ,seam_forwarding
0x00450BC0,??__Fg_UNUSED_SPRITES_VAR10@@YAXXZ,seam_forwarding
0x00450BE0,??__Eg_UNUSED_SPRITE_VAR75@@YAXXZ,seam_forwarding
0x00450C00,??__Fg_UNUSED_SPRITE_VAR75@@YAXXZ,seam_forwarding
0x00450C10,??__Eg_UNUSED_SPRITE_VAR76@@YAXXZ,seam_forwarding
0x00450C30,??__Fg_UNUSED_SPRITE_VAR76@@YAXXZ,seam_forwarding
0x00450C40,??__Eg_UNUSED_SPRITE_VAR77@@YAXXZ,seam_forwarding
0x00450C60,??__Fg_UNUSED_SPRITE_VAR77@@YAXXZ,seam_forwarding
0x00450C70,??__Eg_UNUSED_SPRITE_VAR78@@YAXXZ,seam_forwarding
0x00450C90,??__Fg_UNUSED_SPRITE_VAR78@@YAXXZ,seam_forwarding
0x00450CA0,??__Eg_UNUSED_SPRITE_VAR79@@YAXXZ,seam_forwarding
0x00450CC0,??__Fg_UNUSED_SPRITE_VAR79@@YAXXZ,seam_forwarding
0x00450CD0,??__Eg_UNUSED_SPRITE_VAR80@@YAXXZ,seam_forwarding
0x00450CF0,??__Fg_UNUSED_SPRITE_VAR80@@YAXXZ,seam_forwarding
0x00450D00,??__Eg_UNUSED_SPRITE_VAR81@@YAXXZ,seam_forwarding
0x00450D20,??__Fg_UNUSED_SPRITE_VAR81@@YAXXZ,seam_forwarding
0x00450D30,??__Eg_UNUSED_SPRITE_VAR82@@YAXXZ,seam_forwarding
0x00450D50,??__Fg_UNUSED_SPRITE_VAR82@@YAXXZ,seam_forwarding
0x00450D60,??__Eg_UNUSED_SPRITE_VAR83@@YAXXZ,seam_forwarding
0x00450D80,??__Fg_UNUSED_SPRITE_VAR83@@YAXXZ,seam_forwarding
0x00450D90,??__Eg_BASEWIN_SPRITES@@YAXXZ,seam_forwarding
0x00450DC0,??__Fg_BASEWIN_SPRITES@@YAXXZ,seam_forwarding
0x00455E50,?load_deswin_sprites@@YAXXZ,straight_line
0x00456280,??_GGamma@@UAEPAXI@Z,straight_line
0x004562B0,??3Gamma@@SAXPAXI@Z,loop
0x004562C0,??__Eg_INFOWIN@@YAXXZ,seam_forwarding
0x004562E0,??__Fg_INFOWIN@@YAXXZ,seam_forwarding
0x004562F0,?UNK1@InfoWin@@QAEXXZ,straight_line
0x00458900,?change@InfoWin@@QAEXH@Z,straight_line
0x00458910,?on_redraw@InfoWin@@QAEXXZ,straight_line
0x00458920,?UNK3@InfoWin@@QAEXHH@Z,straight_line
0x00459280,?reset@InfoWin@@QAEXXZ,straight_line
0x00459560,??__Eg_MAININTERFACE@@YAXXZ,seam_forwarding
0x00459580,??__Fg_MAININTERFACE@@YAXXZ,seam_forwarding
0x00459590,??__Eg_MAININTERFACE_WAVE@@YAXXZ,seam_forwarding
0x004595B0,??__Fg_MAININTERFACE_WAVE@@YAXXZ,seam_forwarding
0x0045C170,?clear_message@MainInterface@@QAEXXZ,straight_line
0x0045C280,?UNK1@MainInterface@@QAEXH@Z,straight_line
0x0045C5B0,?UNK2@MainInterface@@QAEXXZ,straight_line
0x0045CC80,?on_iface_scrolled@MainInterface@@QAEXHH@Z,straight_line
0x0045CC90,?on_iface_scrolling@MainInterface@@QAEXHH@Z,straight_line
0x0045CCA0,?on_iface_button_toggled@MainInterface@@QAEXHH@Z,straight_line
0x0045CDB0,?on_iface_right_double_click@MainInterface@@QAEXHH@Z,straight_line
0x0045D160,?on_iface_button_pressed@MainInterface@@QAEHH@Z,straight_line
0x0045EB60,?UNK3@MainInterface@@QAEXXZ,straight_line
0x0045EB70,?UNK4@MainInterface@@QAEXXZ,straight_line
0x0045F1C0,??_GMainInterface@@UAEPAXI@Z,straight_line
0x0045F1F0,??3MainInterface@@SAXPAXI@Z,loop
0x0045F6F0,?on_key_down@Interlude@@QAEXH@Z,straight_line
0x0045F700,?on_left_down@Interlude@@QAEXHH@Z,straight_line
0x0045F710,??_GInterlude@@UAEPAXI@Z,straight_line
0x0045F910,??3Interlude@@SAXPAXI@Z,loop
0x0045F920,??__Eg_JACKAL_FONT@@YAXXZ,seam_forwarding
0x0045F940,??__Fg_JACKAL_FONT@@YAXXZ,seam_forwarding
0x00462080,??__Eg_MAPWIN@@YAXXZ,seam_forwarding
0x004620A0,??__Fg_MAPWIN@@YAXXZ,straight_line
0x00462960,?UNK1@MapWin@@QAEHXZ,straight_line
0x00462970,?UNK2@MapWin@@QAEHXZ,straight_line
0x00467960,?UNK3@MapWin@@QAEXXZ,straight_line
0x0046AF40,?draw_tile@@YAXHHH@Z,loop
0x0046B140,?draw_tiles@@YAXHHH@Z,loop
0x0046EBA0,?on_left_click@MapWin@@QAEXHH@Z,straight_line
0x0046EBD0,?on_left_double_click@MapWin@@QAEXHH@Z,straight_line
0x0046EBE0,?on_right_click@MapWin@@QAEXHH@Z,straight_line
0x0046EFF0,?on_left_up@MapWin@@QAEXHH@Z,straight_line
0x0046FB10,?main_caption@MapWin@@QAEXXZ,straight_line
0x0046FB80,?do_image_buttons@MapWin@@QAEXXZ,straight_line
0x00470F70,?close@MapWin@@QAEXXZ,straight_line
0x00471160,mapwin_nullsub1,straight_line
0x00471170,mapwin_nullsub2,straight_line
0x00471180,mapwin_nullsub3,straight_line
0x00471190,mapwin_nullsub4,straight_line
0x004712A0,?on_map@@YAHHH@Z,straight_line
0x00471320,??__Eg_MESSAGEWIN@@YAXXZ,seam_forwarding
0x00471340,??__Fg_MESSAGEWIN@@YAXXZ,seam_forwarding
0x00471350,??__Eg_IFACE_GREEN_RIGHT_ARROW_SPRITE@@YAXXZ,seam_forwarding
0x00471380,??__Fg_IFACE_GREEN_RIGHT_ARROW_SPRITE@@YAXXZ,seam_forwarding
0x004713A0,?UNK1@MessageWin@@QAEXHHHHH@Z,straight_line
0x00471D40,?UNK4@MessageWin@@QAEXH@Z,straight_line
0x00472200,??__Eg_MONUWIN@@YAXXZ,seam_forwarding
0x00472220,??__Fg_MONUWIN@@YAXXZ,seam_forwarding
0x00477DD0,??_GMonuWin@@UAEPAXI@Z,straight_line
0x00477E00,??3MonuWin@@SAXPAXI@Z,loop
0x00477E10,??__Eg_MULTIWIN@@YAXXZ,seam_forwarding
0x00477E30,??__Fg_MULTIWIN@@YAXXZ,seam_forwarding
0x00477E40,??__Eg_MULTIWIN_WAVE@@YAXXZ,seam_forwarding
0x00477E60,??__Fg_MULTIWIN_WAVE@@YAXXZ,seam_forwarding
0x0047A6C0,??_GMultiWin@@UAEPAXI@Z,straight_line
0x0047A760,??3MultiWin@@SAXPAXI@Z,loop
0x0047A770,??__Eg_NETMSG1@@YAXXZ,seam_forwarding
0x0047A790,??__Fg_NETMSG1@@YAXXZ,seam_forwarding
0x0047A7A0,??__Eg_NETMSG2@@YAXXZ,seam_forwarding
0x0047A7C0,??__Fg_NETMSG2@@YAXXZ,seam_forwarding
0x0047A7D0,?close@NetMsg@@QAEXXZ,straight_line
0x0047AD70,??_GNetMsg@@UAEPAXI@Z,straight_line
0x0047AFE0,??3NetMsg@@SAXPAXI@Z,loop
0x0047AFF0,??__Eg_NETWIN@@YAXXZ,seam_forwarding
0x0047B010,??__Fg_NETWIN@@YAXXZ,seam_forwarding
0x0047B750,?on_key_click@NetWin@@QAEHHH@Z,straight_line
0x0047F920,?UNK1@NetWin@@QAEXXZ,straight_line
0x0047F930,?UNK2@NetWin@@QAEXXZ,straight_line
0x0047F940,?on_mouse_move@NetWin@@QAEXHH@Z,straight_line
0x0047F950,?on_mouse_leave@NetWin@@QAEXHH@Z,straight_line
0x004834D0,?alloc_slots@NetWin@@QAEXXZ,straight_line
0x004837C0,??_GNetWin@@UAEPAXI@Z,straight_line
0x00483820,?UNK5@NetWin@@QAEXXZ,straight_line
0x00483840,??3NetWin@@SAXPAXI@Z,loop
0x00483850,??__Eg_NEWTECHWIN@@YAXXZ,seam_forwarding
0x00483870,??__Fg_NEWTECHWIN@@YAXXZ,seam_forwarding
0x00483880,??__Eg_NEWTECHWIN_SPRITES@@YAXXZ,seam_forwarding
0x00483E80,?on_button_clicked@NewTechWin@@QAEXH@Z,straight_line
0x00483E90,?on_left_click@NewTechWin@@QAEXHH@Z,straight_line
0x00483EA0,?on_key_click@NewTechWin@@QAEHHH@Z,straight_line
0x00484A80,??_GNewTechWin@@UAEPAXI@Z,straight_line
0x00484AB0,??3NewTechWin@@SAXPAXI@Z,loop
0x00484B60,?close@PickTech@@QAEXXZ,straight_line
0x00488660,??_GPickTech@@UAEPAXI@Z,straight_line
0x00488740,??3PickTech@@SAXPAXI@Z,loop
0x00488750,??__Eg_PICKWIN@@YAXXZ,seam_forwarding
0x00488770,??__Fg_PICKWIN@@YAXXZ,seam_forwarding
0x00489B10,?on_button_passover@PickWin@@QAEXHH@Z,straight_line
0x0048ADC0,??_GPickWin@@UAEPAXI@Z,straight_line
0x0048ADF0,??3PickWin@@SAXPAXI@Z,loop
0x0048AE00,??__Eg_PLANWIN@@YAXXZ,seam_forwarding
0x0048AE20,??__Fg_PLANWIN@@YAXXZ,straight_line
0x0048AF20,?clear_lines@PlanWin@@QAEXXZ,straight_line
0x0048B3C0,?UNK1@PlanWin@@QAEXXZ,straight_line
0x0048BC20,?blink@PlanWin@@QAEXXZ,straight_line
0x0048BC50,?close@PlanWin@@QAEXXZ,loop
0x0048BEE0,?xrange@@YAHH@Z,straight_line
0x0048BF10,??3PlanWin@@SAXPAXI@Z,straight_line
0x0048BF60,?on_lose_mouse_capture@thunk5_MapWin@@QAEXXZ,loop
0x0048BF70,?on_redraw@thunk1_PlanWin@@QAEXXZ,loop
0x0048BF80,?on_resize@thunk5_MapWin@@QAEXHH@Z,loop
0x0048BF90,?on_sys_close@thunk5_MapWin@@QAEXXZ,loop
0x0048BFA0,?on_mouse_move@thunk5_MapWin@@QAEXHH@Z,loop
0x0048BFB0,?on_left_click@thunk5_MapWin@@QAEXHH@Z,loop
0x0048BFC0,?on_left_down@thunk5_MapWin@@QAEXHH@Z,loop
0x0048BFD0,?on_left_up@thunk5_MapWin@@QAEXHH@Z,loop
0x0048BFE0,?on_right_click@thunk5_MapWin@@QAEXHH@Z,loop
0x0048BFF0,?on_right_down@thunk5_MapWin@@QAEXHH@Z,loop
0x0048C000,?on_left_double_click@thunk5_MapWin@@QAEXHH@Z,loop
0x0048C010,?on_nc_left_down@thunk5_MapWin@@QAEXHH@Z,loop
0x0048C020,?on_button_clicked@thunk5_MapWin@@QAEXH@Z,loop
0x0048C030,?on_nc_hittest@thunk5_MapWin@@QAEXHH@Z,loop
0x0048C040,??_Gthunk2_PlanWin@@UAEPAXI@Z,loop
0x0048D4F0,??__Eg_PREFWIN@@YAXXZ,seam_forwarding
0x0048D510,??__Fg_PREFWIN@@YAXXZ,seam_forwarding
0x0048D520,??__Eg_PREFWIN_BUTTONGROUP@@YAXXZ,seam_forwarding
0x0048D540,??__Fg_PREFWIN_BUTTONGROUP@@YAXXZ,seam_forwarding
0x0048D550,sub_48d550,straight_line
0x0048D560,sub_48d560,straight_line
0x0048D570,sub_48d570,straight_line
0x0048D590,sub_48d590,straight_line
0x0048D5B0,sub_48d5b0,straight_line
0x0048D5D0,sub_48d5d0,straight_line
0x0048D5F0,sub_48d5f0,straight_line
0x0048D610,sub_48d610,straight_line
0x0048D630,sub_48d630,straight_line
0x0048D670,sub_48d670,straight_line
0x0048D690,sub_48d690,straight_line
0x0048D6B0,sub_48d6b0,straight_line
0x0048D6D0,sub_48d6d0,straight_line
0x0048D6F0,sub_48d6f0,straight_line
0x0048D710,sub_48d710,straight_line
0x0048D730,sub_48d730,straight_line
0x0048D750,sub_48d750,straight_line
0x0048D760,sub_48d760,straight_line
0x0048D770,sub_48d770,straight_line
0x0048D790,sub_48d790,straight_line
0x0048D7B0,sub_48d7b0,straight_line
0x0048D7D0,sub_48d7d0,straight_line
0x0048D7F0,sub_48d7f0,straight_line
0x0048D810,sub_48d810,straight_line
0x004923E0,??_GPrefWin@@UAEPAXI@Z,straight_line
0x00492410,??3PrefWin@@SAXPAXI@Z,loop
0x004926B0,?close@ProdPicker@@QAEXXZ,straight_line
0x00493C10,?UNK1@ProdPicker@@QAEHH@Z,straight_line
0x00493E70,?on_scrolling@ProdPicker@@QAEXHH@Z,straight_line
0x00493E90,?on_mouse_move@ProdPicker@@QAEXHH@Z,straight_line
0x004945C0,?on_redraw_nc@ProdPicker@@QAEXPAURECT@@H@Z,straight_line
0x00495160,?UNK3@ProdPicker@@QAEXH@Z,straight_line
0x00495170,??__Eg_QUAYLEWIN@@YAXXZ,seam_forwarding
0x00495190,??__Fg_QUAYLEWIN@@YAXXZ,seam_forwarding
0x004968C0,??_GQuayleWin@@UAEPAXI@Z,straight_line
0x004968F0,??3QuayleWin@@SAXPAXI@Z,loop
0x00496900,??__Eg_REPORTIF@@YAXXZ,seam_forwarding
0x00496920,??__Fg_REPORTIF@@YAXXZ,seam_forwarding
0x00496930,??__Eg_REPORTWIN@@YAXXZ,seam_forwarding
0x00496950,??__Fg_REPORTWIN@@YAXXZ,seam_forwarding
0x004980F0,?on_mouse_move@ReportWin@@QAEXHH@Z,straight_line
0x00498100,?on_mouse_leave@ReportWin@@QAEXHH@Z,straight_line
0x004A5FE0,?on_iface_right_click@ReportIf@@QAEXHH@Z,straight_line
0x004A5FF0,?on_iface_left_double_click@ReportIf@@QAEXHH@Z,straight_line
0x004A6000,?on_iface_right_double_click@ReportIf@@QAEXHH@Z,straight_line
0x004A6010,?on_iface_left_down@ReportIf@@QAEXHH@Z,straight_line
0x004A6020,?on_iface_right_down@ReportIf@@QAEXHH@Z,straight_line
0x004A6030,?on_iface_mouse_move@ReportIf@@QAEXHH@Z,straight_line
0x004A6040,?on_iface_mouse_leave@ReportIf@@QAEXHH@Z,straight_line
0x004A6320,?on_iface_dialog_item_back_draw@ReportIf@@QAEHPAUGraphicWin@@HHPAURECT@@@Z,straight_line
0x004A6D60,?on_iface_button_toggled@ReportIf@@QAEXHH@Z,straight_line
0x004A9020,?close_energy@ReportIf@@QAEXXZ,straight_line
0x004AC130,?close_score@ReportIf@@QAEXXZ,straight_line
0x004AC980,?close_intel@ReportIf@@QAEXXZ,straight_line
0x004AD840,??_GReportWin@@UAEPAXI@Z,straight_line
0x004AD870,??3ReportWin@@SAXPAXI@Z,loop
0x004ADA80,?UNK1@SetupWin@@QAEHH@Z,straight_line
0x004ADAA0,?UNK2@SetupWin@@QAEHH@Z,straight_line
0x004ADAD0,?UNK3@SetupWin@@QAEHH@Z,straight_line
0x004ADAE0,?UNK4@SetupWin@@QAEHH@Z,straight_line
0x004AE760,??_GSetupWin@@UAEPAXI@Z,straight_line
0x004AE9A0,??3SetupWin@@SAXPAXI@Z,loop
0x004AE9B0,??__ESocialWinParent@@YAXXZ,seam_forwarding
0x004AE9D0,??__FSocialWinParent@@YAXXZ,seam_forwarding
0x004AEF00,?UNK2@SocialWin@@QAEXXZ,straight_line
0x004B1790,?UNK3@SocialWin@@QAEXXZ,straight_line
0x004B2400,?on_iface_left_down@SocialWin@@QAEXHH@Z,straight_line
0x004B2410,?on_iface_right_down@SocialWin@@QAEXHH@Z,straight_line
0x004B2420,?on_iface_mouse_move@SocialWin@@QAEXHH@Z,straight_line
0x004B2430,?on_iface_mouse_leave@SocialWin@@QAEXHH@Z,straight_line
0x004B2440,?on_iface_selected@SocialWin@@QAEXHH@Z,straight_line
0x004B2450,?on_iface_left_double_click@SocialWin@@QAEXHH@Z,straight_line
0x004B2460,?on_iface_right_double_click@SocialWin@@QAEXHH@Z,straight_line
0x004B2670,?on_iface_button_toggled@SocialWin@@QAEXHH@Z,straight_line
0x004B2680,?on_iface_group_clicked@SocialWin@@QAEXHHH@Z,straight_line
0x004B3F20,??_GCheckButton@@UAEPAXI@Z,straight_line
0x004B3F50,??_GSocialWin@@UAEPAXI@Z,straight_line
0x004B3F80,??3CheckButton@@SAXPAXI@Z,loop
0x004B3F90,??3SocialWin@@SAXPAXI@Z,loop
0x004B3FA0,??__Eg_STATUSWIN@@YAXXZ,seam_forwarding
0x004B3FC0,??__Fg_STATUSWIN@@YAXXZ,seam_forwarding
0x004B3FD0,?say_morale@@YAXPADHH@Z,loop
0x004B43C0,?say_morale@@YAXHH@Z,straight_line
0x004B8970,?reset@StatusWin@@QAEXXZ,loop
0x004B9F80,?close@StatusWin@@QAEXXZ,straight_line
0x004B9F90,?set_loc@StatusWin@@QAEXHH@Z,straight_line
0x004BA5C0,??__Eg_TUTWIN@@YAXXZ,seam_forwarding
0x004BA5E0,??__Fg_TUTWIN@@YAXXZ,seam_forwarding
0x004BA720,?UNK1@TutWin@@QAEXXZ,straight_line
0x004BA830,?UNK2@TutWin@@QAEXPAURECT@@PAHPAH@Z,straight_line
0x004BA870,?do_base@TutWin@@QAEXPAURECT@@PBDH@Z,straight_line
0x004BA8F0,?do_iface@TutWin@@QAEXPAURECT@@PBDH@Z,straight_line
0x004BA970,?do_soc@TutWin@@QAEXPAURECT@@PBDH@Z,straight_line
0x004BA9F0,?do_des@TutWin@@QAEXPAURECT@@PBDH@Z,straight_line
0x004BC5A0,?iface_rect@TutWin@@QAEXPAURECT@@PAH1@Z,straight_line
0x004BC5F0,?base_rect@TutWin@@QAEXPAURECT@@PAH1@Z,straight_line
0x004BC640,?soc_rect@TutWin@@QAEXPAURECT@@PAH1@Z,straight_line
0x004BC690,?des_rect@TutWin@@QAEXPAURECT@@PAH1@Z,straight_line
0x004BDDD0,?UNK3@TutWin@@QAEXH@Z,straight_line
0x004BE9F0,??_GTutWin@@UAEPAXI@Z,straight_line
0x004BEA20,??3TutWin@@SAXPAXI@Z,loop
0x004BEA30,??0UV2Player@@QAE@XZ,straight_line
0x004BF380,?UNK4@UV2Player@@QAEHXZ,straight_line
0x004BF6E0,??__Eg_VEHDRAW_CAVIAR@@YAXXZ,seam_forwarding
0x004BF700,??__Fg_VEHDRAW_CAVIAR@@YAXXZ,seam_forwarding
0x004BF710,??__Eg_VEHDRAW_BUFFER@@YAXXZ,seam_forwarding
0x004BF730,??__Fg_VEHDRAW_BUFFER@@YAXXZ,seam_forwarding
0x004C1D00,vehdraw_nullsub1,straight_line
0x004C38A0,vehdraw_nullsub2,straight_line
0x004C38B0,??__Eg_WORLDWIN@@YAXXZ,seam_forwarding
0x004C38D0,??__Fg_WORLDWIN@@YAXXZ,seam_forwarding
0x004C3E50,?on_left_click@WorldWin@@QAEXHH@Z,straight_line
0x004C3E70,?on_right_click@WorldWin@@QAEXHH@Z,straight_line
0x004C3E90,?on_left_double_click@WorldWin@@QAEXHH@Z,straight_line
0x004C45E0,?clear_terrain@WorldWin@@QAEXXZ,straight_line
0x004C4C70,??_GWorldWin@@UAEPAXI@Z,straight_line
0x004C4CA0,??3WorldWin@@SAXPAXI@Z,loop
0x004C4DD0,??0Wave_Device@@QAE@XZ,loop
0x004C4E60,??1Wave_Device@@QAE@XZ,loop
0x004C4ED0,?create_device@Wave_Device@@QAEHK@Z,straight_line
0x004C4F10,?delete_device@Wave_Device@@QAEHXZ,straight_line
0x004C4F40,?init@Wave_Device@@QAEHPAXK@Z,straight_line
0x004C4F80,?release@Wave_Device@@QAEXXZ,straight_line
0x004C4FC0,?suspend@Wave_Device@@QAEXXZ,straight_line
0x004C4FD0,?restart@Wave_Device@@QAEXXZ,straight_line
0x004C4FE0,?update_sound@Wave_Device@@QAEXXZ,straight_line
0x004C4FF0,?get_ndevices@Wave_Device@@QAEHXZ,straight_line
0x004C5000,?set_hwnd@Wave_Device@@QAEHPAX@Z,straight_line
0x004C5020,?get_hw_mem_size@Wave_Device@@QAEHXZ,straight_line
0x004C5030,?select@Wave_Device@@QAEHK@Z,loop
0x004C50F0,?get_description@Wave_Device@@QAEXKPADK@Z,straight_line
0x004C5120,?set_rate@Wave_Device@@QAEXK@Z,straight_line
0x004C5140,?get_rate@Wave_Device@@QAEHXZ,straight_line
0x004C5150,?set_volume@Wave_Device@@QAEXK@Z,straight_line
0x004C5170,?get_volume@Wave_Device@@QAEHXZ,straight_line
0x004C5180,?set_pan@Wave_Device@@QAEXH@Z,straight_line
0x004C5190,?get_ds@Wave_Device@@QAEHXZ,straight_line
0x004C51A0,?fade@Wave_Device@@QAEHI@Z,straight_line
0x004C51B0,?stop@Wave_Device@@QAEHXZ,straight_line
0x004C51C0,?enable@Wave_Device@@QAEXXZ,straight_line
0x004C51D0,?disable@Wave_Device@@QAEXXZ,straight_line
0x004C51E0,?is_disabled@Wave_Device@@QAEHXZ,straight_line
0x004C5200,?start_raw_dump@Wave_Device@@QAEHPAD@Z,straight_line
0x004C5220,?stop_raw_dump@Wave_Device@@QAEHXZ,straight_line
0x004C5240,?add_to_group@Wave_Device@@QAEHIPAUWave@@@Z,straight_line
0x004C5280,?pull_from_group@Wave_Device@@QAEHPAUWave@@@Z,loop
0x004C5320,?set_group_volume@Wave_Device@@QAEHII@Z,loop
0x004C5380,?get_group_volume@Wave_Device@@QAEHI@Z,straight_line
0x004C53A0,?enable_group@Wave_Device@@QAEHI@Z,loop
0x004C5400,?disable_group@Wave_Device@@QAEHI@Z,loop
0x004C5460,?is_group_disabled@Wave_Device@@QAEHI@Z,straight_line
0x004C5490,??0WaveControlGroup@@QAE@XZ,straight_line
0x004C54B0,?is_eax@Wave_Device@@QAEHXZ,straight_line
0x004C54C0,?set_eax@Wave_Device@@QAEHPAUEAX_REVERB_PROPERTIES@@@Z,straight_line
0x004C54E0,?set_eax@Wave_Device@@QAEHK@Z,straight_line
0x004C5500,?set_eax_mix@Wave_Device@@QAEHM@Z,straight_line
0x004C5530,?is_3d@Wave_Device@@QAEHXZ,straight_line
0x004C5550,?set_listener_position@Wave_Device@@QAEHMMM@Z,straight_line
0x004C5580,?get_listener_position@Wave_Device@@QAEHPAM00@Z,straight_line
0x004C55B0,?set_listener_xpos@Wave_Device@@QAEHM@Z,straight_line
0x004C55E0,?get_listener_xpos@Wave_Device@@QAEHPAM@Z,straight_line
0x004C5610,?set_listener_ypos@Wave_Device@@QAEHM@Z,straight_line
0x004C5640,?get_listener_ypos@Wave_Device@@QAEHPAM@Z,straight_line
0x004C5670,?set_listener_zpos@Wave_Device@@QAEHM@Z,straight_line
0x004C56A0,?get_listener_zpos@Wave_Device@@QAEHPAM@Z,straight_line
0x004C5830,?get_ndevices@Midi_Device@@QAEHXZ,straight_line
0x004C5840,?select@Midi_Device@@QAEHI@Z,straight_line
0x004C5850,?get_description@Midi_Device@@QAEHIPADI@Z,straight_line
0x004C5860,?set_volume@Midi_Device@@QAEXI@Z,straight_line
0x004C5870,?get_volume@Midi_Device@@QAEHXZ,straight_line
0x004C5880,?set_pan@Midi_Device@@QAEXH@Z,straight_line
0x004C5890,?fade@Midi_Device@@QAEHI@Z,straight_line
0x004C58A0,?stop@Midi_Device@@QAEHXZ,straight_line
0x004C58B0,?update_sound@Midi_Device@@QAEXXZ,straight_line
0x004C58C0,?set_rate@Midi_Device@@QAEXI@Z,straight_line
0x004C58D0,?get_rate@Midi_Device@@QAEHXZ,straight_line
0x004C58E0,?suspend@Midi_Device@@QAEXXZ,straight_line
0x004C58F0,?restart@Midi_Device@@QAEXXZ,straight_line
0x004C5900,?enable@Midi_Device@@QAEXXZ,straight_line
0x004C5910,?disable@Midi_Device@@QAEXXZ,straight_line
0x004C5920,?is_disabled@Midi_Device@@QAEHXZ,straight_line
0x004C5A80,?set_codec@Wave_In_Device@@QAEHK@Z,straight_line
0x004C5AA0,?set_vxw_key@Wave_In_Device@@QAEHPAC@Z,straight_line
0x004C5AC0,?get_ndevices@Wave_In_Device@@QAEHXZ,straight_line
0x004C5AD0,?select@Wave_In_Device@@QAEHI@Z,straight_line
0x004C5AE0,?get_description@Wave_In_Device@@QAEHIPADI@Z,straight_line
0x004C5AF0,?get_caps@Wave_In_Device@@QAEHI@Z,straight_line
0x004C5B00,?stop@Wave_In_Device@@QAEHXZ,straight_line
0x004C5B10,?update_sound@Wave_In_Device@@QAEXXZ,straight_line
0x004C5B20,?set_rate@Wave_In_Device@@QAEXI@Z,straight_line
0x004C5B30,?get_rate@Wave_In_Device@@QAEHXZ,straight_line
0x004C5B40,?suspend@Wave_In_Device@@QAEXXZ,straight_line
0x004C5B50,?restart@Wave_In_Device@@QAEXXZ,straight_line
0x004C5B60,?start_record@Wave_In_Device@@QAEHXZ,straight_line
0x004C5B70,?end_record@Wave_In_Device@@QAEHXZ,straight_line
0x004C5B80,??1WaveControlGroup@@QAE@XZ,loop
0x004C5BF0,sub_4c5bf0,straight_line
0x004C5C50,??__Eg_WAVE_DEVICE@@YAXXZ,seam_forwarding
0x004C5C70,??__Fg_WAVE_DEVICE@@YAXXZ,seam_forwarding
0x004C5C80,??__Eg_MIDI_DEVICE@@YAXXZ,seam_forwarding
0x004C5CA0,??__Fg_MIDI_DEVICE@@YAXXZ,seam_forwarding
0x004C5CB0,??__Eg_WAVE_IN_DEVICE@@YAXXZ,seam_forwarding
0x004C5CD0,??__Fg_WAVE_IN_DEVICE@@YAXXZ,seam_forwarding
0x004C6120,??1Sound@@QAE@XZ,loop
0x004C61E0,?set_type@Sound@@QAEXI@Z,straight_line
0x004C6280,?load@Sound@@QAEHPBD@Z,straight_line
0x004C6370,?attach@Sound@@QAEHXZ,straight_line
0x004C63D0,?detach@Sound@@QAEHXZ,straight_line
0x004C6430,?UNK1@Sound@@QAEHH@Z,straight_line
0x004C6440,?unload@Sound@@QAEHXZ,straight_line
0x004C6480,?play@Sound@@QAEHXZ,straight_line
0x004C64A0,?play@Sound@@QAEHI@Z,straight_line
0x004C64C0,?is_playing@Sound@@QAEHXZ,straight_line
0x004C64D0,?stop@Sound@@QAEHXZ,straight_line
0x004C64F0,?release@Sound@@QAEHXZ,straight_line
0x004C6510,?set_volume@Sound@@QAEXH@Z,straight_line
0x004C6540,?set_loop_state@Sound@@QAEXJ@Z,straight_line
0x004C6560,?set_delay@Sound@@QAEXI@Z,straight_line
0x004C6580,?set_fade@Sound@@QAEHK@Z,straight_line
0x004C65B0,?set_fade_in@Sound@@QAEHI@Z,straight_line
0x004C65E0,?fade@Sound@@QAEHXZ,straight_line
0x004C6600,?fade@Sound@@QAEXK@Z,straight_line
0x004C6620,?fade_in@Sound@@QAEHXZ,straight_line
0x004C6640,?ramp@Sound@@QAEXHHI@Z,straight_line
0x004C6660,?fade_in@Sound@@QAEXI@Z,straight_line
0x004C6690,?is_looping@Sound@@QAEHXZ,straight_line
0x004C66A0,?get_time@Sound@@QAEHXZ,straight_line
0x004C66B0,?set_pan@Sound@@QAEXH@Z,straight_line
0x004C66E0,??0Wave@@QAE@XZ,loop
0x004C67C0,??1Wave@@QAE@XZ,loop
0x004C68F0,?play@Wave@@QAEHH@Z,straight_line
0x004C6920,?play@Wave@@QAEHXZ,straight_line
0x004C69B0,?init@Wave@@QAEXPADK@Z,straight_line
0x004C6AE0,?is_hwbuffer@Wave@@QAEHXZ,straight_line
0x004C6B00,?get_ms_length@Wave@@QAEHXZ,straight_line
0x004C6B10,?is_playing@Wave@@QAEHXZ,straight_line
0x004C6B60,?set_fname@Wave@@QAEHPBD@Z,straight_line
0x004C6BB0,?dyna_load@Wave@@QAEHPAD@Z,straight_line
0x004C6C20,?load@Wave@@QAEHPBD@Z,straight_line
0x004C6CE0,?load@Wave@@QAEHXZ,straight_line
0x004C6DB0,?load@Wave@@QAEHPADK@Z,straight_line
0x004C6DF0,?reload@Wave@@QAEHXZ,straight_line
0x004C6EA0,?unload@Wave@@QAEXXZ,straight_line
0x004C6EE0,?set_pitch@Wave@@QAEXH@Z,straight_line
0x004C6F20,?set_attrib@Wave@@QAEXK@Z,straight_line
0x004C6F80,?get_attrib@Wave@@QAEHXZ,straight_line
0x004C6FD0,?get_time@Wave@@QAEHI@Z,straight_line
0x004C6FF0,?get_current_marker@Wave@@QAEHXZ,straight_line
0x004C7010,?get_game_hwnd@Wave@@QAEHXZ,straight_line
0x004C7020,?get_ndevices@Wave@@QAEHXZ,straight_line
0x004C7040,?get_device_description@Wave@@QAEHPADHH@Z,straight_line
0x004C7080,?UNK1@Wave@@QAEHH@Z,loop
0x004C70A0,?set_reverb_mix@Wave@@QAEHM@Z,straight_line
0x004C70D0,?set_bufflimit@Wave@@QAEHI@Z,straight_line
0x004C70E0,?set_asdr@Wave@@QAEHXZ,straight_line
0x004C70F0,?set_attack@Wave@@QAEHIII@Z,straight_line
0x004C7100,?set_sustain@Wave@@QAEHIII@Z,straight_line
0x004C7110,?set_decay@Wave@@QAEHIII@Z,straight_line
0x004C7120,?set_release@Wave@@QAEHIII@Z,straight_line
0x004C7130,?set_volume@Wave@@QAEXH@Z,x87
0x004C7190,?set_position3d@Wave@@QAEHMMM@Z,straight_line
0x004C71C0,?set_xpos@Wave@@QAEHM@Z,straight_line
0x004C71F0,?set_ypos@Wave@@QAEHM@Z,straight_line
0x004C7220,?set_zpos@Wave@@QAEHM@Z,straight_line
0x004C7250,?is_3d@Wave@@QAEHXZ,straight_line
0x004C75A0,sub_4c75a0,straight_line
0x004C7670,??1Ambience@@QAE@XZ,loop
0x004C7760,?play@Midi@@QAEHXZ,straight_line
0x004C77D0,?set_switch_type@Midi@@QAEHK@Z,straight_line
0x004C7800,?add_switch_range@Midi@@QAEHKK@Z,straight_line
0x004C7830,?set_nswitch_threads@Midi@@QAEHK@Z,straight_line
0x004C7860,?map_patch@Midi@@QAEHPADKK@Z,straight_line
0x004C7890,?map_patch@Midi@@QAEHPADK@Z,straight_line
0x004C78E0,?clear_patch@Midi@@QAEHK@Z,straight_line
0x004C7910,?reset@Midi@@QAEHXZ,straight_line
0x004C7930,?set_track@Midi@@QAEHPAEK@Z,straight_line
0x004C7960,?mute_track@Midi@@QAEHK@Z,straight_line
0x004C7990,?unmute_track@Midi@@QAEHK@Z,straight_line
0x004C79C0,?set_active_tracks@Midi@@QAEHKK@Z,straight_line
0x004C79F0,?set_active_tracks@Midi@@QAEHI@Z,straight_line
0x004C7A20,?play_trackset@Midi@@QAEHI@Z,straight_line
0x004C7A50,?xpose_trackset@Midi@@QAEHIH@Z,straight_line
0x004C7A80,?stop_trackset@Midi@@QAEHI@Z,straight_line
0x004C7AD0,?add_active_trackset@Midi@@QAEHPAUTrackSet@@@Z,straight_line
0x004C7B00,?set_active_range_lo@Midi@@QAEHII@Z,straight_line
0x004C7B30,?set_active_range_hi@Midi@@QAEHII@Z,straight_line
0x004C7B60,?remove_active_trackset@Midi@@QAEHI@Z,straight_line
0x004C7B90,?get_trackset@Midi@@QAEHI@Z,straight_line
0x004C7BB0,?get_ntracks@Midi@@QAEHXZ,straight_line
0x004C7BD0,?load_patch@Midi@@QAEHI@Z,straight_line
0x004C7C00,?unload_patch@Midi@@QAEHI@Z,straight_line
0x004C7C30,?set_patch@Midi@@QAEHII@Z,straight_line
0x004C7D50,?set_tempo@Midi@@QAEHK@Z,straight_line
0x004C7E80,?get_time@Midi@@QAEHK@Z,straight_line
0x004C7EA0,?get_control_track@Midi@@QAEHXZ,straight_line
0x004C7EC0,?get_total_track_ticks@Midi@@QAEHK@Z,straight_line
0x004C7EE0,?set_channel_ctrl@Midi@@QAEHPAUChannelCtrl@@@Z,straight_line
0x004C7F10,?set_program_ctrl@Midi@@QAEHPAUProgramCtrl@@@Z,straight_line
0x004C7F40,?set_track_ctrl@Midi@@QAEHPAUTrackCtrl@@@Z,straight_line
0x004C8070,sub_4c8070,straight_line
0x004C8090,sub_4c8090,straight_line
0x004C80C0,sub_4c80c0,straight_line
0x004C80E0,sub_4c80e0,straight_line
0x004C8100,sub_4c8100,straight_line
0x004C8140,nullsub_223,straight_line
0x004C8460,??0Ambience@@QAE@XZ,loop
0x004C8950,sub_4c8950,straight_line
0x004C8C20,?start@VoiceRx@@QAEHXZ,straight_line
0x004C8C40,?stop@VoiceRx@@QAEHXZ,straight_line
0x004C8C50,?unload@VoiceRx@@QAEHXZ,straight_line
0x004C8C70,?add_buffer@VoiceRx@@QAEHPAU_MMIOINFO@@@Z,straight_line
0x004C8CA0,?get_buffer_size@VoiceRx@@QAEHXZ,straight_line
0x004C8EA0,?release@VoiceTx@@QAEXXZ,straight_line
0x004C9010,?get_nbuffers@VoiceTx@@QAEHXZ,straight_line
0x004C9030,?get_next_buffer@VoiceTx@@QAEHXZ,straight_line
0x004C9050,?return_buffer@VoiceTx@@QAEHPAU_MMIOINFO@@@Z,straight_line
0x004C92D0,??_GSound@@UAEPAXI@Z,straight_line
0x004C9300,??_GWave@@UAEPAXI@Z,straight_line
0x004C9330,??_GAmbience@@UAEPAXI@Z,straight_line
0x004C9360,??_GVideo@@UAEPAXI@Z,straight_line
0x004C93B0,??_GVoiceRx@@UAEPAXI@Z,straight_line
0x004C93E0,sub_4c93e0,straight_line
0x004C93F0,??_GVoiceTx@@UAEPAXI@Z,straight_line
0x004C9420,?terraform_cost@@YAHHHH@Z,straight_line
0x004C9A50,?contribution@@YAHHH@Z,straight_line
0x004CBAA0,?action_home@@YAHHH@Z,loop
0x004D9DC0,?on_left_click@DipEdit@@QAEXHH@Z,straight_line
0x004D9DD0,?on_redraw@DipEdit@@QAEXXZ,straight_line
0x004E1F20,?editor_undo@Console@@QAEXXZ,straight_line
0x004E1F40,?edit_lock@Console@@QAEHXZ,straight_line
0x004E23C0,??_GDipEdit@@UAEPAXI@Z,straight_line
0x004E23F0,??3DipEdit@@SAXPAXI@Z,loop
0x004E25B0,?close@AlphaNet@@QAEXXZ,loop
0x004E25E0,?pid_2_idx@AlphaNet@@QAEHK@Z,loop
0x004E2610,?pid_2_who@AlphaNet@@QAEHK@Z,loop
0x004E2660,?who_2_pid@AlphaNet@@QAEHH@Z,loop
0x004E26B0,?who_2_idx@AlphaNet@@QAEXH@Z,loop
0x004E32C0,nullsub_164,straight_line
0x004E32D0,nullsub_165,straight_line
0x004E32E0,nullsub_166,straight_line
0x004E32F0,nullsub_20,straight_line
0x004E39D0,?set_base@@YAXH@Z,straight_line
0x004E3A00,?say_base@@YAXPADH@Z,straight_line
0x004E3A50,?base_at@@YAHHH@Z,loop
0x004E3B80,?base_find@@YAHHH@Z,loop
0x004E3C60,?base_find@@YAHHHH@Z,loop
0x004E3D50,?base_find@@YAHHHHHHH@Z,loop
0x004E3EF0,?whose_territory@@YAHHHHPAHH@Z,straight_line
0x004E3FA0,?base_territory@@YAHHHH@Z,straight_line
0x004E4020,?best_specialist@@YAHXZ,loop
0x004E4090,?name_base@@YAXHPADHH@Z,loop
0x004E4350,?base_mark@@YAXH@Z,loop
0x004E4430,?cost_factor@@YAHHHH@Z,straight_line
0x004E4700,?base_making@@YAHHH@Z,straight_line
0x004E4810,?base_lose_minerals@@YAHHH@Z,straight_line
0x004E48B0,?set_fac@@YAXHHH@Z,straight_line
0x004E4900,has_fac_announced,straight_line
0x004E4960,set_fac_announced,straight_line
0x004E49D0,?is_coast@@YAHHHH@Z,loop
0x004E4AA0,?base_first@@YAXH@Z,loop
0x004E6400,?morale_mod@@YAHHHH@Z,loop
0x004E65C0,?breed_mod@@YAHHH@Z,straight_line
0x004E6740,?worm_mod@@YAHHH@Z,straight_line
0x004E6E50,?crop_yield@@YAHHHHHH@Z,straight_line
0x004E7310,?mine_yield@@YAHHHHHH@Z,straight_line
0x004E7750,?energy_yield@@YAHHHHHH@Z,loop
0x004E9550,?base_support@@YAXXZ,loop
0x004E9B60,nullsub_220,straight_line
0x004E9B70,?base_nutrient@@YAXXZ,straight_line
0x004E9CB0,?base_minerals@@YAXXZ,straight_line
0x004EA1F0,?black_market@@YAHH@Z,loop
0x004EA4A0,?psych_check@@YAXHPAHPAH@Z,straight_line
0x004EB490,?base_rank@@YAHHH@Z,loop
0x004ECB90,?crappy@@YAHHH@Z,straight_line
0x004EEF80,?pop_goal_fac@@YAHH@Z,straight_line
0x004EF090,?pop_goal@@YAHH@Z,straight_line
0x004F06E0,?base_queue@@YAHH@Z,loop
0x004F4DC0,?base_energy_costs@@YAXXZ,loop
0x004F6510,?fac_maint@@YAHHH@Z,loop
0x004F65F0,?base_maint@@YAXXZ,loop
0x004F7FE0,?make_base_unique@@YAXH@Z,loop
0x004F8090,?vector_dist@@YAHHH@Z,straight_line
0x004F80D0,?has_project@@YAHHH@Z,straight_line
0x00500150,?alt_at@@YAHHH@Z,straight_line
0x00500180,?alt_detail_at@@YAHHH@Z,straight_line
0x005001B0,?bit_at@@YAHHH@Z,straight_line
0x005001E0,?is_ocean@@YAHHH@Z,straight_line
0x00500220,?region_at@@YAHHH@Z,straight_line
0x00500250,?veh_who@@YAHHH@Z,straight_line
0x00500290,?has_fac_built@@YA_NH@Z,straight_line
0x005002E0,?base_project@@YAHH@Z,straight_line
0x005002F0,?has_treaty@@YAHHHH@Z,straight_line
0x00500320,?drop_range@@YAHH@Z,straight_line
0x005004F0,?planet_buster2@@YAHH@Z,straight_line
0x00500520,?planet_buster@@YAHH@Z,straight_line
0x005010C0,?defense_value@@YAHHHHHH@Z,straight_line
0x00501350,?morale_alien@@YAHHH@Z,loop
0x00501500,?psi_factor@@YAHHHHH@Z,straight_line
0x005015B0,?get_basic_offense@@YAHHHHHH@Z,straight_line
0x00501940,?get_basic_defense@@YAHHHHH@Z,straight_line
0x00501D30,?battle_init@@YAXXZ,straight_line
0x00501D50,?add_bat@@YAXHHPAD@Z,straight_line
0x00501DA0,?battle_compute@@YAXHHPAHPAHH@Z,loop
0x005044D0,?best_defender@@YAHHHH@Z,loop
0x00505D20,??__Eg_BOOM_BUFFER1@@YAXXZ,straight_line
0x00505D30,??__Eg_BOOM_FLIC@@YAXXZ,loop
0x00506490,?invasions@@YAXH@Z,loop
0x0050B910,?get_adjective@@YAHH@Z,straight_line
0x0050B930,?get_noun@@YAHH@Z,straight_line
0x0050B9A0,?say_stats_3@@YAXH@Z,straight_line
0x0050BA00,?bitmask@@YAXHPAHPAH@Z,straight_line
0x0050BA30,?bit_count@@YAHH@Z,loop
0x0050C4B0,?steal_energy@@YAHH@Z,straight_line
0x0050DDC0,?sea_coast@@YAHHH@Z,straight_line
0x0050DE00,?sea_coasts@@YAHH@Z,loop
0x0050DE50,?base_on_sea@@YAHHH@Z,loop
0x0050DF30,?base_coast@@YAHH@Z,loop
0x0050E030,?port_to_coast@@YAHHH@Z,loop
0x0050E160,?port_to_port@@YAHHH@Z,loop
0x0050E310,?transport_base@@YAHH@Z,loop
0x0050E3C0,?naval_base@@YAHH@Z,loop
0x0050E5C0,?convoy@@YAHHH@Z,loop
0x0050E820,?mandate_color@@YAHH@Z,straight_line
0x0050E850,??__Eg_CONSOLE@@YAXXZ,seam_forwarding
0x0050E870,??__Fg_CONSOLE@@YAXXZ,straight_line
0x0050E980,??__Eg_CONSOLE_TIMER@@YAXXZ,seam_forwarding
0x0050E9A0,??__Fg_CONSOLE_TIMER@@YAXXZ,seam_forwarding
0x0050F3D0,?start_timers@@YAXXZ,straight_line
0x0050F440,?stop_timers@@YAXXZ,straight_line
0x0050F640,nullsub_185,straight_line
0x0050F650,?clear_group@Console@@QAEXXZ,loop
0x005108A0,?focus@Console@@QAEXHHH@Z,loop
0x00514880,?update_data@Console@@QAEXH@Z,straight_line
0x00514EF0,?set_preferences@Console@@QAEXXZ,straight_line
0x00514F00,?set_adv_preferences@Console@@QAEXXZ,straight_line
0x00514F10,?set_auto_preferences@Console@@QAEXXZ,straight_line
0x00514F20,?set_base_preferences@Console@@QAEXXZ,straight_line
0x00514F30,?set_audiovisual@Console@@QAEXXZ,straight_line
0x00514F40,?set_map_display@Console@@QAEXXZ,straight_line
0x00515760,nullsub_186,straight_line
0x0051D9D0,nullsub_187,straight_line
0x0051D9E0,nullsub_188,straight_line
0x0051DC90,??_GAlphaMenu@@UAEPAXI@Z,straight_line
0x0051DDE0,??_Gthunk1_Console@@UAEPAXI@Z,straight_line
0x0051DE30,?on_lose_mouse_capture@thunk4_MapWin@@QAEXXZ,loop
0x0051DE40,?on_redraw@thunk4_MapWin@@QAEXXZ,loop
0x0051DE50,?on_resize@thunk4_MapWin@@QAEXHH@Z,loop
0x0051DE60,?on_sys_close@thunk1_Console@@QAEXXZ,loop
0x0051DE70,?on_mouse_move@thunk4_MapWin@@QAEXHH@Z,loop
0x0051DE80,?on_left_click@thunk4_MapWin@@QAEXHH@Z,loop
0x0051DE90,?on_left_down@thunk4_MapWin@@QAEXHH@Z,loop
0x0051DEA0,?on_left_up@thunk4_MapWin@@QAEXHH@Z,loop
0x0051DEB0,?on_right_click@thunk4_MapWin@@QAEXHH@Z,loop
0x0051DEC0,?on_right_down@thunk4_MapWin@@QAEXHH@Z,loop
0x0051DED0,?on_key_click@thunk1_Console@@QAEHHH@Z,loop
0x0051DEE0,?on_left_double_click@thunk4_MapWin@@QAEXHH@Z,loop
0x0051DEF0,?on_nc_mouse_move@thunk1_Console@@QAEXHH@Z,loop
0x0051DF00,?on_nc_left_down@thunk1_Console@@QAEXHH@Z,loop
0x0051DF10,?on_nc_left_up@thunk1_Console@@QAEXHH@Z,loop
0x0051DF20,?on_button_clicked@thunk4_MapWin@@QAEXH@Z,loop
0x0051DF30,?on_post_redraw_nc_buffer@thunk1_Console@@QAEXPAUBuffer@@H@Z,loop
0x0051DF40,?on_nc_hittest@thunk1_Console@@QAEXHH@Z,loop
0x0051DF50,??_Gthunk2_Console@@UAEPAXI@Z,loop
0x0051DF70,??3AlphaMenu@@SAXPAXI@Z,loop
0x0052AD30,?council_votes@@YAHH@Z,loop
0x0052AE20,?eligible@@YAHH@Z,loop
0x0052DAC0,??__Eg_CURSOR_SPRITES@@YAXXZ,seam_forwarding
0x0052DAF0,??__Fg_CURSOR_SPRITES@@YAXXZ,seam_forwarding
0x0052DB10,??__Eg_NETDAEMON@@YAXXZ,seam_forwarding
0x0052DB30,??__Fg_NETDAEMON@@YAXXZ,seam_forwarding
0x0052DC70,?not_my_turn@@YAHXZ,straight_line
0x0052DCA0,??0DeletionList@@QAE@XZ,loop
0x0052DCD0,?clear@DeletionList@@QAEXH@Z,straight_line
0x00530320,?receive@NetDaemon@@QAEHXZ,straight_line
0x005310F0,?unlock_veh@NetDaemon@@QAEXXZ,straight_line
0x00532A50,sub_532a50,straight_line
0x00532A90,?rebuild_vehicle_bits@@YAXXZ,loop
0x00532B70,?rebuild_base_bits@@YAXXZ,loop
0x00538F30,?danger@@YAXPADPADHHH@Z,straight_line
0x00538FB0,?my_srand@@YAHH@Z,straight_line
0x00539090,?checksum@@YAEPADHE@Z,loop
0x005390C0,?checksum_password@@YAHPAD@Z,loop
0x00539160,?auto_contact@@YAHXZ,straight_line
0x00539B70,?great_beelzebub@@YAHHH@Z,straight_line
0x00539C00,?great_satan@@YAHHH@Z,straight_line
0x00539D40,?aah_ooga@@YAHHH@Z,loop
0x00539E40,?climactic_battle@@YAHXZ,loop
0x00539EF0,?at_climax@@YAHH@Z,loop
0x0053A030,?cause_friction@@YAXHHH@Z,straight_line
0x0053A090,?get_mood@@YAHH@Z,straight_line
0x0053A100,?reputation@@YAHHH@Z,straight_line
0x0053A150,?get_patience@@YAHHH@Z,straight_line
0x0053A1C0,?energy_value@@YAHH@Z,loop
0x0054AFA0,?attack_from@@YAHHH@Z,loop
0x0054CB50,?value_of_base@@YAHHHHHH@Z,loop
0x00558FC0,?exec@BasePop@@QAEHP6AHXZ@Z,straight_line
0x00558FE0,?item@BasePop@@QAEHPADH@Z,straight_line
0x00559040,?start@Popup@@QAEXPBDH@Z,straight_line
0x005591A0,?say_tech@@YAXHH@Z,straight_line
0x005591C0,?bad_reg@@YAHH@Z,straight_line
0x005591E0,?has_agenda@@YAHHHH@Z,straight_line
0x00559210,sub_559210,straight_line
0x00559230,??__Eg_FONTQUEUE_VAL2@@YAXXZ,seam_forwarding
0x00559250,??__Fg_FONTQUEUE_VAL2@@YAXXZ,seam_forwarding
0x00559260,??__Eg_FONTQUEUE_VAL1@@YAXXZ,seam_forwarding
0x00559280,??__Fg_FONTQUEUE_VAL1@@YAXXZ,seam_forwarding
0x0055B740,??1FontQueue@@QAE@XZ,straight_line
0x0055BB30,?set_treaty@@YAXHHHH@Z,straight_line
0x0055BBA0,?set_agenda@@YAXHHHH@Z,straight_line
0x0055BC00,?spying@@YAHH@Z,straight_line
0x0055BC80,?wants_to_attack@@YAHHHH@Z,loop
0x00560AD0,?go_to@@YAXHDHH@Z,straight_line
0x00560B30,?garrison_check@@YAHH@Z,loop
0x00560D30,?defensive_check@@YAHH@Z,straight_line
0x00560D50,?guard_check@@YAHHH@Z,straight_line
0x00560DD0,?enemy_capabilities@@YAXH@Z,loop
0x0056B320,?get_there@@YAHHHH@Z,straight_line
0x0056B480,?coast_or_border@@YAHHHHHH@Z,loop
0x00579770,?rnd@@YAHHPAD@Z,straight_line
0x00579790,?x_dist@@YAHHH@Z,straight_line
0x00579840,?is_known@@YAHHHH@Z,straight_line
0x005798A0,?base_who@@YAHHH@Z,straight_line
0x005798E0,?anything_at@@YAHHH@Z,straight_line
0x00579920,?veh_top@@YAHH@Z,loop
0x00579960,?veh_moves@@YAHH@Z,straight_line
0x005799A0,?proto_power@@YAHH@Z,straight_line
0x00579A00,?is_port@@YAHHH@Z,straight_line
0x00579A30,?add_goal@@YAXHHHHHH@Z,loop
0x00579B70,?add_site@@YAXHHHHH@Z,loop
0x00579CC0,?at_goal@@YAHHHHH@Z,loop
0x00579D20,?at_site@@YAHHHHH@Z,loop
0x00579D80,?wipe_goals@@YAXH@Z,loop
0x00579E00,?init_goals@@YAXH@Z,loop
0x00579E70,?del_site@@YAXHHHHH@Z,loop
0x00579F80,?want_monolith@@YAHH@Z,straight_line
0x0057CE50,?valid_tech_leap@@YAHHH@Z,loop
0x0057D1F0,?header_check@@YAXPADPAUFILE@@@Z,loop
0x0057D240,?header_write@@YAXPADPAUFILE@@@Z,loop
0x0057D270,?arm_strat@@YAHHH@Z,straight_line
0x0057D2E0,?weap_strat@@YAHHH@Z,straight_line
0x0057D360,?weap_val@@YAHHH@Z,straight_line
0x0057D3F0,?arm_val@@YAHHH@Z,straight_line
0x0057D480,?armor_val@@YAHHH@Z,straight_line
0x0057D510,?transport_val@@YAHHHH@Z,straight_line
0x0057D560,?say_offense@@YAXPADH@Z,straight_line
0x0057D6D0,?say_defense@@YAXPADH@Z,straight_line
0x0057D7D0,?say_stats_3@@YAXPADH@Z,straight_line
0x0057D8E0,?say_stats_2@@YAXPADH@Z,straight_line
0x0057DAA0,?say_stats@@YAXPADHPAD@Z,straight_line
0x0057DEE0,sub_57dee0,straight_line
0x0057EFA0,?best_reactor@@YAHH@Z,loop
0x0057EFF0,?pick_chassis@@YAHHHH@Z,loop
0x0057F0B0,?weapon_budget@@YAHHHH@Z,loop
0x0057F150,?armor_budget@@YAHHH@Z,loop
0x00581170,?abil_index@@YAHH@Z,loop
0x00584D00,??__Eg_TOP_MENU_WAVE@@YAXXZ,seam_forwarding
0x00584D20,??__Fg_TOP_MENU_WAVE@@YAXXZ,seam_forwarding
0x00584D60,?tech_name@@YAHPAD@Z,loop
0x00584E40,?chas_name@@YAHPAD@Z,loop
0x00584F40,?weap_name@@YAHPAD@Z,loop
0x00585030,?arm_name@@YAHPAD@Z,loop
0x00585120,?text_get_number@@YAHHH@Z,straight_line
0x00585150,?tech_item@@YAHXZ,straight_line
0x00585170,?read_basic_rules@@YAHXZ,loop
0x00585E30,?read_tech@@YAHXZ,loop
0x00585FE0,?clear_faction@@YAXPAUPlayer@@@Z,straight_line
0x00586050,?read_faction@@YAXH@Z,straight_line
0x00586090,?read_faction@@YAXPAUPlayer@@H@Z,loop
0x00586F30,?read_factions@@YAHXZ,loop
0x005871D0,?noun_item@@YAXPAHPAH@Z,straight_line
0x00587240,?read_units@@YAHXZ,loop
0x005873C0,?read_rules@@YAHH@Z,loop
0x005882A0,??__Eg_FONTS@@YAXXZ,seam_forwarding
0x005882D0,??__Fg_FONTS@@YAXXZ,seam_forwarding
0x005882F0,?find_font@@YAHHH@Z,loop
0x00589180,?planetfall@@YAXH@Z,loop
0x00589750,sub_589750,straight_line
0x00589890,sub_589890,loop
0x0058EE50,?desktop_update@@YAXXZ,straight_line
0x0058FD70,?clear@SquareLock@@QAEXXZ,straight_line
0x0058FD90,?unlock@SquareLock@@QAEXH@Z,loop
0x0058FE80,?lock@SquareLock@@QAEHHHHH@Z,loop
0x0058FF70,?clear@PlayerLock@@QAEXXZ,loop
0x0058FFA0,?active@PlayerLock@@QAEXXZ,loop
0x0058FFC0,?unlock@PlayerLock@@QAEXH@Z,loop
0x005900A0,?add_lock@PlayerLock@@QAEHHHHH@Z,straight_line
0x005900D0,?clear@Lock@@QAEXXZ,loop
0x00590140,?reset_map@Lock@@QAEXXZ,loop
0x00590170,?unlock@Lock@@QAEXH@Z,loop
0x005901D0,?check_global@Lock@@QAEXXZ,loop
0x00590240,?check_global_2@Lock@@QAEHH@Z,loop
0x005902C0,?global_lock@Lock@@QAEHH@Z,straight_line
0x00590300,?lock@Lock@@QAEHHHHHHHH@Z,loop
0x00590470,?add_lock@Lock@@QAEHHHHH@Z,straight_line
0x005904A0,?any_locks@Lock@@QAEHXZ,loop
0x00590CB0,sub_590cb0,straight_line
0x00590D60,sub_590d60,straight_line
0x00590E90,?map_shutdown@@YAXXZ,straight_line
0x00590ED0,?map_init@@YAXXZ,straight_line
0x00591040,?map_wipe@@YAXXZ,loop
0x005910B0,?map_write@@YAHPAUFILE@@@Z,straight_line
0x00591130,?map_read@@YAHPAUFILE@@@Z,straight_line
0x00591210,?abstract_at@@YAHHH@Z,straight_line
0x00591230,?abstract_set@@YAXHHE@Z,straight_line
0x00591260,?alt_put_detail@@YAXHHH@Z,straight_line
0x005918A0,?alt_natural@@YAHHH@Z,loop
0x005918F0,?alt_set_both@@YAXHHH@Z,loop
0x005919C0,?elev_at@@YAHHH@Z,straight_line
0x00591A80,?climate_set@@YAXHHH@Z,straight_line
0x00591AD0,?temp_set@@YAXHHH@Z,straight_line
0x00591B10,?owner_set@@YAXHHH@Z,straight_line
0x00591B50,?site_set@@YAXHHH@Z,straight_line
0x00591B90,?region_set@@YAXHHH@Z,straight_line
0x00591BC0,?rocky_set@@YAXHHH@Z,straight_line
0x00591C10,?using_set@@YAXHHH@Z,straight_line
0x00591C50,?lock_set@@YAHHHH@Z,straight_line
0x00591C90,?lock_map@@YAHHHH@Z,straight_line
0x00591CF0,?unlock_map@@YAXHHH@Z,straight_line
0x00591D30,?bit_put@@YAXHHH@Z,straight_line
0x00591D60,?bit_set@@YAXHHHH@Z,straight_line
0x00591DB0,?bit2_set@@YAXHHHH@Z,straight_line
0x00591E00,?code_set@@YAXHHH@Z,straight_line
0x00591E50,?synch_bit@@YAXHHH@Z,straight_line
0x00591F00,?minerals_at@@YAHHH@Z,loop
0x00592030,?bonus_at@@YAHHHH@Z,straight_line
0x00592140,?goody_at@@YAHHH@Z,straight_line
0x00592400,?site_radius@@YAXHHH@Z,loop
0x00592550,?find_landmark@@YAHHHH@Z,loop
0x00592600,?new_landmark@@YAHHHPAD@Z,straight_line
0x00592650,?valid_landmark@@YAHHHH@Z,straight_line
0x005926F0,?kill_landmark@@YAXHH@Z,loop
0x00592DB0,sub_592db0,straight_line
0x00593220,?synch_veh@@YAXH@Z,straight_line
0x00593250,?synch_base@@YAXH@Z,straight_line
0x00593280,?synch_energy@@YAXH@Z,straight_line
0x005932B0,?synch_researching@@YAXH@Z,straight_line
0x005932E0,?synch_leader@@YAXH@Z,straight_line
0x00593310,?synch_ai@@YAXH@Z,straight_line
0x00593340,?synch_research@@YAXH@Z,straight_line
0x00593390,?synch_alloc@@YAXH@Z,straight_line
0x005933C0,?synch_soc@@YAXH@Z,straight_line
0x005933F0,?synch_proto@@YAXH@Z,straight_line
0x00593420,?synch_obs@@YAXH@Z,straight_line
0x00593450,?synch_diplo@@YAXHH@Z,straight_line
0x005934B0,?synch_template@@YAXH@Z,straight_line
0x005934E0,?synch_radius@@YAXH@Z,straight_line
0x00593510,?hex_cost@@YAHHHHHHHH@Z,straight_line
0x00593830,?quick_zoc@@YAXHHHHHPAH0@Z,loop
0x0059A220,?init@Path@@QAEXXZ,straight_line
0x0059A2D0,?shutdown@Path@@QAEXXZ,straight_line
0x0059A370,?zoc_path@Path@@QAEHHHH@Z,loop
0x0059C200,?make_abstract@Path@@QAEXXZ,loop
0x0059C340,?merge@Path@@QAEXHH@Z,loop
0x0059C3C0,?territory@Path@@QAEXHHHH@Z,loop
0x0059C520,?continent@Path@@QAEXHHH@Z,loop
0x0059C790,?continents@Path@@QAEXXZ,loop
0x0059CCA0,?sensors@Path@@QAEHHPAHPAH@Z,loop
0x0059D230,sub_59d230,straight_line
0x0059D3A0,?init@PopMenu@@QAEHXZ,straight_line
0x0059D980,?prefs_get@@YAPADPADPADH@Z,straight_line
0x0059DA20,?default_prefs@@YAHXZ,straight_line
0x0059DAA0,?default_prefs2@@YAHXZ,straight_line
0x0059DB20,?default_warn@@YAHXZ,straight_line
0x0059DB30,?default_rules@@YAHXZ,straight_line
0x0059DB40,?prefs_get@@YAHPADHH@Z,straight_line
0x0059DBD0,?prefs_fac_load@@YAXXZ,loop
0x0059DCF0,?prefs_load@@YAXH@Z,loop
0x0059E510,?prefs_put@@YAXPADPAD@Z,straight_line
0x0059E530,?prefs_put@@YAXPADHH@Z,loop
0x0059E5D0,?prefs_save@@YAXH@Z,loop
0x0059E950,?prefs_use@@YAXXZ,straight_line
0x0059E980,?vulnerable@@YAHHHH@Z,loop
0x0059EA80,?mind_control@@YAHHHH@Z,loop
0x0059EE50,?corner_market@@YAHH@Z,loop
0x0059EEE0,?success_rates@@YAHHHHH@Z,straight_line
0x005A5880,?say_label@@YAXH@Z,straight_line
0x005A58E0,?parse_set@@YAXHH@Z,straight_line
0x005A5900,?exec@BasePop@@QAEHXZ,straight_line
0x005A5910,?vector_dist@@YAHHHHH@Z,straight_line
0x005A5990,?start@Popup@@QAEXPBD@Z,straight_line
0x005A59B0,?veh_put@@YAXHHH@Z,straight_line
0x005A59E0,?veh_health@@YAHH@Z,straight_line
0x005A5A60,?proto_cost@@YAHHHHHH@Z,loop
0x005A5D00,?base_cost@@YAHH@Z,straight_line
0x005A5D40,?make_proto@@YAXHHHHHH@Z,loop
0x005A65A0,?radius_move@@YAHHHH@Z,loop
0x005A65D0,?radius_move@@YAHHHHHH@Z,loop
0x005A6630,?compass_move@@YAHHHHH@Z,loop
0x005A96D0,?see_map_check@@YAXXZ,loop
0x005ABD10,?kill_auto_save@@YAXXZ,straight_line
0x005ABD20,?auto_save@@YAXXZ,straight_line
0x005ABE40,?load_undo@@YAXH@Z,straight_line
0x005ABEC0,?wipe_undo@@YAXXZ,loop
0x005ABF20,?auto_undo@@YAXXZ,loop
0x005AC060,?is_objective@@YAHH@Z,loop
0x005AC110,?num_objectives@@YAHHH@Z,loop
0x005AC630,?transcending@@YAHH@Z,loop
0x005AC680,?ascending@@YAHH@Z,straight_line
0x005AD3B0,?on_left_click@ReplayWin@@QAEXHH@Z,straight_line
0x005AD3C0,?on_right_click@ReplayWin@@QAEXHH@Z,straight_line
0x005AD3D0,?on_left_double_click@ReplayWin@@QAEXHH@Z,straight_line
0x005AD3E0,?on_right_double_click@ReplayWin@@QAEXHH@Z,straight_line
0x005AD3F0,?on_mouse_move@ReplayWin@@QAEXHH@Z,straight_line
0x005AD400,?on_right_down@ReplayWin@@QAEXHH@Z,straight_line
0x005AD410,?on_left_down@ReplayWin@@QAEXHH@Z,straight_line
0x005AD420,?on_left_up@ReplayWin@@QAEXHH@Z,straight_line
0x005AD430,?on_button_clicked@ReplayWin@@QAEXH@Z,straight_line
0x005AD440,?on_key_click@ReplayWin@@QAEHHH@Z,straight_line
0x005AD450,sub_5ad450,loop
0x005AD4C0,sub_5ad4c0,loop
0x005AE0B0,??_GReplayWin@@UAEPAXI@Z,straight_line
0x005AE0E0,??3ReplayWin@@SAXPAXI@Z,loop
0x005AE0F0,??__Eg_CRASH_LANDING_WAVE@@YAXXZ,seam_forwarding
0x005AE110,??__Fg_CRASH_LANDING_WAVE@@YAXXZ,seam_forwarding
0x005AED50,?get_plan@@YAHHH@Z,loop
0x005B0D70,?compute_faction_modifiers@@YAXH@Z,loop
0x005B38D0,?clear_scenario@@YAXXZ,straight_line
0x005B4210,?social_calc@@YAXPAHPAHHHH@Z,loop
0x005B44D0,?social_upkeep@@YAXH@Z,loop
0x005B4550,?social_upheaval@@YAHHPAH@Z,loop
0x005B4730,?society_avail@@YAHHHH@Z,straight_line
0x005B4790,?social_ai@@YAXHHHHHPAH@Z,loop
0x005B5690,?sort@@YAXHPAHPAH@Z,loop
0x005B5EA0,?want_to_wake@@YAHHHH@Z,straight_line
0x005B6060,?wake_stack@@YAXH@Z,loop
0x005B8AF0,?stack_put@@YAXHHH@Z,loop
0x005B8B60,?stack_sort@@YAXH@Z,loop
0x005B8C90,?stack_sort_2@@YAXH@Z,loop
0x005B8E10,?stack_fix@@YAHH@Z,loop
0x005B8EE0,?stack_veh@@YAHHH@Z,loop
0x005B9580,?stack_check@@YAHHHHHH@Z,loop
0x005B9C10,??__Eg_WAVE_GENERAL@@YAXXZ,seam_forwarding
0x005B9C30,??__Fg_WAVE_GENERAL@@YAXXZ,seam_forwarding
0x005B9C40,?say_tech@@YAXPADHH@Z,straight_line
0x005B9EF0,?tech_name@@YAPADHH@Z,straight_line
0x005B9F20,?has_tech@@YA_NHH@Z,straight_line
0x005B9F90,?tech_recurse@@YAHHH@Z,straight_line
0x005B9FE0,?tech_category@@YAHH@Z,straight_line
0x005BA030,?redundant@@YAHHH@Z,straight_line
0x005BA0E0,?facility_avail@@YAHHHHH@Z,loop
0x005BA910,?veh_avail@@YAHHHH@Z,straight_line
0x005BAB40,?terrain_avail@@YAHHHH@Z,straight_line
0x005BAC20,?tech_avail@@YAHHH@Z,straight_line
0x005BAE60,?tech_effects@@YAXH@Z,loop
0x005BCB60,?tech_is_preq@@YAHHHH@Z,straight_line
0x005BCBE0,?tech_val@@YAHHHH@Z,loop
0x005BDC10,?tech_ai@@YAHH@Z,loop
0x005BDD70,?tech_mil@@YAHH@Z,straight_line
0x005BDD90,?tech_tech@@YAHH@Z,straight_line
0x005BDDC0,?tech_infra@@YAHH@Z,straight_line
0x005BDDF0,?tech_colonize@@YAHH@Z,straight_line
0x005BE100,?wants_prototype@@YAHHH@Z,loop
0x005BE6B0,?tech_rate@@YAHH@Z,loop
0x005BEC40,??__Eg_PALETTE1@@YAXXZ,seam_forwarding
0x005BEC60,??__Fg_PALETTE1@@YAXXZ,seam_forwarding
0x005BEC70,??__Eg_PALETTE2@@YAXXZ,seam_forwarding
0x005BEC90,??__Fg_PALETTE2@@YAXXZ,seam_forwarding
0x005BF010,?is_sensor@@YAHHH@Z,straight_line
0x005BF130,?has_temple@@YAHH@Z,loop
0x005BF1F0,?has_abil@@YAHHH@Z,loop
0x005BF330,?X_pop@@YAHPADPBDP6AHXZ@Z,straight_line
0x005BF390,?X_pop@@YAHPBDHHP6AHXZ@Z,straight_line
0x005BF3C0,?X_pop@@YAHPADPBDHHP6AHXZ@Z,straight_line
0x005BF3F0,?X_pop@@YAHPBDHP6AHXZ@Z,straight_line
0x005BF420,?X_pop@@YAHPADPBDHP6AHXZ@Z,straight_line
0x005BF450,?X_pop@@YAHPBDHPADHP6AHXZ@Z,straight_line
0x005BF5D0,?X_pops@@YAHPBDPAUSprite@@P6AHXZ@Z,straight_line
0x005BF600,?X_pops@@YAHPBDPAUSprite@@HHP6AHXZ@Z,straight_line
0x005BF630,?X_pops@@YAHPADPBDPAUSprite@@P6AHXZ@Z,straight_line
0x005BF660,?X_pops@@YAHPADPBDPAUSprite@@HHP6AHXZ@Z,straight_line
0x005BF690,?X_pops@@YAHPBDHHPAUSprite@@P6AHXZ@Z,straight_line
0x005BF6C0,?X_pops@@YAHPBDHHPAUSprite@@HHP6AHXZ@Z,straight_line
0x005BF770,?X_pops@@YAHPADPBDHHPAUSprite@@P6AHXZ@Z,straight_line
0x005BF7A0,?X_pops@@YAHPADPBDHHPAUSprite@@HHP6AHXZ@Z,straight_line
0x005BF7D0,?X_pops@@YAHPBDHPAUSprite@@P6AHXZ@Z,straight_line
0x005BF800,?X_pops@@YAHPBDHPAUSprite@@HHP6AHXZ@Z,straight_line
0x005BF830,?X_pops@@YAHPADPBDHPAUSprite@@P6AHXZ@Z,straight_line
0x005BF860,?X_pops@@YAHPADPBDHPAUSprite@@HHP6AHXZ@Z,straight_line
0x005BF890,?X_pops@@YAHPBDHPADHPAUSprite@@P6AHXZ@Z,straight_line
0x005BF8C0,?X_pops@@YAHPBDHPADHPAUSprite@@HHP6AHXZ@Z,straight_line
0x005BF900,?X_pops@@YAHPADPBDHPADHPAUSprite@@P6AHXZ@Z,straight_line
0x005BFE90,?veh_at@@YAHHH@Z,loop
0x005BFFA0,?veh_lift@@YAXH@Z,straight_line
0x005C0080,?veh_drop@@YAXHHH@Z,straight_line
0x005C01A0,?sleep@@YAXH@Z,straight_line
0x005C01D0,?veh_demote@@YAXH@Z,loop
0x005C0260,?veh_promote@@YAXH@Z,loop
0x005C02D0,?veh_clear@@YAXHHH@Z,loop
0x005C0DB0,?can_arty@@YAHHH@Z,loop
0x005C0E40,?morale_veh@@YAHHHH@Z,loop
0x005C1150,?offense_proto@@YAHHHH@Z,straight_line
0x005C1290,?armor_proto@@YAHHHH@Z,straight_line
0x005C13B0,?speed_proto@@YAHH@Z,straight_line
0x005C1540,?speed@@YAHHH@Z,loop
0x005C1760,?veh_cargo@@YAHH@Z,straight_line
0x005C17D0,?prototype_factor@@YAHH@Z,straight_line
0x005C1850,?veh_cost@@YAHHHPAH@Z,straight_line
0x005C1C40,?veh_jail@@YAHH@Z,straight_line
0x005C1D20,?veh_skip@@YAXH@Z,straight_line
0x005C1D50,?veh_fake@@YAHHH@Z,straight_line
0x005C1D70,?veh_wake@@YAHH@Z,straight_line
0x005C2020,?world_alt_set@@YAXHHHH@Z,loop
0x005C2380,?world_raise_alt@@YAXHH@Z,straight_line
0x005C23E0,?world_lower_alt@@YAXHH@Z,straight_line
0x005C2440,?brush@@YAXHHH@Z,loop
0x005C27F0,?paint_land@@YAXHHHH@Z,loop
0x005C28F0,?build_continent@@YAXH@Z,loop
0x005C2B40,?build_hills@@YAXH@Z,loop
0x005C3680,?world_riverbeds@@YAXXZ,loop
0x005C40F0,?world_validate@@YAHXZ,loop
0x005C4170,?world_temperature@@YAXXZ,loop
0x005C4FD0,?world_site@@YAHHHH@Z,loop
0x005C55C0,?world_analysis@@YAXXZ,loop
0x005C58C0,?world_alt_put_detail@@YAXHH@Z,straight_line
0x005C58E0,?world_polar_caps@@YAXXZ,loop
0x005C5AE0,?world_linearize_contours@@YAXXZ,loop
0x005C5BD0,?near_landmark@@YAHHH@Z,loop
0x005C5C70,?world_crater@@YAXHH@Z,loop
0x005C5EF0,?world_monsoon@@YAXHH@Z,loop
0x005C6200,?world_sargasso@@YAXHH@Z,loop
0x005C64A0,?world_ruin@@YAXHH@Z,loop
0x005C6740,?world_dune@@YAXHH@Z,loop
0x005C69E0,?world_diamond@@YAXHH@Z,loop
0x005C6C40,?world_fresh@@YAXHH@Z,loop
0x005C6DB0,?world_volcano@@YAXHHH@Z,loop
0x005C7020,?world_borehole@@YAXHH@Z,loop
0x005C7540,?world_temple@@YAXHH@Z,loop
0x005C7750,?world_unity@@YAXHH@Z,loop
0x005C7A80,?world_fossil@@YAXHH@Z,loop
0x005C7CB0,?world_canyon@@YAXHH@Z,loop
0x005C7F40,?world_mesa@@YAXHH@Z,loop
0x005C8150,?world_ridge@@YAXHH@Z,loop
0x005C83B0,?world_geothermal@@YAXHH@Z,loop
0x005C8630,?world_landmarks@@YAXXZ,loop
0x005C89A0,?game_year@@YAHH@Z,straight_line
0x005C89B0,?say_year@@YAXPAD@Z,straight_line
0x005C89F0,?zoc_any@@YAHHHH@Z,loop
0x005C8AC0,?zoc_veh@@YAHHHH@Z,loop
0x005C8BA0,?zoc_sea@@YAHHHH@Z,loop
0x005C8D40,?zoc_move@@YAHHHH@Z,straight_line
0x005C93A0,?on_scrolling@Gamma@@QAEXHH@Z,straight_line
0x005C9410,?on_key_click@Gamma@@QAEHHH@Z,straight_line
0x005C97C0,??__Eg_MULTIDEBUG@@YAXXZ,seam_forwarding
0x005C97E0,??__Fg_MULTIDEBUG@@YAXXZ,seam_forwarding
0x005C98E0,?close@MultiDebug@@QAEXXZ,straight_line
0x005C9E80,??_GMultiDebug@@UAEPAXI@Z,straight_line
0x005C9EB0,??3MultiDebug@@SAXPAXI@Z,loop
0x005CBBC0,sub_5cbbc0,straight_line
0x005CC430,sub_5cc430,loop
0x005D4510,?mem_get@@YAPAXH@Z,straight_line
0x005D4540,Heap::Heap2,straight_line
0x005D4560,??0Heap@@QAE@XZ,straight_line
0x005D4580,??1Heap@@QAE@XZ,straight_line
0x005D45B0,?shutdown@Heap@@QAEXXZ,straight_line
0x005D45E0,?squeeze@Heap@@QAEXH@Z,straight_line
0x005D4620,?init@Heap@@QAE_NH@Z,straight_line
0x005D4680,?get@Heap@@QAEPAXH@Z,loop
0x005D4CF0,??0GraphicWin@@QAE@XZ,loop
0x005D4DD0,??1GraphicWin@@QAE@XZ,loop
0x005D4E40,?close@GraphicWin@@QAEXXZ,straight_line
0x005D4EF0,?init@GraphicWin@@QAEXHHHHPADHPAUWin@@PAUMenu@@PAUBorderSizing@@@Z,loop
0x005D5240,nullsub_224,straight_line
0x005D5250,?fill@GraphicWin@@QAEXH@Z,straight_line
0x005D5440,?fill@GraphicWin@@QAEHHHHHH@Z,straight_line
0x005D5470,sub_5d5470,straight_line
0x005D5A70,?redraw@GraphicWin@@QAEXXZ,straight_line
0x005D7140,??_GGraphicWin@@UAEPAXI@Z,straight_line
0x005D7160,??3GraphicWin@@SAXPAXI@Z,loop
0x005D71D0,??__Eg_BUFFER_SPRITE@@YAXXZ,seam_forwarding
0x005D71F0,??__Fg_BUFFER_SPRITE@@YAXXZ,straight_line
0x005D7210,??0Buffer@@QAE@XZ,loop
0x005D7410,??1Buffer@@QAE@XZ,loop
0x005D7470,?close@Buffer@@QAEXXZ,loop
0x005D7A10,sub_5d7a10,straight_line
0x005D8000,?set_clip@Buffer@@QAEHPAURECT@@@Z,straight_line
0x005D8360,sub_5d8360,straight_line
0x005D95B0,?copy@Buffer@@QAEHPAVBuffer@@HHHH@Z,straight_line
0x005D95E0,?copy@Buffer@@QAEHPAVBuffer@@PAURECT@@@Z,straight_line
0x005DA6A0,sub_5da6a0,straight_line
0x005DA6B0,sub_5da6b0,straight_line
0x005DAC70,?set_font@Buffer@@QAEHPAVFont@@PAVFont@@PAVFont@@PAVFont@@@Z,straight_line
0x005DACB0,?set_text_color@Buffer@@QAEXHHHH@Z,straight_line
0x005DACE0,?set_text_color2@Buffer@@QAEXHHHH@Z,straight_line
0x005DAD10,?set_text_color3@Buffer@@QAEXHHHH@Z,straight_line
0x005DAD40,?set_text_color_hyper@Buffer@@QAEXHHHH@Z,straight_line
0x005DC790,?text_width@Buffer@@QAEHPAD@Z,straight_line
0x005DCA80,?text_height@Buffer@@QAEHXZ,straight_line
0x005DCAB0,?text_line_height@Buffer@@QAEHXZ,straight_line
0x005DCEA0,?write_l@Buffer@@QAEHPADHHH@Z,straight_line
0x005DCF40,?write_l@Buffer@@QAEHPADPAURECT@@H@Z,straight_line
0x005DD020,?write_cent_l@Buffer@@QAEHPADHHHH@Z,straight_line
0x005DD130,?write_cent_l@Buffer@@QAEHPADPAURECT@@H@Z,straight_line
0x005DE8F0,?sync_to_palette@Buffer@@QAEHPAVPalette@@@Z,straight_line
0x005DEF90,?clear_links@Buffer@@QAEXXZ,loop
0x005DF570,?init_class@Buffer@@QAAHXZ,straight_line
0x005DF580,?close_class@Buffer@@QAAXXZ,straight_line
0x005E2460,sub_5e2460,straight_line
0x005E2470,sub_5e2470,straight_line
0x005E3203,?box@Buffer@@QAEHPAURECT@@HH@Z,straight_line
0x005E3373,?get_data@Buffer@@QAEHXZ,straight_line
0x005E34A3,?free_data@Buffer@@QAEXH@Z,straight_line
0x005E3503,?get_hdc@Buffer@@QAEHXZ,straight_line
0x005E3563,?release_hdc@Buffer@@QAEXH@Z,straight_line
0x005E35D0,sub_5e35d0,straight_line
0x005E35F0,sub_5e35f0,straight_line
0x005E3610,??_GBuffer@@UAEPAXI@Z,straight_line
0x005E3630,sub_5e3630,straight_line
0x005E3650,sub_5e3650,straight_line
0x005E3660,sub_5e3660,straight_line
0x005E37B0,??__Eg_BUFFER@@YAXXZ,seam_forwarding
0x005E37D0,??__Fg_BUFFER@@YAXXZ,seam_forwarding
0x005E37E0,??0Sprite@@QAE@XZ,straight_line
0x005E3820,?close@Sprite@@QAEXXZ,straight_line
0x005E4ADA,?UNK1@Sprite@@QAEHHHHHHHH@Z,straight_line
0x005E4AEA,?UNK2@Sprite@@QAEHHHHHH@Z,straight_line
0x005E4B4A,?draw@Sprite@@QAEHPAUBuffer@@HHHHH@Z,straight_line
0x005EAAFF,?UNK3@Sprite@@QAEXHH@Z,straight_line
0x005EAD8F,?UNK4@Sprite@@QAEXHH@Z,straight_line
0x005EB350,??__Eg_WIN_BUFFER@@YAXXZ,seam_forwarding
0x005EB370,??__Fg_WIN_BUFFER@@YAXXZ,loop
0x005EB3B0,sub_5eb3b0,loop
0x005EB3D0,??0Win@@QAE@XZ,straight_line
0x005EC680,?UNK1@Win@@QAEHHHHHHHHHH@Z,straight_line
0x005EC690,?get_hdc@Win@@QAGPAUHDC__@@XZ,straight_line
0x005EC6F0,?release_hdc@Win@@QAGXXZ,straight_line
0x005EC7C0,?set_cursor@Win@@QAEHH@Z,straight_line
0x005ECE20,?is_descendant@Win@@QAEHPAVWin@@@Z,loop
0x005ECE80,?UNK3@Win@@QAEHH@Z,loop
0x005ED240,?client_to_screen@Win@@QAEXPAH0@Z,straight_line
0x005ED7C0,?UNK5@Win@@QAEHXZ,straight_line
0x005ED7D0,?move@Win@@QAEHHH@Z,straight_line
0x005EDFE0,?UNK6@Win@@QAEHH@Z,straight_line
0x005EE020,?reset_window_clip@Win@@QAEXXZ,straight_line
0x005EE030,?set_vert_pos@Win@@QAEXH@Z,straight_line
0x005EE050,?get_vert_pos@Win@@QAEHXZ,straight_line
0x005EE070,?set_horz_pos@Win@@QAEXH@Z,straight_line
0x005EE090,?get_horz_pos@Win@@QAEHXZ,straight_line
0x005EE0B0,?set_vert_range@Win@@QAEXHH@Z,straight_line
0x005EE0D0,?set_horz_range@Win@@QAEXHH@Z,straight_line
0x005EE0F0,?set_vert_paging@Win@@QAEXH@Z,straight_line
0x005EE110,?set_horz_paging@Win@@QAEXH@Z,straight_line
0x005EE130,?UNK8@Win@@QAEXH@Z,straight_line
0x005EE160,?UNK9@Win@@QAEXH@Z,straight_line
0x005F05C0,sub_5f05c0,straight_line
0x005F1060,?on_query_new_palette@Win@@QAEHXZ,straight_line
0x005F2670,?OnSetCursor@Win@@QAAHPAXPAXII@Z,straight_line
0x005F2C60,?sync_palette@Win@@QAEXXZ,straight_line
0x005F2CA0,?is_dialog_focus@Win@@QAEHXZ,straight_line
0x005F2CE0,?set_def_focus@Win@@QAAXPAUWin@@@Z,straight_line
0x005F54B0,?on_move@Win@@QAEXHH@Z,straight_line
0x005F54C0,?on_size@Win@@QAEXIHH@Z,straight_line
0x005F54D0,?on_size_nc@Win@@QAEXIHH@Z,straight_line
0x005F6A30,?on_set_cursor@Win@@QAEHPAXII@Z,straight_line
0x005F6A40,?on_sys_command@Win@@QAEHIHH@Z,straight_line
0x005F7E90,?is_visible@Win@@QAEHXZ,straight_line
0x005F8500,?clear_bubble_text@Win@@QAGXXZ,straight_line
0x005F8610,??_GWin@@UAEPAXI@Z,straight_line
0x005F8640,??_GAutoSound@@UAEPAXI@Z,straight_line
0x005F8670,sub_5f8670,straight_line
0x005F86C0,sub_5f86c0,straight_line
0x005F88A0,??1PullDown@@QAE@XZ,loop
0x005F8C90,?UNK2@PullDown@@QAEHH@Z,straight_line
0x005F8CA0,?UNK3@PullDown@@QAEHHHH@Z,straight_line
0x005F8CB0,?hide_item@PullDown@@QAEHH@Z,loop
0x005F8D20,?show_item@PullDown@@QAEHH@Z,loop
0x005F8D90,?disable_item@PullDown@@QAEHH@Z,loop
0x005F8DF0,?enable_item@PullDown@@QAEHH@Z,loop
0x005F9040,?check_item@PullDown@@QAEHH@Z,loop
0x005F90A0,?uncheck_item@PullDown@@QAEHH@Z,loop
0x005F9D00,?id_to_index@PullDown@@QAEHH@Z,loop
0x005F9F40,?get_selected@PullDown@@QAEHXZ,straight_line
0x005FA740,?on_mouse_leave@PullDown@@QAEXHH@Z,straight_line
0x005FA750,?UNK5@PullDown@@QAEHXZ,straight_line
0x005FA760,?UNK6@PullDown@@QAEHXZ,straight_line
0x005FA770,??_GPullDown@@UAEPAXI@Z,straight_line
0x005FA790,??3PullDown@@SAXPAXI@Z,loop
0x005FA7A0,?in_box@@YAHHHHHHH@Z,straight_line
0x005FA7E0,?in_box@@YAHHHPAURECT@@@Z,straight_line
0x005FA820,?clear@Spot@@QAEXXZ,straight_line
0x005FA830,?shutdown@Spot@@QAEXXZ,straight_line
0x005FA860,??0Spot@@QAE@XZ,straight_line
0x005FA870,??1Spot@@QAE@XZ,straight_line
0x005FA8A0,?init@Spot@@QAEXH@Z,straight_line
0x005FA900,?replace@Spot@@QAEXHHHHHH@Z,loop
0x005FA960,?add@Spot@@QAEHHHHHHH@Z,straight_line
0x005FA9C0,?kill_pos@Spot@@QAEXH@Z,loop
0x005FAA10,?kill_specific@Spot@@QAEXHH@Z,loop
0x005FAA90,?kill_type@Spot@@QAEXH@Z,loop
0x005FAB00,?check@Spot@@QAEHHHPAH0@Z,loop
0x005FAB70,?check@Spot@@QAEHHHPAH0PAURECT@@@Z,loop
0x005FAC00,?get_rect@Spot@@QAEHHHPAURECT@@@Z,loop
0x005FB1C0,?UNK2@Menu@@QAEHH@Z,straight_line
0x005FB1D0,?UNK3@Menu@@QAEHHH@Z,loop
0x005FB230,?UNK4@Menu@@QAEHHHH@Z,straight_line
0x005FB2A0,?UNK6@Menu@@QAEHH@Z,loop
0x005FB300,?hide_menu_item@Menu@@QAEHHH@Z,loop
0x005FB360,?UNK7@Menu@@QAEHH@Z,loop
0x005FB3C0,?show_menu_item@Menu@@QAEHHH@Z,loop
0x005FB420,?UNK8@Menu@@QAEHH@Z,loop
0x005FB480,?disable_menu_item@Menu@@QAEHHH@Z,loop
0x005FB4E0,?UNK9@Menu@@QAEHH@Z,loop
0x005FB540,?enable_menu_item@Menu@@QAEHHH@Z,loop
0x005FB760,?check_menu_item@Menu@@QAEHHH@Z,loop
0x005FB7C0,?uncheck_menu_item@Menu@@QAEHHH@Z,loop
0x005FB820,?set_menu_proc@Menu@@QAEXP6AXH@Z@Z,straight_line
0x005FB990,?id_to_index@Menu@@QAEHH@Z,loop
0x005FC6A0,?requested_height@Menu@@QAEHXZ,straight_line
0x005FC6C0,?on_adjust_pulldown_pos@Menu@@QAEXPAH0@Z,straight_line
0x005FC6D0,??_GMenu@@UAEPAXI@Z,straight_line
0x005FC6F0,??3Menu@@SAXPAXI@Z,loop
0x005FC9E0,sub_5fc9e0,straight_line
0x005FCA30,?do_non_input@@YAXXZ,loop
0x005FCB20,?do_all_non_input@@YAXXZ,loop
0x005FCB60,?do_draw@@YAHXZ,straight_line
0x005FCBB0,?do_all_draws@@YAXXZ,loop
0x005FCC20,?do_keyboard@@YAXXZ,straight_line
0x005FCC70,?do_all_keyboard@@YAXXZ,loop
0x005FD280,nullsub_192,straight_line
0x005FD290,nullsub_193,straight_line
0x005FD2A0,nullsub_194,straight_line
0x005FD2B0,?do_sound@@YAXXZ,straight_line
0x005FD370,?flush_timer@@YAXXZ,loop
0x005FD400,??__ETxt@@YAXXZ,straight_line
0x005FD460,??__FTxt@@YAXXZ,straight_line
0x005FD4C0,?text_set_get_ptr@@YAXXZ,straight_line
0x005FD4D0,?text_set_item_ptr@@YAXXZ,straight_line
0x005FD4E0,??__ETxtIndex@@YAXXZ,seam_forwarding
0x005FD510,??__FTxtIndex@@YAXXZ,seam_forwarding
0x005FD530,?text_close@@YAXXZ,straight_line
0x005FD550,?text_open@@YAHPADPAD@Z,straight_line
0x005FD570,?text_get@@YAPADXZ,straight_line
0x005FD5E0,?text_string@@YAPADXZ,straight_line
0x005FD670,?text_item@@YAPADXZ,loop
0x005FD6D0,?text_item_string@@YAPADXZ,loop
0x005FD740,?text_item_number@@YAHXZ,loop
0x005FD7A0,?text_item_binary@@YAHXZ,loop
0x005FD800,?text_item_hex@@YAHXZ,loop
0x005FD860,??0Text@@QAE@@Z,straight_line
0x005FD880,??0Text@@QAE@H@Z,straight_line
0x005FD8D0,?init@Text@@QAEHH@Z,straight_line
0x005FD970,?shutdown@Text@@QAEXXZ,straight_line
0x005FD9D0,?close@Text@@QAEXXZ,straight_line
0x005FDA00,?open@Text@@QAEHPADPAD@Z,loop
0x005FDC10,?get@Text@@QAEHXZ,straight_line
0x005FDC80,?string@Text@@QAEXXZ,straight_line
0x005FDD10,?item@Text@@QAEXXZ,loop
0x005FDD80,?item_string@Text@@QAEXXZ,loop
0x005FDDF0,?item_number@Text@@QAEXXZ,loop
0x005FDE60,?item_binary@Text@@QAEXXZ,loop
0x005FDED0,?item_hex@Text@@QAEXXZ,loop
0x005FDF40,??0TextIndex@@QAE@XZ,straight_line
0x005FDF60,??1TextIndex@@QAE@XZ,loop
0x005FDF80,?make_index@TextIndex@@QAEXPAD@Z,loop
0x005FE120,?search_index@TextIndex@@QAEHPAD0@Z,loop
0x005FE1F0,?text_make_index@@YAXPAD@Z,loop
0x005FE230,?text_search_index@@YAHPAD0@Z,loop
0x005FE270,?text_clear_index@@YAXXZ,loop
0x005FE4F0,?set_active_window@Palette@@QAAXPAVWin@@@Z,straight_line
0x005FE560,?get_rgbquad@Palette@@QAEHPAURGBQUAD@@HH@Z,loop
0x005FED10,?get_pos@Palette@@QAEHH@Z,loop
0x00600320,?is_playing@MCIVideo@@QAEHXZ,straight_line
0x006003A0,?filefind_cd_drive_letter@@YAPADXZ,straight_line
0x006003B0,?filefind_set_alternate@@YAXPAD@Z,straight_line
0x006005D0,?filefind_get@@YAHPAD@Z,straight_line
0x00600760,?purge_leading@@YAXPAD@Z,loop
0x00600780,?purge_trailing@@YAXPAD@Z,loop
0x006007B0,?purge_spaces@@YAXPAD@Z,loop
0x00600820,?kill_lf@@YAXPAD@Z,straight_line
0x00600840,?add_lf@@YAXPAD@Z,straight_line
0x00601B20,?set_width@BasePop@@QAEXH@Z,straight_line
0x00601B80,?set_loc@BasePop@@QAEXHH@Z,straight_line
0x00601BB0,?write_check@BasePop@@QAEXJ@Z,straight_line
0x00601BD0,?read_check@BasePop@@QAEXXZ,straight_line
0x00604490,?on_key_click@BasePop@@QAEHHH@Z,straight_line
0x006044B0,?on_key_up@BasePop@@QAEHH@Z,straight_line
0x006046F0,?set_string_font@BasePop@@QAEHPAUFont@@PAUFont@@PAUFont@@PAUFont@@@Z,straight_line
0x00604730,?set_string_color@BasePop@@QAEXHHHH@Z,straight_line
0x00604760,?set_string_color2@BasePop@@QAEXHHHH@Z,straight_line
0x00604790,?set_string_color3@BasePop@@QAEXHHHH@Z,straight_line
0x006047C0,?set_string_color_hyper@BasePop@@QAEXHHHH@Z,straight_line
0x006047F0,?set_button_font@BasePop@@QAEHPAUFont@@PAUFont@@PAUFont@@@Z,straight_line
0x00604830,?set_button_color@BasePop@@QAEXDHHH@Z,straight_line
0x00604860,?set_button_color2@BasePop@@QAEXDHHH@Z,straight_line
0x00604890,?set_button_color3@BasePop@@QAEXDHHH@Z,straight_line
0x006048C0,?set_def_string_font@BasePop@@QAAHPAUFont@@PAUFont@@PAUFont@@PAUFont@@@Z,straight_line
0x00604900,?set_def_string_color@BasePop@@QAAXHHHH@Z,straight_line
0x00604930,?set_def_string_color2@BasePop@@QAAXHHHH@Z,straight_line
0x00604960,?set_def_string_color3@BasePop@@QAAXHHHH@Z,straight_line
0x00604990,?set_def_string_color_hyper@BasePop@@QAAXHHHH@Z,straight_line
0x006049C0,?set_def_button_font@BasePop@@QAAHPAUFont@@PAUFont@@PAUFont@@@Z,straight_line
0x006049F0,?set_def_button_color@BasePop@@QAAXHHHH@Z,straight_line
0x00604A20,?set_def_button_color2@BasePop@@QAAXHHHH@Z,straight_line
0x00604A50,?set_def_button_color3@BasePop@@QAAXHHHH@Z,straight_line
0x00604A90,?fallout@BasePop@@QAAXXZ,straight_line
0x00605180,?UNK3@BasePop@@QAEXH@Z,straight_line
0x006051A0,?UNK4@BasePop@@QAEXH@Z,straight_line
0x00605370,?close@Scroll@@QAEXXZ,loop
0x00605840,?init@Scroll@@QAEHPAURECT@@PAUWin@@HH@Z,straight_line
0x00605890,?init_vert@Scroll@@QAEHHHHPAUWin@@H@Z,straight_line
0x006058D0,?init_horz@Scroll@@QAEHHHHPAUWin@@H@Z,straight_line
0x00605910,?init_vert_nc@Scroll@@QAEHHHHPAUWin@@H@Z,straight_line
0x00605960,?init_horz_nc@Scroll@@QAEHHHHPAUWin@@H@Z,straight_line
0x006059B0,?set_range@Scroll@@QAEXHH@Z,straight_line
0x00605A10,?set_button_color@Scroll@@QAEXH@Z,straight_line
0x00605A50,?set_bevel_thickness@Scroll@@QAEXH@Z,straight_line
0x00605A90,?set_bevel_upper@Scroll@@QAEXH@Z,straight_line
0x00605AD0,?set_bevel_lower@Scroll@@QAEXH@Z,straight_line
0x00605B10,?set_border_color@Scroll@@QAEXH@Z,straight_line
0x00605B80,?set_bar_thickness@Scroll@@QAEXH@Z,straight_line
0x00605BE0,?set_sprite_left@Scroll@@QAEXPAUSprite@@PAUSprite@@PAUSprite@@@Z,straight_line
0x00605C30,?set_sprite_right@Scroll@@QAEXPAUSprite@@PAUSprite@@PAUSprite@@@Z,straight_line
0x00605C80,?UNK1@Scroll@@QAEXPAUSprite@@PAUSprite@@PAUSprite@@@Z,straight_line
0x00605CD0,?UNK2@Scroll@@QAEXPAUSprite@@PAUSprite@@PAUSprite@@@Z,straight_line
0x00605D20,?set_pos@Scroll@@QAEXH@Z,straight_line
0x00606310,?on_left_click@Scroll@@QAEHHH@Z,straight_line
0x00606C50,?compute_thumb_rect@Scroll@@QAEXPAURECT@@@Z,loop
0x00606EA0,?set_thumb_rect@Scroll@@QAEXXZ,straight_line
0x00606F00,sub_606f00,straight_line
0x00606F30,??0BaseButton@@QAE@XZ,loop
0x00607040,??1BaseButton@@QAE@XZ,loop
0x006070C0,?close@BaseButton@@QAEXXZ,straight_line
0x00607210,?init@BaseButton@@QAEHPADHHHHHPAUWin@@H@Z,straight_line
0x00607360,?set_text_color@BaseButton@@QAEXHHHH@Z,straight_line
0x006073A0,?set_text_color2@BaseButton@@QAEXHHHH@Z,straight_line
0x006073E0,?set_text_color3@BaseButton@@QAEXHHHH@Z,straight_line
0x00607420,?set_def_text_color@BaseButton@@QAAXHHHH@Z,straight_line
0x00607450,?set_def_text_color2@BaseButton@@QAAXHHHH@Z,straight_line
0x00607480,?set_def_text_color3@BaseButton@@QAAXHHHH@Z,straight_line
0x006074B0,?set_def_font@BaseButton@@QAAHPAUFont@@PAUFont@@PAUFont@@@Z,straight_line
0x006074E0,?set_name@BaseButton@@QAEHPAD@Z,straight_line
0x00607550,?set_bubble_text@BaseButton@@QAEHPAD@Z,straight_line
0x006077F0,?on_key_click@BaseButton@@QAEXHH@Z,straight_line
0x00607800,?on_key_down@BaseButton@@QAEXH@Z,straight_line
0x00607810,?on_key_up@BaseButton@@QAEXH@Z,straight_line
0x00607B00,?on_dialog_focus@BaseButton@@QAEXH@Z,straight_line
0x00607C80,?set@BaseButton@@QAEXH@Z,straight_line
0x00607CC0,??_GBaseButton@@UAEPAXI@Z,straight_line
0x00607CE0,??3BaseButton@@SAXPAXI@Z,loop
0x00607DA0,?close@FlatButton@@QAEXXZ,loop
0x00608C00,??1Text@@QAE@XZ,loop
0x00608E10,??1Dialog@@QAE@XZ,loop
0x006099D0,?set_selected_id@Dialog@@QAEXH@Z,loop
0x00609A50,?get_selected_id@Dialog@@QAEHXZ,loop
0x00609AF0,?id_to_pos@Dialog@@QAEHH@Z,loop
0x00609B50,?pos_to_id@Dialog@@QAEHH@Z,loop
0x00609C60,?set_dialog_font@Dialog@@QAEHPAUFont@@PAUFont@@PAUFont@@@Z,straight_line
0x00609C90,?set_dialog_text_color@Dialog@@QAEXHHHH@Z,straight_line
0x00609CC0,?set_dialog_text_color2@Dialog@@QAEXHHHH@Z,straight_line
0x00609CF0,?set_dialog_text_color3@Dialog@@QAEXHHHH@Z,straight_line
0x00609D20,?set_def_dialog_font@Dialog@@QAAHPAUFont@@PAUFont@@PAUFont@@@Z,straight_line
0x00609D90,??_GDialog@@UAEPAXI@Z,straight_line
0x00609EC0,??1ListBox@@QAE@XZ,straight_line
0x00609F20,?close@ListBox@@QAEXXZ,straight_line
0x0060C7C0,?on_dialog_focus@ListBox@@QAEXH@Z,straight_line
0x0060CF50,?on_redraw@thunk1_ListBox@@QAEXXZ,loop
0x0060CF60,?on_mousewheel@thunk1_ListBox@@QAEXH@Z,loop
0x0060CF70,?on_mouse_move@thunk1_ListBox@@QAEXHH@Z,loop
0x0060CF80,?on_mouse_leave@thunk1_ListBox@@QAEXHH@Z,loop
0x0060CF90,?on_left_down@thunk1_ListBox@@QAEXHH@Z,loop
0x0060CFA0,?on_right_down@thunk1_ListBox@@QAEXHH@Z,loop
0x0060CFB0,?on_key_down@thunk1_ListBox@@QAEXH@Z,loop
0x0060CFC0,?on_left_double_click@thunk1_ListBox@@QAEXHH@Z,loop
0x0060CFD0,?on_right_double_click@thunk1_ListBox@@QAEXHH@Z,loop
0x0060CFE0,?on_scrolled@thunk1_ListBox@@QAEXHH@Z,loop
0x0060CFF0,?on_scrolling@thunk1_ListBox@@QAEXHH@Z,loop
0x0060D000,?on_dialog_focus@thunk1_ListBox@@QAEXH@Z,loop
0x0060D040,?attach@thunk1_ListBox@@QAEHPAUGraphicWin@@HHH@Z,loop
0x0060D050,?on_redraw@thunk3_ListBox@@QAEXXZ,loop
0x0060D060,??__Eg_RADIOBUTTON_SPRITE_1@@YAXXZ,seam_forwarding
0x0060D080,??__Fg_RADIOBUTTON_SPRITE_1@@YAXXZ,loop
0x0060D0A0,??__Eg_RADIOBUTTON_SPRITE_2@@YAXXZ,seam_forwarding
0x0060D0C0,??__Fg_RADIOBUTTON_SPRITE_2@@YAXXZ,loop
0x0060D1B0,?close@RadioButton@@QAEXXZ,straight_line
0x0060E5D0,?close_class@RadioButton@@QAAXXZ,loop
0x0060E5F0,??__Eg_CHECKBOX_SPRITE_1@@YAXXZ,seam_forwarding
0x0060E610,??__Fg_CHECKBOX_SPRITE_1@@YAXXZ,loop
0x0060E630,??__Eg_CHECKBOX_SPRITE_2@@YAXXZ,seam_forwarding
0x0060E650,??__Fg_CHECKBOX_SPRITE_2@@YAXXZ,loop
0x0060E7C0,?close@CheckBox@@QAEXXZ,straight_line
0x0060EB50,?UNK1@CheckBox@@QAEXH@Z,straight_line
0x0060EC80,?set_state_pos@CheckBox@@QAEXHH@Z,straight_line
0x0060ECC0,?UNK2@CheckBox@@QAEHH@Z,straight_line
0x0060FD60,?close_class@CheckBox@@QAAXXZ,loop
0x0060FE40,?on_redraw@thunk1_CheckBox@@QAEXXZ,loop
0x0060FE50,?on_mouse_move@thunk1_CheckBox@@QAEXHH@Z,loop
0x0060FE60,?on_mouse_leave@thunk1_CheckBox@@QAEXHH@Z,loop
0x0060FE70,?on_left_down@thunk1_CheckBox@@QAEXHH@Z,loop
0x0060FE80,?on_key_down@thunk1_CheckBox@@QAEHH@Z,loop
0x0060FE90,?on_left_double_click@thunk1_CheckBox@@QAEXHH@Z,loop
0x0060FEA0,?on_dialog_focus@thunk1_CheckBox@@QAEXH@Z,loop
0x0060FEE0,?attach@thunk1_CheckBox@@QAEHPAUGraphicWin@@HHH@Z,loop
0x0060FEF0,?on_redraw@thunk3_CheckBox@@QAEXXZ,loop
0x00611040,?on_mouse_move@SpriteBox@@QAEXHH@Z,straight_line
0x00611050,?on_mouse_leave@SpriteBox@@QAEXHH@Z,straight_line
0x00611600,?id_to_pos@SpriteBox@@QAEXH@Z,loop
0x00611820,?on_redraw@thunk1_SpriteBox@@QAEXXZ,loop
0x00611830,?on_mouse_move@thunk1_SpriteBox@@QAEXHH@Z,loop
0x00611840,?on_mouse_leave@thunk1_SpriteBox@@QAEXHH@Z,loop
0x00611850,?on_left_click@thunk1_SpriteBox@@QAEXHH@Z,loop
0x00611860,?on_left_down@thunk1_SpriteBox@@QAEXHH@Z,loop
0x00611870,?on_left_up@thunk1_SpriteBox@@QAEXHH@Z,loop
0x00611880,?on_right_click@thunk1_SpriteBox@@QAEXHH@Z,loop
0x00611890,?on_right_down@thunk1_SpriteBox@@QAEXHH@Z,loop
0x006118A0,?on_right_up@thunk1_SpriteBox@@QAEXHH@Z,loop
0x006118B0,?on_key_down@thunk1_SpriteBox@@QAEHH@Z,loop
0x006118C0,?on_left_double_click@thunk1_SpriteBox@@QAEXHH@Z,loop
0x006118D0,?on_right_double_click@thunk1_SpriteBox@@QAEXHH@Z,loop
0x006118E0,?on_dialog_focus@thunk1_SpriteBox@@QAEXH@Z,loop
0x00611920,?attach@thunk1_SpriteBox@@QAEHPAUGraphicWin@@HHH@Z,loop
0x00611930,?on_redraw@thunk3_SpriteBox@@QAEXXZ,loop
0x00612040,?set_text@EditGroup@@QAEXPADH@Z,straight_line
0x00612060,?get_text@EditGroup@@QAEPADH@Z,straight_line
0x006120B0,?set_text_limits@EditGroup@@QAEXH@Z,straight_line
0x00612700,sub_612700,straight_line
0x006127B0,?on_redraw@thunk1_EditGroup@@QAEXXZ,loop
0x006127C0,?on_dialog_focus@thunk1_EditGroup@@QAEXH@Z,loop
0x006127D0,?pass_dialog_focus@thunk1_EditGroup@@QAEXXZ,loop
0x00612810,?attach@thunk1_EditGroup@@QAEHPAUGraphicWin@@HHH@Z,loop
0x00612820,?on_redraw@thunk3_EditGroup@@QAEXXZ,loop
0x00612960,?close@Dialogs@@QAEXXZ,straight_line
0x00612A70,?item@Dialogs@@QAEHPADH@Z,straight_line
0x00612ED0,?on_right_down@Dialogs@@QAEXHH@Z,straight_line
0x00612EF0,?on_right_double_click@Dialogs@@QAEXHH@Z,straight_line
0x00612F10,?on_left_up@Dialogs@@QAEXHH@Z,straight_line
0x00612F40,?on_right_up@Dialogs@@QAEXHH@Z,straight_line
0x00612F60,?on_right_click@Dialogs@@QAEXHH@Z,straight_line
0x00612F80,?on_scrolled@Dialogs@@QAEXHH@Z,straight_line
0x00612FA0,?on_scrolling@Dialogs@@QAEXHH@Z,straight_line
0x00612FC0,?on_mousewheel@Dialogs@@QAEXH@Z,straight_line
0x00613740,?get_num_items@Dialogs@@QAEHXZ,straight_line
0x00613790,??__Eg_FILEWIN_SPRITE_1@@YAXXZ,seam_forwarding
0x006137B0,??__Fg_FILEWIN_SPRITE_1@@YAXXZ,loop
0x006137D0,??__Eg_FILEWIN_SPRITE_2@@YAXXZ,seam_forwarding
0x006137F0,??__Fg_FILEWIN_SPRITE_2@@YAXXZ,loop
0x00613810,??__Eg_FILEWIN_SPRITE_3@@YAXXZ,seam_forwarding
0x00613830,??__Fg_FILEWIN_SPRITE_3@@YAXXZ,loop
0x00614320,?UNK1@FileWin@@QAEXXZ,straight_line
0x00614350,?UNK2@FileWin@@QAEXH@Z,straight_line
0x00614B80,?UNK6@FileWin@@QAEXXZ,straight_line
0x006161A0,?UNK2@EditBox@@QAEXXZ,straight_line
0x006161D0,??0Time@@QAE@XZ,straight_line
0x00616200,??1Time@@QAE@XZ,straight_line
0x00616260,?init@Time@@QAEXP6AXH@ZHHH@Z,straight_line
0x006162D0,?init@Time@@QAEXP6AXHH@ZHHHH@Z,straight_line
0x00616350,?start@Time@@QAEXP6AXH@ZHHH@Z,straight_line
0x00616410,?start@Time@@QAEXP6AXHH@ZHHHH@Z,straight_line
0x006164D0,?pulse@Time@@QAEXP6AXH@ZHHH@Z,straight_line
0x00616590,?pulse@Time@@QAEXP6AXHH@ZHHHH@Z,straight_line
0x00616650,?start@Time@@QAEXXZ,straight_line
0x006166C0,?pulse@Time@@QAEXXZ,straight_line
0x00616730,?stop@Time@@QAEXXZ,loop
0x00616780,?close@Time@@QAEXXZ,straight_line
0x006167E0,?TimerProc@Time@@QAEXPAXIIK@Z,straight_line
0x00616820,?MultimediaProc@Time@@QAEXIIKKK@Z,straight_line
0x00616860,?set_modal@Time@@QAAXXZ,straight_line
0x00616870,?release_modal@Time@@QAAXXZ,straight_line
0x00616880,?init_class@Time@@QAAHXZ,straight_line
0x00616890,?close_class@Time@@QAAXXZ,straight_line
0x006168A0,??__EStringTable@@YAXXZ,seam_forwarding
0x006168C0,??__FStringTable@@YAXXZ,seam_forwarding
0x006168D0,??0Strings@@QAE@XZ,straight_line
0x006168F0,?init@Strings@@QAEHH@Z,straight_line
0x00616950,?shutdown@Strings@@QAEHXZ,straight_line
0x00616970,?put@Strings@@QAEHPAD@Z,straight_line
0x006169A0,?get@Strings@@QAEHH@Z,straight_line
0x006169C0,??1Strings@@QAE@XZ,loop
0x006169D0,?labels_shutdown@@YAXXZ,straight_line
0x00616A00,?labels_init@@YAHXZ,loop
0x00616AA0,??__Eg_CAVIAR_BUFFER_1@@YAXXZ,seam_forwarding
0x00616AC0,??__Fg_CAVIAR_BUFFER_1@@YAXXZ,loop
0x00616AE0,??__Eg_CAVIAR_BUFFER_2@@YAXXZ,seam_forwarding
0x00616B00,??__Fg_CAVIAR_BUFFER_2@@YAXXZ,loop
0x00616B20,sub_616b20,straight_line
0x00616B30,sub_616b30,straight_line
0x00616BC0,??0CaviarData@@QAE@XZ,straight_line
0x00616C60,?close@CaviarData@@QAEXXZ,straight_line
0x00616D80,sub_616d80,straight_line
0x00616D90,nullsub_195,straight_line
0x00616DA0,??0Caviar@@QAE@XZ,loop
0x006176C0,?UNK3@Caviar@@QAEHHHH@Z,straight_line
0x006176D0,?UNK4@Caviar@@QAEHHHHH@Z,straight_line
0x00618250,?UNK5@Caviar@@QAEXHH@Z,straight_line
0x00618260,?UNK6@Caviar@@QAEXHH@Z,straight_line
0x00618270,?UNK7@Caviar@@QAEXHH@Z,straight_line
0x00618280,?UNK8@Caviar@@QAEXH@Z,straight_line
0x00618290,?UNK9@Caviar@@QAEXHHH@Z,straight_line
0x006182A0,?set_camera_direct@Caviar@@QAEXPAUVOX_Vect@@PAUVOX_Matrix@@@Z,straight_line
0x00618320,?UNK10@Caviar@@QAEXHHH@Z,straight_line
0x00618340,?UNK11@Caviar@@QAEXHHH@Z,straight_line
0x00618370,?set_scene_rotation@Caviar@@QAEXMMM@Z,straight_line
0x006183A0,?UNK12@Caviar@@QAEXHHH@Z,straight_line
0x006183B0,?set_scaling@Caviar@@QAEXM@Z,straight_line
0x006183C0,?get_scaling@Caviar@@QAEMXZ,x87
0x00618EA0,??0Font@@QAE@XZ,straight_line
0x00618EC0,??0Font@@QAE@PADHH@Z,straight_line
0x00618EE0,??1Font@@QAE@XZ,straight_line
0x00618F30,?UNK1@Font@@QAEHHHHH@Z,straight_line
0x00618F40,?init@Font@@QAEHPADHH@Z,straight_line
0x006190D0,?init@Font@@QAEHPADPADHH@Z,straight_line
0x00619230,?close@Font@@QAEXXZ,straight_line
0x00619280,?width@Font@@QAEHPAD@Z,straight_line
0x006192F0,?width@Font@@QAEHPADH@Z,straight_line
0x00619370,?find_line_break_l@Font@@QAEHPADPAHH@Z,loop
0x006195B0,?init_font_class@Font@@QAAHPAUFont@@@Z,straight_line
0x00619610,?close_font_class@Font@@QAAXXZ,straight_line
0x00619650,??0Texture@@QAE@XZ,straight_line
0x00619660,??1Texture@@QAE@XZ,straight_line
0x00619690,?close@Texture@@QAEXXZ,straight_line
0x0061F785,nullsub_259,straight_line
0x006252A0,??0TextureStore@@QAE@XZ,straight_line
0x006252B0,??1TextureStore@@QAE@XZ,straight_line
0x006252C0,sub_6252c0,straight_line
0x006252E0,??0ImageButton@@QAE@XZ,straight_line
0x00625330,?close@ImageButton@@QAEXXZ,loop
0x00625340,?init@ImageButton@@QAEHHPADHHHHHPAUWin@@H@Z,straight_line
0x006256D0,??_GImageButton@@UAEPAXI@Z,straight_line
0x006256F0,??3ImageButton@@SAXPAXI@Z,loop
0x00625700,??__ERand@@YAXXZ,straight_line
0x00625720,??__FRand@@YAXXZ,straight_line
0x00625730,??0Random@@QAE@XZ,straight_line
0x00625740,??1Random@@QAE@XZ,straight_line
0x00625750,?reseed@Random@@QAEXK@Z,straight_line
0x00625770,?get@Random@@QAEIHH@Z,straight_line
0x006257B0,?get@Random@@QAENXZ,x87
0x006257E0,?random_reseed@@YAXK@Z,straight_line
0x00625800,?random_get@@YAIXZ,straight_line
0x00625810,?random@@YAIHH@Z,straight_line
0x00625850,?random@@YANXZ,x87
0x00625E30,?parse_num@@YAHHH@Z,straight_line
0x00625E50,?parse_say@@YAHHHHH@Z,straight_line
0x00625EC0,?parse_says@@YAHHPADHH@Z,straight_line
0x00625F20,??__ELogging@@YAXXZ,straight_line
0x00625F90,??__FLogging@@YAXXZ,straight_line
0x00625FB0,??0Log@@QAE@XZ,straight_line
0x00625FC0,??0Log@@QAE@PAD@Z,straight_line
0x00626020,??1Log@@QAE@XZ,straight_line
0x00626040,?init@Log@@QAEHPAD@Z,straight_line
0x006260D0,?reset@Log@@QAEXXZ,straight_line
0x006260F0,?say@Log@@QAEXPADPADHHH@Z,straight_line
0x00626190,?say_hex@Log@@QAEXPADPADHHH@Z,straight_line
0x00626230,?log_reset@@YAXXZ,straight_line
0x00626250,?log_say@@YAXPADPADHHH@Z,straight_line
0x006262F0,?log_say@@YAXPADHHH@Z,straight_line
0x00626350,?log_say_hex@@YAXPADPADHHH@Z,straight_line
0x006263F0,?log_say_hex@@YAXPADHHH@Z,straight_line
0x00626450,?log_set_state@@YAXH@Z,straight_line
0x00627100,?set_language@@YAXH@Z,straight_line
0x00627130,?pop@@YAHPADP6AHXZ@Z,straight_line
0x00627160,?pop@@YAHPADPADP6AHXZ@Z,straight_line
0x006271D0,?pop@@YAHPADHHP6AHXZ@Z,straight_line
0x00627200,?pop@@YAHPADPADHHP6AHXZ@Z,straight_line
0x00627230,?pop@@YAHPADHP6AHXZ@Z,straight_line
0x00627260,?pop@@YAHPADPADHP6AHXZ@Z,straight_line
0x00627290,?pop@@YAHPADHPADHP6AHXZ@Z,straight_line
0x006272C0,?pop@@YAHPADPADHPADHP6AHXZ@Z,straight_line
0x00627310,?pops@@YAHPADPAUSprite@@P6AHXZ@Z,straight_line
0x00627340,?pops@@YAHPADPAUSprite@@HHP6AHXZ@Z,straight_line
0x00627370,?pops@@YAHPADPADPAUSprite@@P6AHXZ@Z,straight_line
0x006273A0,?pops@@YAHPADPADPAUSprite@@HHP6AHXZ@Z,straight_line
0x006273D0,?pops@@YAHPADHHPAUSprite@@P6AHXZ@Z,straight_line
0x00627400,?pops@@YAHPADHHPAUSprite@@HHP6AHXZ@Z,straight_line
0x006274D0,?pops@@YAHPADPADHHPAUSprite@@P6AHXZ@Z,straight_line
0x00627500,?pops@@YAHPADPADHHPAUSprite@@HHP6AHXZ@Z,straight_line
0x00627540,?pops@@YAHPADHPAUSprite@@P6AHXZ@Z,straight_line
0x00627570,?pops@@YAHPADHPAUSprite@@HHP6AHXZ@Z,straight_line
0x006275A0,?pops@@YAHPADPADHPAUSprite@@P6AHXZ@Z,straight_line
0x006275D0,?pops@@YAHPADPADHPAUSprite@@HHP6AHXZ@Z,straight_line
0x00627600,?pops@@YAHPADHPADHPAUSprite@@P6AHXZ@Z,straight_line
0x00627630,?pops@@YAHPADHPADHPAUSprite@@HHP6AHXZ@Z,straight_line
0x00627670,?pops@@YAHPADPADHPADHPAUSprite@@P6AHXZ@Z,straight_line
0x00628150,sub_628150,x87
0x00628180,sub_628180,x87
0x006281B0,sub_6281b0,x87
0x006281E0,sub_6281e0,x87
0x00628380,??0Filemap@@QAE@XZ,straight_line
0x006283A0,?init@Filemap@@QAEHPADH@Z,straight_line
0x006283C0,?init@Filemap@@QAEHPAD@Z,straight_line
0x006283E0,??1Filemap@@QAE@XZ,straight_line
0x00628430,?open_read@Filemap@@QAEHPADH@Z,straight_line
0x00628540,?open@Filemap@@QAEHPADH@Z,straight_line
0x00628650,?create@Filemap@@QAEHPADKH@Z,straight_line
0x006287C0,?close@Filemap@@QAEXXZ,straight_line
0x00628810,?close@Filemap@@QAEXPAE@Z,straight_line
0x006288D0,?btoi@@YAHPAD@Z,loop
0x006288F0,?htoi@@YAHPAD@Z,loop
0x00628950,?stoi@@YAHPAD@Z,loop
0x00628A50,?swap@@YAXPAHPAH@Z,straight_line
0x00628A80,?swap@@YAXPAEPAE@Z,straight_line
0x00628AB0,?bit_count_signed@@YAHH@Z,loop
0x00628AD0,?fixed_div@@YAHJJ@Z,straight_line
0x00628AF0,?memrchr@@YAHPBX0H@Z,loop
0x00628B30,?findnum@@YAHPAD@Z,loop
0x006290E0,?quick_root@@YAHH@Z,loop
0x00629710,?add@StringBox@@QAEXPADHH@Z,straight_line
0x0062A710,?UNK4@Flic@@QAEXXZ,straight_line
0x0062AAF0,?UNK5@Flic@@QAEXXZ,straight_line
0x0062AB00,?UNK6@Flic@@QAEXXZ,straight_line
0x0062ACC0,?UNK7@Flic@@QAEXXZ,straight_line
0x0062B5F0,?UNK8@Flic@@QAEXXZ,straight_line
0x0062B7C0,??0ButtonGroup@@QAE@XZ,straight_line
0x0062B7F0,?close@ButtonGroup@@QAEXXZ,straight_line
0x0062B810,?init@ButtonGroup@@QAEXHH@Z,straight_line
0x0062B850,?add@ButtonGroup@@QAEXPAUBaseButton@@@Z,straight_line
0x0062B870,?set@ButtonGroup@@QAEHHH@Z,straight_line
0x0062BA80,??0AutoSound@@QAE@XZ,straight_line
0x0062BBF0,?close@AutoSound@@QAEXXZ,straight_line
0x0062BD40,?init@AutoSound@@QAEXXZ,straight_line
0x0062BDD0,?close2@AutoSound@@QAEXXZ,straight_line
0x0062C830,??_GPushButton@@UAEPAXI@Z,straight_line
0x0062C850,??3PushButton@@SAXPAXI@Z,loop
0x0062D140,sub_62d140,straight_line
0x0062D150,nullsub_253,straight_line
0x0062D390,sub_62d390,straight_line
0x0062D570,?jackal_version_check@@YAHPAD@Z,straight_line
0x0062ED30,?poll_players@Net@@QAEHPAUSessionStruct@@@Z,straight_line
0x0062EE80,nullsub_261,straight_line
0x0062EE90,nullsub_262,straight_line
0x00631A10,nullsub_256,straight_line
0x00631A20,?get_player_name@Net@@QAEPADK@Z,loop
0x00633160,sub_633160,straight_line
0x00633730,sub_633730,loop
0x00633740,sub_633740,loop
0x006339A0,?init_class@CheckButton@@QAAHXZ,straight_line
0x006339B0,?close_class@CheckButton@@QAAXXZ,straight_line
0x006343C0,??0Vector@@QAE@XZ,straight_line
0x006343D0,?close@Vector@@QAEXXZ,straight_line
0x00634430,?__mi@Vector@@QAEXAAVVector@@AAVVector@@@Z,x87
0x00634480,?__apl@Vector@@QAEXAAVVector@@@Z,x87
0x006344B0,?__ami@Vector@@QAEXAAVVector@@@Z,x87
0x006344E0,sub_6344e0,x87
0x00634650,sub_634650,x87
0x00634670,?scale@Vector@@QAEXAAVVector@@M@Z,x87
0x006346C0,sub_6346c0,straight_line
0x006346F0,sub_6346f0,straight_line
0x006347C0,sub_6347c0,x87
0x006348C0,sub_6348c0,x87
0x006348F0,sub_6348f0,x87
0x00634B70,sub_634b70,straight_line
0x00634BB0,?env_open@@YAHPADPAD@Z,straight_line
0x00634BE0,??0FileBox@@QAE@XZ,straight_line
0x00634C20,??1FileBox@@QAE@XZ,straight_line
0x00634F70,?UNK2@FileBox@@QAEXXZ,straight_line
0x00634FB0,??0TexHeap@@QAE@XZ,straight_line
0x006354D0,sub_6354d0,straight_line
0x006363F0,sub_6363f0,straight_line
0x00637190,Video_unk7,straight_line
0x00639380,nullsub_16,straight_line
0x0063B2D0,??0Cursor@@QAE@XZ,straight_line
0x0063B930,?close_cursor_class@Cursor@@QAAXXZ,straight_line
0x0063BB00,sub_63bb00,loop
0x0063BEB0,sub_63beb0,straight_line
0x0063BEE0,sub_63bee0,straight_line
0x0063C500,nullsub_175,straight_line
0x0063C9C0,nullsub_266,straight_line
0x0063CEF0,sub_63cef0,loop
0x0063D420,sub_63d420,straight_line
0x0063E520,sub_63e520,straight_line
0x0063E7F0,sub_63e7f0,straight_line
0x00642940,sub_642940,loop
